parameter_name,parameter_value,fold,subject,epoch,train_loss,val_loss,learning_rate,d_model,nhead,num_layers,dim_feedforward,dropout_rate,batch_size,epochs,weight_decay,validation_fraction,early_stopping_patience,lr_scheduler_patience,lr_scheduler_factor,use_class_weight,seed
early_stopping_patience,5,1,1,1,0.6923262829130347,0.6634857376416524,0.001,64,4,2,128,0.1,32,75,0.0,0.1,5,5,0.5,True,42
early_stopping_patience,5,1,1,2,0.664798277797121,0.6244974096616109,0.001,64,4,2,128,0.1,32,75,0.0,0.1,5,5,0.5,True,42
early_stopping_patience,5,1,1,3,0.6434177133170041,0.5933204074700673,0.001,64,4,2,128,0.1,32,75,0.0,0.1,5,5,0.5,True,42
early_stopping_patience,5,1,1,4,0.6310717332543749,0.577151374022166,0.001,64,4,2,128,0.1,32,75,0.0,0.1,5,5,0.5,True,42
early_stopping_patience,5,1,1,5,0.6192308445319985,0.6083745936552684,0.001,64,4,2,128,0.1,32,75,0.0,0.1,5,5,0.5,True,42
early_stopping_patience,5,1,1,6,0.6124356120373263,0.5676061491171519,0.001,64,4,2,128,0.1,32,75,0.0,0.1,5,5,0.5,True,42
early_stopping_patience,5,1,1,7,0.603725376905817,0.5976123134295146,0.001,64,4,2,128,0.1,32,75,0.0,0.1,5,5,0.5,True,42
early_stopping_patience,5,1,1,8,0.6015579045721979,0.5827952822049459,0.001,64,4,2,128,0.1,32,75,0.0,0.1,5,5,0.5,True,42
early_stopping_patience,5,1,1,9,0.5842201752644597,0.5810866395632426,0.001,64,4,2,128,0.1,32,75,0.0,0.1,5,5,0.5,True,42
early_stopping_patience,5,1,1,10,0.5755071732582469,0.5781879107157389,0.001,64,4,2,128,0.1,32,75,0.0,0.1,5,5,0.5,True,42
early_stopping_patience,5,1,1,11,0.5628966056939327,0.6273441175619762,0.001,64,4,2,128,0.1,32,75,0.0,0.1,5,5,0.5,True,42
early_stopping_patience,5,2,2,1,0.6905910178567424,0.6566559235254924,0.001,64,4,2,128,0.1,32,75,0.0,0.1,5,5,0.5,True,42
early_stopping_patience,5,2,2,2,0.6597066291353919,0.6113096038500468,0.001,64,4,2,128,0.1,32,75,0.0,0.1,5,5,0.5,True,42
early_stopping_patience,5,2,2,3,0.649825259817369,0.6184310098489125,0.001,64,4,2,128,0.1,32,75,0.0,0.1,5,5,0.5,True,42
early_stopping_patience,5,2,2,4,0.6424686791318835,0.5983800133069356,0.001,64,4,2,128,0.1,32,75,0.0,0.1,5,5,0.5,True,42
early_stopping_patience,5,2,2,5,0.6271781898809202,0.5923439800739289,0.001,64,4,2,128,0.1,32,75,0.0,0.1,5,5,0.5,True,42
early_stopping_patience,5,2,2,6,0.6306809092109854,0.600456589460373,0.001,64,4,2,128,0.1,32,75,0.0,0.1,5,5,0.5,True,42
early_stopping_patience,5,2,2,7,0.6190058672518441,0.5769741197427114,0.001,64,4,2,128,0.1,32,75,0.0,0.1,5,5,0.5,True,42
early_stopping_patience,5,2,2,8,0.6105895326896147,0.5690172612667084,0.001,64,4,2,128,0.1,32,75,0.0,0.1,5,5,0.5,True,42
early_stopping_patience,5,2,2,9,0.5996977510777387,0.5987803399562835,0.001,64,4,2,128,0.1,32,75,0.0,0.1,5,5,0.5,True,42
early_stopping_patience,5,2,2,10,0.5996015168952219,0.5862101078033447,0.001,64,4,2,128,0.1,32,75,0.0,0.1,5,5,0.5,True,42
early_stopping_patience,5,2,2,11,0.5783713773796053,0.6071899970372517,0.001,64,4,2,128,0.1,32,75,0.0,0.1,5,5,0.5,True,42
early_stopping_patience,5,2,2,12,0.5676509020003405,0.6325613558292389,0.001,64,4,2,128,0.1,32,75,0.0,0.1,5,5,0.5,True,42
early_stopping_patience,5,2,2,13,0.5651854362451669,0.6066416939099629,0.001,64,4,2,128,0.1,32,75,0.0,0.1,5,5,0.5,True,42
early_stopping_patience,5,3,3,1,0.6932607965938973,0.6592781782150269,0.001,64,4,2,128,0.1,32,75,0.0,0.1,5,5,0.5,True,42
early_stopping_patience,5,3,3,2,0.6618034081025557,0.6585540572802225,0.001,64,4,2,128,0.1,32,75,0.0,0.1,5,5,0.5,True,42
early_stopping_patience,5,3,3,3,0.6383533161697965,0.605525145928065,0.001,64,4,2,128,0.1,32,75,0.0,0.1,5,5,0.5,True,42
early_stopping_patience,5,3,3,4,0.6391841985962607,0.6207603772481283,0.001,64,4,2,128,0.1,32,75,0.0,0.1,5,5,0.5,True,42
early_stopping_patience,5,3,3,5,0.6187741808367498,0.6465778628985087,0.001,64,4,2,128,0.1,32,75,0.0,0.1,5,5,0.5,True,42
early_stopping_patience,5,3,3,6,0.6095293419379176,0.581439059972763,0.001,64,4,2,128,0.1,32,75,0.0,0.1,5,5,0.5,True,42
early_stopping_patience,5,3,3,7,0.602338433265686,0.5796217044194539,0.001,64,4,2,128,0.1,32,75,0.0,0.1,5,5,0.5,True,42
early_stopping_patience,5,3,3,8,0.5959057546023167,0.5795955240726471,0.001,64,4,2,128,0.1,32,75,0.0,0.1,5,5,0.5,True,42
early_stopping_patience,5,3,3,9,0.5852586929545258,0.5911373019218444,0.001,64,4,2,128,0.1,32,75,0.0,0.1,5,5,0.5,True,42
early_stopping_patience,5,3,3,10,0.5754820835409742,0.6030571202437083,0.001,64,4,2,128,0.1,32,75,0.0,0.1,5,5,0.5,True,42
early_stopping_patience,5,3,3,11,0.5570125981713786,0.6005812307198842,0.001,64,4,2,128,0.1,32,75,0.0,0.1,5,5,0.5,True,42
early_stopping_patience,5,3,3,12,0.5471329045566645,0.6145589590072632,0.001,64,4,2,128,0.1,32,75,0.0,0.1,5,5,0.5,True,42
early_stopping_patience,5,3,3,13,0.5299035893245176,0.6087388336658478,0.001,64,4,2,128,0.1,32,75,0.0,0.1,5,5,0.5,True,42
early_stopping_patience,5,4,4,1,0.6968276554887946,0.6604289809862772,0.001,64,4,2,128,0.1,32,75,0.0,0.1,5,5,0.5,True,42
early_stopping_patience,5,4,4,2,0.6708129414103248,0.6252668420473735,0.001,64,4,2,128,0.1,32,75,0.0,0.1,5,5,0.5,True,42
early_stopping_patience,5,4,4,3,0.6507434429544391,0.6035614987214406,0.001,64,4,2,128,0.1,32,75,0.0,0.1,5,5,0.5,True,42
early_stopping_patience,5,4,4,4,0.6247983543258725,0.6151201943556468,0.001,64,4,2,128,0.1,32,75,0.0,0.1,5,5,0.5,True,42
early_stopping_patience,5,4,4,5,0.6194659848556374,0.6430669109026591,0.001,64,4,2,128,0.1,32,75,0.0,0.1,5,5,0.5,True,42
early_stopping_patience,5,4,4,6,0.6167724283807205,0.6002140641212463,0.001,64,4,2,128,0.1,32,75,0.0,0.1,5,5,0.5,True,42
early_stopping_patience,5,4,4,7,0.5934832737301335,0.588675727446874,0.001,64,4,2,128,0.1,32,75,0.0,0.1,5,5,0.5,True,42
early_stopping_patience,5,4,4,8,0.5929402266487931,0.5813267548878988,0.001,64,4,2,128,0.1,32,75,0.0,0.1,5,5,0.5,True,42
early_stopping_patience,5,4,4,9,0.5714791846094709,0.6086319327354431,0.001,64,4,2,128,0.1,32,75,0.0,0.1,5,5,0.5,True,42
early_stopping_patience,5,4,4,10,0.5601259892185529,0.5877074102560679,0.001,64,4,2,128,0.1,32,75,0.0,0.1,5,5,0.5,True,42
early_stopping_patience,5,4,4,11,0.5484621238076326,0.6081945697466532,0.001,64,4,2,128,0.1,32,75,0.0,0.1,5,5,0.5,True,42
early_stopping_patience,5,4,4,12,0.5339391030596964,0.6150577902793884,0.001,64,4,2,128,0.1,32,75,0.0,0.1,5,5,0.5,True,42
early_stopping_patience,5,4,4,13,0.5112684122992285,0.635138048728307,0.001,64,4,2,128,0.1,32,75,0.0,0.1,5,5,0.5,True,42
early_stopping_patience,5,5,5,1,0.6982206160371954,0.6643694043159485,0.001,64,4,2,128,0.1,32,75,0.0,0.1,5,5,0.5,True,42
early_stopping_patience,5,5,5,2,0.6623012039697531,0.6204203108946482,0.001,64,4,2,128,0.1,32,75,0.0,0.1,5,5,0.5,True,42
early_stopping_patience,5,5,5,3,0.641552189985911,0.6481063902378082,0.001,64,4,2,128,0.1,32,75,0.0,0.1,5,5,0.5,True,42
early_stopping_patience,5,5,5,4,0.6316496048009757,0.6337539394696553,0.001,64,4,2,128,0.1,32,75,0.0,0.1,5,5,0.5,True,42
early_stopping_patience,5,5,5,5,0.6160791021856394,0.6278785010178883,0.001,64,4,2,128,0.1,32,75,0.0,0.1,5,5,0.5,True,42
early_stopping_patience,5,5,5,6,0.6121876562635103,0.6101700941721598,0.001,64,4,2,128,0.1,32,75,0.0,0.1,5,5,0.5,True,42
early_stopping_patience,5,5,5,7,0.6024599660075072,0.6452710886796316,0.001,64,4,2,128,0.1,32,75,0.0,0.1,5,5,0.5,True,42
early_stopping_patience,5,5,5,8,0.5938403778003923,0.6261376281579335,0.001,64,4,2,128,0.1,32,75,0.0,0.1,5,5,0.5,True,42
early_stopping_patience,5,5,5,9,0.5800001140345227,0.6254976113637288,0.001,64,4,2,128,0.1,32,75,0.0,0.1,5,5,0.5,True,42
early_stopping_patience,5,5,5,10,0.5695548601674311,0.6300305227438608,0.001,64,4,2,128,0.1,32,75,0.0,0.1,5,5,0.5,True,42
early_stopping_patience,5,5,5,11,0.5547652371001967,0.63356560866038,0.001,64,4,2,128,0.1,32,75,0.0,0.1,5,5,0.5,True,42
early_stopping_patience,5,6,6,1,0.6867039090756214,0.6419418931007386,0.001,64,4,2,128,0.1,32,75,0.0,0.1,5,5,0.5,True,42
early_stopping_patience,5,6,6,2,0.6588226303909764,0.6279195308685303,0.001,64,4,2,128,0.1,32,75,0.0,0.1,5,5,0.5,True,42
early_stopping_patience,5,6,6,3,0.6315746108690897,0.6137606342633565,0.001,64,4,2,128,0.1,32,75,0.0,0.1,5,5,0.5,True,42
early_stopping_patience,5,6,6,4,0.630179034715349,0.6139168639977773,0.001,64,4,2,128,0.1,32,75,0.0,0.1,5,5,0.5,True,42
early_stopping_patience,5,6,6,5,0.6108300586541494,0.5999708771705627,0.001,64,4,2,128,0.1,32,75,0.0,0.1,5,5,0.5,True,42
early_stopping_patience,5,6,6,6,0.5986718833446503,0.6541782319545746,0.001,64,4,2,128,0.1,32,75,0.0,0.1,5,5,0.5,True,42
early_stopping_patience,5,6,6,7,0.5949587045293866,0.6158460974693298,0.001,64,4,2,128,0.1,32,75,0.0,0.1,5,5,0.5,True,42
early_stopping_patience,5,6,6,8,0.5943085598674688,0.5965784053007762,0.001,64,4,2,128,0.1,32,75,0.0,0.1,5,5,0.5,True,42
early_stopping_patience,5,6,6,9,0.5714655419190725,0.6091610411802928,0.001,64,4,2,128,0.1,32,75,0.0,0.1,5,5,0.5,True,42
early_stopping_patience,5,6,6,10,0.5646227406281413,0.6081295728683471,0.001,64,4,2,128,0.1,32,75,0.0,0.1,5,5,0.5,True,42
early_stopping_patience,5,6,6,11,0.5415063116586569,0.6512808243433634,0.001,64,4,2,128,0.1,32,75,0.0,0.1,5,5,0.5,True,42
early_stopping_patience,5,6,6,12,0.5364133306976521,0.6491499423980713,0.001,64,4,2,128,0.1,32,75,0.0,0.1,5,5,0.5,True,42
early_stopping_patience,5,6,6,13,0.5154352440978541,0.6355462590853374,0.001,64,4,2,128,0.1,32,75,0.0,0.1,5,5,0.5,True,42
early_stopping_patience,5,7,7,1,0.70328632719589,0.6905972043673198,0.001,64,4,2,128,0.1,32,75,0.0,0.1,5,5,0.5,True,42
early_stopping_patience,5,7,7,2,0.6822679796905229,0.6415133357048035,0.001,64,4,2,128,0.1,32,75,0.0,0.1,5,5,0.5,True,42
early_stopping_patience,5,7,7,3,0.6608442041006956,0.6315216024716696,0.001,64,4,2,128,0.1,32,75,0.0,0.1,5,5,0.5,True,42
early_stopping_patience,5,7,7,4,0.6488126015121286,0.6219082593917846,0.001,64,4,2,128,0.1,32,75,0.0,0.1,5,5,0.5,True,42
early_stopping_patience,5,7,7,5,0.6286214244636622,0.5945529083410899,0.001,64,4,2,128,0.1,32,75,0.0,0.1,5,5,0.5,True,42
early_stopping_patience,5,7,7,6,0.6254347623749212,0.5855562667051951,0.001,64,4,2,128,0.1,32,75,0.0,0.1,5,5,0.5,True,42
early_stopping_patience,5,7,7,7,0.6088829835255941,0.6080899238586426,0.001,64,4,2,128,0.1,32,75,0.0,0.1,5,5,0.5,True,42
early_stopping_patience,5,7,7,8,0.6004635337175745,0.5657935996850332,0.001,64,4,2,128,0.1,32,75,0.0,0.1,5,5,0.5,True,42
early_stopping_patience,5,7,7,9,0.5823799769083658,0.5739359895388285,0.001,64,4,2,128,0.1,32,75,0.0,0.1,5,5,0.5,True,42
early_stopping_patience,5,7,7,10,0.5694043130585642,0.615418533484141,0.001,64,4,2,128,0.1,32,75,0.0,0.1,5,5,0.5,True,42
early_stopping_patience,5,7,7,11,0.5726773867552931,0.5868122319380442,0.001,64,4,2,128,0.1,32,75,0.0,0.1,5,5,0.5,True,42
early_stopping_patience,5,7,7,12,0.5513766823392926,0.6069430033365886,0.001,64,4,2,128,0.1,32,75,0.0,0.1,5,5,0.5,True,42
early_stopping_patience,5,7,7,13,0.5332937755367972,0.6230090578397115,0.001,64,4,2,128,0.1,32,75,0.0,0.1,5,5,0.5,True,42
early_stopping_patience,5,8,8,1,0.6905125311829827,0.6665838122367859,0.001,64,4,2,128,0.1,32,75,0.0,0.1,5,5,0.5,True,42
early_stopping_patience,5,8,8,2,0.6497197214401129,0.6295253892739614,0.001,64,4,2,128,0.1,32,75,0.0,0.1,5,5,0.5,True,42
early_stopping_patience,5,8,8,3,0.6307651933395502,0.6152940372625987,0.001,64,4,2,128,0.1,32,75,0.0,0.1,5,5,0.5,True,42
early_stopping_patience,5,8,8,4,0.6235670180934848,0.6085126996040344,0.001,64,4,2,128,0.1,32,75,0.0,0.1,5,5,0.5,True,42
early_stopping_patience,5,8,8,5,0.6129190878886165,0.602558571100235,0.001,64,4,2,128,0.1,32,75,0.0,0.1,5,5,0.5,True,42
early_stopping_patience,5,8,8,6,0.6106768370126233,0.6016755799452463,0.001,64,4,2,128,0.1,32,75,0.0,0.1,5,5,0.5,True,42
early_stopping_patience,5,8,8,7,0.599396441470493,0.6046252350012461,0.001,64,4,2,128,0.1,32,75,0.0,0.1,5,5,0.5,True,42
early_stopping_patience,5,8,8,8,0.5945951209375353,0.6112678408622741,0.001,64,4,2,128,0.1,32,75,0.0,0.1,5,5,0.5,True,42
early_stopping_patience,5,8,8,9,0.582775138770089,0.6158392588297527,0.001,64,4,2,128,0.1,32,75,0.0,0.1,5,5,0.5,True,42
early_stopping_patience,5,8,8,10,0.573178869305235,0.6506434460481008,0.001,64,4,2,128,0.1,32,75,0.0,0.1,5,5,0.5,True,42
early_stopping_patience,5,8,8,11,0.5666997541080822,0.5977242012818654,0.001,64,4,2,128,0.1,32,75,0.0,0.1,5,5,0.5,True,42
early_stopping_patience,5,8,8,12,0.5488537924759316,0.6341899613539378,0.001,64,4,2,128,0.1,32,75,0.0,0.1,5,5,0.5,True,42
early_stopping_patience,5,8,8,13,0.5368210510774092,0.6186599552631378,0.001,64,4,2,128,0.1,32,75,0.0,0.1,5,5,0.5,True,42
early_stopping_patience,5,8,8,14,0.523145280778408,0.6396333495775859,0.001,64,4,2,128,0.1,32,75,0.0,0.1,5,5,0.5,True,42
early_stopping_patience,5,8,8,15,0.509588432582942,0.6678848683834075,0.001,64,4,2,128,0.1,32,75,0.0,0.1,5,5,0.5,True,42
early_stopping_patience,5,8,8,16,0.4895506266391639,0.6894800961017609,0.001,64,4,2,128,0.1,32,75,0.0,0.1,5,5,0.5,True,42
early_stopping_patience,5,9,9,1,0.6934502169941411,0.6817312320073445,0.001,64,4,2,128,0.1,32,75,0.0,0.1,5,5,0.5,True,42
early_stopping_patience,5,9,9,2,0.6674327439430988,0.6584006269772847,0.001,64,4,2,128,0.1,32,75,0.0,0.1,5,5,0.5,True,42
early_stopping_patience,5,9,9,3,0.651277135041627,0.6253518879413604,0.001,64,4,2,128,0.1,32,75,0.0,0.1,5,5,0.5,True,42
early_stopping_patience,5,9,9,4,0.6421798142519864,0.6656519969304403,0.001,64,4,2,128,0.1,32,75,0.0,0.1,5,5,0.5,True,42
early_stopping_patience,5,9,9,5,0.629959055194349,0.601678870121638,0.001,64,4,2,128,0.1,32,75,0.0,0.1,5,5,0.5,True,42
early_stopping_patience,5,9,9,6,0.6154871050155524,0.5902424494425456,0.001,64,4,2,128,0.1,32,75,0.0,0.1,5,5,0.5,True,42
early_stopping_patience,5,9,9,7,0.6146213617740255,0.6167854686578115,0.001,64,4,2,128,0.1,32,75,0.0,0.1,5,5,0.5,True,42
early_stopping_patience,5,9,9,8,0.6013454302693858,0.616936473051707,0.001,64,4,2,128,0.1,32,75,0.0,0.1,5,5,0.5,True,42
early_stopping_patience,5,9,9,9,0.5908771906838273,0.6193326731522878,0.001,64,4,2,128,0.1,32,75,0.0,0.1,5,5,0.5,True,42
early_stopping_patience,5,9,9,10,0.5696009354609431,0.6542792121569315,0.001,64,4,2,128,0.1,32,75,0.0,0.1,5,5,0.5,True,42
early_stopping_patience,5,9,9,11,0.5621292453372118,0.639767316977183,0.001,64,4,2,128,0.1,32,75,0.0,0.1,5,5,0.5,True,42
early_stopping_patience,5,10,10,1,0.6899567485758753,0.6525808056195577,0.001,64,4,2,128,0.1,32,75,0.0,0.1,5,5,0.5,True,42
early_stopping_patience,5,10,10,2,0.6655760994463256,0.6396085858345032,0.001,64,4,2,128,0.1,32,75,0.0,0.1,5,5,0.5,True,42
early_stopping_patience,5,10,10,3,0.6336207209211407,0.5998969992001851,0.001,64,4,2,128,0.1,32,75,0.0,0.1,5,5,0.5,True,42
early_stopping_patience,5,10,10,4,0.6298740718400839,0.6404655873775482,0.001,64,4,2,128,0.1,32,75,0.0,0.1,5,5,0.5,True,42
early_stopping_patience,5,10,10,5,0.6182076301087033,0.6056275626023611,0.001,64,4,2,128,0.1,32,75,0.0,0.1,5,5,0.5,True,42
early_stopping_patience,5,10,10,6,0.6181434709014315,0.5960772931575775,0.001,64,4,2,128,0.1,32,75,0.0,0.1,5,5,0.5,True,42
early_stopping_patience,5,10,10,7,0.603527460585941,0.607174668709437,0.001,64,4,2,128,0.1,32,75,0.0,0.1,5,5,0.5,True,42
early_stopping_patience,5,10,10,8,0.6025224497372453,0.6157958507537842,0.001,64,4,2,128,0.1,32,75,0.0,0.1,5,5,0.5,True,42
early_stopping_patience,5,10,10,9,0.5766134968761242,0.629544484615326,0.001,64,4,2,128,0.1,32,75,0.0,0.1,5,5,0.5,True,42
early_stopping_patience,5,10,10,10,0.5776828631307139,0.6122486233711243,0.001,64,4,2,128,0.1,32,75,0.0,0.1,5,5,0.5,True,42
early_stopping_patience,5,10,10,11,0.5565243756229227,0.6452180484930674,0.001,64,4,2,128,0.1,32,75,0.0,0.1,5,5,0.5,True,42
early_stopping_patience,5,11,11,1,0.6955375815882827,0.6486563762029012,0.001,64,4,2,128,0.1,32,75,0.0,0.1,5,5,0.5,True,42
early_stopping_patience,5,11,11,2,0.6664761313886354,0.6565200726191203,0.001,64,4,2,128,0.1,32,75,0.0,0.1,5,5,0.5,True,42
early_stopping_patience,5,11,11,3,0.6473381300315713,0.6505969921747844,0.001,64,4,2,128,0.1,32,75,0.0,0.1,5,5,0.5,True,42
early_stopping_patience,5,11,11,4,0.6334258850776788,0.6088817040125529,0.001,64,4,2,128,0.1,32,75,0.0,0.1,5,5,0.5,True,42
early_stopping_patience,5,11,11,5,0.6229712048714812,0.5892417867978413,0.001,64,4,2,128,0.1,32,75,0.0,0.1,5,5,0.5,True,42
early_stopping_patience,5,11,11,6,0.611039664934982,0.6047802209854126,0.001,64,4,2,128,0.1,32,75,0.0,0.1,5,5,0.5,True,42
early_stopping_patience,5,11,11,7,0.6084783341396939,0.5935543636480968,0.001,64,4,2,128,0.1,32,75,0.0,0.1,5,5,0.5,True,42
early_stopping_patience,5,11,11,8,0.5976381389932199,0.5790331184864044,0.001,64,4,2,128,0.1,32,75,0.0,0.1,5,5,0.5,True,42
early_stopping_patience,5,11,11,9,0.5868940150195902,0.6050840854644776,0.001,64,4,2,128,0.1,32,75,0.0,0.1,5,5,0.5,True,42
early_stopping_patience,5,11,11,10,0.5743414466128205,0.586121122042338,0.001,64,4,2,128,0.1,32,75,0.0,0.1,5,5,0.5,True,42
early_stopping_patience,5,11,11,11,0.5725747130133889,0.5924212217330933,0.001,64,4,2,128,0.1,32,75,0.0,0.1,5,5,0.5,True,42
early_stopping_patience,5,11,11,12,0.5624242334654836,0.5868325789769491,0.001,64,4,2,128,0.1,32,75,0.0,0.1,5,5,0.5,True,42
early_stopping_patience,5,11,11,13,0.5482406575571407,0.6762189994255702,0.001,64,4,2,128,0.1,32,75,0.0,0.1,5,5,0.5,True,42
early_stopping_patience,5,12,12,1,0.6896997884367452,0.6604310353597005,0.001,64,4,2,128,0.1,32,75,0.0,0.1,5,5,0.5,True,42
early_stopping_patience,5,12,12,2,0.6607586935614095,0.6360689342021942,0.001,64,4,2,128,0.1,32,75,0.0,0.1,5,5,0.5,True,42
early_stopping_patience,5,12,12,3,0.6431267324722174,0.6306674619515736,0.001,64,4,2,128,0.1,32,75,0.0,0.1,5,5,0.5,True,42
early_stopping_patience,5,12,12,4,0.6221298835042751,0.6225066244602203,0.001,64,4,2,128,0.1,32,75,0.0,0.1,5,5,0.5,True,42
early_stopping_patience,5,12,12,5,0.6250836375084791,0.6142627199490865,0.001,64,4,2,128,0.1,32,75,0.0,0.1,5,5,0.5,True,42
early_stopping_patience,5,12,12,6,0.6080566631122069,0.6182533780733744,0.001,64,4,2,128,0.1,32,75,0.0,0.1,5,5,0.5,True,42
early_stopping_patience,5,12,12,7,0.6026922475659486,0.6542601843674978,0.001,64,4,2,128,0.1,32,75,0.0,0.1,5,5,0.5,True,42
early_stopping_patience,5,12,12,8,0.5919534006353581,0.6158258477846782,0.001,64,4,2,128,0.1,32,75,0.0,0.1,5,5,0.5,True,42
early_stopping_patience,5,12,12,9,0.5788945054466074,0.6272376279036204,0.001,64,4,2,128,0.1,32,75,0.0,0.1,5,5,0.5,True,42
early_stopping_patience,5,12,12,10,0.5733072965434103,0.6650840461254119,0.001,64,4,2,128,0.1,32,75,0.0,0.1,5,5,0.5,True,42
early_stopping_patience,5,13,13,1,0.6873706850138578,0.634921928246816,0.001,64,4,2,128,0.1,32,75,0.0,0.1,5,5,0.5,True,42
early_stopping_patience,5,13,13,2,0.6642360226674513,0.6280596097310384,0.001,64,4,2,128,0.1,32,75,0.0,0.1,5,5,0.5,True,42
early_stopping_patience,5,13,13,3,0.645990587996714,0.6073841035366059,0.001,64,4,2,128,0.1,32,75,0.0,0.1,5,5,0.5,True,42
early_stopping_patience,5,13,13,4,0.6261220998836287,0.6241195201873779,0.001,64,4,2,128,0.1,32,75,0.0,0.1,5,5,0.5,True,42
early_stopping_patience,5,13,13,5,0.6275373570846788,0.621518321832021,0.001,64,4,2,128,0.1,32,75,0.0,0.1,5,5,0.5,True,42
early_stopping_patience,5,13,13,6,0.6096902482888915,0.6372153520584106,0.001,64,4,2,128,0.1,32,75,0.0,0.1,5,5,0.5,True,42
early_stopping_patience,5,13,13,7,0.6069128014373056,0.6025230447451274,0.001,64,4,2,128,0.1,32,75,0.0,0.1,5,5,0.5,True,42
early_stopping_patience,5,13,13,8,0.5970640746933041,0.6073306679725647,0.001,64,4,2,128,0.1,32,75,0.0,0.1,5,5,0.5,True,42
early_stopping_patience,5,13,13,9,0.5856642167676579,0.6100863178571065,0.001,64,4,2,128,0.1,32,75,0.0,0.1,5,5,0.5,True,42
early_stopping_patience,5,13,13,10,0.5695444546414145,0.6778004924456279,0.001,64,4,2,128,0.1,32,75,0.0,0.1,5,5,0.5,True,42
early_stopping_patience,5,13,13,11,0.551020905827031,0.6666115999221802,0.001,64,4,2,128,0.1,32,75,0.0,0.1,5,5,0.5,True,42
early_stopping_patience,5,13,13,12,0.5340790606357835,0.6855669677257538,0.001,64,4,2,128,0.1,32,75,0.0,0.1,5,5,0.5,True,42
early_stopping_patience,5,14,14,1,0.6821126472769361,0.666059426466624,0.001,64,4,2,128,0.1,32,75,0.0,0.1,5,5,0.5,True,42
early_stopping_patience,5,14,14,2,0.6666417735995669,0.6384419858455658,0.001,64,4,2,128,0.1,32,75,0.0,0.1,5,5,0.5,True,42
early_stopping_patience,5,14,14,3,0.637959315921321,0.6231666962305705,0.001,64,4,2,128,0.1,32,75,0.0,0.1,5,5,0.5,True,42
early_stopping_patience,5,14,14,4,0.626678992627245,0.6278102596600851,0.001,64,4,2,128,0.1,32,75,0.0,0.1,5,5,0.5,True,42
early_stopping_patience,5,14,14,5,0.6176442610043468,0.6124393264452617,0.001,64,4,2,128,0.1,32,75,0.0,0.1,5,5,0.5,True,42
early_stopping_patience,5,14,14,6,0.6051088454145374,0.6322615643342336,0.001,64,4,2,128,0.1,32,75,0.0,0.1,5,5,0.5,True,42
early_stopping_patience,5,14,14,7,0.5919187879472068,0.6458025574684143,0.001,64,4,2,128,0.1,32,75,0.0,0.1,5,5,0.5,True,42
early_stopping_patience,5,14,14,8,0.5910975088675817,0.6306136786937714,0.001,64,4,2,128,0.1,32,75,0.0,0.1,5,5,0.5,True,42
early_stopping_patience,5,14,14,9,0.5786847539923408,0.6363571604092916,0.001,64,4,2,128,0.1,32,75,0.0,0.1,5,5,0.5,True,42
early_stopping_patience,5,14,14,10,0.5586064177932162,0.6645070890585582,0.001,64,4,2,128,0.1,32,75,0.0,0.1,5,5,0.5,True,42
early_stopping_patience,5,15,15,1,0.6931117389238242,0.6621570984522501,0.001,64,4,2,128,0.1,32,75,0.0,0.1,5,5,0.5,True,42
early_stopping_patience,5,15,15,2,0.6679019011331327,0.6324046591917674,0.001,64,4,2,128,0.1,32,75,0.0,0.1,5,5,0.5,True,42
early_stopping_patience,5,15,15,3,0.6421519165689294,0.6019510090351105,0.001,64,4,2,128,0.1,32,75,0.0,0.1,5,5,0.5,True,42
early_stopping_patience,5,15,15,4,0.6359745814944758,0.5972151458263397,0.001,64,4,2,128,0.1,32,75,0.0,0.1,5,5,0.5,True,42
early_stopping_patience,5,15,15,5,0.6292271611816955,0.5747638920942942,0.001,64,4,2,128,0.1,32,75,0.0,0.1,5,5,0.5,True,42
early_stopping_patience,5,15,15,6,0.6148393330248919,0.5873054166634878,0.001,64,4,2,128,0.1,32,75,0.0,0.1,5,5,0.5,True,42
early_stopping_patience,5,15,15,7,0.6052249579718618,0.5709466834863027,0.001,64,4,2,128,0.1,32,75,0.0,0.1,5,5,0.5,True,42
early_stopping_patience,5,15,15,8,0.5955375320080555,0.5767554640769958,0.001,64,4,2,128,0.1,32,75,0.0,0.1,5,5,0.5,True,42
early_stopping_patience,5,15,15,9,0.5760125777486599,0.5753048121929168,0.001,64,4,2,128,0.1,32,75,0.0,0.1,5,5,0.5,True,42
early_stopping_patience,5,15,15,10,0.5648932048317158,0.6113187809785207,0.001,64,4,2,128,0.1,32,75,0.0,0.1,5,5,0.5,True,42
early_stopping_patience,5,15,15,11,0.560895559462634,0.6385756095250448,0.001,64,4,2,128,0.1,32,75,0.0,0.1,5,5,0.5,True,42
early_stopping_patience,5,15,15,12,0.5368265091921344,0.5959211985270182,0.001,64,4,2,128,0.1,32,75,0.0,0.1,5,5,0.5,True,42
early_stopping_patience,5,16,16,1,0.6860878684303977,0.6624738613764445,0.001,64,4,2,128,0.1,32,75,0.0,0.1,5,5,0.5,True,42
early_stopping_patience,5,16,16,2,0.6492770413557688,0.6520612259705861,0.001,64,4,2,128,0.1,32,75,0.0,0.1,5,5,0.5,True,42
early_stopping_patience,5,16,16,3,0.6459482948888432,0.6444912215073904,0.001,64,4,2,128,0.1,32,75,0.0,0.1,5,5,0.5,True,42
early_stopping_patience,5,16,16,4,0.6286701255223968,0.6386909743150075,0.001,64,4,2,128,0.1,32,75,0.0,0.1,5,5,0.5,True,42
early_stopping_patience,5,16,16,5,0.6235737586111734,0.6218900481859843,0.001,64,4,2,128,0.1,32,75,0.0,0.1,5,5,0.5,True,42
early_stopping_patience,5,16,16,6,0.6155174257177295,0.6099738697210948,0.001,64,4,2,128,0.1,32,75,0.0,0.1,5,5,0.5,True,42
early_stopping_patience,5,16,16,7,0.6077819906852462,0.6051825801531474,0.001,64,4,2,128,0.1,32,75,0.0,0.1,5,5,0.5,True,42
early_stopping_patience,5,16,16,8,0.5944907848130573,0.6160377303759257,0.001,64,4,2,128,0.1,32,75,0.0,0.1,5,5,0.5,True,42
early_stopping_patience,5,16,16,9,0.5883696993643587,0.6103235860665639,0.001,64,4,2,128,0.1,32,75,0.0,0.1,5,5,0.5,True,42
early_stopping_patience,5,16,16,10,0.5844969665913871,0.6127517501513163,0.001,64,4,2,128,0.1,32,75,0.0,0.1,5,5,0.5,True,42
early_stopping_patience,5,16,16,11,0.5678504231301221,0.6083935340245564,0.001,64,4,2,128,0.1,32,75,0.0,0.1,5,5,0.5,True,42
early_stopping_patience,5,16,16,12,0.5505295842885971,0.6392339070638021,0.001,64,4,2,128,0.1,32,75,0.0,0.1,5,5,0.5,True,42
early_stopping_patience,5,17,17,1,0.6921729463519473,0.6818119724591573,0.001,64,4,2,128,0.1,32,75,0.0,0.1,5,5,0.5,True,42
early_stopping_patience,5,17,17,2,0.6655120818000851,0.6542334437370301,0.001,64,4,2,128,0.1,32,75,0.0,0.1,5,5,0.5,True,42
early_stopping_patience,5,17,17,3,0.6476253537517606,0.6603465497493743,0.001,64,4,2,128,0.1,32,75,0.0,0.1,5,5,0.5,True,42
early_stopping_patience,5,17,17,4,0.6353151116407278,0.6252923389275868,0.001,64,4,2,128,0.1,32,75,0.0,0.1,5,5,0.5,True,42
early_stopping_patience,5,17,17,5,0.6236693667191447,0.6188980182011922,0.001,64,4,2,128,0.1,32,75,0.0,0.1,5,5,0.5,True,42
early_stopping_patience,5,17,17,6,0.6171110527533473,0.6483901997407278,0.001,64,4,2,128,0.1,32,75,0.0,0.1,5,5,0.5,True,42
early_stopping_patience,5,17,17,7,0.606432817876339,0.6183548470338186,0.001,64,4,2,128,0.1,32,75,0.0,0.1,5,5,0.5,True,42
early_stopping_patience,5,17,17,8,0.6036534108447306,0.6229559898376464,0.001,64,4,2,128,0.1,32,75,0.0,0.1,5,5,0.5,True,42
early_stopping_patience,5,17,17,9,0.5868927080071333,0.63200603723526,0.001,64,4,2,128,0.1,32,75,0.0,0.1,5,5,0.5,True,42
early_stopping_patience,5,17,17,10,0.5896277820522134,0.6695406019687653,0.001,64,4,2,128,0.1,32,75,0.0,0.1,5,5,0.5,True,42
early_stopping_patience,5,17,17,11,0.5742247086582761,0.6286802530288697,0.001,64,4,2,128,0.1,32,75,0.0,0.1,5,5,0.5,True,42
early_stopping_patience,5,17,17,12,0.5549274881680807,0.6464624603589376,0.001,64,4,2,128,0.1,32,75,0.0,0.1,5,5,0.5,True,42
early_stopping_patience,5,18,18,1,0.6965752790371577,0.7205908377965291,0.001,64,4,2,128,0.1,32,75,0.0,0.1,5,5,0.5,True,42
early_stopping_patience,5,18,18,2,0.6670740215164243,0.6451806505521138,0.001,64,4,2,128,0.1,32,75,0.0,0.1,5,5,0.5,True,42
early_stopping_patience,5,18,18,3,0.6444408112403118,0.6186270674069723,0.001,64,4,2,128,0.1,32,75,0.0,0.1,5,5,0.5,True,42
early_stopping_patience,5,18,18,4,0.6241154688777346,0.6160747726758321,0.001,64,4,2,128,0.1,32,75,0.0,0.1,5,5,0.5,True,42
early_stopping_patience,5,18,18,5,0.6174246987158601,0.6309805889924367,0.001,64,4,2,128,0.1,32,75,0.0,0.1,5,5,0.5,True,42
early_stopping_patience,5,18,18,6,0.6077119157169805,0.620307058095932,0.001,64,4,2,128,0.1,32,75,0.0,0.1,5,5,0.5,True,42
early_stopping_patience,5,18,18,7,0.5974095386989189,0.61349991162618,0.001,64,4,2,128,0.1,32,75,0.0,0.1,5,5,0.5,True,42
early_stopping_patience,5,18,18,8,0.5856770024155126,0.6244402567545573,0.001,64,4,2,128,0.1,32,75,0.0,0.1,5,5,0.5,True,42
early_stopping_patience,5,18,18,9,0.5743145240527211,0.6214302579561869,0.001,64,4,2,128,0.1,32,75,0.0,0.1,5,5,0.5,True,42
early_stopping_patience,5,18,18,10,0.5651076874046614,0.6344010770320893,0.001,64,4,2,128,0.1,32,75,0.0,0.1,5,5,0.5,True,42
early_stopping_patience,5,18,18,11,0.5493989406210004,0.8096727033456167,0.001,64,4,2,128,0.1,32,75,0.0,0.1,5,5,0.5,True,42
early_stopping_patience,5,18,18,12,0.5567307029709672,0.6449042439460755,0.001,64,4,2,128,0.1,32,75,0.0,0.1,5,5,0.5,True,42
early_stopping_patience,5,19,19,1,0.6903724146611763,0.6481817324956258,0.001,64,4,2,128,0.1,32,75,0.0,0.1,5,5,0.5,True,42
early_stopping_patience,5,19,19,2,0.6546907948725151,0.6287149469057719,0.001,64,4,2,128,0.1,32,75,0.0,0.1,5,5,0.5,True,42
early_stopping_patience,5,19,19,3,0.6375755329023708,0.6000525156656901,0.001,64,4,2,128,0.1,32,75,0.0,0.1,5,5,0.5,True,42
early_stopping_patience,5,19,19,4,0.6307529348767165,0.5991337656974792,0.001,64,4,2,128,0.1,32,75,0.0,0.1,5,5,0.5,True,42
early_stopping_patience,5,19,19,5,0.6143009053035215,0.6212443272272746,0.001,64,4,2,128,0.1,32,75,0.0,0.1,5,5,0.5,True,42
early_stopping_patience,5,19,19,6,0.6064303095142046,0.5810152431329091,0.001,64,4,2,128,0.1,32,75,0.0,0.1,5,5,0.5,True,42
early_stopping_patience,5,19,19,7,0.6107850314089747,0.5862539947032929,0.001,64,4,2,128,0.1,32,75,0.0,0.1,5,5,0.5,True,42
early_stopping_patience,5,19,19,8,0.5922233715201869,0.5781946142514547,0.001,64,4,2,128,0.1,32,75,0.0,0.1,5,5,0.5,True,42
early_stopping_patience,5,19,19,9,0.5807255021098888,0.5923871139685313,0.001,64,4,2,128,0.1,32,75,0.0,0.1,5,5,0.5,True,42
early_stopping_patience,5,19,19,10,0.5742748641606533,0.5774652640024821,0.001,64,4,2,128,0.1,32,75,0.0,0.1,5,5,0.5,True,42
early_stopping_patience,5,19,19,11,0.571322193199938,0.596373321612676,0.001,64,4,2,128,0.1,32,75,0.0,0.1,5,5,0.5,True,42
early_stopping_patience,5,19,19,12,0.5448941019448367,0.594507884979248,0.001,64,4,2,128,0.1,32,75,0.0,0.1,5,5,0.5,True,42
early_stopping_patience,5,19,19,13,0.5297037796540693,0.6245727856953939,0.001,64,4,2,128,0.1,32,75,0.0,0.1,5,5,0.5,True,42
early_stopping_patience,5,19,19,14,0.5243824474287756,0.6312945445378622,0.001,64,4,2,128,0.1,32,75,0.0,0.1,5,5,0.5,True,42
early_stopping_patience,5,19,19,15,0.5025725933638486,0.7186305125554403,0.001,64,4,2,128,0.1,32,75,0.0,0.1,5,5,0.5,True,42
early_stopping_patience,5,20,20,1,0.6977996871326909,0.6641712228457133,0.001,64,4,2,128,0.1,32,75,0.0,0.1,5,5,0.5,True,42
early_stopping_patience,5,20,20,2,0.6674142285729899,0.6656840006510417,0.001,64,4,2,128,0.1,32,75,0.0,0.1,5,5,0.5,True,42
early_stopping_patience,5,20,20,3,0.6561276560479944,0.6609370450178782,0.001,64,4,2,128,0.1,32,75,0.0,0.1,5,5,0.5,True,42
early_stopping_patience,5,20,20,4,0.6476464858560851,0.6194979210694631,0.001,64,4,2,128,0.1,32,75,0.0,0.1,5,5,0.5,True,42
early_stopping_patience,5,20,20,5,0.6406078510212175,0.6237446029980978,0.001,64,4,2,128,0.1,32,75,0.0,0.1,5,5,0.5,True,42
early_stopping_patience,5,20,20,6,0.6223239618720431,0.6100731988747915,0.001,64,4,2,128,0.1,32,75,0.0,0.1,5,5,0.5,True,42
early_stopping_patience,5,20,20,7,0.616225558022658,0.5947530070940653,0.001,64,4,2,128,0.1,32,75,0.0,0.1,5,5,0.5,True,42
early_stopping_patience,5,20,20,8,0.5998519426493933,0.5916061401367188,0.001,64,4,2,128,0.1,32,75,0.0,0.1,5,5,0.5,True,42
early_stopping_patience,5,20,20,9,0.5899138328703967,0.6107164303461711,0.001,64,4,2,128,0.1,32,75,0.0,0.1,5,5,0.5,True,42
early_stopping_patience,5,20,20,10,0.5876661283951817,0.6068117499351502,0.001,64,4,2,128,0.1,32,75,0.0,0.1,5,5,0.5,True,42
early_stopping_patience,5,20,20,11,0.5709873534964792,0.6107938428719838,0.001,64,4,2,128,0.1,32,75,0.0,0.1,5,5,0.5,True,42
early_stopping_patience,5,20,20,12,0.5648943558335304,0.6343636969725291,0.001,64,4,2,128,0.1,32,75,0.0,0.1,5,5,0.5,True,42
early_stopping_patience,5,20,20,13,0.5442531043381402,0.6189482390880585,0.001,64,4,2,128,0.1,32,75,0.0,0.1,5,5,0.5,True,42
early_stopping_patience,5,21,21,1,0.6972989083239527,0.6660071690877278,0.001,64,4,2,128,0.1,32,75,0.0,0.1,5,5,0.5,True,42
early_stopping_patience,5,21,21,2,0.6732788433631262,0.6490424156188965,0.001,64,4,2,128,0.1,32,75,0.0,0.1,5,5,0.5,True,42
early_stopping_patience,5,21,21,3,0.6432295789321264,0.6427398264408112,0.001,64,4,2,128,0.1,32,75,0.0,0.1,5,5,0.5,True,42
early_stopping_patience,5,21,21,4,0.6355952570835749,0.6202817102273305,0.001,64,4,2,128,0.1,32,75,0.0,0.1,5,5,0.5,True,42
early_stopping_patience,5,21,21,5,0.6192700668717875,0.6011957824230194,0.001,64,4,2,128,0.1,32,75,0.0,0.1,5,5,0.5,True,42
early_stopping_patience,5,21,21,6,0.6073801580703619,0.6723352630933126,0.001,64,4,2,128,0.1,32,75,0.0,0.1,5,5,0.5,True,42
early_stopping_patience,5,21,21,7,0.609285172413696,0.6086658279101054,0.001,64,4,2,128,0.1,32,75,0.0,0.1,5,5,0.5,True,42
early_stopping_patience,5,21,21,8,0.5956841842694716,0.6023135185241699,0.001,64,4,2,128,0.1,32,75,0.0,0.1,5,5,0.5,True,42
early_stopping_patience,5,21,21,9,0.5787214824196064,0.601734067996343,0.001,64,4,2,128,0.1,32,75,0.0,0.1,5,5,0.5,True,42
early_stopping_patience,5,21,21,10,0.5695569984840624,0.6020179053147634,0.001,64,4,2,128,0.1,32,75,0.0,0.1,5,5,0.5,True,42
early_stopping_patience,5,22,22,1,0.6934439923727151,0.7043438891569773,0.001,64,4,2,128,0.1,32,75,0.0,0.1,5,5,0.5,True,42
early_stopping_patience,5,22,22,2,0.6622609003926768,0.671826966603597,0.001,64,4,2,128,0.1,32,75,0.0,0.1,5,5,0.5,True,42
early_stopping_patience,5,22,22,3,0.6389773131319971,0.6170010268688202,0.001,64,4,2,128,0.1,32,75,0.0,0.1,5,5,0.5,True,42
early_stopping_patience,5,22,22,4,0.6254726603175654,0.607177738348643,0.001,64,4,2,128,0.1,32,75,0.0,0.1,5,5,0.5,True,42
early_stopping_patience,5,22,22,5,0.6134643918185523,0.6111282785733541,0.001,64,4,2,128,0.1,32,75,0.0,0.1,5,5,0.5,True,42
early_stopping_patience,5,22,22,6,0.6061417334007494,0.6065200964609782,0.001,64,4,2,128,0.1,32,75,0.0,0.1,5,5,0.5,True,42
early_stopping_patience,5,22,22,7,0.5965059810515606,0.6006759603818258,0.001,64,4,2,128,0.1,32,75,0.0,0.1,5,5,0.5,True,42
early_stopping_patience,5,22,22,8,0.5892441304344119,0.6078828334808349,0.001,64,4,2,128,0.1,32,75,0.0,0.1,5,5,0.5,True,42
early_stopping_patience,5,22,22,9,0.5793736425764633,0.6346718947092692,0.001,64,4,2,128,0.1,32,75,0.0,0.1,5,5,0.5,True,42
early_stopping_patience,5,22,22,10,0.5709302861130598,0.5932232638200124,0.001,64,4,2,128,0.1,32,75,0.0,0.1,5,5,0.5,True,42
early_stopping_patience,5,22,22,11,0.5631562344955675,0.6005665997664134,0.001,64,4,2,128,0.1,32,75,0.0,0.1,5,5,0.5,True,42
early_stopping_patience,5,22,22,12,0.5381358606797276,0.6114721715450286,0.001,64,4,2,128,0.1,32,75,0.0,0.1,5,5,0.5,True,42
early_stopping_patience,5,22,22,13,0.5371285950144132,0.6222831845283509,0.001,64,4,2,128,0.1,32,75,0.0,0.1,5,5,0.5,True,42
early_stopping_patience,5,22,22,14,0.5018946553270022,0.6706951856613159,0.001,64,4,2,128,0.1,32,75,0.0,0.1,5,5,0.5,True,42
early_stopping_patience,5,22,22,15,0.507906064165361,0.6380139648914337,0.001,64,4,2,128,0.1,32,75,0.0,0.1,5,5,0.5,True,42
early_stopping_patience,5,23,23,1,0.6894347970232819,0.679124657313029,0.001,64,4,2,128,0.1,32,75,0.0,0.1,5,5,0.5,True,42
early_stopping_patience,5,23,23,2,0.6625473395441518,0.6465138057867686,0.001,64,4,2,128,0.1,32,75,0.0,0.1,5,5,0.5,True,42
early_stopping_patience,5,23,23,3,0.6452009023138972,0.641577959060669,0.001,64,4,2,128,0.1,32,75,0.0,0.1,5,5,0.5,True,42
early_stopping_patience,5,23,23,4,0.6384936128601884,0.6568562229474385,0.001,64,4,2,128,0.1,32,75,0.0,0.1,5,5,0.5,True,42
early_stopping_patience,5,23,23,5,0.6315605775876478,0.6276162187258403,0.001,64,4,2,128,0.1,32,75,0.0,0.1,5,5,0.5,True,42
early_stopping_patience,5,23,23,6,0.6232551887179866,0.6056344151496887,0.001,64,4,2,128,0.1,32,75,0.0,0.1,5,5,0.5,True,42
early_stopping_patience,5,23,23,7,0.6186037896709009,0.6322661062081655,0.001,64,4,2,128,0.1,32,75,0.0,0.1,5,5,0.5,True,42
early_stopping_patience,5,23,23,8,0.6066214482892643,0.6185251990954082,0.001,64,4,2,128,0.1,32,75,0.0,0.1,5,5,0.5,True,42
early_stopping_patience,5,23,23,9,0.5915199518203735,0.5998620808124542,0.001,64,4,2,128,0.1,32,75,0.0,0.1,5,5,0.5,True,42
early_stopping_patience,5,23,23,10,0.5912671908736229,0.6111791173617045,0.001,64,4,2,128,0.1,32,75,0.0,0.1,5,5,0.5,True,42
early_stopping_patience,5,23,23,11,0.5808386732683037,0.647458157936732,0.001,64,4,2,128,0.1,32,75,0.0,0.1,5,5,0.5,True,42
early_stopping_patience,5,23,23,12,0.5652318283012419,0.6306253751118978,0.001,64,4,2,128,0.1,32,75,0.0,0.1,5,5,0.5,True,42
early_stopping_patience,5,23,23,13,0.5575672293251211,0.655544658501943,0.001,64,4,2,128,0.1,32,75,0.0,0.1,5,5,0.5,True,42
early_stopping_patience,5,23,23,14,0.5421237236622608,0.6303043127059936,0.001,64,4,2,128,0.1,32,75,0.0,0.1,5,5,0.5,True,42
early_stopping_patience,5,24,24,1,0.6942903950698394,0.6765447815259298,0.001,64,4,2,128,0.1,32,75,0.0,0.1,5,5,0.5,True,42
early_stopping_patience,5,24,24,2,0.6668577974003956,0.6511037588119507,0.001,64,4,2,128,0.1,32,75,0.0,0.1,5,5,0.5,True,42
early_stopping_patience,5,24,24,3,0.6438317679821101,0.6310336828231812,0.001,64,4,2,128,0.1,32,75,0.0,0.1,5,5,0.5,True,42
early_stopping_patience,5,24,24,4,0.6293311800275531,0.627488660812378,0.001,64,4,2,128,0.1,32,75,0.0,0.1,5,5,0.5,True,42
early_stopping_patience,5,24,24,5,0.6189755210302826,0.6258644680182139,0.001,64,4,2,128,0.1,32,75,0.0,0.1,5,5,0.5,True,42
early_stopping_patience,5,24,24,6,0.6016752074535628,0.6121976474920908,0.001,64,4,2,128,0.1,32,75,0.0,0.1,5,5,0.5,True,42
early_stopping_patience,5,24,24,7,0.5941371050544251,0.6211983839670817,0.001,64,4,2,128,0.1,32,75,0.0,0.1,5,5,0.5,True,42
early_stopping_patience,5,24,24,8,0.5790326317450157,0.6212676584720611,0.001,64,4,2,128,0.1,32,75,0.0,0.1,5,5,0.5,True,42
early_stopping_patience,5,24,24,9,0.5709559090603563,0.6365924040476482,0.001,64,4,2,128,0.1,32,75,0.0,0.1,5,5,0.5,True,42
early_stopping_patience,5,24,24,10,0.5657076752723608,0.6403178691864013,0.001,64,4,2,128,0.1,32,75,0.0,0.1,5,5,0.5,True,42
early_stopping_patience,5,24,24,11,0.5496234550960082,0.6490158021450043,0.001,64,4,2,128,0.1,32,75,0.0,0.1,5,5,0.5,True,42
early_stopping_patience,5,25,25,1,0.6953567252917723,0.6590861479441324,0.001,64,4,2,128,0.1,32,75,0.0,0.1,5,5,0.5,True,42
early_stopping_patience,5,25,25,2,0.6560886849959692,0.6539363702138264,0.001,64,4,2,128,0.1,32,75,0.0,0.1,5,5,0.5,True,42
early_stopping_patience,5,25,25,3,0.6376797547846129,0.6214687347412109,0.001,64,4,2,128,0.1,32,75,0.0,0.1,5,5,0.5,True,42
early_stopping_patience,5,25,25,4,0.6253758212833693,0.6093887011210124,0.001,64,4,2,128,0.1,32,75,0.0,0.1,5,5,0.5,True,42
early_stopping_patience,5,25,25,5,0.6225281944780638,0.6005488495031993,0.001,64,4,2,128,0.1,32,75,0.0,0.1,5,5,0.5,True,42
early_stopping_patience,5,25,25,6,0.6054680920911558,0.628194804986318,0.001,64,4,2,128,0.1,32,75,0.0,0.1,5,5,0.5,True,42
early_stopping_patience,5,25,25,7,0.5986318940466101,0.5947098056475322,0.001,64,4,2,128,0.1,32,75,0.0,0.1,5,5,0.5,True,42
early_stopping_patience,5,25,25,8,0.5888019466038906,0.6224372247854869,0.001,64,4,2,128,0.1,32,75,0.0,0.1,5,5,0.5,True,42
early_stopping_patience,5,25,25,9,0.5815845540527141,0.622211503982544,0.001,64,4,2,128,0.1,32,75,0.0,0.1,5,5,0.5,True,42
early_stopping_patience,5,25,25,10,0.563957966864109,0.6161506454149882,0.001,64,4,2,128,0.1,32,75,0.0,0.1,5,5,0.5,True,42
early_stopping_patience,5,25,25,11,0.5607619493296652,0.625029730796814,0.001,64,4,2,128,0.1,32,75,0.0,0.1,5,5,0.5,True,42
early_stopping_patience,5,25,25,12,0.5332663411443884,0.6392638146877289,0.001,64,4,2,128,0.1,32,75,0.0,0.1,5,5,0.5,True,42
early_stopping_patience,5,26,26,1,0.6904706674994845,0.6470361113548279,0.001,64,4,2,128,0.1,32,75,0.0,0.1,5,5,0.5,True,42
early_stopping_patience,5,26,26,2,0.6579180152127238,0.6788316965103149,0.001,64,4,2,128,0.1,32,75,0.0,0.1,5,5,0.5,True,42
early_stopping_patience,5,26,26,3,0.6397883684346171,0.6209163089593251,0.001,64,4,2,128,0.1,32,75,0.0,0.1,5,5,0.5,True,42
early_stopping_patience,5,26,26,4,0.624993625012311,0.605086358388265,0.001,64,4,2,128,0.1,32,75,0.0,0.1,5,5,0.5,True,42
early_stopping_patience,5,26,26,5,0.6166449563972878,0.6040710965792339,0.001,64,4,2,128,0.1,32,75,0.0,0.1,5,5,0.5,True,42
early_stopping_patience,5,26,26,6,0.6022527707797108,0.6025361319382986,0.001,64,4,2,128,0.1,32,75,0.0,0.1,5,5,0.5,True,42
early_stopping_patience,5,26,26,7,0.5990161949937994,0.6256102959314982,0.001,64,4,2,128,0.1,32,75,0.0,0.1,5,5,0.5,True,42
early_stopping_patience,5,26,26,8,0.6020383511980375,0.5934880455334981,0.001,64,4,2,128,0.1,32,75,0.0,0.1,5,5,0.5,True,42
early_stopping_patience,5,26,26,9,0.5758683026740046,0.5963013966878256,0.001,64,4,2,128,0.1,32,75,0.0,0.1,5,5,0.5,True,42
early_stopping_patience,5,26,26,10,0.5682379142804579,0.6090888321399689,0.001,64,4,2,128,0.1,32,75,0.0,0.1,5,5,0.5,True,42
early_stopping_patience,5,26,26,11,0.5569739653305574,0.60513277053833,0.001,64,4,2,128,0.1,32,75,0.0,0.1,5,5,0.5,True,42
early_stopping_patience,5,26,26,12,0.5393154937209506,0.6084859947363536,0.001,64,4,2,128,0.1,32,75,0.0,0.1,5,5,0.5,True,42
early_stopping_patience,5,26,26,13,0.5209909426895055,0.6372211714585622,0.001,64,4,2,128,0.1,32,75,0.0,0.1,5,5,0.5,True,42
early_stopping_patience,5,27,27,1,0.6935948485677893,0.6628385424613953,0.001,64,4,2,128,0.1,32,75,0.0,0.1,5,5,0.5,True,42
early_stopping_patience,5,27,27,2,0.6669613109393553,0.6594874223073324,0.001,64,4,2,128,0.1,32,75,0.0,0.1,5,5,0.5,True,42
early_stopping_patience,5,27,27,3,0.6597278759335027,0.6281058311462402,0.001,64,4,2,128,0.1,32,75,0.0,0.1,5,5,0.5,True,42
early_stopping_patience,5,27,27,4,0.6368172310970046,0.6164410412311554,0.001,64,4,2,128,0.1,32,75,0.0,0.1,5,5,0.5,True,42
early_stopping_patience,5,27,27,5,0.6218732103253856,0.6278434316317241,0.001,64,4,2,128,0.1,32,75,0.0,0.1,5,5,0.5,True,42
early_stopping_patience,5,27,27,6,0.6120410310951147,0.6164272705713908,0.001,64,4,2,128,0.1,32,75,0.0,0.1,5,5,0.5,True,42
early_stopping_patience,5,27,27,7,0.6002435329737086,0.5819573978583018,0.001,64,4,2,128,0.1,32,75,0.0,0.1,5,5,0.5,True,42
early_stopping_patience,5,27,27,8,0.5912195439591552,0.6096798102060954,0.001,64,4,2,128,0.1,32,75,0.0,0.1,5,5,0.5,True,42
early_stopping_patience,5,27,27,9,0.5954830488472274,0.5706018030643463,0.001,64,4,2,128,0.1,32,75,0.0,0.1,5,5,0.5,True,42
early_stopping_patience,5,27,27,10,0.5766591626134786,0.5808201412359874,0.001,64,4,2,128,0.1,32,75,0.0,0.1,5,5,0.5,True,42
early_stopping_patience,5,27,27,11,0.5578173265764208,0.6037680546442667,0.001,64,4,2,128,0.1,32,75,0.0,0.1,5,5,0.5,True,42
early_stopping_patience,5,27,27,12,0.5488408192089109,0.58232342004776,0.001,64,4,2,128,0.1,32,75,0.0,0.1,5,5,0.5,True,42
early_stopping_patience,5,27,27,13,0.5399476678082438,0.6017253438631693,0.001,64,4,2,128,0.1,32,75,0.0,0.1,5,5,0.5,True,42
early_stopping_patience,5,27,27,14,0.5202819149602543,0.6010160783926646,0.001,64,4,2,128,0.1,32,75,0.0,0.1,5,5,0.5,True,42
early_stopping_patience,5,28,28,1,0.6863193507447387,0.673209939400355,0.001,64,4,2,128,0.1,32,75,0.0,0.1,5,5,0.5,True,42
early_stopping_patience,5,28,28,2,0.6531115759051207,0.6378523230552673,0.001,64,4,2,128,0.1,32,75,0.0,0.1,5,5,0.5,True,42
early_stopping_patience,5,28,28,3,0.6289706288865118,0.6171115259329478,0.001,64,4,2,128,0.1,32,75,0.0,0.1,5,5,0.5,True,42
early_stopping_patience,5,28,28,4,0.6203237954865802,0.6543368299802145,0.001,64,4,2,128,0.1,32,75,0.0,0.1,5,5,0.5,True,42
early_stopping_patience,5,28,28,5,0.6177154619133833,0.6197786172231038,0.001,64,4,2,128,0.1,32,75,0.0,0.1,5,5,0.5,True,42
early_stopping_patience,5,28,28,6,0.6118764789267019,0.6324813604354859,0.001,64,4,2,128,0.1,32,75,0.0,0.1,5,5,0.5,True,42
early_stopping_patience,5,28,28,7,0.5956670684796391,0.611896280447642,0.001,64,4,2,128,0.1,32,75,0.0,0.1,5,5,0.5,True,42
early_stopping_patience,5,28,28,8,0.5911651678157576,0.6231093843777974,0.001,64,4,2,128,0.1,32,75,0.0,0.1,5,5,0.5,True,42
early_stopping_patience,5,28,28,9,0.5802693730502417,0.5998562097549438,0.001,64,4,2,128,0.1,32,75,0.0,0.1,5,5,0.5,True,42
early_stopping_patience,5,28,28,10,0.5637860246228449,0.6228372434775035,0.001,64,4,2,128,0.1,32,75,0.0,0.1,5,5,0.5,True,42
early_stopping_patience,5,28,28,11,0.5603874244473197,0.6228857040405273,0.001,64,4,2,128,0.1,32,75,0.0,0.1,5,5,0.5,True,42
early_stopping_patience,5,28,28,12,0.5454618282841913,0.6362318873405457,0.001,64,4,2,128,0.1,32,75,0.0,0.1,5,5,0.5,True,42
early_stopping_patience,5,28,28,13,0.5280829365506317,0.6496032277743021,0.001,64,4,2,128,0.1,32,75,0.0,0.1,5,5,0.5,True,42
early_stopping_patience,5,28,28,14,0.5122476172718134,0.6406756063302358,0.001,64,4,2,128,0.1,32,75,0.0,0.1,5,5,0.5,True,42
early_stopping_patience,5,29,29,1,0.6871335221962496,0.6626069029172261,0.001,64,4,2,128,0.1,32,75,0.0,0.1,5,5,0.5,True,42
early_stopping_patience,5,29,29,2,0.6578266458077864,0.6398670117060343,0.001,64,4,2,128,0.1,32,75,0.0,0.1,5,5,0.5,True,42
early_stopping_patience,5,29,29,3,0.6431279588829387,0.6014719883600871,0.001,64,4,2,128,0.1,32,75,0.0,0.1,5,5,0.5,True,42
early_stopping_patience,5,29,29,4,0.6241562583229758,0.610290672381719,0.001,64,4,2,128,0.1,32,75,0.0,0.1,5,5,0.5,True,42
early_stopping_patience,5,29,29,5,0.6195553446357901,0.6126568953196208,0.001,64,4,2,128,0.1,32,75,0.0,0.1,5,5,0.5,True,42
early_stopping_patience,5,29,29,6,0.6088277437921726,0.591303684314092,0.001,64,4,2,128,0.1,32,75,0.0,0.1,5,5,0.5,True,42
early_stopping_patience,5,29,29,7,0.6037856940970276,0.642852779229482,0.001,64,4,2,128,0.1,32,75,0.0,0.1,5,5,0.5,True,42
early_stopping_patience,5,29,29,8,0.5914895949941693,0.6110017438729604,0.001,64,4,2,128,0.1,32,75,0.0,0.1,5,5,0.5,True,42
early_stopping_patience,5,29,29,9,0.5802617743611336,0.6008246839046478,0.001,64,4,2,128,0.1,32,75,0.0,0.1,5,5,0.5,True,42
early_stopping_patience,5,29,29,10,0.5738524203047608,0.6060246785481771,0.001,64,4,2,128,0.1,32,75,0.0,0.1,5,5,0.5,True,42
early_stopping_patience,5,29,29,11,0.5633963630958037,0.6162737687428792,0.001,64,4,2,128,0.1,32,75,0.0,0.1,5,5,0.5,True,42
early_stopping_patience,5,30,30,1,0.6916778674631407,0.6960495273272197,0.001,64,4,2,128,0.1,32,75,0.0,0.1,5,5,0.5,True,42
early_stopping_patience,5,30,30,2,0.6646068367091092,0.6376431306203206,0.001,64,4,2,128,0.1,32,75,0.0,0.1,5,5,0.5,True,42
early_stopping_patience,5,30,30,3,0.640166404346625,0.6165839374065399,0.001,64,4,2,128,0.1,32,75,0.0,0.1,5,5,0.5,True,42
early_stopping_patience,5,30,30,4,0.6236339428208091,0.5989820977052053,0.001,64,4,2,128,0.1,32,75,0.0,0.1,5,5,0.5,True,42
early_stopping_patience,5,30,30,5,0.6323906379667196,0.6330697099367778,0.001,64,4,2,128,0.1,32,75,0.0,0.1,5,5,0.5,True,42
early_stopping_patience,5,30,30,6,0.6157552003860474,0.6349755863348643,0.001,64,4,2,128,0.1,32,75,0.0,0.1,5,5,0.5,True,42
early_stopping_patience,5,30,30,7,0.6076258472872503,0.6018263936042786,0.001,64,4,2,128,0.1,32,75,0.0,0.1,5,5,0.5,True,42
early_stopping_patience,5,30,30,8,0.5881191821712436,0.5941439886887868,0.001,64,4,2,128,0.1,32,75,0.0,0.1,5,5,0.5,True,42
early_stopping_patience,5,30,30,9,0.5807471823963252,0.5813778122266133,0.001,64,4,2,128,0.1,32,75,0.0,0.1,5,5,0.5,True,42
early_stopping_patience,5,30,30,10,0.5681415423750877,0.5896704892317454,0.001,64,4,2,128,0.1,32,75,0.0,0.1,5,5,0.5,True,42
early_stopping_patience,5,30,30,11,0.5572436822183204,0.6236642042795817,0.001,64,4,2,128,0.1,32,75,0.0,0.1,5,5,0.5,True,42
early_stopping_patience,5,30,30,12,0.5397806079550223,0.5991860727469126,0.001,64,4,2,128,0.1,32,75,0.0,0.1,5,5,0.5,True,42
early_stopping_patience,5,30,30,13,0.5277131197578979,0.6478614032268524,0.001,64,4,2,128,0.1,32,75,0.0,0.1,5,5,0.5,True,42
early_stopping_patience,5,30,30,14,0.5025543888861482,0.6469278911749522,0.001,64,4,2,128,0.1,32,75,0.0,0.1,5,5,0.5,True,42
early_stopping_patience,5,31,31,1,0.6881816454909064,0.6732394695281982,0.001,64,4,2,128,0.1,32,75,0.0,0.1,5,5,0.5,True,42
early_stopping_patience,5,31,31,2,0.6609905678214449,0.6622335235277812,0.001,64,4,2,128,0.1,32,75,0.0,0.1,5,5,0.5,True,42
early_stopping_patience,5,31,31,3,0.641685149434841,0.6443209528923035,0.001,64,4,2,128,0.1,32,75,0.0,0.1,5,5,0.5,True,42
early_stopping_patience,5,31,31,4,0.6289518958691395,0.6360575795173645,0.001,64,4,2,128,0.1,32,75,0.0,0.1,5,5,0.5,True,42
early_stopping_patience,5,31,31,5,0.6204330018072417,0.6286393960316976,0.001,64,4,2,128,0.1,32,75,0.0,0.1,5,5,0.5,True,42
early_stopping_patience,5,31,31,6,0.6052657002300927,0.6695019483566285,0.001,64,4,2,128,0.1,32,75,0.0,0.1,5,5,0.5,True,42
early_stopping_patience,5,31,31,7,0.602413552502791,0.6451210538546245,0.001,64,4,2,128,0.1,32,75,0.0,0.1,5,5,0.5,True,42
early_stopping_patience,5,31,31,8,0.5816886914950429,0.6439331233501434,0.001,64,4,2,128,0.1,32,75,0.0,0.1,5,5,0.5,True,42
early_stopping_patience,5,31,31,9,0.570309607368527,0.625735068321228,0.001,64,4,2,128,0.1,32,75,0.0,0.1,5,5,0.5,True,42
early_stopping_patience,5,31,31,10,0.5713260307004957,0.6353415270646413,0.001,64,4,2,128,0.1,32,75,0.0,0.1,5,5,0.5,True,42
early_stopping_patience,5,31,31,11,0.556382098206968,0.6415389935175578,0.001,64,4,2,128,0.1,32,75,0.0,0.1,5,5,0.5,True,42
early_stopping_patience,5,31,31,12,0.5356287972042055,0.6586300869782765,0.001,64,4,2,128,0.1,32,75,0.0,0.1,5,5,0.5,True,42
early_stopping_patience,5,31,31,13,0.5275299589742314,0.6206859548886617,0.001,64,4,2,128,0.1,32,75,0.0,0.1,5,5,0.5,True,42
early_stopping_patience,5,31,31,14,0.5098154558376833,0.6598727862040202,0.001,64,4,2,128,0.1,32,75,0.0,0.1,5,5,0.5,True,42
early_stopping_patience,5,31,31,15,0.5008496088963567,0.6847543011109034,0.001,64,4,2,128,0.1,32,75,0.0,0.1,5,5,0.5,True,42
early_stopping_patience,5,31,31,16,0.47799236101634573,0.6859963079293568,0.001,64,4,2,128,0.1,32,75,0.0,0.1,5,5,0.5,True,42
early_stopping_patience,5,31,31,17,0.46210199933160434,0.6897243817647298,0.001,64,4,2,128,0.1,32,75,0.0,0.1,5,5,0.5,True,42
early_stopping_patience,5,31,31,18,0.44012087278745393,0.752437424659729,0.001,64,4,2,128,0.1,32,75,0.0,0.1,5,5,0.5,True,42
early_stopping_patience,5,32,32,1,0.6931421083934379,0.7013823489348093,0.001,64,4,2,128,0.1,32,75,0.0,0.1,5,5,0.5,True,42
early_stopping_patience,5,32,32,2,0.6674394738493543,0.6826884865760803,0.001,64,4,2,128,0.1,32,75,0.0,0.1,5,5,0.5,True,42
early_stopping_patience,5,32,32,3,0.6435517325545802,0.621410091718038,0.001,64,4,2,128,0.1,32,75,0.0,0.1,5,5,0.5,True,42
early_stopping_patience,5,32,32,4,0.6309916237086961,0.6075482507546742,0.001,64,4,2,128,0.1,32,75,0.0,0.1,5,5,0.5,True,42
early_stopping_patience,5,32,32,5,0.6181766675277189,0.6168820142745972,0.001,64,4,2,128,0.1,32,75,0.0,0.1,5,5,0.5,True,42
early_stopping_patience,5,32,32,6,0.6085184731266715,0.6211028794447581,0.001,64,4,2,128,0.1,32,75,0.0,0.1,5,5,0.5,True,42
early_stopping_patience,5,32,32,7,0.6002597905921213,0.6212596078713735,0.001,64,4,2,128,0.1,32,75,0.0,0.1,5,5,0.5,True,42
early_stopping_patience,5,32,32,8,0.5850174939542105,0.6333201011021932,0.001,64,4,2,128,0.1,32,75,0.0,0.1,5,5,0.5,True,42
early_stopping_patience,5,32,32,9,0.5775801498781551,0.6142031292120615,0.001,64,4,2,128,0.1,32,75,0.0,0.1,5,5,0.5,True,42
early_stopping_patience,5,33,33,1,0.6992366517131979,0.6727076252301534,0.001,64,4,2,128,0.1,32,75,0.0,0.1,5,5,0.5,True,42
early_stopping_patience,5,33,33,2,0.6636951060006113,0.6122504691282908,0.001,64,4,2,128,0.1,32,75,0.0,0.1,5,5,0.5,True,42
early_stopping_patience,5,33,33,3,0.6414846983371358,0.6178511261940003,0.001,64,4,2,128,0.1,32,75,0.0,0.1,5,5,0.5,True,42
early_stopping_patience,5,33,33,4,0.6356653049588203,0.6452295084794363,0.001,64,4,2,128,0.1,32,75,0.0,0.1,5,5,0.5,True,42
early_stopping_patience,5,33,33,5,0.6278677980105082,0.6270753463109334,0.001,64,4,2,128,0.1,32,75,0.0,0.1,5,5,0.5,True,42
early_stopping_patience,5,33,33,6,0.6208437658620604,0.5889417092005412,0.001,64,4,2,128,0.1,32,75,0.0,0.1,5,5,0.5,True,42
early_stopping_patience,5,33,33,7,0.6065190520250436,0.5874843855698904,0.001,64,4,2,128,0.1,32,75,0.0,0.1,5,5,0.5,True,42
early_stopping_patience,5,33,33,8,0.5950845060023394,0.5841135422388712,0.001,64,4,2,128,0.1,32,75,0.0,0.1,5,5,0.5,True,42
early_stopping_patience,5,33,33,9,0.5892261025128942,0.6336714426676432,0.001,64,4,2,128,0.1,32,75,0.0,0.1,5,5,0.5,True,42
early_stopping_patience,5,33,33,10,0.5801251164891503,0.621064547697703,0.001,64,4,2,128,0.1,32,75,0.0,0.1,5,5,0.5,True,42
early_stopping_patience,5,33,33,11,0.5695438836560105,0.6558619737625122,0.001,64,4,2,128,0.1,32,75,0.0,0.1,5,5,0.5,True,42
early_stopping_patience,5,33,33,12,0.5583059979659138,0.6103282928466797,0.001,64,4,2,128,0.1,32,75,0.0,0.1,5,5,0.5,True,42
early_stopping_patience,5,33,33,13,0.5314798698280797,0.6354637503623962,0.001,64,4,2,128,0.1,32,75,0.0,0.1,5,5,0.5,True,42
early_stopping_patience,5,34,34,1,0.6973836954795953,0.676269002755483,0.001,64,4,2,128,0.1,32,75,0.0,0.1,5,5,0.5,True,42
early_stopping_patience,5,34,34,2,0.6593597571958195,0.6394612848758697,0.001,64,4,2,128,0.1,32,75,0.0,0.1,5,5,0.5,True,42
early_stopping_patience,5,34,34,3,0.6356393839373733,0.6240589300791423,0.001,64,4,2,128,0.1,32,75,0.0,0.1,5,5,0.5,True,42
early_stopping_patience,5,34,34,4,0.6328543523947397,0.6209161082903544,0.001,64,4,2,128,0.1,32,75,0.0,0.1,5,5,0.5,True,42
early_stopping_patience,5,34,34,5,0.6220084261713605,0.6175340374310812,0.001,64,4,2,128,0.1,32,75,0.0,0.1,5,5,0.5,True,42
early_stopping_patience,5,34,34,6,0.6128129904920404,0.6176442344983418,0.001,64,4,2,128,0.1,32,75,0.0,0.1,5,5,0.5,True,42
early_stopping_patience,5,34,34,7,0.5990675263332598,0.6414936463038127,0.001,64,4,2,128,0.1,32,75,0.0,0.1,5,5,0.5,True,42
early_stopping_patience,5,34,34,8,0.5923306154030742,0.6382016281286875,0.001,64,4,2,128,0.1,32,75,0.0,0.1,5,5,0.5,True,42
early_stopping_patience,5,34,34,9,0.5817959956599005,0.622305319706599,0.001,64,4,2,128,0.1,32,75,0.0,0.1,5,5,0.5,True,42
early_stopping_patience,5,34,34,10,0.5717999849355582,0.6419139266014099,0.001,64,4,2,128,0.1,32,75,0.0,0.1,5,5,0.5,True,42
early_stopping_patience,5,35,35,1,0.6940161509044243,0.6882203221321106,0.001,64,4,2,128,0.1,32,75,0.0,0.1,5,5,0.5,True,42
early_stopping_patience,5,35,35,2,0.6643867068218462,0.6517187436421712,0.001,64,4,2,128,0.1,32,75,0.0,0.1,5,5,0.5,True,42
early_stopping_patience,5,35,35,3,0.6355974791627942,0.617935174703598,0.001,64,4,2,128,0.1,32,75,0.0,0.1,5,5,0.5,True,42
early_stopping_patience,5,35,35,4,0.6241381195458499,0.6352675517400106,0.001,64,4,2,128,0.1,32,75,0.0,0.1,5,5,0.5,True,42
early_stopping_patience,5,35,35,5,0.6223875907334414,0.6305073797702789,0.001,64,4,2,128,0.1,32,75,0.0,0.1,5,5,0.5,True,42
early_stopping_patience,5,35,35,6,0.6049351491259806,0.6224436819553375,0.001,64,4,2,128,0.1,32,75,0.0,0.1,5,5,0.5,True,42
early_stopping_patience,5,35,35,7,0.6012251566756855,0.6227892975012461,0.001,64,4,2,128,0.1,32,75,0.0,0.1,5,5,0.5,True,42
early_stopping_patience,5,35,35,8,0.5849229580525196,0.6304456174373627,0.001,64,4,2,128,0.1,32,75,0.0,0.1,5,5,0.5,True,42
early_stopping_patience,5,36,36,1,0.6962806392799724,0.6668080488840739,0.001,64,4,2,128,0.1,32,75,0.0,0.1,5,5,0.5,True,42
early_stopping_patience,5,36,36,2,0.667991887439381,0.6582425236701965,0.001,64,4,2,128,0.1,32,75,0.0,0.1,5,5,0.5,True,42
early_stopping_patience,5,36,36,3,0.6559099638552377,0.6361668825149536,0.001,64,4,2,128,0.1,32,75,0.0,0.1,5,5,0.5,True,42
early_stopping_patience,5,36,36,4,0.6353152430418766,0.6338702201843261,0.001,64,4,2,128,0.1,32,75,0.0,0.1,5,5,0.5,True,42
early_stopping_patience,5,36,36,5,0.6279348516554544,0.6081148624420166,0.001,64,4,2,128,0.1,32,75,0.0,0.1,5,5,0.5,True,42
early_stopping_patience,5,36,36,6,0.6109401613022342,0.6054083069165548,0.001,64,4,2,128,0.1,32,75,0.0,0.1,5,5,0.5,True,42
early_stopping_patience,5,36,36,7,0.6069199745402192,0.6018785258134206,0.001,64,4,2,128,0.1,32,75,0.0,0.1,5,5,0.5,True,42
early_stopping_patience,5,36,36,8,0.6023723803686373,0.6162700970967611,0.001,64,4,2,128,0.1,32,75,0.0,0.1,5,5,0.5,True,42
early_stopping_patience,5,36,36,9,0.5891818521600781,0.5923543790976207,0.001,64,4,2,128,0.1,32,75,0.0,0.1,5,5,0.5,True,42
early_stopping_patience,5,36,36,10,0.5823629423975945,0.6791089256604512,0.001,64,4,2,128,0.1,32,75,0.0,0.1,5,5,0.5,True,42
early_stopping_patience,5,36,36,11,0.5729787735776468,0.6321159899234772,0.001,64,4,2,128,0.1,32,75,0.0,0.1,5,5,0.5,True,42
early_stopping_patience,5,36,36,12,0.5567931399652453,0.615151447057724,0.001,64,4,2,128,0.1,32,75,0.0,0.1,5,5,0.5,True,42
early_stopping_patience,5,36,36,13,0.5411083594416127,0.6273380001386006,0.001,64,4,2,128,0.1,32,75,0.0,0.1,5,5,0.5,True,42
early_stopping_patience,5,36,36,14,0.5229593041268262,0.6226045886675516,0.001,64,4,2,128,0.1,32,75,0.0,0.1,5,5,0.5,True,42
early_stopping_patience,5,37,37,1,0.690217983993617,0.6742562413215637,0.001,64,4,2,128,0.1,32,75,0.0,0.1,5,5,0.5,True,42
early_stopping_patience,5,37,37,2,0.6591626252188827,0.6299886922041575,0.001,64,4,2,128,0.1,32,75,0.0,0.1,5,5,0.5,True,42
early_stopping_patience,5,37,37,3,0.6507736566391858,0.6253936906655629,0.001,64,4,2,128,0.1,32,75,0.0,0.1,5,5,0.5,True,42
early_stopping_patience,5,37,37,4,0.6281123545133707,0.6207672119140625,0.001,64,4,2,128,0.1,32,75,0.0,0.1,5,5,0.5,True,42
early_stopping_patience,5,37,37,5,0.6229189178257277,0.6396791617075602,0.001,64,4,2,128,0.1,32,75,0.0,0.1,5,5,0.5,True,42
early_stopping_patience,5,37,37,6,0.6114468439058824,0.6238787730534872,0.001,64,4,2,128,0.1,32,75,0.0,0.1,5,5,0.5,True,42
early_stopping_patience,5,37,37,7,0.6058198044245894,0.6063957293828328,0.001,64,4,2,128,0.1,32,75,0.0,0.1,5,5,0.5,True,42
early_stopping_patience,5,37,37,8,0.595208050626697,0.5883293211460113,0.001,64,4,2,128,0.1,32,75,0.0,0.1,5,5,0.5,True,42
early_stopping_patience,5,37,37,9,0.5880890517975345,0.5901281873385111,0.001,64,4,2,128,0.1,32,75,0.0,0.1,5,5,0.5,True,42
early_stopping_patience,5,37,37,10,0.5737967303756512,0.5918218553066253,0.001,64,4,2,128,0.1,32,75,0.0,0.1,5,5,0.5,True,42
early_stopping_patience,5,37,37,11,0.5625412089355064,0.5896637360254924,0.001,64,4,2,128,0.1,32,75,0.0,0.1,5,5,0.5,True,42
early_stopping_patience,5,37,37,12,0.5567984786449056,0.6113113065560659,0.001,64,4,2,128,0.1,32,75,0.0,0.1,5,5,0.5,True,42
early_stopping_patience,5,37,37,13,0.5349001697067058,0.6047557711601257,0.001,64,4,2,128,0.1,32,75,0.0,0.1,5,5,0.5,True,42
early_stopping_patience,5,38,38,1,0.6916669941309727,0.6720335245132446,0.001,64,4,2,128,0.1,32,75,0.0,0.1,5,5,0.5,True,42
early_stopping_patience,5,38,38,2,0.6577173028931473,0.6256258487701416,0.001,64,4,2,128,0.1,32,75,0.0,0.1,5,5,0.5,True,42
early_stopping_patience,5,38,38,3,0.6393620606624719,0.6204954544703166,0.001,64,4,2,128,0.1,32,75,0.0,0.1,5,5,0.5,True,42
early_stopping_patience,5,38,38,4,0.6273536903388572,0.6026459534962972,0.001,64,4,2,128,0.1,32,75,0.0,0.1,5,5,0.5,True,42
early_stopping_patience,5,38,38,5,0.6191545711322264,0.5954518715540568,0.001,64,4,2,128,0.1,32,75,0.0,0.1,5,5,0.5,True,42
early_stopping_patience,5,38,38,6,0.6115524660457264,0.60315700173378,0.001,64,4,2,128,0.1,32,75,0.0,0.1,5,5,0.5,True,42
early_stopping_patience,5,38,38,7,0.5994017614108144,0.5894565800825755,0.001,64,4,2,128,0.1,32,75,0.0,0.1,5,5,0.5,True,42
early_stopping_patience,5,38,38,8,0.5924344186981519,0.6030119756857554,0.001,64,4,2,128,0.1,32,75,0.0,0.1,5,5,0.5,True,42
early_stopping_patience,5,38,38,9,0.5773016128576163,0.5969567477703095,0.001,64,4,2,128,0.1,32,75,0.0,0.1,5,5,0.5,True,42
early_stopping_patience,5,38,38,10,0.5707649595358155,0.6138527055581411,0.001,64,4,2,128,0.1,32,75,0.0,0.1,5,5,0.5,True,42
early_stopping_patience,5,38,38,11,0.5587734805815148,0.6138143797715505,0.001,64,4,2,128,0.1,32,75,0.0,0.1,5,5,0.5,True,42
early_stopping_patience,5,38,38,12,0.5446003050063596,0.6325602134068807,0.001,64,4,2,128,0.1,32,75,0.0,0.1,5,5,0.5,True,42
early_stopping_patience,5,39,39,1,0.6991804905913093,0.6801658193270366,0.001,64,4,2,128,0.1,32,75,0.0,0.1,5,5,0.5,True,42
early_stopping_patience,5,39,39,2,0.6642871440360041,0.7024217307567596,0.001,64,4,2,128,0.1,32,75,0.0,0.1,5,5,0.5,True,42
early_stopping_patience,5,39,39,3,0.6399407757051063,0.6101937611897786,0.001,64,4,2,128,0.1,32,75,0.0,0.1,5,5,0.5,True,42
early_stopping_patience,5,39,39,4,0.6346462644410856,0.5966746052106221,0.001,64,4,2,128,0.1,32,75,0.0,0.1,5,5,0.5,True,42
early_stopping_patience,5,39,39,5,0.62185271581014,0.6033435304959615,0.001,64,4,2,128,0.1,32,75,0.0,0.1,5,5,0.5,True,42
early_stopping_patience,5,39,39,6,0.609418860213323,0.6064757982889811,0.001,64,4,2,128,0.1,32,75,0.0,0.1,5,5,0.5,True,42
early_stopping_patience,5,39,39,7,0.6007839452588197,0.6016048630078633,0.001,64,4,2,128,0.1,32,75,0.0,0.1,5,5,0.5,True,42
early_stopping_patience,5,39,39,8,0.5935525496800741,0.5972697516282399,0.001,64,4,2,128,0.1,32,75,0.0,0.1,5,5,0.5,True,42
early_stopping_patience,5,39,39,9,0.584277169270949,0.5946687638759613,0.001,64,4,2,128,0.1,32,75,0.0,0.1,5,5,0.5,True,42
early_stopping_patience,5,39,39,10,0.5717643217155428,0.6256037751833597,0.001,64,4,2,128,0.1,32,75,0.0,0.1,5,5,0.5,True,42
early_stopping_patience,5,39,39,11,0.5632522668350827,0.5997591773668925,0.001,64,4,2,128,0.1,32,75,0.0,0.1,5,5,0.5,True,42
early_stopping_patience,5,39,39,12,0.5441281520056002,0.6298453907171885,0.001,64,4,2,128,0.1,32,75,0.0,0.1,5,5,0.5,True,42
early_stopping_patience,5,39,39,13,0.5414722148667682,0.6440132995446523,0.001,64,4,2,128,0.1,32,75,0.0,0.1,5,5,0.5,True,42
early_stopping_patience,5,39,39,14,0.5166385968526205,0.6194021324316661,0.001,64,4,2,128,0.1,32,75,0.0,0.1,5,5,0.5,True,42
early_stopping_patience,5,40,40,1,0.6924708747502529,0.6647707859675089,0.001,64,4,2,128,0.1,32,75,0.0,0.1,5,5,0.5,True,42
early_stopping_patience,5,40,40,2,0.6616075567223809,0.634697699546814,0.001,64,4,2,128,0.1,32,75,0.0,0.1,5,5,0.5,True,42
early_stopping_patience,5,40,40,3,0.6423568836215771,0.6509960412979126,0.001,64,4,2,128,0.1,32,75,0.0,0.1,5,5,0.5,True,42
early_stopping_patience,5,40,40,4,0.6321427740833976,0.6396892905235291,0.001,64,4,2,128,0.1,32,75,0.0,0.1,5,5,0.5,True,42
early_stopping_patience,5,40,40,5,0.622952939434485,0.6160226702690125,0.001,64,4,2,128,0.1,32,75,0.0,0.1,5,5,0.5,True,42
early_stopping_patience,5,40,40,6,0.6119744646729846,0.6235562443733216,0.001,64,4,2,128,0.1,32,75,0.0,0.1,5,5,0.5,True,42
early_stopping_patience,5,40,40,7,0.6101083087198662,0.6326820095380147,0.001,64,4,2,128,0.1,32,75,0.0,0.1,5,5,0.5,True,42
early_stopping_patience,5,40,40,8,0.5900342733119474,0.6197049856185913,0.001,64,4,2,128,0.1,32,75,0.0,0.1,5,5,0.5,True,42
early_stopping_patience,5,40,40,9,0.5826836363835768,0.6519820113976796,0.001,64,4,2,128,0.1,32,75,0.0,0.1,5,5,0.5,True,42
early_stopping_patience,5,40,40,10,0.5775556449185718,0.6410327613353729,0.001,64,4,2,128,0.1,32,75,0.0,0.1,5,5,0.5,True,42
early_stopping_patience,5,41,41,1,0.6980254776550062,0.738877785205841,0.001,64,4,2,128,0.1,32,75,0.0,0.1,5,5,0.5,True,42
early_stopping_patience,5,41,41,2,0.6729817963910826,0.6484695355097453,0.001,64,4,2,128,0.1,32,75,0.0,0.1,5,5,0.5,True,42
early_stopping_patience,5,41,41,3,0.650327668948607,0.6145914951960246,0.001,64,4,2,128,0.1,32,75,0.0,0.1,5,5,0.5,True,42
early_stopping_patience,5,41,41,4,0.6394420062953775,0.6248516917228699,0.001,64,4,2,128,0.1,32,75,0.0,0.1,5,5,0.5,True,42
early_stopping_patience,5,41,41,5,0.6188508771134146,0.6417674541473388,0.001,64,4,2,128,0.1,32,75,0.0,0.1,5,5,0.5,True,42
early_stopping_patience,5,41,41,6,0.6171526218002493,0.6055034935474396,0.001,64,4,2,128,0.1,32,75,0.0,0.1,5,5,0.5,True,42
early_stopping_patience,5,41,41,7,0.6067963843092774,0.6044697761535645,0.001,64,4,2,128,0.1,32,75,0.0,0.1,5,5,0.5,True,42
early_stopping_patience,5,41,41,8,0.5976877519578645,0.6653479437033335,0.001,64,4,2,128,0.1,32,75,0.0,0.1,5,5,0.5,True,42
early_stopping_patience,5,41,41,9,0.5851293849674138,0.5915625214576721,0.001,64,4,2,128,0.1,32,75,0.0,0.1,5,5,0.5,True,42
early_stopping_patience,5,41,41,10,0.5758716705622096,0.61104629834493,0.001,64,4,2,128,0.1,32,75,0.0,0.1,5,5,0.5,True,42
early_stopping_patience,5,41,41,11,0.5668089453018073,0.691460786263148,0.001,64,4,2,128,0.1,32,75,0.0,0.1,5,5,0.5,True,42
early_stopping_patience,5,41,41,12,0.5451732774575552,0.6616591235001882,0.001,64,4,2,128,0.1,32,75,0.0,0.1,5,5,0.5,True,42
early_stopping_patience,5,41,41,13,0.5425277110753637,0.6345789770285288,0.001,64,4,2,128,0.1,32,75,0.0,0.1,5,5,0.5,True,42
early_stopping_patience,5,41,41,14,0.5362372816060529,0.611051619052887,0.001,64,4,2,128,0.1,32,75,0.0,0.1,5,5,0.5,True,42
early_stopping_patience,5,42,42,1,0.6907582454609148,0.6813807606697082,0.001,64,4,2,128,0.1,32,75,0.0,0.1,5,5,0.5,True,42
early_stopping_patience,5,42,42,2,0.66619017088052,0.6791285951932271,0.001,64,4,2,128,0.1,32,75,0.0,0.1,5,5,0.5,True,42
early_stopping_patience,5,42,42,3,0.6472381791382125,0.6449457883834839,0.001,64,4,2,128,0.1,32,75,0.0,0.1,5,5,0.5,True,42
early_stopping_patience,5,42,42,4,0.6276439952127861,0.6284001509348551,0.001,64,4,2,128,0.1,32,75,0.0,0.1,5,5,0.5,True,42
early_stopping_patience,5,42,42,5,0.6175880741440889,0.6381664832433065,0.001,64,4,2,128,0.1,32,75,0.0,0.1,5,5,0.5,True,42
early_stopping_patience,5,42,42,6,0.6285911532062473,0.6240288992722829,0.001,64,4,2,128,0.1,32,75,0.0,0.1,5,5,0.5,True,42
early_stopping_patience,5,42,42,7,0.6052149714845599,0.6369041005770365,0.001,64,4,2,128,0.1,32,75,0.0,0.1,5,5,0.5,True,42
early_stopping_patience,5,42,42,8,0.5920944055824569,0.6384762744108836,0.001,64,4,2,128,0.1,32,75,0.0,0.1,5,5,0.5,True,42
early_stopping_patience,5,42,42,9,0.5849220393733545,0.6170114358266194,0.001,64,4,2,128,0.1,32,75,0.0,0.1,5,5,0.5,True,42
early_stopping_patience,5,42,42,10,0.5742265983964457,0.636531001329422,0.001,64,4,2,128,0.1,32,75,0.0,0.1,5,5,0.5,True,42
early_stopping_patience,5,42,42,11,0.5603815786766283,0.6671210726102194,0.001,64,4,2,128,0.1,32,75,0.0,0.1,5,5,0.5,True,42
early_stopping_patience,5,42,42,12,0.5404320140228127,0.6230596780776978,0.001,64,4,2,128,0.1,32,75,0.0,0.1,5,5,0.5,True,42
early_stopping_patience,5,42,42,13,0.5258418908624938,0.7243521968523662,0.001,64,4,2,128,0.1,32,75,0.0,0.1,5,5,0.5,True,42
early_stopping_patience,5,42,42,14,0.506195506363204,0.7035437027613322,0.001,64,4,2,128,0.1,32,75,0.0,0.1,5,5,0.5,True,42
early_stopping_patience,5,43,43,1,0.6904933154582977,0.6650405486424764,0.001,64,4,2,128,0.1,32,75,0.0,0.1,5,5,0.5,True,42
early_stopping_patience,5,43,43,2,0.6666856886762561,0.6391123731931051,0.001,64,4,2,128,0.1,32,75,0.0,0.1,5,5,0.5,True,42
early_stopping_patience,5,43,43,3,0.6475564534917022,0.6323555648326874,0.001,64,4,2,128,0.1,32,75,0.0,0.1,5,5,0.5,True,42
early_stopping_patience,5,43,43,4,0.6360670562946436,0.6668972651163737,0.001,64,4,2,128,0.1,32,75,0.0,0.1,5,5,0.5,True,42
early_stopping_patience,5,43,43,5,0.632345181071397,0.6175386230150859,0.001,64,4,2,128,0.1,32,75,0.0,0.1,5,5,0.5,True,42
early_stopping_patience,5,43,43,6,0.6169058940175808,0.6166473547617595,0.001,64,4,2,128,0.1,32,75,0.0,0.1,5,5,0.5,True,42
early_stopping_patience,5,43,43,7,0.6090557277202606,0.6489608923594157,0.001,64,4,2,128,0.1,32,75,0.0,0.1,5,5,0.5,True,42
early_stopping_patience,5,43,43,8,0.5963783361243479,0.6185672223567963,0.001,64,4,2,128,0.1,32,75,0.0,0.1,5,5,0.5,True,42
early_stopping_patience,5,43,43,9,0.5874948210336945,0.6208729863166809,0.001,64,4,2,128,0.1,32,75,0.0,0.1,5,5,0.5,True,42
early_stopping_patience,5,43,43,10,0.5792208004629973,0.68076766928037,0.001,64,4,2,128,0.1,32,75,0.0,0.1,5,5,0.5,True,42
early_stopping_patience,5,43,43,11,0.5707075796795614,0.6362654328346252,0.001,64,4,2,128,0.1,32,75,0.0,0.1,5,5,0.5,True,42
early_stopping_patience,5,44,44,1,0.6883725916797464,0.6631588717301686,0.001,64,4,2,128,0.1,32,75,0.0,0.1,5,5,0.5,True,42
early_stopping_patience,5,44,44,2,0.6587638556957245,0.6410536766052246,0.001,64,4,2,128,0.1,32,75,0.0,0.1,5,5,0.5,True,42
early_stopping_patience,5,44,44,3,0.6442417245019566,0.623408971230189,0.001,64,4,2,128,0.1,32,75,0.0,0.1,5,5,0.5,True,42
early_stopping_patience,5,44,44,4,0.6314194403362997,0.6000865598519644,0.001,64,4,2,128,0.1,32,75,0.0,0.1,5,5,0.5,True,42
early_stopping_patience,5,44,44,5,0.6131246794353832,0.5974636793136596,0.001,64,4,2,128,0.1,32,75,0.0,0.1,5,5,0.5,True,42
early_stopping_patience,5,44,44,6,0.6046766331701567,0.5931730528672536,0.001,64,4,2,128,0.1,32,75,0.0,0.1,5,5,0.5,True,42
early_stopping_patience,5,44,44,7,0.6014902144670486,0.5961293955643971,0.001,64,4,2,128,0.1,32,75,0.0,0.1,5,5,0.5,True,42
early_stopping_patience,5,44,44,8,0.5932715799320828,0.6180054028828939,0.001,64,4,2,128,0.1,32,75,0.0,0.1,5,5,0.5,True,42
early_stopping_patience,5,44,44,9,0.5743093436414545,0.6008273224035899,0.001,64,4,2,128,0.1,32,75,0.0,0.1,5,5,0.5,True,42
early_stopping_patience,5,44,44,10,0.5597288608551025,0.6154900193214417,0.001,64,4,2,128,0.1,32,75,0.0,0.1,5,5,0.5,True,42
early_stopping_patience,5,44,44,11,0.5467408322023622,0.6688053011894226,0.001,64,4,2,128,0.1,32,75,0.0,0.1,5,5,0.5,True,42
early_stopping_patience,5,45,45,1,0.6870629579731913,0.6592680295308431,0.001,64,4,2,128,0.1,32,75,0.0,0.1,5,5,0.5,True,42
early_stopping_patience,5,45,45,2,0.6603486966906171,0.6298046092192332,0.001,64,4,2,128,0.1,32,75,0.0,0.1,5,5,0.5,True,42
early_stopping_patience,5,45,45,3,0.6332304622187759,0.6236853082974751,0.001,64,4,2,128,0.1,32,75,0.0,0.1,5,5,0.5,True,42
early_stopping_patience,5,45,45,4,0.6266891418984442,0.6046870132287343,0.001,64,4,2,128,0.1,32,75,0.0,0.1,5,5,0.5,True,42
early_stopping_patience,5,45,45,5,0.6179215675502112,0.6144684215386709,0.001,64,4,2,128,0.1,32,75,0.0,0.1,5,5,0.5,True,42
early_stopping_patience,5,45,45,6,0.6087782441666632,0.6066049436728159,0.001,64,4,2,128,0.1,32,75,0.0,0.1,5,5,0.5,True,42
early_stopping_patience,5,45,45,7,0.5999061566862193,0.6268932859102885,0.001,64,4,2,128,0.1,32,75,0.0,0.1,5,5,0.5,True,42
early_stopping_patience,5,45,45,8,0.5877219607884233,0.5984133660793305,0.001,64,4,2,128,0.1,32,75,0.0,0.1,5,5,0.5,True,42
early_stopping_patience,5,45,45,9,0.5865587799838095,0.6169261554876964,0.001,64,4,2,128,0.1,32,75,0.0,0.1,5,5,0.5,True,42
early_stopping_patience,5,45,45,10,0.5738709727019975,0.6186118145783742,0.001,64,4,2,128,0.1,32,75,0.0,0.1,5,5,0.5,True,42
early_stopping_patience,5,45,45,11,0.5604809983210131,0.6620132923126221,0.001,64,4,2,128,0.1,32,75,0.0,0.1,5,5,0.5,True,42
early_stopping_patience,5,45,45,12,0.5618347162098596,0.6456458846728007,0.001,64,4,2,128,0.1,32,75,0.0,0.1,5,5,0.5,True,42
early_stopping_patience,5,45,45,13,0.5427772048296351,0.6170934816201528,0.001,64,4,2,128,0.1,32,75,0.0,0.1,5,5,0.5,True,42
early_stopping_patience,5,46,46,1,0.6919207672278086,0.6938868204752604,0.001,64,4,2,128,0.1,32,75,0.0,0.1,5,5,0.5,True,42
early_stopping_patience,5,46,46,2,0.6662811844637899,0.6520926396052042,0.001,64,4,2,128,0.1,32,75,0.0,0.1,5,5,0.5,True,42
early_stopping_patience,5,46,46,3,0.6526970262780334,0.6376243869463603,0.001,64,4,2,128,0.1,32,75,0.0,0.1,5,5,0.5,True,42
early_stopping_patience,5,46,46,4,0.6317781164790645,0.6136699020862579,0.001,64,4,2,128,0.1,32,75,0.0,0.1,5,5,0.5,True,42
early_stopping_patience,5,46,46,5,0.6221228273528995,0.6153414646784464,0.001,64,4,2,128,0.1,32,75,0.0,0.1,5,5,0.5,True,42
early_stopping_patience,5,46,46,6,0.6166537794651408,0.604610925912857,0.001,64,4,2,128,0.1,32,75,0.0,0.1,5,5,0.5,True,42
early_stopping_patience,5,46,46,7,0.6124222400513563,0.6278876105944315,0.001,64,4,2,128,0.1,32,75,0.0,0.1,5,5,0.5,True,42
early_stopping_patience,5,46,46,8,0.5978637461860975,0.597401104370753,0.001,64,4,2,128,0.1,32,75,0.0,0.1,5,5,0.5,True,42
early_stopping_patience,5,46,46,9,0.5983283969037461,0.6320309201876323,0.001,64,4,2,128,0.1,32,75,0.0,0.1,5,5,0.5,True,42
early_stopping_patience,5,46,46,10,0.5894848397283843,0.6121778567632039,0.001,64,4,2,128,0.1,32,75,0.0,0.1,5,5,0.5,True,42
early_stopping_patience,5,46,46,11,0.5699037137356672,0.609851888815562,0.001,64,4,2,128,0.1,32,75,0.0,0.1,5,5,0.5,True,42
early_stopping_patience,5,46,46,12,0.5637326592748816,0.6566516995429993,0.001,64,4,2,128,0.1,32,75,0.0,0.1,5,5,0.5,True,42
early_stopping_patience,5,46,46,13,0.5378092619957346,0.6325474699338277,0.001,64,4,2,128,0.1,32,75,0.0,0.1,5,5,0.5,True,42
early_stopping_patience,5,47,47,1,0.6897359043359756,0.6933175245920817,0.001,64,4,2,128,0.1,32,75,0.0,0.1,5,5,0.5,True,42
early_stopping_patience,5,47,47,2,0.6725738960685153,0.6434219201405843,0.001,64,4,2,128,0.1,32,75,0.0,0.1,5,5,0.5,True,42
early_stopping_patience,5,47,47,3,0.647908521421028,0.6297368764877319,0.001,64,4,2,128,0.1,32,75,0.0,0.1,5,5,0.5,True,42
early_stopping_patience,5,47,47,4,0.6283823874863711,0.6181085149447123,0.001,64,4,2,128,0.1,32,75,0.0,0.1,5,5,0.5,True,42
early_stopping_patience,5,47,47,5,0.615889529161381,0.6110865751902262,0.001,64,4,2,128,0.1,32,75,0.0,0.1,5,5,0.5,True,42
early_stopping_patience,5,47,47,6,0.6103702519427646,0.6129278520743052,0.001,64,4,2,128,0.1,32,75,0.0,0.1,5,5,0.5,True,42
early_stopping_patience,5,47,47,7,0.5981732683651375,0.6167705893516541,0.001,64,4,2,128,0.1,32,75,0.0,0.1,5,5,0.5,True,42
early_stopping_patience,5,47,47,8,0.5883024000760281,0.6069775263468424,0.001,64,4,2,128,0.1,32,75,0.0,0.1,5,5,0.5,True,42
early_stopping_patience,5,47,47,9,0.5828467774571795,0.6516272743542989,0.001,64,4,2,128,0.1,32,75,0.0,0.1,5,5,0.5,True,42
early_stopping_patience,5,47,47,10,0.5669173941467748,0.6068047920862834,0.001,64,4,2,128,0.1,32,75,0.0,0.1,5,5,0.5,True,42
early_stopping_patience,5,47,47,11,0.5533339561838092,0.6193747003873189,0.001,64,4,2,128,0.1,32,75,0.0,0.1,5,5,0.5,True,42
early_stopping_patience,5,47,47,12,0.5367686969764305,0.6335305372873942,0.001,64,4,2,128,0.1,32,75,0.0,0.1,5,5,0.5,True,42
early_stopping_patience,5,47,47,13,0.5189432018634045,0.663050792614619,0.001,64,4,2,128,0.1,32,75,0.0,0.1,5,5,0.5,True,42
early_stopping_patience,5,47,47,14,0.5131868611682545,0.6665863772233327,0.001,64,4,2,128,0.1,32,75,0.0,0.1,5,5,0.5,True,42
early_stopping_patience,5,47,47,15,0.4828314187400269,0.7014491240183512,0.001,64,4,2,128,0.1,32,75,0.0,0.1,5,5,0.5,True,42
early_stopping_patience,5,48,48,1,0.7006652480677554,0.6879729906717936,0.001,64,4,2,128,0.1,32,75,0.0,0.1,5,5,0.5,True,42
early_stopping_patience,5,48,48,2,0.672036001556798,0.6557935476303101,0.001,64,4,2,128,0.1,32,75,0.0,0.1,5,5,0.5,True,42
early_stopping_patience,5,48,48,3,0.6511545441204444,0.6271328926086426,0.001,64,4,2,128,0.1,32,75,0.0,0.1,5,5,0.5,True,42
early_stopping_patience,5,48,48,4,0.6355589603571067,0.6255171517531077,0.001,64,4,2,128,0.1,32,75,0.0,0.1,5,5,0.5,True,42
early_stopping_patience,5,48,48,5,0.6170215270573035,0.6050225714842479,0.001,64,4,2,128,0.1,32,75,0.0,0.1,5,5,0.5,True,42
early_stopping_patience,5,48,48,6,0.6059868667358742,0.6454276104768117,0.001,64,4,2,128,0.1,32,75,0.0,0.1,5,5,0.5,True,42
early_stopping_patience,5,48,48,7,0.5915654904412148,0.6113714098930358,0.001,64,4,2,128,0.1,32,75,0.0,0.1,5,5,0.5,True,42
early_stopping_patience,5,48,48,8,0.5843334480335838,0.6023048599561055,0.001,64,4,2,128,0.1,32,75,0.0,0.1,5,5,0.5,True,42
early_stopping_patience,5,48,48,9,0.5637596126337697,0.6173479894797007,0.001,64,4,2,128,0.1,32,75,0.0,0.1,5,5,0.5,True,42
early_stopping_patience,5,48,48,10,0.571275896595833,0.6083347082138062,0.001,64,4,2,128,0.1,32,75,0.0,0.1,5,5,0.5,True,42
early_stopping_patience,5,48,48,11,0.5493251217487163,0.6127317130565644,0.001,64,4,2,128,0.1,32,75,0.0,0.1,5,5,0.5,True,42
early_stopping_patience,5,48,48,12,0.5175766561712537,0.7006360709667205,0.001,64,4,2,128,0.1,32,75,0.0,0.1,5,5,0.5,True,42
early_stopping_patience,5,48,48,13,0.5262025906179184,0.63415540655454,0.001,64,4,2,128,0.1,32,75,0.0,0.1,5,5,0.5,True,42
early_stopping_patience,5,49,49,1,0.6959610310467806,0.6797806104024251,0.001,64,4,2,128,0.1,32,75,0.0,0.1,5,5,0.5,True,42
early_stopping_patience,5,49,49,2,0.6643393911195524,0.6596814235051472,0.001,64,4,2,128,0.1,32,75,0.0,0.1,5,5,0.5,True,42
early_stopping_patience,5,49,49,3,0.6425050749923243,0.6744185368220011,0.001,64,4,2,128,0.1,32,75,0.0,0.1,5,5,0.5,True,42
early_stopping_patience,5,49,49,4,0.6318504239122072,0.646363910039266,0.001,64,4,2,128,0.1,32,75,0.0,0.1,5,5,0.5,True,42
early_stopping_patience,5,49,49,5,0.6204272120287924,0.6119503657023112,0.001,64,4,2,128,0.1,32,75,0.0,0.1,5,5,0.5,True,42
early_stopping_patience,5,49,49,6,0.6139955990242235,0.6235500772794088,0.001,64,4,2,128,0.1,32,75,0.0,0.1,5,5,0.5,True,42
early_stopping_patience,5,49,49,7,0.6037819785150614,0.6006073037783305,0.001,64,4,2,128,0.1,32,75,0.0,0.1,5,5,0.5,True,42
early_stopping_patience,5,49,49,8,0.601944321935827,0.6061228473981222,0.001,64,4,2,128,0.1,32,75,0.0,0.1,5,5,0.5,True,42
early_stopping_patience,5,49,49,9,0.5845194429610715,0.6270622154076894,0.001,64,4,2,128,0.1,32,75,0.0,0.1,5,5,0.5,True,42
early_stopping_patience,5,49,49,10,0.5739360153675079,0.6285682260990143,0.001,64,4,2,128,0.1,32,75,0.0,0.1,5,5,0.5,True,42
early_stopping_patience,5,49,49,11,0.5641951048464486,0.6249319950739542,0.001,64,4,2,128,0.1,32,75,0.0,0.1,5,5,0.5,True,42
early_stopping_patience,5,49,49,12,0.5379814636526685,0.6430368721485138,0.001,64,4,2,128,0.1,32,75,0.0,0.1,5,5,0.5,True,42
early_stopping_patience,5,50,50,1,0.6941884209712347,0.6685342431068421,0.001,64,4,2,128,0.1,32,75,0.0,0.1,5,5,0.5,True,42
early_stopping_patience,5,50,50,2,0.653022359717976,0.6289856215318044,0.001,64,4,2,128,0.1,32,75,0.0,0.1,5,5,0.5,True,42
early_stopping_patience,5,50,50,3,0.6439238764119871,0.6323320587476094,0.001,64,4,2,128,0.1,32,75,0.0,0.1,5,5,0.5,True,42
early_stopping_patience,5,50,50,4,0.6267311749133196,0.6284372309843699,0.001,64,4,2,128,0.1,32,75,0.0,0.1,5,5,0.5,True,42
early_stopping_patience,5,50,50,5,0.6215370405804027,0.6127181907494863,0.001,64,4,2,128,0.1,32,75,0.0,0.1,5,5,0.5,True,42
early_stopping_patience,5,50,50,6,0.6090764798449747,0.6137501060962677,0.001,64,4,2,128,0.1,32,75,0.0,0.1,5,5,0.5,True,42
early_stopping_patience,5,50,50,7,0.6029033554774342,0.6187412818272908,0.001,64,4,2,128,0.1,32,75,0.0,0.1,5,5,0.5,True,42
early_stopping_patience,5,50,50,8,0.5835975616267233,0.6762702385584514,0.001,64,4,2,128,0.1,32,75,0.0,0.1,5,5,0.5,True,42
early_stopping_patience,5,50,50,9,0.5796094762556481,0.6259320358435313,0.001,64,4,2,128,0.1,32,75,0.0,0.1,5,5,0.5,True,42
early_stopping_patience,5,50,50,10,0.5692922389416983,0.6879193643728893,0.001,64,4,2,128,0.1,32,75,0.0,0.1,5,5,0.5,True,42
early_stopping_patience,5,51,51,1,0.7040184840108409,0.6768724203109742,0.001,64,4,2,128,0.1,32,75,0.0,0.1,5,5,0.5,True,42
early_stopping_patience,5,51,51,2,0.6796333753701412,0.6552185575167339,0.001,64,4,2,128,0.1,32,75,0.0,0.1,5,5,0.5,True,42
early_stopping_patience,5,51,51,3,0.6532801674170927,0.6279725929101309,0.001,64,4,2,128,0.1,32,75,0.0,0.1,5,5,0.5,True,42
early_stopping_patience,5,51,51,4,0.6399046769647887,0.6462598105271657,0.001,64,4,2,128,0.1,32,75,0.0,0.1,5,5,0.5,True,42
early_stopping_patience,5,51,51,5,0.622667410608494,0.6114954074223836,0.001,64,4,2,128,0.1,32,75,0.0,0.1,5,5,0.5,True,42
early_stopping_patience,5,51,51,6,0.6156264694802689,0.6116837124029796,0.001,64,4,2,128,0.1,32,75,0.0,0.1,5,5,0.5,True,42
early_stopping_patience,5,51,51,7,0.6001535954348969,0.6341221948464711,0.001,64,4,2,128,0.1,32,75,0.0,0.1,5,5,0.5,True,42
early_stopping_patience,5,51,51,8,0.5948725078593601,0.6127423683802287,0.001,64,4,2,128,0.1,32,75,0.0,0.1,5,5,0.5,True,42
early_stopping_patience,5,51,51,9,0.5746718888933008,0.6543956756591797,0.001,64,4,2,128,0.1,32,75,0.0,0.1,5,5,0.5,True,42
early_stopping_patience,5,51,51,10,0.572224576364864,0.6439716478188833,0.001,64,4,2,128,0.1,32,75,0.0,0.1,5,5,0.5,True,42
early_stopping_patience,5,52,52,1,0.6978103337865887,0.6774319767951965,0.001,64,4,2,128,0.1,32,75,0.0,0.1,5,5,0.5,True,42
early_stopping_patience,5,52,52,2,0.6769697946129423,0.6470019261042277,0.001,64,4,2,128,0.1,32,75,0.0,0.1,5,5,0.5,True,42
early_stopping_patience,5,52,52,3,0.6552465774796226,0.6651726921399435,0.001,64,4,2,128,0.1,32,75,0.0,0.1,5,5,0.5,True,42
early_stopping_patience,5,52,52,4,0.633049907557892,0.6357126196225484,0.001,64,4,2,128,0.1,32,75,0.0,0.1,5,5,0.5,True,42
early_stopping_patience,5,52,52,5,0.6296392959175687,0.6069373647371928,0.001,64,4,2,128,0.1,32,75,0.0,0.1,5,5,0.5,True,42
early_stopping_patience,5,52,52,6,0.6142268505963412,0.614070067803065,0.001,64,4,2,128,0.1,32,75,0.0,0.1,5,5,0.5,True,42
early_stopping_patience,5,52,52,7,0.6003849427356864,0.67241672873497,0.001,64,4,2,128,0.1,32,75,0.0,0.1,5,5,0.5,True,42
early_stopping_patience,5,52,52,8,0.6011700474403121,0.6223531206448872,0.001,64,4,2,128,0.1,32,75,0.0,0.1,5,5,0.5,True,42
early_stopping_patience,5,52,52,9,0.5770225542964358,0.6132848024368286,0.001,64,4,2,128,0.1,32,75,0.0,0.1,5,5,0.5,True,42
early_stopping_patience,5,52,52,10,0.5711633429834337,0.6136832515398661,0.001,64,4,2,128,0.1,32,75,0.0,0.1,5,5,0.5,True,42
early_stopping_patience,5,53,53,1,0.6946163737412655,0.6743684669335683,0.001,64,4,2,128,0.1,32,75,0.0,0.1,5,5,0.5,True,42
early_stopping_patience,5,53,53,2,0.6558946942289671,0.6406966904799144,0.001,64,4,2,128,0.1,32,75,0.0,0.1,5,5,0.5,True,42
early_stopping_patience,5,53,53,3,0.632176218159271,0.6568438072999319,0.001,64,4,2,128,0.1,32,75,0.0,0.1,5,5,0.5,True,42
early_stopping_patience,5,53,53,4,0.6213162180149194,0.6060625791549683,0.001,64,4,2,128,0.1,32,75,0.0,0.1,5,5,0.5,True,42
early_stopping_patience,5,53,53,5,0.6086557857466467,0.6431102673212687,0.001,64,4,2,128,0.1,32,75,0.0,0.1,5,5,0.5,True,42
early_stopping_patience,5,53,53,6,0.6018519778594826,0.6164763371149699,0.001,64,4,2,128,0.1,32,75,0.0,0.1,5,5,0.5,True,42
early_stopping_patience,5,53,53,7,0.5897794225902269,0.6079288125038147,0.001,64,4,2,128,0.1,32,75,0.0,0.1,5,5,0.5,True,42
early_stopping_patience,5,53,53,8,0.5776945214831468,0.6233320991198222,0.001,64,4,2,128,0.1,32,75,0.0,0.1,5,5,0.5,True,42
early_stopping_patience,5,53,53,9,0.5745231254082738,0.6255805313587188,0.001,64,4,2,128,0.1,32,75,0.0,0.1,5,5,0.5,True,42
early_stopping_patience,5,54,54,1,0.7010394465742689,0.6758343140284221,0.001,64,4,2,128,0.1,32,75,0.0,0.1,5,5,0.5,True,42
early_stopping_patience,5,54,54,2,0.6698467961766503,0.6640867114067077,0.001,64,4,2,128,0.1,32,75,0.0,0.1,5,5,0.5,True,42
early_stopping_patience,5,54,54,3,0.6472602432424371,0.6294458508491516,0.001,64,4,2,128,0.1,32,75,0.0,0.1,5,5,0.5,True,42
early_stopping_patience,5,54,54,4,0.6288488873026588,0.6397725542386373,0.001,64,4,2,128,0.1,32,75,0.0,0.1,5,5,0.5,True,42
early_stopping_patience,5,54,54,5,0.6211625538540609,0.6242912451426188,0.001,64,4,2,128,0.1,32,75,0.0,0.1,5,5,0.5,True,42
early_stopping_patience,5,54,54,6,0.6052613292228092,0.6490045845508575,0.001,64,4,2,128,0.1,32,75,0.0,0.1,5,5,0.5,True,42
early_stopping_patience,5,54,54,7,0.5954053970900449,0.6326004266738892,0.001,64,4,2,128,0.1,32,75,0.0,0.1,5,5,0.5,True,42
early_stopping_patience,5,54,54,8,0.5852466975197648,0.618384963274002,0.001,64,4,2,128,0.1,32,75,0.0,0.1,5,5,0.5,True,42
early_stopping_patience,5,54,54,9,0.5784774099787077,0.6496210813522338,0.001,64,4,2,128,0.1,32,75,0.0,0.1,5,5,0.5,True,42
early_stopping_patience,5,54,54,10,0.5610864275332653,0.6802594383557637,0.001,64,4,2,128,0.1,32,75,0.0,0.1,5,5,0.5,True,42
early_stopping_patience,5,54,54,11,0.5420804208878315,0.6621777057647705,0.001,64,4,2,128,0.1,32,75,0.0,0.1,5,5,0.5,True,42
early_stopping_patience,5,54,54,12,0.5295378928157416,0.655649745464325,0.001,64,4,2,128,0.1,32,75,0.0,0.1,5,5,0.5,True,42
early_stopping_patience,5,54,54,13,0.5225120441931667,0.681496665875117,0.001,64,4,2,128,0.1,32,75,0.0,0.1,5,5,0.5,True,42
early_stopping_patience,5,55,55,1,0.6854383552616293,0.6966304858525594,0.001,64,4,2,128,0.1,32,75,0.0,0.1,5,5,0.5,True,42
early_stopping_patience,5,55,55,2,0.673874198938861,0.6623150269190471,0.001,64,4,2,128,0.1,32,75,0.0,0.1,5,5,0.5,True,42
early_stopping_patience,5,55,55,3,0.6363779785055103,0.6585779209931691,0.001,64,4,2,128,0.1,32,75,0.0,0.1,5,5,0.5,True,42
early_stopping_patience,5,55,55,4,0.6317047088435201,0.6477267861366272,0.001,64,4,2,128,0.1,32,75,0.0,0.1,5,5,0.5,True,42
early_stopping_patience,5,55,55,5,0.6235496864625902,0.6386547267436982,0.001,64,4,2,128,0.1,32,75,0.0,0.1,5,5,0.5,True,42
early_stopping_patience,5,55,55,6,0.6114268388712045,0.616703208287557,0.001,64,4,2,128,0.1,32,75,0.0,0.1,5,5,0.5,True,42
early_stopping_patience,5,55,55,7,0.5980849527951443,0.6100756525993347,0.001,64,4,2,128,0.1,32,75,0.0,0.1,5,5,0.5,True,42
early_stopping_patience,5,55,55,8,0.5981105572798036,0.6097226878007252,0.001,64,4,2,128,0.1,32,75,0.0,0.1,5,5,0.5,True,42
early_stopping_patience,5,55,55,9,0.5798988938331604,0.6239696482817332,0.001,64,4,2,128,0.1,32,75,0.0,0.1,5,5,0.5,True,42
early_stopping_patience,5,55,55,10,0.5782114730188341,0.6268257399400076,0.001,64,4,2,128,0.1,32,75,0.0,0.1,5,5,0.5,True,42
early_stopping_patience,5,55,55,11,0.5708254503481316,0.6303352117538452,0.001,64,4,2,128,0.1,32,75,0.0,0.1,5,5,0.5,True,42
early_stopping_patience,5,55,55,12,0.550204033201391,0.6216694315274557,0.001,64,4,2,128,0.1,32,75,0.0,0.1,5,5,0.5,True,42
early_stopping_patience,5,55,55,13,0.5366637659343806,0.6469142258167266,0.001,64,4,2,128,0.1,32,75,0.0,0.1,5,5,0.5,True,42
early_stopping_patience,5,56,56,1,0.6872750109795368,0.6954573849836986,0.001,64,4,2,128,0.1,32,75,0.0,0.1,5,5,0.5,True,42
early_stopping_patience,5,56,56,2,0.6606964685700156,0.6609048048655192,0.001,64,4,2,128,0.1,32,75,0.0,0.1,5,5,0.5,True,42
early_stopping_patience,5,56,56,3,0.6388250521638177,0.6355215688546498,0.001,64,4,2,128,0.1,32,75,0.0,0.1,5,5,0.5,True,42
early_stopping_patience,5,56,56,4,0.6358950539971843,0.627848744392395,0.001,64,4,2,128,0.1,32,75,0.0,0.1,5,5,0.5,True,42
early_stopping_patience,5,56,56,5,0.6148901376308817,0.6545839786529541,0.001,64,4,2,128,0.1,32,75,0.0,0.1,5,5,0.5,True,42
early_stopping_patience,5,56,56,6,0.6089937020883416,0.6327745179335277,0.001,64,4,2,128,0.1,32,75,0.0,0.1,5,5,0.5,True,42
early_stopping_patience,5,56,56,7,0.5966958245544722,0.629321410258611,0.001,64,4,2,128,0.1,32,75,0.0,0.1,5,5,0.5,True,42
early_stopping_patience,5,56,56,8,0.5913883346048269,0.6241912206013998,0.001,64,4,2,128,0.1,32,75,0.0,0.1,5,5,0.5,True,42
early_stopping_patience,5,56,56,9,0.5746605129856052,0.6420999844868978,0.001,64,4,2,128,0.1,32,75,0.0,0.1,5,5,0.5,True,42
early_stopping_patience,5,56,56,10,0.5683892773407878,0.6323906044165294,0.001,64,4,2,128,0.1,32,75,0.0,0.1,5,5,0.5,True,42
early_stopping_patience,5,56,56,11,0.5558962320739572,0.6222640633583069,0.001,64,4,2,128,0.1,32,75,0.0,0.1,5,5,0.5,True,42
early_stopping_patience,5,56,56,12,0.5364443587534355,0.6791612207889557,0.001,64,4,2,128,0.1,32,75,0.0,0.1,5,5,0.5,True,42
early_stopping_patience,5,56,56,13,0.5199573426084085,0.6675584514935812,0.001,64,4,2,128,0.1,32,75,0.0,0.1,5,5,0.5,True,42
early_stopping_patience,5,56,56,14,0.510363326153972,0.7311127642790477,0.001,64,4,2,128,0.1,32,75,0.0,0.1,5,5,0.5,True,42
early_stopping_patience,5,56,56,15,0.4903726117177443,0.7174090385437012,0.001,64,4,2,128,0.1,32,75,0.0,0.1,5,5,0.5,True,42
early_stopping_patience,5,56,56,16,0.46735361715157825,0.6937770326932271,0.001,64,4,2,128,0.1,32,75,0.0,0.1,5,5,0.5,True,42
early_stopping_patience,5,57,57,1,0.6911148492133978,0.6665202260017395,0.001,64,4,2,128,0.1,32,75,0.0,0.1,5,5,0.5,True,42
early_stopping_patience,5,57,57,2,0.6646869986346273,0.6403025428454081,0.001,64,4,2,128,0.1,32,75,0.0,0.1,5,5,0.5,True,42
early_stopping_patience,5,57,57,3,0.6475909582593224,0.6285415828227997,0.001,64,4,2,128,0.1,32,75,0.0,0.1,5,5,0.5,True,42
early_stopping_patience,5,57,57,4,0.6252040788531303,0.6382114986578623,0.001,64,4,2,128,0.1,32,75,0.0,0.1,5,5,0.5,True,42
early_stopping_patience,5,57,57,5,0.6194039885744904,0.6077622234821319,0.001,64,4,2,128,0.1,32,75,0.0,0.1,5,5,0.5,True,42
early_stopping_patience,5,57,57,6,0.6050020404385797,0.6101008196671803,0.001,64,4,2,128,0.1,32,75,0.0,0.1,5,5,0.5,True,42
early_stopping_patience,5,57,57,7,0.5985410306038279,0.6095300356547038,0.001,64,4,2,128,0.1,32,75,0.0,0.1,5,5,0.5,True,42
early_stopping_patience,5,57,57,8,0.5938398095242905,0.6245929439862569,0.001,64,4,2,128,0.1,32,75,0.0,0.1,5,5,0.5,True,42
early_stopping_patience,5,57,57,9,0.5723940041480642,0.61398117740949,0.001,64,4,2,128,0.1,32,75,0.0,0.1,5,5,0.5,True,42
early_stopping_patience,5,57,57,10,0.5683816583319143,0.6490365823109945,0.001,64,4,2,128,0.1,32,75,0.0,0.1,5,5,0.5,True,42
early_stopping_patience,5,58,58,1,0.6787023756540183,0.6968809068202972,0.001,64,4,2,128,0.1,32,75,0.0,0.1,5,5,0.5,True,42
early_stopping_patience,5,58,58,2,0.6553199593767975,0.6236987312634786,0.001,64,4,2,128,0.1,32,75,0.0,0.1,5,5,0.5,True,42
early_stopping_patience,5,58,58,3,0.6435270557800928,0.6213970681031545,0.001,64,4,2,128,0.1,32,75,0.0,0.1,5,5,0.5,True,42
early_stopping_patience,5,58,58,4,0.6275964659271818,0.6295260290304819,0.001,64,4,2,128,0.1,32,75,0.0,0.1,5,5,0.5,True,42
early_stopping_patience,5,58,58,5,0.6252804619796348,0.6079026559988657,0.001,64,4,2,128,0.1,32,75,0.0,0.1,5,5,0.5,True,42
early_stopping_patience,5,58,58,6,0.6083826147245638,0.6065312405427297,0.001,64,4,2,128,0.1,32,75,0.0,0.1,5,5,0.5,True,42
early_stopping_patience,5,58,58,7,0.6028147007931363,0.6456452210744222,0.001,64,4,2,128,0.1,32,75,0.0,0.1,5,5,0.5,True,42
early_stopping_patience,5,58,58,8,0.6019103725751241,0.7216031471888225,0.001,64,4,2,128,0.1,32,75,0.0,0.1,5,5,0.5,True,42
early_stopping_patience,5,58,58,9,0.5966473862980352,0.6321753601233164,0.001,64,4,2,128,0.1,32,75,0.0,0.1,5,5,0.5,True,42
early_stopping_patience,5,58,58,10,0.5750805986198512,0.6344608585039775,0.001,64,4,2,128,0.1,32,75,0.0,0.1,5,5,0.5,True,42
early_stopping_patience,5,58,58,11,0.5592804964293133,0.6248605052630106,0.001,64,4,2,128,0.1,32,75,0.0,0.1,5,5,0.5,True,42
early_stopping_patience,5,59,59,1,0.6921383892044877,0.6627717157204945,0.001,64,4,2,128,0.1,32,75,0.0,0.1,5,5,0.5,True,42
early_stopping_patience,5,59,59,2,0.6642262454737317,0.6393604755401612,0.001,64,4,2,128,0.1,32,75,0.0,0.1,5,5,0.5,True,42
early_stopping_patience,5,59,59,3,0.6374059576879848,0.6390129526456197,0.001,64,4,2,128,0.1,32,75,0.0,0.1,5,5,0.5,True,42
early_stopping_patience,5,59,59,4,0.6233270538575721,0.6472772121429443,0.001,64,4,2,128,0.1,32,75,0.0,0.1,5,5,0.5,True,42
early_stopping_patience,5,59,59,5,0.6092060775016294,0.6187228043874105,0.001,64,4,2,128,0.1,32,75,0.0,0.1,5,5,0.5,True,42
early_stopping_patience,5,59,59,6,0.6046716837268887,0.6176750719547272,0.001,64,4,2,128,0.1,32,75,0.0,0.1,5,5,0.5,True,42
early_stopping_patience,5,59,59,7,0.5933547555045648,0.6346195538838705,0.001,64,4,2,128,0.1,32,75,0.0,0.1,5,5,0.5,True,42
early_stopping_patience,5,59,59,8,0.5808410238135945,0.6305574158827464,0.001,64,4,2,128,0.1,32,75,0.0,0.1,5,5,0.5,True,42
early_stopping_patience,5,59,59,9,0.5855671395406579,0.6286464432875315,0.001,64,4,2,128,0.1,32,75,0.0,0.1,5,5,0.5,True,42
early_stopping_patience,5,59,59,10,0.5608894953673537,0.6487111111481985,0.001,64,4,2,128,0.1,32,75,0.0,0.1,5,5,0.5,True,42
early_stopping_patience,5,59,59,11,0.5429351862632867,0.6597435951232911,0.001,64,4,2,128,0.1,32,75,0.0,0.1,5,5,0.5,True,42
early_stopping_patience,5,60,60,1,0.6871909381765308,0.7041430592536926,0.001,64,4,2,128,0.1,32,75,0.0,0.1,5,5,0.5,True,42
early_stopping_patience,5,60,60,2,0.6604065542871301,0.6672349413235982,0.001,64,4,2,128,0.1,32,75,0.0,0.1,5,5,0.5,True,42
early_stopping_patience,5,60,60,3,0.6436726220629432,0.6265158971150716,0.001,64,4,2,128,0.1,32,75,0.0,0.1,5,5,0.5,True,42
early_stopping_patience,5,60,60,4,0.6226627478996912,0.6294902225335439,0.001,64,4,2,128,0.1,32,75,0.0,0.1,5,5,0.5,True,42
early_stopping_patience,5,60,60,5,0.6240134729128896,0.6285684009393057,0.001,64,4,2,128,0.1,32,75,0.0,0.1,5,5,0.5,True,42
early_stopping_patience,5,60,60,6,0.6094960084918774,0.6150328159332276,0.001,64,4,2,128,0.1,32,75,0.0,0.1,5,5,0.5,True,42
early_stopping_patience,5,60,60,7,0.607654104178602,0.6115938047568004,0.001,64,4,2,128,0.1,32,75,0.0,0.1,5,5,0.5,True,42
early_stopping_patience,5,60,60,8,0.5948625735261224,0.6310510436693827,0.001,64,4,2,128,0.1,32,75,0.0,0.1,5,5,0.5,True,42
early_stopping_patience,5,60,60,9,0.5870894855170539,0.6148805061976115,0.001,64,4,2,128,0.1,32,75,0.0,0.1,5,5,0.5,True,42
early_stopping_patience,5,60,60,10,0.5773273620641592,0.5999615907669067,0.001,64,4,2,128,0.1,32,75,0.0,0.1,5,5,0.5,True,42
early_stopping_patience,5,60,60,11,0.5572189309380271,0.6575945317745209,0.001,64,4,2,128,0.1,32,75,0.0,0.1,5,5,0.5,True,42
early_stopping_patience,5,60,60,12,0.5563333720871897,0.6182296872138977,0.001,64,4,2,128,0.1,32,75,0.0,0.1,5,5,0.5,True,42
early_stopping_patience,5,60,60,13,0.5368922777248152,0.625734414656957,0.001,64,4,2,128,0.1,32,75,0.0,0.1,5,5,0.5,True,42
early_stopping_patience,5,60,60,14,0.5150260956901492,0.6519045472145081,0.001,64,4,2,128,0.1,32,75,0.0,0.1,5,5,0.5,True,42
early_stopping_patience,5,60,60,15,0.49541352192560834,0.6846235076586406,0.001,64,4,2,128,0.1,32,75,0.0,0.1,5,5,0.5,True,42
early_stopping_patience,5,61,61,1,0.6993706501794584,0.6692134420077006,0.001,64,4,2,128,0.1,32,75,0.0,0.1,5,5,0.5,True,42
early_stopping_patience,5,61,61,2,0.6661948037870002,0.6551221867402395,0.001,64,4,2,128,0.1,32,75,0.0,0.1,5,5,0.5,True,42
early_stopping_patience,5,61,61,3,0.6506295736991998,0.7273317197958629,0.001,64,4,2,128,0.1,32,75,0.0,0.1,5,5,0.5,True,42
early_stopping_patience,5,61,61,4,0.6441318108276888,0.6326224048932393,0.001,64,4,2,128,0.1,32,75,0.0,0.1,5,5,0.5,True,42
early_stopping_patience,5,61,61,5,0.6239649457010356,0.6315008282661438,0.001,64,4,2,128,0.1,32,75,0.0,0.1,5,5,0.5,True,42
early_stopping_patience,5,61,61,6,0.6134825723640847,0.6233932375907898,0.001,64,4,2,128,0.1,32,75,0.0,0.1,5,5,0.5,True,42
early_stopping_patience,5,61,61,7,0.6129982004111464,0.6293310681978862,0.001,64,4,2,128,0.1,32,75,0.0,0.1,5,5,0.5,True,42
early_stopping_patience,5,61,61,8,0.5988910304326,0.6403688867886861,0.001,64,4,2,128,0.1,32,75,0.0,0.1,5,5,0.5,True,42
early_stopping_patience,5,61,61,9,0.5930921326984059,0.6561074376106262,0.001,64,4,2,128,0.1,32,75,0.0,0.1,5,5,0.5,True,42
early_stopping_patience,5,61,61,10,0.574243781693054,0.6967116753260295,0.001,64,4,2,128,0.1,32,75,0.0,0.1,5,5,0.5,True,42
early_stopping_patience,5,61,61,11,0.5767876519398256,0.6409724871317546,0.001,64,4,2,128,0.1,32,75,0.0,0.1,5,5,0.5,True,42
early_stopping_patience,5,62,62,1,0.6929890152179834,0.6715126236279806,0.001,64,4,2,128,0.1,32,75,0.0,0.1,5,5,0.5,True,42
early_stopping_patience,5,62,62,2,0.6634223393418572,0.6671704808870952,0.001,64,4,2,128,0.1,32,75,0.0,0.1,5,5,0.5,True,42
early_stopping_patience,5,62,62,3,0.6459045737530246,0.6839128275712331,0.001,64,4,2,128,0.1,32,75,0.0,0.1,5,5,0.5,True,42
early_stopping_patience,5,62,62,4,0.6337754189065008,0.6938728133837382,0.001,64,4,2,128,0.1,32,75,0.0,0.1,5,5,0.5,True,42
early_stopping_patience,5,62,62,5,0.6243728823734053,0.6288519104321798,0.001,64,4,2,128,0.1,32,75,0.0,0.1,5,5,0.5,True,42
early_stopping_patience,5,62,62,6,0.6150386213804736,0.6268164157867432,0.001,64,4,2,128,0.1,32,75,0.0,0.1,5,5,0.5,True,42
early_stopping_patience,5,62,62,7,0.6096967199083531,0.6300377408663432,0.001,64,4,2,128,0.1,32,75,0.0,0.1,5,5,0.5,True,42
early_stopping_patience,5,62,62,8,0.5969533857071039,0.6388692279656728,0.001,64,4,2,128,0.1,32,75,0.0,0.1,5,5,0.5,True,42
early_stopping_patience,5,62,62,9,0.5922999472329111,0.6354216436545054,0.001,64,4,2,128,0.1,32,75,0.0,0.1,5,5,0.5,True,42
early_stopping_patience,5,62,62,10,0.5812215766671932,0.7239837765693664,0.001,64,4,2,128,0.1,32,75,0.0,0.1,5,5,0.5,True,42
early_stopping_patience,5,62,62,11,0.5675911138003523,0.6574730257193248,0.001,64,4,2,128,0.1,32,75,0.0,0.1,5,5,0.5,True,42
early_stopping_patience,5,63,63,1,0.6963787873586019,0.6831995725631714,0.001,64,4,2,128,0.1,32,75,0.0,0.1,5,5,0.5,True,42
early_stopping_patience,5,63,63,2,0.6737386376568766,0.6581914901733399,0.001,64,4,2,128,0.1,32,75,0.0,0.1,5,5,0.5,True,42
early_stopping_patience,5,63,63,3,0.6461187036651553,0.62451673746109,0.001,64,4,2,128,0.1,32,75,0.0,0.1,5,5,0.5,True,42
early_stopping_patience,5,63,63,4,0.6371947303414345,0.6731363693873088,0.001,64,4,2,128,0.1,32,75,0.0,0.1,5,5,0.5,True,42
early_stopping_patience,5,63,63,5,0.628432934031342,0.6182879030704498,0.001,64,4,2,128,0.1,32,75,0.0,0.1,5,5,0.5,True,42
early_stopping_patience,5,63,63,6,0.622556100514802,0.6200848340988159,0.001,64,4,2,128,0.1,32,75,0.0,0.1,5,5,0.5,True,42
early_stopping_patience,5,63,63,7,0.618214912712574,0.641724693775177,0.001,64,4,2,128,0.1,32,75,0.0,0.1,5,5,0.5,True,42
early_stopping_patience,5,63,63,8,0.6030986911871217,0.6193335334459941,0.001,64,4,2,128,0.1,32,75,0.0,0.1,5,5,0.5,True,42
early_stopping_patience,5,63,63,9,0.5932773446494882,0.6147634049256643,0.001,64,4,2,128,0.1,32,75,0.0,0.1,5,5,0.5,True,42
early_stopping_patience,5,63,63,10,0.5922799968358242,0.6170494258403778,0.001,64,4,2,128,0.1,32,75,0.0,0.1,5,5,0.5,True,42
early_stopping_patience,5,63,63,11,0.5762956742987488,0.6510238687197367,0.001,64,4,2,128,0.1,32,75,0.0,0.1,5,5,0.5,True,42
early_stopping_patience,5,63,63,12,0.5630254668719841,0.6438692251841227,0.001,64,4,2,128,0.1,32,75,0.0,0.1,5,5,0.5,True,42
early_stopping_patience,5,63,63,13,0.5494150774496974,0.6532549619674682,0.001,64,4,2,128,0.1,32,75,0.0,0.1,5,5,0.5,True,42
early_stopping_patience,5,63,63,14,0.5366725377512701,0.6498400489489238,0.001,64,4,2,128,0.1,32,75,0.0,0.1,5,5,0.5,True,42
early_stopping_patience,5,64,64,1,0.6957837695425207,0.6811230262120564,0.001,64,4,2,128,0.1,32,75,0.0,0.1,5,5,0.5,True,42
early_stopping_patience,5,64,64,2,0.6671341499595931,0.6476965546607971,0.001,64,4,2,128,0.1,32,75,0.0,0.1,5,5,0.5,True,42
early_stopping_patience,5,64,64,3,0.6422712091695179,0.6338746349016825,0.001,64,4,2,128,0.1,32,75,0.0,0.1,5,5,0.5,True,42
early_stopping_patience,5,64,64,4,0.637306728146293,0.6294340451558431,0.001,64,4,2,128,0.1,32,75,0.0,0.1,5,5,0.5,True,42
early_stopping_patience,5,64,64,5,0.6255555394472498,0.6635865728060405,0.001,64,4,2,128,0.1,32,75,0.0,0.1,5,5,0.5,True,42
early_stopping_patience,5,64,64,6,0.6144990394964363,0.6246926883856455,0.001,64,4,2,128,0.1,32,75,0.0,0.1,5,5,0.5,True,42
early_stopping_patience,5,64,64,7,0.6129348824421564,0.6255683859189352,0.001,64,4,2,128,0.1,32,75,0.0,0.1,5,5,0.5,True,42
early_stopping_patience,5,64,64,8,0.6047621127782445,0.6573969542980194,0.001,64,4,2,128,0.1,32,75,0.0,0.1,5,5,0.5,True,42
early_stopping_patience,5,64,64,9,0.5889911398743138,0.6435344914595286,0.001,64,4,2,128,0.1,32,75,0.0,0.1,5,5,0.5,True,42
early_stopping_patience,5,64,64,10,0.5772938588351915,0.6427160660425822,0.001,64,4,2,128,0.1,32,75,0.0,0.1,5,5,0.5,True,42
early_stopping_patience,5,64,64,11,0.5568603493950584,0.6740903576215108,0.001,64,4,2,128,0.1,32,75,0.0,0.1,5,5,0.5,True,42
early_stopping_patience,5,65,65,1,0.698997447436506,0.6716469407081604,0.001,64,4,2,128,0.1,32,75,0.0,0.1,5,5,0.5,True,42
early_stopping_patience,5,65,65,2,0.6709013080055063,0.6903066456317901,0.001,64,4,2,128,0.1,32,75,0.0,0.1,5,5,0.5,True,42
early_stopping_patience,5,65,65,3,0.6527030775041291,0.6265689770380656,0.001,64,4,2,128,0.1,32,75,0.0,0.1,5,5,0.5,True,42
early_stopping_patience,5,65,65,4,0.6379123519767415,0.6189091364542644,0.001,64,4,2,128,0.1,32,75,0.0,0.1,5,5,0.5,True,42
early_stopping_patience,5,65,65,5,0.6327299525340399,0.6155095140139262,0.001,64,4,2,128,0.1,32,75,0.0,0.1,5,5,0.5,True,42
early_stopping_patience,5,65,65,6,0.6182968564557306,0.6101267993450165,0.001,64,4,2,128,0.1,32,75,0.0,0.1,5,5,0.5,True,42
early_stopping_patience,5,65,65,7,0.6127627577745554,0.613312162955602,0.001,64,4,2,128,0.1,32,75,0.0,0.1,5,5,0.5,True,42
early_stopping_patience,5,65,65,8,0.6014999182838382,0.6112474799156189,0.001,64,4,2,128,0.1,32,75,0.0,0.1,5,5,0.5,True,42
early_stopping_patience,5,65,65,9,0.5931511029149547,0.6232746839523315,0.001,64,4,2,128,0.1,32,75,0.0,0.1,5,5,0.5,True,42
early_stopping_patience,5,65,65,10,0.5728561645655921,0.6132981518904368,0.001,64,4,2,128,0.1,32,75,0.0,0.1,5,5,0.5,True,42
early_stopping_patience,5,65,65,11,0.5654575840541811,0.6349332491556804,0.001,64,4,2,128,0.1,32,75,0.0,0.1,5,5,0.5,True,42
early_stopping_patience,5,66,66,1,0.697302783980514,0.6773344834645589,0.001,64,4,2,128,0.1,32,75,0.0,0.1,5,5,0.5,True,42
early_stopping_patience,5,66,66,2,0.6615027238925298,0.6461947917938232,0.001,64,4,2,128,0.1,32,75,0.0,0.1,5,5,0.5,True,42
early_stopping_patience,5,66,66,3,0.6326443995490219,0.6269559423128764,0.001,64,4,2,128,0.1,32,75,0.0,0.1,5,5,0.5,True,42
early_stopping_patience,5,66,66,4,0.6190755080544588,0.6267026185989379,0.001,64,4,2,128,0.1,32,75,0.0,0.1,5,5,0.5,True,42
early_stopping_patience,5,66,66,5,0.6091974007360863,0.6313646773497263,0.001,64,4,2,128,0.1,32,75,0.0,0.1,5,5,0.5,True,42
early_stopping_patience,5,66,66,6,0.6007404738303387,0.6411381443341573,0.001,64,4,2,128,0.1,32,75,0.0,0.1,5,5,0.5,True,42
early_stopping_patience,5,66,66,7,0.5903301523490385,0.6718667288621266,0.001,64,4,2,128,0.1,32,75,0.0,0.1,5,5,0.5,True,42
early_stopping_patience,5,66,66,8,0.5944829766045917,0.61070516705513,0.001,64,4,2,128,0.1,32,75,0.0,0.1,5,5,0.5,True,42
early_stopping_patience,5,66,66,9,0.5818952667442235,0.6124739130338033,0.001,64,4,2,128,0.1,32,75,0.0,0.1,5,5,0.5,True,42
early_stopping_patience,5,66,66,10,0.5693421571543722,0.6327898561954498,0.001,64,4,2,128,0.1,32,75,0.0,0.1,5,5,0.5,True,42
early_stopping_patience,5,66,66,11,0.5638968355276368,0.6114291528860728,0.001,64,4,2,128,0.1,32,75,0.0,0.1,5,5,0.5,True,42
early_stopping_patience,5,66,66,12,0.5577585146282659,0.6307774166266124,0.001,64,4,2,128,0.1,32,75,0.0,0.1,5,5,0.5,True,42
early_stopping_patience,5,66,66,13,0.5408165267471111,0.6213012377421061,0.001,64,4,2,128,0.1,32,75,0.0,0.1,5,5,0.5,True,42
early_stopping_patience,5,67,67,1,0.6945423777356292,0.7419966757297516,0.001,64,4,2,128,0.1,32,75,0.0,0.1,5,5,0.5,True,42
early_stopping_patience,5,67,67,2,0.6672493291623665,0.6522806604703267,0.001,64,4,2,128,0.1,32,75,0.0,0.1,5,5,0.5,True,42
early_stopping_patience,5,67,67,3,0.6475978362740893,0.6456588407357534,0.001,64,4,2,128,0.1,32,75,0.0,0.1,5,5,0.5,True,42
early_stopping_patience,5,67,67,4,0.6324583255883419,0.631603087981542,0.001,64,4,2,128,0.1,32,75,0.0,0.1,5,5,0.5,True,42
early_stopping_patience,5,67,67,5,0.6160653791192806,0.7045050442218781,0.001,64,4,2,128,0.1,32,75,0.0,0.1,5,5,0.5,True,42
early_stopping_patience,5,67,67,6,0.607269532075434,0.6410755753517151,0.001,64,4,2,128,0.1,32,75,0.0,0.1,5,5,0.5,True,42
early_stopping_patience,5,67,67,7,0.6038943644274365,0.6312610427538554,0.001,64,4,2,128,0.1,32,75,0.0,0.1,5,5,0.5,True,42
early_stopping_patience,5,67,67,8,0.5873327438126911,0.7253880560398102,0.001,64,4,2,128,0.1,32,75,0.0,0.1,5,5,0.5,True,42
early_stopping_patience,5,67,67,9,0.5812973626183741,0.6335688948631286,0.001,64,4,2,128,0.1,32,75,0.0,0.1,5,5,0.5,True,42
early_stopping_patience,5,67,67,10,0.565026101966699,0.6410751442114512,0.001,64,4,2,128,0.1,32,75,0.0,0.1,5,5,0.5,True,42
early_stopping_patience,5,67,67,11,0.5611526291027213,0.6453839202721914,0.001,64,4,2,128,0.1,32,75,0.0,0.1,5,5,0.5,True,42
early_stopping_patience,5,67,67,12,0.5455440208315849,0.7254433751106262,0.001,64,4,2,128,0.1,32,75,0.0,0.1,5,5,0.5,True,42
early_stopping_patience,5,68,68,1,0.693289041519165,0.6913848936557769,0.001,64,4,2,128,0.1,32,75,0.0,0.1,5,5,0.5,True,42
early_stopping_patience,5,68,68,2,0.6708605921629703,0.651858393351237,0.001,64,4,2,128,0.1,32,75,0.0,0.1,5,5,0.5,True,42
early_stopping_patience,5,68,68,3,0.6457021728609548,0.7013935903708141,0.001,64,4,2,128,0.1,32,75,0.0,0.1,5,5,0.5,True,42
early_stopping_patience,5,68,68,4,0.6325699696035096,0.627989512681961,0.001,64,4,2,128,0.1,32,75,0.0,0.1,5,5,0.5,True,42
early_stopping_patience,5,68,68,5,0.626920936911395,0.6640625397364298,0.001,64,4,2,128,0.1,32,75,0.0,0.1,5,5,0.5,True,42
early_stopping_patience,5,68,68,6,0.618582500201283,0.6232879996299744,0.001,64,4,2,128,0.1,32,75,0.0,0.1,5,5,0.5,True,42
early_stopping_patience,5,68,68,7,0.6057245715549497,0.6375692884127299,0.001,64,4,2,128,0.1,32,75,0.0,0.1,5,5,0.5,True,42
early_stopping_patience,5,68,68,8,0.599556975292437,0.6369133949279785,0.001,64,4,2,128,0.1,32,75,0.0,0.1,5,5,0.5,True,42
early_stopping_patience,5,68,68,9,0.5899961760098283,0.6284075955549876,0.001,64,4,2,128,0.1,32,75,0.0,0.1,5,5,0.5,True,42
early_stopping_patience,5,68,68,10,0.5849174184329582,0.6617920200030009,0.001,64,4,2,128,0.1,32,75,0.0,0.1,5,5,0.5,True,42
early_stopping_patience,5,68,68,11,0.5673260575894153,0.6379590471585591,0.001,64,4,2,128,0.1,32,75,0.0,0.1,5,5,0.5,True,42
early_stopping_patience,5,69,69,1,0.6810899449117256,0.6597400903701782,0.001,64,4,2,128,0.1,32,75,0.0,0.1,5,5,0.5,True,42
early_stopping_patience,5,69,69,2,0.6590957167473707,0.6575332760810852,0.001,64,4,2,128,0.1,32,75,0.0,0.1,5,5,0.5,True,42
early_stopping_patience,5,69,69,3,0.6308209758364793,0.6157537599404653,0.001,64,4,2,128,0.1,32,75,0.0,0.1,5,5,0.5,True,42
early_stopping_patience,5,69,69,4,0.6207365113677401,0.6115449448426564,0.001,64,4,2,128,0.1,32,75,0.0,0.1,5,5,0.5,True,42
early_stopping_patience,5,69,69,5,0.6095254389625607,0.6070241928100586,0.001,64,4,2,128,0.1,32,75,0.0,0.1,5,5,0.5,True,42
early_stopping_patience,5,69,69,6,0.6142621259346153,0.5981699546178182,0.001,64,4,2,128,0.1,32,75,0.0,0.1,5,5,0.5,True,42
early_stopping_patience,5,69,69,7,0.6018337300329497,0.6561010122299195,0.001,64,4,2,128,0.1,32,75,0.0,0.1,5,5,0.5,True,42
early_stopping_patience,5,69,69,8,0.5877622682036776,0.6009824295838674,0.001,64,4,2,128,0.1,32,75,0.0,0.1,5,5,0.5,True,42
early_stopping_patience,5,69,69,9,0.5816861786174051,0.609320996205012,0.001,64,4,2,128,0.1,32,75,0.0,0.1,5,5,0.5,True,42
early_stopping_patience,5,69,69,10,0.5840866423465989,0.6022287567456563,0.001,64,4,2,128,0.1,32,75,0.0,0.1,5,5,0.5,True,42
early_stopping_patience,5,69,69,11,0.556275493719361,0.6274780472119649,0.001,64,4,2,128,0.1,32,75,0.0,0.1,5,5,0.5,True,42
early_stopping_patience,5,70,70,1,0.6874441793470671,0.6740570823351543,0.001,64,4,2,128,0.1,32,75,0.0,0.1,5,5,0.5,True,42
early_stopping_patience,5,70,70,2,0.6629003417311292,0.6701961835225423,0.001,64,4,2,128,0.1,32,75,0.0,0.1,5,5,0.5,True,42
early_stopping_patience,5,70,70,3,0.6487244697231235,0.6784918487071991,0.001,64,4,2,128,0.1,32,75,0.0,0.1,5,5,0.5,True,42
early_stopping_patience,5,70,70,4,0.6356162026976094,0.6481156150499979,0.001,64,4,2,128,0.1,32,75,0.0,0.1,5,5,0.5,True,42
early_stopping_patience,5,70,70,5,0.6193433573300188,0.6539512753486634,0.001,64,4,2,128,0.1,32,75,0.0,0.1,5,5,0.5,True,42
early_stopping_patience,5,70,70,6,0.6120878394806024,0.6735324422518413,0.001,64,4,2,128,0.1,32,75,0.0,0.1,5,5,0.5,True,42
early_stopping_patience,5,70,70,7,0.6003106694781419,0.665552306175232,0.001,64,4,2,128,0.1,32,75,0.0,0.1,5,5,0.5,True,42
early_stopping_patience,5,70,70,8,0.5937451666051691,0.6369585951169332,0.001,64,4,2,128,0.1,32,75,0.0,0.1,5,5,0.5,True,42
early_stopping_patience,5,70,70,9,0.5873106785795905,0.6751004258791605,0.001,64,4,2,128,0.1,32,75,0.0,0.1,5,5,0.5,True,42
early_stopping_patience,5,70,70,10,0.5738643003684102,0.7020760198434194,0.001,64,4,2,128,0.1,32,75,0.0,0.1,5,5,0.5,True,42
early_stopping_patience,5,70,70,11,0.5592064814585628,0.6381805916627248,0.001,64,4,2,128,0.1,32,75,0.0,0.1,5,5,0.5,True,42
early_stopping_patience,5,70,70,12,0.5447419087092081,0.6449644645055135,0.001,64,4,2,128,0.1,32,75,0.0,0.1,5,5,0.5,True,42
early_stopping_patience,5,70,70,13,0.5254302535093192,0.681156063079834,0.001,64,4,2,128,0.1,32,75,0.0,0.1,5,5,0.5,True,42
early_stopping_patience,5,71,71,1,0.6936840627229575,0.6760976711908976,0.001,64,4,2,128,0.1,32,75,0.0,0.1,5,5,0.5,True,42
early_stopping_patience,5,71,71,2,0.6597426470481988,0.6546735604604085,0.001,64,4,2,128,0.1,32,75,0.0,0.1,5,5,0.5,True,42
early_stopping_patience,5,71,71,3,0.6407512999845274,0.6750255942344665,0.001,64,4,2,128,0.1,32,75,0.0,0.1,5,5,0.5,True,42
early_stopping_patience,5,71,71,4,0.6283251426436685,0.6500771423180898,0.001,64,4,2,128,0.1,32,75,0.0,0.1,5,5,0.5,True,42
early_stopping_patience,5,71,71,5,0.6141682007547581,0.6799487868944804,0.001,64,4,2,128,0.1,32,75,0.0,0.1,5,5,0.5,True,42
early_stopping_patience,5,71,71,6,0.6071461396235408,0.6861973683039347,0.001,64,4,2,128,0.1,32,75,0.0,0.1,5,5,0.5,True,42
early_stopping_patience,5,71,71,7,0.5951411175456914,0.6494238336881002,0.001,64,4,2,128,0.1,32,75,0.0,0.1,5,5,0.5,True,42
early_stopping_patience,5,71,71,8,0.5882910580346079,0.6640015244483948,0.001,64,4,2,128,0.1,32,75,0.0,0.1,5,5,0.5,True,42
early_stopping_patience,5,71,71,9,0.5783044643925898,0.674599023660024,0.001,64,4,2,128,0.1,32,75,0.0,0.1,5,5,0.5,True,42
early_stopping_patience,5,71,71,10,0.5588752085512335,0.6625318268934886,0.001,64,4,2,128,0.1,32,75,0.0,0.1,5,5,0.5,True,42
early_stopping_patience,5,71,71,11,0.5507404242049564,0.6843024293581644,0.001,64,4,2,128,0.1,32,75,0.0,0.1,5,5,0.5,True,42
early_stopping_patience,5,71,71,12,0.5291729246576627,0.6682650923728943,0.001,64,4,2,128,0.1,32,75,0.0,0.1,5,5,0.5,True,42
early_stopping_patience,5,72,72,1,0.6885672058119918,0.6858721494674682,0.001,64,4,2,128,0.1,32,75,0.0,0.1,5,5,0.5,True,42
early_stopping_patience,5,72,72,2,0.6602248793298547,0.6772481938203175,0.001,64,4,2,128,0.1,32,75,0.0,0.1,5,5,0.5,True,42
early_stopping_patience,5,72,72,3,0.6396700464414827,0.653439591328303,0.001,64,4,2,128,0.1,32,75,0.0,0.1,5,5,0.5,True,42
early_stopping_patience,5,72,72,4,0.627520915685278,0.6710229953130086,0.001,64,4,2,128,0.1,32,75,0.0,0.1,5,5,0.5,True,42
early_stopping_patience,5,72,72,5,0.6163451034914363,0.6484498043855031,0.001,64,4,2,128,0.1,32,75,0.0,0.1,5,5,0.5,True,42
early_stopping_patience,5,72,72,6,0.6124319553826795,0.6987179795900981,0.001,64,4,2,128,0.1,32,75,0.0,0.1,5,5,0.5,True,42
early_stopping_patience,5,72,72,7,0.6086079076384053,0.6468092560768127,0.001,64,4,2,128,0.1,32,75,0.0,0.1,5,5,0.5,True,42
early_stopping_patience,5,72,72,8,0.5885223220243598,0.6691364010175069,0.001,64,4,2,128,0.1,32,75,0.0,0.1,5,5,0.5,True,42
early_stopping_patience,5,72,72,9,0.5772082098957264,0.6860595285892487,0.001,64,4,2,128,0.1,32,75,0.0,0.1,5,5,0.5,True,42
early_stopping_patience,5,72,72,10,0.5831187457749338,0.6810170729955037,0.001,64,4,2,128,0.1,32,75,0.0,0.1,5,5,0.5,True,42
early_stopping_patience,5,72,72,11,0.5577867390079931,0.7215105573336283,0.001,64,4,2,128,0.1,32,75,0.0,0.1,5,5,0.5,True,42
early_stopping_patience,5,72,72,12,0.5580087333466067,0.6938589870929718,0.001,64,4,2,128,0.1,32,75,0.0,0.1,5,5,0.5,True,42
early_stopping_patience,5,73,73,1,0.7019833994634224,0.6921339631080627,0.001,64,4,2,128,0.1,32,75,0.0,0.1,5,5,0.5,True,42
early_stopping_patience,5,73,73,2,0.6717321168292653,0.6504225730895996,0.001,64,4,2,128,0.1,32,75,0.0,0.1,5,5,0.5,True,42
early_stopping_patience,5,73,73,3,0.6445799045490496,0.6335289597511291,0.001,64,4,2,128,0.1,32,75,0.0,0.1,5,5,0.5,True,42
early_stopping_patience,5,73,73,4,0.6355340144399441,0.6340564966201783,0.001,64,4,2,128,0.1,32,75,0.0,0.1,5,5,0.5,True,42
early_stopping_patience,5,73,73,5,0.6194368492473256,0.6433926781018575,0.001,64,4,2,128,0.1,32,75,0.0,0.1,5,5,0.5,True,42
early_stopping_patience,5,73,73,6,0.6160547135002685,0.6212987263997396,0.001,64,4,2,128,0.1,32,75,0.0,0.1,5,5,0.5,True,42
early_stopping_patience,5,73,73,7,0.6032441005562291,0.6144532839457194,0.001,64,4,2,128,0.1,32,75,0.0,0.1,5,5,0.5,True,42
early_stopping_patience,5,73,73,8,0.5923421820907881,0.6194412628809611,0.001,64,4,2,128,0.1,32,75,0.0,0.1,5,5,0.5,True,42
early_stopping_patience,5,73,73,9,0.5874284774516568,0.6306720038255056,0.001,64,4,2,128,0.1,32,75,0.0,0.1,5,5,0.5,True,42
early_stopping_patience,5,73,73,10,0.5717496704874616,0.6223283052444458,0.001,64,4,2,128,0.1,32,75,0.0,0.1,5,5,0.5,True,42
early_stopping_patience,5,73,73,11,0.561520836344271,0.6597134351730347,0.001,64,4,2,128,0.1,32,75,0.0,0.1,5,5,0.5,True,42
early_stopping_patience,5,73,73,12,0.5533927159779,0.6549508233865102,0.001,64,4,2,128,0.1,32,75,0.0,0.1,5,5,0.5,True,42
early_stopping_patience,5,74,74,1,0.6958945027806542,0.6899916291236877,0.001,64,4,2,128,0.1,32,75,0.0,0.1,5,5,0.5,True,42
early_stopping_patience,5,74,74,2,0.6755788958433903,0.6492384990056356,0.001,64,4,2,128,0.1,32,75,0.0,0.1,5,5,0.5,True,42
early_stopping_patience,5,74,74,3,0.6538180072199214,0.6372544129689535,0.001,64,4,2,128,0.1,32,75,0.0,0.1,5,5,0.5,True,42
early_stopping_patience,5,74,74,4,0.6333379388758631,0.7250978708267212,0.001,64,4,2,128,0.1,32,75,0.0,0.1,5,5,0.5,True,42
early_stopping_patience,5,74,74,5,0.6236378778562401,0.6183286627133687,0.001,64,4,2,128,0.1,32,75,0.0,0.1,5,5,0.5,True,42
early_stopping_patience,5,74,74,6,0.6222111334403356,0.6184542814890543,0.001,64,4,2,128,0.1,32,75,0.0,0.1,5,5,0.5,True,42
early_stopping_patience,5,74,74,7,0.6038446552825697,0.6234874824682871,0.001,64,4,2,128,0.1,32,75,0.0,0.1,5,5,0.5,True,42
early_stopping_patience,5,74,74,8,0.5948860439838786,0.6255205015341441,0.001,64,4,2,128,0.1,32,75,0.0,0.1,5,5,0.5,True,42
early_stopping_patience,5,74,74,9,0.5805573684699608,0.6263763169447581,0.001,64,4,2,128,0.1,32,75,0.0,0.1,5,5,0.5,True,42
early_stopping_patience,5,74,74,10,0.5753347923358282,0.6763595779736836,0.001,64,4,2,128,0.1,32,75,0.0,0.1,5,5,0.5,True,42
early_stopping_patience,5,75,75,1,0.6998061966715436,0.6977867027123769,0.001,64,4,2,128,0.1,32,75,0.0,0.1,5,5,0.5,True,42
early_stopping_patience,5,75,75,2,0.6719721587318362,0.6481283068656921,0.001,64,4,2,128,0.1,32,75,0.0,0.1,5,5,0.5,True,42
early_stopping_patience,5,75,75,3,0.6423725819948948,0.6685864150524139,0.001,64,4,2,128,0.1,32,75,0.0,0.1,5,5,0.5,True,42
early_stopping_patience,5,75,75,4,0.6268229125575586,0.6507381955782573,0.001,64,4,2,128,0.1,32,75,0.0,0.1,5,5,0.5,True,42
early_stopping_patience,5,75,75,5,0.6188569461757486,0.6622318625450134,0.001,64,4,2,128,0.1,32,75,0.0,0.1,5,5,0.5,True,42
early_stopping_patience,5,75,75,6,0.6050077385523103,0.6488552570343018,0.001,64,4,2,128,0.1,32,75,0.0,0.1,5,5,0.5,True,42
early_stopping_patience,5,75,75,7,0.6068372204899788,0.6258274714152018,0.001,64,4,2,128,0.1,32,75,0.0,0.1,5,5,0.5,True,42
early_stopping_patience,5,75,75,8,0.5883000050530289,0.6497438649336497,0.001,64,4,2,128,0.1,32,75,0.0,0.1,5,5,0.5,True,42
early_stopping_patience,5,75,75,9,0.5797343242800597,0.639860600233078,0.001,64,4,2,128,0.1,32,75,0.0,0.1,5,5,0.5,True,42
early_stopping_patience,5,75,75,10,0.577296199897925,0.6589469750722249,0.001,64,4,2,128,0.1,32,75,0.0,0.1,5,5,0.5,True,42
early_stopping_patience,5,75,75,11,0.5587689323407231,0.6793712913990021,0.001,64,4,2,128,0.1,32,75,0.0,0.1,5,5,0.5,True,42
early_stopping_patience,5,75,75,12,0.5450217757712711,0.6671125451723735,0.001,64,4,2,128,0.1,32,75,0.0,0.1,5,5,0.5,True,42
early_stopping_patience,5,76,76,1,0.6952357260566769,0.6848102410634359,0.001,64,4,2,128,0.1,32,75,0.0,0.1,5,5,0.5,True,42
early_stopping_patience,5,76,76,2,0.664317552338947,0.6631268501281739,0.001,64,4,2,128,0.1,32,75,0.0,0.1,5,5,0.5,True,42
early_stopping_patience,5,76,76,3,0.6448340072776332,0.6276769578456879,0.001,64,4,2,128,0.1,32,75,0.0,0.1,5,5,0.5,True,42
early_stopping_patience,5,76,76,4,0.6196196533062241,0.6369659602642059,0.001,64,4,2,128,0.1,32,75,0.0,0.1,5,5,0.5,True,42
early_stopping_patience,5,76,76,5,0.6247914600552935,0.612533587217331,0.001,64,4,2,128,0.1,32,75,0.0,0.1,5,5,0.5,True,42
early_stopping_patience,5,76,76,6,0.6139558384364302,0.6050040523211161,0.001,64,4,2,128,0.1,32,75,0.0,0.1,5,5,0.5,True,42
early_stopping_patience,5,76,76,7,0.6027499825665446,0.6043887873490651,0.001,64,4,2,128,0.1,32,75,0.0,0.1,5,5,0.5,True,42
early_stopping_patience,5,76,76,8,0.5937436046925458,0.6234305421511332,0.001,64,4,2,128,0.1,32,75,0.0,0.1,5,5,0.5,True,42
early_stopping_patience,5,76,76,9,0.5771315249078202,0.6114737490812937,0.001,64,4,2,128,0.1,32,75,0.0,0.1,5,5,0.5,True,42
early_stopping_patience,5,76,76,10,0.5746874150001642,0.624212775627772,0.001,64,4,2,128,0.1,32,75,0.0,0.1,5,5,0.5,True,42
early_stopping_patience,5,76,76,11,0.5528864020651038,0.6372534016768138,0.001,64,4,2,128,0.1,32,75,0.0,0.1,5,5,0.5,True,42
early_stopping_patience,5,76,76,12,0.5305741409009154,0.6456926723321279,0.001,64,4,2,128,0.1,32,75,0.0,0.1,5,5,0.5,True,42
early_stopping_patience,5,77,77,1,0.6920970705422488,0.6576272527376811,0.001,64,4,2,128,0.1,32,75,0.0,0.1,5,5,0.5,True,42
early_stopping_patience,5,77,77,2,0.6530901428424951,0.6806467394034068,0.001,64,4,2,128,0.1,32,75,0.0,0.1,5,5,0.5,True,42
early_stopping_patience,5,77,77,3,0.6320902845173171,0.6480788747469585,0.001,64,4,2,128,0.1,32,75,0.0,0.1,5,5,0.5,True,42
early_stopping_patience,5,77,77,4,0.6154752050836881,0.6550497174263,0.001,64,4,2,128,0.1,32,75,0.0,0.1,5,5,0.5,True,42
early_stopping_patience,5,77,77,5,0.6119933467019688,0.6582440117994944,0.001,64,4,2,128,0.1,32,75,0.0,0.1,5,5,0.5,True,42
early_stopping_patience,5,77,77,6,0.6086046068054257,0.6549899617830912,0.001,64,4,2,128,0.1,32,75,0.0,0.1,5,5,0.5,True,42
early_stopping_patience,5,77,77,7,0.5918053892074209,0.6384696265061697,0.001,64,4,2,128,0.1,32,75,0.0,0.1,5,5,0.5,True,42
early_stopping_patience,5,77,77,8,0.5768674160494949,0.641347098350525,0.001,64,4,2,128,0.1,32,75,0.0,0.1,5,5,0.5,True,42
early_stopping_patience,5,77,77,9,0.564775213599205,0.6563878297805786,0.001,64,4,2,128,0.1,32,75,0.0,0.1,5,5,0.5,True,42
early_stopping_patience,5,77,77,10,0.5637020328731248,0.6735121766726176,0.001,64,4,2,128,0.1,32,75,0.0,0.1,5,5,0.5,True,42
early_stopping_patience,5,77,77,11,0.5421820772868214,0.7394623438517253,0.001,64,4,2,128,0.1,32,75,0.0,0.1,5,5,0.5,True,42
early_stopping_patience,5,77,77,12,0.5312827051137433,0.6877651870250702,0.001,64,4,2,128,0.1,32,75,0.0,0.1,5,5,0.5,True,42
early_stopping_patience,5,78,78,1,0.6850150629426494,0.7144578278064728,0.001,64,4,2,128,0.1,32,75,0.0,0.1,5,5,0.5,True,42
early_stopping_patience,5,78,78,2,0.6458513000697801,0.7339048316081365,0.001,64,4,2,128,0.1,32,75,0.0,0.1,5,5,0.5,True,42
early_stopping_patience,5,78,78,3,0.6441534552158732,0.6435501297314962,0.001,64,4,2,128,0.1,32,75,0.0,0.1,5,5,0.5,True,42
early_stopping_patience,5,78,78,4,0.6275717473842881,0.6378126978874207,0.001,64,4,2,128,0.1,32,75,0.0,0.1,5,5,0.5,True,42
early_stopping_patience,5,78,78,5,0.6182499326991312,0.6352743029594421,0.001,64,4,2,128,0.1,32,75,0.0,0.1,5,5,0.5,True,42
early_stopping_patience,5,78,78,6,0.5989398179632245,0.6455880105495453,0.001,64,4,2,128,0.1,32,75,0.0,0.1,5,5,0.5,True,42
early_stopping_patience,5,78,78,7,0.5921272127465769,0.6313027064005534,0.001,64,4,2,128,0.1,32,75,0.0,0.1,5,5,0.5,True,42
early_stopping_patience,5,78,78,8,0.576888288060824,0.6837650597095489,0.001,64,4,2,128,0.1,32,75,0.0,0.1,5,5,0.5,True,42
early_stopping_patience,5,78,78,9,0.5790518951235395,0.667141216993332,0.001,64,4,2,128,0.1,32,75,0.0,0.1,5,5,0.5,True,42
early_stopping_patience,5,78,78,10,0.5665311535651033,0.645963438351949,0.001,64,4,2,128,0.1,32,75,0.0,0.1,5,5,0.5,True,42
early_stopping_patience,5,78,78,11,0.5568677654320543,0.6247755249341329,0.001,64,4,2,128,0.1,32,75,0.0,0.1,5,5,0.5,True,42
early_stopping_patience,5,78,78,12,0.5410551433310364,0.654904592037201,0.001,64,4,2,128,0.1,32,75,0.0,0.1,5,5,0.5,True,42
early_stopping_patience,5,78,78,13,0.5333718000487848,0.6653635223706563,0.001,64,4,2,128,0.1,32,75,0.0,0.1,5,5,0.5,True,42
early_stopping_patience,5,78,78,14,0.5251206570502484,0.7558402081330617,0.001,64,4,2,128,0.1,32,75,0.0,0.1,5,5,0.5,True,42
early_stopping_patience,5,78,78,15,0.4962909047802289,0.6980414072672526,0.001,64,4,2,128,0.1,32,75,0.0,0.1,5,5,0.5,True,42
early_stopping_patience,5,78,78,16,0.4774614574782776,0.7021517157554626,0.001,64,4,2,128,0.1,32,75,0.0,0.1,5,5,0.5,True,42
early_stopping_patience,5,79,79,1,0.6947292473280069,0.6717644413312276,0.001,64,4,2,128,0.1,32,75,0.0,0.1,5,5,0.5,True,42
early_stopping_patience,5,79,79,2,0.6711342858545708,0.6495499928792318,0.001,64,4,2,128,0.1,32,75,0.0,0.1,5,5,0.5,True,42
early_stopping_patience,5,79,79,3,0.6482121122605873,0.6758786380290985,0.001,64,4,2,128,0.1,32,75,0.0,0.1,5,5,0.5,True,42
early_stopping_patience,5,79,79,4,0.6380304034912225,0.6469094554583231,0.001,64,4,2,128,0.1,32,75,0.0,0.1,5,5,0.5,True,42
early_stopping_patience,5,79,79,5,0.6230340092019602,0.6341371655464172,0.001,64,4,2,128,0.1,32,75,0.0,0.1,5,5,0.5,True,42
early_stopping_patience,5,79,79,6,0.6160187296795122,0.629428486029307,0.001,64,4,2,128,0.1,32,75,0.0,0.1,5,5,0.5,True,42
early_stopping_patience,5,79,79,7,0.6029915125532583,0.6727352917194367,0.001,64,4,2,128,0.1,32,75,0.0,0.1,5,5,0.5,True,42
early_stopping_patience,5,79,79,8,0.601667507128282,0.6372189164161682,0.001,64,4,2,128,0.1,32,75,0.0,0.1,5,5,0.5,True,42
early_stopping_patience,5,79,79,9,0.5830192044377327,0.6468139330546061,0.001,64,4,2,128,0.1,32,75,0.0,0.1,5,5,0.5,True,42
early_stopping_patience,5,79,79,10,0.5729880793528124,0.6313809156417847,0.001,64,4,2,128,0.1,32,75,0.0,0.1,5,5,0.5,True,42
early_stopping_patience,5,79,79,11,0.5562253677935312,0.6402932703495026,0.001,64,4,2,128,0.1,32,75,0.0,0.1,5,5,0.5,True,42
early_stopping_patience,5,80,80,1,0.6969000182368539,0.6749464511871338,0.001,64,4,2,128,0.1,32,75,0.0,0.1,5,5,0.5,True,42
early_stopping_patience,5,80,80,2,0.6616441196564472,0.6504104991753896,0.001,64,4,2,128,0.1,32,75,0.0,0.1,5,5,0.5,True,42
early_stopping_patience,5,80,80,3,0.6451951136643236,0.650797023375829,0.001,64,4,2,128,0.1,32,75,0.0,0.1,5,5,0.5,True,42
early_stopping_patience,5,80,80,4,0.6238399520516396,0.6471006035804748,0.001,64,4,2,128,0.1,32,75,0.0,0.1,5,5,0.5,True,42
early_stopping_patience,5,80,80,5,0.6163358157782843,0.6335759043693543,0.001,64,4,2,128,0.1,32,75,0.0,0.1,5,5,0.5,True,42
early_stopping_patience,5,80,80,6,0.6112431707707319,0.6377309719721477,0.001,64,4,2,128,0.1,32,75,0.0,0.1,5,5,0.5,True,42
early_stopping_patience,5,80,80,7,0.5961944483446352,0.6405331691106161,0.001,64,4,2,128,0.1,32,75,0.0,0.1,5,5,0.5,True,42
early_stopping_patience,5,80,80,8,0.5896430336164705,0.6319752275943756,0.001,64,4,2,128,0.1,32,75,0.0,0.1,5,5,0.5,True,42
early_stopping_patience,5,80,80,9,0.576611611653458,0.6767383774121603,0.001,64,4,2,128,0.1,32,75,0.0,0.1,5,5,0.5,True,42
early_stopping_patience,5,80,80,10,0.5611085216655876,0.6715615669886271,0.001,64,4,2,128,0.1,32,75,0.0,0.1,5,5,0.5,True,42
early_stopping_patience,5,80,80,11,0.5519248405189225,0.6865502297878265,0.001,64,4,2,128,0.1,32,75,0.0,0.1,5,5,0.5,True,42
early_stopping_patience,5,80,80,12,0.5420302035230579,0.6797839581966401,0.001,64,4,2,128,0.1,32,75,0.0,0.1,5,5,0.5,True,42
early_stopping_patience,5,80,80,13,0.5156237227898656,0.6709104180335999,0.001,64,4,2,128,0.1,32,75,0.0,0.1,5,5,0.5,True,42
early_stopping_patience,5,81,81,1,0.6963333252704504,0.6821964462598165,0.001,64,4,2,128,0.1,32,75,0.0,0.1,5,5,0.5,True,42
early_stopping_patience,5,81,81,2,0.6765954431259271,0.660991883277893,0.001,64,4,2,128,0.1,32,75,0.0,0.1,5,5,0.5,True,42
early_stopping_patience,5,81,81,3,0.6568127152594653,0.658896122376124,0.001,64,4,2,128,0.1,32,75,0.0,0.1,5,5,0.5,True,42
early_stopping_patience,5,81,81,4,0.6395009656747183,0.6535745541254679,0.001,64,4,2,128,0.1,32,75,0.0,0.1,5,5,0.5,True,42
early_stopping_patience,5,81,81,5,0.6230441704392433,0.6474274496237437,0.001,64,4,2,128,0.1,32,75,0.0,0.1,5,5,0.5,True,42
early_stopping_patience,5,81,81,6,0.6085661092039311,0.6418672561645508,0.001,64,4,2,128,0.1,32,75,0.0,0.1,5,5,0.5,True,42
early_stopping_patience,5,81,81,7,0.6109856649330168,0.6838687856992086,0.001,64,4,2,128,0.1,32,75,0.0,0.1,5,5,0.5,True,42
early_stopping_patience,5,81,81,8,0.5950989897052447,0.6586503426233927,0.001,64,4,2,128,0.1,32,75,0.0,0.1,5,5,0.5,True,42
early_stopping_patience,5,81,81,9,0.5880845245538335,0.6341267784436544,0.001,64,4,2,128,0.1,32,75,0.0,0.1,5,5,0.5,True,42
early_stopping_patience,5,81,81,10,0.5865788326570482,0.6489430248737336,0.001,64,4,2,128,0.1,32,75,0.0,0.1,5,5,0.5,True,42
early_stopping_patience,5,81,81,11,0.5759368821075468,0.6411220947901408,0.001,64,4,2,128,0.1,32,75,0.0,0.1,5,5,0.5,True,42
early_stopping_patience,5,81,81,12,0.5545607152761836,0.6558829744656881,0.001,64,4,2,128,0.1,32,75,0.0,0.1,5,5,0.5,True,42
early_stopping_patience,5,81,81,13,0.5405109262827671,0.6488122542699178,0.001,64,4,2,128,0.1,32,75,0.0,0.1,5,5,0.5,True,42
early_stopping_patience,5,81,81,14,0.5315183179848122,0.6538981517155965,0.001,64,4,2,128,0.1,32,75,0.0,0.1,5,5,0.5,True,42
early_stopping_patience,5,82,82,1,0.6929707491036617,0.709319015343984,0.001,64,4,2,128,0.1,32,75,0.0,0.1,5,5,0.5,True,42
early_stopping_patience,5,82,82,2,0.6700556129217148,0.680533250172933,0.001,64,4,2,128,0.1,32,75,0.0,0.1,5,5,0.5,True,42
early_stopping_patience,5,82,82,3,0.6460522273273179,0.6468274792035421,0.001,64,4,2,128,0.1,32,75,0.0,0.1,5,5,0.5,True,42
early_stopping_patience,5,82,82,4,0.6368076963858171,0.6344049215316773,0.001,64,4,2,128,0.1,32,75,0.0,0.1,5,5,0.5,True,42
early_stopping_patience,5,82,82,5,0.6213575353225073,0.6284874935944875,0.001,64,4,2,128,0.1,32,75,0.0,0.1,5,5,0.5,True,42
early_stopping_patience,5,82,82,6,0.6115986573876757,0.6450084745883942,0.001,64,4,2,128,0.1,32,75,0.0,0.1,5,5,0.5,True,42
early_stopping_patience,5,82,82,7,0.6013335025671757,0.7050287624200186,0.001,64,4,2,128,0.1,32,75,0.0,0.1,5,5,0.5,True,42
early_stopping_patience,5,82,82,8,0.5943226367235184,0.635361647605896,0.001,64,4,2,128,0.1,32,75,0.0,0.1,5,5,0.5,True,42
early_stopping_patience,5,82,82,9,0.5800428697557161,0.6294230977694194,0.001,64,4,2,128,0.1,32,75,0.0,0.1,5,5,0.5,True,42
early_stopping_patience,5,82,82,10,0.5844649893767906,0.6525479515393575,0.001,64,4,2,128,0.1,32,75,0.0,0.1,5,5,0.5,True,42
early_stopping_patience,5,83,83,1,0.7018563950603659,0.6849000016848247,0.001,64,4,2,128,0.1,32,75,0.0,0.1,5,5,0.5,True,42
early_stopping_patience,5,83,83,2,0.6782707156557025,0.6630103747049968,0.001,64,4,2,128,0.1,32,75,0.0,0.1,5,5,0.5,True,42
early_stopping_patience,5,83,83,3,0.6552852636033838,0.6458754022916158,0.001,64,4,2,128,0.1,32,75,0.0,0.1,5,5,0.5,True,42
early_stopping_patience,5,83,83,4,0.6372059868140654,0.6421812295913696,0.001,64,4,2,128,0.1,32,75,0.0,0.1,5,5,0.5,True,42
early_stopping_patience,5,83,83,5,0.6214121641083197,0.6491625467936198,0.001,64,4,2,128,0.1,32,75,0.0,0.1,5,5,0.5,True,42
early_stopping_patience,5,83,83,6,0.6239412715940764,0.6413904746373494,0.001,64,4,2,128,0.1,32,75,0.0,0.1,5,5,0.5,True,42
early_stopping_patience,5,83,83,7,0.6143624263279366,0.6400501986344656,0.001,64,4,2,128,0.1,32,75,0.0,0.1,5,5,0.5,True,42
early_stopping_patience,5,83,83,8,0.6058176060517629,0.6382333596547445,0.001,64,4,2,128,0.1,32,75,0.0,0.1,5,5,0.5,True,42
early_stopping_patience,5,83,83,9,0.5900484928579042,0.6608618179957072,0.001,64,4,2,128,0.1,32,75,0.0,0.1,5,5,0.5,True,42
early_stopping_patience,5,83,83,10,0.5846568221847216,0.6552545209725698,0.001,64,4,2,128,0.1,32,75,0.0,0.1,5,5,0.5,True,42
early_stopping_patience,5,83,83,11,0.5736406034592426,0.6543091992537181,0.001,64,4,2,128,0.1,32,75,0.0,0.1,5,5,0.5,True,42
early_stopping_patience,5,83,83,12,0.571505952287804,0.6695715447266897,0.001,64,4,2,128,0.1,32,75,0.0,0.1,5,5,0.5,True,42
early_stopping_patience,5,83,83,13,0.5515745875961853,0.67286576628685,0.001,64,4,2,128,0.1,32,75,0.0,0.1,5,5,0.5,True,42
early_stopping_patience,5,84,84,1,0.6867503821849823,0.7029760042826335,0.001,64,4,2,128,0.1,32,75,0.0,0.1,5,5,0.5,True,42
early_stopping_patience,5,84,84,2,0.6621088340426936,0.6477299849192302,0.001,64,4,2,128,0.1,32,75,0.0,0.1,5,5,0.5,True,42
early_stopping_patience,5,84,84,3,0.6355642274473653,0.6367414891719818,0.001,64,4,2,128,0.1,32,75,0.0,0.1,5,5,0.5,True,42
early_stopping_patience,5,84,84,4,0.6273987602555391,0.6270055850346883,0.001,64,4,2,128,0.1,32,75,0.0,0.1,5,5,0.5,True,42
early_stopping_patience,5,84,84,5,0.6209695327914122,0.6249474287033081,0.001,64,4,2,128,0.1,32,75,0.0,0.1,5,5,0.5,True,42
early_stopping_patience,5,84,84,6,0.610571167911544,0.6143341938654582,0.001,64,4,2,128,0.1,32,75,0.0,0.1,5,5,0.5,True,42
early_stopping_patience,5,84,84,7,0.6062451777133074,0.6233085592587789,0.001,64,4,2,128,0.1,32,75,0.0,0.1,5,5,0.5,True,42
early_stopping_patience,5,84,84,8,0.5941213283574942,0.6158305247624715,0.001,64,4,2,128,0.1,32,75,0.0,0.1,5,5,0.5,True,42
early_stopping_patience,5,84,84,9,0.5917719826102257,0.626600307226181,0.001,64,4,2,128,0.1,32,75,0.0,0.1,5,5,0.5,True,42
early_stopping_patience,5,84,84,10,0.584622540482969,0.6319084882736206,0.001,64,4,2,128,0.1,32,75,0.0,0.1,5,5,0.5,True,42
early_stopping_patience,5,84,84,11,0.5774917762839433,0.6264634728431702,0.001,64,4,2,128,0.1,32,75,0.0,0.1,5,5,0.5,True,42
early_stopping_patience,5,85,85,1,0.6941855057622447,0.6740581472714742,0.001,64,4,2,128,0.1,32,75,0.0,0.1,5,5,0.5,True,42
early_stopping_patience,5,85,85,2,0.6723583512233965,0.6450187921524048,0.001,64,4,2,128,0.1,32,75,0.0,0.1,5,5,0.5,True,42
early_stopping_patience,5,85,85,3,0.659267041719321,0.6592613995075226,0.001,64,4,2,128,0.1,32,75,0.0,0.1,5,5,0.5,True,42
early_stopping_patience,5,85,85,4,0.6386734576839389,0.6262312134106954,0.001,64,4,2,128,0.1,32,75,0.0,0.1,5,5,0.5,True,42
early_stopping_patience,5,85,85,5,0.6229847233855363,0.6630323787530263,0.001,64,4,2,128,0.1,32,75,0.0,0.1,5,5,0.5,True,42
early_stopping_patience,5,85,85,6,0.6205196606390404,0.6193585515022277,0.001,64,4,2,128,0.1,32,75,0.0,0.1,5,5,0.5,True,42
early_stopping_patience,5,85,85,7,0.6064944368871775,0.6198263386885325,0.001,64,4,2,128,0.1,32,75,0.0,0.1,5,5,0.5,True,42
early_stopping_patience,5,85,85,8,0.5972908825585337,0.6224546988805135,0.001,64,4,2,128,0.1,32,75,0.0,0.1,5,5,0.5,True,42
early_stopping_patience,5,85,85,9,0.5986335288846132,0.6253121574719747,0.001,64,4,2,128,0.1,32,75,0.0,0.1,5,5,0.5,True,42
early_stopping_patience,5,85,85,10,0.5724156742746179,0.611565113067627,0.001,64,4,2,128,0.1,32,75,0.0,0.1,5,5,0.5,True,42
early_stopping_patience,5,85,85,11,0.5677447621569489,0.6229199707508087,0.001,64,4,2,128,0.1,32,75,0.0,0.1,5,5,0.5,True,42
early_stopping_patience,5,85,85,12,0.5503251455498465,0.681205419699351,0.001,64,4,2,128,0.1,32,75,0.0,0.1,5,5,0.5,True,42
early_stopping_patience,5,85,85,13,0.5392714535648172,0.6501206596692403,0.001,64,4,2,128,0.1,32,75,0.0,0.1,5,5,0.5,True,42
early_stopping_patience,5,85,85,14,0.5143246452013651,0.6410660227139791,0.001,64,4,2,128,0.1,32,75,0.0,0.1,5,5,0.5,True,42
early_stopping_patience,5,85,85,15,0.4998047564065818,0.6519879142443339,0.001,64,4,2,128,0.1,32,75,0.0,0.1,5,5,0.5,True,42
early_stopping_patience,5,86,86,1,0.700013719273336,0.689176082611084,0.001,64,4,2,128,0.1,32,75,0.0,0.1,5,5,0.5,True,42
early_stopping_patience,5,86,86,2,0.672458785049843,0.662129811445872,0.001,64,4,2,128,0.1,32,75,0.0,0.1,5,5,0.5,True,42
early_stopping_patience,5,86,86,3,0.6433373606114676,0.6458120226860047,0.001,64,4,2,128,0.1,32,75,0.0,0.1,5,5,0.5,True,42
early_stopping_patience,5,86,86,4,0.6321843794801019,0.6648755371570587,0.001,64,4,2,128,0.1,32,75,0.0,0.1,5,5,0.5,True,42
early_stopping_patience,5,86,86,5,0.6196089418548526,0.6595743139584859,0.001,64,4,2,128,0.1,32,75,0.0,0.1,5,5,0.5,True,42
early_stopping_patience,5,86,86,6,0.6071980331431736,0.6410684367020925,0.001,64,4,2,128,0.1,32,75,0.0,0.1,5,5,0.5,True,42
early_stopping_patience,5,86,86,7,0.6045298966946024,0.6368208090464275,0.001,64,4,2,128,0.1,32,75,0.0,0.1,5,5,0.5,True,42
early_stopping_patience,5,86,86,8,0.5942567503361991,0.7383363048235575,0.001,64,4,2,128,0.1,32,75,0.0,0.1,5,5,0.5,True,42
early_stopping_patience,5,86,86,9,0.5978471675153935,0.6327968200047811,0.001,64,4,2,128,0.1,32,75,0.0,0.1,5,5,0.5,True,42
early_stopping_patience,5,86,86,10,0.5797334636251131,0.6918330470720927,0.001,64,4,2,128,0.1,32,75,0.0,0.1,5,5,0.5,True,42
early_stopping_patience,5,86,86,11,0.575372395641876,0.6517853717009227,0.001,64,4,2,128,0.1,32,75,0.0,0.1,5,5,0.5,True,42
early_stopping_patience,5,86,86,12,0.5644566254182295,0.6887245535850525,0.001,64,4,2,128,0.1,32,75,0.0,0.1,5,5,0.5,True,42
early_stopping_patience,5,86,86,13,0.5400045292847084,0.6833530068397522,0.001,64,4,2,128,0.1,32,75,0.0,0.1,5,5,0.5,True,42
early_stopping_patience,5,86,86,14,0.5207224355051012,0.7109124461809794,0.001,64,4,2,128,0.1,32,75,0.0,0.1,5,5,0.5,True,42
early_stopping_patience,5,87,87,1,0.6911239682724981,0.678629599014918,0.001,64,4,2,128,0.1,32,75,0.0,0.1,5,5,0.5,True,42
early_stopping_patience,5,87,87,2,0.674008364478747,0.6535698095957438,0.001,64,4,2,128,0.1,32,75,0.0,0.1,5,5,0.5,True,42
early_stopping_patience,5,87,87,3,0.6546063635385397,0.6369538803895315,0.001,64,4,2,128,0.1,32,75,0.0,0.1,5,5,0.5,True,42
early_stopping_patience,5,87,87,4,0.632258095750303,0.643508772055308,0.001,64,4,2,128,0.1,32,75,0.0,0.1,5,5,0.5,True,42
early_stopping_patience,5,87,87,5,0.6259904946341659,0.6125501851240794,0.001,64,4,2,128,0.1,32,75,0.0,0.1,5,5,0.5,True,42
early_stopping_patience,5,87,87,6,0.6150479219628103,0.6230285803476969,0.001,64,4,2,128,0.1,32,75,0.0,0.1,5,5,0.5,True,42
early_stopping_patience,5,87,87,7,0.6144844851259029,0.6281188726425171,0.001,64,4,2,128,0.1,32,75,0.0,0.1,5,5,0.5,True,42
early_stopping_patience,5,87,87,8,0.6007034171259764,0.6528128941853841,0.001,64,4,2,128,0.1,32,75,0.0,0.1,5,5,0.5,True,42
early_stopping_patience,5,87,87,9,0.5943834871956797,0.6426278988520304,0.001,64,4,2,128,0.1,32,75,0.0,0.1,5,5,0.5,True,42
early_stopping_patience,5,87,87,10,0.5902986054619154,0.633210152387619,0.001,64,4,2,128,0.1,32,75,0.0,0.1,5,5,0.5,True,42
early_stopping_patience,5,88,88,1,0.6947361831412171,0.6883380532264709,0.001,64,4,2,128,0.1,32,75,0.0,0.1,5,5,0.5,True,42
early_stopping_patience,5,88,88,2,0.664024226819024,0.6387026468912761,0.001,64,4,2,128,0.1,32,75,0.0,0.1,5,5,0.5,True,42
early_stopping_patience,5,88,88,3,0.6460786764368867,0.6313061873118083,0.001,64,4,2,128,0.1,32,75,0.0,0.1,5,5,0.5,True,42
early_stopping_patience,5,88,88,4,0.6224431612274863,0.6525052805741628,0.001,64,4,2,128,0.1,32,75,0.0,0.1,5,5,0.5,True,42
early_stopping_patience,5,88,88,5,0.6187925061041658,0.6467980881532033,0.001,64,4,2,128,0.1,32,75,0.0,0.1,5,5,0.5,True,42
early_stopping_patience,5,88,88,6,0.6118598408771284,0.6379972060521444,0.001,64,4,2,128,0.1,32,75,0.0,0.1,5,5,0.5,True,42
early_stopping_patience,5,88,88,7,0.6062105995687571,0.6358440359433492,0.001,64,4,2,128,0.1,32,75,0.0,0.1,5,5,0.5,True,42
early_stopping_patience,5,88,88,8,0.5910288325764916,0.6648850083351135,0.001,64,4,2,128,0.1,32,75,0.0,0.1,5,5,0.5,True,42
early_stopping_patience,5,89,89,1,0.6951249679832747,0.6885301907857259,0.001,64,4,2,128,0.1,32,75,0.0,0.1,5,5,0.5,True,42
early_stopping_patience,5,89,89,2,0.6638027352817131,0.6925699949264527,0.001,64,4,2,128,0.1,32,75,0.0,0.1,5,5,0.5,True,42
early_stopping_patience,5,89,89,3,0.6472885044235172,0.6327449738979339,0.001,64,4,2,128,0.1,32,75,0.0,0.1,5,5,0.5,True,42
early_stopping_patience,5,89,89,4,0.6323486851020292,0.6199965039889018,0.001,64,4,2,128,0.1,32,75,0.0,0.1,5,5,0.5,True,42
early_stopping_patience,5,89,89,5,0.6216021731044307,0.6226758162180582,0.001,64,4,2,128,0.1,32,75,0.0,0.1,5,5,0.5,True,42
early_stopping_patience,5,89,89,6,0.6095794254180157,0.6449622074762981,0.001,64,4,2,128,0.1,32,75,0.0,0.1,5,5,0.5,True,42
early_stopping_patience,5,89,89,7,0.6001064097791007,0.6220794479052226,0.001,64,4,2,128,0.1,32,75,0.0,0.1,5,5,0.5,True,42
early_stopping_patience,5,89,89,8,0.5948675672213236,0.6538461109002431,0.001,64,4,2,128,0.1,32,75,0.0,0.1,5,5,0.5,True,42
early_stopping_patience,5,89,89,9,0.5840452074101476,0.614260204633077,0.001,64,4,2,128,0.1,32,75,0.0,0.1,5,5,0.5,True,42
early_stopping_patience,5,89,89,10,0.5794924824978366,0.6392663319905599,0.001,64,4,2,128,0.1,32,75,0.0,0.1,5,5,0.5,True,42
early_stopping_patience,5,89,89,11,0.5602927822055239,0.6453101634979248,0.001,64,4,2,128,0.1,32,75,0.0,0.1,5,5,0.5,True,42
early_stopping_patience,5,89,89,12,0.540197110988877,0.7302510718504588,0.001,64,4,2,128,0.1,32,75,0.0,0.1,5,5,0.5,True,42
early_stopping_patience,5,89,89,13,0.5265610335451184,0.694438515106837,0.001,64,4,2,128,0.1,32,75,0.0,0.1,5,5,0.5,True,42
early_stopping_patience,5,89,89,14,0.5125548792156306,0.7212270637353261,0.001,64,4,2,128,0.1,32,75,0.0,0.1,5,5,0.5,True,42
early_stopping_patience,5,90,90,1,0.6899027932773937,0.6600529313087463,0.001,64,4,2,128,0.1,32,75,0.0,0.1,5,5,0.5,True,42
early_stopping_patience,5,90,90,2,0.6533448894818624,0.6261351148287455,0.001,64,4,2,128,0.1,32,75,0.0,0.1,5,5,0.5,True,42
early_stopping_patience,5,90,90,3,0.6368427804925225,0.6298942645390828,0.001,64,4,2,128,0.1,32,75,0.0,0.1,5,5,0.5,True,42
early_stopping_patience,5,90,90,4,0.6263335245576772,0.6174359838167827,0.001,64,4,2,128,0.1,32,75,0.0,0.1,5,5,0.5,True,42
early_stopping_patience,5,90,90,5,0.6119077090512622,0.6104340036710103,0.001,64,4,2,128,0.1,32,75,0.0,0.1,5,5,0.5,True,42
early_stopping_patience,5,90,90,6,0.6071887941974582,0.6094572524229686,0.001,64,4,2,128,0.1,32,75,0.0,0.1,5,5,0.5,True,42
early_stopping_patience,5,90,90,7,0.60372538096977,0.6268266300360362,0.001,64,4,2,128,0.1,32,75,0.0,0.1,5,5,0.5,True,42
early_stopping_patience,5,90,90,8,0.5959492723147074,0.6324371596177419,0.001,64,4,2,128,0.1,32,75,0.0,0.1,5,5,0.5,True,42
early_stopping_patience,5,90,90,9,0.5875338584636197,0.7155842383702596,0.001,64,4,2,128,0.1,32,75,0.0,0.1,5,5,0.5,True,42
early_stopping_patience,5,90,90,10,0.5758605107213511,0.6194300472736358,0.001,64,4,2,128,0.1,32,75,0.0,0.1,5,5,0.5,True,42
early_stopping_patience,5,90,90,11,0.5609116405248642,0.6413288613160452,0.001,64,4,2,128,0.1,32,75,0.0,0.1,5,5,0.5,True,42
early_stopping_patience,5,91,91,1,0.6974276381008553,0.6706191937128703,0.001,64,4,2,128,0.1,32,75,0.0,0.1,5,5,0.5,True,42
early_stopping_patience,5,91,91,2,0.6663402513121114,0.6546557108561198,0.001,64,4,2,128,0.1,32,75,0.0,0.1,5,5,0.5,True,42
early_stopping_patience,5,91,91,3,0.6492437648050713,0.6579315344492594,0.001,64,4,2,128,0.1,32,75,0.0,0.1,5,5,0.5,True,42
early_stopping_patience,5,91,91,4,0.6282251919760848,0.6593703587849935,0.001,64,4,2,128,0.1,32,75,0.0,0.1,5,5,0.5,True,42
early_stopping_patience,5,91,91,5,0.6148296524629449,0.6149506310621897,0.001,64,4,2,128,0.1,32,75,0.0,0.1,5,5,0.5,True,42
early_stopping_patience,5,91,91,6,0.6074925236629717,0.6195452829202016,0.001,64,4,2,128,0.1,32,75,0.0,0.1,5,5,0.5,True,42
early_stopping_patience,5,91,91,7,0.5934804605715203,0.6446520586808523,0.001,64,4,2,128,0.1,32,75,0.0,0.1,5,5,0.5,True,42
early_stopping_patience,5,91,91,8,0.6019452769647945,0.6084954539934794,0.001,64,4,2,128,0.1,32,75,0.0,0.1,5,5,0.5,True,42
early_stopping_patience,5,91,91,9,0.5822665813294324,0.6020565370718638,0.001,64,4,2,128,0.1,32,75,0.0,0.1,5,5,0.5,True,42
early_stopping_patience,5,91,91,10,0.5781769549304788,0.6134885072708129,0.001,64,4,2,128,0.1,32,75,0.0,0.1,5,5,0.5,True,42
early_stopping_patience,5,91,91,11,0.5613111867146059,0.6764197488625844,0.001,64,4,2,128,0.1,32,75,0.0,0.1,5,5,0.5,True,42
early_stopping_patience,5,91,91,12,0.5638159843105258,0.619240266084671,0.001,64,4,2,128,0.1,32,75,0.0,0.1,5,5,0.5,True,42
early_stopping_patience,5,91,91,13,0.5344896964503058,0.6333498179912567,0.001,64,4,2,128,0.1,32,75,0.0,0.1,5,5,0.5,True,42
early_stopping_patience,5,91,91,14,0.530181862188108,0.641456151008606,0.001,64,4,2,128,0.1,32,75,0.0,0.1,5,5,0.5,True,42
early_stopping_patience,5,92,92,1,0.7016933740991534,0.6816625952720642,0.001,64,4,2,128,0.1,32,75,0.0,0.1,5,5,0.5,True,42
early_stopping_patience,5,92,92,2,0.6703717044808648,0.6741551637649537,0.001,64,4,2,128,0.1,32,75,0.0,0.1,5,5,0.5,True,42
early_stopping_patience,5,92,92,3,0.6505673550295107,0.673993726571401,0.001,64,4,2,128,0.1,32,75,0.0,0.1,5,5,0.5,True,42
early_stopping_patience,5,92,92,4,0.6353951735478459,0.6513435999552409,0.001,64,4,2,128,0.1,32,75,0.0,0.1,5,5,0.5,True,42
early_stopping_patience,5,92,92,5,0.6219801945668278,0.6534048954645792,0.001,64,4,2,128,0.1,32,75,0.0,0.1,5,5,0.5,True,42
early_stopping_patience,5,92,92,6,0.611400296968041,0.682572583357493,0.001,64,4,2,128,0.1,32,75,0.0,0.1,5,5,0.5,True,42
early_stopping_patience,5,92,92,7,0.5969283014084353,0.6782093425591786,0.001,64,4,2,128,0.1,32,75,0.0,0.1,5,5,0.5,True,42
early_stopping_patience,5,92,92,8,0.5993883169510148,0.6860739588737488,0.001,64,4,2,128,0.1,32,75,0.0,0.1,5,5,0.5,True,42
early_stopping_patience,5,92,92,9,0.5808359585476645,0.6795757174491882,0.001,64,4,2,128,0.1,32,75,0.0,0.1,5,5,0.5,True,42
early_stopping_patience,5,93,93,1,0.6922172235720085,0.6691695570945739,0.001,64,4,2,128,0.1,32,75,0.0,0.1,5,5,0.5,True,42
early_stopping_patience,5,93,93,2,0.6585133319551294,0.6444224913914999,0.001,64,4,2,128,0.1,32,75,0.0,0.1,5,5,0.5,True,42
early_stopping_patience,5,93,93,3,0.6388429051095789,0.6406397759914398,0.001,64,4,2,128,0.1,32,75,0.0,0.1,5,5,0.5,True,42
early_stopping_patience,5,93,93,4,0.6288649661071373,0.6241768697897593,0.001,64,4,2,128,0.1,32,75,0.0,0.1,5,5,0.5,True,42
early_stopping_patience,5,93,93,5,0.610828991866473,0.6243828137715658,0.001,64,4,2,128,0.1,32,75,0.0,0.1,5,5,0.5,True,42
early_stopping_patience,5,93,93,6,0.6034687023722765,0.6173023581504822,0.001,64,4,2,128,0.1,32,75,0.0,0.1,5,5,0.5,True,42
early_stopping_patience,5,93,93,7,0.5895573122031761,0.6321586052576701,0.001,64,4,2,128,0.1,32,75,0.0,0.1,5,5,0.5,True,42
early_stopping_patience,5,93,93,8,0.591978099535812,0.6127800385157267,0.001,64,4,2,128,0.1,32,75,0.0,0.1,5,5,0.5,True,42
early_stopping_patience,5,93,93,9,0.5731548590190483,0.6675964196523031,0.001,64,4,2,128,0.1,32,75,0.0,0.1,5,5,0.5,True,42
early_stopping_patience,5,93,93,10,0.5635478925524335,0.6426941235860189,0.001,64,4,2,128,0.1,32,75,0.0,0.1,5,5,0.5,True,42
early_stopping_patience,5,93,93,11,0.5396696335890077,0.6830103059609731,0.001,64,4,2,128,0.1,32,75,0.0,0.1,5,5,0.5,True,42
early_stopping_patience,5,93,93,12,0.533932458496455,0.6640405734380086,0.001,64,4,2,128,0.1,32,75,0.0,0.1,5,5,0.5,True,42
early_stopping_patience,5,93,93,13,0.5131636699943831,0.6625740806261698,0.001,64,4,2,128,0.1,32,75,0.0,0.1,5,5,0.5,True,42
early_stopping_patience,5,94,94,1,0.693257236571023,0.6751893043518067,0.001,64,4,2,128,0.1,32,75,0.0,0.1,5,5,0.5,True,42
early_stopping_patience,5,94,94,2,0.6591739668087526,0.6560113827387491,0.001,64,4,2,128,0.1,32,75,0.0,0.1,5,5,0.5,True,42
early_stopping_patience,5,94,94,3,0.6379814983317347,0.6486264785130819,0.001,64,4,2,128,0.1,32,75,0.0,0.1,5,5,0.5,True,42
early_stopping_patience,5,94,94,4,0.6311687362013441,0.6516372819741567,0.001,64,4,2,128,0.1,32,75,0.0,0.1,5,5,0.5,True,42
early_stopping_patience,5,94,94,5,0.6133996273080508,0.6416247049967448,0.001,64,4,2,128,0.1,32,75,0.0,0.1,5,5,0.5,True,42
early_stopping_patience,5,94,94,6,0.6142379199013566,0.6705601751804352,0.001,64,4,2,128,0.1,32,75,0.0,0.1,5,5,0.5,True,42
early_stopping_patience,5,94,94,7,0.605363411433769,0.6692885080973308,0.001,64,4,2,128,0.1,32,75,0.0,0.1,5,5,0.5,True,42
early_stopping_patience,5,94,94,8,0.5950121782494314,0.6737829685211182,0.001,64,4,2,128,0.1,32,75,0.0,0.1,5,5,0.5,True,42
early_stopping_patience,5,94,94,9,0.5785529333533663,0.6649839123090108,0.001,64,4,2,128,0.1,32,75,0.0,0.1,5,5,0.5,True,42
early_stopping_patience,5,94,94,10,0.5648202830643365,0.6633100787798564,0.001,64,4,2,128,0.1,32,75,0.0,0.1,5,5,0.5,True,42
early_stopping_patience,5,95,95,1,0.7005174426418362,0.6775797247886658,0.001,64,4,2,128,0.1,32,75,0.0,0.1,5,5,0.5,True,42
early_stopping_patience,5,95,95,2,0.6740951172330163,0.6504674593607584,0.001,64,4,2,128,0.1,32,75,0.0,0.1,5,5,0.5,True,42
early_stopping_patience,5,95,95,3,0.6480783269260869,0.6635649343331654,0.001,64,4,2,128,0.1,32,75,0.0,0.1,5,5,0.5,True,42
early_stopping_patience,5,95,95,4,0.6432170782125357,0.6304528673489889,0.001,64,4,2,128,0.1,32,75,0.0,0.1,5,5,0.5,True,42
early_stopping_patience,5,95,95,5,0.6349432820623572,0.6194288055102031,0.001,64,4,2,128,0.1,32,75,0.0,0.1,5,5,0.5,True,42
early_stopping_patience,5,95,95,6,0.6197410986730547,0.6211203336715698,0.001,64,4,2,128,0.1,32,75,0.0,0.1,5,5,0.5,True,42
early_stopping_patience,5,95,95,7,0.6165426517977859,0.610036035378774,0.001,64,4,2,128,0.1,32,75,0.0,0.1,5,5,0.5,True,42
early_stopping_patience,5,95,95,8,0.598642428941799,0.6233011881510416,0.001,64,4,2,128,0.1,32,75,0.0,0.1,5,5,0.5,True,42
early_stopping_patience,5,95,95,9,0.6020864796909419,0.685053684314092,0.001,64,4,2,128,0.1,32,75,0.0,0.1,5,5,0.5,True,42
early_stopping_patience,5,95,95,10,0.5879311247756986,0.6354473233222961,0.001,64,4,2,128,0.1,32,75,0.0,0.1,5,5,0.5,True,42
early_stopping_patience,5,95,95,11,0.5757284620494554,0.6411298851172129,0.001,64,4,2,128,0.1,32,75,0.0,0.1,5,5,0.5,True,42
early_stopping_patience,5,95,95,12,0.5606473025047418,0.6586769104003907,0.001,64,4,2,128,0.1,32,75,0.0,0.1,5,5,0.5,True,42
early_stopping_patience,5,96,96,1,0.7010862773114984,0.6810859362284343,0.001,64,4,2,128,0.1,32,75,0.0,0.1,5,5,0.5,True,42
early_stopping_patience,5,96,96,2,0.6765084302786625,0.6570395767688751,0.001,64,4,2,128,0.1,32,75,0.0,0.1,5,5,0.5,True,42
early_stopping_patience,5,96,96,3,0.6523639528137265,0.6452647805213928,0.001,64,4,2,128,0.1,32,75,0.0,0.1,5,5,0.5,True,42
early_stopping_patience,5,96,96,4,0.6382399149464838,0.6218451499938965,0.001,64,4,2,128,0.1,32,75,0.0,0.1,5,5,0.5,True,42
early_stopping_patience,5,96,96,5,0.6200213159124056,0.629238756497701,0.001,64,4,2,128,0.1,32,75,0.0,0.1,5,5,0.5,True,42
early_stopping_patience,5,96,96,6,0.6092472803412061,0.6275291124979655,0.001,64,4,2,128,0.1,32,75,0.0,0.1,5,5,0.5,True,42
early_stopping_patience,5,96,96,7,0.6018127841931401,0.6231964667638142,0.001,64,4,2,128,0.1,32,75,0.0,0.1,5,5,0.5,True,42
early_stopping_patience,5,96,96,8,0.5868931182406165,0.6196733554204304,0.001,64,4,2,128,0.1,32,75,0.0,0.1,5,5,0.5,True,42
early_stopping_patience,5,96,96,9,0.5758944384076379,0.6183443963527679,0.001,64,4,2,128,0.1,32,75,0.0,0.1,5,5,0.5,True,42
early_stopping_patience,5,96,96,10,0.5664936857241573,0.6191065629323323,0.001,64,4,2,128,0.1,32,75,0.0,0.1,5,5,0.5,True,42
early_stopping_patience,5,96,96,11,0.5497390826543173,0.6388070702552795,0.001,64,4,2,128,0.1,32,75,0.0,0.1,5,5,0.5,True,42
early_stopping_patience,5,96,96,12,0.5390846286759232,0.6448970993359884,0.001,64,4,2,128,0.1,32,75,0.0,0.1,5,5,0.5,True,42
early_stopping_patience,5,96,96,13,0.5230880941856991,0.6530274947484335,0.001,64,4,2,128,0.1,32,75,0.0,0.1,5,5,0.5,True,42
early_stopping_patience,5,96,96,14,0.5049693153211565,0.6799517571926117,0.001,64,4,2,128,0.1,32,75,0.0,0.1,5,5,0.5,True,42
early_stopping_patience,5,97,97,1,0.6920301354292667,0.6690541068712871,0.001,64,4,2,128,0.1,32,75,0.0,0.1,5,5,0.5,True,42
early_stopping_patience,5,97,97,2,0.6615023775534197,0.6461997509002686,0.001,64,4,2,128,0.1,32,75,0.0,0.1,5,5,0.5,True,42
early_stopping_patience,5,97,97,3,0.6296861526189428,0.6871340115865071,0.001,64,4,2,128,0.1,32,75,0.0,0.1,5,5,0.5,True,42
early_stopping_patience,5,97,97,4,0.6176762580871582,0.6328702489535014,0.001,64,4,2,128,0.1,32,75,0.0,0.1,5,5,0.5,True,42
early_stopping_patience,5,97,97,5,0.6022147168264245,0.6229148785273234,0.001,64,4,2,128,0.1,32,75,0.0,0.1,5,5,0.5,True,42
early_stopping_patience,5,97,97,6,0.5968159434921814,0.6290501515070598,0.001,64,4,2,128,0.1,32,75,0.0,0.1,5,5,0.5,True,42
early_stopping_patience,5,97,97,7,0.5837707930442059,0.6484506785869598,0.001,64,4,2,128,0.1,32,75,0.0,0.1,5,5,0.5,True,42
early_stopping_patience,5,97,97,8,0.5823062199986342,0.6886172135670979,0.001,64,4,2,128,0.1,32,75,0.0,0.1,5,5,0.5,True,42
early_stopping_patience,5,97,97,9,0.5688971967408152,0.6380509654680888,0.001,64,4,2,128,0.1,32,75,0.0,0.1,5,5,0.5,True,42
early_stopping_patience,5,97,97,10,0.5526231260913791,0.6387072265148163,0.001,64,4,2,128,0.1,32,75,0.0,0.1,5,5,0.5,True,42
early_stopping_patience,5,98,98,1,0.6927894918304501,0.6798868417739868,0.001,64,4,2,128,0.1,32,75,0.0,0.1,5,5,0.5,True,42
early_stopping_patience,5,98,98,2,0.6599388131589601,0.6636764367421468,0.001,64,4,2,128,0.1,32,75,0.0,0.1,5,5,0.5,True,42
early_stopping_patience,5,98,98,3,0.6436559160550436,0.6694583574930827,0.001,64,4,2,128,0.1,32,75,0.0,0.1,5,5,0.5,True,42
early_stopping_patience,5,98,98,4,0.6285297983523571,0.6476233303546906,0.001,64,4,2,128,0.1,32,75,0.0,0.1,5,5,0.5,True,42
early_stopping_patience,5,98,98,5,0.6200196858156811,0.6773446659247081,0.001,64,4,2,128,0.1,32,75,0.0,0.1,5,5,0.5,True,42
early_stopping_patience,5,98,98,6,0.6027445361921282,0.6656691690286001,0.001,64,4,2,128,0.1,32,75,0.0,0.1,5,5,0.5,True,42
early_stopping_patience,5,98,98,7,0.6088981093330816,0.6395818789800009,0.001,64,4,2,128,0.1,32,75,0.0,0.1,5,5,0.5,True,42
early_stopping_patience,5,98,98,8,0.5915841196071018,0.6609779119491577,0.001,64,4,2,128,0.1,32,75,0.0,0.1,5,5,0.5,True,42
early_stopping_patience,5,98,98,9,0.5799853598529642,0.6717623213926951,0.001,64,4,2,128,0.1,32,75,0.0,0.1,5,5,0.5,True,42
early_stopping_patience,5,98,98,10,0.5702408321879127,0.6615067402521769,0.001,64,4,2,128,0.1,32,75,0.0,0.1,5,5,0.5,True,42
early_stopping_patience,5,98,98,11,0.5492285571315072,0.6537780046463013,0.001,64,4,2,128,0.1,32,75,0.0,0.1,5,5,0.5,True,42
early_stopping_patience,5,98,98,12,0.5387124308582508,0.6906002660592397,0.001,64,4,2,128,0.1,32,75,0.0,0.1,5,5,0.5,True,42
early_stopping_patience,5,99,99,1,0.6896986139543129,0.6619323134422302,0.001,64,4,2,128,0.1,32,75,0.0,0.1,5,5,0.5,True,42
early_stopping_patience,5,99,99,2,0.6594180293155439,0.6523587644100189,0.001,64,4,2,128,0.1,32,75,0.0,0.1,5,5,0.5,True,42
early_stopping_patience,5,99,99,3,0.6329348096341798,0.6399366577466329,0.001,64,4,2,128,0.1,32,75,0.0,0.1,5,5,0.5,True,42
early_stopping_patience,5,99,99,4,0.6255904628020345,0.6497050484021505,0.001,64,4,2,128,0.1,32,75,0.0,0.1,5,5,0.5,True,42
early_stopping_patience,5,99,99,5,0.6151578306700244,0.6499511917432149,0.001,64,4,2,128,0.1,32,75,0.0,0.1,5,5,0.5,True,42
early_stopping_patience,5,99,99,6,0.6068749816128702,0.6290456930796305,0.001,64,4,2,128,0.1,32,75,0.0,0.1,5,5,0.5,True,42
early_stopping_patience,5,99,99,7,0.5994632986910415,0.6325004577636719,0.001,64,4,2,128,0.1,32,75,0.0,0.1,5,5,0.5,True,42
early_stopping_patience,5,99,99,8,0.5843992908344124,0.6353048086166382,0.001,64,4,2,128,0.1,32,75,0.0,0.1,5,5,0.5,True,42
early_stopping_patience,5,99,99,9,0.5743650051228928,0.6357171078523,0.001,64,4,2,128,0.1,32,75,0.0,0.1,5,5,0.5,True,42
early_stopping_patience,5,99,99,10,0.5607180737636306,0.6712986369927724,0.001,64,4,2,128,0.1,32,75,0.0,0.1,5,5,0.5,True,42
early_stopping_patience,5,99,99,11,0.559194606136192,0.6465761800607045,0.001,64,4,2,128,0.1,32,75,0.0,0.1,5,5,0.5,True,42
early_stopping_patience,5,100,100,1,0.692229634884632,0.6638393600781759,0.001,64,4,2,128,0.1,32,75,0.0,0.1,5,5,0.5,True,42
early_stopping_patience,5,100,100,2,0.655097069162311,0.6380955715974171,0.001,64,4,2,128,0.1,32,75,0.0,0.1,5,5,0.5,True,42
early_stopping_patience,5,100,100,3,0.6403382569551468,0.6324203530947368,0.001,64,4,2,128,0.1,32,75,0.0,0.1,5,5,0.5,True,42
early_stopping_patience,5,100,100,4,0.6298714223684687,0.6101155281066895,0.001,64,4,2,128,0.1,32,75,0.0,0.1,5,5,0.5,True,42
early_stopping_patience,5,100,100,5,0.6170289457747431,0.6243091781934103,0.001,64,4,2,128,0.1,32,75,0.0,0.1,5,5,0.5,True,42
early_stopping_patience,5,100,100,6,0.6128198271899512,0.6250203828016917,0.001,64,4,2,128,0.1,32,75,0.0,0.1,5,5,0.5,True,42
early_stopping_patience,5,100,100,7,0.6004261826023911,0.615437924861908,0.001,64,4,2,128,0.1,32,75,0.0,0.1,5,5,0.5,True,42
early_stopping_patience,5,100,100,8,0.5961854101130457,0.6239634792009989,0.001,64,4,2,128,0.1,32,75,0.0,0.1,5,5,0.5,True,42
early_stopping_patience,5,100,100,9,0.577108174336679,0.6475254555543264,0.001,64,4,2,128,0.1,32,75,0.0,0.1,5,5,0.5,True,42
early_stopping_patience,5,101,101,1,0.6920679505124236,0.6761555035909017,0.001,64,4,2,128,0.1,32,75,0.0,0.1,5,5,0.5,True,42
early_stopping_patience,5,101,101,2,0.6609748231642174,0.6742522756258646,0.001,64,4,2,128,0.1,32,75,0.0,0.1,5,5,0.5,True,42
early_stopping_patience,5,101,101,3,0.6415632620002284,0.634927769502004,0.001,64,4,2,128,0.1,32,75,0.0,0.1,5,5,0.5,True,42
early_stopping_patience,5,101,101,4,0.6287146610292521,0.6317281365394593,0.001,64,4,2,128,0.1,32,75,0.0,0.1,5,5,0.5,True,42
early_stopping_patience,5,101,101,5,0.6113252784266616,0.6220764835675557,0.001,64,4,2,128,0.1,32,75,0.0,0.1,5,5,0.5,True,42
early_stopping_patience,5,101,101,6,0.6073307261774035,0.6341459115346273,0.001,64,4,2,128,0.1,32,75,0.0,0.1,5,5,0.5,True,42
early_stopping_patience,5,101,101,7,0.5976833111860536,0.637215381860733,0.001,64,4,2,128,0.1,32,75,0.0,0.1,5,5,0.5,True,42
early_stopping_patience,5,101,101,8,0.5866662518996181,0.6454787075519561,0.001,64,4,2,128,0.1,32,75,0.0,0.1,5,5,0.5,True,42
early_stopping_patience,5,101,101,9,0.579930160307523,0.6643765409787495,0.001,64,4,2,128,0.1,32,75,0.0,0.1,5,5,0.5,True,42
early_stopping_patience,5,101,101,10,0.5682052568052754,0.6565657436847687,0.001,64,4,2,128,0.1,32,75,0.0,0.1,5,5,0.5,True,42
early_stopping_patience,5,102,102,1,0.6882308784759406,0.6795994162559509,0.001,64,4,2,128,0.1,32,75,0.0,0.1,5,5,0.5,True,42
early_stopping_patience,5,102,102,2,0.6627270854783781,0.6484055916468302,0.001,64,4,2,128,0.1,32,75,0.0,0.1,5,5,0.5,True,42
early_stopping_patience,5,102,102,3,0.6378411668719668,0.6311892886956533,0.001,64,4,2,128,0.1,32,75,0.0,0.1,5,5,0.5,True,42
early_stopping_patience,5,102,102,4,0.6218888700911493,0.6242238859335582,0.001,64,4,2,128,0.1,32,75,0.0,0.1,5,5,0.5,True,42
early_stopping_patience,5,102,102,5,0.6114910253972718,0.6337234854698182,0.001,64,4,2,128,0.1,32,75,0.0,0.1,5,5,0.5,True,42
early_stopping_patience,5,102,102,6,0.6036567690246033,0.7130566596984863,0.001,64,4,2,128,0.1,32,75,0.0,0.1,5,5,0.5,True,42
early_stopping_patience,5,102,102,7,0.6000254806695562,0.6248443325360616,0.001,64,4,2,128,0.1,32,75,0.0,0.1,5,5,0.5,True,42
early_stopping_patience,5,102,102,8,0.5910575699174043,0.6200713058312733,0.001,64,4,2,128,0.1,32,75,0.0,0.1,5,5,0.5,True,42
early_stopping_patience,5,102,102,9,0.5689523441321922,0.6910196244716644,0.001,64,4,2,128,0.1,32,75,0.0,0.1,5,5,0.5,True,42
early_stopping_patience,5,102,102,10,0.5702127466599146,0.639946852127711,0.001,64,4,2,128,0.1,32,75,0.0,0.1,5,5,0.5,True,42
early_stopping_patience,5,102,102,11,0.5590111814213522,0.6452393949031829,0.001,64,4,2,128,0.1,32,75,0.0,0.1,5,5,0.5,True,42
early_stopping_patience,5,102,102,12,0.5350277683500088,0.6409883916378021,0.001,64,4,2,128,0.1,32,75,0.0,0.1,5,5,0.5,True,42
early_stopping_patience,5,102,102,13,0.5260728322195284,0.6889997283617656,0.001,64,4,2,128,0.1,32,75,0.0,0.1,5,5,0.5,True,42
early_stopping_patience,5,103,103,1,0.7024704294674324,0.6839179873466492,0.001,64,4,2,128,0.1,32,75,0.0,0.1,5,5,0.5,True,42
early_stopping_patience,5,103,103,2,0.6780050085349516,0.6637213031450907,0.001,64,4,2,128,0.1,32,75,0.0,0.1,5,5,0.5,True,42
early_stopping_patience,5,103,103,3,0.6681767164757757,0.6484198292096456,0.001,64,4,2,128,0.1,32,75,0.0,0.1,5,5,0.5,True,42
early_stopping_patience,5,103,103,4,0.6590784553325537,0.6418556769688925,0.001,64,4,2,128,0.1,32,75,0.0,0.1,5,5,0.5,True,42
early_stopping_patience,5,103,103,5,0.6291476628094008,0.6447684705257416,0.001,64,4,2,128,0.1,32,75,0.0,0.1,5,5,0.5,True,42
early_stopping_patience,5,103,103,6,0.6287824951789596,0.6302842418352763,0.001,64,4,2,128,0.1,32,75,0.0,0.1,5,5,0.5,True,42
early_stopping_patience,5,103,103,7,0.6123894534327767,0.6489505132039388,0.001,64,4,2,128,0.1,32,75,0.0,0.1,5,5,0.5,True,42
early_stopping_patience,5,103,103,8,0.6002430545561241,0.6400646805763245,0.001,64,4,2,128,0.1,32,75,0.0,0.1,5,5,0.5,True,42
early_stopping_patience,5,103,103,9,0.5911589720935533,0.7018107414245606,0.001,64,4,2,128,0.1,32,75,0.0,0.1,5,5,0.5,True,42
early_stopping_patience,5,103,103,10,0.5704579084660067,0.6521032412846883,0.001,64,4,2,128,0.1,32,75,0.0,0.1,5,5,0.5,True,42
early_stopping_patience,5,103,103,11,0.560261137331977,0.6589469075202942,0.001,64,4,2,128,0.1,32,75,0.0,0.1,5,5,0.5,True,42
early_stopping_patience,5,104,104,1,0.6955950273708864,0.6684154232343038,0.001,64,4,2,128,0.1,32,75,0.0,0.1,5,5,0.5,True,42
early_stopping_patience,5,104,104,2,0.6621376221830194,0.6448322494824728,0.001,64,4,2,128,0.1,32,75,0.0,0.1,5,5,0.5,True,42
early_stopping_patience,5,104,104,3,0.6385737169872631,0.6424585779507955,0.001,64,4,2,128,0.1,32,75,0.0,0.1,5,5,0.5,True,42
early_stopping_patience,5,104,104,4,0.6315101570252216,0.6281638224919637,0.001,64,4,2,128,0.1,32,75,0.0,0.1,5,5,0.5,True,42
early_stopping_patience,5,104,104,5,0.6205644889762907,0.6220796664555868,0.001,64,4,2,128,0.1,32,75,0.0,0.1,5,5,0.5,True,42
early_stopping_patience,5,104,104,6,0.6133268518429814,0.6135892351468404,0.001,64,4,2,128,0.1,32,75,0.0,0.1,5,5,0.5,True,42
early_stopping_patience,5,104,104,7,0.6124171181158586,0.6304955462614695,0.001,64,4,2,128,0.1,32,75,0.0,0.1,5,5,0.5,True,42
early_stopping_patience,5,104,104,8,0.6024818196892738,0.6490728259086609,0.001,64,4,2,128,0.1,32,75,0.0,0.1,5,5,0.5,True,42
early_stopping_patience,5,104,104,9,0.5932439854650786,0.6186469713846843,0.001,64,4,2,128,0.1,32,75,0.0,0.1,5,5,0.5,True,42
early_stopping_patience,5,104,104,10,0.5860853481924895,0.6363850474357605,0.001,64,4,2,128,0.1,32,75,0.0,0.1,5,5,0.5,True,42
early_stopping_patience,5,104,104,11,0.577247170787869,0.6312310258547466,0.001,64,4,2,128,0.1,32,75,0.0,0.1,5,5,0.5,True,42
early_stopping_patience,5,105,105,1,0.6869847201036684,0.6804045756657918,0.001,64,4,2,128,0.1,32,75,0.0,0.1,5,5,0.5,True,42
early_stopping_patience,5,105,105,2,0.652576487624284,0.6518078883488972,0.001,64,4,2,128,0.1,32,75,0.0,0.1,5,5,0.5,True,42
early_stopping_patience,5,105,105,3,0.6411650919101455,0.6590603093306223,0.001,64,4,2,128,0.1,32,75,0.0,0.1,5,5,0.5,True,42
early_stopping_patience,5,105,105,4,0.618811089658376,0.6444233934084574,0.001,64,4,2,128,0.1,32,75,0.0,0.1,5,5,0.5,True,42
early_stopping_patience,5,105,105,5,0.606447671398972,0.729020231962204,0.001,64,4,2,128,0.1,32,75,0.0,0.1,5,5,0.5,True,42
early_stopping_patience,5,105,105,6,0.6025099722724973,0.6254278004169465,0.001,64,4,2,128,0.1,32,75,0.0,0.1,5,5,0.5,True,42
early_stopping_patience,5,105,105,7,0.5968025678938086,0.6240103642145792,0.001,64,4,2,128,0.1,32,75,0.0,0.1,5,5,0.5,True,42
early_stopping_patience,5,105,105,8,0.5793336040594361,0.6638713518778483,0.001,64,4,2,128,0.1,32,75,0.0,0.1,5,5,0.5,True,42
early_stopping_patience,5,105,105,9,0.5788547112183138,0.648275625705719,0.001,64,4,2,128,0.1,32,75,0.0,0.1,5,5,0.5,True,42
early_stopping_patience,5,105,105,10,0.5593146715651859,0.6263054847717285,0.001,64,4,2,128,0.1,32,75,0.0,0.1,5,5,0.5,True,42
early_stopping_patience,5,105,105,11,0.5464960898865353,0.6681858162085216,0.001,64,4,2,128,0.1,32,75,0.0,0.1,5,5,0.5,True,42
early_stopping_patience,5,105,105,12,0.5353758285442988,0.6387331048647563,0.001,64,4,2,128,0.1,32,75,0.0,0.1,5,5,0.5,True,42
early_stopping_patience,5,106,106,1,0.6858073242686011,0.6849320809046427,0.001,64,4,2,128,0.1,32,75,0.0,0.1,5,5,0.5,True,42
early_stopping_patience,5,106,106,2,0.661591606609749,0.6398402571678161,0.001,64,4,2,128,0.1,32,75,0.0,0.1,5,5,0.5,True,42
early_stopping_patience,5,106,106,3,0.6339329930417466,0.6162876049677531,0.001,64,4,2,128,0.1,32,75,0.0,0.1,5,5,0.5,True,42
early_stopping_patience,5,106,106,4,0.6230166423501391,0.665114043156306,0.001,64,4,2,128,0.1,32,75,0.0,0.1,5,5,0.5,True,42
early_stopping_patience,5,106,106,5,0.6214361380447041,0.6154930273691813,0.001,64,4,2,128,0.1,32,75,0.0,0.1,5,5,0.5,True,42
early_stopping_patience,5,106,106,6,0.6123810577573199,0.6808693130811055,0.001,64,4,2,128,0.1,32,75,0.0,0.1,5,5,0.5,True,42
early_stopping_patience,5,106,106,7,0.602818519554355,0.6205418248971303,0.001,64,4,2,128,0.1,32,75,0.0,0.1,5,5,0.5,True,42
early_stopping_patience,5,106,106,8,0.5910330112233306,0.6196129898230235,0.001,64,4,2,128,0.1,32,75,0.0,0.1,5,5,0.5,True,42
early_stopping_patience,5,106,106,9,0.577701704971718,0.6172160426775615,0.001,64,4,2,128,0.1,32,75,0.0,0.1,5,5,0.5,True,42
early_stopping_patience,5,106,106,10,0.5720079297369177,0.6151233434677124,0.001,64,4,2,128,0.1,32,75,0.0,0.1,5,5,0.5,True,42
early_stopping_patience,5,106,106,11,0.5632387013597921,0.6260504603385926,0.001,64,4,2,128,0.1,32,75,0.0,0.1,5,5,0.5,True,42
early_stopping_patience,5,106,106,12,0.5437046074957559,0.6342527071634928,0.001,64,4,2,128,0.1,32,75,0.0,0.1,5,5,0.5,True,42
early_stopping_patience,5,106,106,13,0.5333899386001356,0.6364543279012044,0.001,64,4,2,128,0.1,32,75,0.0,0.1,5,5,0.5,True,42
early_stopping_patience,5,106,106,14,0.5097338116981767,0.6634889483451843,0.001,64,4,2,128,0.1,32,75,0.0,0.1,5,5,0.5,True,42
early_stopping_patience,5,106,106,15,0.5047421489249576,0.6625707070032756,0.001,64,4,2,128,0.1,32,75,0.0,0.1,5,5,0.5,True,42
early_stopping_patience,5,107,107,1,0.6935388229110024,0.6656581362088522,0.001,64,4,2,128,0.1,32,75,0.0,0.1,5,5,0.5,True,42
early_stopping_patience,5,107,107,2,0.6561948751861398,0.6546363711357117,0.001,64,4,2,128,0.1,32,75,0.0,0.1,5,5,0.5,True,42
early_stopping_patience,5,107,107,3,0.6297448020089756,0.6252197424570719,0.001,64,4,2,128,0.1,32,75,0.0,0.1,5,5,0.5,True,42
early_stopping_patience,5,107,107,4,0.6264303945230715,0.6328339775403341,0.001,64,4,2,128,0.1,32,75,0.0,0.1,5,5,0.5,True,42
early_stopping_patience,5,107,107,5,0.6231396654338548,0.6366349577903747,0.001,64,4,2,128,0.1,32,75,0.0,0.1,5,5,0.5,True,42
early_stopping_patience,5,107,107,6,0.6130234472679369,0.622233913342158,0.001,64,4,2,128,0.1,32,75,0.0,0.1,5,5,0.5,True,42
early_stopping_patience,5,107,107,7,0.6056260001478773,0.6333439429601033,0.001,64,4,2,128,0.1,32,75,0.0,0.1,5,5,0.5,True,42
early_stopping_patience,5,107,107,8,0.5937558771534399,0.640245274702708,0.001,64,4,2,128,0.1,32,75,0.0,0.1,5,5,0.5,True,42
early_stopping_patience,5,107,107,9,0.5923215281782728,0.6403310716152191,0.001,64,4,2,128,0.1,32,75,0.0,0.1,5,5,0.5,True,42
early_stopping_patience,5,107,107,10,0.5846655641992887,0.6579572220643362,0.001,64,4,2,128,0.1,32,75,0.0,0.1,5,5,0.5,True,42
early_stopping_patience,5,107,107,11,0.5739030413555376,0.6391648332277934,0.001,64,4,2,128,0.1,32,75,0.0,0.1,5,5,0.5,True,42
early_stopping_patience,5,108,108,1,0.6841122797041228,0.6923596382141113,0.001,64,4,2,128,0.1,32,75,0.0,0.1,5,5,0.5,True,42
early_stopping_patience,5,108,108,2,0.6595723651575319,0.6599357446034749,0.001,64,4,2,128,0.1,32,75,0.0,0.1,5,5,0.5,True,42
early_stopping_patience,5,108,108,3,0.6264353130351413,0.6398636996746063,0.001,64,4,2,128,0.1,32,75,0.0,0.1,5,5,0.5,True,42
early_stopping_patience,5,108,108,4,0.617188793917497,0.6419588208198548,0.001,64,4,2,128,0.1,32,75,0.0,0.1,5,5,0.5,True,42
early_stopping_patience,5,108,108,5,0.6053832570711771,0.7026822447776795,0.001,64,4,2,128,0.1,32,75,0.0,0.1,5,5,0.5,True,42
early_stopping_patience,5,108,108,6,0.6012460930329381,0.6362162709236145,0.001,64,4,2,128,0.1,32,75,0.0,0.1,5,5,0.5,True,42
early_stopping_patience,5,108,108,7,0.5972259146246043,0.6451592842737833,0.001,64,4,2,128,0.1,32,75,0.0,0.1,5,5,0.5,True,42
early_stopping_patience,5,108,108,8,0.5872064226052978,0.6907652656237284,0.001,64,4,2,128,0.1,32,75,0.0,0.1,5,5,0.5,True,42
early_stopping_patience,5,108,108,9,0.5841331116177819,0.6464353164037069,0.001,64,4,2,128,0.1,32,75,0.0,0.1,5,5,0.5,True,42
early_stopping_patience,5,108,108,10,0.566441048726891,0.662830247481664,0.001,64,4,2,128,0.1,32,75,0.0,0.1,5,5,0.5,True,42
early_stopping_patience,5,108,108,11,0.5561185422720332,0.6727510809898376,0.001,64,4,2,128,0.1,32,75,0.0,0.1,5,5,0.5,True,42
early_stopping_patience,10,1,1,1,0.6937534592368386,0.6552997390429179,0.001,64,4,2,128,0.1,32,75,0.0,0.1,10,5,0.5,True,42
early_stopping_patience,10,1,1,2,0.6729313735709046,0.6283903201421102,0.001,64,4,2,128,0.1,32,75,0.0,0.1,10,5,0.5,True,42
early_stopping_patience,10,1,1,3,0.6535024588758295,0.6590552548567454,0.001,64,4,2,128,0.1,32,75,0.0,0.1,10,5,0.5,True,42
early_stopping_patience,10,1,1,4,0.6402932008107504,0.5844315310319265,0.001,64,4,2,128,0.1,32,75,0.0,0.1,10,5,0.5,True,42
early_stopping_patience,10,1,1,5,0.6333750355424304,0.6248395621776581,0.001,64,4,2,128,0.1,32,75,0.0,0.1,10,5,0.5,True,42
early_stopping_patience,10,1,1,6,0.6223418963226405,0.6110223333040873,0.001,64,4,2,128,0.1,32,75,0.0,0.1,10,5,0.5,True,42
early_stopping_patience,10,1,1,7,0.6144516571904673,0.6068349401156108,0.001,64,4,2,128,0.1,32,75,0.0,0.1,10,5,0.5,True,42
early_stopping_patience,10,1,1,8,0.6077048462448698,0.5923524856567383,0.001,64,4,2,128,0.1,32,75,0.0,0.1,10,5,0.5,True,42
early_stopping_patience,10,1,1,9,0.5944025859688268,0.5857820868492126,0.001,64,4,2,128,0.1,32,75,0.0,0.1,10,5,0.5,True,42
early_stopping_patience,10,1,1,10,0.5822976206739744,0.5951277852058411,0.001,64,4,2,128,0.1,32,75,0.0,0.1,10,5,0.5,True,42
early_stopping_patience,10,1,1,11,0.5550608273708459,0.59752436876297,0.001,64,4,2,128,0.1,32,75,0.0,0.1,10,5,0.5,True,42
early_stopping_patience,10,1,1,12,0.5306784339023359,0.624515563249588,0.001,64,4,2,128,0.1,32,75,0.0,0.1,10,5,0.5,True,42
early_stopping_patience,10,1,1,13,0.5148941628409155,0.6207572420438131,0.001,64,4,2,128,0.1,32,75,0.0,0.1,10,5,0.5,True,42
early_stopping_patience,10,1,1,14,0.5075851301803733,0.6353710532188416,0.001,64,4,2,128,0.1,32,75,0.0,0.1,10,5,0.5,True,42
early_stopping_patience,10,2,2,1,0.6946502987182501,0.6659272273381551,0.001,64,4,2,128,0.1,32,75,0.0,0.1,10,5,0.5,True,42
early_stopping_patience,10,2,2,2,0.6670394332119913,0.6211955785751343,0.001,64,4,2,128,0.1,32,75,0.0,0.1,10,5,0.5,True,42
early_stopping_patience,10,2,2,3,0.6574314001834753,0.6080289443333944,0.001,64,4,2,128,0.1,32,75,0.0,0.1,10,5,0.5,True,42
early_stopping_patience,10,2,2,4,0.64756865754272,0.6115142146746317,0.001,64,4,2,128,0.1,32,75,0.0,0.1,10,5,0.5,True,42
early_stopping_patience,10,2,2,5,0.626125663970456,0.5868938744068146,0.001,64,4,2,128,0.1,32,75,0.0,0.1,10,5,0.5,True,42
early_stopping_patience,10,2,2,6,0.6240555348269867,0.576455008983612,0.001,64,4,2,128,0.1,32,75,0.0,0.1,10,5,0.5,True,42
early_stopping_patience,10,2,2,7,0.6087414267839808,0.5771700223286946,0.001,64,4,2,128,0.1,32,75,0.0,0.1,10,5,0.5,True,42
early_stopping_patience,10,2,2,8,0.6053552038290284,0.6157806118329366,0.001,64,4,2,128,0.1,32,75,0.0,0.1,10,5,0.5,True,42
early_stopping_patience,10,2,2,9,0.590538602886778,0.5644449293613434,0.001,64,4,2,128,0.1,32,75,0.0,0.1,10,5,0.5,True,42
early_stopping_patience,10,2,2,10,0.5801241560415789,0.5796959618727366,0.001,64,4,2,128,0.1,32,75,0.0,0.1,10,5,0.5,True,42
early_stopping_patience,10,2,2,11,0.5698520915977883,0.5934823334217072,0.001,64,4,2,128,0.1,32,75,0.0,0.1,10,5,0.5,True,42
early_stopping_patience,10,2,2,12,0.5661351461753701,0.5897358556588491,0.001,64,4,2,128,0.1,32,75,0.0,0.1,10,5,0.5,True,42
early_stopping_patience,10,2,2,13,0.5406504966544382,0.5944106638431549,0.001,64,4,2,128,0.1,32,75,0.0,0.1,10,5,0.5,True,42
early_stopping_patience,10,2,2,14,0.5273811379165361,0.6492368340492248,0.001,64,4,2,128,0.1,32,75,0.0,0.1,10,5,0.5,True,42
early_stopping_patience,10,2,2,15,0.5154117239695607,0.6126389662424724,0.001,64,4,2,128,0.1,32,75,0.0,0.1,10,5,0.5,True,42
early_stopping_patience,10,2,2,16,0.4720072861422192,0.6611815492312113,0.001,64,4,2,128,0.1,32,75,0.0,0.1,10,5,0.5,True,42
early_stopping_patience,10,2,2,17,0.44033802052338916,0.6540346582730611,0.001,64,4,2,128,0.1,32,75,0.0,0.1,10,5,0.5,True,42
early_stopping_patience,10,2,2,18,0.42236175738049275,0.6909863750139872,0.001,64,4,2,128,0.1,32,75,0.0,0.1,10,5,0.5,True,42
early_stopping_patience,10,2,2,19,0.3956911874314149,0.7659436841805776,0.001,64,4,2,128,0.1,32,75,0.0,0.1,10,5,0.5,True,42
early_stopping_patience,10,3,3,1,0.6987819229111527,0.6700985391934713,0.001,64,4,2,128,0.1,32,75,0.0,0.1,10,5,0.5,True,42
early_stopping_patience,10,3,3,2,0.668824449633107,0.6929936468601227,0.001,64,4,2,128,0.1,32,75,0.0,0.1,10,5,0.5,True,42
early_stopping_patience,10,3,3,3,0.6596924215555191,0.6137875437736511,0.001,64,4,2,128,0.1,32,75,0.0,0.1,10,5,0.5,True,42
early_stopping_patience,10,3,3,4,0.6469246356776266,0.6007502953211467,0.001,64,4,2,128,0.1,32,75,0.0,0.1,10,5,0.5,True,42
early_stopping_patience,10,3,3,5,0.6293480983286193,0.5994186401367188,0.001,64,4,2,128,0.1,32,75,0.0,0.1,10,5,0.5,True,42
early_stopping_patience,10,3,3,6,0.6178211876840303,0.5844598690668742,0.001,64,4,2,128,0.1,32,75,0.0,0.1,10,5,0.5,True,42
early_stopping_patience,10,3,3,7,0.6114923604058496,0.5940860867500305,0.001,64,4,2,128,0.1,32,75,0.0,0.1,10,5,0.5,True,42
early_stopping_patience,10,3,3,8,0.6015465442429889,0.637306006749471,0.001,64,4,2,128,0.1,32,75,0.0,0.1,10,5,0.5,True,42
early_stopping_patience,10,3,3,9,0.5904032908605806,0.584160570303599,0.001,64,4,2,128,0.1,32,75,0.0,0.1,10,5,0.5,True,42
early_stopping_patience,10,3,3,10,0.5785800713029775,0.5785427232583363,0.001,64,4,2,128,0.1,32,75,0.0,0.1,10,5,0.5,True,42
early_stopping_patience,10,3,3,11,0.5651534303571238,0.5650120735168457,0.001,64,4,2,128,0.1,32,75,0.0,0.1,10,5,0.5,True,42
early_stopping_patience,10,3,3,12,0.5406852786739668,0.5879659454027811,0.001,64,4,2,128,0.1,32,75,0.0,0.1,10,5,0.5,True,42
early_stopping_patience,10,3,3,13,0.5322002339543719,0.575024131933848,0.001,64,4,2,128,0.1,32,75,0.0,0.1,10,5,0.5,True,42
early_stopping_patience,10,3,3,14,0.5088454433011286,0.6359903554121653,0.001,64,4,2,128,0.1,32,75,0.0,0.1,10,5,0.5,True,42
early_stopping_patience,10,3,3,15,0.5082049351749998,0.593734763065974,0.001,64,4,2,128,0.1,32,75,0.0,0.1,10,5,0.5,True,42
early_stopping_patience,10,3,3,16,0.47487067386056436,0.6195722401142121,0.001,64,4,2,128,0.1,32,75,0.0,0.1,10,5,0.5,True,42
early_stopping_patience,10,3,3,17,0.453642244704745,0.6436004519462586,0.001,64,4,2,128,0.1,32,75,0.0,0.1,10,5,0.5,True,42
early_stopping_patience,10,3,3,18,0.3821882323333711,0.7374207079410553,0.001,64,4,2,128,0.1,32,75,0.0,0.1,10,5,0.5,True,42
early_stopping_patience,10,3,3,19,0.34995952316305856,0.7684427936871846,0.001,64,4,2,128,0.1,32,75,0.0,0.1,10,5,0.5,True,42
early_stopping_patience,10,3,3,20,0.3347680718835556,0.8518142402172089,0.001,64,4,2,128,0.1,32,75,0.0,0.1,10,5,0.5,True,42
early_stopping_patience,10,3,3,21,0.31106979366053233,0.88057781457901,0.001,64,4,2,128,0.1,32,75,0.0,0.1,10,5,0.5,True,42
early_stopping_patience,10,4,4,1,0.696595773100853,0.6483848492304484,0.001,64,4,2,128,0.1,32,75,0.0,0.1,10,5,0.5,True,42
early_stopping_patience,10,4,4,2,0.6643326052210548,0.6146181762218476,0.001,64,4,2,128,0.1,32,75,0.0,0.1,10,5,0.5,True,42
early_stopping_patience,10,4,4,3,0.6366257988142244,0.5795661350091298,0.001,64,4,2,128,0.1,32,75,0.0,0.1,10,5,0.5,True,42
early_stopping_patience,10,4,4,4,0.6310167664831335,0.6492548565069834,0.001,64,4,2,128,0.1,32,75,0.0,0.1,10,5,0.5,True,42
early_stopping_patience,10,4,4,5,0.6175752945921638,0.573713211218516,0.001,64,4,2,128,0.1,32,75,0.0,0.1,10,5,0.5,True,42
early_stopping_patience,10,4,4,6,0.6069318683761539,0.5753530184427897,0.001,64,4,2,128,0.1,32,75,0.0,0.1,10,5,0.5,True,42
early_stopping_patience,10,4,4,7,0.5983234772628004,0.6038546840349833,0.001,64,4,2,128,0.1,32,75,0.0,0.1,10,5,0.5,True,42
early_stopping_patience,10,4,4,8,0.5954570199052492,0.5623944242795308,0.001,64,4,2,128,0.1,32,75,0.0,0.1,10,5,0.5,True,42
early_stopping_patience,10,4,4,9,0.5747859026446487,0.5767914394537608,0.001,64,4,2,128,0.1,32,75,0.0,0.1,10,5,0.5,True,42
early_stopping_patience,10,4,4,10,0.5614913494297953,0.5845208585262298,0.001,64,4,2,128,0.1,32,75,0.0,0.1,10,5,0.5,True,42
early_stopping_patience,10,4,4,11,0.5494399632919919,0.600284359852473,0.001,64,4,2,128,0.1,32,75,0.0,0.1,10,5,0.5,True,42
early_stopping_patience,10,4,4,12,0.5330415923487056,0.6179289360841115,0.001,64,4,2,128,0.1,32,75,0.0,0.1,10,5,0.5,True,42
early_stopping_patience,10,4,4,13,0.5115164841214815,0.6462113271156947,0.001,64,4,2,128,0.1,32,75,0.0,0.1,10,5,0.5,True,42
early_stopping_patience,10,4,4,14,0.5005245029248975,0.6013212939103444,0.001,64,4,2,128,0.1,32,75,0.0,0.1,10,5,0.5,True,42
early_stopping_patience,10,4,4,15,0.4416993693871932,0.6607027312119802,0.001,64,4,2,128,0.1,32,75,0.0,0.1,10,5,0.5,True,42
early_stopping_patience,10,4,4,16,0.403701707043431,0.7263272762298584,0.001,64,4,2,128,0.1,32,75,0.0,0.1,10,5,0.5,True,42
early_stopping_patience,10,4,4,17,0.38601096313108096,0.6848893741766612,0.001,64,4,2,128,0.1,32,75,0.0,0.1,10,5,0.5,True,42
early_stopping_patience,10,4,4,18,0.36433140673872194,0.804681928952535,0.001,64,4,2,128,0.1,32,75,0.0,0.1,10,5,0.5,True,42
early_stopping_patience,10,5,5,1,0.687457691990968,0.6397458970546722,0.001,64,4,2,128,0.1,32,75,0.0,0.1,10,5,0.5,True,42
early_stopping_patience,10,5,5,2,0.658475952843825,0.6221471031506857,0.001,64,4,2,128,0.1,32,75,0.0,0.1,10,5,0.5,True,42
early_stopping_patience,10,5,5,3,0.6324764806212801,0.6014609197775523,0.001,64,4,2,128,0.1,32,75,0.0,0.1,10,5,0.5,True,42
early_stopping_patience,10,5,5,4,0.62026857065432,0.608732545375824,0.001,64,4,2,128,0.1,32,75,0.0,0.1,10,5,0.5,True,42
early_stopping_patience,10,5,5,5,0.6127586367003846,0.6217551350593566,0.001,64,4,2,128,0.1,32,75,0.0,0.1,10,5,0.5,True,42
early_stopping_patience,10,5,5,6,0.6114558410463911,0.6120074133078257,0.001,64,4,2,128,0.1,32,75,0.0,0.1,10,5,0.5,True,42
early_stopping_patience,10,5,5,7,0.6066177875706644,0.6270422259966533,0.001,64,4,2,128,0.1,32,75,0.0,0.1,10,5,0.5,True,42
early_stopping_patience,10,5,5,8,0.596984558484771,0.6288604180018107,0.001,64,4,2,128,0.1,32,75,0.0,0.1,10,5,0.5,True,42
early_stopping_patience,10,5,5,9,0.5811381613214811,0.6329490005970001,0.001,64,4,2,128,0.1,32,75,0.0,0.1,10,5,0.5,True,42
early_stopping_patience,10,5,5,10,0.5508444392771432,0.6400907556215922,0.001,64,4,2,128,0.1,32,75,0.0,0.1,10,5,0.5,True,42
early_stopping_patience,10,5,5,11,0.5413995877359853,0.6526605129241944,0.001,64,4,2,128,0.1,32,75,0.0,0.1,10,5,0.5,True,42
early_stopping_patience,10,5,5,12,0.524777358002735,0.6563436230023701,0.001,64,4,2,128,0.1,32,75,0.0,0.1,10,5,0.5,True,42
early_stopping_patience,10,5,5,13,0.5171882494380979,0.6462612807750702,0.001,64,4,2,128,0.1,32,75,0.0,0.1,10,5,0.5,True,42
early_stopping_patience,10,6,6,1,0.6924194314263084,0.6920837998390198,0.001,64,4,2,128,0.1,32,75,0.0,0.1,10,5,0.5,True,42
early_stopping_patience,10,6,6,2,0.6663215178431887,0.652712349096934,0.001,64,4,2,128,0.1,32,75,0.0,0.1,10,5,0.5,True,42
early_stopping_patience,10,6,6,3,0.6501684924869826,0.6131084521611532,0.001,64,4,2,128,0.1,32,75,0.0,0.1,10,5,0.5,True,42
early_stopping_patience,10,6,6,4,0.6366311234958244,0.6036698738733928,0.001,64,4,2,128,0.1,32,75,0.0,0.1,10,5,0.5,True,42
early_stopping_patience,10,6,6,5,0.6262013799313343,0.6583268860975902,0.001,64,4,2,128,0.1,32,75,0.0,0.1,10,5,0.5,True,42
early_stopping_patience,10,6,6,6,0.6166077190727899,0.600992206732432,0.001,64,4,2,128,0.1,32,75,0.0,0.1,10,5,0.5,True,42
early_stopping_patience,10,6,6,7,0.6065498107310497,0.6039070904254913,0.001,64,4,2,128,0.1,32,75,0.0,0.1,10,5,0.5,True,42
early_stopping_patience,10,6,6,8,0.5997413222988447,0.6243409276008606,0.001,64,4,2,128,0.1,32,75,0.0,0.1,10,5,0.5,True,42
early_stopping_patience,10,6,6,9,0.5854325766364733,0.593635501464208,0.001,64,4,2,128,0.1,32,75,0.0,0.1,10,5,0.5,True,42
early_stopping_patience,10,6,6,10,0.5770270454161095,0.6105243623256683,0.001,64,4,2,128,0.1,32,75,0.0,0.1,10,5,0.5,True,42
early_stopping_patience,10,6,6,11,0.5667561141378952,0.6486046989758809,0.001,64,4,2,128,0.1,32,75,0.0,0.1,10,5,0.5,True,42
early_stopping_patience,10,6,6,12,0.5547967076753125,0.753269671400388,0.001,64,4,2,128,0.1,32,75,0.0,0.1,10,5,0.5,True,42
early_stopping_patience,10,6,6,13,0.5353576834454681,0.6788076996803284,0.001,64,4,2,128,0.1,32,75,0.0,0.1,10,5,0.5,True,42
early_stopping_patience,10,6,6,14,0.5244235716985933,0.6486806511878968,0.001,64,4,2,128,0.1,32,75,0.0,0.1,10,5,0.5,True,42
early_stopping_patience,10,6,6,15,0.4971607842228629,0.669843981663386,0.001,64,4,2,128,0.1,32,75,0.0,0.1,10,5,0.5,True,42
early_stopping_patience,10,6,6,16,0.44559856030074035,0.746110471089681,0.001,64,4,2,128,0.1,32,75,0.0,0.1,10,5,0.5,True,42
early_stopping_patience,10,6,6,17,0.42022614824500953,0.8026690602302551,0.001,64,4,2,128,0.1,32,75,0.0,0.1,10,5,0.5,True,42
early_stopping_patience,10,6,6,18,0.40026740628209984,0.8279386103153229,0.001,64,4,2,128,0.1,32,75,0.0,0.1,10,5,0.5,True,42
early_stopping_patience,10,6,6,19,0.3928014091921575,0.810828161239624,0.001,64,4,2,128,0.1,32,75,0.0,0.1,10,5,0.5,True,42
early_stopping_patience,10,7,7,1,0.6904981502077796,0.6601572056611379,0.001,64,4,2,128,0.1,32,75,0.0,0.1,10,5,0.5,True,42
early_stopping_patience,10,7,7,2,0.6653761633417823,0.6307131369908651,0.001,64,4,2,128,0.1,32,75,0.0,0.1,10,5,0.5,True,42
early_stopping_patience,10,7,7,3,0.64015201411464,0.594381848971049,0.001,64,4,2,128,0.1,32,75,0.0,0.1,10,5,0.5,True,42
early_stopping_patience,10,7,7,4,0.6318324253414617,0.5948693513870239,0.001,64,4,2,128,0.1,32,75,0.0,0.1,10,5,0.5,True,42
early_stopping_patience,10,7,7,5,0.6250584577069138,0.5855937083562215,0.001,64,4,2,128,0.1,32,75,0.0,0.1,10,5,0.5,True,42
early_stopping_patience,10,7,7,6,0.6183146057706891,0.5894560396671296,0.001,64,4,2,128,0.1,32,75,0.0,0.1,10,5,0.5,True,42
early_stopping_patience,10,7,7,7,0.6069308598384713,0.5901320159435273,0.001,64,4,2,128,0.1,32,75,0.0,0.1,10,5,0.5,True,42
early_stopping_patience,10,7,7,8,0.5978507632107446,0.6119188050429026,0.001,64,4,2,128,0.1,32,75,0.0,0.1,10,5,0.5,True,42
early_stopping_patience,10,7,7,9,0.5925547157724699,0.6037870089213053,0.001,64,4,2,128,0.1,32,75,0.0,0.1,10,5,0.5,True,42
early_stopping_patience,10,7,7,10,0.5786600997953704,0.6151666680971781,0.001,64,4,2,128,0.1,32,75,0.0,0.1,10,5,0.5,True,42
early_stopping_patience,10,7,7,11,0.5762078272122325,0.6058026889959971,0.001,64,4,2,128,0.1,32,75,0.0,0.1,10,5,0.5,True,42
early_stopping_patience,10,7,7,12,0.5293444203156413,0.6104286909103394,0.001,64,4,2,128,0.1,32,75,0.0,0.1,10,5,0.5,True,42
early_stopping_patience,10,7,7,13,0.5118523944507946,0.6540315628051758,0.001,64,4,2,128,0.1,32,75,0.0,0.1,10,5,0.5,True,42
early_stopping_patience,10,7,7,14,0.4941964686820001,0.6794857501983642,0.001,64,4,2,128,0.1,32,75,0.0,0.1,10,5,0.5,True,42
early_stopping_patience,10,7,7,15,0.4800016882293152,0.6878238042195638,0.001,64,4,2,128,0.1,32,75,0.0,0.1,10,5,0.5,True,42
early_stopping_patience,10,8,8,1,0.6955794181787607,0.6734534462292989,0.001,64,4,2,128,0.1,32,75,0.0,0.1,10,5,0.5,True,42
early_stopping_patience,10,8,8,2,0.6720227057283575,0.6877216498057047,0.001,64,4,2,128,0.1,32,75,0.0,0.1,10,5,0.5,True,42
early_stopping_patience,10,8,8,3,0.6550664116035808,0.6429112275441488,0.001,64,4,2,128,0.1,32,75,0.0,0.1,10,5,0.5,True,42
early_stopping_patience,10,8,8,4,0.6513787553165898,0.6325796564420064,0.001,64,4,2,128,0.1,32,75,0.0,0.1,10,5,0.5,True,42
early_stopping_patience,10,8,8,5,0.6330159618095919,0.6485296765963237,0.001,64,4,2,128,0.1,32,75,0.0,0.1,10,5,0.5,True,42
early_stopping_patience,10,8,8,6,0.6271674400477698,0.6240550577640533,0.001,64,4,2,128,0.1,32,75,0.0,0.1,10,5,0.5,True,42
early_stopping_patience,10,8,8,7,0.6096112423322417,0.6354326248168946,0.001,64,4,2,128,0.1,32,75,0.0,0.1,10,5,0.5,True,42
early_stopping_patience,10,8,8,8,0.6031643919872515,0.6775117019812266,0.001,64,4,2,128,0.1,32,75,0.0,0.1,10,5,0.5,True,42
early_stopping_patience,10,8,8,9,0.593428420072252,0.6221486588319143,0.001,64,4,2,128,0.1,32,75,0.0,0.1,10,5,0.5,True,42
early_stopping_patience,10,8,8,10,0.5787015733393756,0.6368259032567342,0.001,64,4,2,128,0.1,32,75,0.0,0.1,10,5,0.5,True,42
early_stopping_patience,10,8,8,11,0.5745268391840386,0.6466067910194397,0.001,64,4,2,128,0.1,32,75,0.0,0.1,10,5,0.5,True,42
early_stopping_patience,10,8,8,12,0.5634305836124853,0.6819693922996521,0.001,64,4,2,128,0.1,32,75,0.0,0.1,10,5,0.5,True,42
early_stopping_patience,10,8,8,13,0.5503617315129801,0.643256789445877,0.001,64,4,2,128,0.1,32,75,0.0,0.1,10,5,0.5,True,42
early_stopping_patience,10,8,8,14,0.5279573071183581,0.6519027610619863,0.001,64,4,2,128,0.1,32,75,0.0,0.1,10,5,0.5,True,42
early_stopping_patience,10,8,8,15,0.508937023128524,0.640407246351242,0.001,64,4,2,128,0.1,32,75,0.0,0.1,10,5,0.5,True,42
early_stopping_patience,10,8,8,16,0.44803750831069367,0.7043990890185038,0.001,64,4,2,128,0.1,32,75,0.0,0.1,10,5,0.5,True,42
early_stopping_patience,10,8,8,17,0.4356054968454621,0.7091909150282542,0.001,64,4,2,128,0.1,32,75,0.0,0.1,10,5,0.5,True,42
early_stopping_patience,10,8,8,18,0.4047169322994622,0.7579758365948995,0.001,64,4,2,128,0.1,32,75,0.0,0.1,10,5,0.5,True,42
early_stopping_patience,10,8,8,19,0.38767541786938003,0.7774669706821442,0.001,64,4,2,128,0.1,32,75,0.0,0.1,10,5,0.5,True,42
early_stopping_patience,10,9,9,1,0.6918443319472399,0.6726937770843506,0.001,64,4,2,128,0.1,32,75,0.0,0.1,10,5,0.5,True,42
early_stopping_patience,10,9,9,2,0.6718256604490858,0.650571076075236,0.001,64,4,2,128,0.1,32,75,0.0,0.1,10,5,0.5,True,42
early_stopping_patience,10,9,9,3,0.641253334554759,0.6109055240948995,0.001,64,4,2,128,0.1,32,75,0.0,0.1,10,5,0.5,True,42
early_stopping_patience,10,9,9,4,0.6432060718987928,0.603986527522405,0.001,64,4,2,128,0.1,32,75,0.0,0.1,10,5,0.5,True,42
early_stopping_patience,10,9,9,5,0.6185616302219304,0.5879905521869659,0.001,64,4,2,128,0.1,32,75,0.0,0.1,10,5,0.5,True,42
early_stopping_patience,10,9,9,6,0.6162612675265833,0.591426839431127,0.001,64,4,2,128,0.1,32,75,0.0,0.1,10,5,0.5,True,42
early_stopping_patience,10,9,9,7,0.6002087970123147,0.5848389645417531,0.001,64,4,2,128,0.1,32,75,0.0,0.1,10,5,0.5,True,42
early_stopping_patience,10,9,9,8,0.5936771468682722,0.5833467463652293,0.001,64,4,2,128,0.1,32,75,0.0,0.1,10,5,0.5,True,42
early_stopping_patience,10,9,9,9,0.5966425813508757,0.5846268117427826,0.001,64,4,2,128,0.1,32,75,0.0,0.1,10,5,0.5,True,42
early_stopping_patience,10,9,9,10,0.5758809837879557,0.6070368568102519,0.001,64,4,2,128,0.1,32,75,0.0,0.1,10,5,0.5,True,42
early_stopping_patience,10,9,9,11,0.5616061053041256,0.6093626101811727,0.001,64,4,2,128,0.1,32,75,0.0,0.1,10,5,0.5,True,42
early_stopping_patience,10,9,9,12,0.5560316549557628,0.6142637550830841,0.001,64,4,2,128,0.1,32,75,0.0,0.1,10,5,0.5,True,42
early_stopping_patience,10,9,9,13,0.5355228034384323,0.610494073232015,0.001,64,4,2,128,0.1,32,75,0.0,0.1,10,5,0.5,True,42
early_stopping_patience,10,9,9,14,0.5275987698273226,0.6372202297051748,0.001,64,4,2,128,0.1,32,75,0.0,0.1,10,5,0.5,True,42
early_stopping_patience,10,9,9,15,0.4791234535249797,0.6552567144234975,0.001,64,4,2,128,0.1,32,75,0.0,0.1,10,5,0.5,True,42
early_stopping_patience,10,9,9,16,0.46129879931157286,0.6702906489372253,0.001,64,4,2,128,0.1,32,75,0.0,0.1,10,5,0.5,True,42
early_stopping_patience,10,9,9,17,0.43587342559388187,0.7424530307451884,0.001,64,4,2,128,0.1,32,75,0.0,0.1,10,5,0.5,True,42
early_stopping_patience,10,9,9,18,0.4199058563646042,0.7158060570557913,0.001,64,4,2,128,0.1,32,75,0.0,0.1,10,5,0.5,True,42
early_stopping_patience,10,10,10,1,0.7020749422636899,0.6701085726420085,0.001,64,4,2,128,0.1,32,75,0.0,0.1,10,5,0.5,True,42
early_stopping_patience,10,10,10,2,0.6745824217796326,0.677873553832372,0.001,64,4,2,128,0.1,32,75,0.0,0.1,10,5,0.5,True,42
early_stopping_patience,10,10,10,3,0.6597136688051801,0.6522819638252259,0.001,64,4,2,128,0.1,32,75,0.0,0.1,10,5,0.5,True,42
early_stopping_patience,10,10,10,4,0.6431663027315428,0.6352749745051066,0.001,64,4,2,128,0.1,32,75,0.0,0.1,10,5,0.5,True,42
early_stopping_patience,10,10,10,5,0.6271869178974268,0.6234455784161885,0.001,64,4,2,128,0.1,32,75,0.0,0.1,10,5,0.5,True,42
early_stopping_patience,10,10,10,6,0.6144987712755348,0.6140668312708537,0.001,64,4,2,128,0.1,32,75,0.0,0.1,10,5,0.5,True,42
early_stopping_patience,10,10,10,7,0.6006098572503437,0.6031995713710785,0.001,64,4,2,128,0.1,32,75,0.0,0.1,10,5,0.5,True,42
early_stopping_patience,10,10,10,8,0.591801010975332,0.6086903254191081,0.001,64,4,2,128,0.1,32,75,0.0,0.1,10,5,0.5,True,42
early_stopping_patience,10,10,10,9,0.5893476704756418,0.636615385611852,0.001,64,4,2,128,0.1,32,75,0.0,0.1,10,5,0.5,True,42
early_stopping_patience,10,10,10,10,0.5669466403849197,0.621985153357188,0.001,64,4,2,128,0.1,32,75,0.0,0.1,10,5,0.5,True,42
early_stopping_patience,10,10,10,11,0.5539862723513083,0.6309980670611064,0.001,64,4,2,128,0.1,32,75,0.0,0.1,10,5,0.5,True,42
early_stopping_patience,10,10,10,12,0.54978377439759,0.6658234020074209,0.001,64,4,2,128,0.1,32,75,0.0,0.1,10,5,0.5,True,42
early_stopping_patience,10,10,10,13,0.5303274485649485,0.6556514819463094,0.001,64,4,2,128,0.1,32,75,0.0,0.1,10,5,0.5,True,42
early_stopping_patience,10,10,10,14,0.48642815581776877,0.6965312739213307,0.001,64,4,2,128,0.1,32,75,0.0,0.1,10,5,0.5,True,42
early_stopping_patience,10,10,10,15,0.4629622253053116,0.7289942681789399,0.001,64,4,2,128,0.1,32,75,0.0,0.1,10,5,0.5,True,42
early_stopping_patience,10,10,10,16,0.4434088243905342,0.7518428126970927,0.001,64,4,2,128,0.1,32,75,0.0,0.1,10,5,0.5,True,42
early_stopping_patience,10,10,10,17,0.42399202727458696,0.7581250031789144,0.001,64,4,2,128,0.1,32,75,0.0,0.1,10,5,0.5,True,42
early_stopping_patience,10,11,11,1,0.6889952123165131,0.66884725689888,0.001,64,4,2,128,0.1,32,75,0.0,0.1,10,5,0.5,True,42
early_stopping_patience,10,11,11,2,0.6630858259670662,0.6310663799444834,0.001,64,4,2,128,0.1,32,75,0.0,0.1,10,5,0.5,True,42
early_stopping_patience,10,11,11,3,0.6396547713966081,0.6479427854220072,0.001,64,4,2,128,0.1,32,75,0.0,0.1,10,5,0.5,True,42
early_stopping_patience,10,11,11,4,0.6337805631937403,0.5955445329348247,0.001,64,4,2,128,0.1,32,75,0.0,0.1,10,5,0.5,True,42
early_stopping_patience,10,11,11,5,0.6178520872737422,0.5868141988913218,0.001,64,4,2,128,0.1,32,75,0.0,0.1,10,5,0.5,True,42
early_stopping_patience,10,11,11,6,0.6082294551712094,0.5832050621509552,0.001,64,4,2,128,0.1,32,75,0.0,0.1,10,5,0.5,True,42
early_stopping_patience,10,11,11,7,0.6023019030690193,0.5893428842226665,0.001,64,4,2,128,0.1,32,75,0.0,0.1,10,5,0.5,True,42
early_stopping_patience,10,11,11,8,0.5933977031346523,0.5796728591124217,0.001,64,4,2,128,0.1,32,75,0.0,0.1,10,5,0.5,True,42
early_stopping_patience,10,11,11,9,0.5862012936761885,0.5932344178358714,0.001,64,4,2,128,0.1,32,75,0.0,0.1,10,5,0.5,True,42
early_stopping_patience,10,11,11,10,0.574019739347877,0.608573720852534,0.001,64,4,2,128,0.1,32,75,0.0,0.1,10,5,0.5,True,42
early_stopping_patience,10,11,11,11,0.5634316431753563,0.6018054147561391,0.001,64,4,2,128,0.1,32,75,0.0,0.1,10,5,0.5,True,42
early_stopping_patience,10,11,11,12,0.5509859334790346,0.6200933893521626,0.001,64,4,2,128,0.1,32,75,0.0,0.1,10,5,0.5,True,42
early_stopping_patience,10,11,11,13,0.5404433847376795,0.5945490837097168,0.001,64,4,2,128,0.1,32,75,0.0,0.1,10,5,0.5,True,42
early_stopping_patience,10,11,11,14,0.5171410522677682,0.6340487440427144,0.001,64,4,2,128,0.1,32,75,0.0,0.1,10,5,0.5,True,42
early_stopping_patience,10,11,11,15,0.47132281710704166,0.6668701310952504,0.001,64,4,2,128,0.1,32,75,0.0,0.1,10,5,0.5,True,42
early_stopping_patience,10,11,11,16,0.44233641265468165,0.6649237692356109,0.001,64,4,2,128,0.1,32,75,0.0,0.1,10,5,0.5,True,42
early_stopping_patience,10,11,11,17,0.42148548804900865,0.7014254927635193,0.001,64,4,2,128,0.1,32,75,0.0,0.1,10,5,0.5,True,42
early_stopping_patience,10,11,11,18,0.40598283662940515,0.7695005754629771,0.001,64,4,2,128,0.1,32,75,0.0,0.1,10,5,0.5,True,42
early_stopping_patience,10,12,12,1,0.695013835123091,0.6632294138272603,0.001,64,4,2,128,0.1,32,75,0.0,0.1,10,5,0.5,True,42
early_stopping_patience,10,12,12,2,0.667510472463839,0.6344829261302948,0.001,64,4,2,128,0.1,32,75,0.0,0.1,10,5,0.5,True,42
early_stopping_patience,10,12,12,3,0.6440046614769733,0.6215747237205506,0.001,64,4,2,128,0.1,32,75,0.0,0.1,10,5,0.5,True,42
early_stopping_patience,10,12,12,4,0.6328632104577441,0.6196739931901296,0.001,64,4,2,128,0.1,32,75,0.0,0.1,10,5,0.5,True,42
early_stopping_patience,10,12,12,5,0.6244725411136945,0.629941483338674,0.001,64,4,2,128,0.1,32,75,0.0,0.1,10,5,0.5,True,42
early_stopping_patience,10,12,12,6,0.6114418863347082,0.629028606414795,0.001,64,4,2,128,0.1,32,75,0.0,0.1,10,5,0.5,True,42
early_stopping_patience,10,12,12,7,0.6021887908379236,0.6451778630415599,0.001,64,4,2,128,0.1,32,75,0.0,0.1,10,5,0.5,True,42
early_stopping_patience,10,12,12,8,0.5926259160041809,0.6195568482081095,0.001,64,4,2,128,0.1,32,75,0.0,0.1,10,5,0.5,True,42
early_stopping_patience,10,12,12,9,0.5881593985991045,0.6128373225529988,0.001,64,4,2,128,0.1,32,75,0.0,0.1,10,5,0.5,True,42
early_stopping_patience,10,12,12,10,0.5780971829186786,0.6218938151995341,0.001,64,4,2,128,0.1,32,75,0.0,0.1,10,5,0.5,True,42
early_stopping_patience,10,12,12,11,0.5732366618784991,0.6616915166378021,0.001,64,4,2,128,0.1,32,75,0.0,0.1,10,5,0.5,True,42
early_stopping_patience,10,12,12,12,0.5541788928888061,0.6719399571418763,0.001,64,4,2,128,0.1,32,75,0.0,0.1,10,5,0.5,True,42
early_stopping_patience,10,12,12,13,0.5357248157714353,0.6612716794013977,0.001,64,4,2,128,0.1,32,75,0.0,0.1,10,5,0.5,True,42
early_stopping_patience,10,12,12,14,0.5271079826987151,0.6848773022492727,0.001,64,4,2,128,0.1,32,75,0.0,0.1,10,5,0.5,True,42
early_stopping_patience,10,12,12,15,0.5127155654358141,0.6934119880199432,0.001,64,4,2,128,0.1,32,75,0.0,0.1,10,5,0.5,True,42
early_stopping_patience,10,12,12,16,0.4576937791072961,0.7285950104395549,0.001,64,4,2,128,0.1,32,75,0.0,0.1,10,5,0.5,True,42
early_stopping_patience,10,12,12,17,0.4313874024559151,0.7219143132368724,0.001,64,4,2,128,0.1,32,75,0.0,0.1,10,5,0.5,True,42
early_stopping_patience,10,12,12,18,0.4116270531984893,0.7392433981100718,0.001,64,4,2,128,0.1,32,75,0.0,0.1,10,5,0.5,True,42
early_stopping_patience,10,12,12,19,0.40033529924623895,0.7539232651392619,0.001,64,4,2,128,0.1,32,75,0.0,0.1,10,5,0.5,True,42
early_stopping_patience,10,13,13,1,0.6963655000383203,0.6785638014475505,0.001,64,4,2,128,0.1,32,75,0.0,0.1,10,5,0.5,True,42
early_stopping_patience,10,13,13,2,0.6734291310563232,0.6396078149477641,0.001,64,4,2,128,0.1,32,75,0.0,0.1,10,5,0.5,True,42
early_stopping_patience,10,13,13,3,0.6525981697169217,0.6215830723444621,0.001,64,4,2,128,0.1,32,75,0.0,0.1,10,5,0.5,True,42
early_stopping_patience,10,13,13,4,0.6263707072445841,0.6247626682122548,0.001,64,4,2,128,0.1,32,75,0.0,0.1,10,5,0.5,True,42
early_stopping_patience,10,13,13,5,0.6285850766933325,0.6044984102249146,0.001,64,4,2,128,0.1,32,75,0.0,0.1,10,5,0.5,True,42
early_stopping_patience,10,13,13,6,0.6133362009669795,0.6204308768113455,0.001,64,4,2,128,0.1,32,75,0.0,0.1,10,5,0.5,True,42
early_stopping_patience,10,13,13,7,0.6022161319851875,0.6039875169595083,0.001,64,4,2,128,0.1,32,75,0.0,0.1,10,5,0.5,True,42
early_stopping_patience,10,13,13,8,0.5948068192510894,0.6052458167076111,0.001,64,4,2,128,0.1,32,75,0.0,0.1,10,5,0.5,True,42
early_stopping_patience,10,13,13,9,0.5867930722959114,0.6504283845424652,0.001,64,4,2,128,0.1,32,75,0.0,0.1,10,5,0.5,True,42
early_stopping_patience,10,13,13,10,0.5791520381515677,0.6116559167702993,0.001,64,4,2,128,0.1,32,75,0.0,0.1,10,5,0.5,True,42
early_stopping_patience,10,13,13,11,0.5689264016621041,0.6448181649049123,0.001,64,4,2,128,0.1,32,75,0.0,0.1,10,5,0.5,True,42
early_stopping_patience,10,13,13,12,0.5490410777203965,0.6616549452145895,0.001,64,4,2,128,0.1,32,75,0.0,0.1,10,5,0.5,True,42
early_stopping_patience,10,13,13,13,0.5258458405733109,0.6474127968152364,0.001,64,4,2,128,0.1,32,75,0.0,0.1,10,5,0.5,True,42
early_stopping_patience,10,13,13,14,0.48406939456860226,0.7217371602853139,0.001,64,4,2,128,0.1,32,75,0.0,0.1,10,5,0.5,True,42
early_stopping_patience,10,13,13,15,0.45137824829329143,0.7366986473401388,0.001,64,4,2,128,0.1,32,75,0.0,0.1,10,5,0.5,True,42
early_stopping_patience,10,13,13,16,0.42967034153866046,0.7341462810834248,0.001,64,4,2,128,0.1,32,75,0.0,0.1,10,5,0.5,True,42
early_stopping_patience,10,13,13,17,0.41239668835293164,0.7613018234570821,0.001,64,4,2,128,0.1,32,75,0.0,0.1,10,5,0.5,True,42
early_stopping_patience,10,14,14,1,0.6887709593231027,0.69147643049558,0.001,64,4,2,128,0.1,32,75,0.0,0.1,10,5,0.5,True,42
early_stopping_patience,10,14,14,2,0.6631034316890168,0.6550702532132466,0.001,64,4,2,128,0.1,32,75,0.0,0.1,10,5,0.5,True,42
early_stopping_patience,10,14,14,3,0.6515975711923657,0.66788196961085,0.001,64,4,2,128,0.1,32,75,0.0,0.1,10,5,0.5,True,42
early_stopping_patience,10,14,14,4,0.6357247109214464,0.6334175248940785,0.001,64,4,2,128,0.1,32,75,0.0,0.1,10,5,0.5,True,42
early_stopping_patience,10,14,14,5,0.6248509739384507,0.624375851949056,0.001,64,4,2,128,0.1,32,75,0.0,0.1,10,5,0.5,True,42
early_stopping_patience,10,14,14,6,0.6188134803916469,0.6114302655061086,0.001,64,4,2,128,0.1,32,75,0.0,0.1,10,5,0.5,True,42
early_stopping_patience,10,14,14,7,0.6079946379318382,0.6047721624374389,0.001,64,4,2,128,0.1,32,75,0.0,0.1,10,5,0.5,True,42
early_stopping_patience,10,14,14,8,0.5972490091667031,0.6192257006963094,0.001,64,4,2,128,0.1,32,75,0.0,0.1,10,5,0.5,True,42
early_stopping_patience,10,14,14,9,0.5882594124837355,0.6178155362606048,0.001,64,4,2,128,0.1,32,75,0.0,0.1,10,5,0.5,True,42
early_stopping_patience,10,14,14,10,0.577183119049578,0.6156994481881459,0.001,64,4,2,128,0.1,32,75,0.0,0.1,10,5,0.5,True,42
early_stopping_patience,10,14,14,11,0.5615662223461902,0.6087408900260926,0.001,64,4,2,128,0.1,32,75,0.0,0.1,10,5,0.5,True,42
early_stopping_patience,10,14,14,12,0.5574769086458466,0.6163973490397135,0.001,64,4,2,128,0.1,32,75,0.0,0.1,10,5,0.5,True,42
early_stopping_patience,10,14,14,13,0.5400520540548094,0.6489300529162089,0.001,64,4,2,128,0.1,32,75,0.0,0.1,10,5,0.5,True,42
early_stopping_patience,10,14,14,14,0.5007658876252897,0.6808180054028828,0.001,64,4,2,128,0.1,32,75,0.0,0.1,10,5,0.5,True,42
early_stopping_patience,10,14,14,15,0.47111225173328863,0.7240058660507203,0.001,64,4,2,128,0.1,32,75,0.0,0.1,10,5,0.5,True,42
early_stopping_patience,10,14,14,16,0.4556245877209938,0.6754323204358419,0.001,64,4,2,128,0.1,32,75,0.0,0.1,10,5,0.5,True,42
early_stopping_patience,10,14,14,17,0.4306663988214551,0.7367604891459147,0.001,64,4,2,128,0.1,32,75,0.0,0.1,10,5,0.5,True,42
early_stopping_patience,10,15,15,1,0.706355582132484,0.676146399974823,0.001,64,4,2,128,0.1,32,75,0.0,0.1,10,5,0.5,True,42
early_stopping_patience,10,15,15,2,0.6750702541885953,0.6412920554478964,0.001,64,4,2,128,0.1,32,75,0.0,0.1,10,5,0.5,True,42
early_stopping_patience,10,15,15,3,0.6516133867429964,0.6276575128237406,0.001,64,4,2,128,0.1,32,75,0.0,0.1,10,5,0.5,True,42
early_stopping_patience,10,15,15,4,0.6383485410249594,0.6334731638431549,0.001,64,4,2,128,0.1,32,75,0.0,0.1,10,5,0.5,True,42
early_stopping_patience,10,15,15,5,0.6217329095710408,0.571336938937505,0.001,64,4,2,128,0.1,32,75,0.0,0.1,10,5,0.5,True,42
early_stopping_patience,10,15,15,6,0.6238258828719457,0.5795805374781291,0.001,64,4,2,128,0.1,32,75,0.0,0.1,10,5,0.5,True,42
early_stopping_patience,10,15,15,7,0.6022741101456411,0.5715207815170288,0.001,64,4,2,128,0.1,32,75,0.0,0.1,10,5,0.5,True,42
early_stopping_patience,10,15,15,8,0.59032416388844,0.5972755332787831,0.001,64,4,2,128,0.1,32,75,0.0,0.1,10,5,0.5,True,42
early_stopping_patience,10,15,15,9,0.5905989530411634,0.6006085912386576,0.001,64,4,2,128,0.1,32,75,0.0,0.1,10,5,0.5,True,42
early_stopping_patience,10,15,15,10,0.5687615255063231,0.5877495765686035,0.001,64,4,2,128,0.1,32,75,0.0,0.1,10,5,0.5,True,42
early_stopping_patience,10,15,15,11,0.5538414326129537,0.5906257490317027,0.001,64,4,2,128,0.1,32,75,0.0,0.1,10,5,0.5,True,42
early_stopping_patience,10,15,15,12,0.5104881753072594,0.6241606414318085,0.001,64,4,2,128,0.1,32,75,0.0,0.1,10,5,0.5,True,42
early_stopping_patience,10,15,15,13,0.4990683308604992,0.6265426695346832,0.001,64,4,2,128,0.1,32,75,0.0,0.1,10,5,0.5,True,42
early_stopping_patience,10,15,15,14,0.47527946622082684,0.6297243436177572,0.001,64,4,2,128,0.1,32,75,0.0,0.1,10,5,0.5,True,42
early_stopping_patience,10,15,15,15,0.4460638136123166,0.7452870190143586,0.001,64,4,2,128,0.1,32,75,0.0,0.1,10,5,0.5,True,42
early_stopping_patience,10,16,16,1,0.6876672524394412,0.6799082855383555,0.001,64,4,2,128,0.1,32,75,0.0,0.1,10,5,0.5,True,42
early_stopping_patience,10,16,16,2,0.6650869841828491,0.6953710794448853,0.001,64,4,2,128,0.1,32,75,0.0,0.1,10,5,0.5,True,42
early_stopping_patience,10,16,16,3,0.6492561580556812,0.6418937583764394,0.001,64,4,2,128,0.1,32,75,0.0,0.1,10,5,0.5,True,42
early_stopping_patience,10,16,16,4,0.632921697741205,0.6280640165011088,0.001,64,4,2,128,0.1,32,75,0.0,0.1,10,5,0.5,True,42
early_stopping_patience,10,16,16,5,0.6208843417239912,0.626252967119217,0.001,64,4,2,128,0.1,32,75,0.0,0.1,10,5,0.5,True,42
early_stopping_patience,10,16,16,6,0.6175226485638907,0.62551096479098,0.001,64,4,2,128,0.1,32,75,0.0,0.1,10,5,0.5,True,42
early_stopping_patience,10,16,16,7,0.6077448599266283,0.6088561892509461,0.001,64,4,2,128,0.1,32,75,0.0,0.1,10,5,0.5,True,42
early_stopping_patience,10,16,16,8,0.6024653216203054,0.62785604596138,0.001,64,4,2,128,0.1,32,75,0.0,0.1,10,5,0.5,True,42
early_stopping_patience,10,16,16,9,0.5878362592422601,0.6496558825174967,0.001,64,4,2,128,0.1,32,75,0.0,0.1,10,5,0.5,True,42
early_stopping_patience,10,16,16,10,0.5723003250631419,0.6125461856524149,0.001,64,4,2,128,0.1,32,75,0.0,0.1,10,5,0.5,True,42
early_stopping_patience,10,16,16,11,0.5713915982932756,0.6252084672451019,0.001,64,4,2,128,0.1,32,75,0.0,0.1,10,5,0.5,True,42
early_stopping_patience,10,16,16,12,0.5525037321177396,0.6192191322644551,0.001,64,4,2,128,0.1,32,75,0.0,0.1,10,5,0.5,True,42
early_stopping_patience,10,16,16,13,0.5426321745370374,0.6185815493265788,0.001,64,4,2,128,0.1,32,75,0.0,0.1,10,5,0.5,True,42
early_stopping_patience,10,16,16,14,0.4886652066400557,0.6694251875082652,0.001,64,4,2,128,0.1,32,75,0.0,0.1,10,5,0.5,True,42
early_stopping_patience,10,16,16,15,0.4702102046347026,0.6886388997236887,0.001,64,4,2,128,0.1,32,75,0.0,0.1,10,5,0.5,True,42
early_stopping_patience,10,16,16,16,0.4510072132177425,0.7010807355244955,0.001,64,4,2,128,0.1,32,75,0.0,0.1,10,5,0.5,True,42
early_stopping_patience,10,16,16,17,0.44759917586590303,0.7216928978761037,0.001,64,4,2,128,0.1,32,75,0.0,0.1,10,5,0.5,True,42
early_stopping_patience,10,17,17,1,0.6869783740152012,0.6625615040461222,0.001,64,4,2,128,0.1,32,75,0.0,0.1,10,5,0.5,True,42
early_stopping_patience,10,17,17,2,0.6673788491523627,0.6393051266670227,0.001,64,4,2,128,0.1,32,75,0.0,0.1,10,5,0.5,True,42
early_stopping_patience,10,17,17,3,0.6474785274176886,0.6319347163041432,0.001,64,4,2,128,0.1,32,75,0.0,0.1,10,5,0.5,True,42
early_stopping_patience,10,17,17,4,0.634131409227848,0.6314417243003845,0.001,64,4,2,128,0.1,32,75,0.0,0.1,10,5,0.5,True,42
early_stopping_patience,10,17,17,5,0.6185207046342619,0.6209732731183369,0.001,64,4,2,128,0.1,32,75,0.0,0.1,10,5,0.5,True,42
early_stopping_patience,10,17,17,6,0.618486254955783,0.6159164985020955,0.001,64,4,2,128,0.1,32,75,0.0,0.1,10,5,0.5,True,42
early_stopping_patience,10,17,17,7,0.6099871435400211,0.6119857668876648,0.001,64,4,2,128,0.1,32,75,0.0,0.1,10,5,0.5,True,42
early_stopping_patience,10,17,17,8,0.5951582373994769,0.6374224503835042,0.001,64,4,2,128,0.1,32,75,0.0,0.1,10,5,0.5,True,42
early_stopping_patience,10,17,17,9,0.5837916217067025,0.6226367433865865,0.001,64,4,2,128,0.1,32,75,0.0,0.1,10,5,0.5,True,42
early_stopping_patience,10,17,17,10,0.5723894148161917,0.6335741519927979,0.001,64,4,2,128,0.1,32,75,0.0,0.1,10,5,0.5,True,42
early_stopping_patience,10,17,17,11,0.5652856278148565,0.6315066893895467,0.001,64,4,2,128,0.1,32,75,0.0,0.1,10,5,0.5,True,42
early_stopping_patience,10,17,17,12,0.5479444504687281,0.6798055668671926,0.001,64,4,2,128,0.1,32,75,0.0,0.1,10,5,0.5,True,42
early_stopping_patience,10,17,17,13,0.5385893508791924,0.6926243245601654,0.001,64,4,2,128,0.1,32,75,0.0,0.1,10,5,0.5,True,42
early_stopping_patience,10,17,17,14,0.4919324280186133,0.6903551797072093,0.001,64,4,2,128,0.1,32,75,0.0,0.1,10,5,0.5,True,42
early_stopping_patience,10,17,17,15,0.46452299234541977,0.7634573221206665,0.001,64,4,2,128,0.1,32,75,0.0,0.1,10,5,0.5,True,42
early_stopping_patience,10,17,17,16,0.4419000552910747,0.7686071197191874,0.001,64,4,2,128,0.1,32,75,0.0,0.1,10,5,0.5,True,42
early_stopping_patience,10,17,17,17,0.4180799881843003,0.8397386948267619,0.001,64,4,2,128,0.1,32,75,0.0,0.1,10,5,0.5,True,42
early_stopping_patience,10,18,18,1,0.701822716178316,0.6696590224901835,0.001,64,4,2,128,0.1,32,75,0.0,0.1,10,5,0.5,True,42
early_stopping_patience,10,18,18,2,0.6640923650878848,0.6402865409851074,0.001,64,4,2,128,0.1,32,75,0.0,0.1,10,5,0.5,True,42
early_stopping_patience,10,18,18,3,0.6474391827077577,0.6655015567938487,0.001,64,4,2,128,0.1,32,75,0.0,0.1,10,5,0.5,True,42
early_stopping_patience,10,18,18,4,0.6319563269163623,0.670373680194219,0.001,64,4,2,128,0.1,32,75,0.0,0.1,10,5,0.5,True,42
early_stopping_patience,10,18,18,5,0.624309128658338,0.6105239450931549,0.001,64,4,2,128,0.1,32,75,0.0,0.1,10,5,0.5,True,42
early_stopping_patience,10,18,18,6,0.6082600700584325,0.63686683177948,0.001,64,4,2,128,0.1,32,75,0.0,0.1,10,5,0.5,True,42
early_stopping_patience,10,18,18,7,0.6093585567943978,0.6070145587126414,0.001,64,4,2,128,0.1,32,75,0.0,0.1,10,5,0.5,True,42
early_stopping_patience,10,18,18,8,0.5926756235686216,0.6210232019424439,0.001,64,4,2,128,0.1,32,75,0.0,0.1,10,5,0.5,True,42
early_stopping_patience,10,18,18,9,0.5878005736705029,0.6076224088668823,0.001,64,4,2,128,0.1,32,75,0.0,0.1,10,5,0.5,True,42
early_stopping_patience,10,18,18,10,0.5714944350448522,0.6094935198624929,0.001,64,4,2,128,0.1,32,75,0.0,0.1,10,5,0.5,True,42
early_stopping_patience,10,18,18,11,0.5595451437614181,0.6256215751171113,0.001,64,4,2,128,0.1,32,75,0.0,0.1,10,5,0.5,True,42
early_stopping_patience,10,18,18,12,0.5525154728781093,0.6386075695355733,0.001,64,4,2,128,0.1,32,75,0.0,0.1,10,5,0.5,True,42
early_stopping_patience,10,18,18,13,0.5426219001863942,0.6669105072816213,0.001,64,4,2,128,0.1,32,75,0.0,0.1,10,5,0.5,True,42
early_stopping_patience,10,18,18,14,0.48313564502380113,0.683294435342153,0.001,64,4,2,128,0.1,32,75,0.0,0.1,10,5,0.5,True,42
early_stopping_patience,10,18,18,15,0.4595770478022821,0.7058762868245443,0.001,64,4,2,128,0.1,32,75,0.0,0.1,10,5,0.5,True,42
early_stopping_patience,10,18,18,16,0.4427709136948441,0.7015883723894755,0.001,64,4,2,128,0.1,32,75,0.0,0.1,10,5,0.5,True,42
early_stopping_patience,10,18,18,17,0.418715649933526,0.7344508588314056,0.001,64,4,2,128,0.1,32,75,0.0,0.1,10,5,0.5,True,42
early_stopping_patience,10,19,19,1,0.6980379499269255,0.6754201610883077,0.001,64,4,2,128,0.1,32,75,0.0,0.1,10,5,0.5,True,42
early_stopping_patience,10,19,19,2,0.6692687652327798,0.6209905584653218,0.001,64,4,2,128,0.1,32,75,0.0,0.1,10,5,0.5,True,42
early_stopping_patience,10,19,19,3,0.644023515961387,0.601064387957255,0.001,64,4,2,128,0.1,32,75,0.0,0.1,10,5,0.5,True,42
early_stopping_patience,10,19,19,4,0.6384289614630468,0.626083646217982,0.001,64,4,2,128,0.1,32,75,0.0,0.1,10,5,0.5,True,42
early_stopping_patience,10,19,19,5,0.6216454356908798,0.5935021022955577,0.001,64,4,2,128,0.1,32,75,0.0,0.1,10,5,0.5,True,42
early_stopping_patience,10,19,19,6,0.6106108901175585,0.589798241853714,0.001,64,4,2,128,0.1,32,75,0.0,0.1,10,5,0.5,True,42
early_stopping_patience,10,19,19,7,0.6078122858748292,0.6094252586364746,0.001,64,4,2,128,0.1,32,75,0.0,0.1,10,5,0.5,True,42
early_stopping_patience,10,19,19,8,0.5987138890407302,0.5925985276699066,0.001,64,4,2,128,0.1,32,75,0.0,0.1,10,5,0.5,True,42
early_stopping_patience,10,19,19,9,0.582444873948892,0.5700002690156301,0.001,64,4,2,128,0.1,32,75,0.0,0.1,10,5,0.5,True,42
early_stopping_patience,10,19,19,10,0.5670522939075123,0.5779651900132498,0.001,64,4,2,128,0.1,32,75,0.0,0.1,10,5,0.5,True,42
early_stopping_patience,10,19,19,11,0.5782886915134661,0.6176673273245493,0.001,64,4,2,128,0.1,32,75,0.0,0.1,10,5,0.5,True,42
early_stopping_patience,10,19,19,12,0.5531551946293224,0.6187146842479706,0.001,64,4,2,128,0.1,32,75,0.0,0.1,10,5,0.5,True,42
early_stopping_patience,10,19,19,13,0.5330034632122878,0.6008897244930267,0.001,64,4,2,128,0.1,32,75,0.0,0.1,10,5,0.5,True,42
early_stopping_patience,10,19,19,14,0.5250630818984725,0.5961163421471913,0.001,64,4,2,128,0.1,32,75,0.0,0.1,10,5,0.5,True,42
early_stopping_patience,10,19,19,15,0.5033569514299884,0.6556159834067027,0.001,64,4,2,128,0.1,32,75,0.0,0.1,10,5,0.5,True,42
early_stopping_patience,10,19,19,16,0.44329176685123733,0.6426845331986745,0.001,64,4,2,128,0.1,32,75,0.0,0.1,10,5,0.5,True,42
early_stopping_patience,10,19,19,17,0.4162462183246107,0.6585070490837097,0.001,64,4,2,128,0.1,32,75,0.0,0.1,10,5,0.5,True,42
early_stopping_patience,10,19,19,18,0.38972250733411673,0.7057322164376577,0.001,64,4,2,128,0.1,32,75,0.0,0.1,10,5,0.5,True,42
early_stopping_patience,10,19,19,19,0.37562546901630633,0.68470152815183,0.001,64,4,2,128,0.1,32,75,0.0,0.1,10,5,0.5,True,42
early_stopping_patience,10,20,20,1,0.6876938437873666,0.6926124433676402,0.001,64,4,2,128,0.1,32,75,0.0,0.1,10,5,0.5,True,42
early_stopping_patience,10,20,20,2,0.6581598520278931,0.6280328551928203,0.001,64,4,2,128,0.1,32,75,0.0,0.1,10,5,0.5,True,42
early_stopping_patience,10,20,20,3,0.6424420584331859,0.6343454380830129,0.001,64,4,2,128,0.1,32,75,0.0,0.1,10,5,0.5,True,42
early_stopping_patience,10,20,20,4,0.6240513695008827,0.6273993909358978,0.001,64,4,2,128,0.1,32,75,0.0,0.1,10,5,0.5,True,42
early_stopping_patience,10,20,20,5,0.6265184344215826,0.5926956295967102,0.001,64,4,2,128,0.1,32,75,0.0,0.1,10,5,0.5,True,42
early_stopping_patience,10,20,20,6,0.6136458206808928,0.5853523492813111,0.001,64,4,2,128,0.1,32,75,0.0,0.1,10,5,0.5,True,42
early_stopping_patience,10,20,20,7,0.6088961444117806,0.575870829820633,0.001,64,4,2,128,0.1,32,75,0.0,0.1,10,5,0.5,True,42
early_stopping_patience,10,20,20,8,0.5914163411115155,0.584247746070226,0.001,64,4,2,128,0.1,32,75,0.0,0.1,10,5,0.5,True,42
early_stopping_patience,10,20,20,9,0.5771846398711205,0.5720798174540201,0.001,64,4,2,128,0.1,32,75,0.0,0.1,10,5,0.5,True,42
early_stopping_patience,10,20,20,10,0.5713894082741304,0.5880197028319041,0.001,64,4,2,128,0.1,32,75,0.0,0.1,10,5,0.5,True,42
early_stopping_patience,10,20,20,11,0.565655247280092,0.5814443866411845,0.001,64,4,2,128,0.1,32,75,0.0,0.1,10,5,0.5,True,42
early_stopping_patience,10,20,20,12,0.5509687817909501,0.582997057835261,0.001,64,4,2,128,0.1,32,75,0.0,0.1,10,5,0.5,True,42
early_stopping_patience,10,20,20,13,0.5358783749468399,0.5761788745721181,0.001,64,4,2,128,0.1,32,75,0.0,0.1,10,5,0.5,True,42
early_stopping_patience,10,20,20,14,0.5393969635620262,0.6240111947059631,0.001,64,4,2,128,0.1,32,75,0.0,0.1,10,5,0.5,True,42
early_stopping_patience,10,20,20,15,0.5030296952887015,0.6360848406950633,0.001,64,4,2,128,0.1,32,75,0.0,0.1,10,5,0.5,True,42
early_stopping_patience,10,20,20,16,0.4509466710415753,0.6386762857437134,0.001,64,4,2,128,0.1,32,75,0.0,0.1,10,5,0.5,True,42
early_stopping_patience,10,20,20,17,0.4277746696589571,0.65247367421786,0.001,64,4,2,128,0.1,32,75,0.0,0.1,10,5,0.5,True,42
early_stopping_patience,10,20,20,18,0.4120948076473944,0.6411115308602651,0.001,64,4,2,128,0.1,32,75,0.0,0.1,10,5,0.5,True,42
early_stopping_patience,10,20,20,19,0.38420994636235817,0.7322294970353445,0.001,64,4,2,128,0.1,32,75,0.0,0.1,10,5,0.5,True,42
early_stopping_patience,10,21,21,1,0.6886182210662148,0.6704508205254872,0.001,64,4,2,128,0.1,32,75,0.0,0.1,10,5,0.5,True,42
early_stopping_patience,10,21,21,2,0.6643540127710863,0.6256897032260895,0.001,64,4,2,128,0.1,32,75,0.0,0.1,10,5,0.5,True,42
early_stopping_patience,10,21,21,3,0.651898084264813,0.6385903318723043,0.001,64,4,2,128,0.1,32,75,0.0,0.1,10,5,0.5,True,42
early_stopping_patience,10,21,21,4,0.6352790754401323,0.622590442498525,0.001,64,4,2,128,0.1,32,75,0.0,0.1,10,5,0.5,True,42
early_stopping_patience,10,21,21,5,0.6271493782599767,0.6003281871477762,0.001,64,4,2,128,0.1,32,75,0.0,0.1,10,5,0.5,True,42
early_stopping_patience,10,21,21,6,0.6061524428201445,0.6074951410293579,0.001,64,4,2,128,0.1,32,75,0.0,0.1,10,5,0.5,True,42
early_stopping_patience,10,21,21,7,0.5993288694457575,0.5855159044265748,0.001,64,4,2,128,0.1,32,75,0.0,0.1,10,5,0.5,True,42
early_stopping_patience,10,21,21,8,0.5903271854375348,0.6066094557444255,0.001,64,4,2,128,0.1,32,75,0.0,0.1,10,5,0.5,True,42
early_stopping_patience,10,21,21,9,0.570094496011734,0.6464681645234426,0.001,64,4,2,128,0.1,32,75,0.0,0.1,10,5,0.5,True,42
early_stopping_patience,10,21,21,10,0.5585694683320594,0.6391938209533692,0.001,64,4,2,128,0.1,32,75,0.0,0.1,10,5,0.5,True,42
early_stopping_patience,10,21,21,11,0.5414510771180644,0.604353521267573,0.001,64,4,2,128,0.1,32,75,0.0,0.1,10,5,0.5,True,42
early_stopping_patience,10,21,21,12,0.5224534772110708,0.6087783992290496,0.001,64,4,2,128,0.1,32,75,0.0,0.1,10,5,0.5,True,42
early_stopping_patience,10,21,21,13,0.5076400685039434,0.6294840991497039,0.001,64,4,2,128,0.1,32,75,0.0,0.1,10,5,0.5,True,42
early_stopping_patience,10,21,21,14,0.45177322355183686,0.6770247558752696,0.001,64,4,2,128,0.1,32,75,0.0,0.1,10,5,0.5,True,42
early_stopping_patience,10,21,21,15,0.42634474237759906,0.7015787998835246,0.001,64,4,2,128,0.1,32,75,0.0,0.1,10,5,0.5,True,42
early_stopping_patience,10,21,21,16,0.41192723867116554,0.6677176912625631,0.001,64,4,2,128,0.1,32,75,0.0,0.1,10,5,0.5,True,42
early_stopping_patience,10,21,21,17,0.386402748976693,0.7238878389199574,0.001,64,4,2,128,0.1,32,75,0.0,0.1,10,5,0.5,True,42
early_stopping_patience,10,22,22,1,0.6953445474306742,0.6824849843978882,0.001,64,4,2,128,0.1,32,75,0.0,0.1,10,5,0.5,True,42
early_stopping_patience,10,22,22,2,0.6607128639112819,0.6440096239248911,0.001,64,4,2,128,0.1,32,75,0.0,0.1,10,5,0.5,True,42
early_stopping_patience,10,22,22,3,0.6489441087751677,0.6903530180454254,0.001,64,4,2,128,0.1,32,75,0.0,0.1,10,5,0.5,True,42
early_stopping_patience,10,22,22,4,0.6284703720699657,0.6491337617238363,0.001,64,4,2,128,0.1,32,75,0.0,0.1,10,5,0.5,True,42
early_stopping_patience,10,22,22,5,0.6211624951525168,0.6466934144496918,0.001,64,4,2,128,0.1,32,75,0.0,0.1,10,5,0.5,True,42
early_stopping_patience,10,22,22,6,0.6086405425360708,0.6174243807792663,0.001,64,4,2,128,0.1,32,75,0.0,0.1,10,5,0.5,True,42
early_stopping_patience,10,22,22,7,0.5981262488798662,0.6214191993077596,0.001,64,4,2,128,0.1,32,75,0.0,0.1,10,5,0.5,True,42
early_stopping_patience,10,22,22,8,0.5974903829169996,0.6168651262919108,0.001,64,4,2,128,0.1,32,75,0.0,0.1,10,5,0.5,True,42
early_stopping_patience,10,22,22,9,0.5956737148490819,0.613103699684143,0.001,64,4,2,128,0.1,32,75,0.0,0.1,10,5,0.5,True,42
early_stopping_patience,10,22,22,10,0.584511315280741,0.677162621418635,0.001,64,4,2,128,0.1,32,75,0.0,0.1,10,5,0.5,True,42
early_stopping_patience,10,22,22,11,0.5666803324764426,0.6961596667766571,0.001,64,4,2,128,0.1,32,75,0.0,0.1,10,5,0.5,True,42
early_stopping_patience,10,22,22,12,0.5628640103069219,0.661575569709142,0.001,64,4,2,128,0.1,32,75,0.0,0.1,10,5,0.5,True,42
early_stopping_patience,10,22,22,13,0.5452088370467677,0.6630536476771037,0.001,64,4,2,128,0.1,32,75,0.0,0.1,10,5,0.5,True,42
early_stopping_patience,10,22,22,14,0.5324136330322786,0.6603386640548706,0.001,64,4,2,128,0.1,32,75,0.0,0.1,10,5,0.5,True,42
early_stopping_patience,10,22,22,15,0.5155205047040274,0.6614996790885925,0.001,64,4,2,128,0.1,32,75,0.0,0.1,10,5,0.5,True,42
early_stopping_patience,10,22,22,16,0.46640853199994925,0.6728658397992452,0.001,64,4,2,128,0.1,32,75,0.0,0.1,10,5,0.5,True,42
early_stopping_patience,10,22,22,17,0.4510868809214144,0.7011970341205597,0.001,64,4,2,128,0.1,32,75,0.0,0.1,10,5,0.5,True,42
early_stopping_patience,10,22,22,18,0.4270463051895301,0.7469140549500783,0.001,64,4,2,128,0.1,32,75,0.0,0.1,10,5,0.5,True,42
early_stopping_patience,10,22,22,19,0.4100123447450725,0.8092282315095266,0.001,64,4,2,128,0.1,32,75,0.0,0.1,10,5,0.5,True,42
early_stopping_patience,10,23,23,1,0.6978867193966201,0.6787297248840332,0.001,64,4,2,128,0.1,32,75,0.0,0.1,10,5,0.5,True,42
early_stopping_patience,10,23,23,2,0.6651796847581863,0.6366538484891255,0.001,64,4,2,128,0.1,32,75,0.0,0.1,10,5,0.5,True,42
early_stopping_patience,10,23,23,3,0.648086027891347,0.6280663808186849,0.001,64,4,2,128,0.1,32,75,0.0,0.1,10,5,0.5,True,42
early_stopping_patience,10,23,23,4,0.6337293648358547,0.616886556148529,0.001,64,4,2,128,0.1,32,75,0.0,0.1,10,5,0.5,True,42
early_stopping_patience,10,23,23,5,0.6307667060331865,0.61762788494428,0.001,64,4,2,128,0.1,32,75,0.0,0.1,10,5,0.5,True,42
early_stopping_patience,10,23,23,6,0.6207406137025717,0.607039616505305,0.001,64,4,2,128,0.1,32,75,0.0,0.1,10,5,0.5,True,42
early_stopping_patience,10,23,23,7,0.6154002549521851,0.615666518608729,0.001,64,4,2,128,0.1,32,75,0.0,0.1,10,5,0.5,True,42
early_stopping_patience,10,23,23,8,0.6075846697344924,0.6240808705488841,0.001,64,4,2,128,0.1,32,75,0.0,0.1,10,5,0.5,True,42
early_stopping_patience,10,23,23,9,0.5940799315770467,0.699985850850741,0.001,64,4,2,128,0.1,32,75,0.0,0.1,10,5,0.5,True,42
early_stopping_patience,10,23,23,10,0.5802487992879116,0.6215244472026825,0.001,64,4,2,128,0.1,32,75,0.0,0.1,10,5,0.5,True,42
early_stopping_patience,10,23,23,11,0.5702704026392011,0.6381696701049805,0.001,64,4,2,128,0.1,32,75,0.0,0.1,10,5,0.5,True,42
early_stopping_patience,10,23,23,12,0.5710380779522838,0.6336616754531861,0.001,64,4,2,128,0.1,32,75,0.0,0.1,10,5,0.5,True,42
early_stopping_patience,10,23,23,13,0.5170791948383505,0.640526827176412,0.001,64,4,2,128,0.1,32,75,0.0,0.1,10,5,0.5,True,42
early_stopping_patience,10,23,23,14,0.4880162317192916,0.6636231124401093,0.001,64,4,2,128,0.1,32,75,0.0,0.1,10,5,0.5,True,42
early_stopping_patience,10,23,23,15,0.4729487672448158,0.7731622179349263,0.001,64,4,2,128,0.1,32,75,0.0,0.1,10,5,0.5,True,42
early_stopping_patience,10,23,23,16,0.46140825364625815,0.6995060324668885,0.001,64,4,2,128,0.1,32,75,0.0,0.1,10,5,0.5,True,42
early_stopping_patience,10,24,24,1,0.6895422697963571,0.670531165599823,0.001,64,4,2,128,0.1,32,75,0.0,0.1,10,5,0.5,True,42
early_stopping_patience,10,24,24,2,0.66301399245298,0.6508503635724385,0.001,64,4,2,128,0.1,32,75,0.0,0.1,10,5,0.5,True,42
early_stopping_patience,10,24,24,3,0.644155042063921,0.6356775919596355,0.001,64,4,2,128,0.1,32,75,0.0,0.1,10,5,0.5,True,42
early_stopping_patience,10,24,24,4,0.6197071416037423,0.6275037248929342,0.001,64,4,2,128,0.1,32,75,0.0,0.1,10,5,0.5,True,42
early_stopping_patience,10,24,24,5,0.621531492561326,0.6279906352361043,0.001,64,4,2,128,0.1,32,75,0.0,0.1,10,5,0.5,True,42
early_stopping_patience,10,24,24,6,0.6042045673033348,0.6328573207060496,0.001,64,4,2,128,0.1,32,75,0.0,0.1,10,5,0.5,True,42
early_stopping_patience,10,24,24,7,0.6049553241048541,0.6367049038410186,0.001,64,4,2,128,0.1,32,75,0.0,0.1,10,5,0.5,True,42
early_stopping_patience,10,24,24,8,0.5850412003079751,0.6266207496325175,0.001,64,4,2,128,0.1,32,75,0.0,0.1,10,5,0.5,True,42
early_stopping_patience,10,24,24,9,0.5825832492874977,0.624255508184433,0.001,64,4,2,128,0.1,32,75,0.0,0.1,10,5,0.5,True,42
early_stopping_patience,10,24,24,10,0.5898329308606628,0.625719529390335,0.001,64,4,2,128,0.1,32,75,0.0,0.1,10,5,0.5,True,42
early_stopping_patience,10,24,24,11,0.5567466816059629,0.64038671652476,0.001,64,4,2,128,0.1,32,75,0.0,0.1,10,5,0.5,True,42
early_stopping_patience,10,24,24,12,0.5618340435780977,0.6447450379530589,0.001,64,4,2,128,0.1,32,75,0.0,0.1,10,5,0.5,True,42
early_stopping_patience,10,24,24,13,0.5380609748058749,0.6623074014981588,0.001,64,4,2,128,0.1,32,75,0.0,0.1,10,5,0.5,True,42
early_stopping_patience,10,24,24,14,0.5328620797709415,0.6560458242893219,0.001,64,4,2,128,0.1,32,75,0.0,0.1,10,5,0.5,True,42
early_stopping_patience,10,24,24,15,0.5302333648043468,0.6572428345680237,0.001,64,4,2,128,0.1,32,75,0.0,0.1,10,5,0.5,True,42
early_stopping_patience,10,24,24,16,0.46611047552940543,0.7273644347985585,0.001,64,4,2,128,0.1,32,75,0.0,0.1,10,5,0.5,True,42
early_stopping_patience,10,24,24,17,0.44614931111945244,0.6958042105038961,0.001,64,4,2,128,0.1,32,75,0.0,0.1,10,5,0.5,True,42
early_stopping_patience,10,24,24,18,0.4377194591482779,0.7535569787025451,0.001,64,4,2,128,0.1,32,75,0.0,0.1,10,5,0.5,True,42
early_stopping_patience,10,24,24,19,0.4194936192125306,0.7830859541893005,0.001,64,4,2,128,0.1,32,75,0.0,0.1,10,5,0.5,True,42
early_stopping_patience,10,25,25,1,0.6875305600238569,0.6845087627569835,0.001,64,4,2,128,0.1,32,75,0.0,0.1,10,5,0.5,True,42
early_stopping_patience,10,25,25,2,0.665478170821161,0.6396669069925944,0.001,64,4,2,128,0.1,32,75,0.0,0.1,10,5,0.5,True,42
early_stopping_patience,10,25,25,3,0.6431555090980097,0.636024683713913,0.001,64,4,2,128,0.1,32,75,0.0,0.1,10,5,0.5,True,42
early_stopping_patience,10,25,25,4,0.6330391182140871,0.7257254620393118,0.001,64,4,2,128,0.1,32,75,0.0,0.1,10,5,0.5,True,42
early_stopping_patience,10,25,25,5,0.6151928653319677,0.6110438724358876,0.001,64,4,2,128,0.1,32,75,0.0,0.1,10,5,0.5,True,42
early_stopping_patience,10,25,25,6,0.6080928167158907,0.5957215110460917,0.001,64,4,2,128,0.1,32,75,0.0,0.1,10,5,0.5,True,42
early_stopping_patience,10,25,25,7,0.6039350491129991,0.6730217595895132,0.001,64,4,2,128,0.1,32,75,0.0,0.1,10,5,0.5,True,42
early_stopping_patience,10,25,25,8,0.588200302738132,0.6033986647923787,0.001,64,4,2,128,0.1,32,75,0.0,0.1,10,5,0.5,True,42
early_stopping_patience,10,25,25,9,0.5786453160372648,0.6247620701789856,0.001,64,4,2,128,0.1,32,75,0.0,0.1,10,5,0.5,True,42
early_stopping_patience,10,25,25,10,0.567926593802192,0.6132123311360677,0.001,64,4,2,128,0.1,32,75,0.0,0.1,10,5,0.5,True,42
early_stopping_patience,10,25,25,11,0.5530978673786828,0.5963759859402974,0.001,64,4,2,128,0.1,32,75,0.0,0.1,10,5,0.5,True,42
early_stopping_patience,10,25,25,12,0.536783481863412,0.644343090057373,0.001,64,4,2,128,0.1,32,75,0.0,0.1,10,5,0.5,True,42
early_stopping_patience,10,25,25,13,0.4811582811402552,0.7080195426940918,0.001,64,4,2,128,0.1,32,75,0.0,0.1,10,5,0.5,True,42
early_stopping_patience,10,25,25,14,0.4616704249020779,0.6705610275268554,0.001,64,4,2,128,0.1,32,75,0.0,0.1,10,5,0.5,True,42
early_stopping_patience,10,25,25,15,0.4256779308797735,0.7231143236160278,0.001,64,4,2,128,0.1,32,75,0.0,0.1,10,5,0.5,True,42
early_stopping_patience,10,25,25,16,0.4077397621039188,0.7155063331127167,0.001,64,4,2,128,0.1,32,75,0.0,0.1,10,5,0.5,True,42
early_stopping_patience,10,26,26,1,0.6953477584051363,0.6615721821784973,0.001,64,4,2,128,0.1,32,75,0.0,0.1,10,5,0.5,True,42
early_stopping_patience,10,26,26,2,0.6616976690111738,0.6399205227692922,0.001,64,4,2,128,0.1,32,75,0.0,0.1,10,5,0.5,True,42
early_stopping_patience,10,26,26,3,0.6560356269280115,0.6171042919158936,0.001,64,4,2,128,0.1,32,75,0.0,0.1,10,5,0.5,True,42
early_stopping_patience,10,26,26,4,0.6354361682227163,0.6168423612912496,0.001,64,4,2,128,0.1,32,75,0.0,0.1,10,5,0.5,True,42
early_stopping_patience,10,26,26,5,0.6290492970835079,0.5913768887519837,0.001,64,4,2,128,0.1,32,75,0.0,0.1,10,5,0.5,True,42
early_stopping_patience,10,26,26,6,0.6128234432050677,0.6644322534402212,0.001,64,4,2,128,0.1,32,75,0.0,0.1,10,5,0.5,True,42
early_stopping_patience,10,26,26,7,0.6154909470316136,0.5931512256463368,0.001,64,4,2,128,0.1,32,75,0.0,0.1,10,5,0.5,True,42
early_stopping_patience,10,26,26,8,0.6110774784377127,0.602619328101476,0.001,64,4,2,128,0.1,32,75,0.0,0.1,10,5,0.5,True,42
early_stopping_patience,10,26,26,9,0.5961061763492498,0.5841203232606252,0.001,64,4,2,128,0.1,32,75,0.0,0.1,10,5,0.5,True,42
early_stopping_patience,10,26,26,10,0.5810349944866064,0.5973401665687561,0.001,64,4,2,128,0.1,32,75,0.0,0.1,10,5,0.5,True,42
early_stopping_patience,10,26,26,11,0.5728427742918333,0.6012601355711619,0.001,64,4,2,128,0.1,32,75,0.0,0.1,10,5,0.5,True,42
early_stopping_patience,10,26,26,12,0.5680013019027133,0.6016793509324392,0.001,64,4,2,128,0.1,32,75,0.0,0.1,10,5,0.5,True,42
early_stopping_patience,10,26,26,13,0.5456544533371925,0.6131016592184703,0.001,64,4,2,128,0.1,32,75,0.0,0.1,10,5,0.5,True,42
early_stopping_patience,10,26,26,14,0.5457441980640093,0.5949766258398692,0.001,64,4,2,128,0.1,32,75,0.0,0.1,10,5,0.5,True,42
early_stopping_patience,10,26,26,15,0.5198070564956376,0.6144448339939117,0.001,64,4,2,128,0.1,32,75,0.0,0.1,10,5,0.5,True,42
early_stopping_patience,10,26,26,16,0.47207072467514966,0.6796264370282491,0.001,64,4,2,128,0.1,32,75,0.0,0.1,10,5,0.5,True,42
early_stopping_patience,10,26,26,17,0.44252346207698184,0.6766611337661743,0.001,64,4,2,128,0.1,32,75,0.0,0.1,10,5,0.5,True,42
early_stopping_patience,10,26,26,18,0.4186232977292754,0.7151671866575877,0.001,64,4,2,128,0.1,32,75,0.0,0.1,10,5,0.5,True,42
early_stopping_patience,10,26,26,19,0.40081026314785984,0.7387994209925334,0.001,64,4,2,128,0.1,32,75,0.0,0.1,10,5,0.5,True,42
early_stopping_patience,10,27,27,1,0.7050742231535189,0.6876217921574911,0.001,64,4,2,128,0.1,32,75,0.0,0.1,10,5,0.5,True,42
early_stopping_patience,10,27,27,2,0.6769862427855983,0.6399422923723856,0.001,64,4,2,128,0.1,32,75,0.0,0.1,10,5,0.5,True,42
early_stopping_patience,10,27,27,3,0.655074066284931,0.6318258047103882,0.001,64,4,2,128,0.1,32,75,0.0,0.1,10,5,0.5,True,42
early_stopping_patience,10,27,27,4,0.6430715480537126,0.7203552971283594,0.001,64,4,2,128,0.1,32,75,0.0,0.1,10,5,0.5,True,42
early_stopping_patience,10,27,27,5,0.6275895055044781,0.6126700123151143,0.001,64,4,2,128,0.1,32,75,0.0,0.1,10,5,0.5,True,42
early_stopping_patience,10,27,27,6,0.61982674806407,0.6042095919450124,0.001,64,4,2,128,0.1,32,75,0.0,0.1,10,5,0.5,True,42
early_stopping_patience,10,27,27,7,0.6101104856440516,0.6274149437745412,0.001,64,4,2,128,0.1,32,75,0.0,0.1,10,5,0.5,True,42
early_stopping_patience,10,27,27,8,0.6062311414967884,0.6169777731100718,0.001,64,4,2,128,0.1,32,75,0.0,0.1,10,5,0.5,True,42
early_stopping_patience,10,27,27,9,0.6031865075682149,0.6030201057593028,0.001,64,4,2,128,0.1,32,75,0.0,0.1,10,5,0.5,True,42
early_stopping_patience,10,27,27,10,0.5916390929258231,0.6356234530607859,0.001,64,4,2,128,0.1,32,75,0.0,0.1,10,5,0.5,True,42
early_stopping_patience,10,27,27,11,0.5804602113185506,0.5991970519224803,0.001,64,4,2,128,0.1,32,75,0.0,0.1,10,5,0.5,True,42
early_stopping_patience,10,27,27,12,0.5691765707099077,0.6309005141258239,0.001,64,4,2,128,0.1,32,75,0.0,0.1,10,5,0.5,True,42
early_stopping_patience,10,27,27,13,0.5527398511767387,0.609329636891683,0.001,64,4,2,128,0.1,32,75,0.0,0.1,10,5,0.5,True,42
early_stopping_patience,10,27,27,14,0.5393687755321012,0.6454294522603353,0.001,64,4,2,128,0.1,32,75,0.0,0.1,10,5,0.5,True,42
early_stopping_patience,10,27,27,15,0.5249778912826017,0.6836209495862325,0.001,64,4,2,128,0.1,32,75,0.0,0.1,10,5,0.5,True,42
early_stopping_patience,10,27,27,16,0.5137776946931174,0.6559773127237956,0.001,64,4,2,128,0.1,32,75,0.0,0.1,10,5,0.5,True,42
early_stopping_patience,10,27,27,17,0.4882595731001912,0.6854600965976715,0.001,64,4,2,128,0.1,32,75,0.0,0.1,10,5,0.5,True,42
early_stopping_patience,10,27,27,18,0.43318678461241,0.7016380945841472,0.001,64,4,2,128,0.1,32,75,0.0,0.1,10,5,0.5,True,42
early_stopping_patience,10,27,27,19,0.40803183976447943,0.7426299889882405,0.001,64,4,2,128,0.1,32,75,0.0,0.1,10,5,0.5,True,42
early_stopping_patience,10,27,27,20,0.3915203738618981,0.7279112756252288,0.001,64,4,2,128,0.1,32,75,0.0,0.1,10,5,0.5,True,42
early_stopping_patience,10,27,27,21,0.3650715565591147,0.8413511236508687,0.001,64,4,2,128,0.1,32,75,0.0,0.1,10,5,0.5,True,42
early_stopping_patience,10,28,28,1,0.6920359116612058,0.6798258145650228,0.001,64,4,2,128,0.1,32,75,0.0,0.1,10,5,0.5,True,42
early_stopping_patience,10,28,28,2,0.6706933388204286,0.653595757484436,0.001,64,4,2,128,0.1,32,75,0.0,0.1,10,5,0.5,True,42
early_stopping_patience,10,28,28,3,0.6422735127535734,0.6268279771010081,0.001,64,4,2,128,0.1,32,75,0.0,0.1,10,5,0.5,True,42
early_stopping_patience,10,28,28,4,0.6287407050981666,0.6216849426428477,0.001,64,4,2,128,0.1,32,75,0.0,0.1,10,5,0.5,True,42
early_stopping_patience,10,28,28,5,0.6152868194110466,0.6308012366294861,0.001,64,4,2,128,0.1,32,75,0.0,0.1,10,5,0.5,True,42
early_stopping_patience,10,28,28,6,0.6117382345326019,0.6256006360054016,0.001,64,4,2,128,0.1,32,75,0.0,0.1,10,5,0.5,True,42
early_stopping_patience,10,28,28,7,0.6063761905287252,0.6380353470643362,0.001,64,4,2,128,0.1,32,75,0.0,0.1,10,5,0.5,True,42
early_stopping_patience,10,28,28,8,0.598609493988933,0.6603815694650014,0.001,64,4,2,128,0.1,32,75,0.0,0.1,10,5,0.5,True,42
early_stopping_patience,10,28,28,9,0.57903515592669,0.6312627077102662,0.001,64,4,2,128,0.1,32,75,0.0,0.1,10,5,0.5,True,42
early_stopping_patience,10,28,28,10,0.5703863930521589,0.6261624058087667,0.001,64,4,2,128,0.1,32,75,0.0,0.1,10,5,0.5,True,42
early_stopping_patience,10,28,28,11,0.5477811883796345,0.6252308189868927,0.001,64,4,2,128,0.1,32,75,0.0,0.1,10,5,0.5,True,42
early_stopping_patience,10,28,28,12,0.5295972139997915,0.6328157345453899,0.001,64,4,2,128,0.1,32,75,0.0,0.1,10,5,0.5,True,42
early_stopping_patience,10,28,28,13,0.5147442921544566,0.6492824296156565,0.001,64,4,2,128,0.1,32,75,0.0,0.1,10,5,0.5,True,42
early_stopping_patience,10,28,28,14,0.5036979236386039,0.6502030213673909,0.001,64,4,2,128,0.1,32,75,0.0,0.1,10,5,0.5,True,42
early_stopping_patience,10,29,29,1,0.6929575290643808,0.6520964860916137,0.001,64,4,2,128,0.1,32,75,0.0,0.1,10,5,0.5,True,42
early_stopping_patience,10,29,29,2,0.6645124238548856,0.6312637646993001,0.001,64,4,2,128,0.1,32,75,0.0,0.1,10,5,0.5,True,42
early_stopping_patience,10,29,29,3,0.6431488652120937,0.6057038982709249,0.001,64,4,2,128,0.1,32,75,0.0,0.1,10,5,0.5,True,42
early_stopping_patience,10,29,29,4,0.6312224124417161,0.6075767854849498,0.001,64,4,2,128,0.1,32,75,0.0,0.1,10,5,0.5,True,42
early_stopping_patience,10,29,29,5,0.626725680223017,0.6073135515054067,0.001,64,4,2,128,0.1,32,75,0.0,0.1,10,5,0.5,True,42
early_stopping_patience,10,29,29,6,0.6156698494698062,0.5934990564982097,0.001,64,4,2,128,0.1,32,75,0.0,0.1,10,5,0.5,True,42
early_stopping_patience,10,29,29,7,0.5996488998785163,0.6227762202421824,0.001,64,4,2,128,0.1,32,75,0.0,0.1,10,5,0.5,True,42
early_stopping_patience,10,29,29,8,0.5959862452564817,0.621465539932251,0.001,64,4,2,128,0.1,32,75,0.0,0.1,10,5,0.5,True,42
early_stopping_patience,10,29,29,9,0.589413239874623,0.6090358376502991,0.001,64,4,2,128,0.1,32,75,0.0,0.1,10,5,0.5,True,42
early_stopping_patience,10,29,29,10,0.5720889220635096,0.6314770579338074,0.001,64,4,2,128,0.1,32,75,0.0,0.1,10,5,0.5,True,42
early_stopping_patience,10,29,29,11,0.5544499881339796,0.6158060332139333,0.001,64,4,2,128,0.1,32,75,0.0,0.1,10,5,0.5,True,42
early_stopping_patience,10,29,29,12,0.5514228996453863,0.6100038528442383,0.001,64,4,2,128,0.1,32,75,0.0,0.1,10,5,0.5,True,42
early_stopping_patience,10,29,29,13,0.49311206738154095,0.6675032516320546,0.001,64,4,2,128,0.1,32,75,0.0,0.1,10,5,0.5,True,42
early_stopping_patience,10,29,29,14,0.46920261125672946,0.659857467810313,0.001,64,4,2,128,0.1,32,75,0.0,0.1,10,5,0.5,True,42
early_stopping_patience,10,29,29,15,0.4518110913534959,0.7272233049074809,0.001,64,4,2,128,0.1,32,75,0.0,0.1,10,5,0.5,True,42
early_stopping_patience,10,29,29,16,0.4263953747171344,0.7305673698584239,0.001,64,4,2,128,0.1,32,75,0.0,0.1,10,5,0.5,True,42
early_stopping_patience,10,30,30,1,0.6983454579656775,0.6640894810358683,0.001,64,4,2,128,0.1,32,75,0.0,0.1,10,5,0.5,True,42
early_stopping_patience,10,30,30,2,0.669523430593086,0.641241451104482,0.001,64,4,2,128,0.1,32,75,0.0,0.1,10,5,0.5,True,42
early_stopping_patience,10,30,30,3,0.6456744955344633,0.6205679734547933,0.001,64,4,2,128,0.1,32,75,0.0,0.1,10,5,0.5,True,42
early_stopping_patience,10,30,30,4,0.6385971429673108,0.6071648498376211,0.001,64,4,2,128,0.1,32,75,0.0,0.1,10,5,0.5,True,42
early_stopping_patience,10,30,30,5,0.6312317875298586,0.6059248447418213,0.001,64,4,2,128,0.1,32,75,0.0,0.1,10,5,0.5,True,42
early_stopping_patience,10,30,30,6,0.6105171491702398,0.6956139504909515,0.001,64,4,2,128,0.1,32,75,0.0,0.1,10,5,0.5,True,42
early_stopping_patience,10,30,30,7,0.6058893741080256,0.6132812738418579,0.001,64,4,2,128,0.1,32,75,0.0,0.1,10,5,0.5,True,42
early_stopping_patience,10,30,30,8,0.605974821204489,0.6915366391340891,0.001,64,4,2,128,0.1,32,75,0.0,0.1,10,5,0.5,True,42
early_stopping_patience,10,30,30,9,0.5906925955505082,0.6389169732729594,0.001,64,4,2,128,0.1,32,75,0.0,0.1,10,5,0.5,True,42
early_stopping_patience,10,30,30,10,0.5810394458698503,0.6030103047688802,0.001,64,4,2,128,0.1,32,75,0.0,0.1,10,5,0.5,True,42
early_stopping_patience,10,30,30,11,0.5749214824401971,0.6376821517944335,0.001,64,4,2,128,0.1,32,75,0.0,0.1,10,5,0.5,True,42
early_stopping_patience,10,30,30,12,0.5614582352114447,0.6259482085704804,0.001,64,4,2,128,0.1,32,75,0.0,0.1,10,5,0.5,True,42
early_stopping_patience,10,30,30,13,0.5399286297686172,0.6188273251056671,0.001,64,4,2,128,0.1,32,75,0.0,0.1,10,5,0.5,True,42
early_stopping_patience,10,30,30,14,0.5305293145956416,0.6595022936662038,0.001,64,4,2,128,0.1,32,75,0.0,0.1,10,5,0.5,True,42
early_stopping_patience,10,30,30,15,0.5100670434308775,0.6486254016558329,0.001,64,4,2,128,0.1,32,75,0.0,0.1,10,5,0.5,True,42
early_stopping_patience,10,30,30,16,0.4925514389619683,0.6799112558364868,0.001,64,4,2,128,0.1,32,75,0.0,0.1,10,5,0.5,True,42
early_stopping_patience,10,30,30,17,0.4366776699369604,0.695437882343928,0.001,64,4,2,128,0.1,32,75,0.0,0.1,10,5,0.5,True,42
early_stopping_patience,10,30,30,18,0.4126480266903386,0.7160376608371735,0.001,64,4,2,128,0.1,32,75,0.0,0.1,10,5,0.5,True,42
early_stopping_patience,10,30,30,19,0.3812366271335067,0.8565057794253031,0.001,64,4,2,128,0.1,32,75,0.0,0.1,10,5,0.5,True,42
early_stopping_patience,10,30,30,20,0.36799945569399634,0.8315653661886852,0.001,64,4,2,128,0.1,32,75,0.0,0.1,10,5,0.5,True,42
early_stopping_patience,10,31,31,1,0.6949974045608983,0.6749513864517211,0.001,64,4,2,128,0.1,32,75,0.0,0.1,10,5,0.5,True,42
early_stopping_patience,10,31,31,2,0.6689539190494653,0.6556803127129872,0.001,64,4,2,128,0.1,32,75,0.0,0.1,10,5,0.5,True,42
early_stopping_patience,10,31,31,3,0.648894986871517,0.637357219060262,0.001,64,4,2,128,0.1,32,75,0.0,0.1,10,5,0.5,True,42
early_stopping_patience,10,31,31,4,0.6363052030404409,0.6303739647070566,0.001,64,4,2,128,0.1,32,75,0.0,0.1,10,5,0.5,True,42
early_stopping_patience,10,31,31,5,0.6249221339821815,0.6205316662788392,0.001,64,4,2,128,0.1,32,75,0.0,0.1,10,5,0.5,True,42
early_stopping_patience,10,31,31,6,0.6068144171978488,0.6256170849005381,0.001,64,4,2,128,0.1,32,75,0.0,0.1,10,5,0.5,True,42
early_stopping_patience,10,31,31,7,0.6107660913557718,0.6344835857550303,0.001,64,4,2,128,0.1,32,75,0.0,0.1,10,5,0.5,True,42
early_stopping_patience,10,31,31,8,0.5889912794033686,0.6311732828617096,0.001,64,4,2,128,0.1,32,75,0.0,0.1,10,5,0.5,True,42
early_stopping_patience,10,31,31,9,0.5843029767274857,0.6405055940151214,0.001,64,4,2,128,0.1,32,75,0.0,0.1,10,5,0.5,True,42
early_stopping_patience,10,31,31,10,0.5704481859098781,0.6447765529155731,0.001,64,4,2,128,0.1,32,75,0.0,0.1,10,5,0.5,True,42
early_stopping_patience,10,31,31,11,0.5648234132112879,0.6742211798826854,0.001,64,4,2,128,0.1,32,75,0.0,0.1,10,5,0.5,True,42
early_stopping_patience,10,31,31,12,0.5234070973414363,0.6754516899585724,0.001,64,4,2,128,0.1,32,75,0.0,0.1,10,5,0.5,True,42
early_stopping_patience,10,31,31,13,0.5024006436720039,0.6919711629549662,0.001,64,4,2,128,0.1,32,75,0.0,0.1,10,5,0.5,True,42
early_stopping_patience,10,31,31,14,0.48048697570056625,0.7495271603266398,0.001,64,4,2,128,0.1,32,75,0.0,0.1,10,5,0.5,True,42
early_stopping_patience,10,31,31,15,0.46172241606947145,0.7008130033810933,0.001,64,4,2,128,0.1,32,75,0.0,0.1,10,5,0.5,True,42
early_stopping_patience,10,32,32,1,0.6935833399042939,0.6705529689788818,0.001,64,4,2,128,0.1,32,75,0.0,0.1,10,5,0.5,True,42
early_stopping_patience,10,32,32,2,0.667170937314178,0.6390324711799622,0.001,64,4,2,128,0.1,32,75,0.0,0.1,10,5,0.5,True,42
early_stopping_patience,10,32,32,3,0.646832235383265,0.6279359817504883,0.001,64,4,2,128,0.1,32,75,0.0,0.1,10,5,0.5,True,42
early_stopping_patience,10,32,32,4,0.6387540323264671,0.628935964902242,0.001,64,4,2,128,0.1,32,75,0.0,0.1,10,5,0.5,True,42
early_stopping_patience,10,32,32,5,0.6304420284701117,0.6135831673940023,0.001,64,4,2,128,0.1,32,75,0.0,0.1,10,5,0.5,True,42
early_stopping_patience,10,32,32,6,0.6190689899253122,0.5980338454246521,0.001,64,4,2,128,0.1,32,75,0.0,0.1,10,5,0.5,True,42
early_stopping_patience,10,32,32,7,0.6045119893370252,0.6212329268455505,0.001,64,4,2,128,0.1,32,75,0.0,0.1,10,5,0.5,True,42
early_stopping_patience,10,32,32,8,0.5940056280656294,0.6043454289436341,0.001,64,4,2,128,0.1,32,75,0.0,0.1,10,5,0.5,True,42
early_stopping_patience,10,32,32,9,0.579097097796021,0.6062308132648468,0.001,64,4,2,128,0.1,32,75,0.0,0.1,10,5,0.5,True,42
early_stopping_patience,10,32,32,10,0.5806666285251126,0.6109250942866008,0.001,64,4,2,128,0.1,32,75,0.0,0.1,10,5,0.5,True,42
early_stopping_patience,10,32,32,11,0.5519955216935186,0.6239533642927806,0.001,64,4,2,128,0.1,32,75,0.0,0.1,10,5,0.5,True,42
early_stopping_patience,10,32,32,12,0.5472224673086946,0.6378020127614339,0.001,64,4,2,128,0.1,32,75,0.0,0.1,10,5,0.5,True,42
early_stopping_patience,10,32,32,13,0.48354745159546536,0.6958289047082266,0.001,64,4,2,128,0.1,32,75,0.0,0.1,10,5,0.5,True,42
early_stopping_patience,10,32,32,14,0.46868170097921835,0.6734256684780121,0.001,64,4,2,128,0.1,32,75,0.0,0.1,10,5,0.5,True,42
early_stopping_patience,10,32,32,15,0.4389104514636777,0.8446752995252609,0.001,64,4,2,128,0.1,32,75,0.0,0.1,10,5,0.5,True,42
early_stopping_patience,10,32,32,16,0.4156552412067399,0.7642215589682261,0.001,64,4,2,128,0.1,32,75,0.0,0.1,10,5,0.5,True,42
early_stopping_patience,10,33,33,1,0.6929379335858605,0.665434730052948,0.001,64,4,2,128,0.1,32,75,0.0,0.1,10,5,0.5,True,42
early_stopping_patience,10,33,33,2,0.6556391630208853,0.6425499280293783,0.001,64,4,2,128,0.1,32,75,0.0,0.1,10,5,0.5,True,42
early_stopping_patience,10,33,33,3,0.6418615349314429,0.6457901934782664,0.001,64,4,2,128,0.1,32,75,0.0,0.1,10,5,0.5,True,42
early_stopping_patience,10,33,33,4,0.6386475517894282,0.6321762859821319,0.001,64,4,2,128,0.1,32,75,0.0,0.1,10,5,0.5,True,42
early_stopping_patience,10,33,33,5,0.6212382307558348,0.6180117229620615,0.001,64,4,2,128,0.1,32,75,0.0,0.1,10,5,0.5,True,42
early_stopping_patience,10,33,33,6,0.6198290254582058,0.6222818156083425,0.001,64,4,2,128,0.1,32,75,0.0,0.1,10,5,0.5,True,42
early_stopping_patience,10,33,33,7,0.6103917421265082,0.6121151824792226,0.001,64,4,2,128,0.1,32,75,0.0,0.1,10,5,0.5,True,42
early_stopping_patience,10,33,33,8,0.6038697359688354,0.6090061704317729,0.001,64,4,2,128,0.1,32,75,0.0,0.1,10,5,0.5,True,42
early_stopping_patience,10,33,33,9,0.5897276035764001,0.5752651313940684,0.001,64,4,2,128,0.1,32,75,0.0,0.1,10,5,0.5,True,42
early_stopping_patience,10,33,33,10,0.5708929887323668,0.5934895972410837,0.001,64,4,2,128,0.1,32,75,0.0,0.1,10,5,0.5,True,42
early_stopping_patience,10,33,33,11,0.5707642792752294,0.5970317959785462,0.001,64,4,2,128,0.1,32,75,0.0,0.1,10,5,0.5,True,42
early_stopping_patience,10,33,33,12,0.5469434816728939,0.6318151235580445,0.001,64,4,2,128,0.1,32,75,0.0,0.1,10,5,0.5,True,42
early_stopping_patience,10,33,33,13,0.5339334589062315,0.6527752498785655,0.001,64,4,2,128,0.1,32,75,0.0,0.1,10,5,0.5,True,42
early_stopping_patience,10,33,33,14,0.5164183317260309,0.6726040959358215,0.001,64,4,2,128,0.1,32,75,0.0,0.1,10,5,0.5,True,42
early_stopping_patience,10,33,33,15,0.5027754695126505,0.6498239080111186,0.001,64,4,2,128,0.1,32,75,0.0,0.1,10,5,0.5,True,42
early_stopping_patience,10,33,33,16,0.43550162683382176,0.7400591274102529,0.001,64,4,2,128,0.1,32,75,0.0,0.1,10,5,0.5,True,42
early_stopping_patience,10,33,33,17,0.4077696834098209,0.7822075466314952,0.001,64,4,2,128,0.1,32,75,0.0,0.1,10,5,0.5,True,42
early_stopping_patience,10,33,33,18,0.39364315738732164,0.7982611139615376,0.001,64,4,2,128,0.1,32,75,0.0,0.1,10,5,0.5,True,42
early_stopping_patience,10,33,33,19,0.3696958204787789,0.826073807477951,0.001,64,4,2,128,0.1,32,75,0.0,0.1,10,5,0.5,True,42
early_stopping_patience,10,34,34,1,0.6935872512333321,0.7094091753164927,0.001,64,4,2,128,0.1,32,75,0.0,0.1,10,5,0.5,True,42
early_stopping_patience,10,34,34,2,0.6759345531463623,0.6494576692581177,0.001,64,4,2,128,0.1,32,75,0.0,0.1,10,5,0.5,True,42
early_stopping_patience,10,34,34,3,0.6513668700601115,0.6702685515085857,0.001,64,4,2,128,0.1,32,75,0.0,0.1,10,5,0.5,True,42
early_stopping_patience,10,34,34,4,0.6400143793134978,0.6581832766532898,0.001,64,4,2,128,0.1,32,75,0.0,0.1,10,5,0.5,True,42
early_stopping_patience,10,34,34,5,0.63332012340878,0.6326178868611654,0.001,64,4,2,128,0.1,32,75,0.0,0.1,10,5,0.5,True,42
early_stopping_patience,10,34,34,6,0.6140506773283987,0.6351840376853943,0.001,64,4,2,128,0.1,32,75,0.0,0.1,10,5,0.5,True,42
early_stopping_patience,10,34,34,7,0.615020163583033,0.6541514873504639,0.001,64,4,2,128,0.1,32,75,0.0,0.1,10,5,0.5,True,42
early_stopping_patience,10,34,34,8,0.6147243920149226,0.6454446872075399,0.001,64,4,2,128,0.1,32,75,0.0,0.1,10,5,0.5,True,42
early_stopping_patience,10,34,34,9,0.6039934627937548,0.6493611772855122,0.001,64,4,2,128,0.1,32,75,0.0,0.1,10,5,0.5,True,42
early_stopping_patience,10,34,34,10,0.5874048979444937,0.6548585057258606,0.001,64,4,2,128,0.1,32,75,0.0,0.1,10,5,0.5,True,42
early_stopping_patience,10,34,34,11,0.5856340850392977,0.6431650439898173,0.001,64,4,2,128,0.1,32,75,0.0,0.1,10,5,0.5,True,42
early_stopping_patience,10,34,34,12,0.546161425158833,0.6586099227269491,0.001,64,4,2,128,0.1,32,75,0.0,0.1,10,5,0.5,True,42
early_stopping_patience,10,34,34,13,0.5270302839802973,0.6703369001547496,0.001,64,4,2,128,0.1,32,75,0.0,0.1,10,5,0.5,True,42
early_stopping_patience,10,34,34,14,0.5175811500486099,0.6875206311543782,0.001,64,4,2,128,0.1,32,75,0.0,0.1,10,5,0.5,True,42
early_stopping_patience,10,34,34,15,0.4987971206957644,0.7159405072530111,0.001,64,4,2,128,0.1,32,75,0.0,0.1,10,5,0.5,True,42
early_stopping_patience,10,35,35,1,0.6949360605442163,0.6737492720286051,0.001,64,4,2,128,0.1,32,75,0.0,0.1,10,5,0.5,True,42
early_stopping_patience,10,35,35,2,0.6659492656137004,0.6558227181434632,0.001,64,4,2,128,0.1,32,75,0.0,0.1,10,5,0.5,True,42
early_stopping_patience,10,35,35,3,0.6527490245573448,0.6451303402582804,0.001,64,4,2,128,0.1,32,75,0.0,0.1,10,5,0.5,True,42
early_stopping_patience,10,35,35,4,0.6328285627744414,0.6534656941890716,0.001,64,4,2,128,0.1,32,75,0.0,0.1,10,5,0.5,True,42
early_stopping_patience,10,35,35,5,0.6254821521314707,0.6538270394007365,0.001,64,4,2,128,0.1,32,75,0.0,0.1,10,5,0.5,True,42
early_stopping_patience,10,35,35,6,0.6213195766463424,0.6179951171080271,0.001,64,4,2,128,0.1,32,75,0.0,0.1,10,5,0.5,True,42
early_stopping_patience,10,35,35,7,0.6060869260267778,0.6235234677791596,0.001,64,4,2,128,0.1,32,75,0.0,0.1,10,5,0.5,True,42
early_stopping_patience,10,35,35,8,0.6040075771284826,0.6289376556873322,0.001,64,4,2,128,0.1,32,75,0.0,0.1,10,5,0.5,True,42
early_stopping_patience,10,35,35,9,0.5888543652765679,0.6318732082843781,0.001,64,4,2,128,0.1,32,75,0.0,0.1,10,5,0.5,True,42
early_stopping_patience,10,35,35,10,0.5884380272843621,0.6264230092366536,0.001,64,4,2,128,0.1,32,75,0.0,0.1,10,5,0.5,True,42
early_stopping_patience,10,35,35,11,0.5641909709030931,0.6353108048439026,0.001,64,4,2,128,0.1,32,75,0.0,0.1,10,5,0.5,True,42
early_stopping_patience,10,35,35,12,0.5501400370037917,0.6682369252045949,0.001,64,4,2,128,0.1,32,75,0.0,0.1,10,5,0.5,True,42
early_stopping_patience,10,35,35,13,0.5143691495512471,0.6624728699525197,0.001,64,4,2,128,0.1,32,75,0.0,0.1,10,5,0.5,True,42
early_stopping_patience,10,35,35,14,0.4892847830373229,0.6948263247807821,0.001,64,4,2,128,0.1,32,75,0.0,0.1,10,5,0.5,True,42
early_stopping_patience,10,35,35,15,0.4651055575320215,0.7357031285762787,0.001,64,4,2,128,0.1,32,75,0.0,0.1,10,5,0.5,True,42
early_stopping_patience,10,35,35,16,0.445687007610545,0.7594127734502156,0.001,64,4,2,128,0.1,32,75,0.0,0.1,10,5,0.5,True,42
early_stopping_patience,10,36,36,1,0.6959923307100931,0.6696207443873088,0.001,64,4,2,128,0.1,32,75,0.0,0.1,10,5,0.5,True,42
early_stopping_patience,10,36,36,2,0.6637393425811421,0.6447186787923177,0.001,64,4,2,128,0.1,32,75,0.0,0.1,10,5,0.5,True,42
early_stopping_patience,10,36,36,3,0.6516634386145708,0.6441247900327046,0.001,64,4,2,128,0.1,32,75,0.0,0.1,10,5,0.5,True,42
early_stopping_patience,10,36,36,4,0.6352535450097286,0.6213427742322286,0.001,64,4,2,128,0.1,32,75,0.0,0.1,10,5,0.5,True,42
early_stopping_patience,10,36,36,5,0.6244110616319107,0.6146602233250936,0.001,64,4,2,128,0.1,32,75,0.0,0.1,10,5,0.5,True,42
early_stopping_patience,10,36,36,6,0.6126365101698673,0.6458925823370616,0.001,64,4,2,128,0.1,32,75,0.0,0.1,10,5,0.5,True,42
early_stopping_patience,10,36,36,7,0.604638872950366,0.613544233640035,0.001,64,4,2,128,0.1,32,75,0.0,0.1,10,5,0.5,True,42
early_stopping_patience,10,36,36,8,0.6025978234229665,0.6353626449902853,0.001,64,4,2,128,0.1,32,75,0.0,0.1,10,5,0.5,True,42
early_stopping_patience,10,36,36,9,0.5883539179057786,0.654068511724472,0.001,64,4,2,128,0.1,32,75,0.0,0.1,10,5,0.5,True,42
early_stopping_patience,10,36,36,10,0.5793904334758267,0.6505911350250244,0.001,64,4,2,128,0.1,32,75,0.0,0.1,10,5,0.5,True,42
early_stopping_patience,10,36,36,11,0.5691453751289484,0.6507311741511027,0.001,64,4,2,128,0.1,32,75,0.0,0.1,10,5,0.5,True,42
early_stopping_patience,10,36,36,12,0.5425995041926702,0.6866894841194153,0.001,64,4,2,128,0.1,32,75,0.0,0.1,10,5,0.5,True,42
early_stopping_patience,10,36,36,13,0.5349987237290903,0.675834854443868,0.001,64,4,2,128,0.1,32,75,0.0,0.1,10,5,0.5,True,42
early_stopping_patience,10,36,36,14,0.4862124913118102,0.7242365558942159,0.001,64,4,2,128,0.1,32,75,0.0,0.1,10,5,0.5,True,42
early_stopping_patience,10,36,36,15,0.45850193816604035,0.7868659853935241,0.001,64,4,2,128,0.1,32,75,0.0,0.1,10,5,0.5,True,42
early_stopping_patience,10,36,36,16,0.4435869287135023,0.8327475885550181,0.001,64,4,2,128,0.1,32,75,0.0,0.1,10,5,0.5,True,42
early_stopping_patience,10,36,36,17,0.4226512300471465,0.823589813709259,0.001,64,4,2,128,0.1,32,75,0.0,0.1,10,5,0.5,True,42
early_stopping_patience,10,37,37,1,0.7004273678317214,0.7036187628904979,0.001,64,4,2,128,0.1,32,75,0.0,0.1,10,5,0.5,True,42
early_stopping_patience,10,37,37,2,0.6648294794740099,0.6531971057256063,0.001,64,4,2,128,0.1,32,75,0.0,0.1,10,5,0.5,True,42
early_stopping_patience,10,37,37,3,0.6513224162838676,0.6379267493883769,0.001,64,4,2,128,0.1,32,75,0.0,0.1,10,5,0.5,True,42
early_stopping_patience,10,37,37,4,0.631920448306835,0.6230011423428853,0.001,64,4,2,128,0.1,32,75,0.0,0.1,10,5,0.5,True,42
early_stopping_patience,10,37,37,5,0.6261637788830381,0.6530103782812754,0.001,64,4,2,128,0.1,32,75,0.0,0.1,10,5,0.5,True,42
early_stopping_patience,10,37,37,6,0.6108386116948995,0.5705365081628163,0.001,64,4,2,128,0.1,32,75,0.0,0.1,10,5,0.5,True,42
early_stopping_patience,10,37,37,7,0.599876010056698,0.6173420866330465,0.001,64,4,2,128,0.1,32,75,0.0,0.1,10,5,0.5,True,42
early_stopping_patience,10,37,37,8,0.5906919157414725,0.5875800768534343,0.001,64,4,2,128,0.1,32,75,0.0,0.1,10,5,0.5,True,42
early_stopping_patience,10,37,37,9,0.5833064227393179,0.5854208767414093,0.001,64,4,2,128,0.1,32,75,0.0,0.1,10,5,0.5,True,42
early_stopping_patience,10,37,37,10,0.5703819208975994,0.5816070258617401,0.001,64,4,2,128,0.1,32,75,0.0,0.1,10,5,0.5,True,42
early_stopping_patience,10,37,37,11,0.5551702657883818,0.6039343555768331,0.001,64,4,2,128,0.1,32,75,0.0,0.1,10,5,0.5,True,42
early_stopping_patience,10,37,37,12,0.5485005141659216,0.6435557921727498,0.001,64,4,2,128,0.1,32,75,0.0,0.1,10,5,0.5,True,42
early_stopping_patience,10,37,37,13,0.505668913324674,0.6377160668373107,0.001,64,4,2,128,0.1,32,75,0.0,0.1,10,5,0.5,True,42
early_stopping_patience,10,37,37,14,0.4688242283282858,0.672942990064621,0.001,64,4,2,128,0.1,32,75,0.0,0.1,10,5,0.5,True,42
early_stopping_patience,10,37,37,15,0.45707887117609836,0.7226352602243423,0.001,64,4,2,128,0.1,32,75,0.0,0.1,10,5,0.5,True,42
early_stopping_patience,10,37,37,16,0.4339295332178925,0.7658969213565191,0.001,64,4,2,128,0.1,32,75,0.0,0.1,10,5,0.5,True,42
early_stopping_patience,10,38,38,1,0.6915372957785925,0.6604265213012696,0.001,64,4,2,128,0.1,32,75,0.0,0.1,10,5,0.5,True,42
early_stopping_patience,10,38,38,2,0.6531818174954617,0.6243193785349528,0.001,64,4,2,128,0.1,32,75,0.0,0.1,10,5,0.5,True,42
early_stopping_patience,10,38,38,3,0.6320095841180194,0.5823962171872457,0.001,64,4,2,128,0.1,32,75,0.0,0.1,10,5,0.5,True,42
early_stopping_patience,10,38,38,4,0.6269875184604616,0.6123953859011332,0.001,64,4,2,128,0.1,32,75,0.0,0.1,10,5,0.5,True,42
early_stopping_patience,10,38,38,5,0.6107127438440467,0.5825626691182454,0.001,64,4,2,128,0.1,32,75,0.0,0.1,10,5,0.5,True,42
early_stopping_patience,10,38,38,6,0.6045680883707423,0.6018719593683879,0.001,64,4,2,128,0.1,32,75,0.0,0.1,10,5,0.5,True,42
early_stopping_patience,10,38,38,7,0.5954153752236655,0.5964079519112905,0.001,64,4,2,128,0.1,32,75,0.0,0.1,10,5,0.5,True,42
early_stopping_patience,10,38,38,8,0.5852538925228696,0.5880193750063578,0.001,64,4,2,128,0.1,32,75,0.0,0.1,10,5,0.5,True,42
early_stopping_patience,10,38,38,9,0.5770665334932732,0.5984945178031922,0.001,64,4,2,128,0.1,32,75,0.0,0.1,10,5,0.5,True,42
early_stopping_patience,10,38,38,10,0.5430968914068106,0.5987225512663523,0.001,64,4,2,128,0.1,32,75,0.0,0.1,10,5,0.5,True,42
early_stopping_patience,10,38,38,11,0.5222411571126996,0.6098620196183523,0.001,64,4,2,128,0.1,32,75,0.0,0.1,10,5,0.5,True,42
early_stopping_patience,10,38,38,12,0.5054711037964532,0.6323759913444519,0.001,64,4,2,128,0.1,32,75,0.0,0.1,10,5,0.5,True,42
early_stopping_patience,10,38,38,13,0.49297164493437967,0.6409832696119945,0.001,64,4,2,128,0.1,32,75,0.0,0.1,10,5,0.5,True,42
early_stopping_patience,10,39,39,1,0.6970963965762745,0.6776016553243002,0.001,64,4,2,128,0.1,32,75,0.0,0.1,10,5,0.5,True,42
early_stopping_patience,10,39,39,2,0.6803188454924207,0.644369371732076,0.001,64,4,2,128,0.1,32,75,0.0,0.1,10,5,0.5,True,42
early_stopping_patience,10,39,39,3,0.6651358243190881,0.6195557912190756,0.001,64,4,2,128,0.1,32,75,0.0,0.1,10,5,0.5,True,42
early_stopping_patience,10,39,39,4,0.6410523395646702,0.6121968805789948,0.001,64,4,2,128,0.1,32,75,0.0,0.1,10,5,0.5,True,42
early_stopping_patience,10,39,39,5,0.6277505507071813,0.6073348522186279,0.001,64,4,2,128,0.1,32,75,0.0,0.1,10,5,0.5,True,42
early_stopping_patience,10,39,39,6,0.6193996331456936,0.6055724422136942,0.001,64,4,2,128,0.1,32,75,0.0,0.1,10,5,0.5,True,42
early_stopping_patience,10,39,39,7,0.6172969743157878,0.5982585231463114,0.001,64,4,2,128,0.1,32,75,0.0,0.1,10,5,0.5,True,42
early_stopping_patience,10,39,39,8,0.5988542080828638,0.5945229351520538,0.001,64,4,2,128,0.1,32,75,0.0,0.1,10,5,0.5,True,42
early_stopping_patience,10,39,39,9,0.5865022842631196,0.6030740598837535,0.001,64,4,2,128,0.1,32,75,0.0,0.1,10,5,0.5,True,42
early_stopping_patience,10,39,39,10,0.5777921572779164,0.591183869043986,0.001,64,4,2,128,0.1,32,75,0.0,0.1,10,5,0.5,True,42
early_stopping_patience,10,39,39,11,0.5715469176119025,0.5933600008487702,0.001,64,4,2,128,0.1,32,75,0.0,0.1,10,5,0.5,True,42
early_stopping_patience,10,39,39,12,0.5541742956548026,0.6263566116491953,0.001,64,4,2,128,0.1,32,75,0.0,0.1,10,5,0.5,True,42
early_stopping_patience,10,39,39,13,0.5400653054768388,0.6837756594022115,0.001,64,4,2,128,0.1,32,75,0.0,0.1,10,5,0.5,True,42
early_stopping_patience,10,39,39,14,0.5303057829538981,0.6380804498990377,0.001,64,4,2,128,0.1,32,75,0.0,0.1,10,5,0.5,True,42
early_stopping_patience,10,39,39,15,0.5132931484417482,0.6597053587436676,0.001,64,4,2,128,0.1,32,75,0.0,0.1,10,5,0.5,True,42
early_stopping_patience,10,39,39,16,0.49466224850127194,0.6464929481347402,0.001,64,4,2,128,0.1,32,75,0.0,0.1,10,5,0.5,True,42
early_stopping_patience,10,39,39,17,0.4338734736948302,0.7170697848002116,0.001,64,4,2,128,0.1,32,75,0.0,0.1,10,5,0.5,True,42
early_stopping_patience,10,39,39,18,0.39990196309306403,0.7326239327589671,0.001,64,4,2,128,0.1,32,75,0.0,0.1,10,5,0.5,True,42
early_stopping_patience,10,39,39,19,0.38510230883504404,0.8049003640810649,0.001,64,4,2,128,0.1,32,75,0.0,0.1,10,5,0.5,True,42
early_stopping_patience,10,39,39,20,0.3624239798748132,0.8460766732692718,0.001,64,4,2,128,0.1,32,75,0.0,0.1,10,5,0.5,True,42
early_stopping_patience,10,40,40,1,0.6981259426384261,0.6840445717175802,0.001,64,4,2,128,0.1,32,75,0.0,0.1,10,5,0.5,True,42
early_stopping_patience,10,40,40,2,0.6694077217217648,0.6503887494405111,0.001,64,4,2,128,0.1,32,75,0.0,0.1,10,5,0.5,True,42
early_stopping_patience,10,40,40,3,0.6386291786576762,0.6375180204709371,0.001,64,4,2,128,0.1,32,75,0.0,0.1,10,5,0.5,True,42
early_stopping_patience,10,40,40,4,0.6296368957017408,0.6233701229095459,0.001,64,4,2,128,0.1,32,75,0.0,0.1,10,5,0.5,True,42
early_stopping_patience,10,40,40,5,0.611200907013633,0.6431146164735159,0.001,64,4,2,128,0.1,32,75,0.0,0.1,10,5,0.5,True,42
early_stopping_patience,10,40,40,6,0.6010983593084596,0.6274237831433614,0.001,64,4,2,128,0.1,32,75,0.0,0.1,10,5,0.5,True,42
early_stopping_patience,10,40,40,7,0.5880090054689031,0.6237032433350881,0.001,64,4,2,128,0.1,32,75,0.0,0.1,10,5,0.5,True,42
early_stopping_patience,10,40,40,8,0.5766467029849688,0.6378384033838908,0.001,64,4,2,128,0.1,32,75,0.0,0.1,10,5,0.5,True,42
early_stopping_patience,10,40,40,9,0.5679041343656454,0.6443216800689697,0.001,64,4,2,128,0.1,32,75,0.0,0.1,10,5,0.5,True,42
early_stopping_patience,10,40,40,10,0.5544436966831033,0.6391375680764516,0.001,64,4,2,128,0.1,32,75,0.0,0.1,10,5,0.5,True,42
early_stopping_patience,10,40,40,11,0.5166173678907481,0.6450612088044484,0.001,64,4,2,128,0.1,32,75,0.0,0.1,10,5,0.5,True,42
early_stopping_patience,10,40,40,12,0.5026768441453124,0.6496915916601816,0.001,64,4,2,128,0.1,32,75,0.0,0.1,10,5,0.5,True,42
early_stopping_patience,10,40,40,13,0.47910595075650647,0.6390167295932769,0.001,64,4,2,128,0.1,32,75,0.0,0.1,10,5,0.5,True,42
early_stopping_patience,10,40,40,14,0.46748262779279187,0.7661875545978546,0.001,64,4,2,128,0.1,32,75,0.0,0.1,10,5,0.5,True,42
early_stopping_patience,10,41,41,1,0.6920919937617851,0.6923225680987041,0.001,64,4,2,128,0.1,32,75,0.0,0.1,10,5,0.5,True,42
early_stopping_patience,10,41,41,2,0.6671217273582112,0.6408613940080007,0.001,64,4,2,128,0.1,32,75,0.0,0.1,10,5,0.5,True,42
early_stopping_patience,10,41,41,3,0.6523451258738836,0.6494898577531178,0.001,64,4,2,128,0.1,32,75,0.0,0.1,10,5,0.5,True,42
early_stopping_patience,10,41,41,4,0.6315103471279144,0.6193604091803233,0.001,64,4,2,128,0.1,32,75,0.0,0.1,10,5,0.5,True,42
early_stopping_patience,10,41,41,5,0.6210117263324333,0.6098529497782389,0.001,64,4,2,128,0.1,32,75,0.0,0.1,10,5,0.5,True,42
early_stopping_patience,10,41,41,6,0.6123312772674994,0.6055989364782969,0.001,64,4,2,128,0.1,32,75,0.0,0.1,10,5,0.5,True,42
early_stopping_patience,10,41,41,7,0.6138306368481029,0.6036194205284119,0.001,64,4,2,128,0.1,32,75,0.0,0.1,10,5,0.5,True,42
early_stopping_patience,10,41,41,8,0.591596052727916,0.6617821554342905,0.001,64,4,2,128,0.1,32,75,0.0,0.1,10,5,0.5,True,42
early_stopping_patience,10,41,41,9,0.5840737327481761,0.6105447848637898,0.001,64,4,2,128,0.1,32,75,0.0,0.1,10,5,0.5,True,42
early_stopping_patience,10,41,41,10,0.5734756010951418,0.6487573464711507,0.001,64,4,2,128,0.1,32,75,0.0,0.1,10,5,0.5,True,42
early_stopping_patience,10,41,41,11,0.5571671588854357,0.6511012633641561,0.001,64,4,2,128,0.1,32,75,0.0,0.1,10,5,0.5,True,42
early_stopping_patience,10,41,41,12,0.538605882588661,0.6733922143777211,0.001,64,4,2,128,0.1,32,75,0.0,0.1,10,5,0.5,True,42
early_stopping_patience,10,41,41,13,0.5319439692027641,0.7123173018296559,0.001,64,4,2,128,0.1,32,75,0.0,0.1,10,5,0.5,True,42
early_stopping_patience,10,41,41,14,0.48837615391521744,0.7025061051050822,0.001,64,4,2,128,0.1,32,75,0.0,0.1,10,5,0.5,True,42
early_stopping_patience,10,41,41,15,0.45587251041874743,0.7230911354223887,0.001,64,4,2,128,0.1,32,75,0.0,0.1,10,5,0.5,True,42
early_stopping_patience,10,41,41,16,0.4373927545366865,0.785278175274531,0.001,64,4,2,128,0.1,32,75,0.0,0.1,10,5,0.5,True,42
early_stopping_patience,10,41,41,17,0.41828931574568606,0.796844232082367,0.001,64,4,2,128,0.1,32,75,0.0,0.1,10,5,0.5,True,42
early_stopping_patience,10,42,42,1,0.6965508275862896,0.6816821853319804,0.001,64,4,2,128,0.1,32,75,0.0,0.1,10,5,0.5,True,42
early_stopping_patience,10,42,42,2,0.6598436475703211,0.6538252552350362,0.001,64,4,2,128,0.1,32,75,0.0,0.1,10,5,0.5,True,42
early_stopping_patience,10,42,42,3,0.6414187144149434,0.6498788277308146,0.001,64,4,2,128,0.1,32,75,0.0,0.1,10,5,0.5,True,42
early_stopping_patience,10,42,42,4,0.629108412925041,0.6954686959584554,0.001,64,4,2,128,0.1,32,75,0.0,0.1,10,5,0.5,True,42
early_stopping_patience,10,42,42,5,0.625531783158129,0.6265662590662638,0.001,64,4,2,128,0.1,32,75,0.0,0.1,10,5,0.5,True,42
early_stopping_patience,10,42,42,6,0.6110058149153536,0.6342761834462484,0.001,64,4,2,128,0.1,32,75,0.0,0.1,10,5,0.5,True,42
early_stopping_patience,10,42,42,7,0.612049617776365,0.6397313674290975,0.001,64,4,2,128,0.1,32,75,0.0,0.1,10,5,0.5,True,42
early_stopping_patience,10,42,42,8,0.6081334429256844,0.6357744892438253,0.001,64,4,2,128,0.1,32,75,0.0,0.1,10,5,0.5,True,42
early_stopping_patience,10,42,42,9,0.5887878489765254,0.6605871558189392,0.001,64,4,2,128,0.1,32,75,0.0,0.1,10,5,0.5,True,42
early_stopping_patience,10,42,42,10,0.5844732927102031,0.6454677224159241,0.001,64,4,2,128,0.1,32,75,0.0,0.1,10,5,0.5,True,42
early_stopping_patience,10,42,42,11,0.5632826753638007,0.6341284155845642,0.001,64,4,2,128,0.1,32,75,0.0,0.1,10,5,0.5,True,42
early_stopping_patience,10,42,42,12,0.5329175677263376,0.6704156001408895,0.001,64,4,2,128,0.1,32,75,0.0,0.1,10,5,0.5,True,42
early_stopping_patience,10,42,42,13,0.5175575632037539,0.6761711438496908,0.001,64,4,2,128,0.1,32,75,0.0,0.1,10,5,0.5,True,42
early_stopping_patience,10,42,42,14,0.4988227554342963,0.7011656125386556,0.001,64,4,2,128,0.1,32,75,0.0,0.1,10,5,0.5,True,42
early_stopping_patience,10,42,42,15,0.4824421100995757,0.7032080471515656,0.001,64,4,2,128,0.1,32,75,0.0,0.1,10,5,0.5,True,42
early_stopping_patience,10,43,43,1,0.6923066219597152,0.6816893080870311,0.001,64,4,2,128,0.1,32,75,0.0,0.1,10,5,0.5,True,42
early_stopping_patience,10,43,43,2,0.658123126987255,0.6505896051724752,0.001,64,4,2,128,0.1,32,75,0.0,0.1,10,5,0.5,True,42
early_stopping_patience,10,43,43,3,0.6454360074166096,0.6285337706406912,0.001,64,4,2,128,0.1,32,75,0.0,0.1,10,5,0.5,True,42
early_stopping_patience,10,43,43,4,0.6263329084172393,0.634684153397878,0.001,64,4,2,128,0.1,32,75,0.0,0.1,10,5,0.5,True,42
early_stopping_patience,10,43,43,5,0.6205309620409301,0.6153435587882996,0.001,64,4,2,128,0.1,32,75,0.0,0.1,10,5,0.5,True,42
early_stopping_patience,10,43,43,6,0.6127152619036761,0.6346589426199595,0.001,64,4,2,128,0.1,32,75,0.0,0.1,10,5,0.5,True,42
early_stopping_patience,10,43,43,7,0.6080720654942773,0.621383112668991,0.001,64,4,2,128,0.1,32,75,0.0,0.1,10,5,0.5,True,42
early_stopping_patience,10,43,43,8,0.5970722622040546,0.6624459187189738,0.001,64,4,2,128,0.1,32,75,0.0,0.1,10,5,0.5,True,42
early_stopping_patience,10,43,43,9,0.5877136344259436,0.6394812941551209,0.001,64,4,2,128,0.1,32,75,0.0,0.1,10,5,0.5,True,42
early_stopping_patience,10,43,43,10,0.5803221947315967,0.6248840610186259,0.001,64,4,2,128,0.1,32,75,0.0,0.1,10,5,0.5,True,42
early_stopping_patience,10,43,43,11,0.5610360092285908,0.6810954133669536,0.001,64,4,2,128,0.1,32,75,0.0,0.1,10,5,0.5,True,42
early_stopping_patience,10,43,43,12,0.5229531280470617,0.7047228753566742,0.001,64,4,2,128,0.1,32,75,0.0,0.1,10,5,0.5,True,42
early_stopping_patience,10,43,43,13,0.5079531010353204,0.7069545328617096,0.001,64,4,2,128,0.1,32,75,0.0,0.1,10,5,0.5,True,42
early_stopping_patience,10,43,43,14,0.48528005250475625,0.7628270328044892,0.001,64,4,2,128,0.1,32,75,0.0,0.1,10,5,0.5,True,42
early_stopping_patience,10,43,43,15,0.46496815685973025,0.7674967388312022,0.001,64,4,2,128,0.1,32,75,0.0,0.1,10,5,0.5,True,42
early_stopping_patience,10,44,44,1,0.694189348004081,0.6618217627207438,0.001,64,4,2,128,0.1,32,75,0.0,0.1,10,5,0.5,True,42
early_stopping_patience,10,44,44,2,0.6614173885547754,0.6851769785086314,0.001,64,4,2,128,0.1,32,75,0.0,0.1,10,5,0.5,True,42
early_stopping_patience,10,44,44,3,0.6425572633743286,0.628503555059433,0.001,64,4,2,128,0.1,32,75,0.0,0.1,10,5,0.5,True,42
early_stopping_patience,10,44,44,4,0.6291730837388472,0.6109273791313171,0.001,64,4,2,128,0.1,32,75,0.0,0.1,10,5,0.5,True,42
early_stopping_patience,10,44,44,5,0.6174954356569232,0.6044080018997192,0.001,64,4,2,128,0.1,32,75,0.0,0.1,10,5,0.5,True,42
early_stopping_patience,10,44,44,6,0.6141171979181694,0.5966130634148915,0.001,64,4,2,128,0.1,32,75,0.0,0.1,10,5,0.5,True,42
early_stopping_patience,10,44,44,7,0.6091158559376543,0.6072901686032613,0.001,64,4,2,128,0.1,32,75,0.0,0.1,10,5,0.5,True,42
early_stopping_patience,10,44,44,8,0.6065747500820593,0.5955403486887614,0.001,64,4,2,128,0.1,32,75,0.0,0.1,10,5,0.5,True,42
early_stopping_patience,10,44,44,9,0.5891662899291876,0.6139089107513428,0.001,64,4,2,128,0.1,32,75,0.0,0.1,10,5,0.5,True,42
early_stopping_patience,10,44,44,10,0.5770558739701906,0.6039238135019939,0.001,64,4,2,128,0.1,32,75,0.0,0.1,10,5,0.5,True,42
early_stopping_patience,10,44,44,11,0.5703810250217264,0.6229763448238372,0.001,64,4,2,128,0.1,32,75,0.0,0.1,10,5,0.5,True,42
early_stopping_patience,10,44,44,12,0.560930766842582,0.6245096425215403,0.001,64,4,2,128,0.1,32,75,0.0,0.1,10,5,0.5,True,42
early_stopping_patience,10,44,44,13,0.536658349813837,0.6829330176115036,0.001,64,4,2,128,0.1,32,75,0.0,0.1,10,5,0.5,True,42
early_stopping_patience,10,44,44,14,0.541064177498673,0.647882745663325,0.001,64,4,2,128,0.1,32,75,0.0,0.1,10,5,0.5,True,42
early_stopping_patience,10,44,44,15,0.48242568427866156,0.645356551806132,0.001,64,4,2,128,0.1,32,75,0.0,0.1,10,5,0.5,True,42
early_stopping_patience,10,44,44,16,0.45337197929620743,0.6930374264717102,0.001,64,4,2,128,0.1,32,75,0.0,0.1,10,5,0.5,True,42
early_stopping_patience,10,44,44,17,0.4315260328126676,0.7448241194089253,0.001,64,4,2,128,0.1,32,75,0.0,0.1,10,5,0.5,True,42
early_stopping_patience,10,44,44,18,0.4266179751491908,0.7372211853663126,0.001,64,4,2,128,0.1,32,75,0.0,0.1,10,5,0.5,True,42
early_stopping_patience,10,45,45,1,0.6857643235813488,0.6748479346434275,0.001,64,4,2,128,0.1,32,75,0.0,0.1,10,5,0.5,True,42
early_stopping_patience,10,45,45,2,0.6587929445685763,0.6370481411616008,0.001,64,4,2,128,0.1,32,75,0.0,0.1,10,5,0.5,True,42
early_stopping_patience,10,45,45,3,0.6407613122101986,0.674493541320165,0.001,64,4,2,128,0.1,32,75,0.0,0.1,10,5,0.5,True,42
early_stopping_patience,10,45,45,4,0.62436408278617,0.6121440768241883,0.001,64,4,2,128,0.1,32,75,0.0,0.1,10,5,0.5,True,42
early_stopping_patience,10,45,45,5,0.6204818006266247,0.6513746817906697,0.001,64,4,2,128,0.1,32,75,0.0,0.1,10,5,0.5,True,42
early_stopping_patience,10,45,45,6,0.6099446698120146,0.6129491130510966,0.001,64,4,2,128,0.1,32,75,0.0,0.1,10,5,0.5,True,42
early_stopping_patience,10,45,45,7,0.6016223358385491,0.6104581435521443,0.001,64,4,2,128,0.1,32,75,0.0,0.1,10,5,0.5,True,42
early_stopping_patience,10,45,45,8,0.590355437587608,0.6063229044278463,0.001,64,4,2,128,0.1,32,75,0.0,0.1,10,5,0.5,True,42
early_stopping_patience,10,45,45,9,0.5907332757205674,0.6265088975429535,0.001,64,4,2,128,0.1,32,75,0.0,0.1,10,5,0.5,True,42
early_stopping_patience,10,45,45,10,0.5689161674994411,0.6270629783471425,0.001,64,4,2,128,0.1,32,75,0.0,0.1,10,5,0.5,True,42
early_stopping_patience,10,45,45,11,0.5628106937263951,0.6375681976477305,0.001,64,4,2,128,0.1,32,75,0.0,0.1,10,5,0.5,True,42
early_stopping_patience,10,45,45,12,0.54938752520265,0.6418960392475128,0.001,64,4,2,128,0.1,32,75,0.0,0.1,10,5,0.5,True,42
early_stopping_patience,10,45,45,13,0.5317694077437575,0.6248911758263905,0.001,64,4,2,128,0.1,32,75,0.0,0.1,10,5,0.5,True,42
early_stopping_patience,10,45,45,14,0.5216630482763955,0.6635300397872925,0.001,64,4,2,128,0.1,32,75,0.0,0.1,10,5,0.5,True,42
early_stopping_patience,10,45,45,15,0.470476367031083,0.7529753128687541,0.001,64,4,2,128,0.1,32,75,0.0,0.1,10,5,0.5,True,42
early_stopping_patience,10,45,45,16,0.4510186623894807,0.7166367491086324,0.001,64,4,2,128,0.1,32,75,0.0,0.1,10,5,0.5,True,42
early_stopping_patience,10,45,45,17,0.4164362313846747,0.8158911625544231,0.001,64,4,2,128,0.1,32,75,0.0,0.1,10,5,0.5,True,42
early_stopping_patience,10,45,45,18,0.41004848909197433,0.7954873462518056,0.001,64,4,2,128,0.1,32,75,0.0,0.1,10,5,0.5,True,42
early_stopping_patience,10,46,46,1,0.7018745695099686,0.6928954641024272,0.001,64,4,2,128,0.1,32,75,0.0,0.1,10,5,0.5,True,42
early_stopping_patience,10,46,46,2,0.6726514674497374,0.674127064148585,0.001,64,4,2,128,0.1,32,75,0.0,0.1,10,5,0.5,True,42
early_stopping_patience,10,46,46,3,0.6510435681451451,0.6288574775060017,0.001,64,4,2,128,0.1,32,75,0.0,0.1,10,5,0.5,True,42
early_stopping_patience,10,46,46,4,0.6299613104625181,0.6207000056902567,0.001,64,4,2,128,0.1,32,75,0.0,0.1,10,5,0.5,True,42
early_stopping_patience,10,46,46,5,0.6215177869254892,0.6100168188412984,0.001,64,4,2,128,0.1,32,75,0.0,0.1,10,5,0.5,True,42
early_stopping_patience,10,46,46,6,0.6176999518365571,0.6098526080449422,0.001,64,4,2,128,0.1,32,75,0.0,0.1,10,5,0.5,True,42
early_stopping_patience,10,46,46,7,0.6037285601099333,0.605108094215393,0.001,64,4,2,128,0.1,32,75,0.0,0.1,10,5,0.5,True,42
early_stopping_patience,10,46,46,8,0.5956487172480786,0.684699942668279,0.001,64,4,2,128,0.1,32,75,0.0,0.1,10,5,0.5,True,42
early_stopping_patience,10,46,46,9,0.5850877292228468,0.594836680094401,0.001,64,4,2,128,0.1,32,75,0.0,0.1,10,5,0.5,True,42
early_stopping_patience,10,46,46,10,0.576812497819915,0.6148384233315786,0.001,64,4,2,128,0.1,32,75,0.0,0.1,10,5,0.5,True,42
early_stopping_patience,10,46,46,11,0.5623030840899005,0.6066405713558197,0.001,64,4,2,128,0.1,32,75,0.0,0.1,10,5,0.5,True,42
early_stopping_patience,10,46,46,12,0.551615370945497,0.6147575577100118,0.001,64,4,2,128,0.1,32,75,0.0,0.1,10,5,0.5,True,42
early_stopping_patience,10,46,46,13,0.5453306219794534,0.6174489637215932,0.001,64,4,2,128,0.1,32,75,0.0,0.1,10,5,0.5,True,42
early_stopping_patience,10,46,46,14,0.5282784154017767,0.6380380352338155,0.001,64,4,2,128,0.1,32,75,0.0,0.1,10,5,0.5,True,42
early_stopping_patience,10,46,46,15,0.5206891614379305,0.6418438037236531,0.001,64,4,2,128,0.1,32,75,0.0,0.1,10,5,0.5,True,42
early_stopping_patience,10,46,46,16,0.4633282424148285,0.6865231573581696,0.001,64,4,2,128,0.1,32,75,0.0,0.1,10,5,0.5,True,42
early_stopping_patience,10,46,46,17,0.44319929080930626,0.720630431175232,0.001,64,4,2,128,0.1,32,75,0.0,0.1,10,5,0.5,True,42
early_stopping_patience,10,46,46,18,0.41685437749732623,0.8086920003096263,0.001,64,4,2,128,0.1,32,75,0.0,0.1,10,5,0.5,True,42
early_stopping_patience,10,46,46,19,0.3933982260976777,0.8073071320851644,0.001,64,4,2,128,0.1,32,75,0.0,0.1,10,5,0.5,True,42
early_stopping_patience,10,47,47,1,0.6994939107786525,0.6827591141064961,0.001,64,4,2,128,0.1,32,75,0.0,0.1,10,5,0.5,True,42
early_stopping_patience,10,47,47,2,0.6848478583675442,0.683042053381602,0.001,64,4,2,128,0.1,32,75,0.0,0.1,10,5,0.5,True,42
early_stopping_patience,10,47,47,3,0.6688793120962201,0.644046159585317,0.001,64,4,2,128,0.1,32,75,0.0,0.1,10,5,0.5,True,42
early_stopping_patience,10,47,47,4,0.6481161415576935,0.6276104311148326,0.001,64,4,2,128,0.1,32,75,0.0,0.1,10,5,0.5,True,42
early_stopping_patience,10,47,47,5,0.634265115315264,0.6166301190853118,0.001,64,4,2,128,0.1,32,75,0.0,0.1,10,5,0.5,True,42
early_stopping_patience,10,47,47,6,0.6281326605063496,0.645845745007197,0.001,64,4,2,128,0.1,32,75,0.0,0.1,10,5,0.5,True,42
early_stopping_patience,10,47,47,7,0.6156767590930967,0.6142670432726542,0.001,64,4,2,128,0.1,32,75,0.0,0.1,10,5,0.5,True,42
early_stopping_patience,10,47,47,8,0.6052526438778097,0.6339263061682383,0.001,64,4,2,128,0.1,32,75,0.0,0.1,10,5,0.5,True,42
early_stopping_patience,10,47,47,9,0.6012019758874719,0.6217323998610179,0.001,64,4,2,128,0.1,32,75,0.0,0.1,10,5,0.5,True,42
early_stopping_patience,10,47,47,10,0.586558197483872,0.6104533672332764,0.001,64,4,2,128,0.1,32,75,0.0,0.1,10,5,0.5,True,42
early_stopping_patience,10,47,47,11,0.5742703870390401,0.6303009589513143,0.001,64,4,2,128,0.1,32,75,0.0,0.1,10,5,0.5,True,42
early_stopping_patience,10,47,47,12,0.5621908749594833,0.6709532658259074,0.001,64,4,2,128,0.1,32,75,0.0,0.1,10,5,0.5,True,42
early_stopping_patience,10,47,47,13,0.5487561413284504,0.629227348168691,0.001,64,4,2,128,0.1,32,75,0.0,0.1,10,5,0.5,True,42
early_stopping_patience,10,47,47,14,0.5388481357332432,0.6616975704828898,0.001,64,4,2,128,0.1,32,75,0.0,0.1,10,5,0.5,True,42
early_stopping_patience,10,47,47,15,0.517538186501373,0.6834081470966339,0.001,64,4,2,128,0.1,32,75,0.0,0.1,10,5,0.5,True,42
early_stopping_patience,10,47,47,16,0.5113778116576599,0.698386671145757,0.001,64,4,2,128,0.1,32,75,0.0,0.1,10,5,0.5,True,42
early_stopping_patience,10,47,47,17,0.45382978834889154,0.734410148859024,0.001,64,4,2,128,0.1,32,75,0.0,0.1,10,5,0.5,True,42
early_stopping_patience,10,47,47,18,0.4292718300765211,0.7427172402540843,0.001,64,4,2,128,0.1,32,75,0.0,0.1,10,5,0.5,True,42
early_stopping_patience,10,47,47,19,0.41465922941764194,0.7402481218179067,0.001,64,4,2,128,0.1,32,75,0.0,0.1,10,5,0.5,True,42
early_stopping_patience,10,47,47,20,0.39238819807316316,0.8212861021359762,0.001,64,4,2,128,0.1,32,75,0.0,0.1,10,5,0.5,True,42
early_stopping_patience,10,48,48,1,0.6936020048937404,0.6978350659211476,0.001,64,4,2,128,0.1,32,75,0.0,0.1,10,5,0.5,True,42
early_stopping_patience,10,48,48,2,0.6649843915960842,0.6488178690274556,0.001,64,4,2,128,0.1,32,75,0.0,0.1,10,5,0.5,True,42
early_stopping_patience,10,48,48,3,0.6494468553621966,0.6346502900123596,0.001,64,4,2,128,0.1,32,75,0.0,0.1,10,5,0.5,True,42
early_stopping_patience,10,48,48,4,0.6324994207772994,0.6369294961293538,0.001,64,4,2,128,0.1,32,75,0.0,0.1,10,5,0.5,True,42
early_stopping_patience,10,48,48,5,0.621827379877406,0.618108852704366,0.001,64,4,2,128,0.1,32,75,0.0,0.1,10,5,0.5,True,42
early_stopping_patience,10,48,48,6,0.6149642312885227,0.6134606003761292,0.001,64,4,2,128,0.1,32,75,0.0,0.1,10,5,0.5,True,42
early_stopping_patience,10,48,48,7,0.6114765439266548,0.6289079248905182,0.001,64,4,2,128,0.1,32,75,0.0,0.1,10,5,0.5,True,42
early_stopping_patience,10,48,48,8,0.5976171045375049,0.6308391849199931,0.001,64,4,2,128,0.1,32,75,0.0,0.1,10,5,0.5,True,42
early_stopping_patience,10,48,48,9,0.5899094809266857,0.6250424226125081,0.001,64,4,2,128,0.1,32,75,0.0,0.1,10,5,0.5,True,42
early_stopping_patience,10,48,48,10,0.5867653168681869,0.6395942747592926,0.001,64,4,2,128,0.1,32,75,0.0,0.1,10,5,0.5,True,42
early_stopping_patience,10,48,48,11,0.5687207978470881,0.6031919896602631,0.001,64,4,2,128,0.1,32,75,0.0,0.1,10,5,0.5,True,42
early_stopping_patience,10,48,48,12,0.558126113468543,0.6370090126991272,0.001,64,4,2,128,0.1,32,75,0.0,0.1,10,5,0.5,True,42
early_stopping_patience,10,48,48,13,0.5427809608610052,0.644635550181071,0.001,64,4,2,128,0.1,32,75,0.0,0.1,10,5,0.5,True,42
early_stopping_patience,10,48,48,14,0.5325192748603964,0.6795879205067953,0.001,64,4,2,128,0.1,32,75,0.0,0.1,10,5,0.5,True,42
early_stopping_patience,10,48,48,15,0.5194746780216246,0.6375585893789927,0.001,64,4,2,128,0.1,32,75,0.0,0.1,10,5,0.5,True,42
early_stopping_patience,10,48,48,16,0.4981271930431065,0.6298092544078827,0.001,64,4,2,128,0.1,32,75,0.0,0.1,10,5,0.5,True,42
early_stopping_patience,10,48,48,17,0.4835039650587211,0.6238040804862977,0.001,64,4,2,128,0.1,32,75,0.0,0.1,10,5,0.5,True,42
early_stopping_patience,10,48,48,18,0.43559329245323525,0.7261246959368388,0.001,64,4,2,128,0.1,32,75,0.0,0.1,10,5,0.5,True,42
early_stopping_patience,10,48,48,19,0.3895663606717174,0.7946073909600576,0.001,64,4,2,128,0.1,32,75,0.0,0.1,10,5,0.5,True,42
early_stopping_patience,10,48,48,20,0.38353024053394347,0.7426831603050232,0.001,64,4,2,128,0.1,32,75,0.0,0.1,10,5,0.5,True,42
early_stopping_patience,10,48,48,21,0.370105793713627,0.770666613181432,0.001,64,4,2,128,0.1,32,75,0.0,0.1,10,5,0.5,True,42
early_stopping_patience,10,49,49,1,0.6929536421190609,0.68382248878479,0.001,64,4,2,128,0.1,32,75,0.0,0.1,10,5,0.5,True,42
early_stopping_patience,10,49,49,2,0.6661727329095205,0.6566314538319905,0.001,64,4,2,128,0.1,32,75,0.0,0.1,10,5,0.5,True,42
early_stopping_patience,10,49,49,3,0.6440084134087418,0.6584493855635325,0.001,64,4,2,128,0.1,32,75,0.0,0.1,10,5,0.5,True,42
early_stopping_patience,10,49,49,4,0.6418207685152689,0.6474585473537445,0.001,64,4,2,128,0.1,32,75,0.0,0.1,10,5,0.5,True,42
early_stopping_patience,10,49,49,5,0.6274675803654122,0.6056873798370361,0.001,64,4,2,128,0.1,32,75,0.0,0.1,10,5,0.5,True,42
early_stopping_patience,10,49,49,6,0.6168825924396515,0.6087988078594208,0.001,64,4,2,128,0.1,32,75,0.0,0.1,10,5,0.5,True,42
early_stopping_patience,10,49,49,7,0.6071406711231578,0.6058577418327331,0.001,64,4,2,128,0.1,32,75,0.0,0.1,10,5,0.5,True,42
early_stopping_patience,10,49,49,8,0.5995414349617381,0.6120278577009837,0.001,64,4,2,128,0.1,32,75,0.0,0.1,10,5,0.5,True,42
early_stopping_patience,10,49,49,9,0.5875118573506674,0.6400050540765126,0.001,64,4,2,128,0.1,32,75,0.0,0.1,10,5,0.5,True,42
early_stopping_patience,10,49,49,10,0.580342534365076,0.6238548954327902,0.001,64,4,2,128,0.1,32,75,0.0,0.1,10,5,0.5,True,42
early_stopping_patience,10,49,49,11,0.5608021192478411,0.6329160193602245,0.001,64,4,2,128,0.1,32,75,0.0,0.1,10,5,0.5,True,42
early_stopping_patience,10,49,49,12,0.5215773027051579,0.6314809858798981,0.001,64,4,2,128,0.1,32,75,0.0,0.1,10,5,0.5,True,42
early_stopping_patience,10,49,49,13,0.49900285222313623,0.6430540064970652,0.001,64,4,2,128,0.1,32,75,0.0,0.1,10,5,0.5,True,42
early_stopping_patience,10,49,49,14,0.4817307758511919,0.6702175597349803,0.001,64,4,2,128,0.1,32,75,0.0,0.1,10,5,0.5,True,42
early_stopping_patience,10,49,49,15,0.4573624920890187,0.6960074583689372,0.001,64,4,2,128,0.1,32,75,0.0,0.1,10,5,0.5,True,42
early_stopping_patience,10,50,50,1,0.6921137237187588,0.6668216069539388,0.001,64,4,2,128,0.1,32,75,0.0,0.1,10,5,0.5,True,42
early_stopping_patience,10,50,50,2,0.6552853611382571,0.6404270827770233,0.001,64,4,2,128,0.1,32,75,0.0,0.1,10,5,0.5,True,42
early_stopping_patience,10,50,50,3,0.63960807567293,0.613458530108134,0.001,64,4,2,128,0.1,32,75,0.0,0.1,10,5,0.5,True,42
early_stopping_patience,10,50,50,4,0.6300349447763327,0.6103460828463236,0.001,64,4,2,128,0.1,32,75,0.0,0.1,10,5,0.5,True,42
early_stopping_patience,10,50,50,5,0.6207905147563327,0.5964011351267496,0.001,64,4,2,128,0.1,32,75,0.0,0.1,10,5,0.5,True,42
early_stopping_patience,10,50,50,6,0.6101963621648875,0.5922619084517161,0.001,64,4,2,128,0.1,32,75,0.0,0.1,10,5,0.5,True,42
early_stopping_patience,10,50,50,7,0.5980415658065767,0.6060412466526032,0.001,64,4,2,128,0.1,32,75,0.0,0.1,10,5,0.5,True,42
early_stopping_patience,10,50,50,8,0.5926466728701736,0.6185565014680227,0.001,64,4,2,128,0.1,32,75,0.0,0.1,10,5,0.5,True,42
early_stopping_patience,10,50,50,9,0.5896434291745677,0.6348589837551117,0.001,64,4,2,128,0.1,32,75,0.0,0.1,10,5,0.5,True,42
early_stopping_patience,10,50,50,10,0.5720426049647909,0.6174601137638092,0.001,64,4,2,128,0.1,32,75,0.0,0.1,10,5,0.5,True,42
early_stopping_patience,10,50,50,11,0.5681039320700096,0.6197839776674906,0.001,64,4,2,128,0.1,32,75,0.0,0.1,10,5,0.5,True,42
early_stopping_patience,10,50,50,12,0.5578291860945297,0.6310578525066376,0.001,64,4,2,128,0.1,32,75,0.0,0.1,10,5,0.5,True,42
early_stopping_patience,10,50,50,13,0.518477646013101,0.6496958613395691,0.001,64,4,2,128,0.1,32,75,0.0,0.1,10,5,0.5,True,42
early_stopping_patience,10,50,50,14,0.4924093974810658,0.6362927357355753,0.001,64,4,2,128,0.1,32,75,0.0,0.1,10,5,0.5,True,42
early_stopping_patience,10,50,50,15,0.47724307147842465,0.6615320324897767,0.001,64,4,2,128,0.1,32,75,0.0,0.1,10,5,0.5,True,42
early_stopping_patience,10,50,50,16,0.4468078782612627,0.7040443241596221,0.001,64,4,2,128,0.1,32,75,0.0,0.1,10,5,0.5,True,42
early_stopping_patience,10,51,51,1,0.6860417019237172,0.6641221682230631,0.001,64,4,2,128,0.1,32,75,0.0,0.1,10,5,0.5,True,42
early_stopping_patience,10,51,51,2,0.6612313823266462,0.6347724338372548,0.001,64,4,2,128,0.1,32,75,0.0,0.1,10,5,0.5,True,42
early_stopping_patience,10,51,51,3,0.6398662066820896,0.6226059933503468,0.001,64,4,2,128,0.1,32,75,0.0,0.1,10,5,0.5,True,42
early_stopping_patience,10,51,51,4,0.6294864054882165,0.6114322066307067,0.001,64,4,2,128,0.1,32,75,0.0,0.1,10,5,0.5,True,42
early_stopping_patience,10,51,51,5,0.6199353818189014,0.6557325998942057,0.001,64,4,2,128,0.1,32,75,0.0,0.1,10,5,0.5,True,42
early_stopping_patience,10,51,51,6,0.6059134970560218,0.6199785927931468,0.001,64,4,2,128,0.1,32,75,0.0,0.1,10,5,0.5,True,42
early_stopping_patience,10,51,51,7,0.5965328713258108,0.613505466779073,0.001,64,4,2,128,0.1,32,75,0.0,0.1,10,5,0.5,True,42
early_stopping_patience,10,51,51,8,0.5896259530475645,0.6088635325431824,0.001,64,4,2,128,0.1,32,75,0.0,0.1,10,5,0.5,True,42
early_stopping_patience,10,51,51,9,0.5821218556075385,0.6145085314909617,0.001,64,4,2,128,0.1,32,75,0.0,0.1,10,5,0.5,True,42
early_stopping_patience,10,51,51,10,0.5700741676670132,0.6382446348667145,0.001,64,4,2,128,0.1,32,75,0.0,0.1,10,5,0.5,True,42
early_stopping_patience,10,51,51,11,0.5551407479427077,0.6083548208077748,0.001,64,4,2,128,0.1,32,75,0.0,0.1,10,5,0.5,True,42
early_stopping_patience,10,51,51,12,0.5406964680913723,0.6442793329556783,0.001,64,4,2,128,0.1,32,75,0.0,0.1,10,5,0.5,True,42
early_stopping_patience,10,51,51,13,0.5279352719133551,0.7280286073684692,0.001,64,4,2,128,0.1,32,75,0.0,0.1,10,5,0.5,True,42
early_stopping_patience,10,51,51,14,0.505184499151779,0.671883495648702,0.001,64,4,2,128,0.1,32,75,0.0,0.1,10,5,0.5,True,42
early_stopping_patience,10,51,51,15,0.4819014575896841,0.7135640720526377,0.001,64,4,2,128,0.1,32,75,0.0,0.1,10,5,0.5,True,42
early_stopping_patience,10,51,51,16,0.46291674492937146,0.7290767927964529,0.001,64,4,2,128,0.1,32,75,0.0,0.1,10,5,0.5,True,42
early_stopping_patience,10,51,51,17,0.435910321094773,0.7120008806387583,0.001,64,4,2,128,0.1,32,75,0.0,0.1,10,5,0.5,True,42
early_stopping_patience,10,51,51,18,0.3699163365544695,0.8172740618387858,0.001,64,4,2,128,0.1,32,75,0.0,0.1,10,5,0.5,True,42
early_stopping_patience,10,51,51,19,0.3514323298904029,0.8547463615735372,0.001,64,4,2,128,0.1,32,75,0.0,0.1,10,5,0.5,True,42
early_stopping_patience,10,51,51,20,0.32452295652844687,0.9376612484455109,0.001,64,4,2,128,0.1,32,75,0.0,0.1,10,5,0.5,True,42
early_stopping_patience,10,51,51,21,0.30693308992142027,1.0265242755413055,0.001,64,4,2,128,0.1,32,75,0.0,0.1,10,5,0.5,True,42
early_stopping_patience,10,52,52,1,0.7065275460481644,0.6865787347157796,0.001,64,4,2,128,0.1,32,75,0.0,0.1,10,5,0.5,True,42
early_stopping_patience,10,52,52,2,0.6820889444965305,0.6744175314903259,0.001,64,4,2,128,0.1,32,75,0.0,0.1,10,5,0.5,True,42
early_stopping_patience,10,52,52,3,0.6600548539197806,0.6435957630475362,0.001,64,4,2,128,0.1,32,75,0.0,0.1,10,5,0.5,True,42
early_stopping_patience,10,52,52,4,0.6484247685381861,0.6379166682561238,0.001,64,4,2,128,0.1,32,75,0.0,0.1,10,5,0.5,True,42
early_stopping_patience,10,52,52,5,0.6370233466679399,0.6228379368782043,0.001,64,4,2,128,0.1,32,75,0.0,0.1,10,5,0.5,True,42
early_stopping_patience,10,52,52,6,0.6252468932758678,0.6293379326661428,0.001,64,4,2,128,0.1,32,75,0.0,0.1,10,5,0.5,True,42
early_stopping_patience,10,52,52,7,0.6130630091735811,0.6151887933413188,0.001,64,4,2,128,0.1,32,75,0.0,0.1,10,5,0.5,True,42
early_stopping_patience,10,52,52,8,0.6066091658942627,0.6305819034576416,0.001,64,4,2,128,0.1,32,75,0.0,0.1,10,5,0.5,True,42
early_stopping_patience,10,52,52,9,0.5977080940748706,0.6023408810297648,0.001,64,4,2,128,0.1,32,75,0.0,0.1,10,5,0.5,True,42
early_stopping_patience,10,52,52,10,0.5836177904045943,0.644728155930837,0.001,64,4,2,128,0.1,32,75,0.0,0.1,10,5,0.5,True,42
early_stopping_patience,10,52,52,11,0.5751598127412073,0.6268984019756317,0.001,64,4,2,128,0.1,32,75,0.0,0.1,10,5,0.5,True,42
early_stopping_patience,10,52,52,12,0.5611018389463425,0.6282410840193431,0.001,64,4,2,128,0.1,32,75,0.0,0.1,10,5,0.5,True,42
early_stopping_patience,10,52,52,13,0.5489458033081257,0.6610197067260742,0.001,64,4,2,128,0.1,32,75,0.0,0.1,10,5,0.5,True,42
early_stopping_patience,10,52,52,14,0.5382405722683127,0.6918892502784729,0.001,64,4,2,128,0.1,32,75,0.0,0.1,10,5,0.5,True,42
early_stopping_patience,10,52,52,15,0.5149130466761012,0.6788646499315898,0.001,64,4,2,128,0.1,32,75,0.0,0.1,10,5,0.5,True,42
early_stopping_patience,10,52,52,16,0.46207094023173506,0.7211800078550975,0.001,64,4,2,128,0.1,32,75,0.0,0.1,10,5,0.5,True,42
early_stopping_patience,10,52,52,17,0.4354081867319165,0.722731077671051,0.001,64,4,2,128,0.1,32,75,0.0,0.1,10,5,0.5,True,42
early_stopping_patience,10,52,52,18,0.41400648032625514,0.7786690711975097,0.001,64,4,2,128,0.1,32,75,0.0,0.1,10,5,0.5,True,42
early_stopping_patience,10,52,52,19,0.39860674851771555,0.7931125402450562,0.001,64,4,2,128,0.1,32,75,0.0,0.1,10,5,0.5,True,42
early_stopping_patience,10,53,53,1,0.6945191183776567,0.6826416353384653,0.001,64,4,2,128,0.1,32,75,0.0,0.1,10,5,0.5,True,42
early_stopping_patience,10,53,53,2,0.6636146659200842,0.6366932233174641,0.001,64,4,2,128,0.1,32,75,0.0,0.1,10,5,0.5,True,42
early_stopping_patience,10,53,53,3,0.6400404107390028,0.6262222667535146,0.001,64,4,2,128,0.1,32,75,0.0,0.1,10,5,0.5,True,42
early_stopping_patience,10,53,53,4,0.6230122602798722,0.6130634566148122,0.001,64,4,2,128,0.1,32,75,0.0,0.1,10,5,0.5,True,42
early_stopping_patience,10,53,53,5,0.6200969544324008,0.6202076017856598,0.001,64,4,2,128,0.1,32,75,0.0,0.1,10,5,0.5,True,42
early_stopping_patience,10,53,53,6,0.612987197709806,0.6122478246688843,0.001,64,4,2,128,0.1,32,75,0.0,0.1,10,5,0.5,True,42
early_stopping_patience,10,53,53,7,0.6103248011433717,0.6129168311754862,0.001,64,4,2,128,0.1,32,75,0.0,0.1,10,5,0.5,True,42
early_stopping_patience,10,53,53,8,0.6010766006780394,0.6081754922866821,0.001,64,4,2,128,0.1,32,75,0.0,0.1,10,5,0.5,True,42
early_stopping_patience,10,53,53,9,0.5902749250332514,0.6262141903241475,0.001,64,4,2,128,0.1,32,75,0.0,0.1,10,5,0.5,True,42
early_stopping_patience,10,53,53,10,0.5719576961163318,0.6200273255507152,0.001,64,4,2,128,0.1,32,75,0.0,0.1,10,5,0.5,True,42
early_stopping_patience,10,53,53,11,0.5615390904925086,0.7122360229492187,0.001,64,4,2,128,0.1,32,75,0.0,0.1,10,5,0.5,True,42
early_stopping_patience,10,53,53,12,0.5493038612784762,0.6837608297665914,0.001,64,4,2,128,0.1,32,75,0.0,0.1,10,5,0.5,True,42
early_stopping_patience,10,53,53,13,0.5399247692389921,0.6787013431390126,0.001,64,4,2,128,0.1,32,75,0.0,0.1,10,5,0.5,True,42
early_stopping_patience,10,53,53,14,0.5154384629744472,0.6319741527239482,0.001,64,4,2,128,0.1,32,75,0.0,0.1,10,5,0.5,True,42
early_stopping_patience,10,53,53,15,0.45769722985498834,0.6726605395476023,0.001,64,4,2,128,0.1,32,75,0.0,0.1,10,5,0.5,True,42
early_stopping_patience,10,53,53,16,0.4283732727847316,0.7123664299647013,0.001,64,4,2,128,0.1,32,75,0.0,0.1,10,5,0.5,True,42
early_stopping_patience,10,53,53,17,0.40565571651765797,0.7175870537757874,0.001,64,4,2,128,0.1,32,75,0.0,0.1,10,5,0.5,True,42
early_stopping_patience,10,53,53,18,0.3862987966700034,0.7656434555848439,0.001,64,4,2,128,0.1,32,75,0.0,0.1,10,5,0.5,True,42
early_stopping_patience,10,54,54,1,0.6883882663466714,0.6767307798067729,0.001,64,4,2,128,0.1,32,75,0.0,0.1,10,5,0.5,True,42
early_stopping_patience,10,54,54,2,0.6650269487590501,0.6566710968812307,0.001,64,4,2,128,0.1,32,75,0.0,0.1,10,5,0.5,True,42
early_stopping_patience,10,54,54,3,0.6535625557104746,0.6429029027620952,0.001,64,4,2,128,0.1,32,75,0.0,0.1,10,5,0.5,True,42
early_stopping_patience,10,54,54,4,0.6315516005411292,0.6521815697352091,0.001,64,4,2,128,0.1,32,75,0.0,0.1,10,5,0.5,True,42
early_stopping_patience,10,54,54,5,0.6182598708705469,0.6125095129013062,0.001,64,4,2,128,0.1,32,75,0.0,0.1,10,5,0.5,True,42
early_stopping_patience,10,54,54,6,0.6166401033600172,0.6075382590293884,0.001,64,4,2,128,0.1,32,75,0.0,0.1,10,5,0.5,True,42
early_stopping_patience,10,54,54,7,0.6050800719495976,0.6220455308755238,0.001,64,4,2,128,0.1,32,75,0.0,0.1,10,5,0.5,True,42
early_stopping_patience,10,54,54,8,0.5958476475242412,0.6079786042372386,0.001,64,4,2,128,0.1,32,75,0.0,0.1,10,5,0.5,True,42
early_stopping_patience,10,54,54,9,0.5915948288007216,0.6052329738934835,0.001,64,4,2,128,0.1,32,75,0.0,0.1,10,5,0.5,True,42
early_stopping_patience,10,54,54,10,0.5791271974643072,0.5993008156617482,0.001,64,4,2,128,0.1,32,75,0.0,0.1,10,5,0.5,True,42
early_stopping_patience,10,54,54,11,0.5721489972237385,0.6062609096368153,0.001,64,4,2,128,0.1,32,75,0.0,0.1,10,5,0.5,True,42
early_stopping_patience,10,54,54,12,0.5658295457110261,0.5983403444290161,0.001,64,4,2,128,0.1,32,75,0.0,0.1,10,5,0.5,True,42
early_stopping_patience,10,54,54,13,0.5574011436917565,0.6254852414131165,0.001,64,4,2,128,0.1,32,75,0.0,0.1,10,5,0.5,True,42
early_stopping_patience,10,54,54,14,0.5390780080448497,0.6061880906422933,0.001,64,4,2,128,0.1,32,75,0.0,0.1,10,5,0.5,True,42
early_stopping_patience,10,54,54,15,0.5175091990015723,0.6510047654310862,0.001,64,4,2,128,0.1,32,75,0.0,0.1,10,5,0.5,True,42
early_stopping_patience,10,54,54,16,0.5093454729878542,0.6425092697143555,0.001,64,4,2,128,0.1,32,75,0.0,0.1,10,5,0.5,True,42
early_stopping_patience,10,54,54,17,0.49364896908853995,0.7888369798660279,0.001,64,4,2,128,0.1,32,75,0.0,0.1,10,5,0.5,True,42
early_stopping_patience,10,54,54,18,0.47519660876555875,0.6988897045453389,0.001,64,4,2,128,0.1,32,75,0.0,0.1,10,5,0.5,True,42
early_stopping_patience,10,54,54,19,0.4015999842773784,0.7566937764485677,0.001,64,4,2,128,0.1,32,75,0.0,0.1,10,5,0.5,True,42
early_stopping_patience,10,54,54,20,0.37453255463730206,0.8764264067014058,0.001,64,4,2,128,0.1,32,75,0.0,0.1,10,5,0.5,True,42
early_stopping_patience,10,54,54,21,0.35070961679924617,0.8336602290471394,0.001,64,4,2,128,0.1,32,75,0.0,0.1,10,5,0.5,True,42
early_stopping_patience,10,54,54,22,0.3456814825309045,0.7976341843605042,0.001,64,4,2,128,0.1,32,75,0.0,0.1,10,5,0.5,True,42
early_stopping_patience,10,55,55,1,0.6983375210653652,0.6759699424107869,0.001,64,4,2,128,0.1,32,75,0.0,0.1,10,5,0.5,True,42
early_stopping_patience,10,55,55,2,0.6644920194239328,0.6747111439704895,0.001,64,4,2,128,0.1,32,75,0.0,0.1,10,5,0.5,True,42
early_stopping_patience,10,55,55,3,0.6483317893562894,0.6511534631252289,0.001,64,4,2,128,0.1,32,75,0.0,0.1,10,5,0.5,True,42
early_stopping_patience,10,55,55,4,0.6386080343614925,0.6437982062498728,0.001,64,4,2,128,0.1,32,75,0.0,0.1,10,5,0.5,True,42
early_stopping_patience,10,55,55,5,0.6287858194925569,0.6924681742986043,0.001,64,4,2,128,0.1,32,75,0.0,0.1,10,5,0.5,True,42
early_stopping_patience,10,55,55,6,0.6153175435734518,0.6618984560171763,0.001,64,4,2,128,0.1,32,75,0.0,0.1,10,5,0.5,True,42
early_stopping_patience,10,55,55,7,0.603819746411208,0.6288097083568573,0.001,64,4,2,128,0.1,32,75,0.0,0.1,10,5,0.5,True,42
early_stopping_patience,10,55,55,8,0.586432302765774,0.6390630861123403,0.001,64,4,2,128,0.1,32,75,0.0,0.1,10,5,0.5,True,42
early_stopping_patience,10,55,55,9,0.5792739271666064,0.6574884514013927,0.001,64,4,2,128,0.1,32,75,0.0,0.1,10,5,0.5,True,42
early_stopping_patience,10,55,55,10,0.5708300852865884,0.671339742342631,0.001,64,4,2,128,0.1,32,75,0.0,0.1,10,5,0.5,True,42
early_stopping_patience,10,55,55,11,0.5518886293425704,0.6568662643432617,0.001,64,4,2,128,0.1,32,75,0.0,0.1,10,5,0.5,True,42
early_stopping_patience,10,55,55,12,0.5390654572031714,0.7039627432823181,0.001,64,4,2,128,0.1,32,75,0.0,0.1,10,5,0.5,True,42
early_stopping_patience,10,55,55,13,0.5176016728986393,0.6968492726484935,0.001,64,4,2,128,0.1,32,75,0.0,0.1,10,5,0.5,True,42
early_stopping_patience,10,55,55,14,0.473220632834868,0.7519248823324839,0.001,64,4,2,128,0.1,32,75,0.0,0.1,10,5,0.5,True,42
early_stopping_patience,10,55,55,15,0.4467457537398194,0.706201966603597,0.001,64,4,2,128,0.1,32,75,0.0,0.1,10,5,0.5,True,42
early_stopping_patience,10,55,55,16,0.4201694537292827,0.8240415136019389,0.001,64,4,2,128,0.1,32,75,0.0,0.1,10,5,0.5,True,42
early_stopping_patience,10,55,55,17,0.40256850861690263,0.8105925520261129,0.001,64,4,2,128,0.1,32,75,0.0,0.1,10,5,0.5,True,42
early_stopping_patience,10,56,56,1,0.694916305216876,0.667553706963857,0.001,64,4,2,128,0.1,32,75,0.0,0.1,10,5,0.5,True,42
early_stopping_patience,10,56,56,2,0.6638208907662015,0.6605651497840881,0.001,64,4,2,128,0.1,32,75,0.0,0.1,10,5,0.5,True,42
early_stopping_patience,10,56,56,3,0.6442307337667003,0.6306500593821208,0.001,64,4,2,128,0.1,32,75,0.0,0.1,10,5,0.5,True,42
early_stopping_patience,10,56,56,4,0.634239154557387,0.6405099670092265,0.001,64,4,2,128,0.1,32,75,0.0,0.1,10,5,0.5,True,42
early_stopping_patience,10,56,56,5,0.6188129489168976,0.616985309123993,0.001,64,4,2,128,0.1,32,75,0.0,0.1,10,5,0.5,True,42
early_stopping_patience,10,56,56,6,0.6095811880447648,0.6760276655356089,0.001,64,4,2,128,0.1,32,75,0.0,0.1,10,5,0.5,True,42
early_stopping_patience,10,56,56,7,0.5997906927809571,0.6485096712907156,0.001,64,4,2,128,0.1,32,75,0.0,0.1,10,5,0.5,True,42
early_stopping_patience,10,56,56,8,0.5917096634705862,0.6601409157117207,0.001,64,4,2,128,0.1,32,75,0.0,0.1,10,5,0.5,True,42
early_stopping_patience,10,56,56,9,0.5831543911587108,0.6227580587069194,0.001,64,4,2,128,0.1,32,75,0.0,0.1,10,5,0.5,True,42
early_stopping_patience,10,56,56,10,0.5725725762771837,0.6535327017307282,0.001,64,4,2,128,0.1,32,75,0.0,0.1,10,5,0.5,True,42
early_stopping_patience,10,56,56,11,0.5563282492485914,0.6704127411047618,0.001,64,4,2,128,0.1,32,75,0.0,0.1,10,5,0.5,True,42
early_stopping_patience,10,56,56,12,0.5133276489196401,0.6693772037823995,0.001,64,4,2,128,0.1,32,75,0.0,0.1,10,5,0.5,True,42
early_stopping_patience,10,56,56,13,0.4979926776705366,0.6738500833511353,0.001,64,4,2,128,0.1,32,75,0.0,0.1,10,5,0.5,True,42
early_stopping_patience,10,56,56,14,0.4689930966406157,0.7464755614598592,0.001,64,4,2,128,0.1,32,75,0.0,0.1,10,5,0.5,True,42
early_stopping_patience,10,56,56,15,0.4504919975544467,0.6889145215352376,0.001,64,4,2,128,0.1,32,75,0.0,0.1,10,5,0.5,True,42
early_stopping_patience,10,57,57,1,0.6924255580613108,0.6583572387695312,0.001,64,4,2,128,0.1,32,75,0.0,0.1,10,5,0.5,True,42
early_stopping_patience,10,57,57,2,0.6617170147823564,0.6310920039812724,0.001,64,4,2,128,0.1,32,75,0.0,0.1,10,5,0.5,True,42
early_stopping_patience,10,57,57,3,0.6394759366909663,0.6450553456942241,0.001,64,4,2,128,0.1,32,75,0.0,0.1,10,5,0.5,True,42
early_stopping_patience,10,57,57,4,0.6307751617648385,0.6687636613845825,0.001,64,4,2,128,0.1,32,75,0.0,0.1,10,5,0.5,True,42
early_stopping_patience,10,57,57,5,0.6202303268241159,0.6437720080216726,0.001,64,4,2,128,0.1,32,75,0.0,0.1,10,5,0.5,True,42
early_stopping_patience,10,57,57,6,0.6111935198758588,0.606325097878774,0.001,64,4,2,128,0.1,32,75,0.0,0.1,10,5,0.5,True,42
early_stopping_patience,10,57,57,7,0.6079613056146738,0.6071135481198628,0.001,64,4,2,128,0.1,32,75,0.0,0.1,10,5,0.5,True,42
early_stopping_patience,10,57,57,8,0.6030078688354203,0.6262860894203186,0.001,64,4,2,128,0.1,32,75,0.0,0.1,10,5,0.5,True,42
early_stopping_patience,10,57,57,9,0.591019900910782,0.6403038044770558,0.001,64,4,2,128,0.1,32,75,0.0,0.1,10,5,0.5,True,42
early_stopping_patience,10,57,57,10,0.5804360330556378,0.638302989800771,0.001,64,4,2,128,0.1,32,75,0.0,0.1,10,5,0.5,True,42
early_stopping_patience,10,57,57,11,0.566098774021322,0.7099958648284276,0.001,64,4,2,128,0.1,32,75,0.0,0.1,10,5,0.5,True,42
early_stopping_patience,10,57,57,12,0.5605063709345731,0.6818080246448517,0.001,64,4,2,128,0.1,32,75,0.0,0.1,10,5,0.5,True,42
early_stopping_patience,10,57,57,13,0.5164236882419297,0.6626964390277863,0.001,64,4,2,128,0.1,32,75,0.0,0.1,10,5,0.5,True,42
early_stopping_patience,10,57,57,14,0.48761367481766327,0.7141383171081543,0.001,64,4,2,128,0.1,32,75,0.0,0.1,10,5,0.5,True,42
early_stopping_patience,10,57,57,15,0.4680807021531192,0.7261396785577138,0.001,64,4,2,128,0.1,32,75,0.0,0.1,10,5,0.5,True,42
early_stopping_patience,10,57,57,16,0.45656511435906094,0.7576413869857788,0.001,64,4,2,128,0.1,32,75,0.0,0.1,10,5,0.5,True,42
early_stopping_patience,10,58,58,1,0.694935887148886,0.6658405303955078,0.001,64,4,2,128,0.1,32,75,0.0,0.1,10,5,0.5,True,42
early_stopping_patience,10,58,58,2,0.6720486563263517,0.6554155647754669,0.001,64,4,2,128,0.1,32,75,0.0,0.1,10,5,0.5,True,42
early_stopping_patience,10,58,58,3,0.6601745373371876,0.6299221793810527,0.001,64,4,2,128,0.1,32,75,0.0,0.1,10,5,0.5,True,42
early_stopping_patience,10,58,58,4,0.6379785799618923,0.6389759838581085,0.001,64,4,2,128,0.1,32,75,0.0,0.1,10,5,0.5,True,42
early_stopping_patience,10,58,58,5,0.6279034321055268,0.6820723831653595,0.001,64,4,2,128,0.1,32,75,0.0,0.1,10,5,0.5,True,42
early_stopping_patience,10,58,58,6,0.6167214047728162,0.6612711310386657,0.001,64,4,2,128,0.1,32,75,0.0,0.1,10,5,0.5,True,42
early_stopping_patience,10,58,58,7,0.6108159867651535,0.6208290716012319,0.001,64,4,2,128,0.1,32,75,0.0,0.1,10,5,0.5,True,42
early_stopping_patience,10,58,58,8,0.5929377169320078,0.65110089580218,0.001,64,4,2,128,0.1,32,75,0.0,0.1,10,5,0.5,True,42
early_stopping_patience,10,58,58,9,0.5871457753307892,0.6267057120800018,0.001,64,4,2,128,0.1,32,75,0.0,0.1,10,5,0.5,True,42
early_stopping_patience,10,58,58,10,0.572096324102445,0.6542620499928792,0.001,64,4,2,128,0.1,32,75,0.0,0.1,10,5,0.5,True,42
early_stopping_patience,10,58,58,11,0.5575207697622704,0.7025782605012257,0.001,64,4,2,128,0.1,32,75,0.0,0.1,10,5,0.5,True,42
early_stopping_patience,10,58,58,12,0.5554603911710508,0.6418163140614828,0.001,64,4,2,128,0.1,32,75,0.0,0.1,10,5,0.5,True,42
early_stopping_patience,10,58,58,13,0.535764451731335,0.6707351386547089,0.001,64,4,2,128,0.1,32,75,0.0,0.1,10,5,0.5,True,42
early_stopping_patience,10,58,58,14,0.4867456340880105,0.7074403921763103,0.001,64,4,2,128,0.1,32,75,0.0,0.1,10,5,0.5,True,42
early_stopping_patience,10,58,58,15,0.4584943446697611,0.7078207651774089,0.001,64,4,2,128,0.1,32,75,0.0,0.1,10,5,0.5,True,42
early_stopping_patience,10,58,58,16,0.4385388463058255,0.7837984124819438,0.001,64,4,2,128,0.1,32,75,0.0,0.1,10,5,0.5,True,42
early_stopping_patience,10,58,58,17,0.4310951998287981,0.7505840758482615,0.001,64,4,2,128,0.1,32,75,0.0,0.1,10,5,0.5,True,42
early_stopping_patience,10,59,59,1,0.6995186069698045,0.663794998327891,0.001,64,4,2,128,0.1,32,75,0.0,0.1,10,5,0.5,True,42
early_stopping_patience,10,59,59,2,0.6721125380559401,0.6532745281855266,0.001,64,4,2,128,0.1,32,75,0.0,0.1,10,5,0.5,True,42
early_stopping_patience,10,59,59,3,0.6448562811269904,0.6088176568349203,0.001,64,4,2,128,0.1,32,75,0.0,0.1,10,5,0.5,True,42
early_stopping_patience,10,59,59,4,0.6279138597575101,0.6287850220998128,0.001,64,4,2,128,0.1,32,75,0.0,0.1,10,5,0.5,True,42
early_stopping_patience,10,59,59,5,0.6148636921337156,0.6127320845921834,0.001,64,4,2,128,0.1,32,75,0.0,0.1,10,5,0.5,True,42
early_stopping_patience,10,59,59,6,0.6068105133193912,0.6069802025953929,0.001,64,4,2,128,0.1,32,75,0.0,0.1,10,5,0.5,True,42
early_stopping_patience,10,59,59,7,0.5980046037020106,0.6162190596262614,0.001,64,4,2,128,0.1,32,75,0.0,0.1,10,5,0.5,True,42
early_stopping_patience,10,59,59,8,0.5902422632683407,0.6646614511807759,0.001,64,4,2,128,0.1,32,75,0.0,0.1,10,5,0.5,True,42
early_stopping_patience,10,59,59,9,0.586705885375991,0.6112673183282217,0.001,64,4,2,128,0.1,32,75,0.0,0.1,10,5,0.5,True,42
early_stopping_patience,10,59,59,10,0.5711501613259315,0.6745879093805949,0.001,64,4,2,128,0.1,32,75,0.0,0.1,10,5,0.5,True,42
early_stopping_patience,10,59,59,11,0.5662921705480778,0.715660152832667,0.001,64,4,2,128,0.1,32,75,0.0,0.1,10,5,0.5,True,42
early_stopping_patience,10,59,59,12,0.5520318267923413,0.6226622601350148,0.001,64,4,2,128,0.1,32,75,0.0,0.1,10,5,0.5,True,42
early_stopping_patience,10,59,59,13,0.5066014754049706,0.6871877133846283,0.001,64,4,2,128,0.1,32,75,0.0,0.1,10,5,0.5,True,42
early_stopping_patience,10,59,59,14,0.4921601193420815,0.6980944792429606,0.001,64,4,2,128,0.1,32,75,0.0,0.1,10,5,0.5,True,42
early_stopping_patience,10,59,59,15,0.46622184731743554,0.7284279465675354,0.001,64,4,2,128,0.1,32,75,0.0,0.1,10,5,0.5,True,42
early_stopping_patience,10,59,59,16,0.458712308695822,0.7273443738619486,0.001,64,4,2,128,0.1,32,75,0.0,0.1,10,5,0.5,True,42
early_stopping_patience,10,60,60,1,0.6859553578225049,0.6659650444984436,0.001,64,4,2,128,0.1,32,75,0.0,0.1,10,5,0.5,True,42
early_stopping_patience,10,60,60,2,0.6597527423591325,0.6466360251108806,0.001,64,4,2,128,0.1,32,75,0.0,0.1,10,5,0.5,True,42
early_stopping_patience,10,60,60,3,0.6314944259145043,0.627762629588445,0.001,64,4,2,128,0.1,32,75,0.0,0.1,10,5,0.5,True,42
early_stopping_patience,10,60,60,4,0.6134783925883698,0.6192009607950847,0.001,64,4,2,128,0.1,32,75,0.0,0.1,10,5,0.5,True,42
early_stopping_patience,10,60,60,5,0.6171237295775702,0.6261843363444011,0.001,64,4,2,128,0.1,32,75,0.0,0.1,10,5,0.5,True,42
early_stopping_patience,10,60,60,6,0.6050765173453273,0.6343420386314392,0.001,64,4,2,128,0.1,32,75,0.0,0.1,10,5,0.5,True,42
early_stopping_patience,10,60,60,7,0.5927061793027502,0.6184541503588359,0.001,64,4,2,128,0.1,32,75,0.0,0.1,10,5,0.5,True,42
early_stopping_patience,10,60,60,8,0.5908952538262714,0.6387054065863291,0.001,64,4,2,128,0.1,32,75,0.0,0.1,10,5,0.5,True,42
early_stopping_patience,10,60,60,9,0.5757025812159885,0.6194670299688975,0.001,64,4,2,128,0.1,32,75,0.0,0.1,10,5,0.5,True,42
early_stopping_patience,10,60,60,10,0.5666871637557492,0.6489238619804383,0.001,64,4,2,128,0.1,32,75,0.0,0.1,10,5,0.5,True,42
early_stopping_patience,10,60,60,11,0.5620067605015003,0.6608613351980845,0.001,64,4,2,128,0.1,32,75,0.0,0.1,10,5,0.5,True,42
early_stopping_patience,10,60,60,12,0.5415149949716799,0.6478174368540446,0.001,64,4,2,128,0.1,32,75,0.0,0.1,10,5,0.5,True,42
early_stopping_patience,10,60,60,13,0.5200282389467413,0.6801488002141317,0.001,64,4,2,128,0.1,32,75,0.0,0.1,10,5,0.5,True,42
early_stopping_patience,10,60,60,14,0.48441755004001386,0.6891690651575725,0.001,64,4,2,128,0.1,32,75,0.0,0.1,10,5,0.5,True,42
early_stopping_patience,10,60,60,15,0.4453727947265813,0.7964602927366893,0.001,64,4,2,128,0.1,32,75,0.0,0.1,10,5,0.5,True,42
early_stopping_patience,10,60,60,16,0.44009374556216324,0.7890679200490316,0.001,64,4,2,128,0.1,32,75,0.0,0.1,10,5,0.5,True,42
early_stopping_patience,10,60,60,17,0.41312098841775546,0.8080802301565806,0.001,64,4,2,128,0.1,32,75,0.0,0.1,10,5,0.5,True,42
early_stopping_patience,10,61,61,1,0.6884272089510253,0.643526295820872,0.001,64,4,2,128,0.1,32,75,0.0,0.1,10,5,0.5,True,42
early_stopping_patience,10,61,61,2,0.654774924570864,0.6487193922201793,0.001,64,4,2,128,0.1,32,75,0.0,0.1,10,5,0.5,True,42
early_stopping_patience,10,61,61,3,0.6377423525308118,0.6310445268948873,0.001,64,4,2,128,0.1,32,75,0.0,0.1,10,5,0.5,True,42
early_stopping_patience,10,61,61,4,0.6276579083818378,0.6098449349403381,0.001,64,4,2,128,0.1,32,75,0.0,0.1,10,5,0.5,True,42
early_stopping_patience,10,61,61,5,0.6144060598629894,0.6177728792031606,0.001,64,4,2,128,0.1,32,75,0.0,0.1,10,5,0.5,True,42
early_stopping_patience,10,61,61,6,0.6092425090345469,0.6394112010796865,0.001,64,4,2,128,0.1,32,75,0.0,0.1,10,5,0.5,True,42
early_stopping_patience,10,61,61,7,0.5993357851649775,0.6272791067759196,0.001,64,4,2,128,0.1,32,75,0.0,0.1,10,5,0.5,True,42
early_stopping_patience,10,61,61,8,0.5842770897980892,0.6262104193369548,0.001,64,4,2,128,0.1,32,75,0.0,0.1,10,5,0.5,True,42
early_stopping_patience,10,61,61,9,0.5720293989235704,0.6619345545768738,0.001,64,4,2,128,0.1,32,75,0.0,0.1,10,5,0.5,True,42
early_stopping_patience,10,61,61,10,0.5631771767229745,0.656359479824702,0.001,64,4,2,128,0.1,32,75,0.0,0.1,10,5,0.5,True,42
early_stopping_patience,10,61,61,11,0.5303463184020736,0.6876135090986888,0.001,64,4,2,128,0.1,32,75,0.0,0.1,10,5,0.5,True,42
early_stopping_patience,10,61,61,12,0.5045785863291133,0.66255877216657,0.001,64,4,2,128,0.1,32,75,0.0,0.1,10,5,0.5,True,42
early_stopping_patience,10,61,61,13,0.49750213166981033,0.6830167015393575,0.001,64,4,2,128,0.1,32,75,0.0,0.1,10,5,0.5,True,42
early_stopping_patience,10,61,61,14,0.4784501124963616,0.7001329521338145,0.001,64,4,2,128,0.1,32,75,0.0,0.1,10,5,0.5,True,42
early_stopping_patience,10,62,62,1,0.6978520154953003,0.6747806390126546,0.001,64,4,2,128,0.1,32,75,0.0,0.1,10,5,0.5,True,42
early_stopping_patience,10,62,62,2,0.6729473909645369,0.6709886074066163,0.001,64,4,2,128,0.1,32,75,0.0,0.1,10,5,0.5,True,42
early_stopping_patience,10,62,62,3,0.6539039336370699,0.665294760465622,0.001,64,4,2,128,0.1,32,75,0.0,0.1,10,5,0.5,True,42
early_stopping_patience,10,62,62,4,0.6381994025273756,0.6546190102895101,0.001,64,4,2,128,0.1,32,75,0.0,0.1,10,5,0.5,True,42
early_stopping_patience,10,62,62,5,0.6244149801857544,0.6343871573607127,0.001,64,4,2,128,0.1,32,75,0.0,0.1,10,5,0.5,True,42
early_stopping_patience,10,62,62,6,0.6092508313330737,0.6356912652651469,0.001,64,4,2,128,0.1,32,75,0.0,0.1,10,5,0.5,True,42
early_stopping_patience,10,62,62,7,0.6087111772009821,0.6308693210283915,0.001,64,4,2,128,0.1,32,75,0.0,0.1,10,5,0.5,True,42
early_stopping_patience,10,62,62,8,0.6007501659068194,0.6350436329841613,0.001,64,4,2,128,0.1,32,75,0.0,0.1,10,5,0.5,True,42
early_stopping_patience,10,62,62,9,0.5788247253407132,0.6404471337795258,0.001,64,4,2,128,0.1,32,75,0.0,0.1,10,5,0.5,True,42
early_stopping_patience,10,62,62,10,0.5754619818745237,0.6460274000962575,0.001,64,4,2,128,0.1,32,75,0.0,0.1,10,5,0.5,True,42
early_stopping_patience,10,62,62,11,0.5509092218496583,0.6571015338102977,0.001,64,4,2,128,0.1,32,75,0.0,0.1,10,5,0.5,True,42
early_stopping_patience,10,62,62,12,0.5484715476632118,0.6564886271953583,0.001,64,4,2,128,0.1,32,75,0.0,0.1,10,5,0.5,True,42
early_stopping_patience,10,62,62,13,0.5218288902983521,0.6839392264684041,0.001,64,4,2,128,0.1,32,75,0.0,0.1,10,5,0.5,True,42
early_stopping_patience,10,62,62,14,0.47830220063527423,0.7225665211677551,0.001,64,4,2,128,0.1,32,75,0.0,0.1,10,5,0.5,True,42
early_stopping_patience,10,62,62,15,0.4616540406237949,0.7151729166507721,0.001,64,4,2,128,0.1,32,75,0.0,0.1,10,5,0.5,True,42
early_stopping_patience,10,62,62,16,0.4326747240442218,0.713977328936259,0.001,64,4,2,128,0.1,32,75,0.0,0.1,10,5,0.5,True,42
early_stopping_patience,10,62,62,17,0.41044695562485495,0.8181796034177145,0.001,64,4,2,128,0.1,32,75,0.0,0.1,10,5,0.5,True,42
early_stopping_patience,10,63,63,1,0.6974570073864677,0.671017861366272,0.001,64,4,2,128,0.1,32,75,0.0,0.1,10,5,0.5,True,42
early_stopping_patience,10,63,63,2,0.6686477168942943,0.6483142773310343,0.001,64,4,2,128,0.1,32,75,0.0,0.1,10,5,0.5,True,42
early_stopping_patience,10,63,63,3,0.6527614471587267,0.6601982831954956,0.001,64,4,2,128,0.1,32,75,0.0,0.1,10,5,0.5,True,42
early_stopping_patience,10,63,63,4,0.6371049343636541,0.639661415417989,0.001,64,4,2,128,0.1,32,75,0.0,0.1,10,5,0.5,True,42
early_stopping_patience,10,63,63,5,0.6186056356086875,0.6203514734903971,0.001,64,4,2,128,0.1,32,75,0.0,0.1,10,5,0.5,True,42
early_stopping_patience,10,63,63,6,0.6106275119113199,0.6297601064046224,0.001,64,4,2,128,0.1,32,75,0.0,0.1,10,5,0.5,True,42
early_stopping_patience,10,63,63,7,0.6117220552581729,0.6257065077622731,0.001,64,4,2,128,0.1,32,75,0.0,0.1,10,5,0.5,True,42
early_stopping_patience,10,63,63,8,0.5916467295451597,0.6386242608229319,0.001,64,4,2,128,0.1,32,75,0.0,0.1,10,5,0.5,True,42
early_stopping_patience,10,63,63,9,0.5806349380449816,0.6367833117643992,0.001,64,4,2,128,0.1,32,75,0.0,0.1,10,5,0.5,True,42
early_stopping_patience,10,63,63,10,0.5677094601772048,0.6630280872186025,0.001,64,4,2,128,0.1,32,75,0.0,0.1,10,5,0.5,True,42
early_stopping_patience,10,63,63,11,0.5530008946855863,0.6418282210826873,0.001,64,4,2,128,0.1,32,75,0.0,0.1,10,5,0.5,True,42
early_stopping_patience,10,63,63,12,0.5043926164507866,0.6714146494865417,0.001,64,4,2,128,0.1,32,75,0.0,0.1,10,5,0.5,True,42
early_stopping_patience,10,63,63,13,0.47380268370563333,0.7385351757208506,0.001,64,4,2,128,0.1,32,75,0.0,0.1,10,5,0.5,True,42
early_stopping_patience,10,63,63,14,0.46259602757565904,0.750220368305842,0.001,64,4,2,128,0.1,32,75,0.0,0.1,10,5,0.5,True,42
early_stopping_patience,10,63,63,15,0.43949196713440347,0.7131663918495178,0.001,64,4,2,128,0.1,32,75,0.0,0.1,10,5,0.5,True,42
early_stopping_patience,10,64,64,1,0.6977176697868289,0.6959887584050496,0.001,64,4,2,128,0.1,32,75,0.0,0.1,10,5,0.5,True,42
early_stopping_patience,10,64,64,2,0.6705805948286345,0.6517974257469177,0.001,64,4,2,128,0.1,32,75,0.0,0.1,10,5,0.5,True,42
early_stopping_patience,10,64,64,3,0.6444453443541671,0.6292235593001048,0.001,64,4,2,128,0.1,32,75,0.0,0.1,10,5,0.5,True,42
early_stopping_patience,10,64,64,4,0.6372277454444857,0.6802430967489879,0.001,64,4,2,128,0.1,32,75,0.0,0.1,10,5,0.5,True,42
early_stopping_patience,10,64,64,5,0.6219270644765912,0.6180876712004344,0.001,64,4,2,128,0.1,32,75,0.0,0.1,10,5,0.5,True,42
early_stopping_patience,10,64,64,6,0.6141618104143576,0.630805645386378,0.001,64,4,2,128,0.1,32,75,0.0,0.1,10,5,0.5,True,42
early_stopping_patience,10,64,64,7,0.608051311789137,0.6563709437847137,0.001,64,4,2,128,0.1,32,75,0.0,0.1,10,5,0.5,True,42
early_stopping_patience,10,64,64,8,0.5993510814327182,0.6122716168562571,0.001,64,4,2,128,0.1,32,75,0.0,0.1,10,5,0.5,True,42
early_stopping_patience,10,64,64,9,0.5959362200263775,0.6039414127667745,0.001,64,4,2,128,0.1,32,75,0.0,0.1,10,5,0.5,True,42
early_stopping_patience,10,64,64,10,0.57660710156867,0.6462532718976338,0.001,64,4,2,128,0.1,32,75,0.0,0.1,10,5,0.5,True,42
early_stopping_patience,10,64,64,11,0.5805325991276539,0.6446981549263,0.001,64,4,2,128,0.1,32,75,0.0,0.1,10,5,0.5,True,42
early_stopping_patience,10,64,64,12,0.5665349879048087,0.6281848688920338,0.001,64,4,2,128,0.1,32,75,0.0,0.1,10,5,0.5,True,42
early_stopping_patience,10,64,64,13,0.5485236577012322,0.6148611168066661,0.001,64,4,2,128,0.1,32,75,0.0,0.1,10,5,0.5,True,42
early_stopping_patience,10,64,64,14,0.5366235501838453,0.6315605163574218,0.001,64,4,2,128,0.1,32,75,0.0,0.1,10,5,0.5,True,42
early_stopping_patience,10,64,64,15,0.5222811872760454,0.6673340042432149,0.001,64,4,2,128,0.1,32,75,0.0,0.1,10,5,0.5,True,42
early_stopping_patience,10,64,64,16,0.4757914798277797,0.6784853021303813,0.001,64,4,2,128,0.1,32,75,0.0,0.1,10,5,0.5,True,42
early_stopping_patience,10,64,64,17,0.44748832195094135,0.6832997858524322,0.001,64,4,2,128,0.1,32,75,0.0,0.1,10,5,0.5,True,42
early_stopping_patience,10,64,64,18,0.4216446763638294,0.8673035740852356,0.001,64,4,2,128,0.1,32,75,0.0,0.1,10,5,0.5,True,42
early_stopping_patience,10,64,64,19,0.417292104413112,0.7324471394220988,0.001,64,4,2,128,0.1,32,75,0.0,0.1,10,5,0.5,True,42
early_stopping_patience,10,65,65,1,0.6904233260588213,0.6869242072105408,0.001,64,4,2,128,0.1,32,75,0.0,0.1,10,5,0.5,True,42
early_stopping_patience,10,65,65,2,0.673342020222635,0.6529091556866964,0.001,64,4,2,128,0.1,32,75,0.0,0.1,10,5,0.5,True,42
early_stopping_patience,10,65,65,3,0.6463246033950285,0.6179935574531555,0.001,64,4,2,128,0.1,32,75,0.0,0.1,10,5,0.5,True,42
early_stopping_patience,10,65,65,4,0.6381206286676002,0.6257359623908997,0.001,64,4,2,128,0.1,32,75,0.0,0.1,10,5,0.5,True,42
early_stopping_patience,10,65,65,5,0.6181077562046774,0.6363820314407349,0.001,64,4,2,128,0.1,32,75,0.0,0.1,10,5,0.5,True,42
early_stopping_patience,10,65,65,6,0.6128428876399994,0.6200489461421966,0.001,64,4,2,128,0.1,32,75,0.0,0.1,10,5,0.5,True,42
early_stopping_patience,10,65,65,7,0.6057651876048609,0.6566061715284983,0.001,64,4,2,128,0.1,32,75,0.0,0.1,10,5,0.5,True,42
early_stopping_patience,10,65,65,8,0.5911238475730924,0.627053294579188,0.001,64,4,2,128,0.1,32,75,0.0,0.1,10,5,0.5,True,42
early_stopping_patience,10,65,65,9,0.582409620059259,0.6300189594427744,0.001,64,4,2,128,0.1,32,75,0.0,0.1,10,5,0.5,True,42
early_stopping_patience,10,65,65,10,0.5493161457054543,0.6191749552885691,0.001,64,4,2,128,0.1,32,75,0.0,0.1,10,5,0.5,True,42
early_stopping_patience,10,65,65,11,0.5309891824920973,0.6124764561653138,0.001,64,4,2,128,0.1,32,75,0.0,0.1,10,5,0.5,True,42
early_stopping_patience,10,65,65,12,0.5080711473569726,0.635895025730133,0.001,64,4,2,128,0.1,32,75,0.0,0.1,10,5,0.5,True,42
early_stopping_patience,10,65,65,13,0.4913842635172786,0.667888464530309,0.001,64,4,2,128,0.1,32,75,0.0,0.1,10,5,0.5,True,42
early_stopping_patience,10,65,65,14,0.4700580912105965,0.6948676427205404,0.001,64,4,2,128,0.1,32,75,0.0,0.1,10,5,0.5,True,42
early_stopping_patience,10,65,65,15,0.45829594282038283,0.6988393187522888,0.001,64,4,2,128,0.1,32,75,0.0,0.1,10,5,0.5,True,42
early_stopping_patience,10,65,65,16,0.43948131280414987,0.7199407875537872,0.001,64,4,2,128,0.1,32,75,0.0,0.1,10,5,0.5,True,42
early_stopping_patience,10,65,65,17,0.4153661525836497,0.7991211414337158,0.001,64,4,2,128,0.1,32,75,0.0,0.1,10,5,0.5,True,42
early_stopping_patience,10,65,65,18,0.3758272471075708,0.8493175764878591,0.001,64,4,2,128,0.1,32,75,0.0,0.1,10,5,0.5,True,42
early_stopping_patience,10,65,65,19,0.35725976379983354,0.8637190063794454,0.001,64,4,2,128,0.1,32,75,0.0,0.1,10,5,0.5,True,42
early_stopping_patience,10,65,65,20,0.34772461426980567,0.8481289247671763,0.001,64,4,2,128,0.1,32,75,0.0,0.1,10,5,0.5,True,42
early_stopping_patience,10,65,65,21,0.3346860753090093,0.891258551677068,0.001,64,4,2,128,0.1,32,75,0.0,0.1,10,5,0.5,True,42
early_stopping_patience,10,66,66,1,0.7013881626454267,0.6844158848126729,0.001,64,4,2,128,0.1,32,75,0.0,0.1,10,5,0.5,True,42
early_stopping_patience,10,66,66,2,0.6698826971379194,0.670527994632721,0.001,64,4,2,128,0.1,32,75,0.0,0.1,10,5,0.5,True,42
early_stopping_patience,10,66,66,3,0.6478400961919264,0.6589922348658244,0.001,64,4,2,128,0.1,32,75,0.0,0.1,10,5,0.5,True,42
early_stopping_patience,10,66,66,4,0.6324850237279227,0.6453593413035075,0.001,64,4,2,128,0.1,32,75,0.0,0.1,10,5,0.5,True,42
early_stopping_patience,10,66,66,5,0.6205475799965136,0.6536261041959127,0.001,64,4,2,128,0.1,32,75,0.0,0.1,10,5,0.5,True,42
early_stopping_patience,10,66,66,6,0.6203946841485573,0.6348174969355266,0.001,64,4,2,128,0.1,32,75,0.0,0.1,10,5,0.5,True,42
early_stopping_patience,10,66,66,7,0.6076028888875787,0.6657796303431193,0.001,64,4,2,128,0.1,32,75,0.0,0.1,10,5,0.5,True,42
early_stopping_patience,10,66,66,8,0.59740969990239,0.6757404625415802,0.001,64,4,2,128,0.1,32,75,0.0,0.1,10,5,0.5,True,42
early_stopping_patience,10,66,66,9,0.5925697731700811,0.7023026843865713,0.001,64,4,2,128,0.1,32,75,0.0,0.1,10,5,0.5,True,42
early_stopping_patience,10,66,66,10,0.5806398567828265,0.6588964819908142,0.001,64,4,2,128,0.1,32,75,0.0,0.1,10,5,0.5,True,42
early_stopping_patience,10,66,66,11,0.5690282729990555,0.7656287252902985,0.001,64,4,2,128,0.1,32,75,0.0,0.1,10,5,0.5,True,42
early_stopping_patience,10,66,66,12,0.5661892820939873,0.6710148811340332,0.001,64,4,2,128,0.1,32,75,0.0,0.1,10,5,0.5,True,42
early_stopping_patience,10,66,66,13,0.514543980134256,0.6869813958803813,0.001,64,4,2,128,0.1,32,75,0.0,0.1,10,5,0.5,True,42
early_stopping_patience,10,66,66,14,0.5025021734111237,0.6698779841264089,0.001,64,4,2,128,0.1,32,75,0.0,0.1,10,5,0.5,True,42
early_stopping_patience,10,66,66,15,0.47280680613987375,0.7949463446935018,0.001,64,4,2,128,0.1,32,75,0.0,0.1,10,5,0.5,True,42
early_stopping_patience,10,66,66,16,0.4666782813993367,0.7399093270301819,0.001,64,4,2,128,0.1,32,75,0.0,0.1,10,5,0.5,True,42
early_stopping_patience,10,67,67,1,0.696682148810589,0.678700852394104,0.001,64,4,2,128,0.1,32,75,0.0,0.1,10,5,0.5,True,42
early_stopping_patience,10,67,67,2,0.6700181333404599,0.6568571408589681,0.001,64,4,2,128,0.1,32,75,0.0,0.1,10,5,0.5,True,42
early_stopping_patience,10,67,67,3,0.6458057440591581,0.6939322372277578,0.001,64,4,2,128,0.1,32,75,0.0,0.1,10,5,0.5,True,42
early_stopping_patience,10,67,67,4,0.6337867207599409,0.6411170780658721,0.001,64,4,2,128,0.1,32,75,0.0,0.1,10,5,0.5,True,42
early_stopping_patience,10,67,67,5,0.6297130997885357,0.6425979793071747,0.001,64,4,2,128,0.1,32,75,0.0,0.1,10,5,0.5,True,42
early_stopping_patience,10,67,67,6,0.6237891221588309,0.6361542403697967,0.001,64,4,2,128,0.1,32,75,0.0,0.1,10,5,0.5,True,42
early_stopping_patience,10,67,67,7,0.6002539798165812,0.6554138978322347,0.001,64,4,2,128,0.1,32,75,0.0,0.1,10,5,0.5,True,42
early_stopping_patience,10,67,67,8,0.595187563562032,0.6527313272158305,0.001,64,4,2,128,0.1,32,75,0.0,0.1,10,5,0.5,True,42
early_stopping_patience,10,67,67,9,0.5783761161746401,0.6443567395210266,0.001,64,4,2,128,0.1,32,75,0.0,0.1,10,5,0.5,True,42
early_stopping_patience,10,67,67,10,0.570222519338131,0.6475625256697337,0.001,64,4,2,128,0.1,32,75,0.0,0.1,10,5,0.5,True,42
early_stopping_patience,10,67,67,11,0.5569089265032248,0.6934325555960338,0.001,64,4,2,128,0.1,32,75,0.0,0.1,10,5,0.5,True,42
early_stopping_patience,10,67,67,12,0.5325635789018689,0.6646453082561493,0.001,64,4,2,128,0.1,32,75,0.0,0.1,10,5,0.5,True,42
early_stopping_patience,10,67,67,13,0.48771816153417935,0.7134489754835764,0.001,64,4,2,128,0.1,32,75,0.0,0.1,10,5,0.5,True,42
early_stopping_patience,10,67,67,14,0.4616061575484998,0.7241853257020314,0.001,64,4,2,128,0.1,32,75,0.0,0.1,10,5,0.5,True,42
early_stopping_patience,10,67,67,15,0.4353456005002513,0.7769971112410228,0.001,64,4,2,128,0.1,32,75,0.0,0.1,10,5,0.5,True,42
early_stopping_patience,10,67,67,16,0.41673332768859284,0.7843966126441956,0.001,64,4,2,128,0.1,32,75,0.0,0.1,10,5,0.5,True,42
early_stopping_patience,10,68,68,1,0.6918995434587653,0.6662614266077678,0.001,64,4,2,128,0.1,32,75,0.0,0.1,10,5,0.5,True,42
early_stopping_patience,10,68,68,2,0.6657108488408002,0.643593450387319,0.001,64,4,2,128,0.1,32,75,0.0,0.1,10,5,0.5,True,42
early_stopping_patience,10,68,68,3,0.6359029407754089,0.6257638772328694,0.001,64,4,2,128,0.1,32,75,0.0,0.1,10,5,0.5,True,42
early_stopping_patience,10,68,68,4,0.6239227686416019,0.6379995306332906,0.001,64,4,2,128,0.1,32,75,0.0,0.1,10,5,0.5,True,42
early_stopping_patience,10,68,68,5,0.6149247999895703,0.673544192314148,0.001,64,4,2,128,0.1,32,75,0.0,0.1,10,5,0.5,True,42
early_stopping_patience,10,68,68,6,0.5998372184959325,0.6353992859522501,0.001,64,4,2,128,0.1,32,75,0.0,0.1,10,5,0.5,True,42
early_stopping_patience,10,68,68,7,0.5928367602102684,0.625003977616628,0.001,64,4,2,128,0.1,32,75,0.0,0.1,10,5,0.5,True,42
early_stopping_patience,10,68,68,8,0.5804979241255558,0.6261891484260559,0.001,64,4,2,128,0.1,32,75,0.0,0.1,10,5,0.5,True,42
early_stopping_patience,10,68,68,9,0.577736455608498,0.6581785500049591,0.001,64,4,2,128,0.1,32,75,0.0,0.1,10,5,0.5,True,42
early_stopping_patience,10,68,68,10,0.5582961397189082,0.6975969652334849,0.001,64,4,2,128,0.1,32,75,0.0,0.1,10,5,0.5,True,42
early_stopping_patience,10,68,68,11,0.5432676801627333,0.6485005140304565,0.001,64,4,2,128,0.1,32,75,0.0,0.1,10,5,0.5,True,42
early_stopping_patience,10,68,68,12,0.5305271530241678,0.6374434113502503,0.001,64,4,2,128,0.1,32,75,0.0,0.1,10,5,0.5,True,42
early_stopping_patience,10,68,68,13,0.5206304102232961,0.6788046578566234,0.001,64,4,2,128,0.1,32,75,0.0,0.1,10,5,0.5,True,42
early_stopping_patience,10,68,68,14,0.46485723690553143,0.7183256228764852,0.001,64,4,2,128,0.1,32,75,0.0,0.1,10,5,0.5,True,42
early_stopping_patience,10,68,68,15,0.44598481555779773,0.7494535505771637,0.001,64,4,2,128,0.1,32,75,0.0,0.1,10,5,0.5,True,42
early_stopping_patience,10,68,68,16,0.4253617397537737,0.7763881703217824,0.001,64,4,2,128,0.1,32,75,0.0,0.1,10,5,0.5,True,42
early_stopping_patience,10,68,68,17,0.41244621687766275,0.7987093945344289,0.001,64,4,2,128,0.1,32,75,0.0,0.1,10,5,0.5,True,42
early_stopping_patience,10,69,69,1,0.7015197552514799,0.6960150301456451,0.001,64,4,2,128,0.1,32,75,0.0,0.1,10,5,0.5,True,42
early_stopping_patience,10,69,69,2,0.6649869599125602,0.6345914562543233,0.001,64,4,2,128,0.1,32,75,0.0,0.1,10,5,0.5,True,42
early_stopping_patience,10,69,69,3,0.6440104528358488,0.6226328492164612,0.001,64,4,2,128,0.1,32,75,0.0,0.1,10,5,0.5,True,42
early_stopping_patience,10,69,69,4,0.6188549708687898,0.6226899524529775,0.001,64,4,2,128,0.1,32,75,0.0,0.1,10,5,0.5,True,42
early_stopping_patience,10,69,69,5,0.6242385542753971,0.6247007052103678,0.001,64,4,2,128,0.1,32,75,0.0,0.1,10,5,0.5,True,42
early_stopping_patience,10,69,69,6,0.6117247329516844,0.6385946830113729,0.001,64,4,2,128,0.1,32,75,0.0,0.1,10,5,0.5,True,42
early_stopping_patience,10,69,69,7,0.5984907348950704,0.6332412719726562,0.001,64,4,2,128,0.1,32,75,0.0,0.1,10,5,0.5,True,42
early_stopping_patience,10,69,69,8,0.5931891796715332,0.6122850080331167,0.001,64,4,2,128,0.1,32,75,0.0,0.1,10,5,0.5,True,42
early_stopping_patience,10,69,69,9,0.5866857279430736,0.6369124015172323,0.001,64,4,2,128,0.1,32,75,0.0,0.1,10,5,0.5,True,42
early_stopping_patience,10,69,69,10,0.5719807265382825,0.6302234927813212,0.001,64,4,2,128,0.1,32,75,0.0,0.1,10,5,0.5,True,42
early_stopping_patience,10,69,69,11,0.5653601936770208,0.6313647230466207,0.001,64,4,2,128,0.1,32,75,0.0,0.1,10,5,0.5,True,42
early_stopping_patience,10,69,69,12,0.5526890980474877,0.6490802705287934,0.001,64,4,2,128,0.1,32,75,0.0,0.1,10,5,0.5,True,42
early_stopping_patience,10,69,69,13,0.5330253837235046,0.6541779001553854,0.001,64,4,2,128,0.1,32,75,0.0,0.1,10,5,0.5,True,42
early_stopping_patience,10,69,69,14,0.5181902644760681,0.6613878647486369,0.001,64,4,2,128,0.1,32,75,0.0,0.1,10,5,0.5,True,42
early_stopping_patience,10,69,69,15,0.4599827548319643,0.7264700293540954,0.001,64,4,2,128,0.1,32,75,0.0,0.1,10,5,0.5,True,42
early_stopping_patience,10,69,69,16,0.4353143200278282,0.7543301423390706,0.001,64,4,2,128,0.1,32,75,0.0,0.1,10,5,0.5,True,42
early_stopping_patience,10,69,69,17,0.41725580642620724,0.7730435013771058,0.001,64,4,2,128,0.1,32,75,0.0,0.1,10,5,0.5,True,42
early_stopping_patience,10,69,69,18,0.39781378999804007,0.8801167050997416,0.001,64,4,2,128,0.1,32,75,0.0,0.1,10,5,0.5,True,42
early_stopping_patience,10,70,70,1,0.6876803740407481,0.6701158483823141,0.001,64,4,2,128,0.1,32,75,0.0,0.1,10,5,0.5,True,42
early_stopping_patience,10,70,70,2,0.6590868523626616,0.6604553898175557,0.001,64,4,2,128,0.1,32,75,0.0,0.1,10,5,0.5,True,42
early_stopping_patience,10,70,70,3,0.6313536530642798,0.6393404006958008,0.001,64,4,2,128,0.1,32,75,0.0,0.1,10,5,0.5,True,42
early_stopping_patience,10,70,70,4,0.6110096162918842,0.6329159577687581,0.001,64,4,2,128,0.1,32,75,0.0,0.1,10,5,0.5,True,42
early_stopping_patience,10,70,70,5,0.6070324189283631,0.636683601140976,0.001,64,4,2,128,0.1,32,75,0.0,0.1,10,5,0.5,True,42
early_stopping_patience,10,70,70,6,0.6023837752414473,0.6451761643091838,0.001,64,4,2,128,0.1,32,75,0.0,0.1,10,5,0.5,True,42
early_stopping_patience,10,70,70,7,0.5960346099102136,0.6344570358594258,0.001,64,4,2,128,0.1,32,75,0.0,0.1,10,5,0.5,True,42
early_stopping_patience,10,70,70,8,0.5750315952481646,0.6900589426358541,0.001,64,4,2,128,0.1,32,75,0.0,0.1,10,5,0.5,True,42
early_stopping_patience,10,70,70,9,0.5667932950186007,0.7272429625193279,0.001,64,4,2,128,0.1,32,75,0.0,0.1,10,5,0.5,True,42
early_stopping_patience,10,70,70,10,0.5618638917803764,0.6885841608047485,0.001,64,4,2,128,0.1,32,75,0.0,0.1,10,5,0.5,True,42
early_stopping_patience,10,70,70,11,0.5136507440245512,0.6891334076722463,0.001,64,4,2,128,0.1,32,75,0.0,0.1,10,5,0.5,True,42
early_stopping_patience,10,70,70,12,0.49456277534817206,0.7107878069082896,0.001,64,4,2,128,0.1,32,75,0.0,0.1,10,5,0.5,True,42
early_stopping_patience,10,70,70,13,0.4783235492579865,0.7537497361501058,0.001,64,4,2,128,0.1,32,75,0.0,0.1,10,5,0.5,True,42
early_stopping_patience,10,70,70,14,0.46492208675904706,0.7464245180288951,0.001,64,4,2,128,0.1,32,75,0.0,0.1,10,5,0.5,True,42
early_stopping_patience,10,71,71,1,0.6921459558335218,0.678970726331075,0.001,64,4,2,128,0.1,32,75,0.0,0.1,10,5,0.5,True,42
early_stopping_patience,10,71,71,2,0.6638352979313243,0.6859697024027507,0.001,64,4,2,128,0.1,32,75,0.0,0.1,10,5,0.5,True,42
early_stopping_patience,10,71,71,3,0.6389017389579252,0.643714427947998,0.001,64,4,2,128,0.1,32,75,0.0,0.1,10,5,0.5,True,42
early_stopping_patience,10,71,71,4,0.6279579033002709,0.6785724719365438,0.001,64,4,2,128,0.1,32,75,0.0,0.1,10,5,0.5,True,42
early_stopping_patience,10,71,71,5,0.6207324988914259,0.6337307532628377,0.001,64,4,2,128,0.1,32,75,0.0,0.1,10,5,0.5,True,42
early_stopping_patience,10,71,71,6,0.6099609956145287,0.6330008526643117,0.001,64,4,2,128,0.1,32,75,0.0,0.1,10,5,0.5,True,42
early_stopping_patience,10,71,71,7,0.607992598278956,0.6309166789054871,0.001,64,4,2,128,0.1,32,75,0.0,0.1,10,5,0.5,True,42
early_stopping_patience,10,71,71,8,0.5924870367303039,0.6708003779252371,0.001,64,4,2,128,0.1,32,75,0.0,0.1,10,5,0.5,True,42
early_stopping_patience,10,71,71,9,0.590508464836713,0.6816798508167267,0.001,64,4,2,128,0.1,32,75,0.0,0.1,10,5,0.5,True,42
early_stopping_patience,10,71,71,10,0.5814377880006125,0.6302287260691325,0.001,64,4,2,128,0.1,32,75,0.0,0.1,10,5,0.5,True,42
early_stopping_patience,10,71,71,11,0.5779158138867581,0.6892340362071991,0.001,64,4,2,128,0.1,32,75,0.0,0.1,10,5,0.5,True,42
early_stopping_patience,10,71,71,12,0.5727056951233835,0.6445323824882507,0.001,64,4,2,128,0.1,32,75,0.0,0.1,10,5,0.5,True,42
early_stopping_patience,10,71,71,13,0.5555384262944713,0.640533709526062,0.001,64,4,2,128,0.1,32,75,0.0,0.1,10,5,0.5,True,42
early_stopping_patience,10,71,71,14,0.5362106568434022,0.6873249471187591,0.001,64,4,2,128,0.1,32,75,0.0,0.1,10,5,0.5,True,42
early_stopping_patience,10,71,71,15,0.5318883993860447,0.634353897968928,0.001,64,4,2,128,0.1,32,75,0.0,0.1,10,5,0.5,True,42
early_stopping_patience,10,71,71,16,0.512680244716731,0.6735702554384867,0.001,64,4,2,128,0.1,32,75,0.0,0.1,10,5,0.5,True,42
early_stopping_patience,10,71,71,17,0.4518784404252515,0.6731878956158955,0.001,64,4,2,128,0.1,32,75,0.0,0.1,10,5,0.5,True,42
early_stopping_patience,10,71,71,18,0.42941030340664316,0.7550269484519958,0.001,64,4,2,128,0.1,32,75,0.0,0.1,10,5,0.5,True,42
early_stopping_patience,10,71,71,19,0.408113268853137,0.7257150312264761,0.001,64,4,2,128,0.1,32,75,0.0,0.1,10,5,0.5,True,42
early_stopping_patience,10,71,71,20,0.38001023052316724,0.8340083877245585,0.001,64,4,2,128,0.1,32,75,0.0,0.1,10,5,0.5,True,42
early_stopping_patience,10,72,72,1,0.6902979201439655,0.6784584482510885,0.001,64,4,2,128,0.1,32,75,0.0,0.1,10,5,0.5,True,42
early_stopping_patience,10,72,72,2,0.6579277854074131,0.6529953082402548,0.001,64,4,2,128,0.1,32,75,0.0,0.1,10,5,0.5,True,42
early_stopping_patience,10,72,72,3,0.6419806263663552,0.6456065098444621,0.001,64,4,2,128,0.1,32,75,0.0,0.1,10,5,0.5,True,42
early_stopping_patience,10,72,72,4,0.6206208767764496,0.7014044284820556,0.001,64,4,2,128,0.1,32,75,0.0,0.1,10,5,0.5,True,42
early_stopping_patience,10,72,72,5,0.6167480977195682,0.6562797923882803,0.001,64,4,2,128,0.1,32,75,0.0,0.1,10,5,0.5,True,42
early_stopping_patience,10,72,72,6,0.6139285404122237,0.6307306885719299,0.001,64,4,2,128,0.1,32,75,0.0,0.1,10,5,0.5,True,42
early_stopping_patience,10,72,72,7,0.6000734321547277,0.6374098837375641,0.001,64,4,2,128,0.1,32,75,0.0,0.1,10,5,0.5,True,42
early_stopping_patience,10,72,72,8,0.5923338774027247,0.6521764516830444,0.001,64,4,2,128,0.1,32,75,0.0,0.1,10,5,0.5,True,42
early_stopping_patience,10,72,72,9,0.5856197546377326,0.6594815194606781,0.001,64,4,2,128,0.1,32,75,0.0,0.1,10,5,0.5,True,42
early_stopping_patience,10,72,72,10,0.5760507240439906,0.6376097659269969,0.001,64,4,2,128,0.1,32,75,0.0,0.1,10,5,0.5,True,42
early_stopping_patience,10,72,72,11,0.5637339053280426,0.6450244585673014,0.001,64,4,2,128,0.1,32,75,0.0,0.1,10,5,0.5,True,42
early_stopping_patience,10,72,72,12,0.5491483854976568,0.651643838485082,0.001,64,4,2,128,0.1,32,75,0.0,0.1,10,5,0.5,True,42
early_stopping_patience,10,72,72,13,0.5094064442497311,0.707556798060735,0.001,64,4,2,128,0.1,32,75,0.0,0.1,10,5,0.5,True,42
early_stopping_patience,10,72,72,14,0.4847674568494161,0.7104527731736501,0.001,64,4,2,128,0.1,32,75,0.0,0.1,10,5,0.5,True,42
early_stopping_patience,10,72,72,15,0.46408570851340436,0.7485152602195739,0.001,64,4,2,128,0.1,32,75,0.0,0.1,10,5,0.5,True,42
early_stopping_patience,10,72,72,16,0.4541264641465563,0.7694423039754231,0.001,64,4,2,128,0.1,32,75,0.0,0.1,10,5,0.5,True,42
early_stopping_patience,10,73,73,1,0.6872941978050001,0.6785966316858928,0.001,64,4,2,128,0.1,32,75,0.0,0.1,10,5,0.5,True,42
early_stopping_patience,10,73,73,2,0.6510075199784655,0.6472785552342732,0.001,64,4,2,128,0.1,32,75,0.0,0.1,10,5,0.5,True,42
early_stopping_patience,10,73,73,3,0.6296505589376796,0.6634917557239532,0.001,64,4,2,128,0.1,32,75,0.0,0.1,10,5,0.5,True,42
early_stopping_patience,10,73,73,4,0.6302215624036211,0.6296618938446045,0.001,64,4,2,128,0.1,32,75,0.0,0.1,10,5,0.5,True,42
early_stopping_patience,10,73,73,5,0.6184648169261037,0.6298823833465577,0.001,64,4,2,128,0.1,32,75,0.0,0.1,10,5,0.5,True,42
early_stopping_patience,10,73,73,6,0.6150237782434984,0.6273072719573974,0.001,64,4,2,128,0.1,32,75,0.0,0.1,10,5,0.5,True,42
early_stopping_patience,10,73,73,7,0.6029143326661803,0.6209752420584361,0.001,64,4,2,128,0.1,32,75,0.0,0.1,10,5,0.5,True,42
early_stopping_patience,10,73,73,8,0.6000183373689651,0.623493492603302,0.001,64,4,2,128,0.1,32,75,0.0,0.1,10,5,0.5,True,42
early_stopping_patience,10,73,73,9,0.5956304001085686,0.6169817944367727,0.001,64,4,2,128,0.1,32,75,0.0,0.1,10,5,0.5,True,42
early_stopping_patience,10,73,73,10,0.5801536149599336,0.6319176375865936,0.001,64,4,2,128,0.1,32,75,0.0,0.1,10,5,0.5,True,42
early_stopping_patience,10,73,73,11,0.5703098586562908,0.6500782907009125,0.001,64,4,2,128,0.1,32,75,0.0,0.1,10,5,0.5,True,42
early_stopping_patience,10,73,73,12,0.5646435530348257,0.6510989169279734,0.001,64,4,2,128,0.1,32,75,0.0,0.1,10,5,0.5,True,42
early_stopping_patience,10,73,73,13,0.5455735599001249,0.6634179254372915,0.001,64,4,2,128,0.1,32,75,0.0,0.1,10,5,0.5,True,42
early_stopping_patience,10,73,73,14,0.5334030599756674,0.6620397408803304,0.001,64,4,2,128,0.1,32,75,0.0,0.1,10,5,0.5,True,42
early_stopping_patience,10,73,73,15,0.5147816570419254,0.6749420324961345,0.001,64,4,2,128,0.1,32,75,0.0,0.1,10,5,0.5,True,42
early_stopping_patience,10,73,73,16,0.4679263268004764,0.7286974509557088,0.001,64,4,2,128,0.1,32,75,0.0,0.1,10,5,0.5,True,42
early_stopping_patience,10,73,73,17,0.439047049505241,0.7875949382781983,0.001,64,4,2,128,0.1,32,75,0.0,0.1,10,5,0.5,True,42
early_stopping_patience,10,73,73,18,0.4155430809566469,0.781237147251765,0.001,64,4,2,128,0.1,32,75,0.0,0.1,10,5,0.5,True,42
early_stopping_patience,10,73,73,19,0.40002435897335864,0.7829856872558594,0.001,64,4,2,128,0.1,32,75,0.0,0.1,10,5,0.5,True,42
early_stopping_patience,10,74,74,1,0.6895179229252266,0.657971449693044,0.001,64,4,2,128,0.1,32,75,0.0,0.1,10,5,0.5,True,42
early_stopping_patience,10,74,74,2,0.661293651118423,0.635719112555186,0.001,64,4,2,128,0.1,32,75,0.0,0.1,10,5,0.5,True,42
early_stopping_patience,10,74,74,3,0.6397390257228505,0.6262897570927938,0.001,64,4,2,128,0.1,32,75,0.0,0.1,10,5,0.5,True,42
early_stopping_patience,10,74,74,4,0.6279558692917679,0.6230731825033824,0.001,64,4,2,128,0.1,32,75,0.0,0.1,10,5,0.5,True,42
early_stopping_patience,10,74,74,5,0.6182892896009214,0.6244186878204345,0.001,64,4,2,128,0.1,32,75,0.0,0.1,10,5,0.5,True,42
early_stopping_patience,10,74,74,6,0.6057843958789652,0.6153662065664928,0.001,64,4,2,128,0.1,32,75,0.0,0.1,10,5,0.5,True,42
early_stopping_patience,10,74,74,7,0.6032074479894205,0.6103836297988892,0.001,64,4,2,128,0.1,32,75,0.0,0.1,10,5,0.5,True,42
early_stopping_patience,10,74,74,8,0.5920135062752347,0.6121462325255076,0.001,64,4,2,128,0.1,32,75,0.0,0.1,10,5,0.5,True,42
early_stopping_patience,10,74,74,9,0.588203369893811,0.632008695602417,0.001,64,4,2,128,0.1,32,75,0.0,0.1,10,5,0.5,True,42
early_stopping_patience,10,74,74,10,0.575367432877873,0.6321031451225281,0.001,64,4,2,128,0.1,32,75,0.0,0.1,10,5,0.5,True,42
early_stopping_patience,10,74,74,11,0.557438669331146,0.6875682453314463,0.001,64,4,2,128,0.1,32,75,0.0,0.1,10,5,0.5,True,42
early_stopping_patience,10,74,74,12,0.55118034802603,0.6474735120932261,0.001,64,4,2,128,0.1,32,75,0.0,0.1,10,5,0.5,True,42
early_stopping_patience,10,74,74,13,0.5353626197937763,0.6702704767386118,0.001,64,4,2,128,0.1,32,75,0.0,0.1,10,5,0.5,True,42
early_stopping_patience,10,74,74,14,0.48832137860131986,0.6995178461074829,0.001,64,4,2,128,0.1,32,75,0.0,0.1,10,5,0.5,True,42
early_stopping_patience,10,74,74,15,0.45638495525627426,0.7641337215900421,0.001,64,4,2,128,0.1,32,75,0.0,0.1,10,5,0.5,True,42
early_stopping_patience,10,74,74,16,0.4475077133287083,0.7693065067132314,0.001,64,4,2,128,0.1,32,75,0.0,0.1,10,5,0.5,True,42
early_stopping_patience,10,74,74,17,0.42498001941677294,0.7855602204799652,0.001,64,4,2,128,0.1,32,75,0.0,0.1,10,5,0.5,True,42
early_stopping_patience,10,75,75,1,0.6884490648905436,0.6760239283243815,0.001,64,4,2,128,0.1,32,75,0.0,0.1,10,5,0.5,True,42
early_stopping_patience,10,75,75,2,0.6665137473380927,0.6377657016118368,0.001,64,4,2,128,0.1,32,75,0.0,0.1,10,5,0.5,True,42
early_stopping_patience,10,75,75,3,0.6490253300377817,0.6410305440425873,0.001,64,4,2,128,0.1,32,75,0.0,0.1,10,5,0.5,True,42
early_stopping_patience,10,75,75,4,0.6265537305311724,0.6853339831034343,0.001,64,4,2,128,0.1,32,75,0.0,0.1,10,5,0.5,True,42
early_stopping_patience,10,75,75,5,0.6234551471742716,0.6342148780822754,0.001,64,4,2,128,0.1,32,75,0.0,0.1,10,5,0.5,True,42
early_stopping_patience,10,75,75,6,0.6069432858264807,0.6555330594380696,0.001,64,4,2,128,0.1,32,75,0.0,0.1,10,5,0.5,True,42
early_stopping_patience,10,75,75,7,0.5913528650999069,0.6439150849978129,0.001,64,4,2,128,0.1,32,75,0.0,0.1,10,5,0.5,True,42
early_stopping_patience,10,75,75,8,0.5834620775598468,0.6535774032274883,0.001,64,4,2,128,0.1,32,75,0.0,0.1,10,5,0.5,True,42
early_stopping_patience,10,75,75,9,0.5754596155249712,0.6565919657548268,0.001,64,4,2,128,0.1,32,75,0.0,0.1,10,5,0.5,True,42
early_stopping_patience,10,75,75,10,0.5524130632931535,0.6559822201728821,0.001,64,4,2,128,0.1,32,75,0.0,0.1,10,5,0.5,True,42
early_stopping_patience,10,75,75,11,0.5516180960517941,0.6469043453534444,0.001,64,4,2,128,0.1,32,75,0.0,0.1,10,5,0.5,True,42
early_stopping_patience,10,75,75,12,0.5088121231758234,0.7103336334228516,0.001,64,4,2,128,0.1,32,75,0.0,0.1,10,5,0.5,True,42
early_stopping_patience,10,75,75,13,0.4846200918157895,0.7273226320743561,0.001,64,4,2,128,0.1,32,75,0.0,0.1,10,5,0.5,True,42
early_stopping_patience,10,75,75,14,0.46944879029284825,0.7222392439842225,0.001,64,4,2,128,0.1,32,75,0.0,0.1,10,5,0.5,True,42
early_stopping_patience,10,75,75,15,0.45219365349321655,0.7550823191801707,0.001,64,4,2,128,0.1,32,75,0.0,0.1,10,5,0.5,True,42
early_stopping_patience,10,76,76,1,0.697279977979082,0.6824352304140727,0.001,64,4,2,128,0.1,32,75,0.0,0.1,10,5,0.5,True,42
early_stopping_patience,10,76,76,2,0.6662549376487732,0.6550576130549113,0.001,64,4,2,128,0.1,32,75,0.0,0.1,10,5,0.5,True,42
early_stopping_patience,10,76,76,3,0.6475967961278829,0.646080760161082,0.001,64,4,2,128,0.1,32,75,0.0,0.1,10,5,0.5,True,42
early_stopping_patience,10,76,76,4,0.6392162320288745,0.6485252420107523,0.001,64,4,2,128,0.1,32,75,0.0,0.1,10,5,0.5,True,42
early_stopping_patience,10,76,76,5,0.6208999832019662,0.6445334990819295,0.001,64,4,2,128,0.1,32,75,0.0,0.1,10,5,0.5,True,42
early_stopping_patience,10,76,76,6,0.605427810414271,0.633013371626536,0.001,64,4,2,128,0.1,32,75,0.0,0.1,10,5,0.5,True,42
early_stopping_patience,10,76,76,7,0.603199947512511,0.6262094338734945,0.001,64,4,2,128,0.1,32,75,0.0,0.1,10,5,0.5,True,42
early_stopping_patience,10,76,76,8,0.5949295583096418,0.6467997411886851,0.001,64,4,2,128,0.1,32,75,0.0,0.1,10,5,0.5,True,42
early_stopping_patience,10,76,76,9,0.5899123364325726,0.6415263255437215,0.001,64,4,2,128,0.1,32,75,0.0,0.1,10,5,0.5,True,42
early_stopping_patience,10,76,76,10,0.5758384770967744,0.6496299167474111,0.001,64,4,2,128,0.1,32,75,0.0,0.1,10,5,0.5,True,42
early_stopping_patience,10,76,76,11,0.5629076646132902,0.6511430939038595,0.001,64,4,2,128,0.1,32,75,0.0,0.1,10,5,0.5,True,42
early_stopping_patience,10,76,76,12,0.5583879791877486,0.6864313463370005,0.001,64,4,2,128,0.1,32,75,0.0,0.1,10,5,0.5,True,42
early_stopping_patience,10,76,76,13,0.5392016316905166,0.6634381572405498,0.001,64,4,2,128,0.1,32,75,0.0,0.1,10,5,0.5,True,42
early_stopping_patience,10,76,76,14,0.5003558884967457,0.720222411553065,0.001,64,4,2,128,0.1,32,75,0.0,0.1,10,5,0.5,True,42
early_stopping_patience,10,76,76,15,0.473197147927501,0.7341048558553059,0.001,64,4,2,128,0.1,32,75,0.0,0.1,10,5,0.5,True,42
early_stopping_patience,10,76,76,16,0.4594025580268918,0.7903024037679036,0.001,64,4,2,128,0.1,32,75,0.0,0.1,10,5,0.5,True,42
early_stopping_patience,10,76,76,17,0.43310991968169354,0.8602961122989654,0.001,64,4,2,128,0.1,32,75,0.0,0.1,10,5,0.5,True,42
early_stopping_patience,10,77,77,1,0.6973793538230838,0.6952201962471009,0.001,64,4,2,128,0.1,32,75,0.0,0.1,10,5,0.5,True,42
early_stopping_patience,10,77,77,2,0.6666488742286508,0.6660595536231995,0.001,64,4,2,128,0.1,32,75,0.0,0.1,10,5,0.5,True,42
early_stopping_patience,10,77,77,3,0.6475742806990942,0.7327143967151641,0.001,64,4,2,128,0.1,32,75,0.0,0.1,10,5,0.5,True,42
early_stopping_patience,10,77,77,4,0.6366675595442454,0.6576294978459676,0.001,64,4,2,128,0.1,32,75,0.0,0.1,10,5,0.5,True,42
early_stopping_patience,10,77,77,5,0.6192763061685995,0.6745891888936361,0.001,64,4,2,128,0.1,32,75,0.0,0.1,10,5,0.5,True,42
early_stopping_patience,10,77,77,6,0.6112586262099671,0.6567902624607086,0.001,64,4,2,128,0.1,32,75,0.0,0.1,10,5,0.5,True,42
early_stopping_patience,10,77,77,7,0.6063855071410988,0.6683053414026896,0.001,64,4,2,128,0.1,32,75,0.0,0.1,10,5,0.5,True,42
early_stopping_patience,10,77,77,8,0.6023140660289562,0.6822247286637624,0.001,64,4,2,128,0.1,32,75,0.0,0.1,10,5,0.5,True,42
early_stopping_patience,10,77,77,9,0.5912974431659236,0.7453761915365855,0.001,64,4,2,128,0.1,32,75,0.0,0.1,10,5,0.5,True,42
early_stopping_patience,10,77,77,10,0.5834537981586023,0.6518486559391021,0.001,64,4,2,128,0.1,32,75,0.0,0.1,10,5,0.5,True,42
early_stopping_patience,10,77,77,11,0.5631559829820286,0.7031874696413676,0.001,64,4,2,128,0.1,32,75,0.0,0.1,10,5,0.5,True,42
early_stopping_patience,10,77,77,12,0.5622637233499325,0.6504422843456268,0.001,64,4,2,128,0.1,32,75,0.0,0.1,10,5,0.5,True,42
early_stopping_patience,10,77,77,13,0.5375108344085289,0.7268518269062042,0.001,64,4,2,128,0.1,32,75,0.0,0.1,10,5,0.5,True,42
early_stopping_patience,10,77,77,14,0.530712382134163,0.7438681562741597,0.001,64,4,2,128,0.1,32,75,0.0,0.1,10,5,0.5,True,42
early_stopping_patience,10,77,77,15,0.5195160433650017,0.7078996300697327,0.001,64,4,2,128,0.1,32,75,0.0,0.1,10,5,0.5,True,42
early_stopping_patience,10,77,77,16,0.4940230284224857,0.7006797055403392,0.001,64,4,2,128,0.1,32,75,0.0,0.1,10,5,0.5,True,42
early_stopping_patience,10,77,77,17,0.48704482276331296,0.7777343014876048,0.001,64,4,2,128,0.1,32,75,0.0,0.1,10,5,0.5,True,42
early_stopping_patience,10,77,77,18,0.467092831590862,0.8389875213305156,0.001,64,4,2,128,0.1,32,75,0.0,0.1,10,5,0.5,True,42
early_stopping_patience,10,77,77,19,0.4151095413800442,0.85159326394399,0.001,64,4,2,128,0.1,32,75,0.0,0.1,10,5,0.5,True,42
early_stopping_patience,10,77,77,20,0.3890551512665821,0.8466814577579498,0.001,64,4,2,128,0.1,32,75,0.0,0.1,10,5,0.5,True,42
early_stopping_patience,10,77,77,21,0.36264028253428865,0.9660665889581045,0.001,64,4,2,128,0.1,32,75,0.0,0.1,10,5,0.5,True,42
early_stopping_patience,10,77,77,22,0.3325613857896039,0.9568162163098654,0.001,64,4,2,128,0.1,32,75,0.0,0.1,10,5,0.5,True,42
early_stopping_patience,10,78,78,1,0.6964733578038939,0.6926127473513285,0.001,64,4,2,128,0.1,32,75,0.0,0.1,10,5,0.5,True,42
early_stopping_patience,10,78,78,2,0.6632845302422842,0.6561761101086935,0.001,64,4,2,128,0.1,32,75,0.0,0.1,10,5,0.5,True,42
early_stopping_patience,10,78,78,3,0.6420709477229551,0.6346373379230499,0.001,64,4,2,128,0.1,32,75,0.0,0.1,10,5,0.5,True,42
early_stopping_patience,10,78,78,4,0.6271533458070322,0.6273972590764364,0.001,64,4,2,128,0.1,32,75,0.0,0.1,10,5,0.5,True,42
early_stopping_patience,10,78,78,5,0.6060805826476126,0.6239554842313131,0.001,64,4,2,128,0.1,32,75,0.0,0.1,10,5,0.5,True,42
early_stopping_patience,10,78,78,6,0.6037007710247329,0.6533575634161631,0.001,64,4,2,128,0.1,32,75,0.0,0.1,10,5,0.5,True,42
early_stopping_patience,10,78,78,7,0.5981469170162172,0.6271342595418294,0.001,64,4,2,128,0.1,32,75,0.0,0.1,10,5,0.5,True,42
early_stopping_patience,10,78,78,8,0.5876846640850558,0.6609728435675303,0.001,64,4,2,128,0.1,32,75,0.0,0.1,10,5,0.5,True,42
early_stopping_patience,10,78,78,9,0.588977243864175,0.7251606365044911,0.001,64,4,2,128,0.1,32,75,0.0,0.1,10,5,0.5,True,42
early_stopping_patience,10,78,78,10,0.5725629810582508,0.6494801382223765,0.001,64,4,2,128,0.1,32,75,0.0,0.1,10,5,0.5,True,42
early_stopping_patience,10,78,78,11,0.5714497507521601,0.6866062462329865,0.001,64,4,2,128,0.1,32,75,0.0,0.1,10,5,0.5,True,42
early_stopping_patience,10,78,78,12,0.5269362303343686,0.699999479452769,0.001,64,4,2,128,0.1,32,75,0.0,0.1,10,5,0.5,True,42
early_stopping_patience,10,78,78,13,0.5058886835520918,0.6886566817760468,0.001,64,4,2,128,0.1,32,75,0.0,0.1,10,5,0.5,True,42
early_stopping_patience,10,78,78,14,0.4871559635256276,0.7026428242524465,0.001,64,4,2,128,0.1,32,75,0.0,0.1,10,5,0.5,True,42
early_stopping_patience,10,78,78,15,0.46739554766452673,0.7235797206560771,0.001,64,4,2,128,0.1,32,75,0.0,0.1,10,5,0.5,True,42
early_stopping_patience,10,79,79,1,0.6950090328852335,0.6790567874908447,0.001,64,4,2,128,0.1,32,75,0.0,0.1,10,5,0.5,True,42
early_stopping_patience,10,79,79,2,0.6642453033815731,0.6594730814297994,0.001,64,4,2,128,0.1,32,75,0.0,0.1,10,5,0.5,True,42
early_stopping_patience,10,79,79,3,0.6451411687514998,0.6470499257246654,0.001,64,4,2,128,0.1,32,75,0.0,0.1,10,5,0.5,True,42
early_stopping_patience,10,79,79,4,0.6291637244549665,0.6464972257614136,0.001,64,4,2,128,0.1,32,75,0.0,0.1,10,5,0.5,True,42
early_stopping_patience,10,79,79,5,0.6263607774268497,0.6315121491750081,0.001,64,4,2,128,0.1,32,75,0.0,0.1,10,5,0.5,True,42
early_stopping_patience,10,79,79,6,0.6049866773413889,0.7058072884877523,0.001,64,4,2,128,0.1,32,75,0.0,0.1,10,5,0.5,True,42
early_stopping_patience,10,79,79,7,0.6114549781336929,0.6330522934595744,0.001,64,4,2,128,0.1,32,75,0.0,0.1,10,5,0.5,True,42
early_stopping_patience,10,79,79,8,0.5881233567541296,0.621269824107488,0.001,64,4,2,128,0.1,32,75,0.0,0.1,10,5,0.5,True,42
early_stopping_patience,10,79,79,9,0.5832296826622703,0.6602540989716847,0.001,64,4,2,128,0.1,32,75,0.0,0.1,10,5,0.5,True,42
early_stopping_patience,10,79,79,10,0.5753053298050707,0.6326255957285564,0.001,64,4,2,128,0.1,32,75,0.0,0.1,10,5,0.5,True,42
early_stopping_patience,10,79,79,11,0.5661210862524582,0.6462656696637471,0.001,64,4,2,128,0.1,32,75,0.0,0.1,10,5,0.5,True,42
early_stopping_patience,10,79,79,12,0.550453116496404,0.7110692739486695,0.001,64,4,2,128,0.1,32,75,0.0,0.1,10,5,0.5,True,42
early_stopping_patience,10,79,79,13,0.5353060159267802,0.6709044496218364,0.001,64,4,2,128,0.1,32,75,0.0,0.1,10,5,0.5,True,42
early_stopping_patience,10,79,79,14,0.5293978850046793,0.6697610596815745,0.001,64,4,2,128,0.1,32,75,0.0,0.1,10,5,0.5,True,42
early_stopping_patience,10,79,79,15,0.46918677628943417,0.7278683602809906,0.001,64,4,2,128,0.1,32,75,0.0,0.1,10,5,0.5,True,42
early_stopping_patience,10,79,79,16,0.4381461986763911,0.707249927520752,0.001,64,4,2,128,0.1,32,75,0.0,0.1,10,5,0.5,True,42
early_stopping_patience,10,79,79,17,0.41756891752734326,0.7940939386685689,0.001,64,4,2,128,0.1,32,75,0.0,0.1,10,5,0.5,True,42
early_stopping_patience,10,79,79,18,0.4031455412958608,0.8737377603848775,0.001,64,4,2,128,0.1,32,75,0.0,0.1,10,5,0.5,True,42
early_stopping_patience,10,80,80,1,0.6983323359128201,0.6772798260052999,0.001,64,4,2,128,0.1,32,75,0.0,0.1,10,5,0.5,True,42
early_stopping_patience,10,80,80,2,0.6621384494232408,0.6934150874614715,0.001,64,4,2,128,0.1,32,75,0.0,0.1,10,5,0.5,True,42
early_stopping_patience,10,80,80,3,0.641723248091611,0.6475590527057647,0.001,64,4,2,128,0.1,32,75,0.0,0.1,10,5,0.5,True,42
early_stopping_patience,10,80,80,4,0.6231621196775725,0.6512751658757527,0.001,64,4,2,128,0.1,32,75,0.0,0.1,10,5,0.5,True,42
early_stopping_patience,10,80,80,5,0.6185598723364599,0.6341704885164897,0.001,64,4,2,128,0.1,32,75,0.0,0.1,10,5,0.5,True,42
early_stopping_patience,10,80,80,6,0.6105643743366906,0.6236954847971599,0.001,64,4,2,128,0.1,32,75,0.0,0.1,10,5,0.5,True,42
early_stopping_patience,10,80,80,7,0.6085925991788055,0.6206249336401621,0.001,64,4,2,128,0.1,32,75,0.0,0.1,10,5,0.5,True,42
early_stopping_patience,10,80,80,8,0.5884032850012635,0.6309628963470459,0.001,64,4,2,128,0.1,32,75,0.0,0.1,10,5,0.5,True,42
early_stopping_patience,10,80,80,9,0.5848987012198477,0.6309834818045298,0.001,64,4,2,128,0.1,32,75,0.0,0.1,10,5,0.5,True,42
early_stopping_patience,10,80,80,10,0.5744762662233729,0.6612669388453166,0.001,64,4,2,128,0.1,32,75,0.0,0.1,10,5,0.5,True,42
early_stopping_patience,10,80,80,11,0.5608942781885465,0.6304310739040375,0.001,64,4,2,128,0.1,32,75,0.0,0.1,10,5,0.5,True,42
early_stopping_patience,10,80,80,12,0.5496002297961351,0.688830961783727,0.001,64,4,2,128,0.1,32,75,0.0,0.1,10,5,0.5,True,42
early_stopping_patience,10,80,80,13,0.5343330798275543,0.6732455412546794,0.001,64,4,2,128,0.1,32,75,0.0,0.1,10,5,0.5,True,42
early_stopping_patience,10,80,80,14,0.4954576406515006,0.6801286121209462,0.001,64,4,2,128,0.1,32,75,0.0,0.1,10,5,0.5,True,42
early_stopping_patience,10,80,80,15,0.47395561364564026,0.7023354828357696,0.001,64,4,2,128,0.1,32,75,0.0,0.1,10,5,0.5,True,42
early_stopping_patience,10,80,80,16,0.45806190258625784,0.7208548168341319,0.001,64,4,2,128,0.1,32,75,0.0,0.1,10,5,0.5,True,42
early_stopping_patience,10,80,80,17,0.4307402022408717,0.7222087442874908,0.001,64,4,2,128,0.1,32,75,0.0,0.1,10,5,0.5,True,42
early_stopping_patience,10,81,81,1,0.6861813826994463,0.6708936889966329,0.001,64,4,2,128,0.1,32,75,0.0,0.1,10,5,0.5,True,42
early_stopping_patience,10,81,81,2,0.6532357344121644,0.6520615458488465,0.001,64,4,2,128,0.1,32,75,0.0,0.1,10,5,0.5,True,42
early_stopping_patience,10,81,81,3,0.6368749823534128,0.6468411366144816,0.001,64,4,2,128,0.1,32,75,0.0,0.1,10,5,0.5,True,42
early_stopping_patience,10,81,81,4,0.6249862762563156,0.6497671047846476,0.001,64,4,2,128,0.1,32,75,0.0,0.1,10,5,0.5,True,42
early_stopping_patience,10,81,81,5,0.6133890438712004,0.6448779582977295,0.001,64,4,2,128,0.1,32,75,0.0,0.1,10,5,0.5,True,42
early_stopping_patience,10,81,81,6,0.6077879134452704,0.6343776126702626,0.001,64,4,2,128,0.1,32,75,0.0,0.1,10,5,0.5,True,42
early_stopping_patience,10,81,81,7,0.6084963421929966,0.6300955692927043,0.001,64,4,2,128,0.1,32,75,0.0,0.1,10,5,0.5,True,42
early_stopping_patience,10,81,81,8,0.5900518517151023,0.6573866188526154,0.001,64,4,2,128,0.1,32,75,0.0,0.1,10,5,0.5,True,42
early_stopping_patience,10,81,81,9,0.5883632365501288,0.6271328846613566,0.001,64,4,2,128,0.1,32,75,0.0,0.1,10,5,0.5,True,42
early_stopping_patience,10,81,81,10,0.5757495566751017,0.6409864664077759,0.001,64,4,2,128,0.1,32,75,0.0,0.1,10,5,0.5,True,42
early_stopping_patience,10,81,81,11,0.5616319606249983,0.6676872154076894,0.001,64,4,2,128,0.1,32,75,0.0,0.1,10,5,0.5,True,42
early_stopping_patience,10,81,81,12,0.5549336423476537,0.6915710906187693,0.001,64,4,2,128,0.1,32,75,0.0,0.1,10,5,0.5,True,42
early_stopping_patience,10,81,81,13,0.5455429064053477,0.6574530760447185,0.001,64,4,2,128,0.1,32,75,0.0,0.1,10,5,0.5,True,42
early_stopping_patience,10,81,81,14,0.5314491901433829,0.6641223351160686,0.001,64,4,2,128,0.1,32,75,0.0,0.1,10,5,0.5,True,42
early_stopping_patience,10,81,81,15,0.5041774400707447,0.66101154088974,0.001,64,4,2,128,0.1,32,75,0.0,0.1,10,5,0.5,True,42
early_stopping_patience,10,81,81,16,0.4580512683499943,0.7163623889287313,0.001,64,4,2,128,0.1,32,75,0.0,0.1,10,5,0.5,True,42
early_stopping_patience,10,81,81,17,0.42733346749887324,0.7810398618380229,0.001,64,4,2,128,0.1,32,75,0.0,0.1,10,5,0.5,True,42
early_stopping_patience,10,81,81,18,0.40834845421892224,0.7460122148195902,0.001,64,4,2,128,0.1,32,75,0.0,0.1,10,5,0.5,True,42
early_stopping_patience,10,81,81,19,0.39218489001646184,0.832854708035787,0.001,64,4,2,128,0.1,32,75,0.0,0.1,10,5,0.5,True,42
early_stopping_patience,10,82,82,1,0.6975495327602733,0.7107134203116099,0.001,64,4,2,128,0.1,32,75,0.0,0.1,10,5,0.5,True,42
early_stopping_patience,10,82,82,2,0.6677586901368517,0.6497856775919596,0.001,64,4,2,128,0.1,32,75,0.0,0.1,10,5,0.5,True,42
early_stopping_patience,10,82,82,3,0.6563090372717741,0.6586535612742106,0.001,64,4,2,128,0.1,32,75,0.0,0.1,10,5,0.5,True,42
early_stopping_patience,10,82,82,4,0.6449842891006758,0.6352352460225423,0.001,64,4,2,128,0.1,32,75,0.0,0.1,10,5,0.5,True,42
early_stopping_patience,10,82,82,5,0.6208483529361811,0.6331464330355326,0.001,64,4,2,128,0.1,32,75,0.0,0.1,10,5,0.5,True,42
early_stopping_patience,10,82,82,6,0.6062799823103528,0.6517476995786031,0.001,64,4,2,128,0.1,32,75,0.0,0.1,10,5,0.5,True,42
early_stopping_patience,10,82,82,7,0.6007966033437036,0.6524500926335652,0.001,64,4,2,128,0.1,32,75,0.0,0.1,10,5,0.5,True,42
early_stopping_patience,10,82,82,8,0.6048732865037341,0.6303638954957326,0.001,64,4,2,128,0.1,32,75,0.0,0.1,10,5,0.5,True,42
early_stopping_patience,10,82,82,9,0.5828843943097375,0.6274099051952362,0.001,64,4,2,128,0.1,32,75,0.0,0.1,10,5,0.5,True,42
early_stopping_patience,10,82,82,10,0.5790367097114072,0.6313823123772939,0.001,64,4,2,128,0.1,32,75,0.0,0.1,10,5,0.5,True,42
early_stopping_patience,10,82,82,11,0.573539066043767,0.6380343516667684,0.001,64,4,2,128,0.1,32,75,0.0,0.1,10,5,0.5,True,42
early_stopping_patience,10,82,82,12,0.5516862629941015,0.7168613235155742,0.001,64,4,2,128,0.1,32,75,0.0,0.1,10,5,0.5,True,42
early_stopping_patience,10,82,82,13,0.5410132184624672,0.6480578005313873,0.001,64,4,2,128,0.1,32,75,0.0,0.1,10,5,0.5,True,42
early_stopping_patience,10,82,82,14,0.532277640293945,0.6390309870243073,0.001,64,4,2,128,0.1,32,75,0.0,0.1,10,5,0.5,True,42
early_stopping_patience,10,82,82,15,0.5164786563678221,0.6422123730182647,0.001,64,4,2,128,0.1,32,75,0.0,0.1,10,5,0.5,True,42
early_stopping_patience,10,82,82,16,0.4675501930442723,0.7038108984629313,0.001,64,4,2,128,0.1,32,75,0.0,0.1,10,5,0.5,True,42
early_stopping_patience,10,82,82,17,0.4386753947897391,0.7227813839912415,0.001,64,4,2,128,0.1,32,75,0.0,0.1,10,5,0.5,True,42
early_stopping_patience,10,82,82,18,0.42568420900991466,0.7418344855308533,0.001,64,4,2,128,0.1,32,75,0.0,0.1,10,5,0.5,True,42
early_stopping_patience,10,82,82,19,0.4026936141378952,0.7486580868562063,0.001,64,4,2,128,0.1,32,75,0.0,0.1,10,5,0.5,True,42
early_stopping_patience,10,83,83,1,0.6946736063921091,0.6747439940770467,0.001,64,4,2,128,0.1,32,75,0.0,0.1,10,5,0.5,True,42
early_stopping_patience,10,83,83,2,0.673984351031708,0.6526878595352172,0.001,64,4,2,128,0.1,32,75,0.0,0.1,10,5,0.5,True,42
early_stopping_patience,10,83,83,3,0.6559761767134522,0.6511740823586781,0.001,64,4,2,128,0.1,32,75,0.0,0.1,10,5,0.5,True,42
early_stopping_patience,10,83,83,4,0.6560088608301047,0.6400133808453877,0.001,64,4,2,128,0.1,32,75,0.0,0.1,10,5,0.5,True,42
early_stopping_patience,10,83,83,5,0.6396083405072038,0.6425865213076274,0.001,64,4,2,128,0.1,32,75,0.0,0.1,10,5,0.5,True,42
early_stopping_patience,10,83,83,6,0.6257235967751705,0.6387218356132507,0.001,64,4,2,128,0.1,32,75,0.0,0.1,10,5,0.5,True,42
early_stopping_patience,10,83,83,7,0.6135486926544796,0.6261717240015666,0.001,64,4,2,128,0.1,32,75,0.0,0.1,10,5,0.5,True,42
early_stopping_patience,10,83,83,8,0.6130908106764158,0.6205090006192525,0.001,64,4,2,128,0.1,32,75,0.0,0.1,10,5,0.5,True,42
early_stopping_patience,10,83,83,9,0.598592083336729,0.6347996334234873,0.001,64,4,2,128,0.1,32,75,0.0,0.1,10,5,0.5,True,42
early_stopping_patience,10,83,83,10,0.5940974379579226,0.6262676358222962,0.001,64,4,2,128,0.1,32,75,0.0,0.1,10,5,0.5,True,42
early_stopping_patience,10,83,83,11,0.5862621427936987,0.7366498072942098,0.001,64,4,2,128,0.1,32,75,0.0,0.1,10,5,0.5,True,42
early_stopping_patience,10,83,83,12,0.5753259155334849,0.6485389590263366,0.001,64,4,2,128,0.1,32,75,0.0,0.1,10,5,0.5,True,42
early_stopping_patience,10,83,83,13,0.5582044781609015,0.6376425107320149,0.001,64,4,2,128,0.1,32,75,0.0,0.1,10,5,0.5,True,42
early_stopping_patience,10,83,83,14,0.5438612848520279,0.6379901607831319,0.001,64,4,2,128,0.1,32,75,0.0,0.1,10,5,0.5,True,42
early_stopping_patience,10,83,83,15,0.5004080380454208,0.6792554517587026,0.001,64,4,2,128,0.1,32,75,0.0,0.1,10,5,0.5,True,42
early_stopping_patience,10,83,83,16,0.48531127563028625,0.6823428988456726,0.001,64,4,2,128,0.1,32,75,0.0,0.1,10,5,0.5,True,42
early_stopping_patience,10,83,83,17,0.4562479235006101,0.7068375031153361,0.001,64,4,2,128,0.1,32,75,0.0,0.1,10,5,0.5,True,42
early_stopping_patience,10,83,83,18,0.43110475395665027,0.8079359809557597,0.001,64,4,2,128,0.1,32,75,0.0,0.1,10,5,0.5,True,42
early_stopping_patience,10,84,84,1,0.6955962140451778,0.6785163879394531,0.001,64,4,2,128,0.1,32,75,0.0,0.1,10,5,0.5,True,42
early_stopping_patience,10,84,84,2,0.660983916033398,0.6522873799006145,0.001,64,4,2,128,0.1,32,75,0.0,0.1,10,5,0.5,True,42
early_stopping_patience,10,84,84,3,0.6376071694222364,0.6276349445184072,0.001,64,4,2,128,0.1,32,75,0.0,0.1,10,5,0.5,True,42
early_stopping_patience,10,84,84,4,0.6253991124756408,0.6197214563687642,0.001,64,4,2,128,0.1,32,75,0.0,0.1,10,5,0.5,True,42
early_stopping_patience,10,84,84,5,0.6207858082471471,0.6252386172612509,0.001,64,4,2,128,0.1,32,75,0.0,0.1,10,5,0.5,True,42
early_stopping_patience,10,84,84,6,0.6053933173869596,0.6362951119740804,0.001,64,4,2,128,0.1,32,75,0.0,0.1,10,5,0.5,True,42
early_stopping_patience,10,84,84,7,0.5937362604520537,0.6339570164680481,0.001,64,4,2,128,0.1,32,75,0.0,0.1,10,5,0.5,True,42
early_stopping_patience,10,84,84,8,0.5832728847409739,0.7160705685615539,0.001,64,4,2,128,0.1,32,75,0.0,0.1,10,5,0.5,True,42
early_stopping_patience,10,84,84,9,0.5723990125186516,0.6408865372339885,0.001,64,4,2,128,0.1,32,75,0.0,0.1,10,5,0.5,True,42
early_stopping_patience,10,84,84,10,0.5630395877541918,0.655997614065806,0.001,64,4,2,128,0.1,32,75,0.0,0.1,10,5,0.5,True,42
early_stopping_patience,10,84,84,11,0.5270728118943445,0.6813233315944671,0.001,64,4,2,128,0.1,32,75,0.0,0.1,10,5,0.5,True,42
early_stopping_patience,10,84,84,12,0.5107043916077325,0.6613072554270426,0.001,64,4,2,128,0.1,32,75,0.0,0.1,10,5,0.5,True,42
early_stopping_patience,10,84,84,13,0.4860251410440965,0.737740574280421,0.001,64,4,2,128,0.1,32,75,0.0,0.1,10,5,0.5,True,42
early_stopping_patience,10,84,84,14,0.4880301724329139,0.7097327689329783,0.001,64,4,2,128,0.1,32,75,0.0,0.1,10,5,0.5,True,42
early_stopping_patience,10,85,85,1,0.6925454622868336,0.6746130665143331,0.001,64,4,2,128,0.1,32,75,0.0,0.1,10,5,0.5,True,42
early_stopping_patience,10,85,85,2,0.6708514685883666,0.6467859824498494,0.001,64,4,2,128,0.1,32,75,0.0,0.1,10,5,0.5,True,42
early_stopping_patience,10,85,85,3,0.649808888634046,0.6783494830131531,0.001,64,4,2,128,0.1,32,75,0.0,0.1,10,5,0.5,True,42
early_stopping_patience,10,85,85,4,0.637244722608364,0.6461271981398264,0.001,64,4,2,128,0.1,32,75,0.0,0.1,10,5,0.5,True,42
early_stopping_patience,10,85,85,5,0.624191681543986,0.6316606899102529,0.001,64,4,2,128,0.1,32,75,0.0,0.1,10,5,0.5,True,42
early_stopping_patience,10,85,85,6,0.615994774482467,0.6281737963358561,0.001,64,4,2,128,0.1,32,75,0.0,0.1,10,5,0.5,True,42
early_stopping_patience,10,85,85,7,0.6091652051969008,0.6281368533770243,0.001,64,4,2,128,0.1,32,75,0.0,0.1,10,5,0.5,True,42
early_stopping_patience,10,85,85,8,0.60116027363322,0.645413859685262,0.001,64,4,2,128,0.1,32,75,0.0,0.1,10,5,0.5,True,42
early_stopping_patience,10,85,85,9,0.5934414793596123,0.6447829465071361,0.001,64,4,2,128,0.1,32,75,0.0,0.1,10,5,0.5,True,42
early_stopping_patience,10,85,85,10,0.5841225293098073,0.6442916393280029,0.001,64,4,2,128,0.1,32,75,0.0,0.1,10,5,0.5,True,42
early_stopping_patience,10,85,85,11,0.5750487794478735,0.6896724879741669,0.001,64,4,2,128,0.1,32,75,0.0,0.1,10,5,0.5,True,42
early_stopping_patience,10,85,85,12,0.5635040650765101,0.6537756443023681,0.001,64,4,2,128,0.1,32,75,0.0,0.1,10,5,0.5,True,42
early_stopping_patience,10,85,85,13,0.5211905895760565,0.6924405097961426,0.001,64,4,2,128,0.1,32,75,0.0,0.1,10,5,0.5,True,42
early_stopping_patience,10,85,85,14,0.5106687419342272,0.7103726108868916,0.001,64,4,2,128,0.1,32,75,0.0,0.1,10,5,0.5,True,42
early_stopping_patience,10,85,85,15,0.49647779220884497,0.6932354986667633,0.001,64,4,2,128,0.1,32,75,0.0,0.1,10,5,0.5,True,42
early_stopping_patience,10,85,85,16,0.474748509851369,0.6948170443375905,0.001,64,4,2,128,0.1,32,75,0.0,0.1,10,5,0.5,True,42
early_stopping_patience,10,85,85,17,0.46105657958171586,0.6984398484230041,0.001,64,4,2,128,0.1,32,75,0.0,0.1,10,5,0.5,True,42
early_stopping_patience,10,86,86,1,0.6888890040643287,0.6748738388220469,0.001,64,4,2,128,0.1,32,75,0.0,0.1,10,5,0.5,True,42
early_stopping_patience,10,86,86,2,0.6603711942831675,0.6653165777524312,0.001,64,4,2,128,0.1,32,75,0.0,0.1,10,5,0.5,True,42
early_stopping_patience,10,86,86,3,0.6532985107465223,0.6573867261409759,0.001,64,4,2,128,0.1,32,75,0.0,0.1,10,5,0.5,True,42
early_stopping_patience,10,86,86,4,0.6269695603034713,0.6961003224054972,0.001,64,4,2,128,0.1,32,75,0.0,0.1,10,5,0.5,True,42
early_stopping_patience,10,86,86,5,0.6149180506666502,0.6590882480144501,0.001,64,4,2,128,0.1,32,75,0.0,0.1,10,5,0.5,True,42
early_stopping_patience,10,86,86,6,0.6056155397584944,0.645975935459137,0.001,64,4,2,128,0.1,32,75,0.0,0.1,10,5,0.5,True,42
early_stopping_patience,10,86,86,7,0.5982403202038823,0.6415902475516001,0.001,64,4,2,128,0.1,32,75,0.0,0.1,10,5,0.5,True,42
early_stopping_patience,10,86,86,8,0.5791435772270868,0.6347903072834015,0.001,64,4,2,128,0.1,32,75,0.0,0.1,10,5,0.5,True,42
early_stopping_patience,10,86,86,9,0.5684792613892844,0.6813435157140096,0.001,64,4,2,128,0.1,32,75,0.0,0.1,10,5,0.5,True,42
early_stopping_patience,10,86,86,10,0.5468895545963085,0.6984749595324199,0.001,64,4,2,128,0.1,32,75,0.0,0.1,10,5,0.5,True,42
early_stopping_patience,10,86,86,11,0.540738911339731,0.6647495090961456,0.001,64,4,2,128,0.1,32,75,0.0,0.1,10,5,0.5,True,42
early_stopping_patience,10,86,86,12,0.5241411366697514,0.6775939325491588,0.001,64,4,2,128,0.1,32,75,0.0,0.1,10,5,0.5,True,42
early_stopping_patience,10,86,86,13,0.5065502659841017,0.7632672667503357,0.001,64,4,2,128,0.1,32,75,0.0,0.1,10,5,0.5,True,42
early_stopping_patience,10,86,86,14,0.48491984142950084,0.7563057641188303,0.001,64,4,2,128,0.1,32,75,0.0,0.1,10,5,0.5,True,42
early_stopping_patience,10,86,86,15,0.43037240940964583,0.7647046248118082,0.001,64,4,2,128,0.1,32,75,0.0,0.1,10,5,0.5,True,42
early_stopping_patience,10,86,86,16,0.3982452828098427,0.7806489090124766,0.001,64,4,2,128,0.1,32,75,0.0,0.1,10,5,0.5,True,42
early_stopping_patience,10,86,86,17,0.3710732084106315,0.8722770551840464,0.001,64,4,2,128,0.1,32,75,0.0,0.1,10,5,0.5,True,42
early_stopping_patience,10,86,86,18,0.3555567530971585,0.8568026304244996,0.001,64,4,2,128,0.1,32,75,0.0,0.1,10,5,0.5,True,42
early_stopping_patience,10,87,87,1,0.6952358701012351,0.6771244724591573,0.001,64,4,2,128,0.1,32,75,0.0,0.1,10,5,0.5,True,42
early_stopping_patience,10,87,87,2,0.6618726926319527,0.642945404847463,0.001,64,4,2,128,0.1,32,75,0.0,0.1,10,5,0.5,True,42
early_stopping_patience,10,87,87,3,0.6314116409330657,0.6413869122664134,0.001,64,4,2,128,0.1,32,75,0.0,0.1,10,5,0.5,True,42
early_stopping_patience,10,87,87,4,0.6197435011466345,0.630911519130071,0.001,64,4,2,128,0.1,32,75,0.0,0.1,10,5,0.5,True,42
early_stopping_patience,10,87,87,5,0.6092481290300688,0.6130126714706421,0.001,64,4,2,128,0.1,32,75,0.0,0.1,10,5,0.5,True,42
early_stopping_patience,10,87,87,6,0.6092231465560017,0.6237624228000641,0.001,64,4,2,128,0.1,32,75,0.0,0.1,10,5,0.5,True,42
early_stopping_patience,10,87,87,7,0.596380479408033,0.6238843441009522,0.001,64,4,2,128,0.1,32,75,0.0,0.1,10,5,0.5,True,42
early_stopping_patience,10,87,87,8,0.5849354413874222,0.6245876570542653,0.001,64,4,2,128,0.1,32,75,0.0,0.1,10,5,0.5,True,42
early_stopping_patience,10,87,87,9,0.5760572764909628,0.6342456181844075,0.001,64,4,2,128,0.1,32,75,0.0,0.1,10,5,0.5,True,42
early_stopping_patience,10,87,87,10,0.5647848259770509,0.6467498977979024,0.001,64,4,2,128,0.1,32,75,0.0,0.1,10,5,0.5,True,42
early_stopping_patience,10,87,87,11,0.5610566780422673,0.6447158217430115,0.001,64,4,2,128,0.1,32,75,0.0,0.1,10,5,0.5,True,42
early_stopping_patience,10,87,87,12,0.5201004978382227,0.6679268658161164,0.001,64,4,2,128,0.1,32,75,0.0,0.1,10,5,0.5,True,42
early_stopping_patience,10,87,87,13,0.4939495559894677,0.6782998124758403,0.001,64,4,2,128,0.1,32,75,0.0,0.1,10,5,0.5,True,42
early_stopping_patience,10,87,87,14,0.48398904953942157,0.7387271444002788,0.001,64,4,2,128,0.1,32,75,0.0,0.1,10,5,0.5,True,42
early_stopping_patience,10,87,87,15,0.4539287865839221,0.7119101723035176,0.001,64,4,2,128,0.1,32,75,0.0,0.1,10,5,0.5,True,42
early_stopping_patience,10,88,88,1,0.6914681485204985,0.6698608160018921,0.001,64,4,2,128,0.1,32,75,0.0,0.1,10,5,0.5,True,42
early_stopping_patience,10,88,88,2,0.6617433776458105,0.6552740653355916,0.001,64,4,2,128,0.1,32,75,0.0,0.1,10,5,0.5,True,42
early_stopping_patience,10,88,88,3,0.6364316360065432,0.6504541476567586,0.001,64,4,2,128,0.1,32,75,0.0,0.1,10,5,0.5,True,42
early_stopping_patience,10,88,88,4,0.631393285411777,0.6629434406757355,0.001,64,4,2,128,0.1,32,75,0.0,0.1,10,5,0.5,True,42
early_stopping_patience,10,88,88,5,0.6113903721173605,0.6365508794784546,0.001,64,4,2,128,0.1,32,75,0.0,0.1,10,5,0.5,True,42
early_stopping_patience,10,88,88,6,0.6016635210676626,0.6365397651990254,0.001,64,4,2,128,0.1,32,75,0.0,0.1,10,5,0.5,True,42
early_stopping_patience,10,88,88,7,0.5965545572566263,0.6277822454770406,0.001,64,4,2,128,0.1,32,75,0.0,0.1,10,5,0.5,True,42
early_stopping_patience,10,88,88,8,0.5938205195195747,0.6420220613479615,0.001,64,4,2,128,0.1,32,75,0.0,0.1,10,5,0.5,True,42
early_stopping_patience,10,88,88,9,0.5876060785217718,0.6435297528902689,0.001,64,4,2,128,0.1,32,75,0.0,0.1,10,5,0.5,True,42
early_stopping_patience,10,88,88,10,0.5603277518442182,0.6733703851699829,0.001,64,4,2,128,0.1,32,75,0.0,0.1,10,5,0.5,True,42
early_stopping_patience,10,88,88,11,0.554532187228853,0.6555977463722229,0.001,64,4,2,128,0.1,32,75,0.0,0.1,10,5,0.5,True,42
early_stopping_patience,10,88,88,12,0.5493751511429296,0.6537218113740285,0.001,64,4,2,128,0.1,32,75,0.0,0.1,10,5,0.5,True,42
early_stopping_patience,10,88,88,13,0.5182688281391606,0.7219974219799041,0.001,64,4,2,128,0.1,32,75,0.0,0.1,10,5,0.5,True,42
early_stopping_patience,10,88,88,14,0.48001895528851135,0.7358048756917318,0.001,64,4,2,128,0.1,32,75,0.0,0.1,10,5,0.5,True,42
early_stopping_patience,10,88,88,15,0.44999841058796103,0.7234879811604817,0.001,64,4,2,128,0.1,32,75,0.0,0.1,10,5,0.5,True,42
early_stopping_patience,10,88,88,16,0.4238031775210843,0.7723070939381917,0.001,64,4,2,128,0.1,32,75,0.0,0.1,10,5,0.5,True,42
early_stopping_patience,10,88,88,17,0.41443814675916324,0.8597599903742472,0.001,64,4,2,128,0.1,32,75,0.0,0.1,10,5,0.5,True,42
early_stopping_patience,10,89,89,1,0.6906723199468671,0.6687498430411021,0.001,64,4,2,128,0.1,32,75,0.0,0.1,10,5,0.5,True,42
early_stopping_patience,10,89,89,2,0.6620448701309435,0.6380133787790935,0.001,64,4,2,128,0.1,32,75,0.0,0.1,10,5,0.5,True,42
early_stopping_patience,10,89,89,3,0.6471672886700341,0.6425558964411417,0.001,64,4,2,128,0.1,32,75,0.0,0.1,10,5,0.5,True,42
early_stopping_patience,10,89,89,4,0.6242224960164591,0.6252477844556172,0.001,64,4,2,128,0.1,32,75,0.0,0.1,10,5,0.5,True,42
early_stopping_patience,10,89,89,5,0.6165587193135059,0.6366530040899913,0.001,64,4,2,128,0.1,32,75,0.0,0.1,10,5,0.5,True,42
early_stopping_patience,10,89,89,6,0.6084094103990179,0.6256944457689921,0.001,64,4,2,128,0.1,32,75,0.0,0.1,10,5,0.5,True,42
early_stopping_patience,10,89,89,7,0.5950644564899531,0.6304265419642131,0.001,64,4,2,128,0.1,32,75,0.0,0.1,10,5,0.5,True,42
early_stopping_patience,10,89,89,8,0.583067779965473,0.6571807126204173,0.001,64,4,2,128,0.1,32,75,0.0,0.1,10,5,0.5,True,42
early_stopping_patience,10,89,89,9,0.5807946107604287,0.628073255221049,0.001,64,4,2,128,0.1,32,75,0.0,0.1,10,5,0.5,True,42
early_stopping_patience,10,89,89,10,0.5589316539240606,0.6199463427066803,0.001,64,4,2,128,0.1,32,75,0.0,0.1,10,5,0.5,True,42
early_stopping_patience,10,89,89,11,0.5502920864206372,0.7280101696650187,0.001,64,4,2,128,0.1,32,75,0.0,0.1,10,5,0.5,True,42
early_stopping_patience,10,89,89,12,0.5392235932928143,0.6294961194197337,0.001,64,4,2,128,0.1,32,75,0.0,0.1,10,5,0.5,True,42
early_stopping_patience,10,89,89,13,0.5106729253223448,0.6629878362019856,0.001,64,4,2,128,0.1,32,75,0.0,0.1,10,5,0.5,True,42
early_stopping_patience,10,89,89,14,0.49414309385147964,0.6816142161687215,0.001,64,4,2,128,0.1,32,75,0.0,0.1,10,5,0.5,True,42
early_stopping_patience,10,89,89,15,0.4853908137390108,0.6890312393506368,0.001,64,4,2,128,0.1,32,75,0.0,0.1,10,5,0.5,True,42
early_stopping_patience,10,89,89,16,0.4478508602037574,0.7390750626722972,0.001,64,4,2,128,0.1,32,75,0.0,0.1,10,5,0.5,True,42
early_stopping_patience,10,89,89,17,0.3994398739076022,0.7339167833328247,0.001,64,4,2,128,0.1,32,75,0.0,0.1,10,5,0.5,True,42
early_stopping_patience,10,89,89,18,0.3689849033500209,0.8375305910905202,0.001,64,4,2,128,0.1,32,75,0.0,0.1,10,5,0.5,True,42
early_stopping_patience,10,89,89,19,0.34167675933603087,0.8776426275571187,0.001,64,4,2,128,0.1,32,75,0.0,0.1,10,5,0.5,True,42
early_stopping_patience,10,89,89,20,0.31554695026892604,0.9147250374158223,0.001,64,4,2,128,0.1,32,75,0.0,0.1,10,5,0.5,True,42
early_stopping_patience,10,90,90,1,0.6921973783861507,0.6737859129905701,0.001,64,4,2,128,0.1,32,75,0.0,0.1,10,5,0.5,True,42
early_stopping_patience,10,90,90,2,0.6735771944125494,0.6499573389689127,0.001,64,4,2,128,0.1,32,75,0.0,0.1,10,5,0.5,True,42
early_stopping_patience,10,90,90,3,0.6386761358290007,0.6399196306864421,0.001,64,4,2,128,0.1,32,75,0.0,0.1,10,5,0.5,True,42
early_stopping_patience,10,90,90,4,0.6261769284804662,0.624315595626831,0.001,64,4,2,128,0.1,32,75,0.0,0.1,10,5,0.5,True,42
early_stopping_patience,10,90,90,5,0.6185987670764779,0.6157404939333598,0.001,64,4,2,128,0.1,32,75,0.0,0.1,10,5,0.5,True,42
early_stopping_patience,10,90,90,6,0.6128091082879992,0.6315155029296875,0.001,64,4,2,128,0.1,32,75,0.0,0.1,10,5,0.5,True,42
early_stopping_patience,10,90,90,7,0.6084699836192708,0.6076134304205577,0.001,64,4,2,128,0.1,32,75,0.0,0.1,10,5,0.5,True,42
early_stopping_patience,10,90,90,8,0.5947885524594423,0.626741373538971,0.001,64,4,2,128,0.1,32,75,0.0,0.1,10,5,0.5,True,42
early_stopping_patience,10,90,90,9,0.5855565784555493,0.6161393781503042,0.001,64,4,2,128,0.1,32,75,0.0,0.1,10,5,0.5,True,42
early_stopping_patience,10,90,90,10,0.581227995455265,0.6041347702344259,0.001,64,4,2,128,0.1,32,75,0.0,0.1,10,5,0.5,True,42
early_stopping_patience,10,90,90,11,0.5756992142308842,0.6739994565645854,0.001,64,4,2,128,0.1,32,75,0.0,0.1,10,5,0.5,True,42
early_stopping_patience,10,90,90,12,0.5510064124157934,0.6083590785662333,0.001,64,4,2,128,0.1,32,75,0.0,0.1,10,5,0.5,True,42
early_stopping_patience,10,90,90,13,0.540061732810555,0.6494077364603679,0.001,64,4,2,128,0.1,32,75,0.0,0.1,10,5,0.5,True,42
early_stopping_patience,10,90,90,14,0.5327722856944258,0.632608848810196,0.001,64,4,2,128,0.1,32,75,0.0,0.1,10,5,0.5,True,42
early_stopping_patience,10,90,90,15,0.500422015786171,0.6901757915814718,0.001,64,4,2,128,0.1,32,75,0.0,0.1,10,5,0.5,True,42
early_stopping_patience,10,90,90,16,0.4937711258729299,0.6316847562789917,0.001,64,4,2,128,0.1,32,75,0.0,0.1,10,5,0.5,True,42
early_stopping_patience,10,90,90,17,0.4332341039271066,0.6786880671977997,0.001,64,4,2,128,0.1,32,75,0.0,0.1,10,5,0.5,True,42
early_stopping_patience,10,90,90,18,0.4062477911286282,0.7149450977643331,0.001,64,4,2,128,0.1,32,75,0.0,0.1,10,5,0.5,True,42
early_stopping_patience,10,90,90,19,0.38690319657325745,0.8012482563654582,0.001,64,4,2,128,0.1,32,75,0.0,0.1,10,5,0.5,True,42
early_stopping_patience,10,90,90,20,0.37843854330254323,0.7420917451381683,0.001,64,4,2,128,0.1,32,75,0.0,0.1,10,5,0.5,True,42
early_stopping_patience,10,91,91,1,0.6922205442732031,0.6675867756207784,0.001,64,4,2,128,0.1,32,75,0.0,0.1,10,5,0.5,True,42
early_stopping_patience,10,91,91,2,0.6669194973779448,0.654307754834493,0.001,64,4,2,128,0.1,32,75,0.0,0.1,10,5,0.5,True,42
early_stopping_patience,10,91,91,3,0.6466265221436819,0.6760078032811483,0.001,64,4,2,128,0.1,32,75,0.0,0.1,10,5,0.5,True,42
early_stopping_patience,10,91,91,4,0.6328196961319807,0.6387945214907328,0.001,64,4,2,128,0.1,32,75,0.0,0.1,10,5,0.5,True,42
early_stopping_patience,10,91,91,5,0.611118568841255,0.6164345443248749,0.001,64,4,2,128,0.1,32,75,0.0,0.1,10,5,0.5,True,42
early_stopping_patience,10,91,91,6,0.6051130504770712,0.6997138957182566,0.001,64,4,2,128,0.1,32,75,0.0,0.1,10,5,0.5,True,42
early_stopping_patience,10,91,91,7,0.5945865658648086,0.6263523638248444,0.001,64,4,2,128,0.1,32,75,0.0,0.1,10,5,0.5,True,42
early_stopping_patience,10,91,91,8,0.5768809431430065,0.6570557355880737,0.001,64,4,2,128,0.1,32,75,0.0,0.1,10,5,0.5,True,42
early_stopping_patience,10,91,91,9,0.5695950226350264,0.6448176463445028,0.001,64,4,2,128,0.1,32,75,0.0,0.1,10,5,0.5,True,42
early_stopping_patience,10,91,91,10,0.5621305566393968,0.6178818821907044,0.001,64,4,2,128,0.1,32,75,0.0,0.1,10,5,0.5,True,42
early_stopping_patience,10,91,91,11,0.5434685311082638,0.6679438710212707,0.001,64,4,2,128,0.1,32,75,0.0,0.1,10,5,0.5,True,42
early_stopping_patience,10,91,91,12,0.505812273332567,0.6722056627273559,0.001,64,4,2,128,0.1,32,75,0.0,0.1,10,5,0.5,True,42
early_stopping_patience,10,91,91,13,0.4773541481205911,0.7374246001243592,0.001,64,4,2,128,0.1,32,75,0.0,0.1,10,5,0.5,True,42
early_stopping_patience,10,91,91,14,0.4605485846598943,0.6943859140078227,0.001,64,4,2,128,0.1,32,75,0.0,0.1,10,5,0.5,True,42
early_stopping_patience,10,91,91,15,0.44054376525860844,0.7370100895563761,0.001,64,4,2,128,0.1,32,75,0.0,0.1,10,5,0.5,True,42
early_stopping_patience,10,92,92,1,0.6881379828308568,0.6757406036059062,0.001,64,4,2,128,0.1,32,75,0.0,0.1,10,5,0.5,True,42
early_stopping_patience,10,92,92,2,0.6562542558619471,0.6634664257367452,0.001,64,4,2,128,0.1,32,75,0.0,0.1,10,5,0.5,True,42
early_stopping_patience,10,92,92,3,0.640666622329842,0.6647918124993643,0.001,64,4,2,128,0.1,32,75,0.0,0.1,10,5,0.5,True,42
early_stopping_patience,10,92,92,4,0.6294818470875422,0.6615822434425354,0.001,64,4,2,128,0.1,32,75,0.0,0.1,10,5,0.5,True,42
early_stopping_patience,10,92,92,5,0.6155198196118529,0.6380168914794921,0.001,64,4,2,128,0.1,32,75,0.0,0.1,10,5,0.5,True,42
early_stopping_patience,10,92,92,6,0.6041173325343565,0.7059701482454935,0.001,64,4,2,128,0.1,32,75,0.0,0.1,10,5,0.5,True,42
early_stopping_patience,10,92,92,7,0.5961306086092284,0.6417347351710002,0.001,64,4,2,128,0.1,32,75,0.0,0.1,10,5,0.5,True,42
early_stopping_patience,10,92,92,8,0.586140204559673,0.6635191122690837,0.001,64,4,2,128,0.1,32,75,0.0,0.1,10,5,0.5,True,42
early_stopping_patience,10,92,92,9,0.5745991877082622,0.6589220046997071,0.001,64,4,2,128,0.1,32,75,0.0,0.1,10,5,0.5,True,42
early_stopping_patience,10,92,92,10,0.5546272661198269,0.6753921190897624,0.001,64,4,2,128,0.1,32,75,0.0,0.1,10,5,0.5,True,42
early_stopping_patience,10,92,92,11,0.5433281018878474,0.6614023208618164,0.001,64,4,2,128,0.1,32,75,0.0,0.1,10,5,0.5,True,42
early_stopping_patience,10,92,92,12,0.4945300609776468,0.7029543936252594,0.001,64,4,2,128,0.1,32,75,0.0,0.1,10,5,0.5,True,42
early_stopping_patience,10,92,92,13,0.47774536004572205,0.7181494832038879,0.001,64,4,2,128,0.1,32,75,0.0,0.1,10,5,0.5,True,42
early_stopping_patience,10,92,92,14,0.4487714304616957,0.7827128152052562,0.001,64,4,2,128,0.1,32,75,0.0,0.1,10,5,0.5,True,42
early_stopping_patience,10,92,92,15,0.4343196203311284,0.7902898589769999,0.001,64,4,2,128,0.1,32,75,0.0,0.1,10,5,0.5,True,42
early_stopping_patience,10,93,93,1,0.6971383036086054,0.6788432796796163,0.001,64,4,2,128,0.1,32,75,0.0,0.1,10,5,0.5,True,42
early_stopping_patience,10,93,93,2,0.6672215962951834,0.6565509875615437,0.001,64,4,2,128,0.1,32,75,0.0,0.1,10,5,0.5,True,42
early_stopping_patience,10,93,93,3,0.6497706829598455,0.6475021183490753,0.001,64,4,2,128,0.1,32,75,0.0,0.1,10,5,0.5,True,42
early_stopping_patience,10,93,93,4,0.643859181666013,0.6370465596516927,0.001,64,4,2,128,0.1,32,75,0.0,0.1,10,5,0.5,True,42
early_stopping_patience,10,93,93,5,0.6230630504362511,0.6317027787367503,0.001,64,4,2,128,0.1,32,75,0.0,0.1,10,5,0.5,True,42
early_stopping_patience,10,93,93,6,0.6160598830743269,0.670823476711909,0.001,64,4,2,128,0.1,32,75,0.0,0.1,10,5,0.5,True,42
early_stopping_patience,10,93,93,7,0.5960271925185666,0.6439012706279754,0.001,64,4,2,128,0.1,32,75,0.0,0.1,10,5,0.5,True,42
early_stopping_patience,10,93,93,8,0.584633277898485,0.6552110493183136,0.001,64,4,2,128,0.1,32,75,0.0,0.1,10,5,0.5,True,42
early_stopping_patience,10,93,93,9,0.5800297151912343,0.6574517865975698,0.001,64,4,2,128,0.1,32,75,0.0,0.1,10,5,0.5,True,42
early_stopping_patience,10,93,93,10,0.564278886625261,0.6392776985963186,0.001,64,4,2,128,0.1,32,75,0.0,0.1,10,5,0.5,True,42
early_stopping_patience,10,93,93,11,0.5542382830471704,0.695638221502304,0.001,64,4,2,128,0.1,32,75,0.0,0.1,10,5,0.5,True,42
early_stopping_patience,10,93,93,12,0.5149165041970484,0.6794566631317138,0.001,64,4,2,128,0.1,32,75,0.0,0.1,10,5,0.5,True,42
early_stopping_patience,10,93,93,13,0.48894793246731616,0.6745400826136271,0.001,64,4,2,128,0.1,32,75,0.0,0.1,10,5,0.5,True,42
early_stopping_patience,10,93,93,14,0.47241007378607086,0.6808705369631449,0.001,64,4,2,128,0.1,32,75,0.0,0.1,10,5,0.5,True,42
early_stopping_patience,10,93,93,15,0.45234656898361264,0.7324436128139495,0.001,64,4,2,128,0.1,32,75,0.0,0.1,10,5,0.5,True,42
early_stopping_patience,10,94,94,1,0.6956763642303871,0.6779808203379313,0.001,64,4,2,128,0.1,32,75,0.0,0.1,10,5,0.5,True,42
early_stopping_patience,10,94,94,2,0.6730322282422673,0.6785886784394582,0.001,64,4,2,128,0.1,32,75,0.0,0.1,10,5,0.5,True,42
early_stopping_patience,10,94,94,3,0.6440534447178696,0.6478695233662923,0.001,64,4,2,128,0.1,32,75,0.0,0.1,10,5,0.5,True,42
early_stopping_patience,10,94,94,4,0.6309771632606332,0.6452194054921468,0.001,64,4,2,128,0.1,32,75,0.0,0.1,10,5,0.5,True,42
early_stopping_patience,10,94,94,5,0.6152573656855207,0.6474532743295034,0.001,64,4,2,128,0.1,32,75,0.0,0.1,10,5,0.5,True,42
early_stopping_patience,10,94,94,6,0.6127747200203665,0.6694347739219666,0.001,64,4,2,128,0.1,32,75,0.0,0.1,10,5,0.5,True,42
early_stopping_patience,10,94,94,7,0.6099537965474706,0.6550561209519704,0.001,64,4,2,128,0.1,32,75,0.0,0.1,10,5,0.5,True,42
early_stopping_patience,10,94,94,8,0.5997471944852308,0.6661861062049865,0.001,64,4,2,128,0.1,32,75,0.0,0.1,10,5,0.5,True,42
early_stopping_patience,10,94,94,9,0.582932026323044,0.6525130152702332,0.001,64,4,2,128,0.1,32,75,0.0,0.1,10,5,0.5,True,42
early_stopping_patience,10,94,94,10,0.5775798958810893,0.6510196884473165,0.001,64,4,2,128,0.1,32,75,0.0,0.1,10,5,0.5,True,42
early_stopping_patience,10,94,94,11,0.5391230109063062,0.6654621601104737,0.001,64,4,2,128,0.1,32,75,0.0,0.1,10,5,0.5,True,42
early_stopping_patience,10,94,94,12,0.5171328909469374,0.7020860413710276,0.001,64,4,2,128,0.1,32,75,0.0,0.1,10,5,0.5,True,42
early_stopping_patience,10,94,94,13,0.5111247111450542,0.6780571738878886,0.001,64,4,2,128,0.1,32,75,0.0,0.1,10,5,0.5,True,42
early_stopping_patience,10,94,94,14,0.49254738494302286,0.7070258975028991,0.001,64,4,2,128,0.1,32,75,0.0,0.1,10,5,0.5,True,42
early_stopping_patience,10,95,95,1,0.687335830746275,0.6477646946907043,0.001,64,4,2,128,0.1,32,75,0.0,0.1,10,5,0.5,True,42
early_stopping_patience,10,95,95,2,0.6567612498095541,0.6343011498451233,0.001,64,4,2,128,0.1,32,75,0.0,0.1,10,5,0.5,True,42
early_stopping_patience,10,95,95,3,0.6446952277963812,0.6254431962966919,0.001,64,4,2,128,0.1,32,75,0.0,0.1,10,5,0.5,True,42
early_stopping_patience,10,95,95,4,0.6222828766613295,0.6340291678905488,0.001,64,4,2,128,0.1,32,75,0.0,0.1,10,5,0.5,True,42
early_stopping_patience,10,95,95,5,0.6159917147773685,0.626141083240509,0.001,64,4,2,128,0.1,32,75,0.0,0.1,10,5,0.5,True,42
early_stopping_patience,10,95,95,6,0.6105053754466953,0.6284009496370951,0.001,64,4,2,128,0.1,32,75,0.0,0.1,10,5,0.5,True,42
early_stopping_patience,10,95,95,7,0.6001854128006733,0.6238102396329244,0.001,64,4,2,128,0.1,32,75,0.0,0.1,10,5,0.5,True,42
early_stopping_patience,10,95,95,8,0.5843035012032046,0.6290479302406311,0.001,64,4,2,128,0.1,32,75,0.0,0.1,10,5,0.5,True,42
early_stopping_patience,10,95,95,9,0.5749301038908236,0.6277256369590759,0.001,64,4,2,128,0.1,32,75,0.0,0.1,10,5,0.5,True,42
early_stopping_patience,10,95,95,10,0.5663394074548375,0.6384499569733938,0.001,64,4,2,128,0.1,32,75,0.0,0.1,10,5,0.5,True,42
early_stopping_patience,10,95,95,11,0.5541938791672388,0.6263332068920135,0.001,64,4,2,128,0.1,32,75,0.0,0.1,10,5,0.5,True,42
early_stopping_patience,10,95,95,12,0.54260221281738,0.6435413082440694,0.001,64,4,2,128,0.1,32,75,0.0,0.1,10,5,0.5,True,42
early_stopping_patience,10,95,95,13,0.5346326913797494,0.65166783730189,0.001,64,4,2,128,0.1,32,75,0.0,0.1,10,5,0.5,True,42
early_stopping_patience,10,95,95,14,0.480071024461226,0.7241088509559631,0.001,64,4,2,128,0.1,32,75,0.0,0.1,10,5,0.5,True,42
early_stopping_patience,10,95,95,15,0.451604834560192,0.7487193683783213,0.001,64,4,2,128,0.1,32,75,0.0,0.1,10,5,0.5,True,42
early_stopping_patience,10,95,95,16,0.4345956436838164,0.7355112930138906,0.001,64,4,2,128,0.1,32,75,0.0,0.1,10,5,0.5,True,42
early_stopping_patience,10,95,95,17,0.41001033873269055,0.7898589809735616,0.001,64,4,2,128,0.1,32,75,0.0,0.1,10,5,0.5,True,42
early_stopping_patience,10,96,96,1,0.6933260839996915,0.6885826150576274,0.001,64,4,2,128,0.1,32,75,0.0,0.1,10,5,0.5,True,42
early_stopping_patience,10,96,96,2,0.6685962144172553,0.6514237860838572,0.001,64,4,2,128,0.1,32,75,0.0,0.1,10,5,0.5,True,42
early_stopping_patience,10,96,96,3,0.6392997981923999,0.6435076793034872,0.001,64,4,2,128,0.1,32,75,0.0,0.1,10,5,0.5,True,42
early_stopping_patience,10,96,96,4,0.6229362415544915,0.6214105725288391,0.001,64,4,2,128,0.1,32,75,0.0,0.1,10,5,0.5,True,42
early_stopping_patience,10,96,96,5,0.6192522254405599,0.7061284422874451,0.001,64,4,2,128,0.1,32,75,0.0,0.1,10,5,0.5,True,42
early_stopping_patience,10,96,96,6,0.606167254348596,0.6310783326625824,0.001,64,4,2,128,0.1,32,75,0.0,0.1,10,5,0.5,True,42
early_stopping_patience,10,96,96,7,0.596932335784941,0.6672017474969228,0.001,64,4,2,128,0.1,32,75,0.0,0.1,10,5,0.5,True,42
early_stopping_patience,10,96,96,8,0.5876697547959558,0.6519814491271972,0.001,64,4,2,128,0.1,32,75,0.0,0.1,10,5,0.5,True,42
early_stopping_patience,10,96,96,9,0.5822909101843834,0.6127182761828105,0.001,64,4,2,128,0.1,32,75,0.0,0.1,10,5,0.5,True,42
early_stopping_patience,10,96,96,10,0.5706108975591082,0.6303641935189565,0.001,64,4,2,128,0.1,32,75,0.0,0.1,10,5,0.5,True,42
early_stopping_patience,10,96,96,11,0.5453655676859798,0.6184595664342244,0.001,64,4,2,128,0.1,32,75,0.0,0.1,10,5,0.5,True,42
early_stopping_patience,10,96,96,12,0.5478834421797232,0.6600950638453166,0.001,64,4,2,128,0.1,32,75,0.0,0.1,10,5,0.5,True,42
early_stopping_patience,10,96,96,13,0.5244351801547137,0.6769051134586335,0.001,64,4,2,128,0.1,32,75,0.0,0.1,10,5,0.5,True,42
early_stopping_patience,10,96,96,14,0.5069682390400858,0.7046675880750021,0.001,64,4,2,128,0.1,32,75,0.0,0.1,10,5,0.5,True,42
early_stopping_patience,10,96,96,15,0.4904638501730832,0.7406557401021322,0.001,64,4,2,128,0.1,32,75,0.0,0.1,10,5,0.5,True,42
early_stopping_patience,10,96,96,16,0.4197155163820946,0.7541813492774964,0.001,64,4,2,128,0.1,32,75,0.0,0.1,10,5,0.5,True,42
early_stopping_patience,10,96,96,17,0.3988078545891877,0.8025808771451314,0.001,64,4,2,128,0.1,32,75,0.0,0.1,10,5,0.5,True,42
early_stopping_patience,10,96,96,18,0.3764303887658047,0.7799550811449687,0.001,64,4,2,128,0.1,32,75,0.0,0.1,10,5,0.5,True,42
early_stopping_patience,10,96,96,19,0.34460665691982617,0.8345259745915731,0.001,64,4,2,128,0.1,32,75,0.0,0.1,10,5,0.5,True,42
early_stopping_patience,10,97,97,1,0.6933769990097393,0.6657742937405904,0.001,64,4,2,128,0.1,32,75,0.0,0.1,10,5,0.5,True,42
early_stopping_patience,10,97,97,2,0.6543988314541903,0.6535258889198303,0.001,64,4,2,128,0.1,32,75,0.0,0.1,10,5,0.5,True,42
early_stopping_patience,10,97,97,3,0.6430967436595396,0.6318036874135335,0.001,64,4,2,128,0.1,32,75,0.0,0.1,10,5,0.5,True,42
early_stopping_patience,10,97,97,4,0.6202316184838613,0.6453146318594615,0.001,64,4,2,128,0.1,32,75,0.0,0.1,10,5,0.5,True,42
early_stopping_patience,10,97,97,5,0.6167821290366577,0.6314392705758413,0.001,64,4,2,128,0.1,32,75,0.0,0.1,10,5,0.5,True,42
early_stopping_patience,10,97,97,6,0.6067799742926251,0.753199252486229,0.001,64,4,2,128,0.1,32,75,0.0,0.1,10,5,0.5,True,42
early_stopping_patience,10,97,97,7,0.6027651584961198,0.6309214135011038,0.001,64,4,2,128,0.1,32,75,0.0,0.1,10,5,0.5,True,42
early_stopping_patience,10,97,97,8,0.5912746100714712,0.6311957856019338,0.001,64,4,2,128,0.1,32,75,0.0,0.1,10,5,0.5,True,42
early_stopping_patience,10,97,97,9,0.5835786098332116,0.6833389679590861,0.001,64,4,2,128,0.1,32,75,0.0,0.1,10,5,0.5,True,42
early_stopping_patience,10,97,97,10,0.5746449396917315,0.6258662839730581,0.001,64,4,2,128,0.1,32,75,0.0,0.1,10,5,0.5,True,42
early_stopping_patience,10,97,97,11,0.5595653646371581,0.6320884605248769,0.001,64,4,2,128,0.1,32,75,0.0,0.1,10,5,0.5,True,42
early_stopping_patience,10,97,97,12,0.5569829168644819,0.6357615252335866,0.001,64,4,2,128,0.1,32,75,0.0,0.1,10,5,0.5,True,42
early_stopping_patience,10,97,97,13,0.538715993364652,0.6861000895500183,0.001,64,4,2,128,0.1,32,75,0.0,0.1,10,5,0.5,True,42
early_stopping_patience,10,97,97,14,0.539596237467997,0.6372217615445455,0.001,64,4,2,128,0.1,32,75,0.0,0.1,10,5,0.5,True,42
early_stopping_patience,10,97,97,15,0.5159799014077042,0.6579722146193187,0.001,64,4,2,128,0.1,32,75,0.0,0.1,10,5,0.5,True,42
early_stopping_patience,10,97,97,16,0.4906975883200313,0.6978512545426686,0.001,64,4,2,128,0.1,32,75,0.0,0.1,10,5,0.5,True,42
early_stopping_patience,10,97,97,17,0.4383301111784848,0.7131032109260559,0.001,64,4,2,128,0.1,32,75,0.0,0.1,10,5,0.5,True,42
early_stopping_patience,10,97,97,18,0.42031240022995253,0.7337688028812408,0.001,64,4,2,128,0.1,32,75,0.0,0.1,10,5,0.5,True,42
early_stopping_patience,10,97,97,19,0.3940056439376239,0.8149479607741038,0.001,64,4,2,128,0.1,32,75,0.0,0.1,10,5,0.5,True,42
early_stopping_patience,10,97,97,20,0.3772753956868793,0.8286462485790252,0.001,64,4,2,128,0.1,32,75,0.0,0.1,10,5,0.5,True,42
early_stopping_patience,10,98,98,1,0.700306594823346,0.7036665499210357,0.001,64,4,2,128,0.1,32,75,0.0,0.1,10,5,0.5,True,42
early_stopping_patience,10,98,98,2,0.6741179647770795,0.6690751194953919,0.001,64,4,2,128,0.1,32,75,0.0,0.1,10,5,0.5,True,42
early_stopping_patience,10,98,98,3,0.6429739698316111,0.6697099248568217,0.001,64,4,2,128,0.1,32,75,0.0,0.1,10,5,0.5,True,42
early_stopping_patience,10,98,98,4,0.6325729299675334,0.6446177045504252,0.001,64,4,2,128,0.1,32,75,0.0,0.1,10,5,0.5,True,42
early_stopping_patience,10,98,98,5,0.6200757787534685,0.651105809211731,0.001,64,4,2,128,0.1,32,75,0.0,0.1,10,5,0.5,True,42
early_stopping_patience,10,98,98,6,0.6074376840031508,0.642822394768397,0.001,64,4,2,128,0.1,32,75,0.0,0.1,10,5,0.5,True,42
early_stopping_patience,10,98,98,7,0.606272883261695,0.6434112628300984,0.001,64,4,2,128,0.1,32,75,0.0,0.1,10,5,0.5,True,42
early_stopping_patience,10,98,98,8,0.5868619572032582,0.6570666253566741,0.001,64,4,2,128,0.1,32,75,0.0,0.1,10,5,0.5,True,42
early_stopping_patience,10,98,98,9,0.5742432378006704,0.652472456296285,0.001,64,4,2,128,0.1,32,75,0.0,0.1,10,5,0.5,True,42
early_stopping_patience,10,98,98,10,0.5608937085577936,0.6524322152137756,0.001,64,4,2,128,0.1,32,75,0.0,0.1,10,5,0.5,True,42
early_stopping_patience,10,98,98,11,0.5558062848268133,0.6380389153957366,0.001,64,4,2,128,0.1,32,75,0.0,0.1,10,5,0.5,True,42
early_stopping_patience,10,98,98,12,0.5372462995124586,0.6673524955908458,0.001,64,4,2,128,0.1,32,75,0.0,0.1,10,5,0.5,True,42
early_stopping_patience,10,98,98,13,0.5406555750153281,0.6710638403892517,0.001,64,4,2,128,0.1,32,75,0.0,0.1,10,5,0.5,True,42
early_stopping_patience,10,98,98,14,0.5203721561666691,0.6586481968561808,0.001,64,4,2,128,0.1,32,75,0.0,0.1,10,5,0.5,True,42
early_stopping_patience,10,98,98,15,0.505231037735939,0.6920163651307424,0.001,64,4,2,128,0.1,32,75,0.0,0.1,10,5,0.5,True,42
early_stopping_patience,10,98,98,16,0.4818218910332882,0.7136412858963013,0.001,64,4,2,128,0.1,32,75,0.0,0.1,10,5,0.5,True,42
early_stopping_patience,10,98,98,17,0.466634291139516,0.7108783443768819,0.001,64,4,2,128,0.1,32,75,0.0,0.1,10,5,0.5,True,42
early_stopping_patience,10,98,98,18,0.40120264650745824,0.8010112921396891,0.001,64,4,2,128,0.1,32,75,0.0,0.1,10,5,0.5,True,42
early_stopping_patience,10,98,98,19,0.37581177642851166,0.831889408826828,0.001,64,4,2,128,0.1,32,75,0.0,0.1,10,5,0.5,True,42
early_stopping_patience,10,98,98,20,0.34994072275179805,0.88306698401769,0.001,64,4,2,128,0.1,32,75,0.0,0.1,10,5,0.5,True,42
early_stopping_patience,10,98,98,21,0.3299300502421278,0.9426915228366852,0.001,64,4,2,128,0.1,32,75,0.0,0.1,10,5,0.5,True,42
early_stopping_patience,10,99,99,1,0.6958140590877244,0.7234715978304546,0.001,64,4,2,128,0.1,32,75,0.0,0.1,10,5,0.5,True,42
early_stopping_patience,10,99,99,2,0.6691687283190814,0.6676654815673828,0.001,64,4,2,128,0.1,32,75,0.0,0.1,10,5,0.5,True,42
early_stopping_patience,10,99,99,3,0.6409638503735716,0.6761884192625681,0.001,64,4,2,128,0.1,32,75,0.0,0.1,10,5,0.5,True,42
early_stopping_patience,10,99,99,4,0.6342274212475979,0.6540040453275044,0.001,64,4,2,128,0.1,32,75,0.0,0.1,10,5,0.5,True,42
early_stopping_patience,10,99,99,5,0.6249658706964869,0.654649692773819,0.001,64,4,2,128,0.1,32,75,0.0,0.1,10,5,0.5,True,42
early_stopping_patience,10,99,99,6,0.6133133899984937,0.6870477080345154,0.001,64,4,2,128,0.1,32,75,0.0,0.1,10,5,0.5,True,42
early_stopping_patience,10,99,99,7,0.5995233695615422,0.6432206352551778,0.001,64,4,2,128,0.1,32,75,0.0,0.1,10,5,0.5,True,42
early_stopping_patience,10,99,99,8,0.5895347184304035,0.671615187327067,0.001,64,4,2,128,0.1,32,75,0.0,0.1,10,5,0.5,True,42
early_stopping_patience,10,99,99,9,0.5773655230348761,0.654874587059021,0.001,64,4,2,128,0.1,32,75,0.0,0.1,10,5,0.5,True,42
early_stopping_patience,10,99,99,10,0.5649158785288985,0.695955749352773,0.001,64,4,2,128,0.1,32,75,0.0,0.1,10,5,0.5,True,42
early_stopping_patience,10,99,99,11,0.5591954360857154,0.6682906647523245,0.001,64,4,2,128,0.1,32,75,0.0,0.1,10,5,0.5,True,42
early_stopping_patience,10,99,99,12,0.5375326865098693,0.7134365538756052,0.001,64,4,2,128,0.1,32,75,0.0,0.1,10,5,0.5,True,42
early_stopping_patience,10,99,99,13,0.5312839807434515,0.6918349325656891,0.001,64,4,2,128,0.1,32,75,0.0,0.1,10,5,0.5,True,42
early_stopping_patience,10,99,99,14,0.4773335156567169,0.7521175086498261,0.001,64,4,2,128,0.1,32,75,0.0,0.1,10,5,0.5,True,42
early_stopping_patience,10,99,99,15,0.4483513908855843,0.806349535783132,0.001,64,4,2,128,0.1,32,75,0.0,0.1,10,5,0.5,True,42
early_stopping_patience,10,99,99,16,0.4313206241437883,0.8034331838289896,0.001,64,4,2,128,0.1,32,75,0.0,0.1,10,5,0.5,True,42
early_stopping_patience,10,99,99,17,0.411005651070313,0.8032827158768971,0.001,64,4,2,128,0.1,32,75,0.0,0.1,10,5,0.5,True,42
early_stopping_patience,10,100,100,1,0.6971587480017634,0.6685644944508871,0.001,64,4,2,128,0.1,32,75,0.0,0.1,10,5,0.5,True,42
early_stopping_patience,10,100,100,2,0.6589350903576071,0.635737955570221,0.001,64,4,2,128,0.1,32,75,0.0,0.1,10,5,0.5,True,42
early_stopping_patience,10,100,100,3,0.6393610681548263,0.6205569863319397,0.001,64,4,2,128,0.1,32,75,0.0,0.1,10,5,0.5,True,42
early_stopping_patience,10,100,100,4,0.6175557453975533,0.6094250977039337,0.001,64,4,2,128,0.1,32,75,0.0,0.1,10,5,0.5,True,42
early_stopping_patience,10,100,100,5,0.6108307538158966,0.6180275738239288,0.001,64,4,2,128,0.1,32,75,0.0,0.1,10,5,0.5,True,42
early_stopping_patience,10,100,100,6,0.6000994443893433,0.6199754635492961,0.001,64,4,2,128,0.1,32,75,0.0,0.1,10,5,0.5,True,42
early_stopping_patience,10,100,100,7,0.5933637779318925,0.6285817344983419,0.001,64,4,2,128,0.1,32,75,0.0,0.1,10,5,0.5,True,42
early_stopping_patience,10,100,100,8,0.5808258961999055,0.6343793869018555,0.001,64,4,2,128,0.1,32,75,0.0,0.1,10,5,0.5,True,42
early_stopping_patience,10,100,100,9,0.5817186297340826,0.6466759383678437,0.001,64,4,2,128,0.1,32,75,0.0,0.1,10,5,0.5,True,42
early_stopping_patience,10,100,100,10,0.5600340045762785,0.6518569568792979,0.001,64,4,2,128,0.1,32,75,0.0,0.1,10,5,0.5,True,42
early_stopping_patience,10,100,100,11,0.5127084564530489,0.6943234701951345,0.001,64,4,2,128,0.1,32,75,0.0,0.1,10,5,0.5,True,42
early_stopping_patience,10,100,100,12,0.5016821205164447,0.683196489016215,0.001,64,4,2,128,0.1,32,75,0.0,0.1,10,5,0.5,True,42
early_stopping_patience,10,100,100,13,0.4727506231177937,0.7114674786726634,0.001,64,4,2,128,0.1,32,75,0.0,0.1,10,5,0.5,True,42
early_stopping_patience,10,100,100,14,0.46896747973832215,0.7035778085390727,0.001,64,4,2,128,0.1,32,75,0.0,0.1,10,5,0.5,True,42
early_stopping_patience,10,101,101,1,0.6979599802783041,0.692906508843104,0.001,64,4,2,128,0.1,32,75,0.0,0.1,10,5,0.5,True,42
early_stopping_patience,10,101,101,2,0.6700841698682669,0.6685619592666626,0.001,64,4,2,128,0.1,32,75,0.0,0.1,10,5,0.5,True,42
early_stopping_patience,10,101,101,3,0.6508020329656024,0.6611344734827678,0.001,64,4,2,128,0.1,32,75,0.0,0.1,10,5,0.5,True,42
early_stopping_patience,10,101,101,4,0.6373479612397425,0.6564014832178752,0.001,64,4,2,128,0.1,32,75,0.0,0.1,10,5,0.5,True,42
early_stopping_patience,10,101,101,5,0.6333543877258445,0.6439562181631724,0.001,64,4,2,128,0.1,32,75,0.0,0.1,10,5,0.5,True,42
early_stopping_patience,10,101,101,6,0.6184020349473665,0.6407696525255839,0.001,64,4,2,128,0.1,32,75,0.0,0.1,10,5,0.5,True,42
early_stopping_patience,10,101,101,7,0.6060189697327036,0.6741513609886169,0.001,64,4,2,128,0.1,32,75,0.0,0.1,10,5,0.5,True,42
early_stopping_patience,10,101,101,8,0.5998427484071616,0.6254529635111491,0.001,64,4,2,128,0.1,32,75,0.0,0.1,10,5,0.5,True,42
early_stopping_patience,10,101,101,9,0.5959277101086847,0.6406686782836915,0.001,64,4,2,128,0.1,32,75,0.0,0.1,10,5,0.5,True,42
early_stopping_patience,10,101,101,10,0.5707860638697942,0.617311696211497,0.001,64,4,2,128,0.1,32,75,0.0,0.1,10,5,0.5,True,42
early_stopping_patience,10,101,101,11,0.5646289620887149,0.6135160466035207,0.001,64,4,2,128,0.1,32,75,0.0,0.1,10,5,0.5,True,42
early_stopping_patience,10,101,101,12,0.5514063627430887,0.6572727680206298,0.001,64,4,2,128,0.1,32,75,0.0,0.1,10,5,0.5,True,42
early_stopping_patience,10,101,101,13,0.5361323216647813,0.6419049282868703,0.001,64,4,2,128,0.1,32,75,0.0,0.1,10,5,0.5,True,42
early_stopping_patience,10,101,101,14,0.5224721388834895,0.6408888399600983,0.001,64,4,2,128,0.1,32,75,0.0,0.1,10,5,0.5,True,42
early_stopping_patience,10,101,101,15,0.5172123405517954,0.6475865681966145,0.001,64,4,2,128,0.1,32,75,0.0,0.1,10,5,0.5,True,42
early_stopping_patience,10,101,101,16,0.47948553413152695,0.6915116846561432,0.001,64,4,2,128,0.1,32,75,0.0,0.1,10,5,0.5,True,42
early_stopping_patience,10,101,101,17,0.4643048629390471,0.7089737514654796,0.001,64,4,2,128,0.1,32,75,0.0,0.1,10,5,0.5,True,42
early_stopping_patience,10,101,101,18,0.3974076769117153,0.7818895022074381,0.001,64,4,2,128,0.1,32,75,0.0,0.1,10,5,0.5,True,42
early_stopping_patience,10,101,101,19,0.36335469962972583,0.738808669646581,0.001,64,4,2,128,0.1,32,75,0.0,0.1,10,5,0.5,True,42
early_stopping_patience,10,101,101,20,0.34302887173764635,0.8355521261692047,0.001,64,4,2,128,0.1,32,75,0.0,0.1,10,5,0.5,True,42
early_stopping_patience,10,101,101,21,0.328624632322427,0.8906436443328858,0.001,64,4,2,128,0.1,32,75,0.0,0.1,10,5,0.5,True,42
early_stopping_patience,10,102,102,1,0.6922706094655123,0.6817184329032898,0.001,64,4,2,128,0.1,32,75,0.0,0.1,10,5,0.5,True,42
early_stopping_patience,10,102,102,2,0.6641449729601542,0.661369788646698,0.001,64,4,2,128,0.1,32,75,0.0,0.1,10,5,0.5,True,42
early_stopping_patience,10,102,102,3,0.641822585553834,0.6466622551282247,0.001,64,4,2,128,0.1,32,75,0.0,0.1,10,5,0.5,True,42
early_stopping_patience,10,102,102,4,0.6286523294719782,0.6669131577014923,0.001,64,4,2,128,0.1,32,75,0.0,0.1,10,5,0.5,True,42
early_stopping_patience,10,102,102,5,0.615088560138688,0.6456796050071716,0.001,64,4,2,128,0.1,32,75,0.0,0.1,10,5,0.5,True,42
early_stopping_patience,10,102,102,6,0.6093933950319435,0.649449106057485,0.001,64,4,2,128,0.1,32,75,0.0,0.1,10,5,0.5,True,42
early_stopping_patience,10,102,102,7,0.5970058276346235,0.6326856156190236,0.001,64,4,2,128,0.1,32,75,0.0,0.1,10,5,0.5,True,42
early_stopping_patience,10,102,102,8,0.5903005977020119,0.6454876303672791,0.001,64,4,2,128,0.1,32,75,0.0,0.1,10,5,0.5,True,42
early_stopping_patience,10,102,102,9,0.5672968885663784,0.6591711521148682,0.001,64,4,2,128,0.1,32,75,0.0,0.1,10,5,0.5,True,42
early_stopping_patience,10,102,102,10,0.5743546874234171,0.6459998230139414,0.001,64,4,2,128,0.1,32,75,0.0,0.1,10,5,0.5,True,42
early_stopping_patience,10,102,102,11,0.5477717877788977,0.6256364782651266,0.001,64,4,2,128,0.1,32,75,0.0,0.1,10,5,0.5,True,42
early_stopping_patience,10,102,102,12,0.5302606297261787,0.6160753309726715,0.001,64,4,2,128,0.1,32,75,0.0,0.1,10,5,0.5,True,42
early_stopping_patience,10,102,102,13,0.534120285601327,0.6762795388698578,0.001,64,4,2,128,0.1,32,75,0.0,0.1,10,5,0.5,True,42
early_stopping_patience,10,102,102,14,0.5062432142369675,0.6871299922466279,0.001,64,4,2,128,0.1,32,75,0.0,0.1,10,5,0.5,True,42
early_stopping_patience,10,102,102,15,0.47970872643319046,0.6707838733990987,0.001,64,4,2,128,0.1,32,75,0.0,0.1,10,5,0.5,True,42
early_stopping_patience,10,102,102,16,0.4674951729900909,0.7054676532745361,0.001,64,4,2,128,0.1,32,75,0.0,0.1,10,5,0.5,True,42
early_stopping_patience,10,102,102,17,0.44547244025902316,0.7748043080170949,0.001,64,4,2,128,0.1,32,75,0.0,0.1,10,5,0.5,True,42
early_stopping_patience,10,102,102,18,0.41854961611556285,0.7914115985234579,0.001,64,4,2,128,0.1,32,75,0.0,0.1,10,5,0.5,True,42
early_stopping_patience,10,102,102,19,0.3505647960260059,0.8792702913284302,0.001,64,4,2,128,0.1,32,75,0.0,0.1,10,5,0.5,True,42
early_stopping_patience,10,102,102,20,0.3261638760115161,0.9154199083646138,0.001,64,4,2,128,0.1,32,75,0.0,0.1,10,5,0.5,True,42
early_stopping_patience,10,102,102,21,0.3078162469760035,0.9835923790931702,0.001,64,4,2,128,0.1,32,75,0.0,0.1,10,5,0.5,True,42
early_stopping_patience,10,102,102,22,0.29780522581528535,0.9624243716398875,0.001,64,4,2,128,0.1,32,75,0.0,0.1,10,5,0.5,True,42
early_stopping_patience,10,103,103,1,0.7008583279270114,0.6807387034098308,0.001,64,4,2,128,0.1,32,75,0.0,0.1,10,5,0.5,True,42
early_stopping_patience,10,103,103,2,0.6713946294603925,0.653658386071523,0.001,64,4,2,128,0.1,32,75,0.0,0.1,10,5,0.5,True,42
early_stopping_patience,10,103,103,3,0.637303382835605,0.6254116654396057,0.001,64,4,2,128,0.1,32,75,0.0,0.1,10,5,0.5,True,42
early_stopping_patience,10,103,103,4,0.623379723592238,0.6239204446474711,0.001,64,4,2,128,0.1,32,75,0.0,0.1,10,5,0.5,True,42
early_stopping_patience,10,103,103,5,0.6228142468766733,0.6406681835651398,0.001,64,4,2,128,0.1,32,75,0.0,0.1,10,5,0.5,True,42
early_stopping_patience,10,103,103,6,0.6139253075375701,0.6341169754664103,0.001,64,4,2,128,0.1,32,75,0.0,0.1,10,5,0.5,True,42
early_stopping_patience,10,103,103,7,0.6042699208765319,0.6462916533152262,0.001,64,4,2,128,0.1,32,75,0.0,0.1,10,5,0.5,True,42
early_stopping_patience,10,103,103,8,0.5903771517403198,0.6337819615999858,0.001,64,4,2,128,0.1,32,75,0.0,0.1,10,5,0.5,True,42
early_stopping_patience,10,103,103,9,0.5749076119426525,0.6479692757129669,0.001,64,4,2,128,0.1,32,75,0.0,0.1,10,5,0.5,True,42
early_stopping_patience,10,103,103,10,0.5752885781905868,0.6446863273779552,0.001,64,4,2,128,0.1,32,75,0.0,0.1,10,5,0.5,True,42
early_stopping_patience,10,103,103,11,0.5411777399254568,0.6554853737354278,0.001,64,4,2,128,0.1,32,75,0.0,0.1,10,5,0.5,True,42
early_stopping_patience,10,103,103,12,0.5199257173773014,0.6789522767066956,0.001,64,4,2,128,0.1,32,75,0.0,0.1,10,5,0.5,True,42
early_stopping_patience,10,103,103,13,0.5014062137766317,0.7181877712408702,0.001,64,4,2,128,0.1,32,75,0.0,0.1,10,5,0.5,True,42
early_stopping_patience,10,103,103,14,0.490498333040512,0.7157685279846191,0.001,64,4,2,128,0.1,32,75,0.0,0.1,10,5,0.5,True,42
early_stopping_patience,10,104,104,1,0.6897287684859652,0.6654970566431682,0.001,64,4,2,128,0.1,32,75,0.0,0.1,10,5,0.5,True,42
early_stopping_patience,10,104,104,2,0.6589612739555764,0.6405492643515269,0.001,64,4,2,128,0.1,32,75,0.0,0.1,10,5,0.5,True,42
early_stopping_patience,10,104,104,3,0.6404932193232306,0.6442409296830495,0.001,64,4,2,128,0.1,32,75,0.0,0.1,10,5,0.5,True,42
early_stopping_patience,10,104,104,4,0.6213305190657125,0.6393205126126608,0.001,64,4,2,128,0.1,32,75,0.0,0.1,10,5,0.5,True,42
early_stopping_patience,10,104,104,5,0.6038808915199656,0.6293295621871948,0.001,64,4,2,128,0.1,32,75,0.0,0.1,10,5,0.5,True,42
early_stopping_patience,10,104,104,6,0.6020422625270757,0.6369248747825622,0.001,64,4,2,128,0.1,32,75,0.0,0.1,10,5,0.5,True,42
early_stopping_patience,10,104,104,7,0.5973497556917595,0.6291447381178538,0.001,64,4,2,128,0.1,32,75,0.0,0.1,10,5,0.5,True,42
early_stopping_patience,10,104,104,8,0.5852737119703582,0.6639530062675476,0.001,64,4,2,128,0.1,32,75,0.0,0.1,10,5,0.5,True,42
early_stopping_patience,10,104,104,9,0.5756165933879939,0.6298224945863088,0.001,64,4,2,128,0.1,32,75,0.0,0.1,10,5,0.5,True,42
early_stopping_patience,10,104,104,10,0.5605623839479504,0.6395005921522776,0.001,64,4,2,128,0.1,32,75,0.0,0.1,10,5,0.5,True,42
early_stopping_patience,10,104,104,11,0.5527506351019397,0.6076851129531861,0.001,64,4,2,128,0.1,32,75,0.0,0.1,10,5,0.5,True,42
early_stopping_patience,10,104,104,12,0.5326109284704382,0.636285658677419,0.001,64,4,2,128,0.1,32,75,0.0,0.1,10,5,0.5,True,42
early_stopping_patience,10,104,104,13,0.5165156480489355,0.6180543462435405,0.001,64,4,2,128,0.1,32,75,0.0,0.1,10,5,0.5,True,42
early_stopping_patience,10,104,104,14,0.5017512540022532,0.6859751641750336,0.001,64,4,2,128,0.1,32,75,0.0,0.1,10,5,0.5,True,42
early_stopping_patience,10,104,104,15,0.48627774011005054,0.6410831113656362,0.001,64,4,2,128,0.1,32,75,0.0,0.1,10,5,0.5,True,42
early_stopping_patience,10,104,104,16,0.46763272312554444,0.715613047281901,0.001,64,4,2,128,0.1,32,75,0.0,0.1,10,5,0.5,True,42
early_stopping_patience,10,104,104,17,0.4603095350391937,0.71043994029363,0.001,64,4,2,128,0.1,32,75,0.0,0.1,10,5,0.5,True,42
early_stopping_patience,10,104,104,18,0.3760815543884581,0.7698657989501954,0.001,64,4,2,128,0.1,32,75,0.0,0.1,10,5,0.5,True,42
early_stopping_patience,10,104,104,19,0.3553276834162799,0.7617719213167826,0.001,64,4,2,128,0.1,32,75,0.0,0.1,10,5,0.5,True,42
early_stopping_patience,10,104,104,20,0.3249010072287285,0.8213896910349529,0.001,64,4,2,128,0.1,32,75,0.0,0.1,10,5,0.5,True,42
early_stopping_patience,10,104,104,21,0.31403304918697383,0.8153065085411072,0.001,64,4,2,128,0.1,32,75,0.0,0.1,10,5,0.5,True,42
early_stopping_patience,10,105,105,1,0.6920233219861984,0.679527481396993,0.001,64,4,2,128,0.1,32,75,0.0,0.1,10,5,0.5,True,42
early_stopping_patience,10,105,105,2,0.6597055874087594,0.6736457824707032,0.001,64,4,2,128,0.1,32,75,0.0,0.1,10,5,0.5,True,42
early_stopping_patience,10,105,105,3,0.6409892597884843,0.6635974923769633,0.001,64,4,2,128,0.1,32,75,0.0,0.1,10,5,0.5,True,42
early_stopping_patience,10,105,105,4,0.6205160554611322,0.7180701275666554,0.001,64,4,2,128,0.1,32,75,0.0,0.1,10,5,0.5,True,42
early_stopping_patience,10,105,105,5,0.6154771316232104,0.6702808936436971,0.001,64,4,2,128,0.1,32,75,0.0,0.1,10,5,0.5,True,42
early_stopping_patience,10,105,105,6,0.6067692829352437,0.6554840485254924,0.001,64,4,2,128,0.1,32,75,0.0,0.1,10,5,0.5,True,42
early_stopping_patience,10,105,105,7,0.6036587786493879,0.6587745269139608,0.001,64,4,2,128,0.1,32,75,0.0,0.1,10,5,0.5,True,42
early_stopping_patience,10,105,105,8,0.5827594139810764,0.6772824962933858,0.001,64,4,2,128,0.1,32,75,0.0,0.1,10,5,0.5,True,42
early_stopping_patience,10,105,105,9,0.5743388244600007,0.6684391180674235,0.001,64,4,2,128,0.1,32,75,0.0,0.1,10,5,0.5,True,42
early_stopping_patience,10,105,105,10,0.5578584546844164,0.6609913686911265,0.001,64,4,2,128,0.1,32,75,0.0,0.1,10,5,0.5,True,42
early_stopping_patience,10,105,105,11,0.5468357939160231,0.7335446596145629,0.001,64,4,2,128,0.1,32,75,0.0,0.1,10,5,0.5,True,42
early_stopping_patience,10,105,105,12,0.5297297465078759,0.6968973378340403,0.001,64,4,2,128,0.1,32,75,0.0,0.1,10,5,0.5,True,42
early_stopping_patience,10,105,105,13,0.4865378432653167,0.7339040557543437,0.001,64,4,2,128,0.1,32,75,0.0,0.1,10,5,0.5,True,42
early_stopping_patience,10,105,105,14,0.46298117664727295,0.7690135618050893,0.001,64,4,2,128,0.1,32,75,0.0,0.1,10,5,0.5,True,42
early_stopping_patience,10,105,105,15,0.4549155483643214,0.7985122958819072,0.001,64,4,2,128,0.1,32,75,0.0,0.1,10,5,0.5,True,42
early_stopping_patience,10,105,105,16,0.4294435881981344,0.8030189673105875,0.001,64,4,2,128,0.1,32,75,0.0,0.1,10,5,0.5,True,42
early_stopping_patience,10,106,106,1,0.6915061446753415,0.7006669600804647,0.001,64,4,2,128,0.1,32,75,0.0,0.1,10,5,0.5,True,42
early_stopping_patience,10,106,106,2,0.6652390663370942,0.6408499916394551,0.001,64,4,2,128,0.1,32,75,0.0,0.1,10,5,0.5,True,42
early_stopping_patience,10,106,106,3,0.6412111168557947,0.6326191624005636,0.001,64,4,2,128,0.1,32,75,0.0,0.1,10,5,0.5,True,42
early_stopping_patience,10,106,106,4,0.6234358944224588,0.6223750432332357,0.001,64,4,2,128,0.1,32,75,0.0,0.1,10,5,0.5,True,42
early_stopping_patience,10,106,106,5,0.6137062017664765,0.6393608490626017,0.001,64,4,2,128,0.1,32,75,0.0,0.1,10,5,0.5,True,42
early_stopping_patience,10,106,106,6,0.6030011797944704,0.6736578643321991,0.001,64,4,2,128,0.1,32,75,0.0,0.1,10,5,0.5,True,42
early_stopping_patience,10,106,106,7,0.5960418850635038,0.6249536057313283,0.001,64,4,2,128,0.1,32,75,0.0,0.1,10,5,0.5,True,42
early_stopping_patience,10,106,106,8,0.5856525046807347,0.6184941470623017,0.001,64,4,2,128,0.1,32,75,0.0,0.1,10,5,0.5,True,42
early_stopping_patience,10,106,106,9,0.5739485117973704,0.6356926818688711,0.001,64,4,2,128,0.1,32,75,0.0,0.1,10,5,0.5,True,42
early_stopping_patience,10,106,106,10,0.56422893883604,0.6790939788023631,0.001,64,4,2,128,0.1,32,75,0.0,0.1,10,5,0.5,True,42
early_stopping_patience,10,106,106,11,0.549918401873473,0.6534370402495067,0.001,64,4,2,128,0.1,32,75,0.0,0.1,10,5,0.5,True,42
early_stopping_patience,10,106,106,12,0.5386040991905964,0.7176453948020936,0.001,64,4,2,128,0.1,32,75,0.0,0.1,10,5,0.5,True,42
early_stopping_patience,10,106,106,13,0.5189920047467406,0.7210163354873658,0.001,64,4,2,128,0.1,32,75,0.0,0.1,10,5,0.5,True,42
early_stopping_patience,10,106,106,14,0.49221780173706287,0.6752671976884206,0.001,64,4,2,128,0.1,32,75,0.0,0.1,10,5,0.5,True,42
early_stopping_patience,10,106,106,15,0.44145138471415546,0.7143207550048828,0.001,64,4,2,128,0.1,32,75,0.0,0.1,10,5,0.5,True,42
early_stopping_patience,10,106,106,16,0.4035536801498948,0.7963183164596558,0.001,64,4,2,128,0.1,32,75,0.0,0.1,10,5,0.5,True,42
early_stopping_patience,10,106,106,17,0.3900810590747631,0.7777118861675263,0.001,64,4,2,128,0.1,32,75,0.0,0.1,10,5,0.5,True,42
early_stopping_patience,10,106,106,18,0.3838332205107718,0.825083061059316,0.001,64,4,2,128,0.1,32,75,0.0,0.1,10,5,0.5,True,42
early_stopping_patience,10,107,107,1,0.7001842468073873,0.6779551188151042,0.001,64,4,2,128,0.1,32,75,0.0,0.1,10,5,0.5,True,42
early_stopping_patience,10,107,107,2,0.668226653879339,0.6369359612464904,0.001,64,4,2,128,0.1,32,75,0.0,0.1,10,5,0.5,True,42
early_stopping_patience,10,107,107,3,0.6474242722897818,0.6370554606119792,0.001,64,4,2,128,0.1,32,75,0.0,0.1,10,5,0.5,True,42
early_stopping_patience,10,107,107,4,0.6205171732739969,0.6302547335624695,0.001,64,4,2,128,0.1,32,75,0.0,0.1,10,5,0.5,True,42
early_stopping_patience,10,107,107,5,0.6185942416389784,0.6172928929328918,0.001,64,4,2,128,0.1,32,75,0.0,0.1,10,5,0.5,True,42
early_stopping_patience,10,107,107,6,0.60323599477609,0.6224271913369497,0.001,64,4,2,128,0.1,32,75,0.0,0.1,10,5,0.5,True,42
early_stopping_patience,10,107,107,7,0.5907668866442911,0.634364914894104,0.001,64,4,2,128,0.1,32,75,0.0,0.1,10,5,0.5,True,42
early_stopping_patience,10,107,107,8,0.5866815949028189,0.6647525529066721,0.001,64,4,2,128,0.1,32,75,0.0,0.1,10,5,0.5,True,42
early_stopping_patience,10,107,107,9,0.5766225841009256,0.6139429807662964,0.001,64,4,2,128,0.1,32,75,0.0,0.1,10,5,0.5,True,42
early_stopping_patience,10,107,107,10,0.5636499162876245,0.7535978525876998,0.001,64,4,2,128,0.1,32,75,0.0,0.1,10,5,0.5,True,42
early_stopping_patience,10,107,107,11,0.5460602835272298,0.6426318248112997,0.001,64,4,2,128,0.1,32,75,0.0,0.1,10,5,0.5,True,42
early_stopping_patience,10,107,107,12,0.5258978492382801,0.6503112773100536,0.001,64,4,2,128,0.1,32,75,0.0,0.1,10,5,0.5,True,42
early_stopping_patience,10,107,107,13,0.505142309674711,0.663190507888794,0.001,64,4,2,128,0.1,32,75,0.0,0.1,10,5,0.5,True,42
early_stopping_patience,10,107,107,14,0.4918211946884791,0.7200743635495503,0.001,64,4,2,128,0.1,32,75,0.0,0.1,10,5,0.5,True,42
early_stopping_patience,10,107,107,15,0.4732598298878381,0.8038138608137767,0.001,64,4,2,128,0.1,32,75,0.0,0.1,10,5,0.5,True,42
early_stopping_patience,10,107,107,16,0.40388170618451,0.8142714063326518,0.001,64,4,2,128,0.1,32,75,0.0,0.1,10,5,0.5,True,42
early_stopping_patience,10,107,107,17,0.36768855730240996,0.8662937998771667,0.001,64,4,2,128,0.1,32,75,0.0,0.1,10,5,0.5,True,42
early_stopping_patience,10,107,107,18,0.3560603784792351,0.8575362245241801,0.001,64,4,2,128,0.1,32,75,0.0,0.1,10,5,0.5,True,42
early_stopping_patience,10,107,107,19,0.32324637077523,1.0322543541590372,0.001,64,4,2,128,0.1,32,75,0.0,0.1,10,5,0.5,True,42
early_stopping_patience,10,108,108,1,0.6931688293363109,0.6761178016662598,0.001,64,4,2,128,0.1,32,75,0.0,0.1,10,5,0.5,True,42
early_stopping_patience,10,108,108,2,0.6635545596028819,0.6770348012447357,0.001,64,4,2,128,0.1,32,75,0.0,0.1,10,5,0.5,True,42
early_stopping_patience,10,108,108,3,0.6467886598724307,0.6482801914215088,0.001,64,4,2,128,0.1,32,75,0.0,0.1,10,5,0.5,True,42
early_stopping_patience,10,108,108,4,0.632248978497404,0.6473361372947692,0.001,64,4,2,128,0.1,32,75,0.0,0.1,10,5,0.5,True,42
early_stopping_patience,10,108,108,5,0.6342058895212231,0.6454515775044759,0.001,64,4,2,128,0.1,32,75,0.0,0.1,10,5,0.5,True,42
early_stopping_patience,10,108,108,6,0.6181475777517665,0.6622566978136698,0.001,64,4,2,128,0.1,32,75,0.0,0.1,10,5,0.5,True,42
early_stopping_patience,10,108,108,7,0.6149035847999833,0.651831183830897,0.001,64,4,2,128,0.1,32,75,0.0,0.1,10,5,0.5,True,42
early_stopping_patience,10,108,108,8,0.6010440811514854,0.6274408181508382,0.001,64,4,2,128,0.1,32,75,0.0,0.1,10,5,0.5,True,42
early_stopping_patience,10,108,108,9,0.5916559048222773,0.6394276221593221,0.001,64,4,2,128,0.1,32,75,0.0,0.1,10,5,0.5,True,42
early_stopping_patience,10,108,108,10,0.594478000971404,0.6588785886764527,0.001,64,4,2,128,0.1,32,75,0.0,0.1,10,5,0.5,True,42
early_stopping_patience,10,108,108,11,0.5720452309557886,0.6475971380869547,0.001,64,4,2,128,0.1,32,75,0.0,0.1,10,5,0.5,True,42
early_stopping_patience,10,108,108,12,0.5662689138994073,0.6308401465415955,0.001,64,4,2,128,0.1,32,75,0.0,0.1,10,5,0.5,True,42
early_stopping_patience,10,108,108,13,0.5485883648648406,0.6405802885691325,0.001,64,4,2,128,0.1,32,75,0.0,0.1,10,5,0.5,True,42
early_stopping_patience,10,108,108,14,0.5260564804528699,0.6519050319989522,0.001,64,4,2,128,0.1,32,75,0.0,0.1,10,5,0.5,True,42
early_stopping_patience,10,108,108,15,0.4794067559820233,0.6842353483041127,0.001,64,4,2,128,0.1,32,75,0.0,0.1,10,5,0.5,True,42
early_stopping_patience,10,108,108,16,0.46376282608870306,0.6922259549299876,0.001,64,4,2,128,0.1,32,75,0.0,0.1,10,5,0.5,True,42
early_stopping_patience,10,108,108,17,0.4302316829562187,0.7303217391173045,0.001,64,4,2,128,0.1,32,75,0.0,0.1,10,5,0.5,True,42
early_stopping_patience,10,108,108,18,0.4178819866342978,0.7581372261047363,0.001,64,4,2,128,0.1,32,75,0.0,0.1,10,5,0.5,True,42
early_stopping_patience,15,1,1,1,0.6954870196906003,0.6676784555117289,0.001,64,4,2,128,0.1,32,75,0.0,0.1,15,5,0.5,True,42
early_stopping_patience,15,1,1,2,0.6622366860057368,0.6657232920328776,0.001,64,4,2,128,0.1,32,75,0.0,0.1,15,5,0.5,True,42
early_stopping_patience,15,1,1,3,0.6490739051139716,0.6183201154073079,0.001,64,4,2,128,0.1,32,75,0.0,0.1,15,5,0.5,True,42
early_stopping_patience,15,1,1,4,0.6428880601218252,0.6147577504316966,0.001,64,4,2,128,0.1,32,75,0.0,0.1,15,5,0.5,True,42
early_stopping_patience,15,1,1,5,0.6236674801418276,0.5975186268488566,0.001,64,4,2,128,0.1,32,75,0.0,0.1,15,5,0.5,True,42
early_stopping_patience,15,1,1,6,0.6183051837213112,0.6020973960558573,0.001,64,4,2,128,0.1,32,75,0.0,0.1,15,5,0.5,True,42
early_stopping_patience,15,1,1,7,0.6082716085242502,0.61335129737854,0.001,64,4,2,128,0.1,32,75,0.0,0.1,15,5,0.5,True,42
early_stopping_patience,15,1,1,8,0.6080387063098677,0.6264153063297272,0.001,64,4,2,128,0.1,32,75,0.0,0.1,15,5,0.5,True,42
early_stopping_patience,15,1,1,9,0.5953183108658502,0.6000067094961802,0.001,64,4,2,128,0.1,32,75,0.0,0.1,15,5,0.5,True,42
early_stopping_patience,15,1,1,10,0.5852107669819485,0.6273430188496908,0.001,64,4,2,128,0.1,32,75,0.0,0.1,15,5,0.5,True,42
early_stopping_patience,15,1,1,11,0.5830045328898863,0.6173349102338155,0.001,64,4,2,128,0.1,32,75,0.0,0.1,15,5,0.5,True,42
early_stopping_patience,15,1,1,12,0.5416549798665624,0.6295603573322296,0.001,64,4,2,128,0.1,32,75,0.0,0.1,15,5,0.5,True,42
early_stopping_patience,15,1,1,13,0.5281509427410184,0.6215652287006378,0.001,64,4,2,128,0.1,32,75,0.0,0.1,15,5,0.5,True,42
early_stopping_patience,15,1,1,14,0.5167615307551442,0.6456533153851827,0.001,64,4,2,128,0.1,32,75,0.0,0.1,15,5,0.5,True,42
early_stopping_patience,15,1,1,15,0.4949019666422497,0.6544363001982371,0.001,64,4,2,128,0.1,32,75,0.0,0.1,15,5,0.5,True,42
early_stopping_patience,15,1,1,16,0.47903039554754895,0.6992933173974355,0.001,64,4,2,128,0.1,32,75,0.0,0.1,15,5,0.5,True,42
early_stopping_patience,15,1,1,17,0.46919471318974637,0.7000938733418782,0.001,64,4,2,128,0.1,32,75,0.0,0.1,15,5,0.5,True,42
early_stopping_patience,15,1,1,18,0.4185435607126265,0.7543465673923493,0.001,64,4,2,128,0.1,32,75,0.0,0.1,15,5,0.5,True,42
early_stopping_patience,15,1,1,19,0.40978309523427126,0.7361665109793345,0.001,64,4,2,128,0.1,32,75,0.0,0.1,15,5,0.5,True,42
early_stopping_patience,15,1,1,20,0.39074118266051466,0.7765450000762939,0.001,64,4,2,128,0.1,32,75,0.0,0.1,15,5,0.5,True,42
early_stopping_patience,15,2,2,1,0.697495829426881,0.67343856493632,0.001,64,4,2,128,0.1,32,75,0.0,0.1,15,5,0.5,True,42
early_stopping_patience,15,2,2,2,0.6688658558961117,0.6253531336784363,0.001,64,4,2,128,0.1,32,75,0.0,0.1,15,5,0.5,True,42
early_stopping_patience,15,2,2,3,0.6519636173139919,0.6079412341117859,0.001,64,4,2,128,0.1,32,75,0.0,0.1,15,5,0.5,True,42
early_stopping_patience,15,2,2,4,0.634208149756446,0.6208466629187266,0.001,64,4,2,128,0.1,32,75,0.0,0.1,15,5,0.5,True,42
early_stopping_patience,15,2,2,5,0.6203377610354712,0.6044086297353108,0.001,64,4,2,128,0.1,32,75,0.0,0.1,15,5,0.5,True,42
early_stopping_patience,15,2,2,6,0.6140250845840483,0.5868269443511963,0.001,64,4,2,128,0.1,32,75,0.0,0.1,15,5,0.5,True,42
early_stopping_patience,15,2,2,7,0.604072410726186,0.597500479221344,0.001,64,4,2,128,0.1,32,75,0.0,0.1,15,5,0.5,True,42
early_stopping_patience,15,2,2,8,0.5972382981668819,0.6051054358482361,0.001,64,4,2,128,0.1,32,75,0.0,0.1,15,5,0.5,True,42
early_stopping_patience,15,2,2,9,0.5883197856671882,0.6193891584873199,0.001,64,4,2,128,0.1,32,75,0.0,0.1,15,5,0.5,True,42
early_stopping_patience,15,2,2,10,0.5759598077698187,0.6087770422299703,0.001,64,4,2,128,0.1,32,75,0.0,0.1,15,5,0.5,True,42
early_stopping_patience,15,2,2,11,0.561855751005086,0.6139088908831278,0.001,64,4,2,128,0.1,32,75,0.0,0.1,15,5,0.5,True,42
early_stopping_patience,15,2,2,12,0.5507505883773168,0.6220067540804545,0.001,64,4,2,128,0.1,32,75,0.0,0.1,15,5,0.5,True,42
early_stopping_patience,15,2,2,13,0.5112397605271051,0.6297793865203858,0.001,64,4,2,128,0.1,32,75,0.0,0.1,15,5,0.5,True,42
early_stopping_patience,15,2,2,14,0.48308484504620236,0.6653291304906209,0.001,64,4,2,128,0.1,32,75,0.0,0.1,15,5,0.5,True,42
early_stopping_patience,15,2,2,15,0.47045572993881773,0.710258976618449,0.001,64,4,2,128,0.1,32,75,0.0,0.1,15,5,0.5,True,42
early_stopping_patience,15,2,2,16,0.4494518499934312,0.7044655621051789,0.001,64,4,2,128,0.1,32,75,0.0,0.1,15,5,0.5,True,42
early_stopping_patience,15,2,2,17,0.43336003612388263,0.7593734820683797,0.001,64,4,2,128,0.1,32,75,0.0,0.1,15,5,0.5,True,42
early_stopping_patience,15,2,2,18,0.4225844280286269,0.8434480190277099,0.001,64,4,2,128,0.1,32,75,0.0,0.1,15,5,0.5,True,42
early_stopping_patience,15,2,2,19,0.3817869849277265,0.8171834588050843,0.001,64,4,2,128,0.1,32,75,0.0,0.1,15,5,0.5,True,42
early_stopping_patience,15,2,2,20,0.3499830491615064,0.9329813559850056,0.001,64,4,2,128,0.1,32,75,0.0,0.1,15,5,0.5,True,42
early_stopping_patience,15,2,2,21,0.348229480625102,0.9294350703557333,0.001,64,4,2,128,0.1,32,75,0.0,0.1,15,5,0.5,True,42
early_stopping_patience,15,3,3,1,0.696465526566361,0.6624153614044189,0.001,64,4,2,128,0.1,32,75,0.0,0.1,15,5,0.5,True,42
early_stopping_patience,15,3,3,2,0.6717447051496217,0.6305730660756429,0.001,64,4,2,128,0.1,32,75,0.0,0.1,15,5,0.5,True,42
early_stopping_patience,15,3,3,3,0.6552733679612478,0.6104766408602397,0.001,64,4,2,128,0.1,32,75,0.0,0.1,15,5,0.5,True,42
early_stopping_patience,15,3,3,4,0.6348781687292185,0.5876666903495789,0.001,64,4,2,128,0.1,32,75,0.0,0.1,15,5,0.5,True,42
early_stopping_patience,15,3,3,5,0.6225765478430372,0.6025073111057282,0.001,64,4,2,128,0.1,32,75,0.0,0.1,15,5,0.5,True,42
early_stopping_patience,15,3,3,6,0.6139542740402799,0.6089181542396546,0.001,64,4,2,128,0.1,32,75,0.0,0.1,15,5,0.5,True,42
early_stopping_patience,15,3,3,7,0.6057110595883746,0.5719408770402272,0.001,64,4,2,128,0.1,32,75,0.0,0.1,15,5,0.5,True,42
early_stopping_patience,15,3,3,8,0.5921857842441761,0.5987682223320008,0.001,64,4,2,128,0.1,32,75,0.0,0.1,15,5,0.5,True,42
early_stopping_patience,15,3,3,9,0.5839688974347982,0.5720204949378968,0.001,64,4,2,128,0.1,32,75,0.0,0.1,15,5,0.5,True,42
early_stopping_patience,15,3,3,10,0.5729528613614313,0.5957340319951375,0.001,64,4,2,128,0.1,32,75,0.0,0.1,15,5,0.5,True,42
early_stopping_patience,15,3,3,11,0.5675348621426206,0.584509418408076,0.001,64,4,2,128,0.1,32,75,0.0,0.1,15,5,0.5,True,42
early_stopping_patience,15,3,3,12,0.5591021852962899,0.638891323407491,0.001,64,4,2,128,0.1,32,75,0.0,0.1,15,5,0.5,True,42
early_stopping_patience,15,3,3,13,0.5395551868008844,0.5919783214728037,0.001,64,4,2,128,0.1,32,75,0.0,0.1,15,5,0.5,True,42
early_stopping_patience,15,3,3,14,0.49744518688230804,0.6211012204488119,0.001,64,4,2,128,0.1,32,75,0.0,0.1,15,5,0.5,True,42
early_stopping_patience,15,3,3,15,0.47052505228555563,0.655107569694519,0.001,64,4,2,128,0.1,32,75,0.0,0.1,15,5,0.5,True,42
early_stopping_patience,15,3,3,16,0.45147073472088034,0.6849860628445943,0.001,64,4,2,128,0.1,32,75,0.0,0.1,15,5,0.5,True,42
early_stopping_patience,15,3,3,17,0.4340333864092827,0.7259440163771311,0.001,64,4,2,128,0.1,32,75,0.0,0.1,15,5,0.5,True,42
early_stopping_patience,15,3,3,18,0.4212462469709642,0.7378712177276612,0.001,64,4,2,128,0.1,32,75,0.0,0.1,15,5,0.5,True,42
early_stopping_patience,15,3,3,19,0.39977242176731426,0.7131174782911937,0.001,64,4,2,128,0.1,32,75,0.0,0.1,15,5,0.5,True,42
early_stopping_patience,15,3,3,20,0.35340995443138207,0.8000047524770101,0.001,64,4,2,128,0.1,32,75,0.0,0.1,15,5,0.5,True,42
early_stopping_patience,15,3,3,21,0.3370669258363319,0.8625146269798278,0.001,64,4,2,128,0.1,32,75,0.0,0.1,15,5,0.5,True,42
early_stopping_patience,15,3,3,22,0.32497692616148427,0.8990570803483328,0.001,64,4,2,128,0.1,32,75,0.0,0.1,15,5,0.5,True,42
early_stopping_patience,15,4,4,1,0.6871767007943356,0.6546613693237304,0.001,64,4,2,128,0.1,32,75,0.0,0.1,15,5,0.5,True,42
early_stopping_patience,15,4,4,2,0.6552355483625875,0.6087804396947225,0.001,64,4,2,128,0.1,32,75,0.0,0.1,15,5,0.5,True,42
early_stopping_patience,15,4,4,3,0.6456562014240207,0.6421799500783284,0.001,64,4,2,128,0.1,32,75,0.0,0.1,15,5,0.5,True,42
early_stopping_patience,15,4,4,4,0.6223424740812995,0.617386148373286,0.001,64,4,2,128,0.1,32,75,0.0,0.1,15,5,0.5,True,42
early_stopping_patience,15,4,4,5,0.6238037009130825,0.5913835247357686,0.001,64,4,2,128,0.1,32,75,0.0,0.1,15,5,0.5,True,42
early_stopping_patience,15,4,4,6,0.6059103192705096,0.601701408624649,0.001,64,4,2,128,0.1,32,75,0.0,0.1,15,5,0.5,True,42
early_stopping_patience,15,4,4,7,0.6083427143819404,0.6025558729966481,0.001,64,4,2,128,0.1,32,75,0.0,0.1,15,5,0.5,True,42
early_stopping_patience,15,4,4,8,0.5939818202997699,0.6039661208788554,0.001,64,4,2,128,0.1,32,75,0.0,0.1,15,5,0.5,True,42
early_stopping_patience,15,4,4,9,0.5788780737555388,0.6496091246604919,0.001,64,4,2,128,0.1,32,75,0.0,0.1,15,5,0.5,True,42
early_stopping_patience,15,4,4,10,0.5706147023222663,0.6023756126562755,0.001,64,4,2,128,0.1,32,75,0.0,0.1,15,5,0.5,True,42
early_stopping_patience,15,4,4,11,0.5591036243872209,0.6308621962865194,0.001,64,4,2,128,0.1,32,75,0.0,0.1,15,5,0.5,True,42
early_stopping_patience,15,4,4,12,0.5173036686398766,0.620757536093394,0.001,64,4,2,128,0.1,32,75,0.0,0.1,15,5,0.5,True,42
early_stopping_patience,15,4,4,13,0.4877072708173232,0.6566885530948638,0.001,64,4,2,128,0.1,32,75,0.0,0.1,15,5,0.5,True,42
early_stopping_patience,15,4,4,14,0.4743472823139393,0.6463397900263469,0.001,64,4,2,128,0.1,32,75,0.0,0.1,15,5,0.5,True,42
early_stopping_patience,15,4,4,15,0.4572147931339163,0.6940296212832133,0.001,64,4,2,128,0.1,32,75,0.0,0.1,15,5,0.5,True,42
early_stopping_patience,15,4,4,16,0.4363676892085509,0.7145874639352162,0.001,64,4,2,128,0.1,32,75,0.0,0.1,15,5,0.5,True,42
early_stopping_patience,15,4,4,17,0.4305945275859399,0.7333045542240143,0.001,64,4,2,128,0.1,32,75,0.0,0.1,15,5,0.5,True,42
early_stopping_patience,15,4,4,18,0.3734805515092431,0.7965858320395152,0.001,64,4,2,128,0.1,32,75,0.0,0.1,15,5,0.5,True,42
early_stopping_patience,15,4,4,19,0.3614083499167905,0.8900424242019653,0.001,64,4,2,128,0.1,32,75,0.0,0.1,15,5,0.5,True,42
early_stopping_patience,15,4,4,20,0.35401690740025404,0.8058046857515971,0.001,64,4,2,128,0.1,32,75,0.0,0.1,15,5,0.5,True,42
early_stopping_patience,15,5,5,1,0.6955604449366078,0.6624972263971964,0.001,64,4,2,128,0.1,32,75,0.0,0.1,15,5,0.5,True,42
early_stopping_patience,15,5,5,2,0.6734111272927487,0.6570910215377808,0.001,64,4,2,128,0.1,32,75,0.0,0.1,15,5,0.5,True,42
early_stopping_patience,15,5,5,3,0.6460197992397078,0.6405374526977539,0.001,64,4,2,128,0.1,32,75,0.0,0.1,15,5,0.5,True,42
early_stopping_patience,15,5,5,4,0.6253687813878059,0.6259256442387898,0.001,64,4,2,128,0.1,32,75,0.0,0.1,15,5,0.5,True,42
early_stopping_patience,15,5,5,5,0.6138544913494226,0.6229415039221445,0.001,64,4,2,128,0.1,32,75,0.0,0.1,15,5,0.5,True,42
early_stopping_patience,15,5,5,6,0.6204404492269863,0.6166948199272155,0.001,64,4,2,128,0.1,32,75,0.0,0.1,15,5,0.5,True,42
early_stopping_patience,15,5,5,7,0.6023836187792547,0.6395650148391724,0.001,64,4,2,128,0.1,32,75,0.0,0.1,15,5,0.5,True,42
early_stopping_patience,15,5,5,8,0.5844489534695944,0.6817940433820089,0.001,64,4,2,128,0.1,32,75,0.0,0.1,15,5,0.5,True,42
early_stopping_patience,15,5,5,9,0.5873860229145397,0.6283921957015991,0.001,64,4,2,128,0.1,32,75,0.0,0.1,15,5,0.5,True,42
early_stopping_patience,15,5,5,10,0.574221990099459,0.625078554948171,0.001,64,4,2,128,0.1,32,75,0.0,0.1,15,5,0.5,True,42
early_stopping_patience,15,5,5,11,0.5630574095429797,0.6281885902086893,0.001,64,4,2,128,0.1,32,75,0.0,0.1,15,5,0.5,True,42
early_stopping_patience,15,5,5,12,0.5576180736675407,0.662205018599828,0.001,64,4,2,128,0.1,32,75,0.0,0.1,15,5,0.5,True,42
early_stopping_patience,15,5,5,13,0.5151560986132333,0.6849171817302704,0.001,64,4,2,128,0.1,32,75,0.0,0.1,15,5,0.5,True,42
early_stopping_patience,15,5,5,14,0.4924747002395717,0.7288120011488597,0.001,64,4,2,128,0.1,32,75,0.0,0.1,15,5,0.5,True,42
early_stopping_patience,15,5,5,15,0.4796711111610586,0.7232904851436615,0.001,64,4,2,128,0.1,32,75,0.0,0.1,15,5,0.5,True,42
early_stopping_patience,15,5,5,16,0.46477886695753445,0.7385941048463186,0.001,64,4,2,128,0.1,32,75,0.0,0.1,15,5,0.5,True,42
early_stopping_patience,15,5,5,17,0.44246483673200465,0.7801754732926687,0.001,64,4,2,128,0.1,32,75,0.0,0.1,15,5,0.5,True,42
early_stopping_patience,15,5,5,18,0.43512607117493945,0.781334004799525,0.001,64,4,2,128,0.1,32,75,0.0,0.1,15,5,0.5,True,42
early_stopping_patience,15,5,5,19,0.385720737955787,0.8511542975902557,0.001,64,4,2,128,0.1,32,75,0.0,0.1,15,5,0.5,True,42
early_stopping_patience,15,5,5,20,0.3686693349119389,0.8834342956542969,0.001,64,4,2,128,0.1,32,75,0.0,0.1,15,5,0.5,True,42
early_stopping_patience,15,5,5,21,0.3580601261646459,0.8780487398306529,0.001,64,4,2,128,0.1,32,75,0.0,0.1,15,5,0.5,True,42
early_stopping_patience,15,6,6,1,0.6942682469433005,0.6491429011027018,0.001,64,4,2,128,0.1,32,75,0.0,0.1,15,5,0.5,True,42
early_stopping_patience,15,6,6,2,0.6668123801549276,0.6485707581043243,0.001,64,4,2,128,0.1,32,75,0.0,0.1,15,5,0.5,True,42
early_stopping_patience,15,6,6,3,0.639348897970084,0.6066749691963196,0.001,64,4,2,128,0.1,32,75,0.0,0.1,15,5,0.5,True,42
early_stopping_patience,15,6,6,4,0.633662793672446,0.6070332050323486,0.001,64,4,2,128,0.1,32,75,0.0,0.1,15,5,0.5,True,42
early_stopping_patience,15,6,6,5,0.6199204788515063,0.6043135265509287,0.001,64,4,2,128,0.1,32,75,0.0,0.1,15,5,0.5,True,42
early_stopping_patience,15,6,6,6,0.6168357104514585,0.6036594887574513,0.001,64,4,2,128,0.1,32,75,0.0,0.1,15,5,0.5,True,42
early_stopping_patience,15,6,6,7,0.607222536973881,0.624346383412679,0.001,64,4,2,128,0.1,32,75,0.0,0.1,15,5,0.5,True,42
early_stopping_patience,15,6,6,8,0.5944445991154873,0.6013367652893067,0.001,64,4,2,128,0.1,32,75,0.0,0.1,15,5,0.5,True,42
early_stopping_patience,15,6,6,9,0.5834244340658188,0.6144314189751943,0.001,64,4,2,128,0.1,32,75,0.0,0.1,15,5,0.5,True,42
early_stopping_patience,15,6,6,10,0.57742929232843,0.6078706204891204,0.001,64,4,2,128,0.1,32,75,0.0,0.1,15,5,0.5,True,42
early_stopping_patience,15,6,6,11,0.5683612593195655,0.6002055446306864,0.001,64,4,2,128,0.1,32,75,0.0,0.1,15,5,0.5,True,42
early_stopping_patience,15,6,6,12,0.5461989503466722,0.621226680278778,0.001,64,4,2,128,0.1,32,75,0.0,0.1,15,5,0.5,True,42
early_stopping_patience,15,6,6,13,0.5434323571848146,0.6138927380243937,0.001,64,4,2,128,0.1,32,75,0.0,0.1,15,5,0.5,True,42
early_stopping_patience,15,6,6,14,0.5231630057096481,0.6242999951044719,0.001,64,4,2,128,0.1,32,75,0.0,0.1,15,5,0.5,True,42
early_stopping_patience,15,6,6,15,0.4986127472736619,0.6778047780195872,0.001,64,4,2,128,0.1,32,75,0.0,0.1,15,5,0.5,True,42
early_stopping_patience,15,6,6,16,0.48454099656506017,0.6585091809431712,0.001,64,4,2,128,0.1,32,75,0.0,0.1,15,5,0.5,True,42
early_stopping_patience,15,6,6,17,0.4659686652999936,0.7305982033411662,0.001,64,4,2,128,0.1,32,75,0.0,0.1,15,5,0.5,True,42
early_stopping_patience,15,6,6,18,0.39712410668532055,0.7569001456101735,0.001,64,4,2,128,0.1,32,75,0.0,0.1,15,5,0.5,True,42
early_stopping_patience,15,6,6,19,0.37104224876472447,0.760393750667572,0.001,64,4,2,128,0.1,32,75,0.0,0.1,15,5,0.5,True,42
early_stopping_patience,15,6,6,20,0.33904033131671674,0.8995435655117034,0.001,64,4,2,128,0.1,32,75,0.0,0.1,15,5,0.5,True,42
early_stopping_patience,15,6,6,21,0.32904450584090117,0.8562866926193238,0.001,64,4,2,128,0.1,32,75,0.0,0.1,15,5,0.5,True,42
early_stopping_patience,15,6,6,22,0.3058028481900692,0.963861592610677,0.001,64,4,2,128,0.1,32,75,0.0,0.1,15,5,0.5,True,42
early_stopping_patience,15,6,6,23,0.2915423038330945,0.94923002521197,0.001,64,4,2,128,0.1,32,75,0.0,0.1,15,5,0.5,True,42
early_stopping_patience,15,6,6,24,0.2507282225132892,1.0833564400672913,0.001,64,4,2,128,0.1,32,75,0.0,0.1,15,5,0.5,True,42
early_stopping_patience,15,6,6,25,0.234667821984851,1.0840921123822531,0.001,64,4,2,128,0.1,32,75,0.0,0.1,15,5,0.5,True,42
early_stopping_patience,15,6,6,26,0.21839739021026727,1.1473664164543151,0.001,64,4,2,128,0.1,32,75,0.0,0.1,15,5,0.5,True,42
early_stopping_patience,15,7,7,1,0.696233688881903,0.6657601793607076,0.001,64,4,2,128,0.1,32,75,0.0,0.1,15,5,0.5,True,42
early_stopping_patience,15,7,7,2,0.6666818717212388,0.6408413589000702,0.001,64,4,2,128,0.1,32,75,0.0,0.1,15,5,0.5,True,42
early_stopping_patience,15,7,7,3,0.6550369940020822,0.6166926900545756,0.001,64,4,2,128,0.1,32,75,0.0,0.1,15,5,0.5,True,42
early_stopping_patience,15,7,7,4,0.63395166758335,0.6737892677386602,0.001,64,4,2,128,0.1,32,75,0.0,0.1,15,5,0.5,True,42
early_stopping_patience,15,7,7,5,0.6259849188905774,0.6053480903307596,0.001,64,4,2,128,0.1,32,75,0.0,0.1,15,5,0.5,True,42
early_stopping_patience,15,7,7,6,0.6204528359301162,0.5802260319391886,0.001,64,4,2,128,0.1,32,75,0.0,0.1,15,5,0.5,True,42
early_stopping_patience,15,7,7,7,0.6152596299846967,0.5976635992527009,0.001,64,4,2,128,0.1,32,75,0.0,0.1,15,5,0.5,True,42
early_stopping_patience,15,7,7,8,0.6015819223089651,0.6040843149026235,0.001,64,4,2,128,0.1,32,75,0.0,0.1,15,5,0.5,True,42
early_stopping_patience,15,7,7,9,0.5901692509651184,0.5861250321070354,0.001,64,4,2,128,0.1,32,75,0.0,0.1,15,5,0.5,True,42
early_stopping_patience,15,7,7,10,0.5892682434483008,0.5910291771094004,0.001,64,4,2,128,0.1,32,75,0.0,0.1,15,5,0.5,True,42
early_stopping_patience,15,7,7,11,0.5756693617864088,0.6162344614664713,0.001,64,4,2,128,0.1,32,75,0.0,0.1,15,5,0.5,True,42
early_stopping_patience,15,7,7,12,0.5548376192649206,0.6244113326072693,0.001,64,4,2,128,0.1,32,75,0.0,0.1,15,5,0.5,True,42
early_stopping_patience,15,7,7,13,0.5139097887458224,0.6427677412827809,0.001,64,4,2,128,0.1,32,75,0.0,0.1,15,5,0.5,True,42
early_stopping_patience,15,7,7,14,0.49459782084732345,0.6756967445214589,0.001,64,4,2,128,0.1,32,75,0.0,0.1,15,5,0.5,True,42
early_stopping_patience,15,7,7,15,0.4751377035722588,0.6805000483989716,0.001,64,4,2,128,0.1,32,75,0.0,0.1,15,5,0.5,True,42
early_stopping_patience,15,7,7,16,0.45046281588800025,0.6905176560084025,0.001,64,4,2,128,0.1,32,75,0.0,0.1,15,5,0.5,True,42
early_stopping_patience,15,7,7,17,0.4426868630178047,0.7261525809764862,0.001,64,4,2,128,0.1,32,75,0.0,0.1,15,5,0.5,True,42
early_stopping_patience,15,7,7,18,0.4112110710279508,0.7724751472473145,0.001,64,4,2,128,0.1,32,75,0.0,0.1,15,5,0.5,True,42
early_stopping_patience,15,7,7,19,0.37106587433002214,0.8137062092622122,0.001,64,4,2,128,0.1,32,75,0.0,0.1,15,5,0.5,True,42
early_stopping_patience,15,7,7,20,0.3597709970605193,0.8765444993972779,0.001,64,4,2,128,0.1,32,75,0.0,0.1,15,5,0.5,True,42
early_stopping_patience,15,7,7,21,0.3529457805508917,0.868611208597819,0.001,64,4,2,128,0.1,32,75,0.0,0.1,15,5,0.5,True,42
early_stopping_patience,15,8,8,1,0.6917741926330508,0.6662032643953959,0.001,64,4,2,128,0.1,32,75,0.0,0.1,15,5,0.5,True,42
early_stopping_patience,15,8,8,2,0.6686644179351402,0.6526256521542867,0.001,64,4,2,128,0.1,32,75,0.0,0.1,15,5,0.5,True,42
early_stopping_patience,15,8,8,3,0.6511177650906823,0.6690755724906922,0.001,64,4,2,128,0.1,32,75,0.0,0.1,15,5,0.5,True,42
early_stopping_patience,15,8,8,4,0.6343950356046358,0.6468046764532726,0.001,64,4,2,128,0.1,32,75,0.0,0.1,15,5,0.5,True,42
early_stopping_patience,15,8,8,5,0.6305091940995419,0.6776580135027568,0.001,64,4,2,128,0.1,32,75,0.0,0.1,15,5,0.5,True,42
early_stopping_patience,15,8,8,6,0.6178825721144676,0.6154493351777395,0.001,64,4,2,128,0.1,32,75,0.0,0.1,15,5,0.5,True,42
early_stopping_patience,15,8,8,7,0.6053366107922612,0.6070637901624044,0.001,64,4,2,128,0.1,32,75,0.0,0.1,15,5,0.5,True,42
early_stopping_patience,15,8,8,8,0.5938102356863745,0.6043959617614746,0.001,64,4,2,128,0.1,32,75,0.0,0.1,15,5,0.5,True,42
early_stopping_patience,15,8,8,9,0.584288061116681,0.6155570566654205,0.001,64,4,2,128,0.1,32,75,0.0,0.1,15,5,0.5,True,42
early_stopping_patience,15,8,8,10,0.5793613145748774,0.6191474616527557,0.001,64,4,2,128,0.1,32,75,0.0,0.1,15,5,0.5,True,42
early_stopping_patience,15,8,8,11,0.5630726121140249,0.6169220546881358,0.001,64,4,2,128,0.1,32,75,0.0,0.1,15,5,0.5,True,42
early_stopping_patience,15,8,8,12,0.5419309888825272,0.6370299438635508,0.001,64,4,2,128,0.1,32,75,0.0,0.1,15,5,0.5,True,42
early_stopping_patience,15,8,8,13,0.536046460722432,0.6361263771851857,0.001,64,4,2,128,0.1,32,75,0.0,0.1,15,5,0.5,True,42
early_stopping_patience,15,8,8,14,0.5148227700229847,0.6764946301778157,0.001,64,4,2,128,0.1,32,75,0.0,0.1,15,5,0.5,True,42
early_stopping_patience,15,8,8,15,0.4635176161924998,0.7447937885920207,0.001,64,4,2,128,0.1,32,75,0.0,0.1,15,5,0.5,True,42
early_stopping_patience,15,8,8,16,0.43331654008590814,0.6900564213593801,0.001,64,4,2,128,0.1,32,75,0.0,0.1,15,5,0.5,True,42
early_stopping_patience,15,8,8,17,0.4127557013522495,0.7654943684736888,0.001,64,4,2,128,0.1,32,75,0.0,0.1,15,5,0.5,True,42
early_stopping_patience,15,8,8,18,0.4012471962381493,0.7560925702253978,0.001,64,4,2,128,0.1,32,75,0.0,0.1,15,5,0.5,True,42
early_stopping_patience,15,8,8,19,0.3703515435935873,0.8886053820451101,0.001,64,4,2,128,0.1,32,75,0.0,0.1,15,5,0.5,True,42
early_stopping_patience,15,8,8,20,0.3528614712483955,0.9383178909619649,0.001,64,4,2,128,0.1,32,75,0.0,0.1,15,5,0.5,True,42
early_stopping_patience,15,8,8,21,0.3162353187799454,1.019201550881068,0.001,64,4,2,128,0.1,32,75,0.0,0.1,15,5,0.5,True,42
early_stopping_patience,15,8,8,22,0.2948939911456722,1.0906513929367065,0.001,64,4,2,128,0.1,32,75,0.0,0.1,15,5,0.5,True,42
early_stopping_patience,15,8,8,23,0.28067644386354723,1.0684884587923686,0.001,64,4,2,128,0.1,32,75,0.0,0.1,15,5,0.5,True,42
early_stopping_patience,15,9,9,1,0.6942219549056255,0.6686977903048198,0.001,64,4,2,128,0.1,32,75,0.0,0.1,15,5,0.5,True,42
early_stopping_patience,15,9,9,2,0.6638864066564676,0.66912389198939,0.001,64,4,2,128,0.1,32,75,0.0,0.1,15,5,0.5,True,42
early_stopping_patience,15,9,9,3,0.6479146692788962,0.619069653749466,0.001,64,4,2,128,0.1,32,75,0.0,0.1,15,5,0.5,True,42
early_stopping_patience,15,9,9,4,0.6361311398672335,0.6177857518196106,0.001,64,4,2,128,0.1,32,75,0.0,0.1,15,5,0.5,True,42
early_stopping_patience,15,9,9,5,0.6251608085903254,0.6102331499258677,0.001,64,4,2,128,0.1,32,75,0.0,0.1,15,5,0.5,True,42
early_stopping_patience,15,9,9,6,0.616326765806386,0.6199025630950927,0.001,64,4,2,128,0.1,32,75,0.0,0.1,15,5,0.5,True,42
early_stopping_patience,15,9,9,7,0.6042295330853173,0.5994018673896789,0.001,64,4,2,128,0.1,32,75,0.0,0.1,15,5,0.5,True,42
early_stopping_patience,15,9,9,8,0.5924822744546514,0.5879085262616476,0.001,64,4,2,128,0.1,32,75,0.0,0.1,15,5,0.5,True,42
early_stopping_patience,15,9,9,9,0.5841119388739268,0.6163092056910197,0.001,64,4,2,128,0.1,32,75,0.0,0.1,15,5,0.5,True,42
early_stopping_patience,15,9,9,10,0.5787108170263695,0.6070806384086609,0.001,64,4,2,128,0.1,32,75,0.0,0.1,15,5,0.5,True,42
early_stopping_patience,15,9,9,11,0.5614622350443493,0.6187829871972402,0.001,64,4,2,128,0.1,32,75,0.0,0.1,15,5,0.5,True,42
early_stopping_patience,15,9,9,12,0.5520781368920298,0.6437661508719127,0.001,64,4,2,128,0.1,32,75,0.0,0.1,15,5,0.5,True,42
early_stopping_patience,15,9,9,13,0.5351136277119318,0.6561147193113963,0.001,64,4,2,128,0.1,32,75,0.0,0.1,15,5,0.5,True,42
early_stopping_patience,15,9,9,14,0.5101578797806393,0.6533933679262797,0.001,64,4,2,128,0.1,32,75,0.0,0.1,15,5,0.5,True,42
early_stopping_patience,15,9,9,15,0.46468628784923843,0.6830267806847891,0.001,64,4,2,128,0.1,32,75,0.0,0.1,15,5,0.5,True,42
early_stopping_patience,15,9,9,16,0.4353489874664581,0.6954022367795308,0.001,64,4,2,128,0.1,32,75,0.0,0.1,15,5,0.5,True,42
early_stopping_patience,15,9,9,17,0.41157071484309254,0.734624695777893,0.001,64,4,2,128,0.1,32,75,0.0,0.1,15,5,0.5,True,42
early_stopping_patience,15,9,9,18,0.39186588765093777,0.7856678287188212,0.001,64,4,2,128,0.1,32,75,0.0,0.1,15,5,0.5,True,42
early_stopping_patience,15,9,9,19,0.3687187481784459,0.8170976003011068,0.001,64,4,2,128,0.1,32,75,0.0,0.1,15,5,0.5,True,42
early_stopping_patience,15,9,9,20,0.35385201848817593,0.8901138424873352,0.001,64,4,2,128,0.1,32,75,0.0,0.1,15,5,0.5,True,42
early_stopping_patience,15,9,9,21,0.31586217631896335,0.9425774931907653,0.001,64,4,2,128,0.1,32,75,0.0,0.1,15,5,0.5,True,42
early_stopping_patience,15,9,9,22,0.2869044001016653,1.0044683039188385,0.001,64,4,2,128,0.1,32,75,0.0,0.1,15,5,0.5,True,42
early_stopping_patience,15,9,9,23,0.2787655715576627,1.0165351510047913,0.001,64,4,2,128,0.1,32,75,0.0,0.1,15,5,0.5,True,42
early_stopping_patience,15,10,10,1,0.6961359390706727,0.6647104223569235,0.001,64,4,2,128,0.1,32,75,0.0,0.1,15,5,0.5,True,42
early_stopping_patience,15,10,10,2,0.6712416496240732,0.6480577210585277,0.001,64,4,2,128,0.1,32,75,0.0,0.1,15,5,0.5,True,42
early_stopping_patience,15,10,10,3,0.6466047921867082,0.6199176947275797,0.001,64,4,2,128,0.1,32,75,0.0,0.1,15,5,0.5,True,42
early_stopping_patience,15,10,10,4,0.6354407532648607,0.6243043859799703,0.001,64,4,2,128,0.1,32,75,0.0,0.1,15,5,0.5,True,42
early_stopping_patience,15,10,10,5,0.6188138326009115,0.6027649958928426,0.001,64,4,2,128,0.1,32,75,0.0,0.1,15,5,0.5,True,42
early_stopping_patience,15,10,10,6,0.6101823607177446,0.5985975642999013,0.001,64,4,2,128,0.1,32,75,0.0,0.1,15,5,0.5,True,42
early_stopping_patience,15,10,10,7,0.6044236478028875,0.6007087151209514,0.001,64,4,2,128,0.1,32,75,0.0,0.1,15,5,0.5,True,42
early_stopping_patience,15,10,10,8,0.5934680560321519,0.5988578816254934,0.001,64,4,2,128,0.1,32,75,0.0,0.1,15,5,0.5,True,42
early_stopping_patience,15,10,10,9,0.5905953733758493,0.6245806018511454,0.001,64,4,2,128,0.1,32,75,0.0,0.1,15,5,0.5,True,42
early_stopping_patience,15,10,10,10,0.5771053839813579,0.656893664598465,0.001,64,4,2,128,0.1,32,75,0.0,0.1,15,5,0.5,True,42
early_stopping_patience,15,10,10,11,0.5634357717001077,0.6418282945950826,0.001,64,4,2,128,0.1,32,75,0.0,0.1,15,5,0.5,True,42
early_stopping_patience,15,10,10,12,0.5463966612111438,0.6269584119319915,0.001,64,4,2,128,0.1,32,75,0.0,0.1,15,5,0.5,True,42
early_stopping_patience,15,10,10,13,0.5033581493930384,0.6647046327590942,0.001,64,4,2,128,0.1,32,75,0.0,0.1,15,5,0.5,True,42
early_stopping_patience,15,10,10,14,0.47971791954654636,0.6736930906772614,0.001,64,4,2,128,0.1,32,75,0.0,0.1,15,5,0.5,True,42
early_stopping_patience,15,10,10,15,0.4578053032358487,0.7009049117565155,0.001,64,4,2,128,0.1,32,75,0.0,0.1,15,5,0.5,True,42
early_stopping_patience,15,10,10,16,0.4389138383169969,0.7840640584627787,0.001,64,4,2,128,0.1,32,75,0.0,0.1,15,5,0.5,True,42
early_stopping_patience,15,10,10,17,0.4240748505249168,0.8004894196987152,0.001,64,4,2,128,0.1,32,75,0.0,0.1,15,5,0.5,True,42
early_stopping_patience,15,10,10,18,0.40362026677890256,0.7714862823486328,0.001,64,4,2,128,0.1,32,75,0.0,0.1,15,5,0.5,True,42
early_stopping_patience,15,10,10,19,0.3602481903226087,0.821629281838735,0.001,64,4,2,128,0.1,32,75,0.0,0.1,15,5,0.5,True,42
early_stopping_patience,15,10,10,20,0.3381320344227733,0.9197804232438406,0.001,64,4,2,128,0.1,32,75,0.0,0.1,15,5,0.5,True,42
early_stopping_patience,15,10,10,21,0.33149061092373094,0.9432361046473186,0.001,64,4,2,128,0.1,32,75,0.0,0.1,15,5,0.5,True,42
early_stopping_patience,15,11,11,1,0.6899644904064409,0.6392612814903259,0.001,64,4,2,128,0.1,32,75,0.0,0.1,15,5,0.5,True,42
early_stopping_patience,15,11,11,2,0.6635789880246827,0.610313355922699,0.001,64,4,2,128,0.1,32,75,0.0,0.1,15,5,0.5,True,42
early_stopping_patience,15,11,11,3,0.642181910348661,0.5928640166918436,0.001,64,4,2,128,0.1,32,75,0.0,0.1,15,5,0.5,True,42
early_stopping_patience,15,11,11,4,0.6273827306700476,0.5865648984909058,0.001,64,4,2,128,0.1,32,75,0.0,0.1,15,5,0.5,True,42
early_stopping_patience,15,11,11,5,0.6178239292719148,0.5876863062381744,0.001,64,4,2,128,0.1,32,75,0.0,0.1,15,5,0.5,True,42
early_stopping_patience,15,11,11,6,0.6048403845140429,0.5840840061505636,0.001,64,4,2,128,0.1,32,75,0.0,0.1,15,5,0.5,True,42
early_stopping_patience,15,11,11,7,0.5966581839955214,0.5753709971904755,0.001,64,4,2,128,0.1,32,75,0.0,0.1,15,5,0.5,True,42
early_stopping_patience,15,11,11,8,0.5904065655036406,0.5888787309328715,0.001,64,4,2,128,0.1,32,75,0.0,0.1,15,5,0.5,True,42
early_stopping_patience,15,11,11,9,0.5832693628741034,0.5981448133786519,0.001,64,4,2,128,0.1,32,75,0.0,0.1,15,5,0.5,True,42
early_stopping_patience,15,11,11,10,0.5672888301990249,0.5938000420729319,0.001,64,4,2,128,0.1,32,75,0.0,0.1,15,5,0.5,True,42
early_stopping_patience,15,11,11,11,0.5462930796272827,0.6208504478136698,0.001,64,4,2,128,0.1,32,75,0.0,0.1,15,5,0.5,True,42
early_stopping_patience,15,11,11,12,0.5454104538216735,0.5918122748533885,0.001,64,4,2,128,0.1,32,75,0.0,0.1,15,5,0.5,True,42
early_stopping_patience,15,11,11,13,0.527605084307266,0.6923624098300933,0.001,64,4,2,128,0.1,32,75,0.0,0.1,15,5,0.5,True,42
early_stopping_patience,15,11,11,14,0.4769571170662389,0.6480166137218475,0.001,64,4,2,128,0.1,32,75,0.0,0.1,15,5,0.5,True,42
early_stopping_patience,15,11,11,15,0.4479543915526433,0.6957989076773325,0.001,64,4,2,128,0.1,32,75,0.0,0.1,15,5,0.5,True,42
early_stopping_patience,15,11,11,16,0.4318175096855019,0.6893928090731303,0.001,64,4,2,128,0.1,32,75,0.0,0.1,15,5,0.5,True,42
early_stopping_patience,15,11,11,17,0.41128090114304516,0.7366854071617126,0.001,64,4,2,128,0.1,32,75,0.0,0.1,15,5,0.5,True,42
early_stopping_patience,15,11,11,18,0.39058193462816154,0.77104385693868,0.001,64,4,2,128,0.1,32,75,0.0,0.1,15,5,0.5,True,42
early_stopping_patience,15,11,11,19,0.38277331784819113,0.7514202813307445,0.001,64,4,2,128,0.1,32,75,0.0,0.1,15,5,0.5,True,42
early_stopping_patience,15,11,11,20,0.3404943220543139,0.8149559775988261,0.001,64,4,2,128,0.1,32,75,0.0,0.1,15,5,0.5,True,42
early_stopping_patience,15,11,11,21,0.3148979504000057,0.8618993322054546,0.001,64,4,2,128,0.1,32,75,0.0,0.1,15,5,0.5,True,42
early_stopping_patience,15,11,11,22,0.30410000602855825,0.9356832385063172,0.001,64,4,2,128,0.1,32,75,0.0,0.1,15,5,0.5,True,42
early_stopping_patience,15,12,12,1,0.6967568614266135,0.6839915752410889,0.001,64,4,2,128,0.1,32,75,0.0,0.1,15,5,0.5,True,42
early_stopping_patience,15,12,12,2,0.6685447385816863,0.6538822948932648,0.001,64,4,2,128,0.1,32,75,0.0,0.1,15,5,0.5,True,42
early_stopping_patience,15,12,12,3,0.6548371608510162,0.6320110917091369,0.001,64,4,2,128,0.1,32,75,0.0,0.1,15,5,0.5,True,42
early_stopping_patience,15,12,12,4,0.629329935167775,0.6117760896682739,0.001,64,4,2,128,0.1,32,75,0.0,0.1,15,5,0.5,True,42
early_stopping_patience,15,12,12,5,0.6319748797651493,0.6394960184892019,0.001,64,4,2,128,0.1,32,75,0.0,0.1,15,5,0.5,True,42
early_stopping_patience,15,12,12,6,0.6107316107460947,0.6334957420825958,0.001,64,4,2,128,0.1,32,75,0.0,0.1,15,5,0.5,True,42
early_stopping_patience,15,12,12,7,0.6085347957683332,0.6378640989462535,0.001,64,4,2,128,0.1,32,75,0.0,0.1,15,5,0.5,True,42
early_stopping_patience,15,12,12,8,0.5995006518382014,0.6744502246379852,0.001,64,4,2,128,0.1,32,75,0.0,0.1,15,5,0.5,True,42
early_stopping_patience,15,12,12,9,0.5942542198480982,0.6387389083703359,0.001,64,4,2,128,0.1,32,75,0.0,0.1,15,5,0.5,True,42
early_stopping_patience,15,12,12,10,0.5875157431671114,0.6394752661387125,0.001,64,4,2,128,0.1,32,75,0.0,0.1,15,5,0.5,True,42
early_stopping_patience,15,12,12,11,0.5516358146613295,0.6593928774197896,0.001,64,4,2,128,0.1,32,75,0.0,0.1,15,5,0.5,True,42
early_stopping_patience,15,12,12,12,0.5376652872020548,0.6451960484186808,0.001,64,4,2,128,0.1,32,75,0.0,0.1,15,5,0.5,True,42
early_stopping_patience,15,12,12,13,0.5231674984097481,0.6812005778153737,0.001,64,4,2,128,0.1,32,75,0.0,0.1,15,5,0.5,True,42
early_stopping_patience,15,12,12,14,0.5132911776502928,0.694744078318278,0.001,64,4,2,128,0.1,32,75,0.0,0.1,15,5,0.5,True,42
early_stopping_patience,15,12,12,15,0.4991591547926267,0.707953691482544,0.001,64,4,2,128,0.1,32,75,0.0,0.1,15,5,0.5,True,42
early_stopping_patience,15,12,12,16,0.47882721279606677,0.7137128174304962,0.001,64,4,2,128,0.1,32,75,0.0,0.1,15,5,0.5,True,42
early_stopping_patience,15,12,12,17,0.44056190121354477,0.8134687264760335,0.001,64,4,2,128,0.1,32,75,0.0,0.1,15,5,0.5,True,42
early_stopping_patience,15,12,12,18,0.42636584230896196,0.7885168075561524,0.001,64,4,2,128,0.1,32,75,0.0,0.1,15,5,0.5,True,42
early_stopping_patience,15,12,12,19,0.4168855165216056,0.8097397287686666,0.001,64,4,2,128,0.1,32,75,0.0,0.1,15,5,0.5,True,42
early_stopping_patience,15,13,13,1,0.6884029891454813,0.6413761099179586,0.001,64,4,2,128,0.1,32,75,0.0,0.1,15,5,0.5,True,42
early_stopping_patience,15,13,13,2,0.6669597499298326,0.6193304240703583,0.001,64,4,2,128,0.1,32,75,0.0,0.1,15,5,0.5,True,42
early_stopping_patience,15,13,13,3,0.6382744833827019,0.6410173793633779,0.001,64,4,2,128,0.1,32,75,0.0,0.1,15,5,0.5,True,42
early_stopping_patience,15,13,13,4,0.6316704395594019,0.6079009731610616,0.001,64,4,2,128,0.1,32,75,0.0,0.1,15,5,0.5,True,42
early_stopping_patience,15,13,13,5,0.610222190618515,0.612396115064621,0.001,64,4,2,128,0.1,32,75,0.0,0.1,15,5,0.5,True,42
early_stopping_patience,15,13,13,6,0.6098144018288815,0.6243823846181233,0.001,64,4,2,128,0.1,32,75,0.0,0.1,15,5,0.5,True,42
early_stopping_patience,15,13,13,7,0.5981702849720464,0.5936216036478679,0.001,64,4,2,128,0.1,32,75,0.0,0.1,15,5,0.5,True,42
early_stopping_patience,15,13,13,8,0.5876939393805735,0.587771071990331,0.001,64,4,2,128,0.1,32,75,0.0,0.1,15,5,0.5,True,42
early_stopping_patience,15,13,13,9,0.577538348960154,0.6111181259155274,0.001,64,4,2,128,0.1,32,75,0.0,0.1,15,5,0.5,True,42
early_stopping_patience,15,13,13,10,0.5672561998168627,0.6311211725076039,0.001,64,4,2,128,0.1,32,75,0.0,0.1,15,5,0.5,True,42
early_stopping_patience,15,13,13,11,0.5650240496704073,0.619400680065155,0.001,64,4,2,128,0.1,32,75,0.0,0.1,15,5,0.5,True,42
early_stopping_patience,15,13,13,12,0.5373096025802873,0.6583175202210744,0.001,64,4,2,128,0.1,32,75,0.0,0.1,15,5,0.5,True,42
early_stopping_patience,15,13,13,13,0.524607569882364,0.6525812149047852,0.001,64,4,2,128,0.1,32,75,0.0,0.1,15,5,0.5,True,42
early_stopping_patience,15,13,13,14,0.5011312774184978,0.730909913778305,0.001,64,4,2,128,0.1,32,75,0.0,0.1,15,5,0.5,True,42
early_stopping_patience,15,13,13,15,0.45601654560728505,0.7309062321980794,0.001,64,4,2,128,0.1,32,75,0.0,0.1,15,5,0.5,True,42
early_stopping_patience,15,13,13,16,0.4321120015599511,0.7323250293731689,0.001,64,4,2,128,0.1,32,75,0.0,0.1,15,5,0.5,True,42
early_stopping_patience,15,13,13,17,0.40945999245300435,0.7637543340524038,0.001,64,4,2,128,0.1,32,75,0.0,0.1,15,5,0.5,True,42
early_stopping_patience,15,13,13,18,0.38873262172847084,0.8303849577903748,0.001,64,4,2,128,0.1,32,75,0.0,0.1,15,5,0.5,True,42
early_stopping_patience,15,13,13,19,0.3649070790093957,0.9755652983983357,0.001,64,4,2,128,0.1,32,75,0.0,0.1,15,5,0.5,True,42
early_stopping_patience,15,13,13,20,0.3484568760702104,0.9129753073056539,0.001,64,4,2,128,0.1,32,75,0.0,0.1,15,5,0.5,True,42
early_stopping_patience,15,13,13,21,0.2949423451315273,0.9702060500780741,0.001,64,4,2,128,0.1,32,75,0.0,0.1,15,5,0.5,True,42
early_stopping_patience,15,13,13,22,0.2858842388924324,1.0269971211751303,0.001,64,4,2,128,0.1,32,75,0.0,0.1,15,5,0.5,True,42
early_stopping_patience,15,13,13,23,0.26165603439916263,1.058032476902008,0.001,64,4,2,128,0.1,32,75,0.0,0.1,15,5,0.5,True,42
early_stopping_patience,15,14,14,1,0.6958908786376318,0.6686847567558288,0.001,64,4,2,128,0.1,32,75,0.0,0.1,15,5,0.5,True,42
early_stopping_patience,15,14,14,2,0.6578365817214503,0.6293962677319844,0.001,64,4,2,128,0.1,32,75,0.0,0.1,15,5,0.5,True,42
early_stopping_patience,15,14,14,3,0.6461483497511257,0.6299350241820018,0.001,64,4,2,128,0.1,32,75,0.0,0.1,15,5,0.5,True,42
early_stopping_patience,15,14,14,4,0.626951531478853,0.6121670246124268,0.001,64,4,2,128,0.1,32,75,0.0,0.1,15,5,0.5,True,42
early_stopping_patience,15,14,14,5,0.6172105911554713,0.648668913046519,0.001,64,4,2,128,0.1,32,75,0.0,0.1,15,5,0.5,True,42
early_stopping_patience,15,14,14,6,0.6006656487782797,0.6112251698970794,0.001,64,4,2,128,0.1,32,75,0.0,0.1,15,5,0.5,True,42
early_stopping_patience,15,14,14,7,0.594385714693503,0.6500906149546305,0.001,64,4,2,128,0.1,32,75,0.0,0.1,15,5,0.5,True,42
early_stopping_patience,15,14,14,8,0.588533727960153,0.6062997817993164,0.001,64,4,2,128,0.1,32,75,0.0,0.1,15,5,0.5,True,42
early_stopping_patience,15,14,14,9,0.5685436183756049,0.6279600620269775,0.001,64,4,2,128,0.1,32,75,0.0,0.1,15,5,0.5,True,42
early_stopping_patience,15,14,14,10,0.5573772309404431,0.6178080201148987,0.001,64,4,2,128,0.1,32,75,0.0,0.1,15,5,0.5,True,42
early_stopping_patience,15,14,14,11,0.5376696390184489,0.6491624315579733,0.001,64,4,2,128,0.1,32,75,0.0,0.1,15,5,0.5,True,42
early_stopping_patience,15,14,14,12,0.5332084788065968,0.6504929065704346,0.001,64,4,2,128,0.1,32,75,0.0,0.1,15,5,0.5,True,42
early_stopping_patience,15,14,14,13,0.5105567310344089,0.6699226359526317,0.001,64,4,2,128,0.1,32,75,0.0,0.1,15,5,0.5,True,42
early_stopping_patience,15,14,14,14,0.48473027845223743,0.6579763730367024,0.001,64,4,2,128,0.1,32,75,0.0,0.1,15,5,0.5,True,42
early_stopping_patience,15,14,14,15,0.42874640756935783,0.7019274393717448,0.001,64,4,2,128,0.1,32,75,0.0,0.1,15,5,0.5,True,42
early_stopping_patience,15,14,14,16,0.4042341399824981,0.7482111155986786,0.001,64,4,2,128,0.1,32,75,0.0,0.1,15,5,0.5,True,42
early_stopping_patience,15,14,14,17,0.3853761887911594,0.7789940615495046,0.001,64,4,2,128,0.1,32,75,0.0,0.1,15,5,0.5,True,42
early_stopping_patience,15,14,14,18,0.35698042697075644,0.8224369883537292,0.001,64,4,2,128,0.1,32,75,0.0,0.1,15,5,0.5,True,42
early_stopping_patience,15,14,14,19,0.34426350812568807,0.846740706761678,0.001,64,4,2,128,0.1,32,75,0.0,0.1,15,5,0.5,True,42
early_stopping_patience,15,14,14,20,0.3285694047808647,0.845752376317978,0.001,64,4,2,128,0.1,32,75,0.0,0.1,15,5,0.5,True,42
early_stopping_patience,15,14,14,21,0.2806742949919267,0.9520806610584259,0.001,64,4,2,128,0.1,32,75,0.0,0.1,15,5,0.5,True,42
early_stopping_patience,15,14,14,22,0.2619299676946618,1.025716280937195,0.001,64,4,2,128,0.1,32,75,0.0,0.1,15,5,0.5,True,42
early_stopping_patience,15,14,14,23,0.2514204695030595,1.0128766298294067,0.001,64,4,2,128,0.1,32,75,0.0,0.1,15,5,0.5,True,42
early_stopping_patience,15,15,15,1,0.7032891769300808,0.6843690037727356,0.001,64,4,2,128,0.1,32,75,0.0,0.1,15,5,0.5,True,42
early_stopping_patience,15,15,15,2,0.6677496157812349,0.6324617087841033,0.001,64,4,2,128,0.1,32,75,0.0,0.1,15,5,0.5,True,42
early_stopping_patience,15,15,15,3,0.643710821641214,0.5889570434888204,0.001,64,4,2,128,0.1,32,75,0.0,0.1,15,5,0.5,True,42
early_stopping_patience,15,15,15,4,0.6408665354053179,0.6011501371860504,0.001,64,4,2,128,0.1,32,75,0.0,0.1,15,5,0.5,True,42
early_stopping_patience,15,15,15,5,0.6206513645522522,0.5825131277243296,0.001,64,4,2,128,0.1,32,75,0.0,0.1,15,5,0.5,True,42
early_stopping_patience,15,15,15,6,0.6193805332436706,0.5905224323272705,0.001,64,4,2,128,0.1,32,75,0.0,0.1,15,5,0.5,True,42
early_stopping_patience,15,15,15,7,0.6089434497284166,0.5788813591003418,0.001,64,4,2,128,0.1,32,75,0.0,0.1,15,5,0.5,True,42
early_stopping_patience,15,15,15,8,0.5947682130517382,0.6008297383785248,0.001,64,4,2,128,0.1,32,75,0.0,0.1,15,5,0.5,True,42
early_stopping_patience,15,15,15,9,0.5920604587052808,0.5812821904818217,0.001,64,4,2,128,0.1,32,75,0.0,0.1,15,5,0.5,True,42
early_stopping_patience,15,15,15,10,0.5802341670249448,0.6007391075293224,0.001,64,4,2,128,0.1,32,75,0.0,0.1,15,5,0.5,True,42
early_stopping_patience,15,15,15,11,0.5744126881613876,0.6000889619191487,0.001,64,4,2,128,0.1,32,75,0.0,0.1,15,5,0.5,True,42
early_stopping_patience,15,15,15,12,0.5570998731436152,0.5818273206551869,0.001,64,4,2,128,0.1,32,75,0.0,0.1,15,5,0.5,True,42
early_stopping_patience,15,15,15,13,0.5486714029402444,0.6013242145379384,0.001,64,4,2,128,0.1,32,75,0.0,0.1,15,5,0.5,True,42
early_stopping_patience,15,15,15,14,0.5137090136607488,0.6108609060446422,0.001,64,4,2,128,0.1,32,75,0.0,0.1,15,5,0.5,True,42
early_stopping_patience,15,15,15,15,0.483919143902533,0.6113744934399923,0.001,64,4,2,128,0.1,32,75,0.0,0.1,15,5,0.5,True,42
early_stopping_patience,15,15,15,16,0.46778512531609245,0.6138424336910248,0.001,64,4,2,128,0.1,32,75,0.0,0.1,15,5,0.5,True,42
early_stopping_patience,15,15,15,17,0.45024835273171915,0.647407728433609,0.001,64,4,2,128,0.1,32,75,0.0,0.1,15,5,0.5,True,42
early_stopping_patience,15,15,15,18,0.4269743769457846,0.6976931512355804,0.001,64,4,2,128,0.1,32,75,0.0,0.1,15,5,0.5,True,42
early_stopping_patience,15,15,15,19,0.4072481140945897,0.7859657923380534,0.001,64,4,2,128,0.1,32,75,0.0,0.1,15,5,0.5,True,42
early_stopping_patience,15,15,15,20,0.37404703337586287,0.7431042710940043,0.001,64,4,2,128,0.1,32,75,0.0,0.1,15,5,0.5,True,42
early_stopping_patience,15,15,15,21,0.35257939745982486,0.7561067203680675,0.001,64,4,2,128,0.1,32,75,0.0,0.1,15,5,0.5,True,42
early_stopping_patience,15,15,15,22,0.3323825058160406,0.8056955416997273,0.001,64,4,2,128,0.1,32,75,0.0,0.1,15,5,0.5,True,42
early_stopping_patience,15,16,16,1,0.695197273384441,0.6973976870377858,0.001,64,4,2,128,0.1,32,75,0.0,0.1,15,5,0.5,True,42
early_stopping_patience,15,16,16,2,0.6622012420134111,0.636814820766449,0.001,64,4,2,128,0.1,32,75,0.0,0.1,15,5,0.5,True,42
early_stopping_patience,15,16,16,3,0.639406827363101,0.6608877738316854,0.001,64,4,2,128,0.1,32,75,0.0,0.1,15,5,0.5,True,42
early_stopping_patience,15,16,16,4,0.6337310644713315,0.6078731000423432,0.001,64,4,2,128,0.1,32,75,0.0,0.1,15,5,0.5,True,42
early_stopping_patience,15,16,16,5,0.6164763673688426,0.6166020671526591,0.001,64,4,2,128,0.1,32,75,0.0,0.1,15,5,0.5,True,42
early_stopping_patience,15,16,16,6,0.6144748709418557,0.6324114819367727,0.001,64,4,2,128,0.1,32,75,0.0,0.1,15,5,0.5,True,42
early_stopping_patience,15,16,16,7,0.6049430255185474,0.6246587713559468,0.001,64,4,2,128,0.1,32,75,0.0,0.1,15,5,0.5,True,42
early_stopping_patience,15,16,16,8,0.5960486273873936,0.6284153203169505,0.001,64,4,2,128,0.1,32,75,0.0,0.1,15,5,0.5,True,42
early_stopping_patience,15,16,16,9,0.5996660856586514,0.6178173879782359,0.001,64,4,2,128,0.1,32,75,0.0,0.1,15,5,0.5,True,42
early_stopping_patience,15,16,16,10,0.5862338854507967,0.6090325474739074,0.001,64,4,2,128,0.1,32,75,0.0,0.1,15,5,0.5,True,42
early_stopping_patience,15,16,16,11,0.5476744669404897,0.609334001938502,0.001,64,4,2,128,0.1,32,75,0.0,0.1,15,5,0.5,True,42
early_stopping_patience,15,16,16,12,0.542471161168633,0.6337660531202952,0.001,64,4,2,128,0.1,32,75,0.0,0.1,15,5,0.5,True,42
early_stopping_patience,15,16,16,13,0.5179043651530237,0.6455106933911642,0.001,64,4,2,128,0.1,32,75,0.0,0.1,15,5,0.5,True,42
early_stopping_patience,15,16,16,14,0.5031993991949342,0.6532272696495056,0.001,64,4,2,128,0.1,32,75,0.0,0.1,15,5,0.5,True,42
early_stopping_patience,15,16,16,15,0.4918092940792893,0.6614558100700378,0.001,64,4,2,128,0.1,32,75,0.0,0.1,15,5,0.5,True,42
early_stopping_patience,15,16,16,16,0.4700373047680566,0.6782337069511414,0.001,64,4,2,128,0.1,32,75,0.0,0.1,15,5,0.5,True,42
early_stopping_patience,15,16,16,17,0.4330204093095028,0.7334181825319926,0.001,64,4,2,128,0.1,32,75,0.0,0.1,15,5,0.5,True,42
early_stopping_patience,15,16,16,18,0.411343436349522,0.7511728247006734,0.001,64,4,2,128,0.1,32,75,0.0,0.1,15,5,0.5,True,42
early_stopping_patience,15,16,16,19,0.4046303288954677,0.7502217789491018,0.001,64,4,2,128,0.1,32,75,0.0,0.1,15,5,0.5,True,42
early_stopping_patience,15,17,17,1,0.6951030777259306,0.6666910926500956,0.001,64,4,2,128,0.1,32,75,0.0,0.1,15,5,0.5,True,42
early_stopping_patience,15,17,17,2,0.6690044877204028,0.6658342103163402,0.001,64,4,2,128,0.1,32,75,0.0,0.1,15,5,0.5,True,42
early_stopping_patience,15,17,17,3,0.6487775124383696,0.6361902753512064,0.001,64,4,2,128,0.1,32,75,0.0,0.1,15,5,0.5,True,42
early_stopping_patience,15,17,17,4,0.6263055927825697,0.6195521513621013,0.001,64,4,2,128,0.1,32,75,0.0,0.1,15,5,0.5,True,42
early_stopping_patience,15,17,17,5,0.625188311844161,0.6082961479822795,0.001,64,4,2,128,0.1,32,75,0.0,0.1,15,5,0.5,True,42
early_stopping_patience,15,17,17,6,0.6186142405777266,0.6166386087735494,0.001,64,4,2,128,0.1,32,75,0.0,0.1,15,5,0.5,True,42
early_stopping_patience,15,17,17,7,0.605827583508058,0.6154144883155823,0.001,64,4,2,128,0.1,32,75,0.0,0.1,15,5,0.5,True,42
early_stopping_patience,15,17,17,8,0.6025768579407171,0.6320150276025136,0.001,64,4,2,128,0.1,32,75,0.0,0.1,15,5,0.5,True,42
early_stopping_patience,15,17,17,9,0.5983231943665128,0.6205290595690409,0.001,64,4,2,128,0.1,32,75,0.0,0.1,15,5,0.5,True,42
early_stopping_patience,15,17,17,10,0.5831627360347545,0.6258387962977091,0.001,64,4,2,128,0.1,32,75,0.0,0.1,15,5,0.5,True,42
early_stopping_patience,15,17,17,11,0.5836688431374955,0.6225546399752299,0.001,64,4,2,128,0.1,32,75,0.0,0.1,15,5,0.5,True,42
early_stopping_patience,15,17,17,12,0.5526407796776656,0.6274285852909088,0.001,64,4,2,128,0.1,32,75,0.0,0.1,15,5,0.5,True,42
early_stopping_patience,15,17,17,13,0.544430317752289,0.6572908441225688,0.001,64,4,2,128,0.1,32,75,0.0,0.1,15,5,0.5,True,42
early_stopping_patience,15,17,17,14,0.531168970420505,0.6614676853020985,0.001,64,4,2,128,0.1,32,75,0.0,0.1,15,5,0.5,True,42
early_stopping_patience,15,17,17,15,0.522526902005528,0.6382083853085836,0.001,64,4,2,128,0.1,32,75,0.0,0.1,15,5,0.5,True,42
early_stopping_patience,15,17,17,16,0.5135367840076938,0.6518697420756022,0.001,64,4,2,128,0.1,32,75,0.0,0.1,15,5,0.5,True,42
early_stopping_patience,15,17,17,17,0.4881188530813564,0.6880436301231384,0.001,64,4,2,128,0.1,32,75,0.0,0.1,15,5,0.5,True,42
early_stopping_patience,15,17,17,18,0.4596710591153665,0.7152596493562062,0.001,64,4,2,128,0.1,32,75,0.0,0.1,15,5,0.5,True,42
early_stopping_patience,15,17,17,19,0.44448194031914073,0.706805145740509,0.001,64,4,2,128,0.1,32,75,0.0,0.1,15,5,0.5,True,42
early_stopping_patience,15,17,17,20,0.4342055210109913,0.7478793362776438,0.001,64,4,2,128,0.1,32,75,0.0,0.1,15,5,0.5,True,42
early_stopping_patience,15,18,18,1,0.6945158563780062,0.6704076210657756,0.001,64,4,2,128,0.1,32,75,0.0,0.1,15,5,0.5,True,42
early_stopping_patience,15,18,18,2,0.6616183257464207,0.6519260466098785,0.001,64,4,2,128,0.1,32,75,0.0,0.1,15,5,0.5,True,42
early_stopping_patience,15,18,18,3,0.6456028265935002,0.6336707631746928,0.001,64,4,2,128,0.1,32,75,0.0,0.1,15,5,0.5,True,42
early_stopping_patience,15,18,18,4,0.6370600911252426,0.6168296416600545,0.001,64,4,2,128,0.1,32,75,0.0,0.1,15,5,0.5,True,42
early_stopping_patience,15,18,18,5,0.6245621953046683,0.6176078697045644,0.001,64,4,2,128,0.1,32,75,0.0,0.1,15,5,0.5,True,42
early_stopping_patience,15,18,18,6,0.6229339483560938,0.6163583536942799,0.001,64,4,2,128,0.1,32,75,0.0,0.1,15,5,0.5,True,42
early_stopping_patience,15,18,18,7,0.6136733747341416,0.6094830155372619,0.001,64,4,2,128,0.1,32,75,0.0,0.1,15,5,0.5,True,42
early_stopping_patience,15,18,18,8,0.6050529613187818,0.6452318112055461,0.001,64,4,2,128,0.1,32,75,0.0,0.1,15,5,0.5,True,42
early_stopping_patience,15,18,18,9,0.5927088201949091,0.6340280214945475,0.001,64,4,2,128,0.1,32,75,0.0,0.1,15,5,0.5,True,42
early_stopping_patience,15,18,18,10,0.5921625199191498,0.5989816606044769,0.001,64,4,2,128,0.1,32,75,0.0,0.1,15,5,0.5,True,42
early_stopping_patience,15,18,18,11,0.5792740470532215,0.6090164383252462,0.001,64,4,2,128,0.1,32,75,0.0,0.1,15,5,0.5,True,42
early_stopping_patience,15,18,18,12,0.5647835526050944,0.629146279891332,0.001,64,4,2,128,0.1,32,75,0.0,0.1,15,5,0.5,True,42
early_stopping_patience,15,18,18,13,0.552339116054954,0.6161906699339549,0.001,64,4,2,128,0.1,32,75,0.0,0.1,15,5,0.5,True,42
early_stopping_patience,15,18,18,14,0.5358420766212724,0.6332289834817251,0.001,64,4,2,128,0.1,32,75,0.0,0.1,15,5,0.5,True,42
early_stopping_patience,15,18,18,15,0.5114886124025692,0.6401055932044983,0.001,64,4,2,128,0.1,32,75,0.0,0.1,15,5,0.5,True,42
early_stopping_patience,15,18,18,16,0.5036641946344664,0.6844782789548238,0.001,64,4,2,128,0.1,32,75,0.0,0.1,15,5,0.5,True,42
early_stopping_patience,15,18,18,17,0.445046967742118,0.7138222754001617,0.001,64,4,2,128,0.1,32,75,0.0,0.1,15,5,0.5,True,42
early_stopping_patience,15,18,18,18,0.4261549006808888,0.792144505182902,0.001,64,4,2,128,0.1,32,75,0.0,0.1,15,5,0.5,True,42
early_stopping_patience,15,18,18,19,0.40355577477903076,0.7633446613947551,0.001,64,4,2,128,0.1,32,75,0.0,0.1,15,5,0.5,True,42
early_stopping_patience,15,18,18,20,0.37547996267676353,0.7655542850494385,0.001,64,4,2,128,0.1,32,75,0.0,0.1,15,5,0.5,True,42
early_stopping_patience,15,18,18,21,0.35183153730450256,0.8569699426492056,0.001,64,4,2,128,0.1,32,75,0.0,0.1,15,5,0.5,True,42
early_stopping_patience,15,18,18,22,0.3465033162272338,0.8550436854362488,0.001,64,4,2,128,0.1,32,75,0.0,0.1,15,5,0.5,True,42
early_stopping_patience,15,18,18,23,0.2996299789484703,0.9301096836725871,0.001,64,4,2,128,0.1,32,75,0.0,0.1,15,5,0.5,True,42
early_stopping_patience,15,18,18,24,0.2875457942260034,1.0565596381823221,0.001,64,4,2,128,0.1,32,75,0.0,0.1,15,5,0.5,True,42
early_stopping_patience,15,18,18,25,0.26273182841638726,1.0728127082188925,0.001,64,4,2,128,0.1,32,75,0.0,0.1,15,5,0.5,True,42
early_stopping_patience,15,19,19,1,0.6883945659254537,0.6459729592005412,0.001,64,4,2,128,0.1,32,75,0.0,0.1,15,5,0.5,True,42
early_stopping_patience,15,19,19,2,0.6627269545287797,0.6174680431683858,0.001,64,4,2,128,0.1,32,75,0.0,0.1,15,5,0.5,True,42
early_stopping_patience,15,19,19,3,0.6369479086362955,0.6104013482729594,0.001,64,4,2,128,0.1,32,75,0.0,0.1,15,5,0.5,True,42
early_stopping_patience,15,19,19,4,0.6270214107000467,0.6245266556739807,0.001,64,4,2,128,0.1,32,75,0.0,0.1,15,5,0.5,True,42
early_stopping_patience,15,19,19,5,0.6266183923139717,0.6245846847693125,0.001,64,4,2,128,0.1,32,75,0.0,0.1,15,5,0.5,True,42
early_stopping_patience,15,19,19,6,0.6100321175022558,0.5967247347036998,0.001,64,4,2,128,0.1,32,75,0.0,0.1,15,5,0.5,True,42
early_stopping_patience,15,19,19,7,0.6032549386674707,0.6673956394195557,0.001,64,4,2,128,0.1,32,75,0.0,0.1,15,5,0.5,True,42
early_stopping_patience,15,19,19,8,0.5947940950140809,0.5992338339487712,0.001,64,4,2,128,0.1,32,75,0.0,0.1,15,5,0.5,True,42
early_stopping_patience,15,19,19,9,0.5831336069739226,0.6214445491631826,0.001,64,4,2,128,0.1,32,75,0.0,0.1,15,5,0.5,True,42
early_stopping_patience,15,19,19,10,0.5694653676314787,0.6032860140005748,0.001,64,4,2,128,0.1,32,75,0.0,0.1,15,5,0.5,True,42
early_stopping_patience,15,19,19,11,0.5607580682544997,0.583134283622106,0.001,64,4,2,128,0.1,32,75,0.0,0.1,15,5,0.5,True,42
early_stopping_patience,15,19,19,12,0.5464691325570598,0.6460983494917552,0.001,64,4,2,128,0.1,32,75,0.0,0.1,15,5,0.5,True,42
early_stopping_patience,15,19,19,13,0.5266059140364329,0.617300933599472,0.001,64,4,2,128,0.1,32,75,0.0,0.1,15,5,0.5,True,42
early_stopping_patience,15,19,19,14,0.513617261566899,0.6613416413466136,0.001,64,4,2,128,0.1,32,75,0.0,0.1,15,5,0.5,True,42
early_stopping_patience,15,19,19,15,0.4871981787410649,0.6343897978464762,0.001,64,4,2,128,0.1,32,75,0.0,0.1,15,5,0.5,True,42
early_stopping_patience,15,19,19,16,0.4819205390910308,0.7554859320322672,0.001,64,4,2,128,0.1,32,75,0.0,0.1,15,5,0.5,True,42
early_stopping_patience,15,19,19,17,0.4567637226798318,0.7143499076366424,0.001,64,4,2,128,0.1,32,75,0.0,0.1,15,5,0.5,True,42
early_stopping_patience,15,19,19,18,0.3866286993478284,0.7297900040944417,0.001,64,4,2,128,0.1,32,75,0.0,0.1,15,5,0.5,True,42
early_stopping_patience,15,19,19,19,0.356364686154958,0.8067598422368367,0.001,64,4,2,128,0.1,32,75,0.0,0.1,15,5,0.5,True,42
early_stopping_patience,15,19,19,20,0.3424044620584358,0.8640265742937724,0.001,64,4,2,128,0.1,32,75,0.0,0.1,15,5,0.5,True,42
early_stopping_patience,15,19,19,21,0.32327005831581174,0.8667933344841003,0.001,64,4,2,128,0.1,32,75,0.0,0.1,15,5,0.5,True,42
early_stopping_patience,15,19,19,22,0.30730352957140317,0.9090531984965007,0.001,64,4,2,128,0.1,32,75,0.0,0.1,15,5,0.5,True,42
early_stopping_patience,15,19,19,23,0.2908020515107747,1.0174516598383585,0.001,64,4,2,128,0.1,32,75,0.0,0.1,15,5,0.5,True,42
early_stopping_patience,15,19,19,24,0.25846397221991513,1.0362254917621612,0.001,64,4,2,128,0.1,32,75,0.0,0.1,15,5,0.5,True,42
early_stopping_patience,15,19,19,25,0.2379086438114896,1.1352996468544005,0.001,64,4,2,128,0.1,32,75,0.0,0.1,15,5,0.5,True,42
early_stopping_patience,15,19,19,26,0.23014475134286014,1.1579970439275107,0.001,64,4,2,128,0.1,32,75,0.0,0.1,15,5,0.5,True,42
early_stopping_patience,15,20,20,1,0.6925126517360861,0.6552190562089284,0.001,64,4,2,128,0.1,32,75,0.0,0.1,15,5,0.5,True,42
early_stopping_patience,15,20,20,2,0.6682227199727838,0.6375445445378621,0.001,64,4,2,128,0.1,32,75,0.0,0.1,15,5,0.5,True,42
early_stopping_patience,15,20,20,3,0.642915944258372,0.6102236847082774,0.001,64,4,2,128,0.1,32,75,0.0,0.1,15,5,0.5,True,42
early_stopping_patience,15,20,20,4,0.635656366971406,0.602480274438858,0.001,64,4,2,128,0.1,32,75,0.0,0.1,15,5,0.5,True,42
early_stopping_patience,15,20,20,5,0.6262830369400255,0.5909187217553457,0.001,64,4,2,128,0.1,32,75,0.0,0.1,15,5,0.5,True,42
early_stopping_patience,15,20,20,6,0.6105088442564011,0.578123128414154,0.001,64,4,2,128,0.1,32,75,0.0,0.1,15,5,0.5,True,42
early_stopping_patience,15,20,20,7,0.5997927191131043,0.5709240118662516,0.001,64,4,2,128,0.1,32,75,0.0,0.1,15,5,0.5,True,42
early_stopping_patience,15,20,20,8,0.5842214820511413,0.5673549095789592,0.001,64,4,2,128,0.1,32,75,0.0,0.1,15,5,0.5,True,42
early_stopping_patience,15,20,20,9,0.5840247788212516,0.5710801283518473,0.001,64,4,2,128,0.1,32,75,0.0,0.1,15,5,0.5,True,42
early_stopping_patience,15,20,20,10,0.5704221565163496,0.5725309491157532,0.001,64,4,2,128,0.1,32,75,0.0,0.1,15,5,0.5,True,42
early_stopping_patience,15,20,20,11,0.5549051016569138,0.5715551614761353,0.001,64,4,2,128,0.1,32,75,0.0,0.1,15,5,0.5,True,42
early_stopping_patience,15,20,20,12,0.5391050175283895,0.6011987884839376,0.001,64,4,2,128,0.1,32,75,0.0,0.1,15,5,0.5,True,42
early_stopping_patience,15,20,20,13,0.5230493498119441,0.6242261787255605,0.001,64,4,2,128,0.1,32,75,0.0,0.1,15,5,0.5,True,42
early_stopping_patience,15,20,20,14,0.49965633135853393,0.608249286810557,0.001,64,4,2,128,0.1,32,75,0.0,0.1,15,5,0.5,True,42
early_stopping_patience,15,20,20,15,0.45305912749785365,0.6585007806619009,0.001,64,4,2,128,0.1,32,75,0.0,0.1,15,5,0.5,True,42
early_stopping_patience,15,20,20,16,0.4154181344942613,0.6924551606178284,0.001,64,4,2,128,0.1,32,75,0.0,0.1,15,5,0.5,True,42
early_stopping_patience,15,20,20,17,0.39152120697227394,0.7744212587674458,0.001,64,4,2,128,0.1,32,75,0.0,0.1,15,5,0.5,True,42
early_stopping_patience,15,20,20,18,0.36785686670830753,0.7803755005200704,0.001,64,4,2,128,0.1,32,75,0.0,0.1,15,5,0.5,True,42
early_stopping_patience,15,20,20,19,0.3555028772715366,0.8120033840338389,0.001,64,4,2,128,0.1,32,75,0.0,0.1,15,5,0.5,True,42
early_stopping_patience,15,20,20,20,0.33175695224693325,0.7994281490643819,0.001,64,4,2,128,0.1,32,75,0.0,0.1,15,5,0.5,True,42
early_stopping_patience,15,20,20,21,0.2893643758513711,0.872290184100469,0.001,64,4,2,128,0.1,32,75,0.0,0.1,15,5,0.5,True,42
early_stopping_patience,15,20,20,22,0.27447601627897134,0.939521340529124,0.001,64,4,2,128,0.1,32,75,0.0,0.1,15,5,0.5,True,42
early_stopping_patience,15,20,20,23,0.2565289298354676,1.0082942465941112,0.001,64,4,2,128,0.1,32,75,0.0,0.1,15,5,0.5,True,42
early_stopping_patience,15,21,21,1,0.6908498808290019,0.6697837233543396,0.001,64,4,2,128,0.1,32,75,0.0,0.1,15,5,0.5,True,42
early_stopping_patience,15,21,21,2,0.6619646585348881,0.6743327637513479,0.001,64,4,2,128,0.1,32,75,0.0,0.1,15,5,0.5,True,42
early_stopping_patience,15,21,21,3,0.6441475480343356,0.6110728263854981,0.001,64,4,2,128,0.1,32,75,0.0,0.1,15,5,0.5,True,42
early_stopping_patience,15,21,21,4,0.6350264497327082,0.5909488638242085,0.001,64,4,2,128,0.1,32,75,0.0,0.1,15,5,0.5,True,42
early_stopping_patience,15,21,21,5,0.6231810321862047,0.614448877175649,0.001,64,4,2,128,0.1,32,75,0.0,0.1,15,5,0.5,True,42
early_stopping_patience,15,21,21,6,0.610816120649829,0.6218692064285278,0.001,64,4,2,128,0.1,32,75,0.0,0.1,15,5,0.5,True,42
early_stopping_patience,15,21,21,7,0.605716969479214,0.5905375639597575,0.001,64,4,2,128,0.1,32,75,0.0,0.1,15,5,0.5,True,42
early_stopping_patience,15,21,21,8,0.5977266482783087,0.5919971962769827,0.001,64,4,2,128,0.1,32,75,0.0,0.1,15,5,0.5,True,42
early_stopping_patience,15,21,21,9,0.5915745169375882,0.6430837611357371,0.001,64,4,2,128,0.1,32,75,0.0,0.1,15,5,0.5,True,42
early_stopping_patience,15,21,21,10,0.5774190798401833,0.5954387108484904,0.001,64,4,2,128,0.1,32,75,0.0,0.1,15,5,0.5,True,42
early_stopping_patience,15,21,21,11,0.5598619555433592,0.60388911763827,0.001,64,4,2,128,0.1,32,75,0.0,0.1,15,5,0.5,True,42
early_stopping_patience,15,21,21,12,0.5506571194890774,0.6140548129876454,0.001,64,4,2,128,0.1,32,75,0.0,0.1,15,5,0.5,True,42
early_stopping_patience,15,21,21,13,0.5276649429491072,0.606376443306605,0.001,64,4,2,128,0.1,32,75,0.0,0.1,15,5,0.5,True,42
early_stopping_patience,15,21,21,14,0.4747656260927518,0.7113539278507233,0.001,64,4,2,128,0.1,32,75,0.0,0.1,15,5,0.5,True,42
early_stopping_patience,15,21,21,15,0.45388262673760904,0.6848121921221415,0.001,64,4,2,128,0.1,32,75,0.0,0.1,15,5,0.5,True,42
early_stopping_patience,15,21,21,16,0.43334085460413585,0.7324800292650858,0.001,64,4,2,128,0.1,32,75,0.0,0.1,15,5,0.5,True,42
early_stopping_patience,15,21,21,17,0.40795218244646536,0.7880275030930837,0.001,64,4,2,128,0.1,32,75,0.0,0.1,15,5,0.5,True,42
early_stopping_patience,15,21,21,18,0.3883861605868195,0.7798787792523701,0.001,64,4,2,128,0.1,32,75,0.0,0.1,15,5,0.5,True,42
early_stopping_patience,15,21,21,19,0.3743823120991389,0.8107296983400981,0.001,64,4,2,128,0.1,32,75,0.0,0.1,15,5,0.5,True,42
early_stopping_patience,15,21,21,20,0.333914701685761,0.8602238297462463,0.001,64,4,2,128,0.1,32,75,0.0,0.1,15,5,0.5,True,42
early_stopping_patience,15,21,21,21,0.3225093787592469,0.8995202998320262,0.001,64,4,2,128,0.1,32,75,0.0,0.1,15,5,0.5,True,42
early_stopping_patience,15,21,21,22,0.30054855154770793,0.9151334206263224,0.001,64,4,2,128,0.1,32,75,0.0,0.1,15,5,0.5,True,42
early_stopping_patience,15,22,22,1,0.6924974218462453,0.6741183042526245,0.001,64,4,2,128,0.1,32,75,0.0,0.1,15,5,0.5,True,42
early_stopping_patience,15,22,22,2,0.6617797509287343,0.6599743962287903,0.001,64,4,2,128,0.1,32,75,0.0,0.1,15,5,0.5,True,42
early_stopping_patience,15,22,22,3,0.6445285601146293,0.6928102572758993,0.001,64,4,2,128,0.1,32,75,0.0,0.1,15,5,0.5,True,42
early_stopping_patience,15,22,22,4,0.6438428926648516,0.6428595225016276,0.001,64,4,2,128,0.1,32,75,0.0,0.1,15,5,0.5,True,42
early_stopping_patience,15,22,22,5,0.6198578264677164,0.6044763068358103,0.001,64,4,2,128,0.1,32,75,0.0,0.1,15,5,0.5,True,42
early_stopping_patience,15,22,22,6,0.6089961422663747,0.6051057517528534,0.001,64,4,2,128,0.1,32,75,0.0,0.1,15,5,0.5,True,42
early_stopping_patience,15,22,22,7,0.6134186366742308,0.6124220093091329,0.001,64,4,2,128,0.1,32,75,0.0,0.1,15,5,0.5,True,42
early_stopping_patience,15,22,22,8,0.5982162862113027,0.6653594632943471,0.001,64,4,2,128,0.1,32,75,0.0,0.1,15,5,0.5,True,42
early_stopping_patience,15,22,22,9,0.5910174428965106,0.6059566974639893,0.001,64,4,2,128,0.1,32,75,0.0,0.1,15,5,0.5,True,42
early_stopping_patience,15,22,22,10,0.5827734985134818,0.609532747666041,0.001,64,4,2,128,0.1,32,75,0.0,0.1,15,5,0.5,True,42
early_stopping_patience,15,22,22,11,0.5673934103864612,0.6388526598612467,0.001,64,4,2,128,0.1,32,75,0.0,0.1,15,5,0.5,True,42
early_stopping_patience,15,22,22,12,0.5314192311330275,0.6436572750409444,0.001,64,4,2,128,0.1,32,75,0.0,0.1,15,5,0.5,True,42
early_stopping_patience,15,22,22,13,0.5148349517222607,0.6737908502419789,0.001,64,4,2,128,0.1,32,75,0.0,0.1,15,5,0.5,True,42
early_stopping_patience,15,22,22,14,0.49501790806199564,0.6935632089773814,0.001,64,4,2,128,0.1,32,75,0.0,0.1,15,5,0.5,True,42
early_stopping_patience,15,22,22,15,0.4830678179860115,0.6812811732292176,0.001,64,4,2,128,0.1,32,75,0.0,0.1,15,5,0.5,True,42
early_stopping_patience,15,22,22,16,0.4656468898509488,0.6824201325575511,0.001,64,4,2,128,0.1,32,75,0.0,0.1,15,5,0.5,True,42
early_stopping_patience,15,22,22,17,0.4539873572913083,0.6735788643360138,0.001,64,4,2,128,0.1,32,75,0.0,0.1,15,5,0.5,True,42
early_stopping_patience,15,22,22,18,0.41063137804016925,0.7685238440831502,0.001,64,4,2,128,0.1,32,75,0.0,0.1,15,5,0.5,True,42
early_stopping_patience,15,22,22,19,0.3917254875555183,0.7903902729352316,0.001,64,4,2,128,0.1,32,75,0.0,0.1,15,5,0.5,True,42
early_stopping_patience,15,22,22,20,0.37491477201833867,0.8353034536043803,0.001,64,4,2,128,0.1,32,75,0.0,0.1,15,5,0.5,True,42
early_stopping_patience,15,23,23,1,0.6939784067146706,0.6681183815002442,0.001,64,4,2,128,0.1,32,75,0.0,0.1,15,5,0.5,True,42
early_stopping_patience,15,23,23,2,0.6621655758583185,0.645181824763616,0.001,64,4,2,128,0.1,32,75,0.0,0.1,15,5,0.5,True,42
early_stopping_patience,15,23,23,3,0.640909164240866,0.6407346447308858,0.001,64,4,2,128,0.1,32,75,0.0,0.1,15,5,0.5,True,42
early_stopping_patience,15,23,23,4,0.6279680462497653,0.6238314747810364,0.001,64,4,2,128,0.1,32,75,0.0,0.1,15,5,0.5,True,42
early_stopping_patience,15,23,23,5,0.6135765128966534,0.6111134986082712,0.001,64,4,2,128,0.1,32,75,0.0,0.1,15,5,0.5,True,42
early_stopping_patience,15,23,23,6,0.6069726589502711,0.6102263768513997,0.001,64,4,2,128,0.1,32,75,0.0,0.1,15,5,0.5,True,42
early_stopping_patience,15,23,23,7,0.598987660398989,0.6263419727484385,0.001,64,4,2,128,0.1,32,75,0.0,0.1,15,5,0.5,True,42
early_stopping_patience,15,23,23,8,0.5869080390442502,0.6193434238433838,0.001,64,4,2,128,0.1,32,75,0.0,0.1,15,5,0.5,True,42
early_stopping_patience,15,23,23,9,0.5738714129635782,0.6205577929814656,0.001,64,4,2,128,0.1,32,75,0.0,0.1,15,5,0.5,True,42
early_stopping_patience,15,23,23,10,0.5631843482454618,0.6380699892838796,0.001,64,4,2,128,0.1,32,75,0.0,0.1,15,5,0.5,True,42
early_stopping_patience,15,23,23,11,0.5508151085990848,0.640802268187205,0.001,64,4,2,128,0.1,32,75,0.0,0.1,15,5,0.5,True,42
early_stopping_patience,15,23,23,12,0.529122926746354,0.7003882050514221,0.001,64,4,2,128,0.1,32,75,0.0,0.1,15,5,0.5,True,42
early_stopping_patience,15,23,23,13,0.4877268658442931,0.7100991209348043,0.001,64,4,2,128,0.1,32,75,0.0,0.1,15,5,0.5,True,42
early_stopping_patience,15,23,23,14,0.47776134808858234,0.7062010983626048,0.001,64,4,2,128,0.1,32,75,0.0,0.1,15,5,0.5,True,42
early_stopping_patience,15,23,23,15,0.45136574520306155,0.7696212430795034,0.001,64,4,2,128,0.1,32,75,0.0,0.1,15,5,0.5,True,42
early_stopping_patience,15,23,23,16,0.43543661588972266,0.7719226241111755,0.001,64,4,2,128,0.1,32,75,0.0,0.1,15,5,0.5,True,42
early_stopping_patience,15,23,23,17,0.4184331422050794,0.788382637500763,0.001,64,4,2,128,0.1,32,75,0.0,0.1,15,5,0.5,True,42
early_stopping_patience,15,23,23,18,0.4045422328918269,0.8508262753486633,0.001,64,4,2,128,0.1,32,75,0.0,0.1,15,5,0.5,True,42
early_stopping_patience,15,23,23,19,0.36370379093921545,0.9332927763462067,0.001,64,4,2,128,0.1,32,75,0.0,0.1,15,5,0.5,True,42
early_stopping_patience,15,23,23,20,0.3418863771313971,0.9473273436228434,0.001,64,4,2,128,0.1,32,75,0.0,0.1,15,5,0.5,True,42
early_stopping_patience,15,23,23,21,0.3279309915096471,1.0047244509061177,0.001,64,4,2,128,0.1,32,75,0.0,0.1,15,5,0.5,True,42
early_stopping_patience,15,24,24,1,0.6941243320479429,0.7181227087974549,0.001,64,4,2,128,0.1,32,75,0.0,0.1,15,5,0.5,True,42
early_stopping_patience,15,24,24,2,0.6675597267939632,0.6462943077087402,0.001,64,4,2,128,0.1,32,75,0.0,0.1,15,5,0.5,True,42
early_stopping_patience,15,24,24,3,0.6515283810913115,0.6457881947358449,0.001,64,4,2,128,0.1,32,75,0.0,0.1,15,5,0.5,True,42
early_stopping_patience,15,24,24,4,0.6286405853759077,0.622352949778239,0.001,64,4,2,128,0.1,32,75,0.0,0.1,15,5,0.5,True,42
early_stopping_patience,15,24,24,5,0.6268356939903775,0.6073362449804942,0.001,64,4,2,128,0.1,32,75,0.0,0.1,15,5,0.5,True,42
early_stopping_patience,15,24,24,6,0.6068276857074938,0.6103605985641479,0.001,64,4,2,128,0.1,32,75,0.0,0.1,15,5,0.5,True,42
early_stopping_patience,15,24,24,7,0.607983513658208,0.6057220995426178,0.001,64,4,2,128,0.1,32,75,0.0,0.1,15,5,0.5,True,42
early_stopping_patience,15,24,24,8,0.597462087421489,0.6069482227166494,0.001,64,4,2,128,0.1,32,75,0.0,0.1,15,5,0.5,True,42
early_stopping_patience,15,24,24,9,0.5936044237219301,0.6550717353820801,0.001,64,4,2,128,0.1,32,75,0.0,0.1,15,5,0.5,True,42
early_stopping_patience,15,24,24,10,0.5748305423815447,0.6256477932135264,0.001,64,4,2,128,0.1,32,75,0.0,0.1,15,5,0.5,True,42
early_stopping_patience,15,24,24,11,0.5631488581797234,0.612584940592448,0.001,64,4,2,128,0.1,32,75,0.0,0.1,15,5,0.5,True,42
early_stopping_patience,15,24,24,12,0.5526222378239596,0.6272917211055755,0.001,64,4,2,128,0.1,32,75,0.0,0.1,15,5,0.5,True,42
early_stopping_patience,15,24,24,13,0.53428491770773,0.6332554797331492,0.001,64,4,2,128,0.1,32,75,0.0,0.1,15,5,0.5,True,42
early_stopping_patience,15,24,24,14,0.49711999745297253,0.6429138640562694,0.001,64,4,2,128,0.1,32,75,0.0,0.1,15,5,0.5,True,42
early_stopping_patience,15,24,24,15,0.473153976793576,0.677009892463684,0.001,64,4,2,128,0.1,32,75,0.0,0.1,15,5,0.5,True,42
early_stopping_patience,15,24,24,16,0.4523130219457741,0.693194051583608,0.001,64,4,2,128,0.1,32,75,0.0,0.1,15,5,0.5,True,42
early_stopping_patience,15,24,24,17,0.42624514107417344,0.7407170196374258,0.001,64,4,2,128,0.1,32,75,0.0,0.1,15,5,0.5,True,42
early_stopping_patience,15,24,24,18,0.40818654908273455,0.7971021175384522,0.001,64,4,2,128,0.1,32,75,0.0,0.1,15,5,0.5,True,42
early_stopping_patience,15,24,24,19,0.3878996097727826,0.8188742518424987,0.001,64,4,2,128,0.1,32,75,0.0,0.1,15,5,0.5,True,42
early_stopping_patience,15,24,24,20,0.33782792987680077,0.8924406190713247,0.001,64,4,2,128,0.1,32,75,0.0,0.1,15,5,0.5,True,42
early_stopping_patience,15,24,24,21,0.31085815975316483,0.9681803166866303,0.001,64,4,2,128,0.1,32,75,0.0,0.1,15,5,0.5,True,42
early_stopping_patience,15,24,24,22,0.29895323341278207,0.9875251015027364,0.001,64,4,2,128,0.1,32,75,0.0,0.1,15,5,0.5,True,42
early_stopping_patience,15,25,25,1,0.6878145197124192,0.6965360045433044,0.001,64,4,2,128,0.1,32,75,0.0,0.1,15,5,0.5,True,42
early_stopping_patience,15,25,25,2,0.657270813981692,0.656727381547292,0.001,64,4,2,128,0.1,32,75,0.0,0.1,15,5,0.5,True,42
early_stopping_patience,15,25,25,3,0.6367705676591757,0.6141691923141479,0.001,64,4,2,128,0.1,32,75,0.0,0.1,15,5,0.5,True,42
early_stopping_patience,15,25,25,4,0.6209798703591028,0.6325804551442464,0.001,64,4,2,128,0.1,32,75,0.0,0.1,15,5,0.5,True,42
early_stopping_patience,15,25,25,5,0.6178462001861948,0.5976078609625498,0.001,64,4,2,128,0.1,32,75,0.0,0.1,15,5,0.5,True,42
early_stopping_patience,15,25,25,6,0.6050091227798751,0.5938335378964742,0.001,64,4,2,128,0.1,32,75,0.0,0.1,15,5,0.5,True,42
early_stopping_patience,15,25,25,7,0.5940419426470092,0.5957521855831146,0.001,64,4,2,128,0.1,32,75,0.0,0.1,15,5,0.5,True,42
early_stopping_patience,15,25,25,8,0.5932841504162009,0.5856322864691417,0.001,64,4,2,128,0.1,32,75,0.0,0.1,15,5,0.5,True,42
early_stopping_patience,15,25,25,9,0.5769848198150144,0.6313971519470215,0.001,64,4,2,128,0.1,32,75,0.0,0.1,15,5,0.5,True,42
early_stopping_patience,15,25,25,10,0.5655918166492925,0.6119653503100078,0.001,64,4,2,128,0.1,32,75,0.0,0.1,15,5,0.5,True,42
early_stopping_patience,15,25,25,11,0.5448571958325126,0.6270586371421814,0.001,64,4,2,128,0.1,32,75,0.0,0.1,15,5,0.5,True,42
early_stopping_patience,15,25,25,12,0.5477637594396417,0.6442187408606211,0.001,64,4,2,128,0.1,32,75,0.0,0.1,15,5,0.5,True,42
early_stopping_patience,15,25,25,13,0.5257226463520166,0.7200168470541636,0.001,64,4,2,128,0.1,32,75,0.0,0.1,15,5,0.5,True,42
early_stopping_patience,15,25,25,14,0.5013242957718445,0.6813223918279012,0.001,64,4,2,128,0.1,32,75,0.0,0.1,15,5,0.5,True,42
early_stopping_patience,15,25,25,15,0.4402042820372365,0.7042144934336344,0.001,64,4,2,128,0.1,32,75,0.0,0.1,15,5,0.5,True,42
early_stopping_patience,15,25,25,16,0.4172305732288144,0.7624580005804698,0.001,64,4,2,128,0.1,32,75,0.0,0.1,15,5,0.5,True,42
early_stopping_patience,15,25,25,17,0.39406696390925033,0.7515146831671397,0.001,64,4,2,128,0.1,32,75,0.0,0.1,15,5,0.5,True,42
early_stopping_patience,15,25,25,18,0.3836235251616348,0.7859322627385458,0.001,64,4,2,128,0.1,32,75,0.0,0.1,15,5,0.5,True,42
early_stopping_patience,15,25,25,19,0.3611365852482391,0.8221289257208506,0.001,64,4,2,128,0.1,32,75,0.0,0.1,15,5,0.5,True,42
early_stopping_patience,15,25,25,20,0.351048301792506,0.9501970112323761,0.001,64,4,2,128,0.1,32,75,0.0,0.1,15,5,0.5,True,42
early_stopping_patience,15,25,25,21,0.2982975713005572,0.9722237606843313,0.001,64,4,2,128,0.1,32,75,0.0,0.1,15,5,0.5,True,42
early_stopping_patience,15,25,25,22,0.29048270935362036,1.0007484237353006,0.001,64,4,2,128,0.1,32,75,0.0,0.1,15,5,0.5,True,42
early_stopping_patience,15,25,25,23,0.27362379719587887,1.0703517138957976,0.001,64,4,2,128,0.1,32,75,0.0,0.1,15,5,0.5,True,42
early_stopping_patience,15,26,26,1,0.6955534811272766,0.6618571360905965,0.001,64,4,2,128,0.1,32,75,0.0,0.1,15,5,0.5,True,42
early_stopping_patience,15,26,26,2,0.6702127289591413,0.6483552018801372,0.001,64,4,2,128,0.1,32,75,0.0,0.1,15,5,0.5,True,42
early_stopping_patience,15,26,26,3,0.6448587007594831,0.6334286351998647,0.001,64,4,2,128,0.1,32,75,0.0,0.1,15,5,0.5,True,42
early_stopping_patience,15,26,26,4,0.6288584850051187,0.6336477120717366,0.001,64,4,2,128,0.1,32,75,0.0,0.1,15,5,0.5,True,42
early_stopping_patience,15,26,26,5,0.6193457945729747,0.6212387065092723,0.001,64,4,2,128,0.1,32,75,0.0,0.1,15,5,0.5,True,42
early_stopping_patience,15,26,26,6,0.6155845032948436,0.5995427211125691,0.001,64,4,2,128,0.1,32,75,0.0,0.1,15,5,0.5,True,42
early_stopping_patience,15,26,26,7,0.5950613254399011,0.5982747952143351,0.001,64,4,2,128,0.1,32,75,0.0,0.1,15,5,0.5,True,42
early_stopping_patience,15,26,26,8,0.5897452156200553,0.6265433172384898,0.001,64,4,2,128,0.1,32,75,0.0,0.1,15,5,0.5,True,42
early_stopping_patience,15,26,26,9,0.5860255606698267,0.6009240428606669,0.001,64,4,2,128,0.1,32,75,0.0,0.1,15,5,0.5,True,42
early_stopping_patience,15,26,26,10,0.5650449573542132,0.624967755873998,0.001,64,4,2,128,0.1,32,75,0.0,0.1,15,5,0.5,True,42
early_stopping_patience,15,26,26,11,0.5545866798722383,0.6310885598262151,0.001,64,4,2,128,0.1,32,75,0.0,0.1,15,5,0.5,True,42
early_stopping_patience,15,26,26,12,0.5501382332859617,0.6336559017499288,0.001,64,4,2,128,0.1,32,75,0.0,0.1,15,5,0.5,True,42
early_stopping_patience,15,26,26,13,0.5336091215863372,0.6302085717519125,0.001,64,4,2,128,0.1,32,75,0.0,0.1,15,5,0.5,True,42
early_stopping_patience,15,26,26,14,0.4805951603885853,0.6907324910163879,0.001,64,4,2,128,0.1,32,75,0.0,0.1,15,5,0.5,True,42
early_stopping_patience,15,26,26,15,0.4563206953532768,0.7263150413831075,0.001,64,4,2,128,0.1,32,75,0.0,0.1,15,5,0.5,True,42
early_stopping_patience,15,26,26,16,0.4370472047365073,0.7395846287409464,0.001,64,4,2,128,0.1,32,75,0.0,0.1,15,5,0.5,True,42
early_stopping_patience,15,26,26,17,0.42029318021553935,0.8978574852148692,0.001,64,4,2,128,0.1,32,75,0.0,0.1,15,5,0.5,True,42
early_stopping_patience,15,26,26,18,0.40121349602034595,0.7876268784205119,0.001,64,4,2,128,0.1,32,75,0.0,0.1,15,5,0.5,True,42
early_stopping_patience,15,26,26,19,0.3858366697800882,0.7625774025917054,0.001,64,4,2,128,0.1,32,75,0.0,0.1,15,5,0.5,True,42
early_stopping_patience,15,26,26,20,0.33464857845595386,0.8725669125715891,0.001,64,4,2,128,0.1,32,75,0.0,0.1,15,5,0.5,True,42
early_stopping_patience,15,26,26,21,0.3144376104076703,0.9388969212770462,0.001,64,4,2,128,0.1,32,75,0.0,0.1,15,5,0.5,True,42
early_stopping_patience,15,26,26,22,0.307620231287949,0.9157904664675395,0.001,64,4,2,128,0.1,32,75,0.0,0.1,15,5,0.5,True,42
early_stopping_patience,15,27,27,1,0.6950321351036881,0.6569981495539348,0.001,64,4,2,128,0.1,32,75,0.0,0.1,15,5,0.5,True,42
early_stopping_patience,15,27,27,2,0.6695688037258206,0.6430595636367797,0.001,64,4,2,128,0.1,32,75,0.0,0.1,15,5,0.5,True,42
early_stopping_patience,15,27,27,3,0.6485768676255689,0.609219628572464,0.001,64,4,2,128,0.1,32,75,0.0,0.1,15,5,0.5,True,42
early_stopping_patience,15,27,27,4,0.6393824039083539,0.6096031030019124,0.001,64,4,2,128,0.1,32,75,0.0,0.1,15,5,0.5,True,42
early_stopping_patience,15,27,27,5,0.6305789830106677,0.6223619759082795,0.001,64,4,2,128,0.1,32,75,0.0,0.1,15,5,0.5,True,42
early_stopping_patience,15,27,27,6,0.6195074204694141,0.6008585333824158,0.001,64,4,2,128,0.1,32,75,0.0,0.1,15,5,0.5,True,42
early_stopping_patience,15,27,27,7,0.6060542019479203,0.5945935368537902,0.001,64,4,2,128,0.1,32,75,0.0,0.1,15,5,0.5,True,42
early_stopping_patience,15,27,27,8,0.5937418937683105,0.6082528690497081,0.001,64,4,2,128,0.1,32,75,0.0,0.1,15,5,0.5,True,42
early_stopping_patience,15,27,27,9,0.5864204134453427,0.6051680525143941,0.001,64,4,2,128,0.1,32,75,0.0,0.1,15,5,0.5,True,42
early_stopping_patience,15,27,27,10,0.5759046556371631,0.6420813123385112,0.001,64,4,2,128,0.1,32,75,0.0,0.1,15,5,0.5,True,42
early_stopping_patience,15,27,27,11,0.5646376722689831,0.6509970506032308,0.001,64,4,2,128,0.1,32,75,0.0,0.1,15,5,0.5,True,42
early_stopping_patience,15,27,27,12,0.5536216689330159,0.659248685836792,0.001,64,4,2,128,0.1,32,75,0.0,0.1,15,5,0.5,True,42
early_stopping_patience,15,27,27,13,0.5421811037442901,0.6537930925687154,0.001,64,4,2,128,0.1,32,75,0.0,0.1,15,5,0.5,True,42
early_stopping_patience,15,27,27,14,0.4905755770477382,0.7048575381437937,0.001,64,4,2,128,0.1,32,75,0.0,0.1,15,5,0.5,True,42
early_stopping_patience,15,27,27,15,0.4638962307662675,0.7009258329868316,0.001,64,4,2,128,0.1,32,75,0.0,0.1,15,5,0.5,True,42
early_stopping_patience,15,27,27,16,0.45154299970829126,0.7651110569636027,0.001,64,4,2,128,0.1,32,75,0.0,0.1,15,5,0.5,True,42
early_stopping_patience,15,27,27,17,0.4265074821358377,0.8115282615025838,0.001,64,4,2,128,0.1,32,75,0.0,0.1,15,5,0.5,True,42
early_stopping_patience,15,27,27,18,0.4004731256176125,0.8396786093711853,0.001,64,4,2,128,0.1,32,75,0.0,0.1,15,5,0.5,True,42
early_stopping_patience,15,27,27,19,0.38810604934891063,0.8598710417747497,0.001,64,4,2,128,0.1,32,75,0.0,0.1,15,5,0.5,True,42
early_stopping_patience,15,27,27,20,0.3387803790921515,0.9569682637850444,0.001,64,4,2,128,0.1,32,75,0.0,0.1,15,5,0.5,True,42
early_stopping_patience,15,27,27,21,0.32882863587953826,0.9923636515935262,0.001,64,4,2,128,0.1,32,75,0.0,0.1,15,5,0.5,True,42
early_stopping_patience,15,27,27,22,0.31463013058810524,1.043599804242452,0.001,64,4,2,128,0.1,32,75,0.0,0.1,15,5,0.5,True,42
early_stopping_patience,15,28,28,1,0.685599578149391,0.730150043964386,0.001,64,4,2,128,0.1,32,75,0.0,0.1,15,5,0.5,True,42
early_stopping_patience,15,28,28,2,0.6655050746419213,0.6409659723440806,0.001,64,4,2,128,0.1,32,75,0.0,0.1,15,5,0.5,True,42
early_stopping_patience,15,28,28,3,0.635466938217481,0.6325779676437377,0.001,64,4,2,128,0.1,32,75,0.0,0.1,15,5,0.5,True,42
early_stopping_patience,15,28,28,4,0.6224415421937451,0.618260939915975,0.001,64,4,2,128,0.1,32,75,0.0,0.1,15,5,0.5,True,42
early_stopping_patience,15,28,28,5,0.6163609698414803,0.6651808222134908,0.001,64,4,2,128,0.1,32,75,0.0,0.1,15,5,0.5,True,42
early_stopping_patience,15,28,28,6,0.6095160433288777,0.6008734583854676,0.001,64,4,2,128,0.1,32,75,0.0,0.1,15,5,0.5,True,42
early_stopping_patience,15,28,28,7,0.590437715929566,0.6445323963960011,0.001,64,4,2,128,0.1,32,75,0.0,0.1,15,5,0.5,True,42
early_stopping_patience,15,28,28,8,0.5865652579249758,0.6127538720766703,0.001,64,4,2,128,0.1,32,75,0.0,0.1,15,5,0.5,True,42
early_stopping_patience,15,28,28,9,0.585073329959855,0.6116808613141378,0.001,64,4,2,128,0.1,32,75,0.0,0.1,15,5,0.5,True,42
early_stopping_patience,15,28,28,10,0.5673591729366418,0.6205940385659535,0.001,64,4,2,128,0.1,32,75,0.0,0.1,15,5,0.5,True,42
early_stopping_patience,15,28,28,11,0.5466562263441809,0.6007412016391754,0.001,64,4,2,128,0.1,32,75,0.0,0.1,15,5,0.5,True,42
early_stopping_patience,15,28,28,12,0.5281022527452671,0.6677528560161591,0.001,64,4,2,128,0.1,32,75,0.0,0.1,15,5,0.5,True,42
early_stopping_patience,15,28,28,13,0.5278540815819394,0.676171350479126,0.001,64,4,2,128,0.1,32,75,0.0,0.1,15,5,0.5,True,42
early_stopping_patience,15,28,28,14,0.5110617835413326,0.6558238565921783,0.001,64,4,2,128,0.1,32,75,0.0,0.1,15,5,0.5,True,42
early_stopping_patience,15,28,28,15,0.4864485546043425,0.6312613427639008,0.001,64,4,2,128,0.1,32,75,0.0,0.1,15,5,0.5,True,42
early_stopping_patience,15,28,28,16,0.47175142191576236,0.6571896731853485,0.001,64,4,2,128,0.1,32,75,0.0,0.1,15,5,0.5,True,42
early_stopping_patience,15,28,28,17,0.4568830222794504,0.66225838859876,0.001,64,4,2,128,0.1,32,75,0.0,0.1,15,5,0.5,True,42
early_stopping_patience,15,28,28,18,0.39042409870660666,0.7173824548721314,0.001,64,4,2,128,0.1,32,75,0.0,0.1,15,5,0.5,True,42
early_stopping_patience,15,28,28,19,0.351605454854893,0.7977240681648254,0.001,64,4,2,128,0.1,32,75,0.0,0.1,15,5,0.5,True,42
early_stopping_patience,15,28,28,20,0.3351508364871596,0.8300037642319997,0.001,64,4,2,128,0.1,32,75,0.0,0.1,15,5,0.5,True,42
early_stopping_patience,15,28,28,21,0.31938504794556083,0.8296401381492615,0.001,64,4,2,128,0.1,32,75,0.0,0.1,15,5,0.5,True,42
early_stopping_patience,15,28,28,22,0.29416196556253865,0.8689853747685751,0.001,64,4,2,128,0.1,32,75,0.0,0.1,15,5,0.5,True,42
early_stopping_patience,15,28,28,23,0.27455527391849144,1.0052201310793558,0.001,64,4,2,128,0.1,32,75,0.0,0.1,15,5,0.5,True,42
early_stopping_patience,15,28,28,24,0.23795052832274727,1.038292803366979,0.001,64,4,2,128,0.1,32,75,0.0,0.1,15,5,0.5,True,42
early_stopping_patience,15,28,28,25,0.22016744501888752,1.1032683193683623,0.001,64,4,2,128,0.1,32,75,0.0,0.1,15,5,0.5,True,42
early_stopping_patience,15,28,28,26,0.20648982313772044,1.137163801987966,0.001,64,4,2,128,0.1,32,75,0.0,0.1,15,5,0.5,True,42
early_stopping_patience,15,29,29,1,0.6992013648603902,0.6732176462809245,0.001,64,4,2,128,0.1,32,75,0.0,0.1,15,5,0.5,True,42
early_stopping_patience,15,29,29,2,0.6707541802615831,0.6355125923951467,0.001,64,4,2,128,0.1,32,75,0.0,0.1,15,5,0.5,True,42
early_stopping_patience,15,29,29,3,0.6539805007703376,0.611780027548472,0.001,64,4,2,128,0.1,32,75,0.0,0.1,15,5,0.5,True,42
early_stopping_patience,15,29,29,4,0.6345216467073469,0.6363927046457927,0.001,64,4,2,128,0.1,32,75,0.0,0.1,15,5,0.5,True,42
early_stopping_patience,15,29,29,5,0.6170276222806989,0.6244730432828267,0.001,64,4,2,128,0.1,32,75,0.0,0.1,15,5,0.5,True,42
early_stopping_patience,15,29,29,6,0.6251071434129368,0.587623405456543,0.001,64,4,2,128,0.1,32,75,0.0,0.1,15,5,0.5,True,42
early_stopping_patience,15,29,29,7,0.6051201124986013,0.5942831238110861,0.001,64,4,2,128,0.1,32,75,0.0,0.1,15,5,0.5,True,42
early_stopping_patience,15,29,29,8,0.5919137041677128,0.5941522737344106,0.001,64,4,2,128,0.1,32,75,0.0,0.1,15,5,0.5,True,42
early_stopping_patience,15,29,29,9,0.5918876993836779,0.5867476979891459,0.001,64,4,2,128,0.1,32,75,0.0,0.1,15,5,0.5,True,42
early_stopping_patience,15,29,29,10,0.5773092393170703,0.5866371393203735,0.001,64,4,2,128,0.1,32,75,0.0,0.1,15,5,0.5,True,42
early_stopping_patience,15,29,29,11,0.564469035376202,0.6127681493759155,0.001,64,4,2,128,0.1,32,75,0.0,0.1,15,5,0.5,True,42
early_stopping_patience,15,29,29,12,0.5507463627692425,0.6142371277014415,0.001,64,4,2,128,0.1,32,75,0.0,0.1,15,5,0.5,True,42
early_stopping_patience,15,29,29,13,0.5417764164281614,0.6365592122077942,0.001,64,4,2,128,0.1,32,75,0.0,0.1,15,5,0.5,True,42
early_stopping_patience,15,29,29,14,0.5262719851100084,0.6294915020465851,0.001,64,4,2,128,0.1,32,75,0.0,0.1,15,5,0.5,True,42
early_stopping_patience,15,29,29,15,0.5016186652761517,0.6913474202156067,0.001,64,4,2,128,0.1,32,75,0.0,0.1,15,5,0.5,True,42
early_stopping_patience,15,29,29,16,0.4913837631995028,0.6645325084527334,0.001,64,4,2,128,0.1,32,75,0.0,0.1,15,5,0.5,True,42
early_stopping_patience,15,29,29,17,0.429897272564245,0.6934821168581645,0.001,64,4,2,128,0.1,32,75,0.0,0.1,15,5,0.5,True,42
early_stopping_patience,15,29,29,18,0.40589491706905945,0.8003986219565074,0.001,64,4,2,128,0.1,32,75,0.0,0.1,15,5,0.5,True,42
early_stopping_patience,15,29,29,19,0.38525643944740295,0.7606107691923777,0.001,64,4,2,128,0.1,32,75,0.0,0.1,15,5,0.5,True,42
early_stopping_patience,15,29,29,20,0.373009350037936,0.7891242941220601,0.001,64,4,2,128,0.1,32,75,0.0,0.1,15,5,0.5,True,42
early_stopping_patience,15,29,29,21,0.35011023350737314,0.784262603521347,0.001,64,4,2,128,0.1,32,75,0.0,0.1,15,5,0.5,True,42
early_stopping_patience,15,29,29,22,0.33481595089489763,0.8745636244614919,0.001,64,4,2,128,0.1,32,75,0.0,0.1,15,5,0.5,True,42
early_stopping_patience,15,29,29,23,0.29002414925983455,0.87635418176651,0.001,64,4,2,128,0.1,32,75,0.0,0.1,15,5,0.5,True,42
early_stopping_patience,15,29,29,24,0.2730459009833408,0.955844392379125,0.001,64,4,2,128,0.1,32,75,0.0,0.1,15,5,0.5,True,42
early_stopping_patience,15,29,29,25,0.26176411793990567,0.9642443776130676,0.001,64,4,2,128,0.1,32,75,0.0,0.1,15,5,0.5,True,42
early_stopping_patience,15,30,30,1,0.6983132565563376,0.6696348627408345,0.001,64,4,2,128,0.1,32,75,0.0,0.1,15,5,0.5,True,42
early_stopping_patience,15,30,30,2,0.6726617695707263,0.6431959907213847,0.001,64,4,2,128,0.1,32,75,0.0,0.1,15,5,0.5,True,42
early_stopping_patience,15,30,30,3,0.6507637396906362,0.6186240275700887,0.001,64,4,2,128,0.1,32,75,0.0,0.1,15,5,0.5,True,42
early_stopping_patience,15,30,30,4,0.6311772165424896,0.6251664638519288,0.001,64,4,2,128,0.1,32,75,0.0,0.1,15,5,0.5,True,42
early_stopping_patience,15,30,30,5,0.6274940538586993,0.6313844164212544,0.001,64,4,2,128,0.1,32,75,0.0,0.1,15,5,0.5,True,42
early_stopping_patience,15,30,30,6,0.6148563052217165,0.5987789531548818,0.001,64,4,2,128,0.1,32,75,0.0,0.1,15,5,0.5,True,42
early_stopping_patience,15,30,30,7,0.607515315440568,0.5961837708950043,0.001,64,4,2,128,0.1,32,75,0.0,0.1,15,5,0.5,True,42
early_stopping_patience,15,30,30,8,0.591302992042267,0.6263078371683757,0.001,64,4,2,128,0.1,32,75,0.0,0.1,15,5,0.5,True,42
early_stopping_patience,15,30,30,9,0.5858564388119814,0.6296850721041362,0.001,64,4,2,128,0.1,32,75,0.0,0.1,15,5,0.5,True,42
early_stopping_patience,15,30,30,10,0.5732015127485449,0.643310683965683,0.001,64,4,2,128,0.1,32,75,0.0,0.1,15,5,0.5,True,42
early_stopping_patience,15,30,30,11,0.5541156284285315,0.6316717604796092,0.001,64,4,2,128,0.1,32,75,0.0,0.1,15,5,0.5,True,42
early_stopping_patience,15,30,30,12,0.5415835680835175,0.618839555978775,0.001,64,4,2,128,0.1,32,75,0.0,0.1,15,5,0.5,True,42
early_stopping_patience,15,30,30,13,0.5324069406047012,0.6380600690841675,0.001,64,4,2,128,0.1,32,75,0.0,0.1,15,5,0.5,True,42
early_stopping_patience,15,30,30,14,0.4779741775357362,0.6796088278293609,0.001,64,4,2,128,0.1,32,75,0.0,0.1,15,5,0.5,True,42
early_stopping_patience,15,30,30,15,0.4604680064049634,0.6943685432275136,0.001,64,4,2,128,0.1,32,75,0.0,0.1,15,5,0.5,True,42
early_stopping_patience,15,30,30,16,0.44371543181213463,0.7323337694009145,0.001,64,4,2,128,0.1,32,75,0.0,0.1,15,5,0.5,True,42
early_stopping_patience,15,30,30,17,0.40823050983475917,0.7789631406466166,0.001,64,4,2,128,0.1,32,75,0.0,0.1,15,5,0.5,True,42
early_stopping_patience,15,30,30,18,0.3980309667460846,0.7641505380471547,0.001,64,4,2,128,0.1,32,75,0.0,0.1,15,5,0.5,True,42
early_stopping_patience,15,30,30,19,0.3828290588024891,0.8372433960437775,0.001,64,4,2,128,0.1,32,75,0.0,0.1,15,5,0.5,True,42
early_stopping_patience,15,30,30,20,0.33626526910247223,0.9237893382708232,0.001,64,4,2,128,0.1,32,75,0.0,0.1,15,5,0.5,True,42
early_stopping_patience,15,30,30,21,0.31389086913656106,0.9402040501435598,0.001,64,4,2,128,0.1,32,75,0.0,0.1,15,5,0.5,True,42
early_stopping_patience,15,30,30,22,0.3173207134911508,0.9237436711788177,0.001,64,4,2,128,0.1,32,75,0.0,0.1,15,5,0.5,True,42
early_stopping_patience,15,31,31,1,0.694463626679146,0.6823522647221884,0.001,64,4,2,128,0.1,32,75,0.0,0.1,15,5,0.5,True,42
early_stopping_patience,15,31,31,2,0.66898892232866,0.661402451992035,0.001,64,4,2,128,0.1,32,75,0.0,0.1,15,5,0.5,True,42
early_stopping_patience,15,31,31,3,0.6473925082069455,0.6780913154284159,0.001,64,4,2,128,0.1,32,75,0.0,0.1,15,5,0.5,True,42
early_stopping_patience,15,31,31,4,0.6406960713140892,0.6316224058469136,0.001,64,4,2,128,0.1,32,75,0.0,0.1,15,5,0.5,True,42
early_stopping_patience,15,31,31,5,0.6299169643810301,0.6382879495620728,0.001,64,4,2,128,0.1,32,75,0.0,0.1,15,5,0.5,True,42
early_stopping_patience,15,31,31,6,0.6150189635880066,0.6265241384506226,0.001,64,4,2,128,0.1,32,75,0.0,0.1,15,5,0.5,True,42
early_stopping_patience,15,31,31,7,0.615635672076182,0.6324366410573323,0.001,64,4,2,128,0.1,32,75,0.0,0.1,15,5,0.5,True,42
early_stopping_patience,15,31,31,8,0.5979464045076659,0.6486502389113108,0.001,64,4,2,128,0.1,32,75,0.0,0.1,15,5,0.5,True,42
early_stopping_patience,15,31,31,9,0.5871260019414353,0.6375391741593679,0.001,64,4,2,128,0.1,32,75,0.0,0.1,15,5,0.5,True,42
early_stopping_patience,15,31,31,10,0.5758725370873105,0.6457172552744548,0.001,64,4,2,128,0.1,32,75,0.0,0.1,15,5,0.5,True,42
early_stopping_patience,15,31,31,11,0.5618544846321597,0.6400360882282257,0.001,64,4,2,128,0.1,32,75,0.0,0.1,15,5,0.5,True,42
early_stopping_patience,15,31,31,12,0.559684659269723,0.6779594918092092,0.001,64,4,2,128,0.1,32,75,0.0,0.1,15,5,0.5,True,42
early_stopping_patience,15,31,31,13,0.514870063599312,0.6747211317221323,0.001,64,4,2,128,0.1,32,75,0.0,0.1,15,5,0.5,True,42
early_stopping_patience,15,31,31,14,0.49456609627514175,0.702272093296051,0.001,64,4,2,128,0.1,32,75,0.0,0.1,15,5,0.5,True,42
early_stopping_patience,15,31,31,15,0.4702741318579876,0.7302073498566946,0.001,64,4,2,128,0.1,32,75,0.0,0.1,15,5,0.5,True,42
early_stopping_patience,15,31,31,16,0.4520303625049013,0.7410581211249033,0.001,64,4,2,128,0.1,32,75,0.0,0.1,15,5,0.5,True,42
early_stopping_patience,15,31,31,17,0.43522601089242735,0.7666408499081929,0.001,64,4,2,128,0.1,32,75,0.0,0.1,15,5,0.5,True,42
early_stopping_patience,15,31,31,18,0.4243324603320974,0.8155533055464427,0.001,64,4,2,128,0.1,32,75,0.0,0.1,15,5,0.5,True,42
early_stopping_patience,15,31,31,19,0.37237219659216475,0.8533436338106791,0.001,64,4,2,128,0.1,32,75,0.0,0.1,15,5,0.5,True,42
early_stopping_patience,15,31,31,20,0.3540370152755217,0.8876324812571208,0.001,64,4,2,128,0.1,32,75,0.0,0.1,15,5,0.5,True,42
early_stopping_patience,15,31,31,21,0.3399490156408512,0.9132930278778076,0.001,64,4,2,128,0.1,32,75,0.0,0.1,15,5,0.5,True,42
early_stopping_patience,15,32,32,1,0.6923627577947847,0.6853656808535258,0.001,64,4,2,128,0.1,32,75,0.0,0.1,15,5,0.5,True,42
early_stopping_patience,15,32,32,2,0.6767791911508098,0.6853969136873881,0.001,64,4,2,128,0.1,32,75,0.0,0.1,15,5,0.5,True,42
early_stopping_patience,15,32,32,3,0.6553843233621481,0.6429687301317851,0.001,64,4,2,128,0.1,32,75,0.0,0.1,15,5,0.5,True,42
early_stopping_patience,15,32,32,4,0.6413257415547515,0.6302686333656311,0.001,64,4,2,128,0.1,32,75,0.0,0.1,15,5,0.5,True,42
early_stopping_patience,15,32,32,5,0.6300029759154175,0.6248595893383027,0.001,64,4,2,128,0.1,32,75,0.0,0.1,15,5,0.5,True,42
early_stopping_patience,15,32,32,6,0.6198436827822165,0.6533056239287058,0.001,64,4,2,128,0.1,32,75,0.0,0.1,15,5,0.5,True,42
early_stopping_patience,15,32,32,7,0.6163630383935842,0.6457495113213857,0.001,64,4,2,128,0.1,32,75,0.0,0.1,15,5,0.5,True,42
early_stopping_patience,15,32,32,8,0.6034536465550914,0.6433196047941844,0.001,64,4,2,128,0.1,32,75,0.0,0.1,15,5,0.5,True,42
early_stopping_patience,15,32,32,9,0.6041916220477133,0.6108204265435536,0.001,64,4,2,128,0.1,32,75,0.0,0.1,15,5,0.5,True,42
early_stopping_patience,15,32,32,10,0.5849764608975613,0.627331014474233,0.001,64,4,2,128,0.1,32,75,0.0,0.1,15,5,0.5,True,42
early_stopping_patience,15,32,32,11,0.5719554803588174,0.6962043583393097,0.001,64,4,2,128,0.1,32,75,0.0,0.1,15,5,0.5,True,42
early_stopping_patience,15,32,32,12,0.5616642112533251,0.641133721669515,0.001,64,4,2,128,0.1,32,75,0.0,0.1,15,5,0.5,True,42
early_stopping_patience,15,32,32,13,0.5440618820262678,0.66271866162618,0.001,64,4,2,128,0.1,32,75,0.0,0.1,15,5,0.5,True,42
early_stopping_patience,15,32,32,14,0.532274812911496,0.653313402334849,0.001,64,4,2,128,0.1,32,75,0.0,0.1,15,5,0.5,True,42
early_stopping_patience,15,32,32,15,0.5108655072522886,0.6991731901963552,0.001,64,4,2,128,0.1,32,75,0.0,0.1,15,5,0.5,True,42
early_stopping_patience,15,32,32,16,0.45984191300742555,0.7572090923786163,0.001,64,4,2,128,0.1,32,75,0.0,0.1,15,5,0.5,True,42
early_stopping_patience,15,32,32,17,0.4336747756284295,0.7903830597798029,0.001,64,4,2,128,0.1,32,75,0.0,0.1,15,5,0.5,True,42
early_stopping_patience,15,32,32,18,0.4274404959922487,0.754031244913737,0.001,64,4,2,128,0.1,32,75,0.0,0.1,15,5,0.5,True,42
early_stopping_patience,15,32,32,19,0.39410639971946226,0.8085038125514984,0.001,64,4,2,128,0.1,32,75,0.0,0.1,15,5,0.5,True,42
early_stopping_patience,15,32,32,20,0.3671279638779886,0.8928302864233653,0.001,64,4,2,128,0.1,32,75,0.0,0.1,15,5,0.5,True,42
early_stopping_patience,15,32,32,21,0.3549297470034975,0.8578046043713887,0.001,64,4,2,128,0.1,32,75,0.0,0.1,15,5,0.5,True,42
early_stopping_patience,15,32,32,22,0.2997743986321218,0.9612140595912934,0.001,64,4,2,128,0.1,32,75,0.0,0.1,15,5,0.5,True,42
early_stopping_patience,15,32,32,23,0.2902614233846014,1.0017787019411724,0.001,64,4,2,128,0.1,32,75,0.0,0.1,15,5,0.5,True,42
early_stopping_patience,15,32,32,24,0.2718656967873826,1.0681448022524516,0.001,64,4,2,128,0.1,32,75,0.0,0.1,15,5,0.5,True,42
early_stopping_patience,15,33,33,1,0.6962655502738375,0.6932053724924724,0.001,64,4,2,128,0.1,32,75,0.0,0.1,15,5,0.5,True,42
early_stopping_patience,15,33,33,2,0.6748383776708082,0.654293159643809,0.001,64,4,2,128,0.1,32,75,0.0,0.1,15,5,0.5,True,42
early_stopping_patience,15,33,33,3,0.6492963735804413,0.645245099067688,0.001,64,4,2,128,0.1,32,75,0.0,0.1,15,5,0.5,True,42
early_stopping_patience,15,33,33,4,0.6401992641163595,0.6131635705629984,0.001,64,4,2,128,0.1,32,75,0.0,0.1,15,5,0.5,True,42
early_stopping_patience,15,33,33,5,0.6259065622633154,0.6309801936149597,0.001,64,4,2,128,0.1,32,75,0.0,0.1,15,5,0.5,True,42
early_stopping_patience,15,33,33,6,0.6189242511084585,0.6415880799293519,0.001,64,4,2,128,0.1,32,75,0.0,0.1,15,5,0.5,True,42
early_stopping_patience,15,33,33,7,0.6247392861229001,0.6161785006523133,0.001,64,4,2,128,0.1,32,75,0.0,0.1,15,5,0.5,True,42
early_stopping_patience,15,33,33,8,0.6067986486084533,0.6304867227872213,0.001,64,4,2,128,0.1,32,75,0.0,0.1,15,5,0.5,True,42
early_stopping_patience,15,33,33,9,0.5964071102666132,0.6099895079930623,0.001,64,4,2,128,0.1,32,75,0.0,0.1,15,5,0.5,True,42
early_stopping_patience,15,33,33,10,0.5808421276283987,0.6101941267649332,0.001,64,4,2,128,0.1,32,75,0.0,0.1,15,5,0.5,True,42
early_stopping_patience,15,33,33,11,0.5680819650491079,0.6238513807455699,0.001,64,4,2,128,0.1,32,75,0.0,0.1,15,5,0.5,True,42
early_stopping_patience,15,33,33,12,0.5599721832708879,0.6597515602906545,0.001,64,4,2,128,0.1,32,75,0.0,0.1,15,5,0.5,True,42
early_stopping_patience,15,33,33,13,0.5444717100172332,0.6470420082410177,0.001,64,4,2,128,0.1,32,75,0.0,0.1,15,5,0.5,True,42
early_stopping_patience,15,33,33,14,0.5169258585030382,0.6691390057404836,0.001,64,4,2,128,0.1,32,75,0.0,0.1,15,5,0.5,True,42
early_stopping_patience,15,33,33,15,0.504673366745313,0.7110374609629313,0.001,64,4,2,128,0.1,32,75,0.0,0.1,15,5,0.5,True,42
early_stopping_patience,15,33,33,16,0.44953044187841995,0.7228293418884277,0.001,64,4,2,128,0.1,32,75,0.0,0.1,15,5,0.5,True,42
early_stopping_patience,15,33,33,17,0.42157959712274146,0.7465427498022715,0.001,64,4,2,128,0.1,32,75,0.0,0.1,15,5,0.5,True,42
early_stopping_patience,15,33,33,18,0.4042168934688424,0.8566134949525197,0.001,64,4,2,128,0.1,32,75,0.0,0.1,15,5,0.5,True,42
early_stopping_patience,15,33,33,19,0.3880158117548986,0.8773984392484029,0.001,64,4,2,128,0.1,32,75,0.0,0.1,15,5,0.5,True,42
early_stopping_patience,15,33,33,20,0.3575920145394224,0.9097969114780426,0.001,64,4,2,128,0.1,32,75,0.0,0.1,15,5,0.5,True,42
early_stopping_patience,15,33,33,21,0.34544863043860957,0.9600105484326681,0.001,64,4,2,128,0.1,32,75,0.0,0.1,15,5,0.5,True,42
early_stopping_patience,15,33,33,22,0.2989979312952721,1.0163131594657897,0.001,64,4,2,128,0.1,32,75,0.0,0.1,15,5,0.5,True,42
early_stopping_patience,15,33,33,23,0.2749448949753335,1.09570814371109,0.001,64,4,2,128,0.1,32,75,0.0,0.1,15,5,0.5,True,42
early_stopping_patience,15,33,33,24,0.269919753074646,1.1363653659820556,0.001,64,4,2,128,0.1,32,75,0.0,0.1,15,5,0.5,True,42
early_stopping_patience,15,34,34,1,0.6963189822254758,0.6856137911478678,0.001,64,4,2,128,0.1,32,75,0.0,0.1,15,5,0.5,True,42
early_stopping_patience,15,34,34,2,0.6643123933763215,0.6452923496564229,0.001,64,4,2,128,0.1,32,75,0.0,0.1,15,5,0.5,True,42
early_stopping_patience,15,34,34,3,0.6448809129722191,0.655828203757604,0.001,64,4,2,128,0.1,32,75,0.0,0.1,15,5,0.5,True,42
early_stopping_patience,15,34,34,4,0.6337169925823356,0.6612511932849884,0.001,64,4,2,128,0.1,32,75,0.0,0.1,15,5,0.5,True,42
early_stopping_patience,15,34,34,5,0.6144542849876664,0.6398171703020732,0.001,64,4,2,128,0.1,32,75,0.0,0.1,15,5,0.5,True,42
early_stopping_patience,15,34,34,6,0.6130606979131699,0.654859725634257,0.001,64,4,2,128,0.1,32,75,0.0,0.1,15,5,0.5,True,42
early_stopping_patience,15,34,34,7,0.6014439890330489,0.6426350911458333,0.001,64,4,2,128,0.1,32,75,0.0,0.1,15,5,0.5,True,42
early_stopping_patience,15,34,34,8,0.59211648752292,0.6368838330109914,0.001,64,4,2,128,0.1,32,75,0.0,0.1,15,5,0.5,True,42
early_stopping_patience,15,34,34,9,0.5880058351339716,0.6503692428270976,0.001,64,4,2,128,0.1,32,75,0.0,0.1,15,5,0.5,True,42
early_stopping_patience,15,34,34,10,0.5664789814389113,0.648343680302302,0.001,64,4,2,128,0.1,32,75,0.0,0.1,15,5,0.5,True,42
early_stopping_patience,15,34,34,11,0.5568230127294859,0.650677518049876,0.001,64,4,2,128,0.1,32,75,0.0,0.1,15,5,0.5,True,42
early_stopping_patience,15,34,34,12,0.549553391608325,0.6611924986044566,0.001,64,4,2,128,0.1,32,75,0.0,0.1,15,5,0.5,True,42
early_stopping_patience,15,34,34,13,0.5353773335615793,0.6461087723573049,0.001,64,4,2,128,0.1,32,75,0.0,0.1,15,5,0.5,True,42
early_stopping_patience,15,34,34,14,0.5151822618914373,0.674219032128652,0.001,64,4,2,128,0.1,32,75,0.0,0.1,15,5,0.5,True,42
early_stopping_patience,15,34,34,15,0.46372116086157883,0.7562257488568623,0.001,64,4,2,128,0.1,32,75,0.0,0.1,15,5,0.5,True,42
early_stopping_patience,15,34,34,16,0.4317990964786573,0.7494937400023143,0.001,64,4,2,128,0.1,32,75,0.0,0.1,15,5,0.5,True,42
early_stopping_patience,15,34,34,17,0.41420459871490795,0.7995788176854451,0.001,64,4,2,128,0.1,32,75,0.0,0.1,15,5,0.5,True,42
early_stopping_patience,15,34,34,18,0.40570237442399515,0.7858814636866251,0.001,64,4,2,128,0.1,32,75,0.0,0.1,15,5,0.5,True,42
early_stopping_patience,15,34,34,19,0.38305033777247777,0.8552904546260833,0.001,64,4,2,128,0.1,32,75,0.0,0.1,15,5,0.5,True,42
early_stopping_patience,15,34,34,20,0.36029499543435645,0.8554442346096038,0.001,64,4,2,128,0.1,32,75,0.0,0.1,15,5,0.5,True,42
early_stopping_patience,15,34,34,21,0.31303713583584986,1.0038975179195404,0.001,64,4,2,128,0.1,32,75,0.0,0.1,15,5,0.5,True,42
early_stopping_patience,15,34,34,22,0.2955373990716356,0.9814276238282521,0.001,64,4,2,128,0.1,32,75,0.0,0.1,15,5,0.5,True,42
early_stopping_patience,15,34,34,23,0.2892547688362273,1.0229201594988504,0.001,64,4,2,128,0.1,32,75,0.0,0.1,15,5,0.5,True,42
early_stopping_patience,15,35,35,1,0.690794998497674,0.6772224267323812,0.001,64,4,2,128,0.1,32,75,0.0,0.1,15,5,0.5,True,42
early_stopping_patience,15,35,35,2,0.6639596138036612,0.6527200619379679,0.001,64,4,2,128,0.1,32,75,0.0,0.1,15,5,0.5,True,42
early_stopping_patience,15,35,35,3,0.6501703122348497,0.6383010009924571,0.001,64,4,2,128,0.1,32,75,0.0,0.1,15,5,0.5,True,42
early_stopping_patience,15,35,35,4,0.6296110737955931,0.6140800654888153,0.001,64,4,2,128,0.1,32,75,0.0,0.1,15,5,0.5,True,42
early_stopping_patience,15,35,35,5,0.623221466035554,0.6126538316408793,0.001,64,4,2,128,0.1,32,75,0.0,0.1,15,5,0.5,True,42
early_stopping_patience,15,35,35,6,0.6192545859199582,0.6115614692370097,0.001,64,4,2,128,0.1,32,75,0.0,0.1,15,5,0.5,True,42
early_stopping_patience,15,35,35,7,0.6098333662658026,0.6132824142773946,0.001,64,4,2,128,0.1,32,75,0.0,0.1,15,5,0.5,True,42
early_stopping_patience,15,35,35,8,0.5926937311887741,0.644573426246643,0.001,64,4,2,128,0.1,32,75,0.0,0.1,15,5,0.5,True,42
early_stopping_patience,15,35,35,9,0.5887289668122927,0.6302359819412231,0.001,64,4,2,128,0.1,32,75,0.0,0.1,15,5,0.5,True,42
early_stopping_patience,15,35,35,10,0.5767001834782687,0.6227504134178161,0.001,64,4,2,128,0.1,32,75,0.0,0.1,15,5,0.5,True,42
early_stopping_patience,15,35,35,11,0.565495913001624,0.645135776201884,0.001,64,4,2,128,0.1,32,75,0.0,0.1,15,5,0.5,True,42
early_stopping_patience,15,35,35,12,0.5629989396442067,0.6227218369642894,0.001,64,4,2,128,0.1,32,75,0.0,0.1,15,5,0.5,True,42
early_stopping_patience,15,35,35,13,0.5211326958555164,0.6320190250873565,0.001,64,4,2,128,0.1,32,75,0.0,0.1,15,5,0.5,True,42
early_stopping_patience,15,35,35,14,0.4989593446706281,0.6777298887570699,0.001,64,4,2,128,0.1,32,75,0.0,0.1,15,5,0.5,True,42
early_stopping_patience,15,35,35,15,0.4848988814787431,0.664828489224116,0.001,64,4,2,128,0.1,32,75,0.0,0.1,15,5,0.5,True,42
early_stopping_patience,15,35,35,16,0.4734463973930388,0.679333072900772,0.001,64,4,2,128,0.1,32,75,0.0,0.1,15,5,0.5,True,42
early_stopping_patience,15,35,35,17,0.4541759810438662,0.6885056952635448,0.001,64,4,2,128,0.1,32,75,0.0,0.1,15,5,0.5,True,42
early_stopping_patience,15,35,35,18,0.42175834140542784,0.7259924391905467,0.001,64,4,2,128,0.1,32,75,0.0,0.1,15,5,0.5,True,42
early_stopping_patience,15,35,35,19,0.3934680800320524,0.7957456072171529,0.001,64,4,2,128,0.1,32,75,0.0,0.1,15,5,0.5,True,42
early_stopping_patience,15,35,35,20,0.3823175102923856,0.7770885050296783,0.001,64,4,2,128,0.1,32,75,0.0,0.1,15,5,0.5,True,42
early_stopping_patience,15,35,35,21,0.3617217476395043,0.8440313855806987,0.001,64,4,2,128,0.1,32,75,0.0,0.1,15,5,0.5,True,42
early_stopping_patience,15,36,36,1,0.687902910691319,0.6602916797002156,0.001,64,4,2,128,0.1,32,75,0.0,0.1,15,5,0.5,True,42
early_stopping_patience,15,36,36,2,0.6659865266445911,0.6365869283676148,0.001,64,4,2,128,0.1,32,75,0.0,0.1,15,5,0.5,True,42
early_stopping_patience,15,36,36,3,0.6541054470069481,0.6294399301211039,0.001,64,4,2,128,0.1,32,75,0.0,0.1,15,5,0.5,True,42
early_stopping_patience,15,36,36,4,0.6389062662016262,0.6337262272834778,0.001,64,4,2,128,0.1,32,75,0.0,0.1,15,5,0.5,True,42
early_stopping_patience,15,36,36,5,0.6236775413607106,0.5998010297616323,0.001,64,4,2,128,0.1,32,75,0.0,0.1,15,5,0.5,True,42
early_stopping_patience,15,36,36,6,0.6150555798050129,0.634365975856781,0.001,64,4,2,128,0.1,32,75,0.0,0.1,15,5,0.5,True,42
early_stopping_patience,15,36,36,7,0.6053229134642717,0.6086348474025727,0.001,64,4,2,128,0.1,32,75,0.0,0.1,15,5,0.5,True,42
early_stopping_patience,15,36,36,8,0.596419029389367,0.6233981649080912,0.001,64,4,2,128,0.1,32,75,0.0,0.1,15,5,0.5,True,42
early_stopping_patience,15,36,36,9,0.5984436926065069,0.616857632001241,0.001,64,4,2,128,0.1,32,75,0.0,0.1,15,5,0.5,True,42
early_stopping_patience,15,36,36,10,0.5836405873750196,0.6690280099709829,0.001,64,4,2,128,0.1,32,75,0.0,0.1,15,5,0.5,True,42
early_stopping_patience,15,36,36,11,0.5660494663047068,0.6190326035022735,0.001,64,4,2,128,0.1,32,75,0.0,0.1,15,5,0.5,True,42
early_stopping_patience,15,36,36,12,0.5294783664020625,0.6340655167897542,0.001,64,4,2,128,0.1,32,75,0.0,0.1,15,5,0.5,True,42
early_stopping_patience,15,36,36,13,0.5107165665337534,0.6548463741938273,0.001,64,4,2,128,0.1,32,75,0.0,0.1,15,5,0.5,True,42
early_stopping_patience,15,36,36,14,0.4842775904319503,0.6878445049126943,0.001,64,4,2,128,0.1,32,75,0.0,0.1,15,5,0.5,True,42
early_stopping_patience,15,36,36,15,0.47031083996548795,0.6841002384821574,0.001,64,4,2,128,0.1,32,75,0.0,0.1,15,5,0.5,True,42
early_stopping_patience,15,36,36,16,0.4453798038038341,0.7711159626642863,0.001,64,4,2,128,0.1,32,75,0.0,0.1,15,5,0.5,True,42
early_stopping_patience,15,36,36,17,0.4322375657432007,0.7596719026565552,0.001,64,4,2,128,0.1,32,75,0.0,0.1,15,5,0.5,True,42
early_stopping_patience,15,36,36,18,0.3835504056152069,0.7988560517628988,0.001,64,4,2,128,0.1,32,75,0.0,0.1,15,5,0.5,True,42
early_stopping_patience,15,36,36,19,0.36200795006571396,0.8011884530385335,0.001,64,4,2,128,0.1,32,75,0.0,0.1,15,5,0.5,True,42
early_stopping_patience,15,36,36,20,0.3506987683023467,0.8919547220071157,0.001,64,4,2,128,0.1,32,75,0.0,0.1,15,5,0.5,True,42
early_stopping_patience,15,37,37,1,0.6968637862891862,0.6875070611635844,0.001,64,4,2,128,0.1,32,75,0.0,0.1,15,5,0.5,True,42
early_stopping_patience,15,37,37,2,0.6723729394602053,0.6330136020978292,0.001,64,4,2,128,0.1,32,75,0.0,0.1,15,5,0.5,True,42
early_stopping_patience,15,37,37,3,0.64277247249177,0.6178000370661417,0.001,64,4,2,128,0.1,32,75,0.0,0.1,15,5,0.5,True,42
early_stopping_patience,15,37,37,4,0.628536122766408,0.6038087785243988,0.001,64,4,2,128,0.1,32,75,0.0,0.1,15,5,0.5,True,42
early_stopping_patience,15,37,37,5,0.6113631339235739,0.6026490986347198,0.001,64,4,2,128,0.1,32,75,0.0,0.1,15,5,0.5,True,42
early_stopping_patience,15,37,37,6,0.6042106521852089,0.6027159988880157,0.001,64,4,2,128,0.1,32,75,0.0,0.1,15,5,0.5,True,42
early_stopping_patience,15,37,37,7,0.6004545559937303,0.6277113278706868,0.001,64,4,2,128,0.1,32,75,0.0,0.1,15,5,0.5,True,42
early_stopping_patience,15,37,37,8,0.5930391351381937,0.6083148121833801,0.001,64,4,2,128,0.1,32,75,0.0,0.1,15,5,0.5,True,42
early_stopping_patience,15,37,37,9,0.574137016227751,0.6177139679590861,0.001,64,4,2,128,0.1,32,75,0.0,0.1,15,5,0.5,True,42
early_stopping_patience,15,37,37,10,0.5609433818044085,0.6294594685236613,0.001,64,4,2,128,0.1,32,75,0.0,0.1,15,5,0.5,True,42
early_stopping_patience,15,37,37,11,0.5478062981908972,0.6319091856479645,0.001,64,4,2,128,0.1,32,75,0.0,0.1,15,5,0.5,True,42
early_stopping_patience,15,37,37,12,0.5166457279613523,0.6380985796451568,0.001,64,4,2,128,0.1,32,75,0.0,0.1,15,5,0.5,True,42
early_stopping_patience,15,37,37,13,0.49172631335077865,0.6730610847473144,0.001,64,4,2,128,0.1,32,75,0.0,0.1,15,5,0.5,True,42
early_stopping_patience,15,37,37,14,0.4715914275835861,0.7227563818295797,0.001,64,4,2,128,0.1,32,75,0.0,0.1,15,5,0.5,True,42
early_stopping_patience,15,37,37,15,0.4623892145852248,0.7084006905555725,0.001,64,4,2,128,0.1,32,75,0.0,0.1,15,5,0.5,True,42
early_stopping_patience,15,37,37,16,0.4372195059602911,0.7430254638195037,0.001,64,4,2,128,0.1,32,75,0.0,0.1,15,5,0.5,True,42
early_stopping_patience,15,37,37,17,0.42533374510028144,0.7455124219258626,0.001,64,4,2,128,0.1,32,75,0.0,0.1,15,5,0.5,True,42
early_stopping_patience,15,37,37,18,0.3823926570740613,0.8084176143010458,0.001,64,4,2,128,0.1,32,75,0.0,0.1,15,5,0.5,True,42
early_stopping_patience,15,37,37,19,0.36229012725931226,0.8219254016876221,0.001,64,4,2,128,0.1,32,75,0.0,0.1,15,5,0.5,True,42
early_stopping_patience,15,37,37,20,0.35293487854527705,0.8656587560971578,0.001,64,4,2,128,0.1,32,75,0.0,0.1,15,5,0.5,True,42
early_stopping_patience,15,38,38,1,0.70180530936429,0.7030848105748494,0.001,64,4,2,128,0.1,32,75,0.0,0.1,15,5,0.5,True,42
early_stopping_patience,15,38,38,2,0.6806268673954587,0.6777200063069662,0.001,64,4,2,128,0.1,32,75,0.0,0.1,15,5,0.5,True,42
early_stopping_patience,15,38,38,3,0.6667660244486548,0.6425143082936605,0.001,64,4,2,128,0.1,32,75,0.0,0.1,15,5,0.5,True,42
early_stopping_patience,15,38,38,4,0.6436984058130871,0.6427232384681701,0.001,64,4,2,128,0.1,32,75,0.0,0.1,15,5,0.5,True,42
early_stopping_patience,15,38,38,5,0.6366822342529441,0.6264418760935465,0.001,64,4,2,128,0.1,32,75,0.0,0.1,15,5,0.5,True,42
early_stopping_patience,15,38,38,6,0.6207382326776331,0.6008599003156027,0.001,64,4,2,128,0.1,32,75,0.0,0.1,15,5,0.5,True,42
early_stopping_patience,15,38,38,7,0.6093493720347231,0.6044191360473633,0.001,64,4,2,128,0.1,32,75,0.0,0.1,15,5,0.5,True,42
early_stopping_patience,15,38,38,8,0.6005058805599357,0.5922197779019673,0.001,64,4,2,128,0.1,32,75,0.0,0.1,15,5,0.5,True,42
early_stopping_patience,15,38,38,9,0.588601331141862,0.5973911682764689,0.001,64,4,2,128,0.1,32,75,0.0,0.1,15,5,0.5,True,42
early_stopping_patience,15,38,38,10,0.5720110903635169,0.641982779900233,0.001,64,4,2,128,0.1,32,75,0.0,0.1,15,5,0.5,True,42
early_stopping_patience,15,38,38,11,0.5601803664908265,0.6176068564256032,0.001,64,4,2,128,0.1,32,75,0.0,0.1,15,5,0.5,True,42
early_stopping_patience,15,38,38,12,0.5505707774198416,0.6402273098627727,0.001,64,4,2,128,0.1,32,75,0.0,0.1,15,5,0.5,True,42
early_stopping_patience,15,38,38,13,0.5420260540012157,0.6266818424065908,0.001,64,4,2,128,0.1,32,75,0.0,0.1,15,5,0.5,True,42
early_stopping_patience,15,38,38,14,0.5107960353295008,0.6439080794652303,0.001,64,4,2,128,0.1,32,75,0.0,0.1,15,5,0.5,True,42
early_stopping_patience,15,38,38,15,0.4548413653039571,0.7018287936846416,0.001,64,4,2,128,0.1,32,75,0.0,0.1,15,5,0.5,True,42
early_stopping_patience,15,38,38,16,0.4321251492382902,0.7243677655855815,0.001,64,4,2,128,0.1,32,75,0.0,0.1,15,5,0.5,True,42
early_stopping_patience,15,38,38,17,0.40299030528827146,0.7842436154683431,0.001,64,4,2,128,0.1,32,75,0.0,0.1,15,5,0.5,True,42
early_stopping_patience,15,38,38,18,0.3846167455794233,0.7698293109734853,0.001,64,4,2,128,0.1,32,75,0.0,0.1,15,5,0.5,True,42
early_stopping_patience,15,38,38,19,0.366261691193689,0.8146772603193919,0.001,64,4,2,128,0.1,32,75,0.0,0.1,15,5,0.5,True,42
early_stopping_patience,15,38,38,20,0.3517924295456121,0.8542713562647501,0.001,64,4,2,128,0.1,32,75,0.0,0.1,15,5,0.5,True,42
early_stopping_patience,15,38,38,21,0.2990993017500097,0.9193047006924947,0.001,64,4,2,128,0.1,32,75,0.0,0.1,15,5,0.5,True,42
early_stopping_patience,15,38,38,22,0.28404932181266224,0.9635573963324229,0.001,64,4,2,128,0.1,32,75,0.0,0.1,15,5,0.5,True,42
early_stopping_patience,15,38,38,23,0.2743620410787337,1.0223888317743937,0.001,64,4,2,128,0.1,32,75,0.0,0.1,15,5,0.5,True,42
early_stopping_patience,15,39,39,1,0.6963143014546597,0.6707957784334818,0.001,64,4,2,128,0.1,32,75,0.0,0.1,15,5,0.5,True,42
early_stopping_patience,15,39,39,2,0.6607501159111658,0.6298749228318532,0.001,64,4,2,128,0.1,32,75,0.0,0.1,15,5,0.5,True,42
early_stopping_patience,15,39,39,3,0.6454274123816779,0.6421878675619761,0.001,64,4,2,128,0.1,32,75,0.0,0.1,15,5,0.5,True,42
early_stopping_patience,15,39,39,4,0.6301819831132889,0.610985517501831,0.001,64,4,2,128,0.1,32,75,0.0,0.1,15,5,0.5,True,42
early_stopping_patience,15,39,39,5,0.6276452737775716,0.6575728972752889,0.001,64,4,2,128,0.1,32,75,0.0,0.1,15,5,0.5,True,42
early_stopping_patience,15,39,39,6,0.6220965864080371,0.6269898056983948,0.001,64,4,2,128,0.1,32,75,0.0,0.1,15,5,0.5,True,42
early_stopping_patience,15,39,39,7,0.6031757498329336,0.6046461204687754,0.001,64,4,2,128,0.1,32,75,0.0,0.1,15,5,0.5,True,42
early_stopping_patience,15,39,39,8,0.6005061966451731,0.6190265496571858,0.001,64,4,2,128,0.1,32,75,0.0,0.1,15,5,0.5,True,42
early_stopping_patience,15,39,39,9,0.592768709090623,0.6335031449794769,0.001,64,4,2,128,0.1,32,75,0.0,0.1,15,5,0.5,True,42
early_stopping_patience,15,39,39,10,0.5676515179150032,0.6433567484219869,0.001,64,4,2,128,0.1,32,75,0.0,0.1,15,5,0.5,True,42
early_stopping_patience,15,39,39,11,0.5612794971375754,0.642322572072347,0.001,64,4,2,128,0.1,32,75,0.0,0.1,15,5,0.5,True,42
early_stopping_patience,15,39,39,12,0.5579727307865114,0.6286419848601024,0.001,64,4,2,128,0.1,32,75,0.0,0.1,15,5,0.5,True,42
early_stopping_patience,15,39,39,13,0.5318257239731875,0.6428205490112304,0.001,64,4,2,128,0.1,32,75,0.0,0.1,15,5,0.5,True,42
early_stopping_patience,15,39,39,14,0.48644823174584995,0.6892711540063222,0.001,64,4,2,128,0.1,32,75,0.0,0.1,15,5,0.5,True,42
early_stopping_patience,15,39,39,15,0.45516495316317584,0.7230731805165609,0.001,64,4,2,128,0.1,32,75,0.0,0.1,15,5,0.5,True,42
early_stopping_patience,15,39,39,16,0.4439877181342154,0.7474619030952454,0.001,64,4,2,128,0.1,32,75,0.0,0.1,15,5,0.5,True,42
early_stopping_patience,15,39,39,17,0.4258050855362054,0.7865237653255462,0.001,64,4,2,128,0.1,32,75,0.0,0.1,15,5,0.5,True,42
early_stopping_patience,15,39,39,18,0.4112727372257998,0.8274546464284261,0.001,64,4,2,128,0.1,32,75,0.0,0.1,15,5,0.5,True,42
early_stopping_patience,15,39,39,19,0.3795475293741082,0.8844593544801076,0.001,64,4,2,128,0.1,32,75,0.0,0.1,15,5,0.5,True,42
early_stopping_patience,15,39,39,20,0.33677034429980046,0.9446305116017659,0.001,64,4,2,128,0.1,32,75,0.0,0.1,15,5,0.5,True,42
early_stopping_patience,15,39,39,21,0.3156033027352709,0.9283224264780681,0.001,64,4,2,128,0.1,32,75,0.0,0.1,15,5,0.5,True,42
early_stopping_patience,15,39,39,22,0.3027411330152642,1.071781837940216,0.001,64,4,2,128,0.1,32,75,0.0,0.1,15,5,0.5,True,42
early_stopping_patience,15,40,40,1,0.6913083696907217,0.6738601048787435,0.001,64,4,2,128,0.1,32,75,0.0,0.1,15,5,0.5,True,42
early_stopping_patience,15,40,40,2,0.6525600123586077,0.6488886952400208,0.001,64,4,2,128,0.1,32,75,0.0,0.1,15,5,0.5,True,42
early_stopping_patience,15,40,40,3,0.6392529715191234,0.6290192246437073,0.001,64,4,2,128,0.1,32,75,0.0,0.1,15,5,0.5,True,42
early_stopping_patience,15,40,40,4,0.6242528652602976,0.6210352619489033,0.001,64,4,2,128,0.1,32,75,0.0,0.1,15,5,0.5,True,42
early_stopping_patience,15,40,40,5,0.618256272917444,0.615526948372523,0.001,64,4,2,128,0.1,32,75,0.0,0.1,15,5,0.5,True,42
early_stopping_patience,15,40,40,6,0.6100550187808095,0.6387755930423736,0.001,64,4,2,128,0.1,32,75,0.0,0.1,15,5,0.5,True,42
early_stopping_patience,15,40,40,7,0.5942682535810904,0.6212459067503612,0.001,64,4,2,128,0.1,32,75,0.0,0.1,15,5,0.5,True,42
early_stopping_patience,15,40,40,8,0.5944599689859332,0.6229633629322052,0.001,64,4,2,128,0.1,32,75,0.0,0.1,15,5,0.5,True,42
early_stopping_patience,15,40,40,9,0.5864995099378355,0.6296511034170786,0.001,64,4,2,128,0.1,32,75,0.0,0.1,15,5,0.5,True,42
early_stopping_patience,15,40,40,10,0.5634573284875263,0.6232386986414592,0.001,64,4,2,128,0.1,32,75,0.0,0.1,15,5,0.5,True,42
early_stopping_patience,15,40,40,11,0.5626843930645422,0.6540413538614909,0.001,64,4,2,128,0.1,32,75,0.0,0.1,15,5,0.5,True,42
early_stopping_patience,15,40,40,12,0.5224762913404088,0.6648016552130381,0.001,64,4,2,128,0.1,32,75,0.0,0.1,15,5,0.5,True,42
early_stopping_patience,15,40,40,13,0.5036409709489706,0.6735923290252686,0.001,64,4,2,128,0.1,32,75,0.0,0.1,15,5,0.5,True,42
early_stopping_patience,15,40,40,14,0.4766190392952977,0.6806172053019206,0.001,64,4,2,128,0.1,32,75,0.0,0.1,15,5,0.5,True,42
early_stopping_patience,15,40,40,15,0.47830813761913415,0.6943865915139517,0.001,64,4,2,128,0.1,32,75,0.0,0.1,15,5,0.5,True,42
early_stopping_patience,15,40,40,16,0.4477126370325233,0.7318253517150879,0.001,64,4,2,128,0.1,32,75,0.0,0.1,15,5,0.5,True,42
early_stopping_patience,15,40,40,17,0.4325693728345813,0.7179129620393118,0.001,64,4,2,128,0.1,32,75,0.0,0.1,15,5,0.5,True,42
early_stopping_patience,15,40,40,18,0.39638531637011154,0.7682657957077026,0.001,64,4,2,128,0.1,32,75,0.0,0.1,15,5,0.5,True,42
early_stopping_patience,15,40,40,19,0.37395997616377746,0.7949500401814779,0.001,64,4,2,128,0.1,32,75,0.0,0.1,15,5,0.5,True,42
early_stopping_patience,15,40,40,20,0.3648955984549089,0.8368346393108368,0.001,64,4,2,128,0.1,32,75,0.0,0.1,15,5,0.5,True,42
early_stopping_patience,15,41,41,1,0.6967277716506611,0.6859505037466685,0.001,64,4,2,128,0.1,32,75,0.0,0.1,15,5,0.5,True,42
early_stopping_patience,15,41,41,2,0.6728052388538014,0.6536030769348145,0.001,64,4,2,128,0.1,32,75,0.0,0.1,15,5,0.5,True,42
early_stopping_patience,15,41,41,3,0.6488049567648859,0.6310734232266744,0.001,64,4,2,128,0.1,32,75,0.0,0.1,15,5,0.5,True,42
early_stopping_patience,15,41,41,4,0.6369003793506911,0.6196054577827453,0.001,64,4,2,128,0.1,32,75,0.0,0.1,15,5,0.5,True,42
early_stopping_patience,15,41,41,5,0.6227692963950562,0.6026419719060262,0.001,64,4,2,128,0.1,32,75,0.0,0.1,15,5,0.5,True,42
early_stopping_patience,15,41,41,6,0.612181734632362,0.5894815107186635,0.001,64,4,2,128,0.1,32,75,0.0,0.1,15,5,0.5,True,42
early_stopping_patience,15,41,41,7,0.6022397760640491,0.5886127630869548,0.001,64,4,2,128,0.1,32,75,0.0,0.1,15,5,0.5,True,42
early_stopping_patience,15,41,41,8,0.5921844241745544,0.6161441365877788,0.001,64,4,2,128,0.1,32,75,0.0,0.1,15,5,0.5,True,42
early_stopping_patience,15,41,41,9,0.5826615862774126,0.6064933021863301,0.001,64,4,2,128,0.1,32,75,0.0,0.1,15,5,0.5,True,42
early_stopping_patience,15,41,41,10,0.5694411071864042,0.5991892774899801,0.001,64,4,2,128,0.1,32,75,0.0,0.1,15,5,0.5,True,42
early_stopping_patience,15,41,41,11,0.5438055872465625,0.6103793700536092,0.001,64,4,2,128,0.1,32,75,0.0,0.1,15,5,0.5,True,42
early_stopping_patience,15,41,41,12,0.53130380019094,0.6266962687174479,0.001,64,4,2,128,0.1,32,75,0.0,0.1,15,5,0.5,True,42
early_stopping_patience,15,41,41,13,0.5139235808993831,0.63252854347229,0.001,64,4,2,128,0.1,32,75,0.0,0.1,15,5,0.5,True,42
early_stopping_patience,15,41,41,14,0.46135592528364877,0.7113493800163269,0.001,64,4,2,128,0.1,32,75,0.0,0.1,15,5,0.5,True,42
early_stopping_patience,15,41,41,15,0.43244414787852403,0.7592230518658956,0.001,64,4,2,128,0.1,32,75,0.0,0.1,15,5,0.5,True,42
early_stopping_patience,15,41,41,16,0.40878560823021515,0.75648206671079,0.001,64,4,2,128,0.1,32,75,0.0,0.1,15,5,0.5,True,42
early_stopping_patience,15,41,41,17,0.38498337465253746,0.8631906727949779,0.001,64,4,2,128,0.1,32,75,0.0,0.1,15,5,0.5,True,42
early_stopping_patience,15,41,41,18,0.37634402761856717,0.8877292195955913,0.001,64,4,2,128,0.1,32,75,0.0,0.1,15,5,0.5,True,42
early_stopping_patience,15,41,41,19,0.35463200413593743,0.8932163695494334,0.001,64,4,2,128,0.1,32,75,0.0,0.1,15,5,0.5,True,42
early_stopping_patience,15,41,41,20,0.30290418169037864,0.9978212634722392,0.001,64,4,2,128,0.1,32,75,0.0,0.1,15,5,0.5,True,42
early_stopping_patience,15,41,41,21,0.2820119352051706,1.0664152642091116,0.001,64,4,2,128,0.1,32,75,0.0,0.1,15,5,0.5,True,42
early_stopping_patience,15,41,41,22,0.2787826014964869,1.0980036536852518,0.001,64,4,2,128,0.1,32,75,0.0,0.1,15,5,0.5,True,42
early_stopping_patience,15,42,42,1,0.696785418824716,0.6784059127171834,0.001,64,4,2,128,0.1,32,75,0.0,0.1,15,5,0.5,True,42
early_stopping_patience,15,42,42,2,0.6798893082322497,0.6743359645207723,0.001,64,4,2,128,0.1,32,75,0.0,0.1,15,5,0.5,True,42
early_stopping_patience,15,42,42,3,0.6575939619179928,0.6505144139130911,0.001,64,4,2,128,0.1,32,75,0.0,0.1,15,5,0.5,True,42
early_stopping_patience,15,42,42,4,0.643881129044475,0.6273370623588562,0.001,64,4,2,128,0.1,32,75,0.0,0.1,15,5,0.5,True,42
early_stopping_patience,15,42,42,5,0.6341687427325682,0.6327551484107972,0.001,64,4,2,128,0.1,32,75,0.0,0.1,15,5,0.5,True,42
early_stopping_patience,15,42,42,6,0.6274823103890275,0.615825601418813,0.001,64,4,2,128,0.1,32,75,0.0,0.1,15,5,0.5,True,42
early_stopping_patience,15,42,42,7,0.6094034115473429,0.6075702786445618,0.001,64,4,2,128,0.1,32,75,0.0,0.1,15,5,0.5,True,42
early_stopping_patience,15,42,42,8,0.6105988630742738,0.6365932941436767,0.001,64,4,2,128,0.1,32,75,0.0,0.1,15,5,0.5,True,42
early_stopping_patience,15,42,42,9,0.5992821084730553,0.6205160478750865,0.001,64,4,2,128,0.1,32,75,0.0,0.1,15,5,0.5,True,42
early_stopping_patience,15,42,42,10,0.5873541524915984,0.618256547053655,0.001,64,4,2,128,0.1,32,75,0.0,0.1,15,5,0.5,True,42
early_stopping_patience,15,42,42,11,0.5804245643543474,0.6227408389250437,0.001,64,4,2,128,0.1,32,75,0.0,0.1,15,5,0.5,True,42
early_stopping_patience,15,42,42,12,0.5605889813918056,0.6593410968780518,0.001,64,4,2,128,0.1,32,75,0.0,0.1,15,5,0.5,True,42
early_stopping_patience,15,42,42,13,0.5437117754058405,0.6681424498558044,0.001,64,4,2,128,0.1,32,75,0.0,0.1,15,5,0.5,True,42
early_stopping_patience,15,42,42,14,0.49535766424554767,0.7503449141979217,0.001,64,4,2,128,0.1,32,75,0.0,0.1,15,5,0.5,True,42
early_stopping_patience,15,42,42,15,0.46987589697043103,0.7366294682025909,0.001,64,4,2,128,0.1,32,75,0.0,0.1,15,5,0.5,True,42
early_stopping_patience,15,42,42,16,0.4477427738408248,0.7370474497477214,0.001,64,4,2,128,0.1,32,75,0.0,0.1,15,5,0.5,True,42
early_stopping_patience,15,42,42,17,0.4336777764062087,0.6992580890655518,0.001,64,4,2,128,0.1,32,75,0.0,0.1,15,5,0.5,True,42
early_stopping_patience,15,42,42,18,0.3986075617598765,0.8298944016297658,0.001,64,4,2,128,0.1,32,75,0.0,0.1,15,5,0.5,True,42
early_stopping_patience,15,42,42,19,0.37651908465407113,0.8816554188728333,0.001,64,4,2,128,0.1,32,75,0.0,0.1,15,5,0.5,True,42
early_stopping_patience,15,42,42,20,0.3310132638523073,0.9910480936368307,0.001,64,4,2,128,0.1,32,75,0.0,0.1,15,5,0.5,True,42
early_stopping_patience,15,42,42,21,0.31972996636547824,1.0207888583342235,0.001,64,4,2,128,0.1,32,75,0.0,0.1,15,5,0.5,True,42
early_stopping_patience,15,42,42,22,0.2947150000907255,1.0804061532020568,0.001,64,4,2,128,0.1,32,75,0.0,0.1,15,5,0.5,True,42
early_stopping_patience,15,43,43,1,0.6896910206838087,0.6608566482861836,0.001,64,4,2,128,0.1,32,75,0.0,0.1,15,5,0.5,True,42
early_stopping_patience,15,43,43,2,0.6701105038324991,0.6585499783356984,0.001,64,4,2,128,0.1,32,75,0.0,0.1,15,5,0.5,True,42
early_stopping_patience,15,43,43,3,0.6448032716006944,0.6424292067686717,0.001,64,4,2,128,0.1,32,75,0.0,0.1,15,5,0.5,True,42
early_stopping_patience,15,43,43,4,0.6398331825480317,0.6252369125684102,0.001,64,4,2,128,0.1,32,75,0.0,0.1,15,5,0.5,True,42
early_stopping_patience,15,43,43,5,0.6273771732142477,0.6225031455357869,0.001,64,4,2,128,0.1,32,75,0.0,0.1,15,5,0.5,True,42
early_stopping_patience,15,43,43,6,0.6144165024161339,0.6201336363951365,0.001,64,4,2,128,0.1,32,75,0.0,0.1,15,5,0.5,True,42
early_stopping_patience,15,43,43,7,0.6165531119613936,0.6100380043188731,0.001,64,4,2,128,0.1,32,75,0.0,0.1,15,5,0.5,True,42
early_stopping_patience,15,43,43,8,0.6060828841996916,0.6083938380082449,0.001,64,4,2,128,0.1,32,75,0.0,0.1,15,5,0.5,True,42
early_stopping_patience,15,43,43,9,0.5937947703130317,0.6628759046395619,0.001,64,4,2,128,0.1,32,75,0.0,0.1,15,5,0.5,True,42
early_stopping_patience,15,43,43,10,0.584480713940028,0.6373616596062978,0.001,64,4,2,128,0.1,32,75,0.0,0.1,15,5,0.5,True,42
early_stopping_patience,15,43,43,11,0.5731083186286868,0.6808753788471222,0.001,64,4,2,128,0.1,32,75,0.0,0.1,15,5,0.5,True,42
early_stopping_patience,15,43,43,12,0.5631406711358012,0.6343765914440155,0.001,64,4,2,128,0.1,32,75,0.0,0.1,15,5,0.5,True,42
early_stopping_patience,15,43,43,13,0.546927772462368,0.6799326320489247,0.001,64,4,2,128,0.1,32,75,0.0,0.1,15,5,0.5,True,42
early_stopping_patience,15,43,43,14,0.5230258667107784,0.6643911600112915,0.001,64,4,2,128,0.1,32,75,0.0,0.1,15,5,0.5,True,42
early_stopping_patience,15,43,43,15,0.4798498837785287,0.6711678624153137,0.001,64,4,2,128,0.1,32,75,0.0,0.1,15,5,0.5,True,42
early_stopping_patience,15,43,43,16,0.4583956834041711,0.7146334687868754,0.001,64,4,2,128,0.1,32,75,0.0,0.1,15,5,0.5,True,42
early_stopping_patience,15,43,43,17,0.43862644628141867,0.7169085144996643,0.001,64,4,2,128,0.1,32,75,0.0,0.1,15,5,0.5,True,42
early_stopping_patience,15,43,43,18,0.4077105840498751,0.7528675297896067,0.001,64,4,2,128,0.1,32,75,0.0,0.1,15,5,0.5,True,42
early_stopping_patience,15,43,43,19,0.3894049959878127,0.7569801072279613,0.001,64,4,2,128,0.1,32,75,0.0,0.1,15,5,0.5,True,42
early_stopping_patience,15,43,43,20,0.3705952726304531,0.8501866380373637,0.001,64,4,2,128,0.1,32,75,0.0,0.1,15,5,0.5,True,42
early_stopping_patience,15,43,43,21,0.3254339113605745,0.9009971598784129,0.001,64,4,2,128,0.1,32,75,0.0,0.1,15,5,0.5,True,42
early_stopping_patience,15,43,43,22,0.31279908459294925,0.9678780694802602,0.001,64,4,2,128,0.1,32,75,0.0,0.1,15,5,0.5,True,42
early_stopping_patience,15,43,43,23,0.297828437026703,0.9570790787537893,0.001,64,4,2,128,0.1,32,75,0.0,0.1,15,5,0.5,True,42
early_stopping_patience,15,44,44,1,0.6973204540483879,0.6564245343208313,0.001,64,4,2,128,0.1,32,75,0.0,0.1,15,5,0.5,True,42
early_stopping_patience,15,44,44,2,0.6617715254877553,0.6473978300889333,0.001,64,4,2,128,0.1,32,75,0.0,0.1,15,5,0.5,True,42
early_stopping_patience,15,44,44,3,0.6413787266973293,0.6285512487093607,0.001,64,4,2,128,0.1,32,75,0.0,0.1,15,5,0.5,True,42
early_stopping_patience,15,44,44,4,0.6218425396716956,0.6091313004493714,0.001,64,4,2,128,0.1,32,75,0.0,0.1,15,5,0.5,True,42
early_stopping_patience,15,44,44,5,0.6180187985301018,0.5985246221224467,0.001,64,4,2,128,0.1,32,75,0.0,0.1,15,5,0.5,True,42
early_stopping_patience,15,44,44,6,0.6172380892164779,0.5898932000001271,0.001,64,4,2,128,0.1,32,75,0.0,0.1,15,5,0.5,True,42
early_stopping_patience,15,44,44,7,0.6057065705006773,0.5960530896981557,0.001,64,4,2,128,0.1,32,75,0.0,0.1,15,5,0.5,True,42
early_stopping_patience,15,44,44,8,0.6070277738300237,0.6212226708730062,0.001,64,4,2,128,0.1,32,75,0.0,0.1,15,5,0.5,True,42
early_stopping_patience,15,44,44,9,0.5862856170896328,0.5964597185452779,0.001,64,4,2,128,0.1,32,75,0.0,0.1,15,5,0.5,True,42
early_stopping_patience,15,44,44,10,0.5802797555471911,0.6024290164311726,0.001,64,4,2,128,0.1,32,75,0.0,0.1,15,5,0.5,True,42
early_stopping_patience,15,44,44,11,0.5678249536590143,0.6121166467666626,0.001,64,4,2,128,0.1,32,75,0.0,0.1,15,5,0.5,True,42
early_stopping_patience,15,44,44,12,0.5592635949001168,0.6089338004589081,0.001,64,4,2,128,0.1,32,75,0.0,0.1,15,5,0.5,True,42
early_stopping_patience,15,44,44,13,0.5077579353343357,0.6635535637537638,0.001,64,4,2,128,0.1,32,75,0.0,0.1,15,5,0.5,True,42
early_stopping_patience,15,44,44,14,0.48286983822331286,0.6829694827397664,0.001,64,4,2,128,0.1,32,75,0.0,0.1,15,5,0.5,True,42
early_stopping_patience,15,44,44,15,0.48643591142061987,0.7166417022546132,0.001,64,4,2,128,0.1,32,75,0.0,0.1,15,5,0.5,True,42
early_stopping_patience,15,44,44,16,0.45416167784820904,0.7524748384952545,0.001,64,4,2,128,0.1,32,75,0.0,0.1,15,5,0.5,True,42
early_stopping_patience,15,44,44,17,0.43106821913159254,0.701515422264735,0.001,64,4,2,128,0.1,32,75,0.0,0.1,15,5,0.5,True,42
early_stopping_patience,15,44,44,18,0.4088407525736274,0.7461415668328603,0.001,64,4,2,128,0.1,32,75,0.0,0.1,15,5,0.5,True,42
early_stopping_patience,15,44,44,19,0.36996972504438774,0.8232675115267436,0.001,64,4,2,128,0.1,32,75,0.0,0.1,15,5,0.5,True,42
early_stopping_patience,15,44,44,20,0.3541235714925058,0.8760565598805745,0.001,64,4,2,128,0.1,32,75,0.0,0.1,15,5,0.5,True,42
early_stopping_patience,15,44,44,21,0.33319165377002774,0.9142491976420085,0.001,64,4,2,128,0.1,32,75,0.0,0.1,15,5,0.5,True,42
early_stopping_patience,15,45,45,1,0.6903115700591694,0.6869713485240936,0.001,64,4,2,128,0.1,32,75,0.0,0.1,15,5,0.5,True,42
early_stopping_patience,15,45,45,2,0.664769579966863,0.6504160602887471,0.001,64,4,2,128,0.1,32,75,0.0,0.1,15,5,0.5,True,42
early_stopping_patience,15,45,45,3,0.6456224839344169,0.6028361241022746,0.001,64,4,2,128,0.1,32,75,0.0,0.1,15,5,0.5,True,42
early_stopping_patience,15,45,45,4,0.6301294181383017,0.6184857328732808,0.001,64,4,2,128,0.1,32,75,0.0,0.1,15,5,0.5,True,42
early_stopping_patience,15,45,45,5,0.6091759200348998,0.6087387303511301,0.001,64,4,2,128,0.1,32,75,0.0,0.1,15,5,0.5,True,42
early_stopping_patience,15,45,45,6,0.6032745020859169,0.6920379817485809,0.001,64,4,2,128,0.1,32,75,0.0,0.1,15,5,0.5,True,42
early_stopping_patience,15,45,45,7,0.5880371402158882,0.6224412679672241,0.001,64,4,2,128,0.1,32,75,0.0,0.1,15,5,0.5,True,42
early_stopping_patience,15,45,45,8,0.5743059588201118,0.6352033495903016,0.001,64,4,2,128,0.1,32,75,0.0,0.1,15,5,0.5,True,42
early_stopping_patience,15,45,45,9,0.5625761196468816,0.6549276808897654,0.001,64,4,2,128,0.1,32,75,0.0,0.1,15,5,0.5,True,42
early_stopping_patience,15,45,45,10,0.5226017864364566,0.6440666794776917,0.001,64,4,2,128,0.1,32,75,0.0,0.1,15,5,0.5,True,42
early_stopping_patience,15,45,45,11,0.5033682796991232,0.7127507150173187,0.001,64,4,2,128,0.1,32,75,0.0,0.1,15,5,0.5,True,42
early_stopping_patience,15,45,45,12,0.48321205400156253,0.6920009036858876,0.001,64,4,2,128,0.1,32,75,0.0,0.1,15,5,0.5,True,42
early_stopping_patience,15,45,45,13,0.4729645945357554,0.71686772108078,0.001,64,4,2,128,0.1,32,75,0.0,0.1,15,5,0.5,True,42
early_stopping_patience,15,45,45,14,0.4534692427877224,0.7465625603993734,0.001,64,4,2,128,0.1,32,75,0.0,0.1,15,5,0.5,True,42
early_stopping_patience,15,45,45,15,0.4294060729444027,0.7766101161638895,0.001,64,4,2,128,0.1,32,75,0.0,0.1,15,5,0.5,True,42
early_stopping_patience,15,45,45,16,0.4060081189328974,0.7930182774861654,0.001,64,4,2,128,0.1,32,75,0.0,0.1,15,5,0.5,True,42
early_stopping_patience,15,45,45,17,0.38115492869507184,0.8090778589248657,0.001,64,4,2,128,0.1,32,75,0.0,0.1,15,5,0.5,True,42
early_stopping_patience,15,45,45,18,0.3743671120116205,0.8231738388538361,0.001,64,4,2,128,0.1,32,75,0.0,0.1,15,5,0.5,True,42
early_stopping_patience,15,46,46,1,0.6962226096427802,0.6626335183779398,0.001,64,4,2,128,0.1,32,75,0.0,0.1,15,5,0.5,True,42
early_stopping_patience,15,46,46,2,0.6627380735043323,0.6508054733276367,0.001,64,4,2,128,0.1,32,75,0.0,0.1,15,5,0.5,True,42
early_stopping_patience,15,46,46,3,0.638151665077065,0.6083588143189748,0.001,64,4,2,128,0.1,32,75,0.0,0.1,15,5,0.5,True,42
early_stopping_patience,15,46,46,4,0.6327690224755894,0.6154265979925791,0.001,64,4,2,128,0.1,32,75,0.0,0.1,15,5,0.5,True,42
early_stopping_patience,15,46,46,5,0.6171297999945554,0.6033380627632141,0.001,64,4,2,128,0.1,32,75,0.0,0.1,15,5,0.5,True,42
early_stopping_patience,15,46,46,6,0.6091108498248187,0.6143191933631897,0.001,64,4,2,128,0.1,32,75,0.0,0.1,15,5,0.5,True,42
early_stopping_patience,15,46,46,7,0.5962981606523196,0.59967147509257,0.001,64,4,2,128,0.1,32,75,0.0,0.1,15,5,0.5,True,42
early_stopping_patience,15,46,46,8,0.5883202277349703,0.6118142783641816,0.001,64,4,2,128,0.1,32,75,0.0,0.1,15,5,0.5,True,42
early_stopping_patience,15,46,46,9,0.5766873876705314,0.6042745649814606,0.001,64,4,2,128,0.1,32,75,0.0,0.1,15,5,0.5,True,42
early_stopping_patience,15,46,46,10,0.5597842134761087,0.6124738891919453,0.001,64,4,2,128,0.1,32,75,0.0,0.1,15,5,0.5,True,42
early_stopping_patience,15,46,46,11,0.545232098662492,0.6191177646319072,0.001,64,4,2,128,0.1,32,75,0.0,0.1,15,5,0.5,True,42
early_stopping_patience,15,46,46,12,0.5414069938388738,0.6961275180180867,0.001,64,4,2,128,0.1,32,75,0.0,0.1,15,5,0.5,True,42
early_stopping_patience,15,46,46,13,0.5284099660136483,0.6526116828123728,0.001,64,4,2,128,0.1,32,75,0.0,0.1,15,5,0.5,True,42
early_stopping_patience,15,46,46,14,0.464066293880795,0.7085459689299266,0.001,64,4,2,128,0.1,32,75,0.0,0.1,15,5,0.5,True,42
early_stopping_patience,15,46,46,15,0.44597285376353696,0.7118523339430491,0.001,64,4,2,128,0.1,32,75,0.0,0.1,15,5,0.5,True,42
early_stopping_patience,15,46,46,16,0.42124086742599803,0.7715284804503123,0.001,64,4,2,128,0.1,32,75,0.0,0.1,15,5,0.5,True,42
early_stopping_patience,15,46,46,17,0.4014716159665223,0.8059746901194255,0.001,64,4,2,128,0.1,32,75,0.0,0.1,15,5,0.5,True,42
early_stopping_patience,15,46,46,18,0.3845700131672801,0.8075524032115936,0.001,64,4,2,128,0.1,32,75,0.0,0.1,15,5,0.5,True,42
early_stopping_patience,15,46,46,19,0.3449840554685304,0.9343263765176137,0.001,64,4,2,128,0.1,32,75,0.0,0.1,15,5,0.5,True,42
early_stopping_patience,15,46,46,20,0.3079184397603526,1.0027330219745636,0.001,64,4,2,128,0.1,32,75,0.0,0.1,15,5,0.5,True,42
early_stopping_patience,15,46,46,21,0.29313539070161904,1.0540989279747008,0.001,64,4,2,128,0.1,32,75,0.0,0.1,15,5,0.5,True,42
early_stopping_patience,15,46,46,22,0.2799933152555516,1.059145845969518,0.001,64,4,2,128,0.1,32,75,0.0,0.1,15,5,0.5,True,42
early_stopping_patience,15,47,47,1,0.6929532573981718,0.6782392501831055,0.001,64,4,2,128,0.1,32,75,0.0,0.1,15,5,0.5,True,42
early_stopping_patience,15,47,47,2,0.6629559542193557,0.6493757665157318,0.001,64,4,2,128,0.1,32,75,0.0,0.1,15,5,0.5,True,42
early_stopping_patience,15,47,47,3,0.6473254547877745,0.6254400928815206,0.001,64,4,2,128,0.1,32,75,0.0,0.1,15,5,0.5,True,42
early_stopping_patience,15,47,47,4,0.6306436865618734,0.6065955261389414,0.001,64,4,2,128,0.1,32,75,0.0,0.1,15,5,0.5,True,42
early_stopping_patience,15,47,47,5,0.6217877237182675,0.6127509991327922,0.001,64,4,2,128,0.1,32,75,0.0,0.1,15,5,0.5,True,42
early_stopping_patience,15,47,47,6,0.6027021572896929,0.629111385345459,0.001,64,4,2,128,0.1,32,75,0.0,0.1,15,5,0.5,True,42
early_stopping_patience,15,47,47,7,0.5914724746888335,0.6118447621663411,0.001,64,4,2,128,0.1,32,75,0.0,0.1,15,5,0.5,True,42
early_stopping_patience,15,47,47,8,0.587374911841118,0.6055123269557953,0.001,64,4,2,128,0.1,32,75,0.0,0.1,15,5,0.5,True,42
early_stopping_patience,15,47,47,9,0.5737560962637266,0.6153251647949218,0.001,64,4,2,128,0.1,32,75,0.0,0.1,15,5,0.5,True,42
early_stopping_patience,15,47,47,10,0.5586514301372297,0.5983537375926972,0.001,64,4,2,128,0.1,32,75,0.0,0.1,15,5,0.5,True,42
early_stopping_patience,15,47,47,11,0.5385630555225142,0.6111742734909058,0.001,64,4,2,128,0.1,32,75,0.0,0.1,15,5,0.5,True,42
early_stopping_patience,15,47,47,12,0.5145923563025214,0.614000936349233,0.001,64,4,2,128,0.1,32,75,0.0,0.1,15,5,0.5,True,42
early_stopping_patience,15,47,47,13,0.5040653720498085,0.6448041935761769,0.001,64,4,2,128,0.1,32,75,0.0,0.1,15,5,0.5,True,42
early_stopping_patience,15,47,47,14,0.48431355393294134,0.6842122534910838,0.001,64,4,2,128,0.1,32,75,0.0,0.1,15,5,0.5,True,42
early_stopping_patience,15,47,47,15,0.45822345397689124,0.7172077874342601,0.001,64,4,2,128,0.1,32,75,0.0,0.1,15,5,0.5,True,42
early_stopping_patience,15,47,47,16,0.43967345424673776,0.7425092776616414,0.001,64,4,2,128,0.1,32,75,0.0,0.1,15,5,0.5,True,42
early_stopping_patience,15,47,47,17,0.3682836780719685,0.769111422697703,0.001,64,4,2,128,0.1,32,75,0.0,0.1,15,5,0.5,True,42
early_stopping_patience,15,47,47,18,0.3339317644184286,0.8594751516977946,0.001,64,4,2,128,0.1,32,75,0.0,0.1,15,5,0.5,True,42
early_stopping_patience,15,47,47,19,0.3168408690076886,0.9282952348391215,0.001,64,4,2,128,0.1,32,75,0.0,0.1,15,5,0.5,True,42
early_stopping_patience,15,47,47,20,0.30012516321783717,0.9194274167219798,0.001,64,4,2,128,0.1,32,75,0.0,0.1,15,5,0.5,True,42
early_stopping_patience,15,47,47,21,0.2858249662782658,1.0268040517965953,0.001,64,4,2,128,0.1,32,75,0.0,0.1,15,5,0.5,True,42
early_stopping_patience,15,47,47,22,0.2609438084517465,1.0836093862851461,0.001,64,4,2,128,0.1,32,75,0.0,0.1,15,5,0.5,True,42
early_stopping_patience,15,47,47,23,0.23103956463323397,1.085949745774269,0.001,64,4,2,128,0.1,32,75,0.0,0.1,15,5,0.5,True,42
early_stopping_patience,15,47,47,24,0.20693565408388773,1.225707044204076,0.001,64,4,2,128,0.1,32,75,0.0,0.1,15,5,0.5,True,42
early_stopping_patience,15,47,47,25,0.20166968362349452,1.2297330220540366,0.001,64,4,2,128,0.1,32,75,0.0,0.1,15,5,0.5,True,42
early_stopping_patience,15,48,48,1,0.6901194152975441,0.6624276320139567,0.001,64,4,2,128,0.1,32,75,0.0,0.1,15,5,0.5,True,42
early_stopping_patience,15,48,48,2,0.6563038718431515,0.651700496673584,0.001,64,4,2,128,0.1,32,75,0.0,0.1,15,5,0.5,True,42
early_stopping_patience,15,48,48,3,0.6394926540385512,0.6247379740079244,0.001,64,4,2,128,0.1,32,75,0.0,0.1,15,5,0.5,True,42
early_stopping_patience,15,48,48,4,0.6317679402523471,0.6244649231433869,0.001,64,4,2,128,0.1,32,75,0.0,0.1,15,5,0.5,True,42
early_stopping_patience,15,48,48,5,0.614641608376252,0.623898430665334,0.001,64,4,2,128,0.1,32,75,0.0,0.1,15,5,0.5,True,42
early_stopping_patience,15,48,48,6,0.6079177067692119,0.6092928528785706,0.001,64,4,2,128,0.1,32,75,0.0,0.1,15,5,0.5,True,42
early_stopping_patience,15,48,48,7,0.5997173853386614,0.6645276963710784,0.001,64,4,2,128,0.1,32,75,0.0,0.1,15,5,0.5,True,42
early_stopping_patience,15,48,48,8,0.6013660177700502,0.6062890628973643,0.001,64,4,2,128,0.1,32,75,0.0,0.1,15,5,0.5,True,42
early_stopping_patience,15,48,48,9,0.5949916348869639,0.6270464897155762,0.001,64,4,2,128,0.1,32,75,0.0,0.1,15,5,0.5,True,42
early_stopping_patience,15,48,48,10,0.5759837407814828,0.6131915589173634,0.001,64,4,2,128,0.1,32,75,0.0,0.1,15,5,0.5,True,42
early_stopping_patience,15,48,48,11,0.5678968956147817,0.6164812644322714,0.001,64,4,2,128,0.1,32,75,0.0,0.1,15,5,0.5,True,42
early_stopping_patience,15,48,48,12,0.5674231014305487,0.6366180976231893,0.001,64,4,2,128,0.1,32,75,0.0,0.1,15,5,0.5,True,42
early_stopping_patience,15,48,48,13,0.547276694971816,0.6452792584896088,0.001,64,4,2,128,0.1,32,75,0.0,0.1,15,5,0.5,True,42
early_stopping_patience,15,48,48,14,0.5408428221716917,0.6438584387302398,0.001,64,4,2,128,0.1,32,75,0.0,0.1,15,5,0.5,True,42
early_stopping_patience,15,48,48,15,0.49199076814759046,0.6757072468598684,0.001,64,4,2,128,0.1,32,75,0.0,0.1,15,5,0.5,True,42
early_stopping_patience,15,48,48,16,0.4695105758824743,0.683931444088618,0.001,64,4,2,128,0.1,32,75,0.0,0.1,15,5,0.5,True,42
early_stopping_patience,15,48,48,17,0.4510556104263865,0.7005509893099467,0.001,64,4,2,128,0.1,32,75,0.0,0.1,15,5,0.5,True,42
early_stopping_patience,15,48,48,18,0.43089245304577334,0.6978797316551208,0.001,64,4,2,128,0.1,32,75,0.0,0.1,15,5,0.5,True,42
early_stopping_patience,15,48,48,19,0.42052330816150607,0.7778447965780894,0.001,64,4,2,128,0.1,32,75,0.0,0.1,15,5,0.5,True,42
early_stopping_patience,15,48,48,20,0.3927647350426007,0.8279674887657166,0.001,64,4,2,128,0.1,32,75,0.0,0.1,15,5,0.5,True,42
early_stopping_patience,15,48,48,21,0.35723830860360223,0.8530030488967896,0.001,64,4,2,128,0.1,32,75,0.0,0.1,15,5,0.5,True,42
early_stopping_patience,15,48,48,22,0.33874474656312986,0.8996304591496785,0.001,64,4,2,128,0.1,32,75,0.0,0.1,15,5,0.5,True,42
early_stopping_patience,15,48,48,23,0.3219554611390695,1.0353855888048809,0.001,64,4,2,128,0.1,32,75,0.0,0.1,15,5,0.5,True,42
early_stopping_patience,15,49,49,1,0.6934869054592017,0.6702217777570089,0.001,64,4,2,128,0.1,32,75,0.0,0.1,15,5,0.5,True,42
early_stopping_patience,15,49,49,2,0.6605199399319562,0.6889877518018087,0.001,64,4,2,128,0.1,32,75,0.0,0.1,15,5,0.5,True,42
early_stopping_patience,15,49,49,3,0.64448115071564,0.6374579071998596,0.001,64,4,2,128,0.1,32,75,0.0,0.1,15,5,0.5,True,42
early_stopping_patience,15,49,49,4,0.6332188871773806,0.6226170063018799,0.001,64,4,2,128,0.1,32,75,0.0,0.1,15,5,0.5,True,42
early_stopping_patience,15,49,49,5,0.6233883863597205,0.6300434331099193,0.001,64,4,2,128,0.1,32,75,0.0,0.1,15,5,0.5,True,42
early_stopping_patience,15,49,49,6,0.6157137688362238,0.6118041853109996,0.001,64,4,2,128,0.1,32,75,0.0,0.1,15,5,0.5,True,42
early_stopping_patience,15,49,49,7,0.6098178814757954,0.6027435461680094,0.001,64,4,2,128,0.1,32,75,0.0,0.1,15,5,0.5,True,42
early_stopping_patience,15,49,49,8,0.5978727239099416,0.6481139322121938,0.001,64,4,2,128,0.1,32,75,0.0,0.1,15,5,0.5,True,42
early_stopping_patience,15,49,49,9,0.5891679324435465,0.606687088807424,0.001,64,4,2,128,0.1,32,75,0.0,0.1,15,5,0.5,True,42
early_stopping_patience,15,49,49,10,0.5748862897356352,0.6190997282663981,0.001,64,4,2,128,0.1,32,75,0.0,0.1,15,5,0.5,True,42
early_stopping_patience,15,49,49,11,0.5612587488510392,0.6334593991438547,0.001,64,4,2,128,0.1,32,75,0.0,0.1,15,5,0.5,True,42
early_stopping_patience,15,49,49,12,0.5504970945643656,0.6595140000184377,0.001,64,4,2,128,0.1,32,75,0.0,0.1,15,5,0.5,True,42
early_stopping_patience,15,49,49,13,0.5408183440114512,0.7336566865444183,0.001,64,4,2,128,0.1,32,75,0.0,0.1,15,5,0.5,True,42
early_stopping_patience,15,49,49,14,0.4901762938860691,0.6765454411506653,0.001,64,4,2,128,0.1,32,75,0.0,0.1,15,5,0.5,True,42
early_stopping_patience,15,49,49,15,0.4587608626620336,0.6997128407160441,0.001,64,4,2,128,0.1,32,75,0.0,0.1,15,5,0.5,True,42
early_stopping_patience,15,49,49,16,0.44018875073754427,0.7442554652690887,0.001,64,4,2,128,0.1,32,75,0.0,0.1,15,5,0.5,True,42
early_stopping_patience,15,49,49,17,0.42025625242879894,0.7656689365704854,0.001,64,4,2,128,0.1,32,75,0.0,0.1,15,5,0.5,True,42
early_stopping_patience,15,49,49,18,0.4173756746405905,0.764316459496816,0.001,64,4,2,128,0.1,32,75,0.0,0.1,15,5,0.5,True,42
early_stopping_patience,15,49,49,19,0.403276211384571,0.8357261260350545,0.001,64,4,2,128,0.1,32,75,0.0,0.1,15,5,0.5,True,42
early_stopping_patience,15,49,49,20,0.35424297201362526,0.8883647998174031,0.001,64,4,2,128,0.1,32,75,0.0,0.1,15,5,0.5,True,42
early_stopping_patience,15,49,49,21,0.32883162943251204,0.9672542770703634,0.001,64,4,2,128,0.1,32,75,0.0,0.1,15,5,0.5,True,42
early_stopping_patience,15,49,49,22,0.3166815321328062,0.9639079054196675,0.001,64,4,2,128,0.1,32,75,0.0,0.1,15,5,0.5,True,42
early_stopping_patience,15,50,50,1,0.6960808661851016,0.686950421333313,0.001,64,4,2,128,0.1,32,75,0.0,0.1,15,5,0.5,True,42
early_stopping_patience,15,50,50,2,0.6704532711794882,0.6749909241994222,0.001,64,4,2,128,0.1,32,75,0.0,0.1,15,5,0.5,True,42
early_stopping_patience,15,50,50,3,0.6578684979767511,0.6288196722666423,0.001,64,4,2,128,0.1,32,75,0.0,0.1,15,5,0.5,True,42
early_stopping_patience,15,50,50,4,0.6425922788453825,0.6123175203800202,0.001,64,4,2,128,0.1,32,75,0.0,0.1,15,5,0.5,True,42
early_stopping_patience,15,50,50,5,0.6320847756031788,0.6259122232596079,0.001,64,4,2,128,0.1,32,75,0.0,0.1,15,5,0.5,True,42
early_stopping_patience,15,50,50,6,0.6183606334256403,0.6498560945192973,0.001,64,4,2,128,0.1,32,75,0.0,0.1,15,5,0.5,True,42
early_stopping_patience,15,50,50,7,0.6102813346819445,0.6188568055629731,0.001,64,4,2,128,0.1,32,75,0.0,0.1,15,5,0.5,True,42
early_stopping_patience,15,50,50,8,0.5985742098454273,0.6053220768769582,0.001,64,4,2,128,0.1,32,75,0.0,0.1,15,5,0.5,True,42
early_stopping_patience,15,50,50,9,0.5939919585079858,0.6127668102582295,0.001,64,4,2,128,0.1,32,75,0.0,0.1,15,5,0.5,True,42
early_stopping_patience,15,50,50,10,0.5946374980337692,0.6000428179899852,0.001,64,4,2,128,0.1,32,75,0.0,0.1,15,5,0.5,True,42
early_stopping_patience,15,50,50,11,0.5669609294696287,0.5913206915060679,0.001,64,4,2,128,0.1,32,75,0.0,0.1,15,5,0.5,True,42
early_stopping_patience,15,50,50,12,0.5592332218181003,0.6111916502316793,0.001,64,4,2,128,0.1,32,75,0.0,0.1,15,5,0.5,True,42
early_stopping_patience,15,50,50,13,0.5487550790562774,0.6166978041330974,0.001,64,4,2,128,0.1,32,75,0.0,0.1,15,5,0.5,True,42
early_stopping_patience,15,50,50,14,0.5278120745312084,0.6229188481966654,0.001,64,4,2,128,0.1,32,75,0.0,0.1,15,5,0.5,True,42
early_stopping_patience,15,50,50,15,0.5169680859103347,0.6434621552626292,0.001,64,4,2,128,0.1,32,75,0.0,0.1,15,5,0.5,True,42
early_stopping_patience,15,50,50,16,0.5043107977870739,0.6610700905323028,0.001,64,4,2,128,0.1,32,75,0.0,0.1,15,5,0.5,True,42
early_stopping_patience,15,50,50,17,0.47766961191188206,0.6902632117271423,0.001,64,4,2,128,0.1,32,75,0.0,0.1,15,5,0.5,True,42
early_stopping_patience,15,50,50,18,0.41857516867193306,0.6737191438674927,0.001,64,4,2,128,0.1,32,75,0.0,0.1,15,5,0.5,True,42
early_stopping_patience,15,50,50,19,0.38594981091040553,0.7287032822767894,0.001,64,4,2,128,0.1,32,75,0.0,0.1,15,5,0.5,True,42
early_stopping_patience,15,50,50,20,0.3589279767916058,0.7974799195925395,0.001,64,4,2,128,0.1,32,75,0.0,0.1,15,5,0.5,True,42
early_stopping_patience,15,50,50,21,0.3343062144563054,0.842215891679128,0.001,64,4,2,128,0.1,32,75,0.0,0.1,15,5,0.5,True,42
early_stopping_patience,15,50,50,22,0.3141812133518132,0.8393093268076579,0.001,64,4,2,128,0.1,32,75,0.0,0.1,15,5,0.5,True,42
early_stopping_patience,15,50,50,23,0.31559902181228,0.8728994170824687,0.001,64,4,2,128,0.1,32,75,0.0,0.1,15,5,0.5,True,42
early_stopping_patience,15,50,50,24,0.257214404078144,0.9009496092796325,0.001,64,4,2,128,0.1,32,75,0.0,0.1,15,5,0.5,True,42
early_stopping_patience,15,50,50,25,0.23719715668509403,0.944747406244278,0.001,64,4,2,128,0.1,32,75,0.0,0.1,15,5,0.5,True,42
early_stopping_patience,15,50,50,26,0.2316816197990468,1.0131238957246145,0.001,64,4,2,128,0.1,32,75,0.0,0.1,15,5,0.5,True,42
early_stopping_patience,15,51,51,1,0.6948882892276301,0.6725977619489034,0.001,64,4,2,128,0.1,32,75,0.0,0.1,15,5,0.5,True,42
early_stopping_patience,15,51,51,2,0.666414021542578,0.6578964630762736,0.001,64,4,2,128,0.1,32,75,0.0,0.1,15,5,0.5,True,42
early_stopping_patience,15,51,51,3,0.6445710363261627,0.6306385199228922,0.001,64,4,2,128,0.1,32,75,0.0,0.1,15,5,0.5,True,42
early_stopping_patience,15,51,51,4,0.6298784683599616,0.6132537285486858,0.001,64,4,2,128,0.1,32,75,0.0,0.1,15,5,0.5,True,42
early_stopping_patience,15,51,51,5,0.6260155619996967,0.6210490544637044,0.001,64,4,2,128,0.1,32,75,0.0,0.1,15,5,0.5,True,42
early_stopping_patience,15,51,51,6,0.6175398589535193,0.6267437557379405,0.001,64,4,2,128,0.1,32,75,0.0,0.1,15,5,0.5,True,42
early_stopping_patience,15,51,51,7,0.6037588379148281,0.6091806550820669,0.001,64,4,2,128,0.1,32,75,0.0,0.1,15,5,0.5,True,42
early_stopping_patience,15,51,51,8,0.5948624091617989,0.6189638296763103,0.001,64,4,2,128,0.1,32,75,0.0,0.1,15,5,0.5,True,42
early_stopping_patience,15,51,51,9,0.5815683849381678,0.6129393895467122,0.001,64,4,2,128,0.1,32,75,0.0,0.1,15,5,0.5,True,42
early_stopping_patience,15,51,51,10,0.5791933972275618,0.6435349345207214,0.001,64,4,2,128,0.1,32,75,0.0,0.1,15,5,0.5,True,42
early_stopping_patience,15,51,51,11,0.5584952339078441,0.6464014907677968,0.001,64,4,2,128,0.1,32,75,0.0,0.1,15,5,0.5,True,42
early_stopping_patience,15,51,51,12,0.5509802529757674,0.644333666563034,0.001,64,4,2,128,0.1,32,75,0.0,0.1,15,5,0.5,True,42
early_stopping_patience,15,51,51,13,0.5357395015431173,0.6819730182488759,0.001,64,4,2,128,0.1,32,75,0.0,0.1,15,5,0.5,True,42
early_stopping_patience,15,51,51,14,0.4788376512852582,0.6686233599980672,0.001,64,4,2,128,0.1,32,75,0.0,0.1,15,5,0.5,True,42
early_stopping_patience,15,51,51,15,0.45340970147288207,0.7319120089213054,0.001,64,4,2,128,0.1,32,75,0.0,0.1,15,5,0.5,True,42
early_stopping_patience,15,51,51,16,0.44251408461819997,0.728286745150884,0.001,64,4,2,128,0.1,32,75,0.0,0.1,15,5,0.5,True,42
early_stopping_patience,15,51,51,17,0.4156521147850788,0.8142152031262716,0.001,64,4,2,128,0.1,32,75,0.0,0.1,15,5,0.5,True,42
early_stopping_patience,15,51,51,18,0.39329834372708294,0.8125823775927226,0.001,64,4,2,128,0.1,32,75,0.0,0.1,15,5,0.5,True,42
early_stopping_patience,15,51,51,19,0.3818807482267871,0.9183945834636689,0.001,64,4,2,128,0.1,32,75,0.0,0.1,15,5,0.5,True,42
early_stopping_patience,15,51,51,20,0.32384011623534287,0.9781106988588969,0.001,64,4,2,128,0.1,32,75,0.0,0.1,15,5,0.5,True,42
early_stopping_patience,15,51,51,21,0.3179907985031605,0.9664930760860443,0.001,64,4,2,128,0.1,32,75,0.0,0.1,15,5,0.5,True,42
early_stopping_patience,15,51,51,22,0.30402992603679496,1.0709784905115762,0.001,64,4,2,128,0.1,32,75,0.0,0.1,15,5,0.5,True,42
early_stopping_patience,15,52,52,1,0.6920345055334496,0.6628493587176005,0.001,64,4,2,128,0.1,32,75,0.0,0.1,15,5,0.5,True,42
early_stopping_patience,15,52,52,2,0.6710197555296349,0.6349916060765585,0.001,64,4,2,128,0.1,32,75,0.0,0.1,15,5,0.5,True,42
early_stopping_patience,15,52,52,3,0.6556957585342003,0.6180110653241475,0.001,64,4,2,128,0.1,32,75,0.0,0.1,15,5,0.5,True,42
early_stopping_patience,15,52,52,4,0.6334022563515287,0.6092879255612691,0.001,64,4,2,128,0.1,32,75,0.0,0.1,15,5,0.5,True,42
early_stopping_patience,15,52,52,5,0.633687323467298,0.6145066579182943,0.001,64,4,2,128,0.1,32,75,0.0,0.1,15,5,0.5,True,42
early_stopping_patience,15,52,52,6,0.6215181305552974,0.5924912393093109,0.001,64,4,2,128,0.1,32,75,0.0,0.1,15,5,0.5,True,42
early_stopping_patience,15,52,52,7,0.61163961729317,0.6151824593544006,0.001,64,4,2,128,0.1,32,75,0.0,0.1,15,5,0.5,True,42
early_stopping_patience,15,52,52,8,0.599518466627959,0.6016596158345541,0.001,64,4,2,128,0.1,32,75,0.0,0.1,15,5,0.5,True,42
early_stopping_patience,15,52,52,9,0.5963169760776289,0.60726145307223,0.001,64,4,2,128,0.1,32,75,0.0,0.1,15,5,0.5,True,42
early_stopping_patience,15,52,52,10,0.5882279281363343,0.5978186885515849,0.001,64,4,2,128,0.1,32,75,0.0,0.1,15,5,0.5,True,42
early_stopping_patience,15,52,52,11,0.5670581739960294,0.5924528042475382,0.001,64,4,2,128,0.1,32,75,0.0,0.1,15,5,0.5,True,42
early_stopping_patience,15,52,52,12,0.5600481796445269,0.6850634058316548,0.001,64,4,2,128,0.1,32,75,0.0,0.1,15,5,0.5,True,42
early_stopping_patience,15,52,52,13,0.5140568401777383,0.6424814522266388,0.001,64,4,2,128,0.1,32,75,0.0,0.1,15,5,0.5,True,42
early_stopping_patience,15,52,52,14,0.49567062588352145,0.6614977657794953,0.001,64,4,2,128,0.1,32,75,0.0,0.1,15,5,0.5,True,42
early_stopping_patience,15,52,52,15,0.4780091559796622,0.6899422764778137,0.001,64,4,2,128,0.1,32,75,0.0,0.1,15,5,0.5,True,42
early_stopping_patience,15,52,52,16,0.4500010846690698,0.716905685265859,0.001,64,4,2,128,0.1,32,75,0.0,0.1,15,5,0.5,True,42
early_stopping_patience,15,52,52,17,0.44094403325156734,0.7342013219992319,0.001,64,4,2,128,0.1,32,75,0.0,0.1,15,5,0.5,True,42
early_stopping_patience,15,52,52,18,0.42636751993135974,0.7774586121241251,0.001,64,4,2,128,0.1,32,75,0.0,0.1,15,5,0.5,True,42
early_stopping_patience,15,52,52,19,0.3751739545753508,0.8609662850697836,0.001,64,4,2,128,0.1,32,75,0.0,0.1,15,5,0.5,True,42
early_stopping_patience,15,52,52,20,0.3654354347875624,0.9028348207473755,0.001,64,4,2,128,0.1,32,75,0.0,0.1,15,5,0.5,True,42
early_stopping_patience,15,52,52,21,0.34822372888976877,0.8922542254130046,0.001,64,4,2,128,0.1,32,75,0.0,0.1,15,5,0.5,True,42
early_stopping_patience,15,52,52,22,0.33849293557983456,0.9530105233192444,0.001,64,4,2,128,0.1,32,75,0.0,0.1,15,5,0.5,True,42
early_stopping_patience,15,52,52,23,0.3314611873391903,0.9918767054875691,0.001,64,4,2,128,0.1,32,75,0.0,0.1,15,5,0.5,True,42
early_stopping_patience,15,52,52,24,0.31764293191107834,1.0479655106862387,0.001,64,4,2,128,0.1,32,75,0.0,0.1,15,5,0.5,True,42
early_stopping_patience,15,52,52,25,0.2960206525343837,1.0721771081288656,0.001,64,4,2,128,0.1,32,75,0.0,0.1,15,5,0.5,True,42
early_stopping_patience,15,52,52,26,0.2907510722676913,1.0777373552322387,0.001,64,4,2,128,0.1,32,75,0.0,0.1,15,5,0.5,True,42
early_stopping_patience,15,53,53,1,0.6908773007718,0.656601881980896,0.001,64,4,2,128,0.1,32,75,0.0,0.1,15,5,0.5,True,42
early_stopping_patience,15,53,53,2,0.6602803102948449,0.6360021154085795,0.001,64,4,2,128,0.1,32,75,0.0,0.1,15,5,0.5,True,42
early_stopping_patience,15,53,53,3,0.6357283206148581,0.6835304915904998,0.001,64,4,2,128,0.1,32,75,0.0,0.1,15,5,0.5,True,42
early_stopping_patience,15,53,53,4,0.620067780216535,0.6307402551174164,0.001,64,4,2,128,0.1,32,75,0.0,0.1,15,5,0.5,True,42
early_stopping_patience,15,53,53,5,0.6124668324535544,0.605019768079122,0.001,64,4,2,128,0.1,32,75,0.0,0.1,15,5,0.5,True,42
early_stopping_patience,15,53,53,6,0.6080702518423399,0.6459669828414917,0.001,64,4,2,128,0.1,32,75,0.0,0.1,15,5,0.5,True,42
early_stopping_patience,15,53,53,7,0.5911740308458154,0.6085274716218313,0.001,64,4,2,128,0.1,32,75,0.0,0.1,15,5,0.5,True,42
early_stopping_patience,15,53,53,8,0.5898475129947518,0.6148762106895447,0.001,64,4,2,128,0.1,32,75,0.0,0.1,15,5,0.5,True,42
early_stopping_patience,15,53,53,9,0.5792181191570831,0.6052448133627574,0.001,64,4,2,128,0.1,32,75,0.0,0.1,15,5,0.5,True,42
early_stopping_patience,15,53,53,10,0.561292244177876,0.6396807213624318,0.001,64,4,2,128,0.1,32,75,0.0,0.1,15,5,0.5,True,42
early_stopping_patience,15,53,53,11,0.5436240829753153,0.619639390707016,0.001,64,4,2,128,0.1,32,75,0.0,0.1,15,5,0.5,True,42
early_stopping_patience,15,53,53,12,0.510197828439149,0.6584292769432067,0.001,64,4,2,128,0.1,32,75,0.0,0.1,15,5,0.5,True,42
early_stopping_patience,15,53,53,13,0.4832162389701063,0.7013556043306987,0.001,64,4,2,128,0.1,32,75,0.0,0.1,15,5,0.5,True,42
early_stopping_patience,15,53,53,14,0.4590474816434311,0.7034695188204447,0.001,64,4,2,128,0.1,32,75,0.0,0.1,15,5,0.5,True,42
early_stopping_patience,15,53,53,15,0.44497846913608635,0.6985364317893982,0.001,64,4,2,128,0.1,32,75,0.0,0.1,15,5,0.5,True,42
early_stopping_patience,15,53,53,16,0.4281414883832137,0.7197498838106792,0.001,64,4,2,128,0.1,32,75,0.0,0.1,15,5,0.5,True,42
early_stopping_patience,15,53,53,17,0.4106067467593785,0.7469981869061788,0.001,64,4,2,128,0.1,32,75,0.0,0.1,15,5,0.5,True,42
early_stopping_patience,15,53,53,18,0.3632817838453885,0.7970749060312907,0.001,64,4,2,128,0.1,32,75,0.0,0.1,15,5,0.5,True,42
early_stopping_patience,15,53,53,19,0.34600920659123047,0.8543339292208354,0.001,64,4,2,128,0.1,32,75,0.0,0.1,15,5,0.5,True,42
early_stopping_patience,15,53,53,20,0.336181795055216,0.8404472470283508,0.001,64,4,2,128,0.1,32,75,0.0,0.1,15,5,0.5,True,42
early_stopping_patience,15,54,54,1,0.6972307856335784,0.6715116381645203,0.001,64,4,2,128,0.1,32,75,0.0,0.1,15,5,0.5,True,42
early_stopping_patience,15,54,54,2,0.6746645131797502,0.6541552782058716,0.001,64,4,2,128,0.1,32,75,0.0,0.1,15,5,0.5,True,42
early_stopping_patience,15,54,54,3,0.6438034418405909,0.621082588036855,0.001,64,4,2,128,0.1,32,75,0.0,0.1,15,5,0.5,True,42
early_stopping_patience,15,54,54,4,0.6300377507101406,0.6197735607624054,0.001,64,4,2,128,0.1,32,75,0.0,0.1,15,5,0.5,True,42
early_stopping_patience,15,54,54,5,0.6281536763364618,0.6133193989594777,0.001,64,4,2,128,0.1,32,75,0.0,0.1,15,5,0.5,True,42
early_stopping_patience,15,54,54,6,0.6163137169046835,0.6054136474927266,0.001,64,4,2,128,0.1,32,75,0.0,0.1,15,5,0.5,True,42
early_stopping_patience,15,54,54,7,0.6118927880218534,0.6826139549414317,0.001,64,4,2,128,0.1,32,75,0.0,0.1,15,5,0.5,True,42
early_stopping_patience,15,54,54,8,0.612110718181639,0.5966502169768015,0.001,64,4,2,128,0.1,32,75,0.0,0.1,15,5,0.5,True,42
early_stopping_patience,15,54,54,9,0.5844750971053586,0.6116631090641022,0.001,64,4,2,128,0.1,32,75,0.0,0.1,15,5,0.5,True,42
early_stopping_patience,15,54,54,10,0.5764262044068539,0.6134972472985586,0.001,64,4,2,128,0.1,32,75,0.0,0.1,15,5,0.5,True,42
early_stopping_patience,15,54,54,11,0.5689331022175875,0.6250600854555766,0.001,64,4,2,128,0.1,32,75,0.0,0.1,15,5,0.5,True,42
early_stopping_patience,15,54,54,12,0.5498768398256013,0.6226089795430502,0.001,64,4,2,128,0.1,32,75,0.0,0.1,15,5,0.5,True,42
early_stopping_patience,15,54,54,13,0.5423233010100595,0.6122453808784485,0.001,64,4,2,128,0.1,32,75,0.0,0.1,15,5,0.5,True,42
early_stopping_patience,15,54,54,14,0.514584468395421,0.6787150462468465,0.001,64,4,2,128,0.1,32,75,0.0,0.1,15,5,0.5,True,42
early_stopping_patience,15,54,54,15,0.4648691702521209,0.7303936163584391,0.001,64,4,2,128,0.1,32,75,0.0,0.1,15,5,0.5,True,42
early_stopping_patience,15,54,54,16,0.4411998111190218,0.6936539689699809,0.001,64,4,2,128,0.1,32,75,0.0,0.1,15,5,0.5,True,42
early_stopping_patience,15,54,54,17,0.40283369589032547,0.7791852335135142,0.001,64,4,2,128,0.1,32,75,0.0,0.1,15,5,0.5,True,42
early_stopping_patience,15,54,54,18,0.38774774686405156,0.7728532175223033,0.001,64,4,2,128,0.1,32,75,0.0,0.1,15,5,0.5,True,42
early_stopping_patience,15,54,54,19,0.3760234546480757,0.7687830845514934,0.001,64,4,2,128,0.1,32,75,0.0,0.1,15,5,0.5,True,42
early_stopping_patience,15,54,54,20,0.35311571931974456,0.7796536823113759,0.001,64,4,2,128,0.1,32,75,0.0,0.1,15,5,0.5,True,42
early_stopping_patience,15,54,54,21,0.31237265749862697,0.8850620071093241,0.001,64,4,2,128,0.1,32,75,0.0,0.1,15,5,0.5,True,42
early_stopping_patience,15,54,54,22,0.2897097612872268,0.9172041475772857,0.001,64,4,2,128,0.1,32,75,0.0,0.1,15,5,0.5,True,42
early_stopping_patience,15,54,54,23,0.283182360062545,0.9273892442385355,0.001,64,4,2,128,0.1,32,75,0.0,0.1,15,5,0.5,True,42
early_stopping_patience,15,55,55,1,0.6976056175701546,0.6834686716397603,0.001,64,4,2,128,0.1,32,75,0.0,0.1,15,5,0.5,True,42
early_stopping_patience,15,55,55,2,0.6789954173745532,0.666002364953359,0.001,64,4,2,128,0.1,32,75,0.0,0.1,15,5,0.5,True,42
early_stopping_patience,15,55,55,3,0.6567973350033616,0.6397893150647481,0.001,64,4,2,128,0.1,32,75,0.0,0.1,15,5,0.5,True,42
early_stopping_patience,15,55,55,4,0.6288605485901688,0.6171496828397115,0.001,64,4,2,128,0.1,32,75,0.0,0.1,15,5,0.5,True,42
early_stopping_patience,15,55,55,5,0.6174778890880671,0.6460719505945841,0.001,64,4,2,128,0.1,32,75,0.0,0.1,15,5,0.5,True,42
early_stopping_patience,15,55,55,6,0.6041420725258914,0.615842076142629,0.001,64,4,2,128,0.1,32,75,0.0,0.1,15,5,0.5,True,42
early_stopping_patience,15,55,55,7,0.5972944726095055,0.6270633776982625,0.001,64,4,2,128,0.1,32,75,0.0,0.1,15,5,0.5,True,42
early_stopping_patience,15,55,55,8,0.5839037533962366,0.6194178660710653,0.001,64,4,2,128,0.1,32,75,0.0,0.1,15,5,0.5,True,42
early_stopping_patience,15,55,55,9,0.578928928257841,0.6363643447558085,0.001,64,4,2,128,0.1,32,75,0.0,0.1,15,5,0.5,True,42
early_stopping_patience,15,55,55,10,0.5656646544283087,0.6439297457536062,0.001,64,4,2,128,0.1,32,75,0.0,0.1,15,5,0.5,True,42
early_stopping_patience,15,55,55,11,0.5556030562429717,0.6577051858107249,0.001,64,4,2,128,0.1,32,75,0.0,0.1,15,5,0.5,True,42
early_stopping_patience,15,55,55,12,0.5383530376535474,0.6839493731657664,0.001,64,4,2,128,0.1,32,75,0.0,0.1,15,5,0.5,True,42
early_stopping_patience,15,55,55,13,0.4878373281522231,0.6782705247402191,0.001,64,4,2,128,0.1,32,75,0.0,0.1,15,5,0.5,True,42
early_stopping_patience,15,55,55,14,0.4610845466906374,0.7136737664540609,0.001,64,4,2,128,0.1,32,75,0.0,0.1,15,5,0.5,True,42
early_stopping_patience,15,55,55,15,0.4371868296328819,0.7927688598632813,0.001,64,4,2,128,0.1,32,75,0.0,0.1,15,5,0.5,True,42
early_stopping_patience,15,55,55,16,0.4327499887934237,0.7472703834374745,0.001,64,4,2,128,0.1,32,75,0.0,0.1,15,5,0.5,True,42
early_stopping_patience,15,55,55,17,0.4033302069839203,0.8057128290335337,0.001,64,4,2,128,0.1,32,75,0.0,0.1,15,5,0.5,True,42
early_stopping_patience,15,55,55,18,0.3942153260789134,0.853186164299647,0.001,64,4,2,128,0.1,32,75,0.0,0.1,15,5,0.5,True,42
early_stopping_patience,15,55,55,19,0.3429981685723319,0.8884710431098938,0.001,64,4,2,128,0.1,32,75,0.0,0.1,15,5,0.5,True,42
early_stopping_patience,15,55,55,20,0.3232586726997838,0.8855555454889933,0.001,64,4,2,128,0.1,32,75,0.0,0.1,15,5,0.5,True,42
early_stopping_patience,15,55,55,21,0.30582800214037753,1.0271260559558868,0.001,64,4,2,128,0.1,32,75,0.0,0.1,15,5,0.5,True,42
early_stopping_patience,15,56,56,1,0.699304076758298,0.6767947673797607,0.001,64,4,2,128,0.1,32,75,0.0,0.1,15,5,0.5,True,42
early_stopping_patience,15,56,56,2,0.6664361691836155,0.7177949289480845,0.001,64,4,2,128,0.1,32,75,0.0,0.1,15,5,0.5,True,42
early_stopping_patience,15,56,56,3,0.6465828380349911,0.653452847401301,0.001,64,4,2,128,0.1,32,75,0.0,0.1,15,5,0.5,True,42
early_stopping_patience,15,56,56,4,0.6271256131656242,0.6276536762714386,0.001,64,4,2,128,0.1,32,75,0.0,0.1,15,5,0.5,True,42
early_stopping_patience,15,56,56,5,0.6295618173299413,0.6349534372488658,0.001,64,4,2,128,0.1,32,75,0.0,0.1,15,5,0.5,True,42
early_stopping_patience,15,56,56,6,0.6151687909256328,0.6075161059697469,0.001,64,4,2,128,0.1,32,75,0.0,0.1,15,5,0.5,True,42
early_stopping_patience,15,56,56,7,0.6108163005926392,0.6263194064299266,0.001,64,4,2,128,0.1,32,75,0.0,0.1,15,5,0.5,True,42
early_stopping_patience,15,56,56,8,0.6029151739044623,0.6037619729836782,0.001,64,4,2,128,0.1,32,75,0.0,0.1,15,5,0.5,True,42
early_stopping_patience,15,56,56,9,0.5858801890051726,0.6092994133631389,0.001,64,4,2,128,0.1,32,75,0.0,0.1,15,5,0.5,True,42
early_stopping_patience,15,56,56,10,0.5754511261528189,0.634640634059906,0.001,64,4,2,128,0.1,32,75,0.0,0.1,15,5,0.5,True,42
early_stopping_patience,15,56,56,11,0.5736780207265507,0.6667635242144266,0.001,64,4,2,128,0.1,32,75,0.0,0.1,15,5,0.5,True,42
early_stopping_patience,15,56,56,12,0.5532563667405735,0.6272933502991994,0.001,64,4,2,128,0.1,32,75,0.0,0.1,15,5,0.5,True,42
early_stopping_patience,15,56,56,13,0.5319242174878265,0.6588573455810547,0.001,64,4,2,128,0.1,32,75,0.0,0.1,15,5,0.5,True,42
early_stopping_patience,15,56,56,14,0.5220304515325662,0.6340229928493499,0.001,64,4,2,128,0.1,32,75,0.0,0.1,15,5,0.5,True,42
early_stopping_patience,15,56,56,15,0.46202940380934515,0.6923225164413452,0.001,64,4,2,128,0.1,32,75,0.0,0.1,15,5,0.5,True,42
early_stopping_patience,15,56,56,16,0.4349423601771846,0.6836008409659068,0.001,64,4,2,128,0.1,32,75,0.0,0.1,15,5,0.5,True,42
early_stopping_patience,15,56,56,17,0.4168748388236219,0.7348099251588186,0.001,64,4,2,128,0.1,32,75,0.0,0.1,15,5,0.5,True,42
early_stopping_patience,15,56,56,18,0.3920282906655109,0.7567958037058512,0.001,64,4,2,128,0.1,32,75,0.0,0.1,15,5,0.5,True,42
early_stopping_patience,15,56,56,19,0.37821137701923196,0.836009148756663,0.001,64,4,2,128,0.1,32,75,0.0,0.1,15,5,0.5,True,42
early_stopping_patience,15,56,56,20,0.35409846416477003,0.7794859608014425,0.001,64,4,2,128,0.1,32,75,0.0,0.1,15,5,0.5,True,42
early_stopping_patience,15,56,56,21,0.3044757039822412,0.8866065780321757,0.001,64,4,2,128,0.1,32,75,0.0,0.1,15,5,0.5,True,42
early_stopping_patience,15,56,56,22,0.29352133732401964,0.9154063026110332,0.001,64,4,2,128,0.1,32,75,0.0,0.1,15,5,0.5,True,42
early_stopping_patience,15,56,56,23,0.28104477849873627,0.9830777565638225,0.001,64,4,2,128,0.1,32,75,0.0,0.1,15,5,0.5,True,42
early_stopping_patience,15,57,57,1,0.6933983672748912,0.6622746229171753,0.001,64,4,2,128,0.1,32,75,0.0,0.1,15,5,0.5,True,42
early_stopping_patience,15,57,57,2,0.6643990224057977,0.6373770356178283,0.001,64,4,2,128,0.1,32,75,0.0,0.1,15,5,0.5,True,42
early_stopping_patience,15,57,57,3,0.6441114860953707,0.6139319856961568,0.001,64,4,2,128,0.1,32,75,0.0,0.1,15,5,0.5,True,42
early_stopping_patience,15,57,57,4,0.6231753056248029,0.6062928815682729,0.001,64,4,2,128,0.1,32,75,0.0,0.1,15,5,0.5,True,42
early_stopping_patience,15,57,57,5,0.6155910090063558,0.5915248652299245,0.001,64,4,2,128,0.1,32,75,0.0,0.1,15,5,0.5,True,42
early_stopping_patience,15,57,57,6,0.6076329339182738,0.6084910690784454,0.001,64,4,2,128,0.1,32,75,0.0,0.1,15,5,0.5,True,42
early_stopping_patience,15,57,57,7,0.6059434687097868,0.5916008313496908,0.001,64,4,2,128,0.1,32,75,0.0,0.1,15,5,0.5,True,42
early_stopping_patience,15,57,57,8,0.5848815901712938,0.6157944440841675,0.001,64,4,2,128,0.1,32,75,0.0,0.1,15,5,0.5,True,42
early_stopping_patience,15,57,57,9,0.5845432392123974,0.6114363173643748,0.001,64,4,2,128,0.1,32,75,0.0,0.1,15,5,0.5,True,42
early_stopping_patience,15,57,57,10,0.5637048634164261,0.6196702241897583,0.001,64,4,2,128,0.1,32,75,0.0,0.1,15,5,0.5,True,42
early_stopping_patience,15,57,57,11,0.5602124922654845,0.654327658812205,0.001,64,4,2,128,0.1,32,75,0.0,0.1,15,5,0.5,True,42
early_stopping_patience,15,57,57,12,0.5194587924263694,0.6344295938809713,0.001,64,4,2,128,0.1,32,75,0.0,0.1,15,5,0.5,True,42
early_stopping_patience,15,57,57,13,0.49523906342007895,0.6839063704013825,0.001,64,4,2,128,0.1,32,75,0.0,0.1,15,5,0.5,True,42
early_stopping_patience,15,57,57,14,0.4784382732980179,0.6948997755845387,0.001,64,4,2,128,0.1,32,75,0.0,0.1,15,5,0.5,True,42
early_stopping_patience,15,57,57,15,0.45702008744983963,0.6875070134798685,0.001,64,4,2,128,0.1,32,75,0.0,0.1,15,5,0.5,True,42
early_stopping_patience,15,57,57,16,0.43609663968284923,0.7379108726978302,0.001,64,4,2,128,0.1,32,75,0.0,0.1,15,5,0.5,True,42
early_stopping_patience,15,57,57,17,0.42286098816178064,0.7760133524735768,0.001,64,4,2,128,0.1,32,75,0.0,0.1,15,5,0.5,True,42
early_stopping_patience,15,57,57,18,0.3780453937749068,0.8230887472629547,0.001,64,4,2,128,0.1,32,75,0.0,0.1,15,5,0.5,True,42
early_stopping_patience,15,57,57,19,0.367984648455273,0.8291125555833181,0.001,64,4,2,128,0.1,32,75,0.0,0.1,15,5,0.5,True,42
early_stopping_patience,15,57,57,20,0.35254383561286057,0.8667618234952291,0.001,64,4,2,128,0.1,32,75,0.0,0.1,15,5,0.5,True,42
early_stopping_patience,15,58,58,1,0.6992752673951063,0.6731935660044353,0.001,64,4,2,128,0.1,32,75,0.0,0.1,15,5,0.5,True,42
early_stopping_patience,15,58,58,2,0.6782631567030242,0.6538169821103413,0.001,64,4,2,128,0.1,32,75,0.0,0.1,15,5,0.5,True,42
early_stopping_patience,15,58,58,3,0.6578254898389181,0.6590938786665599,0.001,64,4,2,128,0.1,32,75,0.0,0.1,15,5,0.5,True,42
early_stopping_patience,15,58,58,4,0.6423533737207904,0.6353681484858195,0.001,64,4,2,128,0.1,32,75,0.0,0.1,15,5,0.5,True,42
early_stopping_patience,15,58,58,5,0.6240922549005711,0.6068304618199666,0.001,64,4,2,128,0.1,32,75,0.0,0.1,15,5,0.5,True,42
early_stopping_patience,15,58,58,6,0.6187941052696921,0.6060603777567546,0.001,64,4,2,128,0.1,32,75,0.0,0.1,15,5,0.5,True,42
early_stopping_patience,15,58,58,7,0.6006040566346862,0.6067388395468394,0.001,64,4,2,128,0.1,32,75,0.0,0.1,15,5,0.5,True,42
early_stopping_patience,15,58,58,8,0.592790736393495,0.6170753518740336,0.001,64,4,2,128,0.1,32,75,0.0,0.1,15,5,0.5,True,42
early_stopping_patience,15,58,58,9,0.582460638022784,0.6808480381965637,0.001,64,4,2,128,0.1,32,75,0.0,0.1,15,5,0.5,True,42
early_stopping_patience,15,58,58,10,0.5645747060577074,0.68670201698939,0.001,64,4,2,128,0.1,32,75,0.0,0.1,15,5,0.5,True,42
early_stopping_patience,15,58,58,11,0.5545074106617407,0.6209672629833222,0.001,64,4,2,128,0.1,32,75,0.0,0.1,15,5,0.5,True,42
early_stopping_patience,15,58,58,12,0.5310212953975706,0.6815972944100698,0.001,64,4,2,128,0.1,32,75,0.0,0.1,15,5,0.5,True,42
early_stopping_patience,15,58,58,13,0.48243842183640506,0.6651942789554596,0.001,64,4,2,128,0.1,32,75,0.0,0.1,15,5,0.5,True,42
early_stopping_patience,15,58,58,14,0.45431727035479114,0.7254241148630778,0.001,64,4,2,128,0.1,32,75,0.0,0.1,15,5,0.5,True,42
early_stopping_patience,15,58,58,15,0.4404712461612441,0.7129123091697693,0.001,64,4,2,128,0.1,32,75,0.0,0.1,15,5,0.5,True,42
early_stopping_patience,15,58,58,16,0.41784924268722534,0.7482853909333547,0.001,64,4,2,128,0.1,32,75,0.0,0.1,15,5,0.5,True,42
early_stopping_patience,15,58,58,17,0.3990592816562364,0.7806977411111196,0.001,64,4,2,128,0.1,32,75,0.0,0.1,15,5,0.5,True,42
early_stopping_patience,15,58,58,18,0.39044602926481853,0.8732373118400574,0.001,64,4,2,128,0.1,32,75,0.0,0.1,15,5,0.5,True,42
early_stopping_patience,15,58,58,19,0.3434312612269864,0.8464336514472961,0.001,64,4,2,128,0.1,32,75,0.0,0.1,15,5,0.5,True,42
early_stopping_patience,15,58,58,20,0.32503526691686024,0.9178566654523214,0.001,64,4,2,128,0.1,32,75,0.0,0.1,15,5,0.5,True,42
early_stopping_patience,15,58,58,21,0.3168039960843144,0.9283834258715312,0.001,64,4,2,128,0.1,32,75,0.0,0.1,15,5,0.5,True,42
early_stopping_patience,15,59,59,1,0.6844990104436874,0.6794589042663575,0.001,64,4,2,128,0.1,32,75,0.0,0.1,15,5,0.5,True,42
early_stopping_patience,15,59,59,2,0.6574904191674609,0.635854983329773,0.001,64,4,2,128,0.1,32,75,0.0,0.1,15,5,0.5,True,42
early_stopping_patience,15,59,59,3,0.6383420377969742,0.6175797780354818,0.001,64,4,2,128,0.1,32,75,0.0,0.1,15,5,0.5,True,42
early_stopping_patience,15,59,59,4,0.6239996708252213,0.6336653153101603,0.001,64,4,2,128,0.1,32,75,0.0,0.1,15,5,0.5,True,42
early_stopping_patience,15,59,59,5,0.6182707381067853,0.6086174845695496,0.001,64,4,2,128,0.1,32,75,0.0,0.1,15,5,0.5,True,42
early_stopping_patience,15,59,59,6,0.6126525167262915,0.6475778381029765,0.001,64,4,2,128,0.1,32,75,0.0,0.1,15,5,0.5,True,42
early_stopping_patience,15,59,59,7,0.6118913676702615,0.6174573779106141,0.001,64,4,2,128,0.1,32,75,0.0,0.1,15,5,0.5,True,42
early_stopping_patience,15,59,59,8,0.6019187079686107,0.6104321698347728,0.001,64,4,2,128,0.1,32,75,0.0,0.1,15,5,0.5,True,42
early_stopping_patience,15,59,59,9,0.5847650301275831,0.5946100155512491,0.001,64,4,2,128,0.1,32,75,0.0,0.1,15,5,0.5,True,42
early_stopping_patience,15,59,59,10,0.5792398455016541,0.6046746710936228,0.001,64,4,2,128,0.1,32,75,0.0,0.1,15,5,0.5,True,42
early_stopping_patience,15,59,59,11,0.5679778571833264,0.5893865625063578,0.001,64,4,2,128,0.1,32,75,0.0,0.1,15,5,0.5,True,42
early_stopping_patience,15,59,59,12,0.5610474187767867,0.6008205513159434,0.001,64,4,2,128,0.1,32,75,0.0,0.1,15,5,0.5,True,42
early_stopping_patience,15,59,59,13,0.5417787143678376,0.6288973609606425,0.001,64,4,2,128,0.1,32,75,0.0,0.1,15,5,0.5,True,42
early_stopping_patience,15,59,59,14,0.522185197156487,0.6242582778135936,0.001,64,4,2,128,0.1,32,75,0.0,0.1,15,5,0.5,True,42
early_stopping_patience,15,59,59,15,0.5131514058871702,0.6426526804765066,0.001,64,4,2,128,0.1,32,75,0.0,0.1,15,5,0.5,True,42
early_stopping_patience,15,59,59,16,0.5006407691222249,0.6825219035148621,0.001,64,4,2,128,0.1,32,75,0.0,0.1,15,5,0.5,True,42
early_stopping_patience,15,59,59,17,0.46984335215705814,0.7298410574595133,0.001,64,4,2,128,0.1,32,75,0.0,0.1,15,5,0.5,True,42
early_stopping_patience,15,59,59,18,0.40616583970911574,0.7950645724932353,0.001,64,4,2,128,0.1,32,75,0.0,0.1,15,5,0.5,True,42
early_stopping_patience,15,59,59,19,0.3734625577926636,0.8299690981705984,0.001,64,4,2,128,0.1,32,75,0.0,0.1,15,5,0.5,True,42
early_stopping_patience,15,59,59,20,0.35455920773022104,0.8281956911087036,0.001,64,4,2,128,0.1,32,75,0.0,0.1,15,5,0.5,True,42
early_stopping_patience,15,59,59,21,0.33192126656120474,0.8606272498766582,0.001,64,4,2,128,0.1,32,75,0.0,0.1,15,5,0.5,True,42
early_stopping_patience,15,59,59,22,0.3245561077174815,0.8822788854440053,0.001,64,4,2,128,0.1,32,75,0.0,0.1,15,5,0.5,True,42
early_stopping_patience,15,59,59,23,0.3052350152283907,0.890662674109141,0.001,64,4,2,128,0.1,32,75,0.0,0.1,15,5,0.5,True,42
early_stopping_patience,15,59,59,24,0.257598067549142,1.0342690885066985,0.001,64,4,2,128,0.1,32,75,0.0,0.1,15,5,0.5,True,42
early_stopping_patience,15,59,59,25,0.2438640267108426,1.0900755604108174,0.001,64,4,2,128,0.1,32,75,0.0,0.1,15,5,0.5,True,42
early_stopping_patience,15,59,59,26,0.2243536798227014,1.1803027192751567,0.001,64,4,2,128,0.1,32,75,0.0,0.1,15,5,0.5,True,42
early_stopping_patience,15,60,60,1,0.6997257502693118,0.6881061553955078,0.001,64,4,2,128,0.1,32,75,0.0,0.1,15,5,0.5,True,42
early_stopping_patience,15,60,60,2,0.6766675051414606,0.6640144546826681,0.001,64,4,2,128,0.1,32,75,0.0,0.1,15,5,0.5,True,42
early_stopping_patience,15,60,60,3,0.65326562704462,0.6428095936775208,0.001,64,4,2,128,0.1,32,75,0.0,0.1,15,5,0.5,True,42
early_stopping_patience,15,60,60,4,0.6365353751814726,0.6377459406852722,0.001,64,4,2,128,0.1,32,75,0.0,0.1,15,5,0.5,True,42
early_stopping_patience,15,60,60,5,0.6243475235321305,0.6218297481536865,0.001,64,4,2,128,0.1,32,75,0.0,0.1,15,5,0.5,True,42
early_stopping_patience,15,60,60,6,0.6194115897471254,0.6183492183685303,0.001,64,4,2,128,0.1,32,75,0.0,0.1,15,5,0.5,True,42
early_stopping_patience,15,60,60,7,0.6087893319852424,0.668804536263148,0.001,64,4,2,128,0.1,32,75,0.0,0.1,15,5,0.5,True,42
early_stopping_patience,15,60,60,8,0.6056166322845401,0.6410292247931163,0.001,64,4,2,128,0.1,32,75,0.0,0.1,15,5,0.5,True,42
early_stopping_patience,15,60,60,9,0.5916736042409232,0.6003039002418518,0.001,64,4,2,128,0.1,32,75,0.0,0.1,15,5,0.5,True,42
early_stopping_patience,15,60,60,10,0.5910592724879583,0.6670593897501628,0.001,64,4,2,128,0.1,32,75,0.0,0.1,15,5,0.5,True,42
early_stopping_patience,15,60,60,11,0.5727076688499162,0.6199514210224152,0.001,64,4,2,128,0.1,32,75,0.0,0.1,15,5,0.5,True,42
early_stopping_patience,15,60,60,12,0.5660619753779788,0.6351656715075175,0.001,64,4,2,128,0.1,32,75,0.0,0.1,15,5,0.5,True,42
early_stopping_patience,15,60,60,13,0.5522057030237082,0.6081560532251994,0.001,64,4,2,128,0.1,32,75,0.0,0.1,15,5,0.5,True,42
early_stopping_patience,15,60,60,14,0.5300815048994441,0.6350511272748312,0.001,64,4,2,128,0.1,32,75,0.0,0.1,15,5,0.5,True,42
early_stopping_patience,15,60,60,15,0.5099689228968187,0.6265788416067759,0.001,64,4,2,128,0.1,32,75,0.0,0.1,15,5,0.5,True,42
early_stopping_patience,15,60,60,16,0.4608220392555902,0.6829882880051931,0.001,64,4,2,128,0.1,32,75,0.0,0.1,15,5,0.5,True,42
early_stopping_patience,15,60,60,17,0.43973708762363956,0.708501414457957,0.001,64,4,2,128,0.1,32,75,0.0,0.1,15,5,0.5,True,42
early_stopping_patience,15,60,60,18,0.40970611662575696,0.7778770526250204,0.001,64,4,2,128,0.1,32,75,0.0,0.1,15,5,0.5,True,42
early_stopping_patience,15,60,60,19,0.3853569690025214,0.8116759737332662,0.001,64,4,2,128,0.1,32,75,0.0,0.1,15,5,0.5,True,42
early_stopping_patience,15,60,60,20,0.3672269674187357,0.8719375749429067,0.001,64,4,2,128,0.1,32,75,0.0,0.1,15,5,0.5,True,42
early_stopping_patience,15,60,60,21,0.36571750022245175,0.8079097827275594,0.001,64,4,2,128,0.1,32,75,0.0,0.1,15,5,0.5,True,42
early_stopping_patience,15,60,60,22,0.3110218035678069,0.8627631942431132,0.001,64,4,2,128,0.1,32,75,0.0,0.1,15,5,0.5,True,42
early_stopping_patience,15,60,60,23,0.2890651548337756,0.9204538683096568,0.001,64,4,2,128,0.1,32,75,0.0,0.1,15,5,0.5,True,42
early_stopping_patience,15,60,60,24,0.27163327603854914,1.0064601202805836,0.001,64,4,2,128,0.1,32,75,0.0,0.1,15,5,0.5,True,42
early_stopping_patience,15,61,61,1,0.6989290592345324,0.6807822624842326,0.001,64,4,2,128,0.1,32,75,0.0,0.1,15,5,0.5,True,42
early_stopping_patience,15,61,61,2,0.6722573100617437,0.6500048339366913,0.001,64,4,2,128,0.1,32,75,0.0,0.1,15,5,0.5,True,42
early_stopping_patience,15,61,61,3,0.6428091232523774,0.6382016917069753,0.001,64,4,2,128,0.1,32,75,0.0,0.1,15,5,0.5,True,42
early_stopping_patience,15,61,61,4,0.6260474568063562,0.6271799902121226,0.001,64,4,2,128,0.1,32,75,0.0,0.1,15,5,0.5,True,42
early_stopping_patience,15,61,61,5,0.6068668241302172,0.6141903559366862,0.001,64,4,2,128,0.1,32,75,0.0,0.1,15,5,0.5,True,42
early_stopping_patience,15,61,61,6,0.6174070243582581,0.6180562655131022,0.001,64,4,2,128,0.1,32,75,0.0,0.1,15,5,0.5,True,42
early_stopping_patience,15,61,61,7,0.5976742510542725,0.6207718988259633,0.001,64,4,2,128,0.1,32,75,0.0,0.1,15,5,0.5,True,42
early_stopping_patience,15,61,61,8,0.5905194144808885,0.6191758116086324,0.001,64,4,2,128,0.1,32,75,0.0,0.1,15,5,0.5,True,42
early_stopping_patience,15,61,61,9,0.5733892610578826,0.6149517317612966,0.001,64,4,2,128,0.1,32,75,0.0,0.1,15,5,0.5,True,42
early_stopping_patience,15,61,61,10,0.5603344221458291,0.6741641183694204,0.001,64,4,2,128,0.1,32,75,0.0,0.1,15,5,0.5,True,42
early_stopping_patience,15,61,61,11,0.5499303794719956,0.6656532327334086,0.001,64,4,2,128,0.1,32,75,0.0,0.1,15,5,0.5,True,42
early_stopping_patience,15,61,61,12,0.5064849090395551,0.6535045246283213,0.001,64,4,2,128,0.1,32,75,0.0,0.1,15,5,0.5,True,42
early_stopping_patience,15,61,61,13,0.48772500003829145,0.6863341331481934,0.001,64,4,2,128,0.1,32,75,0.0,0.1,15,5,0.5,True,42
early_stopping_patience,15,61,61,14,0.47580991504770337,0.694805359840393,0.001,64,4,2,128,0.1,32,75,0.0,0.1,15,5,0.5,True,42
early_stopping_patience,15,61,61,15,0.4516019491535245,0.6989307125409444,0.001,64,4,2,128,0.1,32,75,0.0,0.1,15,5,0.5,True,42
early_stopping_patience,15,61,61,16,0.43498390167951584,0.6780868291854858,0.001,64,4,2,128,0.1,32,75,0.0,0.1,15,5,0.5,True,42
early_stopping_patience,15,61,61,17,0.42112578417767177,0.7800210952758789,0.001,64,4,2,128,0.1,32,75,0.0,0.1,15,5,0.5,True,42
early_stopping_patience,15,61,61,18,0.3836644548132564,0.8037292242050171,0.001,64,4,2,128,0.1,32,75,0.0,0.1,15,5,0.5,True,42
early_stopping_patience,15,61,61,19,0.3654374008377393,0.8211069424947103,0.001,64,4,2,128,0.1,32,75,0.0,0.1,15,5,0.5,True,42
early_stopping_patience,15,61,61,20,0.35185267347278015,0.8873273809750875,0.001,64,4,2,128,0.1,32,75,0.0,0.1,15,5,0.5,True,42
early_stopping_patience,15,62,62,1,0.6907829235900532,0.6752502640088399,0.001,64,4,2,128,0.1,32,75,0.0,0.1,15,5,0.5,True,42
early_stopping_patience,15,62,62,2,0.6674284293796077,0.6789172609647115,0.001,64,4,2,128,0.1,32,75,0.0,0.1,15,5,0.5,True,42
early_stopping_patience,15,62,62,3,0.6421819956916751,0.6377882341543833,0.001,64,4,2,128,0.1,32,75,0.0,0.1,15,5,0.5,True,42
early_stopping_patience,15,62,62,4,0.6391214927037557,0.6376534541447957,0.001,64,4,2,128,0.1,32,75,0.0,0.1,15,5,0.5,True,42
early_stopping_patience,15,62,62,5,0.6264392710996397,0.6428851366043091,0.001,64,4,2,128,0.1,32,75,0.0,0.1,15,5,0.5,True,42
early_stopping_patience,15,62,62,6,0.6145557302868727,0.6237146695454915,0.001,64,4,2,128,0.1,32,75,0.0,0.1,15,5,0.5,True,42
early_stopping_patience,15,62,62,7,0.6000857563181357,0.6409914374351502,0.001,64,4,2,128,0.1,32,75,0.0,0.1,15,5,0.5,True,42
early_stopping_patience,15,62,62,8,0.5903764728343848,0.6458474497000376,0.001,64,4,2,128,0.1,32,75,0.0,0.1,15,5,0.5,True,42
early_stopping_patience,15,62,62,9,0.5817363892089237,0.6528835217158,0.001,64,4,2,128,0.1,32,75,0.0,0.1,15,5,0.5,True,42
early_stopping_patience,15,62,62,10,0.5733083362380663,0.6466862003008524,0.001,64,4,2,128,0.1,32,75,0.0,0.1,15,5,0.5,True,42
early_stopping_patience,15,62,62,11,0.5572574538263407,0.6472385227680206,0.001,64,4,2,128,0.1,32,75,0.0,0.1,15,5,0.5,True,42
early_stopping_patience,15,62,62,12,0.5369369236357284,0.6760099788506826,0.001,64,4,2,128,0.1,32,75,0.0,0.1,15,5,0.5,True,42
early_stopping_patience,15,62,62,13,0.48278467560356314,0.6934756159782409,0.001,64,4,2,128,0.1,32,75,0.0,0.1,15,5,0.5,True,42
early_stopping_patience,15,62,62,14,0.4597645781256936,0.7341245651245117,0.001,64,4,2,128,0.1,32,75,0.0,0.1,15,5,0.5,True,42
early_stopping_patience,15,62,62,15,0.4329610568555919,0.7729688107967376,0.001,64,4,2,128,0.1,32,75,0.0,0.1,15,5,0.5,True,42
early_stopping_patience,15,62,62,16,0.41863605176860635,0.8130346536636353,0.001,64,4,2,128,0.1,32,75,0.0,0.1,15,5,0.5,True,42
early_stopping_patience,15,62,62,17,0.39992625379201135,0.8532585263252258,0.001,64,4,2,128,0.1,32,75,0.0,0.1,15,5,0.5,True,42
early_stopping_patience,15,62,62,18,0.3780034033186508,0.8957838416099548,0.001,64,4,2,128,0.1,32,75,0.0,0.1,15,5,0.5,True,42
early_stopping_patience,15,62,62,19,0.33483877100727777,1.0128421505292258,0.001,64,4,2,128,0.1,32,75,0.0,0.1,15,5,0.5,True,42
early_stopping_patience,15,62,62,20,0.30291059364875156,1.0413967490196228,0.001,64,4,2,128,0.1,32,75,0.0,0.1,15,5,0.5,True,42
early_stopping_patience,15,62,62,21,0.29227425248333905,1.1358450810114542,0.001,64,4,2,128,0.1,32,75,0.0,0.1,15,5,0.5,True,42
early_stopping_patience,15,63,63,1,0.6947309912154169,0.6981088221073151,0.001,64,4,2,128,0.1,32,75,0.0,0.1,15,5,0.5,True,42
early_stopping_patience,15,63,63,2,0.6708206511808165,0.6499620318412781,0.001,64,4,2,128,0.1,32,75,0.0,0.1,15,5,0.5,True,42
early_stopping_patience,15,63,63,3,0.6551018863013296,0.6486008365948995,0.001,64,4,2,128,0.1,32,75,0.0,0.1,15,5,0.5,True,42
early_stopping_patience,15,63,63,4,0.6385211050510406,0.6326482017834981,0.001,64,4,2,128,0.1,32,75,0.0,0.1,15,5,0.5,True,42
early_stopping_patience,15,63,63,5,0.6233509909926038,0.6398001611232758,0.001,64,4,2,128,0.1,32,75,0.0,0.1,15,5,0.5,True,42
early_stopping_patience,15,63,63,6,0.6135609574390181,0.614457780122757,0.001,64,4,2,128,0.1,32,75,0.0,0.1,15,5,0.5,True,42
early_stopping_patience,15,63,63,7,0.5997229600043008,0.6972624520460765,0.001,64,4,2,128,0.1,32,75,0.0,0.1,15,5,0.5,True,42
early_stopping_patience,15,63,63,8,0.5888726830934033,0.6302220304807027,0.001,64,4,2,128,0.1,32,75,0.0,0.1,15,5,0.5,True,42
early_stopping_patience,15,63,63,9,0.5848889393788396,0.6174465656280518,0.001,64,4,2,128,0.1,32,75,0.0,0.1,15,5,0.5,True,42
early_stopping_patience,15,63,63,10,0.5707442846262094,0.6415519674619039,0.001,64,4,2,128,0.1,32,75,0.0,0.1,15,5,0.5,True,42
early_stopping_patience,15,63,63,11,0.5643996612140627,0.6491024613380432,0.001,64,4,2,128,0.1,32,75,0.0,0.1,15,5,0.5,True,42
early_stopping_patience,15,63,63,12,0.5483377029498419,0.6373598198095958,0.001,64,4,2,128,0.1,32,75,0.0,0.1,15,5,0.5,True,42
early_stopping_patience,15,63,63,13,0.49560410032669705,0.6659083406130473,0.001,64,4,2,128,0.1,32,75,0.0,0.1,15,5,0.5,True,42
early_stopping_patience,15,63,63,14,0.4722117621338729,0.7057193259398142,0.001,64,4,2,128,0.1,32,75,0.0,0.1,15,5,0.5,True,42
early_stopping_patience,15,63,63,15,0.4458798942240802,0.6999808549880981,0.001,64,4,2,128,0.1,32,75,0.0,0.1,15,5,0.5,True,42
early_stopping_patience,15,63,63,16,0.43139393842129997,0.7337410688400269,0.001,64,4,2,128,0.1,32,75,0.0,0.1,15,5,0.5,True,42
early_stopping_patience,15,63,63,17,0.4058542216591763,0.7797380924224854,0.001,64,4,2,128,0.1,32,75,0.0,0.1,15,5,0.5,True,42
early_stopping_patience,15,63,63,18,0.3843341873902263,0.82541876633962,0.001,64,4,2,128,0.1,32,75,0.0,0.1,15,5,0.5,True,42
early_stopping_patience,15,63,63,19,0.3425362571848161,0.8380912919839223,0.001,64,4,2,128,0.1,32,75,0.0,0.1,15,5,0.5,True,42
early_stopping_patience,15,63,63,20,0.3326263306944659,0.8536225815614065,0.001,64,4,2,128,0.1,32,75,0.0,0.1,15,5,0.5,True,42
early_stopping_patience,15,63,63,21,0.3078196991347905,0.9130361457665761,0.001,64,4,2,128,0.1,32,75,0.0,0.1,15,5,0.5,True,42
early_stopping_patience,15,64,64,1,0.7009578961314578,0.6739274024963379,0.001,64,4,2,128,0.1,32,75,0.0,0.1,15,5,0.5,True,42
early_stopping_patience,15,64,64,2,0.6718676785628,0.6640060385068257,0.001,64,4,2,128,0.1,32,75,0.0,0.1,15,5,0.5,True,42
early_stopping_patience,15,64,64,3,0.651217493595499,0.6526997804641723,0.001,64,4,2,128,0.1,32,75,0.0,0.1,15,5,0.5,True,42
early_stopping_patience,15,64,64,4,0.6416812466852593,0.6583934744199117,0.001,64,4,2,128,0.1,32,75,0.0,0.1,15,5,0.5,True,42
early_stopping_patience,15,64,64,5,0.6276479194110091,0.6564618209997813,0.001,64,4,2,128,0.1,32,75,0.0,0.1,15,5,0.5,True,42
early_stopping_patience,15,64,64,6,0.6302107026179632,0.6314937472343445,0.001,64,4,2,128,0.1,32,75,0.0,0.1,15,5,0.5,True,42
early_stopping_patience,15,64,64,7,0.6134510139624277,0.6277618328730266,0.001,64,4,2,128,0.1,32,75,0.0,0.1,15,5,0.5,True,42
early_stopping_patience,15,64,64,8,0.6063636480407282,0.6281351168950399,0.001,64,4,2,128,0.1,32,75,0.0,0.1,15,5,0.5,True,42
early_stopping_patience,15,64,64,9,0.6057506675521532,0.6508483548959096,0.001,64,4,2,128,0.1,32,75,0.0,0.1,15,5,0.5,True,42
early_stopping_patience,15,64,64,10,0.5930274487896399,0.6469142834345499,0.001,64,4,2,128,0.1,32,75,0.0,0.1,15,5,0.5,True,42
early_stopping_patience,15,64,64,11,0.5888129736889492,0.6535958131154378,0.001,64,4,2,128,0.1,32,75,0.0,0.1,15,5,0.5,True,42
early_stopping_patience,15,64,64,12,0.5672716010700573,0.6852698067824046,0.001,64,4,2,128,0.1,32,75,0.0,0.1,15,5,0.5,True,42
early_stopping_patience,15,64,64,13,0.5558029207767863,0.6720503071943918,0.001,64,4,2,128,0.1,32,75,0.0,0.1,15,5,0.5,True,42
early_stopping_patience,15,64,64,14,0.5040573635787675,0.7021143138408661,0.001,64,4,2,128,0.1,32,75,0.0,0.1,15,5,0.5,True,42
early_stopping_patience,15,64,64,15,0.49032832795020304,0.7286664783954621,0.001,64,4,2,128,0.1,32,75,0.0,0.1,15,5,0.5,True,42
early_stopping_patience,15,64,64,16,0.46797651887843106,0.7800917029380798,0.001,64,4,2,128,0.1,32,75,0.0,0.1,15,5,0.5,True,42
early_stopping_patience,15,64,64,17,0.4665179025720466,0.7748795032501221,0.001,64,4,2,128,0.1,32,75,0.0,0.1,15,5,0.5,True,42
early_stopping_patience,15,64,64,18,0.4297226333256924,0.8110835949579874,0.001,64,4,2,128,0.1,32,75,0.0,0.1,15,5,0.5,True,42
early_stopping_patience,15,64,64,19,0.4190508748094241,0.8015777627627055,0.001,64,4,2,128,0.1,32,75,0.0,0.1,15,5,0.5,True,42
early_stopping_patience,15,64,64,20,0.36766490645029326,0.9252458969751994,0.001,64,4,2,128,0.1,32,75,0.0,0.1,15,5,0.5,True,42
early_stopping_patience,15,64,64,21,0.35422466774329997,0.8663303891817729,0.001,64,4,2,128,0.1,32,75,0.0,0.1,15,5,0.5,True,42
early_stopping_patience,15,64,64,22,0.33662379013769556,0.9975666960080465,0.001,64,4,2,128,0.1,32,75,0.0,0.1,15,5,0.5,True,42
early_stopping_patience,15,65,65,1,0.6957340601718787,0.7076541582743326,0.001,64,4,2,128,0.1,32,75,0.0,0.1,15,5,0.5,True,42
early_stopping_patience,15,65,65,2,0.6697298175457752,0.6426602403322855,0.001,64,4,2,128,0.1,32,75,0.0,0.1,15,5,0.5,True,42
early_stopping_patience,15,65,65,3,0.6392533350171465,0.6186106145381928,0.001,64,4,2,128,0.1,32,75,0.0,0.1,15,5,0.5,True,42
early_stopping_patience,15,65,65,4,0.6292447669036461,0.640126516421636,0.001,64,4,2,128,0.1,32,75,0.0,0.1,15,5,0.5,True,42
early_stopping_patience,15,65,65,5,0.6258689332188982,0.6516213476657867,0.001,64,4,2,128,0.1,32,75,0.0,0.1,15,5,0.5,True,42
early_stopping_patience,15,65,65,6,0.622092295776714,0.6411294142405192,0.001,64,4,2,128,0.1,32,75,0.0,0.1,15,5,0.5,True,42
early_stopping_patience,15,65,65,7,0.6013979604749968,0.629562379916509,0.001,64,4,2,128,0.1,32,75,0.0,0.1,15,5,0.5,True,42
early_stopping_patience,15,65,65,8,0.6029868505217812,0.6322437425454458,0.001,64,4,2,128,0.1,32,75,0.0,0.1,15,5,0.5,True,42
early_stopping_patience,15,65,65,9,0.5919000393513477,0.741011114915212,0.001,64,4,2,128,0.1,32,75,0.0,0.1,15,5,0.5,True,42
early_stopping_patience,15,65,65,10,0.5629185982274286,0.6528521498044332,0.001,64,4,2,128,0.1,32,75,0.0,0.1,15,5,0.5,True,42
early_stopping_patience,15,65,65,11,0.5451404199455724,0.6553941190242767,0.001,64,4,2,128,0.1,32,75,0.0,0.1,15,5,0.5,True,42
early_stopping_patience,15,65,65,12,0.5323170452858462,0.6739344596862793,0.001,64,4,2,128,0.1,32,75,0.0,0.1,15,5,0.5,True,42
early_stopping_patience,15,65,65,13,0.526505997686675,0.6586281557877859,0.001,64,4,2,128,0.1,32,75,0.0,0.1,15,5,0.5,True,42
early_stopping_patience,15,65,65,14,0.5086724372072653,0.7072786410649617,0.001,64,4,2,128,0.1,32,75,0.0,0.1,15,5,0.5,True,42
early_stopping_patience,15,65,65,15,0.5044035597732572,0.6913655281066895,0.001,64,4,2,128,0.1,32,75,0.0,0.1,15,5,0.5,True,42
early_stopping_patience,15,65,65,16,0.4612433378669349,0.7441697557767232,0.001,64,4,2,128,0.1,32,75,0.0,0.1,15,5,0.5,True,42
early_stopping_patience,15,65,65,17,0.44734315529014124,0.7464433232943217,0.001,64,4,2,128,0.1,32,75,0.0,0.1,15,5,0.5,True,42
early_stopping_patience,15,65,65,18,0.4390851699493148,0.762861680984497,0.001,64,4,2,128,0.1,32,75,0.0,0.1,15,5,0.5,True,42
early_stopping_patience,15,66,66,1,0.6929318268190731,0.6758800903956096,0.001,64,4,2,128,0.1,32,75,0.0,0.1,15,5,0.5,True,42
early_stopping_patience,15,66,66,2,0.6634095938819827,0.654013435045878,0.001,64,4,2,128,0.1,32,75,0.0,0.1,15,5,0.5,True,42
early_stopping_patience,15,66,66,3,0.6424709741364826,0.6423205077648163,0.001,64,4,2,128,0.1,32,75,0.0,0.1,15,5,0.5,True,42
early_stopping_patience,15,66,66,4,0.6267593430750298,0.640837448835373,0.001,64,4,2,128,0.1,32,75,0.0,0.1,15,5,0.5,True,42
early_stopping_patience,15,66,66,5,0.6105149747295813,0.6435883263746898,0.001,64,4,2,128,0.1,32,75,0.0,0.1,15,5,0.5,True,42
early_stopping_patience,15,66,66,6,0.608925701316559,0.6387537280718486,0.001,64,4,2,128,0.1,32,75,0.0,0.1,15,5,0.5,True,42
early_stopping_patience,15,66,66,7,0.5981093484795454,0.644253542025884,0.001,64,4,2,128,0.1,32,75,0.0,0.1,15,5,0.5,True,42
early_stopping_patience,15,66,66,8,0.5906454424063364,0.6446890910466512,0.001,64,4,2,128,0.1,32,75,0.0,0.1,15,5,0.5,True,42
early_stopping_patience,15,66,66,9,0.581632893419627,0.6738430917263031,0.001,64,4,2,128,0.1,32,75,0.0,0.1,15,5,0.5,True,42
early_stopping_patience,15,66,66,10,0.5742332626021269,0.631395822763443,0.001,64,4,2,128,0.1,32,75,0.0,0.1,15,5,0.5,True,42
early_stopping_patience,15,66,66,11,0.5621665605541432,0.6442217171192169,0.001,64,4,2,128,0.1,32,75,0.0,0.1,15,5,0.5,True,42
early_stopping_patience,15,66,66,12,0.539469730221864,0.6698102295398712,0.001,64,4,2,128,0.1,32,75,0.0,0.1,15,5,0.5,True,42
early_stopping_patience,15,66,66,13,0.5307777300477028,0.6690262933572133,0.001,64,4,2,128,0.1,32,75,0.0,0.1,15,5,0.5,True,42
early_stopping_patience,15,66,66,14,0.5259725851091471,0.6620865285396575,0.001,64,4,2,128,0.1,32,75,0.0,0.1,15,5,0.5,True,42
early_stopping_patience,15,66,66,15,0.49718114056370477,0.7047677834828695,0.001,64,4,2,128,0.1,32,75,0.0,0.1,15,5,0.5,True,42
early_stopping_patience,15,66,66,16,0.4793553122065284,0.6994363903999329,0.001,64,4,2,128,0.1,32,75,0.0,0.1,15,5,0.5,True,42
early_stopping_patience,15,66,66,17,0.4262866811318831,0.7698326547940572,0.001,64,4,2,128,0.1,32,75,0.0,0.1,15,5,0.5,True,42
early_stopping_patience,15,66,66,18,0.3954709576386394,0.7986980875333151,0.001,64,4,2,128,0.1,32,75,0.0,0.1,15,5,0.5,True,42
early_stopping_patience,15,66,66,19,0.36714712801304733,0.8633969108263652,0.001,64,4,2,128,0.1,32,75,0.0,0.1,15,5,0.5,True,42
early_stopping_patience,15,66,66,20,0.35530513604030467,0.8937835772832234,0.001,64,4,2,128,0.1,32,75,0.0,0.1,15,5,0.5,True,42
early_stopping_patience,15,66,66,21,0.3451468355276368,0.8907057444254557,0.001,64,4,2,128,0.1,32,75,0.0,0.1,15,5,0.5,True,42
early_stopping_patience,15,66,66,22,0.3279652526658593,0.8987371722857157,0.001,64,4,2,128,0.1,32,75,0.0,0.1,15,5,0.5,True,42
early_stopping_patience,15,66,66,23,0.2752020181805799,0.9880739212036133,0.001,64,4,2,128,0.1,32,75,0.0,0.1,15,5,0.5,True,42
early_stopping_patience,15,66,66,24,0.26044056547636335,1.0796032905578614,0.001,64,4,2,128,0.1,32,75,0.0,0.1,15,5,0.5,True,42
early_stopping_patience,15,66,66,25,0.25263850227224105,1.0935684760411581,0.001,64,4,2,128,0.1,32,75,0.0,0.1,15,5,0.5,True,42
early_stopping_patience,15,67,67,1,0.6934596774252978,0.6792944272359213,0.001,64,4,2,128,0.1,32,75,0.0,0.1,15,5,0.5,True,42
early_stopping_patience,15,67,67,2,0.6580904085527767,0.6475536505381266,0.001,64,4,2,128,0.1,32,75,0.0,0.1,15,5,0.5,True,42
early_stopping_patience,15,67,67,3,0.6355914545781685,0.6405506412188212,0.001,64,4,2,128,0.1,32,75,0.0,0.1,15,5,0.5,True,42
early_stopping_patience,15,67,67,4,0.6247967757058867,0.6244765559832255,0.001,64,4,2,128,0.1,32,75,0.0,0.1,15,5,0.5,True,42
early_stopping_patience,15,67,67,5,0.612077739202615,0.6377443472544352,0.001,64,4,2,128,0.1,32,75,0.0,0.1,15,5,0.5,True,42
early_stopping_patience,15,67,67,6,0.606178199477268,0.6118842164675394,0.001,64,4,2,128,0.1,32,75,0.0,0.1,15,5,0.5,True,42
early_stopping_patience,15,67,67,7,0.596202039808938,0.6304579774538676,0.001,64,4,2,128,0.1,32,75,0.0,0.1,15,5,0.5,True,42
early_stopping_patience,15,67,67,8,0.5814990586403644,0.6344980100790659,0.001,64,4,2,128,0.1,32,75,0.0,0.1,15,5,0.5,True,42
early_stopping_patience,15,67,67,9,0.5704996644547491,0.6543563961982727,0.001,64,4,2,128,0.1,32,75,0.0,0.1,15,5,0.5,True,42
early_stopping_patience,15,67,67,10,0.5640345177415645,0.6499354620774587,0.001,64,4,2,128,0.1,32,75,0.0,0.1,15,5,0.5,True,42
early_stopping_patience,15,67,67,11,0.5406166093819069,0.6605640331904093,0.001,64,4,2,128,0.1,32,75,0.0,0.1,15,5,0.5,True,42
early_stopping_patience,15,67,67,12,0.5258021553357443,0.6775422851244609,0.001,64,4,2,128,0.1,32,75,0.0,0.1,15,5,0.5,True,42
early_stopping_patience,15,67,67,13,0.4781377846092889,0.6556012014547984,0.001,64,4,2,128,0.1,32,75,0.0,0.1,15,5,0.5,True,42
early_stopping_patience,15,67,67,14,0.44647064556678134,0.7019071459770203,0.001,64,4,2,128,0.1,32,75,0.0,0.1,15,5,0.5,True,42
early_stopping_patience,15,67,67,15,0.422065353754795,0.7549752751986186,0.001,64,4,2,128,0.1,32,75,0.0,0.1,15,5,0.5,True,42
early_stopping_patience,15,67,67,16,0.3984870196066119,0.7365519046783447,0.001,64,4,2,128,0.1,32,75,0.0,0.1,15,5,0.5,True,42
early_stopping_patience,15,67,67,17,0.3755022105055325,0.7040174961090088,0.001,64,4,2,128,0.1,32,75,0.0,0.1,15,5,0.5,True,42
early_stopping_patience,15,67,67,18,0.36411127854477277,0.791158793369929,0.001,64,4,2,128,0.1,32,75,0.0,0.1,15,5,0.5,True,42
early_stopping_patience,15,67,67,19,0.3055991337945064,0.82976367076238,0.001,64,4,2,128,0.1,32,75,0.0,0.1,15,5,0.5,True,42
early_stopping_patience,15,67,67,20,0.29225242668480583,0.8592035174369812,0.001,64,4,2,128,0.1,32,75,0.0,0.1,15,5,0.5,True,42
early_stopping_patience,15,67,67,21,0.27418740511392103,0.9262675364812215,0.001,64,4,2,128,0.1,32,75,0.0,0.1,15,5,0.5,True,42
early_stopping_patience,15,68,68,1,0.6964063206405351,0.684650981426239,0.001,64,4,2,128,0.1,32,75,0.0,0.1,15,5,0.5,True,42
early_stopping_patience,15,68,68,2,0.6769798154180701,0.6674263556798299,0.001,64,4,2,128,0.1,32,75,0.0,0.1,15,5,0.5,True,42
early_stopping_patience,15,68,68,3,0.6490515836260535,0.6490704536437988,0.001,64,4,2,128,0.1,32,75,0.0,0.1,15,5,0.5,True,42
early_stopping_patience,15,68,68,4,0.6407135874032974,0.634318592151006,0.001,64,4,2,128,0.1,32,75,0.0,0.1,15,5,0.5,True,42
early_stopping_patience,15,68,68,5,0.6162422662883094,0.6183659970760346,0.001,64,4,2,128,0.1,32,75,0.0,0.1,15,5,0.5,True,42
early_stopping_patience,15,68,68,6,0.6063152612610296,0.6161201159159343,0.001,64,4,2,128,0.1,32,75,0.0,0.1,15,5,0.5,True,42
early_stopping_patience,15,68,68,7,0.6003900186130495,0.614679612716039,0.001,64,4,2,128,0.1,32,75,0.0,0.1,15,5,0.5,True,42
early_stopping_patience,15,68,68,8,0.5881840814695214,0.6165887554486592,0.001,64,4,2,128,0.1,32,75,0.0,0.1,15,5,0.5,True,42
early_stopping_patience,15,68,68,9,0.5810154477755228,0.6639129598935445,0.001,64,4,2,128,0.1,32,75,0.0,0.1,15,5,0.5,True,42
early_stopping_patience,15,68,68,10,0.5729328272017565,0.6259513735771179,0.001,64,4,2,128,0.1,32,75,0.0,0.1,15,5,0.5,True,42
early_stopping_patience,15,68,68,11,0.5550705686663137,0.6210678100585938,0.001,64,4,2,128,0.1,32,75,0.0,0.1,15,5,0.5,True,42
early_stopping_patience,15,68,68,12,0.54561215142409,0.6734237690766652,0.001,64,4,2,128,0.1,32,75,0.0,0.1,15,5,0.5,True,42
early_stopping_patience,15,68,68,13,0.5237486136682106,0.6309780697027842,0.001,64,4,2,128,0.1,32,75,0.0,0.1,15,5,0.5,True,42
early_stopping_patience,15,68,68,14,0.47792125696485693,0.6670758287111919,0.001,64,4,2,128,0.1,32,75,0.0,0.1,15,5,0.5,True,42
early_stopping_patience,15,68,68,15,0.44867959787899797,0.6846778829892476,0.001,64,4,2,128,0.1,32,75,0.0,0.1,15,5,0.5,True,42
early_stopping_patience,15,68,68,16,0.4325308050170089,0.7319372951984405,0.001,64,4,2,128,0.1,32,75,0.0,0.1,15,5,0.5,True,42
early_stopping_patience,15,68,68,17,0.40897271646694705,0.7089598576227824,0.001,64,4,2,128,0.1,32,75,0.0,0.1,15,5,0.5,True,42
early_stopping_patience,15,68,68,18,0.3973365359459863,0.7779678622881572,0.001,64,4,2,128,0.1,32,75,0.0,0.1,15,5,0.5,True,42
early_stopping_patience,15,68,68,19,0.3723032920423782,0.8071686824162801,0.001,64,4,2,128,0.1,32,75,0.0,0.1,15,5,0.5,True,42
early_stopping_patience,15,68,68,20,0.3336917832493782,0.840724382797877,0.001,64,4,2,128,0.1,32,75,0.0,0.1,15,5,0.5,True,42
early_stopping_patience,15,68,68,21,0.31202454221519554,0.8698181271553039,0.001,64,4,2,128,0.1,32,75,0.0,0.1,15,5,0.5,True,42
early_stopping_patience,15,68,68,22,0.29522985095779103,0.873843002319336,0.001,64,4,2,128,0.1,32,75,0.0,0.1,15,5,0.5,True,42
early_stopping_patience,15,69,69,1,0.6954910764188478,0.6696623086929321,0.001,64,4,2,128,0.1,32,75,0.0,0.1,15,5,0.5,True,42
early_stopping_patience,15,69,69,2,0.6564664732326161,0.6232010801633199,0.001,64,4,2,128,0.1,32,75,0.0,0.1,15,5,0.5,True,42
early_stopping_patience,15,69,69,3,0.6357454108920965,0.6186677515506744,0.001,64,4,2,128,0.1,32,75,0.0,0.1,15,5,0.5,True,42
early_stopping_patience,15,69,69,4,0.6278483860872008,0.6141919493675232,0.001,64,4,2,128,0.1,32,75,0.0,0.1,15,5,0.5,True,42
early_stopping_patience,15,69,69,5,0.622567496742263,0.6201532363891602,0.001,64,4,2,128,0.1,32,75,0.0,0.1,15,5,0.5,True,42
early_stopping_patience,15,69,69,6,0.6070462413357965,0.6139992674191793,0.001,64,4,2,128,0.1,32,75,0.0,0.1,15,5,0.5,True,42
early_stopping_patience,15,69,69,7,0.5922716372843945,0.6024856428305309,0.001,64,4,2,128,0.1,32,75,0.0,0.1,15,5,0.5,True,42
early_stopping_patience,15,69,69,8,0.5855821544925371,0.6285263200600942,0.001,64,4,2,128,0.1,32,75,0.0,0.1,15,5,0.5,True,42
early_stopping_patience,15,69,69,9,0.5809827571113905,0.6317352493604024,0.001,64,4,2,128,0.1,32,75,0.0,0.1,15,5,0.5,True,42
early_stopping_patience,15,69,69,10,0.5741525554295742,0.6107483943303426,0.001,64,4,2,128,0.1,32,75,0.0,0.1,15,5,0.5,True,42
early_stopping_patience,15,69,69,11,0.549799483833891,0.635209608078003,0.001,64,4,2,128,0.1,32,75,0.0,0.1,15,5,0.5,True,42
early_stopping_patience,15,69,69,12,0.5401601902011669,0.6470840811729431,0.001,64,4,2,128,0.1,32,75,0.0,0.1,15,5,0.5,True,42
early_stopping_patience,15,69,69,13,0.5093053820909876,0.6864059487978618,0.001,64,4,2,128,0.1,32,75,0.0,0.1,15,5,0.5,True,42
early_stopping_patience,15,69,69,14,0.46724859670256125,0.7075920383135478,0.001,64,4,2,128,0.1,32,75,0.0,0.1,15,5,0.5,True,42
early_stopping_patience,15,69,69,15,0.4463985968719829,0.694985028107961,0.001,64,4,2,128,0.1,32,75,0.0,0.1,15,5,0.5,True,42
early_stopping_patience,15,69,69,16,0.4139986050625642,0.7183582882086436,0.001,64,4,2,128,0.1,32,75,0.0,0.1,15,5,0.5,True,42
early_stopping_patience,15,69,69,17,0.3914682225070216,0.7792441805203756,0.001,64,4,2,128,0.1,32,75,0.0,0.1,15,5,0.5,True,42
early_stopping_patience,15,69,69,18,0.3794099632086176,0.7994541843732198,0.001,64,4,2,128,0.1,32,75,0.0,0.1,15,5,0.5,True,42
early_stopping_patience,15,69,69,19,0.36870284457549907,0.803973662853241,0.001,64,4,2,128,0.1,32,75,0.0,0.1,15,5,0.5,True,42
early_stopping_patience,15,69,69,20,0.3252921270375902,0.8498713413874308,0.001,64,4,2,128,0.1,32,75,0.0,0.1,15,5,0.5,True,42
early_stopping_patience,15,69,69,21,0.3040129059191906,0.8606682499249776,0.001,64,4,2,128,0.1,32,75,0.0,0.1,15,5,0.5,True,42
early_stopping_patience,15,69,69,22,0.29016816514459526,0.9283272484938304,0.001,64,4,2,128,0.1,32,75,0.0,0.1,15,5,0.5,True,42
early_stopping_patience,15,70,70,1,0.7000992027196017,0.680835501352946,0.001,64,4,2,128,0.1,32,75,0.0,0.1,15,5,0.5,True,42
early_stopping_patience,15,70,70,2,0.6706607377890385,0.6578117569287618,0.001,64,4,2,128,0.1,32,75,0.0,0.1,15,5,0.5,True,42
early_stopping_patience,15,70,70,3,0.6518151466593598,0.6666938145955403,0.001,64,4,2,128,0.1,32,75,0.0,0.1,15,5,0.5,True,42
early_stopping_patience,15,70,70,4,0.6353574433561527,0.6441705922285715,0.001,64,4,2,128,0.1,32,75,0.0,0.1,15,5,0.5,True,42
early_stopping_patience,15,70,70,5,0.6245232064164046,0.6465084691842397,0.001,64,4,2,128,0.1,32,75,0.0,0.1,15,5,0.5,True,42
early_stopping_patience,15,70,70,6,0.6345013285225088,0.63990638256073,0.001,64,4,2,128,0.1,32,75,0.0,0.1,15,5,0.5,True,42
early_stopping_patience,15,70,70,7,0.6071596524932168,0.6360209325949351,0.001,64,4,2,128,0.1,32,75,0.0,0.1,15,5,0.5,True,42
early_stopping_patience,15,70,70,8,0.5974087710633422,0.6642808059851328,0.001,64,4,2,128,0.1,32,75,0.0,0.1,15,5,0.5,True,42
early_stopping_patience,15,70,70,9,0.5898915355404218,0.6467674116293589,0.001,64,4,2,128,0.1,32,75,0.0,0.1,15,5,0.5,True,42
early_stopping_patience,15,70,70,10,0.5832503347685842,0.6633832136789958,0.001,64,4,2,128,0.1,32,75,0.0,0.1,15,5,0.5,True,42
early_stopping_patience,15,70,70,11,0.5722136723272728,0.6395535488923391,0.001,64,4,2,128,0.1,32,75,0.0,0.1,15,5,0.5,True,42
early_stopping_patience,15,70,70,12,0.5551316182721745,0.6824146072069804,0.001,64,4,2,128,0.1,32,75,0.0,0.1,15,5,0.5,True,42
early_stopping_patience,15,70,70,13,0.5400107444235773,0.6672606845696767,0.001,64,4,2,128,0.1,32,75,0.0,0.1,15,5,0.5,True,42
early_stopping_patience,15,70,70,14,0.49366762918053253,0.7340158939361572,0.001,64,4,2,128,0.1,32,75,0.0,0.1,15,5,0.5,True,42
early_stopping_patience,15,70,70,15,0.4710080045642275,0.7391466836134593,0.001,64,4,2,128,0.1,32,75,0.0,0.1,15,5,0.5,True,42
early_stopping_patience,15,70,70,16,0.44204534793441946,0.8112651546796162,0.001,64,4,2,128,0.1,32,75,0.0,0.1,15,5,0.5,True,42
early_stopping_patience,15,70,70,17,0.42608510319030646,0.8665940165519714,0.001,64,4,2,128,0.1,32,75,0.0,0.1,15,5,0.5,True,42
early_stopping_patience,15,70,70,18,0.4027234261686152,0.9029059708118439,0.001,64,4,2,128,0.1,32,75,0.0,0.1,15,5,0.5,True,42
early_stopping_patience,15,70,70,19,0.3857024302988341,0.8752378284931183,0.001,64,4,2,128,0.1,32,75,0.0,0.1,15,5,0.5,True,42
early_stopping_patience,15,70,70,20,0.3364084246709491,0.9617106080055237,0.001,64,4,2,128,0.1,32,75,0.0,0.1,15,5,0.5,True,42
early_stopping_patience,15,70,70,21,0.3264881588067069,1.0190404772758483,0.001,64,4,2,128,0.1,32,75,0.0,0.1,15,5,0.5,True,42
early_stopping_patience,15,70,70,22,0.3075533788651228,1.0462607463200888,0.001,64,4,2,128,0.1,32,75,0.0,0.1,15,5,0.5,True,42
early_stopping_patience,15,71,71,1,0.6864694049864104,0.6715741356213888,0.001,64,4,2,128,0.1,32,75,0.0,0.1,15,5,0.5,True,42
early_stopping_patience,15,71,71,2,0.6575657562776045,0.6584421753883362,0.001,64,4,2,128,0.1,32,75,0.0,0.1,15,5,0.5,True,42
early_stopping_patience,15,71,71,3,0.641146691459598,0.694348790248235,0.001,64,4,2,128,0.1,32,75,0.0,0.1,15,5,0.5,True,42
early_stopping_patience,15,71,71,4,0.6244019938237739,0.6363626539707183,0.001,64,4,2,128,0.1,32,75,0.0,0.1,15,5,0.5,True,42
early_stopping_patience,15,71,71,5,0.6105080763950492,0.6420971790949503,0.001,64,4,2,128,0.1,32,75,0.0,0.1,15,5,0.5,True,42
early_stopping_patience,15,71,71,6,0.6025179956446994,0.6386313498020172,0.001,64,4,2,128,0.1,32,75,0.0,0.1,15,5,0.5,True,42
early_stopping_patience,15,71,71,7,0.6005654174721602,0.652338174978892,0.001,64,4,2,128,0.1,32,75,0.0,0.1,15,5,0.5,True,42
early_stopping_patience,15,71,71,8,0.5946768339384686,0.6497972309589386,0.001,64,4,2,128,0.1,32,75,0.0,0.1,15,5,0.5,True,42
early_stopping_patience,15,71,71,9,0.5853052882082534,0.6376597185929617,0.001,64,4,2,128,0.1,32,75,0.0,0.1,15,5,0.5,True,42
early_stopping_patience,15,71,71,10,0.5654594990791697,0.6409827788670858,0.001,64,4,2,128,0.1,32,75,0.0,0.1,15,5,0.5,True,42
early_stopping_patience,15,71,71,11,0.5397169655471137,0.6548888087272644,0.001,64,4,2,128,0.1,32,75,0.0,0.1,15,5,0.5,True,42
early_stopping_patience,15,71,71,12,0.521697406967481,0.6555427094300588,0.001,64,4,2,128,0.1,32,75,0.0,0.1,15,5,0.5,True,42
early_stopping_patience,15,71,71,13,0.5082688202912157,0.6709707200527191,0.001,64,4,2,128,0.1,32,75,0.0,0.1,15,5,0.5,True,42
early_stopping_patience,15,71,71,14,0.49543826123981766,0.6588988324006398,0.001,64,4,2,128,0.1,32,75,0.0,0.1,15,5,0.5,True,42
early_stopping_patience,15,71,71,15,0.4785466661507433,0.7046478350957235,0.001,64,4,2,128,0.1,32,75,0.0,0.1,15,5,0.5,True,42
early_stopping_patience,15,71,71,16,0.46123254095966165,0.8397333761056264,0.001,64,4,2,128,0.1,32,75,0.0,0.1,15,5,0.5,True,42
early_stopping_patience,15,71,71,17,0.4297297479528369,0.7479043881098429,0.001,64,4,2,128,0.1,32,75,0.0,0.1,15,5,0.5,True,42
early_stopping_patience,15,71,71,18,0.4093493815850128,0.7406698147455851,0.001,64,4,2,128,0.1,32,75,0.0,0.1,15,5,0.5,True,42
early_stopping_patience,15,71,71,19,0.3988363548661723,0.755375611782074,0.001,64,4,2,128,0.1,32,75,0.0,0.1,15,5,0.5,True,42
early_stopping_patience,15,72,72,1,0.6983097290450876,0.6863917032877604,0.001,64,4,2,128,0.1,32,75,0.0,0.1,15,5,0.5,True,42
early_stopping_patience,15,72,72,2,0.6747636384133137,0.6700693130493164,0.001,64,4,2,128,0.1,32,75,0.0,0.1,15,5,0.5,True,42
early_stopping_patience,15,72,72,3,0.6455174571636951,0.6700205465157827,0.001,64,4,2,128,0.1,32,75,0.0,0.1,15,5,0.5,True,42
early_stopping_patience,15,72,72,4,0.6372167287450848,0.640743633111318,0.001,64,4,2,128,0.1,32,75,0.0,0.1,15,5,0.5,True,42
early_stopping_patience,15,72,72,5,0.6153116074926925,0.6382490555445354,0.001,64,4,2,128,0.1,32,75,0.0,0.1,15,5,0.5,True,42
early_stopping_patience,15,72,72,6,0.6230964802882888,0.6636443773905436,0.001,64,4,2,128,0.1,32,75,0.0,0.1,15,5,0.5,True,42
early_stopping_patience,15,72,72,7,0.5994642135320287,0.6592105150222778,0.001,64,4,2,128,0.1,32,75,0.0,0.1,15,5,0.5,True,42
early_stopping_patience,15,72,72,8,0.5935333240212817,0.6818351169427236,0.001,64,4,2,128,0.1,32,75,0.0,0.1,15,5,0.5,True,42
early_stopping_patience,15,72,72,9,0.582763570727724,0.6661980966726939,0.001,64,4,2,128,0.1,32,75,0.0,0.1,15,5,0.5,True,42
early_stopping_patience,15,72,72,10,0.5774984610351649,0.6963916699091593,0.001,64,4,2,128,0.1,32,75,0.0,0.1,15,5,0.5,True,42
early_stopping_patience,15,72,72,11,0.5617164495316419,0.6758169690767925,0.001,64,4,2,128,0.1,32,75,0.0,0.1,15,5,0.5,True,42
early_stopping_patience,15,72,72,12,0.523088264420177,0.6926743765672048,0.001,64,4,2,128,0.1,32,75,0.0,0.1,15,5,0.5,True,42
early_stopping_patience,15,72,72,13,0.5050407097195134,0.6878863930702209,0.001,64,4,2,128,0.1,32,75,0.0,0.1,15,5,0.5,True,42
early_stopping_patience,15,72,72,14,0.4956969548807,0.7253493269284567,0.001,64,4,2,128,0.1,32,75,0.0,0.1,15,5,0.5,True,42
early_stopping_patience,15,72,72,15,0.46710680425167084,0.7898026883602143,0.001,64,4,2,128,0.1,32,75,0.0,0.1,15,5,0.5,True,42
early_stopping_patience,15,72,72,16,0.46355587977803114,0.7268239041169484,0.001,64,4,2,128,0.1,32,75,0.0,0.1,15,5,0.5,True,42
early_stopping_patience,15,72,72,17,0.4485126625407826,0.7777965366840363,0.001,64,4,2,128,0.1,32,75,0.0,0.1,15,5,0.5,True,42
early_stopping_patience,15,72,72,18,0.4029176234070099,0.7969083428382874,0.001,64,4,2,128,0.1,32,75,0.0,0.1,15,5,0.5,True,42
early_stopping_patience,15,72,72,19,0.39374635887868475,0.8015889227390289,0.001,64,4,2,128,0.1,32,75,0.0,0.1,15,5,0.5,True,42
early_stopping_patience,15,72,72,20,0.3782850155098872,0.8506791830062866,0.001,64,4,2,128,0.1,32,75,0.0,0.1,15,5,0.5,True,42
early_stopping_patience,15,73,73,1,0.6938812565622907,0.6848202149073283,0.001,64,4,2,128,0.1,32,75,0.0,0.1,15,5,0.5,True,42
early_stopping_patience,15,73,73,2,0.6643283538746111,0.6863228181997935,0.001,64,4,2,128,0.1,32,75,0.0,0.1,15,5,0.5,True,42
early_stopping_patience,15,73,73,3,0.6462395430514307,0.6624912738800048,0.001,64,4,2,128,0.1,32,75,0.0,0.1,15,5,0.5,True,42
early_stopping_patience,15,73,73,4,0.6384111128070138,0.6511413594086964,0.001,64,4,2,128,0.1,32,75,0.0,0.1,15,5,0.5,True,42
early_stopping_patience,15,73,73,5,0.621532685377381,0.6503942131996154,0.001,64,4,2,128,0.1,32,75,0.0,0.1,15,5,0.5,True,42
early_stopping_patience,15,73,73,6,0.6170412013024995,0.6655772666136424,0.001,64,4,2,128,0.1,32,75,0.0,0.1,15,5,0.5,True,42
early_stopping_patience,15,73,73,7,0.6092187064615163,0.6406112929185231,0.001,64,4,2,128,0.1,32,75,0.0,0.1,15,5,0.5,True,42
early_stopping_patience,15,73,73,8,0.592274108619401,0.625716757774353,0.001,64,4,2,128,0.1,32,75,0.0,0.1,15,5,0.5,True,42
early_stopping_patience,15,73,73,9,0.5858842391859401,0.6177110115687052,0.001,64,4,2,128,0.1,32,75,0.0,0.1,15,5,0.5,True,42
early_stopping_patience,15,73,73,10,0.5806795607010523,0.617662521203359,0.001,64,4,2,128,0.1,32,75,0.0,0.1,15,5,0.5,True,42
early_stopping_patience,15,73,73,11,0.5743221983765111,0.6597259898980459,0.001,64,4,2,128,0.1,32,75,0.0,0.1,15,5,0.5,True,42
early_stopping_patience,15,73,73,12,0.5509905115221486,0.6605647067228954,0.001,64,4,2,128,0.1,32,75,0.0,0.1,15,5,0.5,True,42
early_stopping_patience,15,73,73,13,0.5420050767786575,0.6779900451501211,0.001,64,4,2,128,0.1,32,75,0.0,0.1,15,5,0.5,True,42
early_stopping_patience,15,73,73,14,0.5349231509096695,0.6508227566878001,0.001,64,4,2,128,0.1,32,75,0.0,0.1,15,5,0.5,True,42
early_stopping_patience,15,73,73,15,0.5152401122631449,0.7117387394110362,0.001,64,4,2,128,0.1,32,75,0.0,0.1,15,5,0.5,True,42
early_stopping_patience,15,73,73,16,0.4594587060538205,0.7652424573898315,0.001,64,4,2,128,0.1,32,75,0.0,0.1,15,5,0.5,True,42
early_stopping_patience,15,73,73,17,0.4275113591416316,0.7277087489763896,0.001,64,4,2,128,0.1,32,75,0.0,0.1,15,5,0.5,True,42
early_stopping_patience,15,73,73,18,0.40587302015134785,0.788992973168691,0.001,64,4,2,128,0.1,32,75,0.0,0.1,15,5,0.5,True,42
early_stopping_patience,15,73,73,19,0.3808531639250842,0.7797448694705963,0.001,64,4,2,128,0.1,32,75,0.0,0.1,15,5,0.5,True,42
early_stopping_patience,15,73,73,20,0.37723426645000774,0.8854556520779927,0.001,64,4,2,128,0.1,32,75,0.0,0.1,15,5,0.5,True,42
early_stopping_patience,15,73,73,21,0.35009756221464183,0.9419661164283752,0.001,64,4,2,128,0.1,32,75,0.0,0.1,15,5,0.5,True,42
early_stopping_patience,15,73,73,22,0.31757628748362715,0.9592080632845561,0.001,64,4,2,128,0.1,32,75,0.0,0.1,15,5,0.5,True,42
early_stopping_patience,15,73,73,23,0.3019035608705246,0.9815613945325216,0.001,64,4,2,128,0.1,32,75,0.0,0.1,15,5,0.5,True,42
early_stopping_patience,15,73,73,24,0.2798634404598763,1.0737214406331381,0.001,64,4,2,128,0.1,32,75,0.0,0.1,15,5,0.5,True,42
early_stopping_patience,15,73,73,25,0.266512210170428,1.1106642842292787,0.001,64,4,2,128,0.1,32,75,0.0,0.1,15,5,0.5,True,42
early_stopping_patience,15,74,74,1,0.6959604580294002,0.6728086948394776,0.001,64,4,2,128,0.1,32,75,0.0,0.1,15,5,0.5,True,42
early_stopping_patience,15,74,74,2,0.6736066138202493,0.6644219994544983,0.001,64,4,2,128,0.1,32,75,0.0,0.1,15,5,0.5,True,42
early_stopping_patience,15,74,74,3,0.6639580175732122,0.6516544938087463,0.001,64,4,2,128,0.1,32,75,0.0,0.1,15,5,0.5,True,42
early_stopping_patience,15,74,74,4,0.6400412971323187,0.6247716804345449,0.001,64,4,2,128,0.1,32,75,0.0,0.1,15,5,0.5,True,42
early_stopping_patience,15,74,74,5,0.6321780306823326,0.628226617972056,0.001,64,4,2,128,0.1,32,75,0.0,0.1,15,5,0.5,True,42
early_stopping_patience,15,74,74,6,0.6254939256292401,0.6355710089206695,0.001,64,4,2,128,0.1,32,75,0.0,0.1,15,5,0.5,True,42
early_stopping_patience,15,74,74,7,0.6051384709549673,0.6475110391775767,0.001,64,4,2,128,0.1,32,75,0.0,0.1,15,5,0.5,True,42
early_stopping_patience,15,74,74,8,0.6036931362115976,0.6693052073319753,0.001,64,4,2,128,0.1,32,75,0.0,0.1,15,5,0.5,True,42
early_stopping_patience,15,74,74,9,0.5848233932347009,0.6233107924461365,0.001,64,4,2,128,0.1,32,75,0.0,0.1,15,5,0.5,True,42
early_stopping_patience,15,74,74,10,0.5716339282014153,0.6101531108220418,0.001,64,4,2,128,0.1,32,75,0.0,0.1,15,5,0.5,True,42
early_stopping_patience,15,74,74,11,0.5553432190508554,0.6258290847142537,0.001,64,4,2,128,0.1,32,75,0.0,0.1,15,5,0.5,True,42
early_stopping_patience,15,74,74,12,0.5521448719682116,0.6362825055917104,0.001,64,4,2,128,0.1,32,75,0.0,0.1,15,5,0.5,True,42
early_stopping_patience,15,74,74,13,0.5252219838174906,0.7321657379468282,0.001,64,4,2,128,0.1,32,75,0.0,0.1,15,5,0.5,True,42
early_stopping_patience,15,74,74,14,0.5249881439588286,0.6482531388600667,0.001,64,4,2,128,0.1,32,75,0.0,0.1,15,5,0.5,True,42
early_stopping_patience,15,74,74,15,0.5037530701268803,0.6528739790121715,0.001,64,4,2,128,0.1,32,75,0.0,0.1,15,5,0.5,True,42
early_stopping_patience,15,74,74,16,0.4710022389437213,0.7467055439949035,0.001,64,4,2,128,0.1,32,75,0.0,0.1,15,5,0.5,True,42
early_stopping_patience,15,74,74,17,0.4187726941749905,0.7836924016475677,0.001,64,4,2,128,0.1,32,75,0.0,0.1,15,5,0.5,True,42
early_stopping_patience,15,74,74,18,0.3981123406327132,0.805647345383962,0.001,64,4,2,128,0.1,32,75,0.0,0.1,15,5,0.5,True,42
early_stopping_patience,15,74,74,19,0.37557553782156017,0.859353365500768,0.001,64,4,2,128,0.1,32,75,0.0,0.1,15,5,0.5,True,42
early_stopping_patience,15,74,74,20,0.3494537716562098,0.8889689127604167,0.001,64,4,2,128,0.1,32,75,0.0,0.1,15,5,0.5,True,42
early_stopping_patience,15,74,74,21,0.33895658893567143,0.9660813887914022,0.001,64,4,2,128,0.1,32,75,0.0,0.1,15,5,0.5,True,42
early_stopping_patience,15,74,74,22,0.320108189953096,0.9522287170092265,0.001,64,4,2,128,0.1,32,75,0.0,0.1,15,5,0.5,True,42
early_stopping_patience,15,74,74,23,0.2797679068012671,1.0731216152509053,0.001,64,4,2,128,0.1,32,75,0.0,0.1,15,5,0.5,True,42
early_stopping_patience,15,74,74,24,0.2571536540759332,1.1195464452107748,0.001,64,4,2,128,0.1,32,75,0.0,0.1,15,5,0.5,True,42
early_stopping_patience,15,74,74,25,0.24065170386298138,1.2226950565973917,0.001,64,4,2,128,0.1,32,75,0.0,0.1,15,5,0.5,True,42
early_stopping_patience,15,75,75,1,0.6912556286111022,0.6695350805918375,0.001,64,4,2,128,0.1,32,75,0.0,0.1,15,5,0.5,True,42
early_stopping_patience,15,75,75,2,0.6694075099446557,0.6468036691347758,0.001,64,4,2,128,0.1,32,75,0.0,0.1,15,5,0.5,True,42
early_stopping_patience,15,75,75,3,0.6454813173322966,0.6505032142003377,0.001,64,4,2,128,0.1,32,75,0.0,0.1,15,5,0.5,True,42
early_stopping_patience,15,75,75,4,0.6327333588040236,0.6217853665351868,0.001,64,4,2,128,0.1,32,75,0.0,0.1,15,5,0.5,True,42
early_stopping_patience,15,75,75,5,0.6166630118633761,0.619506295522054,0.001,64,4,2,128,0.1,32,75,0.0,0.1,15,5,0.5,True,42
early_stopping_patience,15,75,75,6,0.6113010148207346,0.6265376349290211,0.001,64,4,2,128,0.1,32,75,0.0,0.1,15,5,0.5,True,42
early_stopping_patience,15,75,75,7,0.6037864908576012,0.6278681615988414,0.001,64,4,2,128,0.1,32,75,0.0,0.1,15,5,0.5,True,42
early_stopping_patience,15,75,75,8,0.6023209363673673,0.6306592583656311,0.001,64,4,2,128,0.1,32,75,0.0,0.1,15,5,0.5,True,42
early_stopping_patience,15,75,75,9,0.5848421063838583,0.6258356809616089,0.001,64,4,2,128,0.1,32,75,0.0,0.1,15,5,0.5,True,42
early_stopping_patience,15,75,75,10,0.5695553112662199,0.6387490669886271,0.001,64,4,2,128,0.1,32,75,0.0,0.1,15,5,0.5,True,42
early_stopping_patience,15,75,75,11,0.5672625402609507,0.6310115893681844,0.001,64,4,2,128,0.1,32,75,0.0,0.1,15,5,0.5,True,42
early_stopping_patience,15,75,75,12,0.5350956320762634,0.656691950559616,0.001,64,4,2,128,0.1,32,75,0.0,0.1,15,5,0.5,True,42
early_stopping_patience,15,75,75,13,0.506552473387935,0.6669635554154714,0.001,64,4,2,128,0.1,32,75,0.0,0.1,15,5,0.5,True,42
early_stopping_patience,15,75,75,14,0.49185184682860517,0.6795600493748982,0.001,64,4,2,128,0.1,32,75,0.0,0.1,15,5,0.5,True,42
early_stopping_patience,15,75,75,15,0.4709477932615714,0.7055838604768118,0.001,64,4,2,128,0.1,32,75,0.0,0.1,15,5,0.5,True,42
early_stopping_patience,15,75,75,16,0.4481876642640793,0.7198288222153981,0.001,64,4,2,128,0.1,32,75,0.0,0.1,15,5,0.5,True,42
early_stopping_patience,15,75,75,17,0.42254452689579036,0.7703963895638783,0.001,64,4,2,128,0.1,32,75,0.0,0.1,15,5,0.5,True,42
early_stopping_patience,15,75,75,18,0.3809193954097502,0.8342287341753641,0.001,64,4,2,128,0.1,32,75,0.0,0.1,15,5,0.5,True,42
early_stopping_patience,15,75,75,19,0.36731204063151823,0.901263701915741,0.001,64,4,2,128,0.1,32,75,0.0,0.1,15,5,0.5,True,42
early_stopping_patience,15,75,75,20,0.3505767817524346,0.8747773090998332,0.001,64,4,2,128,0.1,32,75,0.0,0.1,15,5,0.5,True,42
early_stopping_patience,15,76,76,1,0.6962571794336493,0.6810862580935161,0.001,64,4,2,128,0.1,32,75,0.0,0.1,15,5,0.5,True,42
early_stopping_patience,15,76,76,2,0.6583749493866256,0.7261220991611481,0.001,64,4,2,128,0.1,32,75,0.0,0.1,15,5,0.5,True,42
early_stopping_patience,15,76,76,3,0.6453748814987413,0.6519529143969218,0.001,64,4,2,128,0.1,32,75,0.0,0.1,15,5,0.5,True,42
early_stopping_patience,15,76,76,4,0.6343098472465168,0.6396119117736816,0.001,64,4,2,128,0.1,32,75,0.0,0.1,15,5,0.5,True,42
early_stopping_patience,15,76,76,5,0.6292587362907149,0.6596555054187775,0.001,64,4,2,128,0.1,32,75,0.0,0.1,15,5,0.5,True,42
early_stopping_patience,15,76,76,6,0.624243354481278,0.6352787673473358,0.001,64,4,2,128,0.1,32,75,0.0,0.1,15,5,0.5,True,42
early_stopping_patience,15,76,76,7,0.6088837030710597,0.6306142191092173,0.001,64,4,2,128,0.1,32,75,0.0,0.1,15,5,0.5,True,42
early_stopping_patience,15,76,76,8,0.5926597393823393,0.6311701854070028,0.001,64,4,2,128,0.1,32,75,0.0,0.1,15,5,0.5,True,42
early_stopping_patience,15,76,76,9,0.5841413770209659,0.6518319507439931,0.001,64,4,2,128,0.1,32,75,0.0,0.1,15,5,0.5,True,42
early_stopping_patience,15,76,76,10,0.5739108655940403,0.6682000656922659,0.001,64,4,2,128,0.1,32,75,0.0,0.1,15,5,0.5,True,42
early_stopping_patience,15,76,76,11,0.565187752698407,0.6444197356700897,0.001,64,4,2,128,0.1,32,75,0.0,0.1,15,5,0.5,True,42
early_stopping_patience,15,76,76,12,0.5619280171213727,0.6349557677904765,0.001,64,4,2,128,0.1,32,75,0.0,0.1,15,5,0.5,True,42
early_stopping_patience,15,76,76,13,0.5447259538552978,0.6395192861557006,0.001,64,4,2,128,0.1,32,75,0.0,0.1,15,5,0.5,True,42
early_stopping_patience,15,76,76,14,0.5065043489589836,0.6935942828655243,0.001,64,4,2,128,0.1,32,75,0.0,0.1,15,5,0.5,True,42
early_stopping_patience,15,76,76,15,0.4781666278387561,0.724381540218989,0.001,64,4,2,128,0.1,32,75,0.0,0.1,15,5,0.5,True,42
early_stopping_patience,15,76,76,16,0.4547863525874687,0.7537048935890198,0.001,64,4,2,128,0.1,32,75,0.0,0.1,15,5,0.5,True,42
early_stopping_patience,15,76,76,17,0.4367226665895997,0.8571240564187368,0.001,64,4,2,128,0.1,32,75,0.0,0.1,15,5,0.5,True,42
early_stopping_patience,15,76,76,18,0.4118275274381493,0.8072501341501872,0.001,64,4,2,128,0.1,32,75,0.0,0.1,15,5,0.5,True,42
early_stopping_patience,15,76,76,19,0.38999746164137666,0.8784657279650371,0.001,64,4,2,128,0.1,32,75,0.0,0.1,15,5,0.5,True,42
early_stopping_patience,15,76,76,20,0.3476161439761971,0.9082145810127258,0.001,64,4,2,128,0.1,32,75,0.0,0.1,15,5,0.5,True,42
early_stopping_patience,15,76,76,21,0.3271049243031126,1.0164046168327332,0.001,64,4,2,128,0.1,32,75,0.0,0.1,15,5,0.5,True,42
early_stopping_patience,15,76,76,22,0.32088559301513614,0.9662312110265096,0.001,64,4,2,128,0.1,32,75,0.0,0.1,15,5,0.5,True,42
early_stopping_patience,15,77,77,1,0.6969481553092147,0.6804313937822978,0.001,64,4,2,128,0.1,32,75,0.0,0.1,15,5,0.5,True,42
early_stopping_patience,15,77,77,2,0.6738467216491699,0.6808272381623586,0.001,64,4,2,128,0.1,32,75,0.0,0.1,15,5,0.5,True,42
early_stopping_patience,15,77,77,3,0.6570858372883364,0.6549213250478109,0.001,64,4,2,128,0.1,32,75,0.0,0.1,15,5,0.5,True,42
early_stopping_patience,15,77,77,4,0.6277585219253193,0.650693819920222,0.001,64,4,2,128,0.1,32,75,0.0,0.1,15,5,0.5,True,42
early_stopping_patience,15,77,77,5,0.6105567548762668,0.6420226176579793,0.001,64,4,2,128,0.1,32,75,0.0,0.1,15,5,0.5,True,42
early_stopping_patience,15,77,77,6,0.5978584671110818,0.629193377494812,0.001,64,4,2,128,0.1,32,75,0.0,0.1,15,5,0.5,True,42
early_stopping_patience,15,77,77,7,0.5819805616682227,0.664018428325653,0.001,64,4,2,128,0.1,32,75,0.0,0.1,15,5,0.5,True,42
early_stopping_patience,15,77,77,8,0.5795465213331309,0.6572302083174387,0.001,64,4,2,128,0.1,32,75,0.0,0.1,15,5,0.5,True,42
early_stopping_patience,15,77,77,9,0.5575791784759724,0.6975168426831563,0.001,64,4,2,128,0.1,32,75,0.0,0.1,15,5,0.5,True,42
early_stopping_patience,15,77,77,10,0.5574003731211027,0.6947336594263712,0.001,64,4,2,128,0.1,32,75,0.0,0.1,15,5,0.5,True,42
early_stopping_patience,15,77,77,11,0.5446080301295627,0.6911068836847941,0.001,64,4,2,128,0.1,32,75,0.0,0.1,15,5,0.5,True,42
early_stopping_patience,15,77,77,12,0.5310079895637252,0.6669715821743012,0.001,64,4,2,128,0.1,32,75,0.0,0.1,15,5,0.5,True,42
early_stopping_patience,15,77,77,13,0.4804980411674037,0.7357682108879089,0.001,64,4,2,128,0.1,32,75,0.0,0.1,15,5,0.5,True,42
early_stopping_patience,15,77,77,14,0.4489758891815489,0.8097970982392629,0.001,64,4,2,128,0.1,32,75,0.0,0.1,15,5,0.5,True,42
early_stopping_patience,15,77,77,15,0.439319408075376,0.765176922082901,0.001,64,4,2,128,0.1,32,75,0.0,0.1,15,5,0.5,True,42
early_stopping_patience,15,77,77,16,0.4222148262867422,0.779804939031601,0.001,64,4,2,128,0.1,32,75,0.0,0.1,15,5,0.5,True,42
early_stopping_patience,15,77,77,17,0.3852645576451764,0.8657436013221741,0.001,64,4,2,128,0.1,32,75,0.0,0.1,15,5,0.5,True,42
early_stopping_patience,15,77,77,18,0.3841314786537127,0.902368700504303,0.001,64,4,2,128,0.1,32,75,0.0,0.1,15,5,0.5,True,42
early_stopping_patience,15,77,77,19,0.33036384054205636,0.9844529112180074,0.001,64,4,2,128,0.1,32,75,0.0,0.1,15,5,0.5,True,42
early_stopping_patience,15,77,77,20,0.3176222297955643,0.9756979544957479,0.001,64,4,2,128,0.1,32,75,0.0,0.1,15,5,0.5,True,42
early_stopping_patience,15,77,77,21,0.30550716094898456,1.0547406435012818,0.001,64,4,2,128,0.1,32,75,0.0,0.1,15,5,0.5,True,42
early_stopping_patience,15,78,78,1,0.6944090006026354,0.6796279668807983,0.001,64,4,2,128,0.1,32,75,0.0,0.1,15,5,0.5,True,42
early_stopping_patience,15,78,78,2,0.6684497427759748,0.6621312856674194,0.001,64,4,2,128,0.1,32,75,0.0,0.1,15,5,0.5,True,42
early_stopping_patience,15,78,78,3,0.6378671052781019,0.6336771726608277,0.001,64,4,2,128,0.1,32,75,0.0,0.1,15,5,0.5,True,42
early_stopping_patience,15,78,78,4,0.6285592213724599,0.672798736890157,0.001,64,4,2,128,0.1,32,75,0.0,0.1,15,5,0.5,True,42
early_stopping_patience,15,78,78,5,0.6140835635138281,0.6878490507602691,0.001,64,4,2,128,0.1,32,75,0.0,0.1,15,5,0.5,True,42
early_stopping_patience,15,78,78,6,0.6124672812945915,0.6431910932064057,0.001,64,4,2,128,0.1,32,75,0.0,0.1,15,5,0.5,True,42
early_stopping_patience,15,78,78,7,0.600243707949465,0.651769741376241,0.001,64,4,2,128,0.1,32,75,0.0,0.1,15,5,0.5,True,42
early_stopping_patience,15,78,78,8,0.6031770500721354,0.6306018233299255,0.001,64,4,2,128,0.1,32,75,0.0,0.1,15,5,0.5,True,42
early_stopping_patience,15,78,78,9,0.5798828382835244,0.6321972986062367,0.001,64,4,2,128,0.1,32,75,0.0,0.1,15,5,0.5,True,42
early_stopping_patience,15,78,78,10,0.5730874863537875,0.62949178814888,0.001,64,4,2,128,0.1,32,75,0.0,0.1,15,5,0.5,True,42
early_stopping_patience,15,78,78,11,0.5643034624782476,0.6708546698093414,0.001,64,4,2,128,0.1,32,75,0.0,0.1,15,5,0.5,True,42
early_stopping_patience,15,78,78,12,0.5463246192896005,0.6758092919985453,0.001,64,4,2,128,0.1,32,75,0.0,0.1,15,5,0.5,True,42
early_stopping_patience,15,78,78,13,0.5375639166344296,0.6435018698374431,0.001,64,4,2,128,0.1,32,75,0.0,0.1,15,5,0.5,True,42
early_stopping_patience,15,78,78,14,0.5047692507505417,0.6748353540897369,0.001,64,4,2,128,0.1,32,75,0.0,0.1,15,5,0.5,True,42
early_stopping_patience,15,78,78,15,0.49844946983185684,0.6467656274636586,0.001,64,4,2,128,0.1,32,75,0.0,0.1,15,5,0.5,True,42
early_stopping_patience,15,78,78,16,0.47393069258241943,0.6681412756443024,0.001,64,4,2,128,0.1,32,75,0.0,0.1,15,5,0.5,True,42
early_stopping_patience,15,78,78,17,0.4085809886455536,0.7439993758996327,0.001,64,4,2,128,0.1,32,75,0.0,0.1,15,5,0.5,True,42
early_stopping_patience,15,78,78,18,0.3816796090792526,0.8193865418434143,0.001,64,4,2,128,0.1,32,75,0.0,0.1,15,5,0.5,True,42
early_stopping_patience,15,78,78,19,0.37139904747406643,0.8370177189509074,0.001,64,4,2,128,0.1,32,75,0.0,0.1,15,5,0.5,True,42
early_stopping_patience,15,78,78,20,0.3424485085362738,0.8101520657539367,0.001,64,4,2,128,0.1,32,75,0.0,0.1,15,5,0.5,True,42
early_stopping_patience,15,78,78,21,0.3248276633746696,0.9601919094721476,0.001,64,4,2,128,0.1,32,75,0.0,0.1,15,5,0.5,True,42
early_stopping_patience,15,78,78,22,0.3165082149207592,0.9868579824765523,0.001,64,4,2,128,0.1,32,75,0.0,0.1,15,5,0.5,True,42
early_stopping_patience,15,78,78,23,0.2728525542964538,1.0293984095255533,0.001,64,4,2,128,0.1,32,75,0.0,0.1,15,5,0.5,True,42
early_stopping_patience,15,78,78,24,0.24502614267509093,1.1192956527074178,0.001,64,4,2,128,0.1,32,75,0.0,0.1,15,5,0.5,True,42
early_stopping_patience,15,78,78,25,0.229335963105162,1.1794090787569682,0.001,64,4,2,128,0.1,32,75,0.0,0.1,15,5,0.5,True,42
early_stopping_patience,15,79,79,1,0.6938648074865341,0.6837787429491679,0.001,64,4,2,128,0.1,32,75,0.0,0.1,15,5,0.5,True,42
early_stopping_patience,15,79,79,2,0.6641569995518887,0.6310826102892558,0.001,64,4,2,128,0.1,32,75,0.0,0.1,15,5,0.5,True,42
early_stopping_patience,15,79,79,3,0.6422418956503724,0.6446568369865417,0.001,64,4,2,128,0.1,32,75,0.0,0.1,15,5,0.5,True,42
early_stopping_patience,15,79,79,4,0.6226565171823357,0.6262026071548462,0.001,64,4,2,128,0.1,32,75,0.0,0.1,15,5,0.5,True,42
early_stopping_patience,15,79,79,5,0.6110956655307249,0.6208663880825043,0.001,64,4,2,128,0.1,32,75,0.0,0.1,15,5,0.5,True,42
early_stopping_patience,15,79,79,6,0.595948745807012,0.6125846962134044,0.001,64,4,2,128,0.1,32,75,0.0,0.1,15,5,0.5,True,42
early_stopping_patience,15,79,79,7,0.5855136260841832,0.6305502474308013,0.001,64,4,2,128,0.1,32,75,0.0,0.1,15,5,0.5,True,42
early_stopping_patience,15,79,79,8,0.5751881156906937,0.6200394809246064,0.001,64,4,2,128,0.1,32,75,0.0,0.1,15,5,0.5,True,42
early_stopping_patience,15,79,79,9,0.5576949076670589,0.6919751624266307,0.001,64,4,2,128,0.1,32,75,0.0,0.1,15,5,0.5,True,42
early_stopping_patience,15,79,79,10,0.5479034016078169,0.6986093540986379,0.001,64,4,2,128,0.1,32,75,0.0,0.1,15,5,0.5,True,42
early_stopping_patience,15,79,79,11,0.540357655422254,0.6443563580513001,0.001,64,4,2,128,0.1,32,75,0.0,0.1,15,5,0.5,True,42
early_stopping_patience,15,79,79,12,0.5186465107130281,0.6367896238962809,0.001,64,4,2,128,0.1,32,75,0.0,0.1,15,5,0.5,True,42
early_stopping_patience,15,79,79,13,0.4746106212789362,0.6854386806488038,0.001,64,4,2,128,0.1,32,75,0.0,0.1,15,5,0.5,True,42
early_stopping_patience,15,79,79,14,0.44675901069334056,0.72486598889033,0.001,64,4,2,128,0.1,32,75,0.0,0.1,15,5,0.5,True,42
early_stopping_patience,15,79,79,15,0.41883908573425177,0.7499354422092438,0.001,64,4,2,128,0.1,32,75,0.0,0.1,15,5,0.5,True,42
early_stopping_patience,15,79,79,16,0.4065870712652351,0.8259727517763774,0.001,64,4,2,128,0.1,32,75,0.0,0.1,15,5,0.5,True,42
early_stopping_patience,15,79,79,17,0.3878048170696605,0.8651717901229858,0.001,64,4,2,128,0.1,32,75,0.0,0.1,15,5,0.5,True,42
early_stopping_patience,15,79,79,18,0.3694511562811606,0.8358733018239339,0.001,64,4,2,128,0.1,32,75,0.0,0.1,15,5,0.5,True,42
early_stopping_patience,15,79,79,19,0.3202881694517352,0.9781774282455444,0.001,64,4,2,128,0.1,32,75,0.0,0.1,15,5,0.5,True,42
early_stopping_patience,15,79,79,20,0.30216719605254405,1.0176010350386302,0.001,64,4,2,128,0.1,32,75,0.0,0.1,15,5,0.5,True,42
early_stopping_patience,15,79,79,21,0.3043399686840447,1.012330428759257,0.001,64,4,2,128,0.1,32,75,0.0,0.1,15,5,0.5,True,42
early_stopping_patience,15,80,80,1,0.6935536274404237,0.6957318603992462,0.001,64,4,2,128,0.1,32,75,0.0,0.1,15,5,0.5,True,42
early_stopping_patience,15,80,80,2,0.6653587064056685,0.6671374360720317,0.001,64,4,2,128,0.1,32,75,0.0,0.1,15,5,0.5,True,42
early_stopping_patience,15,80,80,3,0.6402740839755896,0.6628657380739847,0.001,64,4,2,128,0.1,32,75,0.0,0.1,15,5,0.5,True,42
early_stopping_patience,15,80,80,4,0.6306219972444304,0.6442439476648967,0.001,64,4,2,128,0.1,32,75,0.0,0.1,15,5,0.5,True,42
early_stopping_patience,15,80,80,5,0.6133866851980035,0.6286824186642964,0.001,64,4,2,128,0.1,32,75,0.0,0.1,15,5,0.5,True,42
early_stopping_patience,15,80,80,6,0.6180053549734029,0.6519040485223134,0.001,64,4,2,128,0.1,32,75,0.0,0.1,15,5,0.5,True,42
early_stopping_patience,15,80,80,7,0.5996283326636661,0.6474325815836589,0.001,64,4,2,128,0.1,32,75,0.0,0.1,15,5,0.5,True,42
early_stopping_patience,15,80,80,8,0.5970110328811588,0.6300946573416392,0.001,64,4,2,128,0.1,32,75,0.0,0.1,15,5,0.5,True,42
early_stopping_patience,15,80,80,9,0.5786105010545615,0.6582652310530345,0.001,64,4,2,128,0.1,32,75,0.0,0.1,15,5,0.5,True,42
early_stopping_patience,15,80,80,10,0.573918780594161,0.660248335202535,0.001,64,4,2,128,0.1,32,75,0.0,0.1,15,5,0.5,True,42
early_stopping_patience,15,80,80,11,0.5600527301430702,0.6664926608403524,0.001,64,4,2,128,0.1,32,75,0.0,0.1,15,5,0.5,True,42
early_stopping_patience,15,80,80,12,0.529757273016554,0.6667099356651306,0.001,64,4,2,128,0.1,32,75,0.0,0.1,15,5,0.5,True,42
early_stopping_patience,15,80,80,13,0.5074652002164812,0.6690207580725352,0.001,64,4,2,128,0.1,32,75,0.0,0.1,15,5,0.5,True,42
early_stopping_patience,15,80,80,14,0.4937642860141667,0.7161275823911031,0.001,64,4,2,128,0.1,32,75,0.0,0.1,15,5,0.5,True,42
early_stopping_patience,15,80,80,15,0.48812802971312497,0.7066465854644776,0.001,64,4,2,128,0.1,32,75,0.0,0.1,15,5,0.5,True,42
early_stopping_patience,15,80,80,16,0.46292427374106465,0.6764568785826365,0.001,64,4,2,128,0.1,32,75,0.0,0.1,15,5,0.5,True,42
early_stopping_patience,15,80,80,17,0.442532221476237,0.7187599420547486,0.001,64,4,2,128,0.1,32,75,0.0,0.1,15,5,0.5,True,42
early_stopping_patience,15,80,80,18,0.4100418131459843,0.7449945926666259,0.001,64,4,2,128,0.1,32,75,0.0,0.1,15,5,0.5,True,42
early_stopping_patience,15,80,80,19,0.3918098190968687,0.803406419356664,0.001,64,4,2,128,0.1,32,75,0.0,0.1,15,5,0.5,True,42
early_stopping_patience,15,80,80,20,0.38345299898223445,0.7981232106685638,0.001,64,4,2,128,0.1,32,75,0.0,0.1,15,5,0.5,True,42
early_stopping_patience,15,81,81,1,0.6967796755559517,0.6803236365318298,0.001,64,4,2,128,0.1,32,75,0.0,0.1,15,5,0.5,True,42
early_stopping_patience,15,81,81,2,0.6713624343727574,0.6539293169975281,0.001,64,4,2,128,0.1,32,75,0.0,0.1,15,5,0.5,True,42
early_stopping_patience,15,81,81,3,0.6476617821238257,0.6579447706540426,0.001,64,4,2,128,0.1,32,75,0.0,0.1,15,5,0.5,True,42
early_stopping_patience,15,81,81,4,0.6316793734828631,0.6720219850540161,0.001,64,4,2,128,0.1,32,75,0.0,0.1,15,5,0.5,True,42
early_stopping_patience,15,81,81,5,0.6145265885826313,0.6734725038210551,0.001,64,4,2,128,0.1,32,75,0.0,0.1,15,5,0.5,True,42
early_stopping_patience,15,81,81,6,0.6093069084665992,0.6470520655314128,0.001,64,4,2,128,0.1,32,75,0.0,0.1,15,5,0.5,True,42
early_stopping_patience,15,81,81,7,0.5970912304791537,0.6522193193435669,0.001,64,4,2,128,0.1,32,75,0.0,0.1,15,5,0.5,True,42
early_stopping_patience,15,81,81,8,0.5973192126010404,0.6584076364835103,0.001,64,4,2,128,0.1,32,75,0.0,0.1,15,5,0.5,True,42
early_stopping_patience,15,81,81,9,0.5766244341026653,0.6381102323532104,0.001,64,4,2,128,0.1,32,75,0.0,0.1,15,5,0.5,True,42
early_stopping_patience,15,81,81,10,0.570278169982361,0.6473185896873475,0.001,64,4,2,128,0.1,32,75,0.0,0.1,15,5,0.5,True,42
early_stopping_patience,15,81,81,11,0.5495616816210024,0.6557679772377014,0.001,64,4,2,128,0.1,32,75,0.0,0.1,15,5,0.5,True,42
early_stopping_patience,15,81,81,12,0.5432970121954427,0.7595382670561472,0.001,64,4,2,128,0.1,32,75,0.0,0.1,15,5,0.5,True,42
early_stopping_patience,15,81,81,13,0.5243485590273683,0.6436045368512472,0.001,64,4,2,128,0.1,32,75,0.0,0.1,15,5,0.5,True,42
early_stopping_patience,15,81,81,14,0.502136912083987,0.6608872354030609,0.001,64,4,2,128,0.1,32,75,0.0,0.1,15,5,0.5,True,42
early_stopping_patience,15,81,81,15,0.4851250935233001,0.6779361228148143,0.001,64,4,2,128,0.1,32,75,0.0,0.1,15,5,0.5,True,42
early_stopping_patience,15,81,81,16,0.4265101916636481,0.7136556188265483,0.001,64,4,2,128,0.1,32,75,0.0,0.1,15,5,0.5,True,42
early_stopping_patience,15,81,81,17,0.387945844142726,0.8014438192049662,0.001,64,4,2,128,0.1,32,75,0.0,0.1,15,5,0.5,True,42
early_stopping_patience,15,81,81,18,0.3738197680901397,0.7667519748210907,0.001,64,4,2,128,0.1,32,75,0.0,0.1,15,5,0.5,True,42
early_stopping_patience,15,81,81,19,0.34682663597843866,0.8225000182787577,0.001,64,4,2,128,0.1,32,75,0.0,0.1,15,5,0.5,True,42
early_stopping_patience,15,81,81,20,0.3265334354205565,0.903763763109843,0.001,64,4,2,128,0.1,32,75,0.0,0.1,15,5,0.5,True,42
early_stopping_patience,15,81,81,21,0.310850284316323,0.893436606725057,0.001,64,4,2,128,0.1,32,75,0.0,0.1,15,5,0.5,True,42
early_stopping_patience,15,81,81,22,0.26679751237459254,0.9648590763409932,0.001,64,4,2,128,0.1,32,75,0.0,0.1,15,5,0.5,True,42
early_stopping_patience,15,81,81,23,0.24723227169703355,0.9985352873802185,0.001,64,4,2,128,0.1,32,75,0.0,0.1,15,5,0.5,True,42
early_stopping_patience,15,81,81,24,0.24107467151726736,1.0280028382937114,0.001,64,4,2,128,0.1,32,75,0.0,0.1,15,5,0.5,True,42
early_stopping_patience,15,82,82,1,0.6914070524049528,0.6711807052294413,0.001,64,4,2,128,0.1,32,75,0.0,0.1,15,5,0.5,True,42
early_stopping_patience,15,82,82,2,0.6632933670824225,0.6677485863367717,0.001,64,4,2,128,0.1,32,75,0.0,0.1,15,5,0.5,True,42
early_stopping_patience,15,82,82,3,0.6404444963643046,0.6465357899665832,0.001,64,4,2,128,0.1,32,75,0.0,0.1,15,5,0.5,True,42
early_stopping_patience,15,82,82,4,0.6222462498328902,0.6475492298603058,0.001,64,4,2,128,0.1,32,75,0.0,0.1,15,5,0.5,True,42
early_stopping_patience,15,82,82,5,0.616659385462602,0.628175942103068,0.001,64,4,2,128,0.1,32,75,0.0,0.1,15,5,0.5,True,42
early_stopping_patience,15,82,82,6,0.6104175240704508,0.6281608442465464,0.001,64,4,2,128,0.1,32,75,0.0,0.1,15,5,0.5,True,42
early_stopping_patience,15,82,82,7,0.6009916254516804,0.6480156441529592,0.001,64,4,2,128,0.1,32,75,0.0,0.1,15,5,0.5,True,42
early_stopping_patience,15,82,82,8,0.5918977206403558,0.6247153878211975,0.001,64,4,2,128,0.1,32,75,0.0,0.1,15,5,0.5,True,42
early_stopping_patience,15,82,82,9,0.5783319382956533,0.6490108509858449,0.001,64,4,2,128,0.1,32,75,0.0,0.1,15,5,0.5,True,42
early_stopping_patience,15,82,82,10,0.5671861453941374,0.640086950858434,0.001,64,4,2,128,0.1,32,75,0.0,0.1,15,5,0.5,True,42
early_stopping_patience,15,82,82,11,0.5631412213498895,0.634670760234197,0.001,64,4,2,128,0.1,32,75,0.0,0.1,15,5,0.5,True,42
early_stopping_patience,15,82,82,12,0.5484999436320681,0.6509672105312347,0.001,64,4,2,128,0.1,32,75,0.0,0.1,15,5,0.5,True,42
early_stopping_patience,15,82,82,13,0.5349657517490964,0.6840778211752574,0.001,64,4,2,128,0.1,32,75,0.0,0.1,15,5,0.5,True,42
early_stopping_patience,15,82,82,14,0.525824199571754,0.6748736381530762,0.001,64,4,2,128,0.1,32,75,0.0,0.1,15,5,0.5,True,42
early_stopping_patience,15,82,82,15,0.475197538281932,0.7074525852998098,0.001,64,4,2,128,0.1,32,75,0.0,0.1,15,5,0.5,True,42
early_stopping_patience,15,82,82,16,0.44371262700720265,0.7417479952176412,0.001,64,4,2,128,0.1,32,75,0.0,0.1,15,5,0.5,True,42
early_stopping_patience,15,82,82,17,0.42419930626497127,0.7379508972167969,0.001,64,4,2,128,0.1,32,75,0.0,0.1,15,5,0.5,True,42
early_stopping_patience,15,82,82,18,0.41650530278231157,0.7806674023469289,0.001,64,4,2,128,0.1,32,75,0.0,0.1,15,5,0.5,True,42
early_stopping_patience,15,82,82,19,0.40025786637808336,0.7834519743919373,0.001,64,4,2,128,0.1,32,75,0.0,0.1,15,5,0.5,True,42
early_stopping_patience,15,82,82,20,0.381055635259007,0.8318316300710042,0.001,64,4,2,128,0.1,32,75,0.0,0.1,15,5,0.5,True,42
early_stopping_patience,15,82,82,21,0.32231247199304175,0.9227296034495036,0.001,64,4,2,128,0.1,32,75,0.0,0.1,15,5,0.5,True,42
early_stopping_patience,15,82,82,22,0.3120283991324179,0.8954378207524617,0.001,64,4,2,128,0.1,32,75,0.0,0.1,15,5,0.5,True,42
early_stopping_patience,15,82,82,23,0.2942002462505391,0.9964432954788208,0.001,64,4,2,128,0.1,32,75,0.0,0.1,15,5,0.5,True,42
early_stopping_patience,15,83,83,1,0.6991085879730455,0.6910728295644124,0.001,64,4,2,128,0.1,32,75,0.0,0.1,15,5,0.5,True,42
early_stopping_patience,15,83,83,2,0.6661865905378804,0.662790979941686,0.001,64,4,2,128,0.1,32,75,0.0,0.1,15,5,0.5,True,42
early_stopping_patience,15,83,83,3,0.6589334823868491,0.6472236474355062,0.001,64,4,2,128,0.1,32,75,0.0,0.1,15,5,0.5,True,42
early_stopping_patience,15,83,83,4,0.6302834347342,0.6463415463765462,0.001,64,4,2,128,0.1,32,75,0.0,0.1,15,5,0.5,True,42
early_stopping_patience,15,83,83,5,0.617024251908967,0.6377710103988647,0.001,64,4,2,128,0.1,32,75,0.0,0.1,15,5,0.5,True,42
early_stopping_patience,15,83,83,6,0.6101202314550226,0.6446448743343354,0.001,64,4,2,128,0.1,32,75,0.0,0.1,15,5,0.5,True,42
early_stopping_patience,15,83,83,7,0.6036011258309538,0.6380583087603251,0.001,64,4,2,128,0.1,32,75,0.0,0.1,15,5,0.5,True,42
early_stopping_patience,15,83,83,8,0.5939667680949876,0.6304676473140717,0.001,64,4,2,128,0.1,32,75,0.0,0.1,15,5,0.5,True,42
early_stopping_patience,15,83,83,9,0.579563202731537,0.6453795611858368,0.001,64,4,2,128,0.1,32,75,0.0,0.1,15,5,0.5,True,42
early_stopping_patience,15,83,83,10,0.573705732596643,0.6530096511046092,0.001,64,4,2,128,0.1,32,75,0.0,0.1,15,5,0.5,True,42
early_stopping_patience,15,83,83,11,0.5594659059336691,0.6821024417877197,0.001,64,4,2,128,0.1,32,75,0.0,0.1,15,5,0.5,True,42
early_stopping_patience,15,83,83,12,0.5483674318952994,0.7054115891456604,0.001,64,4,2,128,0.1,32,75,0.0,0.1,15,5,0.5,True,42
early_stopping_patience,15,83,83,13,0.5342683308955395,0.6493902603785197,0.001,64,4,2,128,0.1,32,75,0.0,0.1,15,5,0.5,True,42
early_stopping_patience,15,83,83,14,0.5176302955457659,0.688379148642222,0.001,64,4,2,128,0.1,32,75,0.0,0.1,15,5,0.5,True,42
early_stopping_patience,15,83,83,15,0.46697916293686087,0.7229974329471588,0.001,64,4,2,128,0.1,32,75,0.0,0.1,15,5,0.5,True,42
early_stopping_patience,15,83,83,16,0.43923663618889724,0.7612912019093832,0.001,64,4,2,128,0.1,32,75,0.0,0.1,15,5,0.5,True,42
early_stopping_patience,15,83,83,17,0.42868460263266706,0.755865478515625,0.001,64,4,2,128,0.1,32,75,0.0,0.1,15,5,0.5,True,42
early_stopping_patience,15,83,83,18,0.407282922529813,0.8366260945796966,0.001,64,4,2,128,0.1,32,75,0.0,0.1,15,5,0.5,True,42
early_stopping_patience,15,83,83,19,0.3847603112684958,0.8119121511777242,0.001,64,4,2,128,0.1,32,75,0.0,0.1,15,5,0.5,True,42
early_stopping_patience,15,83,83,20,0.3711002233127753,0.8448572059472402,0.001,64,4,2,128,0.1,32,75,0.0,0.1,15,5,0.5,True,42
early_stopping_patience,15,83,83,21,0.3183552853085778,0.986107184489568,0.001,64,4,2,128,0.1,32,75,0.0,0.1,15,5,0.5,True,42
early_stopping_patience,15,83,83,22,0.301830439630783,1.0209211548169455,0.001,64,4,2,128,0.1,32,75,0.0,0.1,15,5,0.5,True,42
early_stopping_patience,15,83,83,23,0.2894494724883275,1.072634180386861,0.001,64,4,2,128,0.1,32,75,0.0,0.1,15,5,0.5,True,42
early_stopping_patience,15,84,84,1,0.6912540648922776,0.6867279171943664,0.001,64,4,2,128,0.1,32,75,0.0,0.1,15,5,0.5,True,42
early_stopping_patience,15,84,84,2,0.6700414175337012,0.6623655041058858,0.001,64,4,2,128,0.1,32,75,0.0,0.1,15,5,0.5,True,42
early_stopping_patience,15,84,84,3,0.652754313566468,0.6488519191741944,0.001,64,4,2,128,0.1,32,75,0.0,0.1,15,5,0.5,True,42
early_stopping_patience,15,84,84,4,0.6455205593145255,0.6314340849717458,0.001,64,4,2,128,0.1,32,75,0.0,0.1,15,5,0.5,True,42
early_stopping_patience,15,84,84,5,0.6231631458257184,0.6374481678009033,0.001,64,4,2,128,0.1,32,75,0.0,0.1,15,5,0.5,True,42
early_stopping_patience,15,84,84,6,0.6134537088148522,0.6259404619534811,0.001,64,4,2,128,0.1,32,75,0.0,0.1,15,5,0.5,True,42
early_stopping_patience,15,84,84,7,0.6059128064097781,0.624126273393631,0.001,64,4,2,128,0.1,32,75,0.0,0.1,15,5,0.5,True,42
early_stopping_patience,15,84,84,8,0.5960243504607317,0.6619009455045064,0.001,64,4,2,128,0.1,32,75,0.0,0.1,15,5,0.5,True,42
early_stopping_patience,15,84,84,9,0.5836944957122658,0.6422115325927734,0.001,64,4,2,128,0.1,32,75,0.0,0.1,15,5,0.5,True,42
early_stopping_patience,15,84,84,10,0.5781580419702963,0.6405789653460184,0.001,64,4,2,128,0.1,32,75,0.0,0.1,15,5,0.5,True,42
early_stopping_patience,15,84,84,11,0.5670523309346401,0.6358871817588806,0.001,64,4,2,128,0.1,32,75,0.0,0.1,15,5,0.5,True,42
early_stopping_patience,15,84,84,12,0.5535263669761744,0.6567770997683208,0.001,64,4,2,128,0.1,32,75,0.0,0.1,15,5,0.5,True,42
early_stopping_patience,15,84,84,13,0.5355404577020443,0.638738199075063,0.001,64,4,2,128,0.1,32,75,0.0,0.1,15,5,0.5,True,42
early_stopping_patience,15,84,84,14,0.49591291108817764,0.6885782202084859,0.001,64,4,2,128,0.1,32,75,0.0,0.1,15,5,0.5,True,42
early_stopping_patience,15,84,84,15,0.4800373270656123,0.7051777482032776,0.001,64,4,2,128,0.1,32,75,0.0,0.1,15,5,0.5,True,42
early_stopping_patience,15,84,84,16,0.4546467616702571,0.6928912838300069,0.001,64,4,2,128,0.1,32,75,0.0,0.1,15,5,0.5,True,42
early_stopping_patience,15,84,84,17,0.43280634554949676,0.7438866257667541,0.001,64,4,2,128,0.1,32,75,0.0,0.1,15,5,0.5,True,42
early_stopping_patience,15,84,84,18,0.4214604280211709,0.8021456797917684,0.001,64,4,2,128,0.1,32,75,0.0,0.1,15,5,0.5,True,42
early_stopping_patience,15,84,84,19,0.4058352852183761,0.8382714847723644,0.001,64,4,2,128,0.1,32,75,0.0,0.1,15,5,0.5,True,42
early_stopping_patience,15,84,84,20,0.3600161090267427,0.8876664121945699,0.001,64,4,2,128,0.1,32,75,0.0,0.1,15,5,0.5,True,42
early_stopping_patience,15,84,84,21,0.34682195554628514,0.9516704142093658,0.001,64,4,2,128,0.1,32,75,0.0,0.1,15,5,0.5,True,42
early_stopping_patience,15,84,84,22,0.33489738122531865,0.9646146814028422,0.001,64,4,2,128,0.1,32,75,0.0,0.1,15,5,0.5,True,42
early_stopping_patience,15,85,85,1,0.6906519541234681,0.6796330332756042,0.001,64,4,2,128,0.1,32,75,0.0,0.1,15,5,0.5,True,42
early_stopping_patience,15,85,85,2,0.6625618067654696,0.649647996822993,0.001,64,4,2,128,0.1,32,75,0.0,0.1,15,5,0.5,True,42
early_stopping_patience,15,85,85,3,0.6430914469740607,0.6257842580477396,0.001,64,4,2,128,0.1,32,75,0.0,0.1,15,5,0.5,True,42
early_stopping_patience,15,85,85,4,0.6312143147894831,0.6646493097146352,0.001,64,4,2,128,0.1,32,75,0.0,0.1,15,5,0.5,True,42
early_stopping_patience,15,85,85,5,0.6227361354412455,0.6295665363470714,0.001,64,4,2,128,0.1,32,75,0.0,0.1,15,5,0.5,True,42
early_stopping_patience,15,85,85,6,0.6102752967765837,0.617137614885966,0.001,64,4,2,128,0.1,32,75,0.0,0.1,15,5,0.5,True,42
early_stopping_patience,15,85,85,7,0.6063732046521071,0.6153047800064086,0.001,64,4,2,128,0.1,32,75,0.0,0.1,15,5,0.5,True,42
early_stopping_patience,15,85,85,8,0.6069316374081554,0.6090652585029602,0.001,64,4,2,128,0.1,32,75,0.0,0.1,15,5,0.5,True,42
early_stopping_patience,15,85,85,9,0.5843866225896459,0.6089219927787781,0.001,64,4,2,128,0.1,32,75,0.0,0.1,15,5,0.5,True,42
early_stopping_patience,15,85,85,10,0.5721254962863345,0.626979386806488,0.001,64,4,2,128,0.1,32,75,0.0,0.1,15,5,0.5,True,42
early_stopping_patience,15,85,85,11,0.5737782111673644,0.6093176027139028,0.001,64,4,2,128,0.1,32,75,0.0,0.1,15,5,0.5,True,42
early_stopping_patience,15,85,85,12,0.5525165782733397,0.6050645033518474,0.001,64,4,2,128,0.1,32,75,0.0,0.1,15,5,0.5,True,42
early_stopping_patience,15,85,85,13,0.5378604921879191,0.6393781542778015,0.001,64,4,2,128,0.1,32,75,0.0,0.1,15,5,0.5,True,42
early_stopping_patience,15,85,85,14,0.5281826718287035,0.6593211015065511,0.001,64,4,2,128,0.1,32,75,0.0,0.1,15,5,0.5,True,42
early_stopping_patience,15,85,85,15,0.5160422203215685,0.6378136773904165,0.001,64,4,2,128,0.1,32,75,0.0,0.1,15,5,0.5,True,42
early_stopping_patience,15,85,85,16,0.48634940724481235,0.6547212223211925,0.001,64,4,2,128,0.1,32,75,0.0,0.1,15,5,0.5,True,42
early_stopping_patience,15,85,85,17,0.47772452731927234,0.6830777049064636,0.001,64,4,2,128,0.1,32,75,0.0,0.1,15,5,0.5,True,42
early_stopping_patience,15,85,85,18,0.45461849416747235,0.7108375390370687,0.001,64,4,2,128,0.1,32,75,0.0,0.1,15,5,0.5,True,42
early_stopping_patience,15,85,85,19,0.3819039926835985,0.7862547278404236,0.001,64,4,2,128,0.1,32,75,0.0,0.1,15,5,0.5,True,42
early_stopping_patience,15,85,85,20,0.35863497108221054,0.7410429080327352,0.001,64,4,2,128,0.1,32,75,0.0,0.1,15,5,0.5,True,42
early_stopping_patience,15,85,85,21,0.33345280158700363,0.7978281418482462,0.001,64,4,2,128,0.1,32,75,0.0,0.1,15,5,0.5,True,42
early_stopping_patience,15,85,85,22,0.31732959695386165,0.8795070250829061,0.001,64,4,2,128,0.1,32,75,0.0,0.1,15,5,0.5,True,42
early_stopping_patience,15,85,85,23,0.30789650784748973,0.8634889860947926,0.001,64,4,2,128,0.1,32,75,0.0,0.1,15,5,0.5,True,42
early_stopping_patience,15,85,85,24,0.28018529397068603,0.9316992441813151,0.001,64,4,2,128,0.1,32,75,0.0,0.1,15,5,0.5,True,42
early_stopping_patience,15,85,85,25,0.23364242990360115,0.9766885757446289,0.001,64,4,2,128,0.1,32,75,0.0,0.1,15,5,0.5,True,42
early_stopping_patience,15,85,85,26,0.22709888716538748,1.0502755363782248,0.001,64,4,2,128,0.1,32,75,0.0,0.1,15,5,0.5,True,42
early_stopping_patience,15,85,85,27,0.21346383987728393,1.080152940750122,0.001,64,4,2,128,0.1,32,75,0.0,0.1,15,5,0.5,True,42
early_stopping_patience,15,86,86,1,0.6872134366721818,0.6747820933659872,0.001,64,4,2,128,0.1,32,75,0.0,0.1,15,5,0.5,True,42
early_stopping_patience,15,86,86,2,0.656469879728375,0.6609042406082153,0.001,64,4,2,128,0.1,32,75,0.0,0.1,15,5,0.5,True,42
early_stopping_patience,15,86,86,3,0.6608938163880146,0.6513366023699443,0.001,64,4,2,128,0.1,32,75,0.0,0.1,15,5,0.5,True,42
early_stopping_patience,15,86,86,4,0.6428448115334366,0.64994970758756,0.001,64,4,2,128,0.1,32,75,0.0,0.1,15,5,0.5,True,42
early_stopping_patience,15,86,86,5,0.626084104180336,0.6909154176712036,0.001,64,4,2,128,0.1,32,75,0.0,0.1,15,5,0.5,True,42
early_stopping_patience,15,86,86,6,0.6179212627537323,0.6531550943851471,0.001,64,4,2,128,0.1,32,75,0.0,0.1,15,5,0.5,True,42
early_stopping_patience,15,86,86,7,0.6154406930912625,0.6659971912701924,0.001,64,4,2,128,0.1,32,75,0.0,0.1,15,5,0.5,True,42
early_stopping_patience,15,86,86,8,0.5961584159822175,0.6864992300669353,0.001,64,4,2,128,0.1,32,75,0.0,0.1,15,5,0.5,True,42
early_stopping_patience,15,86,86,9,0.5949291738145279,0.6721919059753418,0.001,64,4,2,128,0.1,32,75,0.0,0.1,15,5,0.5,True,42
early_stopping_patience,15,86,86,10,0.5809008059176531,0.684020193417867,0.001,64,4,2,128,0.1,32,75,0.0,0.1,15,5,0.5,True,42
early_stopping_patience,15,86,86,11,0.5568377511067824,0.6712948222955067,0.001,64,4,2,128,0.1,32,75,0.0,0.1,15,5,0.5,True,42
early_stopping_patience,15,86,86,12,0.5378748273307626,0.6648060341676076,0.001,64,4,2,128,0.1,32,75,0.0,0.1,15,5,0.5,True,42
early_stopping_patience,15,86,86,13,0.5237010096510252,0.6969520469506582,0.001,64,4,2,128,0.1,32,75,0.0,0.1,15,5,0.5,True,42
early_stopping_patience,15,86,86,14,0.523306920672908,0.6817234496275584,0.001,64,4,2,128,0.1,32,75,0.0,0.1,15,5,0.5,True,42
early_stopping_patience,15,86,86,15,0.5056897869164293,0.7753694136937459,0.001,64,4,2,128,0.1,32,75,0.0,0.1,15,5,0.5,True,42
early_stopping_patience,15,86,86,16,0.4801618991927667,0.7617152194182079,0.001,64,4,2,128,0.1,32,75,0.0,0.1,15,5,0.5,True,42
early_stopping_patience,15,86,86,17,0.4537149200385267,0.7843402743339538,0.001,64,4,2,128,0.1,32,75,0.0,0.1,15,5,0.5,True,42
early_stopping_patience,15,86,86,18,0.43218266196323163,0.7795734445254008,0.001,64,4,2,128,0.1,32,75,0.0,0.1,15,5,0.5,True,42
early_stopping_patience,15,86,86,19,0.4230673269114711,0.8062773108482361,0.001,64,4,2,128,0.1,32,75,0.0,0.1,15,5,0.5,True,42
early_stopping_patience,15,87,87,1,0.6881676668470557,0.6772176702817281,0.001,64,4,2,128,0.1,32,75,0.0,0.1,15,5,0.5,True,42
early_stopping_patience,15,87,87,2,0.6600057685917075,0.6458804329236348,0.001,64,4,2,128,0.1,32,75,0.0,0.1,15,5,0.5,True,42
early_stopping_patience,15,87,87,3,0.6357026499780741,0.6421615719795227,0.001,64,4,2,128,0.1,32,75,0.0,0.1,15,5,0.5,True,42
early_stopping_patience,15,87,87,4,0.632597981077252,0.6342285772164663,0.001,64,4,2,128,0.1,32,75,0.0,0.1,15,5,0.5,True,42
early_stopping_patience,15,87,87,5,0.6139155319242766,0.6322551866372427,0.001,64,4,2,128,0.1,32,75,0.0,0.1,15,5,0.5,True,42
early_stopping_patience,15,87,87,6,0.6011937174833182,0.6796900610129039,0.001,64,4,2,128,0.1,32,75,0.0,0.1,15,5,0.5,True,42
early_stopping_patience,15,87,87,7,0.5971888373747016,0.6241829593976339,0.001,64,4,2,128,0.1,32,75,0.0,0.1,15,5,0.5,True,42
early_stopping_patience,15,87,87,8,0.5907111617200302,0.6279134412606557,0.001,64,4,2,128,0.1,32,75,0.0,0.1,15,5,0.5,True,42
early_stopping_patience,15,87,87,9,0.5759263413422036,0.6287536064783732,0.001,64,4,2,128,0.1,32,75,0.0,0.1,15,5,0.5,True,42
early_stopping_patience,15,87,87,10,0.5641220342932325,0.7191504875818888,0.001,64,4,2,128,0.1,32,75,0.0,0.1,15,5,0.5,True,42
early_stopping_patience,15,87,87,11,0.5492059057860663,0.6627392609914143,0.001,64,4,2,128,0.1,32,75,0.0,0.1,15,5,0.5,True,42
early_stopping_patience,15,87,87,12,0.549686815702554,0.6479498386383057,0.001,64,4,2,128,0.1,32,75,0.0,0.1,15,5,0.5,True,42
early_stopping_patience,15,87,87,13,0.5251027645938324,0.6867154995600383,0.001,64,4,2,128,0.1,32,75,0.0,0.1,15,5,0.5,True,42
early_stopping_patience,15,87,87,14,0.47438449412584305,0.7082222978274028,0.001,64,4,2,128,0.1,32,75,0.0,0.1,15,5,0.5,True,42
early_stopping_patience,15,87,87,15,0.45421505437204335,0.7504630208015441,0.001,64,4,2,128,0.1,32,75,0.0,0.1,15,5,0.5,True,42
early_stopping_patience,15,87,87,16,0.43740152849844005,0.7687779128551483,0.001,64,4,2,128,0.1,32,75,0.0,0.1,15,5,0.5,True,42
early_stopping_patience,15,87,87,17,0.41297783544569305,0.7885981480280558,0.001,64,4,2,128,0.1,32,75,0.0,0.1,15,5,0.5,True,42
early_stopping_patience,15,87,87,18,0.39571448788046837,0.824220597743988,0.001,64,4,2,128,0.1,32,75,0.0,0.1,15,5,0.5,True,42
early_stopping_patience,15,87,87,19,0.38751588344122423,0.8834227820237478,0.001,64,4,2,128,0.1,32,75,0.0,0.1,15,5,0.5,True,42
early_stopping_patience,15,87,87,20,0.3354914565429543,0.9419686357180278,0.001,64,4,2,128,0.1,32,75,0.0,0.1,15,5,0.5,True,42
early_stopping_patience,15,87,87,21,0.31473543105477636,1.02831721107165,0.001,64,4,2,128,0.1,32,75,0.0,0.1,15,5,0.5,True,42
early_stopping_patience,15,87,87,22,0.30746920683392975,1.0505393465360007,0.001,64,4,2,128,0.1,32,75,0.0,0.1,15,5,0.5,True,42
early_stopping_patience,15,88,88,1,0.7013933776002942,0.680605697631836,0.001,64,4,2,128,0.1,32,75,0.0,0.1,15,5,0.5,True,42
early_stopping_patience,15,88,88,2,0.6803944368254055,0.6683569749196371,0.001,64,4,2,128,0.1,32,75,0.0,0.1,15,5,0.5,True,42
early_stopping_patience,15,88,88,3,0.6585125363234318,0.662385352452596,0.001,64,4,2,128,0.1,32,75,0.0,0.1,15,5,0.5,True,42
early_stopping_patience,15,88,88,4,0.6449125187866616,0.6680710633595784,0.001,64,4,2,128,0.1,32,75,0.0,0.1,15,5,0.5,True,42
early_stopping_patience,15,88,88,5,0.6281708214770664,0.6846085925896962,0.001,64,4,2,128,0.1,32,75,0.0,0.1,15,5,0.5,True,42
early_stopping_patience,15,88,88,6,0.6240069703622297,0.6404807488123576,0.001,64,4,2,128,0.1,32,75,0.0,0.1,15,5,0.5,True,42
early_stopping_patience,15,88,88,7,0.6044360785321756,0.6470303237438202,0.001,64,4,2,128,0.1,32,75,0.0,0.1,15,5,0.5,True,42
early_stopping_patience,15,88,88,8,0.6005286149906389,0.6678740978240967,0.001,64,4,2,128,0.1,32,75,0.0,0.1,15,5,0.5,True,42
early_stopping_patience,15,88,88,9,0.5916380769375599,0.6858501553535461,0.001,64,4,2,128,0.1,32,75,0.0,0.1,15,5,0.5,True,42
early_stopping_patience,15,88,88,10,0.5826923406936906,0.6703390518824259,0.001,64,4,2,128,0.1,32,75,0.0,0.1,15,5,0.5,True,42
early_stopping_patience,15,88,88,11,0.5795328452280073,0.6561037182807923,0.001,64,4,2,128,0.1,32,75,0.0,0.1,15,5,0.5,True,42
early_stopping_patience,15,88,88,12,0.5590909484660986,0.6914359410603841,0.001,64,4,2,128,0.1,32,75,0.0,0.1,15,5,0.5,True,42
early_stopping_patience,15,88,88,13,0.5207728720975645,0.6986176987489064,0.001,64,4,2,128,0.1,32,75,0.0,0.1,15,5,0.5,True,42
early_stopping_patience,15,88,88,14,0.5131539174101569,0.6828844984372456,0.001,64,4,2,128,0.1,32,75,0.0,0.1,15,5,0.5,True,42
early_stopping_patience,15,88,88,15,0.47976807324272214,0.78390105565389,0.001,64,4,2,128,0.1,32,75,0.0,0.1,15,5,0.5,True,42
early_stopping_patience,15,88,88,16,0.46825429345622205,0.7478935877482097,0.001,64,4,2,128,0.1,32,75,0.0,0.1,15,5,0.5,True,42
early_stopping_patience,15,88,88,17,0.4484046218973218,0.7723355253537496,0.001,64,4,2,128,0.1,32,75,0.0,0.1,15,5,0.5,True,42
early_stopping_patience,15,88,88,18,0.4438603554259647,0.8041599154472351,0.001,64,4,2,128,0.1,32,75,0.0,0.1,15,5,0.5,True,42
early_stopping_patience,15,88,88,19,0.3959279858478994,0.823219116528829,0.001,64,4,2,128,0.1,32,75,0.0,0.1,15,5,0.5,True,42
early_stopping_patience,15,88,88,20,0.3729644152476932,0.84824697971344,0.001,64,4,2,128,0.1,32,75,0.0,0.1,15,5,0.5,True,42
early_stopping_patience,15,88,88,21,0.3705270250864101,0.8591274499893189,0.001,64,4,2,128,0.1,32,75,0.0,0.1,15,5,0.5,True,42
early_stopping_patience,15,89,89,1,0.6954369644323984,0.6888710379600524,0.001,64,4,2,128,0.1,32,75,0.0,0.1,15,5,0.5,True,42
early_stopping_patience,15,89,89,2,0.6703239182631174,0.6615904808044434,0.001,64,4,2,128,0.1,32,75,0.0,0.1,15,5,0.5,True,42
early_stopping_patience,15,89,89,3,0.6467718515883792,0.6490327517191569,0.001,64,4,2,128,0.1,32,75,0.0,0.1,15,5,0.5,True,42
early_stopping_patience,15,89,89,4,0.6343878480521116,0.62305113474528,0.001,64,4,2,128,0.1,32,75,0.0,0.1,15,5,0.5,True,42
early_stopping_patience,15,89,89,5,0.6157024430506157,0.6651122033596039,0.001,64,4,2,128,0.1,32,75,0.0,0.1,15,5,0.5,True,42
early_stopping_patience,15,89,89,6,0.6166289042342793,0.6250788132349651,0.001,64,4,2,128,0.1,32,75,0.0,0.1,15,5,0.5,True,42
early_stopping_patience,15,89,89,7,0.6093921002113458,0.6545372307300568,0.001,64,4,2,128,0.1,32,75,0.0,0.1,15,5,0.5,True,42
early_stopping_patience,15,89,89,8,0.6055137031909191,0.614586991071701,0.001,64,4,2,128,0.1,32,75,0.0,0.1,15,5,0.5,True,42
early_stopping_patience,15,89,89,9,0.5934996042739261,0.6140357236067454,0.001,64,4,2,128,0.1,32,75,0.0,0.1,15,5,0.5,True,42
early_stopping_patience,15,89,89,10,0.5849379578774626,0.6181382238864899,0.001,64,4,2,128,0.1,32,75,0.0,0.1,15,5,0.5,True,42
early_stopping_patience,15,89,89,11,0.5749707264882146,0.6474663575490316,0.001,64,4,2,128,0.1,32,75,0.0,0.1,15,5,0.5,True,42
early_stopping_patience,15,89,89,12,0.558893551654888,0.6429592827955882,0.001,64,4,2,128,0.1,32,75,0.0,0.1,15,5,0.5,True,42
early_stopping_patience,15,89,89,13,0.552761688376918,0.6291473786036174,0.001,64,4,2,128,0.1,32,75,0.0,0.1,15,5,0.5,True,42
early_stopping_patience,15,89,89,14,0.5356135208046797,0.659858226776123,0.001,64,4,2,128,0.1,32,75,0.0,0.1,15,5,0.5,True,42
early_stopping_patience,15,89,89,15,0.5232437447164998,0.6657243649164836,0.001,64,4,2,128,0.1,32,75,0.0,0.1,15,5,0.5,True,42
early_stopping_patience,15,89,89,16,0.4721233675425703,0.7038001358509064,0.001,64,4,2,128,0.1,32,75,0.0,0.1,15,5,0.5,True,42
early_stopping_patience,15,89,89,17,0.4599037603898482,0.707737821340561,0.001,64,4,2,128,0.1,32,75,0.0,0.1,15,5,0.5,True,42
early_stopping_patience,15,89,89,18,0.43888168274001643,0.7840508997440339,0.001,64,4,2,128,0.1,32,75,0.0,0.1,15,5,0.5,True,42
early_stopping_patience,15,89,89,19,0.42942010272632947,0.7466976682345072,0.001,64,4,2,128,0.1,32,75,0.0,0.1,15,5,0.5,True,42
early_stopping_patience,15,89,89,20,0.39972610399127007,0.816896915435791,0.001,64,4,2,128,0.1,32,75,0.0,0.1,15,5,0.5,True,42
early_stopping_patience,15,89,89,21,0.40037915675026,0.858473684390386,0.001,64,4,2,128,0.1,32,75,0.0,0.1,15,5,0.5,True,42
early_stopping_patience,15,89,89,22,0.3480923084372824,0.8798430363337199,0.001,64,4,2,128,0.1,32,75,0.0,0.1,15,5,0.5,True,42
early_stopping_patience,15,89,89,23,0.31554019456785737,0.9854710221290588,0.001,64,4,2,128,0.1,32,75,0.0,0.1,15,5,0.5,True,42
early_stopping_patience,15,89,89,24,0.3173573934896426,0.9532353321711222,0.001,64,4,2,128,0.1,32,75,0.0,0.1,15,5,0.5,True,42
early_stopping_patience,15,90,90,1,0.7005193517966704,0.6787252227465311,0.001,64,4,2,128,0.1,32,75,0.0,0.1,15,5,0.5,True,42
early_stopping_patience,15,90,90,2,0.6568654757557493,0.6511061330636342,0.001,64,4,2,128,0.1,32,75,0.0,0.1,15,5,0.5,True,42
early_stopping_patience,15,90,90,3,0.6413059336217967,0.6162317514419555,0.001,64,4,2,128,0.1,32,75,0.0,0.1,15,5,0.5,True,42
early_stopping_patience,15,90,90,4,0.6326639187155347,0.6247889935970307,0.001,64,4,2,128,0.1,32,75,0.0,0.1,15,5,0.5,True,42
early_stopping_patience,15,90,90,5,0.6152857867154208,0.6380794068177541,0.001,64,4,2,128,0.1,32,75,0.0,0.1,15,5,0.5,True,42
early_stopping_patience,15,90,90,6,0.6086216415419723,0.6082904557387034,0.001,64,4,2,128,0.1,32,75,0.0,0.1,15,5,0.5,True,42
early_stopping_patience,15,90,90,7,0.6013712499177817,0.6355799893538158,0.001,64,4,2,128,0.1,32,75,0.0,0.1,15,5,0.5,True,42
early_stopping_patience,15,90,90,8,0.5944551581686194,0.6354952732721965,0.001,64,4,2,128,0.1,32,75,0.0,0.1,15,5,0.5,True,42
early_stopping_patience,15,90,90,9,0.5821019652666468,0.6433056553204854,0.001,64,4,2,128,0.1,32,75,0.0,0.1,15,5,0.5,True,42
early_stopping_patience,15,90,90,10,0.564880786294287,0.6356116493542989,0.001,64,4,2,128,0.1,32,75,0.0,0.1,15,5,0.5,True,42
early_stopping_patience,15,90,90,11,0.5560428556619268,0.6733884513378143,0.001,64,4,2,128,0.1,32,75,0.0,0.1,15,5,0.5,True,42
early_stopping_patience,15,90,90,12,0.5395671601096789,0.7161207854747772,0.001,64,4,2,128,0.1,32,75,0.0,0.1,15,5,0.5,True,42
early_stopping_patience,15,90,90,13,0.4973843199285594,0.7237206836541493,0.001,64,4,2,128,0.1,32,75,0.0,0.1,15,5,0.5,True,42
early_stopping_patience,15,90,90,14,0.4759972352873195,0.730761855840683,0.001,64,4,2,128,0.1,32,75,0.0,0.1,15,5,0.5,True,42
early_stopping_patience,15,90,90,15,0.4547049460763281,0.8053528885046641,0.001,64,4,2,128,0.1,32,75,0.0,0.1,15,5,0.5,True,42
early_stopping_patience,15,90,90,16,0.43594904977715376,0.793619034687678,0.001,64,4,2,128,0.1,32,75,0.0,0.1,15,5,0.5,True,42
early_stopping_patience,15,90,90,17,0.4075343550154657,0.8175423204898834,0.001,64,4,2,128,0.1,32,75,0.0,0.1,15,5,0.5,True,42
early_stopping_patience,15,90,90,18,0.3976748263971372,0.8369408031304677,0.001,64,4,2,128,0.1,32,75,0.0,0.1,15,5,0.5,True,42
early_stopping_patience,15,90,90,19,0.36427187851884146,0.8924289802710216,0.001,64,4,2,128,0.1,32,75,0.0,0.1,15,5,0.5,True,42
early_stopping_patience,15,90,90,20,0.33740530580733763,0.9401029447714487,0.001,64,4,2,128,0.1,32,75,0.0,0.1,15,5,0.5,True,42
early_stopping_patience,15,90,90,21,0.32999950274825096,1.0181305329004924,0.001,64,4,2,128,0.1,32,75,0.0,0.1,15,5,0.5,True,42
early_stopping_patience,15,91,91,1,0.6930806957411043,0.697400160630544,0.001,64,4,2,128,0.1,32,75,0.0,0.1,15,5,0.5,True,42
early_stopping_patience,15,91,91,2,0.6663876510027683,0.6765764733155568,0.001,64,4,2,128,0.1,32,75,0.0,0.1,15,5,0.5,True,42
early_stopping_patience,15,91,91,3,0.645320657527808,0.6370567679405212,0.001,64,4,2,128,0.1,32,75,0.0,0.1,15,5,0.5,True,42
early_stopping_patience,15,91,91,4,0.6273050944913517,0.6216808398564656,0.001,64,4,2,128,0.1,32,75,0.0,0.1,15,5,0.5,True,42
early_stopping_patience,15,91,91,5,0.6172136770504894,0.6142526229222616,0.001,64,4,2,128,0.1,32,75,0.0,0.1,15,5,0.5,True,42
early_stopping_patience,15,91,91,6,0.6125344024463133,0.6183015127976735,0.001,64,4,2,128,0.1,32,75,0.0,0.1,15,5,0.5,True,42
early_stopping_patience,15,91,91,7,0.6009063133687684,0.6348157445589702,0.001,64,4,2,128,0.1,32,75,0.0,0.1,15,5,0.5,True,42
early_stopping_patience,15,91,91,8,0.5881423923102292,0.618026598294576,0.001,64,4,2,128,0.1,32,75,0.0,0.1,15,5,0.5,True,42
early_stopping_patience,15,91,91,9,0.5849159942431883,0.6292666614055633,0.001,64,4,2,128,0.1,32,75,0.0,0.1,15,5,0.5,True,42
early_stopping_patience,15,91,91,10,0.5645160927917018,0.6687736610571543,0.001,64,4,2,128,0.1,32,75,0.0,0.1,15,5,0.5,True,42
early_stopping_patience,15,91,91,11,0.5604026906869628,0.6304245193799337,0.001,64,4,2,128,0.1,32,75,0.0,0.1,15,5,0.5,True,42
early_stopping_patience,15,91,91,12,0.5167445809100614,0.652499794960022,0.001,64,4,2,128,0.1,32,75,0.0,0.1,15,5,0.5,True,42
early_stopping_patience,15,91,91,13,0.4926639027667768,0.671118172009786,0.001,64,4,2,128,0.1,32,75,0.0,0.1,15,5,0.5,True,42
early_stopping_patience,15,91,91,14,0.47023754183090094,0.709963850180308,0.001,64,4,2,128,0.1,32,75,0.0,0.1,15,5,0.5,True,42
early_stopping_patience,15,91,91,15,0.4545913106112769,0.7680326700210571,0.001,64,4,2,128,0.1,32,75,0.0,0.1,15,5,0.5,True,42
early_stopping_patience,15,91,91,16,0.442097277126529,0.7644876519838969,0.001,64,4,2,128,0.1,32,75,0.0,0.1,15,5,0.5,True,42
early_stopping_patience,15,91,91,17,0.4297866149607933,0.7605910678704579,0.001,64,4,2,128,0.1,32,75,0.0,0.1,15,5,0.5,True,42
early_stopping_patience,15,91,91,18,0.3750693510201844,0.8210156917572021,0.001,64,4,2,128,0.1,32,75,0.0,0.1,15,5,0.5,True,42
early_stopping_patience,15,91,91,19,0.35309233313257044,0.8632518529891968,0.001,64,4,2,128,0.1,32,75,0.0,0.1,15,5,0.5,True,42
early_stopping_patience,15,91,91,20,0.34000636129216716,0.8704849620660146,0.001,64,4,2,128,0.1,32,75,0.0,0.1,15,5,0.5,True,42
early_stopping_patience,15,92,92,1,0.6864423340920246,0.685473096370697,0.001,64,4,2,128,0.1,32,75,0.0,0.1,15,5,0.5,True,42
early_stopping_patience,15,92,92,2,0.6577376583308885,0.6528902967770894,0.001,64,4,2,128,0.1,32,75,0.0,0.1,15,5,0.5,True,42
early_stopping_patience,15,92,92,3,0.6369967532880378,0.642885688940684,0.001,64,4,2,128,0.1,32,75,0.0,0.1,15,5,0.5,True,42
early_stopping_patience,15,92,92,4,0.6239496198567477,0.6477831383546193,0.001,64,4,2,128,0.1,32,75,0.0,0.1,15,5,0.5,True,42
early_stopping_patience,15,92,92,5,0.6104382224606745,0.6442283590634664,0.001,64,4,2,128,0.1,32,75,0.0,0.1,15,5,0.5,True,42
early_stopping_patience,15,92,92,6,0.6049319386030688,0.6488936483860016,0.001,64,4,2,128,0.1,32,75,0.0,0.1,15,5,0.5,True,42
early_stopping_patience,15,92,92,7,0.5895424254915931,0.665574832757314,0.001,64,4,2,128,0.1,32,75,0.0,0.1,15,5,0.5,True,42
early_stopping_patience,15,92,92,8,0.583617704835805,0.6414613385995229,0.001,64,4,2,128,0.1,32,75,0.0,0.1,15,5,0.5,True,42
early_stopping_patience,15,92,92,9,0.5702308531511914,0.6432217657566071,0.001,64,4,2,128,0.1,32,75,0.0,0.1,15,5,0.5,True,42
early_stopping_patience,15,92,92,10,0.5697036141699011,0.7045307159423828,0.001,64,4,2,128,0.1,32,75,0.0,0.1,15,5,0.5,True,42
early_stopping_patience,15,92,92,11,0.5597597636056669,0.6607227106889089,0.001,64,4,2,128,0.1,32,75,0.0,0.1,15,5,0.5,True,42
early_stopping_patience,15,92,92,12,0.5304686515168711,0.693010558684667,0.001,64,4,2,128,0.1,32,75,0.0,0.1,15,5,0.5,True,42
early_stopping_patience,15,92,92,13,0.5300037176771597,0.6683088103930156,0.001,64,4,2,128,0.1,32,75,0.0,0.1,15,5,0.5,True,42
early_stopping_patience,15,92,92,14,0.49926837477268593,0.7268289923667908,0.001,64,4,2,128,0.1,32,75,0.0,0.1,15,5,0.5,True,42
early_stopping_patience,15,92,92,15,0.4548894638816516,0.716532289981842,0.001,64,4,2,128,0.1,32,75,0.0,0.1,15,5,0.5,True,42
early_stopping_patience,15,92,92,16,0.4203763639159275,0.8054047564665476,0.001,64,4,2,128,0.1,32,75,0.0,0.1,15,5,0.5,True,42
early_stopping_patience,15,92,92,17,0.395628958940506,0.8616883516311645,0.001,64,4,2,128,0.1,32,75,0.0,0.1,15,5,0.5,True,42
early_stopping_patience,15,92,92,18,0.3840990559847066,0.8698684891064962,0.001,64,4,2,128,0.1,32,75,0.0,0.1,15,5,0.5,True,42
early_stopping_patience,15,92,92,19,0.36596814023725915,0.873633337020874,0.001,64,4,2,128,0.1,32,75,0.0,0.1,15,5,0.5,True,42
early_stopping_patience,15,92,92,20,0.35968258672139863,1.001578187942505,0.001,64,4,2,128,0.1,32,75,0.0,0.1,15,5,0.5,True,42
early_stopping_patience,15,92,92,21,0.30704008708849095,0.978040095170339,0.001,64,4,2,128,0.1,32,75,0.0,0.1,15,5,0.5,True,42
early_stopping_patience,15,92,92,22,0.279423627494411,1.0914140621821085,0.001,64,4,2,128,0.1,32,75,0.0,0.1,15,5,0.5,True,42
early_stopping_patience,15,92,92,23,0.2753580512874054,1.1274321913719176,0.001,64,4,2,128,0.1,32,75,0.0,0.1,15,5,0.5,True,42
early_stopping_patience,15,93,93,1,0.6976291903040626,0.7042089502016703,0.001,64,4,2,128,0.1,32,75,0.0,0.1,15,5,0.5,True,42
early_stopping_patience,15,93,93,2,0.6667449298230085,0.6670409719149272,0.001,64,4,2,128,0.1,32,75,0.0,0.1,15,5,0.5,True,42
early_stopping_patience,15,93,93,3,0.6414105278072935,0.7399273494879405,0.001,64,4,2,128,0.1,32,75,0.0,0.1,15,5,0.5,True,42
early_stopping_patience,15,93,93,4,0.634208623658527,0.6390181223551432,0.001,64,4,2,128,0.1,32,75,0.0,0.1,15,5,0.5,True,42
early_stopping_patience,15,93,93,5,0.6197856294386315,0.6853023707866669,0.001,64,4,2,128,0.1,32,75,0.0,0.1,15,5,0.5,True,42
early_stopping_patience,15,93,93,6,0.6084382084734512,0.6562983433405558,0.001,64,4,2,128,0.1,32,75,0.0,0.1,15,5,0.5,True,42
early_stopping_patience,15,93,93,7,0.5974776279745679,0.6463018774986267,0.001,64,4,2,128,0.1,32,75,0.0,0.1,15,5,0.5,True,42
early_stopping_patience,15,93,93,8,0.5907966219114534,0.6616604050000509,0.001,64,4,2,128,0.1,32,75,0.0,0.1,15,5,0.5,True,42
early_stopping_patience,15,93,93,9,0.5826465322664289,0.6497752706209818,0.001,64,4,2,128,0.1,32,75,0.0,0.1,15,5,0.5,True,42
early_stopping_patience,15,93,93,10,0.5654902932318774,0.6594808598359426,0.001,64,4,2,128,0.1,32,75,0.0,0.1,15,5,0.5,True,42
early_stopping_patience,15,93,93,11,0.5343571366234259,0.6439899861812591,0.001,64,4,2,128,0.1,32,75,0.0,0.1,15,5,0.5,True,42
early_stopping_patience,15,93,93,12,0.5186415725585186,0.6799588561058044,0.001,64,4,2,128,0.1,32,75,0.0,0.1,15,5,0.5,True,42
early_stopping_patience,15,93,93,13,0.4966670940771247,0.7021548171838125,0.001,64,4,2,128,0.1,32,75,0.0,0.1,15,5,0.5,True,42
early_stopping_patience,15,93,93,14,0.47314106063409284,0.7019986907641093,0.001,64,4,2,128,0.1,32,75,0.0,0.1,15,5,0.5,True,42
early_stopping_patience,15,93,93,15,0.4631300697272474,0.7465945978959402,0.001,64,4,2,128,0.1,32,75,0.0,0.1,15,5,0.5,True,42
early_stopping_patience,15,93,93,16,0.43139581054900633,0.7531492471694946,0.001,64,4,2,128,0.1,32,75,0.0,0.1,15,5,0.5,True,42
early_stopping_patience,15,93,93,17,0.389419558260477,0.8007083296775818,0.001,64,4,2,128,0.1,32,75,0.0,0.1,15,5,0.5,True,42
early_stopping_patience,15,93,93,18,0.368185666474429,0.8368148346741994,0.001,64,4,2,128,0.1,32,75,0.0,0.1,15,5,0.5,True,42
early_stopping_patience,15,93,93,19,0.3583076952984839,0.8878996769587199,0.001,64,4,2,128,0.1,32,75,0.0,0.1,15,5,0.5,True,42
early_stopping_patience,15,94,94,1,0.6999058578953599,0.6784776329994202,0.001,64,4,2,128,0.1,32,75,0.0,0.1,15,5,0.5,True,42
early_stopping_patience,15,94,94,2,0.6685604656284506,0.6612211465835571,0.001,64,4,2,128,0.1,32,75,0.0,0.1,15,5,0.5,True,42
early_stopping_patience,15,94,94,3,0.6460256111441236,0.6817829350630442,0.001,64,4,2,128,0.1,32,75,0.0,0.1,15,5,0.5,True,42
early_stopping_patience,15,94,94,4,0.6355010338804938,0.6354382832845052,0.001,64,4,2,128,0.1,32,75,0.0,0.1,15,5,0.5,True,42
early_stopping_patience,15,94,94,5,0.6107517322807601,0.6437103291352589,0.001,64,4,2,128,0.1,32,75,0.0,0.1,15,5,0.5,True,42
early_stopping_patience,15,94,94,6,0.6122777071414571,0.6527968168258667,0.001,64,4,2,128,0.1,32,75,0.0,0.1,15,5,0.5,True,42
early_stopping_patience,15,94,94,7,0.6020853024992076,0.6335990726947784,0.001,64,4,2,128,0.1,32,75,0.0,0.1,15,5,0.5,True,42
early_stopping_patience,15,94,94,8,0.5910412926565517,0.6758575856685638,0.001,64,4,2,128,0.1,32,75,0.0,0.1,15,5,0.5,True,42
early_stopping_patience,15,94,94,9,0.5816100187825434,0.6417980114618937,0.001,64,4,2,128,0.1,32,75,0.0,0.1,15,5,0.5,True,42
early_stopping_patience,15,94,94,10,0.5625623670039754,0.6604394833246867,0.001,64,4,2,128,0.1,32,75,0.0,0.1,15,5,0.5,True,42
early_stopping_patience,15,94,94,11,0.5549562187357382,0.6816870868206024,0.001,64,4,2,128,0.1,32,75,0.0,0.1,15,5,0.5,True,42
early_stopping_patience,15,94,94,12,0.5415073718988535,0.689742136001587,0.001,64,4,2,128,0.1,32,75,0.0,0.1,15,5,0.5,True,42
early_stopping_patience,15,94,94,13,0.5267478408235492,0.6975157101949055,0.001,64,4,2,128,0.1,32,75,0.0,0.1,15,5,0.5,True,42
early_stopping_patience,15,94,94,14,0.47209762194843,0.7435922205448151,0.001,64,4,2,128,0.1,32,75,0.0,0.1,15,5,0.5,True,42
early_stopping_patience,15,94,94,15,0.44881219416856766,0.7974096894264221,0.001,64,4,2,128,0.1,32,75,0.0,0.1,15,5,0.5,True,42
early_stopping_patience,15,94,94,16,0.43010207604278217,0.8134986877441406,0.001,64,4,2,128,0.1,32,75,0.0,0.1,15,5,0.5,True,42
early_stopping_patience,15,94,94,17,0.4235527118047078,0.7841267307599386,0.001,64,4,2,128,0.1,32,75,0.0,0.1,15,5,0.5,True,42
early_stopping_patience,15,94,94,18,0.3949682066837947,0.8332516809304555,0.001,64,4,2,128,0.1,32,75,0.0,0.1,15,5,0.5,True,42
early_stopping_patience,15,94,94,19,0.3673945086246187,0.9601118087768554,0.001,64,4,2,128,0.1,32,75,0.0,0.1,15,5,0.5,True,42
early_stopping_patience,15,94,94,20,0.33662078202222334,0.9800679326057434,0.001,64,4,2,128,0.1,32,75,0.0,0.1,15,5,0.5,True,42
early_stopping_patience,15,94,94,21,0.3166341981991674,0.9840716282526653,0.001,64,4,2,128,0.1,32,75,0.0,0.1,15,5,0.5,True,42
early_stopping_patience,15,94,94,22,0.29926254735751584,1.078515068689982,0.001,64,4,2,128,0.1,32,75,0.0,0.1,15,5,0.5,True,42
early_stopping_patience,15,95,95,1,0.6997691081328825,0.6727433045705159,0.001,64,4,2,128,0.1,32,75,0.0,0.1,15,5,0.5,True,42
early_stopping_patience,15,95,95,2,0.6689245118336244,0.6443377733230591,0.001,64,4,2,128,0.1,32,75,0.0,0.1,15,5,0.5,True,42
early_stopping_patience,15,95,95,3,0.6523448251413576,0.6910212755203247,0.001,64,4,2,128,0.1,32,75,0.0,0.1,15,5,0.5,True,42
early_stopping_patience,15,95,95,4,0.647654984033469,0.617122487227122,0.001,64,4,2,128,0.1,32,75,0.0,0.1,15,5,0.5,True,42
early_stopping_patience,15,95,95,5,0.6236868873238564,0.6102089385191599,0.001,64,4,2,128,0.1,32,75,0.0,0.1,15,5,0.5,True,42
early_stopping_patience,15,95,95,6,0.6173175543998227,0.6031517227490742,0.001,64,4,2,128,0.1,32,75,0.0,0.1,15,5,0.5,True,42
early_stopping_patience,15,95,95,7,0.6059537195798123,0.6161388675371806,0.001,64,4,2,128,0.1,32,75,0.0,0.1,15,5,0.5,True,42
early_stopping_patience,15,95,95,8,0.6004167941935135,0.6076812664667766,0.001,64,4,2,128,0.1,32,75,0.0,0.1,15,5,0.5,True,42
early_stopping_patience,15,95,95,9,0.5927366706909556,0.6626628537972769,0.001,64,4,2,128,0.1,32,75,0.0,0.1,15,5,0.5,True,42
early_stopping_patience,15,95,95,10,0.5806352651932023,0.6155504246552785,0.001,64,4,2,128,0.1,32,75,0.0,0.1,15,5,0.5,True,42
early_stopping_patience,15,95,95,11,0.5688560142210035,0.6161000053087871,0.001,64,4,2,128,0.1,32,75,0.0,0.1,15,5,0.5,True,42
early_stopping_patience,15,95,95,12,0.5592819052663717,0.6147100806236268,0.001,64,4,2,128,0.1,32,75,0.0,0.1,15,5,0.5,True,42
early_stopping_patience,15,95,95,13,0.5169454133420279,0.6120161513487498,0.001,64,4,2,128,0.1,32,75,0.0,0.1,15,5,0.5,True,42
early_stopping_patience,15,95,95,14,0.48937751533407153,0.6797811349232992,0.001,64,4,2,128,0.1,32,75,0.0,0.1,15,5,0.5,True,42
early_stopping_patience,15,95,95,15,0.476796234647433,0.6949464360872905,0.001,64,4,2,128,0.1,32,75,0.0,0.1,15,5,0.5,True,42
early_stopping_patience,15,95,95,16,0.45372192200386163,0.7150891204675038,0.001,64,4,2,128,0.1,32,75,0.0,0.1,15,5,0.5,True,42
early_stopping_patience,15,95,95,17,0.4355239465155385,0.7435503085454305,0.001,64,4,2,128,0.1,32,75,0.0,0.1,15,5,0.5,True,42
early_stopping_patience,15,95,95,18,0.42330883341756737,0.7142315546671549,0.001,64,4,2,128,0.1,32,75,0.0,0.1,15,5,0.5,True,42
early_stopping_patience,15,95,95,19,0.38429076755137154,0.8302536646525065,0.001,64,4,2,128,0.1,32,75,0.0,0.1,15,5,0.5,True,42
early_stopping_patience,15,95,95,20,0.3651226291602308,0.8565130869547526,0.001,64,4,2,128,0.1,32,75,0.0,0.1,15,5,0.5,True,42
early_stopping_patience,15,95,95,21,0.355046033294815,0.8686366319656372,0.001,64,4,2,128,0.1,32,75,0.0,0.1,15,5,0.5,True,42
early_stopping_patience,15,96,96,1,0.6985415947256666,0.7024210453033447,0.001,64,4,2,128,0.1,32,75,0.0,0.1,15,5,0.5,True,42
early_stopping_patience,15,96,96,2,0.6683277826417576,0.6439794739087422,0.001,64,4,2,128,0.1,32,75,0.0,0.1,15,5,0.5,True,42
early_stopping_patience,15,96,96,3,0.6475314132191918,0.6440990328788757,0.001,64,4,2,128,0.1,32,75,0.0,0.1,15,5,0.5,True,42
early_stopping_patience,15,96,96,4,0.6344141695987094,0.6381633361180623,0.001,64,4,2,128,0.1,32,75,0.0,0.1,15,5,0.5,True,42
early_stopping_patience,15,96,96,5,0.614352263284452,0.6370678663253784,0.001,64,4,2,128,0.1,32,75,0.0,0.1,15,5,0.5,True,42
early_stopping_patience,15,96,96,6,0.6102755160042734,0.6398778676986694,0.001,64,4,2,128,0.1,32,75,0.0,0.1,15,5,0.5,True,42
early_stopping_patience,15,96,96,7,0.6060850286122524,0.676625382900238,0.001,64,4,2,128,0.1,32,75,0.0,0.1,15,5,0.5,True,42
early_stopping_patience,15,96,96,8,0.5988555399305893,0.6506159186363221,0.001,64,4,2,128,0.1,32,75,0.0,0.1,15,5,0.5,True,42
early_stopping_patience,15,96,96,9,0.5902822913997101,0.6654609262943267,0.001,64,4,2,128,0.1,32,75,0.0,0.1,15,5,0.5,True,42
early_stopping_patience,15,96,96,10,0.5793370428410444,0.6446177244186402,0.001,64,4,2,128,0.1,32,75,0.0,0.1,15,5,0.5,True,42
early_stopping_patience,15,96,96,11,0.5718409258759383,0.6629503766695658,0.001,64,4,2,128,0.1,32,75,0.0,0.1,15,5,0.5,True,42
early_stopping_patience,15,96,96,12,0.5383081278114608,0.6649941583474477,0.001,64,4,2,128,0.1,32,75,0.0,0.1,15,5,0.5,True,42
early_stopping_patience,15,96,96,13,0.5168789485187242,0.677979838848114,0.001,64,4,2,128,0.1,32,75,0.0,0.1,15,5,0.5,True,42
early_stopping_patience,15,96,96,14,0.5005970567916379,0.7199714064598084,0.001,64,4,2,128,0.1,32,75,0.0,0.1,15,5,0.5,True,42
early_stopping_patience,15,96,96,15,0.4913256188685244,0.7021983166535696,0.001,64,4,2,128,0.1,32,75,0.0,0.1,15,5,0.5,True,42
early_stopping_patience,15,96,96,16,0.4690125860048063,0.7118693927923838,0.001,64,4,2,128,0.1,32,75,0.0,0.1,15,5,0.5,True,42
early_stopping_patience,15,96,96,17,0.4504280449314551,0.7382189949353536,0.001,64,4,2,128,0.1,32,75,0.0,0.1,15,5,0.5,True,42
early_stopping_patience,15,96,96,18,0.4058937355875969,0.7954830368359883,0.001,64,4,2,128,0.1,32,75,0.0,0.1,15,5,0.5,True,42
early_stopping_patience,15,96,96,19,0.39170246435837314,0.8045565783977509,0.001,64,4,2,128,0.1,32,75,0.0,0.1,15,5,0.5,True,42
early_stopping_patience,15,96,96,20,0.381811846273415,0.8139454166094462,0.001,64,4,2,128,0.1,32,75,0.0,0.1,15,5,0.5,True,42
early_stopping_patience,15,97,97,1,0.6915199377320029,0.6671900987625122,0.001,64,4,2,128,0.1,32,75,0.0,0.1,15,5,0.5,True,42
early_stopping_patience,15,97,97,2,0.6579588692296635,0.6470846931139628,0.001,64,4,2,128,0.1,32,75,0.0,0.1,15,5,0.5,True,42
early_stopping_patience,15,97,97,3,0.6372456846363617,0.6530089696248372,0.001,64,4,2,128,0.1,32,75,0.0,0.1,15,5,0.5,True,42
early_stopping_patience,15,97,97,4,0.6188963902267542,0.6321788311004639,0.001,64,4,2,128,0.1,32,75,0.0,0.1,15,5,0.5,True,42
early_stopping_patience,15,97,97,5,0.6164894038529107,0.6439692576726278,0.001,64,4,2,128,0.1,32,75,0.0,0.1,15,5,0.5,True,42
early_stopping_patience,15,97,97,6,0.6159214770252054,0.6598602573076884,0.001,64,4,2,128,0.1,32,75,0.0,0.1,15,5,0.5,True,42
early_stopping_patience,15,97,97,7,0.6043271040826133,0.6352611223856608,0.001,64,4,2,128,0.1,32,75,0.0,0.1,15,5,0.5,True,42
early_stopping_patience,15,97,97,8,0.5933559629501719,0.6315713266531626,0.001,64,4,2,128,0.1,32,75,0.0,0.1,15,5,0.5,True,42
early_stopping_patience,15,97,97,9,0.5849059359593825,0.6353496352831522,0.001,64,4,2,128,0.1,32,75,0.0,0.1,15,5,0.5,True,42
early_stopping_patience,15,97,97,10,0.5689631700515747,0.6508372664451599,0.001,64,4,2,128,0.1,32,75,0.0,0.1,15,5,0.5,True,42
early_stopping_patience,15,97,97,11,0.5668747300903002,0.7465534786383311,0.001,64,4,2,128,0.1,32,75,0.0,0.1,15,5,0.5,True,42
early_stopping_patience,15,97,97,12,0.5526147656368486,0.6498489518960316,0.001,64,4,2,128,0.1,32,75,0.0,0.1,15,5,0.5,True,42
early_stopping_patience,15,97,97,13,0.5272064640214948,0.6750997722148895,0.001,64,4,2,128,0.1,32,75,0.0,0.1,15,5,0.5,True,42
early_stopping_patience,15,97,97,14,0.518580258344159,0.6987278560797373,0.001,64,4,2,128,0.1,32,75,0.0,0.1,15,5,0.5,True,42
early_stopping_patience,15,97,97,15,0.46033515736009134,0.679087354739507,0.001,64,4,2,128,0.1,32,75,0.0,0.1,15,5,0.5,True,42
early_stopping_patience,15,97,97,16,0.43533345763430453,0.7204066375891368,0.001,64,4,2,128,0.1,32,75,0.0,0.1,15,5,0.5,True,42
early_stopping_patience,15,97,97,17,0.41988978252717946,0.7511727233727773,0.001,64,4,2,128,0.1,32,75,0.0,0.1,15,5,0.5,True,42
early_stopping_patience,15,97,97,18,0.39593915449398936,0.7160362561543783,0.001,64,4,2,128,0.1,32,75,0.0,0.1,15,5,0.5,True,42
early_stopping_patience,15,97,97,19,0.37713224282770447,0.7656445642312367,0.001,64,4,2,128,0.1,32,75,0.0,0.1,15,5,0.5,True,42
early_stopping_patience,15,97,97,20,0.37063243702957127,0.9558989385763804,0.001,64,4,2,128,0.1,32,75,0.0,0.1,15,5,0.5,True,42
early_stopping_patience,15,97,97,21,0.31312839167587686,0.9492494821548462,0.001,64,4,2,128,0.1,32,75,0.0,0.1,15,5,0.5,True,42
early_stopping_patience,15,97,97,22,0.2852592449635267,0.987832240263621,0.001,64,4,2,128,0.1,32,75,0.0,0.1,15,5,0.5,True,42
early_stopping_patience,15,97,97,23,0.2747134688225659,1.0196347912152608,0.001,64,4,2,128,0.1,32,75,0.0,0.1,15,5,0.5,True,42
early_stopping_patience,15,98,98,1,0.6950247369029305,0.6849600434303283,0.001,64,4,2,128,0.1,32,75,0.0,0.1,15,5,0.5,True,42
early_stopping_patience,15,98,98,2,0.6649389106667403,0.6673450032869975,0.001,64,4,2,128,0.1,32,75,0.0,0.1,15,5,0.5,True,42
early_stopping_patience,15,98,98,3,0.6491554869395314,0.6921069701512654,0.001,64,4,2,128,0.1,32,75,0.0,0.1,15,5,0.5,True,42
early_stopping_patience,15,98,98,4,0.6210205559477662,0.623075787226359,0.001,64,4,2,128,0.1,32,75,0.0,0.1,15,5,0.5,True,42
early_stopping_patience,15,98,98,5,0.6216999561046109,0.6500176429748535,0.001,64,4,2,128,0.1,32,75,0.0,0.1,15,5,0.5,True,42
early_stopping_patience,15,98,98,6,0.6100224035255837,0.6719232181708018,0.001,64,4,2,128,0.1,32,75,0.0,0.1,15,5,0.5,True,42
early_stopping_patience,15,98,98,7,0.5994784292398077,0.6264707505702972,0.001,64,4,2,128,0.1,32,75,0.0,0.1,15,5,0.5,True,42
early_stopping_patience,15,98,98,8,0.5937697142362595,0.6434282342592875,0.001,64,4,2,128,0.1,32,75,0.0,0.1,15,5,0.5,True,42
early_stopping_patience,15,98,98,9,0.5846822742711414,0.6241159677505493,0.001,64,4,2,128,0.1,32,75,0.0,0.1,15,5,0.5,True,42
early_stopping_patience,15,98,98,10,0.5716264959086071,0.6538655161857605,0.001,64,4,2,128,0.1,32,75,0.0,0.1,15,5,0.5,True,42
early_stopping_patience,15,98,98,11,0.5426894789843848,0.6454886039098103,0.001,64,4,2,128,0.1,32,75,0.0,0.1,15,5,0.5,True,42
early_stopping_patience,15,98,98,12,0.5171206259366238,0.6818426012992859,0.001,64,4,2,128,0.1,32,75,0.0,0.1,15,5,0.5,True,42
early_stopping_patience,15,98,98,13,0.49854635989124124,0.6683005193869272,0.001,64,4,2,128,0.1,32,75,0.0,0.1,15,5,0.5,True,42
early_stopping_patience,15,98,98,14,0.4832632911927772,0.68700386484464,0.001,64,4,2,128,0.1,32,75,0.0,0.1,15,5,0.5,True,42
early_stopping_patience,15,98,98,15,0.4654528491876342,0.7229045192400615,0.001,64,4,2,128,0.1,32,75,0.0,0.1,15,5,0.5,True,42
early_stopping_patience,15,98,98,16,0.4586853504632459,0.7205389757951101,0.001,64,4,2,128,0.1,32,75,0.0,0.1,15,5,0.5,True,42
early_stopping_patience,15,98,98,17,0.41615023215611774,0.7987062990665436,0.001,64,4,2,128,0.1,32,75,0.0,0.1,15,5,0.5,True,42
early_stopping_patience,15,98,98,18,0.39804385308966495,0.7842805246512096,0.001,64,4,2,128,0.1,32,75,0.0,0.1,15,5,0.5,True,42
early_stopping_patience,15,98,98,19,0.38422070025946153,0.8656589388847351,0.001,64,4,2,128,0.1,32,75,0.0,0.1,15,5,0.5,True,42
early_stopping_patience,15,99,99,1,0.6924314056382035,0.6972687800725301,0.001,64,4,2,128,0.1,32,75,0.0,0.1,15,5,0.5,True,42
early_stopping_patience,15,99,99,2,0.6666396495067712,0.662670358022054,0.001,64,4,2,128,0.1,32,75,0.0,0.1,15,5,0.5,True,42
early_stopping_patience,15,99,99,3,0.6382977483850537,0.6644322216510773,0.001,64,4,2,128,0.1,32,75,0.0,0.1,15,5,0.5,True,42
early_stopping_patience,15,99,99,4,0.6242189919858268,0.6532695015271505,0.001,64,4,2,128,0.1,32,75,0.0,0.1,15,5,0.5,True,42
early_stopping_patience,15,99,99,5,0.6180011076909123,0.7201126356919606,0.001,64,4,2,128,0.1,32,75,0.0,0.1,15,5,0.5,True,42
early_stopping_patience,15,99,99,6,0.6078586941867163,0.641280988852183,0.001,64,4,2,128,0.1,32,75,0.0,0.1,15,5,0.5,True,42
early_stopping_patience,15,99,99,7,0.6012781980362806,0.6541926403840382,0.001,64,4,2,128,0.1,32,75,0.0,0.1,15,5,0.5,True,42
early_stopping_patience,15,99,99,8,0.5797105165142001,0.6585327545801799,0.001,64,4,2,128,0.1,32,75,0.0,0.1,15,5,0.5,True,42
early_stopping_patience,15,99,99,9,0.5768820187359145,0.671317998568217,0.001,64,4,2,128,0.1,32,75,0.0,0.1,15,5,0.5,True,42
early_stopping_patience,15,99,99,10,0.5638589296828617,0.6844810108343761,0.001,64,4,2,128,0.1,32,75,0.0,0.1,15,5,0.5,True,42
early_stopping_patience,15,99,99,11,0.54683901121219,0.7199369430541992,0.001,64,4,2,128,0.1,32,75,0.0,0.1,15,5,0.5,True,42
early_stopping_patience,15,99,99,12,0.5470929610909838,0.7099609812100728,0.001,64,4,2,128,0.1,32,75,0.0,0.1,15,5,0.5,True,42
early_stopping_patience,15,99,99,13,0.5037727812022874,0.7346067746480306,0.001,64,4,2,128,0.1,32,75,0.0,0.1,15,5,0.5,True,42
early_stopping_patience,15,99,99,14,0.4708151191924558,0.7717276374499004,0.001,64,4,2,128,0.1,32,75,0.0,0.1,15,5,0.5,True,42
early_stopping_patience,15,99,99,15,0.45998503188743733,0.7429602185885111,0.001,64,4,2,128,0.1,32,75,0.0,0.1,15,5,0.5,True,42
early_stopping_patience,15,99,99,16,0.4403299513188275,0.8241148829460144,0.001,64,4,2,128,0.1,32,75,0.0,0.1,15,5,0.5,True,42
early_stopping_patience,15,99,99,17,0.4188462642557693,0.9045871655146281,0.001,64,4,2,128,0.1,32,75,0.0,0.1,15,5,0.5,True,42
early_stopping_patience,15,99,99,18,0.4055015868083997,0.9016661723454793,0.001,64,4,2,128,0.1,32,75,0.0,0.1,15,5,0.5,True,42
early_stopping_patience,15,99,99,19,0.36426114640904195,0.9674916346867879,0.001,64,4,2,128,0.1,32,75,0.0,0.1,15,5,0.5,True,42
early_stopping_patience,15,99,99,20,0.33888029950586235,1.0425013422966003,0.001,64,4,2,128,0.1,32,75,0.0,0.1,15,5,0.5,True,42
early_stopping_patience,15,99,99,21,0.3302782238884406,1.0628124554951985,0.001,64,4,2,128,0.1,32,75,0.0,0.1,15,5,0.5,True,42
early_stopping_patience,15,100,100,1,0.6893977992462389,0.6601425766944885,0.001,64,4,2,128,0.1,32,75,0.0,0.1,15,5,0.5,True,42
early_stopping_patience,15,100,100,2,0.6526136626348351,0.6252302527427673,0.001,64,4,2,128,0.1,32,75,0.0,0.1,15,5,0.5,True,42
early_stopping_patience,15,100,100,3,0.6320608872355837,0.6275692462921143,0.001,64,4,2,128,0.1,32,75,0.0,0.1,15,5,0.5,True,42
early_stopping_patience,15,100,100,4,0.6378073326566003,0.6252463400363922,0.001,64,4,2,128,0.1,32,75,0.0,0.1,15,5,0.5,True,42
early_stopping_patience,15,100,100,5,0.6141445232611714,0.6175315737724304,0.001,64,4,2,128,0.1,32,75,0.0,0.1,15,5,0.5,True,42
early_stopping_patience,15,100,100,6,0.6085472962621487,0.6132684787114461,0.001,64,4,2,128,0.1,32,75,0.0,0.1,15,5,0.5,True,42
early_stopping_patience,15,100,100,7,0.5999094338128061,0.6101058999697367,0.001,64,4,2,128,0.1,32,75,0.0,0.1,15,5,0.5,True,42
early_stopping_patience,15,100,100,8,0.588002749916279,0.6516088684399922,0.001,64,4,2,128,0.1,32,75,0.0,0.1,15,5,0.5,True,42
early_stopping_patience,15,100,100,9,0.5794355968634287,0.6545571347077688,0.001,64,4,2,128,0.1,32,75,0.0,0.1,15,5,0.5,True,42
early_stopping_patience,15,100,100,10,0.5665760202841326,0.6093844751516978,0.001,64,4,2,128,0.1,32,75,0.0,0.1,15,5,0.5,True,42
early_stopping_patience,15,100,100,11,0.5712359114126726,0.6297930141290029,0.001,64,4,2,128,0.1,32,75,0.0,0.1,15,5,0.5,True,42
early_stopping_patience,15,100,100,12,0.536616053770889,0.640584001938502,0.001,64,4,2,128,0.1,32,75,0.0,0.1,15,5,0.5,True,42
early_stopping_patience,15,100,100,13,0.5283862526218096,0.6390234529972076,0.001,64,4,2,128,0.1,32,75,0.0,0.1,15,5,0.5,True,42
early_stopping_patience,15,100,100,14,0.5160946414777727,0.6915710608164469,0.001,64,4,2,128,0.1,32,75,0.0,0.1,15,5,0.5,True,42
early_stopping_patience,15,100,100,15,0.5059999566186558,0.6962633093198141,0.001,64,4,2,128,0.1,32,75,0.0,0.1,15,5,0.5,True,42
early_stopping_patience,15,100,100,16,0.47310761136539053,0.697727111975352,0.001,64,4,2,128,0.1,32,75,0.0,0.1,15,5,0.5,True,42
early_stopping_patience,15,100,100,17,0.41781821248657774,0.7715484261512756,0.001,64,4,2,128,0.1,32,75,0.0,0.1,15,5,0.5,True,42
early_stopping_patience,15,100,100,18,0.3891308396828897,0.8219125807285309,0.001,64,4,2,128,0.1,32,75,0.0,0.1,15,5,0.5,True,42
early_stopping_patience,15,100,100,19,0.3756814674671852,0.7938787778218587,0.001,64,4,2,128,0.1,32,75,0.0,0.1,15,5,0.5,True,42
early_stopping_patience,15,100,100,20,0.3535125734228076,0.8844682137171428,0.001,64,4,2,128,0.1,32,75,0.0,0.1,15,5,0.5,True,42
early_stopping_patience,15,100,100,21,0.3474844199125514,0.9510553121566773,0.001,64,4,2,128,0.1,32,75,0.0,0.1,15,5,0.5,True,42
early_stopping_patience,15,100,100,22,0.33055691144457366,0.8863571047782898,0.001,64,4,2,128,0.1,32,75,0.0,0.1,15,5,0.5,True,42
early_stopping_patience,15,100,100,23,0.28689990604691434,0.9849244991938273,0.001,64,4,2,128,0.1,32,75,0.0,0.1,15,5,0.5,True,42
early_stopping_patience,15,100,100,24,0.26336305695727014,1.06450404326121,0.001,64,4,2,128,0.1,32,75,0.0,0.1,15,5,0.5,True,42
early_stopping_patience,15,100,100,25,0.2590615807496237,1.114244786898295,0.001,64,4,2,128,0.1,32,75,0.0,0.1,15,5,0.5,True,42
early_stopping_patience,15,101,101,1,0.6923751117605151,0.6657162348429362,0.001,64,4,2,128,0.1,32,75,0.0,0.1,15,5,0.5,True,42
early_stopping_patience,15,101,101,2,0.6576417887752707,0.6368921359380086,0.001,64,4,2,128,0.1,32,75,0.0,0.1,15,5,0.5,True,42
early_stopping_patience,15,101,101,3,0.6340750462629579,0.6366488655408223,0.001,64,4,2,128,0.1,32,75,0.0,0.1,15,5,0.5,True,42
early_stopping_patience,15,101,101,4,0.6157339578776648,0.6524733523527781,0.001,64,4,2,128,0.1,32,75,0.0,0.1,15,5,0.5,True,42
early_stopping_patience,15,101,101,5,0.6110488226016363,0.6471958776315053,0.001,64,4,2,128,0.1,32,75,0.0,0.1,15,5,0.5,True,42
early_stopping_patience,15,101,101,6,0.5993179807608778,0.6350770831108093,0.001,64,4,2,128,0.1,32,75,0.0,0.1,15,5,0.5,True,42
early_stopping_patience,15,101,101,7,0.5882109812263286,0.6408874928951264,0.001,64,4,2,128,0.1,32,75,0.0,0.1,15,5,0.5,True,42
early_stopping_patience,15,101,101,8,0.5821156120209983,0.6410943845907847,0.001,64,4,2,128,0.1,32,75,0.0,0.1,15,5,0.5,True,42
early_stopping_patience,15,101,101,9,0.5595003366470337,0.6823019822438557,0.001,64,4,2,128,0.1,32,75,0.0,0.1,15,5,0.5,True,42
early_stopping_patience,15,101,101,10,0.5510827558058681,0.6979649424552917,0.001,64,4,2,128,0.1,32,75,0.0,0.1,15,5,0.5,True,42
early_stopping_patience,15,101,101,11,0.5469915146629015,0.666486656665802,0.001,64,4,2,128,0.1,32,75,0.0,0.1,15,5,0.5,True,42
early_stopping_patience,15,101,101,12,0.5238683149218559,0.6812516272068023,0.001,64,4,2,128,0.1,32,75,0.0,0.1,15,5,0.5,True,42
early_stopping_patience,15,101,101,13,0.4784879025184747,0.6997014264265696,0.001,64,4,2,128,0.1,32,75,0.0,0.1,15,5,0.5,True,42
early_stopping_patience,15,101,101,14,0.45744054233937553,0.6960111200809479,0.001,64,4,2,128,0.1,32,75,0.0,0.1,15,5,0.5,True,42
early_stopping_patience,15,101,101,15,0.4261889044534076,0.7624713639418285,0.001,64,4,2,128,0.1,32,75,0.0,0.1,15,5,0.5,True,42
early_stopping_patience,15,101,101,16,0.4129566128055255,0.7783769071102142,0.001,64,4,2,128,0.1,32,75,0.0,0.1,15,5,0.5,True,42
early_stopping_patience,15,101,101,17,0.40078546626098227,0.7917292674382528,0.001,64,4,2,128,0.1,32,75,0.0,0.1,15,5,0.5,True,42
early_stopping_patience,15,101,101,18,0.38170887834646483,0.8312913517157237,0.001,64,4,2,128,0.1,32,75,0.0,0.1,15,5,0.5,True,42
early_stopping_patience,15,101,101,19,0.345881335663073,0.8723114490509033,0.001,64,4,2,128,0.1,32,75,0.0,0.1,15,5,0.5,True,42
early_stopping_patience,15,101,101,20,0.32912343604998157,0.899721622467041,0.001,64,4,2,128,0.1,32,75,0.0,0.1,15,5,0.5,True,42
early_stopping_patience,15,101,101,21,0.3202993720769882,0.9159422516822815,0.001,64,4,2,128,0.1,32,75,0.0,0.1,15,5,0.5,True,42
early_stopping_patience,15,102,102,1,0.6862796269582979,0.6679876128832499,0.001,64,4,2,128,0.1,32,75,0.0,0.1,15,5,0.5,True,42
early_stopping_patience,15,102,102,2,0.6580941591298941,0.6480946063995361,0.001,64,4,2,128,0.1,32,75,0.0,0.1,15,5,0.5,True,42
early_stopping_patience,15,102,102,3,0.6314714173927451,0.7085945109526316,0.001,64,4,2,128,0.1,32,75,0.0,0.1,15,5,0.5,True,42
early_stopping_patience,15,102,102,4,0.6334355401270317,0.65851389169693,0.001,64,4,2,128,0.1,32,75,0.0,0.1,15,5,0.5,True,42
early_stopping_patience,15,102,102,5,0.6198444465796152,0.670262602965037,0.001,64,4,2,128,0.1,32,75,0.0,0.1,15,5,0.5,True,42
early_stopping_patience,15,102,102,6,0.6111614724451845,0.6394105672836303,0.001,64,4,2,128,0.1,32,75,0.0,0.1,15,5,0.5,True,42
early_stopping_patience,15,102,102,7,0.5976442326650475,0.6499441822369894,0.001,64,4,2,128,0.1,32,75,0.0,0.1,15,5,0.5,True,42
early_stopping_patience,15,102,102,8,0.5890806362484441,0.6576414624849956,0.001,64,4,2,128,0.1,32,75,0.0,0.1,15,5,0.5,True,42
early_stopping_patience,15,102,102,9,0.5813375169580633,0.6922235925992329,0.001,64,4,2,128,0.1,32,75,0.0,0.1,15,5,0.5,True,42
early_stopping_patience,15,102,102,10,0.564761068333279,0.6596882581710816,0.001,64,4,2,128,0.1,32,75,0.0,0.1,15,5,0.5,True,42
early_stopping_patience,15,102,102,11,0.5513962026346814,0.6861668527126312,0.001,64,4,2,128,0.1,32,75,0.0,0.1,15,5,0.5,True,42
early_stopping_patience,15,102,102,12,0.5443920052864335,0.6639814297358195,0.001,64,4,2,128,0.1,32,75,0.0,0.1,15,5,0.5,True,42
early_stopping_patience,15,102,102,13,0.48976404039245663,0.6967678308486939,0.001,64,4,2,128,0.1,32,75,0.0,0.1,15,5,0.5,True,42
early_stopping_patience,15,102,102,14,0.4774934852665121,0.7664981027444203,0.001,64,4,2,128,0.1,32,75,0.0,0.1,15,5,0.5,True,42
early_stopping_patience,15,102,102,15,0.4624494445143324,0.7552208840847016,0.001,64,4,2,128,0.1,32,75,0.0,0.1,15,5,0.5,True,42
early_stopping_patience,15,102,102,16,0.4368705673877037,0.7826375365257263,0.001,64,4,2,128,0.1,32,75,0.0,0.1,15,5,0.5,True,42
early_stopping_patience,15,102,102,17,0.4186833734539422,0.765395067135493,0.001,64,4,2,128,0.1,32,75,0.0,0.1,15,5,0.5,True,42
early_stopping_patience,15,102,102,18,0.41165791497086035,0.8128408670425415,0.001,64,4,2,128,0.1,32,75,0.0,0.1,15,5,0.5,True,42
early_stopping_patience,15,102,102,19,0.3643286343325268,0.851573133468628,0.001,64,4,2,128,0.1,32,75,0.0,0.1,15,5,0.5,True,42
early_stopping_patience,15,102,102,20,0.34694056410455343,0.8418561220169067,0.001,64,4,2,128,0.1,32,75,0.0,0.1,15,5,0.5,True,42
early_stopping_patience,15,102,102,21,0.33264270639329246,0.8937505602836608,0.001,64,4,2,128,0.1,32,75,0.0,0.1,15,5,0.5,True,42
early_stopping_patience,15,103,103,1,0.6927766845081792,0.6777198195457459,0.001,64,4,2,128,0.1,32,75,0.0,0.1,15,5,0.5,True,42
early_stopping_patience,15,103,103,2,0.6563591839689197,0.6553310036659241,0.001,64,4,2,128,0.1,32,75,0.0,0.1,15,5,0.5,True,42
early_stopping_patience,15,103,103,3,0.6378159227244782,0.6559865792592366,0.001,64,4,2,128,0.1,32,75,0.0,0.1,15,5,0.5,True,42
early_stopping_patience,15,103,103,4,0.6212085018103773,0.6436227838198344,0.001,64,4,2,128,0.1,32,75,0.0,0.1,15,5,0.5,True,42
early_stopping_patience,15,103,103,5,0.624354966887922,0.6279198964436848,0.001,64,4,2,128,0.1,32,75,0.0,0.1,15,5,0.5,True,42
early_stopping_patience,15,103,103,6,0.6162128123370084,0.6158281366030375,0.001,64,4,2,128,0.1,32,75,0.0,0.1,15,5,0.5,True,42
early_stopping_patience,15,103,103,7,0.6095805752909544,0.6069753885269165,0.001,64,4,2,128,0.1,32,75,0.0,0.1,15,5,0.5,True,42
early_stopping_patience,15,103,103,8,0.5994009757132241,0.6099684437115988,0.001,64,4,2,128,0.1,32,75,0.0,0.1,15,5,0.5,True,42
early_stopping_patience,15,103,103,9,0.5915611724961888,0.6028601169586182,0.001,64,4,2,128,0.1,32,75,0.0,0.1,15,5,0.5,True,42
early_stopping_patience,15,103,103,10,0.5725636238401587,0.6044986844062805,0.001,64,4,2,128,0.1,32,75,0.0,0.1,15,5,0.5,True,42
early_stopping_patience,15,103,103,11,0.567324442393852,0.617638490597407,0.001,64,4,2,128,0.1,32,75,0.0,0.1,15,5,0.5,True,42
early_stopping_patience,15,103,103,12,0.5500305552374233,0.621287872393926,0.001,64,4,2,128,0.1,32,75,0.0,0.1,15,5,0.5,True,42
early_stopping_patience,15,103,103,13,0.5504378917993922,0.6319588859875996,0.001,64,4,2,128,0.1,32,75,0.0,0.1,15,5,0.5,True,42
early_stopping_patience,15,103,103,14,0.5301516550508413,0.6396311601003011,0.001,64,4,2,128,0.1,32,75,0.0,0.1,15,5,0.5,True,42
early_stopping_patience,15,103,103,15,0.5194507297692876,0.6335048218568166,0.001,64,4,2,128,0.1,32,75,0.0,0.1,15,5,0.5,True,42
early_stopping_patience,15,103,103,16,0.4534612802619284,0.7163386364777883,0.001,64,4,2,128,0.1,32,75,0.0,0.1,15,5,0.5,True,42
early_stopping_patience,15,103,103,17,0.4251235887182481,0.7390544195969899,0.001,64,4,2,128,0.1,32,75,0.0,0.1,15,5,0.5,True,42
early_stopping_patience,15,103,103,18,0.40498582138256595,0.7728329757849376,0.001,64,4,2,128,0.1,32,75,0.0,0.1,15,5,0.5,True,42
early_stopping_patience,15,103,103,19,0.38472873424038745,0.8068885147571564,0.001,64,4,2,128,0.1,32,75,0.0,0.1,15,5,0.5,True,42
early_stopping_patience,15,103,103,20,0.3635648022772688,0.8325803995132446,0.001,64,4,2,128,0.1,32,75,0.0,0.1,15,5,0.5,True,42
early_stopping_patience,15,103,103,21,0.34986439403710945,0.9713238259156545,0.001,64,4,2,128,0.1,32,75,0.0,0.1,15,5,0.5,True,42
early_stopping_patience,15,103,103,22,0.3076812199345141,0.964613425731659,0.001,64,4,2,128,0.1,32,75,0.0,0.1,15,5,0.5,True,42
early_stopping_patience,15,103,103,23,0.27758597977685207,1.0050077974796294,0.001,64,4,2,128,0.1,32,75,0.0,0.1,15,5,0.5,True,42
early_stopping_patience,15,103,103,24,0.2672128098254854,1.0689205090204874,0.001,64,4,2,128,0.1,32,75,0.0,0.1,15,5,0.5,True,42
early_stopping_patience,15,104,104,1,0.7003568681803617,0.6749218106269836,0.001,64,4,2,128,0.1,32,75,0.0,0.1,15,5,0.5,True,42
early_stopping_patience,15,104,104,2,0.6691000858942667,0.6627120614051819,0.001,64,4,2,128,0.1,32,75,0.0,0.1,15,5,0.5,True,42
early_stopping_patience,15,104,104,3,0.6535824984312057,0.6351672848065694,0.001,64,4,2,128,0.1,32,75,0.0,0.1,15,5,0.5,True,42
early_stopping_patience,15,104,104,4,0.6332533686901584,0.6379137595494588,0.001,64,4,2,128,0.1,32,75,0.0,0.1,15,5,0.5,True,42
early_stopping_patience,15,104,104,5,0.6198612593791701,0.6475815117359162,0.001,64,4,2,128,0.1,32,75,0.0,0.1,15,5,0.5,True,42
early_stopping_patience,15,104,104,6,0.614097911074306,0.6421986639499664,0.001,64,4,2,128,0.1,32,75,0.0,0.1,15,5,0.5,True,42
early_stopping_patience,15,104,104,7,0.6027645671909506,0.6411153217156728,0.001,64,4,2,128,0.1,32,75,0.0,0.1,15,5,0.5,True,42
early_stopping_patience,15,104,104,8,0.5917461826042696,0.6412751277287801,0.001,64,4,2,128,0.1,32,75,0.0,0.1,15,5,0.5,True,42
early_stopping_patience,15,104,104,9,0.5764231358965238,0.6323899269104004,0.001,64,4,2,128,0.1,32,75,0.0,0.1,15,5,0.5,True,42
early_stopping_patience,15,104,104,10,0.5679757425730879,0.6420308510462444,0.001,64,4,2,128,0.1,32,75,0.0,0.1,15,5,0.5,True,42
early_stopping_patience,15,104,104,11,0.5441673120314424,0.6567533771197002,0.001,64,4,2,128,0.1,32,75,0.0,0.1,15,5,0.5,True,42
early_stopping_patience,15,104,104,12,0.5315746053150205,0.7016588826974233,0.001,64,4,2,128,0.1,32,75,0.0,0.1,15,5,0.5,True,42
early_stopping_patience,15,104,104,13,0.511356544539784,0.7139919598897299,0.001,64,4,2,128,0.1,32,75,0.0,0.1,15,5,0.5,True,42
early_stopping_patience,15,104,104,14,0.4954758388074962,0.7792433122793834,0.001,64,4,2,128,0.1,32,75,0.0,0.1,15,5,0.5,True,42
early_stopping_patience,15,104,104,15,0.4791685085405003,0.7145783007144928,0.001,64,4,2,128,0.1,32,75,0.0,0.1,15,5,0.5,True,42
early_stopping_patience,15,104,104,16,0.4084088040346449,0.7400752107302347,0.001,64,4,2,128,0.1,32,75,0.0,0.1,15,5,0.5,True,42
early_stopping_patience,15,104,104,17,0.3784108834736275,0.8017180800437927,0.001,64,4,2,128,0.1,32,75,0.0,0.1,15,5,0.5,True,42
early_stopping_patience,15,104,104,18,0.35132318554502545,0.8376070737838746,0.001,64,4,2,128,0.1,32,75,0.0,0.1,15,5,0.5,True,42
early_stopping_patience,15,104,104,19,0.3330395642216458,0.9123695611953735,0.001,64,4,2,128,0.1,32,75,0.0,0.1,15,5,0.5,True,42
early_stopping_patience,15,104,104,20,0.3167543954808604,0.9457004110018412,0.001,64,4,2,128,0.1,32,75,0.0,0.1,15,5,0.5,True,42
early_stopping_patience,15,104,104,21,0.29020910608497535,0.9974670648574829,0.001,64,4,2,128,0.1,32,75,0.0,0.1,15,5,0.5,True,42
early_stopping_patience,15,104,104,22,0.2498108327501651,1.0813276886940002,0.001,64,4,2,128,0.1,32,75,0.0,0.1,15,5,0.5,True,42
early_stopping_patience,15,104,104,23,0.23881687359376388,1.1041787624359132,0.001,64,4,2,128,0.1,32,75,0.0,0.1,15,5,0.5,True,42
early_stopping_patience,15,104,104,24,0.22479340541317608,1.1430935700734457,0.001,64,4,2,128,0.1,32,75,0.0,0.1,15,5,0.5,True,42
early_stopping_patience,15,105,105,1,0.6861582479693673,0.6955837070941925,0.001,64,4,2,128,0.1,32,75,0.0,0.1,15,5,0.5,True,42
early_stopping_patience,15,105,105,2,0.6539915682691516,0.7128671169281006,0.001,64,4,2,128,0.1,32,75,0.0,0.1,15,5,0.5,True,42
early_stopping_patience,15,105,105,3,0.6336886419942884,0.6705266435941061,0.001,64,4,2,128,0.1,32,75,0.0,0.1,15,5,0.5,True,42
early_stopping_patience,15,105,105,4,0.6264463676647707,0.640917181968689,0.001,64,4,2,128,0.1,32,75,0.0,0.1,15,5,0.5,True,42
early_stopping_patience,15,105,105,5,0.6093516130790566,0.6519589821497599,0.001,64,4,2,128,0.1,32,75,0.0,0.1,15,5,0.5,True,42
early_stopping_patience,15,105,105,6,0.6184658119172761,0.6466711004575093,0.001,64,4,2,128,0.1,32,75,0.0,0.1,15,5,0.5,True,42
early_stopping_patience,15,105,105,7,0.5977287364728523,0.6406575898329417,0.001,64,4,2,128,0.1,32,75,0.0,0.1,15,5,0.5,True,42
early_stopping_patience,15,105,105,8,0.5904507921500639,0.6664872686068217,0.001,64,4,2,128,0.1,32,75,0.0,0.1,15,5,0.5,True,42
early_stopping_patience,15,105,105,9,0.5793847114299283,0.6491589486598969,0.001,64,4,2,128,0.1,32,75,0.0,0.1,15,5,0.5,True,42
early_stopping_patience,15,105,105,10,0.5758728035020105,0.6590901215871176,0.001,64,4,2,128,0.1,32,75,0.0,0.1,15,5,0.5,True,42
early_stopping_patience,15,105,105,11,0.554046613474687,0.6761862635612488,0.001,64,4,2,128,0.1,32,75,0.0,0.1,15,5,0.5,True,42
early_stopping_patience,15,105,105,12,0.5440776402300055,0.686406938234965,0.001,64,4,2,128,0.1,32,75,0.0,0.1,15,5,0.5,True,42
early_stopping_patience,15,105,105,13,0.5262010937387293,0.6815177281697591,0.001,64,4,2,128,0.1,32,75,0.0,0.1,15,5,0.5,True,42
early_stopping_patience,15,105,105,14,0.4771034968170253,0.662275884548823,0.001,64,4,2,128,0.1,32,75,0.0,0.1,15,5,0.5,True,42
early_stopping_patience,15,105,105,15,0.4499089177133459,0.7430629134178162,0.001,64,4,2,128,0.1,32,75,0.0,0.1,15,5,0.5,True,42
early_stopping_patience,15,105,105,16,0.4383731103981986,0.724131433169047,0.001,64,4,2,128,0.1,32,75,0.0,0.1,15,5,0.5,True,42
early_stopping_patience,15,105,105,17,0.4133148170781858,0.8203814228375753,0.001,64,4,2,128,0.1,32,75,0.0,0.1,15,5,0.5,True,42
early_stopping_patience,15,105,105,18,0.39492883984789706,0.8089073220888774,0.001,64,4,2,128,0.1,32,75,0.0,0.1,15,5,0.5,True,42
early_stopping_patience,15,105,105,19,0.37408514174096513,0.8596842209498088,0.001,64,4,2,128,0.1,32,75,0.0,0.1,15,5,0.5,True,42
early_stopping_patience,15,105,105,20,0.3321693907632972,0.9275533378124237,0.001,64,4,2,128,0.1,32,75,0.0,0.1,15,5,0.5,True,42
early_stopping_patience,15,105,105,21,0.31587104284853645,0.9638750712076823,0.001,64,4,2,128,0.1,32,75,0.0,0.1,15,5,0.5,True,42
early_stopping_patience,15,105,105,22,0.3015199170419664,0.9893670678138733,0.001,64,4,2,128,0.1,32,75,0.0,0.1,15,5,0.5,True,42
early_stopping_patience,15,106,106,1,0.6924337184790409,0.6569963335990906,0.001,64,4,2,128,0.1,32,75,0.0,0.1,15,5,0.5,True,42
early_stopping_patience,15,106,106,2,0.665871800346808,0.6413975159327189,0.001,64,4,2,128,0.1,32,75,0.0,0.1,15,5,0.5,True,42
early_stopping_patience,15,106,106,3,0.631538932522138,0.6201441923777262,0.001,64,4,2,128,0.1,32,75,0.0,0.1,15,5,0.5,True,42
early_stopping_patience,15,106,106,4,0.6257365413687446,0.6386337161064148,0.001,64,4,2,128,0.1,32,75,0.0,0.1,15,5,0.5,True,42
early_stopping_patience,15,106,106,5,0.6149177366133892,0.625546149412791,0.001,64,4,2,128,0.1,32,75,0.0,0.1,15,5,0.5,True,42
early_stopping_patience,15,106,106,6,0.6026542258985115,0.6374392946561177,0.001,64,4,2,128,0.1,32,75,0.0,0.1,15,5,0.5,True,42
early_stopping_patience,15,106,106,7,0.5969309949062087,0.6244594275951385,0.001,64,4,2,128,0.1,32,75,0.0,0.1,15,5,0.5,True,42
early_stopping_patience,15,106,106,8,0.5881454420812202,0.6647334535916646,0.001,64,4,2,128,0.1,32,75,0.0,0.1,15,5,0.5,True,42
early_stopping_patience,15,106,106,9,0.5895150195468556,0.6503906806310018,0.001,64,4,2,128,0.1,32,75,0.0,0.1,15,5,0.5,True,42
early_stopping_patience,15,106,106,10,0.5515479002938126,0.6557830770810446,0.001,64,4,2,128,0.1,32,75,0.0,0.1,15,5,0.5,True,42
early_stopping_patience,15,106,106,11,0.5356887301260774,0.675863657395045,0.001,64,4,2,128,0.1,32,75,0.0,0.1,15,5,0.5,True,42
early_stopping_patience,15,106,106,12,0.5208463616894953,0.6792440573374431,0.001,64,4,2,128,0.1,32,75,0.0,0.1,15,5,0.5,True,42
early_stopping_patience,15,106,106,13,0.511803379113024,0.7041446546713511,0.001,64,4,2,128,0.1,32,75,0.0,0.1,15,5,0.5,True,42
early_stopping_patience,15,106,106,14,0.49843269992958417,0.6820778727531434,0.001,64,4,2,128,0.1,32,75,0.0,0.1,15,5,0.5,True,42
early_stopping_patience,15,106,106,15,0.480074132707986,0.69243985414505,0.001,64,4,2,128,0.1,32,75,0.0,0.1,15,5,0.5,True,42
early_stopping_patience,15,106,106,16,0.4410488090731881,0.7324353635311127,0.001,64,4,2,128,0.1,32,75,0.0,0.1,15,5,0.5,True,42
early_stopping_patience,15,106,106,17,0.4275961301543496,0.7764814575513204,0.001,64,4,2,128,0.1,32,75,0.0,0.1,15,5,0.5,True,42
early_stopping_patience,15,106,106,18,0.41033330006581364,0.773880519469579,0.001,64,4,2,128,0.1,32,75,0.0,0.1,15,5,0.5,True,42
early_stopping_patience,15,107,107,1,0.693994914040421,0.6828748981157938,0.001,64,4,2,128,0.1,32,75,0.0,0.1,15,5,0.5,True,42
early_stopping_patience,15,107,107,2,0.670623342647697,0.661256980895996,0.001,64,4,2,128,0.1,32,75,0.0,0.1,15,5,0.5,True,42
early_stopping_patience,15,107,107,3,0.6449871329647122,0.6613683044910431,0.001,64,4,2,128,0.1,32,75,0.0,0.1,15,5,0.5,True,42
early_stopping_patience,15,107,107,4,0.6397862316984119,0.6477363844712575,0.001,64,4,2,128,0.1,32,75,0.0,0.1,15,5,0.5,True,42
early_stopping_patience,15,107,107,5,0.6261580080697031,0.6281355857849121,0.001,64,4,2,128,0.1,32,75,0.0,0.1,15,5,0.5,True,42
early_stopping_patience,15,107,107,6,0.6164374958836671,0.635383129119873,0.001,64,4,2,128,0.1,32,75,0.0,0.1,15,5,0.5,True,42
early_stopping_patience,15,107,107,7,0.61027335488435,0.6325148304303487,0.001,64,4,2,128,0.1,32,75,0.0,0.1,15,5,0.5,True,42
early_stopping_patience,15,107,107,8,0.6034326135660663,0.6528694868087769,0.001,64,4,2,128,0.1,32,75,0.0,0.1,15,5,0.5,True,42
early_stopping_patience,15,107,107,9,0.5911544466560538,0.6286512633164724,0.001,64,4,2,128,0.1,32,75,0.0,0.1,15,5,0.5,True,42
early_stopping_patience,15,107,107,10,0.5792470906268467,0.6460932473341624,0.001,64,4,2,128,0.1,32,75,0.0,0.1,15,5,0.5,True,42
early_stopping_patience,15,107,107,11,0.5732275861682314,0.6980952342351278,0.001,64,4,2,128,0.1,32,75,0.0,0.1,15,5,0.5,True,42
early_stopping_patience,15,107,107,12,0.5367068108735662,0.6442646145820617,0.001,64,4,2,128,0.1,32,75,0.0,0.1,15,5,0.5,True,42
early_stopping_patience,15,107,107,13,0.5218635334661512,0.701418415705363,0.001,64,4,2,128,0.1,32,75,0.0,0.1,15,5,0.5,True,42
early_stopping_patience,15,107,107,14,0.5054824318398129,0.6773636758327484,0.001,64,4,2,128,0.1,32,75,0.0,0.1,15,5,0.5,True,42
early_stopping_patience,15,107,107,15,0.4976560328945969,0.6913150151570638,0.001,64,4,2,128,0.1,32,75,0.0,0.1,15,5,0.5,True,42
early_stopping_patience,15,107,107,16,0.47333822760618094,0.706005843480428,0.001,64,4,2,128,0.1,32,75,0.0,0.1,15,5,0.5,True,42
early_stopping_patience,15,107,107,17,0.4609436916582512,0.7329180320103963,0.001,64,4,2,128,0.1,32,75,0.0,0.1,15,5,0.5,True,42
early_stopping_patience,15,107,107,18,0.42442151350956975,0.8003990650177002,0.001,64,4,2,128,0.1,32,75,0.0,0.1,15,5,0.5,True,42
early_stopping_patience,15,107,107,19,0.4117137420583855,0.8022793491681417,0.001,64,4,2,128,0.1,32,75,0.0,0.1,15,5,0.5,True,42
early_stopping_patience,15,107,107,20,0.39781212163242424,0.8359613696734111,0.001,64,4,2,128,0.1,32,75,0.0,0.1,15,5,0.5,True,42
early_stopping_patience,15,108,108,1,0.6981327438896353,0.6804787317911783,0.001,64,4,2,128,0.1,32,75,0.0,0.1,15,5,0.5,True,42
early_stopping_patience,15,108,108,2,0.6689419705759395,0.6556542992591858,0.001,64,4,2,128,0.1,32,75,0.0,0.1,15,5,0.5,True,42
early_stopping_patience,15,108,108,3,0.6518361988392744,0.6537461638450622,0.001,64,4,2,128,0.1,32,75,0.0,0.1,15,5,0.5,True,42
early_stopping_patience,15,108,108,4,0.6321224881844087,0.6353431781133015,0.001,64,4,2,128,0.1,32,75,0.0,0.1,15,5,0.5,True,42
early_stopping_patience,15,108,108,5,0.613660464006843,0.6234973907470703,0.001,64,4,2,128,0.1,32,75,0.0,0.1,15,5,0.5,True,42
early_stopping_patience,15,108,108,6,0.6005062474445864,0.6406205276648204,0.001,64,4,2,128,0.1,32,75,0.0,0.1,15,5,0.5,True,42
early_stopping_patience,15,108,108,7,0.6021992074269237,0.6554574549198151,0.001,64,4,2,128,0.1,32,75,0.0,0.1,15,5,0.5,True,42
early_stopping_patience,15,108,108,8,0.5798485333269293,0.6494703352451324,0.001,64,4,2,128,0.1,32,75,0.0,0.1,15,5,0.5,True,42
early_stopping_patience,15,108,108,9,0.5730077651414004,0.6355752964814504,0.001,64,4,2,128,0.1,32,75,0.0,0.1,15,5,0.5,True,42
early_stopping_patience,15,108,108,10,0.5699488008112619,0.6522379159927368,0.001,64,4,2,128,0.1,32,75,0.0,0.1,15,5,0.5,True,42
early_stopping_patience,15,108,108,11,0.551834178919142,0.6682034472624461,0.001,64,4,2,128,0.1,32,75,0.0,0.1,15,5,0.5,True,42
early_stopping_patience,15,108,108,12,0.513651442572926,0.6617363611857097,0.001,64,4,2,128,0.1,32,75,0.0,0.1,15,5,0.5,True,42
early_stopping_patience,15,108,108,13,0.49094989557157864,0.7086823940277099,0.001,64,4,2,128,0.1,32,75,0.0,0.1,15,5,0.5,True,42
early_stopping_patience,15,108,108,14,0.4725906733762134,0.686225312948227,0.001,64,4,2,128,0.1,32,75,0.0,0.1,15,5,0.5,True,42
early_stopping_patience,15,108,108,15,0.46221642286488507,0.7158811748027801,0.001,64,4,2,128,0.1,32,75,0.0,0.1,15,5,0.5,True,42
early_stopping_patience,15,108,108,16,0.44446968941977527,0.6972478131453196,0.001,64,4,2,128,0.1,32,75,0.0,0.1,15,5,0.5,True,42
early_stopping_patience,15,108,108,17,0.4227672176379146,0.7688600142796834,0.001,64,4,2,128,0.1,32,75,0.0,0.1,15,5,0.5,True,42
early_stopping_patience,15,108,108,18,0.3790833694916783,0.7986771603425343,0.001,64,4,2,128,0.1,32,75,0.0,0.1,15,5,0.5,True,42
early_stopping_patience,15,108,108,19,0.3598682823957819,0.8048165599505107,0.001,64,4,2,128,0.1,32,75,0.0,0.1,15,5,0.5,True,42
early_stopping_patience,15,108,108,20,0.3483991100255287,0.8699640432993571,0.001,64,4,2,128,0.1,32,75,0.0,0.1,15,5,0.5,True,42
