parameter_name,parameter_value,hidden_size,num_layers,dropout_rate,bidirectional,learning_rate,batch_size,epochs,weight_decay,validation_fraction,early_stopping_patience,lr_scheduler_patience,lr_scheduler_factor,use_class_weight,seed,fold,subject,epoch,train_loss,val_loss,learning_rate
dropout_rate,0.1,64,2,0.1,False,0.001,32,75,0.0,0.1,10,5,0.5,True,42,1,1,1,0.6938053279212026,0.6920437773068746,0.001
dropout_rate,0.1,64,2,0.1,False,0.001,32,75,0.0,0.1,10,5,0.5,True,42,1,1,2,0.6921202820358854,0.6934869090716044,0.001
dropout_rate,0.1,64,2,0.1,False,0.001,32,75,0.0,0.1,10,5,0.5,True,42,1,1,3,0.6898996775800531,0.6938003381093343,0.001
dropout_rate,0.1,64,2,0.1,False,0.001,32,75,0.0,0.1,10,5,0.5,True,42,1,1,4,0.6866429633263386,0.6968416213989258,0.001
dropout_rate,0.1,64,2,0.1,False,0.001,32,75,0.0,0.1,10,5,0.5,True,42,1,1,5,0.6836402610395894,0.6985885183016459,0.001
dropout_rate,0.1,64,2,0.1,False,0.001,32,75,0.0,0.1,10,5,0.5,True,42,1,1,6,0.6777221343734048,0.7058645327885945,0.001
dropout_rate,0.1,64,2,0.1,False,0.001,32,75,0.0,0.1,10,5,0.5,True,42,1,1,7,0.6692227052919792,0.7220433632532756,0.001
dropout_rate,0.1,64,2,0.1,False,0.001,32,75,0.0,0.1,10,5,0.5,True,42,1,1,8,0.6531179971767195,0.725099790096283,0.001
dropout_rate,0.1,64,2,0.1,False,0.001,32,75,0.0,0.1,10,5,0.5,True,42,1,1,9,0.643449322292299,0.7396541198094686,0.001
dropout_rate,0.1,64,2,0.1,False,0.001,32,75,0.0,0.1,10,5,0.5,True,42,1,1,10,0.6300361553827921,0.7531824787457784,0.001
dropout_rate,0.1,64,2,0.1,False,0.001,32,75,0.0,0.1,10,5,0.5,True,42,1,1,11,0.6175537310314901,0.7553587396939595,0.001
dropout_rate,0.1,64,2,0.1,False,0.001,32,75,0.0,0.1,10,5,0.5,True,42,2,2,1,0.693715594031594,0.693143117427826,0.001
dropout_rate,0.1,64,2,0.1,False,0.001,32,75,0.0,0.1,10,5,0.5,True,42,2,2,2,0.6922355930913578,0.6934695402781169,0.001
dropout_rate,0.1,64,2,0.1,False,0.001,32,75,0.0,0.1,10,5,0.5,True,42,2,2,3,0.6907321368203019,0.6953664779663086,0.001
dropout_rate,0.1,64,2,0.1,False,0.001,32,75,0.0,0.1,10,5,0.5,True,42,2,2,4,0.6879319196397607,0.7021349509557088,0.001
dropout_rate,0.1,64,2,0.1,False,0.001,32,75,0.0,0.1,10,5,0.5,True,42,2,2,5,0.6866508162382877,0.6978623906771342,0.001
dropout_rate,0.1,64,2,0.1,False,0.001,32,75,0.0,0.1,10,5,0.5,True,42,2,2,6,0.6813207304838932,0.6998259902000428,0.001
dropout_rate,0.1,64,2,0.1,False,0.001,32,75,0.0,0.1,10,5,0.5,True,42,2,2,7,0.6771891315778097,0.7121373057365418,0.001
dropout_rate,0.1,64,2,0.1,False,0.001,32,75,0.0,0.1,10,5,0.5,True,42,2,2,8,0.6612015804558089,0.7274782260258993,0.001
dropout_rate,0.1,64,2,0.1,False,0.001,32,75,0.0,0.1,10,5,0.5,True,42,2,2,9,0.6515560565572797,0.7415813525517782,0.001
dropout_rate,0.1,64,2,0.1,False,0.001,32,75,0.0,0.1,10,5,0.5,True,42,2,2,10,0.64080700052507,0.7526128848393758,0.001
dropout_rate,0.1,64,2,0.1,False,0.001,32,75,0.0,0.1,10,5,0.5,True,42,2,2,11,0.6315796029838648,0.777529791990916,0.001
dropout_rate,0.1,64,2,0.1,False,0.001,32,75,0.0,0.1,10,5,0.5,True,42,3,3,1,0.6937532257853132,0.6928900202115377,0.001
dropout_rate,0.1,64,2,0.1,False,0.001,32,75,0.0,0.1,10,5,0.5,True,42,3,3,2,0.6910731851151495,0.6951977411905924,0.001
dropout_rate,0.1,64,2,0.1,False,0.001,32,75,0.0,0.1,10,5,0.5,True,42,3,3,3,0.6905185395117962,0.6996545155843099,0.001
dropout_rate,0.1,64,2,0.1,False,0.001,32,75,0.0,0.1,10,5,0.5,True,42,3,3,4,0.6867319697683508,0.7072820067405701,0.001
dropout_rate,0.1,64,2,0.1,False,0.001,32,75,0.0,0.1,10,5,0.5,True,42,3,3,5,0.6801981366041935,0.7084191918373108,0.001
dropout_rate,0.1,64,2,0.1,False,0.001,32,75,0.0,0.1,10,5,0.5,True,42,3,3,6,0.6729892957391161,0.7108305732409159,0.001
dropout_rate,0.1,64,2,0.1,False,0.001,32,75,0.0,0.1,10,5,0.5,True,42,3,3,7,0.6630627639365919,0.7299118836720785,0.001
dropout_rate,0.1,64,2,0.1,False,0.001,32,75,0.0,0.1,10,5,0.5,True,42,3,3,8,0.6514441614801233,0.7442391832669576,0.001
dropout_rate,0.1,64,2,0.1,False,0.001,32,75,0.0,0.1,10,5,0.5,True,42,3,3,9,0.6404333173325567,0.747154955069224,0.001
dropout_rate,0.1,64,2,0.1,False,0.001,32,75,0.0,0.1,10,5,0.5,True,42,3,3,10,0.6312713930101106,0.7669639865557353,0.001
dropout_rate,0.1,64,2,0.1,False,0.001,32,75,0.0,0.1,10,5,0.5,True,42,3,3,11,0.6215640742218855,0.7869727889696757,0.001
dropout_rate,0.1,64,2,0.1,False,0.001,32,75,0.0,0.1,10,5,0.5,True,42,4,4,1,0.6941235259626851,0.6928479035695394,0.001
dropout_rate,0.1,64,2,0.1,False,0.001,32,75,0.0,0.1,10,5,0.5,True,42,4,4,2,0.6927293060403882,0.6922998388608297,0.001
dropout_rate,0.1,64,2,0.1,False,0.001,32,75,0.0,0.1,10,5,0.5,True,42,4,4,3,0.6910136224645557,0.6928290526072184,0.001
dropout_rate,0.1,64,2,0.1,False,0.001,32,75,0.0,0.1,10,5,0.5,True,42,4,4,4,0.6883498814069864,0.6965759436289469,0.001
dropout_rate,0.1,64,2,0.1,False,0.001,32,75,0.0,0.1,10,5,0.5,True,42,4,4,5,0.6866640931729114,0.6967405557632447,0.001
dropout_rate,0.1,64,2,0.1,False,0.001,32,75,0.0,0.1,10,5,0.5,True,42,4,4,6,0.6807550697615652,0.709229338169098,0.001
dropout_rate,0.1,64,2,0.1,False,0.001,32,75,0.0,0.1,10,5,0.5,True,42,4,4,7,0.677494004368782,0.7107436418533325,0.001
dropout_rate,0.1,64,2,0.1,False,0.001,32,75,0.0,0.1,10,5,0.5,True,42,4,4,8,0.6673507514325056,0.7248217026392619,0.001
dropout_rate,0.1,64,2,0.1,False,0.001,32,75,0.0,0.1,10,5,0.5,True,42,4,4,9,0.6490180406606558,0.7415804942448934,0.001
dropout_rate,0.1,64,2,0.1,False,0.001,32,75,0.0,0.1,10,5,0.5,True,42,4,4,10,0.6361773099863168,0.7560833136240641,0.001
dropout_rate,0.1,64,2,0.1,False,0.001,32,75,0.0,0.1,10,5,0.5,True,42,4,4,11,0.6240513794349901,0.7763961474100749,0.001
dropout_rate,0.1,64,2,0.1,False,0.001,32,75,0.0,0.1,10,5,0.5,True,42,4,4,12,0.6127341504801403,0.78854025999705,0.001
dropout_rate,0.1,64,2,0.1,False,0.001,32,75,0.0,0.1,10,5,0.5,True,42,5,5,1,0.6940605554616812,0.6917171001434326,0.001
dropout_rate,0.1,64,2,0.1,False,0.001,32,75,0.0,0.1,10,5,0.5,True,42,5,5,2,0.692373430187052,0.6906834125518799,0.001
dropout_rate,0.1,64,2,0.1,False,0.001,32,75,0.0,0.1,10,5,0.5,True,42,5,5,3,0.6906352643713807,0.6933058818181356,0.001
dropout_rate,0.1,64,2,0.1,False,0.001,32,75,0.0,0.1,10,5,0.5,True,42,5,5,4,0.6889962928764748,0.6893522103627523,0.001
dropout_rate,0.1,64,2,0.1,False,0.001,32,75,0.0,0.1,10,5,0.5,True,42,5,5,5,0.6862704668081168,0.6869290431340536,0.001
dropout_rate,0.1,64,2,0.1,False,0.001,32,75,0.0,0.1,10,5,0.5,True,42,5,5,6,0.6803010796958749,0.692375373840332,0.001
dropout_rate,0.1,64,2,0.1,False,0.001,32,75,0.0,0.1,10,5,0.5,True,42,5,5,7,0.6765329025008462,0.7135044654210408,0.001
dropout_rate,0.1,64,2,0.1,False,0.001,32,75,0.0,0.1,10,5,0.5,True,42,5,5,8,0.6701261816602765,0.6933658798535665,0.001
dropout_rate,0.1,64,2,0.1,False,0.001,32,75,0.0,0.1,10,5,0.5,True,42,5,5,9,0.6592993429212859,0.7112707297007242,0.001
dropout_rate,0.1,64,2,0.1,False,0.001,32,75,0.0,0.1,10,5,0.5,True,42,5,5,10,0.6524420994700808,0.7235158999760946,0.001
dropout_rate,0.1,64,2,0.1,False,0.001,32,75,0.0,0.1,10,5,0.5,True,42,5,5,11,0.6416964372902205,0.7265800714492798,0.001
dropout_rate,0.1,64,2,0.1,False,0.001,32,75,0.0,0.1,10,5,0.5,True,42,5,5,12,0.6154230054129254,0.7388733744621276,0.001
dropout_rate,0.1,64,2,0.1,False,0.001,32,75,0.0,0.1,10,5,0.5,True,42,5,5,13,0.6011847201170344,0.784728984038035,0.001
dropout_rate,0.1,64,2,0.1,False,0.001,32,75,0.0,0.1,10,5,0.5,True,42,5,5,14,0.5840117339835023,0.829326331615448,0.001
dropout_rate,0.1,64,2,0.1,False,0.001,32,75,0.0,0.1,10,5,0.5,True,42,5,5,15,0.5679120464306889,0.8544812440872193,0.001
dropout_rate,0.1,64,2,0.1,False,0.001,32,75,0.0,0.1,10,5,0.5,True,42,6,6,1,0.693442089991136,0.6929113467534384,0.001
dropout_rate,0.1,64,2,0.1,False,0.001,32,75,0.0,0.1,10,5,0.5,True,42,6,6,2,0.6919734952124682,0.6905088702837626,0.001
dropout_rate,0.1,64,2,0.1,False,0.001,32,75,0.0,0.1,10,5,0.5,True,42,6,6,3,0.6897315134604772,0.6896613836288452,0.001
dropout_rate,0.1,64,2,0.1,False,0.001,32,75,0.0,0.1,10,5,0.5,True,42,6,6,4,0.6873095559351372,0.6955986817677816,0.001
dropout_rate,0.1,64,2,0.1,False,0.001,32,75,0.0,0.1,10,5,0.5,True,42,6,6,5,0.6829585256901655,0.6980303208033244,0.001
dropout_rate,0.1,64,2,0.1,False,0.001,32,75,0.0,0.1,10,5,0.5,True,42,6,6,6,0.6816311320572188,0.7002661983172099,0.001
dropout_rate,0.1,64,2,0.1,False,0.001,32,75,0.0,0.1,10,5,0.5,True,42,6,6,7,0.6726308550798532,0.7068238099416096,0.001
dropout_rate,0.1,64,2,0.1,False,0.001,32,75,0.0,0.1,10,5,0.5,True,42,6,6,8,0.659933809078101,0.7179185708363851,0.001
dropout_rate,0.1,64,2,0.1,False,0.001,32,75,0.0,0.1,10,5,0.5,True,42,6,6,9,0.6516998405709411,0.7286449631055196,0.001
dropout_rate,0.1,64,2,0.1,False,0.001,32,75,0.0,0.1,10,5,0.5,True,42,6,6,10,0.6299157311970537,0.7577550729115804,0.001
dropout_rate,0.1,64,2,0.1,False,0.001,32,75,0.0,0.1,10,5,0.5,True,42,6,6,11,0.6164174429846533,0.7797548770904541,0.001
dropout_rate,0.1,64,2,0.1,False,0.001,32,75,0.0,0.1,10,5,0.5,True,42,6,6,12,0.5994585490587986,0.8121212244033813,0.001
dropout_rate,0.1,64,2,0.1,False,0.001,32,75,0.0,0.1,10,5,0.5,True,42,6,6,13,0.5869050698749947,0.8442036032676696,0.001
dropout_rate,0.1,64,2,0.1,False,0.001,32,75,0.0,0.1,10,5,0.5,True,42,7,7,1,0.6936796126943646,0.6926246722539265,0.001
dropout_rate,0.1,64,2,0.1,False,0.001,32,75,0.0,0.1,10,5,0.5,True,42,7,7,2,0.6923452073877508,0.6924425562222799,0.001
dropout_rate,0.1,64,2,0.1,False,0.001,32,75,0.0,0.1,10,5,0.5,True,42,7,7,3,0.6902682189688538,0.6943903048833211,0.001
dropout_rate,0.1,64,2,0.1,False,0.001,32,75,0.0,0.1,10,5,0.5,True,42,7,7,4,0.6879058669913899,0.698524530728658,0.001
dropout_rate,0.1,64,2,0.1,False,0.001,32,75,0.0,0.1,10,5,0.5,True,42,7,7,5,0.6853754655881361,0.6994154969851176,0.001
dropout_rate,0.1,64,2,0.1,False,0.001,32,75,0.0,0.1,10,5,0.5,True,42,7,7,6,0.6798262727079969,0.708390736579895,0.001
dropout_rate,0.1,64,2,0.1,False,0.001,32,75,0.0,0.1,10,5,0.5,True,42,7,7,7,0.6719845316626809,0.71363339026769,0.001
dropout_rate,0.1,64,2,0.1,False,0.001,32,75,0.0,0.1,10,5,0.5,True,42,7,7,8,0.6624540704669375,0.7446225921312968,0.001
dropout_rate,0.1,64,2,0.1,False,0.001,32,75,0.0,0.1,10,5,0.5,True,42,7,7,9,0.6450406827709891,0.7590298016866048,0.001
dropout_rate,0.1,64,2,0.1,False,0.001,32,75,0.0,0.1,10,5,0.5,True,42,7,7,10,0.6325901647408804,0.7721935272216797,0.001
dropout_rate,0.1,64,2,0.1,False,0.001,32,75,0.0,0.1,10,5,0.5,True,42,7,7,11,0.6202072022539197,0.7842427213986715,0.001
dropout_rate,0.1,64,2,0.1,False,0.001,32,75,0.0,0.1,10,5,0.5,True,42,7,7,12,0.6064898364923217,0.7742180546124776,0.001
dropout_rate,0.1,64,2,0.1,False,0.001,32,75,0.0,0.1,10,5,0.5,True,42,8,8,1,0.694366380572319,0.6948665102322896,0.001
dropout_rate,0.1,64,2,0.1,False,0.001,32,75,0.0,0.1,10,5,0.5,True,42,8,8,2,0.6927745563514305,0.6923817992210388,0.001
dropout_rate,0.1,64,2,0.1,False,0.001,32,75,0.0,0.1,10,5,0.5,True,42,8,8,3,0.6905182261358608,0.688299830754598,0.001
dropout_rate,0.1,64,2,0.1,False,0.001,32,75,0.0,0.1,10,5,0.5,True,42,8,8,4,0.6889905392220526,0.6921764214833578,0.001
dropout_rate,0.1,64,2,0.1,False,0.001,32,75,0.0,0.1,10,5,0.5,True,42,8,8,5,0.6854308274659243,0.7012235085169475,0.001
dropout_rate,0.1,64,2,0.1,False,0.001,32,75,0.0,0.1,10,5,0.5,True,42,8,8,6,0.6811161840503867,0.6997779568036397,0.001
dropout_rate,0.1,64,2,0.1,False,0.001,32,75,0.0,0.1,10,5,0.5,True,42,8,8,7,0.6752419954899586,0.7094130833943685,0.001
dropout_rate,0.1,64,2,0.1,False,0.001,32,75,0.0,0.1,10,5,0.5,True,42,8,8,8,0.6679583291212717,0.7148316780726115,0.001
dropout_rate,0.1,64,2,0.1,False,0.001,32,75,0.0,0.1,10,5,0.5,True,42,8,8,9,0.6562820113066471,0.7621328910191854,0.001
dropout_rate,0.1,64,2,0.1,False,0.001,32,75,0.0,0.1,10,5,0.5,True,42,8,8,10,0.633225494261944,0.7631431500116984,0.001
dropout_rate,0.1,64,2,0.1,False,0.001,32,75,0.0,0.1,10,5,0.5,True,42,8,8,11,0.6206107952378013,0.7520925720532735,0.001
dropout_rate,0.1,64,2,0.1,False,0.001,32,75,0.0,0.1,10,5,0.5,True,42,8,8,12,0.6022697958079252,0.8039596756299336,0.001
dropout_rate,0.1,64,2,0.1,False,0.001,32,75,0.0,0.1,10,5,0.5,True,42,8,8,13,0.5907263396815821,0.8037510315577189,0.001
dropout_rate,0.1,64,2,0.1,False,0.001,32,75,0.0,0.1,10,5,0.5,True,42,9,9,1,0.6935230701258688,0.693767233689626,0.001
dropout_rate,0.1,64,2,0.1,False,0.001,32,75,0.0,0.1,10,5,0.5,True,42,9,9,2,0.6920735790874019,0.6928127765655517,0.001
dropout_rate,0.1,64,2,0.1,False,0.001,32,75,0.0,0.1,10,5,0.5,True,42,9,9,3,0.6912595896106778,0.6932854294776917,0.001
dropout_rate,0.1,64,2,0.1,False,0.001,32,75,0.0,0.1,10,5,0.5,True,42,9,9,4,0.6861310696060007,0.6934799393018086,0.001
dropout_rate,0.1,64,2,0.1,False,0.001,32,75,0.0,0.1,10,5,0.5,True,42,9,9,5,0.6813411152724064,0.707939104239146,0.001
dropout_rate,0.1,64,2,0.1,False,0.001,32,75,0.0,0.1,10,5,0.5,True,42,9,9,6,0.6750021585912416,0.7078332463900249,0.001
dropout_rate,0.1,64,2,0.1,False,0.001,32,75,0.0,0.1,10,5,0.5,True,42,9,9,7,0.668088715636369,0.7093515475591023,0.001
dropout_rate,0.1,64,2,0.1,False,0.001,32,75,0.0,0.1,10,5,0.5,True,42,9,9,8,0.6562439054250717,0.7120356917381286,0.001
dropout_rate,0.1,64,2,0.1,False,0.001,32,75,0.0,0.1,10,5,0.5,True,42,9,9,9,0.6439060153383197,0.7486920078595479,0.001
dropout_rate,0.1,64,2,0.1,False,0.001,32,75,0.0,0.1,10,5,0.5,True,42,9,9,10,0.6315366616754821,0.7511905352274577,0.001
dropout_rate,0.1,64,2,0.1,False,0.001,32,75,0.0,0.1,10,5,0.5,True,42,9,9,11,0.6235284909154429,0.7686975836753845,0.001
dropout_rate,0.1,64,2,0.1,False,0.001,32,75,0.0,0.1,10,5,0.5,True,42,9,9,12,0.613288225323865,0.7642594416936238,0.001
dropout_rate,0.1,64,2,0.1,False,0.001,32,75,0.0,0.1,10,5,0.5,True,42,10,10,1,0.6943280340144129,0.6923385580380758,0.001
dropout_rate,0.1,64,2,0.1,False,0.001,32,75,0.0,0.1,10,5,0.5,True,42,10,10,2,0.6923654774824778,0.6923193256060283,0.001
dropout_rate,0.1,64,2,0.1,False,0.001,32,75,0.0,0.1,10,5,0.5,True,42,10,10,3,0.6903868800762928,0.6937706033388774,0.001
dropout_rate,0.1,64,2,0.1,False,0.001,32,75,0.0,0.1,10,5,0.5,True,42,10,10,4,0.6861065332636689,0.6934739549954733,0.001
dropout_rate,0.1,64,2,0.1,False,0.001,32,75,0.0,0.1,10,5,0.5,True,42,10,10,5,0.6817740739294977,0.6948432087898254,0.001
dropout_rate,0.1,64,2,0.1,False,0.001,32,75,0.0,0.1,10,5,0.5,True,42,10,10,6,0.6767950893351526,0.7042743722597758,0.001
dropout_rate,0.1,64,2,0.1,False,0.001,32,75,0.0,0.1,10,5,0.5,True,42,10,10,7,0.6644415001977574,0.7296080629030863,0.001
dropout_rate,0.1,64,2,0.1,False,0.001,32,75,0.0,0.1,10,5,0.5,True,42,10,10,8,0.6523458553534566,0.7396263678868612,0.001
dropout_rate,0.1,64,2,0.1,False,0.001,32,75,0.0,0.1,10,5,0.5,True,42,10,10,9,0.6455085787809256,0.7592245022455851,0.001
dropout_rate,0.1,64,2,0.1,False,0.001,32,75,0.0,0.1,10,5,0.5,True,42,10,10,10,0.6356654555508585,0.7703402161598205,0.001
dropout_rate,0.1,64,2,0.1,False,0.001,32,75,0.0,0.1,10,5,0.5,True,42,10,10,11,0.6281555579467253,0.7588658014933268,0.001
dropout_rate,0.1,64,2,0.1,False,0.001,32,75,0.0,0.1,10,5,0.5,True,42,10,10,12,0.6198272639603326,0.7652596791585287,0.001
dropout_rate,0.1,64,2,0.1,False,0.001,32,75,0.0,0.1,10,5,0.5,True,42,11,11,1,0.6938871461333651,0.693562638759613,0.001
dropout_rate,0.1,64,2,0.1,False,0.001,32,75,0.0,0.1,10,5,0.5,True,42,11,11,2,0.6917992274869572,0.6945787191390991,0.001
dropout_rate,0.1,64,2,0.1,False,0.001,32,75,0.0,0.1,10,5,0.5,True,42,11,11,3,0.6889346232919982,0.6956591606140137,0.001
dropout_rate,0.1,64,2,0.1,False,0.001,32,75,0.0,0.1,10,5,0.5,True,42,11,11,4,0.6854603290557861,0.6992701292037964,0.001
dropout_rate,0.1,64,2,0.1,False,0.001,32,75,0.0,0.1,10,5,0.5,True,42,11,11,5,0.6825219325043939,0.6979372064272563,0.001
dropout_rate,0.1,64,2,0.1,False,0.001,32,75,0.0,0.1,10,5,0.5,True,42,11,11,6,0.6801207490039595,0.7083791255950928,0.001
dropout_rate,0.1,64,2,0.1,False,0.001,32,75,0.0,0.1,10,5,0.5,True,42,11,11,7,0.6745846989479932,0.7039950370788575,0.001
dropout_rate,0.1,64,2,0.1,False,0.001,32,75,0.0,0.1,10,5,0.5,True,42,11,11,8,0.6588009717789564,0.7313091238339742,0.001
dropout_rate,0.1,64,2,0.1,False,0.001,32,75,0.0,0.1,10,5,0.5,True,42,11,11,9,0.6466014836773728,0.7330316623051961,0.001
dropout_rate,0.1,64,2,0.1,False,0.001,32,75,0.0,0.1,10,5,0.5,True,42,11,11,10,0.6390992127584688,0.7571357647577922,0.001
dropout_rate,0.1,64,2,0.1,False,0.001,32,75,0.0,0.1,10,5,0.5,True,42,11,11,11,0.6283802791978373,0.8041032989819844,0.001
dropout_rate,0.1,64,2,0.1,False,0.001,32,75,0.0,0.1,10,5,0.5,True,42,12,12,1,0.693966190923344,0.692412010828654,0.001
dropout_rate,0.1,64,2,0.1,False,0.001,32,75,0.0,0.1,10,5,0.5,True,42,12,12,2,0.6927213181148876,0.6920683066050212,0.001
dropout_rate,0.1,64,2,0.1,False,0.001,32,75,0.0,0.1,10,5,0.5,True,42,12,12,3,0.6906470367402742,0.6908690174420674,0.001
dropout_rate,0.1,64,2,0.1,False,0.001,32,75,0.0,0.1,10,5,0.5,True,42,12,12,4,0.6891533885941361,0.6915426452954611,0.001
dropout_rate,0.1,64,2,0.1,False,0.001,32,75,0.0,0.1,10,5,0.5,True,42,12,12,5,0.6847763097647465,0.6946626742680867,0.001
dropout_rate,0.1,64,2,0.1,False,0.001,32,75,0.0,0.1,10,5,0.5,True,42,12,12,6,0.6801051560676459,0.7034310619036357,0.001
dropout_rate,0.1,64,2,0.1,False,0.001,32,75,0.0,0.1,10,5,0.5,True,42,12,12,7,0.6752882514036063,0.7013347188631693,0.001
dropout_rate,0.1,64,2,0.1,False,0.001,32,75,0.0,0.1,10,5,0.5,True,42,12,12,8,0.6631094298579476,0.7119687000910441,0.001
dropout_rate,0.1,64,2,0.1,False,0.001,32,75,0.0,0.1,10,5,0.5,True,42,12,12,9,0.6537717187946493,0.7204381187756856,0.001
dropout_rate,0.1,64,2,0.1,False,0.001,32,75,0.0,0.1,10,5,0.5,True,42,12,12,10,0.6301323076089224,0.747914191087087,0.001
dropout_rate,0.1,64,2,0.1,False,0.001,32,75,0.0,0.1,10,5,0.5,True,42,12,12,11,0.612980116948937,0.783547596136729,0.001
dropout_rate,0.1,64,2,0.1,False,0.001,32,75,0.0,0.1,10,5,0.5,True,42,12,12,12,0.598377708232764,0.7881132245063782,0.001
dropout_rate,0.1,64,2,0.1,False,0.001,32,75,0.0,0.1,10,5,0.5,True,42,12,12,13,0.5795652572855805,0.8154028375943502,0.001
dropout_rate,0.1,64,2,0.1,False,0.001,32,75,0.0,0.1,10,5,0.5,True,42,13,13,1,0.6938467436667645,0.6941842635472616,0.001
dropout_rate,0.1,64,2,0.1,False,0.001,32,75,0.0,0.1,10,5,0.5,True,42,13,13,2,0.692377374479265,0.6940011779467264,0.001
dropout_rate,0.1,64,2,0.1,False,0.001,32,75,0.0,0.1,10,5,0.5,True,42,13,13,3,0.6910350128556743,0.6944056351979574,0.001
dropout_rate,0.1,64,2,0.1,False,0.001,32,75,0.0,0.1,10,5,0.5,True,42,13,13,4,0.6888513763745626,0.6954790194829304,0.001
dropout_rate,0.1,64,2,0.1,False,0.001,32,75,0.0,0.1,10,5,0.5,True,42,13,13,5,0.6866615089503202,0.700825556119283,0.001
dropout_rate,0.1,64,2,0.1,False,0.001,32,75,0.0,0.1,10,5,0.5,True,42,13,13,6,0.6823125919609359,0.6962967912356058,0.001
dropout_rate,0.1,64,2,0.1,False,0.001,32,75,0.0,0.1,10,5,0.5,True,42,13,13,7,0.6759363972779476,0.7029782931009928,0.001
dropout_rate,0.1,64,2,0.1,False,0.001,32,75,0.0,0.1,10,5,0.5,True,42,13,13,8,0.6676290048794313,0.6914026657740275,0.001
dropout_rate,0.1,64,2,0.1,False,0.001,32,75,0.0,0.1,10,5,0.5,True,42,13,13,9,0.6616926369341937,0.706199590365092,0.001
dropout_rate,0.1,64,2,0.1,False,0.001,32,75,0.0,0.1,10,5,0.5,True,42,13,13,10,0.6467980444431305,0.7173259615898132,0.001
dropout_rate,0.1,64,2,0.1,False,0.001,32,75,0.0,0.1,10,5,0.5,True,42,13,13,11,0.6345722691127749,0.7209774573644002,0.001
dropout_rate,0.1,64,2,0.1,False,0.001,32,75,0.0,0.1,10,5,0.5,True,42,13,13,12,0.6169906048612162,0.7473768313725789,0.001
dropout_rate,0.1,64,2,0.1,False,0.001,32,75,0.0,0.1,10,5,0.5,True,42,13,13,13,0.6016247818867365,0.7772942900657653,0.001
dropout_rate,0.1,64,2,0.1,False,0.001,32,75,0.0,0.1,10,5,0.5,True,42,13,13,14,0.5804018418897282,0.8083018223444621,0.001
dropout_rate,0.1,64,2,0.1,False,0.001,32,75,0.0,0.1,10,5,0.5,True,42,13,13,15,0.5404325066642328,0.8517701427141825,0.001
dropout_rate,0.1,64,2,0.1,False,0.001,32,75,0.0,0.1,10,5,0.5,True,42,13,13,16,0.5203861153938554,0.8983251174290975,0.001
dropout_rate,0.1,64,2,0.1,False,0.001,32,75,0.0,0.1,10,5,0.5,True,42,13,13,17,0.499616876244545,0.9366650382677714,0.001
dropout_rate,0.1,64,2,0.1,False,0.001,32,75,0.0,0.1,10,5,0.5,True,42,13,13,18,0.49189780494480423,0.9478533903757731,0.001
dropout_rate,0.1,64,2,0.1,False,0.001,32,75,0.0,0.1,10,5,0.5,True,42,14,14,1,0.6938311967885855,0.6935422619183859,0.001
dropout_rate,0.1,64,2,0.1,False,0.001,32,75,0.0,0.1,10,5,0.5,True,42,14,14,2,0.6926030259240757,0.6920530637105305,0.001
dropout_rate,0.1,64,2,0.1,False,0.001,32,75,0.0,0.1,10,5,0.5,True,42,14,14,3,0.6912635474494009,0.6913766066233317,0.001
dropout_rate,0.1,64,2,0.1,False,0.001,32,75,0.0,0.1,10,5,0.5,True,42,14,14,4,0.6892919350754131,0.6888885974884034,0.001
dropout_rate,0.1,64,2,0.1,False,0.001,32,75,0.0,0.1,10,5,0.5,True,42,14,14,5,0.6850928510680343,0.6895030379295349,0.001
dropout_rate,0.1,64,2,0.1,False,0.001,32,75,0.0,0.1,10,5,0.5,True,42,14,14,6,0.6812632738640814,0.6875354806582133,0.001
dropout_rate,0.1,64,2,0.1,False,0.001,32,75,0.0,0.1,10,5,0.5,True,42,14,14,7,0.676093724640933,0.6891935706138611,0.001
dropout_rate,0.1,64,2,0.1,False,0.001,32,75,0.0,0.1,10,5,0.5,True,42,14,14,8,0.6670580239910068,0.7166693687438965,0.001
dropout_rate,0.1,64,2,0.1,False,0.001,32,75,0.0,0.1,10,5,0.5,True,42,14,14,9,0.6576713761596968,0.7341489831606547,0.001
dropout_rate,0.1,64,2,0.1,False,0.001,32,75,0.0,0.1,10,5,0.5,True,42,14,14,10,0.644750406796282,0.7275024930636088,0.001
dropout_rate,0.1,64,2,0.1,False,0.001,32,75,0.0,0.1,10,5,0.5,True,42,14,14,11,0.62866100443132,0.7624695658683777,0.001
dropout_rate,0.1,64,2,0.1,False,0.001,32,75,0.0,0.1,10,5,0.5,True,42,14,14,12,0.6095866287748019,0.7380496899286906,0.001
dropout_rate,0.1,64,2,0.1,False,0.001,32,75,0.0,0.1,10,5,0.5,True,42,14,14,13,0.5744990647742243,0.8384417414665222,0.001
dropout_rate,0.1,64,2,0.1,False,0.001,32,75,0.0,0.1,10,5,0.5,True,42,14,14,14,0.5520247988628618,0.9191302140553792,0.001
dropout_rate,0.1,64,2,0.1,False,0.001,32,75,0.0,0.1,10,5,0.5,True,42,14,14,15,0.5393856377764181,0.9006264646848042,0.001
dropout_rate,0.1,64,2,0.1,False,0.001,32,75,0.0,0.1,10,5,0.5,True,42,14,14,16,0.5222319764169779,0.9530997355779012,0.001
dropout_rate,0.1,64,2,0.1,False,0.001,32,75,0.0,0.1,10,5,0.5,True,42,15,15,1,0.6941194728468404,0.6925095558166504,0.001
dropout_rate,0.1,64,2,0.1,False,0.001,32,75,0.0,0.1,10,5,0.5,True,42,15,15,2,0.6924849608630845,0.6935022910435994,0.001
dropout_rate,0.1,64,2,0.1,False,0.001,32,75,0.0,0.1,10,5,0.5,True,42,15,15,3,0.6907119303941727,0.6939198613166809,0.001
dropout_rate,0.1,64,2,0.1,False,0.001,32,75,0.0,0.1,10,5,0.5,True,42,15,15,4,0.6875576783310283,0.6958909074465434,0.001
dropout_rate,0.1,64,2,0.1,False,0.001,32,75,0.0,0.1,10,5,0.5,True,42,15,15,5,0.6846397352038007,0.7040895581245422,0.001
dropout_rate,0.1,64,2,0.1,False,0.001,32,75,0.0,0.1,10,5,0.5,True,42,15,15,6,0.6812679528286962,0.7074651559193929,0.001
dropout_rate,0.1,64,2,0.1,False,0.001,32,75,0.0,0.1,10,5,0.5,True,42,15,15,7,0.6730428157430707,0.7043971379597982,0.001
dropout_rate,0.1,64,2,0.1,False,0.001,32,75,0.0,0.1,10,5,0.5,True,42,15,15,8,0.6596762397975633,0.7311930298805237,0.001
dropout_rate,0.1,64,2,0.1,False,0.001,32,75,0.0,0.1,10,5,0.5,True,42,15,15,9,0.6517045786886504,0.7369178970654805,0.001
dropout_rate,0.1,64,2,0.1,False,0.001,32,75,0.0,0.1,10,5,0.5,True,42,15,15,10,0.6414865212458553,0.7459953705469767,0.001
dropout_rate,0.1,64,2,0.1,False,0.001,32,75,0.0,0.1,10,5,0.5,True,42,15,15,11,0.6280582967129621,0.7653170148531596,0.001
dropout_rate,0.1,64,2,0.1,False,0.001,32,75,0.0,0.1,10,5,0.5,True,42,16,16,1,0.6940862983465195,0.6926741997400919,0.001
dropout_rate,0.1,64,2,0.1,False,0.001,32,75,0.0,0.1,10,5,0.5,True,42,16,16,2,0.6925323632630435,0.6916043599446614,0.001
dropout_rate,0.1,64,2,0.1,False,0.001,32,75,0.0,0.1,10,5,0.5,True,42,16,16,3,0.6920192341009775,0.6924039085706075,0.001
dropout_rate,0.1,64,2,0.1,False,0.001,32,75,0.0,0.1,10,5,0.5,True,42,16,16,4,0.6896510648004937,0.6917242924372355,0.001
dropout_rate,0.1,64,2,0.1,False,0.001,32,75,0.0,0.1,10,5,0.5,True,42,16,16,5,0.6875768466429277,0.692887274424235,0.001
dropout_rate,0.1,64,2,0.1,False,0.001,32,75,0.0,0.1,10,5,0.5,True,42,16,16,6,0.6836426641904947,0.6906269749005636,0.001
dropout_rate,0.1,64,2,0.1,False,0.001,32,75,0.0,0.1,10,5,0.5,True,42,16,16,7,0.6791909874388666,0.6979999224344889,0.001
dropout_rate,0.1,64,2,0.1,False,0.001,32,75,0.0,0.1,10,5,0.5,True,42,16,16,8,0.6744884609272985,0.7011125882466634,0.001
dropout_rate,0.1,64,2,0.1,False,0.001,32,75,0.0,0.1,10,5,0.5,True,42,16,16,9,0.6646837790807089,0.7075587073961894,0.001
dropout_rate,0.1,64,2,0.1,False,0.001,32,75,0.0,0.1,10,5,0.5,True,42,16,16,10,0.6550893169460874,0.770960291226705,0.001
dropout_rate,0.1,64,2,0.1,False,0.001,32,75,0.0,0.1,10,5,0.5,True,42,16,16,11,0.6446825085264264,0.734438415368398,0.001
dropout_rate,0.1,64,2,0.1,False,0.001,32,75,0.0,0.1,10,5,0.5,True,42,16,16,12,0.6276381225748495,0.7561350584030151,0.001
dropout_rate,0.1,64,2,0.1,False,0.001,32,75,0.0,0.1,10,5,0.5,True,42,16,16,13,0.5958259279529253,0.8322131355603536,0.001
dropout_rate,0.1,64,2,0.1,False,0.001,32,75,0.0,0.1,10,5,0.5,True,42,16,16,14,0.5778891577413587,0.8691193580627441,0.001
dropout_rate,0.1,64,2,0.1,False,0.001,32,75,0.0,0.1,10,5,0.5,True,42,16,16,15,0.5576720657673749,0.8367395559946696,0.001
dropout_rate,0.1,64,2,0.1,False,0.001,32,75,0.0,0.1,10,5,0.5,True,42,16,16,16,0.5363764252626535,0.9203348517417907,0.001
dropout_rate,0.1,64,2,0.1,False,0.001,32,75,0.0,0.1,10,5,0.5,True,42,17,17,1,0.6939427048871012,0.6927283843358357,0.001
dropout_rate,0.1,64,2,0.1,False,0.001,32,75,0.0,0.1,10,5,0.5,True,42,17,17,2,0.6927079093275648,0.6914935032526652,0.001
dropout_rate,0.1,64,2,0.1,False,0.001,32,75,0.0,0.1,10,5,0.5,True,42,17,17,3,0.691677135500041,0.6891926884651184,0.001
dropout_rate,0.1,64,2,0.1,False,0.001,32,75,0.0,0.1,10,5,0.5,True,42,17,17,4,0.6879811892003724,0.6902187307675679,0.001
dropout_rate,0.1,64,2,0.1,False,0.001,32,75,0.0,0.1,10,5,0.5,True,42,17,17,5,0.6862371003989017,0.6857719620068868,0.001
dropout_rate,0.1,64,2,0.1,False,0.001,32,75,0.0,0.1,10,5,0.5,True,42,17,17,6,0.6800614988262003,0.6863765080769857,0.001
dropout_rate,0.1,64,2,0.1,False,0.001,32,75,0.0,0.1,10,5,0.5,True,42,17,17,7,0.6741180031588583,0.690004312992096,0.001
dropout_rate,0.1,64,2,0.1,False,0.001,32,75,0.0,0.1,10,5,0.5,True,42,17,17,8,0.661889068105004,0.6889427940050761,0.001
dropout_rate,0.1,64,2,0.1,False,0.001,32,75,0.0,0.1,10,5,0.5,True,42,17,17,9,0.6515341091788176,0.7158752163251241,0.001
dropout_rate,0.1,64,2,0.1,False,0.001,32,75,0.0,0.1,10,5,0.5,True,42,17,17,10,0.6346580359068784,0.7351766268412272,0.001
dropout_rate,0.1,64,2,0.1,False,0.001,32,75,0.0,0.1,10,5,0.5,True,42,17,17,11,0.6247985297531793,0.7361610571543376,0.001
dropout_rate,0.1,64,2,0.1,False,0.001,32,75,0.0,0.1,10,5,0.5,True,42,17,17,12,0.5902242798245314,0.7754449089368184,0.001
dropout_rate,0.1,64,2,0.1,False,0.001,32,75,0.0,0.1,10,5,0.5,True,42,17,17,13,0.5733538317409429,0.8135055541992188,0.001
dropout_rate,0.1,64,2,0.1,False,0.001,32,75,0.0,0.1,10,5,0.5,True,42,17,17,14,0.557218983995192,0.8909697492917379,0.001
dropout_rate,0.1,64,2,0.1,False,0.001,32,75,0.0,0.1,10,5,0.5,True,42,17,17,15,0.5392455314144944,0.9178834120432536,0.001
dropout_rate,0.1,64,2,0.1,False,0.001,32,75,0.0,0.1,10,5,0.5,True,42,18,18,1,0.6934055749214056,0.6926466345787048,0.001
dropout_rate,0.1,64,2,0.1,False,0.001,32,75,0.0,0.1,10,5,0.5,True,42,18,18,2,0.6922080774198879,0.692039179801941,0.001
dropout_rate,0.1,64,2,0.1,False,0.001,32,75,0.0,0.1,10,5,0.5,True,42,18,18,3,0.6904086682832602,0.6917635043462117,0.001
dropout_rate,0.1,64,2,0.1,False,0.001,32,75,0.0,0.1,10,5,0.5,True,42,18,18,4,0.6885110627521168,0.6888768315315247,0.001
dropout_rate,0.1,64,2,0.1,False,0.001,32,75,0.0,0.1,10,5,0.5,True,42,18,18,5,0.686070335633827,0.6893460830052693,0.001
dropout_rate,0.1,64,2,0.1,False,0.001,32,75,0.0,0.1,10,5,0.5,True,42,18,18,6,0.6788928996432911,0.6967883348464966,0.001
dropout_rate,0.1,64,2,0.1,False,0.001,32,75,0.0,0.1,10,5,0.5,True,42,18,18,7,0.6715675569844969,0.6969632506370544,0.001
dropout_rate,0.1,64,2,0.1,False,0.001,32,75,0.0,0.1,10,5,0.5,True,42,18,18,8,0.6614423321955132,0.7115664482116699,0.001
dropout_rate,0.1,64,2,0.1,False,0.001,32,75,0.0,0.1,10,5,0.5,True,42,18,18,9,0.6499101722782309,0.724944551785787,0.001
dropout_rate,0.1,64,2,0.1,False,0.001,32,75,0.0,0.1,10,5,0.5,True,42,18,18,10,0.6360009226835135,0.7616140842437744,0.001
dropout_rate,0.1,64,2,0.1,False,0.001,32,75,0.0,0.1,10,5,0.5,True,42,18,18,11,0.6084015581643942,0.8024091561635335,0.001
dropout_rate,0.1,64,2,0.1,False,0.001,32,75,0.0,0.1,10,5,0.5,True,42,18,18,12,0.592043089595708,0.8417506972948711,0.001
dropout_rate,0.1,64,2,0.1,False,0.001,32,75,0.0,0.1,10,5,0.5,True,42,18,18,13,0.5775126997720111,0.8420217752456665,0.001
dropout_rate,0.1,64,2,0.1,False,0.001,32,75,0.0,0.1,10,5,0.5,True,42,18,18,14,0.5556036877361211,0.9280720750490824,0.001
dropout_rate,0.1,64,2,0.1,False,0.001,32,75,0.0,0.1,10,5,0.5,True,42,19,19,1,0.6942627082268397,0.6934921940167745,0.001
dropout_rate,0.1,64,2,0.1,False,0.001,32,75,0.0,0.1,10,5,0.5,True,42,19,19,2,0.6926358039631988,0.6933664441108703,0.001
dropout_rate,0.1,64,2,0.1,False,0.001,32,75,0.0,0.1,10,5,0.5,True,42,19,19,3,0.6908816889379964,0.696400260925293,0.001
dropout_rate,0.1,64,2,0.1,False,0.001,32,75,0.0,0.1,10,5,0.5,True,42,19,19,4,0.6888382809631752,0.6990768233935039,0.001
dropout_rate,0.1,64,2,0.1,False,0.001,32,75,0.0,0.1,10,5,0.5,True,42,19,19,5,0.6854410103776238,0.698277489344279,0.001
dropout_rate,0.1,64,2,0.1,False,0.001,32,75,0.0,0.1,10,5,0.5,True,42,19,19,6,0.6802914160670657,0.704691481590271,0.001
dropout_rate,0.1,64,2,0.1,False,0.001,32,75,0.0,0.1,10,5,0.5,True,42,19,19,7,0.6717003850322781,0.7223099748293559,0.001
dropout_rate,0.1,64,2,0.1,False,0.001,32,75,0.0,0.1,10,5,0.5,True,42,19,19,8,0.6633577613216458,0.7268941164016723,0.001
dropout_rate,0.1,64,2,0.1,False,0.001,32,75,0.0,0.1,10,5,0.5,True,42,19,19,9,0.6426117108626799,0.769192099571228,0.001
dropout_rate,0.1,64,2,0.1,False,0.001,32,75,0.0,0.1,10,5,0.5,True,42,19,19,10,0.6314015957442197,0.7858486652374268,0.001
dropout_rate,0.1,64,2,0.1,False,0.001,32,75,0.0,0.1,10,5,0.5,True,42,19,19,11,0.6194029798110327,0.7689998269081115,0.001
dropout_rate,0.1,64,2,0.1,False,0.001,32,75,0.0,0.1,10,5,0.5,True,42,19,19,12,0.6067978999379909,0.8307006398836771,0.001
dropout_rate,0.1,64,2,0.1,False,0.001,32,75,0.0,0.1,10,5,0.5,True,42,20,20,1,0.69342645370599,0.693308436870575,0.001
dropout_rate,0.1,64,2,0.1,False,0.001,32,75,0.0,0.1,10,5,0.5,True,42,20,20,2,0.6922732862559232,0.6927540222803752,0.001
dropout_rate,0.1,64,2,0.1,False,0.001,32,75,0.0,0.1,10,5,0.5,True,42,20,20,3,0.689887162862402,0.6947109659512838,0.001
dropout_rate,0.1,64,2,0.1,False,0.001,32,75,0.0,0.1,10,5,0.5,True,42,20,20,4,0.6863920273202838,0.7021806200345357,0.001
dropout_rate,0.1,64,2,0.1,False,0.001,32,75,0.0,0.1,10,5,0.5,True,42,20,20,5,0.680414438699231,0.7063886880874634,0.001
dropout_rate,0.1,64,2,0.1,False,0.001,32,75,0.0,0.1,10,5,0.5,True,42,20,20,6,0.6728544664202314,0.719869069258372,0.001
dropout_rate,0.1,64,2,0.1,False,0.001,32,75,0.0,0.1,10,5,0.5,True,42,20,20,7,0.664028189850576,0.7297696749369303,0.001
dropout_rate,0.1,64,2,0.1,False,0.001,32,75,0.0,0.1,10,5,0.5,True,42,20,20,8,0.6524077979001132,0.7464427987734477,0.001
dropout_rate,0.1,64,2,0.1,False,0.001,32,75,0.0,0.1,10,5,0.5,True,42,20,20,9,0.6305344538255171,0.7642450332641602,0.001
dropout_rate,0.1,64,2,0.1,False,0.001,32,75,0.0,0.1,10,5,0.5,True,42,20,20,10,0.6165108594930533,0.7710819363594055,0.001
dropout_rate,0.1,64,2,0.1,False,0.001,32,75,0.0,0.1,10,5,0.5,True,42,20,20,11,0.6039639422387788,0.7999401609102885,0.001
dropout_rate,0.1,64,2,0.1,False,0.001,32,75,0.0,0.1,10,5,0.5,True,42,20,20,12,0.5873330729928884,0.8273690541585287,0.001
dropout_rate,0.1,64,2,0.1,False,0.001,32,75,0.0,0.1,10,5,0.5,True,42,21,21,1,0.6944716857238249,0.6947184443473816,0.001
dropout_rate,0.1,64,2,0.1,False,0.001,32,75,0.0,0.1,10,5,0.5,True,42,21,21,2,0.6925327529509863,0.6957059939702351,0.001
dropout_rate,0.1,64,2,0.1,False,0.001,32,75,0.0,0.1,10,5,0.5,True,42,21,21,3,0.691747020591389,0.6933334906895955,0.001
dropout_rate,0.1,64,2,0.1,False,0.001,32,75,0.0,0.1,10,5,0.5,True,42,21,21,4,0.688034634698521,0.7047620415687561,0.001
dropout_rate,0.1,64,2,0.1,False,0.001,32,75,0.0,0.1,10,5,0.5,True,42,21,21,5,0.6826879124749791,0.7025309205055237,0.001
dropout_rate,0.1,64,2,0.1,False,0.001,32,75,0.0,0.1,10,5,0.5,True,42,21,21,6,0.6769828642859603,0.7042757153511048,0.001
dropout_rate,0.1,64,2,0.1,False,0.001,32,75,0.0,0.1,10,5,0.5,True,42,21,21,7,0.6709744754162702,0.728839123249054,0.001
dropout_rate,0.1,64,2,0.1,False,0.001,32,75,0.0,0.1,10,5,0.5,True,42,21,21,8,0.6643919583522913,0.7413195729255676,0.001
dropout_rate,0.1,64,2,0.1,False,0.001,32,75,0.0,0.1,10,5,0.5,True,42,21,21,9,0.6485551211870078,0.7506520430246989,0.001
dropout_rate,0.1,64,2,0.1,False,0.001,32,75,0.0,0.1,10,5,0.5,True,42,21,21,10,0.6226754762006529,0.773276937007904,0.001
dropout_rate,0.1,64,2,0.1,False,0.001,32,75,0.0,0.1,10,5,0.5,True,42,21,21,11,0.6091597141190008,0.7898214101791382,0.001
dropout_rate,0.1,64,2,0.1,False,0.001,32,75,0.0,0.1,10,5,0.5,True,42,21,21,12,0.5936653505672108,0.8376944343249003,0.001
dropout_rate,0.1,64,2,0.1,False,0.001,32,75,0.0,0.1,10,5,0.5,True,42,21,21,13,0.5798316649866827,0.8451809883117676,0.001
dropout_rate,0.1,64,2,0.1,False,0.001,32,75,0.0,0.1,10,5,0.5,True,42,22,22,1,0.6933924772522666,0.694771162668864,0.001
dropout_rate,0.1,64,2,0.1,False,0.001,32,75,0.0,0.1,10,5,0.5,True,42,22,22,2,0.6919097638491428,0.6915390173594157,0.001
dropout_rate,0.1,64,2,0.1,False,0.001,32,75,0.0,0.1,10,5,0.5,True,42,22,22,3,0.6905007579109885,0.6900339325269064,0.001
dropout_rate,0.1,64,2,0.1,False,0.001,32,75,0.0,0.1,10,5,0.5,True,42,22,22,4,0.6886910480080228,0.690683885415395,0.001
dropout_rate,0.1,64,2,0.1,False,0.001,32,75,0.0,0.1,10,5,0.5,True,42,22,22,5,0.6851794819037119,0.6924130360285441,0.001
dropout_rate,0.1,64,2,0.1,False,0.001,32,75,0.0,0.1,10,5,0.5,True,42,22,22,6,0.6813761758984942,0.6986294150352478,0.001
dropout_rate,0.1,64,2,0.1,False,0.001,32,75,0.0,0.1,10,5,0.5,True,42,22,22,7,0.674737430431626,0.6961945176124573,0.001
dropout_rate,0.1,64,2,0.1,False,0.001,32,75,0.0,0.1,10,5,0.5,True,42,22,22,8,0.6684845342780604,0.7052454908688863,0.001
dropout_rate,0.1,64,2,0.1,False,0.001,32,75,0.0,0.1,10,5,0.5,True,42,22,22,9,0.659537444060499,0.7159070372581482,0.001
dropout_rate,0.1,64,2,0.1,False,0.001,32,75,0.0,0.1,10,5,0.5,True,42,22,22,10,0.6411196368210244,0.7311854759852091,0.001
dropout_rate,0.1,64,2,0.1,False,0.001,32,75,0.0,0.1,10,5,0.5,True,42,22,22,11,0.6268697717424595,0.7429426153500874,0.001
dropout_rate,0.1,64,2,0.1,False,0.001,32,75,0.0,0.1,10,5,0.5,True,42,22,22,12,0.6148961996941855,0.7664445439974467,0.001
dropout_rate,0.1,64,2,0.1,False,0.001,32,75,0.0,0.1,10,5,0.5,True,42,22,22,13,0.6039864497654366,0.7865647395451864,0.001
dropout_rate,0.1,64,2,0.1,False,0.001,32,75,0.0,0.1,10,5,0.5,True,42,23,23,1,0.693485211242329,0.6952199379603068,0.001
dropout_rate,0.1,64,2,0.1,False,0.001,32,75,0.0,0.1,10,5,0.5,True,42,23,23,2,0.691821126775308,0.6913457791010539,0.001
dropout_rate,0.1,64,2,0.1,False,0.001,32,75,0.0,0.1,10,5,0.5,True,42,23,23,3,0.6911310675469312,0.6901343782742818,0.001
dropout_rate,0.1,64,2,0.1,False,0.001,32,75,0.0,0.1,10,5,0.5,True,42,23,23,4,0.6869094267939077,0.691065768400828,0.001
dropout_rate,0.1,64,2,0.1,False,0.001,32,75,0.0,0.1,10,5,0.5,True,42,23,23,5,0.6827940990527471,0.6906539599100748,0.001
dropout_rate,0.1,64,2,0.1,False,0.001,32,75,0.0,0.1,10,5,0.5,True,42,23,23,6,0.6766669700543085,0.7033023516337077,0.001
dropout_rate,0.1,64,2,0.1,False,0.001,32,75,0.0,0.1,10,5,0.5,True,42,23,23,7,0.6706182843807972,0.7027685721715291,0.001
dropout_rate,0.1,64,2,0.1,False,0.001,32,75,0.0,0.1,10,5,0.5,True,42,23,23,8,0.6582429404511596,0.7092414736747742,0.001
dropout_rate,0.1,64,2,0.1,False,0.001,32,75,0.0,0.1,10,5,0.5,True,42,23,23,9,0.6507824591614984,0.7378979603449504,0.001
dropout_rate,0.1,64,2,0.1,False,0.001,32,75,0.0,0.1,10,5,0.5,True,42,23,23,10,0.6271386042688832,0.7453927318255107,0.001
dropout_rate,0.1,64,2,0.1,False,0.001,32,75,0.0,0.1,10,5,0.5,True,42,23,23,11,0.6144443161108277,0.7401368339856466,0.001
dropout_rate,0.1,64,2,0.1,False,0.001,32,75,0.0,0.1,10,5,0.5,True,42,23,23,12,0.6024159269802498,0.7669525941212972,0.001
dropout_rate,0.1,64,2,0.1,False,0.001,32,75,0.0,0.1,10,5,0.5,True,42,23,23,13,0.5874745412306352,0.7991563399632772,0.001
dropout_rate,0.1,64,2,0.1,False,0.001,32,75,0.0,0.1,10,5,0.5,True,42,24,24,1,0.6942635375754278,0.6928956548372904,0.001
dropout_rate,0.1,64,2,0.1,False,0.001,32,75,0.0,0.1,10,5,0.5,True,42,24,24,2,0.692130680819203,0.6927171428998311,0.001
dropout_rate,0.1,64,2,0.1,False,0.001,32,75,0.0,0.1,10,5,0.5,True,42,24,24,3,0.6906757296476149,0.6936876654624939,0.001
dropout_rate,0.1,64,2,0.1,False,0.001,32,75,0.0,0.1,10,5,0.5,True,42,24,24,4,0.6900857969334251,0.6921648979187012,0.001
dropout_rate,0.1,64,2,0.1,False,0.001,32,75,0.0,0.1,10,5,0.5,True,42,24,24,5,0.6855046883561557,0.6938651124636332,0.001
dropout_rate,0.1,64,2,0.1,False,0.001,32,75,0.0,0.1,10,5,0.5,True,42,24,24,6,0.6819199659770593,0.7008761604626973,0.001
dropout_rate,0.1,64,2,0.1,False,0.001,32,75,0.0,0.1,10,5,0.5,True,42,24,24,7,0.6766888127291113,0.7072485645612081,0.001
dropout_rate,0.1,64,2,0.1,False,0.001,32,75,0.0,0.1,10,5,0.5,True,42,24,24,8,0.6671830245426723,0.7062067826588948,0.001
dropout_rate,0.1,64,2,0.1,False,0.001,32,75,0.0,0.1,10,5,0.5,True,42,24,24,9,0.6492712430487898,0.738405172030131,0.001
dropout_rate,0.1,64,2,0.1,False,0.001,32,75,0.0,0.1,10,5,0.5,True,42,24,24,10,0.638416604440015,0.7528397043546041,0.001
dropout_rate,0.1,64,2,0.1,False,0.001,32,75,0.0,0.1,10,5,0.5,True,42,24,24,11,0.6022598579862064,0.7780139446258545,0.001
dropout_rate,0.1,64,2,0.1,False,0.001,32,75,0.0,0.1,10,5,0.5,True,42,24,24,12,0.5846387268905353,0.8471350153287251,0.001
dropout_rate,0.1,64,2,0.1,False,0.001,32,75,0.0,0.1,10,5,0.5,True,42,24,24,13,0.5637133733222359,0.8667662103970846,0.001
dropout_rate,0.1,64,2,0.1,False,0.001,32,75,0.0,0.1,10,5,0.5,True,42,24,24,14,0.5484079115821007,0.94975878794988,0.001
dropout_rate,0.1,64,2,0.1,False,0.001,32,75,0.0,0.1,10,5,0.5,True,42,25,25,1,0.6937502572933832,0.6932779709498088,0.001
dropout_rate,0.1,64,2,0.1,False,0.001,32,75,0.0,0.1,10,5,0.5,True,42,25,25,2,0.6928808445280249,0.6940543969472249,0.001
dropout_rate,0.1,64,2,0.1,False,0.001,32,75,0.0,0.1,10,5,0.5,True,42,25,25,3,0.6909332817251032,0.6974478840827942,0.001
dropout_rate,0.1,64,2,0.1,False,0.001,32,75,0.0,0.1,10,5,0.5,True,42,25,25,4,0.687956690788269,0.6931958158810934,0.001
dropout_rate,0.1,64,2,0.1,False,0.001,32,75,0.0,0.1,10,5,0.5,True,42,25,25,5,0.6858507092251922,0.6905048688252767,0.001
dropout_rate,0.1,64,2,0.1,False,0.001,32,75,0.0,0.1,10,5,0.5,True,42,25,25,6,0.6811666068705645,0.7028432011604309,0.001
dropout_rate,0.1,64,2,0.1,False,0.001,32,75,0.0,0.1,10,5,0.5,True,42,25,25,7,0.6749389596057661,0.6968952695528666,0.001
dropout_rate,0.1,64,2,0.1,False,0.001,32,75,0.0,0.1,10,5,0.5,True,42,25,25,8,0.6718492151209803,0.7220306595166525,0.001
dropout_rate,0.1,64,2,0.1,False,0.001,32,75,0.0,0.1,10,5,0.5,True,42,25,25,9,0.6640296677748362,0.7093102137247721,0.001
dropout_rate,0.1,64,2,0.1,False,0.001,32,75,0.0,0.1,10,5,0.5,True,42,25,25,10,0.6535421700188608,0.7131897687911988,0.001
dropout_rate,0.1,64,2,0.1,False,0.001,32,75,0.0,0.1,10,5,0.5,True,42,25,25,11,0.6393198808937361,0.7479257106781005,0.001
dropout_rate,0.1,64,2,0.1,False,0.001,32,75,0.0,0.1,10,5,0.5,True,42,25,25,12,0.613723079363505,0.7833229263623556,0.001
dropout_rate,0.1,64,2,0.1,False,0.001,32,75,0.0,0.1,10,5,0.5,True,42,25,25,13,0.5963249748403375,0.8185227115948995,0.001
dropout_rate,0.1,64,2,0.1,False,0.001,32,75,0.0,0.1,10,5,0.5,True,42,25,25,14,0.5813595338752775,0.8664315660794576,0.001
dropout_rate,0.1,64,2,0.1,False,0.001,32,75,0.0,0.1,10,5,0.5,True,42,25,25,15,0.5695538635958325,0.8696703513463339,0.001
dropout_rate,0.1,64,2,0.1,False,0.001,32,75,0.0,0.1,10,5,0.5,True,42,26,26,1,0.6938052294832288,0.6943885564804078,0.001
dropout_rate,0.1,64,2,0.1,False,0.001,32,75,0.0,0.1,10,5,0.5,True,42,26,26,2,0.6929924564831185,0.6928564826647441,0.001
dropout_rate,0.1,64,2,0.1,False,0.001,32,75,0.0,0.1,10,5,0.5,True,42,26,26,3,0.6909424572279959,0.6923724333445231,0.001
dropout_rate,0.1,64,2,0.1,False,0.001,32,75,0.0,0.1,10,5,0.5,True,42,26,26,4,0.6879007039648114,0.6940390785535177,0.001
dropout_rate,0.1,64,2,0.1,False,0.001,32,75,0.0,0.1,10,5,0.5,True,42,26,26,5,0.6851714461138754,0.6990936994552612,0.001
dropout_rate,0.1,64,2,0.1,False,0.001,32,75,0.0,0.1,10,5,0.5,True,42,26,26,6,0.6784677171345913,0.6984041372934977,0.001
dropout_rate,0.1,64,2,0.1,False,0.001,32,75,0.0,0.1,10,5,0.5,True,42,26,26,7,0.6725421918160988,0.7195852200190226,0.001
dropout_rate,0.1,64,2,0.1,False,0.001,32,75,0.0,0.1,10,5,0.5,True,42,26,26,8,0.6622669764540412,0.7295827706654866,0.001
dropout_rate,0.1,64,2,0.1,False,0.001,32,75,0.0,0.1,10,5,0.5,True,42,26,26,9,0.6490056162530725,0.7341985066731771,0.001
dropout_rate,0.1,64,2,0.1,False,0.001,32,75,0.0,0.1,10,5,0.5,True,42,26,26,10,0.627235315062783,0.8057105898857116,0.001
dropout_rate,0.1,64,2,0.1,False,0.001,32,75,0.0,0.1,10,5,0.5,True,42,26,26,11,0.6149201600840597,0.7883085489273072,0.001
dropout_rate,0.1,64,2,0.1,False,0.001,32,75,0.0,0.1,10,5,0.5,True,42,26,26,12,0.5969862662481539,0.8624492446581523,0.001
dropout_rate,0.1,64,2,0.1,False,0.001,32,75,0.0,0.1,10,5,0.5,True,42,26,26,13,0.5825787060188524,0.8546346664428711,0.001
dropout_rate,0.1,64,2,0.1,False,0.001,32,75,0.0,0.1,10,5,0.5,True,42,27,27,1,0.6940983362270124,0.6933436473210652,0.001
dropout_rate,0.1,64,2,0.1,False,0.001,32,75,0.0,0.1,10,5,0.5,True,42,27,27,2,0.6923968697136099,0.6938624938329061,0.001
dropout_rate,0.1,64,2,0.1,False,0.001,32,75,0.0,0.1,10,5,0.5,True,42,27,27,3,0.6906635747714476,0.6925199548403422,0.001
dropout_rate,0.1,64,2,0.1,False,0.001,32,75,0.0,0.1,10,5,0.5,True,42,27,27,4,0.6882943854187474,0.6964249610900879,0.001
dropout_rate,0.1,64,2,0.1,False,0.001,32,75,0.0,0.1,10,5,0.5,True,42,27,27,5,0.6860609474507245,0.6992402315139771,0.001
dropout_rate,0.1,64,2,0.1,False,0.001,32,75,0.0,0.1,10,5,0.5,True,42,27,27,6,0.6802438998764212,0.7050499478975932,0.001
dropout_rate,0.1,64,2,0.1,False,0.001,32,75,0.0,0.1,10,5,0.5,True,42,27,27,7,0.672659486080661,0.7139186898867289,0.001
dropout_rate,0.1,64,2,0.1,False,0.001,32,75,0.0,0.1,10,5,0.5,True,42,27,27,8,0.6610238674012098,0.7204295833905537,0.001
dropout_rate,0.1,64,2,0.1,False,0.001,32,75,0.0,0.1,10,5,0.5,True,42,27,27,9,0.6479126946492628,0.748892076810201,0.001
dropout_rate,0.1,64,2,0.1,False,0.001,32,75,0.0,0.1,10,5,0.5,True,42,27,27,10,0.6185338641657974,0.7941604733467102,0.001
dropout_rate,0.1,64,2,0.1,False,0.001,32,75,0.0,0.1,10,5,0.5,True,42,27,27,11,0.5982219992261945,0.8215544899304708,0.001
dropout_rate,0.1,64,2,0.1,False,0.001,32,75,0.0,0.1,10,5,0.5,True,42,27,27,12,0.5818804120927146,0.8697749813397725,0.001
dropout_rate,0.1,64,2,0.1,False,0.001,32,75,0.0,0.1,10,5,0.5,True,42,27,27,13,0.5685769558855982,0.8954886992772421,0.001
dropout_rate,0.1,64,2,0.1,False,0.001,32,75,0.0,0.1,10,5,0.5,True,42,28,28,1,0.6936722099781036,0.6940621336301168,0.001
dropout_rate,0.1,64,2,0.1,False,0.001,32,75,0.0,0.1,10,5,0.5,True,42,28,28,2,0.6921635351397775,0.6934760689735413,0.001
dropout_rate,0.1,64,2,0.1,False,0.001,32,75,0.0,0.1,10,5,0.5,True,42,28,28,3,0.6906083153955864,0.691636327902476,0.001
dropout_rate,0.1,64,2,0.1,False,0.001,32,75,0.0,0.1,10,5,0.5,True,42,28,28,4,0.6894528865814209,0.6970594644546508,0.001
dropout_rate,0.1,64,2,0.1,False,0.001,32,75,0.0,0.1,10,5,0.5,True,42,28,28,5,0.6864761371504177,0.6891396840413412,0.001
dropout_rate,0.1,64,2,0.1,False,0.001,32,75,0.0,0.1,10,5,0.5,True,42,28,28,6,0.682642247189175,0.703469185034434,0.001
dropout_rate,0.1,64,2,0.1,False,0.001,32,75,0.0,0.1,10,5,0.5,True,42,28,28,7,0.6780947677113793,0.6918957471847534,0.001
dropout_rate,0.1,64,2,0.1,False,0.001,32,75,0.0,0.1,10,5,0.5,True,42,28,28,8,0.6725660661856333,0.7068091948827108,0.001
dropout_rate,0.1,64,2,0.1,False,0.001,32,75,0.0,0.1,10,5,0.5,True,42,28,28,9,0.6667036784417701,0.7014951427777608,0.001
dropout_rate,0.1,64,2,0.1,False,0.001,32,75,0.0,0.1,10,5,0.5,True,42,28,28,10,0.6562906232747164,0.7100208004315695,0.001
dropout_rate,0.1,64,2,0.1,False,0.001,32,75,0.0,0.1,10,5,0.5,True,42,28,28,11,0.643107457594438,0.7454744497934978,0.001
dropout_rate,0.1,64,2,0.1,False,0.001,32,75,0.0,0.1,10,5,0.5,True,42,28,28,12,0.6214056877475796,0.7426785588264465,0.001
dropout_rate,0.1,64,2,0.1,False,0.001,32,75,0.0,0.1,10,5,0.5,True,42,28,28,13,0.6054225392413862,0.7664945681889852,0.001
dropout_rate,0.1,64,2,0.1,False,0.001,32,75,0.0,0.1,10,5,0.5,True,42,28,28,14,0.5900602291027705,0.8006700197855632,0.001
dropout_rate,0.1,64,2,0.1,False,0.001,32,75,0.0,0.1,10,5,0.5,True,42,28,28,15,0.5792930600318041,0.7777258157730103,0.001
dropout_rate,0.1,64,2,0.1,False,0.001,32,75,0.0,0.1,10,5,0.5,True,42,29,29,1,0.6937399958119248,0.6934483647346497,0.001
dropout_rate,0.1,64,2,0.1,False,0.001,32,75,0.0,0.1,10,5,0.5,True,42,29,29,2,0.6921840346220768,0.6934067368507385,0.001
dropout_rate,0.1,64,2,0.1,False,0.001,32,75,0.0,0.1,10,5,0.5,True,42,29,29,3,0.6905873612020955,0.6958364327748616,0.001
dropout_rate,0.1,64,2,0.1,False,0.001,32,75,0.0,0.1,10,5,0.5,True,42,29,29,4,0.6884765182480668,0.6974988142649333,0.001
dropout_rate,0.1,64,2,0.1,False,0.001,32,75,0.0,0.1,10,5,0.5,True,42,29,29,5,0.6841406474510828,0.6994235714276632,0.001
dropout_rate,0.1,64,2,0.1,False,0.001,32,75,0.0,0.1,10,5,0.5,True,42,29,29,6,0.6778399117968299,0.7112454652786255,0.001
dropout_rate,0.1,64,2,0.1,False,0.001,32,75,0.0,0.1,10,5,0.5,True,42,29,29,7,0.6714036405989618,0.7175562262535096,0.001
dropout_rate,0.1,64,2,0.1,False,0.001,32,75,0.0,0.1,10,5,0.5,True,42,29,29,8,0.6559259968273567,0.7325631181399027,0.001
dropout_rate,0.1,64,2,0.1,False,0.001,32,75,0.0,0.1,10,5,0.5,True,42,29,29,9,0.6474831144918095,0.7440581162770589,0.001
dropout_rate,0.1,64,2,0.1,False,0.001,32,75,0.0,0.1,10,5,0.5,True,42,29,29,10,0.6389375310955625,0.7659878214200337,0.001
dropout_rate,0.1,64,2,0.1,False,0.001,32,75,0.0,0.1,10,5,0.5,True,42,29,29,11,0.6320347307306348,0.7710411270459493,0.001
dropout_rate,0.1,64,2,0.1,False,0.001,32,75,0.0,0.1,10,5,0.5,True,42,29,29,12,0.6191760242888422,0.7787328084309896,0.001
dropout_rate,0.1,64,2,0.1,False,0.001,32,75,0.0,0.1,10,5,0.5,True,42,30,30,1,0.6939982261621591,0.6938179850578308,0.001
dropout_rate,0.1,64,2,0.1,False,0.001,32,75,0.0,0.1,10,5,0.5,True,42,30,30,2,0.6924962925188469,0.6943007787068685,0.001
dropout_rate,0.1,64,2,0.1,False,0.001,32,75,0.0,0.1,10,5,0.5,True,42,30,30,3,0.6914644083290389,0.6993044892946879,0.001
dropout_rate,0.1,64,2,0.1,False,0.001,32,75,0.0,0.1,10,5,0.5,True,42,30,30,4,0.689472575079311,0.7028565088907878,0.001
dropout_rate,0.1,64,2,0.1,False,0.001,32,75,0.0,0.1,10,5,0.5,True,42,30,30,5,0.6843950215614203,0.7031445264816284,0.001
dropout_rate,0.1,64,2,0.1,False,0.001,32,75,0.0,0.1,10,5,0.5,True,42,30,30,6,0.6823351148403052,0.7069324811299642,0.001
dropout_rate,0.1,64,2,0.1,False,0.001,32,75,0.0,0.1,10,5,0.5,True,42,30,30,7,0.6726492634325316,0.7179045995076497,0.001
dropout_rate,0.1,64,2,0.1,False,0.001,32,75,0.0,0.1,10,5,0.5,True,42,30,30,8,0.6579039724487247,0.749445108572642,0.001
dropout_rate,0.1,64,2,0.1,False,0.001,32,75,0.0,0.1,10,5,0.5,True,42,30,30,9,0.6485296501354738,0.7755939722061157,0.001
dropout_rate,0.1,64,2,0.1,False,0.001,32,75,0.0,0.1,10,5,0.5,True,42,30,30,10,0.6360918784683401,0.7551511645317077,0.001
dropout_rate,0.1,64,2,0.1,False,0.001,32,75,0.0,0.1,10,5,0.5,True,42,30,30,11,0.6274733936244791,0.7928286512692769,0.001
dropout_rate,0.1,64,2,0.1,False,0.001,32,75,0.0,0.1,10,5,0.5,True,42,31,31,1,0.6937453683578607,0.6938852906227112,0.001
dropout_rate,0.1,64,2,0.1,False,0.001,32,75,0.0,0.1,10,5,0.5,True,42,31,31,2,0.6925374626210241,0.6937544345855713,0.001
dropout_rate,0.1,64,2,0.1,False,0.001,32,75,0.0,0.1,10,5,0.5,True,42,31,31,3,0.6910897452722896,0.6952053626378377,0.001
dropout_rate,0.1,64,2,0.1,False,0.001,32,75,0.0,0.1,10,5,0.5,True,42,31,31,4,0.6900521426489858,0.692414136727651,0.001
dropout_rate,0.1,64,2,0.1,False,0.001,32,75,0.0,0.1,10,5,0.5,True,42,31,31,5,0.6853111305020072,0.6940775831540426,0.001
dropout_rate,0.1,64,2,0.1,False,0.001,32,75,0.0,0.1,10,5,0.5,True,42,31,31,6,0.6797458822980071,0.7048294901847839,0.001
dropout_rate,0.1,64,2,0.1,False,0.001,32,75,0.0,0.1,10,5,0.5,True,42,31,31,7,0.6718166786612887,0.7030017018318176,0.001
dropout_rate,0.1,64,2,0.1,False,0.001,32,75,0.0,0.1,10,5,0.5,True,42,31,31,8,0.6577519544146277,0.7086986581484477,0.001
dropout_rate,0.1,64,2,0.1,False,0.001,32,75,0.0,0.1,10,5,0.5,True,42,31,31,9,0.6491224630312487,0.750034221013387,0.001
dropout_rate,0.1,64,2,0.1,False,0.001,32,75,0.0,0.1,10,5,0.5,True,42,31,31,10,0.6357708753961505,0.7735576232274374,0.001
dropout_rate,0.1,64,2,0.1,False,0.001,32,75,0.0,0.1,10,5,0.5,True,42,31,31,11,0.6045849666450963,0.8001416842142741,0.001
dropout_rate,0.1,64,2,0.1,False,0.001,32,75,0.0,0.1,10,5,0.5,True,42,31,31,12,0.5876168942812717,0.868267544110616,0.001
dropout_rate,0.1,64,2,0.1,False,0.001,32,75,0.0,0.1,10,5,0.5,True,42,31,31,13,0.567209474065087,0.8733487923940023,0.001
dropout_rate,0.1,64,2,0.1,False,0.001,32,75,0.0,0.1,10,5,0.5,True,42,31,31,14,0.5521221140568907,0.8672330061594645,0.001
dropout_rate,0.1,64,2,0.1,False,0.001,32,75,0.0,0.1,10,5,0.5,True,42,32,32,1,0.6942539359583999,0.6929078578948975,0.001
dropout_rate,0.1,64,2,0.1,False,0.001,32,75,0.0,0.1,10,5,0.5,True,42,32,32,2,0.6928399002010172,0.6922149817148845,0.001
dropout_rate,0.1,64,2,0.1,False,0.001,32,75,0.0,0.1,10,5,0.5,True,42,32,32,3,0.6910977164904276,0.6927225192387899,0.001
dropout_rate,0.1,64,2,0.1,False,0.001,32,75,0.0,0.1,10,5,0.5,True,42,32,32,4,0.6892569060578491,0.7010635296503703,0.001
dropout_rate,0.1,64,2,0.1,False,0.001,32,75,0.0,0.1,10,5,0.5,True,42,32,32,5,0.6855695125731555,0.6943486094474792,0.001
dropout_rate,0.1,64,2,0.1,False,0.001,32,75,0.0,0.1,10,5,0.5,True,42,32,32,6,0.6808081607926976,0.7093206405639648,0.001
dropout_rate,0.1,64,2,0.1,False,0.001,32,75,0.0,0.1,10,5,0.5,True,42,32,32,7,0.6754846347100807,0.7070930957794189,0.001
dropout_rate,0.1,64,2,0.1,False,0.001,32,75,0.0,0.1,10,5,0.5,True,42,32,32,8,0.6665101665439028,0.7182277242342631,0.001
dropout_rate,0.1,64,2,0.1,False,0.001,32,75,0.0,0.1,10,5,0.5,True,42,32,32,9,0.6472751516284365,0.7838853359222412,0.001
dropout_rate,0.1,64,2,0.1,False,0.001,32,75,0.0,0.1,10,5,0.5,True,42,32,32,10,0.6318004271297744,0.7740548332532247,0.001
dropout_rate,0.1,64,2,0.1,False,0.001,32,75,0.0,0.1,10,5,0.5,True,42,32,32,11,0.6214424839073961,0.7939378420511881,0.001
dropout_rate,0.1,64,2,0.1,False,0.001,32,75,0.0,0.1,10,5,0.5,True,42,32,32,12,0.6063925793225114,0.8285917441050211,0.001
dropout_rate,0.1,64,2,0.1,False,0.001,32,75,0.0,0.1,10,5,0.5,True,42,33,33,1,0.6938908858732744,0.6935863773028056,0.001
dropout_rate,0.1,64,2,0.1,False,0.001,32,75,0.0,0.1,10,5,0.5,True,42,33,33,2,0.6928566761992194,0.6905229369799296,0.001
dropout_rate,0.1,64,2,0.1,False,0.001,32,75,0.0,0.1,10,5,0.5,True,42,33,33,3,0.6907330733357053,0.689800747235616,0.001
dropout_rate,0.1,64,2,0.1,False,0.001,32,75,0.0,0.1,10,5,0.5,True,42,33,33,4,0.6884541091593829,0.6958759188652038,0.001
dropout_rate,0.1,64,2,0.1,False,0.001,32,75,0.0,0.1,10,5,0.5,True,42,33,33,5,0.6856841770085421,0.6906483411788941,0.001
dropout_rate,0.1,64,2,0.1,False,0.001,32,75,0.0,0.1,10,5,0.5,True,42,33,33,6,0.6799111316601435,0.7017704685529073,0.001
dropout_rate,0.1,64,2,0.1,False,0.001,32,75,0.0,0.1,10,5,0.5,True,42,33,33,7,0.6725978761008291,0.7041086355845133,0.001
dropout_rate,0.1,64,2,0.1,False,0.001,32,75,0.0,0.1,10,5,0.5,True,42,33,33,8,0.6613103964112022,0.7215747793515523,0.001
dropout_rate,0.1,64,2,0.1,False,0.001,32,75,0.0,0.1,10,5,0.5,True,42,33,33,9,0.653839976498575,0.7254398981730144,0.001
dropout_rate,0.1,64,2,0.1,False,0.001,32,75,0.0,0.1,10,5,0.5,True,42,33,33,10,0.6251547765551191,0.743548047542572,0.001
dropout_rate,0.1,64,2,0.1,False,0.001,32,75,0.0,0.1,10,5,0.5,True,42,33,33,11,0.6049077454389948,0.7706820368766785,0.001
dropout_rate,0.1,64,2,0.1,False,0.001,32,75,0.0,0.1,10,5,0.5,True,42,33,33,12,0.5916198905218731,0.794353969891866,0.001
dropout_rate,0.1,64,2,0.1,False,0.001,32,75,0.0,0.1,10,5,0.5,True,42,33,33,13,0.5750715335210165,0.8257960557937623,0.001
dropout_rate,0.1,64,2,0.1,False,0.001,32,75,0.0,0.1,10,5,0.5,True,42,34,34,1,0.6946915523572401,0.6909003933270772,0.001
dropout_rate,0.1,64,2,0.1,False,0.001,32,75,0.0,0.1,10,5,0.5,True,42,34,34,2,0.6927684775807641,0.6902961532274882,0.001
dropout_rate,0.1,64,2,0.1,False,0.001,32,75,0.0,0.1,10,5,0.5,True,42,34,34,3,0.6901048787615516,0.6893835624059041,0.001
dropout_rate,0.1,64,2,0.1,False,0.001,32,75,0.0,0.1,10,5,0.5,True,42,34,34,4,0.6861471863407077,0.6916555126508077,0.001
dropout_rate,0.1,64,2,0.1,False,0.001,32,75,0.0,0.1,10,5,0.5,True,42,34,34,5,0.6848080560113444,0.688913635412852,0.001
dropout_rate,0.1,64,2,0.1,False,0.001,32,75,0.0,0.1,10,5,0.5,True,42,34,34,6,0.6794271383321646,0.6974940657615661,0.001
dropout_rate,0.1,64,2,0.1,False,0.001,32,75,0.0,0.1,10,5,0.5,True,42,34,34,7,0.6751238536654096,0.7130782683690389,0.001
dropout_rate,0.1,64,2,0.1,False,0.001,32,75,0.0,0.1,10,5,0.5,True,42,34,34,8,0.6690003063642618,0.7125719428062439,0.001
dropout_rate,0.1,64,2,0.1,False,0.001,32,75,0.0,0.1,10,5,0.5,True,42,34,34,9,0.6586844532778768,0.736697502930959,0.001
dropout_rate,0.1,64,2,0.1,False,0.001,32,75,0.0,0.1,10,5,0.5,True,42,34,34,10,0.6503615699934236,0.7463643868764241,0.001
dropout_rate,0.1,64,2,0.1,False,0.001,32,75,0.0,0.1,10,5,0.5,True,42,34,34,11,0.6328687288544395,0.7383973399798075,0.001
dropout_rate,0.1,64,2,0.1,False,0.001,32,75,0.0,0.1,10,5,0.5,True,42,34,34,12,0.613235274724888,0.7715755661328634,0.001
dropout_rate,0.1,64,2,0.1,False,0.001,32,75,0.0,0.1,10,5,0.5,True,42,34,34,13,0.5929608428568551,0.8061257203420004,0.001
dropout_rate,0.1,64,2,0.1,False,0.001,32,75,0.0,0.1,10,5,0.5,True,42,34,34,14,0.5807496607303619,0.8079515139261881,0.001
dropout_rate,0.1,64,2,0.1,False,0.001,32,75,0.0,0.1,10,5,0.5,True,42,34,34,15,0.5664502384536194,0.9233572761217753,0.001
dropout_rate,0.1,64,2,0.1,False,0.001,32,75,0.0,0.1,10,5,0.5,True,42,35,35,1,0.6938950591015093,0.6938173611958821,0.001
dropout_rate,0.1,64,2,0.1,False,0.001,32,75,0.0,0.1,10,5,0.5,True,42,35,35,2,0.692637787623839,0.6924765149752299,0.001
dropout_rate,0.1,64,2,0.1,False,0.001,32,75,0.0,0.1,10,5,0.5,True,42,35,35,3,0.6909032888484724,0.6905810793240865,0.001
dropout_rate,0.1,64,2,0.1,False,0.001,32,75,0.0,0.1,10,5,0.5,True,42,35,35,4,0.6887488383235354,0.6939486980438232,0.001
dropout_rate,0.1,64,2,0.1,False,0.001,32,75,0.0,0.1,10,5,0.5,True,42,35,35,5,0.6846480437300422,0.6874027093251546,0.001
dropout_rate,0.1,64,2,0.1,False,0.001,32,75,0.0,0.1,10,5,0.5,True,42,35,35,6,0.6802729833306689,0.691295075416565,0.001
dropout_rate,0.1,64,2,0.1,False,0.001,32,75,0.0,0.1,10,5,0.5,True,42,35,35,7,0.6735502495007082,0.7001135627428691,0.001
dropout_rate,0.1,64,2,0.1,False,0.001,32,75,0.0,0.1,10,5,0.5,True,42,35,35,8,0.665903081948107,0.7122638940811157,0.001
dropout_rate,0.1,64,2,0.1,False,0.001,32,75,0.0,0.1,10,5,0.5,True,42,35,35,9,0.6530811064171068,0.7218990564346314,0.001
dropout_rate,0.1,64,2,0.1,False,0.001,32,75,0.0,0.1,10,5,0.5,True,42,35,35,10,0.645501200448383,0.73363755941391,0.001
dropout_rate,0.1,64,2,0.1,False,0.001,32,75,0.0,0.1,10,5,0.5,True,42,35,35,11,0.6294345677350507,0.7870740175247193,0.001
dropout_rate,0.1,64,2,0.1,False,0.001,32,75,0.0,0.1,10,5,0.5,True,42,35,35,12,0.6015589038530985,0.837784739335378,0.001
dropout_rate,0.1,64,2,0.1,False,0.001,32,75,0.0,0.1,10,5,0.5,True,42,35,35,13,0.5879645803661058,0.8203150471051533,0.001
dropout_rate,0.1,64,2,0.1,False,0.001,32,75,0.0,0.1,10,5,0.5,True,42,35,35,14,0.5732936071175517,0.8699910720189412,0.001
dropout_rate,0.1,64,2,0.1,False,0.001,32,75,0.0,0.1,10,5,0.5,True,42,35,35,15,0.5548596585338766,0.8790315747261047,0.001
dropout_rate,0.1,64,2,0.1,False,0.001,32,75,0.0,0.1,10,5,0.5,True,42,36,36,1,0.6942657169067499,0.693594507376353,0.001
dropout_rate,0.1,64,2,0.1,False,0.001,32,75,0.0,0.1,10,5,0.5,True,42,36,36,2,0.6928817476287032,0.6925771236419678,0.001
dropout_rate,0.1,64,2,0.1,False,0.001,32,75,0.0,0.1,10,5,0.5,True,42,36,36,3,0.6911344261783542,0.6916902422904968,0.001
dropout_rate,0.1,64,2,0.1,False,0.001,32,75,0.0,0.1,10,5,0.5,True,42,36,36,4,0.6887390387780739,0.6888119657834371,0.001
dropout_rate,0.1,64,2,0.1,False,0.001,32,75,0.0,0.1,10,5,0.5,True,42,36,36,5,0.6854343707814361,0.6951698382695516,0.001
dropout_rate,0.1,64,2,0.1,False,0.001,32,75,0.0,0.1,10,5,0.5,True,42,36,36,6,0.6801229164455876,0.6932767589886983,0.001
dropout_rate,0.1,64,2,0.1,False,0.001,32,75,0.0,0.1,10,5,0.5,True,42,36,36,7,0.6746651882475073,0.7036790132522583,0.001
dropout_rate,0.1,64,2,0.1,False,0.001,32,75,0.0,0.1,10,5,0.5,True,42,36,36,8,0.6645090444521471,0.7110250194867452,0.001
dropout_rate,0.1,64,2,0.1,False,0.001,32,75,0.0,0.1,10,5,0.5,True,42,36,36,9,0.660058601787596,0.7137458642323812,0.001
dropout_rate,0.1,64,2,0.1,False,0.001,32,75,0.0,0.1,10,5,0.5,True,42,36,36,10,0.6453496357708266,0.7394268790880839,0.001
dropout_rate,0.1,64,2,0.1,False,0.001,32,75,0.0,0.1,10,5,0.5,True,42,36,36,11,0.6216371608051386,0.757173228263855,0.001
dropout_rate,0.1,64,2,0.1,False,0.001,32,75,0.0,0.1,10,5,0.5,True,42,36,36,12,0.606080542008082,0.7598744789759319,0.001
dropout_rate,0.1,64,2,0.1,False,0.001,32,75,0.0,0.1,10,5,0.5,True,42,36,36,13,0.5904035137006731,0.8016071319580078,0.001
dropout_rate,0.1,64,2,0.1,False,0.001,32,75,0.0,0.1,10,5,0.5,True,42,36,36,14,0.5757954174822028,0.8147947271664937,0.001
dropout_rate,0.1,64,2,0.1,False,0.001,32,75,0.0,0.1,10,5,0.5,True,42,37,37,1,0.6940572546287016,0.6921449979146321,0.001
dropout_rate,0.1,64,2,0.1,False,0.001,32,75,0.0,0.1,10,5,0.5,True,42,37,37,2,0.691905645258499,0.6898804267247518,0.001
dropout_rate,0.1,64,2,0.1,False,0.001,32,75,0.0,0.1,10,5,0.5,True,42,37,37,3,0.6914508573033593,0.6905810475349426,0.001
dropout_rate,0.1,64,2,0.1,False,0.001,32,75,0.0,0.1,10,5,0.5,True,42,37,37,4,0.687914763436173,0.6971977074940999,0.001
dropout_rate,0.1,64,2,0.1,False,0.001,32,75,0.0,0.1,10,5,0.5,True,42,37,37,5,0.6852830892259424,0.707684600353241,0.001
dropout_rate,0.1,64,2,0.1,False,0.001,32,75,0.0,0.1,10,5,0.5,True,42,37,37,6,0.6804184105360147,0.6987614432970682,0.001
dropout_rate,0.1,64,2,0.1,False,0.001,32,75,0.0,0.1,10,5,0.5,True,42,37,37,7,0.6743982249137127,0.7086711009343465,0.001
dropout_rate,0.1,64,2,0.1,False,0.001,32,75,0.0,0.1,10,5,0.5,True,42,37,37,8,0.6655524648500212,0.7116411844889323,0.001
dropout_rate,0.1,64,2,0.1,False,0.001,32,75,0.0,0.1,10,5,0.5,True,42,37,37,9,0.6479576193925106,0.7412453015645345,0.001
dropout_rate,0.1,64,2,0.1,False,0.001,32,75,0.0,0.1,10,5,0.5,True,42,37,37,10,0.6364411129192873,0.7551605502764384,0.001
dropout_rate,0.1,64,2,0.1,False,0.001,32,75,0.0,0.1,10,5,0.5,True,42,37,37,11,0.6236683879837845,0.7599254965782165,0.001
dropout_rate,0.1,64,2,0.1,False,0.001,32,75,0.0,0.1,10,5,0.5,True,42,37,37,12,0.6091500545541445,0.7713131705919901,0.001
dropout_rate,0.1,64,2,0.1,False,0.001,32,75,0.0,0.1,10,5,0.5,True,42,38,38,1,0.693891963723934,0.6911785483360291,0.001
dropout_rate,0.1,64,2,0.1,False,0.001,32,75,0.0,0.1,10,5,0.5,True,42,38,38,2,0.6923191100358963,0.6902058998743693,0.001
dropout_rate,0.1,64,2,0.1,False,0.001,32,75,0.0,0.1,10,5,0.5,True,42,38,38,3,0.6913794021714817,0.690446400642395,0.001
dropout_rate,0.1,64,2,0.1,False,0.001,32,75,0.0,0.1,10,5,0.5,True,42,38,38,4,0.6890643532529022,0.6908453226089477,0.001
dropout_rate,0.1,64,2,0.1,False,0.001,32,75,0.0,0.1,10,5,0.5,True,42,38,38,5,0.6852772199746334,0.6971466382344563,0.001
dropout_rate,0.1,64,2,0.1,False,0.001,32,75,0.0,0.1,10,5,0.5,True,42,38,38,6,0.681103840470314,0.6971375385920207,0.001
dropout_rate,0.1,64,2,0.1,False,0.001,32,75,0.0,0.1,10,5,0.5,True,42,38,38,7,0.6756477559154684,0.7092328786849975,0.001
dropout_rate,0.1,64,2,0.1,False,0.001,32,75,0.0,0.1,10,5,0.5,True,42,38,38,8,0.664095602703817,0.7360650738080342,0.001
dropout_rate,0.1,64,2,0.1,False,0.001,32,75,0.0,0.1,10,5,0.5,True,42,38,38,9,0.6426431617953561,0.7577266772588094,0.001
dropout_rate,0.1,64,2,0.1,False,0.001,32,75,0.0,0.1,10,5,0.5,True,42,38,38,10,0.6246480336695006,0.7884422540664673,0.001
dropout_rate,0.1,64,2,0.1,False,0.001,32,75,0.0,0.1,10,5,0.5,True,42,38,38,11,0.6094382612994222,0.799621597925822,0.001
dropout_rate,0.1,64,2,0.1,False,0.001,32,75,0.0,0.1,10,5,0.5,True,42,38,38,12,0.5905865561781507,0.833710789680481,0.001
dropout_rate,0.1,64,2,0.1,False,0.001,32,75,0.0,0.1,10,5,0.5,True,42,39,39,1,0.6941684592853893,0.6920300165812174,0.001
dropout_rate,0.1,64,2,0.1,False,0.001,32,75,0.0,0.1,10,5,0.5,True,42,39,39,2,0.692833837686163,0.690489383538564,0.001
dropout_rate,0.1,64,2,0.1,False,0.001,32,75,0.0,0.1,10,5,0.5,True,42,39,39,3,0.6907435470458233,0.6881653944651286,0.001
dropout_rate,0.1,64,2,0.1,False,0.001,32,75,0.0,0.1,10,5,0.5,True,42,39,39,4,0.6884383252172759,0.7026125272115071,0.001
dropout_rate,0.1,64,2,0.1,False,0.001,32,75,0.0,0.1,10,5,0.5,True,42,39,39,5,0.6849805875258013,0.6943967183430989,0.001
dropout_rate,0.1,64,2,0.1,False,0.001,32,75,0.0,0.1,10,5,0.5,True,42,39,39,6,0.6784913413452379,0.7077338417371114,0.001
dropout_rate,0.1,64,2,0.1,False,0.001,32,75,0.0,0.1,10,5,0.5,True,42,39,39,7,0.6691732980085142,0.7190314531326294,0.001
dropout_rate,0.1,64,2,0.1,False,0.001,32,75,0.0,0.1,10,5,0.5,True,42,39,39,8,0.6605759299162662,0.7139052788416544,0.001
dropout_rate,0.1,64,2,0.1,False,0.001,32,75,0.0,0.1,10,5,0.5,True,42,39,39,9,0.6521616776784261,0.7308851083119711,0.001
dropout_rate,0.1,64,2,0.1,False,0.001,32,75,0.0,0.1,10,5,0.5,True,42,39,39,10,0.6277857305425586,0.7684643427530925,0.001
dropout_rate,0.1,64,2,0.1,False,0.001,32,75,0.0,0.1,10,5,0.5,True,42,39,39,11,0.6090959832072258,0.8491672078768412,0.001
dropout_rate,0.1,64,2,0.1,False,0.001,32,75,0.0,0.1,10,5,0.5,True,42,39,39,12,0.6016590933908116,0.8575031757354736,0.001
dropout_rate,0.1,64,2,0.1,False,0.001,32,75,0.0,0.1,10,5,0.5,True,42,39,39,13,0.5819717424385475,0.8643223762512207,0.001
dropout_rate,0.1,64,2,0.1,False,0.001,32,75,0.0,0.1,10,5,0.5,True,42,40,40,1,0.6937332934502399,0.691154686609904,0.001
dropout_rate,0.1,64,2,0.1,False,0.001,32,75,0.0,0.1,10,5,0.5,True,42,40,40,2,0.6926735323486906,0.6917095303535461,0.001
dropout_rate,0.1,64,2,0.1,False,0.001,32,75,0.0,0.1,10,5,0.5,True,42,40,40,3,0.6913169888835965,0.6913184642791748,0.001
dropout_rate,0.1,64,2,0.1,False,0.001,32,75,0.0,0.1,10,5,0.5,True,42,40,40,4,0.6892118404308955,0.6948649803797404,0.001
dropout_rate,0.1,64,2,0.1,False,0.001,32,75,0.0,0.1,10,5,0.5,True,42,40,40,5,0.6856621968926806,0.6956054091453552,0.001
dropout_rate,0.1,64,2,0.1,False,0.001,32,75,0.0,0.1,10,5,0.5,True,42,40,40,6,0.680757453495806,0.698692262172699,0.001
dropout_rate,0.1,64,2,0.1,False,0.001,32,75,0.0,0.1,10,5,0.5,True,42,40,40,7,0.6743685472192187,0.7153148094813029,0.001
dropout_rate,0.1,64,2,0.1,False,0.001,32,75,0.0,0.1,10,5,0.5,True,42,40,40,8,0.6631965199203202,0.7377333362897237,0.001
dropout_rate,0.1,64,2,0.1,False,0.001,32,75,0.0,0.1,10,5,0.5,True,42,40,40,9,0.6535633513421724,0.7316633542378743,0.001
dropout_rate,0.1,64,2,0.1,False,0.001,32,75,0.0,0.1,10,5,0.5,True,42,40,40,10,0.6410212313587015,0.7531425396601359,0.001
dropout_rate,0.1,64,2,0.1,False,0.001,32,75,0.0,0.1,10,5,0.5,True,42,40,40,11,0.63164922459559,0.7700851798057556,0.001
dropout_rate,0.1,64,2,0.1,False,0.001,32,75,0.0,0.1,10,5,0.5,True,42,41,41,1,0.6938755033594189,0.6931161483128866,0.001
dropout_rate,0.1,64,2,0.1,False,0.001,32,75,0.0,0.1,10,5,0.5,True,42,41,41,2,0.6921204965222966,0.6932334224383037,0.001
dropout_rate,0.1,64,2,0.1,False,0.001,32,75,0.0,0.1,10,5,0.5,True,42,41,41,3,0.6903520501924284,0.6959686001141866,0.001
dropout_rate,0.1,64,2,0.1,False,0.001,32,75,0.0,0.1,10,5,0.5,True,42,41,41,4,0.6851829660661293,0.6895216226577758,0.001
dropout_rate,0.1,64,2,0.1,False,0.001,32,75,0.0,0.1,10,5,0.5,True,42,41,41,5,0.68353689484524,0.7002296566963195,0.001
dropout_rate,0.1,64,2,0.1,False,0.001,32,75,0.0,0.1,10,5,0.5,True,42,41,41,6,0.6788158371593013,0.7034281333287556,0.001
dropout_rate,0.1,64,2,0.1,False,0.001,32,75,0.0,0.1,10,5,0.5,True,42,41,41,7,0.671574974601919,0.7444881637891133,0.001
dropout_rate,0.1,64,2,0.1,False,0.001,32,75,0.0,0.1,10,5,0.5,True,42,41,41,8,0.6624775244431063,0.7388118823369344,0.001
dropout_rate,0.1,64,2,0.1,False,0.001,32,75,0.0,0.1,10,5,0.5,True,42,41,41,9,0.6522740220481699,0.7347389380137126,0.001
dropout_rate,0.1,64,2,0.1,False,0.001,32,75,0.0,0.1,10,5,0.5,True,42,41,41,10,0.6396421455975735,0.7474404215812683,0.001
dropout_rate,0.1,64,2,0.1,False,0.001,32,75,0.0,0.1,10,5,0.5,True,42,41,41,11,0.6153842678124254,0.8221151789029439,0.001
dropout_rate,0.1,64,2,0.1,False,0.001,32,75,0.0,0.1,10,5,0.5,True,42,41,41,12,0.6004942551706777,0.8036165674527486,0.001
dropout_rate,0.1,64,2,0.1,False,0.001,32,75,0.0,0.1,10,5,0.5,True,42,41,41,13,0.5846949754790827,0.8211025277773539,0.001
dropout_rate,0.1,64,2,0.1,False,0.001,32,75,0.0,0.1,10,5,0.5,True,42,41,41,14,0.568306311061888,0.8579947710037231,0.001
dropout_rate,0.1,64,2,0.1,False,0.001,32,75,0.0,0.1,10,5,0.5,True,42,42,42,1,0.6940162199916262,0.693608570098877,0.001
dropout_rate,0.1,64,2,0.1,False,0.001,32,75,0.0,0.1,10,5,0.5,True,42,42,42,2,0.6922013737035521,0.6931034167607625,0.001
dropout_rate,0.1,64,2,0.1,False,0.001,32,75,0.0,0.1,10,5,0.5,True,42,42,42,3,0.6916748520099756,0.6949655532836914,0.001
dropout_rate,0.1,64,2,0.1,False,0.001,32,75,0.0,0.1,10,5,0.5,True,42,42,42,4,0.6900603360298908,0.6928798198699951,0.001
dropout_rate,0.1,64,2,0.1,False,0.001,32,75,0.0,0.1,10,5,0.5,True,42,42,42,5,0.6875286337101099,0.6911900480588277,0.001
dropout_rate,0.1,64,2,0.1,False,0.001,32,75,0.0,0.1,10,5,0.5,True,42,42,42,6,0.683294926628922,0.7023558338483175,0.001
dropout_rate,0.1,64,2,0.1,False,0.001,32,75,0.0,0.1,10,5,0.5,True,42,42,42,7,0.6768821486921022,0.6919812321662903,0.001
dropout_rate,0.1,64,2,0.1,False,0.001,32,75,0.0,0.1,10,5,0.5,True,42,42,42,8,0.6683003812125234,0.7147814432779948,0.001
dropout_rate,0.1,64,2,0.1,False,0.001,32,75,0.0,0.1,10,5,0.5,True,42,42,42,9,0.6691051066824885,0.7466970046361288,0.001
dropout_rate,0.1,64,2,0.1,False,0.001,32,75,0.0,0.1,10,5,0.5,True,42,42,42,10,0.6565898327213345,0.7201596140861511,0.001
dropout_rate,0.1,64,2,0.1,False,0.001,32,75,0.0,0.1,10,5,0.5,True,42,42,42,11,0.6441599275126602,0.7534959355990092,0.001
dropout_rate,0.1,64,2,0.1,False,0.001,32,75,0.0,0.1,10,5,0.5,True,42,42,42,12,0.624327005084717,0.7639090339342753,0.001
dropout_rate,0.1,64,2,0.1,False,0.001,32,75,0.0,0.1,10,5,0.5,True,42,42,42,13,0.6057045886462386,0.7893392244974772,0.001
dropout_rate,0.1,64,2,0.1,False,0.001,32,75,0.0,0.1,10,5,0.5,True,42,42,42,14,0.5973038370862152,0.7948761423428853,0.001
dropout_rate,0.1,64,2,0.1,False,0.001,32,75,0.0,0.1,10,5,0.5,True,42,42,42,15,0.5809776965867389,0.8432610829671224,0.001
dropout_rate,0.1,64,2,0.1,False,0.001,32,75,0.0,0.1,10,5,0.5,True,42,43,43,1,0.6938462876009218,0.6923596024513244,0.001
dropout_rate,0.1,64,2,0.1,False,0.001,32,75,0.0,0.1,10,5,0.5,True,42,43,43,2,0.6922053487011881,0.6907346367835998,0.001
dropout_rate,0.1,64,2,0.1,False,0.001,32,75,0.0,0.1,10,5,0.5,True,42,43,43,3,0.6914342858574607,0.6947537938753764,0.001
dropout_rate,0.1,64,2,0.1,False,0.001,32,75,0.0,0.1,10,5,0.5,True,42,43,43,4,0.6881500414826653,0.698879067103068,0.001
dropout_rate,0.1,64,2,0.1,False,0.001,32,75,0.0,0.1,10,5,0.5,True,42,43,43,5,0.6866192289374091,0.6955180962880453,0.001
dropout_rate,0.1,64,2,0.1,False,0.001,32,75,0.0,0.1,10,5,0.5,True,42,43,43,6,0.6819470967307235,0.7110068241755167,0.001
dropout_rate,0.1,64,2,0.1,False,0.001,32,75,0.0,0.1,10,5,0.5,True,42,43,43,7,0.6747012626041066,0.7158075451850892,0.001
dropout_rate,0.1,64,2,0.1,False,0.001,32,75,0.0,0.1,10,5,0.5,True,42,43,43,8,0.6673399246100223,0.7081904848416646,0.001
dropout_rate,0.1,64,2,0.1,False,0.001,32,75,0.0,0.1,10,5,0.5,True,42,43,43,9,0.6520286586248514,0.7329634229342142,0.001
dropout_rate,0.1,64,2,0.1,False,0.001,32,75,0.0,0.1,10,5,0.5,True,42,43,43,10,0.6390629058534448,0.7528529087702434,0.001
dropout_rate,0.1,64,2,0.1,False,0.001,32,75,0.0,0.1,10,5,0.5,True,42,43,43,11,0.6280254988056241,0.761573056379954,0.001
dropout_rate,0.1,64,2,0.1,False,0.001,32,75,0.0,0.1,10,5,0.5,True,42,43,43,12,0.6128572776462092,0.8070346593856812,0.001
dropout_rate,0.1,64,2,0.1,False,0.001,32,75,0.0,0.1,10,5,0.5,True,42,44,44,1,0.6936485112616511,0.6948722720146179,0.001
dropout_rate,0.1,64,2,0.1,False,0.001,32,75,0.0,0.1,10,5,0.5,True,42,44,44,2,0.6919793829773412,0.6932389299074809,0.001
dropout_rate,0.1,64,2,0.1,False,0.001,32,75,0.0,0.1,10,5,0.5,True,42,44,44,3,0.6905159430973458,0.6934797525405884,0.001
dropout_rate,0.1,64,2,0.1,False,0.001,32,75,0.0,0.1,10,5,0.5,True,42,44,44,4,0.687977675687183,0.7012089133262634,0.001
dropout_rate,0.1,64,2,0.1,False,0.001,32,75,0.0,0.1,10,5,0.5,True,42,44,44,5,0.6857335287513155,0.6995032707850138,0.001
dropout_rate,0.1,64,2,0.1,False,0.001,32,75,0.0,0.1,10,5,0.5,True,42,44,44,6,0.6804323065461535,0.7142098784446717,0.001
dropout_rate,0.1,64,2,0.1,False,0.001,32,75,0.0,0.1,10,5,0.5,True,42,44,44,7,0.6745397484663761,0.7091044902801513,0.001
dropout_rate,0.1,64,2,0.1,False,0.001,32,75,0.0,0.1,10,5,0.5,True,42,44,44,8,0.6673557627381701,0.7264511028925578,0.001
dropout_rate,0.1,64,2,0.1,False,0.001,32,75,0.0,0.1,10,5,0.5,True,42,44,44,9,0.648820816793225,0.7548298915227254,0.001
dropout_rate,0.1,64,2,0.1,False,0.001,32,75,0.0,0.1,10,5,0.5,True,42,44,44,10,0.6366883475672115,0.7832698543866475,0.001
dropout_rate,0.1,64,2,0.1,False,0.001,32,75,0.0,0.1,10,5,0.5,True,42,44,44,11,0.6273597991376212,0.7744016448656718,0.001
dropout_rate,0.1,64,2,0.1,False,0.001,32,75,0.0,0.1,10,5,0.5,True,42,44,44,12,0.614301736607696,0.8007368445396423,0.001
dropout_rate,0.1,64,2,0.1,False,0.001,32,75,0.0,0.1,10,5,0.5,True,42,45,45,1,0.6937808624722741,0.6931943734486897,0.001
dropout_rate,0.1,64,2,0.1,False,0.001,32,75,0.0,0.1,10,5,0.5,True,42,45,45,2,0.6923622647018144,0.6919891238212585,0.001
dropout_rate,0.1,64,2,0.1,False,0.001,32,75,0.0,0.1,10,5,0.5,True,42,45,45,3,0.6906215318224647,0.6950768073399861,0.001
dropout_rate,0.1,64,2,0.1,False,0.001,32,75,0.0,0.1,10,5,0.5,True,42,45,45,4,0.6884082068096508,0.694543993473053,0.001
dropout_rate,0.1,64,2,0.1,False,0.001,32,75,0.0,0.1,10,5,0.5,True,42,45,45,5,0.6860243917414637,0.7043495615323384,0.001
dropout_rate,0.1,64,2,0.1,False,0.001,32,75,0.0,0.1,10,5,0.5,True,42,45,45,6,0.6790121522816744,0.7103088577588399,0.001
dropout_rate,0.1,64,2,0.1,False,0.001,32,75,0.0,0.1,10,5,0.5,True,42,45,45,7,0.6732859995329019,0.7276735067367553,0.001
dropout_rate,0.1,64,2,0.1,False,0.001,32,75,0.0,0.1,10,5,0.5,True,42,45,45,8,0.6666299497539346,0.7128270109494527,0.001
dropout_rate,0.1,64,2,0.1,False,0.001,32,75,0.0,0.1,10,5,0.5,True,42,45,45,9,0.6531301547180522,0.7410347580909729,0.001
dropout_rate,0.1,64,2,0.1,False,0.001,32,75,0.0,0.1,10,5,0.5,True,42,45,45,10,0.6429394889961589,0.7418232401212056,0.001
dropout_rate,0.1,64,2,0.1,False,0.001,32,75,0.0,0.1,10,5,0.5,True,42,45,45,11,0.6327434295054638,0.7523057222366333,0.001
dropout_rate,0.1,64,2,0.1,False,0.001,32,75,0.0,0.1,10,5,0.5,True,42,45,45,12,0.6211933349118088,0.8151758869489034,0.001
dropout_rate,0.1,64,2,0.1,False,0.001,32,75,0.0,0.1,10,5,0.5,True,42,46,46,1,0.6935991915789518,0.6914044221242269,0.001
dropout_rate,0.1,64,2,0.1,False,0.001,32,75,0.0,0.1,10,5,0.5,True,42,46,46,2,0.6919222221230016,0.6924801468849182,0.001
dropout_rate,0.1,64,2,0.1,False,0.001,32,75,0.0,0.1,10,5,0.5,True,42,46,46,3,0.6905498459483638,0.6971184174219768,0.001
dropout_rate,0.1,64,2,0.1,False,0.001,32,75,0.0,0.1,10,5,0.5,True,42,46,46,4,0.6886363864848108,0.6959323406219482,0.001
dropout_rate,0.1,64,2,0.1,False,0.001,32,75,0.0,0.1,10,5,0.5,True,42,46,46,5,0.6833403372403347,0.6997085134188334,0.001
dropout_rate,0.1,64,2,0.1,False,0.001,32,75,0.0,0.1,10,5,0.5,True,42,46,46,6,0.6820869540626352,0.7138048966725667,0.001
dropout_rate,0.1,64,2,0.1,False,0.001,32,75,0.0,0.1,10,5,0.5,True,42,46,46,7,0.673637333241376,0.7118496100107828,0.001
dropout_rate,0.1,64,2,0.1,False,0.001,32,75,0.0,0.1,10,5,0.5,True,42,46,46,8,0.6593635235771989,0.7261595924695333,0.001
dropout_rate,0.1,64,2,0.1,False,0.001,32,75,0.0,0.1,10,5,0.5,True,42,46,46,9,0.6495053131471981,0.7315913279851277,0.001
dropout_rate,0.1,64,2,0.1,False,0.001,32,75,0.0,0.1,10,5,0.5,True,42,46,46,10,0.6398292612848859,0.74448055823644,0.001
dropout_rate,0.1,64,2,0.1,False,0.001,32,75,0.0,0.1,10,5,0.5,True,42,46,46,11,0.6304264118274053,0.7458155592282613,0.001
dropout_rate,0.1,64,2,0.1,False,0.001,32,75,0.0,0.1,10,5,0.5,True,42,47,47,1,0.6936580457470634,0.6928358912467957,0.001
dropout_rate,0.1,64,2,0.1,False,0.001,32,75,0.0,0.1,10,5,0.5,True,42,47,47,2,0.6926860484209928,0.6913546959559123,0.001
dropout_rate,0.1,64,2,0.1,False,0.001,32,75,0.0,0.1,10,5,0.5,True,42,47,47,3,0.6914120637106173,0.6914502580960592,0.001
dropout_rate,0.1,64,2,0.1,False,0.001,32,75,0.0,0.1,10,5,0.5,True,42,47,47,4,0.688222891905091,0.6929713567097981,0.001
dropout_rate,0.1,64,2,0.1,False,0.001,32,75,0.0,0.1,10,5,0.5,True,42,47,47,5,0.6845326333334951,0.7017125089963278,0.001
dropout_rate,0.1,64,2,0.1,False,0.001,32,75,0.0,0.1,10,5,0.5,True,42,47,47,6,0.6807375175483299,0.7030088822046916,0.001
dropout_rate,0.1,64,2,0.1,False,0.001,32,75,0.0,0.1,10,5,0.5,True,42,47,47,7,0.671823417598551,0.7046435276667277,0.001
dropout_rate,0.1,64,2,0.1,False,0.001,32,75,0.0,0.1,10,5,0.5,True,42,47,47,8,0.6632831132773197,0.7145336151123047,0.001
dropout_rate,0.1,64,2,0.1,False,0.001,32,75,0.0,0.1,10,5,0.5,True,42,47,47,9,0.6468023043690305,0.7385501623153686,0.001
dropout_rate,0.1,64,2,0.1,False,0.001,32,75,0.0,0.1,10,5,0.5,True,42,47,47,10,0.6368866526719296,0.7497842987378438,0.001
dropout_rate,0.1,64,2,0.1,False,0.001,32,75,0.0,0.1,10,5,0.5,True,42,47,47,11,0.6261928271163594,0.7635352333386739,0.001
dropout_rate,0.1,64,2,0.1,False,0.001,32,75,0.0,0.1,10,5,0.5,True,42,47,47,12,0.6136724298650568,0.7795275966326396,0.001
dropout_rate,0.1,64,2,0.1,False,0.001,32,75,0.0,0.1,10,5,0.5,True,42,48,48,1,0.6940664519044689,0.6931308388710022,0.001
dropout_rate,0.1,64,2,0.1,False,0.001,32,75,0.0,0.1,10,5,0.5,True,42,48,48,2,0.6923541753811944,0.692692494392395,0.001
dropout_rate,0.1,64,2,0.1,False,0.001,32,75,0.0,0.1,10,5,0.5,True,42,48,48,3,0.6908168568646997,0.691903026898702,0.001
dropout_rate,0.1,64,2,0.1,False,0.001,32,75,0.0,0.1,10,5,0.5,True,42,48,48,4,0.689092981636076,0.6941737810770671,0.001
dropout_rate,0.1,64,2,0.1,False,0.001,32,75,0.0,0.1,10,5,0.5,True,42,48,48,5,0.6868801125906464,0.6914725661277771,0.001
dropout_rate,0.1,64,2,0.1,False,0.001,32,75,0.0,0.1,10,5,0.5,True,42,48,48,6,0.6811464168971643,0.6992453972498576,0.001
dropout_rate,0.1,64,2,0.1,False,0.001,32,75,0.0,0.1,10,5,0.5,True,42,48,48,7,0.6760594078472683,0.7023291071256001,0.001
dropout_rate,0.1,64,2,0.1,False,0.001,32,75,0.0,0.1,10,5,0.5,True,42,48,48,8,0.6661184806572763,0.7129486680030823,0.001
dropout_rate,0.1,64,2,0.1,False,0.001,32,75,0.0,0.1,10,5,0.5,True,42,48,48,9,0.650668928497716,0.7355287830034892,0.001
dropout_rate,0.1,64,2,0.1,False,0.001,32,75,0.0,0.1,10,5,0.5,True,42,48,48,10,0.6388269277443563,0.7222302953402201,0.001
dropout_rate,0.1,64,2,0.1,False,0.001,32,75,0.0,0.1,10,5,0.5,True,42,48,48,11,0.6233409643173218,0.7271474321683248,0.001
dropout_rate,0.1,64,2,0.1,False,0.001,32,75,0.0,0.1,10,5,0.5,True,42,48,48,12,0.5903242743553075,0.8160456577936809,0.001
dropout_rate,0.1,64,2,0.1,False,0.001,32,75,0.0,0.1,10,5,0.5,True,42,48,48,13,0.5716213034956079,0.81054740746816,0.001
dropout_rate,0.1,64,2,0.1,False,0.001,32,75,0.0,0.1,10,5,0.5,True,42,48,48,14,0.548719475816067,0.9179003397623698,0.001
dropout_rate,0.1,64,2,0.1,False,0.001,32,75,0.0,0.1,10,5,0.5,True,42,48,48,15,0.5339433230403671,0.8985467712084453,0.001
dropout_rate,0.1,64,2,0.1,False,0.001,32,75,0.0,0.1,10,5,0.5,True,42,49,49,1,0.6936103981552701,0.6919999837875366,0.001
dropout_rate,0.1,64,2,0.1,False,0.001,32,75,0.0,0.1,10,5,0.5,True,42,49,49,2,0.6928812319582159,0.6907957474390666,0.001
dropout_rate,0.1,64,2,0.1,False,0.001,32,75,0.0,0.1,10,5,0.5,True,42,49,49,3,0.690752104827852,0.6912165323893229,0.001
dropout_rate,0.1,64,2,0.1,False,0.001,32,75,0.0,0.1,10,5,0.5,True,42,49,49,4,0.6875435398383574,0.6956758618354797,0.001
dropout_rate,0.1,64,2,0.1,False,0.001,32,75,0.0,0.1,10,5,0.5,True,42,49,49,5,0.6833737980235707,0.7018272638320923,0.001
dropout_rate,0.1,64,2,0.1,False,0.001,32,75,0.0,0.1,10,5,0.5,True,42,49,49,6,0.6759175003478022,0.7047608296076456,0.001
dropout_rate,0.1,64,2,0.1,False,0.001,32,75,0.0,0.1,10,5,0.5,True,42,49,49,7,0.6678169392275087,0.7302059451738994,0.001
dropout_rate,0.1,64,2,0.1,False,0.001,32,75,0.0,0.1,10,5,0.5,True,42,49,49,8,0.6611428545279936,0.7188305258750916,0.001
dropout_rate,0.1,64,2,0.1,False,0.001,32,75,0.0,0.1,10,5,0.5,True,42,49,49,9,0.6481969957098817,0.7442609071731567,0.001
dropout_rate,0.1,64,2,0.1,False,0.001,32,75,0.0,0.1,10,5,0.5,True,42,49,49,10,0.6329142875743635,0.7655738512674968,0.001
dropout_rate,0.1,64,2,0.1,False,0.001,32,75,0.0,0.1,10,5,0.5,True,42,49,49,11,0.6240164610472593,0.7714051604270935,0.001
dropout_rate,0.1,64,2,0.1,False,0.001,32,75,0.0,0.1,10,5,0.5,True,42,49,49,12,0.6141601378719012,0.7965599060058594,0.001
dropout_rate,0.1,64,2,0.1,False,0.001,32,75,0.0,0.1,10,5,0.5,True,42,50,50,1,0.6940526935187253,0.6926574428876241,0.001
dropout_rate,0.1,64,2,0.1,False,0.001,32,75,0.0,0.1,10,5,0.5,True,42,50,50,2,0.692173316171675,0.6943026264508565,0.001
dropout_rate,0.1,64,2,0.1,False,0.001,32,75,0.0,0.1,10,5,0.5,True,42,50,50,3,0.6911218234083869,0.6942160964012146,0.001
dropout_rate,0.1,64,2,0.1,False,0.001,32,75,0.0,0.1,10,5,0.5,True,42,50,50,4,0.6875608071233287,0.6910200675328573,0.001
dropout_rate,0.1,64,2,0.1,False,0.001,32,75,0.0,0.1,10,5,0.5,True,42,50,50,5,0.6835581308061426,0.7007983724276224,0.001
dropout_rate,0.1,64,2,0.1,False,0.001,32,75,0.0,0.1,10,5,0.5,True,42,50,50,6,0.6781442865277781,0.7046200672785441,0.001
dropout_rate,0.1,64,2,0.1,False,0.001,32,75,0.0,0.1,10,5,0.5,True,42,50,50,7,0.6689705559701631,0.7084726969401042,0.001
dropout_rate,0.1,64,2,0.1,False,0.001,32,75,0.0,0.1,10,5,0.5,True,42,50,50,8,0.6605872484770688,0.7313372969627381,0.001
dropout_rate,0.1,64,2,0.1,False,0.001,32,75,0.0,0.1,10,5,0.5,True,42,50,50,9,0.6492370859240041,0.7570816953976949,0.001
dropout_rate,0.1,64,2,0.1,False,0.001,32,75,0.0,0.1,10,5,0.5,True,42,50,50,10,0.6401582504763748,0.7524487813313802,0.001
dropout_rate,0.1,64,2,0.1,False,0.001,32,75,0.0,0.1,10,5,0.5,True,42,50,50,11,0.6123101266496109,0.7904319365819296,0.001
dropout_rate,0.1,64,2,0.1,False,0.001,32,75,0.0,0.1,10,5,0.5,True,42,50,50,12,0.5964039103551344,0.8233361681302388,0.001
dropout_rate,0.1,64,2,0.1,False,0.001,32,75,0.0,0.1,10,5,0.5,True,42,50,50,13,0.575406825677915,0.8473277966181437,0.001
dropout_rate,0.1,64,2,0.1,False,0.001,32,75,0.0,0.1,10,5,0.5,True,42,50,50,14,0.5599937874710921,0.8878668189048767,0.001
dropout_rate,0.1,64,2,0.1,False,0.001,32,75,0.0,0.1,10,5,0.5,True,42,51,51,1,0.6936708824201063,0.6939455469449362,0.001
dropout_rate,0.1,64,2,0.1,False,0.001,32,75,0.0,0.1,10,5,0.5,True,42,51,51,2,0.6924615484295469,0.6923971692721049,0.001
dropout_rate,0.1,64,2,0.1,False,0.001,32,75,0.0,0.1,10,5,0.5,True,42,51,51,3,0.6908713380495707,0.6938667456309001,0.001
dropout_rate,0.1,64,2,0.1,False,0.001,32,75,0.0,0.1,10,5,0.5,True,42,51,51,4,0.6889329426216356,0.6960421800613403,0.001
dropout_rate,0.1,64,2,0.1,False,0.001,32,75,0.0,0.1,10,5,0.5,True,42,51,51,5,0.6849137571724978,0.6956694960594177,0.001
dropout_rate,0.1,64,2,0.1,False,0.001,32,75,0.0,0.1,10,5,0.5,True,42,51,51,6,0.6803719162037878,0.70616641441981,0.001
dropout_rate,0.1,64,2,0.1,False,0.001,32,75,0.0,0.1,10,5,0.5,True,42,51,51,7,0.6708610933838468,0.7158454855283102,0.001
dropout_rate,0.1,64,2,0.1,False,0.001,32,75,0.0,0.1,10,5,0.5,True,42,51,51,8,0.6662884011413112,0.7339460094769795,0.001
dropout_rate,0.1,64,2,0.1,False,0.001,32,75,0.0,0.1,10,5,0.5,True,42,51,51,9,0.6446069018407301,0.732378085454305,0.001
dropout_rate,0.1,64,2,0.1,False,0.001,32,75,0.0,0.1,10,5,0.5,True,42,51,51,10,0.6295705796642737,0.7441590388615926,0.001
dropout_rate,0.1,64,2,0.1,False,0.001,32,75,0.0,0.1,10,5,0.5,True,42,51,51,11,0.6214660658980861,0.7776100595792135,0.001
dropout_rate,0.1,64,2,0.1,False,0.001,32,75,0.0,0.1,10,5,0.5,True,42,51,51,12,0.6073092310266062,0.8076875964800517,0.001
dropout_rate,0.1,64,2,0.1,False,0.001,32,75,0.0,0.1,10,5,0.5,True,42,52,52,1,0.6936227868903767,0.6971756299336751,0.001
dropout_rate,0.1,64,2,0.1,False,0.001,32,75,0.0,0.1,10,5,0.5,True,42,52,52,2,0.6920535130934282,0.6970588088035583,0.001
dropout_rate,0.1,64,2,0.1,False,0.001,32,75,0.0,0.1,10,5,0.5,True,42,52,52,3,0.6910445161841132,0.697973080476125,0.001
dropout_rate,0.1,64,2,0.1,False,0.001,32,75,0.0,0.1,10,5,0.5,True,42,52,52,4,0.6887852337324258,0.6991111437479655,0.001
dropout_rate,0.1,64,2,0.1,False,0.001,32,75,0.0,0.1,10,5,0.5,True,42,52,52,5,0.687680158199686,0.7017288605372111,0.001
dropout_rate,0.1,64,2,0.1,False,0.001,32,75,0.0,0.1,10,5,0.5,True,42,52,52,6,0.6846811134706844,0.7064932465553284,0.001
dropout_rate,0.1,64,2,0.1,False,0.001,32,75,0.0,0.1,10,5,0.5,True,42,52,52,7,0.6808734626481028,0.7079867442448934,0.001
dropout_rate,0.1,64,2,0.1,False,0.001,32,75,0.0,0.1,10,5,0.5,True,42,52,52,8,0.6738067106767134,0.716106629371643,0.001
dropout_rate,0.1,64,2,0.1,False,0.001,32,75,0.0,0.1,10,5,0.5,True,42,52,52,9,0.6558033196312009,0.7269899408022563,0.001
dropout_rate,0.1,64,2,0.1,False,0.001,32,75,0.0,0.1,10,5,0.5,True,42,52,52,10,0.6453494745673556,0.7235027710596721,0.001
dropout_rate,0.1,64,2,0.1,False,0.001,32,75,0.0,0.1,10,5,0.5,True,42,52,52,11,0.6331239771662336,0.7652007897694906,0.001
dropout_rate,0.1,64,2,0.1,False,0.001,32,75,0.0,0.1,10,5,0.5,True,42,52,52,12,0.6252664219249379,0.7912744045257568,0.001
dropout_rate,0.1,64,2,0.1,False,0.001,32,75,0.0,0.1,10,5,0.5,True,42,53,53,1,0.6939601794336782,0.693666132291158,0.001
dropout_rate,0.1,64,2,0.1,False,0.001,32,75,0.0,0.1,10,5,0.5,True,42,53,53,2,0.6928520961241289,0.690334431330363,0.001
dropout_rate,0.1,64,2,0.1,False,0.001,32,75,0.0,0.1,10,5,0.5,True,42,53,53,3,0.6901341297409751,0.6912632624308268,0.001
dropout_rate,0.1,64,2,0.1,False,0.001,32,75,0.0,0.1,10,5,0.5,True,42,53,53,4,0.6904112579244556,0.6898366292317708,0.001
dropout_rate,0.1,64,2,0.1,False,0.001,32,75,0.0,0.1,10,5,0.5,True,42,53,53,5,0.6871696254520705,0.6936094681421916,0.001
dropout_rate,0.1,64,2,0.1,False,0.001,32,75,0.0,0.1,10,5,0.5,True,42,53,53,6,0.6829755229480339,0.6943910121917725,0.001
dropout_rate,0.1,64,2,0.1,False,0.001,32,75,0.0,0.1,10,5,0.5,True,42,53,53,7,0.6752656644040888,0.7004646341005961,0.001
dropout_rate,0.1,64,2,0.1,False,0.001,32,75,0.0,0.1,10,5,0.5,True,42,53,53,8,0.6668822142210874,0.721275269985199,0.001
dropout_rate,0.1,64,2,0.1,False,0.001,32,75,0.0,0.1,10,5,0.5,True,42,53,53,9,0.6546995964917269,0.7298413793245951,0.001
dropout_rate,0.1,64,2,0.1,False,0.001,32,75,0.0,0.1,10,5,0.5,True,42,53,53,10,0.6428032973499009,0.7429262558619182,0.001
dropout_rate,0.1,64,2,0.1,False,0.001,32,75,0.0,0.1,10,5,0.5,True,42,53,53,11,0.6160018724022489,0.7972309947013855,0.001
dropout_rate,0.1,64,2,0.1,False,0.001,32,75,0.0,0.1,10,5,0.5,True,42,53,53,12,0.6013231148773973,0.8350640137990316,0.001
dropout_rate,0.1,64,2,0.1,False,0.001,32,75,0.0,0.1,10,5,0.5,True,42,53,53,13,0.5877246303540288,0.8411372184753418,0.001
dropout_rate,0.1,64,2,0.1,False,0.001,32,75,0.0,0.1,10,5,0.5,True,42,53,53,14,0.5753657461115809,0.8589697440465291,0.001
dropout_rate,0.1,64,2,0.1,False,0.001,32,75,0.0,0.1,10,5,0.5,True,42,54,54,1,0.6942889229817824,0.6941157023111979,0.001
dropout_rate,0.1,64,2,0.1,False,0.001,32,75,0.0,0.1,10,5,0.5,True,42,54,54,2,0.692309041817983,0.6942647894223531,0.001
dropout_rate,0.1,64,2,0.1,False,0.001,32,75,0.0,0.1,10,5,0.5,True,42,54,54,3,0.6905346463123957,0.6951707204182943,0.001
dropout_rate,0.1,64,2,0.1,False,0.001,32,75,0.0,0.1,10,5,0.5,True,42,54,54,4,0.6877330523548704,0.7037715554237366,0.001
dropout_rate,0.1,64,2,0.1,False,0.001,32,75,0.0,0.1,10,5,0.5,True,42,54,54,5,0.681839747410832,0.7033704439798991,0.001
dropout_rate,0.1,64,2,0.1,False,0.001,32,75,0.0,0.1,10,5,0.5,True,42,54,54,6,0.6808586567640305,0.7050903916358948,0.001
dropout_rate,0.1,64,2,0.1,False,0.001,32,75,0.0,0.1,10,5,0.5,True,42,54,54,7,0.6703375907558383,0.7555356462796529,0.001
dropout_rate,0.1,64,2,0.1,False,0.001,32,75,0.0,0.1,10,5,0.5,True,42,54,54,8,0.6566918853557471,0.7452735543251038,0.001
dropout_rate,0.1,64,2,0.1,False,0.001,32,75,0.0,0.1,10,5,0.5,True,42,54,54,9,0.6447456293936932,0.752409561475118,0.001
dropout_rate,0.1,64,2,0.1,False,0.001,32,75,0.0,0.1,10,5,0.5,True,42,54,54,10,0.6354473409327593,0.7671290755271911,0.001
dropout_rate,0.1,64,2,0.1,False,0.001,32,75,0.0,0.1,10,5,0.5,True,42,54,54,11,0.62727508716511,0.7856329520543416,0.001
dropout_rate,0.1,64,2,0.1,False,0.001,32,75,0.0,0.1,10,5,0.5,True,42,55,55,1,0.6940593462098729,0.6918445746103923,0.001
dropout_rate,0.1,64,2,0.1,False,0.001,32,75,0.0,0.1,10,5,0.5,True,42,55,55,2,0.6922104304487054,0.6916039148966472,0.001
dropout_rate,0.1,64,2,0.1,False,0.001,32,75,0.0,0.1,10,5,0.5,True,42,55,55,3,0.6900633776729758,0.6962569355964661,0.001
dropout_rate,0.1,64,2,0.1,False,0.001,32,75,0.0,0.1,10,5,0.5,True,42,55,55,4,0.6871684830297123,0.696837051709493,0.001
dropout_rate,0.1,64,2,0.1,False,0.001,32,75,0.0,0.1,10,5,0.5,True,42,55,55,5,0.6832038471193025,0.7064343849817912,0.001
dropout_rate,0.1,64,2,0.1,False,0.001,32,75,0.0,0.1,10,5,0.5,True,42,55,55,6,0.6761227502967372,0.7040533781051636,0.001
dropout_rate,0.1,64,2,0.1,False,0.001,32,75,0.0,0.1,10,5,0.5,True,42,55,55,7,0.6694106924714465,0.7397256016731262,0.001
dropout_rate,0.1,64,2,0.1,False,0.001,32,75,0.0,0.1,10,5,0.5,True,42,55,55,8,0.6645696650851857,0.7334117134412129,0.001
dropout_rate,0.1,64,2,0.1,False,0.001,32,75,0.0,0.1,10,5,0.5,True,42,55,55,9,0.6449592303146016,0.774649957815806,0.001
dropout_rate,0.1,64,2,0.1,False,0.001,32,75,0.0,0.1,10,5,0.5,True,42,55,55,10,0.6301483584172798,0.7933350642522176,0.001
dropout_rate,0.1,64,2,0.1,False,0.001,32,75,0.0,0.1,10,5,0.5,True,42,55,55,11,0.6187872037743077,0.772545866171519,0.001
dropout_rate,0.1,64,2,0.1,False,0.001,32,75,0.0,0.1,10,5,0.5,True,42,55,55,12,0.6074246511314855,0.8197580019632975,0.001
dropout_rate,0.1,64,2,0.1,False,0.001,32,75,0.0,0.1,10,5,0.5,True,42,56,56,1,0.6939465006192526,0.6933524449666341,0.001
dropout_rate,0.1,64,2,0.1,False,0.001,32,75,0.0,0.1,10,5,0.5,True,42,56,56,2,0.6924193623391065,0.6948561906814575,0.001
dropout_rate,0.1,64,2,0.1,False,0.001,32,75,0.0,0.1,10,5,0.5,True,42,56,56,3,0.6909798365650754,0.6929025491078694,0.001
dropout_rate,0.1,64,2,0.1,False,0.001,32,75,0.0,0.1,10,5,0.5,True,42,56,56,4,0.6887931810183958,0.6916551510492961,0.001
dropout_rate,0.1,64,2,0.1,False,0.001,32,75,0.0,0.1,10,5,0.5,True,42,56,56,5,0.6870693546352964,0.6927009026209513,0.001
dropout_rate,0.1,64,2,0.1,False,0.001,32,75,0.0,0.1,10,5,0.5,True,42,56,56,6,0.6835492912567023,0.6948646823565165,0.001
dropout_rate,0.1,64,2,0.1,False,0.001,32,75,0.0,0.1,10,5,0.5,True,42,56,56,7,0.676204473231778,0.7087632377942403,0.001
dropout_rate,0.1,64,2,0.1,False,0.001,32,75,0.0,0.1,10,5,0.5,True,42,56,56,8,0.6706422138394732,0.6997455914815267,0.001
dropout_rate,0.1,64,2,0.1,False,0.001,32,75,0.0,0.1,10,5,0.5,True,42,56,56,9,0.6596631534171827,0.7236849029858907,0.001
dropout_rate,0.1,64,2,0.1,False,0.001,32,75,0.0,0.1,10,5,0.5,True,42,56,56,10,0.6519348282705654,0.7288090189297994,0.001
dropout_rate,0.1,64,2,0.1,False,0.001,32,75,0.0,0.1,10,5,0.5,True,42,56,56,11,0.625248675996607,0.7351410150527954,0.001
dropout_rate,0.1,64,2,0.1,False,0.001,32,75,0.0,0.1,10,5,0.5,True,42,56,56,12,0.6117237045457868,0.7572569052378336,0.001
dropout_rate,0.1,64,2,0.1,False,0.001,32,75,0.0,0.1,10,5,0.5,True,42,56,56,13,0.5921571150873647,0.7676288922627766,0.001
dropout_rate,0.1,64,2,0.1,False,0.001,32,75,0.0,0.1,10,5,0.5,True,42,56,56,14,0.5790723144556537,0.8166042764981588,0.001
dropout_rate,0.1,64,2,0.1,False,0.001,32,75,0.0,0.1,10,5,0.5,True,42,57,57,1,0.6939220618117939,0.6939059734344483,0.001
dropout_rate,0.1,64,2,0.1,False,0.001,32,75,0.0,0.1,10,5,0.5,True,42,57,57,2,0.6921288818120956,0.6934863209724427,0.001
dropout_rate,0.1,64,2,0.1,False,0.001,32,75,0.0,0.1,10,5,0.5,True,42,57,57,3,0.6892649454600883,0.6934982220331828,0.001
dropout_rate,0.1,64,2,0.1,False,0.001,32,75,0.0,0.1,10,5,0.5,True,42,57,57,4,0.6855382788361926,0.6965229749679566,0.001
dropout_rate,0.1,64,2,0.1,False,0.001,32,75,0.0,0.1,10,5,0.5,True,42,57,57,5,0.6859500719742342,0.6983496348063151,0.001
dropout_rate,0.1,64,2,0.1,False,0.001,32,75,0.0,0.1,10,5,0.5,True,42,57,57,6,0.680284808530952,0.7000905911127726,0.001
dropout_rate,0.1,64,2,0.1,False,0.001,32,75,0.0,0.1,10,5,0.5,True,42,57,57,7,0.6744868488925876,0.7050645033518473,0.001
dropout_rate,0.1,64,2,0.1,False,0.001,32,75,0.0,0.1,10,5,0.5,True,42,57,57,8,0.6641795978401647,0.7058318177858989,0.001
dropout_rate,0.1,64,2,0.1,False,0.001,32,75,0.0,0.1,10,5,0.5,True,42,57,57,9,0.6496680157654213,0.7421886404355367,0.001
dropout_rate,0.1,64,2,0.1,False,0.001,32,75,0.0,0.1,10,5,0.5,True,42,57,57,10,0.6417063131476893,0.7334909399350484,0.001
dropout_rate,0.1,64,2,0.1,False,0.001,32,75,0.0,0.1,10,5,0.5,True,42,57,57,11,0.6283132650635459,0.7633705258369445,0.001
dropout_rate,0.1,64,2,0.1,False,0.001,32,75,0.0,0.1,10,5,0.5,True,42,57,57,12,0.6194458901882172,0.7534177740414937,0.001
dropout_rate,0.1,64,2,0.1,False,0.001,32,75,0.0,0.1,10,5,0.5,True,42,58,58,1,0.6934653719266256,0.6951505382855733,0.001
dropout_rate,0.1,64,2,0.1,False,0.001,32,75,0.0,0.1,10,5,0.5,True,42,58,58,2,0.6927860216660933,0.6924648284912109,0.001
dropout_rate,0.1,64,2,0.1,False,0.001,32,75,0.0,0.1,10,5,0.5,True,42,58,58,3,0.6911953249664018,0.6957939386367797,0.001
dropout_rate,0.1,64,2,0.1,False,0.001,32,75,0.0,0.1,10,5,0.5,True,42,58,58,4,0.6883969189542712,0.6939807335535685,0.001
dropout_rate,0.1,64,2,0.1,False,0.001,32,75,0.0,0.1,10,5,0.5,True,42,58,58,5,0.6850077351837447,0.6948881427447001,0.001
dropout_rate,0.1,64,2,0.1,False,0.001,32,75,0.0,0.1,10,5,0.5,True,42,58,58,6,0.6786834945281347,0.7057012836138408,0.001
dropout_rate,0.1,64,2,0.1,False,0.001,32,75,0.0,0.1,10,5,0.5,True,42,58,58,7,0.6718323528766632,0.7067958037058513,0.001
dropout_rate,0.1,64,2,0.1,False,0.001,32,75,0.0,0.1,10,5,0.5,True,42,58,58,8,0.6627861469080953,0.7377423604329427,0.001
dropout_rate,0.1,64,2,0.1,False,0.001,32,75,0.0,0.1,10,5,0.5,True,42,58,58,9,0.6433387353564753,0.7404880921045939,0.001
dropout_rate,0.1,64,2,0.1,False,0.001,32,75,0.0,0.1,10,5,0.5,True,42,58,58,10,0.628673636100509,0.7722093462944031,0.001
dropout_rate,0.1,64,2,0.1,False,0.001,32,75,0.0,0.1,10,5,0.5,True,42,58,58,11,0.6137617984504411,0.775850244363149,0.001
dropout_rate,0.1,64,2,0.1,False,0.001,32,75,0.0,0.1,10,5,0.5,True,42,58,58,12,0.6050923283804547,0.8067246913909912,0.001
dropout_rate,0.1,64,2,0.1,False,0.001,32,75,0.0,0.1,10,5,0.5,True,42,59,59,1,0.6939529672716603,0.693258269627889,0.001
dropout_rate,0.1,64,2,0.1,False,0.001,32,75,0.0,0.1,10,5,0.5,True,42,59,59,2,0.6921318742361936,0.6916165312131246,0.001
dropout_rate,0.1,64,2,0.1,False,0.001,32,75,0.0,0.1,10,5,0.5,True,42,59,59,3,0.6908902327219645,0.6920342405637105,0.001
dropout_rate,0.1,64,2,0.1,False,0.001,32,75,0.0,0.1,10,5,0.5,True,42,59,59,4,0.6877427381096464,0.6963208794593811,0.001
dropout_rate,0.1,64,2,0.1,False,0.001,32,75,0.0,0.1,10,5,0.5,True,42,59,59,5,0.6901499150377332,0.6917978684107463,0.001
dropout_rate,0.1,64,2,0.1,False,0.001,32,75,0.0,0.1,10,5,0.5,True,42,59,59,6,0.6845540941664667,0.693317461013794,0.001
dropout_rate,0.1,64,2,0.1,False,0.001,32,75,0.0,0.1,10,5,0.5,True,42,59,59,7,0.6798487590117888,0.6955709377924602,0.001
dropout_rate,0.1,64,2,0.1,False,0.001,32,75,0.0,0.1,10,5,0.5,True,42,59,59,8,0.6738566277605115,0.6953013221422831,0.001
dropout_rate,0.1,64,2,0.1,False,0.001,32,75,0.0,0.1,10,5,0.5,True,42,59,59,9,0.6624982447335215,0.7144832253456116,0.001
dropout_rate,0.1,64,2,0.1,False,0.001,32,75,0.0,0.1,10,5,0.5,True,42,59,59,10,0.6501328972252932,0.7320458094278971,0.001
dropout_rate,0.1,64,2,0.1,False,0.001,32,75,0.0,0.1,10,5,0.5,True,42,59,59,11,0.6433481406984907,0.7384957671165466,0.001
dropout_rate,0.1,64,2,0.1,False,0.001,32,75,0.0,0.1,10,5,0.5,True,42,59,59,12,0.634659158912572,0.7474822362263998,0.001
dropout_rate,0.1,64,2,0.1,False,0.001,32,75,0.0,0.1,10,5,0.5,True,42,60,60,1,0.6937161124113834,0.6936687310536702,0.001
dropout_rate,0.1,64,2,0.1,False,0.001,32,75,0.0,0.1,10,5,0.5,True,42,60,60,2,0.6923359144817699,0.6930891831715902,0.001
dropout_rate,0.1,64,2,0.1,False,0.001,32,75,0.0,0.1,10,5,0.5,True,42,60,60,3,0.6915608030377012,0.6917983055114746,0.001
dropout_rate,0.1,64,2,0.1,False,0.001,32,75,0.0,0.1,10,5,0.5,True,42,60,60,4,0.6901403471375956,0.6943174799283346,0.001
dropout_rate,0.1,64,2,0.1,False,0.001,32,75,0.0,0.1,10,5,0.5,True,42,60,60,5,0.6856026532072009,0.7058153907457988,0.001
dropout_rate,0.1,64,2,0.1,False,0.001,32,75,0.0,0.1,10,5,0.5,True,42,60,60,6,0.685886109417135,0.6970278938611348,0.001
dropout_rate,0.1,64,2,0.1,False,0.001,32,75,0.0,0.1,10,5,0.5,True,42,60,60,7,0.6781440810723738,0.699119488398234,0.001
dropout_rate,0.1,64,2,0.1,False,0.001,32,75,0.0,0.1,10,5,0.5,True,42,60,60,8,0.6694265468554064,0.7070014278093973,0.001
dropout_rate,0.1,64,2,0.1,False,0.001,32,75,0.0,0.1,10,5,0.5,True,42,60,60,9,0.6612134074622934,0.7144828120867411,0.001
dropout_rate,0.1,64,2,0.1,False,0.001,32,75,0.0,0.1,10,5,0.5,True,42,60,60,10,0.6411184989141695,0.742186411221822,0.001
dropout_rate,0.1,64,2,0.1,False,0.001,32,75,0.0,0.1,10,5,0.5,True,42,60,60,11,0.626115633456996,0.7429372390111287,0.001
dropout_rate,0.1,64,2,0.1,False,0.001,32,75,0.0,0.1,10,5,0.5,True,42,60,60,12,0.6173124139507612,0.7814793864885966,0.001
dropout_rate,0.1,64,2,0.1,False,0.001,32,75,0.0,0.1,10,5,0.5,True,42,60,60,13,0.6201379911014528,0.7777502536773682,0.001
dropout_rate,0.1,64,2,0.1,False,0.001,32,75,0.0,0.1,10,5,0.5,True,42,61,61,1,0.69408057494597,0.6925889531771342,0.001
dropout_rate,0.1,64,2,0.1,False,0.001,32,75,0.0,0.1,10,5,0.5,True,42,61,61,2,0.6925128892515645,0.6928619106610616,0.001
dropout_rate,0.1,64,2,0.1,False,0.001,32,75,0.0,0.1,10,5,0.5,True,42,61,61,3,0.6905553489923477,0.6934808572133382,0.001
dropout_rate,0.1,64,2,0.1,False,0.001,32,75,0.0,0.1,10,5,0.5,True,42,61,61,4,0.6895661895925348,0.6950109521547954,0.001
dropout_rate,0.1,64,2,0.1,False,0.001,32,75,0.0,0.1,10,5,0.5,True,42,61,61,5,0.6870594458146528,0.6941777865091959,0.001
dropout_rate,0.1,64,2,0.1,False,0.001,32,75,0.0,0.1,10,5,0.5,True,42,61,61,6,0.6827643165985743,0.700162669022878,0.001
dropout_rate,0.1,64,2,0.1,False,0.001,32,75,0.0,0.1,10,5,0.5,True,42,61,61,7,0.6771861558610742,0.7136659463246663,0.001
dropout_rate,0.1,64,2,0.1,False,0.001,32,75,0.0,0.1,10,5,0.5,True,42,61,61,8,0.6645698041626902,0.7209511359532674,0.001
dropout_rate,0.1,64,2,0.1,False,0.001,32,75,0.0,0.1,10,5,0.5,True,42,61,61,9,0.6520359376163194,0.7274541020393371,0.001
dropout_rate,0.1,64,2,0.1,False,0.001,32,75,0.0,0.1,10,5,0.5,True,42,61,61,10,0.6418315122524897,0.7217120210329692,0.001
dropout_rate,0.1,64,2,0.1,False,0.001,32,75,0.0,0.1,10,5,0.5,True,42,61,61,11,0.6309320831840689,0.7368062019348145,0.001
dropout_rate,0.1,64,2,0.1,False,0.001,32,75,0.0,0.1,10,5,0.5,True,42,62,62,1,0.6941219039938666,0.6921789566675822,0.001
dropout_rate,0.1,64,2,0.1,False,0.001,32,75,0.0,0.1,10,5,0.5,True,42,62,62,2,0.6926890277501309,0.6928121487299601,0.001
dropout_rate,0.1,64,2,0.1,False,0.001,32,75,0.0,0.1,10,5,0.5,True,42,62,62,3,0.6916436191761133,0.6921788374582927,0.001
dropout_rate,0.1,64,2,0.1,False,0.001,32,75,0.0,0.1,10,5,0.5,True,42,62,62,4,0.6891538785262541,0.6926411787668864,0.001
dropout_rate,0.1,64,2,0.1,False,0.001,32,75,0.0,0.1,10,5,0.5,True,42,62,62,5,0.6849431296189626,0.6934156457583109,0.001
dropout_rate,0.1,64,2,0.1,False,0.001,32,75,0.0,0.1,10,5,0.5,True,42,62,62,6,0.6798487310156678,0.7052764614423116,0.001
dropout_rate,0.1,64,2,0.1,False,0.001,32,75,0.0,0.1,10,5,0.5,True,42,62,62,7,0.6735190401474634,0.7147600889205933,0.001
dropout_rate,0.1,64,2,0.1,False,0.001,32,75,0.0,0.1,10,5,0.5,True,42,62,62,8,0.6624235447609064,0.7195590972900391,0.001
dropout_rate,0.1,64,2,0.1,False,0.001,32,75,0.0,0.1,10,5,0.5,True,42,62,62,9,0.6494489569555629,0.7341265400250753,0.001
dropout_rate,0.1,64,2,0.1,False,0.001,32,75,0.0,0.1,10,5,0.5,True,42,62,62,10,0.639252193497889,0.7602407018343608,0.001
dropout_rate,0.1,64,2,0.1,False,0.001,32,75,0.0,0.1,10,5,0.5,True,42,62,62,11,0.6277793045296813,0.7555606007575989,0.001
dropout_rate,0.1,64,2,0.1,False,0.001,32,75,0.0,0.1,10,5,0.5,True,42,62,62,12,0.6217710140979651,0.7814013600349426,0.001
dropout_rate,0.1,64,2,0.1,False,0.001,32,75,0.0,0.1,10,5,0.5,True,42,62,62,13,0.6038291230797768,0.8157597382863363,0.001
dropout_rate,0.1,64,2,0.1,False,0.001,32,75,0.0,0.1,10,5,0.5,True,42,63,63,1,0.6934611729600213,0.6932659467061361,0.001
dropout_rate,0.1,64,2,0.1,False,0.001,32,75,0.0,0.1,10,5,0.5,True,42,63,63,2,0.6920278379411409,0.692558475335439,0.001
dropout_rate,0.1,64,2,0.1,False,0.001,32,75,0.0,0.1,10,5,0.5,True,42,63,63,3,0.6907332480856867,0.6937089880307515,0.001
dropout_rate,0.1,64,2,0.1,False,0.001,32,75,0.0,0.1,10,5,0.5,True,42,63,63,4,0.6886019806067148,0.6961390018463135,0.001
dropout_rate,0.1,64,2,0.1,False,0.001,32,75,0.0,0.1,10,5,0.5,True,42,63,63,5,0.6848356330936606,0.6952080488204956,0.001
dropout_rate,0.1,64,2,0.1,False,0.001,32,75,0.0,0.1,10,5,0.5,True,42,63,63,6,0.677571306626002,0.7038004636764527,0.001
dropout_rate,0.1,64,2,0.1,False,0.001,32,75,0.0,0.1,10,5,0.5,True,42,63,63,7,0.6718478771773252,0.7085935990015666,0.001
dropout_rate,0.1,64,2,0.1,False,0.001,32,75,0.0,0.1,10,5,0.5,True,42,63,63,8,0.6620314848242383,0.71437961657842,0.001
dropout_rate,0.1,64,2,0.1,False,0.001,32,75,0.0,0.1,10,5,0.5,True,42,63,63,9,0.6445498606472304,0.7198994954427084,0.001
dropout_rate,0.1,64,2,0.1,False,0.001,32,75,0.0,0.1,10,5,0.5,True,42,63,63,10,0.6323917760993495,0.7565208911895752,0.001
dropout_rate,0.1,64,2,0.1,False,0.001,32,75,0.0,0.1,10,5,0.5,True,42,63,63,11,0.6190105785023082,0.7679770668347676,0.001
dropout_rate,0.1,64,2,0.1,False,0.001,32,75,0.0,0.1,10,5,0.5,True,42,63,63,12,0.6081787345535827,0.7850881298383077,0.001
dropout_rate,0.1,64,2,0.1,False,0.001,32,75,0.0,0.1,10,5,0.5,True,42,64,64,1,0.6936062398281965,0.6928560336430868,0.001
dropout_rate,0.1,64,2,0.1,False,0.001,32,75,0.0,0.1,10,5,0.5,True,42,64,64,2,0.6922406906431372,0.6924290458361307,0.001
dropout_rate,0.1,64,2,0.1,False,0.001,32,75,0.0,0.1,10,5,0.5,True,42,64,64,3,0.6904524438308947,0.6924754858016968,0.001
dropout_rate,0.1,64,2,0.1,False,0.001,32,75,0.0,0.1,10,5,0.5,True,42,64,64,4,0.6878853846680034,0.6949027379353842,0.001
dropout_rate,0.1,64,2,0.1,False,0.001,32,75,0.0,0.1,10,5,0.5,True,42,64,64,5,0.682311907862172,0.7027141054471334,0.001
dropout_rate,0.1,64,2,0.1,False,0.001,32,75,0.0,0.1,10,5,0.5,True,42,64,64,6,0.6782085037592686,0.7062747200330098,0.001
dropout_rate,0.1,64,2,0.1,False,0.001,32,75,0.0,0.1,10,5,0.5,True,42,64,64,7,0.6697207878936421,0.702809210618337,0.001
dropout_rate,0.1,64,2,0.1,False,0.001,32,75,0.0,0.1,10,5,0.5,True,42,64,64,8,0.6595547700470145,0.7351945082346598,0.001
dropout_rate,0.1,64,2,0.1,False,0.001,32,75,0.0,0.1,10,5,0.5,True,42,64,64,9,0.641858334794189,0.7566272497177124,0.001
dropout_rate,0.1,64,2,0.1,False,0.001,32,75,0.0,0.1,10,5,0.5,True,42,64,64,10,0.6310461560885111,0.7809985915819804,0.001
dropout_rate,0.1,64,2,0.1,False,0.001,32,75,0.0,0.1,10,5,0.5,True,42,64,64,11,0.6284756813988541,0.7823378761609395,0.001
dropout_rate,0.1,64,2,0.1,False,0.001,32,75,0.0,0.1,10,5,0.5,True,42,64,64,12,0.6108992007194143,0.7775889754295349,0.001
dropout_rate,0.1,64,2,0.1,False,0.001,32,75,0.0,0.1,10,5,0.5,True,42,65,65,1,0.6939062263929483,0.695062001546224,0.001
dropout_rate,0.1,64,2,0.1,False,0.001,32,75,0.0,0.1,10,5,0.5,True,42,65,65,2,0.6921775770006757,0.6924953460693359,0.001
dropout_rate,0.1,64,2,0.1,False,0.001,32,75,0.0,0.1,10,5,0.5,True,42,65,65,3,0.6891803298935746,0.6931149760882059,0.001
dropout_rate,0.1,64,2,0.1,False,0.001,32,75,0.0,0.1,10,5,0.5,True,42,65,65,4,0.6875352064768473,0.6941381335258484,0.001
dropout_rate,0.1,64,2,0.1,False,0.001,32,75,0.0,0.1,10,5,0.5,True,42,65,65,5,0.6845986883748661,0.6940962274869283,0.001
dropout_rate,0.1,64,2,0.1,False,0.001,32,75,0.0,0.1,10,5,0.5,True,42,65,65,6,0.6785509256702481,0.7015651623408,0.001
dropout_rate,0.1,64,2,0.1,False,0.001,32,75,0.0,0.1,10,5,0.5,True,42,65,65,7,0.6705729545968951,0.7091977636019389,0.001
dropout_rate,0.1,64,2,0.1,False,0.001,32,75,0.0,0.1,10,5,0.5,True,42,65,65,8,0.6620239538676811,0.7110888759295145,0.001
dropout_rate,0.1,64,2,0.1,False,0.001,32,75,0.0,0.1,10,5,0.5,True,42,65,65,9,0.6451695182106711,0.7439000288645427,0.001
dropout_rate,0.1,64,2,0.1,False,0.001,32,75,0.0,0.1,10,5,0.5,True,42,65,65,10,0.6303806205590566,0.7628118832906087,0.001
dropout_rate,0.1,64,2,0.1,False,0.001,32,75,0.0,0.1,10,5,0.5,True,42,65,65,11,0.6210010519081895,0.7743132034937541,0.001
dropout_rate,0.1,64,2,0.1,False,0.001,32,75,0.0,0.1,10,5,0.5,True,42,65,65,12,0.6031291681257162,0.8022445638974508,0.001
dropout_rate,0.1,64,2,0.1,False,0.001,32,75,0.0,0.1,10,5,0.5,True,42,66,66,1,0.693487394488219,0.6943928758303325,0.001
dropout_rate,0.1,64,2,0.1,False,0.001,32,75,0.0,0.1,10,5,0.5,True,42,66,66,2,0.691733437054085,0.6943384130795797,0.001
dropout_rate,0.1,64,2,0.1,False,0.001,32,75,0.0,0.1,10,5,0.5,True,42,66,66,3,0.689918375376499,0.6945765137672424,0.001
dropout_rate,0.1,64,2,0.1,False,0.001,32,75,0.0,0.1,10,5,0.5,True,42,66,66,4,0.687358073664434,0.6933234373728434,0.001
dropout_rate,0.1,64,2,0.1,False,0.001,32,75,0.0,0.1,10,5,0.5,True,42,66,66,5,0.6832116426843585,0.698815894126892,0.001
dropout_rate,0.1,64,2,0.1,False,0.001,32,75,0.0,0.1,10,5,0.5,True,42,66,66,6,0.6806410551071167,0.7060430606206258,0.001
dropout_rate,0.1,64,2,0.1,False,0.001,32,75,0.0,0.1,10,5,0.5,True,42,66,66,7,0.67313811499061,0.698828927675883,0.001
dropout_rate,0.1,64,2,0.1,False,0.001,32,75,0.0,0.1,10,5,0.5,True,42,66,66,8,0.6697619503194635,0.6998706857363383,0.001
dropout_rate,0.1,64,2,0.1,False,0.001,32,75,0.0,0.1,10,5,0.5,True,42,66,66,9,0.6597732797716603,0.7205326517422994,0.001
dropout_rate,0.1,64,2,0.1,False,0.001,32,75,0.0,0.1,10,5,0.5,True,42,66,66,10,0.6461896742835189,0.7481013059616088,0.001
dropout_rate,0.1,64,2,0.1,False,0.001,32,75,0.0,0.1,10,5,0.5,True,42,66,66,11,0.6254491824092288,0.7806599497795105,0.001
dropout_rate,0.1,64,2,0.1,False,0.001,32,75,0.0,0.1,10,5,0.5,True,42,66,66,12,0.6100894043391402,0.7843706528345744,0.001
dropout_rate,0.1,64,2,0.1,False,0.001,32,75,0.0,0.1,10,5,0.5,True,42,66,66,13,0.5931278078845053,0.8312428911526998,0.001
dropout_rate,0.1,64,2,0.1,False,0.001,32,75,0.0,0.1,10,5,0.5,True,42,66,66,14,0.5836815237998962,0.7847999612490336,0.001
dropout_rate,0.1,64,2,0.1,False,0.001,32,75,0.0,0.1,10,5,0.5,True,42,67,67,1,0.6939307049368367,0.69400421778361,0.001
dropout_rate,0.1,64,2,0.1,False,0.001,32,75,0.0,0.1,10,5,0.5,True,42,67,67,2,0.6918184301166823,0.6960869749387105,0.001
dropout_rate,0.1,64,2,0.1,False,0.001,32,75,0.0,0.1,10,5,0.5,True,42,67,67,3,0.6906059316613458,0.6926125089327494,0.001
dropout_rate,0.1,64,2,0.1,False,0.001,32,75,0.0,0.1,10,5,0.5,True,42,67,67,4,0.6884531238765428,0.6913917859395345,0.001
dropout_rate,0.1,64,2,0.1,False,0.001,32,75,0.0,0.1,10,5,0.5,True,42,67,67,5,0.6840555785280286,0.6941285570462544,0.001
dropout_rate,0.1,64,2,0.1,False,0.001,32,75,0.0,0.1,10,5,0.5,True,42,67,67,6,0.6812079905560522,0.6975771148999532,0.001
dropout_rate,0.1,64,2,0.1,False,0.001,32,75,0.0,0.1,10,5,0.5,True,42,67,67,7,0.6746382343046593,0.7040846467018127,0.001
dropout_rate,0.1,64,2,0.1,False,0.001,32,75,0.0,0.1,10,5,0.5,True,42,67,67,8,0.6676811869397308,0.7124482790629069,0.001
dropout_rate,0.1,64,2,0.1,False,0.001,32,75,0.0,0.1,10,5,0.5,True,42,67,67,9,0.6578795778931994,0.7177891135215759,0.001
dropout_rate,0.1,64,2,0.1,False,0.001,32,75,0.0,0.1,10,5,0.5,True,42,67,67,10,0.6494849351319399,0.7567276199658711,0.001
dropout_rate,0.1,64,2,0.1,False,0.001,32,75,0.0,0.1,10,5,0.5,True,42,67,67,11,0.624526975507086,0.7934477965037028,0.001
dropout_rate,0.1,64,2,0.1,False,0.001,32,75,0.0,0.1,10,5,0.5,True,42,67,67,12,0.6076035632780104,0.8039978345235189,0.001
dropout_rate,0.1,64,2,0.1,False,0.001,32,75,0.0,0.1,10,5,0.5,True,42,67,67,13,0.5927122592022924,0.8457278529802958,0.001
dropout_rate,0.1,64,2,0.1,False,0.001,32,75,0.0,0.1,10,5,0.5,True,42,67,67,14,0.5761309507669825,0.9091471989949544,0.001
dropout_rate,0.1,64,2,0.1,False,0.001,32,75,0.0,0.1,10,5,0.5,True,42,68,68,1,0.6937320860046329,0.6958356777826945,0.001
dropout_rate,0.1,64,2,0.1,False,0.001,32,75,0.0,0.1,10,5,0.5,True,42,68,68,2,0.692011246175477,0.6939776221911113,0.001
dropout_rate,0.1,64,2,0.1,False,0.001,32,75,0.0,0.1,10,5,0.5,True,42,68,68,3,0.6907341534441168,0.6947101672490438,0.001
dropout_rate,0.1,64,2,0.1,False,0.001,32,75,0.0,0.1,10,5,0.5,True,42,68,68,4,0.6888097610437509,0.690764053662618,0.001
dropout_rate,0.1,64,2,0.1,False,0.001,32,75,0.0,0.1,10,5,0.5,True,42,68,68,5,0.6861101095423554,0.6916449308395386,0.001
dropout_rate,0.1,64,2,0.1,False,0.001,32,75,0.0,0.1,10,5,0.5,True,42,68,68,6,0.681275025010109,0.6965324362119039,0.001
dropout_rate,0.1,64,2,0.1,False,0.001,32,75,0.0,0.1,10,5,0.5,True,42,68,68,7,0.6786674419135759,0.6991386532783508,0.001
dropout_rate,0.1,64,2,0.1,False,0.001,32,75,0.0,0.1,10,5,0.5,True,42,68,68,8,0.6671511892116431,0.7079672614733378,0.001
dropout_rate,0.1,64,2,0.1,False,0.001,32,75,0.0,0.1,10,5,0.5,True,42,68,68,9,0.6594789204272357,0.7160277962684631,0.001
dropout_rate,0.1,64,2,0.1,False,0.001,32,75,0.0,0.1,10,5,0.5,True,42,68,68,10,0.649005723270503,0.7502530892690022,0.001
dropout_rate,0.1,64,2,0.1,False,0.001,32,75,0.0,0.1,10,5,0.5,True,42,68,68,11,0.6267570706479477,0.7497206171353658,0.001
dropout_rate,0.1,64,2,0.1,False,0.001,32,75,0.0,0.1,10,5,0.5,True,42,68,68,12,0.6081250118035259,0.7672590335210164,0.001
dropout_rate,0.1,64,2,0.1,False,0.001,32,75,0.0,0.1,10,5,0.5,True,42,68,68,13,0.5979257889769294,0.7784992933273316,0.001
dropout_rate,0.1,64,2,0.1,False,0.001,32,75,0.0,0.1,10,5,0.5,True,42,68,68,14,0.5851670758742274,0.7670187075932821,0.001
dropout_rate,0.1,64,2,0.1,False,0.001,32,75,0.0,0.1,10,5,0.5,True,42,69,69,1,0.6938030367547815,0.6907112161318462,0.001
dropout_rate,0.1,64,2,0.1,False,0.001,32,75,0.0,0.1,10,5,0.5,True,42,69,69,2,0.6929764413472378,0.6897495945294698,0.001
dropout_rate,0.1,64,2,0.1,False,0.001,32,75,0.0,0.1,10,5,0.5,True,42,69,69,3,0.6904507888989015,0.6908697088559469,0.001
dropout_rate,0.1,64,2,0.1,False,0.001,32,75,0.0,0.1,10,5,0.5,True,42,69,69,4,0.689508933912624,0.687547791004181,0.001
dropout_rate,0.1,64,2,0.1,False,0.001,32,75,0.0,0.1,10,5,0.5,True,42,69,69,5,0.6854970956390555,0.690154496828715,0.001
dropout_rate,0.1,64,2,0.1,False,0.001,32,75,0.0,0.1,10,5,0.5,True,42,69,69,6,0.6822218944629034,0.6922893246014913,0.001
dropout_rate,0.1,64,2,0.1,False,0.001,32,75,0.0,0.1,10,5,0.5,True,42,69,69,7,0.6736662925192805,0.697630500793457,0.001
dropout_rate,0.1,64,2,0.1,False,0.001,32,75,0.0,0.1,10,5,0.5,True,42,69,69,8,0.6651066501032222,0.7095160682996114,0.001
dropout_rate,0.1,64,2,0.1,False,0.001,32,75,0.0,0.1,10,5,0.5,True,42,69,69,9,0.6558343867460886,0.7206615646680196,0.001
dropout_rate,0.1,64,2,0.1,False,0.001,32,75,0.0,0.1,10,5,0.5,True,42,69,69,10,0.6449246790372964,0.7308326482772827,0.001
dropout_rate,0.1,64,2,0.1,False,0.001,32,75,0.0,0.1,10,5,0.5,True,42,69,69,11,0.620205221979907,0.7669174154599507,0.001
dropout_rate,0.1,64,2,0.1,False,0.001,32,75,0.0,0.1,10,5,0.5,True,42,69,69,12,0.6085538428389665,0.7727187077204386,0.001
dropout_rate,0.1,64,2,0.1,False,0.001,32,75,0.0,0.1,10,5,0.5,True,42,69,69,13,0.5900556774753513,0.7931408246358236,0.001
dropout_rate,0.1,64,2,0.1,False,0.001,32,75,0.0,0.1,10,5,0.5,True,42,69,69,14,0.5736895379695025,0.8243220051129659,0.001
dropout_rate,0.1,64,2,0.1,False,0.001,32,75,0.0,0.1,10,5,0.5,True,42,70,70,1,0.6947540482788375,0.6951063553492228,0.001
dropout_rate,0.1,64,2,0.1,False,0.001,32,75,0.0,0.1,10,5,0.5,True,42,70,70,2,0.6918365002581568,0.694409970442454,0.001
dropout_rate,0.1,64,2,0.1,False,0.001,32,75,0.0,0.1,10,5,0.5,True,42,70,70,3,0.6908118503563332,0.6931815505027771,0.001
dropout_rate,0.1,64,2,0.1,False,0.001,32,75,0.0,0.1,10,5,0.5,True,42,70,70,4,0.6886656081134622,0.6995786150296529,0.001
dropout_rate,0.1,64,2,0.1,False,0.001,32,75,0.0,0.1,10,5,0.5,True,42,70,70,5,0.6863791328487974,0.6948820908864339,0.001
dropout_rate,0.1,64,2,0.1,False,0.001,32,75,0.0,0.1,10,5,0.5,True,42,70,70,6,0.6811554996353207,0.6929495414098104,0.001
dropout_rate,0.1,64,2,0.1,False,0.001,32,75,0.0,0.1,10,5,0.5,True,42,70,70,7,0.6710280378659567,0.7268301129341126,0.001
dropout_rate,0.1,64,2,0.1,False,0.001,32,75,0.0,0.1,10,5,0.5,True,42,70,70,8,0.6655929233088638,0.7024579286575318,0.001
dropout_rate,0.1,64,2,0.1,False,0.001,32,75,0.0,0.1,10,5,0.5,True,42,70,70,9,0.6526119081359921,0.7188520193099975,0.001
dropout_rate,0.1,64,2,0.1,False,0.001,32,75,0.0,0.1,10,5,0.5,True,42,70,70,10,0.6387132011128195,0.7612053314844768,0.001
dropout_rate,0.1,64,2,0.1,False,0.001,32,75,0.0,0.1,10,5,0.5,True,42,70,70,11,0.6204877339980819,0.7867045760154724,0.001
dropout_rate,0.1,64,2,0.1,False,0.001,32,75,0.0,0.1,10,5,0.5,True,42,70,70,12,0.6000442157189051,0.7636948943138122,0.001
dropout_rate,0.1,64,2,0.1,False,0.001,32,75,0.0,0.1,10,5,0.5,True,42,70,70,13,0.5647234212268483,0.8727354526519775,0.001
dropout_rate,0.1,64,2,0.1,False,0.001,32,75,0.0,0.1,10,5,0.5,True,42,70,70,14,0.544259496484742,0.8649196902910868,0.001
dropout_rate,0.1,64,2,0.1,False,0.001,32,75,0.0,0.1,10,5,0.5,True,42,70,70,15,0.5272149482008183,0.9065736333529154,0.001
dropout_rate,0.1,64,2,0.1,False,0.001,32,75,0.0,0.1,10,5,0.5,True,42,70,70,16,0.5079585675037268,1.014956780274709,0.001
dropout_rate,0.1,64,2,0.1,False,0.001,32,75,0.0,0.1,10,5,0.5,True,42,71,71,1,0.6938911062298398,0.6938005646069845,0.001
dropout_rate,0.1,64,2,0.1,False,0.001,32,75,0.0,0.1,10,5,0.5,True,42,71,71,2,0.6920113852529814,0.6947619756062825,0.001
dropout_rate,0.1,64,2,0.1,False,0.001,32,75,0.0,0.1,10,5,0.5,True,42,71,71,3,0.6902876694997152,0.6937806685765584,0.001
dropout_rate,0.1,64,2,0.1,False,0.001,32,75,0.0,0.1,10,5,0.5,True,42,71,71,4,0.6880621666258032,0.6936989744504293,0.001
dropout_rate,0.1,64,2,0.1,False,0.001,32,75,0.0,0.1,10,5,0.5,True,42,71,71,5,0.6850783743641593,0.695560896396637,0.001
dropout_rate,0.1,64,2,0.1,False,0.001,32,75,0.0,0.1,10,5,0.5,True,42,71,71,6,0.6800948218865828,0.7001476605733236,0.001
dropout_rate,0.1,64,2,0.1,False,0.001,32,75,0.0,0.1,10,5,0.5,True,42,71,71,7,0.6742899512702768,0.7090023756027222,0.001
dropout_rate,0.1,64,2,0.1,False,0.001,32,75,0.0,0.1,10,5,0.5,True,42,71,71,8,0.6654903143644333,0.7107275088628133,0.001
dropout_rate,0.1,64,2,0.1,False,0.001,32,75,0.0,0.1,10,5,0.5,True,42,71,71,9,0.6567605341022665,0.7254158576329549,0.001
dropout_rate,0.1,64,2,0.1,False,0.001,32,75,0.0,0.1,10,5,0.5,True,42,71,71,10,0.6550047912380912,0.7397311409314473,0.001
dropout_rate,0.1,64,2,0.1,False,0.001,32,75,0.0,0.1,10,5,0.5,True,42,71,71,11,0.6360184572862856,0.7628790299097697,0.001
dropout_rate,0.1,64,2,0.1,False,0.001,32,75,0.0,0.1,10,5,0.5,True,42,71,71,12,0.6225500589970386,0.7656198422114054,0.001
dropout_rate,0.1,64,2,0.1,False,0.001,32,75,0.0,0.1,10,5,0.5,True,42,71,71,13,0.6148809682239186,0.7961663643519084,0.001
dropout_rate,0.1,64,2,0.1,False,0.001,32,75,0.0,0.1,10,5,0.5,True,42,71,71,14,0.6012515448259584,0.7841711560885112,0.001
dropout_rate,0.1,64,2,0.1,False,0.001,32,75,0.0,0.1,10,5,0.5,True,42,72,72,1,0.6934487937074719,0.694037918249766,0.001
dropout_rate,0.1,64,2,0.1,False,0.001,32,75,0.0,0.1,10,5,0.5,True,42,72,72,2,0.6922450291387963,0.6945316672325135,0.001
dropout_rate,0.1,64,2,0.1,False,0.001,32,75,0.0,0.1,10,5,0.5,True,42,72,72,3,0.690705860654513,0.6924673716227213,0.001
dropout_rate,0.1,64,2,0.1,False,0.001,32,75,0.0,0.1,10,5,0.5,True,42,72,72,4,0.6888933701045585,0.6914576053619385,0.001
dropout_rate,0.1,64,2,0.1,False,0.001,32,75,0.0,0.1,10,5,0.5,True,42,72,72,5,0.6849593524679993,0.6935756603876749,0.001
dropout_rate,0.1,64,2,0.1,False,0.001,32,75,0.0,0.1,10,5,0.5,True,42,72,72,6,0.6798963957663738,0.6959303935368856,0.001
dropout_rate,0.1,64,2,0.1,False,0.001,32,75,0.0,0.1,10,5,0.5,True,42,72,72,7,0.6729761086630098,0.7118269483248393,0.001
dropout_rate,0.1,64,2,0.1,False,0.001,32,75,0.0,0.1,10,5,0.5,True,42,72,72,8,0.66658159458276,0.7086490352948507,0.001
dropout_rate,0.1,64,2,0.1,False,0.001,32,75,0.0,0.1,10,5,0.5,True,42,72,72,9,0.6510583112637202,0.7328304847081503,0.001
dropout_rate,0.1,64,2,0.1,False,0.001,32,75,0.0,0.1,10,5,0.5,True,42,72,72,10,0.6396142519784697,0.7276303331057231,0.001
dropout_rate,0.1,64,2,0.1,False,0.001,32,75,0.0,0.1,10,5,0.5,True,42,72,72,11,0.6118882090756388,0.7766609172026316,0.001
dropout_rate,0.1,64,2,0.1,False,0.001,32,75,0.0,0.1,10,5,0.5,True,42,72,72,12,0.5962492909395334,0.7693539937337239,0.001
dropout_rate,0.1,64,2,0.1,False,0.001,32,75,0.0,0.1,10,5,0.5,True,42,72,72,13,0.5813813254688726,0.7905986189842225,0.001
dropout_rate,0.1,64,2,0.1,False,0.001,32,75,0.0,0.1,10,5,0.5,True,42,72,72,14,0.5629930204965852,0.8201856136322021,0.001
dropout_rate,0.1,64,2,0.1,False,0.001,32,75,0.0,0.1,10,5,0.5,True,42,73,73,1,0.693401730873368,0.6925326704978942,0.001
dropout_rate,0.1,64,2,0.1,False,0.001,32,75,0.0,0.1,10,5,0.5,True,42,73,73,2,0.6920308890667829,0.6920609633127849,0.001
dropout_rate,0.1,64,2,0.1,False,0.001,32,75,0.0,0.1,10,5,0.5,True,42,73,73,3,0.6890441685011892,0.6941823999087016,0.001
dropout_rate,0.1,64,2,0.1,False,0.001,32,75,0.0,0.1,10,5,0.5,True,42,73,73,4,0.6845794022083282,0.699021852016449,0.001
dropout_rate,0.1,64,2,0.1,False,0.001,32,75,0.0,0.1,10,5,0.5,True,42,73,73,5,0.6827765761902838,0.6985857725143433,0.001
dropout_rate,0.1,64,2,0.1,False,0.001,32,75,0.0,0.1,10,5,0.5,True,42,73,73,6,0.6749058131015662,0.7100190798441569,0.001
dropout_rate,0.1,64,2,0.1,False,0.001,32,75,0.0,0.1,10,5,0.5,True,42,73,73,7,0.6695414727384393,0.7035680373509725,0.001
dropout_rate,0.1,64,2,0.1,False,0.001,32,75,0.0,0.1,10,5,0.5,True,42,73,73,8,0.6628829832329894,0.7181251247723898,0.001
dropout_rate,0.1,64,2,0.1,False,0.001,32,75,0.0,0.1,10,5,0.5,True,42,73,73,9,0.6457592163122061,0.7378393133481344,0.001
dropout_rate,0.1,64,2,0.1,False,0.001,32,75,0.0,0.1,10,5,0.5,True,42,73,73,10,0.6338615580038591,0.7524015704790751,0.001
dropout_rate,0.1,64,2,0.1,False,0.001,32,75,0.0,0.1,10,5,0.5,True,42,73,73,11,0.6221993299144687,0.7743811964988708,0.001
dropout_rate,0.1,64,2,0.1,False,0.001,32,75,0.0,0.1,10,5,0.5,True,42,73,73,12,0.6124956034349672,0.7707400600115458,0.001
dropout_rate,0.1,64,2,0.1,False,0.001,32,75,0.0,0.1,10,5,0.5,True,42,74,74,1,0.6943131477543802,0.6927304903666178,0.001
dropout_rate,0.1,64,2,0.1,False,0.001,32,75,0.0,0.1,10,5,0.5,True,42,74,74,2,0.6921189273848678,0.6903230388959248,0.001
dropout_rate,0.1,64,2,0.1,False,0.001,32,75,0.0,0.1,10,5,0.5,True,42,74,74,3,0.6906468832131588,0.6897877097129822,0.001
dropout_rate,0.1,64,2,0.1,False,0.001,32,75,0.0,0.1,10,5,0.5,True,42,74,74,4,0.6868547422416282,0.7094114899635315,0.001
dropout_rate,0.1,64,2,0.1,False,0.001,32,75,0.0,0.1,10,5,0.5,True,42,74,74,5,0.6842221717039744,0.6909054478009542,0.001
dropout_rate,0.1,64,2,0.1,False,0.001,32,75,0.0,0.1,10,5,0.5,True,42,74,74,6,0.6792068720766993,0.6987774491310119,0.001
dropout_rate,0.1,64,2,0.1,False,0.001,32,75,0.0,0.1,10,5,0.5,True,42,74,74,7,0.671132658015598,0.696160085995992,0.001
dropout_rate,0.1,64,2,0.1,False,0.001,32,75,0.0,0.1,10,5,0.5,True,42,74,74,8,0.662728211644924,0.6994850834210714,0.001
dropout_rate,0.1,64,2,0.1,False,0.001,32,75,0.0,0.1,10,5,0.5,True,42,74,74,9,0.6579552089626138,0.7292308052380879,0.001
dropout_rate,0.1,64,2,0.1,False,0.001,32,75,0.0,0.1,10,5,0.5,True,42,74,74,10,0.6327275489315842,0.7286000768343608,0.001
dropout_rate,0.1,64,2,0.1,False,0.001,32,75,0.0,0.1,10,5,0.5,True,42,74,74,11,0.62016921716206,0.7367656985918681,0.001
dropout_rate,0.1,64,2,0.1,False,0.001,32,75,0.0,0.1,10,5,0.5,True,42,74,74,12,0.6085820631547407,0.7571305712064107,0.001
dropout_rate,0.1,64,2,0.1,False,0.001,32,75,0.0,0.1,10,5,0.5,True,42,74,74,13,0.5954846909100359,0.7831475456555684,0.001
dropout_rate,0.1,64,2,0.1,False,0.001,32,75,0.0,0.1,10,5,0.5,True,42,75,75,1,0.6942074750408982,0.6938019235928853,0.001
dropout_rate,0.1,64,2,0.1,False,0.001,32,75,0.0,0.1,10,5,0.5,True,42,75,75,2,0.6922598910151105,0.6936067938804626,0.001
dropout_rate,0.1,64,2,0.1,False,0.001,32,75,0.0,0.1,10,5,0.5,True,42,75,75,3,0.6908553025939248,0.6954508384068807,0.001
dropout_rate,0.1,64,2,0.1,False,0.001,32,75,0.0,0.1,10,5,0.5,True,42,75,75,4,0.6882518525376464,0.694122044245402,0.001
dropout_rate,0.1,64,2,0.1,False,0.001,32,75,0.0,0.1,10,5,0.5,True,42,75,75,5,0.6857122119629022,0.6967933575312296,0.001
dropout_rate,0.1,64,2,0.1,False,0.001,32,75,0.0,0.1,10,5,0.5,True,42,75,75,6,0.6825865606466929,0.6964398105939229,0.001
dropout_rate,0.1,64,2,0.1,False,0.001,32,75,0.0,0.1,10,5,0.5,True,42,75,75,7,0.6734949549039205,0.7049851179122925,0.001
dropout_rate,0.1,64,2,0.1,False,0.001,32,75,0.0,0.1,10,5,0.5,True,42,75,75,8,0.6681318120522932,0.7188852071762085,0.001
dropout_rate,0.1,64,2,0.1,False,0.001,32,75,0.0,0.1,10,5,0.5,True,42,75,75,9,0.6536288134979479,0.7178876876831055,0.001
dropout_rate,0.1,64,2,0.1,False,0.001,32,75,0.0,0.1,10,5,0.5,True,42,75,75,10,0.6441919785557371,0.7240985234578451,0.001
dropout_rate,0.1,64,2,0.1,False,0.001,32,75,0.0,0.1,10,5,0.5,True,42,75,75,11,0.6352069820418502,0.7312393546104431,0.001
dropout_rate,0.1,64,2,0.1,False,0.001,32,75,0.0,0.1,10,5,0.5,True,42,75,75,12,0.6219710642189691,0.7491341869036356,0.001
dropout_rate,0.1,64,2,0.1,False,0.001,32,75,0.0,0.1,10,5,0.5,True,42,76,76,1,0.693901335199674,0.6925618767738342,0.001
dropout_rate,0.1,64,2,0.1,False,0.001,32,75,0.0,0.1,10,5,0.5,True,42,76,76,2,0.6923658229184874,0.6964344263076783,0.001
dropout_rate,0.1,64,2,0.1,False,0.001,32,75,0.0,0.1,10,5,0.5,True,42,76,76,3,0.690543279503331,0.6936518867810567,0.001
dropout_rate,0.1,64,2,0.1,False,0.001,32,75,0.0,0.1,10,5,0.5,True,42,76,76,4,0.6879265705744425,0.6948786934216817,0.001
dropout_rate,0.1,64,2,0.1,False,0.001,32,75,0.0,0.1,10,5,0.5,True,42,76,76,5,0.6820430701429193,0.7024978955586751,0.001
dropout_rate,0.1,64,2,0.1,False,0.001,32,75,0.0,0.1,10,5,0.5,True,42,76,76,6,0.6790489762118368,0.7041884144147237,0.001
dropout_rate,0.1,64,2,0.1,False,0.001,32,75,0.0,0.1,10,5,0.5,True,42,76,76,7,0.6711922256332455,0.7318788766860962,0.001
dropout_rate,0.1,64,2,0.1,False,0.001,32,75,0.0,0.1,10,5,0.5,True,42,76,76,8,0.6550358759634423,0.7430320938428243,0.001
dropout_rate,0.1,64,2,0.1,False,0.001,32,75,0.0,0.1,10,5,0.5,True,42,76,76,9,0.6456941113327489,0.7521360913912455,0.001
dropout_rate,0.1,64,2,0.1,False,0.001,32,75,0.0,0.1,10,5,0.5,True,42,76,76,10,0.6382258742144613,0.7549465417861938,0.001
dropout_rate,0.1,64,2,0.1,False,0.001,32,75,0.0,0.1,10,5,0.5,True,42,76,76,11,0.6267637296608,0.8010355512301127,0.001
dropout_rate,0.1,64,2,0.1,False,0.001,32,75,0.0,0.1,10,5,0.5,True,42,77,77,1,0.6933577083276979,0.6958019375801087,0.001
dropout_rate,0.1,64,2,0.1,False,0.001,32,75,0.0,0.1,10,5,0.5,True,42,77,77,2,0.6909986603440661,0.6937866846720377,0.001
dropout_rate,0.1,64,2,0.1,False,0.001,32,75,0.0,0.1,10,5,0.5,True,42,77,77,3,0.6894980032335628,0.6980530500411988,0.001
dropout_rate,0.1,64,2,0.1,False,0.001,32,75,0.0,0.1,10,5,0.5,True,42,77,77,4,0.6880243628314047,0.6975409547487895,0.001
dropout_rate,0.1,64,2,0.1,False,0.001,32,75,0.0,0.1,10,5,0.5,True,42,77,77,5,0.685005201083241,0.6936353445053101,0.001
dropout_rate,0.1,64,2,0.1,False,0.001,32,75,0.0,0.1,10,5,0.5,True,42,77,77,6,0.6799988168658633,0.701264488697052,0.001
dropout_rate,0.1,64,2,0.1,False,0.001,32,75,0.0,0.1,10,5,0.5,True,42,77,77,7,0.6713704101063989,0.7051890015602111,0.001
dropout_rate,0.1,64,2,0.1,False,0.001,32,75,0.0,0.1,10,5,0.5,True,42,77,77,8,0.6609886573119597,0.7160257816314697,0.001
dropout_rate,0.1,64,2,0.1,False,0.001,32,75,0.0,0.1,10,5,0.5,True,42,77,77,9,0.6536324597669371,0.7180674910545349,0.001
dropout_rate,0.1,64,2,0.1,False,0.001,32,75,0.0,0.1,10,5,0.5,True,42,77,77,10,0.6414580801219651,0.7551749030749003,0.001
dropout_rate,0.1,64,2,0.1,False,0.001,32,75,0.0,0.1,10,5,0.5,True,42,77,77,11,0.630183603275906,0.7301857272783915,0.001
dropout_rate,0.1,64,2,0.1,False,0.001,32,75,0.0,0.1,10,5,0.5,True,42,77,77,12,0.594432764432647,0.7558239420255025,0.001
dropout_rate,0.1,64,2,0.1,False,0.001,32,75,0.0,0.1,10,5,0.5,True,42,77,77,13,0.5753704034017794,0.7820735216140747,0.001
dropout_rate,0.1,64,2,0.1,False,0.001,32,75,0.0,0.1,10,5,0.5,True,42,77,77,14,0.5580449138175357,0.8096656958262126,0.001
dropout_rate,0.1,64,2,0.1,False,0.001,32,75,0.0,0.1,10,5,0.5,True,42,77,77,15,0.5439945793513096,0.8354527831077576,0.001
dropout_rate,0.1,64,2,0.1,False,0.001,32,75,0.0,0.1,10,5,0.5,True,42,78,78,1,0.6940475431355563,0.6928721110026042,0.001
dropout_rate,0.1,64,2,0.1,False,0.001,32,75,0.0,0.1,10,5,0.5,True,42,78,78,2,0.6919518582748644,0.6924242456754048,0.001
dropout_rate,0.1,64,2,0.1,False,0.001,32,75,0.0,0.1,10,5,0.5,True,42,78,78,3,0.6904512029705625,0.6928153236707052,0.001
dropout_rate,0.1,64,2,0.1,False,0.001,32,75,0.0,0.1,10,5,0.5,True,42,78,78,4,0.688465823729833,0.6944710334142049,0.001
dropout_rate,0.1,64,2,0.1,False,0.001,32,75,0.0,0.1,10,5,0.5,True,42,78,78,5,0.684476348938364,0.6982580900192261,0.001
dropout_rate,0.1,64,2,0.1,False,0.001,32,75,0.0,0.1,10,5,0.5,True,42,78,78,6,0.6770242389404413,0.7066771467526753,0.001
dropout_rate,0.1,64,2,0.1,False,0.001,32,75,0.0,0.1,10,5,0.5,True,42,78,78,7,0.6702698049220172,0.7147574504216512,0.001
dropout_rate,0.1,64,2,0.1,False,0.001,32,75,0.0,0.1,10,5,0.5,True,42,78,78,8,0.6566317108544436,0.7282605489095052,0.001
dropout_rate,0.1,64,2,0.1,False,0.001,32,75,0.0,0.1,10,5,0.5,True,42,78,78,9,0.6400129397710165,0.7479998032251994,0.001
dropout_rate,0.1,64,2,0.1,False,0.001,32,75,0.0,0.1,10,5,0.5,True,42,78,78,10,0.624573703065063,0.7723226507504781,0.001
dropout_rate,0.1,64,2,0.1,False,0.001,32,75,0.0,0.1,10,5,0.5,True,42,78,78,11,0.6101524863730777,0.7810027877489726,0.001
dropout_rate,0.1,64,2,0.1,False,0.001,32,75,0.0,0.1,10,5,0.5,True,42,78,78,12,0.5922327168060072,0.8317543228467306,0.001
dropout_rate,0.1,64,2,0.1,False,0.001,32,75,0.0,0.1,10,5,0.5,True,42,79,79,1,0.6935309049758044,0.6938822984695434,0.001
dropout_rate,0.1,64,2,0.1,False,0.001,32,75,0.0,0.1,10,5,0.5,True,42,79,79,2,0.6928909967343012,0.6943863511085511,0.001
dropout_rate,0.1,64,2,0.1,False,0.001,32,75,0.0,0.1,10,5,0.5,True,42,79,79,3,0.6908510828560049,0.6938085118929546,0.001
dropout_rate,0.1,64,2,0.1,False,0.001,32,75,0.0,0.1,10,5,0.5,True,42,79,79,4,0.6891261185660507,0.694809369246165,0.001
dropout_rate,0.1,64,2,0.1,False,0.001,32,75,0.0,0.1,10,5,0.5,True,42,79,79,5,0.6865144949970823,0.6987409790356954,0.001
dropout_rate,0.1,64,2,0.1,False,0.001,32,75,0.0,0.1,10,5,0.5,True,42,79,79,6,0.6810394245566744,0.7115502079327901,0.001
dropout_rate,0.1,64,2,0.1,False,0.001,32,75,0.0,0.1,10,5,0.5,True,42,79,79,7,0.6775194334261345,0.7085140665372213,0.001
dropout_rate,0.1,64,2,0.1,False,0.001,32,75,0.0,0.1,10,5,0.5,True,42,79,79,8,0.6686461454991138,0.7151658654212951,0.001
dropout_rate,0.1,64,2,0.1,False,0.001,32,75,0.0,0.1,10,5,0.5,True,42,79,79,9,0.6549340739394679,0.7252852479616801,0.001
dropout_rate,0.1,64,2,0.1,False,0.001,32,75,0.0,0.1,10,5,0.5,True,42,79,79,10,0.6280590670578408,0.7576017419497172,0.001
dropout_rate,0.1,64,2,0.1,False,0.001,32,75,0.0,0.1,10,5,0.5,True,42,79,79,11,0.6126220436258749,0.8052978754043579,0.001
dropout_rate,0.1,64,2,0.1,False,0.001,32,75,0.0,0.1,10,5,0.5,True,42,79,79,12,0.5981709209806991,0.8106074849764506,0.001
dropout_rate,0.1,64,2,0.1,False,0.001,32,75,0.0,0.1,10,5,0.5,True,42,79,79,13,0.5831806456500833,0.8326101024945577,0.001
dropout_rate,0.1,64,2,0.1,False,0.001,32,75,0.0,0.1,10,5,0.5,True,42,80,80,1,0.6940102166298664,0.6919952789942424,0.001
dropout_rate,0.1,64,2,0.1,False,0.001,32,75,0.0,0.1,10,5,0.5,True,42,80,80,2,0.693142877835216,0.6915990869204204,0.001
dropout_rate,0.1,64,2,0.1,False,0.001,32,75,0.0,0.1,10,5,0.5,True,42,80,80,3,0.6911425405379498,0.6927617073059082,0.001
dropout_rate,0.1,64,2,0.1,False,0.001,32,75,0.0,0.1,10,5,0.5,True,42,80,80,4,0.6885412213477221,0.6936372796694438,0.001
dropout_rate,0.1,64,2,0.1,False,0.001,32,75,0.0,0.1,10,5,0.5,True,42,80,80,5,0.6858079754041903,0.6950281778971354,0.001
dropout_rate,0.1,64,2,0.1,False,0.001,32,75,0.0,0.1,10,5,0.5,True,42,80,80,6,0.6811411967783263,0.6991118431091309,0.001
dropout_rate,0.1,64,2,0.1,False,0.001,32,75,0.0,0.1,10,5,0.5,True,42,80,80,7,0.6725646704435349,0.7056760748227437,0.001
dropout_rate,0.1,64,2,0.1,False,0.001,32,75,0.0,0.1,10,5,0.5,True,42,80,80,8,0.6649386015805331,0.720096210638682,0.001
dropout_rate,0.1,64,2,0.1,False,0.001,32,75,0.0,0.1,10,5,0.5,True,42,80,80,9,0.6489465313427376,0.7350276589393616,0.001
dropout_rate,0.1,64,2,0.1,False,0.001,32,75,0.0,0.1,10,5,0.5,True,42,80,80,10,0.6396752379157327,0.7525266289710999,0.001
dropout_rate,0.1,64,2,0.1,False,0.001,32,75,0.0,0.1,10,5,0.5,True,42,80,80,11,0.6341431926597249,0.7562810103098552,0.001
dropout_rate,0.1,64,2,0.1,False,0.001,32,75,0.0,0.1,10,5,0.5,True,42,80,80,12,0.6159440847960386,0.7682075381278992,0.001
dropout_rate,0.1,64,2,0.1,False,0.001,32,75,0.0,0.1,10,5,0.5,True,42,81,81,1,0.6933495921619011,0.6937682350476583,0.001
dropout_rate,0.1,64,2,0.1,False,0.001,32,75,0.0,0.1,10,5,0.5,True,42,81,81,2,0.6919311303080935,0.6945045113563537,0.001
dropout_rate,0.1,64,2,0.1,False,0.001,32,75,0.0,0.1,10,5,0.5,True,42,81,81,3,0.691318307410587,0.6934101780255636,0.001
dropout_rate,0.1,64,2,0.1,False,0.001,32,75,0.0,0.1,10,5,0.5,True,42,81,81,4,0.6900785994349103,0.6899377187093099,0.001
dropout_rate,0.1,64,2,0.1,False,0.001,32,75,0.0,0.1,10,5,0.5,True,42,81,81,5,0.6871777696139885,0.693229885896047,0.001
dropout_rate,0.1,64,2,0.1,False,0.001,32,75,0.0,0.1,10,5,0.5,True,42,81,81,6,0.6838140045151566,0.6929638346036275,0.001
dropout_rate,0.1,64,2,0.1,False,0.001,32,75,0.0,0.1,10,5,0.5,True,42,81,81,7,0.6785863213466875,0.6927130659421284,0.001
dropout_rate,0.1,64,2,0.1,False,0.001,32,75,0.0,0.1,10,5,0.5,True,42,81,81,8,0.6740954306089517,0.6941336909929912,0.001
dropout_rate,0.1,64,2,0.1,False,0.001,32,75,0.0,0.1,10,5,0.5,True,42,81,81,9,0.6593756784092296,0.7022833347320556,0.001
dropout_rate,0.1,64,2,0.1,False,0.001,32,75,0.0,0.1,10,5,0.5,True,42,81,81,10,0.6510602556394808,0.7269671320915222,0.001
dropout_rate,0.1,64,2,0.1,False,0.001,32,75,0.0,0.1,10,5,0.5,True,42,81,81,11,0.6289367402593294,0.7394069751103719,0.001
dropout_rate,0.1,64,2,0.1,False,0.001,32,75,0.0,0.1,10,5,0.5,True,42,81,81,12,0.6113446208112168,0.7739370266596476,0.001
dropout_rate,0.1,64,2,0.1,False,0.001,32,75,0.0,0.1,10,5,0.5,True,42,81,81,13,0.6015182920929157,0.7500333269437154,0.001
dropout_rate,0.1,64,2,0.1,False,0.001,32,75,0.0,0.1,10,5,0.5,True,42,81,81,14,0.5870120139284567,0.7677793145179749,0.001
dropout_rate,0.1,64,2,0.1,False,0.001,32,75,0.0,0.1,10,5,0.5,True,42,82,82,1,0.6939570411588206,0.6932465751965841,0.001
dropout_rate,0.1,64,2,0.1,False,0.001,32,75,0.0,0.1,10,5,0.5,True,42,82,82,2,0.692473035418626,0.6918912768363953,0.001
dropout_rate,0.1,64,2,0.1,False,0.001,32,75,0.0,0.1,10,5,0.5,True,42,82,82,3,0.6906828306841127,0.69122287829717,0.001
dropout_rate,0.1,64,2,0.1,False,0.001,32,75,0.0,0.1,10,5,0.5,True,42,82,82,4,0.6904845648642742,0.6929962038993835,0.001
dropout_rate,0.1,64,2,0.1,False,0.001,32,75,0.0,0.1,10,5,0.5,True,42,82,82,5,0.6860644961848403,0.7017741560935974,0.001
dropout_rate,0.1,64,2,0.1,False,0.001,32,75,0.0,0.1,10,5,0.5,True,42,82,82,6,0.6823275861414996,0.7032378196716309,0.001
dropout_rate,0.1,64,2,0.1,False,0.001,32,75,0.0,0.1,10,5,0.5,True,42,82,82,7,0.6765570816668597,0.7063171625137329,0.001
dropout_rate,0.1,64,2,0.1,False,0.001,32,75,0.0,0.1,10,5,0.5,True,42,82,82,8,0.6667976280053457,0.714554738998413,0.001
dropout_rate,0.1,64,2,0.1,False,0.001,32,75,0.0,0.1,10,5,0.5,True,42,82,82,9,0.659130139332829,0.7271626154581706,0.001
dropout_rate,0.1,64,2,0.1,False,0.001,32,75,0.0,0.1,10,5,0.5,True,42,82,82,10,0.6366376515590784,0.7484361330668131,0.001
dropout_rate,0.1,64,2,0.1,False,0.001,32,75,0.0,0.1,10,5,0.5,True,42,82,82,11,0.6229601732709191,0.7679765582084656,0.001
dropout_rate,0.1,64,2,0.1,False,0.001,32,75,0.0,0.1,10,5,0.5,True,42,82,82,12,0.6097119342197072,0.7964569886525472,0.001
dropout_rate,0.1,64,2,0.1,False,0.001,32,75,0.0,0.1,10,5,0.5,True,42,82,82,13,0.5961426498763489,0.7848212877909343,0.001
dropout_rate,0.1,64,2,0.1,False,0.001,32,75,0.0,0.1,10,5,0.5,True,42,83,83,1,0.6933752944072088,0.6940284967422485,0.001
dropout_rate,0.1,64,2,0.1,False,0.001,32,75,0.0,0.1,10,5,0.5,True,42,83,83,2,0.6921443428957101,0.6956735650698344,0.001
dropout_rate,0.1,64,2,0.1,False,0.001,32,75,0.0,0.1,10,5,0.5,True,42,83,83,3,0.6908474745172443,0.6945645332336425,0.001
dropout_rate,0.1,64,2,0.1,False,0.001,32,75,0.0,0.1,10,5,0.5,True,42,83,83,4,0.6878977783701636,0.6968340794245402,0.001
dropout_rate,0.1,64,2,0.1,False,0.001,32,75,0.0,0.1,10,5,0.5,True,42,83,83,5,0.6841471448089137,0.690493392944336,0.001
dropout_rate,0.1,64,2,0.1,False,0.001,32,75,0.0,0.1,10,5,0.5,True,42,83,83,6,0.6792838045141913,0.6969839890797933,0.001
dropout_rate,0.1,64,2,0.1,False,0.001,32,75,0.0,0.1,10,5,0.5,True,42,83,83,7,0.6735862190976287,0.6987640579541524,0.001
dropout_rate,0.1,64,2,0.1,False,0.001,32,75,0.0,0.1,10,5,0.5,True,42,83,83,8,0.6582742116668008,0.730877431233724,0.001
dropout_rate,0.1,64,2,0.1,False,0.001,32,75,0.0,0.1,10,5,0.5,True,42,83,83,9,0.650742457671599,0.7521031896273295,0.001
dropout_rate,0.1,64,2,0.1,False,0.001,32,75,0.0,0.1,10,5,0.5,True,42,83,83,10,0.6322795391985865,0.736551821231842,0.001
dropout_rate,0.1,64,2,0.1,False,0.001,32,75,0.0,0.1,10,5,0.5,True,42,83,83,11,0.6135098220724048,0.769544259707133,0.001
dropout_rate,0.1,64,2,0.1,False,0.001,32,75,0.0,0.1,10,5,0.5,True,42,83,83,12,0.5787623303406166,0.8138782342274984,0.001
dropout_rate,0.1,64,2,0.1,False,0.001,32,75,0.0,0.1,10,5,0.5,True,42,83,83,13,0.5589239396380655,0.8579160332679748,0.001
dropout_rate,0.1,64,2,0.1,False,0.001,32,75,0.0,0.1,10,5,0.5,True,42,83,83,14,0.5388854486924229,0.8969589511553446,0.001
dropout_rate,0.1,64,2,0.1,False,0.001,32,75,0.0,0.1,10,5,0.5,True,42,83,83,15,0.5243642630450653,0.8939580718676249,0.001
dropout_rate,0.1,64,2,0.1,False,0.001,32,75,0.0,0.1,10,5,0.5,True,42,84,84,1,0.6939669951344981,0.6934057394663493,0.001
dropout_rate,0.1,64,2,0.1,False,0.001,32,75,0.0,0.1,10,5,0.5,True,42,84,84,2,0.6924887475642291,0.6928789218266805,0.001
dropout_rate,0.1,64,2,0.1,False,0.001,32,75,0.0,0.1,10,5,0.5,True,42,84,84,3,0.690007928645972,0.6952672362327575,0.001
dropout_rate,0.1,64,2,0.1,False,0.001,32,75,0.0,0.1,10,5,0.5,True,42,84,84,4,0.6881415265979189,0.6933267633120219,0.001
dropout_rate,0.1,64,2,0.1,False,0.001,32,75,0.0,0.1,10,5,0.5,True,42,84,84,5,0.6842564114115455,0.6979339083035787,0.001
dropout_rate,0.1,64,2,0.1,False,0.001,32,75,0.0,0.1,10,5,0.5,True,42,84,84,6,0.6765368445353075,0.7037284056345622,0.001
dropout_rate,0.1,64,2,0.1,False,0.001,32,75,0.0,0.1,10,5,0.5,True,42,84,84,7,0.6703533299944617,0.705284857749939,0.001
dropout_rate,0.1,64,2,0.1,False,0.001,32,75,0.0,0.1,10,5,0.5,True,42,84,84,8,0.6599354603976915,0.7561156431833903,0.001
dropout_rate,0.1,64,2,0.1,False,0.001,32,75,0.0,0.1,10,5,0.5,True,42,84,84,9,0.644835748229966,0.7452024737993876,0.001
dropout_rate,0.1,64,2,0.1,False,0.001,32,75,0.0,0.1,10,5,0.5,True,42,84,84,10,0.6349528416088133,0.7456637303034465,0.001
dropout_rate,0.1,64,2,0.1,False,0.001,32,75,0.0,0.1,10,5,0.5,True,42,84,84,11,0.6219629968206087,0.7623786290486654,0.001
dropout_rate,0.1,64,2,0.1,False,0.001,32,75,0.0,0.1,10,5,0.5,True,42,84,84,12,0.6151714749408491,0.7674397428830465,0.001
dropout_rate,0.1,64,2,0.1,False,0.001,32,75,0.0,0.1,10,5,0.5,True,42,85,85,1,0.6938818697676514,0.69433065255483,0.001
dropout_rate,0.1,64,2,0.1,False,0.001,32,75,0.0,0.1,10,5,0.5,True,42,85,85,2,0.6924460647684155,0.6929727435112,0.001
dropout_rate,0.1,64,2,0.1,False,0.001,32,75,0.0,0.1,10,5,0.5,True,42,85,85,3,0.6905381187345042,0.6932684103647868,0.001
dropout_rate,0.1,64,2,0.1,False,0.001,32,75,0.0,0.1,10,5,0.5,True,42,85,85,4,0.6883272664113478,0.6945077776908875,0.001
dropout_rate,0.1,64,2,0.1,False,0.001,32,75,0.0,0.1,10,5,0.5,True,42,85,85,5,0.6848133612762798,0.7015278697013855,0.001
dropout_rate,0.1,64,2,0.1,False,0.001,32,75,0.0,0.1,10,5,0.5,True,42,85,85,6,0.6768009662628174,0.7059377511342366,0.001
dropout_rate,0.1,64,2,0.1,False,0.001,32,75,0.0,0.1,10,5,0.5,True,42,85,85,7,0.6691647524183447,0.7132034500439962,0.001
dropout_rate,0.1,64,2,0.1,False,0.001,32,75,0.0,0.1,10,5,0.5,True,42,85,85,8,0.6610531946926406,0.7395159602165222,0.001
dropout_rate,0.1,64,2,0.1,False,0.001,32,75,0.0,0.1,10,5,0.5,True,42,85,85,9,0.6428278625914545,0.7532687505086263,0.001
dropout_rate,0.1,64,2,0.1,False,0.001,32,75,0.0,0.1,10,5,0.5,True,42,85,85,10,0.6264753888050715,0.7678583264350891,0.001
dropout_rate,0.1,64,2,0.1,False,0.001,32,75,0.0,0.1,10,5,0.5,True,42,85,85,11,0.6200810919205347,0.7973827679951986,0.001
dropout_rate,0.1,64,2,0.1,False,0.001,32,75,0.0,0.1,10,5,0.5,True,42,85,85,12,0.6066057232744766,0.8235374848047893,0.001
dropout_rate,0.1,64,2,0.1,False,0.001,32,75,0.0,0.1,10,5,0.5,True,42,86,86,1,0.6941697606534669,0.6927840153376261,0.001
dropout_rate,0.1,64,2,0.1,False,0.001,32,75,0.0,0.1,10,5,0.5,True,42,86,86,2,0.6922305262450016,0.695221734046936,0.001
dropout_rate,0.1,64,2,0.1,False,0.001,32,75,0.0,0.1,10,5,0.5,True,42,86,86,3,0.6909207105636597,0.6918618321418762,0.001
dropout_rate,0.1,64,2,0.1,False,0.001,32,75,0.0,0.1,10,5,0.5,True,42,86,86,4,0.6897886860551257,0.6923235376675924,0.001
dropout_rate,0.1,64,2,0.1,False,0.001,32,75,0.0,0.1,10,5,0.5,True,42,86,86,5,0.6852852232528456,0.6911456068356832,0.001
dropout_rate,0.1,64,2,0.1,False,0.001,32,75,0.0,0.1,10,5,0.5,True,42,86,86,6,0.6815702806819569,0.7019691705703736,0.001
dropout_rate,0.1,64,2,0.1,False,0.001,32,75,0.0,0.1,10,5,0.5,True,42,86,86,7,0.6744995600346363,0.7020795226097107,0.001
dropout_rate,0.1,64,2,0.1,False,0.001,32,75,0.0,0.1,10,5,0.5,True,42,86,86,8,0.6726643867564924,0.7107033491134643,0.001
dropout_rate,0.1,64,2,0.1,False,0.001,32,75,0.0,0.1,10,5,0.5,True,42,86,86,9,0.6589182692043709,0.7234539786974589,0.001
dropout_rate,0.1,64,2,0.1,False,0.001,32,75,0.0,0.1,10,5,0.5,True,42,86,86,10,0.6493720502564402,0.7332305431365966,0.001
dropout_rate,0.1,64,2,0.1,False,0.001,32,75,0.0,0.1,10,5,0.5,True,42,86,86,11,0.6392004977573048,0.7542310317357381,0.001
dropout_rate,0.1,64,2,0.1,False,0.001,32,75,0.0,0.1,10,5,0.5,True,42,86,86,12,0.6126448211796356,0.7772605776786804,0.001
dropout_rate,0.1,64,2,0.1,False,0.001,32,75,0.0,0.1,10,5,0.5,True,42,86,86,13,0.5906679808641925,0.8045347293217977,0.001
dropout_rate,0.1,64,2,0.1,False,0.001,32,75,0.0,0.1,10,5,0.5,True,42,86,86,14,0.5808145365480221,0.8292604366938273,0.001
dropout_rate,0.1,64,2,0.1,False,0.001,32,75,0.0,0.1,10,5,0.5,True,42,86,86,15,0.560783284180092,0.8327686746915182,0.001
dropout_rate,0.1,64,2,0.1,False,0.001,32,75,0.0,0.1,10,5,0.5,True,42,87,87,1,0.6942210698669607,0.692597242196401,0.001
dropout_rate,0.1,64,2,0.1,False,0.001,32,75,0.0,0.1,10,5,0.5,True,42,87,87,2,0.6930804202953974,0.6929189562797546,0.001
dropout_rate,0.1,64,2,0.1,False,0.001,32,75,0.0,0.1,10,5,0.5,True,42,87,87,3,0.6916630796410821,0.6901020328203837,0.001
dropout_rate,0.1,64,2,0.1,False,0.001,32,75,0.0,0.1,10,5,0.5,True,42,87,87,4,0.6895011537002794,0.6879655321439108,0.001
dropout_rate,0.1,64,2,0.1,False,0.001,32,75,0.0,0.1,10,5,0.5,True,42,87,87,5,0.6866429809368018,0.689960773785909,0.001
dropout_rate,0.1,64,2,0.1,False,0.001,32,75,0.0,0.1,10,5,0.5,True,42,87,87,6,0.6815294659498966,0.691403575738271,0.001
dropout_rate,0.1,64,2,0.1,False,0.001,32,75,0.0,0.1,10,5,0.5,True,42,87,87,7,0.674296527649417,0.7064156333605448,0.001
dropout_rate,0.1,64,2,0.1,False,0.001,32,75,0.0,0.1,10,5,0.5,True,42,87,87,8,0.6635392181801073,0.7068301200866699,0.001
dropout_rate,0.1,64,2,0.1,False,0.001,32,75,0.0,0.1,10,5,0.5,True,42,87,87,9,0.6550648952975417,0.7123198866844177,0.001
dropout_rate,0.1,64,2,0.1,False,0.001,32,75,0.0,0.1,10,5,0.5,True,42,87,87,10,0.6403311798066804,0.7273856639862061,0.001
dropout_rate,0.1,64,2,0.1,False,0.001,32,75,0.0,0.1,10,5,0.5,True,42,87,87,11,0.6134602174614415,0.7744468569755554,0.001
dropout_rate,0.1,64,2,0.1,False,0.001,32,75,0.0,0.1,10,5,0.5,True,42,87,87,12,0.5992282414526651,0.7652113397916158,0.001
dropout_rate,0.1,64,2,0.1,False,0.001,32,75,0.0,0.1,10,5,0.5,True,42,87,87,13,0.5854307404070189,0.7988645235697428,0.001
dropout_rate,0.1,64,2,0.1,False,0.001,32,75,0.0,0.1,10,5,0.5,True,42,87,87,14,0.5739165167465354,0.835127071539561,0.001
dropout_rate,0.1,64,2,0.1,False,0.001,32,75,0.0,0.1,10,5,0.5,True,42,88,88,1,0.6934913130420627,0.693437922000885,0.001
dropout_rate,0.1,64,2,0.1,False,0.001,32,75,0.0,0.1,10,5,0.5,True,42,88,88,2,0.6919732730497014,0.6926040291786194,0.001
dropout_rate,0.1,64,2,0.1,False,0.001,32,75,0.0,0.1,10,5,0.5,True,42,88,88,3,0.6897248467712691,0.6958852926890056,0.001
dropout_rate,0.1,64,2,0.1,False,0.001,32,75,0.0,0.1,10,5,0.5,True,42,88,88,4,0.6862400716001337,0.6959530671437582,0.001
dropout_rate,0.1,64,2,0.1,False,0.001,32,75,0.0,0.1,10,5,0.5,True,42,88,88,5,0.6847549983949373,0.7048037966092427,0.001
dropout_rate,0.1,64,2,0.1,False,0.001,32,75,0.0,0.1,10,5,0.5,True,42,88,88,6,0.6799458752978932,0.7066100438435873,0.001
dropout_rate,0.1,64,2,0.1,False,0.001,32,75,0.0,0.1,10,5,0.5,True,42,88,88,7,0.6718501376383232,0.7292712370554606,0.001
dropout_rate,0.1,64,2,0.1,False,0.001,32,75,0.0,0.1,10,5,0.5,True,42,88,88,8,0.6640026045568062,0.7283345262209574,0.001
dropout_rate,0.1,64,2,0.1,False,0.001,32,75,0.0,0.1,10,5,0.5,True,42,88,88,9,0.6433269932414546,0.7468380848566691,0.001
dropout_rate,0.1,64,2,0.1,False,0.001,32,75,0.0,0.1,10,5,0.5,True,42,88,88,10,0.6330324397845701,0.7587690353393555,0.001
dropout_rate,0.1,64,2,0.1,False,0.001,32,75,0.0,0.1,10,5,0.5,True,42,88,88,11,0.6220509856939316,0.7696796536445618,0.001
dropout_rate,0.1,64,2,0.1,False,0.001,32,75,0.0,0.1,10,5,0.5,True,42,88,88,12,0.6076847238071037,0.7769831816355387,0.001
dropout_rate,0.1,64,2,0.1,False,0.001,32,75,0.0,0.1,10,5,0.5,True,42,89,89,1,0.6934007243676619,0.6947662552197774,0.001
dropout_rate,0.1,64,2,0.1,False,0.001,32,75,0.0,0.1,10,5,0.5,True,42,89,89,2,0.6917710408116832,0.6921421170234681,0.001
dropout_rate,0.1,64,2,0.1,False,0.001,32,75,0.0,0.1,10,5,0.5,True,42,89,89,3,0.6903878752932404,0.6928442637125651,0.001
dropout_rate,0.1,64,2,0.1,False,0.001,32,75,0.0,0.1,10,5,0.5,True,42,89,89,4,0.6874378635124727,0.7016280651092529,0.001
dropout_rate,0.1,64,2,0.1,False,0.001,32,75,0.0,0.1,10,5,0.5,True,42,89,89,5,0.6832036299235893,0.6991098086039226,0.001
dropout_rate,0.1,64,2,0.1,False,0.001,32,75,0.0,0.1,10,5,0.5,True,42,89,89,6,0.680949488824064,0.7071380496025086,0.001
dropout_rate,0.1,64,2,0.1,False,0.001,32,75,0.0,0.1,10,5,0.5,True,42,89,89,7,0.6693674199508898,0.7059837381045023,0.001
dropout_rate,0.1,64,2,0.1,False,0.001,32,75,0.0,0.1,10,5,0.5,True,42,89,89,8,0.6638180274855007,0.7109517415364583,0.001
dropout_rate,0.1,64,2,0.1,False,0.001,32,75,0.0,0.1,10,5,0.5,True,42,89,89,9,0.6463117789138447,0.7336632490158081,0.001
dropout_rate,0.1,64,2,0.1,False,0.001,32,75,0.0,0.1,10,5,0.5,True,42,89,89,10,0.6340633490771959,0.7576800386110941,0.001
dropout_rate,0.1,64,2,0.1,False,0.001,32,75,0.0,0.1,10,5,0.5,True,42,89,89,11,0.6208713269143393,0.7628483851750691,0.001
dropout_rate,0.1,64,2,0.1,False,0.001,32,75,0.0,0.1,10,5,0.5,True,42,89,89,12,0.6067014203378649,0.789712107181549,0.001
dropout_rate,0.1,64,2,0.1,False,0.001,32,75,0.0,0.1,10,5,0.5,True,42,90,90,1,0.6938230521751173,0.6944846987724305,0.001
dropout_rate,0.1,64,2,0.1,False,0.001,32,75,0.0,0.1,10,5,0.5,True,42,90,90,2,0.6928475327564009,0.6927109559377035,0.001
dropout_rate,0.1,64,2,0.1,False,0.001,32,75,0.0,0.1,10,5,0.5,True,42,90,90,3,0.6905324486168948,0.692354166507721,0.001
dropout_rate,0.1,64,2,0.1,False,0.001,32,75,0.0,0.1,10,5,0.5,True,42,90,90,4,0.6885405557625222,0.69107985496521,0.001
dropout_rate,0.1,64,2,0.1,False,0.001,32,75,0.0,0.1,10,5,0.5,True,42,90,90,5,0.6855381939447287,0.6864135384559631,0.001
dropout_rate,0.1,64,2,0.1,False,0.001,32,75,0.0,0.1,10,5,0.5,True,42,90,90,6,0.6783650675506303,0.6923354387283325,0.001
dropout_rate,0.1,64,2,0.1,False,0.001,32,75,0.0,0.1,10,5,0.5,True,42,90,90,7,0.6735265516873562,0.6934859593709309,0.001
dropout_rate,0.1,64,2,0.1,False,0.001,32,75,0.0,0.1,10,5,0.5,True,42,90,90,8,0.6614934951066971,0.6997786204020182,0.001
dropout_rate,0.1,64,2,0.1,False,0.001,32,75,0.0,0.1,10,5,0.5,True,42,90,90,9,0.652466768116662,0.707745349407196,0.001
dropout_rate,0.1,64,2,0.1,False,0.001,32,75,0.0,0.1,10,5,0.5,True,42,90,90,10,0.6397499342759451,0.7326950430870056,0.001
dropout_rate,0.1,64,2,0.1,False,0.001,32,75,0.0,0.1,10,5,0.5,True,42,90,90,11,0.62521703767054,0.7681388457616171,0.001
dropout_rate,0.1,64,2,0.1,False,0.001,32,75,0.0,0.1,10,5,0.5,True,42,90,90,12,0.5978030824300015,0.7555094202359517,0.001
dropout_rate,0.1,64,2,0.1,False,0.001,32,75,0.0,0.1,10,5,0.5,True,42,90,90,13,0.5821773981054624,0.7817286411921184,0.001
dropout_rate,0.1,64,2,0.1,False,0.001,32,75,0.0,0.1,10,5,0.5,True,42,90,90,14,0.5684794715859673,0.8187362829844157,0.001
dropout_rate,0.1,64,2,0.1,False,0.001,32,75,0.0,0.1,10,5,0.5,True,42,90,90,15,0.553989035387834,0.8417277097702026,0.001
dropout_rate,0.1,64,2,0.1,False,0.001,32,75,0.0,0.1,10,5,0.5,True,42,91,91,1,0.6941660832275044,0.6938590923945109,0.001
dropout_rate,0.1,64,2,0.1,False,0.001,32,75,0.0,0.1,10,5,0.5,True,42,91,91,2,0.6927127779433222,0.6925973574320475,0.001
dropout_rate,0.1,64,2,0.1,False,0.001,32,75,0.0,0.1,10,5,0.5,True,42,91,91,3,0.6916668807918375,0.692617138226827,0.001
dropout_rate,0.1,64,2,0.1,False,0.001,32,75,0.0,0.1,10,5,0.5,True,42,91,91,4,0.689408918673342,0.690095841884613,0.001
dropout_rate,0.1,64,2,0.1,False,0.001,32,75,0.0,0.1,10,5,0.5,True,42,91,91,5,0.68762814050371,0.6879392822583517,0.001
dropout_rate,0.1,64,2,0.1,False,0.001,32,75,0.0,0.1,10,5,0.5,True,42,91,91,6,0.6827207948222305,0.6917076349258423,0.001
dropout_rate,0.1,64,2,0.1,False,0.001,32,75,0.0,0.1,10,5,0.5,True,42,91,91,7,0.6779114798162923,0.6906813780466715,0.001
dropout_rate,0.1,64,2,0.1,False,0.001,32,75,0.0,0.1,10,5,0.5,True,42,91,91,8,0.6771646963827538,0.6926748275756835,0.001
dropout_rate,0.1,64,2,0.1,False,0.001,32,75,0.0,0.1,10,5,0.5,True,42,91,91,9,0.6657402714093527,0.6970108389854431,0.001
dropout_rate,0.1,64,2,0.1,False,0.001,32,75,0.0,0.1,10,5,0.5,True,42,91,91,10,0.6554767909375104,0.7062362869580586,0.001
dropout_rate,0.1,64,2,0.1,False,0.001,32,75,0.0,0.1,10,5,0.5,True,42,91,91,11,0.6454058415961988,0.7147694945335388,0.001
dropout_rate,0.1,64,2,0.1,False,0.001,32,75,0.0,0.1,10,5,0.5,True,42,91,91,12,0.6248721028819229,0.719172199567159,0.001
dropout_rate,0.1,64,2,0.1,False,0.001,32,75,0.0,0.1,10,5,0.5,True,42,91,91,13,0.6126899409926299,0.7309799512227376,0.001
dropout_rate,0.1,64,2,0.1,False,0.001,32,75,0.0,0.1,10,5,0.5,True,42,91,91,14,0.5996703810312531,0.7618622978528341,0.001
dropout_rate,0.1,64,2,0.1,False,0.001,32,75,0.0,0.1,10,5,0.5,True,42,91,91,15,0.5859176846164645,0.7699716567993165,0.001
dropout_rate,0.1,64,2,0.1,False,0.001,32,75,0.0,0.1,10,5,0.5,True,42,92,92,1,0.6934875335657236,0.6948066234588623,0.001
dropout_rate,0.1,64,2,0.1,False,0.001,32,75,0.0,0.1,10,5,0.5,True,42,92,92,2,0.6919602679483818,0.6987726132074992,0.001
dropout_rate,0.1,64,2,0.1,False,0.001,32,75,0.0,0.1,10,5,0.5,True,42,92,92,3,0.6900927338636282,0.6952457308769227,0.001
dropout_rate,0.1,64,2,0.1,False,0.001,32,75,0.0,0.1,10,5,0.5,True,42,92,92,4,0.6874739121307026,0.6985706448554992,0.001
dropout_rate,0.1,64,2,0.1,False,0.001,32,75,0.0,0.1,10,5,0.5,True,42,92,92,5,0.6846614606452711,0.7022502938906352,0.001
dropout_rate,0.1,64,2,0.1,False,0.001,32,75,0.0,0.1,10,5,0.5,True,42,92,92,6,0.6803800341757861,0.6962613066037496,0.001
dropout_rate,0.1,64,2,0.1,False,0.001,32,75,0.0,0.1,10,5,0.5,True,42,92,92,7,0.6714965868176836,0.7145169377326965,0.001
dropout_rate,0.1,64,2,0.1,False,0.001,32,75,0.0,0.1,10,5,0.5,True,42,92,92,8,0.6618523891225006,0.726732854048411,0.001
dropout_rate,0.1,64,2,0.1,False,0.001,32,75,0.0,0.1,10,5,0.5,True,42,92,92,9,0.6505471626014421,0.7268279075622559,0.001
dropout_rate,0.1,64,2,0.1,False,0.001,32,75,0.0,0.1,10,5,0.5,True,42,92,92,10,0.6432505710558458,0.7320872664451599,0.001
dropout_rate,0.1,64,2,0.1,False,0.001,32,75,0.0,0.1,10,5,0.5,True,42,92,92,11,0.6274741770643176,0.7339145938555399,0.001
dropout_rate,0.1,64,2,0.1,False,0.001,32,75,0.0,0.1,10,5,0.5,True,42,93,93,1,0.6940337112455657,0.6938573916753134,0.001
dropout_rate,0.1,64,2,0.1,False,0.001,32,75,0.0,0.1,10,5,0.5,True,42,93,93,2,0.6920606195926666,0.6924133817354838,0.001
dropout_rate,0.1,64,2,0.1,False,0.001,32,75,0.0,0.1,10,5,0.5,True,42,93,93,3,0.6903890637737332,0.6917157133420309,0.001
dropout_rate,0.1,64,2,0.1,False,0.001,32,75,0.0,0.1,10,5,0.5,True,42,93,93,4,0.6891495617050113,0.6918291807174682,0.001
dropout_rate,0.1,64,2,0.1,False,0.001,32,75,0.0,0.1,10,5,0.5,True,42,93,93,5,0.6853825368664481,0.6957903941472371,0.001
dropout_rate,0.1,64,2,0.1,False,0.001,32,75,0.0,0.1,10,5,0.5,True,42,93,93,6,0.6800008100090604,0.7002525647481282,0.001
dropout_rate,0.1,64,2,0.1,False,0.001,32,75,0.0,0.1,10,5,0.5,True,42,93,93,7,0.6730289427619992,0.7156246980031331,0.001
dropout_rate,0.1,64,2,0.1,False,0.001,32,75,0.0,0.1,10,5,0.5,True,42,93,93,8,0.6619639753392248,0.7120979269345601,0.001
dropout_rate,0.1,64,2,0.1,False,0.001,32,75,0.0,0.1,10,5,0.5,True,42,93,93,9,0.6549770335356394,0.712428891658783,0.001
dropout_rate,0.1,64,2,0.1,False,0.001,32,75,0.0,0.1,10,5,0.5,True,42,93,93,10,0.6344699674483502,0.7590386271476746,0.001
dropout_rate,0.1,64,2,0.1,False,0.001,32,75,0.0,0.1,10,5,0.5,True,42,93,93,11,0.6154059176192139,0.7683906992276509,0.001
dropout_rate,0.1,64,2,0.1,False,0.001,32,75,0.0,0.1,10,5,0.5,True,42,93,93,12,0.5976369191299785,0.7892872055371603,0.001
dropout_rate,0.1,64,2,0.1,False,0.001,32,75,0.0,0.1,10,5,0.5,True,42,93,93,13,0.5879351377035632,0.8160330216089885,0.001
dropout_rate,0.1,64,2,0.1,False,0.001,32,75,0.0,0.1,10,5,0.5,True,42,94,94,1,0.6942776983434503,0.6926117102305095,0.001
dropout_rate,0.1,64,2,0.1,False,0.001,32,75,0.0,0.1,10,5,0.5,True,42,94,94,2,0.6930853548375043,0.6931577126185099,0.001
dropout_rate,0.1,64,2,0.1,False,0.001,32,75,0.0,0.1,10,5,0.5,True,42,94,94,3,0.6918819655071605,0.6925654371579488,0.001
dropout_rate,0.1,64,2,0.1,False,0.001,32,75,0.0,0.1,10,5,0.5,True,42,94,94,4,0.6889394702333392,0.6908457040786743,0.001
dropout_rate,0.1,64,2,0.1,False,0.001,32,75,0.0,0.1,10,5,0.5,True,42,94,94,5,0.686789415099404,0.6936111172040303,0.001
dropout_rate,0.1,64,2,0.1,False,0.001,32,75,0.0,0.1,10,5,0.5,True,42,94,94,6,0.6835844290978981,0.6920801798502604,0.001
dropout_rate,0.1,64,2,0.1,False,0.001,32,75,0.0,0.1,10,5,0.5,True,42,94,94,7,0.6755151599645615,0.6951785723368327,0.001
dropout_rate,0.1,64,2,0.1,False,0.001,32,75,0.0,0.1,10,5,0.5,True,42,94,94,8,0.6673887548121539,0.7046000520388286,0.001
dropout_rate,0.1,64,2,0.1,False,0.001,32,75,0.0,0.1,10,5,0.5,True,42,94,94,9,0.6581955335356973,0.712800657749176,0.001
dropout_rate,0.1,64,2,0.1,False,0.001,32,75,0.0,0.1,10,5,0.5,True,42,94,94,10,0.6393388498461607,0.7264319101969401,0.001
dropout_rate,0.1,64,2,0.1,False,0.001,32,75,0.0,0.1,10,5,0.5,True,42,94,94,11,0.6110623327620102,0.7609410246213277,0.001
dropout_rate,0.1,64,2,0.1,False,0.001,32,75,0.0,0.1,10,5,0.5,True,42,94,94,12,0.5904661444100466,0.7763306419054667,0.001
dropout_rate,0.1,64,2,0.1,False,0.001,32,75,0.0,0.1,10,5,0.5,True,42,94,94,13,0.5698021867058494,0.7969947179158529,0.001
dropout_rate,0.1,64,2,0.1,False,0.001,32,75,0.0,0.1,10,5,0.5,True,42,94,94,14,0.555017290919116,0.829313071568807,0.001
dropout_rate,0.1,64,2,0.1,False,0.001,32,75,0.0,0.1,10,5,0.5,True,42,95,95,1,0.6934531755519636,0.6939316312472026,0.001
dropout_rate,0.1,64,2,0.1,False,0.001,32,75,0.0,0.1,10,5,0.5,True,42,95,95,2,0.6925664914376808,0.6925321817398071,0.001
dropout_rate,0.1,64,2,0.1,False,0.001,32,75,0.0,0.1,10,5,0.5,True,42,95,95,3,0.6900320942654754,0.6947793006896973,0.001
dropout_rate,0.1,64,2,0.1,False,0.001,32,75,0.0,0.1,10,5,0.5,True,42,95,95,4,0.6886582031394496,0.6951021075248718,0.001
dropout_rate,0.1,64,2,0.1,False,0.001,32,75,0.0,0.1,10,5,0.5,True,42,95,95,5,0.6839317837447831,0.7078205108642578,0.001
dropout_rate,0.1,64,2,0.1,False,0.001,32,75,0.0,0.1,10,5,0.5,True,42,95,95,6,0.6801041486588392,0.7061457594235738,0.001
dropout_rate,0.1,64,2,0.1,False,0.001,32,75,0.0,0.1,10,5,0.5,True,42,95,95,7,0.6749779026616703,0.7200673222541809,0.001
dropout_rate,0.1,64,2,0.1,False,0.001,32,75,0.0,0.1,10,5,0.5,True,42,95,95,8,0.6684144274754957,0.7224107464154561,0.001
dropout_rate,0.1,64,2,0.1,False,0.001,32,75,0.0,0.1,10,5,0.5,True,42,95,95,9,0.654409051844568,0.7326310634613037,0.001
dropout_rate,0.1,64,2,0.1,False,0.001,32,75,0.0,0.1,10,5,0.5,True,42,95,95,10,0.6450053882418256,0.745881191889445,0.001
dropout_rate,0.1,64,2,0.1,False,0.001,32,75,0.0,0.1,10,5,0.5,True,42,95,95,11,0.6345782925685247,0.7508100549379985,0.001
dropout_rate,0.1,64,2,0.1,False,0.001,32,75,0.0,0.1,10,5,0.5,True,42,95,95,12,0.6292409860726559,0.7614075899124145,0.001
dropout_rate,0.1,64,2,0.1,False,0.001,32,75,0.0,0.1,10,5,0.5,True,42,96,96,1,0.6935109012957775,0.6949674884478251,0.001
dropout_rate,0.1,64,2,0.1,False,0.001,32,75,0.0,0.1,10,5,0.5,True,42,96,96,2,0.6912979470057921,0.69711199204127,0.001
dropout_rate,0.1,64,2,0.1,False,0.001,32,75,0.0,0.1,10,5,0.5,True,42,96,96,3,0.6895830504822008,0.6946795304616292,0.001
dropout_rate,0.1,64,2,0.1,False,0.001,32,75,0.0,0.1,10,5,0.5,True,42,96,96,4,0.6866901814937592,0.7018701036771139,0.001
dropout_rate,0.1,64,2,0.1,False,0.001,32,75,0.0,0.1,10,5,0.5,True,42,96,96,5,0.6804564811966636,0.7043704469998677,0.001
dropout_rate,0.1,64,2,0.1,False,0.001,32,75,0.0,0.1,10,5,0.5,True,42,96,96,6,0.6763753222696709,0.7033048748970032,0.001
dropout_rate,0.1,64,2,0.1,False,0.001,32,75,0.0,0.1,10,5,0.5,True,42,96,96,7,0.6669452998674277,0.7076294223467509,0.001
dropout_rate,0.1,64,2,0.1,False,0.001,32,75,0.0,0.1,10,5,0.5,True,42,96,96,8,0.6588554391355226,0.7094519019126893,0.001
dropout_rate,0.1,64,2,0.1,False,0.001,32,75,0.0,0.1,10,5,0.5,True,42,96,96,9,0.648281376470219,0.7347841382026672,0.001
dropout_rate,0.1,64,2,0.1,False,0.001,32,75,0.0,0.1,10,5,0.5,True,42,96,96,10,0.6255122262871626,0.7482018113136292,0.001
dropout_rate,0.1,64,2,0.1,False,0.001,32,75,0.0,0.1,10,5,0.5,True,42,96,96,11,0.6104076920133649,0.7673128247261047,0.001
dropout_rate,0.1,64,2,0.1,False,0.001,32,75,0.0,0.1,10,5,0.5,True,42,96,96,12,0.5977397750724446,0.7822822809219361,0.001
dropout_rate,0.1,64,2,0.1,False,0.001,32,75,0.0,0.1,10,5,0.5,True,42,96,96,13,0.5824362502405138,0.7819830139478048,0.001
dropout_rate,0.1,64,2,0.1,False,0.001,32,75,0.0,0.1,10,5,0.5,True,42,97,97,1,0.6935130746075602,0.6944349606831869,0.001
dropout_rate,0.1,64,2,0.1,False,0.001,32,75,0.0,0.1,10,5,0.5,True,42,97,97,2,0.6922871818145117,0.6930471380551656,0.001
dropout_rate,0.1,64,2,0.1,False,0.001,32,75,0.0,0.1,10,5,0.5,True,42,97,97,3,0.69190757699085,0.6927641868591309,0.001
dropout_rate,0.1,64,2,0.1,False,0.001,32,75,0.0,0.1,10,5,0.5,True,42,97,97,4,0.689961336778872,0.6935378948847453,0.001
dropout_rate,0.1,64,2,0.1,False,0.001,32,75,0.0,0.1,10,5,0.5,True,42,97,97,5,0.6865858711076506,0.6925327618916829,0.001
dropout_rate,0.1,64,2,0.1,False,0.001,32,75,0.0,0.1,10,5,0.5,True,42,97,97,6,0.6829934070507685,0.6952017307281494,0.001
dropout_rate,0.1,64,2,0.1,False,0.001,32,75,0.0,0.1,10,5,0.5,True,42,97,97,7,0.6770796464248137,0.6971752643585205,0.001
dropout_rate,0.1,64,2,0.1,False,0.001,32,75,0.0,0.1,10,5,0.5,True,42,97,97,8,0.6679877548506765,0.7055211981137594,0.001
dropout_rate,0.1,64,2,0.1,False,0.001,32,75,0.0,0.1,10,5,0.5,True,42,97,97,9,0.6594665276281761,0.7091416358947754,0.001
dropout_rate,0.1,64,2,0.1,False,0.001,32,75,0.0,0.1,10,5,0.5,True,42,97,97,10,0.6477201874509002,0.752913773059845,0.001
dropout_rate,0.1,64,2,0.1,False,0.001,32,75,0.0,0.1,10,5,0.5,True,42,97,97,11,0.6352373659610748,0.743880812327067,0.001
dropout_rate,0.1,64,2,0.1,False,0.001,32,75,0.0,0.1,10,5,0.5,True,42,97,97,12,0.6036898882100077,0.7639687856038412,0.001
dropout_rate,0.1,64,2,0.1,False,0.001,32,75,0.0,0.1,10,5,0.5,True,42,97,97,13,0.5862305218523199,0.7817230979601543,0.001
dropout_rate,0.1,64,2,0.1,False,0.001,32,75,0.0,0.1,10,5,0.5,True,42,97,97,14,0.5693034522912719,0.8186629851659138,0.001
dropout_rate,0.1,64,2,0.1,False,0.001,32,75,0.0,0.1,10,5,0.5,True,42,97,97,15,0.5519094785506075,0.8417531172434489,0.001
dropout_rate,0.1,64,2,0.1,False,0.001,32,75,0.0,0.1,10,5,0.5,True,42,98,98,1,0.6939475527315428,0.6929881771405538,0.001
dropout_rate,0.1,64,2,0.1,False,0.001,32,75,0.0,0.1,10,5,0.5,True,42,98,98,2,0.6914645966255304,0.6930624842643738,0.001
dropout_rate,0.1,64,2,0.1,False,0.001,32,75,0.0,0.1,10,5,0.5,True,42,98,98,3,0.6902275031263178,0.6967666745185852,0.001
dropout_rate,0.1,64,2,0.1,False,0.001,32,75,0.0,0.1,10,5,0.5,True,42,98,98,4,0.6888624985109676,0.6955911676088969,0.001
dropout_rate,0.1,64,2,0.1,False,0.001,32,75,0.0,0.1,10,5,0.5,True,42,98,98,5,0.6845264823147745,0.6993735233942667,0.001
dropout_rate,0.1,64,2,0.1,False,0.001,32,75,0.0,0.1,10,5,0.5,True,42,98,98,6,0.6803085632396467,0.6995477557182312,0.001
dropout_rate,0.1,64,2,0.1,False,0.001,32,75,0.0,0.1,10,5,0.5,True,42,98,98,7,0.6729073303215432,0.7134569803873698,0.001
dropout_rate,0.1,64,2,0.1,False,0.001,32,75,0.0,0.1,10,5,0.5,True,42,98,98,8,0.6565776106083032,0.7306474685668946,0.001
dropout_rate,0.1,64,2,0.1,False,0.001,32,75,0.0,0.1,10,5,0.5,True,42,98,98,9,0.6463758819030992,0.7380117535591125,0.001
dropout_rate,0.1,64,2,0.1,False,0.001,32,75,0.0,0.1,10,5,0.5,True,42,98,98,10,0.6369788488655379,0.742682941754659,0.001
dropout_rate,0.1,64,2,0.1,False,0.001,32,75,0.0,0.1,10,5,0.5,True,42,98,98,11,0.6261675863554983,0.7546622514724731,0.001
dropout_rate,0.1,64,2,0.1,False,0.001,32,75,0.0,0.1,10,5,0.5,True,42,99,99,1,0.6936029290611093,0.6936059315999349,0.001
dropout_rate,0.1,64,2,0.1,False,0.001,32,75,0.0,0.1,10,5,0.5,True,42,99,99,2,0.6921604465354573,0.6945174495379131,0.001
dropout_rate,0.1,64,2,0.1,False,0.001,32,75,0.0,0.1,10,5,0.5,True,42,99,99,3,0.6903048406044642,0.6921024958292643,0.001
dropout_rate,0.1,64,2,0.1,False,0.001,32,75,0.0,0.1,10,5,0.5,True,42,99,99,4,0.6884182104558656,0.6945556998252869,0.001
dropout_rate,0.1,64,2,0.1,False,0.001,32,75,0.0,0.1,10,5,0.5,True,42,99,99,5,0.6849233336520918,0.6930217941602071,0.001
dropout_rate,0.1,64,2,0.1,False,0.001,32,75,0.0,0.1,10,5,0.5,True,42,99,99,6,0.6807374489126783,0.6993640621503194,0.001
dropout_rate,0.1,64,2,0.1,False,0.001,32,75,0.0,0.1,10,5,0.5,True,42,99,99,7,0.6751500765482584,0.7013776103655497,0.001
dropout_rate,0.1,64,2,0.1,False,0.001,32,75,0.0,0.1,10,5,0.5,True,42,99,99,8,0.667750457019517,0.7120864788691202,0.001
dropout_rate,0.1,64,2,0.1,False,0.001,32,75,0.0,0.1,10,5,0.5,True,42,99,99,9,0.6580158621072769,0.7142777283986409,0.001
dropout_rate,0.1,64,2,0.1,False,0.001,32,75,0.0,0.1,10,5,0.5,True,42,99,99,10,0.635312203204993,0.76840660572052,0.001
dropout_rate,0.1,64,2,0.1,False,0.001,32,75,0.0,0.1,10,5,0.5,True,42,99,99,11,0.6193255093513113,0.7852388103802999,0.001
dropout_rate,0.1,64,2,0.1,False,0.001,32,75,0.0,0.1,10,5,0.5,True,42,99,99,12,0.6054126060370243,0.8234939535458883,0.001
dropout_rate,0.1,64,2,0.1,False,0.001,32,75,0.0,0.1,10,5,0.5,True,42,99,99,13,0.5961564413525842,0.7881536960601807,0.001
dropout_rate,0.1,64,2,0.1,False,0.001,32,75,0.0,0.1,10,5,0.5,True,42,100,100,1,0.6939812948306402,0.6941135962804158,0.001
dropout_rate,0.1,64,2,0.1,False,0.001,32,75,0.0,0.1,10,5,0.5,True,42,100,100,2,0.6916896140936649,0.6940614859263102,0.001
dropout_rate,0.1,64,2,0.1,False,0.001,32,75,0.0,0.1,10,5,0.5,True,42,100,100,3,0.6897213066166098,0.6966304699579875,0.001
dropout_rate,0.1,64,2,0.1,False,0.001,32,75,0.0,0.1,10,5,0.5,True,42,100,100,4,0.6879269444581234,0.6969274560610453,0.001
dropout_rate,0.1,64,2,0.1,False,0.001,32,75,0.0,0.1,10,5,0.5,True,42,100,100,5,0.6843482170141104,0.6960860292116801,0.001
dropout_rate,0.1,64,2,0.1,False,0.001,32,75,0.0,0.1,10,5,0.5,True,42,100,100,6,0.6789500198581002,0.7060112833976746,0.001
dropout_rate,0.1,64,2,0.1,False,0.001,32,75,0.0,0.1,10,5,0.5,True,42,100,100,7,0.6717833501823021,0.7108707030614217,0.001
dropout_rate,0.1,64,2,0.1,False,0.001,32,75,0.0,0.1,10,5,0.5,True,42,100,100,8,0.6582821919159456,0.7186364332834879,0.001
dropout_rate,0.1,64,2,0.1,False,0.001,32,75,0.0,0.1,10,5,0.5,True,42,100,100,9,0.650327462590102,0.7351641575495402,0.001
dropout_rate,0.1,64,2,0.1,False,0.001,32,75,0.0,0.1,10,5,0.5,True,42,100,100,10,0.6386947649897952,0.7406396667162577,0.001
dropout_rate,0.1,64,2,0.1,False,0.001,32,75,0.0,0.1,10,5,0.5,True,42,100,100,11,0.6276155773437384,0.7511440078417461,0.001
dropout_rate,0.1,64,2,0.1,False,0.001,32,75,0.0,0.1,10,5,0.5,True,42,100,100,12,0.6189468123696067,0.7644204258918762,0.001
dropout_rate,0.1,64,2,0.1,False,0.001,32,75,0.0,0.1,10,5,0.5,True,42,101,101,1,0.6934576982801611,0.6929802139600117,0.001
dropout_rate,0.1,64,2,0.1,False,0.001,32,75,0.0,0.1,10,5,0.5,True,42,101,101,2,0.6919485154477033,0.691530970732371,0.001
dropout_rate,0.1,64,2,0.1,False,0.001,32,75,0.0,0.1,10,5,0.5,True,42,101,101,3,0.6911989807179479,0.6928385814030965,0.001
dropout_rate,0.1,64,2,0.1,False,0.001,32,75,0.0,0.1,10,5,0.5,True,42,101,101,4,0.6896162809747638,0.6901217977205912,0.001
dropout_rate,0.1,64,2,0.1,False,0.001,32,75,0.0,0.1,10,5,0.5,True,42,101,101,5,0.6844871206717058,0.7005878806114196,0.001
dropout_rate,0.1,64,2,0.1,False,0.001,32,75,0.0,0.1,10,5,0.5,True,42,101,101,6,0.6838982723879091,0.6947600364685058,0.001
dropout_rate,0.1,64,2,0.1,False,0.001,32,75,0.0,0.1,10,5,0.5,True,42,101,101,7,0.6777783672917973,0.6930182059605916,0.001
dropout_rate,0.1,64,2,0.1,False,0.001,32,75,0.0,0.1,10,5,0.5,True,42,101,101,8,0.6727943939693046,0.6974021275838216,0.001
dropout_rate,0.1,64,2,0.1,False,0.001,32,75,0.0,0.1,10,5,0.5,True,42,101,101,9,0.6599621072863088,0.7269778569539388,0.001
dropout_rate,0.1,64,2,0.1,False,0.001,32,75,0.0,0.1,10,5,0.5,True,42,101,101,10,0.6489845419471915,0.7287343263626098,0.001
dropout_rate,0.1,64,2,0.1,False,0.001,32,75,0.0,0.1,10,5,0.5,True,42,101,101,11,0.6199802135427793,0.7721643169720968,0.001
dropout_rate,0.1,64,2,0.1,False,0.001,32,75,0.0,0.1,10,5,0.5,True,42,101,101,12,0.6065298738804731,0.7841431260108948,0.001
dropout_rate,0.1,64,2,0.1,False,0.001,32,75,0.0,0.1,10,5,0.5,True,42,101,101,13,0.584296739236875,0.8451367894808451,0.001
dropout_rate,0.1,64,2,0.1,False,0.001,32,75,0.0,0.1,10,5,0.5,True,42,101,101,14,0.5725300228505423,0.8580211242039998,0.001
dropout_rate,0.1,64,2,0.1,False,0.001,32,75,0.0,0.1,10,5,0.5,True,42,102,102,1,0.6936945603652434,0.6947699069976807,0.001
dropout_rate,0.1,64,2,0.1,False,0.001,32,75,0.0,0.1,10,5,0.5,True,42,102,102,2,0.6932611709291284,0.6933717528978983,0.001
dropout_rate,0.1,64,2,0.1,False,0.001,32,75,0.0,0.1,10,5,0.5,True,42,102,102,3,0.6914045521707246,0.6917087833086649,0.001
dropout_rate,0.1,64,2,0.1,False,0.001,32,75,0.0,0.1,10,5,0.5,True,42,102,102,4,0.6899954270232808,0.691847296555837,0.001
dropout_rate,0.1,64,2,0.1,False,0.001,32,75,0.0,0.1,10,5,0.5,True,42,102,102,5,0.686408387892174,0.6897361318270365,0.001
dropout_rate,0.1,64,2,0.1,False,0.001,32,75,0.0,0.1,10,5,0.5,True,42,102,102,6,0.6806060260895527,0.6993826468785603,0.001
dropout_rate,0.1,64,2,0.1,False,0.001,32,75,0.0,0.1,10,5,0.5,True,42,102,102,7,0.6764102659442208,0.690912131468455,0.001
dropout_rate,0.1,64,2,0.1,False,0.001,32,75,0.0,0.1,10,5,0.5,True,42,102,102,8,0.6694755924470497,0.6948267976442973,0.001
dropout_rate,0.1,64,2,0.1,False,0.001,32,75,0.0,0.1,10,5,0.5,True,42,102,102,9,0.6612126619526835,0.7055680354436239,0.001
dropout_rate,0.1,64,2,0.1,False,0.001,32,75,0.0,0.1,10,5,0.5,True,42,102,102,10,0.6534999929594271,0.706009300549825,0.001
dropout_rate,0.1,64,2,0.1,False,0.001,32,75,0.0,0.1,10,5,0.5,True,42,102,102,11,0.6360854596802683,0.7421389182408651,0.001
dropout_rate,0.1,64,2,0.1,False,0.001,32,75,0.0,0.1,10,5,0.5,True,42,102,102,12,0.6142763807014986,0.7671314477920532,0.001
dropout_rate,0.1,64,2,0.1,False,0.001,32,75,0.0,0.1,10,5,0.5,True,42,102,102,13,0.5962059353337144,0.7919379194577535,0.001
dropout_rate,0.1,64,2,0.1,False,0.001,32,75,0.0,0.1,10,5,0.5,True,42,102,102,14,0.58170779026819,0.8213754892349243,0.001
dropout_rate,0.1,64,2,0.1,False,0.001,32,75,0.0,0.1,10,5,0.5,True,42,102,102,15,0.5642134964917646,0.8409136811892192,0.001
dropout_rate,0.1,64,2,0.1,False,0.001,32,75,0.0,0.1,10,5,0.5,True,42,103,103,1,0.6932236511598934,0.6938369790712993,0.001
dropout_rate,0.1,64,2,0.1,False,0.001,32,75,0.0,0.1,10,5,0.5,True,42,103,103,2,0.6908696826660272,0.6951032360394795,0.001
dropout_rate,0.1,64,2,0.1,False,0.001,32,75,0.0,0.1,10,5,0.5,True,42,103,103,3,0.6903628752087102,0.6918033798535664,0.001
dropout_rate,0.1,64,2,0.1,False,0.001,32,75,0.0,0.1,10,5,0.5,True,42,103,103,4,0.6888583076722694,0.6962792754173279,0.001
dropout_rate,0.1,64,2,0.1,False,0.001,32,75,0.0,0.1,10,5,0.5,True,42,103,103,5,0.685778815186385,0.6890016833941142,0.001
dropout_rate,0.1,64,2,0.1,False,0.001,32,75,0.0,0.1,10,5,0.5,True,42,103,103,6,0.6835112436251207,0.6893723368644714,0.001
dropout_rate,0.1,64,2,0.1,False,0.001,32,75,0.0,0.1,10,5,0.5,True,42,103,103,7,0.677440165570288,0.6963795344034831,0.001
dropout_rate,0.1,64,2,0.1,False,0.001,32,75,0.0,0.1,10,5,0.5,True,42,103,103,8,0.6662612403884078,0.7012904206911723,0.001
dropout_rate,0.1,64,2,0.1,False,0.001,32,75,0.0,0.1,10,5,0.5,True,42,103,103,9,0.655332313342528,0.722580075263977,0.001
dropout_rate,0.1,64,2,0.1,False,0.001,32,75,0.0,0.1,10,5,0.5,True,42,103,103,10,0.6437641589930563,0.7030505100886028,0.001
dropout_rate,0.1,64,2,0.1,False,0.001,32,75,0.0,0.1,10,5,0.5,True,42,103,103,11,0.6241385871262262,0.7520588795344035,0.001
dropout_rate,0.1,64,2,0.1,False,0.001,32,75,0.0,0.1,10,5,0.5,True,42,103,103,12,0.592752242178628,0.7593282779057821,0.001
dropout_rate,0.1,64,2,0.1,False,0.001,32,75,0.0,0.1,10,5,0.5,True,42,103,103,13,0.5745039595799013,0.7887623349825541,0.001
dropout_rate,0.1,64,2,0.1,False,0.001,32,75,0.0,0.1,10,5,0.5,True,42,103,103,14,0.5617750336726507,0.8378016114234924,0.001
dropout_rate,0.1,64,2,0.1,False,0.001,32,75,0.0,0.1,10,5,0.5,True,42,103,103,15,0.5478303960778497,0.8444794575373332,0.001
dropout_rate,0.1,64,2,0.1,False,0.001,32,75,0.0,0.1,10,5,0.5,True,42,104,104,1,0.6938794846787597,0.6947864651679992,0.001
dropout_rate,0.1,64,2,0.1,False,0.001,32,75,0.0,0.1,10,5,0.5,True,42,104,104,2,0.6924915408546274,0.6948723157246908,0.001
dropout_rate,0.1,64,2,0.1,False,0.001,32,75,0.0,0.1,10,5,0.5,True,42,104,104,3,0.6910152859760054,0.6938073952992757,0.001
dropout_rate,0.1,64,2,0.1,False,0.001,32,75,0.0,0.1,10,5,0.5,True,42,104,104,4,0.6888998963616111,0.6954500198364257,0.001
dropout_rate,0.1,64,2,0.1,False,0.001,32,75,0.0,0.1,10,5,0.5,True,42,104,104,5,0.6858009714068789,0.6946150501569112,0.001
dropout_rate,0.1,64,2,0.1,False,0.001,32,75,0.0,0.1,10,5,0.5,True,42,104,104,6,0.6806649335406043,0.7095225850741068,0.001
dropout_rate,0.1,64,2,0.1,False,0.001,32,75,0.0,0.1,10,5,0.5,True,42,104,104,7,0.6775282138224804,0.6957255363464355,0.001
dropout_rate,0.1,64,2,0.1,False,0.001,32,75,0.0,0.1,10,5,0.5,True,42,104,104,8,0.6665959683331576,0.706272836526235,0.001
dropout_rate,0.1,64,2,0.1,False,0.001,32,75,0.0,0.1,10,5,0.5,True,42,104,104,9,0.6576995565132662,0.7248235781987508,0.001
dropout_rate,0.1,64,2,0.1,False,0.001,32,75,0.0,0.1,10,5,0.5,True,42,104,104,10,0.6378155174580488,0.7433740814526876,0.001
dropout_rate,0.1,64,2,0.1,False,0.001,32,75,0.0,0.1,10,5,0.5,True,42,104,104,11,0.621223151232257,0.7707286715507508,0.001
dropout_rate,0.1,64,2,0.1,False,0.001,32,75,0.0,0.1,10,5,0.5,True,42,104,104,12,0.6059924476977551,0.7630404909451802,0.001
dropout_rate,0.1,64,2,0.1,False,0.001,32,75,0.0,0.1,10,5,0.5,True,42,104,104,13,0.5945680423667936,0.763608439763387,0.001
dropout_rate,0.1,64,2,0.1,False,0.001,32,75,0.0,0.1,10,5,0.5,True,42,105,105,1,0.6937124584660386,0.6924781481424968,0.001
dropout_rate,0.1,64,2,0.1,False,0.001,32,75,0.0,0.1,10,5,0.5,True,42,105,105,2,0.6919081039500959,0.6944048523902893,0.001
dropout_rate,0.1,64,2,0.1,False,0.001,32,75,0.0,0.1,10,5,0.5,True,42,105,105,3,0.6897958648024183,0.6957982420921326,0.001
dropout_rate,0.1,64,2,0.1,False,0.001,32,75,0.0,0.1,10,5,0.5,True,42,105,105,4,0.6887659466627872,0.6950650175412496,0.001
dropout_rate,0.1,64,2,0.1,False,0.001,32,75,0.0,0.1,10,5,0.5,True,42,105,105,5,0.6861296264511166,0.6979080239931742,0.001
dropout_rate,0.1,64,2,0.1,False,0.001,32,75,0.0,0.1,10,5,0.5,True,42,105,105,6,0.6812022165818648,0.7049228310585022,0.001
dropout_rate,0.1,64,2,0.1,False,0.001,32,75,0.0,0.1,10,5,0.5,True,42,105,105,7,0.6749725025711637,0.6971151868502299,0.001
dropout_rate,0.1,64,2,0.1,False,0.001,32,75,0.0,0.1,10,5,0.5,True,42,105,105,8,0.6616028845310211,0.7190045396486918,0.001
dropout_rate,0.1,64,2,0.1,False,0.001,32,75,0.0,0.1,10,5,0.5,True,42,105,105,9,0.6515572901928064,0.7147895773251851,0.001
dropout_rate,0.1,64,2,0.1,False,0.001,32,75,0.0,0.1,10,5,0.5,True,42,105,105,10,0.6415488281936357,0.7351686358451843,0.001
dropout_rate,0.1,64,2,0.1,False,0.001,32,75,0.0,0.1,10,5,0.5,True,42,105,105,11,0.632777841027939,0.7451778610547384,0.001
dropout_rate,0.1,64,2,0.1,False,0.001,32,75,0.0,0.1,10,5,0.5,True,42,106,106,1,0.6937239296508558,0.693029256661733,0.001
dropout_rate,0.1,64,2,0.1,False,0.001,32,75,0.0,0.1,10,5,0.5,True,42,106,106,2,0.6920544342561201,0.6932857513427735,0.001
dropout_rate,0.1,64,2,0.1,False,0.001,32,75,0.0,0.1,10,5,0.5,True,42,106,106,3,0.6897745764616764,0.6924618522326151,0.001
dropout_rate,0.1,64,2,0.1,False,0.001,32,75,0.0,0.1,10,5,0.5,True,42,106,106,4,0.6873370946356745,0.6935306350390117,0.001
dropout_rate,0.1,64,2,0.1,False,0.001,32,75,0.0,0.1,10,5,0.5,True,42,106,106,5,0.6829485373966622,0.6987639745076497,0.001
dropout_rate,0.1,64,2,0.1,False,0.001,32,75,0.0,0.1,10,5,0.5,True,42,106,106,6,0.6786150873610468,0.6969203392664591,0.001
dropout_rate,0.1,64,2,0.1,False,0.001,32,75,0.0,0.1,10,5,0.5,True,42,106,106,7,0.669031095775691,0.7038257320721945,0.001
dropout_rate,0.1,64,2,0.1,False,0.001,32,75,0.0,0.1,10,5,0.5,True,42,106,106,8,0.6617205558401166,0.7222232778867086,0.001
dropout_rate,0.1,64,2,0.1,False,0.001,32,75,0.0,0.1,10,5,0.5,True,42,106,106,9,0.6792112796595602,0.7247201045354207,0.001
dropout_rate,0.1,64,2,0.1,False,0.001,32,75,0.0,0.1,10,5,0.5,True,42,106,106,10,0.665263392256968,0.734253712495168,0.001
dropout_rate,0.1,64,2,0.1,False,0.001,32,75,0.0,0.1,10,5,0.5,True,42,106,106,11,0.6445315976937612,0.7490259965260824,0.001
dropout_rate,0.1,64,2,0.1,False,0.001,32,75,0.0,0.1,10,5,0.5,True,42,106,106,12,0.629501175699812,0.7555527130762736,0.001
dropout_rate,0.1,64,2,0.1,False,0.001,32,75,0.0,0.1,10,5,0.5,True,42,106,106,13,0.6345591915376259,0.7762248913447062,0.001
dropout_rate,0.1,64,2,0.1,False,0.001,32,75,0.0,0.1,10,5,0.5,True,42,107,107,1,0.6937795168522632,0.6928295691808065,0.001
dropout_rate,0.1,64,2,0.1,False,0.001,32,75,0.0,0.1,10,5,0.5,True,42,107,107,2,0.6914884091326685,0.6939302364985148,0.001
dropout_rate,0.1,64,2,0.1,False,0.001,32,75,0.0,0.1,10,5,0.5,True,42,107,107,3,0.6894478847583135,0.6931119084358215,0.001
dropout_rate,0.1,64,2,0.1,False,0.001,32,75,0.0,0.1,10,5,0.5,True,42,107,107,4,0.6872699703231002,0.6942833463350931,0.001
dropout_rate,0.1,64,2,0.1,False,0.001,32,75,0.0,0.1,10,5,0.5,True,42,107,107,5,0.6827309447707552,0.6989186445871989,0.001
dropout_rate,0.1,64,2,0.1,False,0.001,32,75,0.0,0.1,10,5,0.5,True,42,107,107,6,0.6760392821196354,0.7031358400980632,0.001
dropout_rate,0.1,64,2,0.1,False,0.001,32,75,0.0,0.1,10,5,0.5,True,42,107,107,7,0.6709524022810387,0.7089384317398071,0.001
dropout_rate,0.1,64,2,0.1,False,0.001,32,75,0.0,0.1,10,5,0.5,True,42,107,107,8,0.659738253011848,0.7142522851626079,0.001
dropout_rate,0.1,64,2,0.1,False,0.001,32,75,0.0,0.1,10,5,0.5,True,42,107,107,9,0.6503315269947052,0.7283633192380269,0.001
dropout_rate,0.1,64,2,0.1,False,0.001,32,75,0.0,0.1,10,5,0.5,True,42,107,107,10,0.6403206546198238,0.7324602286020915,0.001
dropout_rate,0.1,64,2,0.1,False,0.001,32,75,0.0,0.1,10,5,0.5,True,42,107,107,11,0.6320688205234932,0.7385467211405436,0.001
dropout_rate,0.1,64,2,0.1,False,0.001,32,75,0.0,0.1,10,5,0.5,True,42,108,108,1,0.6937041196859244,0.6934707999229431,0.001
dropout_rate,0.1,64,2,0.1,False,0.001,32,75,0.0,0.1,10,5,0.5,True,42,108,108,2,0.6922679462216117,0.6925577839215596,0.001
dropout_rate,0.1,64,2,0.1,False,0.001,32,75,0.0,0.1,10,5,0.5,True,42,108,108,3,0.6912277973059452,0.6914891322453817,0.001
dropout_rate,0.1,64,2,0.1,False,0.001,32,75,0.0,0.1,10,5,0.5,True,42,108,108,4,0.6892984482375059,0.6914592862129212,0.001
dropout_rate,0.1,64,2,0.1,False,0.001,32,75,0.0,0.1,10,5,0.5,True,42,108,108,5,0.6863672557202253,0.6946130196253458,0.001
dropout_rate,0.1,64,2,0.1,False,0.001,32,75,0.0,0.1,10,5,0.5,True,42,108,108,6,0.68163040144877,0.6947957555452983,0.001
dropout_rate,0.1,64,2,0.1,False,0.001,32,75,0.0,0.1,10,5,0.5,True,42,108,108,7,0.6784122581734802,0.6994912266731262,0.001
dropout_rate,0.1,64,2,0.1,False,0.001,32,75,0.0,0.1,10,5,0.5,True,42,108,108,8,0.6713510164708802,0.6974432229995727,0.001
dropout_rate,0.1,64,2,0.1,False,0.001,32,75,0.0,0.1,10,5,0.5,True,42,108,108,9,0.6646202865875128,0.7015429655710856,0.001
dropout_rate,0.1,64,2,0.1,False,0.001,32,75,0.0,0.1,10,5,0.5,True,42,108,108,10,0.6472633318467573,0.7221071918805441,0.001
dropout_rate,0.1,64,2,0.1,False,0.001,32,75,0.0,0.1,10,5,0.5,True,42,108,108,11,0.6355388182582278,0.7325083374977112,0.001
dropout_rate,0.1,64,2,0.1,False,0.001,32,75,0.0,0.1,10,5,0.5,True,42,108,108,12,0.6191466145894744,0.7413356741269429,0.001
dropout_rate,0.1,64,2,0.1,False,0.001,32,75,0.0,0.1,10,5,0.5,True,42,108,108,13,0.6088791193835663,0.7780837893486023,0.001
dropout_rate,0.1,64,2,0.1,False,0.001,32,75,0.0,0.1,10,5,0.5,True,42,108,108,14,0.6000893316937216,0.7476297815640768,0.001
dropout_rate,0.3,64,2,0.3,False,0.001,32,75,0.0,0.1,10,5,0.5,True,42,1,1,1,0.6940354253306533,0.6921676476796468,0.001
dropout_rate,0.3,64,2,0.3,False,0.001,32,75,0.0,0.1,10,5,0.5,True,42,1,1,2,0.6931074555173065,0.6903250773747762,0.001
dropout_rate,0.3,64,2,0.3,False,0.001,32,75,0.0,0.1,10,5,0.5,True,42,1,1,3,0.6900929618965496,0.6937051335970561,0.001
dropout_rate,0.3,64,2,0.3,False,0.001,32,75,0.0,0.1,10,5,0.5,True,42,1,1,4,0.6870941402334155,0.6967166701952616,0.001
dropout_rate,0.3,64,2,0.3,False,0.001,32,75,0.0,0.1,10,5,0.5,True,42,1,1,5,0.6820222383195703,0.7049489378929138,0.001
dropout_rate,0.3,64,2,0.3,False,0.001,32,75,0.0,0.1,10,5,0.5,True,42,1,1,6,0.6796063017664533,0.7118284145991007,0.001
dropout_rate,0.3,64,2,0.3,False,0.001,32,75,0.0,0.1,10,5,0.5,True,42,1,1,7,0.6715676360058062,0.7136315782864888,0.001
dropout_rate,0.3,64,2,0.3,False,0.001,32,75,0.0,0.1,10,5,0.5,True,42,1,1,8,0.6662913705363418,0.7276501496632893,0.001
dropout_rate,0.3,64,2,0.3,False,0.001,32,75,0.0,0.1,10,5,0.5,True,42,1,1,9,0.6499965199918458,0.7391174952189128,0.001
dropout_rate,0.3,64,2,0.3,False,0.001,32,75,0.0,0.1,10,5,0.5,True,42,1,1,10,0.6397323016867493,0.7383129715919494,0.001
dropout_rate,0.3,64,2,0.3,False,0.001,32,75,0.0,0.1,10,5,0.5,True,42,1,1,11,0.6352068933122086,0.7482711633046468,0.001
dropout_rate,0.3,64,2,0.3,False,0.001,32,75,0.0,0.1,10,5,0.5,True,42,1,1,12,0.6231828072305882,0.7578670144081116,0.001
dropout_rate,0.3,64,2,0.3,False,0.001,32,75,0.0,0.1,10,5,0.5,True,42,2,2,1,0.6935879895181367,0.6929567972819011,0.001
dropout_rate,0.3,64,2,0.3,False,0.001,32,75,0.0,0.1,10,5,0.5,True,42,2,2,2,0.6926846680316058,0.6921693881352743,0.001
dropout_rate,0.3,64,2,0.3,False,0.001,32,75,0.0,0.1,10,5,0.5,True,42,2,2,3,0.6917366606719566,0.6938504695892334,0.001
dropout_rate,0.3,64,2,0.3,False,0.001,32,75,0.0,0.1,10,5,0.5,True,42,2,2,4,0.6895211131283732,0.6949014067649841,0.001
dropout_rate,0.3,64,2,0.3,False,0.001,32,75,0.0,0.1,10,5,0.5,True,42,2,2,5,0.6858540976589377,0.6985448678334554,0.001
dropout_rate,0.3,64,2,0.3,False,0.001,32,75,0.0,0.1,10,5,0.5,True,42,2,2,6,0.6826346503062681,0.6950526396433513,0.001
dropout_rate,0.3,64,2,0.3,False,0.001,32,75,0.0,0.1,10,5,0.5,True,42,2,2,7,0.6774476545326638,0.7074957807858785,0.001
dropout_rate,0.3,64,2,0.3,False,0.001,32,75,0.0,0.1,10,5,0.5,True,42,2,2,8,0.6701311505202091,0.7203154921531677,0.001
dropout_rate,0.3,64,2,0.3,False,0.001,32,75,0.0,0.1,10,5,0.5,True,42,2,2,9,0.6562281372872266,0.7148937900861104,0.001
dropout_rate,0.3,64,2,0.3,False,0.001,32,75,0.0,0.1,10,5,0.5,True,42,2,2,10,0.6471608809449456,0.7281537691752116,0.001
dropout_rate,0.3,64,2,0.3,False,0.001,32,75,0.0,0.1,10,5,0.5,True,42,2,2,11,0.6360612346818952,0.7426623145739237,0.001
dropout_rate,0.3,64,2,0.3,False,0.001,32,75,0.0,0.1,10,5,0.5,True,42,2,2,12,0.6296079352949605,0.7390844504038493,0.001
dropout_rate,0.3,64,2,0.3,False,0.001,32,75,0.0,0.1,10,5,0.5,True,42,3,3,1,0.6937173997814005,0.6927154739697774,0.001
dropout_rate,0.3,64,2,0.3,False,0.001,32,75,0.0,0.1,10,5,0.5,True,42,3,3,2,0.6920866749503396,0.6944162130355835,0.001
dropout_rate,0.3,64,2,0.3,False,0.001,32,75,0.0,0.1,10,5,0.5,True,42,3,3,3,0.6911006601470889,0.6959750930468241,0.001
dropout_rate,0.3,64,2,0.3,False,0.001,32,75,0.0,0.1,10,5,0.5,True,42,3,3,4,0.6875176574244644,0.7004984696706136,0.001
dropout_rate,0.3,64,2,0.3,False,0.001,32,75,0.0,0.1,10,5,0.5,True,42,3,3,5,0.6828114534869338,0.704756232102712,0.001
dropout_rate,0.3,64,2,0.3,False,0.001,32,75,0.0,0.1,10,5,0.5,True,42,3,3,6,0.6805181683916034,0.7067584951718648,0.001
dropout_rate,0.3,64,2,0.3,False,0.001,32,75,0.0,0.1,10,5,0.5,True,42,3,3,7,0.6745298382910815,0.7141280015309651,0.001
dropout_rate,0.3,64,2,0.3,False,0.001,32,75,0.0,0.1,10,5,0.5,True,42,3,3,8,0.667248371424097,0.733410096168518,0.001
dropout_rate,0.3,64,2,0.3,False,0.001,32,75,0.0,0.1,10,5,0.5,True,42,3,3,9,0.6604973249363176,0.7425898989041646,0.001
dropout_rate,0.3,64,2,0.3,False,0.001,32,75,0.0,0.1,10,5,0.5,True,42,3,3,10,0.6504048678007993,0.7605057477951049,0.001
dropout_rate,0.3,64,2,0.3,False,0.001,32,75,0.0,0.1,10,5,0.5,True,42,3,3,11,0.6441487697037783,0.7513331214586894,0.001
dropout_rate,0.3,64,2,0.3,False,0.001,32,75,0.0,0.1,10,5,0.5,True,42,4,4,1,0.6932843512657917,0.6939720988273621,0.001
dropout_rate,0.3,64,2,0.3,False,0.001,32,75,0.0,0.1,10,5,0.5,True,42,4,4,2,0.6925244222987782,0.6929417371749877,0.001
dropout_rate,0.3,64,2,0.3,False,0.001,32,75,0.0,0.1,10,5,0.5,True,42,4,4,3,0.6896724001024709,0.6950936277707418,0.001
dropout_rate,0.3,64,2,0.3,False,0.001,32,75,0.0,0.1,10,5,0.5,True,42,4,4,4,0.6873294449213779,0.7002598524093628,0.001
dropout_rate,0.3,64,2,0.3,False,0.001,32,75,0.0,0.1,10,5,0.5,True,42,4,4,5,0.6915132981358152,0.6951656818389893,0.001
dropout_rate,0.3,64,2,0.3,False,0.001,32,75,0.0,0.1,10,5,0.5,True,42,4,4,6,0.6834527488910791,0.7041305502255758,0.001
dropout_rate,0.3,64,2,0.3,False,0.001,32,75,0.0,0.1,10,5,0.5,True,42,4,4,7,0.6765053791530204,0.708263365427653,0.001
dropout_rate,0.3,64,2,0.3,False,0.001,32,75,0.0,0.1,10,5,0.5,True,42,4,4,8,0.6755847018776517,0.7042352437973023,0.001
dropout_rate,0.3,64,2,0.3,False,0.001,32,75,0.0,0.1,10,5,0.5,True,42,4,4,9,0.663122502691818,0.7183276653289795,0.001
dropout_rate,0.3,64,2,0.3,False,0.001,32,75,0.0,0.1,10,5,0.5,True,42,4,4,10,0.6565827451872103,0.7202677766482035,0.001
dropout_rate,0.3,64,2,0.3,False,0.001,32,75,0.0,0.1,10,5,0.5,True,42,4,4,11,0.6471828470627466,0.7315165321032207,0.001
dropout_rate,0.3,64,2,0.3,False,0.001,32,75,0.0,0.1,10,5,0.5,True,42,4,4,12,0.6463565555485812,0.734624719619751,0.001
dropout_rate,0.3,64,2,0.3,False,0.001,32,75,0.0,0.1,10,5,0.5,True,42,5,5,1,0.6938379646250696,0.6922306378682455,0.001
dropout_rate,0.3,64,2,0.3,False,0.001,32,75,0.0,0.1,10,5,0.5,True,42,5,5,2,0.6923389209039283,0.6916109959284464,0.001
dropout_rate,0.3,64,2,0.3,False,0.001,32,75,0.0,0.1,10,5,0.5,True,42,5,5,3,0.6912581559383508,0.6920755465825399,0.001
dropout_rate,0.3,64,2,0.3,False,0.001,32,75,0.0,0.1,10,5,0.5,True,42,5,5,4,0.690271050641031,0.6891221920649211,0.001
dropout_rate,0.3,64,2,0.3,False,0.001,32,75,0.0,0.1,10,5,0.5,True,42,5,5,5,0.6879921162670309,0.6934314211209615,0.001
dropout_rate,0.3,64,2,0.3,False,0.001,32,75,0.0,0.1,10,5,0.5,True,42,5,5,6,0.6823985125079299,0.6982232689857483,0.001
dropout_rate,0.3,64,2,0.3,False,0.001,32,75,0.0,0.1,10,5,0.5,True,42,5,5,7,0.6808607998219404,0.7008710900942484,0.001
dropout_rate,0.3,64,2,0.3,False,0.001,32,75,0.0,0.1,10,5,0.5,True,42,5,5,8,0.6741773048133561,0.7112884640693664,0.001
dropout_rate,0.3,64,2,0.3,False,0.001,32,75,0.0,0.1,10,5,0.5,True,42,5,5,9,0.6644222898916765,0.7130150556564331,0.001
dropout_rate,0.3,64,2,0.3,False,0.001,32,75,0.0,0.1,10,5,0.5,True,42,5,5,10,0.659682573242621,0.7269547899564107,0.001
dropout_rate,0.3,64,2,0.3,False,0.001,32,75,0.0,0.1,10,5,0.5,True,42,5,5,11,0.6401085952917734,0.7448283871014912,0.001
dropout_rate,0.3,64,2,0.3,False,0.001,32,75,0.0,0.1,10,5,0.5,True,42,5,5,12,0.624032391065901,0.7481764197349549,0.001
dropout_rate,0.3,64,2,0.3,False,0.001,32,75,0.0,0.1,10,5,0.5,True,42,5,5,13,0.6121099171313372,0.7529482126235962,0.001
dropout_rate,0.3,64,2,0.3,False,0.001,32,75,0.0,0.1,10,5,0.5,True,42,5,5,14,0.5957565479206316,0.7933200240135193,0.001
dropout_rate,0.3,64,2,0.3,False,0.001,32,75,0.0,0.1,10,5,0.5,True,42,6,6,1,0.6940957497466694,0.6931139508883158,0.001
dropout_rate,0.3,64,2,0.3,False,0.001,32,75,0.0,0.1,10,5,0.5,True,42,6,6,2,0.692227459766648,0.6928184191385905,0.001
dropout_rate,0.3,64,2,0.3,False,0.001,32,75,0.0,0.1,10,5,0.5,True,42,6,6,3,0.690282891645576,0.6944487770398458,0.001
dropout_rate,0.3,64,2,0.3,False,0.001,32,75,0.0,0.1,10,5,0.5,True,42,6,6,4,0.6878873534274824,0.6973744670550028,0.001
dropout_rate,0.3,64,2,0.3,False,0.001,32,75,0.0,0.1,10,5,0.5,True,42,6,6,5,0.6867816502397711,0.6965835173924764,0.001
dropout_rate,0.3,64,2,0.3,False,0.001,32,75,0.0,0.1,10,5,0.5,True,42,6,6,6,0.6789687646157814,0.7047880927721659,0.001
dropout_rate,0.3,64,2,0.3,False,0.001,32,75,0.0,0.1,10,5,0.5,True,42,6,6,7,0.6774884674585226,0.7135746399561564,0.001
dropout_rate,0.3,64,2,0.3,False,0.001,32,75,0.0,0.1,10,5,0.5,True,42,6,6,8,0.6704368952548865,0.7058637738227844,0.001
dropout_rate,0.3,64,2,0.3,False,0.001,32,75,0.0,0.1,10,5,0.5,True,42,6,6,9,0.6572026827118613,0.7331343015034993,0.001
dropout_rate,0.3,64,2,0.3,False,0.001,32,75,0.0,0.1,10,5,0.5,True,42,6,6,10,0.6448172935933778,0.7416950980822246,0.001
dropout_rate,0.3,64,2,0.3,False,0.001,32,75,0.0,0.1,10,5,0.5,True,42,6,6,11,0.6352584872281912,0.7690403540929158,0.001
dropout_rate,0.3,64,2,0.3,False,0.001,32,75,0.0,0.1,10,5,0.5,True,42,6,6,12,0.6294987723231316,0.7822292407353719,0.001
dropout_rate,0.3,64,2,0.3,False,0.001,32,75,0.0,0.1,10,5,0.5,True,42,7,7,1,0.6938318578582822,0.692575999101003,0.001
dropout_rate,0.3,64,2,0.3,False,0.001,32,75,0.0,0.1,10,5,0.5,True,42,7,7,2,0.6926255858305729,0.6938036759694417,0.001
dropout_rate,0.3,64,2,0.3,False,0.001,32,75,0.0,0.1,10,5,0.5,True,42,7,7,3,0.6914717880162325,0.6951392372449239,0.001
dropout_rate,0.3,64,2,0.3,False,0.001,32,75,0.0,0.1,10,5,0.5,True,42,7,7,4,0.6895734699386539,0.6960648377736409,0.001
dropout_rate,0.3,64,2,0.3,False,0.001,32,75,0.0,0.1,10,5,0.5,True,42,7,7,5,0.6868406895435217,0.7000159939130147,0.001
dropout_rate,0.3,64,2,0.3,False,0.001,32,75,0.0,0.1,10,5,0.5,True,42,7,7,6,0.6833922456611287,0.7012437979380289,0.001
dropout_rate,0.3,64,2,0.3,False,0.001,32,75,0.0,0.1,10,5,0.5,True,42,7,7,7,0.6787858280268583,0.7101544737815857,0.001
dropout_rate,0.3,64,2,0.3,False,0.001,32,75,0.0,0.1,10,5,0.5,True,42,7,7,8,0.6664050898768685,0.7336568514506022,0.001
dropout_rate,0.3,64,2,0.3,False,0.001,32,75,0.0,0.1,10,5,0.5,True,42,7,7,9,0.6588557922478878,0.7319753567377726,0.001
dropout_rate,0.3,64,2,0.3,False,0.001,32,75,0.0,0.1,10,5,0.5,True,42,7,7,10,0.6510636386546221,0.7344084858894349,0.001
dropout_rate,0.3,64,2,0.3,False,0.001,32,75,0.0,0.1,10,5,0.5,True,42,7,7,11,0.6448538714286053,0.7444341460863749,0.001
dropout_rate,0.3,64,2,0.3,False,0.001,32,75,0.0,0.1,10,5,0.5,True,42,8,8,1,0.6941119540821422,0.6949034492174785,0.001
dropout_rate,0.3,64,2,0.3,False,0.001,32,75,0.0,0.1,10,5,0.5,True,42,8,8,2,0.6924169646068052,0.6952743728955587,0.001
dropout_rate,0.3,64,2,0.3,False,0.001,32,75,0.0,0.1,10,5,0.5,True,42,8,8,3,0.6916333951733329,0.6917992949485778,0.001
dropout_rate,0.3,64,2,0.3,False,0.001,32,75,0.0,0.1,10,5,0.5,True,42,8,8,4,0.6901649281834111,0.691422164440155,0.001
dropout_rate,0.3,64,2,0.3,False,0.001,32,75,0.0,0.1,10,5,0.5,True,42,8,8,5,0.6866967212973218,0.6930295507113139,0.001
dropout_rate,0.3,64,2,0.3,False,0.001,32,75,0.0,0.1,10,5,0.5,True,42,8,8,6,0.6860274776364818,0.6949699560801188,0.001
dropout_rate,0.3,64,2,0.3,False,0.001,32,75,0.0,0.1,10,5,0.5,True,42,8,8,7,0.679908089113958,0.703341297308604,0.001
dropout_rate,0.3,64,2,0.3,False,0.001,32,75,0.0,0.1,10,5,0.5,True,42,8,8,8,0.6747944576270652,0.7108087817827861,0.001
dropout_rate,0.3,64,2,0.3,False,0.001,32,75,0.0,0.1,10,5,0.5,True,42,8,8,9,0.6644456129182469,0.7041358391443888,0.001
dropout_rate,0.3,64,2,0.3,False,0.001,32,75,0.0,0.1,10,5,0.5,True,42,8,8,10,0.6595834651679704,0.7286835789680481,0.001
dropout_rate,0.3,64,2,0.3,False,0.001,32,75,0.0,0.1,10,5,0.5,True,42,8,8,11,0.6357139326406248,0.7608944336573283,0.001
dropout_rate,0.3,64,2,0.3,False,0.001,32,75,0.0,0.1,10,5,0.5,True,42,8,8,12,0.6173415619767073,0.7559897383054097,0.001
dropout_rate,0.3,64,2,0.3,False,0.001,32,75,0.0,0.1,10,5,0.5,True,42,8,8,13,0.6094001014575814,0.7785572250684102,0.001
dropout_rate,0.3,64,2,0.3,False,0.001,32,75,0.0,0.1,10,5,0.5,True,42,8,8,14,0.5998579374316967,0.806088395913442,0.001
dropout_rate,0.3,64,2,0.3,False,0.001,32,75,0.0,0.1,10,5,0.5,True,42,9,9,1,0.6940722745476346,0.6936643679936727,0.001
dropout_rate,0.3,64,2,0.3,False,0.001,32,75,0.0,0.1,10,5,0.5,True,42,9,9,2,0.6926525357094678,0.6918747266133626,0.001
dropout_rate,0.3,64,2,0.3,False,0.001,32,75,0.0,0.1,10,5,0.5,True,42,9,9,3,0.6906850852749564,0.6936923821767171,0.001
dropout_rate,0.3,64,2,0.3,False,0.001,32,75,0.0,0.1,10,5,0.5,True,42,9,9,4,0.6873917882189606,0.6963418126106262,0.001
dropout_rate,0.3,64,2,0.3,False,0.001,32,75,0.0,0.1,10,5,0.5,True,42,9,9,5,0.6836122698856123,0.7160543441772461,0.001
dropout_rate,0.3,64,2,0.3,False,0.001,32,75,0.0,0.1,10,5,0.5,True,42,9,9,6,0.6798230590242328,0.7037762721379598,0.001
dropout_rate,0.3,64,2,0.3,False,0.001,32,75,0.0,0.1,10,5,0.5,True,42,9,9,7,0.6759968016183737,0.7094981710116068,0.001
dropout_rate,0.3,64,2,0.3,False,0.001,32,75,0.0,0.1,10,5,0.5,True,42,9,9,8,0.6726361106742512,0.7079490780830383,0.001
dropout_rate,0.3,64,2,0.3,False,0.001,32,75,0.0,0.1,10,5,0.5,True,42,9,9,9,0.6620179166396459,0.7492654045422872,0.001
dropout_rate,0.3,64,2,0.3,False,0.001,32,75,0.0,0.1,10,5,0.5,True,42,9,9,10,0.6507720784707502,0.7564082543055216,0.001
dropout_rate,0.3,64,2,0.3,False,0.001,32,75,0.0,0.1,10,5,0.5,True,42,9,9,11,0.6417214676286235,0.7559176802635192,0.001
dropout_rate,0.3,64,2,0.3,False,0.001,32,75,0.0,0.1,10,5,0.5,True,42,9,9,12,0.6398300898797584,0.7618387420972188,0.001
dropout_rate,0.3,64,2,0.3,False,0.001,32,75,0.0,0.1,10,5,0.5,True,42,10,10,1,0.6938563481424794,0.6936649084091187,0.001
dropout_rate,0.3,64,2,0.3,False,0.001,32,75,0.0,0.1,10,5,0.5,True,42,10,10,2,0.6932062976288073,0.6925863265991211,0.001
dropout_rate,0.3,64,2,0.3,False,0.001,32,75,0.0,0.1,10,5,0.5,True,42,10,10,3,0.6912241889671846,0.6928033232688904,0.001
dropout_rate,0.3,64,2,0.3,False,0.001,32,75,0.0,0.1,10,5,0.5,True,42,10,10,4,0.6899749008995114,0.6967036048571269,0.001
dropout_rate,0.3,64,2,0.3,False,0.001,32,75,0.0,0.1,10,5,0.5,True,42,10,10,5,0.6871713350216547,0.6987035115559895,0.001
dropout_rate,0.3,64,2,0.3,False,0.001,32,75,0.0,0.1,10,5,0.5,True,42,10,10,6,0.681301415869684,0.6989855647087098,0.001
dropout_rate,0.3,64,2,0.3,False,0.001,32,75,0.0,0.1,10,5,0.5,True,42,10,10,7,0.6750282654256532,0.7005410075187684,0.001
dropout_rate,0.3,64,2,0.3,False,0.001,32,75,0.0,0.1,10,5,0.5,True,42,10,10,8,0.6704730414079897,0.7088321248690287,0.001
dropout_rate,0.3,64,2,0.3,False,0.001,32,75,0.0,0.1,10,5,0.5,True,42,10,10,9,0.6556626937606118,0.7179819703102112,0.001
dropout_rate,0.3,64,2,0.3,False,0.001,32,75,0.0,0.1,10,5,0.5,True,42,10,10,10,0.6457407560312387,0.7337903539339702,0.001
dropout_rate,0.3,64,2,0.3,False,0.001,32,75,0.0,0.1,10,5,0.5,True,42,10,10,11,0.6346548172560605,0.7502693096796672,0.001
dropout_rate,0.3,64,2,0.3,False,0.001,32,75,0.0,0.1,10,5,0.5,True,42,10,10,12,0.6283468421209942,0.7723686297734579,0.001
dropout_rate,0.3,64,2,0.3,False,0.001,32,75,0.0,0.1,10,5,0.5,True,42,11,11,1,0.6935851054661202,0.6936270038286845,0.001
dropout_rate,0.3,64,2,0.3,False,0.001,32,75,0.0,0.1,10,5,0.5,True,42,11,11,2,0.6922859233437162,0.6915645082791646,0.001
dropout_rate,0.3,64,2,0.3,False,0.001,32,75,0.0,0.1,10,5,0.5,True,42,11,11,3,0.6897620996742537,0.695201047261556,0.001
dropout_rate,0.3,64,2,0.3,False,0.001,32,75,0.0,0.1,10,5,0.5,True,42,11,11,4,0.6892263017820589,0.6983475526173909,0.001
dropout_rate,0.3,64,2,0.3,False,0.001,32,75,0.0,0.1,10,5,0.5,True,42,11,11,5,0.6878814999804352,0.6966309507687887,0.001
dropout_rate,0.3,64,2,0.3,False,0.001,32,75,0.0,0.1,10,5,0.5,True,42,11,11,6,0.6824326921593059,0.7019344568252563,0.001
dropout_rate,0.3,64,2,0.3,False,0.001,32,75,0.0,0.1,10,5,0.5,True,42,11,11,7,0.6775940724394538,0.7044991334279378,0.001
dropout_rate,0.3,64,2,0.3,False,0.001,32,75,0.0,0.1,10,5,0.5,True,42,11,11,8,0.6715863292867487,0.7193097511927287,0.001
dropout_rate,0.3,64,2,0.3,False,0.001,32,75,0.0,0.1,10,5,0.5,True,42,11,11,9,0.6577742081699949,0.7368901252746582,0.001
dropout_rate,0.3,64,2,0.3,False,0.001,32,75,0.0,0.1,10,5,0.5,True,42,11,11,10,0.6493628616585876,0.7486077864964803,0.001
dropout_rate,0.3,64,2,0.3,False,0.001,32,75,0.0,0.1,10,5,0.5,True,42,11,11,11,0.6395390557520317,0.7524013201395671,0.001
dropout_rate,0.3,64,2,0.3,False,0.001,32,75,0.0,0.1,10,5,0.5,True,42,11,11,12,0.6293493405436025,0.7560903350512187,0.001
dropout_rate,0.3,64,2,0.3,False,0.001,32,75,0.0,0.1,10,5,0.5,True,42,12,12,1,0.6938893876292489,0.6920228640238444,0.001
dropout_rate,0.3,64,2,0.3,False,0.001,32,75,0.0,0.1,10,5,0.5,True,42,12,12,2,0.6924994009913821,0.6902825713157654,0.001
dropout_rate,0.3,64,2,0.3,False,0.001,32,75,0.0,0.1,10,5,0.5,True,42,12,12,3,0.6915731651313377,0.6909408330917358,0.001
dropout_rate,0.3,64,2,0.3,False,0.001,32,75,0.0,0.1,10,5,0.5,True,42,12,12,4,0.6903456833326456,0.6907339334487915,0.001
dropout_rate,0.3,64,2,0.3,False,0.001,32,75,0.0,0.1,10,5,0.5,True,42,12,12,5,0.6878007370414156,0.6932061672210693,0.001
dropout_rate,0.3,64,2,0.3,False,0.001,32,75,0.0,0.1,10,5,0.5,True,42,12,12,6,0.6841543393604683,0.6910373091697692,0.001
dropout_rate,0.3,64,2,0.3,False,0.001,32,75,0.0,0.1,10,5,0.5,True,42,12,12,7,0.6796020504200098,0.705868148803711,0.001
dropout_rate,0.3,64,2,0.3,False,0.001,32,75,0.0,0.1,10,5,0.5,True,42,12,12,8,0.6746957825891899,0.7000852704048157,0.001
dropout_rate,0.3,64,2,0.3,False,0.001,32,75,0.0,0.1,10,5,0.5,True,42,12,12,9,0.66328566950379,0.7155470887819926,0.001
dropout_rate,0.3,64,2,0.3,False,0.001,32,75,0.0,0.1,10,5,0.5,True,42,12,12,10,0.6551743750319337,0.7178702831268311,0.001
dropout_rate,0.3,64,2,0.3,False,0.001,32,75,0.0,0.1,10,5,0.5,True,42,12,12,11,0.6437961879101667,0.7447995781898499,0.001
dropout_rate,0.3,64,2,0.3,False,0.001,32,75,0.0,0.1,10,5,0.5,True,42,12,12,12,0.6332734556812228,0.7623669028282165,0.001
dropout_rate,0.3,64,2,0.3,False,0.001,32,75,0.0,0.1,10,5,0.5,True,42,13,13,1,0.6933399465951052,0.6951383392016093,0.001
dropout_rate,0.3,64,2,0.3,False,0.001,32,75,0.0,0.1,10,5,0.5,True,42,13,13,2,0.6922600075150981,0.6949683427810669,0.001
dropout_rate,0.3,64,2,0.3,False,0.001,32,75,0.0,0.1,10,5,0.5,True,42,13,13,3,0.6915994878068115,0.6954929669698079,0.001
dropout_rate,0.3,64,2,0.3,False,0.001,32,75,0.0,0.1,10,5,0.5,True,42,13,13,4,0.6911367841742255,0.6930026849110921,0.001
dropout_rate,0.3,64,2,0.3,False,0.001,32,75,0.0,0.1,10,5,0.5,True,42,13,13,5,0.6870650323954496,0.6964242259661356,0.001
dropout_rate,0.3,64,2,0.3,False,0.001,32,75,0.0,0.1,10,5,0.5,True,42,13,13,6,0.6850127631967718,0.6903327226638794,0.001
dropout_rate,0.3,64,2,0.3,False,0.001,32,75,0.0,0.1,10,5,0.5,True,42,13,13,7,0.6807909084088875,0.6985275506973266,0.001
dropout_rate,0.3,64,2,0.3,False,0.001,32,75,0.0,0.1,10,5,0.5,True,42,13,13,8,0.6761187504638325,0.7071771701176961,0.001
dropout_rate,0.3,64,2,0.3,False,0.001,32,75,0.0,0.1,10,5,0.5,True,42,13,13,9,0.666411763790882,0.7141597429911296,0.001
dropout_rate,0.3,64,2,0.3,False,0.001,32,75,0.0,0.1,10,5,0.5,True,42,13,13,10,0.660746157169342,0.7086901704470316,0.001
dropout_rate,0.3,64,2,0.3,False,0.001,32,75,0.0,0.1,10,5,0.5,True,42,13,13,11,0.649050376857772,0.7084564566612244,0.001
dropout_rate,0.3,64,2,0.3,False,0.001,32,75,0.0,0.1,10,5,0.5,True,42,13,13,12,0.6366639308857195,0.7330350637435913,0.001
dropout_rate,0.3,64,2,0.3,False,0.001,32,75,0.0,0.1,10,5,0.5,True,42,13,13,13,0.6108918352560564,0.7510135610898335,0.001
dropout_rate,0.3,64,2,0.3,False,0.001,32,75,0.0,0.1,10,5,0.5,True,42,13,13,14,0.5932454044620196,0.7631144285202026,0.001
dropout_rate,0.3,64,2,0.3,False,0.001,32,75,0.0,0.1,10,5,0.5,True,42,13,13,15,0.5737523366556023,0.8336875597635905,0.001
dropout_rate,0.3,64,2,0.3,False,0.001,32,75,0.0,0.1,10,5,0.5,True,42,13,13,16,0.5612787961056738,0.85043705701828,0.001
dropout_rate,0.3,64,2,0.3,False,0.001,32,75,0.0,0.1,10,5,0.5,True,42,14,14,1,0.6938536420012965,0.694769024848938,0.001
dropout_rate,0.3,64,2,0.3,False,0.001,32,75,0.0,0.1,10,5,0.5,True,42,14,14,2,0.6922083655090043,0.6956927140553792,0.001
dropout_rate,0.3,64,2,0.3,False,0.001,32,75,0.0,0.1,10,5,0.5,True,42,14,14,3,0.6905563071821675,0.6902957717577617,0.001
dropout_rate,0.3,64,2,0.3,False,0.001,32,75,0.0,0.1,10,5,0.5,True,42,14,14,4,0.6905336551594011,0.6902075012524923,0.001
dropout_rate,0.3,64,2,0.3,False,0.001,32,75,0.0,0.1,10,5,0.5,True,42,14,14,5,0.687505593805602,0.688836395740509,0.001
dropout_rate,0.3,64,2,0.3,False,0.001,32,75,0.0,0.1,10,5,0.5,True,42,14,14,6,0.6838952271324216,0.6941267172495524,0.001
dropout_rate,0.3,64,2,0.3,False,0.001,32,75,0.0,0.1,10,5,0.5,True,42,14,14,7,0.6798758520321413,0.692725670337677,0.001
dropout_rate,0.3,64,2,0.3,False,0.001,32,75,0.0,0.1,10,5,0.5,True,42,14,14,8,0.6721884522474173,0.6990467468897502,0.001
dropout_rate,0.3,64,2,0.3,False,0.001,32,75,0.0,0.1,10,5,0.5,True,42,14,14,9,0.6654490783359065,0.698488696416219,0.001
dropout_rate,0.3,64,2,0.3,False,0.001,32,75,0.0,0.1,10,5,0.5,True,42,14,14,10,0.6577612987973473,0.7033686717351277,0.001
dropout_rate,0.3,64,2,0.3,False,0.001,32,75,0.0,0.1,10,5,0.5,True,42,14,14,11,0.6474336277354847,0.7131597916285197,0.001
dropout_rate,0.3,64,2,0.3,False,0.001,32,75,0.0,0.1,10,5,0.5,True,42,14,14,12,0.6241014225013328,0.7616663257280986,0.001
dropout_rate,0.3,64,2,0.3,False,0.001,32,75,0.0,0.1,10,5,0.5,True,42,14,14,13,0.6129874867020231,0.7447460333506266,0.001
dropout_rate,0.3,64,2,0.3,False,0.001,32,75,0.0,0.1,10,5,0.5,True,42,14,14,14,0.6032603441765814,0.7853333433469136,0.001
dropout_rate,0.3,64,2,0.3,False,0.001,32,75,0.0,0.1,10,5,0.5,True,42,14,14,15,0.5922689844261516,0.7840058207511902,0.001
dropout_rate,0.3,64,2,0.3,False,0.001,32,75,0.0,0.1,10,5,0.5,True,42,15,15,1,0.6938233276208242,0.6920013984044393,0.001
dropout_rate,0.3,64,2,0.3,False,0.001,32,75,0.0,0.1,10,5,0.5,True,42,15,15,2,0.6928108199076219,0.6919880390167237,0.001
dropout_rate,0.3,64,2,0.3,False,0.001,32,75,0.0,0.1,10,5,0.5,True,42,15,15,3,0.6911083780454866,0.6924574573834738,0.001
dropout_rate,0.3,64,2,0.3,False,0.001,32,75,0.0,0.1,10,5,0.5,True,42,15,15,4,0.688753346602122,0.6929220120112102,0.001
dropout_rate,0.3,64,2,0.3,False,0.001,32,75,0.0,0.1,10,5,0.5,True,42,15,15,5,0.6874990490349856,0.6944301128387451,0.001
dropout_rate,0.3,64,2,0.3,False,0.001,32,75,0.0,0.1,10,5,0.5,True,42,15,15,6,0.6818681833418933,0.7000941356023153,0.001
dropout_rate,0.3,64,2,0.3,False,0.001,32,75,0.0,0.1,10,5,0.5,True,42,15,15,7,0.6782383038239046,0.7140961766242981,0.001
dropout_rate,0.3,64,2,0.3,False,0.001,32,75,0.0,0.1,10,5,0.5,True,42,15,15,8,0.6692472298940023,0.7162837862968445,0.001
dropout_rate,0.3,64,2,0.3,False,0.001,32,75,0.0,0.1,10,5,0.5,True,42,15,15,9,0.660429525104436,0.72323659658432,0.001
dropout_rate,0.3,64,2,0.3,False,0.001,32,75,0.0,0.1,10,5,0.5,True,42,15,15,10,0.6534870628154639,0.7444182316462199,0.001
dropout_rate,0.3,64,2,0.3,False,0.001,32,75,0.0,0.1,10,5,0.5,True,42,15,15,11,0.6414969780228355,0.7466091235478719,0.001
dropout_rate,0.3,64,2,0.3,False,0.001,32,75,0.0,0.1,10,5,0.5,True,42,15,15,12,0.6401376699407896,0.751242729028066,0.001
dropout_rate,0.3,64,2,0.3,False,0.001,32,75,0.0,0.1,10,5,0.5,True,42,16,16,1,0.6946654536507346,0.693625803788503,0.001
dropout_rate,0.3,64,2,0.3,False,0.001,32,75,0.0,0.1,10,5,0.5,True,42,16,16,2,0.6928421096368269,0.6934785723686219,0.001
dropout_rate,0.3,64,2,0.3,False,0.001,32,75,0.0,0.1,10,5,0.5,True,42,16,16,3,0.6923388242721558,0.6929930647214254,0.001
dropout_rate,0.3,64,2,0.3,False,0.001,32,75,0.0,0.1,10,5,0.5,True,42,16,16,4,0.6897585694537018,0.6890356659889221,0.001
dropout_rate,0.3,64,2,0.3,False,0.001,32,75,0.0,0.1,10,5,0.5,True,42,16,16,5,0.6874706550981059,0.6907322645187378,0.001
dropout_rate,0.3,64,2,0.3,False,0.001,32,75,0.0,0.1,10,5,0.5,True,42,16,16,6,0.6832457862117074,0.6949103832244873,0.001
dropout_rate,0.3,64,2,0.3,False,0.001,32,75,0.0,0.1,10,5,0.5,True,42,16,16,7,0.6757804602384567,0.7080282171567281,0.001
dropout_rate,0.3,64,2,0.3,False,0.001,32,75,0.0,0.1,10,5,0.5,True,42,16,16,8,0.6695569004073287,0.7071051796277364,0.001
dropout_rate,0.3,64,2,0.3,False,0.001,32,75,0.0,0.1,10,5,0.5,True,42,16,16,9,0.6611981238379623,0.7138046145439148,0.001
dropout_rate,0.3,64,2,0.3,False,0.001,32,75,0.0,0.1,10,5,0.5,True,42,16,16,10,0.6677468820954814,0.7121125936508179,0.001
dropout_rate,0.3,64,2,0.3,False,0.001,32,75,0.0,0.1,10,5,0.5,True,42,16,16,11,0.6518147402640545,0.7314924240112305,0.001
dropout_rate,0.3,64,2,0.3,False,0.001,32,75,0.0,0.1,10,5,0.5,True,42,16,16,12,0.6406942601456787,0.7375702301661173,0.001
dropout_rate,0.3,64,2,0.3,False,0.001,32,75,0.0,0.1,10,5,0.5,True,42,16,16,13,0.6284008274475733,0.7671040654182434,0.001
dropout_rate,0.3,64,2,0.3,False,0.001,32,75,0.0,0.1,10,5,0.5,True,42,16,16,14,0.6173722619811693,0.7750862121582032,0.001
dropout_rate,0.3,64,2,0.3,False,0.001,32,75,0.0,0.1,10,5,0.5,True,42,17,17,1,0.6938354183327068,0.6928045550982157,0.001
dropout_rate,0.3,64,2,0.3,False,0.001,32,75,0.0,0.1,10,5,0.5,True,42,17,17,2,0.6924964943618486,0.6913775722185771,0.001
dropout_rate,0.3,64,2,0.3,False,0.001,32,75,0.0,0.1,10,5,0.5,True,42,17,17,3,0.6908831451878403,0.6905504822731018,0.001
dropout_rate,0.3,64,2,0.3,False,0.001,32,75,0.0,0.1,10,5,0.5,True,42,17,17,4,0.6897020195469712,0.6889883995056152,0.001
dropout_rate,0.3,64,2,0.3,False,0.001,32,75,0.0,0.1,10,5,0.5,True,42,17,17,5,0.6881258568980477,0.6912946065266927,0.001
dropout_rate,0.3,64,2,0.3,False,0.001,32,75,0.0,0.1,10,5,0.5,True,42,17,17,6,0.6852182700778499,0.6891181230545044,0.001
dropout_rate,0.3,64,2,0.3,False,0.001,32,75,0.0,0.1,10,5,0.5,True,42,17,17,7,0.680407696149566,0.6943413933118184,0.001
dropout_rate,0.3,64,2,0.3,False,0.001,32,75,0.0,0.1,10,5,0.5,True,42,17,17,8,0.6749278948162541,0.6990183631579081,0.001
dropout_rate,0.3,64,2,0.3,False,0.001,32,75,0.0,0.1,10,5,0.5,True,42,17,17,9,0.666218050050013,0.7109152674674988,0.001
dropout_rate,0.3,64,2,0.3,False,0.001,32,75,0.0,0.1,10,5,0.5,True,42,17,17,10,0.6550636819817803,0.7086043357849121,0.001
dropout_rate,0.3,64,2,0.3,False,0.001,32,75,0.0,0.1,10,5,0.5,True,42,17,17,11,0.6347258285139546,0.7232605218887329,0.001
dropout_rate,0.3,64,2,0.3,False,0.001,32,75,0.0,0.1,10,5,0.5,True,42,17,17,12,0.6231286620551889,0.73328884045283,0.001
dropout_rate,0.3,64,2,0.3,False,0.001,32,75,0.0,0.1,10,5,0.5,True,42,17,17,13,0.6121832258773573,0.7395652254422506,0.001
dropout_rate,0.3,64,2,0.3,False,0.001,32,75,0.0,0.1,10,5,0.5,True,42,17,17,14,0.5968008723222848,0.749036991596222,0.001
dropout_rate,0.3,64,2,0.3,False,0.001,32,75,0.0,0.1,10,5,0.5,True,42,18,18,1,0.6944117076469191,0.6933770100275676,0.001
dropout_rate,0.3,64,2,0.3,False,0.001,32,75,0.0,0.1,10,5,0.5,True,42,18,18,2,0.6922822761716265,0.692107089360555,0.001
dropout_rate,0.3,64,2,0.3,False,0.001,32,75,0.0,0.1,10,5,0.5,True,42,18,18,3,0.6916947662830353,0.6935958941777547,0.001
dropout_rate,0.3,64,2,0.3,False,0.001,32,75,0.0,0.1,10,5,0.5,True,42,18,18,4,0.690205639961994,0.691431172688802,0.001
dropout_rate,0.3,64,2,0.3,False,0.001,32,75,0.0,0.1,10,5,0.5,True,42,18,18,5,0.6872432936321605,0.7024066845575968,0.001
dropout_rate,0.3,64,2,0.3,False,0.001,32,75,0.0,0.1,10,5,0.5,True,42,18,18,6,0.6856332177465613,0.6889766176541646,0.001
dropout_rate,0.3,64,2,0.3,False,0.001,32,75,0.0,0.1,10,5,0.5,True,42,18,18,7,0.6803873790936037,0.7061922232309977,0.001
dropout_rate,0.3,64,2,0.3,False,0.001,32,75,0.0,0.1,10,5,0.5,True,42,18,18,8,0.6726140199285565,0.7141301115353902,0.001
dropout_rate,0.3,64,2,0.3,False,0.001,32,75,0.0,0.1,10,5,0.5,True,42,18,18,9,0.6654189093546434,0.7065617243448893,0.001
dropout_rate,0.3,64,2,0.3,False,0.001,32,75,0.0,0.1,10,5,0.5,True,42,18,18,10,0.6584093882278963,0.7291236480077108,0.001
dropout_rate,0.3,64,2,0.3,False,0.001,32,75,0.0,0.1,10,5,0.5,True,42,18,18,11,0.648367086594755,0.7231916069984436,0.001
dropout_rate,0.3,64,2,0.3,False,0.001,32,75,0.0,0.1,10,5,0.5,True,42,18,18,12,0.6347161025711985,0.7606465975443523,0.001
dropout_rate,0.3,64,2,0.3,False,0.001,32,75,0.0,0.1,10,5,0.5,True,42,18,18,13,0.6081087056434515,0.7847012996673584,0.001
dropout_rate,0.3,64,2,0.3,False,0.001,32,75,0.0,0.1,10,5,0.5,True,42,18,18,14,0.5987607457421043,0.8047715187072754,0.001
dropout_rate,0.3,64,2,0.3,False,0.001,32,75,0.0,0.1,10,5,0.5,True,42,18,18,15,0.5848463958863056,0.8220872759819031,0.001
dropout_rate,0.3,64,2,0.3,False,0.001,32,75,0.0,0.1,10,5,0.5,True,42,18,18,16,0.5727600258859721,0.8540169437726338,0.001
dropout_rate,0.3,64,2,0.3,False,0.001,32,75,0.0,0.1,10,5,0.5,True,42,19,19,1,0.6935438265403112,0.6925722678502401,0.001
dropout_rate,0.3,64,2,0.3,False,0.001,32,75,0.0,0.1,10,5,0.5,True,42,19,19,2,0.6926495938590078,0.6916030844052633,0.001
dropout_rate,0.3,64,2,0.3,False,0.001,32,75,0.0,0.1,10,5,0.5,True,42,19,19,3,0.69102532935865,0.6958702286084493,0.001
dropout_rate,0.3,64,2,0.3,False,0.001,32,75,0.0,0.1,10,5,0.5,True,42,19,19,4,0.6895158101211895,0.6961933294932048,0.001
dropout_rate,0.3,64,2,0.3,False,0.001,32,75,0.0,0.1,10,5,0.5,True,42,19,19,5,0.6883802264928818,0.6975319107373555,0.001
dropout_rate,0.3,64,2,0.3,False,0.001,32,75,0.0,0.1,10,5,0.5,True,42,19,19,6,0.6851354981913711,0.7059447765350342,0.001
dropout_rate,0.3,64,2,0.3,False,0.001,32,75,0.0,0.1,10,5,0.5,True,42,19,19,7,0.6837094548073682,0.7076239188512167,0.001
dropout_rate,0.3,64,2,0.3,False,0.001,32,75,0.0,0.1,10,5,0.5,True,42,19,19,8,0.6750567866997286,0.7082905213038126,0.001
dropout_rate,0.3,64,2,0.3,False,0.001,32,75,0.0,0.1,10,5,0.5,True,42,19,19,9,0.6610310596950126,0.7423828721046448,0.001
dropout_rate,0.3,64,2,0.3,False,0.001,32,75,0.0,0.1,10,5,0.5,True,42,19,19,10,0.6548834546948924,0.7441905458768209,0.001
dropout_rate,0.3,64,2,0.3,False,0.001,32,75,0.0,0.1,10,5,0.5,True,42,19,19,11,0.6492240343129996,0.7521865010261536,0.001
dropout_rate,0.3,64,2,0.3,False,0.001,32,75,0.0,0.1,10,5,0.5,True,42,19,19,12,0.6392018366040606,0.7651315331459045,0.001
dropout_rate,0.3,64,2,0.3,False,0.001,32,75,0.0,0.1,10,5,0.5,True,42,20,20,1,0.694405116818168,0.695303217569987,0.001
dropout_rate,0.3,64,2,0.3,False,0.001,32,75,0.0,0.1,10,5,0.5,True,42,20,20,2,0.6920489054737669,0.6940303007761638,0.001
dropout_rate,0.3,64,2,0.3,False,0.001,32,75,0.0,0.1,10,5,0.5,True,42,20,20,3,0.691194828712579,0.6968867381413778,0.001
dropout_rate,0.3,64,2,0.3,False,0.001,32,75,0.0,0.1,10,5,0.5,True,42,20,20,4,0.6894193269086607,0.6953648567199707,0.001
dropout_rate,0.3,64,2,0.3,False,0.001,32,75,0.0,0.1,10,5,0.5,True,42,20,20,5,0.6868585632605986,0.6952759106953939,0.001
dropout_rate,0.3,64,2,0.3,False,0.001,32,75,0.0,0.1,10,5,0.5,True,42,20,20,6,0.6817066552061023,0.6989964524904887,0.001
dropout_rate,0.3,64,2,0.3,False,0.001,32,75,0.0,0.1,10,5,0.5,True,42,20,20,7,0.6799848206115492,0.6982330997784932,0.001
dropout_rate,0.3,64,2,0.3,False,0.001,32,75,0.0,0.1,10,5,0.5,True,42,20,20,8,0.6736470045465411,0.7173188050587972,0.001
dropout_rate,0.3,64,2,0.3,False,0.001,32,75,0.0,0.1,10,5,0.5,True,42,20,20,9,0.6583740228053295,0.7224086046218872,0.001
dropout_rate,0.3,64,2,0.3,False,0.001,32,75,0.0,0.1,10,5,0.5,True,42,20,20,10,0.6505527911764203,0.7312053362528483,0.001
dropout_rate,0.3,64,2,0.3,False,0.001,32,75,0.0,0.1,10,5,0.5,True,42,20,20,11,0.6434793467774536,0.7455003261566162,0.001
dropout_rate,0.3,64,2,0.3,False,0.001,32,75,0.0,0.1,10,5,0.5,True,42,20,20,12,0.6306807927109979,0.7486723701159159,0.001
dropout_rate,0.3,64,2,0.3,False,0.001,32,75,0.0,0.1,10,5,0.5,True,42,21,21,1,0.6937763198758616,0.6936055620511373,0.001
dropout_rate,0.3,64,2,0.3,False,0.001,32,75,0.0,0.1,10,5,0.5,True,42,21,21,2,0.6925166095748092,0.694983430703481,0.001
dropout_rate,0.3,64,2,0.3,False,0.001,32,75,0.0,0.1,10,5,0.5,True,42,21,21,3,0.6907443774468971,0.6955953399340312,0.001
dropout_rate,0.3,64,2,0.3,False,0.001,32,75,0.0,0.1,10,5,0.5,True,42,21,21,4,0.6883120301998022,0.69785049756368,0.001
dropout_rate,0.3,64,2,0.3,False,0.001,32,75,0.0,0.1,10,5,0.5,True,42,21,21,5,0.6860281400608294,0.7004398902257284,0.001
dropout_rate,0.3,64,2,0.3,False,0.001,32,75,0.0,0.1,10,5,0.5,True,42,21,21,6,0.6849331214572444,0.7003171284993489,0.001
dropout_rate,0.3,64,2,0.3,False,0.001,32,75,0.0,0.1,10,5,0.5,True,42,21,21,7,0.6779884059320797,0.7059583743413289,0.001
dropout_rate,0.3,64,2,0.3,False,0.001,32,75,0.0,0.1,10,5,0.5,True,42,21,21,8,0.6670375854680033,0.7164350231488545,0.001
dropout_rate,0.3,64,2,0.3,False,0.001,32,75,0.0,0.1,10,5,0.5,True,42,21,21,9,0.6594752637725888,0.717894172668457,0.001
dropout_rate,0.3,64,2,0.3,False,0.001,32,75,0.0,0.1,10,5,0.5,True,42,21,21,10,0.6524214229800485,0.7266758799552917,0.001
dropout_rate,0.3,64,2,0.3,False,0.001,32,75,0.0,0.1,10,5,0.5,True,42,21,21,11,0.6474081602963534,0.723033610979716,0.001
dropout_rate,0.3,64,2,0.3,False,0.001,32,75,0.0,0.1,10,5,0.5,True,42,22,22,1,0.6942275067170461,0.6932302951812744,0.001
dropout_rate,0.3,64,2,0.3,False,0.001,32,75,0.0,0.1,10,5,0.5,True,42,22,22,2,0.6921202066269788,0.6929504195849101,0.001
dropout_rate,0.3,64,2,0.3,False,0.001,32,75,0.0,0.1,10,5,0.5,True,42,22,22,3,0.6916334159446486,0.6920699795087178,0.001
dropout_rate,0.3,64,2,0.3,False,0.001,32,75,0.0,0.1,10,5,0.5,True,42,22,22,4,0.6894782158461484,0.690485946337382,0.001
dropout_rate,0.3,64,2,0.3,False,0.001,32,75,0.0,0.1,10,5,0.5,True,42,22,22,5,0.6878591306281813,0.6895889242490133,0.001
dropout_rate,0.3,64,2,0.3,False,0.001,32,75,0.0,0.1,10,5,0.5,True,42,22,22,6,0.6837192222927556,0.6976282874743144,0.001
dropout_rate,0.3,64,2,0.3,False,0.001,32,75,0.0,0.1,10,5,0.5,True,42,22,22,7,0.6768207170746543,0.7075902342796325,0.001
dropout_rate,0.3,64,2,0.3,False,0.001,32,75,0.0,0.1,10,5,0.5,True,42,22,22,8,0.6720171304363193,0.709658412138621,0.001
dropout_rate,0.3,64,2,0.3,False,0.001,32,75,0.0,0.1,10,5,0.5,True,42,22,22,9,0.6635721172347213,0.7090227484703064,0.001
dropout_rate,0.3,64,2,0.3,False,0.001,32,75,0.0,0.1,10,5,0.5,True,42,22,22,10,0.6562403124390226,0.7210854252179464,0.001
dropout_rate,0.3,64,2,0.3,False,0.001,32,75,0.0,0.1,10,5,0.5,True,42,22,22,11,0.643607756856716,0.7454160133997599,0.001
dropout_rate,0.3,64,2,0.3,False,0.001,32,75,0.0,0.1,10,5,0.5,True,42,22,22,12,0.627321881100987,0.7550195296605428,0.001
dropout_rate,0.3,64,2,0.3,False,0.001,32,75,0.0,0.1,10,5,0.5,True,42,22,22,13,0.6123596122770598,0.7568583289782206,0.001
dropout_rate,0.3,64,2,0.3,False,0.001,32,75,0.0,0.1,10,5,0.5,True,42,22,22,14,0.5984484842329314,0.8075014670689901,0.001
dropout_rate,0.3,64,2,0.3,False,0.001,32,75,0.0,0.1,10,5,0.5,True,42,22,22,15,0.5915145257657225,0.8145414590835571,0.001
dropout_rate,0.3,64,2,0.3,False,0.001,32,75,0.0,0.1,10,5,0.5,True,42,23,23,1,0.6937529376961968,0.6930240472157796,0.001
dropout_rate,0.3,64,2,0.3,False,0.001,32,75,0.0,0.1,10,5,0.5,True,42,23,23,2,0.6924907763799032,0.6921742558479309,0.001
dropout_rate,0.3,64,2,0.3,False,0.001,32,75,0.0,0.1,10,5,0.5,True,42,23,23,3,0.6908314751856255,0.6912385741869609,0.001
dropout_rate,0.3,64,2,0.3,False,0.001,32,75,0.0,0.1,10,5,0.5,True,42,23,23,4,0.6898923258889805,0.6919068813323974,0.001
dropout_rate,0.3,64,2,0.3,False,0.001,32,75,0.0,0.1,10,5,0.5,True,42,23,23,5,0.6854368994633356,0.6930974404017131,0.001
dropout_rate,0.3,64,2,0.3,False,0.001,32,75,0.0,0.1,10,5,0.5,True,42,23,23,6,0.6815420371113401,0.7035395900408427,0.001
dropout_rate,0.3,64,2,0.3,False,0.001,32,75,0.0,0.1,10,5,0.5,True,42,23,23,7,0.6774183042121656,0.7011638840039571,0.001
dropout_rate,0.3,64,2,0.3,False,0.001,32,75,0.0,0.1,10,5,0.5,True,42,23,23,8,0.668942001732913,0.7076965729395549,0.001
dropout_rate,0.3,64,2,0.3,False,0.001,32,75,0.0,0.1,10,5,0.5,True,42,23,23,9,0.6601781673503645,0.7153019189834595,0.001
dropout_rate,0.3,64,2,0.3,False,0.001,32,75,0.0,0.1,10,5,0.5,True,42,23,23,10,0.6431317487449357,0.7147651831309001,0.001
dropout_rate,0.3,64,2,0.3,False,0.001,32,75,0.0,0.1,10,5,0.5,True,42,23,23,11,0.6323625054774862,0.7385392387708029,0.001
dropout_rate,0.3,64,2,0.3,False,0.001,32,75,0.0,0.1,10,5,0.5,True,42,23,23,12,0.6181636114012111,0.7566883643468221,0.001
dropout_rate,0.3,64,2,0.3,False,0.001,32,75,0.0,0.1,10,5,0.5,True,42,23,23,13,0.6120258343942238,0.7469700932502746,0.001
dropout_rate,0.3,64,2,0.3,False,0.001,32,75,0.0,0.1,10,5,0.5,True,42,24,24,1,0.6941281781160742,0.6917931199073791,0.001
dropout_rate,0.3,64,2,0.3,False,0.001,32,75,0.0,0.1,10,5,0.5,True,42,24,24,2,0.693454601262745,0.691822099685669,0.001
dropout_rate,0.3,64,2,0.3,False,0.001,32,75,0.0,0.1,10,5,0.5,True,42,24,24,3,0.692233315535954,0.6912916898727417,0.001
dropout_rate,0.3,64,2,0.3,False,0.001,32,75,0.0,0.1,10,5,0.5,True,42,24,24,4,0.690559666855891,0.6910535136858622,0.001
dropout_rate,0.3,64,2,0.3,False,0.001,32,75,0.0,0.1,10,5,0.5,True,42,24,24,5,0.6891905961180091,0.690529751777649,0.001
dropout_rate,0.3,64,2,0.3,False,0.001,32,75,0.0,0.1,10,5,0.5,True,42,24,24,6,0.6852298154866785,0.7042247533798218,0.001
dropout_rate,0.3,64,2,0.3,False,0.001,32,75,0.0,0.1,10,5,0.5,True,42,24,24,7,0.6776497830125622,0.7048200885454814,0.001
dropout_rate,0.3,64,2,0.3,False,0.001,32,75,0.0,0.1,10,5,0.5,True,42,24,24,8,0.668963869263355,0.7145686984062195,0.001
dropout_rate,0.3,64,2,0.3,False,0.001,32,75,0.0,0.1,10,5,0.5,True,42,24,24,9,0.6639875433498755,0.7116084297498068,0.001
dropout_rate,0.3,64,2,0.3,False,0.001,32,75,0.0,0.1,10,5,0.5,True,42,24,24,10,0.6522533656062937,0.7322724421819051,0.001
dropout_rate,0.3,64,2,0.3,False,0.001,32,75,0.0,0.1,10,5,0.5,True,42,24,24,11,0.6407744947232699,0.7393127322196961,0.001
dropout_rate,0.3,64,2,0.3,False,0.001,32,75,0.0,0.1,10,5,0.5,True,42,24,24,12,0.6198579052785286,0.7558135032653809,0.001
dropout_rate,0.3,64,2,0.3,False,0.001,32,75,0.0,0.1,10,5,0.5,True,42,24,24,13,0.6008752931777696,0.8041247884432475,0.001
dropout_rate,0.3,64,2,0.3,False,0.001,32,75,0.0,0.1,10,5,0.5,True,42,24,24,14,0.5871967464909518,0.7966971278190613,0.001
dropout_rate,0.3,64,2,0.3,False,0.001,32,75,0.0,0.1,10,5,0.5,True,42,24,24,15,0.5746153095611056,0.8828002333641052,0.001
dropout_rate,0.3,64,2,0.3,False,0.001,32,75,0.0,0.1,10,5,0.5,True,42,25,25,1,0.6941057244936625,0.6946897546450297,0.001
dropout_rate,0.3,64,2,0.3,False,0.001,32,75,0.0,0.1,10,5,0.5,True,42,25,25,2,0.6929671118656794,0.6934576948483785,0.001
dropout_rate,0.3,64,2,0.3,False,0.001,32,75,0.0,0.1,10,5,0.5,True,42,25,25,3,0.6918467992182934,0.6934199094772339,0.001
dropout_rate,0.3,64,2,0.3,False,0.001,32,75,0.0,0.1,10,5,0.5,True,42,25,25,4,0.6911289154580145,0.6942850788434346,0.001
dropout_rate,0.3,64,2,0.3,False,0.001,32,75,0.0,0.1,10,5,0.5,True,42,25,25,5,0.6889451484788548,0.6924746632575989,0.001
dropout_rate,0.3,64,2,0.3,False,0.001,32,75,0.0,0.1,10,5,0.5,True,42,25,25,6,0.6861973603566488,0.6926504731178283,0.001
dropout_rate,0.3,64,2,0.3,False,0.001,32,75,0.0,0.1,10,5,0.5,True,42,25,25,7,0.682142922372529,0.6908611615498861,0.001
dropout_rate,0.3,64,2,0.3,False,0.001,32,75,0.0,0.1,10,5,0.5,True,42,25,25,8,0.6736967509443109,0.71535884141922,0.001
dropout_rate,0.3,64,2,0.3,False,0.001,32,75,0.0,0.1,10,5,0.5,True,42,25,25,9,0.6682152626189318,0.7134178797403972,0.001
dropout_rate,0.3,64,2,0.3,False,0.001,32,75,0.0,0.1,10,5,0.5,True,42,25,25,10,0.6557254628701643,0.7175205985705058,0.001
dropout_rate,0.3,64,2,0.3,False,0.001,32,75,0.0,0.1,10,5,0.5,True,42,25,25,11,0.6479573534293608,0.7157032092412313,0.001
dropout_rate,0.3,64,2,0.3,False,0.001,32,75,0.0,0.1,10,5,0.5,True,42,25,25,12,0.6346677440133962,0.7137150923411052,0.001
dropout_rate,0.3,64,2,0.3,False,0.001,32,75,0.0,0.1,10,5,0.5,True,42,25,25,13,0.6185595953103268,0.737375807762146,0.001
dropout_rate,0.3,64,2,0.3,False,0.001,32,75,0.0,0.1,10,5,0.5,True,42,25,25,14,0.5918583842841062,0.792474635442098,0.001
dropout_rate,0.3,64,2,0.3,False,0.001,32,75,0.0,0.1,10,5,0.5,True,42,25,25,15,0.5748317639032999,0.8148693680763245,0.001
dropout_rate,0.3,64,2,0.3,False,0.001,32,75,0.0,0.1,10,5,0.5,True,42,25,25,16,0.5566222469011942,0.8415059407552083,0.001
dropout_rate,0.3,64,2,0.3,False,0.001,32,75,0.0,0.1,10,5,0.5,True,42,25,25,17,0.5403811358141176,0.9210652430852254,0.001
dropout_rate,0.3,64,2,0.3,False,0.001,32,75,0.0,0.1,10,5,0.5,True,42,26,26,1,0.693641796708107,0.6937491337458292,0.001
dropout_rate,0.3,64,2,0.3,False,0.001,32,75,0.0,0.1,10,5,0.5,True,42,26,26,2,0.6930871971628882,0.6932077209154764,0.001
dropout_rate,0.3,64,2,0.3,False,0.001,32,75,0.0,0.1,10,5,0.5,True,42,26,26,3,0.6922209696336226,0.6917876084645589,0.001
dropout_rate,0.3,64,2,0.3,False,0.001,32,75,0.0,0.1,10,5,0.5,True,42,26,26,4,0.6905171302231875,0.6920942544937134,0.001
dropout_rate,0.3,64,2,0.3,False,0.001,32,75,0.0,0.1,10,5,0.5,True,42,26,26,5,0.6886753421841245,0.6940794269243876,0.001
dropout_rate,0.3,64,2,0.3,False,0.001,32,75,0.0,0.1,10,5,0.5,True,42,26,26,6,0.6851001327688043,0.6978980660438537,0.001
dropout_rate,0.3,64,2,0.3,False,0.001,32,75,0.0,0.1,10,5,0.5,True,42,26,26,7,0.6793952769402302,0.7002002040545146,0.001
dropout_rate,0.3,64,2,0.3,False,0.001,32,75,0.0,0.1,10,5,0.5,True,42,26,26,8,0.6738928538380247,0.7070793787638346,0.001
dropout_rate,0.3,64,2,0.3,False,0.001,32,75,0.0,0.1,10,5,0.5,True,42,26,26,9,0.6683429271885843,0.7154115478197733,0.001
dropout_rate,0.3,64,2,0.3,False,0.001,32,75,0.0,0.1,10,5,0.5,True,42,26,26,10,0.6492453140742851,0.7343894759813945,0.001
dropout_rate,0.3,64,2,0.3,False,0.001,32,75,0.0,0.1,10,5,0.5,True,42,26,26,11,0.6394407509854345,0.7481159289677938,0.001
dropout_rate,0.3,64,2,0.3,False,0.001,32,75,0.0,0.1,10,5,0.5,True,42,26,26,12,0.6311702583775376,0.7524319410324096,0.001
dropout_rate,0.3,64,2,0.3,False,0.001,32,75,0.0,0.1,10,5,0.5,True,42,26,26,13,0.6223464854287378,0.7810540040334065,0.001
dropout_rate,0.3,64,2,0.3,False,0.001,32,75,0.0,0.1,10,5,0.5,True,42,27,27,1,0.6940478696064516,0.6929323156674703,0.001
dropout_rate,0.3,64,2,0.3,False,0.001,32,75,0.0,0.1,10,5,0.5,True,42,27,27,2,0.6926331420739492,0.6937685966491699,0.001
dropout_rate,0.3,64,2,0.3,False,0.001,32,75,0.0,0.1,10,5,0.5,True,42,27,27,3,0.6916803758252751,0.6934917728106181,0.001
dropout_rate,0.3,64,2,0.3,False,0.001,32,75,0.0,0.1,10,5,0.5,True,42,27,27,4,0.6893908756248879,0.6970284144083659,0.001
dropout_rate,0.3,64,2,0.3,False,0.001,32,75,0.0,0.1,10,5,0.5,True,42,27,27,5,0.6865586787462234,0.6988150159517924,0.001
dropout_rate,0.3,64,2,0.3,False,0.001,32,75,0.0,0.1,10,5,0.5,True,42,27,27,6,0.6826616083130692,0.7080100099245707,0.001
dropout_rate,0.3,64,2,0.3,False,0.001,32,75,0.0,0.1,10,5,0.5,True,42,27,27,7,0.6770635066610394,0.7223266919453939,0.001
dropout_rate,0.3,64,2,0.3,False,0.001,32,75,0.0,0.1,10,5,0.5,True,42,27,27,8,0.6647078598087485,0.7314115007718404,0.001
dropout_rate,0.3,64,2,0.3,False,0.001,32,75,0.0,0.1,10,5,0.5,True,42,27,27,9,0.657101671352531,0.7491354823112488,0.001
dropout_rate,0.3,64,2,0.3,False,0.001,32,75,0.0,0.1,10,5,0.5,True,42,27,27,10,0.6480587422847748,0.7702527284622193,0.001
dropout_rate,0.3,64,2,0.3,False,0.001,32,75,0.0,0.1,10,5,0.5,True,42,27,27,11,0.640415347886808,0.7678633292516073,0.001
dropout_rate,0.3,64,2,0.3,False,0.001,32,75,0.0,0.1,10,5,0.5,True,42,28,28,1,0.6932374690518235,0.6922834237416585,0.001
dropout_rate,0.3,64,2,0.3,False,0.001,32,75,0.0,0.1,10,5,0.5,True,42,28,28,2,0.6927163664138678,0.6916646758715311,0.001
dropout_rate,0.3,64,2,0.3,False,0.001,32,75,0.0,0.1,10,5,0.5,True,42,28,28,3,0.6903450385187612,0.6922391692797343,0.001
dropout_rate,0.3,64,2,0.3,False,0.001,32,75,0.0,0.1,10,5,0.5,True,42,28,28,4,0.6890279352664948,0.6903739889462789,0.001
dropout_rate,0.3,64,2,0.3,False,0.001,32,75,0.0,0.1,10,5,0.5,True,42,28,28,5,0.6868866397575899,0.6903764168421428,0.001
dropout_rate,0.3,64,2,0.3,False,0.001,32,75,0.0,0.1,10,5,0.5,True,42,28,28,6,0.6816249792322968,0.6955490549405415,0.001
dropout_rate,0.3,64,2,0.3,False,0.001,32,75,0.0,0.1,10,5,0.5,True,42,28,28,7,0.6763923421050563,0.6947943369547526,0.001
dropout_rate,0.3,64,2,0.3,False,0.001,32,75,0.0,0.1,10,5,0.5,True,42,28,28,8,0.6690343690640999,0.6975315809249878,0.001
dropout_rate,0.3,64,2,0.3,False,0.001,32,75,0.0,0.1,10,5,0.5,True,42,28,28,9,0.6648463083036018,0.7165382027626037,0.001
dropout_rate,0.3,64,2,0.3,False,0.001,32,75,0.0,0.1,10,5,0.5,True,42,28,28,10,0.6529403148275433,0.7280846953392028,0.001
dropout_rate,0.3,64,2,0.3,False,0.001,32,75,0.0,0.1,10,5,0.5,True,42,28,28,11,0.6374825103716417,0.7340159177780151,0.001
dropout_rate,0.3,64,2,0.3,False,0.001,32,75,0.0,0.1,10,5,0.5,True,42,28,28,12,0.6272098191759803,0.7582814494768778,0.001
dropout_rate,0.3,64,2,0.3,False,0.001,32,75,0.0,0.1,10,5,0.5,True,42,28,28,13,0.6149787692861124,0.7723101576169332,0.001
dropout_rate,0.3,64,2,0.3,False,0.001,32,75,0.0,0.1,10,5,0.5,True,42,28,28,14,0.6076810969547792,0.7974114497502645,0.001
dropout_rate,0.3,64,2,0.3,False,0.001,32,75,0.0,0.1,10,5,0.5,True,42,29,29,1,0.6945084161830671,0.6923191467920939,0.001
dropout_rate,0.3,64,2,0.3,False,0.001,32,75,0.0,0.1,10,5,0.5,True,42,29,29,2,0.692623417485844,0.6926523764928182,0.001
dropout_rate,0.3,64,2,0.3,False,0.001,32,75,0.0,0.1,10,5,0.5,True,42,29,29,3,0.6902200683499827,0.6940170963605244,0.001
dropout_rate,0.3,64,2,0.3,False,0.001,32,75,0.0,0.1,10,5,0.5,True,42,29,29,4,0.6883998621593822,0.6977436463038127,0.001
dropout_rate,0.3,64,2,0.3,False,0.001,32,75,0.0,0.1,10,5,0.5,True,42,29,29,5,0.685088313890226,0.6989359378814697,0.001
dropout_rate,0.3,64,2,0.3,False,0.001,32,75,0.0,0.1,10,5,0.5,True,42,29,29,6,0.6827716687411973,0.7032920718193054,0.001
dropout_rate,0.3,64,2,0.3,False,0.001,32,75,0.0,0.1,10,5,0.5,True,42,29,29,7,0.676701134352973,0.7063015619913737,0.001
dropout_rate,0.3,64,2,0.3,False,0.001,32,75,0.0,0.1,10,5,0.5,True,42,29,29,8,0.6647400196754571,0.7142808516820272,0.001
dropout_rate,0.3,64,2,0.3,False,0.001,32,75,0.0,0.1,10,5,0.5,True,42,29,29,9,0.6586750948970969,0.721821928024292,0.001
dropout_rate,0.3,64,2,0.3,False,0.001,32,75,0.0,0.1,10,5,0.5,True,42,29,29,10,0.6527067562847426,0.7455681443214417,0.001
dropout_rate,0.3,64,2,0.3,False,0.001,32,75,0.0,0.1,10,5,0.5,True,42,29,29,11,0.6447230080763499,0.7446309129397074,0.001
dropout_rate,0.3,64,2,0.3,False,0.001,32,75,0.0,0.1,10,5,0.5,True,42,30,30,1,0.693746294036056,0.6936191995938619,0.001
dropout_rate,0.3,64,2,0.3,False,0.001,32,75,0.0,0.1,10,5,0.5,True,42,30,30,2,0.6922925624883536,0.6920601884524028,0.001
dropout_rate,0.3,64,2,0.3,False,0.001,32,75,0.0,0.1,10,5,0.5,True,42,30,30,3,0.6903152912855148,0.6972121477127076,0.001
dropout_rate,0.3,64,2,0.3,False,0.001,32,75,0.0,0.1,10,5,0.5,True,42,30,30,4,0.6881899472438928,0.69764164686203,0.001
dropout_rate,0.3,64,2,0.3,False,0.001,32,75,0.0,0.1,10,5,0.5,True,42,30,30,5,0.6825214972098669,0.6969008843104044,0.001
dropout_rate,0.3,64,2,0.3,False,0.001,32,75,0.0,0.1,10,5,0.5,True,42,30,30,6,0.6779658211903139,0.7199160973230998,0.001
dropout_rate,0.3,64,2,0.3,False,0.001,32,75,0.0,0.1,10,5,0.5,True,42,30,30,7,0.671128663149747,0.7154250661532084,0.001
dropout_rate,0.3,64,2,0.3,False,0.001,32,75,0.0,0.1,10,5,0.5,True,42,30,30,8,0.6637161143801429,0.7191846529642741,0.001
dropout_rate,0.3,64,2,0.3,False,0.001,32,75,0.0,0.1,10,5,0.5,True,42,30,30,9,0.6491251777518879,0.7317983150482178,0.001
dropout_rate,0.3,64,2,0.3,False,0.001,32,75,0.0,0.1,10,5,0.5,True,42,30,30,10,0.6377683394786083,0.7444050908088684,0.001
dropout_rate,0.3,64,2,0.3,False,0.001,32,75,0.0,0.1,10,5,0.5,True,42,30,30,11,0.6296688198591723,0.7829770604769389,0.001
dropout_rate,0.3,64,2,0.3,False,0.001,32,75,0.0,0.1,10,5,0.5,True,42,30,30,12,0.6208195729237614,0.7845661004384359,0.001
dropout_rate,0.3,64,2,0.3,False,0.001,32,75,0.0,0.1,10,5,0.5,True,42,31,31,1,0.6947943423733567,0.6937235434850056,0.001
dropout_rate,0.3,64,2,0.3,False,0.001,32,75,0.0,0.1,10,5,0.5,True,42,31,31,2,0.6929195708397663,0.6934856255849202,0.001
dropout_rate,0.3,64,2,0.3,False,0.001,32,75,0.0,0.1,10,5,0.5,True,42,31,31,3,0.6911863355022488,0.6924555857976278,0.001
dropout_rate,0.3,64,2,0.3,False,0.001,32,75,0.0,0.1,10,5,0.5,True,42,31,31,4,0.6905945020191597,0.6905773401260376,0.001
dropout_rate,0.3,64,2,0.3,False,0.001,32,75,0.0,0.1,10,5,0.5,True,42,31,31,5,0.6867216703566638,0.6916137576103211,0.001
dropout_rate,0.3,64,2,0.3,False,0.001,32,75,0.0,0.1,10,5,0.5,True,42,31,31,6,0.6841123099579955,0.6928487539291381,0.001
dropout_rate,0.3,64,2,0.3,False,0.001,32,75,0.0,0.1,10,5,0.5,True,42,31,31,7,0.6797414512345286,0.7122997045516968,0.001
dropout_rate,0.3,64,2,0.3,False,0.001,32,75,0.0,0.1,10,5,0.5,True,42,31,31,8,0.6737199926918204,0.703234338760376,0.001
dropout_rate,0.3,64,2,0.3,False,0.001,32,75,0.0,0.1,10,5,0.5,True,42,31,31,9,0.6681310493837703,0.7272900740305582,0.001
dropout_rate,0.3,64,2,0.3,False,0.001,32,75,0.0,0.1,10,5,0.5,True,42,31,31,10,0.6528173188368479,0.7334628383318583,0.001
dropout_rate,0.3,64,2,0.3,False,0.001,32,75,0.0,0.1,10,5,0.5,True,42,31,31,11,0.6411909027533098,0.7606609225273132,0.001
dropout_rate,0.3,64,2,0.3,False,0.001,32,75,0.0,0.1,10,5,0.5,True,42,31,31,12,0.6252200287399869,0.7636318922042846,0.001
dropout_rate,0.3,64,2,0.3,False,0.001,32,75,0.0,0.1,10,5,0.5,True,42,31,31,13,0.6154650874210127,0.8019266128540039,0.001
dropout_rate,0.3,64,2,0.3,False,0.001,32,75,0.0,0.1,10,5,0.5,True,42,31,31,14,0.60504280843518,0.7943111896514893,0.001
dropout_rate,0.3,64,2,0.3,False,0.001,32,75,0.0,0.1,10,5,0.5,True,42,32,32,1,0.6937053555792029,0.694474196434021,0.001
dropout_rate,0.3,64,2,0.3,False,0.001,32,75,0.0,0.1,10,5,0.5,True,42,32,32,2,0.6933645461544846,0.6931035916010538,0.001
dropout_rate,0.3,64,2,0.3,False,0.001,32,75,0.0,0.1,10,5,0.5,True,42,32,32,3,0.6927166852084073,0.6917948802312215,0.001
dropout_rate,0.3,64,2,0.3,False,0.001,32,75,0.0,0.1,10,5,0.5,True,42,32,32,4,0.6905570242441061,0.6959644714991252,0.001
dropout_rate,0.3,64,2,0.3,False,0.001,32,75,0.0,0.1,10,5,0.5,True,42,32,32,5,0.6888315122235905,0.6924242575963339,0.001
dropout_rate,0.3,64,2,0.3,False,0.001,32,75,0.0,0.1,10,5,0.5,True,42,32,32,6,0.6854607349995411,0.6907276391983033,0.001
dropout_rate,0.3,64,2,0.3,False,0.001,32,75,0.0,0.1,10,5,0.5,True,42,32,32,7,0.6817540490266049,0.7092650492986043,0.001
dropout_rate,0.3,64,2,0.3,False,0.001,32,75,0.0,0.1,10,5,0.5,True,42,32,32,8,0.6788203982692776,0.7040807843208313,0.001
dropout_rate,0.3,64,2,0.3,False,0.001,32,75,0.0,0.1,10,5,0.5,True,42,32,32,9,0.6720679858417222,0.733590284983317,0.001
dropout_rate,0.3,64,2,0.3,False,0.001,32,75,0.0,0.1,10,5,0.5,True,42,32,32,10,0.6638544138633844,0.7226627747217814,0.001
dropout_rate,0.3,64,2,0.3,False,0.001,32,75,0.0,0.1,10,5,0.5,True,42,32,32,11,0.6509274668765791,0.74932302236557,0.001
dropout_rate,0.3,64,2,0.3,False,0.001,32,75,0.0,0.1,10,5,0.5,True,42,32,32,12,0.6375602172179655,0.8313432812690735,0.001
dropout_rate,0.3,64,2,0.3,False,0.001,32,75,0.0,0.1,10,5,0.5,True,42,32,32,13,0.6142570055795439,0.7935959021250407,0.001
dropout_rate,0.3,64,2,0.3,False,0.001,32,75,0.0,0.1,10,5,0.5,True,42,32,32,14,0.5970037033160528,0.8664844632148743,0.001
dropout_rate,0.3,64,2,0.3,False,0.001,32,75,0.0,0.1,10,5,0.5,True,42,32,32,15,0.5809326110915705,0.9093898336092631,0.001
dropout_rate,0.3,64,2,0.3,False,0.001,32,75,0.0,0.1,10,5,0.5,True,42,32,32,16,0.570664023811167,0.9061815102895101,0.001
dropout_rate,0.3,64,2,0.3,False,0.001,32,75,0.0,0.1,10,5,0.5,True,42,33,33,1,0.6938553682782433,0.6921987215677897,0.001
dropout_rate,0.3,64,2,0.3,False,0.001,32,75,0.0,0.1,10,5,0.5,True,42,33,33,2,0.6925820351550074,0.6911601781845093,0.001
dropout_rate,0.3,64,2,0.3,False,0.001,32,75,0.0,0.1,10,5,0.5,True,42,33,33,3,0.691486012303468,0.6907218297322592,0.001
dropout_rate,0.3,64,2,0.3,False,0.001,32,75,0.0,0.1,10,5,0.5,True,42,33,33,4,0.6890282558672356,0.6934152166048686,0.001
dropout_rate,0.3,64,2,0.3,False,0.001,32,75,0.0,0.1,10,5,0.5,True,42,33,33,5,0.6865951423392151,0.6923963348070781,0.001
dropout_rate,0.3,64,2,0.3,False,0.001,32,75,0.0,0.1,10,5,0.5,True,42,33,33,6,0.6816006781476917,0.700935180981954,0.001
dropout_rate,0.3,64,2,0.3,False,0.001,32,75,0.0,0.1,10,5,0.5,True,42,33,33,7,0.6767311335513087,0.711891774336497,0.001
dropout_rate,0.3,64,2,0.3,False,0.001,32,75,0.0,0.1,10,5,0.5,True,42,33,33,8,0.6683002344586633,0.7098906675974528,0.001
dropout_rate,0.3,64,2,0.3,False,0.001,32,75,0.0,0.1,10,5,0.5,True,42,33,33,9,0.6615941113594807,0.7130679845809936,0.001
dropout_rate,0.3,64,2,0.3,False,0.001,32,75,0.0,0.1,10,5,0.5,True,42,33,33,10,0.6496745989178166,0.740472674369812,0.001
dropout_rate,0.3,64,2,0.3,False,0.001,32,75,0.0,0.1,10,5,0.5,True,42,33,33,11,0.6295520654230407,0.7539599855740865,0.001
dropout_rate,0.3,64,2,0.3,False,0.001,32,75,0.0,0.1,10,5,0.5,True,42,33,33,12,0.6171393487038035,0.7997772256533305,0.001
dropout_rate,0.3,64,2,0.3,False,0.001,32,75,0.0,0.1,10,5,0.5,True,42,33,33,13,0.6035175228660757,0.800124986966451,0.001
dropout_rate,0.3,64,2,0.3,False,0.001,32,75,0.0,0.1,10,5,0.5,True,42,34,34,1,0.6936227417353428,0.6900295972824096,0.001
dropout_rate,0.3,64,2,0.3,False,0.001,32,75,0.0,0.1,10,5,0.5,True,42,34,34,2,0.6927290432380907,0.6889557600021362,0.001
dropout_rate,0.3,64,2,0.3,False,0.001,32,75,0.0,0.1,10,5,0.5,True,42,34,34,3,0.6911551329222593,0.6898834745089213,0.001
dropout_rate,0.3,64,2,0.3,False,0.001,32,75,0.0,0.1,10,5,0.5,True,42,34,34,4,0.6894472972913221,0.6885158101717631,0.001
dropout_rate,0.3,64,2,0.3,False,0.001,32,75,0.0,0.1,10,5,0.5,True,42,34,34,5,0.6862459647836108,0.6968850731849671,0.001
dropout_rate,0.3,64,2,0.3,False,0.001,32,75,0.0,0.1,10,5,0.5,True,42,34,34,6,0.6842476414008574,0.6990086952845256,0.001
dropout_rate,0.3,64,2,0.3,False,0.001,32,75,0.0,0.1,10,5,0.5,True,42,34,34,7,0.6785344296332562,0.6923533280690511,0.001
dropout_rate,0.3,64,2,0.3,False,0.001,32,75,0.0,0.1,10,5,0.5,True,42,34,34,8,0.6725499760923963,0.7052099068959554,0.001
dropout_rate,0.3,64,2,0.3,False,0.001,32,75,0.0,0.1,10,5,0.5,True,42,34,34,9,0.6620095868905386,0.7125466267267863,0.001
dropout_rate,0.3,64,2,0.3,False,0.001,32,75,0.0,0.1,10,5,0.5,True,42,34,34,10,0.655209039648374,0.7810563882191975,0.001
dropout_rate,0.3,64,2,0.3,False,0.001,32,75,0.0,0.1,10,5,0.5,True,42,34,34,11,0.6369573512312138,0.746204920609792,0.001
dropout_rate,0.3,64,2,0.3,False,0.001,32,75,0.0,0.1,10,5,0.5,True,42,34,34,12,0.6239410119526314,0.7650065859158833,0.001
dropout_rate,0.3,64,2,0.3,False,0.001,32,75,0.0,0.1,10,5,0.5,True,42,34,34,13,0.6152461130510677,0.7822452187538147,0.001
dropout_rate,0.3,64,2,0.3,False,0.001,32,75,0.0,0.1,10,5,0.5,True,42,34,34,14,0.6093986309839018,0.8040215412775675,0.001
dropout_rate,0.3,64,2,0.3,False,0.001,32,75,0.0,0.1,10,5,0.5,True,42,35,35,1,0.6940660512808597,0.693819530804952,0.001
dropout_rate,0.3,64,2,0.3,False,0.001,32,75,0.0,0.1,10,5,0.5,True,42,35,35,2,0.6926905115445455,0.6928184906641642,0.001
dropout_rate,0.3,64,2,0.3,False,0.001,32,75,0.0,0.1,10,5,0.5,True,42,35,35,3,0.6915058656172319,0.6923173824946086,0.001
dropout_rate,0.3,64,2,0.3,False,0.001,32,75,0.0,0.1,10,5,0.5,True,42,35,35,4,0.6900951013420568,0.6912515163421631,0.001
dropout_rate,0.3,64,2,0.3,False,0.001,32,75,0.0,0.1,10,5,0.5,True,42,35,35,5,0.6864953230727803,0.6925051371256511,0.001
dropout_rate,0.3,64,2,0.3,False,0.001,32,75,0.0,0.1,10,5,0.5,True,42,35,35,6,0.6833487776192751,0.6887399117151897,0.001
dropout_rate,0.3,64,2,0.3,False,0.001,32,75,0.0,0.1,10,5,0.5,True,42,35,35,7,0.6795532712430665,0.6954839825630188,0.001
dropout_rate,0.3,64,2,0.3,False,0.001,32,75,0.0,0.1,10,5,0.5,True,42,35,35,8,0.6727364031654416,0.705372941493988,0.001
dropout_rate,0.3,64,2,0.3,False,0.001,32,75,0.0,0.1,10,5,0.5,True,42,35,35,9,0.6653214227972608,0.7159211238225301,0.001
dropout_rate,0.3,64,2,0.3,False,0.001,32,75,0.0,0.1,10,5,0.5,True,42,35,35,10,0.6611275930296291,0.706993023554484,0.001
dropout_rate,0.3,64,2,0.3,False,0.001,32,75,0.0,0.1,10,5,0.5,True,42,35,35,11,0.6518576578660444,0.747042965888977,0.001
dropout_rate,0.3,64,2,0.3,False,0.001,32,75,0.0,0.1,10,5,0.5,True,42,35,35,12,0.6366178253383348,0.7397765994071961,0.001
dropout_rate,0.3,64,2,0.3,False,0.001,32,75,0.0,0.1,10,5,0.5,True,42,35,35,13,0.6131636114283041,0.802910856405894,0.001
dropout_rate,0.3,64,2,0.3,False,0.001,32,75,0.0,0.1,10,5,0.5,True,42,35,35,14,0.5982589087251461,0.8338865240414938,0.001
dropout_rate,0.3,64,2,0.3,False,0.001,32,75,0.0,0.1,10,5,0.5,True,42,35,35,15,0.5845375783515699,0.845046317577362,0.001
dropout_rate,0.3,64,2,0.3,False,0.001,32,75,0.0,0.1,10,5,0.5,True,42,35,35,16,0.5697535960511728,0.8592770576477051,0.001
dropout_rate,0.3,64,2,0.3,False,0.001,32,75,0.0,0.1,10,5,0.5,True,42,36,36,1,0.693358067761768,0.6932090799013774,0.001
dropout_rate,0.3,64,2,0.3,False,0.001,32,75,0.0,0.1,10,5,0.5,True,42,36,36,2,0.6925649724223397,0.6932339708010355,0.001
dropout_rate,0.3,64,2,0.3,False,0.001,32,75,0.0,0.1,10,5,0.5,True,42,36,36,3,0.6915229531851682,0.6920769731203715,0.001
dropout_rate,0.3,64,2,0.3,False,0.001,32,75,0.0,0.1,10,5,0.5,True,42,36,36,4,0.691006724581574,0.6916606545448303,0.001
dropout_rate,0.3,64,2,0.3,False,0.001,32,75,0.0,0.1,10,5,0.5,True,42,36,36,5,0.6883018721233715,0.6893051981925964,0.001
dropout_rate,0.3,64,2,0.3,False,0.001,32,75,0.0,0.1,10,5,0.5,True,42,36,36,6,0.6853350328676628,0.6925646424293518,0.001
dropout_rate,0.3,64,2,0.3,False,0.001,32,75,0.0,0.1,10,5,0.5,True,42,36,36,7,0.6814137941057031,0.6947846055030823,0.001
dropout_rate,0.3,64,2,0.3,False,0.001,32,75,0.0,0.1,10,5,0.5,True,42,36,36,8,0.6749741195729284,0.7092989683151245,0.001
dropout_rate,0.3,64,2,0.3,False,0.001,32,75,0.0,0.1,10,5,0.5,True,42,36,36,9,0.66823510825634,0.696551501750946,0.001
dropout_rate,0.3,64,2,0.3,False,0.001,32,75,0.0,0.1,10,5,0.5,True,42,36,36,10,0.6630506325851787,0.706808074315389,0.001
dropout_rate,0.3,64,2,0.3,False,0.001,32,75,0.0,0.1,10,5,0.5,True,42,36,36,11,0.6504911877440683,0.7158414800961812,0.001
dropout_rate,0.3,64,2,0.3,False,0.001,32,75,0.0,0.1,10,5,0.5,True,42,36,36,12,0.6305119607484702,0.7419719696044922,0.001
dropout_rate,0.3,64,2,0.3,False,0.001,32,75,0.0,0.1,10,5,0.5,True,42,36,36,13,0.6166766902262514,0.76481138865153,0.001
dropout_rate,0.3,64,2,0.3,False,0.001,32,75,0.0,0.1,10,5,0.5,True,42,36,36,14,0.6054725838881551,0.7579569260279337,0.001
dropout_rate,0.3,64,2,0.3,False,0.001,32,75,0.0,0.1,10,5,0.5,True,42,36,36,15,0.5963757957021395,0.8095193982124329,0.001
dropout_rate,0.3,64,2,0.3,False,0.001,32,75,0.0,0.1,10,5,0.5,True,42,37,37,1,0.6940247136535067,0.6922688961029053,0.001
dropout_rate,0.3,64,2,0.3,False,0.001,32,75,0.0,0.1,10,5,0.5,True,42,37,37,2,0.6926903255058058,0.6912995179494222,0.001
dropout_rate,0.3,64,2,0.3,False,0.001,32,75,0.0,0.1,10,5,0.5,True,42,37,37,3,0.6911954504973961,0.6922143816947937,0.001
dropout_rate,0.3,64,2,0.3,False,0.001,32,75,0.0,0.1,10,5,0.5,True,42,37,37,4,0.6903429130713145,0.6924757599830628,0.001
dropout_rate,0.3,64,2,0.3,False,0.001,32,75,0.0,0.1,10,5,0.5,True,42,37,37,5,0.6880596871628906,0.6962176720301311,0.001
dropout_rate,0.3,64,2,0.3,False,0.001,32,75,0.0,0.1,10,5,0.5,True,42,37,37,6,0.683128349257238,0.6954814950625102,0.001
dropout_rate,0.3,64,2,0.3,False,0.001,32,75,0.0,0.1,10,5,0.5,True,42,37,37,7,0.6788459804021951,0.7039641976356507,0.001
dropout_rate,0.3,64,2,0.3,False,0.001,32,75,0.0,0.1,10,5,0.5,True,42,37,37,8,0.6713363112825336,0.708657443523407,0.001
dropout_rate,0.3,64,2,0.3,False,0.001,32,75,0.0,0.1,10,5,0.5,True,42,37,37,9,0.6595729006962343,0.7160643498102824,0.001
dropout_rate,0.3,64,2,0.3,False,0.001,32,75,0.0,0.1,10,5,0.5,True,42,37,37,10,0.6480173685333945,0.7384900212287903,0.001
dropout_rate,0.3,64,2,0.3,False,0.001,32,75,0.0,0.1,10,5,0.5,True,42,37,37,11,0.6413468754652775,0.7545615315437317,0.001
dropout_rate,0.3,64,2,0.3,False,0.001,32,75,0.0,0.1,10,5,0.5,True,42,37,37,12,0.6318844371672833,0.7574683388074239,0.001
dropout_rate,0.3,64,2,0.3,False,0.001,32,75,0.0,0.1,10,5,0.5,True,42,38,38,1,0.6941645980784388,0.6917097926139831,0.001
dropout_rate,0.3,64,2,0.3,False,0.001,32,75,0.0,0.1,10,5,0.5,True,42,38,38,2,0.6925379724213572,0.6909220099449158,0.001
dropout_rate,0.3,64,2,0.3,False,0.001,32,75,0.0,0.1,10,5,0.5,True,42,38,38,3,0.6904712644490328,0.6908086538314819,0.001
dropout_rate,0.3,64,2,0.3,False,0.001,32,75,0.0,0.1,10,5,0.5,True,42,38,38,4,0.6887205911405159,0.6954798142115275,0.001
dropout_rate,0.3,64,2,0.3,False,0.001,32,75,0.0,0.1,10,5,0.5,True,42,38,38,5,0.684024225581776,0.6954245805740357,0.001
dropout_rate,0.3,64,2,0.3,False,0.001,32,75,0.0,0.1,10,5,0.5,True,42,38,38,6,0.6785458574692408,0.7018674850463867,0.001
dropout_rate,0.3,64,2,0.3,False,0.001,32,75,0.0,0.1,10,5,0.5,True,42,38,38,7,0.6732805913144891,0.7194810152053833,0.001
dropout_rate,0.3,64,2,0.3,False,0.001,32,75,0.0,0.1,10,5,0.5,True,42,38,38,8,0.664562512979363,0.7179923216501872,0.001
dropout_rate,0.3,64,2,0.3,False,0.001,32,75,0.0,0.1,10,5,0.5,True,42,38,38,9,0.6603277695901466,0.7333526134490966,0.001
dropout_rate,0.3,64,2,0.3,False,0.001,32,75,0.0,0.1,10,5,0.5,True,42,38,38,10,0.6521750634366815,0.7350038925806681,0.001
dropout_rate,0.3,64,2,0.3,False,0.001,32,75,0.0,0.1,10,5,0.5,True,42,38,38,11,0.6347119049592451,0.7277817885080974,0.001
dropout_rate,0.3,64,2,0.3,False,0.001,32,75,0.0,0.1,10,5,0.5,True,42,38,38,12,0.6265438465457974,0.778981073697408,0.001
dropout_rate,0.3,64,2,0.3,False,0.001,32,75,0.0,0.1,10,5,0.5,True,42,38,38,13,0.6196280627539663,0.7746320366859436,0.001
dropout_rate,0.3,64,2,0.3,False,0.001,32,75,0.0,0.1,10,5,0.5,True,42,39,39,1,0.6944265415271124,0.6918817679087321,0.001
dropout_rate,0.3,64,2,0.3,False,0.001,32,75,0.0,0.1,10,5,0.5,True,42,39,39,2,0.6927936135819464,0.6918116013209025,0.001
dropout_rate,0.3,64,2,0.3,False,0.001,32,75,0.0,0.1,10,5,0.5,True,42,39,39,3,0.691779174136393,0.6903643091519673,0.001
dropout_rate,0.3,64,2,0.3,False,0.001,32,75,0.0,0.1,10,5,0.5,True,42,39,39,4,0.6890920707673738,0.6919293681780497,0.001
dropout_rate,0.3,64,2,0.3,False,0.001,32,75,0.0,0.1,10,5,0.5,True,42,39,39,5,0.6861858363404418,0.6965549945831299,0.001
dropout_rate,0.3,64,2,0.3,False,0.001,32,75,0.0,0.1,10,5,0.5,True,42,39,39,6,0.6824587439045762,0.6951872547467549,0.001
dropout_rate,0.3,64,2,0.3,False,0.001,32,75,0.0,0.1,10,5,0.5,True,42,39,39,7,0.6796701866568942,0.7141716599464416,0.001
dropout_rate,0.3,64,2,0.3,False,0.001,32,75,0.0,0.1,10,5,0.5,True,42,39,39,8,0.6725208081982352,0.7059276541074117,0.001
dropout_rate,0.3,64,2,0.3,False,0.001,32,75,0.0,0.1,10,5,0.5,True,42,39,39,9,0.66286687643239,0.7240386525789897,0.001
dropout_rate,0.3,64,2,0.3,False,0.001,32,75,0.0,0.1,10,5,0.5,True,42,39,39,10,0.6484031808195692,0.7721237619717916,0.001
dropout_rate,0.3,64,2,0.3,False,0.001,32,75,0.0,0.1,10,5,0.5,True,42,39,39,11,0.6439455011577317,0.7467198650042216,0.001
dropout_rate,0.3,64,2,0.3,False,0.001,32,75,0.0,0.1,10,5,0.5,True,42,39,39,12,0.6320880633411985,0.7818467736244201,0.001
dropout_rate,0.3,64,2,0.3,False,0.001,32,75,0.0,0.1,10,5,0.5,True,42,39,39,13,0.6252625997770916,0.7851420481999715,0.001
dropout_rate,0.3,64,2,0.3,False,0.001,32,75,0.0,0.1,10,5,0.5,True,42,40,40,1,0.6945334835485979,0.6921180486679077,0.001
dropout_rate,0.3,64,2,0.3,False,0.001,32,75,0.0,0.1,10,5,0.5,True,42,40,40,2,0.6934891586953943,0.6912334402402242,0.001
dropout_rate,0.3,64,2,0.3,False,0.001,32,75,0.0,0.1,10,5,0.5,True,42,40,40,3,0.6917990825392983,0.6900124947230021,0.001
dropout_rate,0.3,64,2,0.3,False,0.001,32,75,0.0,0.1,10,5,0.5,True,42,40,40,4,0.6907799492279688,0.6913400769233704,0.001
dropout_rate,0.3,64,2,0.3,False,0.001,32,75,0.0,0.1,10,5,0.5,True,42,40,40,5,0.6876790338393414,0.7071002880732219,0.001
dropout_rate,0.3,64,2,0.3,False,0.001,32,75,0.0,0.1,10,5,0.5,True,42,40,40,6,0.6833966527924393,0.6982790112495423,0.001
dropout_rate,0.3,64,2,0.3,False,0.001,32,75,0.0,0.1,10,5,0.5,True,42,40,40,7,0.6776965626261451,0.6954044858614604,0.001
dropout_rate,0.3,64,2,0.3,False,0.001,32,75,0.0,0.1,10,5,0.5,True,42,40,40,8,0.6726681201746969,0.700294307867686,0.001
dropout_rate,0.3,64,2,0.3,False,0.001,32,75,0.0,0.1,10,5,0.5,True,42,40,40,9,0.6660022663347649,0.7460141976674398,0.001
dropout_rate,0.3,64,2,0.3,False,0.001,32,75,0.0,0.1,10,5,0.5,True,42,40,40,10,0.6733209653334185,0.6932159860928854,0.001
dropout_rate,0.3,64,2,0.3,False,0.001,32,75,0.0,0.1,10,5,0.5,True,42,40,40,11,0.6629972539164803,0.7084281841913859,0.001
dropout_rate,0.3,64,2,0.3,False,0.001,32,75,0.0,0.1,10,5,0.5,True,42,40,40,12,0.6482457450845025,0.7405876278877258,0.001
dropout_rate,0.3,64,2,0.3,False,0.001,32,75,0.0,0.1,10,5,0.5,True,42,40,40,13,0.6386011378331617,0.7443465272585551,0.001
dropout_rate,0.3,64,2,0.3,False,0.001,32,75,0.0,0.1,10,5,0.5,True,42,41,41,1,0.6933166154406287,0.6937704602877299,0.001
dropout_rate,0.3,64,2,0.3,False,0.001,32,75,0.0,0.1,10,5,0.5,True,42,41,41,2,0.6924208547129775,0.6936046083768209,0.001
dropout_rate,0.3,64,2,0.3,False,0.001,32,75,0.0,0.1,10,5,0.5,True,42,41,41,3,0.6909178314786969,0.6912284016609191,0.001
dropout_rate,0.3,64,2,0.3,False,0.001,32,75,0.0,0.1,10,5,0.5,True,42,41,41,4,0.6881524207014026,0.7037805398305257,0.001
dropout_rate,0.3,64,2,0.3,False,0.001,32,75,0.0,0.1,10,5,0.5,True,42,41,41,5,0.6834481065020417,0.6988426367441813,0.001
dropout_rate,0.3,64,2,0.3,False,0.001,32,75,0.0,0.1,10,5,0.5,True,42,41,41,6,0.6792090268749179,0.7114997784296672,0.001
dropout_rate,0.3,64,2,0.3,False,0.001,32,75,0.0,0.1,10,5,0.5,True,42,41,41,7,0.6723834470365987,0.7117110371589661,0.001
dropout_rate,0.3,64,2,0.3,False,0.001,32,75,0.0,0.1,10,5,0.5,True,42,41,41,8,0.6685028830260942,0.71676740248998,0.001
dropout_rate,0.3,64,2,0.3,False,0.001,32,75,0.0,0.1,10,5,0.5,True,42,41,41,9,0.6641540640231335,0.7272259394327799,0.001
dropout_rate,0.3,64,2,0.3,False,0.001,32,75,0.0,0.1,10,5,0.5,True,42,41,41,10,0.6420873909285574,0.745844566822052,0.001
dropout_rate,0.3,64,2,0.3,False,0.001,32,75,0.0,0.1,10,5,0.5,True,42,41,41,11,0.6367424550381574,0.7553401827812195,0.001
dropout_rate,0.3,64,2,0.3,False,0.001,32,75,0.0,0.1,10,5,0.5,True,42,41,41,12,0.6220791087006078,0.7831390897432963,0.001
dropout_rate,0.3,64,2,0.3,False,0.001,32,75,0.0,0.1,10,5,0.5,True,42,41,41,13,0.6153021962805227,0.7932233691215516,0.001
dropout_rate,0.3,64,2,0.3,False,0.001,32,75,0.0,0.1,10,5,0.5,True,42,42,42,1,0.6938403415860552,0.6937775770823161,0.001
dropout_rate,0.3,64,2,0.3,False,0.001,32,75,0.0,0.1,10,5,0.5,True,42,42,42,2,0.6920026468508171,0.694048543771108,0.001
dropout_rate,0.3,64,2,0.3,False,0.001,32,75,0.0,0.1,10,5,0.5,True,42,42,42,3,0.6905683531905665,0.6948673288027446,0.001
dropout_rate,0.3,64,2,0.3,False,0.001,32,75,0.0,0.1,10,5,0.5,True,42,42,42,4,0.689115529259046,0.6944889227549235,0.001
dropout_rate,0.3,64,2,0.3,False,0.001,32,75,0.0,0.1,10,5,0.5,True,42,42,42,5,0.685002947395498,0.6977746486663818,0.001
dropout_rate,0.3,64,2,0.3,False,0.001,32,75,0.0,0.1,10,5,0.5,True,42,42,42,6,0.6832538757360342,0.6965962131818135,0.001
dropout_rate,0.3,64,2,0.3,False,0.001,32,75,0.0,0.1,10,5,0.5,True,42,42,42,7,0.6776692907918583,0.7053012331326802,0.001
dropout_rate,0.3,64,2,0.3,False,0.001,32,75,0.0,0.1,10,5,0.5,True,42,42,42,8,0.6643693790291295,0.714465590318044,0.001
dropout_rate,0.3,64,2,0.3,False,0.001,32,75,0.0,0.1,10,5,0.5,True,42,42,42,9,0.6567656601017172,0.7266175111134847,0.001
dropout_rate,0.3,64,2,0.3,False,0.001,32,75,0.0,0.1,10,5,0.5,True,42,42,42,10,0.6514015044226791,0.7251398682594299,0.001
dropout_rate,0.3,64,2,0.3,False,0.001,32,75,0.0,0.1,10,5,0.5,True,42,42,42,11,0.6399862964948019,0.7654930075009664,0.001
dropout_rate,0.3,64,2,0.3,False,0.001,32,75,0.0,0.1,10,5,0.5,True,42,43,43,1,0.6933149320609642,0.69313671986262,0.001
dropout_rate,0.3,64,2,0.3,False,0.001,32,75,0.0,0.1,10,5,0.5,True,42,43,43,2,0.6932599874156894,0.6925732771555583,0.001
dropout_rate,0.3,64,2,0.3,False,0.001,32,75,0.0,0.1,10,5,0.5,True,42,43,43,3,0.6915010480266629,0.6937570889790853,0.001
dropout_rate,0.3,64,2,0.3,False,0.001,32,75,0.0,0.1,10,5,0.5,True,42,43,43,4,0.6886415567361948,0.6962090531984965,0.001
dropout_rate,0.3,64,2,0.3,False,0.001,32,75,0.0,0.1,10,5,0.5,True,42,43,43,5,0.687315462213574,0.7007630070050558,0.001
dropout_rate,0.3,64,2,0.3,False,0.001,32,75,0.0,0.1,10,5,0.5,True,42,43,43,6,0.679995388695688,0.7204804023106893,0.001
dropout_rate,0.3,64,2,0.3,False,0.001,32,75,0.0,0.1,10,5,0.5,True,42,43,43,7,0.6766671976356795,0.7014108498891195,0.001
dropout_rate,0.3,64,2,0.3,False,0.001,32,75,0.0,0.1,10,5,0.5,True,42,43,43,8,0.6711504341978015,0.7172679305076599,0.001
dropout_rate,0.3,64,2,0.3,False,0.001,32,75,0.0,0.1,10,5,0.5,True,42,43,43,9,0.6570196833574411,0.7307243585586548,0.001
dropout_rate,0.3,64,2,0.3,False,0.001,32,75,0.0,0.1,10,5,0.5,True,42,43,43,10,0.649334728717804,0.7375325123469035,0.001
dropout_rate,0.3,64,2,0.3,False,0.001,32,75,0.0,0.1,10,5,0.5,True,42,43,43,11,0.644517847534382,0.7798979600270589,0.001
dropout_rate,0.3,64,2,0.3,False,0.001,32,75,0.0,0.1,10,5,0.5,True,42,43,43,12,0.6300148291118217,0.7682295481363932,0.001
dropout_rate,0.3,64,2,0.3,False,0.001,32,75,0.0,0.1,10,5,0.5,True,42,44,44,1,0.6941890761707769,0.6932699124018351,0.001
dropout_rate,0.3,64,2,0.3,False,0.001,32,75,0.0,0.1,10,5,0.5,True,42,44,44,2,0.6929735767118859,0.6930996417999268,0.001
dropout_rate,0.3,64,2,0.3,False,0.001,32,75,0.0,0.1,10,5,0.5,True,42,44,44,3,0.6912242088353995,0.6928389350573222,0.001
dropout_rate,0.3,64,2,0.3,False,0.001,32,75,0.0,0.1,10,5,0.5,True,42,44,44,4,0.6892049429994641,0.6967025359471639,0.001
dropout_rate,0.3,64,2,0.3,False,0.001,32,75,0.0,0.1,10,5,0.5,True,42,44,44,5,0.6856799112124876,0.6950946132342021,0.001
dropout_rate,0.3,64,2,0.3,False,0.001,32,75,0.0,0.1,10,5,0.5,True,42,44,44,6,0.6808936708804333,0.7096417466799418,0.001
dropout_rate,0.3,64,2,0.3,False,0.001,32,75,0.0,0.1,10,5,0.5,True,42,44,44,7,0.6752396275599798,0.708090341091156,0.001
dropout_rate,0.3,64,2,0.3,False,0.001,32,75,0.0,0.1,10,5,0.5,True,42,44,44,8,0.6704499116449645,0.7155544519424438,0.001
dropout_rate,0.3,64,2,0.3,False,0.001,32,75,0.0,0.1,10,5,0.5,True,42,44,44,9,0.6591093160889365,0.7234441836675009,0.001
dropout_rate,0.3,64,2,0.3,False,0.001,32,75,0.0,0.1,10,5,0.5,True,42,44,44,10,0.6484567685560747,0.7359801888465881,0.001
dropout_rate,0.3,64,2,0.3,False,0.001,32,75,0.0,0.1,10,5,0.5,True,42,44,44,11,0.633113213560798,0.7669959306716919,0.001
dropout_rate,0.3,64,2,0.3,False,0.001,32,75,0.0,0.1,10,5,0.5,True,42,44,44,12,0.629233737786611,0.7727858583132426,0.001
dropout_rate,0.3,64,2,0.3,False,0.001,32,75,0.0,0.1,10,5,0.5,True,42,44,44,13,0.6181933272517088,0.7727466066678365,0.001
dropout_rate,0.3,64,2,0.3,False,0.001,32,75,0.0,0.1,10,5,0.5,True,42,45,45,1,0.6948384890953699,0.6922945340474447,0.001
dropout_rate,0.3,64,2,0.3,False,0.001,32,75,0.0,0.1,10,5,0.5,True,42,45,45,2,0.6926777118986304,0.6922979593276978,0.001
dropout_rate,0.3,64,2,0.3,False,0.001,32,75,0.0,0.1,10,5,0.5,True,42,45,45,3,0.6923022988167676,0.6898093342781066,0.001
dropout_rate,0.3,64,2,0.3,False,0.001,32,75,0.0,0.1,10,5,0.5,True,42,45,45,4,0.6902423333941083,0.6919708013534546,0.001
dropout_rate,0.3,64,2,0.3,False,0.001,32,75,0.0,0.1,10,5,0.5,True,42,45,45,5,0.6894557733427394,0.6914147814114888,0.001
dropout_rate,0.3,64,2,0.3,False,0.001,32,75,0.0,0.1,10,5,0.5,True,42,45,45,6,0.6861808069727637,0.69653480052948,0.001
dropout_rate,0.3,64,2,0.3,False,0.001,32,75,0.0,0.1,10,5,0.5,True,42,45,45,7,0.6815264283707647,0.7029109239578247,0.001
dropout_rate,0.3,64,2,0.3,False,0.001,32,75,0.0,0.1,10,5,0.5,True,42,45,45,8,0.6770500224648099,0.7095748941103618,0.001
dropout_rate,0.3,64,2,0.3,False,0.001,32,75,0.0,0.1,10,5,0.5,True,42,45,45,9,0.6687708546717962,0.7135444800059001,0.001
dropout_rate,0.3,64,2,0.3,False,0.001,32,75,0.0,0.1,10,5,0.5,True,42,45,45,10,0.6522496884519403,0.7637671192487081,0.001
dropout_rate,0.3,64,2,0.3,False,0.001,32,75,0.0,0.1,10,5,0.5,True,42,45,45,11,0.6420325934886932,0.7553723971048991,0.001
dropout_rate,0.3,64,2,0.3,False,0.001,32,75,0.0,0.1,10,5,0.5,True,42,45,45,12,0.636198103427887,0.7915977040926615,0.001
dropout_rate,0.3,64,2,0.3,False,0.001,32,75,0.0,0.1,10,5,0.5,True,42,45,45,13,0.6227400824427605,0.7875971754391988,0.001
dropout_rate,0.3,64,2,0.3,False,0.001,32,75,0.0,0.1,10,5,0.5,True,42,46,46,1,0.6939575193506299,0.6932841221491496,0.001
dropout_rate,0.3,64,2,0.3,False,0.001,32,75,0.0,0.1,10,5,0.5,True,42,46,46,2,0.6926234816059922,0.6918032328287761,0.001
dropout_rate,0.3,64,2,0.3,False,0.001,32,75,0.0,0.1,10,5,0.5,True,42,46,46,3,0.6916926394809376,0.6897542874018351,0.001
dropout_rate,0.3,64,2,0.3,False,0.001,32,75,0.0,0.1,10,5,0.5,True,42,46,46,4,0.6883704246896686,0.6915032664934794,0.001
dropout_rate,0.3,64,2,0.3,False,0.001,32,75,0.0,0.1,10,5,0.5,True,42,46,46,5,0.6859631199728359,0.6935202757517497,0.001
dropout_rate,0.3,64,2,0.3,False,0.001,32,75,0.0,0.1,10,5,0.5,True,42,46,46,6,0.6811376209511901,0.695505424340566,0.001
dropout_rate,0.3,64,2,0.3,False,0.001,32,75,0.0,0.1,10,5,0.5,True,42,46,46,7,0.6734840562849334,0.7003482619921366,0.001
dropout_rate,0.3,64,2,0.3,False,0.001,32,75,0.0,0.1,10,5,0.5,True,42,46,46,8,0.6715799073378245,0.7112510363260905,0.001
dropout_rate,0.3,64,2,0.3,False,0.001,32,75,0.0,0.1,10,5,0.5,True,42,46,46,9,0.6602269704594756,0.7351569374402364,0.001
dropout_rate,0.3,64,2,0.3,False,0.001,32,75,0.0,0.1,10,5,0.5,True,42,46,46,10,0.6398771716789766,0.7607980410257975,0.001
dropout_rate,0.3,64,2,0.3,False,0.001,32,75,0.0,0.1,10,5,0.5,True,42,46,46,11,0.6322307699557507,0.7608913938204448,0.001
dropout_rate,0.3,64,2,0.3,False,0.001,32,75,0.0,0.1,10,5,0.5,True,42,46,46,12,0.6258303967840744,0.767480997244517,0.001
dropout_rate,0.3,64,2,0.3,False,0.001,32,75,0.0,0.1,10,5,0.5,True,42,46,46,13,0.6159442340334257,0.7872752030690511,0.001
dropout_rate,0.3,64,2,0.3,False,0.001,32,75,0.0,0.1,10,5,0.5,True,42,47,47,1,0.6936582561695215,0.6937928199768066,0.001
dropout_rate,0.3,64,2,0.3,False,0.001,32,75,0.0,0.1,10,5,0.5,True,42,47,47,2,0.6930926220886635,0.6943173011144003,0.001
dropout_rate,0.3,64,2,0.3,False,0.001,32,75,0.0,0.1,10,5,0.5,True,42,47,47,3,0.6905431779045047,0.6907752354939779,0.001
dropout_rate,0.3,64,2,0.3,False,0.001,32,75,0.0,0.1,10,5,0.5,True,42,47,47,4,0.6886259136777936,0.7002674142519633,0.001
dropout_rate,0.3,64,2,0.3,False,0.001,32,75,0.0,0.1,10,5,0.5,True,42,47,47,5,0.6837031976743178,0.6957537889480591,0.001
dropout_rate,0.3,64,2,0.3,False,0.001,32,75,0.0,0.1,10,5,0.5,True,42,47,47,6,0.6957438339789709,0.7458509087562561,0.001
dropout_rate,0.3,64,2,0.3,False,0.001,32,75,0.0,0.1,10,5,0.5,True,42,47,47,7,0.703286050395532,0.7065407673517863,0.001
dropout_rate,0.3,64,2,0.3,False,0.001,32,75,0.0,0.1,10,5,0.5,True,42,47,47,8,0.6895835331895135,0.6924351851145426,0.001
dropout_rate,0.3,64,2,0.3,False,0.001,32,75,0.0,0.1,10,5,0.5,True,42,47,47,9,0.6801257792747382,0.6945501486460368,0.001
dropout_rate,0.3,64,2,0.3,False,0.001,32,75,0.0,0.1,10,5,0.5,True,42,47,47,10,0.6720428936409227,0.697795550028483,0.001
dropout_rate,0.3,64,2,0.3,False,0.001,32,75,0.0,0.1,10,5,0.5,True,42,47,47,11,0.6650342765179548,0.7086977005004883,0.001
dropout_rate,0.3,64,2,0.3,False,0.001,32,75,0.0,0.1,10,5,0.5,True,42,47,47,12,0.6569228158755736,0.728486164410909,0.001
dropout_rate,0.3,64,2,0.3,False,0.001,32,75,0.0,0.1,10,5,0.5,True,42,47,47,13,0.6535769565538927,0.7297741731007894,0.001
dropout_rate,0.3,64,2,0.3,False,0.001,32,75,0.0,0.1,10,5,0.5,True,42,48,48,1,0.6941033996137461,0.693711539109548,0.001
dropout_rate,0.3,64,2,0.3,False,0.001,32,75,0.0,0.1,10,5,0.5,True,42,48,48,2,0.6924103027895877,0.6927309552828471,0.001
dropout_rate,0.3,64,2,0.3,False,0.001,32,75,0.0,0.1,10,5,0.5,True,42,48,48,3,0.6916190618859198,0.6923300902048747,0.001
dropout_rate,0.3,64,2,0.3,False,0.001,32,75,0.0,0.1,10,5,0.5,True,42,48,48,4,0.6889112645522096,0.6929274320602417,0.001
dropout_rate,0.3,64,2,0.3,False,0.001,32,75,0.0,0.1,10,5,0.5,True,42,48,48,5,0.684681597060727,0.691505765914917,0.001
dropout_rate,0.3,64,2,0.3,False,0.001,32,75,0.0,0.1,10,5,0.5,True,42,48,48,6,0.6819819825932496,0.694268262386322,0.001
dropout_rate,0.3,64,2,0.3,False,0.001,32,75,0.0,0.1,10,5,0.5,True,42,48,48,7,0.672740856507667,0.7088673671086629,0.001
dropout_rate,0.3,64,2,0.3,False,0.001,32,75,0.0,0.1,10,5,0.5,True,42,48,48,8,0.6683900378700486,0.7184548894564311,0.001
dropout_rate,0.3,64,2,0.3,False,0.001,32,75,0.0,0.1,10,5,0.5,True,42,48,48,9,0.660774324621473,0.7196619947751363,0.001
dropout_rate,0.3,64,2,0.3,False,0.001,32,75,0.0,0.1,10,5,0.5,True,42,48,48,10,0.6516213856245342,0.7210855325063069,0.001
dropout_rate,0.3,64,2,0.3,False,0.001,32,75,0.0,0.1,10,5,0.5,True,42,48,48,11,0.6405372229733861,0.7607172966003418,0.001
dropout_rate,0.3,64,2,0.3,False,0.001,32,75,0.0,0.1,10,5,0.5,True,42,48,48,12,0.6182933803787805,0.7792863527933757,0.001
dropout_rate,0.3,64,2,0.3,False,0.001,32,75,0.0,0.1,10,5,0.5,True,42,48,48,13,0.6007291295922789,0.8225455562273661,0.001
dropout_rate,0.3,64,2,0.3,False,0.001,32,75,0.0,0.1,10,5,0.5,True,42,48,48,14,0.5920941374803844,0.836463721593221,0.001
dropout_rate,0.3,64,2,0.3,False,0.001,32,75,0.0,0.1,10,5,0.5,True,42,48,48,15,0.5783852764538356,0.8293421308199564,0.001
dropout_rate,0.3,64,2,0.3,False,0.001,32,75,0.0,0.1,10,5,0.5,True,42,49,49,1,0.6945849648027709,0.6922117590904235,0.001
dropout_rate,0.3,64,2,0.3,False,0.001,32,75,0.0,0.1,10,5,0.5,True,42,49,49,2,0.6930950938752203,0.692049773534139,0.001
dropout_rate,0.3,64,2,0.3,False,0.001,32,75,0.0,0.1,10,5,0.5,True,42,49,49,3,0.6922658993439241,0.6922825296719869,0.001
dropout_rate,0.3,64,2,0.3,False,0.001,32,75,0.0,0.1,10,5,0.5,True,42,49,49,4,0.6903217949650504,0.6915823578834533,0.001
dropout_rate,0.3,64,2,0.3,False,0.001,32,75,0.0,0.1,10,5,0.5,True,42,49,49,5,0.6869031317306288,0.7023170471191407,0.001
dropout_rate,0.3,64,2,0.3,False,0.001,32,75,0.0,0.1,10,5,0.5,True,42,49,49,6,0.6865163779619968,0.7021261850992838,0.001
dropout_rate,0.3,64,2,0.3,False,0.001,32,75,0.0,0.1,10,5,0.5,True,42,49,49,7,0.6803645189061309,0.7120850960413615,0.001
dropout_rate,0.3,64,2,0.3,False,0.001,32,75,0.0,0.1,10,5,0.5,True,42,49,49,8,0.674090797250921,0.7242472251256307,0.001
dropout_rate,0.3,64,2,0.3,False,0.001,32,75,0.0,0.1,10,5,0.5,True,42,49,49,9,0.6679247423554912,0.7088314533233643,0.001
dropout_rate,0.3,64,2,0.3,False,0.001,32,75,0.0,0.1,10,5,0.5,True,42,49,49,10,0.657273036964012,0.7243906458218893,0.001
dropout_rate,0.3,64,2,0.3,False,0.001,32,75,0.0,0.1,10,5,0.5,True,42,49,49,11,0.6414131594426704,0.7398051818211874,0.001
dropout_rate,0.3,64,2,0.3,False,0.001,32,75,0.0,0.1,10,5,0.5,True,42,49,49,12,0.6248561146132874,0.7822420517603557,0.001
dropout_rate,0.3,64,2,0.3,False,0.001,32,75,0.0,0.1,10,5,0.5,True,42,49,49,13,0.6150497794151306,0.7627963264783223,0.001
dropout_rate,0.3,64,2,0.3,False,0.001,32,75,0.0,0.1,10,5,0.5,True,42,49,49,14,0.5995249718879209,0.8178913036982218,0.001
dropout_rate,0.3,64,2,0.3,False,0.001,32,75,0.0,0.1,10,5,0.5,True,42,50,50,1,0.6943527676842429,0.6919302344322205,0.001
dropout_rate,0.3,64,2,0.3,False,0.001,32,75,0.0,0.1,10,5,0.5,True,42,50,50,2,0.6929265441316547,0.6915291388829549,0.001
dropout_rate,0.3,64,2,0.3,False,0.001,32,75,0.0,0.1,10,5,0.5,True,42,50,50,3,0.6920811944838726,0.6916107217470805,0.001
dropout_rate,0.3,64,2,0.3,False,0.001,32,75,0.0,0.1,10,5,0.5,True,42,50,50,4,0.689478054191127,0.6919414440790812,0.001
dropout_rate,0.3,64,2,0.3,False,0.001,32,75,0.0,0.1,10,5,0.5,True,42,50,50,5,0.6860851577737115,0.6949155807495118,0.001
dropout_rate,0.3,64,2,0.3,False,0.001,32,75,0.0,0.1,10,5,0.5,True,42,50,50,6,0.6820364626068057,0.7003253499666849,0.001
dropout_rate,0.3,64,2,0.3,False,0.001,32,75,0.0,0.1,10,5,0.5,True,42,50,50,7,0.6766806813803586,0.7112203399340312,0.001
dropout_rate,0.3,64,2,0.3,False,0.001,32,75,0.0,0.1,10,5,0.5,True,42,50,50,8,0.669969280109261,0.7137690464655558,0.001
dropout_rate,0.3,64,2,0.3,False,0.001,32,75,0.0,0.1,10,5,0.5,True,42,50,50,9,0.6515603209986831,0.7343984047571818,0.001
dropout_rate,0.3,64,2,0.3,False,0.001,32,75,0.0,0.1,10,5,0.5,True,42,50,50,10,0.6432890431447462,0.7601793646812439,0.001
dropout_rate,0.3,64,2,0.3,False,0.001,32,75,0.0,0.1,10,5,0.5,True,42,50,50,11,0.6351209784095938,0.7564949075380961,0.001
dropout_rate,0.3,64,2,0.3,False,0.001,32,75,0.0,0.1,10,5,0.5,True,42,50,50,12,0.6241690128138571,0.7731425801912943,0.001
dropout_rate,0.3,64,2,0.3,False,0.001,32,75,0.0,0.1,10,5,0.5,True,42,51,51,1,0.6940078775991093,0.6936369975407918,0.001
dropout_rate,0.3,64,2,0.3,False,0.001,32,75,0.0,0.1,10,5,0.5,True,42,51,51,2,0.6924404402573904,0.6930036544799805,0.001
dropout_rate,0.3,64,2,0.3,False,0.001,32,75,0.0,0.1,10,5,0.5,True,42,51,51,3,0.6924242995905153,0.692637320359548,0.001
dropout_rate,0.3,64,2,0.3,False,0.001,32,75,0.0,0.1,10,5,0.5,True,42,51,51,4,0.6904865431063103,0.6988935589790344,0.001
dropout_rate,0.3,64,2,0.3,False,0.001,32,75,0.0,0.1,10,5,0.5,True,42,51,51,5,0.6876629473585071,0.6964158733685811,0.001
dropout_rate,0.3,64,2,0.3,False,0.001,32,75,0.0,0.1,10,5,0.5,True,42,51,51,6,0.6837880367582495,0.7044164578119914,0.001
dropout_rate,0.3,64,2,0.3,False,0.001,32,75,0.0,0.1,10,5,0.5,True,42,51,51,7,0.6773418097785024,0.7011007865269979,0.001
dropout_rate,0.3,64,2,0.3,False,0.001,32,75,0.0,0.1,10,5,0.5,True,42,51,51,8,0.6683466104847012,0.723727301756541,0.001
dropout_rate,0.3,64,2,0.3,False,0.001,32,75,0.0,0.1,10,5,0.5,True,42,51,51,9,0.658970109892614,0.7207592089970907,0.001
dropout_rate,0.3,64,2,0.3,False,0.001,32,75,0.0,0.1,10,5,0.5,True,42,51,51,10,0.6448933942751451,0.7396693785985311,0.001
dropout_rate,0.3,64,2,0.3,False,0.001,32,75,0.0,0.1,10,5,0.5,True,42,51,51,11,0.6363736788431803,0.7575990716616313,0.001
dropout_rate,0.3,64,2,0.3,False,0.001,32,75,0.0,0.1,10,5,0.5,True,42,51,51,12,0.6262301001133341,0.7814524134000143,0.001
dropout_rate,0.3,64,2,0.3,False,0.001,32,75,0.0,0.1,10,5,0.5,True,42,51,51,13,0.6150600302851561,0.8046361168225606,0.001
dropout_rate,0.3,64,2,0.3,False,0.001,32,75,0.0,0.1,10,5,0.5,True,42,52,52,1,0.6938968228571343,0.695484443505605,0.001
dropout_rate,0.3,64,2,0.3,False,0.001,32,75,0.0,0.1,10,5,0.5,True,42,52,52,2,0.6912232678044926,0.694931705792745,0.001
dropout_rate,0.3,64,2,0.3,False,0.001,32,75,0.0,0.1,10,5,0.5,True,42,52,52,3,0.6902205135786172,0.6970807512601217,0.001
dropout_rate,0.3,64,2,0.3,False,0.001,32,75,0.0,0.1,10,5,0.5,True,42,52,52,4,0.6896817973165801,0.6961098074913025,0.001
dropout_rate,0.3,64,2,0.3,False,0.001,32,75,0.0,0.1,10,5,0.5,True,42,52,52,5,0.686828024911158,0.6983383337656657,0.001
dropout_rate,0.3,64,2,0.3,False,0.001,32,75,0.0,0.1,10,5,0.5,True,42,52,52,6,0.6845724216916345,0.692918618520101,0.001
dropout_rate,0.3,64,2,0.3,False,0.001,32,75,0.0,0.1,10,5,0.5,True,42,52,52,7,0.6760120644713893,0.7179022391637166,0.001
dropout_rate,0.3,64,2,0.3,False,0.001,32,75,0.0,0.1,10,5,0.5,True,42,52,52,8,0.6702604989210764,0.7040974458058675,0.001
dropout_rate,0.3,64,2,0.3,False,0.001,32,75,0.0,0.1,10,5,0.5,True,42,52,52,9,0.6619860507322081,0.7118327895800273,0.001
dropout_rate,0.3,64,2,0.3,False,0.001,32,75,0.0,0.1,10,5,0.5,True,42,52,52,10,0.6546078834569815,0.7303765892982483,0.001
dropout_rate,0.3,64,2,0.3,False,0.001,32,75,0.0,0.1,10,5,0.5,True,42,52,52,11,0.6423236691590511,0.7521628499031067,0.001
dropout_rate,0.3,64,2,0.3,False,0.001,32,75,0.0,0.1,10,5,0.5,True,42,52,52,12,0.632084705387101,0.7513287941614787,0.001
dropout_rate,0.3,64,2,0.3,False,0.001,32,75,0.0,0.1,10,5,0.5,True,42,52,52,13,0.5961872612436613,0.8053392847379048,0.001
dropout_rate,0.3,64,2,0.3,False,0.001,32,75,0.0,0.1,10,5,0.5,True,42,52,52,14,0.5859637610388525,0.8139847596486409,0.001
dropout_rate,0.3,64,2,0.3,False,0.001,32,75,0.0,0.1,10,5,0.5,True,42,52,52,15,0.5682543875141577,0.8718816757202148,0.001
dropout_rate,0.3,64,2,0.3,False,0.001,32,75,0.0,0.1,10,5,0.5,True,42,52,52,16,0.5532858988100832,0.8678175409634908,0.001
dropout_rate,0.3,64,2,0.3,False,0.001,32,75,0.0,0.1,10,5,0.5,True,42,53,53,1,0.6942510008811951,0.6923820018768311,0.001
dropout_rate,0.3,64,2,0.3,False,0.001,32,75,0.0,0.1,10,5,0.5,True,42,53,53,2,0.6930919018658724,0.6918607513109843,0.001
dropout_rate,0.3,64,2,0.3,False,0.001,32,75,0.0,0.1,10,5,0.5,True,42,53,53,3,0.6910020952874963,0.6907071471214294,0.001
dropout_rate,0.3,64,2,0.3,False,0.001,32,75,0.0,0.1,10,5,0.5,True,42,53,53,4,0.6907601650014068,0.6907580176989238,0.001
dropout_rate,0.3,64,2,0.3,False,0.001,32,75,0.0,0.1,10,5,0.5,True,42,53,53,5,0.6861259508313555,0.7028726458549499,0.001
dropout_rate,0.3,64,2,0.3,False,0.001,32,75,0.0,0.1,10,5,0.5,True,42,53,53,6,0.6846618403991064,0.6941987872123718,0.001
dropout_rate,0.3,64,2,0.3,False,0.001,32,75,0.0,0.1,10,5,0.5,True,42,53,53,7,0.6800714821526499,0.6956737001736959,0.001
dropout_rate,0.3,64,2,0.3,False,0.001,32,75,0.0,0.1,10,5,0.5,True,42,53,53,8,0.6730208527861219,0.7070934812227885,0.001
dropout_rate,0.3,64,2,0.3,False,0.001,32,75,0.0,0.1,10,5,0.5,True,42,53,53,9,0.668415134603327,0.7101863702138265,0.001
dropout_rate,0.3,64,2,0.3,False,0.001,32,75,0.0,0.1,10,5,0.5,True,42,53,53,10,0.6518138574831414,0.7408263444900512,0.001
dropout_rate,0.3,64,2,0.3,False,0.001,32,75,0.0,0.1,10,5,0.5,True,42,53,53,11,0.6412675434892828,0.7548168142636617,0.001
dropout_rate,0.3,64,2,0.3,False,0.001,32,75,0.0,0.1,10,5,0.5,True,42,53,53,12,0.6320122227524266,0.7623334527015686,0.001
dropout_rate,0.3,64,2,0.3,False,0.001,32,75,0.0,0.1,10,5,0.5,True,42,53,53,13,0.6202221871777014,0.7671023726463317,0.001
dropout_rate,0.3,64,2,0.3,False,0.001,32,75,0.0,0.1,10,5,0.5,True,42,54,54,1,0.6936495209282095,0.6932684540748596,0.001
dropout_rate,0.3,64,2,0.3,False,0.001,32,75,0.0,0.1,10,5,0.5,True,42,54,54,2,0.6924451783750997,0.6967171669006348,0.001
dropout_rate,0.3,64,2,0.3,False,0.001,32,75,0.0,0.1,10,5,0.5,True,42,54,54,3,0.6908227589094278,0.6954476356506347,0.001
dropout_rate,0.3,64,2,0.3,False,0.001,32,75,0.0,0.1,10,5,0.5,True,42,54,54,4,0.6891634202364719,0.6963998079299927,0.001
dropout_rate,0.3,64,2,0.3,False,0.001,32,75,0.0,0.1,10,5,0.5,True,42,54,54,5,0.6841433079856815,0.7004060506820678,0.001
dropout_rate,0.3,64,2,0.3,False,0.001,32,75,0.0,0.1,10,5,0.5,True,42,54,54,6,0.6794322489789038,0.7087374687194824,0.001
dropout_rate,0.3,64,2,0.3,False,0.001,32,75,0.0,0.1,10,5,0.5,True,42,54,54,7,0.6760896561723767,0.726272722085317,0.001
dropout_rate,0.3,64,2,0.3,False,0.001,32,75,0.0,0.1,10,5,0.5,True,42,54,54,8,0.6626098661711721,0.7184573372205099,0.001
dropout_rate,0.3,64,2,0.3,False,0.001,32,75,0.0,0.1,10,5,0.5,True,42,54,54,9,0.6536114870598821,0.723169469833374,0.001
dropout_rate,0.3,64,2,0.3,False,0.001,32,75,0.0,0.1,10,5,0.5,True,42,54,54,10,0.6460196050730619,0.738566784063975,0.001
dropout_rate,0.3,64,2,0.3,False,0.001,32,75,0.0,0.1,10,5,0.5,True,42,54,54,11,0.6392739767378027,0.7606863856315613,0.001
dropout_rate,0.3,64,2,0.3,False,0.001,32,75,0.0,0.1,10,5,0.5,True,42,55,55,1,0.693838355216113,0.6914486805597941,0.001
dropout_rate,0.3,64,2,0.3,False,0.001,32,75,0.0,0.1,10,5,0.5,True,42,55,55,2,0.6932006482825135,0.6918492754300435,0.001
dropout_rate,0.3,64,2,0.3,False,0.001,32,75,0.0,0.1,10,5,0.5,True,42,55,55,3,0.6916153200648048,0.6922472198804219,0.001
dropout_rate,0.3,64,2,0.3,False,0.001,32,75,0.0,0.1,10,5,0.5,True,42,55,55,4,0.6902842146880699,0.6956474820772807,0.001
dropout_rate,0.3,64,2,0.3,False,0.001,32,75,0.0,0.1,10,5,0.5,True,42,55,55,5,0.6862006679628835,0.702174186706543,0.001
dropout_rate,0.3,64,2,0.3,False,0.001,32,75,0.0,0.1,10,5,0.5,True,42,55,55,6,0.6817779306209448,0.7068143725395203,0.001
dropout_rate,0.3,64,2,0.3,False,0.001,32,75,0.0,0.1,10,5,0.5,True,42,55,55,7,0.6788327847466324,0.7033673167228699,0.001
dropout_rate,0.3,64,2,0.3,False,0.001,32,75,0.0,0.1,10,5,0.5,True,42,55,55,8,0.6690133259151921,0.7194082140922546,0.001
dropout_rate,0.3,64,2,0.3,False,0.001,32,75,0.0,0.1,10,5,0.5,True,42,55,55,9,0.6598228658690597,0.7247026085853576,0.001
dropout_rate,0.3,64,2,0.3,False,0.001,32,75,0.0,0.1,10,5,0.5,True,42,55,55,10,0.6548310938206586,0.732366967201233,0.001
dropout_rate,0.3,64,2,0.3,False,0.001,32,75,0.0,0.1,10,5,0.5,True,42,55,55,11,0.6461505185474049,0.7371311187744141,0.001
dropout_rate,0.3,64,2,0.3,False,0.001,32,75,0.0,0.1,10,5,0.5,True,42,56,56,1,0.6937567058837775,0.6932088653246562,0.001
dropout_rate,0.3,64,2,0.3,False,0.001,32,75,0.0,0.1,10,5,0.5,True,42,56,56,2,0.6924365998217554,0.6934158086776734,0.001
dropout_rate,0.3,64,2,0.3,False,0.001,32,75,0.0,0.1,10,5,0.5,True,42,56,56,3,0.6904024526928411,0.6952542622884115,0.001
dropout_rate,0.3,64,2,0.3,False,0.001,32,75,0.0,0.1,10,5,0.5,True,42,56,56,4,0.6897687483014483,0.6928702155749004,0.001
dropout_rate,0.3,64,2,0.3,False,0.001,32,75,0.0,0.1,10,5,0.5,True,42,56,56,5,0.6861029840780027,0.6967151284217834,0.001
dropout_rate,0.3,64,2,0.3,False,0.001,32,75,0.0,0.1,10,5,0.5,True,42,56,56,6,0.6834495934573087,0.6954742391904195,0.001
dropout_rate,0.3,64,2,0.3,False,0.001,32,75,0.0,0.1,10,5,0.5,True,42,56,56,7,0.6817131498546312,0.69455406665802,0.001
dropout_rate,0.3,64,2,0.3,False,0.001,32,75,0.0,0.1,10,5,0.5,True,42,56,56,8,0.6761753780372215,0.6934499740600586,0.001
dropout_rate,0.3,64,2,0.3,False,0.001,32,75,0.0,0.1,10,5,0.5,True,42,56,56,9,0.6654801192608747,0.7068812370300293,0.001
dropout_rate,0.3,64,2,0.3,False,0.001,32,75,0.0,0.1,10,5,0.5,True,42,56,56,10,0.6579354446042668,0.7118938525517782,0.001
dropout_rate,0.3,64,2,0.3,False,0.001,32,75,0.0,0.1,10,5,0.5,True,42,56,56,11,0.6432638633431811,0.7215722282727559,0.001
dropout_rate,0.3,64,2,0.3,False,0.001,32,75,0.0,0.1,10,5,0.5,True,42,56,56,12,0.6294358711351048,0.7200935045878093,0.001
dropout_rate,0.3,64,2,0.3,False,0.001,32,75,0.0,0.1,10,5,0.5,True,42,56,56,13,0.6250151048103968,0.7410626292228699,0.001
dropout_rate,0.3,64,2,0.3,False,0.001,32,75,0.0,0.1,10,5,0.5,True,42,56,56,14,0.613485508118615,0.7561842600504557,0.001
dropout_rate,0.3,64,2,0.3,False,0.001,32,75,0.0,0.1,10,5,0.5,True,42,57,57,1,0.6940488711451039,0.6929865558942159,0.001
dropout_rate,0.3,64,2,0.3,False,0.001,32,75,0.0,0.1,10,5,0.5,True,42,57,57,2,0.6926644236752482,0.6924483974774679,0.001
dropout_rate,0.3,64,2,0.3,False,0.001,32,75,0.0,0.1,10,5,0.5,True,42,57,57,3,0.6916474587086475,0.6922345439592997,0.001
dropout_rate,0.3,64,2,0.3,False,0.001,32,75,0.0,0.1,10,5,0.5,True,42,57,57,4,0.6886806081641804,0.6949982364972432,0.001
dropout_rate,0.3,64,2,0.3,False,0.001,32,75,0.0,0.1,10,5,0.5,True,42,57,57,5,0.6844361690860806,0.6914101203282674,0.001
dropout_rate,0.3,64,2,0.3,False,0.001,32,75,0.0,0.1,10,5,0.5,True,42,57,57,6,0.683211443550659,0.6966483473777771,0.001
dropout_rate,0.3,64,2,0.3,False,0.001,32,75,0.0,0.1,10,5,0.5,True,42,57,57,7,0.6767186265100132,0.7097380439440409,0.001
dropout_rate,0.3,64,2,0.3,False,0.001,32,75,0.0,0.1,10,5,0.5,True,42,57,57,8,0.6707122127215067,0.72004767258962,0.001
dropout_rate,0.3,64,2,0.3,False,0.001,32,75,0.0,0.1,10,5,0.5,True,42,57,57,9,0.6615026272607573,0.7126016775767009,0.001
dropout_rate,0.3,64,2,0.3,False,0.001,32,75,0.0,0.1,10,5,0.5,True,42,57,57,10,0.6555433589400668,0.7527371644973755,0.001
dropout_rate,0.3,64,2,0.3,False,0.001,32,75,0.0,0.1,10,5,0.5,True,42,57,57,11,0.6538489587379225,0.7702711065610249,0.001
dropout_rate,0.3,64,2,0.3,False,0.001,32,75,0.0,0.1,10,5,0.5,True,42,57,57,12,0.6349583331382636,0.7594856301943461,0.001
dropout_rate,0.3,64,2,0.3,False,0.001,32,75,0.0,0.1,10,5,0.5,True,42,57,57,13,0.6183174275087587,0.7958846251169841,0.001
dropout_rate,0.3,64,2,0.3,False,0.001,32,75,0.0,0.1,10,5,0.5,True,42,57,57,14,0.6206180530064034,0.7791681925455729,0.001
dropout_rate,0.3,64,2,0.3,False,0.001,32,75,0.0,0.1,10,5,0.5,True,42,57,57,15,0.6070702662973693,0.7895323952039083,0.001
dropout_rate,0.3,64,2,0.3,False,0.001,32,75,0.0,0.1,10,5,0.5,True,42,58,58,1,0.694408914808071,0.6931289315223694,0.001
dropout_rate,0.3,64,2,0.3,False,0.001,32,75,0.0,0.1,10,5,0.5,True,42,58,58,2,0.6923215348612178,0.6924662709236145,0.001
dropout_rate,0.3,64,2,0.3,False,0.001,32,75,0.0,0.1,10,5,0.5,True,42,58,58,3,0.6917189160982767,0.6927519162495931,0.001
dropout_rate,0.3,64,2,0.3,False,0.001,32,75,0.0,0.1,10,5,0.5,True,42,58,58,4,0.6891223002563823,0.6960954745610555,0.001
dropout_rate,0.3,64,2,0.3,False,0.001,32,75,0.0,0.1,10,5,0.5,True,42,58,58,5,0.6876923888921738,0.6956523776054382,0.001
dropout_rate,0.3,64,2,0.3,False,0.001,32,75,0.0,0.1,10,5,0.5,True,42,58,58,6,0.682245059446855,0.7147107919057211,0.001
dropout_rate,0.3,64,2,0.3,False,0.001,32,75,0.0,0.1,10,5,0.5,True,42,58,58,7,0.6765994009646502,0.7073399623235067,0.001
dropout_rate,0.3,64,2,0.3,False,0.001,32,75,0.0,0.1,10,5,0.5,True,42,58,58,8,0.6712351509115912,0.7170265674591064,0.001
dropout_rate,0.3,64,2,0.3,False,0.001,32,75,0.0,0.1,10,5,0.5,True,42,58,58,9,0.6574173736752886,0.7472256660461426,0.001
dropout_rate,0.3,64,2,0.3,False,0.001,32,75,0.0,0.1,10,5,0.5,True,42,58,58,10,0.646725236917987,0.7448718587557475,0.001
dropout_rate,0.3,64,2,0.3,False,0.001,32,75,0.0,0.1,10,5,0.5,True,42,58,58,11,0.6374578523364934,0.7772677699724834,0.001
dropout_rate,0.3,64,2,0.3,False,0.001,32,75,0.0,0.1,10,5,0.5,True,42,58,58,12,0.6289375548561414,0.784062123298645,0.001
dropout_rate,0.3,64,2,0.3,False,0.001,32,75,0.0,0.1,10,5,0.5,True,42,59,59,1,0.6937495325550889,0.6925403038660686,0.001
dropout_rate,0.3,64,2,0.3,False,0.001,32,75,0.0,0.1,10,5,0.5,True,42,59,59,2,0.6924817611773809,0.6921087821324666,0.001
dropout_rate,0.3,64,2,0.3,False,0.001,32,75,0.0,0.1,10,5,0.5,True,42,59,59,3,0.691918414198991,0.6919045289357503,0.001
dropout_rate,0.3,64,2,0.3,False,0.001,32,75,0.0,0.1,10,5,0.5,True,42,59,59,4,0.6888858955917936,0.6923233548800151,0.001
dropout_rate,0.3,64,2,0.3,False,0.001,32,75,0.0,0.1,10,5,0.5,True,42,59,59,5,0.6867890109618505,0.6911108215649923,0.001
dropout_rate,0.3,64,2,0.3,False,0.001,32,75,0.0,0.1,10,5,0.5,True,42,59,59,6,0.681991845369339,0.6994154810905456,0.001
dropout_rate,0.3,64,2,0.3,False,0.001,32,75,0.0,0.1,10,5,0.5,True,42,59,59,7,0.6800767490358064,0.6997333804766337,0.001
dropout_rate,0.3,64,2,0.3,False,0.001,32,75,0.0,0.1,10,5,0.5,True,42,59,59,8,0.6731306395747445,0.6981055974960327,0.001
dropout_rate,0.3,64,2,0.3,False,0.001,32,75,0.0,0.1,10,5,0.5,True,42,59,59,9,0.6653848132400801,0.7248913764953613,0.001
dropout_rate,0.3,64,2,0.3,False,0.001,32,75,0.0,0.1,10,5,0.5,True,42,59,59,10,0.6548357465953538,0.7255486965179443,0.001
dropout_rate,0.3,64,2,0.3,False,0.001,32,75,0.0,0.1,10,5,0.5,True,42,59,59,11,0.6440119066021659,0.7447861989339193,0.001
dropout_rate,0.3,64,2,0.3,False,0.001,32,75,0.0,0.1,10,5,0.5,True,42,59,59,12,0.6230815748373667,0.7559606830279032,0.001
dropout_rate,0.3,64,2,0.3,False,0.001,32,75,0.0,0.1,10,5,0.5,True,42,59,59,13,0.6097079382249804,0.7775395035743713,0.001
dropout_rate,0.3,64,2,0.3,False,0.001,32,75,0.0,0.1,10,5,0.5,True,42,59,59,14,0.5959641978596196,0.8087695320447286,0.001
dropout_rate,0.3,64,2,0.3,False,0.001,32,75,0.0,0.1,10,5,0.5,True,42,59,59,15,0.5861441533673893,0.8135368426640829,0.001
dropout_rate,0.3,64,2,0.3,False,0.001,32,75,0.0,0.1,10,5,0.5,True,42,60,60,1,0.6937702374927925,0.6937122782071431,0.001
dropout_rate,0.3,64,2,0.3,False,0.001,32,75,0.0,0.1,10,5,0.5,True,42,60,60,2,0.6928595932144107,0.6933046897252401,0.001
dropout_rate,0.3,64,2,0.3,False,0.001,32,75,0.0,0.1,10,5,0.5,True,42,60,60,3,0.6909436845418179,0.6930251240730285,0.001
dropout_rate,0.3,64,2,0.3,False,0.001,32,75,0.0,0.1,10,5,0.5,True,42,60,60,4,0.6891187393304073,0.6946080644925435,0.001
dropout_rate,0.3,64,2,0.3,False,0.001,32,75,0.0,0.1,10,5,0.5,True,42,60,60,5,0.6880407523025166,0.6937317609786987,0.001
dropout_rate,0.3,64,2,0.3,False,0.001,32,75,0.0,0.1,10,5,0.5,True,42,60,60,6,0.6840012073516846,0.6950592915217082,0.001
dropout_rate,0.3,64,2,0.3,False,0.001,32,75,0.0,0.1,10,5,0.5,True,42,60,60,7,0.6798144664728281,0.6961333235104878,0.001
dropout_rate,0.3,64,2,0.3,False,0.001,32,75,0.0,0.1,10,5,0.5,True,42,60,60,8,0.6771535597967379,0.6982501308123271,0.001
dropout_rate,0.3,64,2,0.3,False,0.001,32,75,0.0,0.1,10,5,0.5,True,42,60,60,9,0.6677291600993185,0.7156694491704305,0.001
dropout_rate,0.3,64,2,0.3,False,0.001,32,75,0.0,0.1,10,5,0.5,True,42,60,60,10,0.653030484011679,0.7208244840304057,0.001
dropout_rate,0.3,64,2,0.3,False,0.001,32,75,0.0,0.1,10,5,0.5,True,42,60,60,11,0.6439138560584097,0.7153481602668762,0.001
dropout_rate,0.3,64,2,0.3,False,0.001,32,75,0.0,0.1,10,5,0.5,True,42,60,60,12,0.6355158228314284,0.734607481956482,0.001
dropout_rate,0.3,64,2,0.3,False,0.001,32,75,0.0,0.1,10,5,0.5,True,42,60,60,13,0.6257225825931086,0.7459492723147074,0.001
dropout_rate,0.3,64,2,0.3,False,0.001,32,75,0.0,0.1,10,5,0.5,True,42,61,61,1,0.693829260540731,0.6925241430600484,0.001
dropout_rate,0.3,64,2,0.3,False,0.001,32,75,0.0,0.1,10,5,0.5,True,42,61,61,2,0.6930187141353433,0.6926288922627767,0.001
dropout_rate,0.3,64,2,0.3,False,0.001,32,75,0.0,0.1,10,5,0.5,True,42,61,61,3,0.6924506498105598,0.6921329021453857,0.001
dropout_rate,0.3,64,2,0.3,False,0.001,32,75,0.0,0.1,10,5,0.5,True,42,61,61,4,0.6900219587665616,0.692370887597402,0.001
dropout_rate,0.3,64,2,0.3,False,0.001,32,75,0.0,0.1,10,5,0.5,True,42,61,61,5,0.6865965019572865,0.6924621820449829,0.001
dropout_rate,0.3,64,2,0.3,False,0.001,32,75,0.0,0.1,10,5,0.5,True,42,61,61,6,0.6841121139851484,0.7043703118960063,0.001
dropout_rate,0.3,64,2,0.3,False,0.001,32,75,0.0,0.1,10,5,0.5,True,42,61,61,7,0.6809228320013393,0.6978643933931986,0.001
dropout_rate,0.3,64,2,0.3,False,0.001,32,75,0.0,0.1,10,5,0.5,True,42,61,61,8,0.6741548225735173,0.7024165630340576,0.001
dropout_rate,0.3,64,2,0.3,False,0.001,32,75,0.0,0.1,10,5,0.5,True,42,61,61,9,0.6657048007755568,0.7218291997909546,0.001
dropout_rate,0.3,64,2,0.3,False,0.001,32,75,0.0,0.1,10,5,0.5,True,42,61,61,10,0.6479167337670471,0.7369138121604919,0.001
dropout_rate,0.3,64,2,0.3,False,0.001,32,75,0.0,0.1,10,5,0.5,True,42,61,61,11,0.6374982852827419,0.740460483233134,0.001
dropout_rate,0.3,64,2,0.3,False,0.001,32,75,0.0,0.1,10,5,0.5,True,42,61,61,12,0.6268511540961988,0.7572046677271526,0.001
dropout_rate,0.3,64,2,0.3,False,0.001,32,75,0.0,0.1,10,5,0.5,True,42,61,61,13,0.6195652609070142,0.7496434569358825,0.001
dropout_rate,0.3,64,2,0.3,False,0.001,32,75,0.0,0.1,10,5,0.5,True,42,62,62,1,0.6935971108349887,0.6936532298723856,0.001
dropout_rate,0.3,64,2,0.3,False,0.001,32,75,0.0,0.1,10,5,0.5,True,42,62,62,2,0.693295799873092,0.6930346091588339,0.001
dropout_rate,0.3,64,2,0.3,False,0.001,32,75,0.0,0.1,10,5,0.5,True,42,62,62,3,0.6917143306045821,0.6935526013374329,0.001
dropout_rate,0.3,64,2,0.3,False,0.001,32,75,0.0,0.1,10,5,0.5,True,42,62,62,4,0.689117024342219,0.6961035092671712,0.001
dropout_rate,0.3,64,2,0.3,False,0.001,32,75,0.0,0.1,10,5,0.5,True,42,62,62,5,0.6857669963078066,0.7014484922091166,0.001
dropout_rate,0.3,64,2,0.3,False,0.001,32,75,0.0,0.1,10,5,0.5,True,42,62,62,6,0.6795057839516437,0.7076741814613342,0.001
dropout_rate,0.3,64,2,0.3,False,0.001,32,75,0.0,0.1,10,5,0.5,True,42,62,62,7,0.6728310445041368,0.7060012737909953,0.001
dropout_rate,0.3,64,2,0.3,False,0.001,32,75,0.0,0.1,10,5,0.5,True,42,62,62,8,0.6682813655246388,0.7056163271268209,0.001
dropout_rate,0.3,64,2,0.3,False,0.001,32,75,0.0,0.1,10,5,0.5,True,42,62,62,9,0.6529439683213378,0.7281648953755696,0.001
dropout_rate,0.3,64,2,0.3,False,0.001,32,75,0.0,0.1,10,5,0.5,True,42,62,62,10,0.6424986042759635,0.728662645816803,0.001
dropout_rate,0.3,64,2,0.3,False,0.001,32,75,0.0,0.1,10,5,0.5,True,42,62,62,11,0.6308619714144504,0.7603035370508829,0.001
dropout_rate,0.3,64,2,0.3,False,0.001,32,75,0.0,0.1,10,5,0.5,True,42,62,62,12,0.6206360718969143,0.777255900700887,0.001
dropout_rate,0.3,64,2,0.3,False,0.001,32,75,0.0,0.1,10,5,0.5,True,42,63,63,1,0.6938896942319293,0.6925302267074585,0.001
dropout_rate,0.3,64,2,0.3,False,0.001,32,75,0.0,0.1,10,5,0.5,True,42,63,63,2,0.6921416886828162,0.6928467432657878,0.001
dropout_rate,0.3,64,2,0.3,False,0.001,32,75,0.0,0.1,10,5,0.5,True,42,63,63,3,0.6911624638420163,0.6928322315216064,0.001
dropout_rate,0.3,64,2,0.3,False,0.001,32,75,0.0,0.1,10,5,0.5,True,42,63,63,4,0.6891869505246481,0.6939493457476298,0.001
dropout_rate,0.3,64,2,0.3,False,0.001,32,75,0.0,0.1,10,5,0.5,True,42,63,63,5,0.6856973627299974,0.6989525119463603,0.001
dropout_rate,0.3,64,2,0.3,False,0.001,32,75,0.0,0.1,10,5,0.5,True,42,63,63,6,0.6842973105835192,0.6968453884124756,0.001
dropout_rate,0.3,64,2,0.3,False,0.001,32,75,0.0,0.1,10,5,0.5,True,42,63,63,7,0.6764218256329045,0.7068987647692363,0.001
dropout_rate,0.3,64,2,0.3,False,0.001,32,75,0.0,0.1,10,5,0.5,True,42,63,63,8,0.6649110850059625,0.7136085629463196,0.001
dropout_rate,0.3,64,2,0.3,False,0.001,32,75,0.0,0.1,10,5,0.5,True,42,63,63,9,0.657554700067549,0.7153741121292114,0.001
dropout_rate,0.3,64,2,0.3,False,0.001,32,75,0.0,0.1,10,5,0.5,True,42,63,63,10,0.6525450479803663,0.7366939862569173,0.001
dropout_rate,0.3,64,2,0.3,False,0.001,32,75,0.0,0.1,10,5,0.5,True,42,63,63,11,0.6456356308225429,0.7305397073427836,0.001
dropout_rate,0.3,64,2,0.3,False,0.001,32,75,0.0,0.1,10,5,0.5,True,42,64,64,1,0.6939556219361045,0.6949272751808167,0.001
dropout_rate,0.3,64,2,0.3,False,0.001,32,75,0.0,0.1,10,5,0.5,True,42,64,64,2,0.6925415487000437,0.6923847158749898,0.001
dropout_rate,0.3,64,2,0.3,False,0.001,32,75,0.0,0.1,10,5,0.5,True,42,64,64,3,0.6912375954967557,0.691623576482137,0.001
dropout_rate,0.3,64,2,0.3,False,0.001,32,75,0.0,0.1,10,5,0.5,True,42,64,64,4,0.6891971040855754,0.6937226772308349,0.001
dropout_rate,0.3,64,2,0.3,False,0.001,32,75,0.0,0.1,10,5,0.5,True,42,64,64,5,0.6862482383395686,0.6949275255203247,0.001
dropout_rate,0.3,64,2,0.3,False,0.001,32,75,0.0,0.1,10,5,0.5,True,42,64,64,6,0.6822299921151364,0.7044402360916138,0.001
dropout_rate,0.3,64,2,0.3,False,0.001,32,75,0.0,0.1,10,5,0.5,True,42,64,64,7,0.675086057547367,0.7175874431927999,0.001
dropout_rate,0.3,64,2,0.3,False,0.001,32,75,0.0,0.1,10,5,0.5,True,42,64,64,8,0.6698624175606351,0.7342528621355693,0.001
dropout_rate,0.3,64,2,0.3,False,0.001,32,75,0.0,0.1,10,5,0.5,True,42,64,64,9,0.6672380792372155,0.7095720847447713,0.001
dropout_rate,0.3,64,2,0.3,False,0.001,32,75,0.0,0.1,10,5,0.5,True,42,64,64,10,0.655489672314037,0.7515461802482605,0.001
dropout_rate,0.3,64,2,0.3,False,0.001,32,75,0.0,0.1,10,5,0.5,True,42,64,64,11,0.6442550971652522,0.7682232618331909,0.001
dropout_rate,0.3,64,2,0.3,False,0.001,32,75,0.0,0.1,10,5,0.5,True,42,64,64,12,0.6404407408201334,0.7659527977307637,0.001
dropout_rate,0.3,64,2,0.3,False,0.001,32,75,0.0,0.1,10,5,0.5,True,42,64,64,13,0.6330253181583954,0.7624447743097941,0.001
dropout_rate,0.3,64,2,0.3,False,0.001,32,75,0.0,0.1,10,5,0.5,True,42,65,65,1,0.6940028563593373,0.6920372605323791,0.001
dropout_rate,0.3,64,2,0.3,False,0.001,32,75,0.0,0.1,10,5,0.5,True,42,65,65,2,0.6930342709476297,0.6927091399828593,0.001
dropout_rate,0.3,64,2,0.3,False,0.001,32,75,0.0,0.1,10,5,0.5,True,42,65,65,3,0.692027976567095,0.6920317093531291,0.001
dropout_rate,0.3,64,2,0.3,False,0.001,32,75,0.0,0.1,10,5,0.5,True,42,65,65,4,0.6900237798690796,0.6934830745061239,0.001
dropout_rate,0.3,64,2,0.3,False,0.001,32,75,0.0,0.1,10,5,0.5,True,42,65,65,5,0.6886644209876205,0.691416072845459,0.001
dropout_rate,0.3,64,2,0.3,False,0.001,32,75,0.0,0.1,10,5,0.5,True,42,65,65,6,0.6848008727485483,0.6936332662900289,0.001
dropout_rate,0.3,64,2,0.3,False,0.001,32,75,0.0,0.1,10,5,0.5,True,42,65,65,7,0.6795541373166171,0.7006651480992635,0.001
dropout_rate,0.3,64,2,0.3,False,0.001,32,75,0.0,0.1,10,5,0.5,True,42,65,65,8,0.6761255630038001,0.7063616911570231,0.001
dropout_rate,0.3,64,2,0.3,False,0.001,32,75,0.0,0.1,10,5,0.5,True,42,65,65,9,0.666630972515453,0.7174738645553589,0.001
dropout_rate,0.3,64,2,0.3,False,0.001,32,75,0.0,0.1,10,5,0.5,True,42,65,65,10,0.6592009776469433,0.7245141108830769,0.001
dropout_rate,0.3,64,2,0.3,False,0.001,32,75,0.0,0.1,10,5,0.5,True,42,65,65,11,0.6509193168445067,0.7315425078074137,0.001
dropout_rate,0.3,64,2,0.3,False,0.001,32,75,0.0,0.1,10,5,0.5,True,42,65,65,12,0.6242614302671317,0.7727828939755758,0.001
dropout_rate,0.3,64,2,0.3,False,0.001,32,75,0.0,0.1,10,5,0.5,True,42,65,65,13,0.6150461074077722,0.7771318872769674,0.001
dropout_rate,0.3,64,2,0.3,False,0.001,32,75,0.0,0.1,10,5,0.5,True,42,65,65,14,0.6011158595934059,0.8218508680661519,0.001
dropout_rate,0.3,64,2,0.3,False,0.001,32,75,0.0,0.1,10,5,0.5,True,42,65,65,15,0.587102470072833,0.851314659913381,0.001
dropout_rate,0.3,64,2,0.3,False,0.001,32,75,0.0,0.1,10,5,0.5,True,42,66,66,1,0.6940485640908732,0.6953121781349182,0.001
dropout_rate,0.3,64,2,0.3,False,0.001,32,75,0.0,0.1,10,5,0.5,True,42,66,66,2,0.6928033332029978,0.6944729725519816,0.001
dropout_rate,0.3,64,2,0.3,False,0.001,32,75,0.0,0.1,10,5,0.5,True,42,66,66,3,0.6905071035479055,0.6952044685681661,0.001
dropout_rate,0.3,64,2,0.3,False,0.001,32,75,0.0,0.1,10,5,0.5,True,42,66,66,4,0.6890190076647382,0.6976478934288025,0.001
dropout_rate,0.3,64,2,0.3,False,0.001,32,75,0.0,0.1,10,5,0.5,True,42,66,66,5,0.6876647016315749,0.6962195118268331,0.001
dropout_rate,0.3,64,2,0.3,False,0.001,32,75,0.0,0.1,10,5,0.5,True,42,66,66,6,0.6852450438521125,0.6957689682642619,0.001
dropout_rate,0.3,64,2,0.3,False,0.001,32,75,0.0,0.1,10,5,0.5,True,42,66,66,7,0.6826681684363972,0.6942214131355285,0.001
dropout_rate,0.3,64,2,0.3,False,0.001,32,75,0.0,0.1,10,5,0.5,True,42,66,66,8,0.6770412754831892,0.700212828318278,0.001
dropout_rate,0.3,64,2,0.3,False,0.001,32,75,0.0,0.1,10,5,0.5,True,42,66,66,9,0.6711843049887455,0.7005202094713847,0.001
dropout_rate,0.3,64,2,0.3,False,0.001,32,75,0.0,0.1,10,5,0.5,True,42,66,66,10,0.6627409805854162,0.7020521561304728,0.001
dropout_rate,0.3,64,2,0.3,False,0.001,32,75,0.0,0.1,10,5,0.5,True,42,66,66,11,0.6505942322088011,0.7222097277641296,0.001
dropout_rate,0.3,64,2,0.3,False,0.001,32,75,0.0,0.1,10,5,0.5,True,42,66,66,12,0.6522442517858563,0.7299170017242431,0.001
dropout_rate,0.3,64,2,0.3,False,0.001,32,75,0.0,0.1,10,5,0.5,True,42,66,66,13,0.6335699851765777,0.7301227966944377,0.001
dropout_rate,0.3,64,2,0.3,False,0.001,32,75,0.0,0.1,10,5,0.5,True,42,66,66,14,0.6148797036571936,0.7406980435053507,0.001
dropout_rate,0.3,64,2,0.3,False,0.001,32,75,0.0,0.1,10,5,0.5,True,42,66,66,15,0.594695098472364,0.8201578060785929,0.001
dropout_rate,0.3,64,2,0.3,False,0.001,32,75,0.0,0.1,10,5,0.5,True,42,66,66,16,0.5790235303116568,0.8137703816095988,0.001
dropout_rate,0.3,64,2,0.3,False,0.001,32,75,0.0,0.1,10,5,0.5,True,42,66,66,17,0.5677208868843137,0.8305288434028626,0.001
dropout_rate,0.3,64,2,0.3,False,0.001,32,75,0.0,0.1,10,5,0.5,True,42,67,67,1,0.6926902085542679,0.6964893937110901,0.001
dropout_rate,0.3,64,2,0.3,False,0.001,32,75,0.0,0.1,10,5,0.5,True,42,67,67,2,0.6930827349424362,0.693836490313212,0.001
dropout_rate,0.3,64,2,0.3,False,0.001,32,75,0.0,0.1,10,5,0.5,True,42,67,67,3,0.6908523142337799,0.6934900482495626,0.001
dropout_rate,0.3,64,2,0.3,False,0.001,32,75,0.0,0.1,10,5,0.5,True,42,67,67,4,0.6894893939747955,0.6944203972816467,0.001
dropout_rate,0.3,64,2,0.3,False,0.001,32,75,0.0,0.1,10,5,0.5,True,42,67,67,5,0.6873110230221893,0.7050344030062358,0.001
dropout_rate,0.3,64,2,0.3,False,0.001,32,75,0.0,0.1,10,5,0.5,True,42,67,67,6,0.6822862995393348,0.7046238263448079,0.001
dropout_rate,0.3,64,2,0.3,False,0.001,32,75,0.0,0.1,10,5,0.5,True,42,67,67,7,0.6781644988240618,0.6897276043891907,0.001
dropout_rate,0.3,64,2,0.3,False,0.001,32,75,0.0,0.1,10,5,0.5,True,42,67,67,8,0.6698806023958958,0.7024359226226806,0.001
dropout_rate,0.3,64,2,0.3,False,0.001,32,75,0.0,0.1,10,5,0.5,True,42,67,67,9,0.6603082188151099,0.7187350114186605,0.001
dropout_rate,0.3,64,2,0.3,False,0.001,32,75,0.0,0.1,10,5,0.5,True,42,67,67,10,0.6545663317947676,0.7317723751068115,0.001
dropout_rate,0.3,64,2,0.3,False,0.001,32,75,0.0,0.1,10,5,0.5,True,42,67,67,11,0.6402082662239219,0.7241052150726318,0.001
dropout_rate,0.3,64,2,0.3,False,0.001,32,75,0.0,0.1,10,5,0.5,True,42,67,67,12,0.6330421734036822,0.7357260902722677,0.001
dropout_rate,0.3,64,2,0.3,False,0.001,32,75,0.0,0.1,10,5,0.5,True,42,67,67,13,0.6188569317261378,0.7464052716890971,0.001
dropout_rate,0.3,64,2,0.3,False,0.001,32,75,0.0,0.1,10,5,0.5,True,42,67,67,14,0.5876195347218802,0.8031743963559469,0.001
dropout_rate,0.3,64,2,0.3,False,0.001,32,75,0.0,0.1,10,5,0.5,True,42,67,67,15,0.5699001218784939,0.8336062510808309,0.001
dropout_rate,0.3,64,2,0.3,False,0.001,32,75,0.0,0.1,10,5,0.5,True,42,67,67,16,0.5571579398079352,0.8835341215133667,0.001
dropout_rate,0.3,64,2,0.3,False,0.001,32,75,0.0,0.1,10,5,0.5,True,42,67,67,17,0.5433419507109758,0.8755383809407552,0.001
dropout_rate,0.3,64,2,0.3,False,0.001,32,75,0.0,0.1,10,5,0.5,True,42,68,68,1,0.693794073028998,0.6949500322341919,0.001
dropout_rate,0.3,64,2,0.3,False,0.001,32,75,0.0,0.1,10,5,0.5,True,42,68,68,2,0.6928600601174615,0.6949273427327474,0.001
dropout_rate,0.3,64,2,0.3,False,0.001,32,75,0.0,0.1,10,5,0.5,True,42,68,68,3,0.6914126552415617,0.6927748680114746,0.001
dropout_rate,0.3,64,2,0.3,False,0.001,32,75,0.0,0.1,10,5,0.5,True,42,68,68,4,0.6900520433079113,0.6964569926261902,0.001
dropout_rate,0.3,64,2,0.3,False,0.001,32,75,0.0,0.1,10,5,0.5,True,42,68,68,5,0.685953054915775,0.6957254409790039,0.001
dropout_rate,0.3,64,2,0.3,False,0.001,32,75,0.0,0.1,10,5,0.5,True,42,68,68,6,0.6839752129533074,0.697294282913208,0.001
dropout_rate,0.3,64,2,0.3,False,0.001,32,75,0.0,0.1,10,5,0.5,True,42,68,68,7,0.6762628085685499,0.7011845072110494,0.001
dropout_rate,0.3,64,2,0.3,False,0.001,32,75,0.0,0.1,10,5,0.5,True,42,68,68,8,0.6695775710272066,0.6984689593315124,0.001
dropout_rate,0.3,64,2,0.3,False,0.001,32,75,0.0,0.1,10,5,0.5,True,42,68,68,9,0.6645853998083057,0.71488516330719,0.001
dropout_rate,0.3,64,2,0.3,False,0.001,32,75,0.0,0.1,10,5,0.5,True,42,68,68,10,0.6433410545190176,0.7279842734336853,0.001
dropout_rate,0.3,64,2,0.3,False,0.001,32,75,0.0,0.1,10,5,0.5,True,42,68,68,11,0.6312204658082037,0.7660512626171112,0.001
dropout_rate,0.3,64,2,0.3,False,0.001,32,75,0.0,0.1,10,5,0.5,True,42,68,68,12,0.6238503302588607,0.7659610072771709,0.001
dropout_rate,0.3,64,2,0.3,False,0.001,32,75,0.0,0.1,10,5,0.5,True,42,68,68,13,0.6107558429692731,0.7602433164914449,0.001
dropout_rate,0.3,64,2,0.3,False,0.001,32,75,0.0,0.1,10,5,0.5,True,42,69,69,1,0.6932533424008976,0.6921361525853474,0.001
dropout_rate,0.3,64,2,0.3,False,0.001,32,75,0.0,0.1,10,5,0.5,True,42,69,69,2,0.6924162326437054,0.69237273534139,0.001
dropout_rate,0.3,64,2,0.3,False,0.001,32,75,0.0,0.1,10,5,0.5,True,42,69,69,3,0.6913599507375197,0.6898668011029562,0.001
dropout_rate,0.3,64,2,0.3,False,0.001,32,75,0.0,0.1,10,5,0.5,True,42,69,69,4,0.6895388915683284,0.6891050100326538,0.001
dropout_rate,0.3,64,2,0.3,False,0.001,32,75,0.0,0.1,10,5,0.5,True,42,69,69,5,0.6851905141815995,0.6924390514691671,0.001
dropout_rate,0.3,64,2,0.3,False,0.001,32,75,0.0,0.1,10,5,0.5,True,42,69,69,6,0.6820372406280402,0.6977494279543559,0.001
dropout_rate,0.3,64,2,0.3,False,0.001,32,75,0.0,0.1,10,5,0.5,True,42,69,69,7,0.6779493666959532,0.6935638626416524,0.001
dropout_rate,0.3,64,2,0.3,False,0.001,32,75,0.0,0.1,10,5,0.5,True,42,69,69,8,0.6699382391842928,0.7057446877161662,0.001
dropout_rate,0.3,64,2,0.3,False,0.001,32,75,0.0,0.1,10,5,0.5,True,42,69,69,9,0.6626260434136246,0.7104218403498331,0.001
dropout_rate,0.3,64,2,0.3,False,0.001,32,75,0.0,0.1,10,5,0.5,True,42,69,69,10,0.6533067515402129,0.7281527757644654,0.001
dropout_rate,0.3,64,2,0.3,False,0.001,32,75,0.0,0.1,10,5,0.5,True,42,69,69,11,0.6356899596073411,0.7422327399253845,0.001
dropout_rate,0.3,64,2,0.3,False,0.001,32,75,0.0,0.1,10,5,0.5,True,42,69,69,12,0.622663753953847,0.8165034373601278,0.001
dropout_rate,0.3,64,2,0.3,False,0.001,32,75,0.0,0.1,10,5,0.5,True,42,69,69,13,0.6143064232486667,0.8111924370129903,0.001
dropout_rate,0.3,64,2,0.3,False,0.001,32,75,0.0,0.1,10,5,0.5,True,42,69,69,14,0.5993055520635663,0.8083339174588521,0.001
dropout_rate,0.3,64,2,0.3,False,0.001,32,75,0.0,0.1,10,5,0.5,True,42,70,70,1,0.6942553827256868,0.6938081701596578,0.001
dropout_rate,0.3,64,2,0.3,False,0.001,32,75,0.0,0.1,10,5,0.5,True,42,70,70,2,0.692464786045479,0.6940027793248494,0.001
dropout_rate,0.3,64,2,0.3,False,0.001,32,75,0.0,0.1,10,5,0.5,True,42,70,70,3,0.6913634665084608,0.692195987701416,0.001
dropout_rate,0.3,64,2,0.3,False,0.001,32,75,0.0,0.1,10,5,0.5,True,42,70,70,4,0.6894413047667706,0.6925724744796753,0.001
dropout_rate,0.3,64,2,0.3,False,0.001,32,75,0.0,0.1,10,5,0.5,True,42,70,70,5,0.686817027854197,0.6951688090960185,0.001
dropout_rate,0.3,64,2,0.3,False,0.001,32,75,0.0,0.1,10,5,0.5,True,42,70,70,6,0.6852419642787991,0.6979426185290019,0.001
dropout_rate,0.3,64,2,0.3,False,0.001,32,75,0.0,0.1,10,5,0.5,True,42,70,70,7,0.6820314454309868,0.707276173432668,0.001
dropout_rate,0.3,64,2,0.3,False,0.001,32,75,0.0,0.1,10,5,0.5,True,42,70,70,8,0.6750285083597357,0.7013883590698242,0.001
dropout_rate,0.3,64,2,0.3,False,0.001,32,75,0.0,0.1,10,5,0.5,True,42,70,70,9,0.6673118752060514,0.7067689538002014,0.001
dropout_rate,0.3,64,2,0.3,False,0.001,32,75,0.0,0.1,10,5,0.5,True,42,70,70,10,0.6538999356103666,0.7261077761650085,0.001
dropout_rate,0.3,64,2,0.3,False,0.001,32,75,0.0,0.1,10,5,0.5,True,42,70,70,11,0.6404432541493214,0.7530186772346497,0.001
dropout_rate,0.3,64,2,0.3,False,0.001,32,75,0.0,0.1,10,5,0.5,True,42,70,70,12,0.6317827466762427,0.7556337038675944,0.001
dropout_rate,0.3,64,2,0.3,False,0.001,32,75,0.0,0.1,10,5,0.5,True,42,70,70,13,0.6160866532361868,0.7617522915204366,0.001
dropout_rate,0.3,64,2,0.3,False,0.001,32,75,0.0,0.1,10,5,0.5,True,42,71,71,1,0.6934681078701308,0.6932124892870585,0.001
dropout_rate,0.3,64,2,0.3,False,0.001,32,75,0.0,0.1,10,5,0.5,True,42,71,71,2,0.6926368204030123,0.6931926369667053,0.001
dropout_rate,0.3,64,2,0.3,False,0.001,32,75,0.0,0.1,10,5,0.5,True,42,71,71,3,0.6922747361840624,0.6931827068328857,0.001
dropout_rate,0.3,64,2,0.3,False,0.001,32,75,0.0,0.1,10,5,0.5,True,42,71,71,4,0.690460975874554,0.6910767038663228,0.001
dropout_rate,0.3,64,2,0.3,False,0.001,32,75,0.0,0.1,10,5,0.5,True,42,71,71,5,0.6880888103535681,0.6942752361297607,0.001
dropout_rate,0.3,64,2,0.3,False,0.001,32,75,0.0,0.1,10,5,0.5,True,42,71,71,6,0.6842754338726853,0.6935196280479431,0.001
dropout_rate,0.3,64,2,0.3,False,0.001,32,75,0.0,0.1,10,5,0.5,True,42,71,71,7,0.681015336152279,0.6929370760917664,0.001
dropout_rate,0.3,64,2,0.3,False,0.001,32,75,0.0,0.1,10,5,0.5,True,42,71,71,8,0.6758931238542903,0.6963277459144592,0.001
dropout_rate,0.3,64,2,0.3,False,0.001,32,75,0.0,0.1,10,5,0.5,True,42,71,71,9,0.6670498798290888,0.6998476187388102,0.001
dropout_rate,0.3,64,2,0.3,False,0.001,32,75,0.0,0.1,10,5,0.5,True,42,71,71,10,0.6574223854325034,0.7162663181622823,0.001
dropout_rate,0.3,64,2,0.3,False,0.001,32,75,0.0,0.1,10,5,0.5,True,42,71,71,11,0.6385415661515612,0.7285533388455708,0.001
dropout_rate,0.3,64,2,0.3,False,0.001,32,75,0.0,0.1,10,5,0.5,True,42,71,71,12,0.6224779653729815,0.7473252733548482,0.001
dropout_rate,0.3,64,2,0.3,False,0.001,32,75,0.0,0.1,10,5,0.5,True,42,71,71,13,0.6133086579767141,0.737862769762675,0.001
dropout_rate,0.3,64,2,0.3,False,0.001,32,75,0.0,0.1,10,5,0.5,True,42,71,71,14,0.5990623059597883,0.7525216221809388,0.001
dropout_rate,0.3,64,2,0.3,False,0.001,32,75,0.0,0.1,10,5,0.5,True,42,72,72,1,0.6938790940877163,0.69406685034434,0.001
dropout_rate,0.3,64,2,0.3,False,0.001,32,75,0.0,0.1,10,5,0.5,True,42,72,72,2,0.6928214182456335,0.6967985908190409,0.001
dropout_rate,0.3,64,2,0.3,False,0.001,32,75,0.0,0.1,10,5,0.5,True,42,72,72,3,0.6916567105235476,0.6958195805549622,0.001
dropout_rate,0.3,64,2,0.3,False,0.001,32,75,0.0,0.1,10,5,0.5,True,42,72,72,4,0.6907516252813917,0.69187490940094,0.001
dropout_rate,0.3,64,2,0.3,False,0.001,32,75,0.0,0.1,10,5,0.5,True,42,72,72,5,0.688452195037495,0.6977537393569946,0.001
dropout_rate,0.3,64,2,0.3,False,0.001,32,75,0.0,0.1,10,5,0.5,True,42,72,72,6,0.6864134019071405,0.6956807812054951,0.001
dropout_rate,0.3,64,2,0.3,False,0.001,32,75,0.0,0.1,10,5,0.5,True,42,72,72,7,0.6818267052823846,0.6968763589859008,0.001
dropout_rate,0.3,64,2,0.3,False,0.001,32,75,0.0,0.1,10,5,0.5,True,42,72,72,8,0.6777716847983274,0.6957213322321574,0.001
dropout_rate,0.3,64,2,0.3,False,0.001,32,75,0.0,0.1,10,5,0.5,True,42,72,72,9,0.6700878188465581,0.6992406845092773,0.001
dropout_rate,0.3,64,2,0.3,False,0.001,32,75,0.0,0.1,10,5,0.5,True,42,72,72,10,0.6661095632748171,0.7049481034278869,0.001
dropout_rate,0.3,64,2,0.3,False,0.001,32,75,0.0,0.1,10,5,0.5,True,42,72,72,11,0.6493717404929075,0.7372907121976217,0.001
dropout_rate,0.3,64,2,0.3,False,0.001,32,75,0.0,0.1,10,5,0.5,True,42,72,72,12,0.6429828838868574,0.7359163602193196,0.001
dropout_rate,0.3,64,2,0.3,False,0.001,32,75,0.0,0.1,10,5,0.5,True,42,72,72,13,0.6271642956769827,0.7577561219533284,0.001
dropout_rate,0.3,64,2,0.3,False,0.001,32,75,0.0,0.1,10,5,0.5,True,42,72,72,14,0.6155071698806502,0.7987321694691976,0.001
dropout_rate,0.3,64,2,0.3,False,0.001,32,75,0.0,0.1,10,5,0.5,True,42,73,73,1,0.6937875905723283,0.6922307054201762,0.001
dropout_rate,0.3,64,2,0.3,False,0.001,32,75,0.0,0.1,10,5,0.5,True,42,73,73,2,0.6928027127728318,0.6922236601511638,0.001
dropout_rate,0.3,64,2,0.3,False,0.001,32,75,0.0,0.1,10,5,0.5,True,42,73,73,3,0.6912037820527048,0.6917120536168416,0.001
dropout_rate,0.3,64,2,0.3,False,0.001,32,75,0.0,0.1,10,5,0.5,True,42,73,73,4,0.688133922941757,0.6936981757481893,0.001
dropout_rate,0.3,64,2,0.3,False,0.001,32,75,0.0,0.1,10,5,0.5,True,42,73,73,5,0.6854314397681843,0.6923778732617696,0.001
dropout_rate,0.3,64,2,0.3,False,0.001,32,75,0.0,0.1,10,5,0.5,True,42,73,73,6,0.6818983193599817,0.7047560532887777,0.001
dropout_rate,0.3,64,2,0.3,False,0.001,32,75,0.0,0.1,10,5,0.5,True,42,73,73,7,0.6746633219899554,0.7103447794914246,0.001
dropout_rate,0.3,64,2,0.3,False,0.001,32,75,0.0,0.1,10,5,0.5,True,42,73,73,8,0.6758471144871279,0.6974922060966492,0.001
dropout_rate,0.3,64,2,0.3,False,0.001,32,75,0.0,0.1,10,5,0.5,True,42,73,73,9,0.6692765472513257,0.7217790524164835,0.001
dropout_rate,0.3,64,2,0.3,False,0.001,32,75,0.0,0.1,10,5,0.5,True,42,73,73,10,0.6577622177022876,0.7280880888303121,0.001
dropout_rate,0.3,64,2,0.3,False,0.001,32,75,0.0,0.1,10,5,0.5,True,42,73,73,11,0.6485318591197332,0.7445757826169331,0.001
dropout_rate,0.3,64,2,0.3,False,0.001,32,75,0.0,0.1,10,5,0.5,True,42,73,73,12,0.6392093052466711,0.7393435796101888,0.001
dropout_rate,0.3,64,2,0.3,False,0.001,32,75,0.0,0.1,10,5,0.5,True,42,73,73,13,0.6275484349691507,0.7536912520726522,0.001
dropout_rate,0.3,64,2,0.3,False,0.001,32,75,0.0,0.1,10,5,0.5,True,42,74,74,1,0.6942193088206378,0.6916664759318034,0.001
dropout_rate,0.3,64,2,0.3,False,0.001,32,75,0.0,0.1,10,5,0.5,True,42,74,74,2,0.6933384284828649,0.6906455794970194,0.001
dropout_rate,0.3,64,2,0.3,False,0.001,32,75,0.0,0.1,10,5,0.5,True,42,74,74,3,0.6912735343882532,0.6887698213259379,0.001
dropout_rate,0.3,64,2,0.3,False,0.001,32,75,0.0,0.1,10,5,0.5,True,42,74,74,4,0.6899041280601964,0.6902863423029582,0.001
dropout_rate,0.3,64,2,0.3,False,0.001,32,75,0.0,0.1,10,5,0.5,True,42,74,74,5,0.6868590540958174,0.7087920546531677,0.001
dropout_rate,0.3,64,2,0.3,False,0.001,32,75,0.0,0.1,10,5,0.5,True,42,74,74,6,0.6812478638056553,0.6914702137311299,0.001
dropout_rate,0.3,64,2,0.3,False,0.001,32,75,0.0,0.1,10,5,0.5,True,42,74,74,7,0.6761852421543815,0.699203101793925,0.001
dropout_rate,0.3,64,2,0.3,False,0.001,32,75,0.0,0.1,10,5,0.5,True,42,74,74,8,0.672734256495129,0.700925608476003,0.001
dropout_rate,0.3,64,2,0.3,False,0.001,32,75,0.0,0.1,10,5,0.5,True,42,74,74,9,0.66290560093793,0.7364881952603658,0.001
dropout_rate,0.3,64,2,0.3,False,0.001,32,75,0.0,0.1,10,5,0.5,True,42,74,74,10,0.6511665429129745,0.7242897868156433,0.001
dropout_rate,0.3,64,2,0.3,False,0.001,32,75,0.0,0.1,10,5,0.5,True,42,74,74,11,0.6400493902690483,0.7261245250701904,0.001
dropout_rate,0.3,64,2,0.3,False,0.001,32,75,0.0,0.1,10,5,0.5,True,42,74,74,12,0.6326978892991038,0.7185118436813355,0.001
dropout_rate,0.3,64,2,0.3,False,0.001,32,75,0.0,0.1,10,5,0.5,True,42,74,74,13,0.6241270660450964,0.7406510392824809,0.001
dropout_rate,0.3,64,2,0.3,False,0.001,32,75,0.0,0.1,10,5,0.5,True,42,75,75,1,0.6948704778245001,0.6940012375513712,0.001
dropout_rate,0.3,64,2,0.3,False,0.001,32,75,0.0,0.1,10,5,0.5,True,42,75,75,2,0.6926451497005693,0.6938233892122905,0.001
dropout_rate,0.3,64,2,0.3,False,0.001,32,75,0.0,0.1,10,5,0.5,True,42,75,75,3,0.6917431042952971,0.6952733675638835,0.001
dropout_rate,0.3,64,2,0.3,False,0.001,32,75,0.0,0.1,10,5,0.5,True,42,75,75,4,0.6911649645277949,0.6959458072980245,0.001
dropout_rate,0.3,64,2,0.3,False,0.001,32,75,0.0,0.1,10,5,0.5,True,42,75,75,5,0.6889777838280706,0.6962369759877522,0.001
dropout_rate,0.3,64,2,0.3,False,0.001,32,75,0.0,0.1,10,5,0.5,True,42,75,75,6,0.6860277711442022,0.7037742853164672,0.001
dropout_rate,0.3,64,2,0.3,False,0.001,32,75,0.0,0.1,10,5,0.5,True,42,75,75,7,0.6829846948385239,0.6995906909306844,0.001
dropout_rate,0.3,64,2,0.3,False,0.001,32,75,0.0,0.1,10,5,0.5,True,42,75,75,8,0.6765371827465115,0.7136778275171916,0.001
dropout_rate,0.3,64,2,0.3,False,0.001,32,75,0.0,0.1,10,5,0.5,True,42,75,75,9,0.662933626409733,0.7315272212028503,0.001
dropout_rate,0.3,64,2,0.3,False,0.001,32,75,0.0,0.1,10,5,0.5,True,42,75,75,10,0.6532226448709314,0.7372507691383362,0.001
dropout_rate,0.3,64,2,0.3,False,0.001,32,75,0.0,0.1,10,5,0.5,True,42,75,75,11,0.6408057068333481,0.7489434560139974,0.001
dropout_rate,0.3,64,2,0.3,False,0.001,32,75,0.0,0.1,10,5,0.5,True,42,75,75,12,0.6320324104392168,0.7620664993921916,0.001
dropout_rate,0.3,64,2,0.3,False,0.001,32,75,0.0,0.1,10,5,0.5,True,42,76,76,1,0.6941017878778053,0.6920903126398722,0.001
dropout_rate,0.3,64,2,0.3,False,0.001,32,75,0.0,0.1,10,5,0.5,True,42,76,76,2,0.6921352965362144,0.6924091021219889,0.001
dropout_rate,0.3,64,2,0.3,False,0.001,32,75,0.0,0.1,10,5,0.5,True,42,76,76,3,0.6898214866717657,0.6950649142265319,0.001
dropout_rate,0.3,64,2,0.3,False,0.001,32,75,0.0,0.1,10,5,0.5,True,42,76,76,4,0.6880742546283838,0.6959278345108032,0.001
dropout_rate,0.3,64,2,0.3,False,0.001,32,75,0.0,0.1,10,5,0.5,True,42,76,76,5,0.68364517390728,0.7001136342684428,0.001
dropout_rate,0.3,64,2,0.3,False,0.001,32,75,0.0,0.1,10,5,0.5,True,42,76,76,6,0.6798152201103441,0.7035807291666667,0.001
dropout_rate,0.3,64,2,0.3,False,0.001,32,75,0.0,0.1,10,5,0.5,True,42,76,76,7,0.6758839257738807,0.7087423642476399,0.001
dropout_rate,0.3,64,2,0.3,False,0.001,32,75,0.0,0.1,10,5,0.5,True,42,76,76,8,0.6615217093265418,0.7287488102912902,0.001
dropout_rate,0.3,64,2,0.3,False,0.001,32,75,0.0,0.1,10,5,0.5,True,42,76,76,9,0.6531542629906626,0.7461716492970785,0.001
dropout_rate,0.3,64,2,0.3,False,0.001,32,75,0.0,0.1,10,5,0.5,True,42,76,76,10,0.6456890760949163,0.7551592906316121,0.001
dropout_rate,0.3,64,2,0.3,False,0.001,32,75,0.0,0.1,10,5,0.5,True,42,76,76,11,0.6373816624735341,0.7796253482500712,0.001
dropout_rate,0.3,64,2,0.3,False,0.001,32,75,0.0,0.1,10,5,0.5,True,42,77,77,1,0.6942694268443368,0.6936216394106547,0.001
dropout_rate,0.3,64,2,0.3,False,0.001,32,75,0.0,0.1,10,5,0.5,True,42,77,77,2,0.6920203878120943,0.6955532312393189,0.001
dropout_rate,0.3,64,2,0.3,False,0.001,32,75,0.0,0.1,10,5,0.5,True,42,77,77,3,0.6919435980645093,0.6940499901771545,0.001
dropout_rate,0.3,64,2,0.3,False,0.001,32,75,0.0,0.1,10,5,0.5,True,42,77,77,4,0.6882305827104684,0.6934679269790649,0.001
dropout_rate,0.3,64,2,0.3,False,0.001,32,75,0.0,0.1,10,5,0.5,True,42,77,77,5,0.6865284754471346,0.6925865014394125,0.001
dropout_rate,0.3,64,2,0.3,False,0.001,32,75,0.0,0.1,10,5,0.5,True,42,77,77,6,0.6820803429141189,0.7009022672971089,0.001
dropout_rate,0.3,64,2,0.3,False,0.001,32,75,0.0,0.1,10,5,0.5,True,42,77,77,7,0.6791581908861796,0.6946870446205139,0.001
dropout_rate,0.3,64,2,0.3,False,0.001,32,75,0.0,0.1,10,5,0.5,True,42,77,77,8,0.6736842127460422,0.704056958357493,0.001
dropout_rate,0.3,64,2,0.3,False,0.001,32,75,0.0,0.1,10,5,0.5,True,42,77,77,9,0.6641259238575444,0.7173704306284586,0.001
dropout_rate,0.3,64,2,0.3,False,0.001,32,75,0.0,0.1,10,5,0.5,True,42,77,77,10,0.6549494686451826,0.7217540780703227,0.001
dropout_rate,0.3,64,2,0.3,False,0.001,32,75,0.0,0.1,10,5,0.5,True,42,77,77,11,0.6436983658508821,0.7549696644147237,0.001
dropout_rate,0.3,64,2,0.3,False,0.001,32,75,0.0,0.1,10,5,0.5,True,42,77,77,12,0.6232764639637687,0.7675883452097575,0.001
dropout_rate,0.3,64,2,0.3,False,0.001,32,75,0.0,0.1,10,5,0.5,True,42,77,77,13,0.6073395413431254,0.7901202956835429,0.001
dropout_rate,0.3,64,2,0.3,False,0.001,32,75,0.0,0.1,10,5,0.5,True,42,77,77,14,0.5979190317518783,0.783910087744395,0.001
dropout_rate,0.3,64,2,0.3,False,0.001,32,75,0.0,0.1,10,5,0.5,True,42,77,77,15,0.5864027548920024,0.8339584310849507,0.001
dropout_rate,0.3,64,2,0.3,False,0.001,32,75,0.0,0.1,10,5,0.5,True,42,78,78,1,0.6948009738416383,0.6924047907193501,0.001
dropout_rate,0.3,64,2,0.3,False,0.001,32,75,0.0,0.1,10,5,0.5,True,42,78,78,2,0.6924544608954227,0.6924835721651713,0.001
dropout_rate,0.3,64,2,0.3,False,0.001,32,75,0.0,0.1,10,5,0.5,True,42,78,78,3,0.6910013344251749,0.6946262200673421,0.001
dropout_rate,0.3,64,2,0.3,False,0.001,32,75,0.0,0.1,10,5,0.5,True,42,78,78,4,0.6876308967669805,0.6963968634605407,0.001
dropout_rate,0.3,64,2,0.3,False,0.001,32,75,0.0,0.1,10,5,0.5,True,42,78,78,5,0.6860140255003264,0.6998971422513326,0.001
dropout_rate,0.3,64,2,0.3,False,0.001,32,75,0.0,0.1,10,5,0.5,True,42,78,78,6,0.6808981787074696,0.7056122144063314,0.001
dropout_rate,0.3,64,2,0.3,False,0.001,32,75,0.0,0.1,10,5,0.5,True,42,78,78,7,0.6760003747362079,0.7053279240926107,0.001
dropout_rate,0.3,64,2,0.3,False,0.001,32,75,0.0,0.1,10,5,0.5,True,42,78,78,8,0.6678933596069162,0.7176805377006531,0.001
dropout_rate,0.3,64,2,0.3,False,0.001,32,75,0.0,0.1,10,5,0.5,True,42,78,78,9,0.6577171827807571,0.7243162751197815,0.001
dropout_rate,0.3,64,2,0.3,False,0.001,32,75,0.0,0.1,10,5,0.5,True,42,78,78,10,0.6487142976486322,0.7471763014793396,0.001
dropout_rate,0.3,64,2,0.3,False,0.001,32,75,0.0,0.1,10,5,0.5,True,42,78,78,11,0.640532475529295,0.7581852873166403,0.001
dropout_rate,0.3,64,2,0.3,False,0.001,32,75,0.0,0.1,10,5,0.5,True,42,79,79,1,0.6942101396394499,0.6937177300453186,0.001
dropout_rate,0.3,64,2,0.3,False,0.001,32,75,0.0,0.1,10,5,0.5,True,42,79,79,2,0.6926153541514368,0.6937422593434651,0.001
dropout_rate,0.3,64,2,0.3,False,0.001,32,75,0.0,0.1,10,5,0.5,True,42,79,79,3,0.6918100516001383,0.6963151335716248,0.001
dropout_rate,0.3,64,2,0.3,False,0.001,32,75,0.0,0.1,10,5,0.5,True,42,79,79,4,0.6884114638422475,0.6941132028897603,0.001
dropout_rate,0.3,64,2,0.3,False,0.001,32,75,0.0,0.1,10,5,0.5,True,42,79,79,5,0.6876603297211907,0.6964729269345601,0.001
dropout_rate,0.3,64,2,0.3,False,0.001,32,75,0.0,0.1,10,5,0.5,True,42,79,79,6,0.6846289950789828,0.6966704765955607,0.001
dropout_rate,0.3,64,2,0.3,False,0.001,32,75,0.0,0.1,10,5,0.5,True,42,79,79,7,0.6794674017212607,0.6985326488812764,0.001
dropout_rate,0.3,64,2,0.3,False,0.001,32,75,0.0,0.1,10,5,0.5,True,42,79,79,8,0.6690238316853842,0.7151843428611755,0.001
dropout_rate,0.3,64,2,0.3,False,0.001,32,75,0.0,0.1,10,5,0.5,True,42,79,79,9,0.6590771088094423,0.733307401339213,0.001
dropout_rate,0.3,64,2,0.3,False,0.001,32,75,0.0,0.1,10,5,0.5,True,42,79,79,10,0.6511423741326188,0.735645059744517,0.001
dropout_rate,0.3,64,2,0.3,False,0.001,32,75,0.0,0.1,10,5,0.5,True,42,79,79,11,0.6408156874504957,0.7456021507581075,0.001
dropout_rate,0.3,64,2,0.3,False,0.001,32,75,0.0,0.1,10,5,0.5,True,42,80,80,1,0.6933311865185247,0.6916333436965942,0.001
dropout_rate,0.3,64,2,0.3,False,0.001,32,75,0.0,0.1,10,5,0.5,True,42,80,80,2,0.6924157571611982,0.6922481894493103,0.001
dropout_rate,0.3,64,2,0.3,False,0.001,32,75,0.0,0.1,10,5,0.5,True,42,80,80,3,0.6895171349698846,0.6931180278460185,0.001
dropout_rate,0.3,64,2,0.3,False,0.001,32,75,0.0,0.1,10,5,0.5,True,42,80,80,4,0.6877178558797548,0.6957282344500224,0.001
dropout_rate,0.3,64,2,0.3,False,0.001,32,75,0.0,0.1,10,5,0.5,True,42,80,80,5,0.6847607705629233,0.6985790888468425,0.001
dropout_rate,0.3,64,2,0.3,False,0.001,32,75,0.0,0.1,10,5,0.5,True,42,80,80,6,0.6805959628386931,0.7038705706596374,0.001
dropout_rate,0.3,64,2,0.3,False,0.001,32,75,0.0,0.1,10,5,0.5,True,42,80,80,7,0.674003080888228,0.709816022713979,0.001
dropout_rate,0.3,64,2,0.3,False,0.001,32,75,0.0,0.1,10,5,0.5,True,42,80,80,8,0.6627214388413862,0.723929206530253,0.001
dropout_rate,0.3,64,2,0.3,False,0.001,32,75,0.0,0.1,10,5,0.5,True,42,80,80,9,0.6561970534649763,0.7209786772727966,0.001
dropout_rate,0.3,64,2,0.3,False,0.001,32,75,0.0,0.1,10,5,0.5,True,42,80,80,10,0.6488426463170485,0.7254616538683574,0.001
dropout_rate,0.3,64,2,0.3,False,0.001,32,75,0.0,0.1,10,5,0.5,True,42,80,80,11,0.6419905288652941,0.7510497649510701,0.001
dropout_rate,0.3,64,2,0.3,False,0.001,32,75,0.0,0.1,10,5,0.5,True,42,81,81,1,0.6939359013781403,0.6930989106496175,0.001
dropout_rate,0.3,64,2,0.3,False,0.001,32,75,0.0,0.1,10,5,0.5,True,42,81,81,2,0.692257876197497,0.692849604288737,0.001
dropout_rate,0.3,64,2,0.3,False,0.001,32,75,0.0,0.1,10,5,0.5,True,42,81,81,3,0.6913462868242553,0.6927274545033772,0.001
dropout_rate,0.3,64,2,0.3,False,0.001,32,75,0.0,0.1,10,5,0.5,True,42,81,81,4,0.6900587298653342,0.6907120823860169,0.001
dropout_rate,0.3,64,2,0.3,False,0.001,32,75,0.0,0.1,10,5,0.5,True,42,81,81,5,0.687252958615621,0.6906841556231181,0.001
dropout_rate,0.3,64,2,0.3,False,0.001,32,75,0.0,0.1,10,5,0.5,True,42,81,81,6,0.6830194863406095,0.6924193660418193,0.001
dropout_rate,0.3,64,2,0.3,False,0.001,32,75,0.0,0.1,10,5,0.5,True,42,81,81,7,0.6789330302765875,0.6974540074666341,0.001
dropout_rate,0.3,64,2,0.3,False,0.001,32,75,0.0,0.1,10,5,0.5,True,42,81,81,8,0.6701446536815527,0.7114975372950236,0.001
dropout_rate,0.3,64,2,0.3,False,0.001,32,75,0.0,0.1,10,5,0.5,True,42,81,81,9,0.6623651060191068,0.7211985190709432,0.001
dropout_rate,0.3,64,2,0.3,False,0.001,32,75,0.0,0.1,10,5,0.5,True,42,81,81,10,0.6571260916464257,0.7307544271151225,0.001
dropout_rate,0.3,64,2,0.3,False,0.001,32,75,0.0,0.1,10,5,0.5,True,42,81,81,11,0.6360677223313939,0.7657702962557474,0.001
dropout_rate,0.3,64,2,0.3,False,0.001,32,75,0.0,0.1,10,5,0.5,True,42,81,81,12,0.6260295713489706,0.770565946896871,0.001
dropout_rate,0.3,64,2,0.3,False,0.001,32,75,0.0,0.1,10,5,0.5,True,42,81,81,13,0.6144691168358831,0.8408419807751973,0.001
dropout_rate,0.3,64,2,0.3,False,0.001,32,75,0.0,0.1,10,5,0.5,True,42,81,81,14,0.6052122495391152,0.8072919964790344,0.001
dropout_rate,0.3,64,2,0.3,False,0.001,32,75,0.0,0.1,10,5,0.5,True,42,81,81,15,0.5954703566702929,0.8196562091509502,0.001
dropout_rate,0.3,64,2,0.3,False,0.001,32,75,0.0,0.1,10,5,0.5,True,42,82,82,1,0.6942065886475823,0.6937488516171774,0.001
dropout_rate,0.3,64,2,0.3,False,0.001,32,75,0.0,0.1,10,5,0.5,True,42,82,82,2,0.6927524764429439,0.6940460125605266,0.001
dropout_rate,0.3,64,2,0.3,False,0.001,32,75,0.0,0.1,10,5,0.5,True,42,82,82,3,0.6920047447536931,0.6909697969754537,0.001
dropout_rate,0.3,64,2,0.3,False,0.001,32,75,0.0,0.1,10,5,0.5,True,42,82,82,4,0.6920575517596621,0.691890549659729,0.001
dropout_rate,0.3,64,2,0.3,False,0.001,32,75,0.0,0.1,10,5,0.5,True,42,82,82,5,0.6894112274502263,0.6934958140055338,0.001
dropout_rate,0.3,64,2,0.3,False,0.001,32,75,0.0,0.1,10,5,0.5,True,42,82,82,6,0.683873016725887,0.6941089232762655,0.001
dropout_rate,0.3,64,2,0.3,False,0.001,32,75,0.0,0.1,10,5,0.5,True,42,82,82,7,0.6796709195230947,0.7039671778678894,0.001
dropout_rate,0.3,64,2,0.3,False,0.001,32,75,0.0,0.1,10,5,0.5,True,42,82,82,8,0.6765188936031226,0.7141264955202739,0.001
dropout_rate,0.3,64,2,0.3,False,0.001,32,75,0.0,0.1,10,5,0.5,True,42,82,82,9,0.669421140443195,0.7163097103436787,0.001
dropout_rate,0.3,64,2,0.3,False,0.001,32,75,0.0,0.1,10,5,0.5,True,42,82,82,10,0.6598294661803679,0.7310984452565511,0.001
dropout_rate,0.3,64,2,0.3,False,0.001,32,75,0.0,0.1,10,5,0.5,True,42,82,82,11,0.649597958633394,0.7384418408075969,0.001
dropout_rate,0.3,64,2,0.3,False,0.001,32,75,0.0,0.1,10,5,0.5,True,42,82,82,12,0.638987406185179,0.7243845224380493,0.001
dropout_rate,0.3,64,2,0.3,False,0.001,32,75,0.0,0.1,10,5,0.5,True,42,82,82,13,0.6358603954766736,0.7322692394256591,0.001
dropout_rate,0.3,64,2,0.3,False,0.001,32,75,0.0,0.1,10,5,0.5,True,42,83,83,1,0.69418494042122,0.6945110360781351,0.001
dropout_rate,0.3,64,2,0.3,False,0.001,32,75,0.0,0.1,10,5,0.5,True,42,83,83,2,0.6923844403389728,0.693152376015981,0.001
dropout_rate,0.3,64,2,0.3,False,0.001,32,75,0.0,0.1,10,5,0.5,True,42,83,83,3,0.6911208114840768,0.6918827692667643,0.001
dropout_rate,0.3,64,2,0.3,False,0.001,32,75,0.0,0.1,10,5,0.5,True,42,83,83,4,0.6892675098144647,0.694093664487203,0.001
dropout_rate,0.3,64,2,0.3,False,0.001,32,75,0.0,0.1,10,5,0.5,True,42,83,83,5,0.6870190009023204,0.6929055015246074,0.001
dropout_rate,0.3,64,2,0.3,False,0.001,32,75,0.0,0.1,10,5,0.5,True,42,83,83,6,0.6833783243641709,0.6938804109891256,0.001
dropout_rate,0.3,64,2,0.3,False,0.001,32,75,0.0,0.1,10,5,0.5,True,42,83,83,7,0.6804684662457668,0.697241485118866,0.001
dropout_rate,0.3,64,2,0.3,False,0.001,32,75,0.0,0.1,10,5,0.5,True,42,83,83,8,0.6760584693966489,0.7066948890686036,0.001
dropout_rate,0.3,64,2,0.3,False,0.001,32,75,0.0,0.1,10,5,0.5,True,42,83,83,9,0.6701946091471296,0.7073617895444234,0.001
dropout_rate,0.3,64,2,0.3,False,0.001,32,75,0.0,0.1,10,5,0.5,True,42,83,83,10,0.6534218752022946,0.7258867979049682,0.001
dropout_rate,0.3,64,2,0.3,False,0.001,32,75,0.0,0.1,10,5,0.5,True,42,83,83,11,0.6437570642341267,0.7165466944376627,0.001
dropout_rate,0.3,64,2,0.3,False,0.001,32,75,0.0,0.1,10,5,0.5,True,42,83,83,12,0.636251277995832,0.7448017040888468,0.001
dropout_rate,0.3,64,2,0.3,False,0.001,32,75,0.0,0.1,10,5,0.5,True,42,83,83,13,0.6232132746866255,0.7747925003369649,0.001
dropout_rate,0.3,64,2,0.3,False,0.001,32,75,0.0,0.1,10,5,0.5,True,42,84,84,1,0.6933690946210515,0.6959949413935343,0.001
dropout_rate,0.3,64,2,0.3,False,0.001,32,75,0.0,0.1,10,5,0.5,True,42,84,84,2,0.6928118255102274,0.6934845924377442,0.001
dropout_rate,0.3,64,2,0.3,False,0.001,32,75,0.0,0.1,10,5,0.5,True,42,84,84,3,0.690359870592753,0.694551142056783,0.001
dropout_rate,0.3,64,2,0.3,False,0.001,32,75,0.0,0.1,10,5,0.5,True,42,84,84,4,0.688932403922081,0.6953429579734802,0.001
dropout_rate,0.3,64,2,0.3,False,0.001,32,75,0.0,0.1,10,5,0.5,True,42,84,84,5,0.6858944757418199,0.6993057370185852,0.001
dropout_rate,0.3,64,2,0.3,False,0.001,32,75,0.0,0.1,10,5,0.5,True,42,84,84,6,0.6825548559427261,0.6996846477190654,0.001
dropout_rate,0.3,64,2,0.3,False,0.001,32,75,0.0,0.1,10,5,0.5,True,42,84,84,7,0.6773496545625456,0.7010541160901388,0.001
dropout_rate,0.3,64,2,0.3,False,0.001,32,75,0.0,0.1,10,5,0.5,True,42,84,84,8,0.6689179986715317,0.7233885645866394,0.001
dropout_rate,0.3,64,2,0.3,False,0.001,32,75,0.0,0.1,10,5,0.5,True,42,84,84,9,0.6583001884547147,0.7219037135442098,0.001
dropout_rate,0.3,64,2,0.3,False,0.001,32,75,0.0,0.1,10,5,0.5,True,42,84,84,10,0.6477385452299407,0.7305598179499309,0.001
dropout_rate,0.3,64,2,0.3,False,0.001,32,75,0.0,0.1,10,5,0.5,True,42,84,84,11,0.6374803144823421,0.7550334175427754,0.001
dropout_rate,0.3,64,2,0.3,False,0.001,32,75,0.0,0.1,10,5,0.5,True,42,84,84,12,0.6307806977719972,0.7535511493682862,0.001
dropout_rate,0.3,64,2,0.3,False,0.001,32,75,0.0,0.1,10,5,0.5,True,42,85,85,1,0.6939074514490186,0.6940510233243307,0.001
dropout_rate,0.3,64,2,0.3,False,0.001,32,75,0.0,0.1,10,5,0.5,True,42,85,85,2,0.69287250484481,0.6932204564412435,0.001
dropout_rate,0.3,64,2,0.3,False,0.001,32,75,0.0,0.1,10,5,0.5,True,42,85,85,3,0.692410256374966,0.6929163217544556,0.001
dropout_rate,0.3,64,2,0.3,False,0.001,32,75,0.0,0.1,10,5,0.5,True,42,85,85,4,0.6893344977588365,0.6935804883639017,0.001
dropout_rate,0.3,64,2,0.3,False,0.001,32,75,0.0,0.1,10,5,0.5,True,42,85,85,5,0.6883234797102032,0.6945887525876363,0.001
dropout_rate,0.3,64,2,0.3,False,0.001,32,75,0.0,0.1,10,5,0.5,True,42,85,85,6,0.683039365844293,0.6991300066312154,0.001
dropout_rate,0.3,64,2,0.3,False,0.001,32,75,0.0,0.1,10,5,0.5,True,42,85,85,7,0.6791658658872951,0.7092055161794026,0.001
dropout_rate,0.3,64,2,0.3,False,0.001,32,75,0.0,0.1,10,5,0.5,True,42,85,85,8,0.6711708311781739,0.7127197821935017,0.001
dropout_rate,0.3,64,2,0.3,False,0.001,32,75,0.0,0.1,10,5,0.5,True,42,85,85,9,0.6643658257795103,0.7203942060470581,0.001
dropout_rate,0.3,64,2,0.3,False,0.001,32,75,0.0,0.1,10,5,0.5,True,42,85,85,10,0.6497191136533563,0.7363071242968241,0.001
dropout_rate,0.3,64,2,0.3,False,0.001,32,75,0.0,0.1,10,5,0.5,True,42,85,85,11,0.6386025412516161,0.7531019608179729,0.001
dropout_rate,0.3,64,2,0.3,False,0.001,32,75,0.0,0.1,10,5,0.5,True,42,85,85,12,0.6282891567909357,0.7611454168955485,0.001
dropout_rate,0.3,64,2,0.3,False,0.001,32,75,0.0,0.1,10,5,0.5,True,42,85,85,13,0.6172402927821333,0.7916766206423441,0.001
dropout_rate,0.3,64,2,0.3,False,0.001,32,75,0.0,0.1,10,5,0.5,True,42,86,86,1,0.6938116586569584,0.6926658074061076,0.001
dropout_rate,0.3,64,2,0.3,False,0.001,32,75,0.0,0.1,10,5,0.5,True,42,86,86,2,0.6929640300346144,0.6920460780461629,0.001
dropout_rate,0.3,64,2,0.3,False,0.001,32,75,0.0,0.1,10,5,0.5,True,42,86,86,3,0.6912556511886192,0.6918749332427978,0.001
dropout_rate,0.3,64,2,0.3,False,0.001,32,75,0.0,0.1,10,5,0.5,True,42,86,86,4,0.6898151175542311,0.6920472304026286,0.001
dropout_rate,0.3,64,2,0.3,False,0.001,32,75,0.0,0.1,10,5,0.5,True,42,86,86,5,0.6866613084619696,0.6949905633926392,0.001
dropout_rate,0.3,64,2,0.3,False,0.001,32,75,0.0,0.1,10,5,0.5,True,42,86,86,6,0.6811175639882232,0.6984831770261128,0.001
dropout_rate,0.3,64,2,0.3,False,0.001,32,75,0.0,0.1,10,5,0.5,True,42,86,86,7,0.6787752644582228,0.698702871799469,0.001
dropout_rate,0.3,64,2,0.3,False,0.001,32,75,0.0,0.1,10,5,0.5,True,42,86,86,8,0.6712016950954091,0.7054112076759338,0.001
dropout_rate,0.3,64,2,0.3,False,0.001,32,75,0.0,0.1,10,5,0.5,True,42,86,86,9,0.6624433655630458,0.7288211067517598,0.001
dropout_rate,0.3,64,2,0.3,False,0.001,32,75,0.0,0.1,10,5,0.5,True,42,86,86,10,0.6455280875617807,0.7630682786305746,0.001
dropout_rate,0.3,64,2,0.3,False,0.001,32,75,0.0,0.1,10,5,0.5,True,42,86,86,11,0.6339069026889224,0.7746460437774658,0.001
dropout_rate,0.3,64,2,0.3,False,0.001,32,75,0.0,0.1,10,5,0.5,True,42,86,86,12,0.6228215563477892,0.7617738286654154,0.001
dropout_rate,0.3,64,2,0.3,False,0.001,32,75,0.0,0.1,10,5,0.5,True,42,86,86,13,0.6134677050691663,0.8026861707369487,0.001
dropout_rate,0.3,64,2,0.3,False,0.001,32,75,0.0,0.1,10,5,0.5,True,42,87,87,1,0.6932813168475123,0.6927843411763509,0.001
dropout_rate,0.3,64,2,0.3,False,0.001,32,75,0.0,0.1,10,5,0.5,True,42,87,87,2,0.6930875186667298,0.6922234853108724,0.001
dropout_rate,0.3,64,2,0.3,False,0.001,32,75,0.0,0.1,10,5,0.5,True,42,87,87,3,0.6913194566062002,0.6910908857981364,0.001
dropout_rate,0.3,64,2,0.3,False,0.001,32,75,0.0,0.1,10,5,0.5,True,42,87,87,4,0.6898587607976162,0.6934241970380147,0.001
dropout_rate,0.3,64,2,0.3,False,0.001,32,75,0.0,0.1,10,5,0.5,True,42,87,87,5,0.6883727628173251,0.6940733234087626,0.001
dropout_rate,0.3,64,2,0.3,False,0.001,32,75,0.0,0.1,10,5,0.5,True,42,87,87,6,0.6865878511558879,0.690732475121816,0.001
dropout_rate,0.3,64,2,0.3,False,0.001,32,75,0.0,0.1,10,5,0.5,True,42,87,87,7,0.6816093533328085,0.6928443233172099,0.001
dropout_rate,0.3,64,2,0.3,False,0.001,32,75,0.0,0.1,10,5,0.5,True,42,87,87,8,0.6744395322871931,0.705740773677826,0.001
dropout_rate,0.3,64,2,0.3,False,0.001,32,75,0.0,0.1,10,5,0.5,True,42,87,87,9,0.6690535667267713,0.7285507758458455,0.001
dropout_rate,0.3,64,2,0.3,False,0.001,32,75,0.0,0.1,10,5,0.5,True,42,87,87,10,0.6626791868245963,0.707530144850413,0.001
dropout_rate,0.3,64,2,0.3,False,0.001,32,75,0.0,0.1,10,5,0.5,True,42,87,87,11,0.6539393970460603,0.7183434764544169,0.001
dropout_rate,0.3,64,2,0.3,False,0.001,32,75,0.0,0.1,10,5,0.5,True,42,87,87,12,0.6443454858028528,0.758743679523468,0.001
dropout_rate,0.3,64,2,0.3,False,0.001,32,75,0.0,0.1,10,5,0.5,True,42,87,87,13,0.6255208303531011,0.7489259401957195,0.001
dropout_rate,0.3,64,2,0.3,False,0.001,32,75,0.0,0.1,10,5,0.5,True,42,87,87,14,0.6106636241981478,0.788278873761495,0.001
dropout_rate,0.3,64,2,0.3,False,0.001,32,75,0.0,0.1,10,5,0.5,True,42,87,87,15,0.6017932300314759,0.873400076230367,0.001
dropout_rate,0.3,64,2,0.3,False,0.001,32,75,0.0,0.1,10,5,0.5,True,42,87,87,16,0.5904332476131844,0.8456707636515299,0.001
dropout_rate,0.3,64,2,0.3,False,0.001,32,75,0.0,0.1,10,5,0.5,True,42,88,88,1,0.6937658696463613,0.6933635711669922,0.001
dropout_rate,0.3,64,2,0.3,False,0.001,32,75,0.0,0.1,10,5,0.5,True,42,88,88,2,0.6926675763997164,0.6926904042561849,0.001
dropout_rate,0.3,64,2,0.3,False,0.001,32,75,0.0,0.1,10,5,0.5,True,42,88,88,3,0.6912880697936723,0.6930765390396119,0.001
dropout_rate,0.3,64,2,0.3,False,0.001,32,75,0.0,0.1,10,5,0.5,True,42,88,88,4,0.6896074224602092,0.6922613700230916,0.001
dropout_rate,0.3,64,2,0.3,False,0.001,32,75,0.0,0.1,10,5,0.5,True,42,88,88,5,0.6856638762083921,0.6952224930127462,0.001
dropout_rate,0.3,64,2,0.3,False,0.001,32,75,0.0,0.1,10,5,0.5,True,42,88,88,6,0.6812009287602974,0.7001368284225464,0.001
dropout_rate,0.3,64,2,0.3,False,0.001,32,75,0.0,0.1,10,5,0.5,True,42,88,88,7,0.6750184803298025,0.7016390204429627,0.001
dropout_rate,0.3,64,2,0.3,False,0.001,32,75,0.0,0.1,10,5,0.5,True,42,88,88,8,0.6630299800273144,0.7245596329371135,0.001
dropout_rate,0.3,64,2,0.3,False,0.001,32,75,0.0,0.1,10,5,0.5,True,42,88,88,9,0.6603968405362332,0.7297527074813843,0.001
dropout_rate,0.3,64,2,0.3,False,0.001,32,75,0.0,0.1,10,5,0.5,True,42,88,88,10,0.6531905346747601,0.7277551968892415,0.001
dropout_rate,0.3,64,2,0.3,False,0.001,32,75,0.0,0.1,10,5,0.5,True,42,88,88,11,0.6341206729412079,0.7607745885848999,0.001
dropout_rate,0.3,64,2,0.3,False,0.001,32,75,0.0,0.1,10,5,0.5,True,42,88,88,12,0.6223744569402753,0.7651165922482809,0.001
dropout_rate,0.3,64,2,0.3,False,0.001,32,75,0.0,0.1,10,5,0.5,True,42,88,88,13,0.6121187810644959,0.7947805960973103,0.001
dropout_rate,0.3,64,2,0.3,False,0.001,32,75,0.0,0.1,10,5,0.5,True,42,88,88,14,0.6021060921025999,0.8078977902730305,0.001
dropout_rate,0.3,64,2,0.3,False,0.001,32,75,0.0,0.1,10,5,0.5,True,42,89,89,1,0.6937009055506099,0.6936451554298401,0.001
dropout_rate,0.3,64,2,0.3,False,0.001,32,75,0.0,0.1,10,5,0.5,True,42,89,89,2,0.6920458701523867,0.6954330325126648,0.001
dropout_rate,0.3,64,2,0.3,False,0.001,32,75,0.0,0.1,10,5,0.5,True,42,89,89,3,0.6898326634457617,0.6977934678395589,0.001
dropout_rate,0.3,64,2,0.3,False,0.001,32,75,0.0,0.1,10,5,0.5,True,42,89,89,4,0.6886564542849859,0.6961906909942627,0.001
dropout_rate,0.3,64,2,0.3,False,0.001,32,75,0.0,0.1,10,5,0.5,True,42,89,89,5,0.6842142429315683,0.7093527873357137,0.001
dropout_rate,0.3,64,2,0.3,False,0.001,32,75,0.0,0.1,10,5,0.5,True,42,89,89,6,0.6824112236499786,0.6995586037635804,0.001
dropout_rate,0.3,64,2,0.3,False,0.001,32,75,0.0,0.1,10,5,0.5,True,42,89,89,7,0.6776450651161599,0.7037793318430583,0.001
dropout_rate,0.3,64,2,0.3,False,0.001,32,75,0.0,0.1,10,5,0.5,True,42,89,89,8,0.6652890610875506,0.7127858360608419,0.001
dropout_rate,0.3,64,2,0.3,False,0.001,32,75,0.0,0.1,10,5,0.5,True,42,89,89,9,0.6554821964466211,0.7259165366490682,0.001
dropout_rate,0.3,64,2,0.3,False,0.001,32,75,0.0,0.1,10,5,0.5,True,42,89,89,10,0.6506219745585413,0.7287247737248739,0.001
dropout_rate,0.3,64,2,0.3,False,0.001,32,75,0.0,0.1,10,5,0.5,True,42,89,89,11,0.6429292636387276,0.7314545313517252,0.001
dropout_rate,0.3,64,2,0.3,False,0.001,32,75,0.0,0.1,10,5,0.5,True,42,90,90,1,0.6942900943033623,0.6933583776156108,0.001
dropout_rate,0.3,64,2,0.3,False,0.001,32,75,0.0,0.1,10,5,0.5,True,42,90,90,2,0.6930253830823031,0.692470133304596,0.001
dropout_rate,0.3,64,2,0.3,False,0.001,32,75,0.0,0.1,10,5,0.5,True,42,90,90,3,0.691718646071174,0.6900812745094299,0.001
dropout_rate,0.3,64,2,0.3,False,0.001,32,75,0.0,0.1,10,5,0.5,True,42,90,90,4,0.6907349540428682,0.689129114151001,0.001
dropout_rate,0.3,64,2,0.3,False,0.001,32,75,0.0,0.1,10,5,0.5,True,42,90,90,5,0.6903152334870715,0.6890675544738769,0.001
dropout_rate,0.3,64,2,0.3,False,0.001,32,75,0.0,0.1,10,5,0.5,True,42,90,90,6,0.6866790155569712,0.6894288261731466,0.001
dropout_rate,0.3,64,2,0.3,False,0.001,32,75,0.0,0.1,10,5,0.5,True,42,90,90,7,0.6822355768897317,0.6887263298034668,0.001
dropout_rate,0.3,64,2,0.3,False,0.001,32,75,0.0,0.1,10,5,0.5,True,42,90,90,8,0.6789492897012017,0.6907163977622985,0.001
dropout_rate,0.3,64,2,0.3,False,0.001,32,75,0.0,0.1,10,5,0.5,True,42,90,90,9,0.6748331907120618,0.6942119081815084,0.001
dropout_rate,0.3,64,2,0.3,False,0.001,32,75,0.0,0.1,10,5,0.5,True,42,90,90,10,0.6670088045524828,0.6983015616734822,0.001
dropout_rate,0.3,64,2,0.3,False,0.001,32,75,0.0,0.1,10,5,0.5,True,42,90,90,11,0.6592380806352153,0.6950510819753011,0.001
dropout_rate,0.3,64,2,0.3,False,0.001,32,75,0.0,0.1,10,5,0.5,True,42,90,90,12,0.6519143174995076,0.7093684951464335,0.001
dropout_rate,0.3,64,2,0.3,False,0.001,32,75,0.0,0.1,10,5,0.5,True,42,90,90,13,0.6356597538247253,0.7241267124811809,0.001
dropout_rate,0.3,64,2,0.3,False,0.001,32,75,0.0,0.1,10,5,0.5,True,42,90,90,14,0.6175264269113541,0.7735697786013286,0.001
dropout_rate,0.3,64,2,0.3,False,0.001,32,75,0.0,0.1,10,5,0.5,True,42,90,90,15,0.6018840311603113,0.797081486384074,0.001
dropout_rate,0.3,64,2,0.3,False,0.001,32,75,0.0,0.1,10,5,0.5,True,42,90,90,16,0.5889288640835069,0.7762268861134847,0.001
dropout_rate,0.3,64,2,0.3,False,0.001,32,75,0.0,0.1,10,5,0.5,True,42,90,90,17,0.5748645873232321,0.8151752273241679,0.001
dropout_rate,0.3,64,2,0.3,False,0.001,32,75,0.0,0.1,10,5,0.5,True,42,91,91,1,0.6943733809572278,0.692890731493632,0.001
dropout_rate,0.3,64,2,0.3,False,0.001,32,75,0.0,0.1,10,5,0.5,True,42,91,91,2,0.6928070020495039,0.6921952803929646,0.001
dropout_rate,0.3,64,2,0.3,False,0.001,32,75,0.0,0.1,10,5,0.5,True,42,91,91,3,0.6919113248586655,0.6908722480138143,0.001
dropout_rate,0.3,64,2,0.3,False,0.001,32,75,0.0,0.1,10,5,0.5,True,42,91,91,4,0.6904677983486291,0.6918452580769857,0.001
dropout_rate,0.3,64,2,0.3,False,0.001,32,75,0.0,0.1,10,5,0.5,True,42,91,91,5,0.6875024352109793,0.689583694934845,0.001
dropout_rate,0.3,64,2,0.3,False,0.001,32,75,0.0,0.1,10,5,0.5,True,42,91,91,6,0.684822401765621,0.6903997262318929,0.001
dropout_rate,0.3,64,2,0.3,False,0.001,32,75,0.0,0.1,10,5,0.5,True,42,91,91,7,0.6794586646737475,0.6952459414800009,0.001
dropout_rate,0.3,64,2,0.3,False,0.001,32,75,0.0,0.1,10,5,0.5,True,42,91,91,8,0.6741626497470972,0.6944469571113586,0.001
dropout_rate,0.3,64,2,0.3,False,0.001,32,75,0.0,0.1,10,5,0.5,True,42,91,91,9,0.6653679884744413,0.7228445728619893,0.001
dropout_rate,0.3,64,2,0.3,False,0.001,32,75,0.0,0.1,10,5,0.5,True,42,91,91,10,0.661416876948241,0.7073086539904276,0.001
dropout_rate,0.3,64,2,0.3,False,0.001,32,75,0.0,0.1,10,5,0.5,True,42,91,91,11,0.6490963101387024,0.7070319612820943,0.001
dropout_rate,0.3,64,2,0.3,False,0.001,32,75,0.0,0.1,10,5,0.5,True,42,91,91,12,0.6291018796689583,0.7338012893994649,0.001
dropout_rate,0.3,64,2,0.3,False,0.001,32,75,0.0,0.1,10,5,0.5,True,42,91,91,13,0.6169262499068723,0.7446190079053243,0.001
dropout_rate,0.3,64,2,0.3,False,0.001,32,75,0.0,0.1,10,5,0.5,True,42,91,91,14,0.6041194627230818,0.78793439467748,0.001
dropout_rate,0.3,64,2,0.3,False,0.001,32,75,0.0,0.1,10,5,0.5,True,42,91,91,15,0.5949708218827392,0.7857189257939656,0.001
dropout_rate,0.3,64,2,0.3,False,0.001,32,75,0.0,0.1,10,5,0.5,True,42,92,92,1,0.6937523542931585,0.6945980588595072,0.001
dropout_rate,0.3,64,2,0.3,False,0.001,32,75,0.0,0.1,10,5,0.5,True,42,92,92,2,0.6925287332498666,0.6953886191050211,0.001
dropout_rate,0.3,64,2,0.3,False,0.001,32,75,0.0,0.1,10,5,0.5,True,42,92,92,3,0.6916400821823062,0.6964258829752604,0.001
dropout_rate,0.3,64,2,0.3,False,0.001,32,75,0.0,0.1,10,5,0.5,True,42,92,92,4,0.6893318950226812,0.6993679801623026,0.001
dropout_rate,0.3,64,2,0.3,False,0.001,32,75,0.0,0.1,10,5,0.5,True,42,92,92,5,0.6885649999885848,0.6991800944010417,0.001
dropout_rate,0.3,64,2,0.3,False,0.001,32,75,0.0,0.1,10,5,0.5,True,42,92,92,6,0.6840440238063986,0.7037338177363078,0.001
dropout_rate,0.3,64,2,0.3,False,0.001,32,75,0.0,0.1,10,5,0.5,True,42,92,92,7,0.6775443870009799,0.7087123195330302,0.001
dropout_rate,0.3,64,2,0.3,False,0.001,32,75,0.0,0.1,10,5,0.5,True,42,92,92,8,0.6673243348345612,0.7235224922498067,0.001
dropout_rate,0.3,64,2,0.3,False,0.001,32,75,0.0,0.1,10,5,0.5,True,42,92,92,9,0.6637064787474546,0.7086047848065694,0.001
dropout_rate,0.3,64,2,0.3,False,0.001,32,75,0.0,0.1,10,5,0.5,True,42,92,92,10,0.6543882435018366,0.7177518963813782,0.001
dropout_rate,0.3,64,2,0.3,False,0.001,32,75,0.0,0.1,10,5,0.5,True,42,92,92,11,0.644381698559631,0.7446756879488627,0.001
dropout_rate,0.3,64,2,0.3,False,0.001,32,75,0.0,0.1,10,5,0.5,True,42,93,93,1,0.6947565634142269,0.6925672094027201,0.001
dropout_rate,0.3,64,2,0.3,False,0.001,32,75,0.0,0.1,10,5,0.5,True,42,93,93,2,0.6928760842843489,0.6920724868774414,0.001
dropout_rate,0.3,64,2,0.3,False,0.001,32,75,0.0,0.1,10,5,0.5,True,42,93,93,3,0.6919073647621906,0.6944707234700521,0.001
dropout_rate,0.3,64,2,0.3,False,0.001,32,75,0.0,0.1,10,5,0.5,True,42,93,93,4,0.6901128815882134,0.6917073885599773,0.001
dropout_rate,0.3,64,2,0.3,False,0.001,32,75,0.0,0.1,10,5,0.5,True,42,93,93,5,0.6881144900213588,0.6942416628201803,0.001
dropout_rate,0.3,64,2,0.3,False,0.001,32,75,0.0,0.1,10,5,0.5,True,42,93,93,6,0.6840700502648498,0.6944276372591655,0.001
dropout_rate,0.3,64,2,0.3,False,0.001,32,75,0.0,0.1,10,5,0.5,True,42,93,93,7,0.6790266922025969,0.7114594459533692,0.001
dropout_rate,0.3,64,2,0.3,False,0.001,32,75,0.0,0.1,10,5,0.5,True,42,93,93,8,0.6751748711773844,0.7048256436983744,0.001
dropout_rate,0.3,64,2,0.3,False,0.001,32,75,0.0,0.1,10,5,0.5,True,42,93,93,9,0.667151416793014,0.7050120035807291,0.001
dropout_rate,0.3,64,2,0.3,False,0.001,32,75,0.0,0.1,10,5,0.5,True,42,93,93,10,0.6603495961788929,0.7180348952611287,0.001
dropout_rate,0.3,64,2,0.3,False,0.001,32,75,0.0,0.1,10,5,0.5,True,42,93,93,11,0.6399524582154823,0.736422351996104,0.001
dropout_rate,0.3,64,2,0.3,False,0.001,32,75,0.0,0.1,10,5,0.5,True,42,93,93,12,0.6335194284717242,0.7659224510192871,0.001
dropout_rate,0.3,64,2,0.3,False,0.001,32,75,0.0,0.1,10,5,0.5,True,42,93,93,13,0.6181735342199152,0.7690093596776326,0.001
dropout_rate,0.3,64,2,0.3,False,0.001,32,75,0.0,0.1,10,5,0.5,True,42,93,93,14,0.6058826850670757,0.7644129355748495,0.001
dropout_rate,0.3,64,2,0.3,False,0.001,32,75,0.0,0.1,10,5,0.5,True,42,94,94,1,0.6941976163423422,0.6929922421773275,0.001
dropout_rate,0.3,64,2,0.3,False,0.001,32,75,0.0,0.1,10,5,0.5,True,42,94,94,2,0.6926517748471462,0.6926636298497518,0.001
dropout_rate,0.3,64,2,0.3,False,0.001,32,75,0.0,0.1,10,5,0.5,True,42,94,94,3,0.6909512073704691,0.6921923200289408,0.001
dropout_rate,0.3,64,2,0.3,False,0.001,32,75,0.0,0.1,10,5,0.5,True,42,94,94,4,0.6882066762808597,0.693716303507487,0.001
dropout_rate,0.3,64,2,0.3,False,0.001,32,75,0.0,0.1,10,5,0.5,True,42,94,94,5,0.6869319605104851,0.6965734044710795,0.001
dropout_rate,0.3,64,2,0.3,False,0.001,32,75,0.0,0.1,10,5,0.5,True,42,94,94,6,0.6845068371657169,0.7000611980756124,0.001
dropout_rate,0.3,64,2,0.3,False,0.001,32,75,0.0,0.1,10,5,0.5,True,42,94,94,7,0.6773177696899935,0.6980217138926188,0.001
dropout_rate,0.3,64,2,0.3,False,0.001,32,75,0.0,0.1,10,5,0.5,True,42,94,94,8,0.6694810756228187,0.7147270639737447,0.001
dropout_rate,0.3,64,2,0.3,False,0.001,32,75,0.0,0.1,10,5,0.5,True,42,94,94,9,0.6590127096031652,0.7322672327359517,0.001
dropout_rate,0.3,64,2,0.3,False,0.001,32,75,0.0,0.1,10,5,0.5,True,42,94,94,10,0.6408922283938436,0.7639779210090637,0.001
dropout_rate,0.3,64,2,0.3,False,0.001,32,75,0.0,0.1,10,5,0.5,True,42,94,94,11,0.6328260268677365,0.7402179598808288,0.001
dropout_rate,0.3,64,2,0.3,False,0.001,32,75,0.0,0.1,10,5,0.5,True,42,94,94,12,0.6165854797670336,0.7671881119410197,0.001
dropout_rate,0.3,64,2,0.3,False,0.001,32,75,0.0,0.1,10,5,0.5,True,42,94,94,13,0.608787003114368,0.7753647009531657,0.001
dropout_rate,0.3,64,2,0.3,False,0.001,32,75,0.0,0.1,10,5,0.5,True,42,95,95,1,0.694385366006331,0.6937985062599182,0.001
dropout_rate,0.3,64,2,0.3,False,0.001,32,75,0.0,0.1,10,5,0.5,True,42,95,95,2,0.692406364011042,0.6933785756429036,0.001
dropout_rate,0.3,64,2,0.3,False,0.001,32,75,0.0,0.1,10,5,0.5,True,42,95,95,3,0.690787083271778,0.6968748251597087,0.001
dropout_rate,0.3,64,2,0.3,False,0.001,32,75,0.0,0.1,10,5,0.5,True,42,95,95,4,0.6876329278404062,0.6944982568422954,0.001
dropout_rate,0.3,64,2,0.3,False,0.001,32,75,0.0,0.1,10,5,0.5,True,42,95,95,5,0.6846188884792905,0.701375691095988,0.001
dropout_rate,0.3,64,2,0.3,False,0.001,32,75,0.0,0.1,10,5,0.5,True,42,95,95,6,0.682170416821133,0.702930748462677,0.001
dropout_rate,0.3,64,2,0.3,False,0.001,32,75,0.0,0.1,10,5,0.5,True,42,95,95,7,0.6744060895659707,0.7149676601092021,0.001
dropout_rate,0.3,64,2,0.3,False,0.001,32,75,0.0,0.1,10,5,0.5,True,42,95,95,8,0.6716296212239699,0.710062313079834,0.001
dropout_rate,0.3,64,2,0.3,False,0.001,32,75,0.0,0.1,10,5,0.5,True,42,95,95,9,0.6573565390073892,0.7306446075439453,0.001
dropout_rate,0.3,64,2,0.3,False,0.001,32,75,0.0,0.1,10,5,0.5,True,42,95,95,10,0.6458599982839642,0.732843279838562,0.001
dropout_rate,0.3,64,2,0.3,False,0.001,32,75,0.0,0.1,10,5,0.5,True,42,95,95,11,0.6363209115736412,0.73927427927653,0.001
dropout_rate,0.3,64,2,0.3,False,0.001,32,75,0.0,0.1,10,5,0.5,True,42,95,95,12,0.6302650579900453,0.7714923699696858,0.001
dropout_rate,0.3,64,2,0.3,False,0.001,32,75,0.0,0.1,10,5,0.5,True,42,96,96,1,0.6938219242023699,0.6961931149164836,0.001
dropout_rate,0.3,64,2,0.3,False,0.001,32,75,0.0,0.1,10,5,0.5,True,42,96,96,2,0.6914603398604826,0.6968162218729655,0.001
dropout_rate,0.3,64,2,0.3,False,0.001,32,75,0.0,0.1,10,5,0.5,True,42,96,96,3,0.6905346901127787,0.6943519711494446,0.001
dropout_rate,0.3,64,2,0.3,False,0.001,32,75,0.0,0.1,10,5,0.5,True,42,96,96,4,0.6884562779556621,0.695489784081777,0.001
dropout_rate,0.3,64,2,0.3,False,0.001,32,75,0.0,0.1,10,5,0.5,True,42,96,96,5,0.6858945394104178,0.6960243304570516,0.001
dropout_rate,0.3,64,2,0.3,False,0.001,32,75,0.0,0.1,10,5,0.5,True,42,96,96,6,0.6821986585855484,0.7050263007481893,0.001
dropout_rate,0.3,64,2,0.3,False,0.001,32,75,0.0,0.1,10,5,0.5,True,42,96,96,7,0.6790236320459482,0.6957592844963074,0.001
dropout_rate,0.3,64,2,0.3,False,0.001,32,75,0.0,0.1,10,5,0.5,True,42,96,96,8,0.6748344288630919,0.7008129080136617,0.001
dropout_rate,0.3,64,2,0.3,False,0.001,32,75,0.0,0.1,10,5,0.5,True,42,96,96,9,0.6650932051918723,0.711296812693278,0.001
dropout_rate,0.3,64,2,0.3,False,0.001,32,75,0.0,0.1,10,5,0.5,True,42,96,96,10,0.6496301808140494,0.7156625707944234,0.001
dropout_rate,0.3,64,2,0.3,False,0.001,32,75,0.0,0.1,10,5,0.5,True,42,96,96,11,0.6396902898947397,0.7197460889816284,0.001
dropout_rate,0.3,64,2,0.3,False,0.001,32,75,0.0,0.1,10,5,0.5,True,42,96,96,12,0.6307079101150687,0.7372506896654765,0.001
dropout_rate,0.3,64,2,0.3,False,0.001,32,75,0.0,0.1,10,5,0.5,True,42,96,96,13,0.6205522133545442,0.7436360239982605,0.001
dropout_rate,0.3,64,2,0.3,False,0.001,32,75,0.0,0.1,10,5,0.5,True,42,97,97,1,0.6942268217151816,0.6943145751953125,0.001
dropout_rate,0.3,64,2,0.3,False,0.001,32,75,0.0,0.1,10,5,0.5,True,42,97,97,2,0.6919446592078065,0.6936854362487793,0.001
dropout_rate,0.3,64,2,0.3,False,0.001,32,75,0.0,0.1,10,5,0.5,True,42,97,97,3,0.6909316457582243,0.6917655070622762,0.001
dropout_rate,0.3,64,2,0.3,False,0.001,32,75,0.0,0.1,10,5,0.5,True,42,97,97,4,0.6901404415116166,0.6912933309872945,0.001
dropout_rate,0.3,64,2,0.3,False,0.001,32,75,0.0,0.1,10,5,0.5,True,42,97,97,5,0.6867352538939678,0.6918807705243428,0.001
dropout_rate,0.3,64,2,0.3,False,0.001,32,75,0.0,0.1,10,5,0.5,True,42,97,97,6,0.6837181611494585,0.6902194221814474,0.001
dropout_rate,0.3,64,2,0.3,False,0.001,32,75,0.0,0.1,10,5,0.5,True,42,97,97,7,0.6787314229842388,0.7043424685796101,0.001
dropout_rate,0.3,64,2,0.3,False,0.001,32,75,0.0,0.1,10,5,0.5,True,42,97,97,8,0.673388401667277,0.696412456035614,0.001
dropout_rate,0.3,64,2,0.3,False,0.001,32,75,0.0,0.1,10,5,0.5,True,42,97,97,9,0.6661035016630635,0.6946949481964111,0.001
dropout_rate,0.3,64,2,0.3,False,0.001,32,75,0.0,0.1,10,5,0.5,True,42,97,97,10,0.6513960262139639,0.7060887853304545,0.001
dropout_rate,0.3,64,2,0.3,False,0.001,32,75,0.0,0.1,10,5,0.5,True,42,97,97,11,0.6481102361823573,0.7030515869458517,0.001
dropout_rate,0.3,64,2,0.3,False,0.001,32,75,0.0,0.1,10,5,0.5,True,42,97,97,12,0.631251874295148,0.7397584080696106,0.001
dropout_rate,0.3,64,2,0.3,False,0.001,32,75,0.0,0.1,10,5,0.5,True,42,97,97,13,0.6078053331284812,0.7429048260052998,0.001
dropout_rate,0.3,64,2,0.3,False,0.001,32,75,0.0,0.1,10,5,0.5,True,42,97,97,14,0.5932195647196337,0.7789004405339559,0.001
dropout_rate,0.3,64,2,0.3,False,0.001,32,75,0.0,0.1,10,5,0.5,True,42,97,97,15,0.579944396109292,0.7667882760365804,0.001
dropout_rate,0.3,64,2,0.3,False,0.001,32,75,0.0,0.1,10,5,0.5,True,42,97,97,16,0.5643962073055181,0.8212562203407288,0.001
dropout_rate,0.3,64,2,0.3,False,0.001,32,75,0.0,0.1,10,5,0.5,True,42,98,98,1,0.6937289454720237,0.692511773109436,0.001
dropout_rate,0.3,64,2,0.3,False,0.001,32,75,0.0,0.1,10,5,0.5,True,42,98,98,2,0.6922625958016424,0.692569621404012,0.001
dropout_rate,0.3,64,2,0.3,False,0.001,32,75,0.0,0.1,10,5,0.5,True,42,98,98,3,0.6911316414674123,0.6923945426940918,0.001
dropout_rate,0.3,64,2,0.3,False,0.001,32,75,0.0,0.1,10,5,0.5,True,42,98,98,4,0.6893490665789807,0.6940912961959839,0.001
dropout_rate,0.3,64,2,0.3,False,0.001,32,75,0.0,0.1,10,5,0.5,True,42,98,98,5,0.6868925356503689,0.6938006202379863,0.001
dropout_rate,0.3,64,2,0.3,False,0.001,32,75,0.0,0.1,10,5,0.5,True,42,98,98,6,0.6807915744456378,0.7002169768015544,0.001
dropout_rate,0.3,64,2,0.3,False,0.001,32,75,0.0,0.1,10,5,0.5,True,42,98,98,7,0.6766776961810661,0.7107415000597636,0.001
dropout_rate,0.3,64,2,0.3,False,0.001,32,75,0.0,0.1,10,5,0.5,True,42,98,98,8,0.6677751112164874,0.7014434059460958,0.001
dropout_rate,0.3,64,2,0.3,False,0.001,32,75,0.0,0.1,10,5,0.5,True,42,98,98,9,0.6651988557793878,0.7091641942660014,0.001
dropout_rate,0.3,64,2,0.3,False,0.001,32,75,0.0,0.1,10,5,0.5,True,42,98,98,10,0.6426889923485842,0.7414619326591492,0.001
dropout_rate,0.3,64,2,0.3,False,0.001,32,75,0.0,0.1,10,5,0.5,True,42,98,98,11,0.631845315748995,0.7725077946980794,0.001
dropout_rate,0.3,64,2,0.3,False,0.001,32,75,0.0,0.1,10,5,0.5,True,42,98,98,12,0.6233659890113454,0.770059331258138,0.001
dropout_rate,0.3,64,2,0.3,False,0.001,32,75,0.0,0.1,10,5,0.5,True,42,98,98,13,0.6069748126196138,0.8178987463315328,0.001
dropout_rate,0.3,64,2,0.3,False,0.001,32,75,0.0,0.1,10,5,0.5,True,42,99,99,1,0.6945055063926813,0.693812362353007,0.001
dropout_rate,0.3,64,2,0.3,False,0.001,32,75,0.0,0.1,10,5,0.5,True,42,99,99,2,0.6923493323000994,0.6935802578926087,0.001
dropout_rate,0.3,64,2,0.3,False,0.001,32,75,0.0,0.1,10,5,0.5,True,42,99,99,3,0.6902529786933552,0.6920213659604391,0.001
dropout_rate,0.3,64,2,0.3,False,0.001,32,75,0.0,0.1,10,5,0.5,True,42,99,99,4,0.6893987348585418,0.6932163794835409,0.001
dropout_rate,0.3,64,2,0.3,False,0.001,32,75,0.0,0.1,10,5,0.5,True,42,99,99,5,0.6885853441375674,0.6946653445561727,0.001
dropout_rate,0.3,64,2,0.3,False,0.001,32,75,0.0,0.1,10,5,0.5,True,42,99,99,6,0.6844213835217736,0.6958828091621398,0.001
dropout_rate,0.3,64,2,0.3,False,0.001,32,75,0.0,0.1,10,5,0.5,True,42,99,99,7,0.6799366085818319,0.6997918685277303,0.001
dropout_rate,0.3,64,2,0.3,False,0.001,32,75,0.0,0.1,10,5,0.5,True,42,99,99,8,0.6781905428929762,0.7026225209236145,0.001
dropout_rate,0.3,64,2,0.3,False,0.001,32,75,0.0,0.1,10,5,0.5,True,42,99,99,9,0.6687043982021736,0.7125688870747884,0.001
dropout_rate,0.3,64,2,0.3,False,0.001,32,75,0.0,0.1,10,5,0.5,True,42,99,99,10,0.6518262588616573,0.7424996574719747,0.001
dropout_rate,0.3,64,2,0.3,False,0.001,32,75,0.0,0.1,10,5,0.5,True,42,99,99,11,0.6436737829988654,0.7660642941792806,0.001
dropout_rate,0.3,64,2,0.3,False,0.001,32,75,0.0,0.1,10,5,0.5,True,42,99,99,12,0.6367362213857246,0.7420745531717936,0.001
dropout_rate,0.3,64,2,0.3,False,0.001,32,75,0.0,0.1,10,5,0.5,True,42,99,99,13,0.6255519697160432,0.7714118162790934,0.001
dropout_rate,0.3,64,2,0.3,False,0.001,32,75,0.0,0.1,10,5,0.5,True,42,100,100,1,0.6938596394929019,0.6940579414367676,0.001
dropout_rate,0.3,64,2,0.3,False,0.001,32,75,0.0,0.1,10,5,0.5,True,42,100,100,2,0.6924521349596254,0.6960031231244405,0.001
dropout_rate,0.3,64,2,0.3,False,0.001,32,75,0.0,0.1,10,5,0.5,True,42,100,100,3,0.6911970873673757,0.6935495654741923,0.001
dropout_rate,0.3,64,2,0.3,False,0.001,32,75,0.0,0.1,10,5,0.5,True,42,100,100,4,0.6896410737976884,0.6928923686345418,0.001
dropout_rate,0.3,64,2,0.3,False,0.001,32,75,0.0,0.1,10,5,0.5,True,42,100,100,5,0.6873479598399365,0.6969934344291687,0.001
dropout_rate,0.3,64,2,0.3,False,0.001,32,75,0.0,0.1,10,5,0.5,True,42,100,100,6,0.6825019942991661,0.7122828722000122,0.001
dropout_rate,0.3,64,2,0.3,False,0.001,32,75,0.0,0.1,10,5,0.5,True,42,100,100,7,0.6780153404582631,0.7191317796707153,0.001
dropout_rate,0.3,64,2,0.3,False,0.001,32,75,0.0,0.1,10,5,0.5,True,42,100,100,8,0.6735745216860916,0.7142092665036519,0.001
dropout_rate,0.3,64,2,0.3,False,0.001,32,75,0.0,0.1,10,5,0.5,True,42,100,100,9,0.6612277563774225,0.7201185305913289,0.001
dropout_rate,0.3,64,2,0.3,False,0.001,32,75,0.0,0.1,10,5,0.5,True,42,100,100,10,0.651653970281283,0.7333200772603353,0.001
dropout_rate,0.3,64,2,0.3,False,0.001,32,75,0.0,0.1,10,5,0.5,True,42,100,100,11,0.6307978941635652,0.753106951713562,0.001
dropout_rate,0.3,64,2,0.3,False,0.001,32,75,0.0,0.1,10,5,0.5,True,42,100,100,12,0.6149275488022602,0.7741086641947429,0.001
dropout_rate,0.3,64,2,0.3,False,0.001,32,75,0.0,0.1,10,5,0.5,True,42,100,100,13,0.6007867195841038,0.7788459261258444,0.001
dropout_rate,0.3,64,2,0.3,False,0.001,32,75,0.0,0.1,10,5,0.5,True,42,100,100,14,0.5889555570302587,0.8342769781748454,0.001
dropout_rate,0.3,64,2,0.3,False,0.001,32,75,0.0,0.1,10,5,0.5,True,42,101,101,1,0.6944630507266882,0.692818530400594,0.001
dropout_rate,0.3,64,2,0.3,False,0.001,32,75,0.0,0.1,10,5,0.5,True,42,101,101,2,0.6921177086505023,0.6933839837710063,0.001
dropout_rate,0.3,64,2,0.3,False,0.001,32,75,0.0,0.1,10,5,0.5,True,42,101,101,3,0.6924011729883425,0.6917400042215983,0.001
dropout_rate,0.3,64,2,0.3,False,0.001,32,75,0.0,0.1,10,5,0.5,True,42,101,101,4,0.690776039705132,0.6889164328575135,0.001
dropout_rate,0.3,64,2,0.3,False,0.001,32,75,0.0,0.1,10,5,0.5,True,42,101,101,5,0.6885750162782092,0.6893367687861125,0.001
dropout_rate,0.3,64,2,0.3,False,0.001,32,75,0.0,0.1,10,5,0.5,True,42,101,101,6,0.6869223862886429,0.68852698802948,0.001
dropout_rate,0.3,64,2,0.3,False,0.001,32,75,0.0,0.1,10,5,0.5,True,42,101,101,7,0.6824872263453223,0.6915699561436971,0.001
dropout_rate,0.3,64,2,0.3,False,0.001,32,75,0.0,0.1,10,5,0.5,True,42,101,101,8,0.6777992880705631,0.6966166655222575,0.001
dropout_rate,0.3,64,2,0.3,False,0.001,32,75,0.0,0.1,10,5,0.5,True,42,101,101,9,0.6733504556345217,0.6941288908322653,0.001
dropout_rate,0.3,64,2,0.3,False,0.001,32,75,0.0,0.1,10,5,0.5,True,42,101,101,10,0.6650790617321477,0.7014453490575154,0.001
dropout_rate,0.3,64,2,0.3,False,0.001,32,75,0.0,0.1,10,5,0.5,True,42,101,101,11,0.6532119499011473,0.7046801527341207,0.001
dropout_rate,0.3,64,2,0.3,False,0.001,32,75,0.0,0.1,10,5,0.5,True,42,101,101,12,0.6412523131478917,0.7298439304033916,0.001
dropout_rate,0.3,64,2,0.3,False,0.001,32,75,0.0,0.1,10,5,0.5,True,42,101,101,13,0.6160887032747269,0.7508415857950846,0.001
dropout_rate,0.3,64,2,0.3,False,0.001,32,75,0.0,0.1,10,5,0.5,True,42,101,101,14,0.6033027158542112,0.7682188193003336,0.001
dropout_rate,0.3,64,2,0.3,False,0.001,32,75,0.0,0.1,10,5,0.5,True,42,101,101,15,0.5888497919747324,0.7852069139480591,0.001
dropout_rate,0.3,64,2,0.3,False,0.001,32,75,0.0,0.1,10,5,0.5,True,42,101,101,16,0.5784720211769595,0.8227977911631267,0.001
dropout_rate,0.3,64,2,0.3,False,0.001,32,75,0.0,0.1,10,5,0.5,True,42,102,102,1,0.693915658827984,0.6940010587374369,0.001
dropout_rate,0.3,64,2,0.3,False,0.001,32,75,0.0,0.1,10,5,0.5,True,42,102,102,2,0.6928577585653826,0.6925666014353434,0.001
dropout_rate,0.3,64,2,0.3,False,0.001,32,75,0.0,0.1,10,5,0.5,True,42,102,102,3,0.6918250232031851,0.6921741008758545,0.001
dropout_rate,0.3,64,2,0.3,False,0.001,32,75,0.0,0.1,10,5,0.5,True,42,102,102,4,0.6900088814171877,0.6905253450075786,0.001
dropout_rate,0.3,64,2,0.3,False,0.001,32,75,0.0,0.1,10,5,0.5,True,42,102,102,5,0.6883375856912497,0.6893271565437317,0.001
dropout_rate,0.3,64,2,0.3,False,0.001,32,75,0.0,0.1,10,5,0.5,True,42,102,102,6,0.6859954645236334,0.6894913792610169,0.001
dropout_rate,0.3,64,2,0.3,False,0.001,32,75,0.0,0.1,10,5,0.5,True,42,102,102,7,0.6809238782434752,0.6917702356974283,0.001
dropout_rate,0.3,64,2,0.3,False,0.001,32,75,0.0,0.1,10,5,0.5,True,42,102,102,8,0.6737949220520077,0.6938412666320801,0.001
dropout_rate,0.3,64,2,0.3,False,0.001,32,75,0.0,0.1,10,5,0.5,True,42,102,102,9,0.6669148093823231,0.6926455815633138,0.001
dropout_rate,0.3,64,2,0.3,False,0.001,32,75,0.0,0.1,10,5,0.5,True,42,102,102,10,0.6588576756643526,0.7017863114674886,0.001
dropout_rate,0.3,64,2,0.3,False,0.001,32,75,0.0,0.1,10,5,0.5,True,42,102,102,11,0.6442205409208933,0.7111481308937073,0.001
dropout_rate,0.3,64,2,0.3,False,0.001,32,75,0.0,0.1,10,5,0.5,True,42,102,102,12,0.6265518295042443,0.7356452862421672,0.001
dropout_rate,0.3,64,2,0.3,False,0.001,32,75,0.0,0.1,10,5,0.5,True,42,102,102,13,0.6101545011906913,0.7627009431521098,0.001
dropout_rate,0.3,64,2,0.3,False,0.001,32,75,0.0,0.1,10,5,0.5,True,42,102,102,14,0.600333181294528,0.781491204102834,0.001
dropout_rate,0.3,64,2,0.3,False,0.001,32,75,0.0,0.1,10,5,0.5,True,42,102,102,15,0.5872151375268445,0.7762799859046936,0.001
dropout_rate,0.3,64,2,0.3,False,0.001,32,75,0.0,0.1,10,5,0.5,True,42,103,103,1,0.6941223347728903,0.6944849729537964,0.001
dropout_rate,0.3,64,2,0.3,False,0.001,32,75,0.0,0.1,10,5,0.5,True,42,103,103,2,0.6923811106067715,0.6958154797554016,0.001
dropout_rate,0.3,64,2,0.3,False,0.001,32,75,0.0,0.1,10,5,0.5,True,42,103,103,3,0.6920241447109164,0.6942451000213623,0.001
dropout_rate,0.3,64,2,0.3,False,0.001,32,75,0.0,0.1,10,5,0.5,True,42,103,103,4,0.6894185565637819,0.6911017775535584,0.001
dropout_rate,0.3,64,2,0.3,False,0.001,32,75,0.0,0.1,10,5,0.5,True,42,103,103,5,0.6871164531418772,0.6942392031351725,0.001
dropout_rate,0.3,64,2,0.3,False,0.001,32,75,0.0,0.1,10,5,0.5,True,42,103,103,6,0.6843632974407889,0.6960017204284668,0.001
dropout_rate,0.3,64,2,0.3,False,0.001,32,75,0.0,0.1,10,5,0.5,True,42,103,103,7,0.6804614866321738,0.6973981976509094,0.001
dropout_rate,0.3,64,2,0.3,False,0.001,32,75,0.0,0.1,10,5,0.5,True,42,103,103,8,0.6768409352410923,0.6939738273620606,0.001
dropout_rate,0.3,64,2,0.3,False,0.001,32,75,0.0,0.1,10,5,0.5,True,42,103,103,9,0.6720541015718923,0.7006355841954549,0.001
dropout_rate,0.3,64,2,0.3,False,0.001,32,75,0.0,0.1,10,5,0.5,True,42,103,103,10,0.6636465498895356,0.705358334382375,0.001
dropout_rate,0.3,64,2,0.3,False,0.001,32,75,0.0,0.1,10,5,0.5,True,42,103,103,11,0.6476687540610632,0.7378453413645426,0.001
dropout_rate,0.3,64,2,0.3,False,0.001,32,75,0.0,0.1,10,5,0.5,True,42,103,103,12,0.6400429340022983,0.7213217258453369,0.001
dropout_rate,0.3,64,2,0.3,False,0.001,32,75,0.0,0.1,10,5,0.5,True,42,103,103,13,0.6276668560775843,0.7379887859026592,0.001
dropout_rate,0.3,64,2,0.3,False,0.001,32,75,0.0,0.1,10,5,0.5,True,42,103,103,14,0.6242929520932111,0.7498717069625854,0.001
dropout_rate,0.3,64,2,0.3,False,0.001,32,75,0.0,0.1,10,5,0.5,True,42,104,104,1,0.6940506705732057,0.6943630576133728,0.001
dropout_rate,0.3,64,2,0.3,False,0.001,32,75,0.0,0.1,10,5,0.5,True,42,104,104,2,0.692106382413344,0.6959040284156799,0.001
dropout_rate,0.3,64,2,0.3,False,0.001,32,75,0.0,0.1,10,5,0.5,True,42,104,104,3,0.6916493181929444,0.695845897992452,0.001
dropout_rate,0.3,64,2,0.3,False,0.001,32,75,0.0,0.1,10,5,0.5,True,42,104,104,4,0.6907274429545258,0.6918253382047017,0.001
dropout_rate,0.3,64,2,0.3,False,0.001,32,75,0.0,0.1,10,5,0.5,True,42,104,104,5,0.687981003613183,0.68955397605896,0.001
dropout_rate,0.3,64,2,0.3,False,0.001,32,75,0.0,0.1,10,5,0.5,True,42,104,104,6,0.6872110913197199,0.6935734073321025,0.001
dropout_rate,0.3,64,2,0.3,False,0.001,32,75,0.0,0.1,10,5,0.5,True,42,104,104,7,0.6843665720838489,0.6973268826802571,0.001
dropout_rate,0.3,64,2,0.3,False,0.001,32,75,0.0,0.1,10,5,0.5,True,42,104,104,8,0.6783918435826446,0.6987458229064941,0.001
dropout_rate,0.3,64,2,0.3,False,0.001,32,75,0.0,0.1,10,5,0.5,True,42,104,104,9,0.6718570517771172,0.697128415107727,0.001
dropout_rate,0.3,64,2,0.3,False,0.001,32,75,0.0,0.1,10,5,0.5,True,42,104,104,10,0.6624218717668996,0.708358883857727,0.001
dropout_rate,0.3,64,2,0.3,False,0.001,32,75,0.0,0.1,10,5,0.5,True,42,104,104,11,0.6481412603999629,0.7427424232165019,0.001
dropout_rate,0.3,64,2,0.3,False,0.001,32,75,0.0,0.1,10,5,0.5,True,42,104,104,12,0.6286129536050739,0.7660128831863403,0.001
dropout_rate,0.3,64,2,0.3,False,0.001,32,75,0.0,0.1,10,5,0.5,True,42,104,104,13,0.6129402520530152,0.778410005569458,0.001
dropout_rate,0.3,64,2,0.3,False,0.001,32,75,0.0,0.1,10,5,0.5,True,42,104,104,14,0.6008907863588044,0.7977402170499166,0.001
dropout_rate,0.3,64,2,0.3,False,0.001,32,75,0.0,0.1,10,5,0.5,True,42,104,104,15,0.5895323480168978,0.8008112867673238,0.001
dropout_rate,0.3,64,2,0.3,False,0.001,32,75,0.0,0.1,10,5,0.5,True,42,105,105,1,0.6941183376492877,0.6930540323257446,0.001
dropout_rate,0.3,64,2,0.3,False,0.001,32,75,0.0,0.1,10,5,0.5,True,42,105,105,2,0.6919868954203345,0.6927825609842936,0.001
dropout_rate,0.3,64,2,0.3,False,0.001,32,75,0.0,0.1,10,5,0.5,True,42,105,105,3,0.6914224502715197,0.6916034738222758,0.001
dropout_rate,0.3,64,2,0.3,False,0.001,32,75,0.0,0.1,10,5,0.5,True,42,105,105,4,0.6890380874727712,0.6930225849151611,0.001
dropout_rate,0.3,64,2,0.3,False,0.001,32,75,0.0,0.1,10,5,0.5,True,42,105,105,5,0.6832216689080903,0.6986328562100729,0.001
dropout_rate,0.3,64,2,0.3,False,0.001,32,75,0.0,0.1,10,5,0.5,True,42,105,105,6,0.6818556772036986,0.7004969040552775,0.001
dropout_rate,0.3,64,2,0.3,False,0.001,32,75,0.0,0.1,10,5,0.5,True,42,105,105,7,0.6747266492157271,0.7092094699541728,0.001
dropout_rate,0.3,64,2,0.3,False,0.001,32,75,0.0,0.1,10,5,0.5,True,42,105,105,8,0.6670628144885554,0.7100048542022706,0.001
dropout_rate,0.3,64,2,0.3,False,0.001,32,75,0.0,0.1,10,5,0.5,True,42,105,105,9,0.6587484835675268,0.7303505579630534,0.001
dropout_rate,0.3,64,2,0.3,False,0.001,32,75,0.0,0.1,10,5,0.5,True,42,105,105,10,0.6448402188040994,0.7340395450592041,0.001
dropout_rate,0.3,64,2,0.3,False,0.001,32,75,0.0,0.1,10,5,0.5,True,42,105,105,11,0.6362888113115773,0.7513279398282369,0.001
dropout_rate,0.3,64,2,0.3,False,0.001,32,75,0.0,0.1,10,5,0.5,True,42,105,105,12,0.6239594130805044,0.7553435564041138,0.001
dropout_rate,0.3,64,2,0.3,False,0.001,32,75,0.0,0.1,10,5,0.5,True,42,105,105,13,0.6120948125467156,0.7949383775393168,0.001
dropout_rate,0.3,64,2,0.3,False,0.001,32,75,0.0,0.1,10,5,0.5,True,42,106,106,1,0.6944882648460793,0.693581740061442,0.001
dropout_rate,0.3,64,2,0.3,False,0.001,32,75,0.0,0.1,10,5,0.5,True,42,106,106,2,0.6929348097606138,0.6934269587198894,0.001
dropout_rate,0.3,64,2,0.3,False,0.001,32,75,0.0,0.1,10,5,0.5,True,42,106,106,3,0.6917560515981732,0.6939521789550781,0.001
dropout_rate,0.3,64,2,0.3,False,0.001,32,75,0.0,0.1,10,5,0.5,True,42,106,106,4,0.6900342219706738,0.6985157171885172,0.001
dropout_rate,0.3,64,2,0.3,False,0.001,32,75,0.0,0.1,10,5,0.5,True,42,106,106,5,0.6887579162915548,0.6937783122062683,0.001
dropout_rate,0.3,64,2,0.3,False,0.001,32,75,0.0,0.1,10,5,0.5,True,42,106,106,6,0.6840905190417261,0.6958903193473815,0.001
dropout_rate,0.3,64,2,0.3,False,0.001,32,75,0.0,0.1,10,5,0.5,True,42,106,106,7,0.6794159687829741,0.7031325578689576,0.001
dropout_rate,0.3,64,2,0.3,False,0.001,32,75,0.0,0.1,10,5,0.5,True,42,106,106,8,0.6774433304866155,0.7002412875493368,0.001
dropout_rate,0.3,64,2,0.3,False,0.001,32,75,0.0,0.1,10,5,0.5,True,42,106,106,9,0.666726545402498,0.7038904984792074,0.001
dropout_rate,0.3,64,2,0.3,False,0.001,32,75,0.0,0.1,10,5,0.5,True,42,106,106,10,0.6576607710484302,0.7178466002146403,0.001
dropout_rate,0.3,64,2,0.3,False,0.001,32,75,0.0,0.1,10,5,0.5,True,42,106,106,11,0.6495391735524843,0.7225148359934489,0.001
dropout_rate,0.3,64,2,0.3,False,0.001,32,75,0.0,0.1,10,5,0.5,True,42,106,106,12,0.6427516905647336,0.7325722972551981,0.001
dropout_rate,0.3,64,2,0.3,False,0.001,32,75,0.0,0.1,10,5,0.5,True,42,107,107,1,0.6934598828807021,0.693195390701294,0.001
dropout_rate,0.3,64,2,0.3,False,0.001,32,75,0.0,0.1,10,5,0.5,True,42,107,107,2,0.6919377387473078,0.6935594002405803,0.001
dropout_rate,0.3,64,2,0.3,False,0.001,32,75,0.0,0.1,10,5,0.5,True,42,107,107,3,0.6906116762847612,0.6937213182449341,0.001
dropout_rate,0.3,64,2,0.3,False,0.001,32,75,0.0,0.1,10,5,0.5,True,42,107,107,4,0.6870689283717762,0.6994238694508871,0.001
dropout_rate,0.3,64,2,0.3,False,0.001,32,75,0.0,0.1,10,5,0.5,True,42,107,107,5,0.6882849177627852,0.6945291519165039,0.001
dropout_rate,0.3,64,2,0.3,False,0.001,32,75,0.0,0.1,10,5,0.5,True,42,107,107,6,0.6821735645785476,0.6975122054417928,0.001
dropout_rate,0.3,64,2,0.3,False,0.001,32,75,0.0,0.1,10,5,0.5,True,42,107,107,7,0.6788962718212244,0.7050341129302978,0.001
dropout_rate,0.3,64,2,0.3,False,0.001,32,75,0.0,0.1,10,5,0.5,True,42,107,107,8,0.6685606281865727,0.7155549248059591,0.001
dropout_rate,0.3,64,2,0.3,False,0.001,32,75,0.0,0.1,10,5,0.5,True,42,107,107,9,0.661689864415111,0.7195053140322367,0.001
dropout_rate,0.3,64,2,0.3,False,0.001,32,75,0.0,0.1,10,5,0.5,True,42,107,107,10,0.6553381740143804,0.7277828812599182,0.001
dropout_rate,0.3,64,2,0.3,False,0.001,32,75,0.0,0.1,10,5,0.5,True,42,107,107,11,0.649934165857055,0.7307156721750895,0.001
dropout_rate,0.3,64,2,0.3,False,0.001,32,75,0.0,0.1,10,5,0.5,True,42,108,108,1,0.6945661274772702,0.6926968057950338,0.001
dropout_rate,0.3,64,2,0.3,False,0.001,32,75,0.0,0.1,10,5,0.5,True,42,108,108,2,0.6929485034762006,0.6942623496055603,0.001
dropout_rate,0.3,64,2,0.3,False,0.001,32,75,0.0,0.1,10,5,0.5,True,42,108,108,3,0.6909957225575591,0.6941706736882528,0.001
dropout_rate,0.3,64,2,0.3,False,0.001,32,75,0.0,0.1,10,5,0.5,True,42,108,108,4,0.690527313134887,0.6929580728212993,0.001
dropout_rate,0.3,64,2,0.3,False,0.001,32,75,0.0,0.1,10,5,0.5,True,42,108,108,5,0.6882151085318942,0.6940310716629028,0.001
dropout_rate,0.3,64,2,0.3,False,0.001,32,75,0.0,0.1,10,5,0.5,True,42,108,108,6,0.6859160070166443,0.698894739151001,0.001
dropout_rate,0.3,64,2,0.3,False,0.001,32,75,0.0,0.1,10,5,0.5,True,42,108,108,7,0.6811547319997441,0.6940564711888632,0.001
dropout_rate,0.3,64,2,0.3,False,0.001,32,75,0.0,0.1,10,5,0.5,True,42,108,108,8,0.6701193731842618,0.7023906946182251,0.001
dropout_rate,0.3,64,2,0.3,False,0.001,32,75,0.0,0.1,10,5,0.5,True,42,108,108,9,0.6642905076344808,0.7098966399828593,0.001
dropout_rate,0.3,64,2,0.3,False,0.001,32,75,0.0,0.1,10,5,0.5,True,42,108,108,10,0.6550044552846388,0.7227518161137899,0.001
dropout_rate,0.3,64,2,0.3,False,0.001,32,75,0.0,0.1,10,5,0.5,True,42,108,108,11,0.6494772203943946,0.728630022207896,0.001
dropout_rate,0.5,64,2,0.5,False,0.001,32,75,0.0,0.1,10,5,0.5,True,42,1,1,1,0.6941389066703392,0.6926497419675192,0.001
dropout_rate,0.5,64,2,0.5,False,0.001,32,75,0.0,0.1,10,5,0.5,True,42,1,1,2,0.693346381187439,0.6936518748601278,0.001
dropout_rate,0.5,64,2,0.5,False,0.001,32,75,0.0,0.1,10,5,0.5,True,42,1,1,3,0.6924601594607035,0.6914735078811646,0.001
dropout_rate,0.5,64,2,0.5,False,0.001,32,75,0.0,0.1,10,5,0.5,True,42,1,1,4,0.6907287763826775,0.6930365443229676,0.001
dropout_rate,0.5,64,2,0.5,False,0.001,32,75,0.0,0.1,10,5,0.5,True,42,1,1,5,0.6893762101729711,0.6957258423169453,0.001
dropout_rate,0.5,64,2,0.5,False,0.001,32,75,0.0,0.1,10,5,0.5,True,42,1,1,6,0.6858763879898823,0.6953947186470032,0.001
dropout_rate,0.5,64,2,0.5,False,0.001,32,75,0.0,0.1,10,5,0.5,True,42,1,1,7,0.6837210375251193,0.707330584526062,0.001
dropout_rate,0.5,64,2,0.5,False,0.001,32,75,0.0,0.1,10,5,0.5,True,42,1,1,8,0.6767071458426389,0.7077140847841898,0.001
dropout_rate,0.5,64,2,0.5,False,0.001,32,75,0.0,0.1,10,5,0.5,True,42,1,1,9,0.6745444400744005,0.715648102760315,0.001
dropout_rate,0.5,64,2,0.5,False,0.001,32,75,0.0,0.1,10,5,0.5,True,42,1,1,10,0.6637699495662343,0.7260711272557576,0.001
dropout_rate,0.5,64,2,0.5,False,0.001,32,75,0.0,0.1,10,5,0.5,True,42,1,1,11,0.6559921927524336,0.7267715295155843,0.001
dropout_rate,0.5,64,2,0.5,False,0.001,32,75,0.0,0.1,10,5,0.5,True,42,1,1,12,0.6449889048482432,0.7704994241396587,0.001
dropout_rate,0.5,64,2,0.5,False,0.001,32,75,0.0,0.1,10,5,0.5,True,42,1,1,13,0.6417991830544039,0.7885984341303508,0.001
dropout_rate,0.5,64,2,0.5,False,0.001,32,75,0.0,0.1,10,5,0.5,True,42,2,2,1,0.6938605010509491,0.6937109788258871,0.001
dropout_rate,0.5,64,2,0.5,False,0.001,32,75,0.0,0.1,10,5,0.5,True,42,2,2,2,0.6932475557833007,0.6924505074818929,0.001
dropout_rate,0.5,64,2,0.5,False,0.001,32,75,0.0,0.1,10,5,0.5,True,42,2,2,3,0.6928800714738441,0.6931290825208029,0.001
dropout_rate,0.5,64,2,0.5,False,0.001,32,75,0.0,0.1,10,5,0.5,True,42,2,2,4,0.6914372967951226,0.6922463933626811,0.001
dropout_rate,0.5,64,2,0.5,False,0.001,32,75,0.0,0.1,10,5,0.5,True,42,2,2,5,0.6906356965050553,0.6957377274831136,0.001
dropout_rate,0.5,64,2,0.5,False,0.001,32,75,0.0,0.1,10,5,0.5,True,42,2,2,6,0.6877205245422594,0.6986324747403463,0.001
dropout_rate,0.5,64,2,0.5,False,0.001,32,75,0.0,0.1,10,5,0.5,True,42,2,2,7,0.6857698726834673,0.6933127601941427,0.001
dropout_rate,0.5,64,2,0.5,False,0.001,32,75,0.0,0.1,10,5,0.5,True,42,2,2,8,0.6826958290555261,0.7003518541653951,0.001
dropout_rate,0.5,64,2,0.5,False,0.001,32,75,0.0,0.1,10,5,0.5,True,42,2,2,9,0.6789713235515537,0.7022755026817322,0.001
dropout_rate,0.5,64,2,0.5,False,0.001,32,75,0.0,0.1,10,5,0.5,True,42,2,2,10,0.6754292791539972,0.7204574823379517,0.001
dropout_rate,0.5,64,2,0.5,False,0.001,32,75,0.0,0.1,10,5,0.5,True,42,2,2,11,0.6647270823066885,0.7143539865811666,0.001
dropout_rate,0.5,64,2,0.5,False,0.001,32,75,0.0,0.1,10,5,0.5,True,42,2,2,12,0.6555071306048017,0.754439647992452,0.001
dropout_rate,0.5,64,2,0.5,False,0.001,32,75,0.0,0.1,10,5,0.5,True,42,2,2,13,0.6498142684047873,0.7341939608256022,0.001
dropout_rate,0.5,64,2,0.5,False,0.001,32,75,0.0,0.1,10,5,0.5,True,42,2,2,14,0.6441332761085394,0.729540228843689,0.001
dropout_rate,0.5,64,2,0.5,False,0.001,32,75,0.0,0.1,10,5,0.5,True,42,3,3,1,0.694378937735702,0.6914635380109151,0.001
dropout_rate,0.5,64,2,0.5,False,0.001,32,75,0.0,0.1,10,5,0.5,True,42,3,3,2,0.6929571470527938,0.6925669471422832,0.001
dropout_rate,0.5,64,2,0.5,False,0.001,32,75,0.0,0.1,10,5,0.5,True,42,3,3,3,0.6907124392914049,0.6939000328381856,0.001
dropout_rate,0.5,64,2,0.5,False,0.001,32,75,0.0,0.1,10,5,0.5,True,42,3,3,4,0.6901950208526669,0.6946694652239481,0.001
dropout_rate,0.5,64,2,0.5,False,0.001,32,75,0.0,0.1,10,5,0.5,True,42,3,3,5,0.6879945921175408,0.6951054374376933,0.001
dropout_rate,0.5,64,2,0.5,False,0.001,32,75,0.0,0.1,10,5,0.5,True,42,3,3,6,0.6847400439508033,0.7019322911898295,0.001
dropout_rate,0.5,64,2,0.5,False,0.001,32,75,0.0,0.1,10,5,0.5,True,42,3,3,7,0.6794348806142807,0.7047182361284892,0.001
dropout_rate,0.5,64,2,0.5,False,0.001,32,75,0.0,0.1,10,5,0.5,True,42,3,3,8,0.6704193489118055,0.7187491257985433,0.001
dropout_rate,0.5,64,2,0.5,False,0.001,32,75,0.0,0.1,10,5,0.5,True,42,3,3,9,0.663373638734673,0.7214924971262614,0.001
dropout_rate,0.5,64,2,0.5,False,0.001,32,75,0.0,0.1,10,5,0.5,True,42,3,3,10,0.6593363393436779,0.736702311038971,0.001
dropout_rate,0.5,64,2,0.5,False,0.001,32,75,0.0,0.1,10,5,0.5,True,42,3,3,11,0.6557232516281533,0.7370217243830363,0.001
dropout_rate,0.5,64,2,0.5,False,0.001,32,75,0.0,0.1,10,5,0.5,True,42,4,4,1,0.6932434593186234,0.6914972066879272,0.001
dropout_rate,0.5,64,2,0.5,False,0.001,32,75,0.0,0.1,10,5,0.5,True,42,4,4,2,0.6926948211409829,0.692231825987498,0.001
dropout_rate,0.5,64,2,0.5,False,0.001,32,75,0.0,0.1,10,5,0.5,True,42,4,4,3,0.690573965961283,0.6931991736094157,0.001
dropout_rate,0.5,64,2,0.5,False,0.001,32,75,0.0,0.1,10,5,0.5,True,42,4,4,4,0.690050333738327,0.6958516637484232,0.001
dropout_rate,0.5,64,2,0.5,False,0.001,32,75,0.0,0.1,10,5,0.5,True,42,4,4,5,0.6858443554603693,0.7027414043744405,0.001
dropout_rate,0.5,64,2,0.5,False,0.001,32,75,0.0,0.1,10,5,0.5,True,42,4,4,6,0.6843563196333972,0.7055551926294963,0.001
dropout_rate,0.5,64,2,0.5,False,0.001,32,75,0.0,0.1,10,5,0.5,True,42,4,4,7,0.6831442650520441,0.7068462093671163,0.001
dropout_rate,0.5,64,2,0.5,False,0.001,32,75,0.0,0.1,10,5,0.5,True,42,4,4,8,0.6746452283678632,0.7295725385348002,0.001
dropout_rate,0.5,64,2,0.5,False,0.001,32,75,0.0,0.1,10,5,0.5,True,42,4,4,9,0.6713892948446851,0.7289354880650838,0.001
dropout_rate,0.5,64,2,0.5,False,0.001,32,75,0.0,0.1,10,5,0.5,True,42,4,4,10,0.6649841792655714,0.7382805585861206,0.001
dropout_rate,0.5,64,2,0.5,False,0.001,32,75,0.0,0.1,10,5,0.5,True,42,4,4,11,0.6574505707531264,0.7596282561620077,0.001
dropout_rate,0.5,64,2,0.5,False,0.001,32,75,0.0,0.1,10,5,0.5,True,42,5,5,1,0.6949135715311224,0.6915549198786418,0.001
dropout_rate,0.5,64,2,0.5,False,0.001,32,75,0.0,0.1,10,5,0.5,True,42,5,5,2,0.6928485302311002,0.6912130395571391,0.001
dropout_rate,0.5,64,2,0.5,False,0.001,32,75,0.0,0.1,10,5,0.5,True,42,5,5,3,0.6924260854721069,0.6908286690711976,0.001
dropout_rate,0.5,64,2,0.5,False,0.001,32,75,0.0,0.1,10,5,0.5,True,42,5,5,4,0.6907189131686182,0.6896935264269511,0.001
dropout_rate,0.5,64,2,0.5,False,0.001,32,75,0.0,0.1,10,5,0.5,True,42,5,5,5,0.6895286486004338,0.6898522297541301,0.001
dropout_rate,0.5,64,2,0.5,False,0.001,32,75,0.0,0.1,10,5,0.5,True,42,5,5,6,0.6867069958737402,0.6948655565579732,0.001
dropout_rate,0.5,64,2,0.5,False,0.001,32,75,0.0,0.1,10,5,0.5,True,42,5,5,7,0.6830970956520601,0.6895699779192607,0.001
dropout_rate,0.5,64,2,0.5,False,0.001,32,75,0.0,0.1,10,5,0.5,True,42,5,5,8,0.6783656685641317,0.6967071016629537,0.001
dropout_rate,0.5,64,2,0.5,False,0.001,32,75,0.0,0.1,10,5,0.5,True,42,5,5,9,0.6735028014941649,0.691657300790151,0.001
dropout_rate,0.5,64,2,0.5,False,0.001,32,75,0.0,0.1,10,5,0.5,True,42,5,5,10,0.6649081865043351,0.7135633865992228,0.001
dropout_rate,0.5,64,2,0.5,False,0.001,32,75,0.0,0.1,10,5,0.5,True,42,5,5,11,0.6610488986427133,0.7100047787030538,0.001
dropout_rate,0.5,64,2,0.5,False,0.001,32,75,0.0,0.1,10,5,0.5,True,42,5,5,12,0.652570031357534,0.7138137936592102,0.001
dropout_rate,0.5,64,2,0.5,False,0.001,32,75,0.0,0.1,10,5,0.5,True,42,5,5,13,0.6376117305322127,0.7213027358055115,0.001
dropout_rate,0.5,64,2,0.5,False,0.001,32,75,0.0,0.1,10,5,0.5,True,42,5,5,14,0.6180145453774568,0.7774752696355184,0.001
dropout_rate,0.5,64,2,0.5,False,0.001,32,75,0.0,0.1,10,5,0.5,True,42,5,5,15,0.6039775817683248,0.795174245039622,0.001
dropout_rate,0.5,64,2,0.5,False,0.001,32,75,0.0,0.1,10,5,0.5,True,42,5,5,16,0.5918186049569737,0.7893145004908244,0.001
dropout_rate,0.5,64,2,0.5,False,0.001,32,75,0.0,0.1,10,5,0.5,True,42,5,5,17,0.5798711961869037,0.8439838846524557,0.001
dropout_rate,0.5,64,2,0.5,False,0.001,32,75,0.0,0.1,10,5,0.5,True,42,6,6,1,0.6946900468884092,0.6939575751622518,0.001
dropout_rate,0.5,64,2,0.5,False,0.001,32,75,0.0,0.1,10,5,0.5,True,42,6,6,2,0.6932152437441277,0.6936697443326314,0.001
dropout_rate,0.5,64,2,0.5,False,0.001,32,75,0.0,0.1,10,5,0.5,True,42,6,6,3,0.6921905355923104,0.6909596959749857,0.001
dropout_rate,0.5,64,2,0.5,False,0.001,32,75,0.0,0.1,10,5,0.5,True,42,6,6,4,0.6911147697405382,0.6916666110356648,0.001
dropout_rate,0.5,64,2,0.5,False,0.001,32,75,0.0,0.1,10,5,0.5,True,42,6,6,5,0.6877565930287043,0.6974714875221253,0.001
dropout_rate,0.5,64,2,0.5,False,0.001,32,75,0.0,0.1,10,5,0.5,True,42,6,6,6,0.6851313940503381,0.693161952495575,0.001
dropout_rate,0.5,64,2,0.5,False,0.001,32,75,0.0,0.1,10,5,0.5,True,42,6,6,7,0.6837253204800866,0.6921207308769226,0.001
dropout_rate,0.5,64,2,0.5,False,0.001,32,75,0.0,0.1,10,5,0.5,True,42,6,6,8,0.6787725813461073,0.6959867715835572,0.001
dropout_rate,0.5,64,2,0.5,False,0.001,32,75,0.0,0.1,10,5,0.5,True,42,6,6,9,0.6731421053409576,0.6991175889968873,0.001
dropout_rate,0.5,64,2,0.5,False,0.001,32,75,0.0,0.1,10,5,0.5,True,42,6,6,10,0.6625832526972799,0.7214791178703308,0.001
dropout_rate,0.5,64,2,0.5,False,0.001,32,75,0.0,0.1,10,5,0.5,True,42,6,6,11,0.6576418980504527,0.7200402657190959,0.001
dropout_rate,0.5,64,2,0.5,False,0.001,32,75,0.0,0.1,10,5,0.5,True,42,6,6,12,0.651754922487519,0.7387108167012533,0.001
dropout_rate,0.5,64,2,0.5,False,0.001,32,75,0.0,0.1,10,5,0.5,True,42,6,6,13,0.6467028558254242,0.7338275591532389,0.001
dropout_rate,0.5,64,2,0.5,False,0.001,32,75,0.0,0.1,10,5,0.5,True,42,7,7,1,0.6939487032818071,0.6939404090245564,0.001
dropout_rate,0.5,64,2,0.5,False,0.001,32,75,0.0,0.1,10,5,0.5,True,42,7,7,2,0.6922461562084429,0.6912164370218913,0.001
dropout_rate,0.5,64,2,0.5,False,0.001,32,75,0.0,0.1,10,5,0.5,True,42,7,7,3,0.6924573106296135,0.6922289927800497,0.001
dropout_rate,0.5,64,2,0.5,False,0.001,32,75,0.0,0.1,10,5,0.5,True,42,7,7,4,0.691407216317726,0.6932694514592489,0.001
dropout_rate,0.5,64,2,0.5,False,0.001,32,75,0.0,0.1,10,5,0.5,True,42,7,7,5,0.6883086002234257,0.6952462673187256,0.001
dropout_rate,0.5,64,2,0.5,False,0.001,32,75,0.0,0.1,10,5,0.5,True,42,7,7,6,0.6856638865940499,0.6986863931020101,0.001
dropout_rate,0.5,64,2,0.5,False,0.001,32,75,0.0,0.1,10,5,0.5,True,42,7,7,7,0.6827222750042424,0.7003978292147318,0.001
dropout_rate,0.5,64,2,0.5,False,0.001,32,75,0.0,0.1,10,5,0.5,True,42,7,7,8,0.6791731322353537,0.7167075594266256,0.001
dropout_rate,0.5,64,2,0.5,False,0.001,32,75,0.0,0.1,10,5,0.5,True,42,7,7,9,0.6739650747992776,0.7031469106674194,0.001
dropout_rate,0.5,64,2,0.5,False,0.001,32,75,0.0,0.1,10,5,0.5,True,42,7,7,10,0.6765634887146227,0.7079093019167583,0.001
dropout_rate,0.5,64,2,0.5,False,0.001,32,75,0.0,0.1,10,5,0.5,True,42,7,7,11,0.6584518371206342,0.7239129344622294,0.001
dropout_rate,0.5,64,2,0.5,False,0.001,32,75,0.0,0.1,10,5,0.5,True,42,7,7,12,0.654921679334207,0.7271762967109681,0.001
dropout_rate,0.5,64,2,0.5,False,0.001,32,75,0.0,0.1,10,5,0.5,True,42,8,8,1,0.6938682862303474,0.693855361143748,0.001
dropout_rate,0.5,64,2,0.5,False,0.001,32,75,0.0,0.1,10,5,0.5,True,42,8,8,2,0.6939000315738447,0.6933358112970988,0.001
dropout_rate,0.5,64,2,0.5,False,0.001,32,75,0.0,0.1,10,5,0.5,True,42,8,8,3,0.6926796382123773,0.6931143124898275,0.001
dropout_rate,0.5,64,2,0.5,False,0.001,32,75,0.0,0.1,10,5,0.5,True,42,8,8,4,0.692132444544272,0.6928225080172221,0.001
dropout_rate,0.5,64,2,0.5,False,0.001,32,75,0.0,0.1,10,5,0.5,True,42,8,8,5,0.6899182864210822,0.6897631645202636,0.001
dropout_rate,0.5,64,2,0.5,False,0.001,32,75,0.0,0.1,10,5,0.5,True,42,8,8,6,0.6896688694303686,0.6915064255396525,0.001
dropout_rate,0.5,64,2,0.5,False,0.001,32,75,0.0,0.1,10,5,0.5,True,42,8,8,7,0.6868561285011696,0.6918386936187744,0.001
dropout_rate,0.5,64,2,0.5,False,0.001,32,75,0.0,0.1,10,5,0.5,True,42,8,8,8,0.6825840012593702,0.6907857259114584,0.001
dropout_rate,0.5,64,2,0.5,False,0.001,32,75,0.0,0.1,10,5,0.5,True,42,8,8,9,0.6781691136685285,0.6955812931060791,0.001
dropout_rate,0.5,64,2,0.5,False,0.001,32,75,0.0,0.1,10,5,0.5,True,42,8,8,10,0.6736992647250494,0.7072869658470153,0.001
dropout_rate,0.5,64,2,0.5,False,0.001,32,75,0.0,0.1,10,5,0.5,True,42,8,8,11,0.6664757791793707,0.7028277317682902,0.001
dropout_rate,0.5,64,2,0.5,False,0.001,32,75,0.0,0.1,10,5,0.5,True,42,8,8,12,0.6558047420147693,0.7234679063161215,0.001
dropout_rate,0.5,64,2,0.5,False,0.001,32,75,0.0,0.1,10,5,0.5,True,42,8,8,13,0.6429842200243112,0.713725205262502,0.001
dropout_rate,0.5,64,2,0.5,False,0.001,32,75,0.0,0.1,10,5,0.5,True,42,8,8,14,0.6351787587909987,0.7240386764208476,0.001
dropout_rate,0.5,64,2,0.5,False,0.001,32,75,0.0,0.1,10,5,0.5,True,42,8,8,15,0.6250944173697269,0.7653147975603739,0.001
dropout_rate,0.5,64,2,0.5,False,0.001,32,75,0.0,0.1,10,5,0.5,True,42,9,9,1,0.694490882934946,0.6935881892840068,0.001
dropout_rate,0.5,64,2,0.5,False,0.001,32,75,0.0,0.1,10,5,0.5,True,42,9,9,2,0.6929119197708188,0.6941653410593669,0.001
dropout_rate,0.5,64,2,0.5,False,0.001,32,75,0.0,0.1,10,5,0.5,True,42,9,9,3,0.6920313496481288,0.6925103346506755,0.001
dropout_rate,0.5,64,2,0.5,False,0.001,32,75,0.0,0.1,10,5,0.5,True,42,9,9,4,0.6914792494340376,0.6953080852826437,0.001
dropout_rate,0.5,64,2,0.5,False,0.001,32,75,0.0,0.1,10,5,0.5,True,42,9,9,5,0.6882856483712341,0.697753369808197,0.001
dropout_rate,0.5,64,2,0.5,False,0.001,32,75,0.0,0.1,10,5,0.5,True,42,9,9,6,0.6877129263047016,0.6978111505508423,0.001
dropout_rate,0.5,64,2,0.5,False,0.001,32,75,0.0,0.1,10,5,0.5,True,42,9,9,7,0.6834664647326325,0.706819760799408,0.001
dropout_rate,0.5,64,2,0.5,False,0.001,32,75,0.0,0.1,10,5,0.5,True,42,9,9,8,0.6848584029710654,0.7013803998629252,0.001
dropout_rate,0.5,64,2,0.5,False,0.001,32,75,0.0,0.1,10,5,0.5,True,42,9,9,9,0.6999004740606655,0.69320254723231,0.001
dropout_rate,0.5,64,2,0.5,False,0.001,32,75,0.0,0.1,10,5,0.5,True,42,9,9,10,0.694566316225312,0.6930757006009419,0.001
dropout_rate,0.5,64,2,0.5,False,0.001,32,75,0.0,0.1,10,5,0.5,True,42,9,9,11,0.6920595909609939,0.6932328661282857,0.001
dropout_rate,0.5,64,2,0.5,False,0.001,32,75,0.0,0.1,10,5,0.5,True,42,9,9,12,0.6922831914641641,0.6932515104611715,0.001
dropout_rate,0.5,64,2,0.5,False,0.001,32,75,0.0,0.1,10,5,0.5,True,42,9,9,13,0.6917772442102432,0.6938379287719727,0.001
dropout_rate,0.5,64,2,0.5,False,0.001,32,75,0.0,0.1,10,5,0.5,True,42,10,10,1,0.6945063751755338,0.6932389418284098,0.001
dropout_rate,0.5,64,2,0.5,False,0.001,32,75,0.0,0.1,10,5,0.5,True,42,10,10,2,0.6926601691679521,0.6932954668998719,0.001
dropout_rate,0.5,64,2,0.5,False,0.001,32,75,0.0,0.1,10,5,0.5,True,42,10,10,3,0.6913511229283882,0.6938094894091288,0.001
dropout_rate,0.5,64,2,0.5,False,0.001,32,75,0.0,0.1,10,5,0.5,True,42,10,10,4,0.6898833215236664,0.6927010496457418,0.001
dropout_rate,0.5,64,2,0.5,False,0.001,32,75,0.0,0.1,10,5,0.5,True,42,10,10,5,0.6888964934782549,0.696054486433665,0.001
dropout_rate,0.5,64,2,0.5,False,0.001,32,75,0.0,0.1,10,5,0.5,True,42,10,10,6,0.6832110050952795,0.6936927239100138,0.001
dropout_rate,0.5,64,2,0.5,False,0.001,32,75,0.0,0.1,10,5,0.5,True,42,10,10,7,0.6840817458701857,0.6999959349632263,0.001
dropout_rate,0.5,64,2,0.5,False,0.001,32,75,0.0,0.1,10,5,0.5,True,42,10,10,8,0.6756066973462249,0.699359675248464,0.001
dropout_rate,0.5,64,2,0.5,False,0.001,32,75,0.0,0.1,10,5,0.5,True,42,10,10,9,0.6731960041956468,0.7065547982851664,0.001
dropout_rate,0.5,64,2,0.5,False,0.001,32,75,0.0,0.1,10,5,0.5,True,42,10,10,10,0.6635149717330933,0.72420361439387,0.001
dropout_rate,0.5,64,2,0.5,False,0.001,32,75,0.0,0.1,10,5,0.5,True,42,10,10,11,0.6461249580889037,0.7435051480929057,0.001
dropout_rate,0.5,64,2,0.5,False,0.001,32,75,0.0,0.1,10,5,0.5,True,42,10,10,12,0.6410101137377999,0.7341617107391357,0.001
dropout_rate,0.5,64,2,0.5,False,0.001,32,75,0.0,0.1,10,5,0.5,True,42,10,10,13,0.6372575850197764,0.7473890741666158,0.001
dropout_rate,0.5,64,2,0.5,False,0.001,32,75,0.0,0.1,10,5,0.5,True,42,10,10,14,0.6240961651007334,0.7719458301862081,0.001
dropout_rate,0.5,64,2,0.5,False,0.001,32,75,0.0,0.1,10,5,0.5,True,42,11,11,1,0.6926877936630538,0.693586258093516,0.001
dropout_rate,0.5,64,2,0.5,False,0.001,32,75,0.0,0.1,10,5,0.5,True,42,11,11,2,0.6931365904482928,0.6923228979110718,0.001
dropout_rate,0.5,64,2,0.5,False,0.001,32,75,0.0,0.1,10,5,0.5,True,42,11,11,3,0.6915110110333471,0.6927514592806499,0.001
dropout_rate,0.5,64,2,0.5,False,0.001,32,75,0.0,0.1,10,5,0.5,True,42,11,11,4,0.6915960682160927,0.6933017373085022,0.001
dropout_rate,0.5,64,2,0.5,False,0.001,32,75,0.0,0.1,10,5,0.5,True,42,11,11,5,0.6874587215257414,0.6964780728022257,0.001
dropout_rate,0.5,64,2,0.5,False,0.001,32,75,0.0,0.1,10,5,0.5,True,42,11,11,6,0.6839704323898662,0.6996446530024211,0.001
dropout_rate,0.5,64,2,0.5,False,0.001,32,75,0.0,0.1,10,5,0.5,True,42,11,11,7,0.6796128740816405,0.7049325823783874,0.001
dropout_rate,0.5,64,2,0.5,False,0.001,32,75,0.0,0.1,10,5,0.5,True,42,11,11,8,0.6759286829919526,0.7097100337346395,0.001
dropout_rate,0.5,64,2,0.5,False,0.001,32,75,0.0,0.1,10,5,0.5,True,42,11,11,9,0.663603378516255,0.7211932977040608,0.001
dropout_rate,0.5,64,2,0.5,False,0.001,32,75,0.0,0.1,10,5,0.5,True,42,11,11,10,0.6567919326551033,0.7295881509780884,0.001
dropout_rate,0.5,64,2,0.5,False,0.001,32,75,0.0,0.1,10,5,0.5,True,42,11,11,11,0.6509768967375611,0.745311023791631,0.001
dropout_rate,0.5,64,2,0.5,False,0.001,32,75,0.0,0.1,10,5,0.5,True,42,11,11,12,0.6444847520553705,0.7425668875376383,0.001
dropout_rate,0.5,64,2,0.5,False,0.001,32,75,0.0,0.1,10,5,0.5,True,42,12,12,1,0.6946826351411415,0.6926337718963623,0.001
dropout_rate,0.5,64,2,0.5,False,0.001,32,75,0.0,0.1,10,5,0.5,True,42,12,12,2,0.6927462414358602,0.6923498670260112,0.001
dropout_rate,0.5,64,2,0.5,False,0.001,32,75,0.0,0.1,10,5,0.5,True,42,12,12,3,0.6920349173473589,0.690704349676768,0.001
dropout_rate,0.5,64,2,0.5,False,0.001,32,75,0.0,0.1,10,5,0.5,True,42,12,12,4,0.6914973371859753,0.6906235416730245,0.001
dropout_rate,0.5,64,2,0.5,False,0.001,32,75,0.0,0.1,10,5,0.5,True,42,12,12,5,0.6892325909751834,0.6893876552581787,0.001
dropout_rate,0.5,64,2,0.5,False,0.001,32,75,0.0,0.1,10,5,0.5,True,42,12,12,6,0.6875040535673951,0.6918312907218933,0.001
dropout_rate,0.5,64,2,0.5,False,0.001,32,75,0.0,0.1,10,5,0.5,True,42,12,12,7,0.6832956929098476,0.7143268267313639,0.001
dropout_rate,0.5,64,2,0.5,False,0.001,32,75,0.0,0.1,10,5,0.5,True,42,12,12,8,0.6812954206358303,0.6933411439259847,0.001
dropout_rate,0.5,64,2,0.5,False,0.001,32,75,0.0,0.1,10,5,0.5,True,42,12,12,9,0.6738243486845132,0.7141216556231181,0.001
dropout_rate,0.5,64,2,0.5,False,0.001,32,75,0.0,0.1,10,5,0.5,True,42,12,12,10,0.6686664386229082,0.7120187282562256,0.001
dropout_rate,0.5,64,2,0.5,False,0.001,32,75,0.0,0.1,10,5,0.5,True,42,12,12,11,0.6624915843660181,0.7142397880554199,0.001
dropout_rate,0.5,64,2,0.5,False,0.001,32,75,0.0,0.1,10,5,0.5,True,42,12,12,12,0.6478127092123032,0.7152111212412516,0.001
dropout_rate,0.5,64,2,0.5,False,0.001,32,75,0.0,0.1,10,5,0.5,True,42,12,12,13,0.6394355071313453,0.7459033250808715,0.001
dropout_rate,0.5,64,2,0.5,False,0.001,32,75,0.0,0.1,10,5,0.5,True,42,12,12,14,0.6296603101672549,0.7499633312225342,0.001
dropout_rate,0.5,64,2,0.5,False,0.001,32,75,0.0,0.1,10,5,0.5,True,42,12,12,15,0.6237081562479337,0.7683526078859965,0.001
dropout_rate,0.5,64,2,0.5,False,0.001,32,75,0.0,0.1,10,5,0.5,True,42,13,13,1,0.6943673207001253,0.6952490448951721,0.001
dropout_rate,0.5,64,2,0.5,False,0.001,32,75,0.0,0.1,10,5,0.5,True,42,13,13,2,0.6925141535925142,0.6940320173899333,0.001
dropout_rate,0.5,64,2,0.5,False,0.001,32,75,0.0,0.1,10,5,0.5,True,42,13,13,3,0.6909174702384255,0.6946668505668641,0.001
dropout_rate,0.5,64,2,0.5,False,0.001,32,75,0.0,0.1,10,5,0.5,True,42,13,13,4,0.6909953992475163,0.6937946399052938,0.001
dropout_rate,0.5,64,2,0.5,False,0.001,32,75,0.0,0.1,10,5,0.5,True,42,13,13,5,0.6888036041548757,0.6972552100817363,0.001
dropout_rate,0.5,64,2,0.5,False,0.001,32,75,0.0,0.1,10,5,0.5,True,42,13,13,6,0.6882119526465734,0.6938052376111349,0.001
dropout_rate,0.5,64,2,0.5,False,0.001,32,75,0.0,0.1,10,5,0.5,True,42,13,13,7,0.6845967792200319,0.6955791274706523,0.001
dropout_rate,0.5,64,2,0.5,False,0.001,32,75,0.0,0.1,10,5,0.5,True,42,13,13,8,0.6825219293435415,0.697049327691396,0.001
dropout_rate,0.5,64,2,0.5,False,0.001,32,75,0.0,0.1,10,5,0.5,True,42,13,13,9,0.679287643143625,0.6981091221173604,0.001
dropout_rate,0.5,64,2,0.5,False,0.001,32,75,0.0,0.1,10,5,0.5,True,42,13,13,10,0.6746732890605927,0.695044740041097,0.001
dropout_rate,0.5,64,2,0.5,False,0.001,32,75,0.0,0.1,10,5,0.5,True,42,13,13,11,0.6630552117571686,0.7080504735310872,0.001
dropout_rate,0.5,64,2,0.5,False,0.001,32,75,0.0,0.1,10,5,0.5,True,42,13,13,12,0.6551329145828882,0.702975869178772,0.001
dropout_rate,0.5,64,2,0.5,False,0.001,32,75,0.0,0.1,10,5,0.5,True,42,13,13,13,0.6460425465395956,0.7080718477567037,0.001
dropout_rate,0.5,64,2,0.5,False,0.001,32,75,0.0,0.1,10,5,0.5,True,42,13,13,14,0.6409769433014321,0.7245978673299154,0.001
dropout_rate,0.5,64,2,0.5,False,0.001,32,75,0.0,0.1,10,5,0.5,True,42,14,14,1,0.6945559594667319,0.6932230750719707,0.001
dropout_rate,0.5,64,2,0.5,False,0.001,32,75,0.0,0.1,10,5,0.5,True,42,14,14,2,0.6931021150314447,0.692473312218984,0.001
dropout_rate,0.5,64,2,0.5,False,0.001,32,75,0.0,0.1,10,5,0.5,True,42,14,14,3,0.6921410817991603,0.6937592466672261,0.001
dropout_rate,0.5,64,2,0.5,False,0.001,32,75,0.0,0.1,10,5,0.5,True,42,14,14,4,0.6913683667327418,0.6917106906572977,0.001
dropout_rate,0.5,64,2,0.5,False,0.001,32,75,0.0,0.1,10,5,0.5,True,42,14,14,5,0.6894997882120537,0.6897479255994161,0.001
dropout_rate,0.5,64,2,0.5,False,0.001,32,75,0.0,0.1,10,5,0.5,True,42,14,14,6,0.6877414900245089,0.6883578777313233,0.001
dropout_rate,0.5,64,2,0.5,False,0.001,32,75,0.0,0.1,10,5,0.5,True,42,14,14,7,0.6849677210504358,0.689672036965688,0.001
dropout_rate,0.5,64,2,0.5,False,0.001,32,75,0.0,0.1,10,5,0.5,True,42,14,14,8,0.6827898431908,0.6889944195747375,0.001
dropout_rate,0.5,64,2,0.5,False,0.001,32,75,0.0,0.1,10,5,0.5,True,42,14,14,9,0.6759103053446972,0.693677810827891,0.001
dropout_rate,0.5,64,2,0.5,False,0.001,32,75,0.0,0.1,10,5,0.5,True,42,14,14,10,0.6739196863138315,0.7117178122202555,0.001
dropout_rate,0.5,64,2,0.5,False,0.001,32,75,0.0,0.1,10,5,0.5,True,42,14,14,11,0.6660110783396345,0.717777689297994,0.001
dropout_rate,0.5,64,2,0.5,False,0.001,32,75,0.0,0.1,10,5,0.5,True,42,14,14,12,0.6607273604833719,0.7366989413897197,0.001
dropout_rate,0.5,64,2,0.5,False,0.001,32,75,0.0,0.1,10,5,0.5,True,42,14,14,13,0.6469037596023444,0.737899367014567,0.001
dropout_rate,0.5,64,2,0.5,False,0.001,32,75,0.0,0.1,10,5,0.5,True,42,14,14,14,0.6334652706529155,0.7897430380185445,0.001
dropout_rate,0.5,64,2,0.5,False,0.001,32,75,0.0,0.1,10,5,0.5,True,42,14,14,15,0.6261893336971601,0.8000425934791565,0.001
dropout_rate,0.5,64,2,0.5,False,0.001,32,75,0.0,0.1,10,5,0.5,True,42,14,14,16,0.6169642964095781,0.7851380149523417,0.001
dropout_rate,0.5,64,2,0.5,False,0.001,32,75,0.0,0.1,10,5,0.5,True,42,15,15,1,0.6945995701984926,0.6924638112386068,0.001
dropout_rate,0.5,64,2,0.5,False,0.001,32,75,0.0,0.1,10,5,0.5,True,42,15,15,2,0.6930993524464694,0.694218639532725,0.001
dropout_rate,0.5,64,2,0.5,False,0.001,32,75,0.0,0.1,10,5,0.5,True,42,15,15,3,0.6924102094137308,0.6915782332420349,0.001
dropout_rate,0.5,64,2,0.5,False,0.001,32,75,0.0,0.1,10,5,0.5,True,42,15,15,4,0.6906426368337689,0.6943694074948629,0.001
dropout_rate,0.5,64,2,0.5,False,0.001,32,75,0.0,0.1,10,5,0.5,True,42,15,15,5,0.6893788228432337,0.6956951379776001,0.001
dropout_rate,0.5,64,2,0.5,False,0.001,32,75,0.0,0.1,10,5,0.5,True,42,15,15,6,0.686090191656893,0.696430484453837,0.001
dropout_rate,0.5,64,2,0.5,False,0.001,32,75,0.0,0.1,10,5,0.5,True,42,15,15,7,0.6835243087826353,0.7064566095670064,0.001
dropout_rate,0.5,64,2,0.5,False,0.001,32,75,0.0,0.1,10,5,0.5,True,42,15,15,8,0.6780141524293206,0.6997937083244323,0.001
dropout_rate,0.5,64,2,0.5,False,0.001,32,75,0.0,0.1,10,5,0.5,True,42,15,15,9,0.6724274248787852,0.710647714138031,0.001
dropout_rate,0.5,64,2,0.5,False,0.001,32,75,0.0,0.1,10,5,0.5,True,42,15,15,10,0.6625631587071852,0.7249200781186421,0.001
dropout_rate,0.5,64,2,0.5,False,0.001,32,75,0.0,0.1,10,5,0.5,True,42,15,15,11,0.6556956718365351,0.724483331044515,0.001
dropout_rate,0.5,64,2,0.5,False,0.001,32,75,0.0,0.1,10,5,0.5,True,42,15,15,12,0.6492436175996606,0.7346367279688517,0.001
dropout_rate,0.5,64,2,0.5,False,0.001,32,75,0.0,0.1,10,5,0.5,True,42,15,15,13,0.6416932823080005,0.740768837928772,0.001
dropout_rate,0.5,64,2,0.5,False,0.001,32,75,0.0,0.1,10,5,0.5,True,42,16,16,1,0.6943658265200529,0.6940724651018778,0.001
dropout_rate,0.5,64,2,0.5,False,0.001,32,75,0.0,0.1,10,5,0.5,True,42,16,16,2,0.6935688017895727,0.6928462545077007,0.001
dropout_rate,0.5,64,2,0.5,False,0.001,32,75,0.0,0.1,10,5,0.5,True,42,16,16,3,0.6930114793958086,0.6935529430707296,0.001
dropout_rate,0.5,64,2,0.5,False,0.001,32,75,0.0,0.1,10,5,0.5,True,42,16,16,4,0.6919806310624788,0.6918147206306458,0.001
dropout_rate,0.5,64,2,0.5,False,0.001,32,75,0.0,0.1,10,5,0.5,True,42,16,16,5,0.6905413360306711,0.6916098713874816,0.001
dropout_rate,0.5,64,2,0.5,False,0.001,32,75,0.0,0.1,10,5,0.5,True,42,16,16,6,0.6894090830376653,0.6932273070017497,0.001
dropout_rate,0.5,64,2,0.5,False,0.001,32,75,0.0,0.1,10,5,0.5,True,42,16,16,7,0.6871169782949217,0.6895984093348185,0.001
dropout_rate,0.5,64,2,0.5,False,0.001,32,75,0.0,0.1,10,5,0.5,True,42,16,16,8,0.6829201538454402,0.695898159344991,0.001
dropout_rate,0.5,64,2,0.5,False,0.001,32,75,0.0,0.1,10,5,0.5,True,42,16,16,9,0.6804056452079252,0.6964611252148946,0.001
dropout_rate,0.5,64,2,0.5,False,0.001,32,75,0.0,0.1,10,5,0.5,True,42,16,16,10,0.6720205816355619,0.7348429163297018,0.001
dropout_rate,0.5,64,2,0.5,False,0.001,32,75,0.0,0.1,10,5,0.5,True,42,16,16,11,0.6662577679662993,0.7054778695106506,0.001
dropout_rate,0.5,64,2,0.5,False,0.001,32,75,0.0,0.1,10,5,0.5,True,42,16,16,12,0.6588342551029089,0.7089122017224629,0.001
dropout_rate,0.5,64,2,0.5,False,0.001,32,75,0.0,0.1,10,5,0.5,True,42,16,16,13,0.6503997973420403,0.7373567899068196,0.001
dropout_rate,0.5,64,2,0.5,False,0.001,32,75,0.0,0.1,10,5,0.5,True,42,16,16,14,0.624946016253847,0.7682297468185425,0.001
dropout_rate,0.5,64,2,0.5,False,0.001,32,75,0.0,0.1,10,5,0.5,True,42,16,16,15,0.6132567032720103,0.7714788476626079,0.001
dropout_rate,0.5,64,2,0.5,False,0.001,32,75,0.0,0.1,10,5,0.5,True,42,16,16,16,0.6025735677191706,0.7697931528091431,0.001
dropout_rate,0.5,64,2,0.5,False,0.001,32,75,0.0,0.1,10,5,0.5,True,42,16,16,17,0.5996823484698931,0.7720664660135905,0.001
dropout_rate,0.5,64,2,0.5,False,0.001,32,75,0.0,0.1,10,5,0.5,True,42,17,17,1,0.6938650431958112,0.6933688282966614,0.001
dropout_rate,0.5,64,2,0.5,False,0.001,32,75,0.0,0.1,10,5,0.5,True,42,17,17,2,0.6919794850277178,0.6909793853759766,0.001
dropout_rate,0.5,64,2,0.5,False,0.001,32,75,0.0,0.1,10,5,0.5,True,42,17,17,3,0.6921415017409758,0.6895106434822083,0.001
dropout_rate,0.5,64,2,0.5,False,0.001,32,75,0.0,0.1,10,5,0.5,True,42,17,17,4,0.6914069535154285,0.6902043938636779,0.001
dropout_rate,0.5,64,2,0.5,False,0.001,32,75,0.0,0.1,10,5,0.5,True,42,17,17,5,0.6882888981790254,0.685382600625356,0.001
dropout_rate,0.5,64,2,0.5,False,0.001,32,75,0.0,0.1,10,5,0.5,True,42,17,17,6,0.6866361738154383,0.6842672228813171,0.001
dropout_rate,0.5,64,2,0.5,False,0.001,32,75,0.0,0.1,10,5,0.5,True,42,17,17,7,0.6856219971721823,0.6847595413525899,0.001
dropout_rate,0.5,64,2,0.5,False,0.001,32,75,0.0,0.1,10,5,0.5,True,42,17,17,8,0.6781748826756622,0.6894102136294047,0.001
dropout_rate,0.5,64,2,0.5,False,0.001,32,75,0.0,0.1,10,5,0.5,True,42,17,17,9,0.6764060760086233,0.6864794492721558,0.001
dropout_rate,0.5,64,2,0.5,False,0.001,32,75,0.0,0.1,10,5,0.5,True,42,17,17,10,0.6705107273477496,0.6847007791201274,0.001
dropout_rate,0.5,64,2,0.5,False,0.001,32,75,0.0,0.1,10,5,0.5,True,42,17,17,11,0.6622943914297855,0.6918176730473836,0.001
dropout_rate,0.5,64,2,0.5,False,0.001,32,75,0.0,0.1,10,5,0.5,True,42,17,17,12,0.6550013504245065,0.7020353118578593,0.001
dropout_rate,0.5,64,2,0.5,False,0.001,32,75,0.0,0.1,10,5,0.5,True,42,17,17,13,0.635535561225631,0.71471160252889,0.001
dropout_rate,0.5,64,2,0.5,False,0.001,32,75,0.0,0.1,10,5,0.5,True,42,17,17,14,0.6265841699910887,0.7164962848027547,0.001
dropout_rate,0.5,64,2,0.5,False,0.001,32,75,0.0,0.1,10,5,0.5,True,42,17,17,15,0.6166447443944035,0.7337145527203878,0.001
dropout_rate,0.5,64,2,0.5,False,0.001,32,75,0.0,0.1,10,5,0.5,True,42,17,17,16,0.6073243895714934,0.7460853139559428,0.001
dropout_rate,0.5,64,2,0.5,False,0.001,32,75,0.0,0.1,10,5,0.5,True,42,18,18,1,0.6927221458066594,0.6943597515424093,0.001
dropout_rate,0.5,64,2,0.5,False,0.001,32,75,0.0,0.1,10,5,0.5,True,42,18,18,2,0.6925244232018789,0.6920357147852579,0.001
dropout_rate,0.5,64,2,0.5,False,0.001,32,75,0.0,0.1,10,5,0.5,True,42,18,18,3,0.6911656134056322,0.6933944702148438,0.001
dropout_rate,0.5,64,2,0.5,False,0.001,32,75,0.0,0.1,10,5,0.5,True,42,18,18,4,0.6903346384113486,0.6918517589569092,0.001
dropout_rate,0.5,64,2,0.5,False,0.001,32,75,0.0,0.1,10,5,0.5,True,42,18,18,5,0.6863011464928136,0.688129194577535,0.001
dropout_rate,0.5,64,2,0.5,False,0.001,32,75,0.0,0.1,10,5,0.5,True,42,18,18,6,0.6854988232706533,0.6954009016354878,0.001
dropout_rate,0.5,64,2,0.5,False,0.001,32,75,0.0,0.1,10,5,0.5,True,42,18,18,7,0.6808524389158596,0.7022032539049784,0.001
dropout_rate,0.5,64,2,0.5,False,0.001,32,75,0.0,0.1,10,5,0.5,True,42,18,18,8,0.6783741066853205,0.693423577149709,0.001
dropout_rate,0.5,64,2,0.5,False,0.001,32,75,0.0,0.1,10,5,0.5,True,42,18,18,9,0.6715933527007247,0.6956833322842916,0.001
dropout_rate,0.5,64,2,0.5,False,0.001,32,75,0.0,0.1,10,5,0.5,True,42,18,18,10,0.6680882902759494,0.7046687483787537,0.001
dropout_rate,0.5,64,2,0.5,False,0.001,32,75,0.0,0.1,10,5,0.5,True,42,18,18,11,0.660619137413574,0.7055067976315816,0.001
dropout_rate,0.5,64,2,0.5,False,0.001,32,75,0.0,0.1,10,5,0.5,True,42,18,18,12,0.6435375014940897,0.7264755169550577,0.001
dropout_rate,0.5,64,2,0.5,False,0.001,32,75,0.0,0.1,10,5,0.5,True,42,18,18,13,0.6326432638999188,0.7574795802434285,0.001
dropout_rate,0.5,64,2,0.5,False,0.001,32,75,0.0,0.1,10,5,0.5,True,42,18,18,14,0.6241237010919687,0.7457407395044963,0.001
dropout_rate,0.5,64,2,0.5,False,0.001,32,75,0.0,0.1,10,5,0.5,True,42,18,18,15,0.6192768292896675,0.7806564688682556,0.001
dropout_rate,0.5,64,2,0.5,False,0.001,32,75,0.0,0.1,10,5,0.5,True,42,19,19,1,0.6945687487269893,0.6934160312016805,0.001
dropout_rate,0.5,64,2,0.5,False,0.001,32,75,0.0,0.1,10,5,0.5,True,42,19,19,2,0.6932284836516236,0.6933705846468607,0.001
dropout_rate,0.5,64,2,0.5,False,0.001,32,75,0.0,0.1,10,5,0.5,True,42,19,19,3,0.6923536360263824,0.6929618716239929,0.001
dropout_rate,0.5,64,2,0.5,False,0.001,32,75,0.0,0.1,10,5,0.5,True,42,19,19,4,0.6910745989192616,0.6939332922299702,0.001
dropout_rate,0.5,64,2,0.5,False,0.001,32,75,0.0,0.1,10,5,0.5,True,42,19,19,5,0.6889230121265758,0.6945724884668986,0.001
dropout_rate,0.5,64,2,0.5,False,0.001,32,75,0.0,0.1,10,5,0.5,True,42,19,19,6,0.6879165010018782,0.6955339272816976,0.001
dropout_rate,0.5,64,2,0.5,False,0.001,32,75,0.0,0.1,10,5,0.5,True,42,19,19,7,0.6843298393668551,0.6971450686454773,0.001
dropout_rate,0.5,64,2,0.5,False,0.001,32,75,0.0,0.1,10,5,0.5,True,42,19,19,8,0.680046330798756,0.7027562340100606,0.001
dropout_rate,0.5,64,2,0.5,False,0.001,32,75,0.0,0.1,10,5,0.5,True,42,19,19,9,0.6765556407697273,0.701923684279124,0.001
dropout_rate,0.5,64,2,0.5,False,0.001,32,75,0.0,0.1,10,5,0.5,True,42,19,19,10,0.6649527355577006,0.7092059810956319,0.001
dropout_rate,0.5,64,2,0.5,False,0.001,32,75,0.0,0.1,10,5,0.5,True,42,19,19,11,0.6590940554936727,0.7220460732777914,0.001
dropout_rate,0.5,64,2,0.5,False,0.001,32,75,0.0,0.1,10,5,0.5,True,42,19,19,12,0.6512435345035611,0.7457338054974874,0.001
dropout_rate,0.5,64,2,0.5,False,0.001,32,75,0.0,0.1,10,5,0.5,True,42,19,19,13,0.6600787197098588,0.7193697055180868,0.001
dropout_rate,0.5,64,2,0.5,False,0.001,32,75,0.0,0.1,10,5,0.5,True,42,20,20,1,0.6943880685351111,0.6935556451479594,0.001
dropout_rate,0.5,64,2,0.5,False,0.001,32,75,0.0,0.1,10,5,0.5,True,42,20,20,2,0.6921097965854587,0.694456160068512,0.001
dropout_rate,0.5,64,2,0.5,False,0.001,32,75,0.0,0.1,10,5,0.5,True,42,20,20,3,0.6914045928102551,0.6932022492090861,0.001
dropout_rate,0.5,64,2,0.5,False,0.001,32,75,0.0,0.1,10,5,0.5,True,42,20,20,4,0.6909806737394044,0.6935515920321147,0.001
dropout_rate,0.5,64,2,0.5,False,0.001,32,75,0.0,0.1,10,5,0.5,True,42,20,20,5,0.6879413579449509,0.6974355975786845,0.001
dropout_rate,0.5,64,2,0.5,False,0.001,32,75,0.0,0.1,10,5,0.5,True,42,20,20,6,0.6867961197188406,0.7004744132359823,0.001
dropout_rate,0.5,64,2,0.5,False,0.001,32,75,0.0,0.1,10,5,0.5,True,42,20,20,7,0.6792909548138127,0.713704780737559,0.001
dropout_rate,0.5,64,2,0.5,False,0.001,32,75,0.0,0.1,10,5,0.5,True,42,20,20,8,0.6760422998305523,0.7183773557345072,0.001
dropout_rate,0.5,64,2,0.5,False,0.001,32,75,0.0,0.1,10,5,0.5,True,42,20,20,9,0.6722346630060312,0.7161325017611185,0.001
dropout_rate,0.5,64,2,0.5,False,0.001,32,75,0.0,0.1,10,5,0.5,True,42,20,20,10,0.6636383790861476,0.7392123341560364,0.001
dropout_rate,0.5,64,2,0.5,False,0.001,32,75,0.0,0.1,10,5,0.5,True,42,20,20,11,0.651081568363941,0.7520586411158244,0.001
dropout_rate,0.5,64,2,0.5,False,0.001,32,75,0.0,0.1,10,5,0.5,True,42,20,20,12,0.6456679625041557,0.7677769223848979,0.001
dropout_rate,0.5,64,2,0.5,False,0.001,32,75,0.0,0.1,10,5,0.5,True,42,20,20,13,0.6438290770306732,0.7670734842618306,0.001
dropout_rate,0.5,64,2,0.5,False,0.001,32,75,0.0,0.1,10,5,0.5,True,42,21,21,1,0.6939172695080439,0.693631664911906,0.001
dropout_rate,0.5,64,2,0.5,False,0.001,32,75,0.0,0.1,10,5,0.5,True,42,21,21,2,0.6932787999059215,0.6943909088770549,0.001
dropout_rate,0.5,64,2,0.5,False,0.001,32,75,0.0,0.1,10,5,0.5,True,42,21,21,3,0.6915455121885646,0.6937698125839233,0.001
dropout_rate,0.5,64,2,0.5,False,0.001,32,75,0.0,0.1,10,5,0.5,True,42,21,21,4,0.6894680351922007,0.6952572385470073,0.001
dropout_rate,0.5,64,2,0.5,False,0.001,32,75,0.0,0.1,10,5,0.5,True,42,21,21,5,0.6880320536367821,0.6959066589673361,0.001
dropout_rate,0.5,64,2,0.5,False,0.001,32,75,0.0,0.1,10,5,0.5,True,42,21,21,6,0.6848267840616631,0.6985082308451335,0.001
dropout_rate,0.5,64,2,0.5,False,0.001,32,75,0.0,0.1,10,5,0.5,True,42,21,21,7,0.6815118505196138,0.7022772351900737,0.001
dropout_rate,0.5,64,2,0.5,False,0.001,32,75,0.0,0.1,10,5,0.5,True,42,21,21,8,0.6738135159918757,0.7056800166765849,0.001
dropout_rate,0.5,64,2,0.5,False,0.001,32,75,0.0,0.1,10,5,0.5,True,42,21,21,9,0.6674354387955233,0.7164768417676289,0.001
dropout_rate,0.5,64,2,0.5,False,0.001,32,75,0.0,0.1,10,5,0.5,True,42,21,21,10,0.6637107115803342,0.7170459270477295,0.001
dropout_rate,0.5,64,2,0.5,False,0.001,32,75,0.0,0.1,10,5,0.5,True,42,21,21,11,0.6548379569342642,0.7422845602035523,0.001
dropout_rate,0.5,64,2,0.5,False,0.001,32,75,0.0,0.1,10,5,0.5,True,42,22,22,1,0.6934162134473975,0.6944174846013387,0.001
dropout_rate,0.5,64,2,0.5,False,0.001,32,75,0.0,0.1,10,5,0.5,True,42,22,22,2,0.6925986237598188,0.6933624823888143,0.001
dropout_rate,0.5,64,2,0.5,False,0.001,32,75,0.0,0.1,10,5,0.5,True,42,22,22,3,0.6931190960335009,0.6926639119784037,0.001
dropout_rate,0.5,64,2,0.5,False,0.001,32,75,0.0,0.1,10,5,0.5,True,42,22,22,4,0.6920231621373784,0.6936442693074544,0.001
dropout_rate,0.5,64,2,0.5,False,0.001,32,75,0.0,0.1,10,5,0.5,True,42,22,22,5,0.6910336238868309,0.6904011805852254,0.001
dropout_rate,0.5,64,2,0.5,False,0.001,32,75,0.0,0.1,10,5,0.5,True,42,22,22,6,0.6881136989051645,0.6935839891433716,0.001
dropout_rate,0.5,64,2,0.5,False,0.001,32,75,0.0,0.1,10,5,0.5,True,42,22,22,7,0.6846048294594793,0.6936824043591817,0.001
dropout_rate,0.5,64,2,0.5,False,0.001,32,75,0.0,0.1,10,5,0.5,True,42,22,22,8,0.680132019700426,0.7012794256210327,0.001
dropout_rate,0.5,64,2,0.5,False,0.001,32,75,0.0,0.1,10,5,0.5,True,42,22,22,9,0.6746019066283198,0.7025071740150451,0.001
dropout_rate,0.5,64,2,0.5,False,0.001,32,75,0.0,0.1,10,5,0.5,True,42,22,22,10,0.6672246821902015,0.7077492117881775,0.001
dropout_rate,0.5,64,2,0.5,False,0.001,32,75,0.0,0.1,10,5,0.5,True,42,22,22,11,0.6576785025271502,0.7106251160303751,0.001
dropout_rate,0.5,64,2,0.5,False,0.001,32,75,0.0,0.1,10,5,0.5,True,42,22,22,12,0.6430261406031522,0.7304912090301514,0.001
dropout_rate,0.5,64,2,0.5,False,0.001,32,75,0.0,0.1,10,5,0.5,True,42,22,22,13,0.633096258297111,0.7255127906799317,0.001
dropout_rate,0.5,64,2,0.5,False,0.001,32,75,0.0,0.1,10,5,0.5,True,42,22,22,14,0.6265021232944546,0.7660054922103882,0.001
dropout_rate,0.5,64,2,0.5,False,0.001,32,75,0.0,0.1,10,5,0.5,True,42,22,22,15,0.6184612641280348,0.7747872670491537,0.001
dropout_rate,0.5,64,2,0.5,False,0.001,32,75,0.0,0.1,10,5,0.5,True,42,23,23,1,0.6943244753461896,0.6919920047124227,0.001
dropout_rate,0.5,64,2,0.5,False,0.001,32,75,0.0,0.1,10,5,0.5,True,42,23,23,2,0.692322317849506,0.6912722587585449,0.001
dropout_rate,0.5,64,2,0.5,False,0.001,32,75,0.0,0.1,10,5,0.5,True,42,23,23,3,0.6921815718665267,0.6909241239229839,0.001
dropout_rate,0.5,64,2,0.5,False,0.001,32,75,0.0,0.1,10,5,0.5,True,42,23,23,4,0.6896348162130876,0.6935956875483195,0.001
dropout_rate,0.5,64,2,0.5,False,0.001,32,75,0.0,0.1,10,5,0.5,True,42,23,23,5,0.688695591507536,0.6912470579147338,0.001
dropout_rate,0.5,64,2,0.5,False,0.001,32,75,0.0,0.1,10,5,0.5,True,42,23,23,6,0.6852520573319811,0.6936935106913249,0.001
dropout_rate,0.5,64,2,0.5,False,0.001,32,75,0.0,0.1,10,5,0.5,True,42,23,23,7,0.6790326084151412,0.702767288684845,0.001
dropout_rate,0.5,64,2,0.5,False,0.001,32,75,0.0,0.1,10,5,0.5,True,42,23,23,8,0.6767237285772959,0.7043747623761495,0.001
dropout_rate,0.5,64,2,0.5,False,0.001,32,75,0.0,0.1,10,5,0.5,True,42,23,23,9,0.6697778177983833,0.703210961818695,0.001
dropout_rate,0.5,64,2,0.5,False,0.001,32,75,0.0,0.1,10,5,0.5,True,42,23,23,10,0.6578042313004985,0.7244402368863424,0.001
dropout_rate,0.5,64,2,0.5,False,0.001,32,75,0.0,0.1,10,5,0.5,True,42,23,23,11,0.647448175332763,0.7351789712905884,0.001
dropout_rate,0.5,64,2,0.5,False,0.001,32,75,0.0,0.1,10,5,0.5,True,42,23,23,12,0.6348825494448344,0.7632587989171346,0.001
dropout_rate,0.5,64,2,0.5,False,0.001,32,75,0.0,0.1,10,5,0.5,True,42,23,23,13,0.6293346416769605,0.778354823589325,0.001
dropout_rate,0.5,64,2,0.5,False,0.001,32,75,0.0,0.1,10,5,0.5,True,42,24,24,1,0.6944497796825897,0.6924662272135417,0.001
dropout_rate,0.5,64,2,0.5,False,0.001,32,75,0.0,0.1,10,5,0.5,True,42,24,24,2,0.6931930654927304,0.6917712807655334,0.001
dropout_rate,0.5,64,2,0.5,False,0.001,32,75,0.0,0.1,10,5,0.5,True,42,24,24,3,0.6920774901719918,0.6921383062998454,0.001
dropout_rate,0.5,64,2,0.5,False,0.001,32,75,0.0,0.1,10,5,0.5,True,42,24,24,4,0.6913049480968848,0.6919219136238098,0.001
dropout_rate,0.5,64,2,0.5,False,0.001,32,75,0.0,0.1,10,5,0.5,True,42,24,24,5,0.6894794940052176,0.6948886990547181,0.001
dropout_rate,0.5,64,2,0.5,False,0.001,32,75,0.0,0.1,10,5,0.5,True,42,24,24,6,0.6883079476822588,0.697390099366506,0.001
dropout_rate,0.5,64,2,0.5,False,0.001,32,75,0.0,0.1,10,5,0.5,True,42,24,24,7,0.6804213398381284,0.7004291653633118,0.001
dropout_rate,0.5,64,2,0.5,False,0.001,32,75,0.0,0.1,10,5,0.5,True,42,24,24,8,0.6779584190002957,0.7066853562990825,0.001
dropout_rate,0.5,64,2,0.5,False,0.001,32,75,0.0,0.1,10,5,0.5,True,42,24,24,9,0.6666969038490066,0.7261763215065002,0.001
dropout_rate,0.5,64,2,0.5,False,0.001,32,75,0.0,0.1,10,5,0.5,True,42,24,24,10,0.6586143450629443,0.7177065372467041,0.001
dropout_rate,0.5,64,2,0.5,False,0.001,32,75,0.0,0.1,10,5,0.5,True,42,24,24,11,0.6501360356359553,0.7328879634539286,0.001
dropout_rate,0.5,64,2,0.5,False,0.001,32,75,0.0,0.1,10,5,0.5,True,42,24,24,12,0.645335218512026,0.7524342894554138,0.001
dropout_rate,0.5,64,2,0.5,False,0.001,32,75,0.0,0.1,10,5,0.5,True,42,25,25,1,0.693991427620252,0.6937321503957112,0.001
dropout_rate,0.5,64,2,0.5,False,0.001,32,75,0.0,0.1,10,5,0.5,True,42,25,25,2,0.6928172278584857,0.6943995197614033,0.001
dropout_rate,0.5,64,2,0.5,False,0.001,32,75,0.0,0.1,10,5,0.5,True,42,25,25,3,0.6921546386949944,0.6933348019917805,0.001
dropout_rate,0.5,64,2,0.5,False,0.001,32,75,0.0,0.1,10,5,0.5,True,42,25,25,4,0.6914773059613777,0.6919997334480286,0.001
dropout_rate,0.5,64,2,0.5,False,0.001,32,75,0.0,0.1,10,5,0.5,True,42,25,25,5,0.6910320132067709,0.6904759764671325,0.001
dropout_rate,0.5,64,2,0.5,False,0.001,32,75,0.0,0.1,10,5,0.5,True,42,25,25,6,0.6875555537866823,0.6952540874481201,0.001
dropout_rate,0.5,64,2,0.5,False,0.001,32,75,0.0,0.1,10,5,0.5,True,42,25,25,7,0.6866859039573958,0.6949079593022665,0.001
dropout_rate,0.5,64,2,0.5,False,0.001,32,75,0.0,0.1,10,5,0.5,True,42,25,25,8,0.6819727736892123,0.6990014751752217,0.001
dropout_rate,0.5,64,2,0.5,False,0.001,32,75,0.0,0.1,10,5,0.5,True,42,25,25,9,0.6769628470594232,0.7020944913228353,0.001
dropout_rate,0.5,64,2,0.5,False,0.001,32,75,0.0,0.1,10,5,0.5,True,42,25,25,10,0.6731500679796393,0.7095272898674011,0.001
dropout_rate,0.5,64,2,0.5,False,0.001,32,75,0.0,0.1,10,5,0.5,True,42,25,25,11,0.6698947282451572,0.7028165856997172,0.001
dropout_rate,0.5,64,2,0.5,False,0.001,32,75,0.0,0.1,10,5,0.5,True,42,25,25,12,0.6571632145029126,0.7337257345517476,0.001
dropout_rate,0.5,64,2,0.5,False,0.001,32,75,0.0,0.1,10,5,0.5,True,42,25,25,13,0.6484755006703463,0.7406749924023946,0.001
dropout_rate,0.5,64,2,0.5,False,0.001,32,75,0.0,0.1,10,5,0.5,True,42,25,25,14,0.6443587663498792,0.757279900709788,0.001
dropout_rate,0.5,64,2,0.5,False,0.001,32,75,0.0,0.1,10,5,0.5,True,42,25,25,15,0.6393073535326755,0.7575049916903178,0.001
dropout_rate,0.5,64,2,0.5,False,0.001,32,75,0.0,0.1,10,5,0.5,True,42,26,26,1,0.695599507653352,0.6933846950531006,0.001
dropout_rate,0.5,64,2,0.5,False,0.001,32,75,0.0,0.1,10,5,0.5,True,42,26,26,2,0.6928942348017837,0.6925935029983521,0.001
dropout_rate,0.5,64,2,0.5,False,0.001,32,75,0.0,0.1,10,5,0.5,True,42,26,26,3,0.6922956614783315,0.6920957485834758,0.001
dropout_rate,0.5,64,2,0.5,False,0.001,32,75,0.0,0.1,10,5,0.5,True,42,26,26,4,0.6910492701060844,0.6909481485684713,0.001
dropout_rate,0.5,64,2,0.5,False,0.001,32,75,0.0,0.1,10,5,0.5,True,42,26,26,5,0.6895492271040425,0.6925166090329488,0.001
dropout_rate,0.5,64,2,0.5,False,0.001,32,75,0.0,0.1,10,5,0.5,True,42,26,26,6,0.6867577429070617,0.6945814410845439,0.001
dropout_rate,0.5,64,2,0.5,False,0.001,32,75,0.0,0.1,10,5,0.5,True,42,26,26,7,0.6837895467425837,0.6919316093126933,0.001
dropout_rate,0.5,64,2,0.5,False,0.001,32,75,0.0,0.1,10,5,0.5,True,42,26,26,8,0.681654200409398,0.6938428044319153,0.001
dropout_rate,0.5,64,2,0.5,False,0.001,32,75,0.0,0.1,10,5,0.5,True,42,26,26,9,0.6748857913595258,0.7005901614824931,0.001
dropout_rate,0.5,64,2,0.5,False,0.001,32,75,0.0,0.1,10,5,0.5,True,42,26,26,10,0.673545622012832,0.7011675119400025,0.001
dropout_rate,0.5,64,2,0.5,False,0.001,32,75,0.0,0.1,10,5,0.5,True,42,26,26,11,0.6610218543897975,0.7118935147921245,0.001
dropout_rate,0.5,64,2,0.5,False,0.001,32,75,0.0,0.1,10,5,0.5,True,42,26,26,12,0.653269932125554,0.7155161778132121,0.001
dropout_rate,0.5,64,2,0.5,False,0.001,32,75,0.0,0.1,10,5,0.5,True,42,26,26,13,0.6480043358875044,0.7441843152046204,0.001
dropout_rate,0.5,64,2,0.5,False,0.001,32,75,0.0,0.1,10,5,0.5,True,42,26,26,14,0.6406434882770885,0.7266694227854411,0.001
dropout_rate,0.5,64,2,0.5,False,0.001,32,75,0.0,0.1,10,5,0.5,True,42,27,27,1,0.6943556169668833,0.6928504546483357,0.001
dropout_rate,0.5,64,2,0.5,False,0.001,32,75,0.0,0.1,10,5,0.5,True,42,27,27,2,0.6925822961511034,0.6927203337351481,0.001
dropout_rate,0.5,64,2,0.5,False,0.001,32,75,0.0,0.1,10,5,0.5,True,42,27,27,3,0.6908121551528121,0.6923563639322917,0.001
dropout_rate,0.5,64,2,0.5,False,0.001,32,75,0.0,0.1,10,5,0.5,True,42,27,27,4,0.689078816410267,0.6941363334655761,0.001
dropout_rate,0.5,64,2,0.5,False,0.001,32,75,0.0,0.1,10,5,0.5,True,42,27,27,5,0.6861957623199983,0.6956078052520752,0.001
dropout_rate,0.5,64,2,0.5,False,0.001,32,75,0.0,0.1,10,5,0.5,True,42,27,27,6,0.6830402689449715,0.7091432730356853,0.001
dropout_rate,0.5,64,2,0.5,False,0.001,32,75,0.0,0.1,10,5,0.5,True,42,27,27,7,0.677762843894236,0.7089996298154195,0.001
dropout_rate,0.5,64,2,0.5,False,0.001,32,75,0.0,0.1,10,5,0.5,True,42,27,27,8,0.6724589412862604,0.7147902131080628,0.001
dropout_rate,0.5,64,2,0.5,False,0.001,32,75,0.0,0.1,10,5,0.5,True,42,27,27,9,0.6690637103535912,0.7257883588473002,0.001
dropout_rate,0.5,64,2,0.5,False,0.001,32,75,0.0,0.1,10,5,0.5,True,42,27,27,10,0.6531895891283498,0.73044406970342,0.001
dropout_rate,0.5,64,2,0.5,False,0.001,32,75,0.0,0.1,10,5,0.5,True,42,27,27,11,0.643513584227273,0.7302556077639262,0.001
dropout_rate,0.5,64,2,0.5,False,0.001,32,75,0.0,0.1,10,5,0.5,True,42,27,27,12,0.6394268730373094,0.747377896308899,0.001
dropout_rate,0.5,64,2,0.5,False,0.001,32,75,0.0,0.1,10,5,0.5,True,42,27,27,13,0.6320731834028707,0.7756762107213339,0.001
dropout_rate,0.5,64,2,0.5,False,0.001,32,75,0.0,0.1,10,5,0.5,True,42,28,28,1,0.6938205546501911,0.69379061460495,0.001
dropout_rate,0.5,64,2,0.5,False,0.001,32,75,0.0,0.1,10,5,0.5,True,42,28,28,2,0.6932281219598019,0.6933504700660705,0.001
dropout_rate,0.5,64,2,0.5,False,0.001,32,75,0.0,0.1,10,5,0.5,True,42,28,28,3,0.691576264572866,0.6937076409657796,0.001
dropout_rate,0.5,64,2,0.5,False,0.001,32,75,0.0,0.1,10,5,0.5,True,42,28,28,4,0.6913724189454858,0.6947006344795227,0.001
dropout_rate,0.5,64,2,0.5,False,0.001,32,75,0.0,0.1,10,5,0.5,True,42,28,28,5,0.6898789378729734,0.6947153727213542,0.001
dropout_rate,0.5,64,2,0.5,False,0.001,32,75,0.0,0.1,10,5,0.5,True,42,28,28,6,0.6877071965824474,0.6902712861696879,0.001
dropout_rate,0.5,64,2,0.5,False,0.001,32,75,0.0,0.1,10,5,0.5,True,42,28,28,7,0.6848922615701502,0.6888339757919312,0.001
dropout_rate,0.5,64,2,0.5,False,0.001,32,75,0.0,0.1,10,5,0.5,True,42,28,28,8,0.680628324096853,0.7015396555264791,0.001
dropout_rate,0.5,64,2,0.5,False,0.001,32,75,0.0,0.1,10,5,0.5,True,42,28,28,9,0.6748055806665709,0.7160372217496236,0.001
dropout_rate,0.5,64,2,0.5,False,0.001,32,75,0.0,0.1,10,5,0.5,True,42,28,28,10,0.670528306202455,0.709984290599823,0.001
dropout_rate,0.5,64,2,0.5,False,0.001,32,75,0.0,0.1,10,5,0.5,True,42,28,28,11,0.6634531901641325,0.7073787609736125,0.001
dropout_rate,0.5,64,2,0.5,False,0.001,32,75,0.0,0.1,10,5,0.5,True,42,28,28,12,0.6587578383359042,0.7200491269429524,0.001
dropout_rate,0.5,64,2,0.5,False,0.001,32,75,0.0,0.1,10,5,0.5,True,42,28,28,13,0.6511023699334173,0.7180817921956381,0.001
dropout_rate,0.5,64,2,0.5,False,0.001,32,75,0.0,0.1,10,5,0.5,True,42,28,28,14,0.6243507570841096,0.7263776024182638,0.001
dropout_rate,0.5,64,2,0.5,False,0.001,32,75,0.0,0.1,10,5,0.5,True,42,28,28,15,0.6135760353821696,0.7586312890052795,0.001
dropout_rate,0.5,64,2,0.5,False,0.001,32,75,0.0,0.1,10,5,0.5,True,42,28,28,16,0.6059471133983496,0.7636669874191284,0.001
dropout_rate,0.5,64,2,0.5,False,0.001,32,75,0.0,0.1,10,5,0.5,True,42,28,28,17,0.5903321664893266,0.7958636045455932,0.001
dropout_rate,0.5,64,2,0.5,False,0.001,32,75,0.0,0.1,10,5,0.5,True,42,29,29,1,0.6939243692340273,0.6914158701896668,0.001
dropout_rate,0.5,64,2,0.5,False,0.001,32,75,0.0,0.1,10,5,0.5,True,42,29,29,2,0.6922929386297861,0.6912997285525004,0.001
dropout_rate,0.5,64,2,0.5,False,0.001,32,75,0.0,0.1,10,5,0.5,True,42,29,29,3,0.6918909233627897,0.6918598453203837,0.001
dropout_rate,0.5,64,2,0.5,False,0.001,32,75,0.0,0.1,10,5,0.5,True,42,29,29,4,0.6912964311513033,0.6925704161326091,0.001
dropout_rate,0.5,64,2,0.5,False,0.001,32,75,0.0,0.1,10,5,0.5,True,42,29,29,5,0.6888126387740626,0.6938398440678915,0.001
dropout_rate,0.5,64,2,0.5,False,0.001,32,75,0.0,0.1,10,5,0.5,True,42,29,29,6,0.6853224951209445,0.6982004721959432,0.001
dropout_rate,0.5,64,2,0.5,False,0.001,32,75,0.0,0.1,10,5,0.5,True,42,29,29,7,0.6802077763008348,0.7024824976921081,0.001
dropout_rate,0.5,64,2,0.5,False,0.001,32,75,0.0,0.1,10,5,0.5,True,42,29,29,8,0.6780534409212343,0.7009352962176005,0.001
dropout_rate,0.5,64,2,0.5,False,0.001,32,75,0.0,0.1,10,5,0.5,True,42,29,29,9,0.6683745582898458,0.715800694624583,0.001
dropout_rate,0.5,64,2,0.5,False,0.001,32,75,0.0,0.1,10,5,0.5,True,42,29,29,10,0.6637942560694434,0.7234409093856812,0.001
dropout_rate,0.5,64,2,0.5,False,0.001,32,75,0.0,0.1,10,5,0.5,True,42,29,29,11,0.6559906583843809,0.7292213161786397,0.001
dropout_rate,0.5,64,2,0.5,False,0.001,32,75,0.0,0.1,10,5,0.5,True,42,29,29,12,0.6482641186678049,0.7389094988505046,0.001
dropout_rate,0.5,64,2,0.5,False,0.001,32,75,0.0,0.1,10,5,0.5,True,42,30,30,1,0.693634393991846,0.6931889891624451,0.001
dropout_rate,0.5,64,2,0.5,False,0.001,32,75,0.0,0.1,10,5,0.5,True,42,30,30,2,0.6925596594810486,0.6929966688156128,0.001
dropout_rate,0.5,64,2,0.5,False,0.001,32,75,0.0,0.1,10,5,0.5,True,42,30,30,3,0.6915630928494714,0.6939210494359335,0.001
dropout_rate,0.5,64,2,0.5,False,0.001,32,75,0.0,0.1,10,5,0.5,True,42,30,30,4,0.6906197761947458,0.6923180381457011,0.001
dropout_rate,0.5,64,2,0.5,False,0.001,32,75,0.0,0.1,10,5,0.5,True,42,30,30,5,0.687789216186061,0.6956989487012227,0.001
dropout_rate,0.5,64,2,0.5,False,0.001,32,75,0.0,0.1,10,5,0.5,True,42,30,30,6,0.6870279397928354,0.6956047415733337,0.001
dropout_rate,0.5,64,2,0.5,False,0.001,32,75,0.0,0.1,10,5,0.5,True,42,30,30,7,0.6845396811311896,0.6995278477668763,0.001
dropout_rate,0.5,64,2,0.5,False,0.001,32,75,0.0,0.1,10,5,0.5,True,42,30,30,8,0.6776418342734828,0.7084183017412822,0.001
dropout_rate,0.5,64,2,0.5,False,0.001,32,75,0.0,0.1,10,5,0.5,True,42,30,30,9,0.6755953471768986,0.7162913878758749,0.001
dropout_rate,0.5,64,2,0.5,False,0.001,32,75,0.0,0.1,10,5,0.5,True,42,30,30,10,0.6651655494263677,0.7334232091903686,0.001
dropout_rate,0.5,64,2,0.5,False,0.001,32,75,0.0,0.1,10,5,0.5,True,42,30,30,11,0.6529844538732008,0.7317784706751506,0.001
dropout_rate,0.5,64,2,0.5,False,0.001,32,75,0.0,0.1,10,5,0.5,True,42,30,30,12,0.6430099430409345,0.7526274919509888,0.001
dropout_rate,0.5,64,2,0.5,False,0.001,32,75,0.0,0.1,10,5,0.5,True,42,30,30,13,0.6355903491829381,0.758381716410319,0.001
dropout_rate,0.5,64,2,0.5,False,0.001,32,75,0.0,0.1,10,5,0.5,True,42,30,30,14,0.628609464701378,0.7771090348561605,0.001
dropout_rate,0.5,64,2,0.5,False,0.001,32,75,0.0,0.1,10,5,0.5,True,42,31,31,1,0.6936294901551623,0.6931142528851827,0.001
dropout_rate,0.5,64,2,0.5,False,0.001,32,75,0.0,0.1,10,5,0.5,True,42,31,31,2,0.6927269078565367,0.6931257446606954,0.001
dropout_rate,0.5,64,2,0.5,False,0.001,32,75,0.0,0.1,10,5,0.5,True,42,31,31,3,0.6914291241855333,0.6913283944129944,0.001
dropout_rate,0.5,64,2,0.5,False,0.001,32,75,0.0,0.1,10,5,0.5,True,42,31,31,4,0.6907074275341901,0.6909305532773335,0.001
dropout_rate,0.5,64,2,0.5,False,0.001,32,75,0.0,0.1,10,5,0.5,True,42,31,31,5,0.6894240013577722,0.6930837432543436,0.001
dropout_rate,0.5,64,2,0.5,False,0.001,32,75,0.0,0.1,10,5,0.5,True,42,31,31,6,0.6867967424067584,0.6882954796155294,0.001
dropout_rate,0.5,64,2,0.5,False,0.001,32,75,0.0,0.1,10,5,0.5,True,42,31,31,7,0.6836015911716403,0.6908792813618978,0.001
dropout_rate,0.5,64,2,0.5,False,0.001,32,75,0.0,0.1,10,5,0.5,True,42,31,31,8,0.6813681351416039,0.6964983304341634,0.001
dropout_rate,0.5,64,2,0.5,False,0.001,32,75,0.0,0.1,10,5,0.5,True,42,31,31,9,0.677666952664202,0.6957001368204753,0.001
dropout_rate,0.5,64,2,0.5,False,0.001,32,75,0.0,0.1,10,5,0.5,True,42,31,31,10,0.6766288275971557,0.6973751584688822,0.001
dropout_rate,0.5,64,2,0.5,False,0.001,32,75,0.0,0.1,10,5,0.5,True,42,31,31,11,0.6690842093843402,0.696141000588735,0.001
dropout_rate,0.5,64,2,0.5,False,0.001,32,75,0.0,0.1,10,5,0.5,True,42,31,31,12,0.6601703099229119,0.7158829172452291,0.001
dropout_rate,0.5,64,2,0.5,False,0.001,32,75,0.0,0.1,10,5,0.5,True,42,31,31,13,0.6519122724280213,0.7212294578552246,0.001
dropout_rate,0.5,64,2,0.5,False,0.001,32,75,0.0,0.1,10,5,0.5,True,42,31,31,14,0.6406987964203863,0.7437633593877157,0.001
dropout_rate,0.5,64,2,0.5,False,0.001,32,75,0.0,0.1,10,5,0.5,True,42,31,31,15,0.6342642720450055,0.7466300129890442,0.001
dropout_rate,0.5,64,2,0.5,False,0.001,32,75,0.0,0.1,10,5,0.5,True,42,31,31,16,0.6294476335698908,0.7553436001141866,0.001
dropout_rate,0.5,64,2,0.5,False,0.001,32,75,0.0,0.1,10,5,0.5,True,42,32,32,1,0.6941534818121882,0.6927640795707702,0.001
dropout_rate,0.5,64,2,0.5,False,0.001,32,75,0.0,0.1,10,5,0.5,True,42,32,32,2,0.6932861628857526,0.691886325677236,0.001
dropout_rate,0.5,64,2,0.5,False,0.001,32,75,0.0,0.1,10,5,0.5,True,42,32,32,3,0.691493340513923,0.6932163755098979,0.001
dropout_rate,0.5,64,2,0.5,False,0.001,32,75,0.0,0.1,10,5,0.5,True,42,32,32,4,0.6910438384070541,0.6914478143056234,0.001
dropout_rate,0.5,64,2,0.5,False,0.001,32,75,0.0,0.1,10,5,0.5,True,42,32,32,5,0.6880171669251991,0.6920027176539103,0.001
dropout_rate,0.5,64,2,0.5,False,0.001,32,75,0.0,0.1,10,5,0.5,True,42,32,32,6,0.6898435900608698,0.694141149520874,0.001
dropout_rate,0.5,64,2,0.5,False,0.001,32,75,0.0,0.1,10,5,0.5,True,42,32,32,7,0.6861332433693337,0.6978652278582255,0.001
dropout_rate,0.5,64,2,0.5,False,0.001,32,75,0.0,0.1,10,5,0.5,True,42,32,32,8,0.6817206252704967,0.697814667224884,0.001
dropout_rate,0.5,64,2,0.5,False,0.001,32,75,0.0,0.1,10,5,0.5,True,42,32,32,9,0.6787514113115541,0.6992092410723368,0.001
dropout_rate,0.5,64,2,0.5,False,0.001,32,75,0.0,0.1,10,5,0.5,True,42,32,32,10,0.6717710702708273,0.7130935788154602,0.001
dropout_rate,0.5,64,2,0.5,False,0.001,32,75,0.0,0.1,10,5,0.5,True,42,32,32,11,0.6588175504496603,0.7117716073989868,0.001
dropout_rate,0.5,64,2,0.5,False,0.001,32,75,0.0,0.1,10,5,0.5,True,42,32,32,12,0.6535818897413485,0.7327161947886149,0.001
dropout_rate,0.5,64,2,0.5,False,0.001,32,75,0.0,0.1,10,5,0.5,True,42,32,32,13,0.6457308038617625,0.8427284876505534,0.001
dropout_rate,0.5,64,2,0.5,False,0.001,32,75,0.0,0.1,10,5,0.5,True,42,32,32,14,0.6641972453305216,0.7578619758288065,0.001
dropout_rate,0.5,64,2,0.5,False,0.001,32,75,0.0,0.1,10,5,0.5,True,42,33,33,1,0.6939103973634315,0.6925590554873149,0.001
dropout_rate,0.5,64,2,0.5,False,0.001,32,75,0.0,0.1,10,5,0.5,True,42,33,33,2,0.6922539404847405,0.6928526798884074,0.001
dropout_rate,0.5,64,2,0.5,False,0.001,32,75,0.0,0.1,10,5,0.5,True,42,33,33,3,0.690885350559697,0.6928476651509603,0.001
dropout_rate,0.5,64,2,0.5,False,0.001,32,75,0.0,0.1,10,5,0.5,True,42,33,33,4,0.6888364255428314,0.6948372999827067,0.001
dropout_rate,0.5,64,2,0.5,False,0.001,32,75,0.0,0.1,10,5,0.5,True,42,33,33,5,0.687557835018996,0.697631549835205,0.001
dropout_rate,0.5,64,2,0.5,False,0.001,32,75,0.0,0.1,10,5,0.5,True,42,33,33,6,0.6847144125988989,0.6979075352350871,0.001
dropout_rate,0.5,64,2,0.5,False,0.001,32,75,0.0,0.1,10,5,0.5,True,42,33,33,7,0.6798346137458627,0.7017037391662597,0.001
dropout_rate,0.5,64,2,0.5,False,0.001,32,75,0.0,0.1,10,5,0.5,True,42,33,33,8,0.6730039345495629,0.7084336439768474,0.001
dropout_rate,0.5,64,2,0.5,False,0.001,32,75,0.0,0.1,10,5,0.5,True,42,33,33,9,0.6694217590671597,0.7196271379788717,0.001
dropout_rate,0.5,64,2,0.5,False,0.001,32,75,0.0,0.1,10,5,0.5,True,42,33,33,10,0.6657189735860536,0.7129130562146505,0.001
dropout_rate,0.5,64,2,0.5,False,0.001,32,75,0.0,0.1,10,5,0.5,True,42,33,33,11,0.6589860568443934,0.7390597780545552,0.001
dropout_rate,0.5,64,2,0.5,False,0.001,32,75,0.0,0.1,10,5,0.5,True,42,34,34,1,0.6935133861772942,0.6915663599967956,0.001
dropout_rate,0.5,64,2,0.5,False,0.001,32,75,0.0,0.1,10,5,0.5,True,42,34,34,2,0.6934389923558091,0.6914215524991353,0.001
dropout_rate,0.5,64,2,0.5,False,0.001,32,75,0.0,0.1,10,5,0.5,True,42,34,34,3,0.6925060771631472,0.6908163626988729,0.001
dropout_rate,0.5,64,2,0.5,False,0.001,32,75,0.0,0.1,10,5,0.5,True,42,34,34,4,0.6913719669435964,0.6912779172261556,0.001
dropout_rate,0.5,64,2,0.5,False,0.001,32,75,0.0,0.1,10,5,0.5,True,42,34,34,5,0.6887787476633535,0.7039827664693197,0.001
dropout_rate,0.5,64,2,0.5,False,0.001,32,75,0.0,0.1,10,5,0.5,True,42,34,34,6,0.6878954917192459,0.6925115545590719,0.001
dropout_rate,0.5,64,2,0.5,False,0.001,32,75,0.0,0.1,10,5,0.5,True,42,34,34,7,0.6863894345182361,0.6936059912045797,0.001
dropout_rate,0.5,64,2,0.5,False,0.001,32,75,0.0,0.1,10,5,0.5,True,42,34,34,8,0.6823608721747543,0.6958290259043376,0.001
dropout_rate,0.5,64,2,0.5,False,0.001,32,75,0.0,0.1,10,5,0.5,True,42,34,34,9,0.6762022014820215,0.709784988562266,0.001
dropout_rate,0.5,64,2,0.5,False,0.001,32,75,0.0,0.1,10,5,0.5,True,42,34,34,10,0.6684583421006347,0.7151986678441365,0.001
dropout_rate,0.5,64,2,0.5,False,0.001,32,75,0.0,0.1,10,5,0.5,True,42,34,34,11,0.6566817494052829,0.7398624420166016,0.001
dropout_rate,0.5,64,2,0.5,False,0.001,32,75,0.0,0.1,10,5,0.5,True,42,34,34,12,0.6505991224989747,0.7383990486462911,0.001
dropout_rate,0.5,64,2,0.5,False,0.001,32,75,0.0,0.1,10,5,0.5,True,42,34,34,13,0.6451135322903142,0.7455255150794983,0.001
dropout_rate,0.5,64,2,0.5,False,0.001,32,75,0.0,0.1,10,5,0.5,True,42,35,35,1,0.6941048218445345,0.6932448188463847,0.001
dropout_rate,0.5,64,2,0.5,False,0.001,32,75,0.0,0.1,10,5,0.5,True,42,35,35,2,0.6931003016052824,0.6929431239763896,0.001
dropout_rate,0.5,64,2,0.5,False,0.001,32,75,0.0,0.1,10,5,0.5,True,42,35,35,3,0.6918924401203791,0.693104338645935,0.001
dropout_rate,0.5,64,2,0.5,False,0.001,32,75,0.0,0.1,10,5,0.5,True,42,35,35,4,0.6898271152467439,0.6907292803128561,0.001
dropout_rate,0.5,64,2,0.5,False,0.001,32,75,0.0,0.1,10,5,0.5,True,42,35,35,5,0.6879195430965135,0.6865938146909077,0.001
dropout_rate,0.5,64,2,0.5,False,0.001,32,75,0.0,0.1,10,5,0.5,True,42,35,35,6,0.6869830854914405,0.6960669954617819,0.001
dropout_rate,0.5,64,2,0.5,False,0.001,32,75,0.0,0.1,10,5,0.5,True,42,35,35,7,0.6853364358345667,0.6988324244817098,0.001
dropout_rate,0.5,64,2,0.5,False,0.001,32,75,0.0,0.1,10,5,0.5,True,42,35,35,8,0.6812821089318304,0.6990336934725444,0.001
dropout_rate,0.5,64,2,0.5,False,0.001,32,75,0.0,0.1,10,5,0.5,True,42,35,35,9,0.6757781573317267,0.7051493724187216,0.001
dropout_rate,0.5,64,2,0.5,False,0.001,32,75,0.0,0.1,10,5,0.5,True,42,35,35,10,0.6694163643952572,0.7215593258539835,0.001
dropout_rate,0.5,64,2,0.5,False,0.001,32,75,0.0,0.1,10,5,0.5,True,42,35,35,11,0.6637818899118539,0.7145435571670532,0.001
dropout_rate,0.5,64,2,0.5,False,0.001,32,75,0.0,0.1,10,5,0.5,True,42,35,35,12,0.6479830870574171,0.7221222321192423,0.001
dropout_rate,0.5,64,2,0.5,False,0.001,32,75,0.0,0.1,10,5,0.5,True,42,35,35,13,0.6384952964656281,0.7497215469678243,0.001
dropout_rate,0.5,64,2,0.5,False,0.001,32,75,0.0,0.1,10,5,0.5,True,42,35,35,14,0.6303780607201837,0.7899823387463888,0.001
dropout_rate,0.5,64,2,0.5,False,0.001,32,75,0.0,0.1,10,5,0.5,True,42,35,35,15,0.6259072091091763,0.7766219139099121,0.001
dropout_rate,0.5,64,2,0.5,False,0.001,32,75,0.0,0.1,10,5,0.5,True,42,36,36,1,0.6942212848049222,0.6926434914271037,0.001
dropout_rate,0.5,64,2,0.5,False,0.001,32,75,0.0,0.1,10,5,0.5,True,42,36,36,2,0.6932566188501589,0.6919057091077169,0.001
dropout_rate,0.5,64,2,0.5,False,0.001,32,75,0.0,0.1,10,5,0.5,True,42,36,36,3,0.6924030807885256,0.6901895562807719,0.001
dropout_rate,0.5,64,2,0.5,False,0.001,32,75,0.0,0.1,10,5,0.5,True,42,36,36,4,0.6904091261553041,0.6914799292882283,0.001
dropout_rate,0.5,64,2,0.5,False,0.001,32,75,0.0,0.1,10,5,0.5,True,42,36,36,5,0.6879052524313782,0.6897027452786764,0.001
dropout_rate,0.5,64,2,0.5,False,0.001,32,75,0.0,0.1,10,5,0.5,True,42,36,36,6,0.6859959820003221,0.689293622970581,0.001
dropout_rate,0.5,64,2,0.5,False,0.001,32,75,0.0,0.1,10,5,0.5,True,42,36,36,7,0.6813216385516253,0.7009746670722962,0.001
dropout_rate,0.5,64,2,0.5,False,0.001,32,75,0.0,0.1,10,5,0.5,True,42,36,36,8,0.678494801123937,0.6961297233899434,0.001
dropout_rate,0.5,64,2,0.5,False,0.001,32,75,0.0,0.1,10,5,0.5,True,42,36,36,9,0.6733341650529341,0.7019177079200745,0.001
dropout_rate,0.5,64,2,0.5,False,0.001,32,75,0.0,0.1,10,5,0.5,True,42,36,36,10,0.6639756935112404,0.712106720606486,0.001
dropout_rate,0.5,64,2,0.5,False,0.001,32,75,0.0,0.1,10,5,0.5,True,42,36,36,11,0.6567605386177698,0.7233372728029887,0.001
dropout_rate,0.5,64,2,0.5,False,0.001,32,75,0.0,0.1,10,5,0.5,True,42,36,36,12,0.6517291913429896,0.7320453723271688,0.001
dropout_rate,0.5,64,2,0.5,False,0.001,32,75,0.0,0.1,10,5,0.5,True,42,36,36,13,0.6337548512401003,0.7408413410186767,0.001
dropout_rate,0.5,64,2,0.5,False,0.001,32,75,0.0,0.1,10,5,0.5,True,42,36,36,14,0.6273480001272578,0.7637991189956665,0.001
dropout_rate,0.5,64,2,0.5,False,0.001,32,75,0.0,0.1,10,5,0.5,True,42,36,36,15,0.6125611468698039,0.7753703872362773,0.001
dropout_rate,0.5,64,2,0.5,False,0.001,32,75,0.0,0.1,10,5,0.5,True,42,36,36,16,0.6008144531286124,0.801157557964325,0.001
dropout_rate,0.5,64,2,0.5,False,0.001,32,75,0.0,0.1,10,5,0.5,True,42,37,37,1,0.6932078703786387,0.6922378540039062,0.001
dropout_rate,0.5,64,2,0.5,False,0.001,32,75,0.0,0.1,10,5,0.5,True,42,37,37,2,0.6927908351927092,0.6910711447397868,0.001
dropout_rate,0.5,64,2,0.5,False,0.001,32,75,0.0,0.1,10,5,0.5,True,42,37,37,3,0.6911778982841608,0.6950250387191772,0.001
dropout_rate,0.5,64,2,0.5,False,0.001,32,75,0.0,0.1,10,5,0.5,True,42,37,37,4,0.6906573826616461,0.6912028829256693,0.001
dropout_rate,0.5,64,2,0.5,False,0.001,32,75,0.0,0.1,10,5,0.5,True,42,37,37,5,0.6895669798056284,0.694448987642924,0.001
dropout_rate,0.5,64,2,0.5,False,0.001,32,75,0.0,0.1,10,5,0.5,True,42,37,37,6,0.6875833936712958,0.6949007630348205,0.001
dropout_rate,0.5,64,2,0.5,False,0.001,32,75,0.0,0.1,10,5,0.5,True,42,37,37,7,0.6833047184980277,0.7019043962160746,0.001
dropout_rate,0.5,64,2,0.5,False,0.001,32,75,0.0,0.1,10,5,0.5,True,42,37,37,8,0.6789009909738194,0.7055991768836976,0.001
dropout_rate,0.5,64,2,0.5,False,0.001,32,75,0.0,0.1,10,5,0.5,True,42,37,37,9,0.6729982608195507,0.7014485160509746,0.001
dropout_rate,0.5,64,2,0.5,False,0.001,32,75,0.0,0.1,10,5,0.5,True,42,37,37,10,0.6641666333783757,0.7144863883654277,0.001
dropout_rate,0.5,64,2,0.5,False,0.001,32,75,0.0,0.1,10,5,0.5,True,42,37,37,11,0.6584236770868301,0.7458919922510783,0.001
dropout_rate,0.5,64,2,0.5,False,0.001,32,75,0.0,0.1,10,5,0.5,True,42,37,37,12,0.6549929705533114,0.7409582217534383,0.001
dropout_rate,0.5,64,2,0.5,False,0.001,32,75,0.0,0.1,10,5,0.5,True,42,38,38,1,0.6937546436533784,0.6925350705782573,0.001
dropout_rate,0.5,64,2,0.5,False,0.001,32,75,0.0,0.1,10,5,0.5,True,42,38,38,2,0.6939008691997239,0.6917903145154317,0.001
dropout_rate,0.5,64,2,0.5,False,0.001,32,75,0.0,0.1,10,5,0.5,True,42,38,38,3,0.6911243633790449,0.6901309450467428,0.001
dropout_rate,0.5,64,2,0.5,False,0.001,32,75,0.0,0.1,10,5,0.5,True,42,38,38,4,0.6903789919434171,0.6941153128941854,0.001
dropout_rate,0.5,64,2,0.5,False,0.001,32,75,0.0,0.1,10,5,0.5,True,42,38,38,5,0.6870504062284123,0.6930743853251139,0.001
dropout_rate,0.5,64,2,0.5,False,0.001,32,75,0.0,0.1,10,5,0.5,True,42,38,38,6,0.6853113571802775,0.6981870492299398,0.001
dropout_rate,0.5,64,2,0.5,False,0.001,32,75,0.0,0.1,10,5,0.5,True,42,38,38,7,0.684642033143477,0.6993373076121012,0.001
dropout_rate,0.5,64,2,0.5,False,0.001,32,75,0.0,0.1,10,5,0.5,True,42,38,38,8,0.6780185130509463,0.7082341591517131,0.001
dropout_rate,0.5,64,2,0.5,False,0.001,32,75,0.0,0.1,10,5,0.5,True,42,38,38,9,0.6715820047891501,0.7139764944712321,0.001
dropout_rate,0.5,64,2,0.5,False,0.001,32,75,0.0,0.1,10,5,0.5,True,42,38,38,10,0.6621164146697882,0.7262536605199178,0.001
dropout_rate,0.5,64,2,0.5,False,0.001,32,75,0.0,0.1,10,5,0.5,True,42,38,38,11,0.6574102193117142,0.7326860666275025,0.001
dropout_rate,0.5,64,2,0.5,False,0.001,32,75,0.0,0.1,10,5,0.5,True,42,38,38,12,0.6502071113297434,0.7488669594128926,0.001
dropout_rate,0.5,64,2,0.5,False,0.001,32,75,0.0,0.1,10,5,0.5,True,42,38,38,13,0.6445308797287218,0.738309109210968,0.001
dropout_rate,0.5,64,2,0.5,False,0.001,32,75,0.0,0.1,10,5,0.5,True,42,39,39,1,0.6942430996533596,0.6915863037109375,0.001
dropout_rate,0.5,64,2,0.5,False,0.001,32,75,0.0,0.1,10,5,0.5,True,42,39,39,2,0.6928789633693118,0.6920814236005147,0.001
dropout_rate,0.5,64,2,0.5,False,0.001,32,75,0.0,0.1,10,5,0.5,True,42,39,39,3,0.6918418276490588,0.6918351610501607,0.001
dropout_rate,0.5,64,2,0.5,False,0.001,32,75,0.0,0.1,10,5,0.5,True,42,39,39,4,0.6908101629127156,0.6908738692601522,0.001
dropout_rate,0.5,64,2,0.5,False,0.001,32,75,0.0,0.1,10,5,0.5,True,42,39,39,5,0.6881147925600861,0.6950601061185201,0.001
dropout_rate,0.5,64,2,0.5,False,0.001,32,75,0.0,0.1,10,5,0.5,True,42,39,39,6,0.6834330459435781,0.6934934616088867,0.001
dropout_rate,0.5,64,2,0.5,False,0.001,32,75,0.0,0.1,10,5,0.5,True,42,39,39,7,0.6800923288771601,0.6987716714541118,0.001
dropout_rate,0.5,64,2,0.5,False,0.001,32,75,0.0,0.1,10,5,0.5,True,42,39,39,8,0.6742531458536783,0.7048976143201192,0.001
dropout_rate,0.5,64,2,0.5,False,0.001,32,75,0.0,0.1,10,5,0.5,True,42,39,39,9,0.6659242560466131,0.7269151488939921,0.001
dropout_rate,0.5,64,2,0.5,False,0.001,32,75,0.0,0.1,10,5,0.5,True,42,39,39,10,0.659571884707971,0.7245226224263509,0.001
dropout_rate,0.5,64,2,0.5,False,0.001,32,75,0.0,0.1,10,5,0.5,True,42,39,39,11,0.64528370626045,0.7511944492657979,0.001
dropout_rate,0.5,64,2,0.5,False,0.001,32,75,0.0,0.1,10,5,0.5,True,42,39,39,12,0.6390436074950478,0.7485426743825276,0.001
dropout_rate,0.5,64,2,0.5,False,0.001,32,75,0.0,0.1,10,5,0.5,True,42,39,39,13,0.6330076440265684,0.772758686542511,0.001
dropout_rate,0.5,64,2,0.5,False,0.001,32,75,0.0,0.1,10,5,0.5,True,42,39,39,14,0.6246303094155861,0.7674290259679158,0.001
dropout_rate,0.5,64,2,0.5,False,0.001,32,75,0.0,0.1,10,5,0.5,True,42,40,40,1,0.6941350088878111,0.6916996558507283,0.001
dropout_rate,0.5,64,2,0.5,False,0.001,32,75,0.0,0.1,10,5,0.5,True,42,40,40,2,0.6932919765963699,0.6926339149475098,0.001
dropout_rate,0.5,64,2,0.5,False,0.001,32,75,0.0,0.1,10,5,0.5,True,42,40,40,3,0.6921234984289516,0.6890381455421448,0.001
dropout_rate,0.5,64,2,0.5,False,0.001,32,75,0.0,0.1,10,5,0.5,True,42,40,40,4,0.6920277697570396,0.6928431669871012,0.001
dropout_rate,0.5,64,2,0.5,False,0.001,32,75,0.0,0.1,10,5,0.5,True,42,40,40,5,0.6906981350797595,0.6906288226445516,0.001
dropout_rate,0.5,64,2,0.5,False,0.001,32,75,0.0,0.1,10,5,0.5,True,42,40,40,6,0.6862716801238783,0.6922067960103353,0.001
dropout_rate,0.5,64,2,0.5,False,0.001,32,75,0.0,0.1,10,5,0.5,True,42,40,40,7,0.6831603253429587,0.7030308643976847,0.001
dropout_rate,0.5,64,2,0.5,False,0.001,32,75,0.0,0.1,10,5,0.5,True,42,40,40,8,0.6800973912080129,0.705799933274587,0.001
dropout_rate,0.5,64,2,0.5,False,0.001,32,75,0.0,0.1,10,5,0.5,True,42,40,40,9,0.6766310081337438,0.7107639948527018,0.001
dropout_rate,0.5,64,2,0.5,False,0.001,32,75,0.0,0.1,10,5,0.5,True,42,40,40,10,0.6681611641789927,0.7252267320950826,0.001
dropout_rate,0.5,64,2,0.5,False,0.001,32,75,0.0,0.1,10,5,0.5,True,42,40,40,11,0.6608743635994015,0.721140710512797,0.001
dropout_rate,0.5,64,2,0.5,False,0.001,32,75,0.0,0.1,10,5,0.5,True,42,40,40,12,0.6606491036487349,0.7303017656008403,0.001
dropout_rate,0.5,64,2,0.5,False,0.001,32,75,0.0,0.1,10,5,0.5,True,42,40,40,13,0.6508687084371393,0.723137903213501,0.001
dropout_rate,0.5,64,2,0.5,False,0.001,32,75,0.0,0.1,10,5,0.5,True,42,41,41,1,0.6940035820007324,0.6925663510958354,0.001
dropout_rate,0.5,64,2,0.5,False,0.001,32,75,0.0,0.1,10,5,0.5,True,42,41,41,2,0.6933314700921377,0.6940966486930847,0.001
dropout_rate,0.5,64,2,0.5,False,0.001,32,75,0.0,0.1,10,5,0.5,True,42,41,41,3,0.6926032756314133,0.692531410853068,0.001
dropout_rate,0.5,64,2,0.5,False,0.001,32,75,0.0,0.1,10,5,0.5,True,42,41,41,4,0.6914237105485165,0.6932830770810445,0.001
dropout_rate,0.5,64,2,0.5,False,0.001,32,75,0.0,0.1,10,5,0.5,True,42,41,41,5,0.688692664106687,0.691057026386261,0.001
dropout_rate,0.5,64,2,0.5,False,0.001,32,75,0.0,0.1,10,5,0.5,True,42,41,41,6,0.685024975827246,0.6982312560081482,0.001
dropout_rate,0.5,64,2,0.5,False,0.001,32,75,0.0,0.1,10,5,0.5,True,42,41,41,7,0.6800904757145679,0.6972469568252564,0.001
dropout_rate,0.5,64,2,0.5,False,0.001,32,75,0.0,0.1,10,5,0.5,True,42,41,41,8,0.6784005395390771,0.6998962601025899,0.001
dropout_rate,0.5,64,2,0.5,False,0.001,32,75,0.0,0.1,10,5,0.5,True,42,41,41,9,0.6751395522645025,0.7047377983729045,0.001
dropout_rate,0.5,64,2,0.5,False,0.001,32,75,0.0,0.1,10,5,0.5,True,42,41,41,10,0.6758004422440673,0.7104038039843241,0.001
dropout_rate,0.5,64,2,0.5,False,0.001,32,75,0.0,0.1,10,5,0.5,True,42,41,41,11,0.6685058582912792,0.7298885186513265,0.001
dropout_rate,0.5,64,2,0.5,False,0.001,32,75,0.0,0.1,10,5,0.5,True,42,41,41,12,0.6541499640002395,0.7364387154579163,0.001
dropout_rate,0.5,64,2,0.5,False,0.001,32,75,0.0,0.1,10,5,0.5,True,42,41,41,13,0.6462159265171398,0.7433905442555745,0.001
dropout_rate,0.5,64,2,0.5,False,0.001,32,75,0.0,0.1,10,5,0.5,True,42,41,41,14,0.6371765705672178,0.7564767281214396,0.001
dropout_rate,0.5,64,2,0.5,False,0.001,32,75,0.0,0.1,10,5,0.5,True,42,41,41,15,0.6327433728358962,0.7769643584887187,0.001
dropout_rate,0.5,64,2,0.5,False,0.001,32,75,0.0,0.1,10,5,0.5,True,42,42,42,1,0.6941344412890348,0.6943479418754578,0.001
dropout_rate,0.5,64,2,0.5,False,0.001,32,75,0.0,0.1,10,5,0.5,True,42,42,42,2,0.6928060054779053,0.69396466811498,0.001
dropout_rate,0.5,64,2,0.5,False,0.001,32,75,0.0,0.1,10,5,0.5,True,42,42,42,3,0.6913145690253286,0.6944685935974121,0.001
dropout_rate,0.5,64,2,0.5,False,0.001,32,75,0.0,0.1,10,5,0.5,True,42,42,42,4,0.6906798956069079,0.6917348623275756,0.001
dropout_rate,0.5,64,2,0.5,False,0.001,32,75,0.0,0.1,10,5,0.5,True,42,42,42,5,0.6885657342094363,0.6957881689071655,0.001
dropout_rate,0.5,64,2,0.5,False,0.001,32,75,0.0,0.1,10,5,0.5,True,42,42,42,6,0.6880916135780739,0.6944937864939372,0.001
dropout_rate,0.5,64,2,0.5,False,0.001,32,75,0.0,0.1,10,5,0.5,True,42,42,42,7,0.6838591965762052,0.7056472380956014,0.001
dropout_rate,0.5,64,2,0.5,False,0.001,32,75,0.0,0.1,10,5,0.5,True,42,42,42,8,0.6814660827318827,0.6999279260635376,0.001
dropout_rate,0.5,64,2,0.5,False,0.001,32,75,0.0,0.1,10,5,0.5,True,42,42,42,9,0.6767790611043121,0.7046461423238118,0.001
dropout_rate,0.5,64,2,0.5,False,0.001,32,75,0.0,0.1,10,5,0.5,True,42,42,42,10,0.6738480817187916,0.7106625239054362,0.001
dropout_rate,0.5,64,2,0.5,False,0.001,32,75,0.0,0.1,10,5,0.5,True,42,42,42,11,0.656374809868408,0.7322601993878682,0.001
dropout_rate,0.5,64,2,0.5,False,0.001,32,75,0.0,0.1,10,5,0.5,True,42,42,42,12,0.6490037000992082,0.7287226994832356,0.001
dropout_rate,0.5,64,2,0.5,False,0.001,32,75,0.0,0.1,10,5,0.5,True,42,42,42,13,0.6443954507509867,0.7504594484965007,0.001
dropout_rate,0.5,64,2,0.5,False,0.001,32,75,0.0,0.1,10,5,0.5,True,42,42,42,14,0.6354223119490074,0.7721311529477437,0.001
dropout_rate,0.5,64,2,0.5,False,0.001,32,75,0.0,0.1,10,5,0.5,True,42,43,43,1,0.693832356821407,0.6914161960283915,0.001
dropout_rate,0.5,64,2,0.5,False,0.001,32,75,0.0,0.1,10,5,0.5,True,42,43,43,2,0.6932362092263771,0.6906265139579773,0.001
dropout_rate,0.5,64,2,0.5,False,0.001,32,75,0.0,0.1,10,5,0.5,True,42,43,43,3,0.6920761718894496,0.6905293742815654,0.001
dropout_rate,0.5,64,2,0.5,False,0.001,32,75,0.0,0.1,10,5,0.5,True,42,43,43,4,0.6919528200770869,0.6916778922080994,0.001
dropout_rate,0.5,64,2,0.5,False,0.001,32,75,0.0,0.1,10,5,0.5,True,42,43,43,5,0.6897569185856617,0.6949379563331604,0.001
dropout_rate,0.5,64,2,0.5,False,0.001,32,75,0.0,0.1,10,5,0.5,True,42,43,43,6,0.6862300426671,0.6976667642593384,0.001
dropout_rate,0.5,64,2,0.5,False,0.001,32,75,0.0,0.1,10,5,0.5,True,42,43,43,7,0.6841194196180864,0.6981120069821676,0.001
dropout_rate,0.5,64,2,0.5,False,0.001,32,75,0.0,0.1,10,5,0.5,True,42,43,43,8,0.6800188282222459,0.7097641229629517,0.001
dropout_rate,0.5,64,2,0.5,False,0.001,32,75,0.0,0.1,10,5,0.5,True,42,43,43,9,0.6740972422289125,0.7142800013224284,0.001
dropout_rate,0.5,64,2,0.5,False,0.001,32,75,0.0,0.1,10,5,0.5,True,42,43,43,10,0.6649084822698073,0.7195724050203959,0.001
dropout_rate,0.5,64,2,0.5,False,0.001,32,75,0.0,0.1,10,5,0.5,True,42,43,43,11,0.6576662808656693,0.7311643163363138,0.001
dropout_rate,0.5,64,2,0.5,False,0.001,32,75,0.0,0.1,10,5,0.5,True,42,43,43,12,0.6518489456537998,0.7390195608139039,0.001
dropout_rate,0.5,64,2,0.5,False,0.001,32,75,0.0,0.1,10,5,0.5,True,42,43,43,13,0.6460275365547701,0.7364350080490112,0.001
dropout_rate,0.5,64,2,0.5,False,0.001,32,75,0.0,0.1,10,5,0.5,True,42,44,44,1,0.6946288297573725,0.6928990523020426,0.001
dropout_rate,0.5,64,2,0.5,False,0.001,32,75,0.0,0.1,10,5,0.5,True,42,44,44,2,0.6931392866553683,0.6936237374941508,0.001
dropout_rate,0.5,64,2,0.5,False,0.001,32,75,0.0,0.1,10,5,0.5,True,42,44,44,3,0.6926067448926695,0.6918558994928996,0.001
dropout_rate,0.5,64,2,0.5,False,0.001,32,75,0.0,0.1,10,5,0.5,True,42,44,44,4,0.690960116910212,0.6954250772794087,0.001
dropout_rate,0.5,64,2,0.5,False,0.001,32,75,0.0,0.1,10,5,0.5,True,42,44,44,5,0.6896397349509326,0.6935063997904459,0.001
dropout_rate,0.5,64,2,0.5,False,0.001,32,75,0.0,0.1,10,5,0.5,True,42,44,44,6,0.6853710548444227,0.7021459778149922,0.001
dropout_rate,0.5,64,2,0.5,False,0.001,32,75,0.0,0.1,10,5,0.5,True,42,44,44,7,0.6841700641494809,0.7028928796450297,0.001
dropout_rate,0.5,64,2,0.5,False,0.001,32,75,0.0,0.1,10,5,0.5,True,42,44,44,8,0.6765344598979661,0.704342782497406,0.001
dropout_rate,0.5,64,2,0.5,False,0.001,32,75,0.0,0.1,10,5,0.5,True,42,44,44,9,0.6735803561680245,0.7095833420753479,0.001
dropout_rate,0.5,64,2,0.5,False,0.001,32,75,0.0,0.1,10,5,0.5,True,42,44,44,10,0.6582289685805639,0.7210410316785176,0.001
dropout_rate,0.5,64,2,0.5,False,0.001,32,75,0.0,0.1,10,5,0.5,True,42,44,44,11,0.648542768124378,0.7361897150675456,0.001
dropout_rate,0.5,64,2,0.5,False,0.001,32,75,0.0,0.1,10,5,0.5,True,42,44,44,12,0.6371645028844024,0.7410714507102967,0.001
dropout_rate,0.5,64,2,0.5,False,0.001,32,75,0.0,0.1,10,5,0.5,True,42,44,44,13,0.6331093631910555,0.7519012689590454,0.001
dropout_rate,0.5,64,2,0.5,False,0.001,32,75,0.0,0.1,10,5,0.5,True,42,45,45,1,0.694041468428843,0.6924678723017375,0.001
dropout_rate,0.5,64,2,0.5,False,0.001,32,75,0.0,0.1,10,5,0.5,True,42,45,45,2,0.6932267885316502,0.6931214729944865,0.001
dropout_rate,0.5,64,2,0.5,False,0.001,32,75,0.0,0.1,10,5,0.5,True,42,45,45,3,0.6925311056953488,0.692404592037201,0.001
dropout_rate,0.5,64,2,0.5,False,0.001,32,75,0.0,0.1,10,5,0.5,True,42,45,45,4,0.6908897445960478,0.6929546395937601,0.001
dropout_rate,0.5,64,2,0.5,False,0.001,32,75,0.0,0.1,10,5,0.5,True,42,45,45,5,0.6895459298834656,0.6920142889022827,0.001
dropout_rate,0.5,64,2,0.5,False,0.001,32,75,0.0,0.1,10,5,0.5,True,42,45,45,6,0.6863894498709476,0.6944400032361349,0.001
dropout_rate,0.5,64,2,0.5,False,0.001,32,75,0.0,0.1,10,5,0.5,True,42,45,45,7,0.6824255097996105,0.7005423227945964,0.001
dropout_rate,0.5,64,2,0.5,False,0.001,32,75,0.0,0.1,10,5,0.5,True,42,45,45,8,0.6758582054665594,0.7065286199251811,0.001
dropout_rate,0.5,64,2,0.5,False,0.001,32,75,0.0,0.1,10,5,0.5,True,42,45,45,9,0.6738382189562826,0.7025277733802795,0.001
dropout_rate,0.5,64,2,0.5,False,0.001,32,75,0.0,0.1,10,5,0.5,True,42,45,45,10,0.6682126305320046,0.7377485672632853,0.001
dropout_rate,0.5,64,2,0.5,False,0.001,32,75,0.0,0.1,10,5,0.5,True,42,45,45,11,0.6602233508319566,0.735255777835846,0.001
dropout_rate,0.5,64,2,0.5,False,0.001,32,75,0.0,0.1,10,5,0.5,True,42,45,45,12,0.6456089475841233,0.756716275215149,0.001
dropout_rate,0.5,64,2,0.5,False,0.001,32,75,0.0,0.1,10,5,0.5,True,42,45,45,13,0.6338765982425574,0.753776752948761,0.001
dropout_rate,0.5,64,2,0.5,False,0.001,32,75,0.0,0.1,10,5,0.5,True,42,45,45,14,0.6264163901408514,0.7847810904184978,0.001
dropout_rate,0.5,64,2,0.5,False,0.001,32,75,0.0,0.1,10,5,0.5,True,42,45,45,15,0.6191891169909275,0.7940595110257467,0.001
dropout_rate,0.5,64,2,0.5,False,0.001,32,75,0.0,0.1,10,5,0.5,True,42,46,46,1,0.6946395364674655,0.6915971000989278,0.001
dropout_rate,0.5,64,2,0.5,False,0.001,32,75,0.0,0.1,10,5,0.5,True,42,46,46,2,0.692858768231941,0.693736485640208,0.001
dropout_rate,0.5,64,2,0.5,False,0.001,32,75,0.0,0.1,10,5,0.5,True,42,46,46,3,0.6920450785846421,0.6938297033309937,0.001
dropout_rate,0.5,64,2,0.5,False,0.001,32,75,0.0,0.1,10,5,0.5,True,42,46,46,4,0.6916419339902473,0.6917857607205709,0.001
dropout_rate,0.5,64,2,0.5,False,0.001,32,75,0.0,0.1,10,5,0.5,True,42,46,46,5,0.6898319590272326,0.6952238281567892,0.001
dropout_rate,0.5,64,2,0.5,False,0.001,32,75,0.0,0.1,10,5,0.5,True,42,46,46,6,0.688413419958317,0.6933619578679403,0.001
dropout_rate,0.5,64,2,0.5,False,0.001,32,75,0.0,0.1,10,5,0.5,True,42,46,46,7,0.6853378934390617,0.6948026061058045,0.001
dropout_rate,0.5,64,2,0.5,False,0.001,32,75,0.0,0.1,10,5,0.5,True,42,46,46,8,0.6765162673863497,0.7050112406412761,0.001
dropout_rate,0.5,64,2,0.5,False,0.001,32,75,0.0,0.1,10,5,0.5,True,42,46,46,9,0.6716812374916944,0.7233671545982361,0.001
dropout_rate,0.5,64,2,0.5,False,0.001,32,75,0.0,0.1,10,5,0.5,True,42,46,46,10,0.6676608477578019,0.7213427305221558,0.001
dropout_rate,0.5,64,2,0.5,False,0.001,32,75,0.0,0.1,10,5,0.5,True,42,46,46,11,0.6620003097888195,0.7202064911524455,0.001
dropout_rate,0.5,64,2,0.5,False,0.001,32,75,0.0,0.1,10,5,0.5,True,42,47,47,1,0.6932236701250076,0.6938310742378235,0.001
dropout_rate,0.5,64,2,0.5,False,0.001,32,75,0.0,0.1,10,5,0.5,True,42,47,47,2,0.6925319555130872,0.6941320419311523,0.001
dropout_rate,0.5,64,2,0.5,False,0.001,32,75,0.0,0.1,10,5,0.5,True,42,47,47,3,0.6921844288255229,0.6949640313784281,0.001
dropout_rate,0.5,64,2,0.5,False,0.001,32,75,0.0,0.1,10,5,0.5,True,42,47,47,4,0.6898033293810758,0.6979294220606486,0.001
dropout_rate,0.5,64,2,0.5,False,0.001,32,75,0.0,0.1,10,5,0.5,True,42,47,47,5,0.6904368463790778,0.692851448059082,0.001
dropout_rate,0.5,64,2,0.5,False,0.001,32,75,0.0,0.1,10,5,0.5,True,42,47,47,6,0.6859311217611487,0.7014012535413107,0.001
dropout_rate,0.5,64,2,0.5,False,0.001,32,75,0.0,0.1,10,5,0.5,True,42,47,47,7,0.6836019253188913,0.6971259792645772,0.001
dropout_rate,0.5,64,2,0.5,False,0.001,32,75,0.0,0.1,10,5,0.5,True,42,47,47,8,0.6773447791735331,0.7143050988515218,0.001
dropout_rate,0.5,64,2,0.5,False,0.001,32,75,0.0,0.1,10,5,0.5,True,42,47,47,9,0.6731605723951802,0.7135240912437439,0.001
dropout_rate,0.5,64,2,0.5,False,0.001,32,75,0.0,0.1,10,5,0.5,True,42,47,47,10,0.6651918946793585,0.727196741104126,0.001
dropout_rate,0.5,64,2,0.5,False,0.001,32,75,0.0,0.1,10,5,0.5,True,42,47,47,11,0.659494985685204,0.7342815637588501,0.001
dropout_rate,0.5,64,2,0.5,False,0.001,32,75,0.0,0.1,10,5,0.5,True,42,47,47,12,0.6426028667977361,0.7314091086387634,0.001
dropout_rate,0.5,64,2,0.5,False,0.001,32,75,0.0,0.1,10,5,0.5,True,42,47,47,13,0.6368216122641708,0.7582603613535563,0.001
dropout_rate,0.5,64,2,0.5,False,0.001,32,75,0.0,0.1,10,5,0.5,True,42,47,47,14,0.6302418943607446,0.7555106202761332,0.001
dropout_rate,0.5,64,2,0.5,False,0.001,32,75,0.0,0.1,10,5,0.5,True,42,47,47,15,0.6199202237255645,0.7783319513003032,0.001
dropout_rate,0.5,64,2,0.5,False,0.001,32,75,0.0,0.1,10,5,0.5,True,42,48,48,1,0.6948460461501789,0.6930184563000997,0.001
dropout_rate,0.5,64,2,0.5,False,0.001,32,75,0.0,0.1,10,5,0.5,True,42,48,48,2,0.6933280852504242,0.6925402204195659,0.001
dropout_rate,0.5,64,2,0.5,False,0.001,32,75,0.0,0.1,10,5,0.5,True,42,48,48,3,0.6913397401795351,0.6925105810165405,0.001
dropout_rate,0.5,64,2,0.5,False,0.001,32,75,0.0,0.1,10,5,0.5,True,42,48,48,4,0.6893115294607062,0.6927068154017131,0.001
dropout_rate,0.5,64,2,0.5,False,0.001,32,75,0.0,0.1,10,5,0.5,True,42,48,48,5,0.6871217372722196,0.6927262822786967,0.001
dropout_rate,0.5,64,2,0.5,False,0.001,32,75,0.0,0.1,10,5,0.5,True,42,48,48,6,0.683404811342856,0.6931696573893229,0.001
dropout_rate,0.5,64,2,0.5,False,0.001,32,75,0.0,0.1,10,5,0.5,True,42,48,48,7,0.6779435357653109,0.6984049042065938,0.001
dropout_rate,0.5,64,2,0.5,False,0.001,32,75,0.0,0.1,10,5,0.5,True,42,48,48,8,0.6740873590447849,0.7079430262247721,0.001
dropout_rate,0.5,64,2,0.5,False,0.001,32,75,0.0,0.1,10,5,0.5,True,42,48,48,9,0.6630963772759402,0.7137658993403116,0.001
dropout_rate,0.5,64,2,0.5,False,0.001,32,75,0.0,0.1,10,5,0.5,True,42,48,48,10,0.6573378712611091,0.7228978514671326,0.001
dropout_rate,0.5,64,2,0.5,False,0.001,32,75,0.0,0.1,10,5,0.5,True,42,48,48,11,0.653795345833427,0.7231743693351745,0.001
dropout_rate,0.5,64,2,0.5,False,0.001,32,75,0.0,0.1,10,5,0.5,True,42,48,48,12,0.6439394345857147,0.7329264799753825,0.001
dropout_rate,0.5,64,2,0.5,False,0.001,32,75,0.0,0.1,10,5,0.5,True,42,48,48,13,0.6401469066627044,0.7228823820749919,0.001
dropout_rate,0.5,64,2,0.5,False,0.001,32,75,0.0,0.1,10,5,0.5,True,42,49,49,1,0.6942970626281969,0.692539115746816,0.001
dropout_rate,0.5,64,2,0.5,False,0.001,32,75,0.0,0.1,10,5,0.5,True,42,49,49,2,0.6933837302706458,0.6920989513397217,0.001
dropout_rate,0.5,64,2,0.5,False,0.001,32,75,0.0,0.1,10,5,0.5,True,42,49,49,3,0.6921586145957311,0.6924109061559042,0.001
dropout_rate,0.5,64,2,0.5,False,0.001,32,75,0.0,0.1,10,5,0.5,True,42,49,49,4,0.690665958054138,0.6920989433924357,0.001
dropout_rate,0.5,64,2,0.5,False,0.001,32,75,0.0,0.1,10,5,0.5,True,42,49,49,5,0.6876903492392916,0.6910240570704143,0.001
dropout_rate,0.5,64,2,0.5,False,0.001,32,75,0.0,0.1,10,5,0.5,True,42,49,49,6,0.6843845026962685,0.6983075300852458,0.001
dropout_rate,0.5,64,2,0.5,False,0.001,32,75,0.0,0.1,10,5,0.5,True,42,49,49,7,0.6784980956352118,0.7037003000577291,0.001
dropout_rate,0.5,64,2,0.5,False,0.001,32,75,0.0,0.1,10,5,0.5,True,42,49,49,8,0.6748934469439767,0.7000893831253052,0.001
dropout_rate,0.5,64,2,0.5,False,0.001,32,75,0.0,0.1,10,5,0.5,True,42,49,49,9,0.673061756473599,0.7110869447390239,0.001
dropout_rate,0.5,64,2,0.5,False,0.001,32,75,0.0,0.1,10,5,0.5,True,42,49,49,10,0.6634633365002546,0.7155763069788615,0.001
dropout_rate,0.5,64,2,0.5,False,0.001,32,75,0.0,0.1,10,5,0.5,True,42,49,49,11,0.6603749358292782,0.718694277604421,0.001
dropout_rate,0.5,64,2,0.5,False,0.001,32,75,0.0,0.1,10,5,0.5,True,42,49,49,12,0.6431360454721884,0.7401509483655294,0.001
dropout_rate,0.5,64,2,0.5,False,0.001,32,75,0.0,0.1,10,5,0.5,True,42,49,49,13,0.6296389852509354,0.7492224971453348,0.001
dropout_rate,0.5,64,2,0.5,False,0.001,32,75,0.0,0.1,10,5,0.5,True,42,49,49,14,0.6292257317990968,0.7677293697992961,0.001
dropout_rate,0.5,64,2,0.5,False,0.001,32,75,0.0,0.1,10,5,0.5,True,42,49,49,15,0.6184453113061009,0.7549389878908793,0.001
dropout_rate,0.5,64,2,0.5,False,0.001,32,75,0.0,0.1,10,5,0.5,True,42,50,50,1,0.6945438010222984,0.6916901111602783,0.001
dropout_rate,0.5,64,2,0.5,False,0.001,32,75,0.0,0.1,10,5,0.5,True,42,50,50,2,0.693566722851811,0.6914112806320191,0.001
dropout_rate,0.5,64,2,0.5,False,0.001,32,75,0.0,0.1,10,5,0.5,True,42,50,50,3,0.6938530604044596,0.6916592915852865,0.001
dropout_rate,0.5,64,2,0.5,False,0.001,32,75,0.0,0.1,10,5,0.5,True,42,50,50,4,0.6907151684616551,0.6904176910718282,0.001
dropout_rate,0.5,64,2,0.5,False,0.001,32,75,0.0,0.1,10,5,0.5,True,42,50,50,5,0.6891830947363016,0.6927163243293762,0.001
dropout_rate,0.5,64,2,0.5,False,0.001,32,75,0.0,0.1,10,5,0.5,True,42,50,50,6,0.6870619121826056,0.6932624340057373,0.001
dropout_rate,0.5,64,2,0.5,False,0.001,32,75,0.0,0.1,10,5,0.5,True,42,50,50,7,0.685510975393382,0.6983933051427206,0.001
dropout_rate,0.5,64,2,0.5,False,0.001,32,75,0.0,0.1,10,5,0.5,True,42,50,50,8,0.6813240024176511,0.7027348717053731,0.001
dropout_rate,0.5,64,2,0.5,False,0.001,32,75,0.0,0.1,10,5,0.5,True,42,50,50,9,0.6767822196989348,0.7085833748181661,0.001
dropout_rate,0.5,64,2,0.5,False,0.001,32,75,0.0,0.1,10,5,0.5,True,42,50,50,10,0.6690665424773188,0.7181393901507059,0.001
dropout_rate,0.5,64,2,0.5,False,0.001,32,75,0.0,0.1,10,5,0.5,True,42,50,50,11,0.6569291908632625,0.7321665644645691,0.001
dropout_rate,0.5,64,2,0.5,False,0.001,32,75,0.0,0.1,10,5,0.5,True,42,50,50,12,0.6515428852854352,0.7395322918891907,0.001
dropout_rate,0.5,64,2,0.5,False,0.001,32,75,0.0,0.1,10,5,0.5,True,42,50,50,13,0.6408183813998194,0.738236927986145,0.001
dropout_rate,0.5,64,2,0.5,False,0.001,32,75,0.0,0.1,10,5,0.5,True,42,50,50,14,0.6360619244250384,0.7667448123296102,0.001
dropout_rate,0.5,64,2,0.5,False,0.001,32,75,0.0,0.1,10,5,0.5,True,42,51,51,1,0.693899800380071,0.6940067847569783,0.001
dropout_rate,0.5,64,2,0.5,False,0.001,32,75,0.0,0.1,10,5,0.5,True,42,51,51,2,0.6931894995046385,0.6942938168843588,0.001
dropout_rate,0.5,64,2,0.5,False,0.001,32,75,0.0,0.1,10,5,0.5,True,42,51,51,3,0.690321196660851,0.6914262811342875,0.001
dropout_rate,0.5,64,2,0.5,False,0.001,32,75,0.0,0.1,10,5,0.5,True,42,51,51,4,0.6882950333934842,0.6951459646224976,0.001
dropout_rate,0.5,64,2,0.5,False,0.001,32,75,0.0,0.1,10,5,0.5,True,42,51,51,5,0.686881500211629,0.6994725982348124,0.001
dropout_rate,0.5,64,2,0.5,False,0.001,32,75,0.0,0.1,10,5,0.5,True,42,51,51,6,0.6838174064954122,0.696720830599467,0.001
dropout_rate,0.5,64,2,0.5,False,0.001,32,75,0.0,0.1,10,5,0.5,True,42,51,51,7,0.6813270350297292,0.70280841588974,0.001
dropout_rate,0.5,64,2,0.5,False,0.001,32,75,0.0,0.1,10,5,0.5,True,42,51,51,8,0.6740410355004397,0.705241858959198,0.001
dropout_rate,0.5,64,2,0.5,False,0.001,32,75,0.0,0.1,10,5,0.5,True,42,51,51,9,0.6729482380729733,0.7015842398007711,0.001
dropout_rate,0.5,64,2,0.5,False,0.001,32,75,0.0,0.1,10,5,0.5,True,42,51,51,10,0.6578197167678312,0.7265786051750183,0.001
dropout_rate,0.5,64,2,0.5,False,0.001,32,75,0.0,0.1,10,5,0.5,True,42,51,51,11,0.6510217216881838,0.7249836961428324,0.001
dropout_rate,0.5,64,2,0.5,False,0.001,32,75,0.0,0.1,10,5,0.5,True,42,51,51,12,0.6455277543176304,0.73221249183019,0.001
dropout_rate,0.5,64,2,0.5,False,0.001,32,75,0.0,0.1,10,5,0.5,True,42,51,51,13,0.6385865739800713,0.7577240149180094,0.001
dropout_rate,0.5,64,2,0.5,False,0.001,32,75,0.0,0.1,10,5,0.5,True,42,52,52,1,0.693276328570915,0.6962593197822571,0.001
dropout_rate,0.5,64,2,0.5,False,0.001,32,75,0.0,0.1,10,5,0.5,True,42,52,52,2,0.6927129517902028,0.6950505216916402,0.001
dropout_rate,0.5,64,2,0.5,False,0.001,32,75,0.0,0.1,10,5,0.5,True,42,52,52,3,0.6922951706431129,0.6943916956583659,0.001
dropout_rate,0.5,64,2,0.5,False,0.001,32,75,0.0,0.1,10,5,0.5,True,42,52,52,4,0.6906514976060751,0.6943190574645997,0.001
dropout_rate,0.5,64,2,0.5,False,0.001,32,75,0.0,0.1,10,5,0.5,True,42,52,52,5,0.6891661056063392,0.6950253367424011,0.001
dropout_rate,0.5,64,2,0.5,False,0.001,32,75,0.0,0.1,10,5,0.5,True,42,52,52,6,0.6886552278742646,0.6952643831570943,0.001
dropout_rate,0.5,64,2,0.5,False,0.001,32,75,0.0,0.1,10,5,0.5,True,42,52,52,7,0.6864329987403118,0.6929584264755249,0.001
dropout_rate,0.5,64,2,0.5,False,0.001,32,75,0.0,0.1,10,5,0.5,True,42,52,52,8,0.6838603642853823,0.694648543993632,0.001
dropout_rate,0.5,64,2,0.5,False,0.001,32,75,0.0,0.1,10,5,0.5,True,42,52,52,9,0.6805139265277169,0.6973231554031372,0.001
dropout_rate,0.5,64,2,0.5,False,0.001,32,75,0.0,0.1,10,5,0.5,True,42,52,52,10,0.6763269476818315,0.6994890054066976,0.001
dropout_rate,0.5,64,2,0.5,False,0.001,32,75,0.0,0.1,10,5,0.5,True,42,52,52,11,0.669829426389752,0.7138715167840322,0.001
dropout_rate,0.5,64,2,0.5,False,0.001,32,75,0.0,0.1,10,5,0.5,True,42,52,52,12,0.6645843784014384,0.7156896829605103,0.001
dropout_rate,0.5,64,2,0.5,False,0.001,32,75,0.0,0.1,10,5,0.5,True,42,52,52,13,0.6559960756338004,0.7118012189865113,0.001
dropout_rate,0.5,64,2,0.5,False,0.001,32,75,0.0,0.1,10,5,0.5,True,42,52,52,14,0.6380674202333797,0.7344770709673564,0.001
dropout_rate,0.5,64,2,0.5,False,0.001,32,75,0.0,0.1,10,5,0.5,True,42,52,52,15,0.6301329578414108,0.7496513803799947,0.001
dropout_rate,0.5,64,2,0.5,False,0.001,32,75,0.0,0.1,10,5,0.5,True,42,52,52,16,0.6181105314330622,0.7619696418444316,0.001
dropout_rate,0.5,64,2,0.5,False,0.001,32,75,0.0,0.1,10,5,0.5,True,42,52,52,17,0.6043242710557851,0.8097262223561604,0.001
dropout_rate,0.5,64,2,0.5,False,0.001,32,75,0.0,0.1,10,5,0.5,True,42,53,53,1,0.6954000411611615,0.6926766991615295,0.001
dropout_rate,0.5,64,2,0.5,False,0.001,32,75,0.0,0.1,10,5,0.5,True,42,53,53,2,0.6934496940988483,0.6917936682701111,0.001
dropout_rate,0.5,64,2,0.5,False,0.001,32,75,0.0,0.1,10,5,0.5,True,42,53,53,3,0.6925151032028776,0.6915489196777344,0.001
dropout_rate,0.5,64,2,0.5,False,0.001,32,75,0.0,0.1,10,5,0.5,True,42,53,53,4,0.6913062379215703,0.6926400939623515,0.001
dropout_rate,0.5,64,2,0.5,False,0.001,32,75,0.0,0.1,10,5,0.5,True,42,53,53,5,0.6899745721708644,0.6923412005106608,0.001
dropout_rate,0.5,64,2,0.5,False,0.001,32,75,0.0,0.1,10,5,0.5,True,42,53,53,6,0.6895771952289523,0.6919501940409343,0.001
dropout_rate,0.5,64,2,0.5,False,0.001,32,75,0.0,0.1,10,5,0.5,True,42,53,53,7,0.6852384859865362,0.6954998811086018,0.001
dropout_rate,0.5,64,2,0.5,False,0.001,32,75,0.0,0.1,10,5,0.5,True,42,53,53,8,0.6832684815833063,0.6981638153394063,0.001
dropout_rate,0.5,64,2,0.5,False,0.001,32,75,0.0,0.1,10,5,0.5,True,42,53,53,9,0.6809093672217745,0.698381757736206,0.001
dropout_rate,0.5,64,2,0.5,False,0.001,32,75,0.0,0.1,10,5,0.5,True,42,53,53,10,0.6694705400503043,0.7136455456415812,0.001
dropout_rate,0.5,64,2,0.5,False,0.001,32,75,0.0,0.1,10,5,0.5,True,42,53,53,11,0.6647425054600744,0.7112084984779358,0.001
dropout_rate,0.5,64,2,0.5,False,0.001,32,75,0.0,0.1,10,5,0.5,True,42,53,53,12,0.6610283282670107,0.7250930666923523,0.001
dropout_rate,0.5,64,2,0.5,False,0.001,32,75,0.0,0.1,10,5,0.5,True,42,53,53,13,0.6526677324013277,0.7289567271868388,0.001
dropout_rate,0.5,64,2,0.5,False,0.001,32,75,0.0,0.1,10,5,0.5,True,42,54,54,1,0.6940216264038375,0.6936056852340698,0.001
dropout_rate,0.5,64,2,0.5,False,0.001,32,75,0.0,0.1,10,5,0.5,True,42,54,54,2,0.6928152071707177,0.694110107421875,0.001
dropout_rate,0.5,64,2,0.5,False,0.001,32,75,0.0,0.1,10,5,0.5,True,42,54,54,3,0.6925563003980753,0.6938214619954427,0.001
dropout_rate,0.5,64,2,0.5,False,0.001,32,75,0.0,0.1,10,5,0.5,True,42,54,54,4,0.6907165881359216,0.6936846375465393,0.001
dropout_rate,0.5,64,2,0.5,False,0.001,32,75,0.0,0.1,10,5,0.5,True,42,54,54,5,0.6866773827509447,0.7003133773803711,0.001
dropout_rate,0.5,64,2,0.5,False,0.001,32,75,0.0,0.1,10,5,0.5,True,42,54,54,6,0.6829714170007994,0.7144611239433288,0.001
dropout_rate,0.5,64,2,0.5,False,0.001,32,75,0.0,0.1,10,5,0.5,True,42,54,54,7,0.6810297771836772,0.7099956671396891,0.001
dropout_rate,0.5,64,2,0.5,False,0.001,32,75,0.0,0.1,10,5,0.5,True,42,54,54,8,0.6721091721997117,0.7181536515553792,0.001
dropout_rate,0.5,64,2,0.5,False,0.001,32,75,0.0,0.1,10,5,0.5,True,42,54,54,9,0.6666317198312643,0.7287344415982564,0.001
dropout_rate,0.5,64,2,0.5,False,0.001,32,75,0.0,0.1,10,5,0.5,True,42,54,54,10,0.6607738001780077,0.7222291072209676,0.001
dropout_rate,0.5,64,2,0.5,False,0.001,32,75,0.0,0.1,10,5,0.5,True,42,54,54,11,0.6521422352754709,0.7409955024719238,0.001
dropout_rate,0.5,64,2,0.5,False,0.001,32,75,0.0,0.1,10,5,0.5,True,42,55,55,1,0.6943305197990302,0.6928577621777853,0.001
dropout_rate,0.5,64,2,0.5,False,0.001,32,75,0.0,0.1,10,5,0.5,True,42,55,55,2,0.6930724748156287,0.6917603015899658,0.001
dropout_rate,0.5,64,2,0.5,False,0.001,32,75,0.0,0.1,10,5,0.5,True,42,55,55,3,0.691964948719198,0.6925683776537578,0.001
dropout_rate,0.5,64,2,0.5,False,0.001,32,75,0.0,0.1,10,5,0.5,True,42,55,55,4,0.6906509963851987,0.6973677357037862,0.001
dropout_rate,0.5,64,2,0.5,False,0.001,32,75,0.0,0.1,10,5,0.5,True,42,55,55,5,0.6884453414064465,0.6974481463432312,0.001
dropout_rate,0.5,64,2,0.5,False,0.001,32,75,0.0,0.1,10,5,0.5,True,42,55,55,6,0.6836708282882517,0.7019892851511638,0.001
dropout_rate,0.5,64,2,0.5,False,0.001,32,75,0.0,0.1,10,5,0.5,True,42,55,55,7,0.6807240748947317,0.7119682312011719,0.001
dropout_rate,0.5,64,2,0.5,False,0.001,32,75,0.0,0.1,10,5,0.5,True,42,55,55,8,0.6748836699760321,0.7157419284184774,0.001
dropout_rate,0.5,64,2,0.5,False,0.001,32,75,0.0,0.1,10,5,0.5,True,42,55,55,9,0.6668746493982546,0.7207561453183492,0.001
dropout_rate,0.5,64,2,0.5,False,0.001,32,75,0.0,0.1,10,5,0.5,True,42,55,55,10,0.6613904449975851,0.7417320847511292,0.001
dropout_rate,0.5,64,2,0.5,False,0.001,32,75,0.0,0.1,10,5,0.5,True,42,55,55,11,0.6531304315184102,0.7330852230389913,0.001
dropout_rate,0.5,64,2,0.5,False,0.001,32,75,0.0,0.1,10,5,0.5,True,42,55,55,12,0.6483901842977061,0.7377909700075785,0.001
dropout_rate,0.5,64,2,0.5,False,0.001,32,75,0.0,0.1,10,5,0.5,True,42,56,56,1,0.6949300513123021,0.6934672315915426,0.001
dropout_rate,0.5,64,2,0.5,False,0.001,32,75,0.0,0.1,10,5,0.5,True,42,56,56,2,0.6927879258538737,0.693076487382253,0.001
dropout_rate,0.5,64,2,0.5,False,0.001,32,75,0.0,0.1,10,5,0.5,True,42,56,56,3,0.6916267542224942,0.6928747693697611,0.001
dropout_rate,0.5,64,2,0.5,False,0.001,32,75,0.0,0.1,10,5,0.5,True,42,56,56,4,0.69164449337757,0.6922514041264852,0.001
dropout_rate,0.5,64,2,0.5,False,0.001,32,75,0.0,0.1,10,5,0.5,True,42,56,56,5,0.6886702134753718,0.6921498854955037,0.001
dropout_rate,0.5,64,2,0.5,False,0.001,32,75,0.0,0.1,10,5,0.5,True,42,56,56,6,0.6861094272497928,0.6970131715138753,0.001
dropout_rate,0.5,64,2,0.5,False,0.001,32,75,0.0,0.1,10,5,0.5,True,42,56,56,7,0.6846429394050078,0.6955849091211955,0.001
dropout_rate,0.5,64,2,0.5,False,0.001,32,75,0.0,0.1,10,5,0.5,True,42,56,56,8,0.679660547411803,0.7029782811800639,0.001
dropout_rate,0.5,64,2,0.5,False,0.001,32,75,0.0,0.1,10,5,0.5,True,42,56,56,9,0.677515170339382,0.6995723803838094,0.001
dropout_rate,0.5,64,2,0.5,False,0.001,32,75,0.0,0.1,10,5,0.5,True,42,56,56,10,0.6747654969945098,0.6985065619150798,0.001
dropout_rate,0.5,64,2,0.5,False,0.001,32,75,0.0,0.1,10,5,0.5,True,42,56,56,11,0.6679292379906683,0.7199992219607035,0.001
dropout_rate,0.5,64,2,0.5,False,0.001,32,75,0.0,0.1,10,5,0.5,True,42,56,56,12,0.657330387469494,0.7339552164077758,0.001
dropout_rate,0.5,64,2,0.5,False,0.001,32,75,0.0,0.1,10,5,0.5,True,42,56,56,13,0.6564474801222483,0.7267561753590902,0.001
dropout_rate,0.5,64,2,0.5,False,0.001,32,75,0.0,0.1,10,5,0.5,True,42,56,56,14,0.6434083084265391,0.7449375708897908,0.001
dropout_rate,0.5,64,2,0.5,False,0.001,32,75,0.0,0.1,10,5,0.5,True,42,56,56,15,0.6418254154198098,0.7370276729265849,0.001
dropout_rate,0.5,64,2,0.5,False,0.001,32,75,0.0,0.1,10,5,0.5,True,42,57,57,1,0.6943812243866198,0.6925455292065938,0.001
dropout_rate,0.5,64,2,0.5,False,0.001,32,75,0.0,0.1,10,5,0.5,True,42,57,57,2,0.6928578908696319,0.6920122226079305,0.001
dropout_rate,0.5,64,2,0.5,False,0.001,32,75,0.0,0.1,10,5,0.5,True,42,57,57,3,0.6924269483848051,0.6919563849767049,0.001
dropout_rate,0.5,64,2,0.5,False,0.001,32,75,0.0,0.1,10,5,0.5,True,42,57,57,4,0.6900506042169802,0.6928866624832153,0.001
dropout_rate,0.5,64,2,0.5,False,0.001,32,75,0.0,0.1,10,5,0.5,True,42,57,57,5,0.6879622272469781,0.6966659148534139,0.001
dropout_rate,0.5,64,2,0.5,False,0.001,32,75,0.0,0.1,10,5,0.5,True,42,57,57,6,0.6845969928033424,0.6934044599533081,0.001
dropout_rate,0.5,64,2,0.5,False,0.001,32,75,0.0,0.1,10,5,0.5,True,42,57,57,7,0.6819407808961291,0.69780908425649,0.001
dropout_rate,0.5,64,2,0.5,False,0.001,32,75,0.0,0.1,10,5,0.5,True,42,57,57,8,0.6764282137155533,0.7023630062739055,0.001
dropout_rate,0.5,64,2,0.5,False,0.001,32,75,0.0,0.1,10,5,0.5,True,42,57,57,9,0.6684261894587314,0.7070953647295634,0.001
dropout_rate,0.5,64,2,0.5,False,0.001,32,75,0.0,0.1,10,5,0.5,True,42,57,57,10,0.6606822366064246,0.7282199621200561,0.001
dropout_rate,0.5,64,2,0.5,False,0.001,32,75,0.0,0.1,10,5,0.5,True,42,57,57,11,0.654045917319529,0.7382512092590332,0.001
dropout_rate,0.5,64,2,0.5,False,0.001,32,75,0.0,0.1,10,5,0.5,True,42,57,57,12,0.6512772463487856,0.7256561517715454,0.001
dropout_rate,0.5,64,2,0.5,False,0.001,32,75,0.0,0.1,10,5,0.5,True,42,57,57,13,0.6435367948178089,0.7321444233258565,0.001
dropout_rate,0.5,64,2,0.5,False,0.001,32,75,0.0,0.1,10,5,0.5,True,42,58,58,1,0.6942208924076774,0.6931005756060282,0.001
dropout_rate,0.5,64,2,0.5,False,0.001,32,75,0.0,0.1,10,5,0.5,True,42,58,58,2,0.6932161427808531,0.6932165424029032,0.001
dropout_rate,0.5,64,2,0.5,False,0.001,32,75,0.0,0.1,10,5,0.5,True,42,58,58,3,0.6933817678328716,0.6927017410596211,0.001
dropout_rate,0.5,64,2,0.5,False,0.001,32,75,0.0,0.1,10,5,0.5,True,42,58,58,4,0.6917253583669662,0.6915066838264465,0.001
dropout_rate,0.5,64,2,0.5,False,0.001,32,75,0.0,0.1,10,5,0.5,True,42,58,58,5,0.6892049407417123,0.6945279757181804,0.001
dropout_rate,0.5,64,2,0.5,False,0.001,32,75,0.0,0.1,10,5,0.5,True,42,58,58,6,0.6888621277881392,0.6956104675928751,0.001
dropout_rate,0.5,64,2,0.5,False,0.001,32,75,0.0,0.1,10,5,0.5,True,42,58,58,7,0.6828473047776655,0.6952511588732402,0.001
dropout_rate,0.5,64,2,0.5,False,0.001,32,75,0.0,0.1,10,5,0.5,True,42,58,58,8,0.6808226907795126,0.7007568756739299,0.001
dropout_rate,0.5,64,2,0.5,False,0.001,32,75,0.0,0.1,10,5,0.5,True,42,58,58,9,0.6733984585964319,0.7038870692253113,0.001
dropout_rate,0.5,64,2,0.5,False,0.001,32,75,0.0,0.1,10,5,0.5,True,42,58,58,10,0.6689055128531023,0.7058374087015787,0.001
dropout_rate,0.5,64,2,0.5,False,0.001,32,75,0.0,0.1,10,5,0.5,True,42,58,58,11,0.6568467608003905,0.7315564711888631,0.001
dropout_rate,0.5,64,2,0.5,False,0.001,32,75,0.0,0.1,10,5,0.5,True,42,58,58,12,0.6468536777026725,0.7330798268318176,0.001
dropout_rate,0.5,64,2,0.5,False,0.001,32,75,0.0,0.1,10,5,0.5,True,42,58,58,13,0.6362824087793176,0.7458680828412374,0.001
dropout_rate,0.5,64,2,0.5,False,0.001,32,75,0.0,0.1,10,5,0.5,True,42,58,58,14,0.6259986667922048,0.7493789792060852,0.001
dropout_rate,0.5,64,2,0.5,False,0.001,32,75,0.0,0.1,10,5,0.5,True,42,59,59,1,0.6952535469423641,0.6943139274915059,0.001
dropout_rate,0.5,64,2,0.5,False,0.001,32,75,0.0,0.1,10,5,0.5,True,42,59,59,2,0.693428662238699,0.6920305093129476,0.001
dropout_rate,0.5,64,2,0.5,False,0.001,32,75,0.0,0.1,10,5,0.5,True,42,59,59,3,0.6928064145825126,0.6919838110605876,0.001
dropout_rate,0.5,64,2,0.5,False,0.001,32,75,0.0,0.1,10,5,0.5,True,42,59,59,4,0.6912866681814194,0.6933005849520365,0.001
dropout_rate,0.5,64,2,0.5,False,0.001,32,75,0.0,0.1,10,5,0.5,True,42,59,59,5,0.6894694363529031,0.6909056703249613,0.001
dropout_rate,0.5,64,2,0.5,False,0.001,32,75,0.0,0.1,10,5,0.5,True,42,59,59,6,0.6862027857339743,0.6942139228185018,0.001
dropout_rate,0.5,64,2,0.5,False,0.001,32,75,0.0,0.1,10,5,0.5,True,42,59,59,7,0.6820947911703226,0.6951547423998515,0.001
dropout_rate,0.5,64,2,0.5,False,0.001,32,75,0.0,0.1,10,5,0.5,True,42,59,59,8,0.6851000596176494,0.693318772315979,0.001
dropout_rate,0.5,64,2,0.5,False,0.001,32,75,0.0,0.1,10,5,0.5,True,42,59,59,9,0.6780555767543388,0.6974913795789083,0.001
dropout_rate,0.5,64,2,0.5,False,0.001,32,75,0.0,0.1,10,5,0.5,True,42,59,59,10,0.6697705817041975,0.7110929727554322,0.001
dropout_rate,0.5,64,2,0.5,False,0.001,32,75,0.0,0.1,10,5,0.5,True,42,59,59,11,0.6688051002495217,0.7115389108657837,0.001
dropout_rate,0.5,64,2,0.5,False,0.001,32,75,0.0,0.1,10,5,0.5,True,42,59,59,12,0.6514193167289098,0.7457951664924621,0.001
dropout_rate,0.5,64,2,0.5,False,0.001,32,75,0.0,0.1,10,5,0.5,True,42,59,59,13,0.6439747832941286,0.7510204792022706,0.001
dropout_rate,0.5,64,2,0.5,False,0.001,32,75,0.0,0.1,10,5,0.5,True,42,59,59,14,0.6378772728370897,0.7434600790341696,0.001
dropout_rate,0.5,64,2,0.5,False,0.001,32,75,0.0,0.1,10,5,0.5,True,42,59,59,15,0.6312149162545349,0.7583319902420044,0.001
dropout_rate,0.5,64,2,0.5,False,0.001,32,75,0.0,0.1,10,5,0.5,True,42,60,60,1,0.6948408877307718,0.6937515219052632,0.001
dropout_rate,0.5,64,2,0.5,False,0.001,32,75,0.0,0.1,10,5,0.5,True,42,60,60,2,0.6924532340331511,0.6940774122873942,0.001
dropout_rate,0.5,64,2,0.5,False,0.001,32,75,0.0,0.1,10,5,0.5,True,42,60,60,3,0.6927059536630457,0.693014391263326,0.001
dropout_rate,0.5,64,2,0.5,False,0.001,32,75,0.0,0.1,10,5,0.5,True,42,60,60,4,0.6909059566078763,0.6929075837135314,0.001
dropout_rate,0.5,64,2,0.5,False,0.001,32,75,0.0,0.1,10,5,0.5,True,42,60,60,5,0.68940458966024,0.6927657802899678,0.001
dropout_rate,0.5,64,2,0.5,False,0.001,32,75,0.0,0.1,10,5,0.5,True,42,60,60,6,0.6869356952833406,0.6956793030103048,0.001
dropout_rate,0.5,64,2,0.5,False,0.001,32,75,0.0,0.1,10,5,0.5,True,42,60,60,7,0.6846889392896132,0.6979826092720032,0.001
dropout_rate,0.5,64,2,0.5,False,0.001,32,75,0.0,0.1,10,5,0.5,True,42,60,60,8,0.682320780374787,0.6890325903892517,0.001
dropout_rate,0.5,64,2,0.5,False,0.001,32,75,0.0,0.1,10,5,0.5,True,42,60,60,9,0.6760193904240926,0.6980565826098124,0.001
dropout_rate,0.5,64,2,0.5,False,0.001,32,75,0.0,0.1,10,5,0.5,True,42,60,60,10,0.6713348929629182,0.7011182506879171,0.001
dropout_rate,0.5,64,2,0.5,False,0.001,32,75,0.0,0.1,10,5,0.5,True,42,60,60,11,0.6658746862050259,0.712831437587738,0.001
dropout_rate,0.5,64,2,0.5,False,0.001,32,75,0.0,0.1,10,5,0.5,True,42,60,60,12,0.6593937422289993,0.7310386617978414,0.001
dropout_rate,0.5,64,2,0.5,False,0.001,32,75,0.0,0.1,10,5,0.5,True,42,60,60,13,0.6480079487417684,0.7163075009981791,0.001
dropout_rate,0.5,64,2,0.5,False,0.001,32,75,0.0,0.1,10,5,0.5,True,42,60,60,14,0.6331639411774549,0.7306683937708537,0.001
dropout_rate,0.5,64,2,0.5,False,0.001,32,75,0.0,0.1,10,5,0.5,True,42,60,60,15,0.618428959087892,0.7491165240605672,0.001
dropout_rate,0.5,64,2,0.5,False,0.001,32,75,0.0,0.1,10,5,0.5,True,42,60,60,16,0.6076119417945544,0.7509382883707683,0.001
dropout_rate,0.5,64,2,0.5,False,0.001,32,75,0.0,0.1,10,5,0.5,True,42,60,60,17,0.5896816206249323,0.8273995161056519,0.001
dropout_rate,0.5,64,2,0.5,False,0.001,32,75,0.0,0.1,10,5,0.5,True,42,60,60,18,0.5804693159280401,0.8407819787661235,0.001
dropout_rate,0.5,64,2,0.5,False,0.001,32,75,0.0,0.1,10,5,0.5,True,42,61,61,1,0.6934853245814642,0.6929883678754171,0.001
dropout_rate,0.5,64,2,0.5,False,0.001,32,75,0.0,0.1,10,5,0.5,True,42,61,61,2,0.6931528656771688,0.6928353110949198,0.001
dropout_rate,0.5,64,2,0.5,False,0.001,32,75,0.0,0.1,10,5,0.5,True,42,61,61,3,0.6904919743537903,0.6955888589223226,0.001
dropout_rate,0.5,64,2,0.5,False,0.001,32,75,0.0,0.1,10,5,0.5,True,42,61,61,4,0.6906707210071159,0.693560783068339,0.001
dropout_rate,0.5,64,2,0.5,False,0.001,32,75,0.0,0.1,10,5,0.5,True,42,61,61,5,0.6874105099475745,0.6952994386355082,0.001
dropout_rate,0.5,64,2,0.5,False,0.001,32,75,0.0,0.1,10,5,0.5,True,42,61,61,6,0.6847569125168251,0.6971085985501607,0.001
dropout_rate,0.5,64,2,0.5,False,0.001,32,75,0.0,0.1,10,5,0.5,True,42,61,61,7,0.6801946804378972,0.703946061929067,0.001
dropout_rate,0.5,64,2,0.5,False,0.001,32,75,0.0,0.1,10,5,0.5,True,42,61,61,8,0.6778124421834946,0.7026595671971639,0.001
dropout_rate,0.5,64,2,0.5,False,0.001,32,75,0.0,0.1,10,5,0.5,True,42,61,61,9,0.6665286904934681,0.7089614113171895,0.001
dropout_rate,0.5,64,2,0.5,False,0.001,32,75,0.0,0.1,10,5,0.5,True,42,61,61,10,0.6616479361599142,0.716064727306366,0.001
dropout_rate,0.5,64,2,0.5,False,0.001,32,75,0.0,0.1,10,5,0.5,True,42,61,61,11,0.6545972133224661,0.7262659112612406,0.001
dropout_rate,0.5,64,2,0.5,False,0.001,32,75,0.0,0.1,10,5,0.5,True,42,61,61,12,0.6438054889440536,0.7247020999590555,0.001
dropout_rate,0.5,64,2,0.5,False,0.001,32,75,0.0,0.1,10,5,0.5,True,42,62,62,1,0.6945768883734038,0.6930828253428142,0.001
dropout_rate,0.5,64,2,0.5,False,0.001,32,75,0.0,0.1,10,5,0.5,True,42,62,62,2,0.6932338295560895,0.6927643537521362,0.001
dropout_rate,0.5,64,2,0.5,False,0.001,32,75,0.0,0.1,10,5,0.5,True,42,62,62,3,0.691955388043866,0.6931159853935241,0.001
dropout_rate,0.5,64,2,0.5,False,0.001,32,75,0.0,0.1,10,5,0.5,True,42,62,62,4,0.6908981443354578,0.6916630069414774,0.001
dropout_rate,0.5,64,2,0.5,False,0.001,32,75,0.0,0.1,10,5,0.5,True,42,62,62,5,0.6898285769151918,0.693769109249115,0.001
dropout_rate,0.5,64,2,0.5,False,0.001,32,75,0.0,0.1,10,5,0.5,True,42,62,62,6,0.6870973792039987,0.6970027168591817,0.001
dropout_rate,0.5,64,2,0.5,False,0.001,32,75,0.0,0.1,10,5,0.5,True,42,62,62,7,0.6827207573435523,0.6963358958562215,0.001
dropout_rate,0.5,64,2,0.5,False,0.001,32,75,0.0,0.1,10,5,0.5,True,42,62,62,8,0.6794043165264707,0.6968664566675822,0.001
dropout_rate,0.5,64,2,0.5,False,0.001,32,75,0.0,0.1,10,5,0.5,True,42,62,62,9,0.6733905767852609,0.7061291019121806,0.001
dropout_rate,0.5,64,2,0.5,False,0.001,32,75,0.0,0.1,10,5,0.5,True,42,62,62,10,0.667674233064507,0.7538721124331157,0.001
dropout_rate,0.5,64,2,0.5,False,0.001,32,75,0.0,0.1,10,5,0.5,True,42,62,62,11,0.6551727092627323,0.7304341157277425,0.001
dropout_rate,0.5,64,2,0.5,False,0.001,32,75,0.0,0.1,10,5,0.5,True,42,62,62,12,0.6490595146562114,0.7277513186136881,0.001
dropout_rate,0.5,64,2,0.5,False,0.001,32,75,0.0,0.1,10,5,0.5,True,42,62,62,13,0.6395125741308386,0.7395962993303935,0.001
dropout_rate,0.5,64,2,0.5,False,0.001,32,75,0.0,0.1,10,5,0.5,True,42,62,62,14,0.637475262537147,0.750641922156016,0.001
dropout_rate,0.5,64,2,0.5,False,0.001,32,75,0.0,0.1,10,5,0.5,True,42,63,63,1,0.6939725428819656,0.6925100604693095,0.001
dropout_rate,0.5,64,2,0.5,False,0.001,32,75,0.0,0.1,10,5,0.5,True,42,63,63,2,0.6929709143710859,0.6929503798484802,0.001
dropout_rate,0.5,64,2,0.5,False,0.001,32,75,0.0,0.1,10,5,0.5,True,42,63,63,3,0.6905660394466284,0.6965434312820434,0.001
dropout_rate,0.5,64,2,0.5,False,0.001,32,75,0.0,0.1,10,5,0.5,True,42,63,63,4,0.6897576907367418,0.6946864446004232,0.001
dropout_rate,0.5,64,2,0.5,False,0.001,32,75,0.0,0.1,10,5,0.5,True,42,63,63,5,0.6874718182917797,0.6972902059555054,0.001
dropout_rate,0.5,64,2,0.5,False,0.001,32,75,0.0,0.1,10,5,0.5,True,42,63,63,6,0.6832767643711783,0.696224840482076,0.001
dropout_rate,0.5,64,2,0.5,False,0.001,32,75,0.0,0.1,10,5,0.5,True,42,63,63,7,0.681388491933996,0.6974003275235494,0.001
dropout_rate,0.5,64,2,0.5,False,0.001,32,75,0.0,0.1,10,5,0.5,True,42,63,63,8,0.6708552995414445,0.7162579655647278,0.001
dropout_rate,0.5,64,2,0.5,False,0.001,32,75,0.0,0.1,10,5,0.5,True,42,63,63,9,0.6632440722349918,0.7090317090352376,0.001
dropout_rate,0.5,64,2,0.5,False,0.001,32,75,0.0,0.1,10,5,0.5,True,42,63,63,10,0.6588193250424934,0.7116705536842346,0.001
dropout_rate,0.5,64,2,0.5,False,0.001,32,75,0.0,0.1,10,5,0.5,True,42,63,63,11,0.6549622402949766,0.714682408173879,0.001
dropout_rate,0.5,64,2,0.5,False,0.001,32,75,0.0,0.1,10,5,0.5,True,42,64,64,1,0.6938142008853682,0.6935064713160197,0.001
dropout_rate,0.5,64,2,0.5,False,0.001,32,75,0.0,0.1,10,5,0.5,True,42,64,64,2,0.6932925035556158,0.692517630259196,0.001
dropout_rate,0.5,64,2,0.5,False,0.001,32,75,0.0,0.1,10,5,0.5,True,42,64,64,3,0.6913596721309604,0.6912866791089376,0.001
dropout_rate,0.5,64,2,0.5,False,0.001,32,75,0.0,0.1,10,5,0.5,True,42,64,64,4,0.6898037177143674,0.6946547587712606,0.001
dropout_rate,0.5,64,2,0.5,False,0.001,32,75,0.0,0.1,10,5,0.5,True,42,64,64,5,0.6877774018229861,0.6945726434389751,0.001
dropout_rate,0.5,64,2,0.5,False,0.001,32,75,0.0,0.1,10,5,0.5,True,42,64,64,6,0.6849056215900363,0.6969151814778646,0.001
dropout_rate,0.5,64,2,0.5,False,0.001,32,75,0.0,0.1,10,5,0.5,True,42,64,64,7,0.6803550368005579,0.70181378920873,0.001
dropout_rate,0.5,64,2,0.5,False,0.001,32,75,0.0,0.1,10,5,0.5,True,42,64,64,8,0.676719040130124,0.6985565225283304,0.001
dropout_rate,0.5,64,2,0.5,False,0.001,32,75,0.0,0.1,10,5,0.5,True,42,64,64,9,0.669379219864354,0.7135237932205201,0.001
dropout_rate,0.5,64,2,0.5,False,0.001,32,75,0.0,0.1,10,5,0.5,True,42,64,64,10,0.6563337169813387,0.7340984304745992,0.001
dropout_rate,0.5,64,2,0.5,False,0.001,32,75,0.0,0.1,10,5,0.5,True,42,64,64,11,0.6649506015307975,0.7119995514551799,0.001
dropout_rate,0.5,64,2,0.5,False,0.001,32,75,0.0,0.1,10,5,0.5,True,42,64,64,12,0.6548051233544494,0.7327386061350505,0.001
dropout_rate,0.5,64,2,0.5,False,0.001,32,75,0.0,0.1,10,5,0.5,True,42,64,64,13,0.6419862201719573,0.7469140489896139,0.001
dropout_rate,0.5,64,2,0.5,False,0.001,32,75,0.0,0.1,10,5,0.5,True,42,65,65,1,0.6942290636626157,0.6920532703399658,0.001
dropout_rate,0.5,64,2,0.5,False,0.001,32,75,0.0,0.1,10,5,0.5,True,42,65,65,2,0.6918292492628098,0.6912441889444987,0.001
dropout_rate,0.5,64,2,0.5,False,0.001,32,75,0.0,0.1,10,5,0.5,True,42,65,65,3,0.6913081669446194,0.6919687191645304,0.001
dropout_rate,0.5,64,2,0.5,False,0.001,32,75,0.0,0.1,10,5,0.5,True,42,65,65,4,0.6911531655174313,0.6954719543457031,0.001
dropout_rate,0.5,64,2,0.5,False,0.001,32,75,0.0,0.1,10,5,0.5,True,42,65,65,5,0.6902290916804111,0.694186000029246,0.001
dropout_rate,0.5,64,2,0.5,False,0.001,32,75,0.0,0.1,10,5,0.5,True,42,65,65,6,0.6872981222289981,0.6914828459421793,0.001
dropout_rate,0.5,64,2,0.5,False,0.001,32,75,0.0,0.1,10,5,0.5,True,42,65,65,7,0.685023853724653,0.6965288082758586,0.001
dropout_rate,0.5,64,2,0.5,False,0.001,32,75,0.0,0.1,10,5,0.5,True,42,65,65,8,0.6822987370418779,0.6980580846468608,0.001
dropout_rate,0.5,64,2,0.5,False,0.001,32,75,0.0,0.1,10,5,0.5,True,42,65,65,9,0.6730394796891646,0.7047977010409038,0.001
dropout_rate,0.5,64,2,0.5,False,0.001,32,75,0.0,0.1,10,5,0.5,True,42,65,65,10,0.6655007533051751,0.710707688331604,0.001
dropout_rate,0.5,64,2,0.5,False,0.001,32,75,0.0,0.1,10,5,0.5,True,42,65,65,11,0.6619560700474363,0.7096216162045796,0.001
dropout_rate,0.5,64,2,0.5,False,0.001,32,75,0.0,0.1,10,5,0.5,True,42,65,65,12,0.6589641110463575,0.739370858669281,0.001
dropout_rate,0.5,64,2,0.5,False,0.001,32,75,0.0,0.1,10,5,0.5,True,42,66,66,1,0.6945579593831842,0.6941188851992289,0.001
dropout_rate,0.5,64,2,0.5,False,0.001,32,75,0.0,0.1,10,5,0.5,True,42,66,66,2,0.6933344051693425,0.6952626943588257,0.001
dropout_rate,0.5,64,2,0.5,False,0.001,32,75,0.0,0.1,10,5,0.5,True,42,66,66,3,0.6925474093718962,0.6957756320635478,0.001
dropout_rate,0.5,64,2,0.5,False,0.001,32,75,0.0,0.1,10,5,0.5,True,42,66,66,4,0.6900453215295618,0.695269779364268,0.001
dropout_rate,0.5,64,2,0.5,False,0.001,32,75,0.0,0.1,10,5,0.5,True,42,66,66,5,0.6891266057888666,0.6963288823763529,0.001
dropout_rate,0.5,64,2,0.5,False,0.001,32,75,0.0,0.1,10,5,0.5,True,42,66,66,6,0.6862902867071556,0.6921720345815022,0.001
dropout_rate,0.5,64,2,0.5,False,0.001,32,75,0.0,0.1,10,5,0.5,True,42,66,66,7,0.6852679175860954,0.6990023771921794,0.001
dropout_rate,0.5,64,2,0.5,False,0.001,32,75,0.0,0.1,10,5,0.5,True,42,66,66,8,0.6822101378982718,0.7003022869427998,0.001
dropout_rate,0.5,64,2,0.5,False,0.001,32,75,0.0,0.1,10,5,0.5,True,42,66,66,9,0.6749635257504203,0.7086637814839681,0.001
dropout_rate,0.5,64,2,0.5,False,0.001,32,75,0.0,0.1,10,5,0.5,True,42,66,66,10,0.6750460817958369,0.7197421153386434,0.001
dropout_rate,0.5,64,2,0.5,False,0.001,32,75,0.0,0.1,10,5,0.5,True,42,66,66,11,0.6673732914707877,0.7164065559705098,0.001
dropout_rate,0.5,64,2,0.5,False,0.001,32,75,0.0,0.1,10,5,0.5,True,42,66,66,12,0.6590753166061459,0.7164950609207154,0.001
dropout_rate,0.5,64,2,0.5,False,0.001,32,75,0.0,0.1,10,5,0.5,True,42,66,66,13,0.6464792440334955,0.7642878492673238,0.001
dropout_rate,0.5,64,2,0.5,False,0.001,32,75,0.0,0.1,10,5,0.5,True,42,66,66,14,0.6439995982430198,0.7558478196461995,0.001
dropout_rate,0.5,64,2,0.5,False,0.001,32,75,0.0,0.1,10,5,0.5,True,42,66,66,15,0.6279044824116158,0.8116871158281962,0.001
dropout_rate,0.5,64,2,0.5,False,0.001,32,75,0.0,0.1,10,5,0.5,True,42,66,66,16,0.6287308802658861,0.776185683409373,0.001
dropout_rate,0.5,64,2,0.5,False,0.001,32,75,0.0,0.1,10,5,0.5,True,42,67,67,1,0.6934443626439932,0.694787057240804,0.001
dropout_rate,0.5,64,2,0.5,False,0.001,32,75,0.0,0.1,10,5,0.5,True,42,67,67,2,0.6928321845603712,0.6937883734703064,0.001
dropout_rate,0.5,64,2,0.5,False,0.001,32,75,0.0,0.1,10,5,0.5,True,42,67,67,3,0.6930404468016191,0.6938974062601725,0.001
dropout_rate,0.5,64,2,0.5,False,0.001,32,75,0.0,0.1,10,5,0.5,True,42,67,67,4,0.6909556691393708,0.6934007843335469,0.001
dropout_rate,0.5,64,2,0.5,False,0.001,32,75,0.0,0.1,10,5,0.5,True,42,67,67,5,0.6891275106957464,0.6952502806981404,0.001
dropout_rate,0.5,64,2,0.5,False,0.001,32,75,0.0,0.1,10,5,0.5,True,42,67,67,6,0.6890919294321176,0.6921611746152242,0.001
dropout_rate,0.5,64,2,0.5,False,0.001,32,75,0.0,0.1,10,5,0.5,True,42,67,67,7,0.685861912189108,0.6946223815282185,0.001
dropout_rate,0.5,64,2,0.5,False,0.001,32,75,0.0,0.1,10,5,0.5,True,42,67,67,8,0.6812929836186495,0.7029488166173299,0.001
dropout_rate,0.5,64,2,0.5,False,0.001,32,75,0.0,0.1,10,5,0.5,True,42,67,67,9,0.6799549026922747,0.6997124512990316,0.001
dropout_rate,0.5,64,2,0.5,False,0.001,32,75,0.0,0.1,10,5,0.5,True,42,67,67,10,0.6728618732004454,0.7048310518264771,0.001
dropout_rate,0.5,64,2,0.5,False,0.001,32,75,0.0,0.1,10,5,0.5,True,42,67,67,11,0.668997272849083,0.7286088705062866,0.001
dropout_rate,0.5,64,2,0.5,False,0.001,32,75,0.0,0.1,10,5,0.5,True,42,67,67,12,0.6578401719981973,0.7245168646176656,0.001
dropout_rate,0.5,64,2,0.5,False,0.001,32,75,0.0,0.1,10,5,0.5,True,42,67,67,13,0.6438036953861063,0.7613807876904806,0.001
dropout_rate,0.5,64,2,0.5,False,0.001,32,75,0.0,0.1,10,5,0.5,True,42,67,67,14,0.6343375586650588,0.7853325049082438,0.001
dropout_rate,0.5,64,2,0.5,False,0.001,32,75,0.0,0.1,10,5,0.5,True,42,67,67,15,0.6281876489520073,0.7572504599889119,0.001
dropout_rate,0.5,64,2,0.5,False,0.001,32,75,0.0,0.1,10,5,0.5,True,42,67,67,16,0.6155277991836722,0.7809969186782837,0.001
dropout_rate,0.5,64,2,0.5,False,0.001,32,75,0.0,0.1,10,5,0.5,True,42,68,68,1,0.6953378242976738,0.6938322186470032,0.001
dropout_rate,0.5,64,2,0.5,False,0.001,32,75,0.0,0.1,10,5,0.5,True,42,68,68,2,0.6938545107841492,0.6933284004529318,0.001
dropout_rate,0.5,64,2,0.5,False,0.001,32,75,0.0,0.1,10,5,0.5,True,42,68,68,3,0.691261936769341,0.6927437305450439,0.001
dropout_rate,0.5,64,2,0.5,False,0.001,32,75,0.0,0.1,10,5,0.5,True,42,68,68,4,0.691114910624244,0.6942479689915975,0.001
dropout_rate,0.5,64,2,0.5,False,0.001,32,75,0.0,0.1,10,5,0.5,True,42,68,68,5,0.6898326363527414,0.6917023897171021,0.001
dropout_rate,0.5,64,2,0.5,False,0.001,32,75,0.0,0.1,10,5,0.5,True,42,68,68,6,0.6869661130688407,0.6897226850191752,0.001
dropout_rate,0.5,64,2,0.5,False,0.001,32,75,0.0,0.1,10,5,0.5,True,42,68,68,7,0.6826024172884045,0.6906017025311788,0.001
dropout_rate,0.5,64,2,0.5,False,0.001,32,75,0.0,0.1,10,5,0.5,True,42,68,68,8,0.6806527678713654,0.6916072924931844,0.001
dropout_rate,0.5,64,2,0.5,False,0.001,32,75,0.0,0.1,10,5,0.5,True,42,68,68,9,0.6771796142513101,0.6915736238161723,0.001
dropout_rate,0.5,64,2,0.5,False,0.001,32,75,0.0,0.1,10,5,0.5,True,42,68,68,10,0.6722365021705627,0.7151360034942627,0.001
dropout_rate,0.5,64,2,0.5,False,0.001,32,75,0.0,0.1,10,5,0.5,True,42,68,68,11,0.6658061923402728,0.7050368785858154,0.001
dropout_rate,0.5,64,2,0.5,False,0.001,32,75,0.0,0.1,10,5,0.5,True,42,68,68,12,0.655205259268934,0.7098254760106405,0.001
dropout_rate,0.5,64,2,0.5,False,0.001,32,75,0.0,0.1,10,5,0.5,True,42,68,68,13,0.6403838355432857,0.7146160364151001,0.001
dropout_rate,0.5,64,2,0.5,False,0.001,32,75,0.0,0.1,10,5,0.5,True,42,68,68,14,0.6277479037190928,0.7200568834940593,0.001
dropout_rate,0.5,64,2,0.5,False,0.001,32,75,0.0,0.1,10,5,0.5,True,42,68,68,15,0.6179424499471983,0.7560721337795258,0.001
dropout_rate,0.5,64,2,0.5,False,0.001,32,75,0.0,0.1,10,5,0.5,True,42,68,68,16,0.6148356443101709,0.7583171725273132,0.001
dropout_rate,0.5,64,2,0.5,False,0.001,32,75,0.0,0.1,10,5,0.5,True,42,69,69,1,0.6943182037635283,0.6922867774963379,0.001
dropout_rate,0.5,64,2,0.5,False,0.001,32,75,0.0,0.1,10,5,0.5,True,42,69,69,2,0.69267640691815,0.6916233658790588,0.001
dropout_rate,0.5,64,2,0.5,False,0.001,32,75,0.0,0.1,10,5,0.5,True,42,69,69,3,0.692695265918067,0.6906228582064311,0.001
dropout_rate,0.5,64,2,0.5,False,0.001,32,75,0.0,0.1,10,5,0.5,True,42,69,69,4,0.6905630267027653,0.6914159655570984,0.001
dropout_rate,0.5,64,2,0.5,False,0.001,32,75,0.0,0.1,10,5,0.5,True,42,69,69,5,0.688596046332157,0.6891258915265401,0.001
dropout_rate,0.5,64,2,0.5,False,0.001,32,75,0.0,0.1,10,5,0.5,True,42,69,69,6,0.6863500268170328,0.6906482338905334,0.001
dropout_rate,0.5,64,2,0.5,False,0.001,32,75,0.0,0.1,10,5,0.5,True,42,69,69,7,0.6823143746816751,0.6958027958869935,0.001
dropout_rate,0.5,64,2,0.5,False,0.001,32,75,0.0,0.1,10,5,0.5,True,42,69,69,8,0.6797467054742755,0.6986427505811056,0.001
dropout_rate,0.5,64,2,0.5,False,0.001,32,75,0.0,0.1,10,5,0.5,True,42,69,69,9,0.6720774652379932,0.7050613641738892,0.001
dropout_rate,0.5,64,2,0.5,False,0.001,32,75,0.0,0.1,10,5,0.5,True,42,69,69,10,0.6655416037097122,0.706797194480896,0.001
dropout_rate,0.5,64,2,0.5,False,0.001,32,75,0.0,0.1,10,5,0.5,True,42,69,69,11,0.6574052667075937,0.7173216899236043,0.001
dropout_rate,0.5,64,2,0.5,False,0.001,32,75,0.0,0.1,10,5,0.5,True,42,69,69,12,0.639257551594214,0.7246238827705384,0.001
dropout_rate,0.5,64,2,0.5,False,0.001,32,75,0.0,0.1,10,5,0.5,True,42,69,69,13,0.6286909413157087,0.7474304676055908,0.001
dropout_rate,0.5,64,2,0.5,False,0.001,32,75,0.0,0.1,10,5,0.5,True,42,69,69,14,0.6220876687403881,0.7495803395907085,0.001
dropout_rate,0.5,64,2,0.5,False,0.001,32,75,0.0,0.1,10,5,0.5,True,42,69,69,15,0.609812561535474,0.7734583973884582,0.001
dropout_rate,0.5,64,2,0.5,False,0.001,32,75,0.0,0.1,10,5,0.5,True,42,70,70,1,0.6943893387462153,0.6936810255050659,0.001
dropout_rate,0.5,64,2,0.5,False,0.001,32,75,0.0,0.1,10,5,0.5,True,42,70,70,2,0.6921591036247484,0.6938346068064372,0.001
dropout_rate,0.5,64,2,0.5,False,0.001,32,75,0.0,0.1,10,5,0.5,True,42,70,70,3,0.6920669074311401,0.692797593275706,0.001
dropout_rate,0.5,64,2,0.5,False,0.001,32,75,0.0,0.1,10,5,0.5,True,42,70,70,4,0.6907956573096189,0.6962156454722087,0.001
dropout_rate,0.5,64,2,0.5,False,0.001,32,75,0.0,0.1,10,5,0.5,True,42,70,70,5,0.6907793206698967,0.6935099005699158,0.001
dropout_rate,0.5,64,2,0.5,False,0.001,32,75,0.0,0.1,10,5,0.5,True,42,70,70,6,0.6878719451752576,0.6945634921391804,0.001
dropout_rate,0.5,64,2,0.5,False,0.001,32,75,0.0,0.1,10,5,0.5,True,42,70,70,7,0.6871286305514249,0.6955041964848836,0.001
dropout_rate,0.5,64,2,0.5,False,0.001,32,75,0.0,0.1,10,5,0.5,True,42,70,70,8,0.6828425047975598,0.6968665520350138,0.001
dropout_rate,0.5,64,2,0.5,False,0.001,32,75,0.0,0.1,10,5,0.5,True,42,70,70,9,0.6781458091555219,0.6941015879313152,0.001
dropout_rate,0.5,64,2,0.5,False,0.001,32,75,0.0,0.1,10,5,0.5,True,42,70,70,10,0.6685286882248792,0.7023709972699483,0.001
dropout_rate,0.5,64,2,0.5,False,0.001,32,75,0.0,0.1,10,5,0.5,True,42,70,70,11,0.6593919802795757,0.7059649229049683,0.001
dropout_rate,0.5,64,2,0.5,False,0.001,32,75,0.0,0.1,10,5,0.5,True,42,70,70,12,0.6546637921622305,0.7249130050341288,0.001
dropout_rate,0.5,64,2,0.5,False,0.001,32,75,0.0,0.1,10,5,0.5,True,42,70,70,13,0.6462288408568411,0.7345688780148824,0.001
dropout_rate,0.5,64,2,0.5,False,0.001,32,75,0.0,0.1,10,5,0.5,True,42,71,71,1,0.6940060768163565,0.6938347339630127,0.001
dropout_rate,0.5,64,2,0.5,False,0.001,32,75,0.0,0.1,10,5,0.5,True,42,71,71,2,0.6924497440005793,0.6950522184371948,0.001
dropout_rate,0.5,64,2,0.5,False,0.001,32,75,0.0,0.1,10,5,0.5,True,42,71,71,3,0.6919139614610961,0.6963291525840759,0.001
dropout_rate,0.5,64,2,0.5,False,0.001,32,75,0.0,0.1,10,5,0.5,True,42,71,71,4,0.6903858835046942,0.6964484016100566,0.001
dropout_rate,0.5,64,2,0.5,False,0.001,32,75,0.0,0.1,10,5,0.5,True,42,71,71,5,0.6875528106183717,0.6953873236974081,0.001
dropout_rate,0.5,64,2,0.5,False,0.001,32,75,0.0,0.1,10,5,0.5,True,42,71,71,6,0.6844534047625281,0.7004632671674093,0.001
dropout_rate,0.5,64,2,0.5,False,0.001,32,75,0.0,0.1,10,5,0.5,True,42,71,71,7,0.6825939033067587,0.7001644253730774,0.001
dropout_rate,0.5,64,2,0.5,False,0.001,32,75,0.0,0.1,10,5,0.5,True,42,71,71,8,0.6738698423811884,0.6987467726071676,0.001
dropout_rate,0.5,64,2,0.5,False,0.001,32,75,0.0,0.1,10,5,0.5,True,42,71,71,9,0.6687598996090166,0.722822638352712,0.001
dropout_rate,0.5,64,2,0.5,False,0.001,32,75,0.0,0.1,10,5,0.5,True,42,71,71,10,0.6617180090962034,0.7050314466158549,0.001
dropout_rate,0.5,64,2,0.5,False,0.001,32,75,0.0,0.1,10,5,0.5,True,42,71,71,11,0.654168862285036,0.749123477935791,0.001
dropout_rate,0.5,64,2,0.5,False,0.001,32,75,0.0,0.1,10,5,0.5,True,42,72,72,1,0.6935619355151148,0.6934930920600891,0.001
dropout_rate,0.5,64,2,0.5,False,0.001,32,75,0.0,0.1,10,5,0.5,True,42,72,72,2,0.6932571972861434,0.6944525520006816,0.001
dropout_rate,0.5,64,2,0.5,False,0.001,32,75,0.0,0.1,10,5,0.5,True,42,72,72,3,0.6931782586104942,0.692669677734375,0.001
dropout_rate,0.5,64,2,0.5,False,0.001,32,75,0.0,0.1,10,5,0.5,True,42,72,72,4,0.6914448941295798,0.693329397837321,0.001
dropout_rate,0.5,64,2,0.5,False,0.001,32,75,0.0,0.1,10,5,0.5,True,42,72,72,5,0.6893072909477985,0.69182235399882,0.001
dropout_rate,0.5,64,2,0.5,False,0.001,32,75,0.0,0.1,10,5,0.5,True,42,72,72,6,0.6858835098418322,0.69156840244929,0.001
dropout_rate,0.5,64,2,0.5,False,0.001,32,75,0.0,0.1,10,5,0.5,True,42,72,72,7,0.6819271391088312,0.6993735790252685,0.001
dropout_rate,0.5,64,2,0.5,False,0.001,32,75,0.0,0.1,10,5,0.5,True,42,72,72,8,0.6806053483124935,0.7015934427579243,0.001
dropout_rate,0.5,64,2,0.5,False,0.001,32,75,0.0,0.1,10,5,0.5,True,42,72,72,9,0.677018454580596,0.7071686506271362,0.001
dropout_rate,0.5,64,2,0.5,False,0.001,32,75,0.0,0.1,10,5,0.5,True,42,72,72,10,0.6712102750034044,0.7139431397120158,0.001
dropout_rate,0.5,64,2,0.5,False,0.001,32,75,0.0,0.1,10,5,0.5,True,42,72,72,11,0.6657465705365846,0.7168393890062968,0.001
dropout_rate,0.5,64,2,0.5,False,0.001,32,75,0.0,0.1,10,5,0.5,True,42,72,72,12,0.657823234796524,0.7282415151596069,0.001
dropout_rate,0.5,64,2,0.5,False,0.001,32,75,0.0,0.1,10,5,0.5,True,42,72,72,13,0.6418806165456772,0.7343264579772949,0.001
dropout_rate,0.5,64,2,0.5,False,0.001,32,75,0.0,0.1,10,5,0.5,True,42,72,72,14,0.6337475627660751,0.7339634815851848,0.001
dropout_rate,0.5,64,2,0.5,False,0.001,32,75,0.0,0.1,10,5,0.5,True,42,72,72,15,0.6249588732466553,0.766580331325531,0.001
dropout_rate,0.5,64,2,0.5,False,0.001,32,75,0.0,0.1,10,5,0.5,True,42,72,72,16,0.6146261035041376,0.7663078308105469,0.001
dropout_rate,0.5,64,2,0.5,False,0.001,32,75,0.0,0.1,10,5,0.5,True,42,73,73,1,0.6946635277885379,0.6926141222318013,0.001
dropout_rate,0.5,64,2,0.5,False,0.001,32,75,0.0,0.1,10,5,0.5,True,42,73,73,2,0.6928535221201001,0.6931187987327576,0.001
dropout_rate,0.5,64,2,0.5,False,0.001,32,75,0.0,0.1,10,5,0.5,True,42,73,73,3,0.6918367526747964,0.6922807256380717,0.001
dropout_rate,0.5,64,2,0.5,False,0.001,32,75,0.0,0.1,10,5,0.5,True,42,73,73,4,0.690428256536975,0.6921272516250611,0.001
dropout_rate,0.5,64,2,0.5,False,0.001,32,75,0.0,0.1,10,5,0.5,True,42,73,73,5,0.6884341750181082,0.6944968342781067,0.001
dropout_rate,0.5,64,2,0.5,False,0.001,32,75,0.0,0.1,10,5,0.5,True,42,73,73,6,0.6858271951928283,0.6942010084788005,0.001
dropout_rate,0.5,64,2,0.5,False,0.001,32,75,0.0,0.1,10,5,0.5,True,42,73,73,7,0.6820809579256809,0.7049062848091125,0.001
dropout_rate,0.5,64,2,0.5,False,0.001,32,75,0.0,0.1,10,5,0.5,True,42,73,73,8,0.6786372264226278,0.704394006729126,0.001
dropout_rate,0.5,64,2,0.5,False,0.001,32,75,0.0,0.1,10,5,0.5,True,42,73,73,9,0.6730795642643264,0.7057895104090373,0.001
dropout_rate,0.5,64,2,0.5,False,0.001,32,75,0.0,0.1,10,5,0.5,True,42,73,73,10,0.6691737482042024,0.7213073015213013,0.001
dropout_rate,0.5,64,2,0.5,False,0.001,32,75,0.0,0.1,10,5,0.5,True,42,73,73,11,0.6544458256526426,0.7209237416585287,0.001
dropout_rate,0.5,64,2,0.5,False,0.001,32,75,0.0,0.1,10,5,0.5,True,42,73,73,12,0.6451229913668199,0.7406791647275289,0.001
dropout_rate,0.5,64,2,0.5,False,0.001,32,75,0.0,0.1,10,5,0.5,True,42,73,73,13,0.6406593995563912,0.739598552385966,0.001
dropout_rate,0.5,64,2,0.5,False,0.001,32,75,0.0,0.1,10,5,0.5,True,42,73,73,14,0.6316773823716424,0.7428523222605388,0.001
dropout_rate,0.5,64,2,0.5,False,0.001,32,75,0.0,0.1,10,5,0.5,True,42,74,74,1,0.6942511029315718,0.6926275293032328,0.001
dropout_rate,0.5,64,2,0.5,False,0.001,32,75,0.0,0.1,10,5,0.5,True,42,74,74,2,0.6928144467599464,0.6918196678161621,0.001
dropout_rate,0.5,64,2,0.5,False,0.001,32,75,0.0,0.1,10,5,0.5,True,42,74,74,3,0.6920046449610682,0.6909824132919311,0.001
dropout_rate,0.5,64,2,0.5,False,0.001,32,75,0.0,0.1,10,5,0.5,True,42,74,74,4,0.6909861478841666,0.6918157498041789,0.001
dropout_rate,0.5,64,2,0.5,False,0.001,32,75,0.0,0.1,10,5,0.5,True,42,74,74,5,0.6886440262649999,0.6897195100784301,0.001
dropout_rate,0.5,64,2,0.5,False,0.001,32,75,0.0,0.1,10,5,0.5,True,42,74,74,6,0.6856474022973668,0.6932201107343038,0.001
dropout_rate,0.5,64,2,0.5,False,0.001,32,75,0.0,0.1,10,5,0.5,True,42,74,74,7,0.6831094247825218,0.6877008994420369,0.001
dropout_rate,0.5,64,2,0.5,False,0.001,32,75,0.0,0.1,10,5,0.5,True,42,74,74,8,0.6791877922686663,0.6967009941736857,0.001
dropout_rate,0.5,64,2,0.5,False,0.001,32,75,0.0,0.1,10,5,0.5,True,42,74,74,9,0.6732583118207527,0.7028067708015442,0.001
dropout_rate,0.5,64,2,0.5,False,0.001,32,75,0.0,0.1,10,5,0.5,True,42,74,74,10,0.6666095441941059,0.7014094789822897,0.001
dropout_rate,0.5,64,2,0.5,False,0.001,32,75,0.0,0.1,10,5,0.5,True,42,74,74,11,0.6595048362558539,0.72270534435908,0.001
dropout_rate,0.5,64,2,0.5,False,0.001,32,75,0.0,0.1,10,5,0.5,True,42,74,74,12,0.6554519096107194,0.7138687451680501,0.001
dropout_rate,0.5,64,2,0.5,False,0.001,32,75,0.0,0.1,10,5,0.5,True,42,74,74,13,0.6426132145253095,0.7439696669578553,0.001
dropout_rate,0.5,64,2,0.5,False,0.001,32,75,0.0,0.1,10,5,0.5,True,42,74,74,14,0.6232555079640765,0.7467307567596435,0.001
dropout_rate,0.5,64,2,0.5,False,0.001,32,75,0.0,0.1,10,5,0.5,True,42,74,74,15,0.6131574353485396,0.7704963485399882,0.001
dropout_rate,0.5,64,2,0.5,False,0.001,32,75,0.0,0.1,10,5,0.5,True,42,74,74,16,0.6018701028643232,0.784083346525828,0.001
dropout_rate,0.5,64,2,0.5,False,0.001,32,75,0.0,0.1,10,5,0.5,True,42,74,74,17,0.5953355731837677,0.8168627103169759,0.001
dropout_rate,0.5,64,2,0.5,False,0.001,32,75,0.0,0.1,10,5,0.5,True,42,75,75,1,0.6945213314258691,0.6924094994862874,0.001
dropout_rate,0.5,64,2,0.5,False,0.001,32,75,0.0,0.1,10,5,0.5,True,42,75,75,2,0.6930802636074297,0.6933392763137818,0.001
dropout_rate,0.5,64,2,0.5,False,0.001,32,75,0.0,0.1,10,5,0.5,True,42,75,75,3,0.6931432621045546,0.6937168598175049,0.001
dropout_rate,0.5,64,2,0.5,False,0.001,32,75,0.0,0.1,10,5,0.5,True,42,75,75,4,0.6911780229120543,0.695180602868398,0.001
dropout_rate,0.5,64,2,0.5,False,0.001,32,75,0.0,0.1,10,5,0.5,True,42,75,75,5,0.690289349266977,0.6926850914955139,0.001
dropout_rate,0.5,64,2,0.5,False,0.001,32,75,0.0,0.1,10,5,0.5,True,42,75,75,6,0.6876336101329688,0.6919533332188924,0.001
dropout_rate,0.5,64,2,0.5,False,0.001,32,75,0.0,0.1,10,5,0.5,True,42,75,75,7,0.6847602774699529,0.6956880172093709,0.001
dropout_rate,0.5,64,2,0.5,False,0.001,32,75,0.0,0.1,10,5,0.5,True,42,75,75,8,0.6813253557140176,0.693332560857137,0.001
dropout_rate,0.5,64,2,0.5,False,0.001,32,75,0.0,0.1,10,5,0.5,True,42,75,75,9,0.6780514513904398,0.704987112681071,0.001
dropout_rate,0.5,64,2,0.5,False,0.001,32,75,0.0,0.1,10,5,0.5,True,42,75,75,10,0.670841377341386,0.7017499883969625,0.001
dropout_rate,0.5,64,2,0.5,False,0.001,32,75,0.0,0.1,10,5,0.5,True,42,75,75,11,0.6641431085088036,0.7079487641652426,0.001
dropout_rate,0.5,64,2,0.5,False,0.001,32,75,0.0,0.1,10,5,0.5,True,42,75,75,12,0.6656179017189777,0.7046914219856262,0.001
dropout_rate,0.5,64,2,0.5,False,0.001,32,75,0.0,0.1,10,5,0.5,True,42,75,75,13,0.6521132805130698,0.7189586639404297,0.001
dropout_rate,0.5,64,2,0.5,False,0.001,32,75,0.0,0.1,10,5,0.5,True,42,75,75,14,0.6425253884358839,0.7318614919980367,0.001
dropout_rate,0.5,64,2,0.5,False,0.001,32,75,0.0,0.1,10,5,0.5,True,42,75,75,15,0.6325239087596084,0.7623192509015401,0.001
dropout_rate,0.5,64,2,0.5,False,0.001,32,75,0.0,0.1,10,5,0.5,True,42,75,75,16,0.6264958819656661,0.7740456422170003,0.001
dropout_rate,0.5,64,2,0.5,False,0.001,32,75,0.0,0.1,10,5,0.5,True,42,76,76,1,0.693687814654726,0.6922825336456299,0.001
dropout_rate,0.5,64,2,0.5,False,0.001,32,75,0.0,0.1,10,5,0.5,True,42,76,76,2,0.6923455884962371,0.6926381707191467,0.001
dropout_rate,0.5,64,2,0.5,False,0.001,32,75,0.0,0.1,10,5,0.5,True,42,76,76,3,0.6923402466557242,0.6918145775794983,0.001
dropout_rate,0.5,64,2,0.5,False,0.001,32,75,0.0,0.1,10,5,0.5,True,42,76,76,4,0.6904748687238405,0.6925007422765096,0.001
dropout_rate,0.5,64,2,0.5,False,0.001,32,75,0.0,0.1,10,5,0.5,True,42,76,76,5,0.6891085875756813,0.6933590769767761,0.001
dropout_rate,0.5,64,2,0.5,False,0.001,32,75,0.0,0.1,10,5,0.5,True,42,76,76,6,0.6863360973921689,0.6926825801531474,0.001
dropout_rate,0.5,64,2,0.5,False,0.001,32,75,0.0,0.1,10,5,0.5,True,42,76,76,7,0.6855349667144545,0.6956133802731832,0.001
dropout_rate,0.5,64,2,0.5,False,0.001,32,75,0.0,0.1,10,5,0.5,True,42,76,76,8,0.6807188725832737,0.6983029802640279,0.001
dropout_rate,0.5,64,2,0.5,False,0.001,32,75,0.0,0.1,10,5,0.5,True,42,76,76,9,0.6762705065987327,0.6987941662470499,0.001
dropout_rate,0.5,64,2,0.5,False,0.001,32,75,0.0,0.1,10,5,0.5,True,42,76,76,10,0.666103796525435,0.715925912062327,0.001
dropout_rate,0.5,64,2,0.5,False,0.001,32,75,0.0,0.1,10,5,0.5,True,42,76,76,11,0.6540798242345001,0.7248205224672953,0.001
dropout_rate,0.5,64,2,0.5,False,0.001,32,75,0.0,0.1,10,5,0.5,True,42,76,76,12,0.6498057088165572,0.7355159441630046,0.001
dropout_rate,0.5,64,2,0.5,False,0.001,32,75,0.0,0.1,10,5,0.5,True,42,76,76,13,0.6431536796418104,0.7536365826924641,0.001
dropout_rate,0.5,64,2,0.5,False,0.001,32,75,0.0,0.1,10,5,0.5,True,42,77,77,1,0.6947410400166656,0.6929824868837993,0.001
dropout_rate,0.5,64,2,0.5,False,0.001,32,75,0.0,0.1,10,5,0.5,True,42,77,77,2,0.6921683753078635,0.6939810713132223,0.001
dropout_rate,0.5,64,2,0.5,False,0.001,32,75,0.0,0.1,10,5,0.5,True,42,77,77,3,0.6908911818807776,0.6967399517695109,0.001
dropout_rate,0.5,64,2,0.5,False,0.001,32,75,0.0,0.1,10,5,0.5,True,42,77,77,4,0.6904071619113287,0.6945452173550923,0.001
dropout_rate,0.5,64,2,0.5,False,0.001,32,75,0.0,0.1,10,5,0.5,True,42,77,77,5,0.6888619462649027,0.6921522895495097,0.001
dropout_rate,0.5,64,2,0.5,False,0.001,32,75,0.0,0.1,10,5,0.5,True,42,77,77,6,0.6844257012461171,0.7021045525868733,0.001
dropout_rate,0.5,64,2,0.5,False,0.001,32,75,0.0,0.1,10,5,0.5,True,42,77,77,7,0.6818550197464047,0.7045242190361023,0.001
dropout_rate,0.5,64,2,0.5,False,0.001,32,75,0.0,0.1,10,5,0.5,True,42,77,77,8,0.6766232541113189,0.710317067305247,0.001
dropout_rate,0.5,64,2,0.5,False,0.001,32,75,0.0,0.1,10,5,0.5,True,42,77,77,9,0.6716807001467907,0.7110022226969401,0.001
dropout_rate,0.5,64,2,0.5,False,0.001,32,75,0.0,0.1,10,5,0.5,True,42,77,77,10,0.668726103775429,0.742099674542745,0.001
dropout_rate,0.5,64,2,0.5,False,0.001,32,75,0.0,0.1,10,5,0.5,True,42,77,77,11,0.6589781962560884,0.7302064975102742,0.001
dropout_rate,0.5,64,2,0.5,False,0.001,32,75,0.0,0.1,10,5,0.5,True,42,77,77,12,0.646828135306185,0.7477380116780599,0.001
dropout_rate,0.5,64,2,0.5,False,0.001,32,75,0.0,0.1,10,5,0.5,True,42,77,77,13,0.6372706079573343,0.7606133460998535,0.001
dropout_rate,0.5,64,2,0.5,False,0.001,32,75,0.0,0.1,10,5,0.5,True,42,77,77,14,0.6333134616866256,0.7683513323465984,0.001
dropout_rate,0.5,64,2,0.5,False,0.001,32,75,0.0,0.1,10,5,0.5,True,42,77,77,15,0.6235831409241214,0.7838314851125081,0.001
dropout_rate,0.5,64,2,0.5,False,0.001,32,75,0.0,0.1,10,5,0.5,True,42,78,78,1,0.6927320817203233,0.6933194001515707,0.001
dropout_rate,0.5,64,2,0.5,False,0.001,32,75,0.0,0.1,10,5,0.5,True,42,78,78,2,0.6935719296787725,0.6913235783576965,0.001
dropout_rate,0.5,64,2,0.5,False,0.001,32,75,0.0,0.1,10,5,0.5,True,42,78,78,3,0.6918491224447886,0.6915583610534668,0.001
dropout_rate,0.5,64,2,0.5,False,0.001,32,75,0.0,0.1,10,5,0.5,True,42,78,78,4,0.6889461445989031,0.6914837757746378,0.001
dropout_rate,0.5,64,2,0.5,False,0.001,32,75,0.0,0.1,10,5,0.5,True,42,78,78,5,0.6883676025000486,0.6958756685256958,0.001
dropout_rate,0.5,64,2,0.5,False,0.001,32,75,0.0,0.1,10,5,0.5,True,42,78,78,6,0.6877454257372654,0.7004231611887614,0.001
dropout_rate,0.5,64,2,0.5,False,0.001,32,75,0.0,0.1,10,5,0.5,True,42,78,78,7,0.68555432964455,0.6942343552907307,0.001
dropout_rate,0.5,64,2,0.5,False,0.001,32,75,0.0,0.1,10,5,0.5,True,42,78,78,8,0.6779457520354878,0.7035985390345255,0.001
dropout_rate,0.5,64,2,0.5,False,0.001,32,75,0.0,0.1,10,5,0.5,True,42,78,78,9,0.6701872737118693,0.7055896838506063,0.001
dropout_rate,0.5,64,2,0.5,False,0.001,32,75,0.0,0.1,10,5,0.5,True,42,78,78,10,0.6659198448513494,0.7101131916046143,0.001
dropout_rate,0.5,64,2,0.5,False,0.001,32,75,0.0,0.1,10,5,0.5,True,42,78,78,11,0.6587994812112866,0.7148131847381591,0.001
dropout_rate,0.5,64,2,0.5,False,0.001,32,75,0.0,0.1,10,5,0.5,True,42,78,78,12,0.6544047354748754,0.7170967698097229,0.001
dropout_rate,0.5,64,2,0.5,False,0.001,32,75,0.0,0.1,10,5,0.5,True,42,79,79,1,0.693889270677711,0.693243674437205,0.001
dropout_rate,0.5,64,2,0.5,False,0.001,32,75,0.0,0.1,10,5,0.5,True,42,79,79,2,0.6939381482926282,0.6935694257418314,0.001
dropout_rate,0.5,64,2,0.5,False,0.001,32,75,0.0,0.1,10,5,0.5,True,42,79,79,3,0.6917521059513092,0.6951990048090617,0.001
dropout_rate,0.5,64,2,0.5,False,0.001,32,75,0.0,0.1,10,5,0.5,True,42,79,79,4,0.6908081110679742,0.6948875347773235,0.001
dropout_rate,0.5,64,2,0.5,False,0.001,32,75,0.0,0.1,10,5,0.5,True,42,79,79,5,0.6893416710875251,0.6919085582097372,0.001
dropout_rate,0.5,64,2,0.5,False,0.001,32,75,0.0,0.1,10,5,0.5,True,42,79,79,6,0.6865599503119787,0.6931451201438904,0.001
dropout_rate,0.5,64,2,0.5,False,0.001,32,75,0.0,0.1,10,5,0.5,True,42,79,79,7,0.6838114220987667,0.701515265305837,0.001
dropout_rate,0.5,64,2,0.5,False,0.001,32,75,0.0,0.1,10,5,0.5,True,42,79,79,8,0.6790710172869943,0.7017378648122151,0.001
dropout_rate,0.5,64,2,0.5,False,0.001,32,75,0.0,0.1,10,5,0.5,True,42,79,79,9,0.6732593260028146,0.7007642308870952,0.001
dropout_rate,0.5,64,2,0.5,False,0.001,32,75,0.0,0.1,10,5,0.5,True,42,79,79,10,0.6660901335152712,0.7291035334269206,0.001
dropout_rate,0.5,64,2,0.5,False,0.001,32,75,0.0,0.1,10,5,0.5,True,42,79,79,11,0.6615617379094615,0.7110291401545207,0.001
dropout_rate,0.5,64,2,0.5,False,0.001,32,75,0.0,0.1,10,5,0.5,True,42,79,79,12,0.6483556673382268,0.7222662528355916,0.001
dropout_rate,0.5,64,2,0.5,False,0.001,32,75,0.0,0.1,10,5,0.5,True,42,79,79,13,0.6361673663962971,0.7643030961354573,0.001
dropout_rate,0.5,64,2,0.5,False,0.001,32,75,0.0,0.1,10,5,0.5,True,42,79,79,14,0.6290494957656572,0.7467075149218242,0.001
dropout_rate,0.5,64,2,0.5,False,0.001,32,75,0.0,0.1,10,5,0.5,True,42,79,79,15,0.6225602448438153,0.7693787415822347,0.001
dropout_rate,0.5,64,2,0.5,False,0.001,32,75,0.0,0.1,10,5,0.5,True,42,80,80,1,0.6942158987124761,0.6921933770179749,0.001
dropout_rate,0.5,64,2,0.5,False,0.001,32,75,0.0,0.1,10,5,0.5,True,42,80,80,2,0.6932196684859016,0.6918459455172221,0.001
dropout_rate,0.5,64,2,0.5,False,0.001,32,75,0.0,0.1,10,5,0.5,True,42,80,80,3,0.6920589664668748,0.6913439313570658,0.001
dropout_rate,0.5,64,2,0.5,False,0.001,32,75,0.0,0.1,10,5,0.5,True,42,80,80,4,0.689625212188923,0.6993145704269409,0.001
dropout_rate,0.5,64,2,0.5,False,0.001,32,75,0.0,0.1,10,5,0.5,True,42,80,80,5,0.6875130303881385,0.6924296418825785,0.001
dropout_rate,0.5,64,2,0.5,False,0.001,32,75,0.0,0.1,10,5,0.5,True,42,80,80,6,0.6864753487435254,0.693503753344218,0.001
dropout_rate,0.5,64,2,0.5,False,0.001,32,75,0.0,0.1,10,5,0.5,True,42,80,80,7,0.6811749650673433,0.6977061827977499,0.001
dropout_rate,0.5,64,2,0.5,False,0.001,32,75,0.0,0.1,10,5,0.5,True,42,80,80,8,0.6723405384656155,0.7015144069989522,0.001
dropout_rate,0.5,64,2,0.5,False,0.001,32,75,0.0,0.1,10,5,0.5,True,42,80,80,9,0.6704417589035901,0.710771373907725,0.001
dropout_rate,0.5,64,2,0.5,False,0.001,32,75,0.0,0.1,10,5,0.5,True,42,80,80,10,0.6560350349455168,0.7308751900990804,0.001
dropout_rate,0.5,64,2,0.5,False,0.001,32,75,0.0,0.1,10,5,0.5,True,42,80,80,11,0.6495383264440479,0.7297166506449382,0.001
dropout_rate,0.5,64,2,0.5,False,0.001,32,75,0.0,0.1,10,5,0.5,True,42,80,80,12,0.645629778955922,0.741156280040741,0.001
dropout_rate,0.5,64,2,0.5,False,0.001,32,75,0.0,0.1,10,5,0.5,True,42,80,80,13,0.6388855770681844,0.7505029280980428,0.001
dropout_rate,0.5,64,2,0.5,False,0.001,32,75,0.0,0.1,10,5,0.5,True,42,81,81,1,0.6944549164988778,0.6931410710016886,0.001
dropout_rate,0.5,64,2,0.5,False,0.001,32,75,0.0,0.1,10,5,0.5,True,42,81,81,2,0.6932825938318715,0.6942156434059144,0.001
dropout_rate,0.5,64,2,0.5,False,0.001,32,75,0.0,0.1,10,5,0.5,True,42,81,81,3,0.6923075431224072,0.6935275395711263,0.001
dropout_rate,0.5,64,2,0.5,False,0.001,32,75,0.0,0.1,10,5,0.5,True,42,81,81,4,0.6919874729532184,0.6920072952906291,0.001
dropout_rate,0.5,64,2,0.5,False,0.001,32,75,0.0,0.1,10,5,0.5,True,42,81,81,5,0.6902728712919987,0.6907161513964335,0.001
dropout_rate,0.5,64,2,0.5,False,0.001,32,75,0.0,0.1,10,5,0.5,True,42,81,81,6,0.6879084006403432,0.6904483834902445,0.001
dropout_rate,0.5,64,2,0.5,False,0.001,32,75,0.0,0.1,10,5,0.5,True,42,81,81,7,0.6864390734470251,0.6873873591423034,0.001
dropout_rate,0.5,64,2,0.5,False,0.001,32,75,0.0,0.1,10,5,0.5,True,42,81,81,8,0.6828940357222701,0.69279971520106,0.001
dropout_rate,0.5,64,2,0.5,False,0.001,32,75,0.0,0.1,10,5,0.5,True,42,81,81,9,0.6787199197393475,0.7048164288202922,0.001
dropout_rate,0.5,64,2,0.5,False,0.001,32,75,0.0,0.1,10,5,0.5,True,42,81,81,10,0.6736705528967308,0.6987733999888103,0.001
dropout_rate,0.5,64,2,0.5,False,0.001,32,75,0.0,0.1,10,5,0.5,True,42,81,81,11,0.664684865510825,0.7072099606196086,0.001
dropout_rate,0.5,64,2,0.5,False,0.001,32,75,0.0,0.1,10,5,0.5,True,42,81,81,12,0.6575810805414662,0.7207593003908793,0.001
dropout_rate,0.5,64,2,0.5,False,0.001,32,75,0.0,0.1,10,5,0.5,True,42,81,81,13,0.6483988364537557,0.7338439742724101,0.001
dropout_rate,0.5,64,2,0.5,False,0.001,32,75,0.0,0.1,10,5,0.5,True,42,81,81,14,0.626408447821935,0.749562931060791,0.001
dropout_rate,0.5,64,2,0.5,False,0.001,32,75,0.0,0.1,10,5,0.5,True,42,81,81,15,0.6128202464544412,0.7908894777297973,0.001
dropout_rate,0.5,64,2,0.5,False,0.001,32,75,0.0,0.1,10,5,0.5,True,42,81,81,16,0.6018181264852033,0.7784795920054118,0.001
dropout_rate,0.5,64,2,0.5,False,0.001,32,75,0.0,0.1,10,5,0.5,True,42,81,81,17,0.5871163277011929,0.8181181112925212,0.001
dropout_rate,0.5,64,2,0.5,False,0.001,32,75,0.0,0.1,10,5,0.5,True,42,82,82,1,0.6937898912213065,0.6931321899096171,0.001
dropout_rate,0.5,64,2,0.5,False,0.001,32,75,0.0,0.1,10,5,0.5,True,42,82,82,2,0.6932907316720847,0.6929828763008118,0.001
dropout_rate,0.5,64,2,0.5,False,0.001,32,75,0.0,0.1,10,5,0.5,True,42,82,82,3,0.6920168476574349,0.6927083969116211,0.001
dropout_rate,0.5,64,2,0.5,False,0.001,32,75,0.0,0.1,10,5,0.5,True,42,82,82,4,0.692125682126392,0.693740451335907,0.001
dropout_rate,0.5,64,2,0.5,False,0.001,32,75,0.0,0.1,10,5,0.5,True,42,82,82,5,0.6886168740915529,0.694997767607371,0.001
dropout_rate,0.5,64,2,0.5,False,0.001,32,75,0.0,0.1,10,5,0.5,True,42,82,82,6,0.6861111002437996,0.6939928571383158,0.001
dropout_rate,0.5,64,2,0.5,False,0.001,32,75,0.0,0.1,10,5,0.5,True,42,82,82,7,0.6845176639882001,0.6961568474769593,0.001
dropout_rate,0.5,64,2,0.5,False,0.001,32,75,0.0,0.1,10,5,0.5,True,42,82,82,8,0.6786008323683883,0.6996905247370402,0.001
dropout_rate,0.5,64,2,0.5,False,0.001,32,75,0.0,0.1,10,5,0.5,True,42,82,82,9,0.6708382864793142,0.7090998490651449,0.001
dropout_rate,0.5,64,2,0.5,False,0.001,32,75,0.0,0.1,10,5,0.5,True,42,82,82,10,0.6594686724922874,0.7168140093485514,0.001
dropout_rate,0.5,64,2,0.5,False,0.001,32,75,0.0,0.1,10,5,0.5,True,42,82,82,11,0.6501265064333425,0.7308220863342285,0.001
dropout_rate,0.5,64,2,0.5,False,0.001,32,75,0.0,0.1,10,5,0.5,True,42,82,82,12,0.6428112107695956,0.7237315654754639,0.001
dropout_rate,0.5,64,2,0.5,False,0.001,32,75,0.0,0.1,10,5,0.5,True,42,82,82,13,0.638666571541266,0.7359234770139058,0.001
dropout_rate,0.5,64,2,0.5,False,0.001,32,75,0.0,0.1,10,5,0.5,True,42,83,83,1,0.6936446405721434,0.6936380743980408,0.001
dropout_rate,0.5,64,2,0.5,False,0.001,32,75,0.0,0.1,10,5,0.5,True,42,83,83,2,0.6926241435787894,0.6938920338948568,0.001
dropout_rate,0.5,64,2,0.5,False,0.001,32,75,0.0,0.1,10,5,0.5,True,42,83,83,3,0.6916122287511826,0.6927362124125163,0.001
dropout_rate,0.5,64,2,0.5,False,0.001,32,75,0.0,0.1,10,5,0.5,True,42,83,83,4,0.6900343195055471,0.6922801852226257,0.001
dropout_rate,0.5,64,2,0.5,False,0.001,32,75,0.0,0.1,10,5,0.5,True,42,83,83,5,0.6891738194407839,0.6948786536852519,0.001
dropout_rate,0.5,64,2,0.5,False,0.001,32,75,0.0,0.1,10,5,0.5,True,42,83,83,6,0.6862544299978198,0.6893888672192892,0.001
dropout_rate,0.5,64,2,0.5,False,0.001,32,75,0.0,0.1,10,5,0.5,True,42,83,83,7,0.6854090649973262,0.6901723623275757,0.001
dropout_rate,0.5,64,2,0.5,False,0.001,32,75,0.0,0.1,10,5,0.5,True,42,83,83,8,0.6828103535103075,0.6894208788871765,0.001
dropout_rate,0.5,64,2,0.5,False,0.001,32,75,0.0,0.1,10,5,0.5,True,42,83,83,9,0.6788457772045424,0.699547819296519,0.001
dropout_rate,0.5,64,2,0.5,False,0.001,32,75,0.0,0.1,10,5,0.5,True,42,83,83,10,0.6728370117418694,0.6903785308202107,0.001
dropout_rate,0.5,64,2,0.5,False,0.001,32,75,0.0,0.1,10,5,0.5,True,42,83,83,11,0.6654996533285488,0.7030216137568156,0.001
dropout_rate,0.5,64,2,0.5,False,0.001,32,75,0.0,0.1,10,5,0.5,True,42,83,83,12,0.6572805543740591,0.7066700220108032,0.001
dropout_rate,0.5,64,2,0.5,False,0.001,32,75,0.0,0.1,10,5,0.5,True,42,83,83,13,0.6411485568140493,0.7220234235127767,0.001
dropout_rate,0.5,64,2,0.5,False,0.001,32,75,0.0,0.1,10,5,0.5,True,42,83,83,14,0.633103913881562,0.7317848443984986,0.001
dropout_rate,0.5,64,2,0.5,False,0.001,32,75,0.0,0.1,10,5,0.5,True,42,83,83,15,0.6242962244785193,0.7440008838971456,0.001
dropout_rate,0.5,64,2,0.5,False,0.001,32,75,0.0,0.1,10,5,0.5,True,42,83,83,16,0.6148325963453813,0.7539888620376587,0.001
dropout_rate,0.5,64,2,0.5,False,0.001,32,75,0.0,0.1,10,5,0.5,True,42,84,84,1,0.6943743152148796,0.694256063302358,0.001
dropout_rate,0.5,64,2,0.5,False,0.001,32,75,0.0,0.1,10,5,0.5,True,42,84,84,2,0.6931488649411635,0.6946710824966431,0.001
dropout_rate,0.5,64,2,0.5,False,0.001,32,75,0.0,0.1,10,5,0.5,True,42,84,84,3,0.6918108892260175,0.6937254309654236,0.001
dropout_rate,0.5,64,2,0.5,False,0.001,32,75,0.0,0.1,10,5,0.5,True,42,84,84,4,0.690963098948652,0.699169909954071,0.001
dropout_rate,0.5,64,2,0.5,False,0.001,32,75,0.0,0.1,10,5,0.5,True,42,84,84,5,0.6877170218662783,0.6975624879201253,0.001
dropout_rate,0.5,64,2,0.5,False,0.001,32,75,0.0,0.1,10,5,0.5,True,42,84,84,6,0.6838605656768336,0.6962030092875163,0.001
dropout_rate,0.5,64,2,0.5,False,0.001,32,75,0.0,0.1,10,5,0.5,True,42,84,84,7,0.6809860495003787,0.7001520196596781,0.001
dropout_rate,0.5,64,2,0.5,False,0.001,32,75,0.0,0.1,10,5,0.5,True,42,84,84,8,0.6767874414270575,0.7038231690724691,0.001
dropout_rate,0.5,64,2,0.5,False,0.001,32,75,0.0,0.1,10,5,0.5,True,42,84,84,9,0.670961212479707,0.7098487178484599,0.001
dropout_rate,0.5,64,2,0.5,False,0.001,32,75,0.0,0.1,10,5,0.5,True,42,84,84,10,0.6660763531020193,0.7025625864664714,0.001
dropout_rate,0.5,64,2,0.5,False,0.001,32,75,0.0,0.1,10,5,0.5,True,42,84,84,11,0.65890631395759,0.7207205335299174,0.001
dropout_rate,0.5,64,2,0.5,False,0.001,32,75,0.0,0.1,10,5,0.5,True,42,84,84,12,0.6545487868063378,0.7431401491165162,0.001
dropout_rate,0.5,64,2,0.5,False,0.001,32,75,0.0,0.1,10,5,0.5,True,42,84,84,13,0.6462690058079633,0.7415459116299947,0.001
dropout_rate,0.5,64,2,0.5,False,0.001,32,75,0.0,0.1,10,5,0.5,True,42,85,85,1,0.6942807345679312,0.6940286835034688,0.001
dropout_rate,0.5,64,2,0.5,False,0.001,32,75,0.0,0.1,10,5,0.5,True,42,85,85,2,0.6924680444327268,0.6943670511245728,0.001
dropout_rate,0.5,64,2,0.5,False,0.001,32,75,0.0,0.1,10,5,0.5,True,42,85,85,3,0.6913752632610726,0.6940702676773072,0.001
dropout_rate,0.5,64,2,0.5,False,0.001,32,75,0.0,0.1,10,5,0.5,True,42,85,85,4,0.6899043411919565,0.6990639249483744,0.001
dropout_rate,0.5,64,2,0.5,False,0.001,32,75,0.0,0.1,10,5,0.5,True,42,85,85,5,0.688684422861446,0.697869865099589,0.001
dropout_rate,0.5,64,2,0.5,False,0.001,32,75,0.0,0.1,10,5,0.5,True,42,85,85,6,0.6853762539950284,0.7052175164222717,0.001
dropout_rate,0.5,64,2,0.5,False,0.001,32,75,0.0,0.1,10,5,0.5,True,42,85,85,7,0.6796723202322469,0.7005011002222697,0.001
dropout_rate,0.5,64,2,0.5,False,0.001,32,75,0.0,0.1,10,5,0.5,True,42,85,85,8,0.6710528871326735,0.7158853014310201,0.001
dropout_rate,0.5,64,2,0.5,False,0.001,32,75,0.0,0.1,10,5,0.5,True,42,85,85,9,0.6629642040440531,0.7273719350496928,0.001
dropout_rate,0.5,64,2,0.5,False,0.001,32,75,0.0,0.1,10,5,0.5,True,42,85,85,10,0.6620870873783574,0.7245216568311056,0.001
dropout_rate,0.5,64,2,0.5,False,0.001,32,75,0.0,0.1,10,5,0.5,True,42,85,85,11,0.6525426294767496,0.7538881778717041,0.001
dropout_rate,0.5,64,2,0.5,False,0.001,32,75,0.0,0.1,10,5,0.5,True,42,86,86,1,0.6940656823642326,0.6930389006932577,0.001
dropout_rate,0.5,64,2,0.5,False,0.001,32,75,0.0,0.1,10,5,0.5,True,42,86,86,2,0.6930504075505517,0.6911180257797241,0.001
dropout_rate,0.5,64,2,0.5,False,0.001,32,75,0.0,0.1,10,5,0.5,True,42,86,86,3,0.6931378611109473,0.6916304429372152,0.001
dropout_rate,0.5,64,2,0.5,False,0.001,32,75,0.0,0.1,10,5,0.5,True,42,86,86,4,0.6907382169456193,0.6911789973576864,0.001
dropout_rate,0.5,64,2,0.5,False,0.001,32,75,0.0,0.1,10,5,0.5,True,42,86,86,5,0.6900241393031497,0.6910247087478638,0.001
dropout_rate,0.5,64,2,0.5,False,0.001,32,75,0.0,0.1,10,5,0.5,True,42,86,86,6,0.6889950642080018,0.6932987451553345,0.001
dropout_rate,0.5,64,2,0.5,False,0.001,32,75,0.0,0.1,10,5,0.5,True,42,86,86,7,0.6869007064537569,0.694339919090271,0.001
dropout_rate,0.5,64,2,0.5,False,0.001,32,75,0.0,0.1,10,5,0.5,True,42,86,86,8,0.6836480408003835,0.7050355156262715,0.001
dropout_rate,0.5,64,2,0.5,False,0.001,32,75,0.0,0.1,10,5,0.5,True,42,86,86,9,0.6784887187408678,0.7035098632176717,0.001
dropout_rate,0.5,64,2,0.5,False,0.001,32,75,0.0,0.1,10,5,0.5,True,42,86,86,10,0.6733479590126963,0.700453519821167,0.001
dropout_rate,0.5,64,2,0.5,False,0.001,32,75,0.0,0.1,10,5,0.5,True,42,86,86,11,0.667622449723157,0.7087605675061543,0.001
dropout_rate,0.5,64,2,0.5,False,0.001,32,75,0.0,0.1,10,5,0.5,True,42,86,86,12,0.6523886426831736,0.7352568785349528,0.001
dropout_rate,0.5,64,2,0.5,False,0.001,32,75,0.0,0.1,10,5,0.5,True,42,86,86,13,0.6411306776783683,0.7383186856905619,0.001
dropout_rate,0.5,64,2,0.5,False,0.001,32,75,0.0,0.1,10,5,0.5,True,42,86,86,14,0.6280518946322527,0.7588869214057923,0.001
dropout_rate,0.5,64,2,0.5,False,0.001,32,75,0.0,0.1,10,5,0.5,True,42,86,86,15,0.6205654379093286,0.7800433357556661,0.001
dropout_rate,0.5,64,2,0.5,False,0.001,32,75,0.0,0.1,10,5,0.5,True,42,87,87,1,0.6941193996956854,0.6925705154736836,0.001
dropout_rate,0.5,64,2,0.5,False,0.001,32,75,0.0,0.1,10,5,0.5,True,42,87,87,2,0.6939141411672939,0.6926445484161377,0.001
dropout_rate,0.5,64,2,0.5,False,0.001,32,75,0.0,0.1,10,5,0.5,True,42,87,87,3,0.6926177568507917,0.6910854856173198,0.001
dropout_rate,0.5,64,2,0.5,False,0.001,32,75,0.0,0.1,10,5,0.5,True,42,87,87,4,0.6907659624562119,0.6907140811284384,0.001
dropout_rate,0.5,64,2,0.5,False,0.001,32,75,0.0,0.1,10,5,0.5,True,42,87,87,5,0.6901410768429438,0.6895628849665324,0.001
dropout_rate,0.5,64,2,0.5,False,0.001,32,75,0.0,0.1,10,5,0.5,True,42,87,87,6,0.6875590194355358,0.6875263611475627,0.001
dropout_rate,0.5,64,2,0.5,False,0.001,32,75,0.0,0.1,10,5,0.5,True,42,87,87,7,0.6866603985880361,0.686392871538798,0.001
dropout_rate,0.5,64,2,0.5,False,0.001,32,75,0.0,0.1,10,5,0.5,True,42,87,87,8,0.6841940067031167,0.6895040154457093,0.001
dropout_rate,0.5,64,2,0.5,False,0.001,32,75,0.0,0.1,10,5,0.5,True,42,87,87,9,0.6772059012543071,0.6925110936164856,0.001
dropout_rate,0.5,64,2,0.5,False,0.001,32,75,0.0,0.1,10,5,0.5,True,42,87,87,10,0.6705875116767306,0.693662150700887,0.001
dropout_rate,0.5,64,2,0.5,False,0.001,32,75,0.0,0.1,10,5,0.5,True,42,87,87,11,0.6668916484623244,0.6923946420351664,0.001
dropout_rate,0.5,64,2,0.5,False,0.001,32,75,0.0,0.1,10,5,0.5,True,42,87,87,12,0.660293153741143,0.6953201095263163,0.001
dropout_rate,0.5,64,2,0.5,False,0.001,32,75,0.0,0.1,10,5,0.5,True,42,87,87,13,0.6479399420998313,0.7099235653877258,0.001
dropout_rate,0.5,64,2,0.5,False,0.001,32,75,0.0,0.1,10,5,0.5,True,42,87,87,14,0.631974300200289,0.7255105535189311,0.001
dropout_rate,0.5,64,2,0.5,False,0.001,32,75,0.0,0.1,10,5,0.5,True,42,87,87,15,0.6203376734347055,0.7329958597819011,0.001
dropout_rate,0.5,64,2,0.5,False,0.001,32,75,0.0,0.1,10,5,0.5,True,42,87,87,16,0.6066722799882744,0.758795436223348,0.001
dropout_rate,0.5,64,2,0.5,False,0.001,32,75,0.0,0.1,10,5,0.5,True,42,87,87,17,0.5954439502322313,0.7689214785893758,0.001
dropout_rate,0.5,64,2,0.5,False,0.001,32,75,0.0,0.1,10,5,0.5,True,42,88,88,1,0.6938439580527219,0.6927807013193766,0.001
dropout_rate,0.5,64,2,0.5,False,0.001,32,75,0.0,0.1,10,5,0.5,True,42,88,88,2,0.6924964952649493,0.6949053366978963,0.001
dropout_rate,0.5,64,2,0.5,False,0.001,32,75,0.0,0.1,10,5,0.5,True,42,88,88,3,0.692971051642389,0.693080731232961,0.001
dropout_rate,0.5,64,2,0.5,False,0.001,32,75,0.0,0.1,10,5,0.5,True,42,88,88,4,0.6914526124795278,0.6924859841664632,0.001
dropout_rate,0.5,64,2,0.5,False,0.001,32,75,0.0,0.1,10,5,0.5,True,42,88,88,5,0.689452717701594,0.6929845492045085,0.001
dropout_rate,0.5,64,2,0.5,False,0.001,32,75,0.0,0.1,10,5,0.5,True,42,88,88,6,0.6878580243298502,0.6925034483273824,0.001
dropout_rate,0.5,64,2,0.5,False,0.001,32,75,0.0,0.1,10,5,0.5,True,42,88,88,7,0.6864260096441616,0.6933850606282552,0.001
dropout_rate,0.5,64,2,0.5,False,0.001,32,75,0.0,0.1,10,5,0.5,True,42,88,88,8,0.6840919608419592,0.6986390312512716,0.001
dropout_rate,0.5,64,2,0.5,False,0.001,32,75,0.0,0.1,10,5,0.5,True,42,88,88,9,0.6779846278103915,0.7010130246480306,0.001
dropout_rate,0.5,64,2,0.5,False,0.001,32,75,0.0,0.1,10,5,0.5,True,42,88,88,10,0.6741251001755396,0.7016144951184591,0.001
dropout_rate,0.5,64,2,0.5,False,0.001,32,75,0.0,0.1,10,5,0.5,True,42,88,88,11,0.6593256023797122,0.7092525482177734,0.001
dropout_rate,0.5,64,2,0.5,False,0.001,32,75,0.0,0.1,10,5,0.5,True,42,88,88,12,0.6570871156273466,0.7148501714070638,0.001
dropout_rate,0.5,64,2,0.5,False,0.001,32,75,0.0,0.1,10,5,0.5,True,42,88,88,13,0.6470033806381803,0.7417447050412496,0.001
dropout_rate,0.5,64,2,0.5,False,0.001,32,75,0.0,0.1,10,5,0.5,True,42,88,88,14,0.6354278506654681,0.740220328172048,0.001
dropout_rate,0.5,64,2,0.5,False,0.001,32,75,0.0,0.1,10,5,0.5,True,42,89,89,1,0.6932183052554275,0.6950367331504822,0.001
dropout_rate,0.5,64,2,0.5,False,0.001,32,75,0.0,0.1,10,5,0.5,True,42,89,89,2,0.6927968697114424,0.6933405915896098,0.001
dropout_rate,0.5,64,2,0.5,False,0.001,32,75,0.0,0.1,10,5,0.5,True,42,89,89,3,0.6919313714359746,0.6935540397961935,0.001
dropout_rate,0.5,64,2,0.5,False,0.001,32,75,0.0,0.1,10,5,0.5,True,42,89,89,4,0.6907563746878596,0.6948129534721375,0.001
dropout_rate,0.5,64,2,0.5,False,0.001,32,75,0.0,0.1,10,5,0.5,True,42,89,89,5,0.6884112159411112,0.6937255144119263,0.001
dropout_rate,0.5,64,2,0.5,False,0.001,32,75,0.0,0.1,10,5,0.5,True,42,89,89,6,0.6868582878148917,0.6951987425486247,0.001
dropout_rate,0.5,64,2,0.5,False,0.001,32,75,0.0,0.1,10,5,0.5,True,42,89,89,7,0.6812863697608312,0.7108283201853435,0.001
dropout_rate,0.5,64,2,0.5,False,0.001,32,75,0.0,0.1,10,5,0.5,True,42,89,89,8,0.6796648303667704,0.6991781671841939,0.001
dropout_rate,0.5,64,2,0.5,False,0.001,32,75,0.0,0.1,10,5,0.5,True,42,89,89,9,0.6713566933617447,0.7131849964459737,0.001
dropout_rate,0.5,64,2,0.5,False,0.001,32,75,0.0,0.1,10,5,0.5,True,42,89,89,10,0.6645974769736781,0.7201993544896443,0.001
dropout_rate,0.5,64,2,0.5,False,0.001,32,75,0.0,0.1,10,5,0.5,True,42,89,89,11,0.6605937738310207,0.7246889710426331,0.001
dropout_rate,0.5,64,2,0.5,False,0.001,32,75,0.0,0.1,10,5,0.5,True,42,89,89,12,0.6500720612027429,0.7361244757970175,0.001
dropout_rate,0.5,64,2,0.5,False,0.001,32,75,0.0,0.1,10,5,0.5,True,42,90,90,1,0.6947720813931841,0.6939460317293803,0.001
dropout_rate,0.5,64,2,0.5,False,0.001,32,75,0.0,0.1,10,5,0.5,True,42,90,90,2,0.6926229727087598,0.6925390283266704,0.001
dropout_rate,0.5,64,2,0.5,False,0.001,32,75,0.0,0.1,10,5,0.5,True,42,90,90,3,0.6921828249187181,0.6932321230570475,0.001
dropout_rate,0.5,64,2,0.5,False,0.001,32,75,0.0,0.1,10,5,0.5,True,42,90,90,4,0.6915758658539165,0.6907922267913819,0.001
dropout_rate,0.5,64,2,0.5,False,0.001,32,75,0.0,0.1,10,5,0.5,True,42,90,90,5,0.6884225462422227,0.6914093971252442,0.001
dropout_rate,0.5,64,2,0.5,False,0.001,32,75,0.0,0.1,10,5,0.5,True,42,90,90,6,0.687356711788611,0.691255517800649,0.001
dropout_rate,0.5,64,2,0.5,False,0.001,32,75,0.0,0.1,10,5,0.5,True,42,90,90,7,0.6826718923720446,0.6897335569063823,0.001
dropout_rate,0.5,64,2,0.5,False,0.001,32,75,0.0,0.1,10,5,0.5,True,42,90,90,8,0.695037992163138,0.6925122261047363,0.001
dropout_rate,0.5,64,2,0.5,False,0.001,32,75,0.0,0.1,10,5,0.5,True,42,90,90,9,0.6924258745980986,0.6934897700945536,0.001
dropout_rate,0.5,64,2,0.5,False,0.001,32,75,0.0,0.1,10,5,0.5,True,42,90,90,10,0.6904107178702499,0.6934481263160706,0.001
dropout_rate,0.5,64,2,0.5,False,0.001,32,75,0.0,0.1,10,5,0.5,True,42,90,90,11,0.6877248445243547,0.6917218168576559,0.001
dropout_rate,0.5,64,2,0.5,False,0.001,32,75,0.0,0.1,10,5,0.5,True,42,90,90,12,0.6876802155465791,0.6926124890645345,0.001
dropout_rate,0.5,64,2,0.5,False,0.001,32,75,0.0,0.1,10,5,0.5,True,42,90,90,13,0.6884617426178672,0.6904841105143229,0.001
dropout_rate,0.5,64,2,0.5,False,0.001,32,75,0.0,0.1,10,5,0.5,True,42,90,90,14,0.6856742627692946,0.6893379290898641,0.001
dropout_rate,0.5,64,2,0.5,False,0.001,32,75,0.0,0.1,10,5,0.5,True,42,90,90,15,0.681890017155445,0.6908135096232096,0.001
dropout_rate,0.5,64,2,0.5,False,0.001,32,75,0.0,0.1,10,5,0.5,True,42,90,90,16,0.6802672807014349,0.6914314866065979,0.001
dropout_rate,0.5,64,2,0.5,False,0.001,32,75,0.0,0.1,10,5,0.5,True,42,90,90,17,0.6777165631453196,0.6889922221501669,0.001
dropout_rate,0.5,64,2,0.5,False,0.001,32,75,0.0,0.1,10,5,0.5,True,42,90,90,18,0.6704199824369315,0.6922712922096252,0.001
dropout_rate,0.5,64,2,0.5,False,0.001,32,75,0.0,0.1,10,5,0.5,True,42,90,90,19,0.6696682594942324,0.6930143356323242,0.001
dropout_rate,0.5,64,2,0.5,False,0.001,32,75,0.0,0.1,10,5,0.5,True,42,90,90,20,0.6622354180523844,0.7016971190770467,0.001
dropout_rate,0.5,64,2,0.5,False,0.001,32,75,0.0,0.1,10,5,0.5,True,42,90,90,21,0.6597962176257913,0.6934813062349955,0.001
dropout_rate,0.5,64,2,0.5,False,0.001,32,75,0.0,0.1,10,5,0.5,True,42,90,90,22,0.6565282940864563,0.7048503518104553,0.001
dropout_rate,0.5,64,2,0.5,False,0.001,32,75,0.0,0.1,10,5,0.5,True,42,90,90,23,0.6534282863140106,0.7007230361302693,0.001
dropout_rate,0.5,64,2,0.5,False,0.001,32,75,0.0,0.1,10,5,0.5,True,42,90,90,24,0.6399776362108461,0.7096449454625448,0.001
dropout_rate,0.5,64,2,0.5,False,0.001,32,75,0.0,0.1,10,5,0.5,True,42,90,90,25,0.6351002843090983,0.7174332777659098,0.001
dropout_rate,0.5,64,2,0.5,False,0.001,32,75,0.0,0.1,10,5,0.5,True,42,90,90,26,0.6372014464754047,0.7149659434954325,0.001
dropout_rate,0.5,64,2,0.5,False,0.001,32,75,0.0,0.1,10,5,0.5,True,42,90,90,27,0.6272151876579631,0.7285331845283508,0.001
dropout_rate,0.5,64,2,0.5,False,0.001,32,75,0.0,0.1,10,5,0.5,True,42,91,91,1,0.6938483322208578,0.6939366658528646,0.001
dropout_rate,0.5,64,2,0.5,False,0.001,32,75,0.0,0.1,10,5,0.5,True,42,91,91,2,0.6930074574369373,0.6925751566886902,0.001
dropout_rate,0.5,64,2,0.5,False,0.001,32,75,0.0,0.1,10,5,0.5,True,42,91,91,3,0.6917648943084659,0.6914310614267986,0.001
dropout_rate,0.5,64,2,0.5,False,0.001,32,75,0.0,0.1,10,5,0.5,True,42,91,91,4,0.6907389136877927,0.6912587364514668,0.001
dropout_rate,0.5,64,2,0.5,False,0.001,32,75,0.0,0.1,10,5,0.5,True,42,91,91,5,0.6894763911312277,0.6876857161521912,0.001
dropout_rate,0.5,64,2,0.5,False,0.001,32,75,0.0,0.1,10,5,0.5,True,42,91,91,6,0.686845701752287,0.6836847464243571,0.001
dropout_rate,0.5,64,2,0.5,False,0.001,32,75,0.0,0.1,10,5,0.5,True,42,91,91,7,0.6864542658581878,0.6917518417040507,0.001
dropout_rate,0.5,64,2,0.5,False,0.001,32,75,0.0,0.1,10,5,0.5,True,42,91,91,8,0.6818496277838042,0.6864492138226826,0.001
dropout_rate,0.5,64,2,0.5,False,0.001,32,75,0.0,0.1,10,5,0.5,True,42,91,91,9,0.6754852596557501,0.6875548044840495,0.001
dropout_rate,0.5,64,2,0.5,False,0.001,32,75,0.0,0.1,10,5,0.5,True,42,91,91,10,0.667474462453163,0.6963524421056112,0.001
dropout_rate,0.5,64,2,0.5,False,0.001,32,75,0.0,0.1,10,5,0.5,True,42,91,91,11,0.6703970369064447,0.6882630705833435,0.001
dropout_rate,0.5,64,2,0.5,False,0.001,32,75,0.0,0.1,10,5,0.5,True,42,91,91,12,0.6601591751430974,0.6917875607808431,0.001
dropout_rate,0.5,64,2,0.5,False,0.001,32,75,0.0,0.1,10,5,0.5,True,42,91,91,13,0.6460009253386295,0.7032514969507854,0.001
dropout_rate,0.5,64,2,0.5,False,0.001,32,75,0.0,0.1,10,5,0.5,True,42,91,91,14,0.6369737382187988,0.7065460443496704,0.001
dropout_rate,0.5,64,2,0.5,False,0.001,32,75,0.0,0.1,10,5,0.5,True,42,91,91,15,0.6306125291369178,0.7303112149238586,0.001
dropout_rate,0.5,64,2,0.5,False,0.001,32,75,0.0,0.1,10,5,0.5,True,42,91,91,16,0.622994934519132,0.7357450723648071,0.001
dropout_rate,0.5,64,2,0.5,False,0.001,32,75,0.0,0.1,10,5,0.5,True,42,92,92,1,0.694330681905602,0.6953091859817505,0.001
dropout_rate,0.5,64,2,0.5,False,0.001,32,75,0.0,0.1,10,5,0.5,True,42,92,92,2,0.693486519835212,0.6945390939712525,0.001
dropout_rate,0.5,64,2,0.5,False,0.001,32,75,0.0,0.1,10,5,0.5,True,42,92,92,3,0.6917668720989516,0.6941915472348531,0.001
dropout_rate,0.5,64,2,0.5,False,0.001,32,75,0.0,0.1,10,5,0.5,True,42,92,92,4,0.6891952324094195,0.6981595714886983,0.001
dropout_rate,0.5,64,2,0.5,False,0.001,32,75,0.0,0.1,10,5,0.5,True,42,92,92,5,0.6899110358772855,0.6982387900352478,0.001
dropout_rate,0.5,64,2,0.5,False,0.001,32,75,0.0,0.1,10,5,0.5,True,42,92,92,6,0.6866869912906126,0.6986449797948201,0.001
dropout_rate,0.5,64,2,0.5,False,0.001,32,75,0.0,0.1,10,5,0.5,True,42,92,92,7,0.6858452833963163,0.7015980799992879,0.001
dropout_rate,0.5,64,2,0.5,False,0.001,32,75,0.0,0.1,10,5,0.5,True,42,92,92,8,0.6800277644034588,0.6996851523717245,0.001
dropout_rate,0.5,64,2,0.5,False,0.001,32,75,0.0,0.1,10,5,0.5,True,42,92,92,9,0.6784577834786791,0.7042199571927389,0.001
dropout_rate,0.5,64,2,0.5,False,0.001,32,75,0.0,0.1,10,5,0.5,True,42,92,92,10,0.6686666671073798,0.7112761378288269,0.001
dropout_rate,0.5,64,2,0.5,False,0.001,32,75,0.0,0.1,10,5,0.5,True,42,92,92,11,0.6627077929901354,0.7188797990481058,0.001
dropout_rate,0.5,64,2,0.5,False,0.001,32,75,0.0,0.1,10,5,0.5,True,42,92,92,12,0.6562240340492942,0.7297056436538696,0.001
dropout_rate,0.5,64,2,0.5,False,0.001,32,75,0.0,0.1,10,5,0.5,True,42,92,92,13,0.6542178550452897,0.7360244115193685,0.001
dropout_rate,0.5,64,2,0.5,False,0.001,32,75,0.0,0.1,10,5,0.5,True,42,93,93,1,0.6936048156384266,0.6926193515459697,0.001
dropout_rate,0.5,64,2,0.5,False,0.001,32,75,0.0,0.1,10,5,0.5,True,42,93,93,2,0.6935224045406688,0.6942070404688517,0.001
dropout_rate,0.5,64,2,0.5,False,0.001,32,75,0.0,0.1,10,5,0.5,True,42,93,93,3,0.6915244563962474,0.6939591646194458,0.001
dropout_rate,0.5,64,2,0.5,False,0.001,32,75,0.0,0.1,10,5,0.5,True,42,93,93,4,0.6910524156057474,0.6950519839922588,0.001
dropout_rate,0.5,64,2,0.5,False,0.001,32,75,0.0,0.1,10,5,0.5,True,42,93,93,5,0.6886402716239294,0.6956091205279032,0.001
dropout_rate,0.5,64,2,0.5,False,0.001,32,75,0.0,0.1,10,5,0.5,True,42,93,93,6,0.6853236393495039,0.6960937937100729,0.001
dropout_rate,0.5,64,2,0.5,False,0.001,32,75,0.0,0.1,10,5,0.5,True,42,93,93,7,0.6833077556256092,0.701882517337799,0.001
dropout_rate,0.5,64,2,0.5,False,0.001,32,75,0.0,0.1,10,5,0.5,True,42,93,93,8,0.6752255418986985,0.7080331365267436,0.001
dropout_rate,0.5,64,2,0.5,False,0.001,32,75,0.0,0.1,10,5,0.5,True,42,93,93,9,0.6670628903490124,0.7111961881319682,0.001
dropout_rate,0.5,64,2,0.5,False,0.001,32,75,0.0,0.1,10,5,0.5,True,42,93,93,10,0.6610806412769087,0.7210919539133708,0.001
dropout_rate,0.5,64,2,0.5,False,0.001,32,75,0.0,0.1,10,5,0.5,True,42,93,93,11,0.6578394091038993,0.745748229821523,0.001
dropout_rate,0.5,64,2,0.5,False,0.001,32,75,0.0,0.1,10,5,0.5,True,42,94,94,1,0.6947380155324936,0.6931632081667582,0.001
dropout_rate,0.5,64,2,0.5,False,0.001,32,75,0.0,0.1,10,5,0.5,True,42,94,94,2,0.6938603028203502,0.6930470705032349,0.001
dropout_rate,0.5,64,2,0.5,False,0.001,32,75,0.0,0.1,10,5,0.5,True,42,94,94,3,0.6923836433526241,0.6934271375338237,0.001
dropout_rate,0.5,64,2,0.5,False,0.001,32,75,0.0,0.1,10,5,0.5,True,42,94,94,4,0.6915828630779729,0.6928590019543965,0.001
dropout_rate,0.5,64,2,0.5,False,0.001,32,75,0.0,0.1,10,5,0.5,True,42,94,94,5,0.6895667558366602,0.6908528526624044,0.001
dropout_rate,0.5,64,2,0.5,False,0.001,32,75,0.0,0.1,10,5,0.5,True,42,94,94,6,0.6878413648316355,0.6951553026835123,0.001
dropout_rate,0.5,64,2,0.5,False,0.001,32,75,0.0,0.1,10,5,0.5,True,42,94,94,7,0.685591560421568,0.693362049261729,0.001
dropout_rate,0.5,64,2,0.5,False,0.001,32,75,0.0,0.1,10,5,0.5,True,42,94,94,8,0.68018267687523,0.7058153470357259,0.001
dropout_rate,0.5,64,2,0.5,False,0.001,32,75,0.0,0.1,10,5,0.5,True,42,94,94,9,0.6790457345319517,0.6996086637179056,0.001
dropout_rate,0.5,64,2,0.5,False,0.001,32,75,0.0,0.1,10,5,0.5,True,42,94,94,10,0.6719307280851133,0.7044880549112956,0.001
dropout_rate,0.5,64,2,0.5,False,0.001,32,75,0.0,0.1,10,5,0.5,True,42,94,94,11,0.6684977249665693,0.7160222093264262,0.001
dropout_rate,0.5,64,2,0.5,False,0.001,32,75,0.0,0.1,10,5,0.5,True,42,94,94,12,0.6516980041157115,0.7122160196304321,0.001
dropout_rate,0.5,64,2,0.5,False,0.001,32,75,0.0,0.1,10,5,0.5,True,42,94,94,13,0.6468123278834603,0.7348604242006938,0.001
dropout_rate,0.5,64,2,0.5,False,0.001,32,75,0.0,0.1,10,5,0.5,True,42,94,94,14,0.6372606853644053,0.7351675987243652,0.001
dropout_rate,0.5,64,2,0.5,False,0.001,32,75,0.0,0.1,10,5,0.5,True,42,94,94,15,0.6269328756765886,0.7802319685618083,0.001
dropout_rate,0.5,64,2,0.5,False,0.001,32,75,0.0,0.1,10,5,0.5,True,42,95,95,1,0.694554861296307,0.6922460039456685,0.001
dropout_rate,0.5,64,2,0.5,False,0.001,32,75,0.0,0.1,10,5,0.5,True,42,95,95,2,0.6929350946888779,0.6929667433102925,0.001
dropout_rate,0.5,64,2,0.5,False,0.001,32,75,0.0,0.1,10,5,0.5,True,42,95,95,3,0.6923343381195357,0.692106040318807,0.001
dropout_rate,0.5,64,2,0.5,False,0.001,32,75,0.0,0.1,10,5,0.5,True,42,95,95,4,0.691470225652059,0.691413426399231,0.001
dropout_rate,0.5,64,2,0.5,False,0.001,32,75,0.0,0.1,10,5,0.5,True,42,95,95,5,0.6892003254456953,0.6931703527768452,0.001
dropout_rate,0.5,64,2,0.5,False,0.001,32,75,0.0,0.1,10,5,0.5,True,42,95,95,6,0.6864010294278463,0.6962188164393107,0.001
dropout_rate,0.5,64,2,0.5,False,0.001,32,75,0.0,0.1,10,5,0.5,True,42,95,95,7,0.6837330270897258,0.6965578516324361,0.001
dropout_rate,0.5,64,2,0.5,False,0.001,32,75,0.0,0.1,10,5,0.5,True,42,95,95,8,0.6784683335008044,0.6976697087287903,0.001
dropout_rate,0.5,64,2,0.5,False,0.001,32,75,0.0,0.1,10,5,0.5,True,42,95,95,9,0.6759678856893019,0.7023564497629802,0.001
dropout_rate,0.5,64,2,0.5,False,0.001,32,75,0.0,0.1,10,5,0.5,True,42,95,95,10,0.6686336407155702,0.7130769928296407,0.001
dropout_rate,0.5,64,2,0.5,False,0.001,32,75,0.0,0.1,10,5,0.5,True,42,95,95,11,0.6536560835260333,0.7234726031621297,0.001
dropout_rate,0.5,64,2,0.5,False,0.001,32,75,0.0,0.1,10,5,0.5,True,42,95,95,12,0.6444835509314681,0.7431636810302734,0.001
dropout_rate,0.5,64,2,0.5,False,0.001,32,75,0.0,0.1,10,5,0.5,True,42,95,95,13,0.6362938946395209,0.7543712099393208,0.001
dropout_rate,0.5,64,2,0.5,False,0.001,32,75,0.0,0.1,10,5,0.5,True,42,95,95,14,0.6241602082595681,0.765403664112091,0.001
dropout_rate,0.5,64,2,0.5,False,0.001,32,75,0.0,0.1,10,5,0.5,True,42,96,96,1,0.6936165405945345,0.69481068054835,0.001
dropout_rate,0.5,64,2,0.5,False,0.001,32,75,0.0,0.1,10,5,0.5,True,42,96,96,2,0.6927698931910775,0.696169666449229,0.001
dropout_rate,0.5,64,2,0.5,False,0.001,32,75,0.0,0.1,10,5,0.5,True,42,96,96,3,0.6907413005828857,0.6990628321965535,0.001
dropout_rate,0.5,64,2,0.5,False,0.001,32,75,0.0,0.1,10,5,0.5,True,42,96,96,4,0.6900654028762471,0.6957455555597941,0.001
dropout_rate,0.5,64,2,0.5,False,0.001,32,75,0.0,0.1,10,5,0.5,True,42,96,96,5,0.6876798881725832,0.6929972171783447,0.001
dropout_rate,0.5,64,2,0.5,False,0.001,32,75,0.0,0.1,10,5,0.5,True,42,96,96,6,0.6868458277348316,0.6936160961786906,0.001
dropout_rate,0.5,64,2,0.5,False,0.001,32,75,0.0,0.1,10,5,0.5,True,42,96,96,7,0.6850085285576907,0.6968000531196594,0.001
dropout_rate,0.5,64,2,0.5,False,0.001,32,75,0.0,0.1,10,5,0.5,True,42,96,96,8,0.6805975157203097,0.6982045888900756,0.001
dropout_rate,0.5,64,2,0.5,False,0.001,32,75,0.0,0.1,10,5,0.5,True,42,96,96,9,0.676367051673658,0.699653414885203,0.001
dropout_rate,0.5,64,2,0.5,False,0.001,32,75,0.0,0.1,10,5,0.5,True,42,96,96,10,0.6704094044186852,0.7174891034762064,0.001
dropout_rate,0.5,64,2,0.5,False,0.001,32,75,0.0,0.1,10,5,0.5,True,42,96,96,11,0.6659430423469255,0.7089486837387085,0.001
dropout_rate,0.5,64,2,0.5,False,0.001,32,75,0.0,0.1,10,5,0.5,True,42,96,96,12,0.6494679746754242,0.7427395304044088,0.001
dropout_rate,0.5,64,2,0.5,False,0.001,32,75,0.0,0.1,10,5,0.5,True,42,96,96,13,0.6410412296201243,0.7370329856872558,0.001
dropout_rate,0.5,64,2,0.5,False,0.001,32,75,0.0,0.1,10,5,0.5,True,42,96,96,14,0.6338661527543357,0.7404256780942281,0.001
dropout_rate,0.5,64,2,0.5,False,0.001,32,75,0.0,0.1,10,5,0.5,True,42,96,96,15,0.623345352257743,0.7662597934405009,0.001
dropout_rate,0.5,64,2,0.5,False,0.001,32,75,0.0,0.1,10,5,0.5,True,42,97,97,1,0.694367735674887,0.694431722164154,0.001
dropout_rate,0.5,64,2,0.5,False,0.001,32,75,0.0,0.1,10,5,0.5,True,42,97,97,2,0.6931575428355824,0.6935693780581157,0.001
dropout_rate,0.5,64,2,0.5,False,0.001,32,75,0.0,0.1,10,5,0.5,True,42,97,97,3,0.6930433936191328,0.6944309115409851,0.001
dropout_rate,0.5,64,2,0.5,False,0.001,32,75,0.0,0.1,10,5,0.5,True,42,97,97,4,0.6906665139126055,0.6923357685407002,0.001
dropout_rate,0.5,64,2,0.5,False,0.001,32,75,0.0,0.1,10,5,0.5,True,42,97,97,5,0.6891295377052191,0.6935519576072693,0.001
dropout_rate,0.5,64,2,0.5,False,0.001,32,75,0.0,0.1,10,5,0.5,True,42,97,97,6,0.6882979070598428,0.6913722276687622,0.001
dropout_rate,0.5,64,2,0.5,False,0.001,32,75,0.0,0.1,10,5,0.5,True,42,97,97,7,0.6842715058362845,0.6920416752497355,0.001
dropout_rate,0.5,64,2,0.5,False,0.001,32,75,0.0,0.1,10,5,0.5,True,42,97,97,8,0.680642948457689,0.6932852149009705,0.001
dropout_rate,0.5,64,2,0.5,False,0.001,32,75,0.0,0.1,10,5,0.5,True,42,97,97,9,0.6785593023805907,0.6927446166674296,0.001
dropout_rate,0.5,64,2,0.5,False,0.001,32,75,0.0,0.1,10,5,0.5,True,42,97,97,10,0.6738933049368135,0.689906104405721,0.001
dropout_rate,0.5,64,2,0.5,False,0.001,32,75,0.0,0.1,10,5,0.5,True,42,97,97,11,0.6647972080743674,0.7012974739074707,0.001
dropout_rate,0.5,64,2,0.5,False,0.001,32,75,0.0,0.1,10,5,0.5,True,42,97,97,12,0.6584640958092429,0.7189057310422261,0.001
dropout_rate,0.5,64,2,0.5,False,0.001,32,75,0.0,0.1,10,5,0.5,True,42,97,97,13,0.6526983493205273,0.7100314021110534,0.001
dropout_rate,0.5,64,2,0.5,False,0.001,32,75,0.0,0.1,10,5,0.5,True,42,97,97,14,0.6413599431063189,0.7283173322677612,0.001
dropout_rate,0.5,64,2,0.5,False,0.001,32,75,0.0,0.1,10,5,0.5,True,42,97,97,15,0.6407518856453173,0.7147105733553568,0.001
dropout_rate,0.5,64,2,0.5,False,0.001,32,75,0.0,0.1,10,5,0.5,True,42,97,97,16,0.6283202593525251,0.7368959267934163,0.001
dropout_rate,0.5,64,2,0.5,False,0.001,32,75,0.0,0.1,10,5,0.5,True,42,97,97,17,0.5988413239970352,0.7774508635203043,0.001
dropout_rate,0.5,64,2,0.5,False,0.001,32,75,0.0,0.1,10,5,0.5,True,42,97,97,18,0.5884759572870804,0.7901742577552795,0.001
dropout_rate,0.5,64,2,0.5,False,0.001,32,75,0.0,0.1,10,5,0.5,True,42,97,97,19,0.5787501256122733,0.7902488986651103,0.001
dropout_rate,0.5,64,2,0.5,False,0.001,32,75,0.0,0.1,10,5,0.5,True,42,97,97,20,0.5731308717619289,0.8177737951278686,0.001
dropout_rate,0.5,64,2,0.5,False,0.001,32,75,0.0,0.1,10,5,0.5,True,42,98,98,1,0.6952054026451978,0.6927837649981181,0.001
dropout_rate,0.5,64,2,0.5,False,0.001,32,75,0.0,0.1,10,5,0.5,True,42,98,98,2,0.6925886372725168,0.6921189626057943,0.001
dropout_rate,0.5,64,2,0.5,False,0.001,32,75,0.0,0.1,10,5,0.5,True,42,98,98,3,0.6917169243097305,0.6929488738377889,0.001
dropout_rate,0.5,64,2,0.5,False,0.001,32,75,0.0,0.1,10,5,0.5,True,42,98,98,4,0.6909051754257896,0.6917506098747254,0.001
dropout_rate,0.5,64,2,0.5,False,0.001,32,75,0.0,0.1,10,5,0.5,True,42,98,98,5,0.6894654288436427,0.6935275236765543,0.001
dropout_rate,0.5,64,2,0.5,False,0.001,32,75,0.0,0.1,10,5,0.5,True,42,98,98,6,0.686145287119981,0.6951848467191061,0.001
dropout_rate,0.5,64,2,0.5,False,0.001,32,75,0.0,0.1,10,5,0.5,True,42,98,98,7,0.6829105733018933,0.6997994581858317,0.001
dropout_rate,0.5,64,2,0.5,False,0.001,32,75,0.0,0.1,10,5,0.5,True,42,98,98,8,0.6783174628561194,0.7007446567217509,0.001
dropout_rate,0.5,64,2,0.5,False,0.001,32,75,0.0,0.1,10,5,0.5,True,42,98,98,9,0.6732601297624183,0.7114539821942647,0.001
dropout_rate,0.5,64,2,0.5,False,0.001,32,75,0.0,0.1,10,5,0.5,True,42,98,98,10,0.6677250546036344,0.7067998488744099,0.001
dropout_rate,0.5,64,2,0.5,False,0.001,32,75,0.0,0.1,10,5,0.5,True,42,98,98,11,0.6554622979778232,0.7259530822436014,0.001
dropout_rate,0.5,64,2,0.5,False,0.001,32,75,0.0,0.1,10,5,0.5,True,42,98,98,12,0.6459555508512439,0.7533644239107767,0.001
dropout_rate,0.5,64,2,0.5,False,0.001,32,75,0.0,0.1,10,5,0.5,True,42,98,98,13,0.6384984999895096,0.7519185145696005,0.001
dropout_rate,0.5,64,2,0.5,False,0.001,32,75,0.0,0.1,10,5,0.5,True,42,98,98,14,0.6310025444536498,0.7409091114997863,0.001
dropout_rate,0.5,64,2,0.5,False,0.001,32,75,0.0,0.1,10,5,0.5,True,42,99,99,1,0.6937018912850004,0.6930930256843567,0.001
dropout_rate,0.5,64,2,0.5,False,0.001,32,75,0.0,0.1,10,5,0.5,True,42,99,99,2,0.6926032905325745,0.6921852191289266,0.001
dropout_rate,0.5,64,2,0.5,False,0.001,32,75,0.0,0.1,10,5,0.5,True,42,99,99,3,0.6906716606833718,0.6943875670433044,0.001
dropout_rate,0.5,64,2,0.5,False,0.001,32,75,0.0,0.1,10,5,0.5,True,42,99,99,4,0.6887181852803086,0.6944099108378092,0.001
dropout_rate,0.5,64,2,0.5,False,0.001,32,75,0.0,0.1,10,5,0.5,True,42,99,99,5,0.6888779722379915,0.6955757578214009,0.001
dropout_rate,0.5,64,2,0.5,False,0.001,32,75,0.0,0.1,10,5,0.5,True,42,99,99,6,0.6853237775239077,0.6900835752487182,0.001
dropout_rate,0.5,64,2,0.5,False,0.001,32,75,0.0,0.1,10,5,0.5,True,42,99,99,7,0.6822080427046978,0.6951255838076273,0.001
dropout_rate,0.5,64,2,0.5,False,0.001,32,75,0.0,0.1,10,5,0.5,True,42,99,99,8,0.6778547867681041,0.6994184851646423,0.001
dropout_rate,0.5,64,2,0.5,False,0.001,32,75,0.0,0.1,10,5,0.5,True,42,99,99,9,0.6761925915877024,0.7016264398892721,0.001
dropout_rate,0.5,64,2,0.5,False,0.001,32,75,0.0,0.1,10,5,0.5,True,42,99,99,10,0.6687442141048836,0.7085520307223002,0.001
dropout_rate,0.5,64,2,0.5,False,0.001,32,75,0.0,0.1,10,5,0.5,True,42,99,99,11,0.6646380103898771,0.7114501357078552,0.001
dropout_rate,0.5,64,2,0.5,False,0.001,32,75,0.0,0.1,10,5,0.5,True,42,99,99,12,0.6544561083569671,0.7586634715398153,0.001
dropout_rate,0.5,64,2,0.5,False,0.001,32,75,0.0,0.1,10,5,0.5,True,42,99,99,13,0.6452963930187803,0.7286260763804118,0.001
dropout_rate,0.5,64,2,0.5,False,0.001,32,75,0.0,0.1,10,5,0.5,True,42,99,99,14,0.6300293900298349,0.7442909518877665,0.001
dropout_rate,0.5,64,2,0.5,False,0.001,32,75,0.0,0.1,10,5,0.5,True,42,99,99,15,0.6220376771507841,0.739969809850057,0.001
dropout_rate,0.5,64,2,0.5,False,0.001,32,75,0.0,0.1,10,5,0.5,True,42,99,99,16,0.6116894668701923,0.776241393884023,0.001
dropout_rate,0.5,64,2,0.5,False,0.001,32,75,0.0,0.1,10,5,0.5,True,42,100,100,1,0.6937832642685283,0.69449888865153,0.001
dropout_rate,0.5,64,2,0.5,False,0.001,32,75,0.0,0.1,10,5,0.5,True,42,100,100,2,0.6924421308618603,0.6942079742749532,0.001
dropout_rate,0.5,64,2,0.5,False,0.001,32,75,0.0,0.1,10,5,0.5,True,42,100,100,3,0.6911911801858381,0.6958075364430746,0.001
dropout_rate,0.5,64,2,0.5,False,0.001,32,75,0.0,0.1,10,5,0.5,True,42,100,100,4,0.6896702832344807,0.6962390780448914,0.001
dropout_rate,0.5,64,2,0.5,False,0.001,32,75,0.0,0.1,10,5,0.5,True,42,100,100,5,0.6894212103251255,0.6941929459571838,0.001
dropout_rate,0.5,64,2,0.5,False,0.001,32,75,0.0,0.1,10,5,0.5,True,42,100,100,6,0.6836452949227709,0.6966011961301167,0.001
dropout_rate,0.5,64,2,0.5,False,0.001,32,75,0.0,0.1,10,5,0.5,True,42,100,100,7,0.681217709274003,0.6957608064015707,0.001
dropout_rate,0.5,64,2,0.5,False,0.001,32,75,0.0,0.1,10,5,0.5,True,42,100,100,8,0.6789858986934026,0.6998776157697042,0.001
dropout_rate,0.5,64,2,0.5,False,0.001,32,75,0.0,0.1,10,5,0.5,True,42,100,100,9,0.6703915203159506,0.6953484773635864,0.001
dropout_rate,0.5,64,2,0.5,False,0.001,32,75,0.0,0.1,10,5,0.5,True,42,100,100,10,0.6636678192651633,0.6948045690854391,0.001
dropout_rate,0.5,64,2,0.5,False,0.001,32,75,0.0,0.1,10,5,0.5,True,42,100,100,11,0.6567065851254896,0.694684640566508,0.001
dropout_rate,0.5,64,2,0.5,False,0.001,32,75,0.0,0.1,10,5,0.5,True,42,100,100,12,0.6547303579070352,0.7043826262156169,0.001
dropout_rate,0.5,64,2,0.5,False,0.001,32,75,0.0,0.1,10,5,0.5,True,42,100,100,13,0.6488206079511931,0.699774710337321,0.001
dropout_rate,0.5,64,2,0.5,False,0.001,32,75,0.0,0.1,10,5,0.5,True,42,100,100,14,0.6442714656392733,0.7105049769083659,0.001
dropout_rate,0.5,64,2,0.5,False,0.001,32,75,0.0,0.1,10,5,0.5,True,42,100,100,15,0.6329620717601343,0.7149994134902954,0.001
dropout_rate,0.5,64,2,0.5,False,0.001,32,75,0.0,0.1,10,5,0.5,True,42,101,101,1,0.6943050261699792,0.6928715984026591,0.001
dropout_rate,0.5,64,2,0.5,False,0.001,32,75,0.0,0.1,10,5,0.5,True,42,101,101,2,0.6932255815375935,0.6931043783823649,0.001
dropout_rate,0.5,64,2,0.5,False,0.001,32,75,0.0,0.1,10,5,0.5,True,42,101,101,3,0.6919464012890151,0.6917097528775533,0.001
dropout_rate,0.5,64,2,0.5,False,0.001,32,75,0.0,0.1,10,5,0.5,True,42,101,101,4,0.6903175169771368,0.6905635555585226,0.001
dropout_rate,0.5,64,2,0.5,False,0.001,32,75,0.0,0.1,10,5,0.5,True,42,101,101,5,0.6898680780873154,0.6899012366930644,0.001
dropout_rate,0.5,64,2,0.5,False,0.001,32,75,0.0,0.1,10,5,0.5,True,42,101,101,6,0.6879745617960439,0.6901789824167888,0.001
dropout_rate,0.5,64,2,0.5,False,0.001,32,75,0.0,0.1,10,5,0.5,True,42,101,101,7,0.6820663457567041,0.6942811568578084,0.001
dropout_rate,0.5,64,2,0.5,False,0.001,32,75,0.0,0.1,10,5,0.5,True,42,101,101,8,0.6828885430639441,0.6908075888951619,0.001
dropout_rate,0.5,64,2,0.5,False,0.001,32,75,0.0,0.1,10,5,0.5,True,42,101,101,9,0.6763876328865687,0.6973596771558126,0.001
dropout_rate,0.5,64,2,0.5,False,0.001,32,75,0.0,0.1,10,5,0.5,True,42,101,101,10,0.6706422937638832,0.7007368087768555,0.001
dropout_rate,0.5,64,2,0.5,False,0.001,32,75,0.0,0.1,10,5,0.5,True,42,101,101,11,0.6645858509070945,0.7252481142679851,0.001
dropout_rate,0.5,64,2,0.5,False,0.001,32,75,0.0,0.1,10,5,0.5,True,42,101,101,12,0.6515363897338058,0.7251727700233459,0.001
dropout_rate,0.5,64,2,0.5,False,0.001,32,75,0.0,0.1,10,5,0.5,True,42,101,101,13,0.6399199217557907,0.7304916938145956,0.001
dropout_rate,0.5,64,2,0.5,False,0.001,32,75,0.0,0.1,10,5,0.5,True,42,101,101,14,0.6336876885457472,0.7476165652275085,0.001
dropout_rate,0.5,64,2,0.5,False,0.001,32,75,0.0,0.1,10,5,0.5,True,42,101,101,15,0.6190920591805921,0.77944974899292,0.001
dropout_rate,0.5,64,2,0.5,False,0.001,32,75,0.0,0.1,10,5,0.5,True,42,102,102,1,0.6946013885917086,0.692537256081899,0.001
dropout_rate,0.5,64,2,0.5,False,0.001,32,75,0.0,0.1,10,5,0.5,True,42,102,102,2,0.6929636326703158,0.6925560394922893,0.001
dropout_rate,0.5,64,2,0.5,False,0.001,32,75,0.0,0.1,10,5,0.5,True,42,102,102,3,0.6919111446900801,0.6920833190282186,0.001
dropout_rate,0.5,64,2,0.5,False,0.001,32,75,0.0,0.1,10,5,0.5,True,42,102,102,4,0.6917017729896487,0.6904090841611227,0.001
dropout_rate,0.5,64,2,0.5,False,0.001,32,75,0.0,0.1,10,5,0.5,True,42,102,102,5,0.6891993324864994,0.6909323374430338,0.001
dropout_rate,0.5,64,2,0.5,False,0.001,32,75,0.0,0.1,10,5,0.5,True,42,102,102,6,0.6872284118876313,0.6873316605885823,0.001
dropout_rate,0.5,64,2,0.5,False,0.001,32,75,0.0,0.1,10,5,0.5,True,42,102,102,7,0.6862027848308737,0.6913624246915181,0.001
dropout_rate,0.5,64,2,0.5,False,0.001,32,75,0.0,0.1,10,5,0.5,True,42,102,102,8,0.6810634583234787,0.6975519299507141,0.001
dropout_rate,0.5,64,2,0.5,False,0.001,32,75,0.0,0.1,10,5,0.5,True,42,102,102,9,0.679630944223115,0.6944956342379253,0.001
dropout_rate,0.5,64,2,0.5,False,0.001,32,75,0.0,0.1,10,5,0.5,True,42,102,102,10,0.6717209703091419,0.7026602745056152,0.001
dropout_rate,0.5,64,2,0.5,False,0.001,32,75,0.0,0.1,10,5,0.5,True,42,102,102,11,0.6671595162514484,0.711015005906423,0.001
dropout_rate,0.5,64,2,0.5,False,0.001,32,75,0.0,0.1,10,5,0.5,True,42,102,102,12,0.6630676596453695,0.7011033217112224,0.001
dropout_rate,0.5,64,2,0.5,False,0.001,32,75,0.0,0.1,10,5,0.5,True,42,102,102,13,0.6436375429232916,0.7272382259368897,0.001
dropout_rate,0.5,64,2,0.5,False,0.001,32,75,0.0,0.1,10,5,0.5,True,42,102,102,14,0.6343157009193392,0.7408496022224427,0.001
dropout_rate,0.5,64,2,0.5,False,0.001,32,75,0.0,0.1,10,5,0.5,True,42,102,102,15,0.6284259627714301,0.7390056371688842,0.001
dropout_rate,0.5,64,2,0.5,False,0.001,32,75,0.0,0.1,10,5,0.5,True,42,102,102,16,0.6166834609978127,0.7579572439193726,0.001
dropout_rate,0.5,64,2,0.5,False,0.001,32,75,0.0,0.1,10,5,0.5,True,42,103,103,1,0.6931218130118919,0.696924340724945,0.001
dropout_rate,0.5,64,2,0.5,False,0.001,32,75,0.0,0.1,10,5,0.5,True,42,103,103,2,0.6927953953995849,0.6929720242818197,0.001
dropout_rate,0.5,64,2,0.5,False,0.001,32,75,0.0,0.1,10,5,0.5,True,42,103,103,3,0.6912791182597479,0.6916860342025757,0.001
dropout_rate,0.5,64,2,0.5,False,0.001,32,75,0.0,0.1,10,5,0.5,True,42,103,103,4,0.6908514806718538,0.6913895646731059,0.001
dropout_rate,0.5,64,2,0.5,False,0.001,32,75,0.0,0.1,10,5,0.5,True,42,103,103,5,0.6886841573498466,0.6909607291221619,0.001
dropout_rate,0.5,64,2,0.5,False,0.001,32,75,0.0,0.1,10,5,0.5,True,42,103,103,6,0.6877913344087023,0.6913596789042155,0.001
dropout_rate,0.5,64,2,0.5,False,0.001,32,75,0.0,0.1,10,5,0.5,True,42,103,103,7,0.6833692653612657,0.6995592753092448,0.001
dropout_rate,0.5,64,2,0.5,False,0.001,32,75,0.0,0.1,10,5,0.5,True,42,103,103,8,0.6777592152357101,0.6967331091562907,0.001
dropout_rate,0.5,64,2,0.5,False,0.001,32,75,0.0,0.1,10,5,0.5,True,42,103,103,9,0.6756729167519193,0.698462947209676,0.001
dropout_rate,0.5,64,2,0.5,False,0.001,32,75,0.0,0.1,10,5,0.5,True,42,103,103,10,0.6711009763406984,0.6968624750773112,0.001
dropout_rate,0.5,64,2,0.5,False,0.001,32,75,0.0,0.1,10,5,0.5,True,42,103,103,11,0.6623464655695539,0.7165522813796997,0.001
dropout_rate,0.5,64,2,0.5,False,0.001,32,75,0.0,0.1,10,5,0.5,True,42,103,103,12,0.650331072735064,0.7131135662396749,0.001
dropout_rate,0.5,64,2,0.5,False,0.001,32,75,0.0,0.1,10,5,0.5,True,42,103,103,13,0.6383337997125856,0.7370869795481364,0.001
dropout_rate,0.5,64,2,0.5,False,0.001,32,75,0.0,0.1,10,5,0.5,True,42,103,103,14,0.633130601635485,0.7257808446884155,0.001
dropout_rate,0.5,64,2,0.5,False,0.001,32,75,0.0,0.1,10,5,0.5,True,42,103,103,15,0.6233645910114953,0.7352661808331807,0.001
dropout_rate,0.5,64,2,0.5,False,0.001,32,75,0.0,0.1,10,5,0.5,True,42,104,104,1,0.6943941324046163,0.6942212065060933,0.001
dropout_rate,0.5,64,2,0.5,False,0.001,32,75,0.0,0.1,10,5,0.5,True,42,104,104,2,0.6924015351317145,0.6944367607434591,0.001
dropout_rate,0.5,64,2,0.5,False,0.001,32,75,0.0,0.1,10,5,0.5,True,42,104,104,3,0.691862320358103,0.6951231519381206,0.001
dropout_rate,0.5,64,2,0.5,False,0.001,32,75,0.0,0.1,10,5,0.5,True,42,104,104,4,0.6917656086611025,0.6927708546320598,0.001
dropout_rate,0.5,64,2,0.5,False,0.001,32,75,0.0,0.1,10,5,0.5,True,42,104,104,5,0.6891121746915759,0.6908532977104187,0.001
dropout_rate,0.5,64,2,0.5,False,0.001,32,75,0.0,0.1,10,5,0.5,True,42,104,104,6,0.6884636495149496,0.6921234528223673,0.001
dropout_rate,0.5,64,2,0.5,False,0.001,32,75,0.0,0.1,10,5,0.5,True,42,104,104,7,0.6849568495244691,0.6922064304351807,0.001
dropout_rate,0.5,64,2,0.5,False,0.001,32,75,0.0,0.1,10,5,0.5,True,42,104,104,8,0.6794548305598173,0.6948615511258444,0.001
dropout_rate,0.5,64,2,0.5,False,0.001,32,75,0.0,0.1,10,5,0.5,True,42,104,104,9,0.6754172801068334,0.6943719585736593,0.001
dropout_rate,0.5,64,2,0.5,False,0.001,32,75,0.0,0.1,10,5,0.5,True,42,104,104,10,0.6715009916912426,0.697799825668335,0.001
dropout_rate,0.5,64,2,0.5,False,0.001,32,75,0.0,0.1,10,5,0.5,True,42,104,104,11,0.6619568236849525,0.7116289734840393,0.001
dropout_rate,0.5,64,2,0.5,False,0.001,32,75,0.0,0.1,10,5,0.5,True,42,104,104,12,0.6505747509725166,0.7264602740605672,0.001
dropout_rate,0.5,64,2,0.5,False,0.001,32,75,0.0,0.1,10,5,0.5,True,42,104,104,13,0.6451403322544965,0.7227284550666809,0.001
dropout_rate,0.5,64,2,0.5,False,0.001,32,75,0.0,0.1,10,5,0.5,True,42,104,104,14,0.6355503391135823,0.7162967125574747,0.001
dropout_rate,0.5,64,2,0.5,False,0.001,32,75,0.0,0.1,10,5,0.5,True,42,104,104,15,0.6294493237228105,0.7298993666966757,0.001
dropout_rate,0.5,64,2,0.5,False,0.001,32,75,0.0,0.1,10,5,0.5,True,42,105,105,1,0.6938814177657618,0.6931263168652853,0.001
dropout_rate,0.5,64,2,0.5,False,0.001,32,75,0.0,0.1,10,5,0.5,True,42,105,105,2,0.6928406642241911,0.6928375641504924,0.001
dropout_rate,0.5,64,2,0.5,False,0.001,32,75,0.0,0.1,10,5,0.5,True,42,105,105,3,0.6917180224801555,0.6927815357844035,0.001
dropout_rate,0.5,64,2,0.5,False,0.001,32,75,0.0,0.1,10,5,0.5,True,42,105,105,4,0.6909785636446693,0.6949291427930196,0.001
dropout_rate,0.5,64,2,0.5,False,0.001,32,75,0.0,0.1,10,5,0.5,True,42,105,105,5,0.6886526305567134,0.6930105090141296,0.001
dropout_rate,0.5,64,2,0.5,False,0.001,32,75,0.0,0.1,10,5,0.5,True,42,105,105,6,0.6866977115472158,0.6983589887619018,0.001
dropout_rate,0.5,64,2,0.5,False,0.001,32,75,0.0,0.1,10,5,0.5,True,42,105,105,7,0.6826319545507431,0.7019222776095072,0.001
dropout_rate,0.5,64,2,0.5,False,0.001,32,75,0.0,0.1,10,5,0.5,True,42,105,105,8,0.6793723368283474,0.7103963812192281,0.001
dropout_rate,0.5,64,2,0.5,False,0.001,32,75,0.0,0.1,10,5,0.5,True,42,105,105,9,0.6680605497324106,0.7124139030774435,0.001
dropout_rate,0.5,64,2,0.5,False,0.001,32,75,0.0,0.1,10,5,0.5,True,42,105,105,10,0.6637124428243348,0.7144134561220805,0.001
dropout_rate,0.5,64,2,0.5,False,0.001,32,75,0.0,0.1,10,5,0.5,True,42,105,105,11,0.6591819791179715,0.7131965517997741,0.001
dropout_rate,0.5,64,2,0.5,False,0.001,32,75,0.0,0.1,10,5,0.5,True,42,105,105,12,0.6517209817062725,0.7234300573666891,0.001
dropout_rate,0.5,64,2,0.5,False,0.001,32,75,0.0,0.1,10,5,0.5,True,42,105,105,13,0.6447244236866633,0.7303528825441996,0.001
dropout_rate,0.5,64,2,0.5,False,0.001,32,75,0.0,0.1,10,5,0.5,True,42,106,106,1,0.6936654434962706,0.6938495318094889,0.001
dropout_rate,0.5,64,2,0.5,False,0.001,32,75,0.0,0.1,10,5,0.5,True,42,106,106,2,0.692566142840819,0.693067479133606,0.001
dropout_rate,0.5,64,2,0.5,False,0.001,32,75,0.0,0.1,10,5,0.5,True,42,106,106,3,0.6927095552285513,0.6949593583742778,0.001
dropout_rate,0.5,64,2,0.5,False,0.001,32,75,0.0,0.1,10,5,0.5,True,42,106,106,4,0.6910630469069337,0.6927637656529745,0.001
dropout_rate,0.5,64,2,0.5,False,0.001,32,75,0.0,0.1,10,5,0.5,True,42,106,106,5,0.6894093679659294,0.6912251353263855,0.001
dropout_rate,0.5,64,2,0.5,False,0.001,32,75,0.0,0.1,10,5,0.5,True,42,106,106,6,0.6861054599285126,0.6962364037831624,0.001
dropout_rate,0.5,64,2,0.5,False,0.001,32,75,0.0,0.1,10,5,0.5,True,42,106,106,7,0.6826112211653681,0.6926141659418742,0.001
dropout_rate,0.5,64,2,0.5,False,0.001,32,75,0.0,0.1,10,5,0.5,True,42,106,106,8,0.6803728066610567,0.6889631350835165,0.001
dropout_rate,0.5,64,2,0.5,False,0.001,32,75,0.0,0.1,10,5,0.5,True,42,106,106,9,0.6773043130383347,0.7040745099385579,0.001
dropout_rate,0.5,64,2,0.5,False,0.001,32,75,0.0,0.1,10,5,0.5,True,42,106,106,10,0.6698762368072163,0.7052194078763326,0.001
dropout_rate,0.5,64,2,0.5,False,0.001,32,75,0.0,0.1,10,5,0.5,True,42,106,106,11,0.6658528365872123,0.7076157887776693,0.001
dropout_rate,0.5,64,2,0.5,False,0.001,32,75,0.0,0.1,10,5,0.5,True,42,106,106,12,0.654845492406325,0.7043885668118794,0.001
dropout_rate,0.5,64,2,0.5,False,0.001,32,75,0.0,0.1,10,5,0.5,True,42,106,106,13,0.654492661356926,0.7226900458335876,0.001
dropout_rate,0.5,64,2,0.5,False,0.001,32,75,0.0,0.1,10,5,0.5,True,42,106,106,14,0.6378076351953276,0.7626668016115824,0.001
dropout_rate,0.5,64,2,0.5,False,0.001,32,75,0.0,0.1,10,5,0.5,True,42,106,106,15,0.6167777365807331,0.7574552575747172,0.001
dropout_rate,0.5,64,2,0.5,False,0.001,32,75,0.0,0.1,10,5,0.5,True,42,106,106,16,0.6072456432562886,0.7585446198781332,0.001
dropout_rate,0.5,64,2,0.5,False,0.001,32,75,0.0,0.1,10,5,0.5,True,42,106,106,17,0.5933623027169344,0.8292614579200744,0.001
dropout_rate,0.5,64,2,0.5,False,0.001,32,75,0.0,0.1,10,5,0.5,True,42,106,106,18,0.5788510538863413,0.811603848139445,0.001
dropout_rate,0.5,64,2,0.5,False,0.001,32,75,0.0,0.1,10,5,0.5,True,42,107,107,1,0.6944785470312292,0.6933687011400859,0.001
dropout_rate,0.5,64,2,0.5,False,0.001,32,75,0.0,0.1,10,5,0.5,True,42,107,107,2,0.6928216503425078,0.6939053813616435,0.001
dropout_rate,0.5,64,2,0.5,False,0.001,32,75,0.0,0.1,10,5,0.5,True,42,107,107,3,0.6912067604787422,0.6950923959414165,0.001
dropout_rate,0.5,64,2,0.5,False,0.001,32,75,0.0,0.1,10,5,0.5,True,42,107,107,4,0.6885272363821665,0.6948567390441894,0.001
dropout_rate,0.5,64,2,0.5,False,0.001,32,75,0.0,0.1,10,5,0.5,True,42,107,107,5,0.6864618004271479,0.6985896865526835,0.001
dropout_rate,0.5,64,2,0.5,False,0.001,32,75,0.0,0.1,10,5,0.5,True,42,107,107,6,0.6829951468742255,0.6972711443901062,0.001
dropout_rate,0.5,64,2,0.5,False,0.001,32,75,0.0,0.1,10,5,0.5,True,42,107,107,7,0.6808047949364691,0.6995392640431722,0.001
dropout_rate,0.5,64,2,0.5,False,0.001,32,75,0.0,0.1,10,5,0.5,True,42,107,107,8,0.6718562317617012,0.7046802997589111,0.001
dropout_rate,0.5,64,2,0.5,False,0.001,32,75,0.0,0.1,10,5,0.5,True,42,107,107,9,0.669931764403979,0.7035553693771363,0.001
dropout_rate,0.5,64,2,0.5,False,0.001,32,75,0.0,0.1,10,5,0.5,True,42,107,107,10,0.6637801785360683,0.7119767785072326,0.001
dropout_rate,0.5,64,2,0.5,False,0.001,32,75,0.0,0.1,10,5,0.5,True,42,107,107,11,0.6601572655367128,0.7274530212084452,0.001
dropout_rate,0.5,64,2,0.5,False,0.001,32,75,0.0,0.1,10,5,0.5,True,42,108,108,1,0.6937771024125995,0.6931363741556803,0.001
dropout_rate,0.5,64,2,0.5,False,0.001,32,75,0.0,0.1,10,5,0.5,True,42,108,108,2,0.6927742596828577,0.6945540189743042,0.001
dropout_rate,0.5,64,2,0.5,False,0.001,32,75,0.0,0.1,10,5,0.5,True,42,108,108,3,0.693825000614831,0.6929091135660808,0.001
dropout_rate,0.5,64,2,0.5,False,0.001,32,75,0.0,0.1,10,5,0.5,True,42,108,108,4,0.6909771778366782,0.6910965879758199,0.001
dropout_rate,0.5,64,2,0.5,False,0.001,32,75,0.0,0.1,10,5,0.5,True,42,108,108,5,0.6887004402550784,0.6913126905759176,0.001
dropout_rate,0.5,64,2,0.5,False,0.001,32,75,0.0,0.1,10,5,0.5,True,42,108,108,6,0.686183514920148,0.6919988791147867,0.001
dropout_rate,0.5,64,2,0.5,False,0.001,32,75,0.0,0.1,10,5,0.5,True,42,108,108,7,0.679576808756048,0.6923548658688863,0.001
dropout_rate,0.5,64,2,0.5,False,0.001,32,75,0.0,0.1,10,5,0.5,True,42,108,108,8,0.6774498386816545,0.6988687078158061,0.001
dropout_rate,0.5,64,2,0.5,False,0.001,32,75,0.0,0.1,10,5,0.5,True,42,108,108,9,0.6748867197470232,0.6940541307131449,0.001
dropout_rate,0.5,64,2,0.5,False,0.001,32,75,0.0,0.1,10,5,0.5,True,42,108,108,10,0.6660536712769306,0.7046803196271261,0.001
dropout_rate,0.5,64,2,0.5,False,0.001,32,75,0.0,0.1,10,5,0.5,True,42,108,108,11,0.6606921982584577,0.7052149216334025,0.001
dropout_rate,0.5,64,2,0.5,False,0.001,32,75,0.0,0.1,10,5,0.5,True,42,108,108,12,0.6484250399199399,0.711885416507721,0.001
dropout_rate,0.5,64,2,0.5,False,0.001,32,75,0.0,0.1,10,5,0.5,True,42,108,108,13,0.6423163874582811,0.7209598382314046,0.001
dropout_rate,0.5,64,2,0.5,False,0.001,32,75,0.0,0.1,10,5,0.5,True,42,108,108,14,0.6362375840544701,0.7292524496714274,0.001
