parameter_name,parameter_value,fold,subject,epoch,train_loss,val_loss,learning_rate,d_model,nhead,num_layers,dim_feedforward,dropout_rate,batch_size,epochs,weight_decay,validation_fraction,early_stopping_patience,lr_scheduler_patience,lr_scheduler_factor,use_class_weight,seed
batch_size,16,1,1,1,0.693705191857008,0.6605376998583475,0.001,64,4,2,128,0.1,16,75,0.0,0.1,10,5,0.5,True,42
batch_size,16,1,1,2,0.6663549642145861,0.6450216442346572,0.001,64,4,2,128,0.1,16,75,0.0,0.1,10,5,0.5,True,42
batch_size,16,1,1,3,0.6502162970517524,0.6262211203575134,0.001,64,4,2,128,0.1,16,75,0.0,0.1,10,5,0.5,True,42
batch_size,16,1,1,4,0.6439902977345108,0.6036474694808324,0.001,64,4,2,128,0.1,16,75,0.0,0.1,10,5,0.5,True,42
batch_size,16,1,1,5,0.6314219204645193,0.5960548748572667,0.001,64,4,2,128,0.1,16,75,0.0,0.1,10,5,0.5,True,42
batch_size,16,1,1,6,0.6231694581844054,0.5909082154432933,0.001,64,4,2,128,0.1,16,75,0.0,0.1,10,5,0.5,True,42
batch_size,16,1,1,7,0.616357451156065,0.5816307902336121,0.001,64,4,2,128,0.1,16,75,0.0,0.1,10,5,0.5,True,42
batch_size,16,1,1,8,0.6057533153789578,0.5984818175435066,0.001,64,4,2,128,0.1,16,75,0.0,0.1,10,5,0.5,True,42
batch_size,16,1,1,9,0.6007933785480238,0.5926390300194423,0.001,64,4,2,128,0.1,16,75,0.0,0.1,10,5,0.5,True,42
batch_size,16,1,1,10,0.5901451224156659,0.597232406338056,0.001,64,4,2,128,0.1,16,75,0.0,0.1,10,5,0.5,True,42
batch_size,16,1,1,11,0.5808895149838336,0.5819790825247765,0.001,64,4,2,128,0.1,16,75,0.0,0.1,10,5,0.5,True,42
batch_size,16,1,1,12,0.5744911333680606,0.5943851421276728,0.001,64,4,2,128,0.1,16,75,0.0,0.1,10,5,0.5,True,42
batch_size,16,1,1,13,0.5645383579422766,0.5991124312082926,0.001,64,4,2,128,0.1,16,75,0.0,0.1,10,5,0.5,True,42
batch_size,16,1,1,14,0.5030744614030018,0.5953115940093994,0.001,64,4,2,128,0.1,16,75,0.0,0.1,10,5,0.5,True,42
batch_size,16,1,1,15,0.4815206208723126,0.6451491296291352,0.001,64,4,2,128,0.1,16,75,0.0,0.1,10,5,0.5,True,42
batch_size,16,1,1,16,0.4555030468525542,0.6647256538271904,0.001,64,4,2,128,0.1,16,75,0.0,0.1,10,5,0.5,True,42
batch_size,16,1,1,17,0.4391150343667418,0.6544417801002661,0.001,64,4,2,128,0.1,16,75,0.0,0.1,10,5,0.5,True,42
batch_size,16,2,2,1,0.6915205116507671,0.6485827594995499,0.001,64,4,2,128,0.1,16,75,0.0,0.1,10,5,0.5,True,42
batch_size,16,2,2,2,0.6647170409276911,0.6209650288025538,0.001,64,4,2,128,0.1,16,75,0.0,0.1,10,5,0.5,True,42
batch_size,16,2,2,3,0.6492363117040337,0.6171291530132293,0.001,64,4,2,128,0.1,16,75,0.0,0.1,10,5,0.5,True,42
batch_size,16,2,2,4,0.6353345826098221,0.5782906989256541,0.001,64,4,2,128,0.1,16,75,0.0,0.1,10,5,0.5,True,42
batch_size,16,2,2,5,0.6280563474834645,0.5925052066644033,0.001,64,4,2,128,0.1,16,75,0.0,0.1,10,5,0.5,True,42
batch_size,16,2,2,6,0.6221338219289091,0.5813344433903694,0.001,64,4,2,128,0.1,16,75,0.0,0.1,10,5,0.5,True,42
batch_size,16,2,2,7,0.6067161417279406,0.5681205819050471,0.001,64,4,2,128,0.1,16,75,0.0,0.1,10,5,0.5,True,42
batch_size,16,2,2,8,0.603758275848831,0.5993411401907603,0.001,64,4,2,128,0.1,16,75,0.0,0.1,10,5,0.5,True,42
batch_size,16,2,2,9,0.5895329607303604,0.5988535135984421,0.001,64,4,2,128,0.1,16,75,0.0,0.1,10,5,0.5,True,42
batch_size,16,2,2,10,0.5858154884989271,0.6102164382735888,0.001,64,4,2,128,0.1,16,75,0.0,0.1,10,5,0.5,True,42
batch_size,16,2,2,11,0.5773497115069922,0.6162937134504318,0.001,64,4,2,128,0.1,16,75,0.0,0.1,10,5,0.5,True,42
batch_size,16,2,2,12,0.5582986634947048,0.6015989075104395,0.001,64,4,2,128,0.1,16,75,0.0,0.1,10,5,0.5,True,42
batch_size,16,2,2,13,0.5398596156912612,0.6046198929349581,0.001,64,4,2,128,0.1,16,75,0.0,0.1,10,5,0.5,True,42
batch_size,16,2,2,14,0.4855299178411752,0.6544724563757579,0.001,64,4,2,128,0.1,16,75,0.0,0.1,10,5,0.5,True,42
batch_size,16,2,2,15,0.4502945653952573,0.7090061003963153,0.001,64,4,2,128,0.1,16,75,0.0,0.1,10,5,0.5,True,42
batch_size,16,2,2,16,0.43237899291991283,0.693467624982198,0.001,64,4,2,128,0.1,16,75,0.0,0.1,10,5,0.5,True,42
batch_size,16,2,2,17,0.4059370644815521,0.7390194068352381,0.001,64,4,2,128,0.1,16,75,0.0,0.1,10,5,0.5,True,42
batch_size,16,3,3,1,0.6934790284914663,0.6606395244598389,0.001,64,4,2,128,0.1,16,75,0.0,0.1,10,5,0.5,True,42
batch_size,16,3,3,2,0.663441776096141,0.6422094961007436,0.001,64,4,2,128,0.1,16,75,0.0,0.1,10,5,0.5,True,42
batch_size,16,3,3,3,0.6519198906059047,0.6045768916606903,0.001,64,4,2,128,0.1,16,75,0.0,0.1,10,5,0.5,True,42
batch_size,16,3,3,4,0.631060529004485,0.6064261744419733,0.001,64,4,2,128,0.1,16,75,0.0,0.1,10,5,0.5,True,42
batch_size,16,3,3,5,0.6189356149376118,0.5832101970911026,0.001,64,4,2,128,0.1,16,75,0.0,0.1,10,5,0.5,True,42
batch_size,16,3,3,6,0.6197413645769707,0.5891851186752319,0.001,64,4,2,128,0.1,16,75,0.0,0.1,10,5,0.5,True,42
batch_size,16,3,3,7,0.6086388762912823,0.6064050048589706,0.001,64,4,2,128,0.1,16,75,0.0,0.1,10,5,0.5,True,42
batch_size,16,3,3,8,0.5938716422015723,0.5895790124932925,0.001,64,4,2,128,0.1,16,75,0.0,0.1,10,5,0.5,True,42
batch_size,16,3,3,9,0.5850094857098032,0.6329076836506525,0.001,64,4,2,128,0.1,16,75,0.0,0.1,10,5,0.5,True,42
batch_size,16,3,3,10,0.5858276021797847,0.6456020121773084,0.001,64,4,2,128,0.1,16,75,0.0,0.1,10,5,0.5,True,42
batch_size,16,3,3,11,0.5693292941883943,0.621621863047282,0.001,64,4,2,128,0.1,16,75,0.0,0.1,10,5,0.5,True,42
batch_size,16,3,3,12,0.5215923845088074,0.5996632675329844,0.001,64,4,2,128,0.1,16,75,0.0,0.1,10,5,0.5,True,42
batch_size,16,3,3,13,0.4981704333889167,0.6626166343688965,0.001,64,4,2,128,0.1,16,75,0.0,0.1,10,5,0.5,True,42
batch_size,16,3,3,14,0.48026361823535235,0.6058952917655309,0.001,64,4,2,128,0.1,16,75,0.0,0.1,10,5,0.5,True,42
batch_size,16,3,3,15,0.45152049809127703,0.680865545074145,0.001,64,4,2,128,0.1,16,75,0.0,0.1,10,5,0.5,True,42
batch_size,16,4,4,1,0.6990405883172619,0.6861234903335571,0.001,64,4,2,128,0.1,16,75,0.0,0.1,10,5,0.5,True,42
batch_size,16,4,4,2,0.6758038684895736,0.6201624433199565,0.001,64,4,2,128,0.1,16,75,0.0,0.1,10,5,0.5,True,42
batch_size,16,4,4,3,0.6617435488864043,0.6178058316310246,0.001,64,4,2,128,0.1,16,75,0.0,0.1,10,5,0.5,True,42
batch_size,16,4,4,4,0.6395018241251377,0.5996670256058375,0.001,64,4,2,128,0.1,16,75,0.0,0.1,10,5,0.5,True,42
batch_size,16,4,4,5,0.6275794570663583,0.5989680896202724,0.001,64,4,2,128,0.1,16,75,0.0,0.1,10,5,0.5,True,42
batch_size,16,4,4,6,0.6184512555825846,0.5646038214365642,0.001,64,4,2,128,0.1,16,75,0.0,0.1,10,5,0.5,True,42
batch_size,16,4,4,7,0.6115823076478428,0.5816674783825875,0.001,64,4,2,128,0.1,16,75,0.0,0.1,10,5,0.5,True,42
batch_size,16,4,4,8,0.6076842129457133,0.5799218957622846,0.001,64,4,2,128,0.1,16,75,0.0,0.1,10,5,0.5,True,42
batch_size,16,4,4,9,0.5911305095759635,0.590148585041364,0.001,64,4,2,128,0.1,16,75,0.0,0.1,10,5,0.5,True,42
batch_size,16,4,4,10,0.5882511058461077,0.5706486811240514,0.001,64,4,2,128,0.1,16,75,0.0,0.1,10,5,0.5,True,42
batch_size,16,4,4,11,0.5793419195898586,0.5836996455987294,0.001,64,4,2,128,0.1,16,75,0.0,0.1,10,5,0.5,True,42
batch_size,16,4,4,12,0.5615793543623427,0.5627746348579724,0.001,64,4,2,128,0.1,16,75,0.0,0.1,10,5,0.5,True,42
batch_size,16,4,4,13,0.5538226253859444,0.5561252564191819,0.001,64,4,2,128,0.1,16,75,0.0,0.1,10,5,0.5,True,42
batch_size,16,4,4,14,0.5432442451611218,0.6529443085193634,0.001,64,4,2,128,0.1,16,75,0.0,0.1,10,5,0.5,True,42
batch_size,16,4,4,15,0.5401524154632263,0.5740059728423754,0.001,64,4,2,128,0.1,16,75,0.0,0.1,10,5,0.5,True,42
batch_size,16,4,4,16,0.5155903030710982,0.6882620573043823,0.001,64,4,2,128,0.1,16,75,0.0,0.1,10,5,0.5,True,42
batch_size,16,4,4,17,0.5025116150823383,0.6122612036764622,0.001,64,4,2,128,0.1,16,75,0.0,0.1,10,5,0.5,True,42
batch_size,16,4,4,18,0.502706757913071,0.640241369108359,0.001,64,4,2,128,0.1,16,75,0.0,0.1,10,5,0.5,True,42
batch_size,16,4,4,19,0.4725800046676012,0.6490256550411383,0.001,64,4,2,128,0.1,16,75,0.0,0.1,10,5,0.5,True,42
batch_size,16,4,4,20,0.4024829331912922,0.6815076719969511,0.001,64,4,2,128,0.1,16,75,0.0,0.1,10,5,0.5,True,42
batch_size,16,4,4,21,0.3790306669337668,0.7014243956655264,0.001,64,4,2,128,0.1,16,75,0.0,0.1,10,5,0.5,True,42
batch_size,16,4,4,22,0.35431121927137155,0.724354365033408,0.001,64,4,2,128,0.1,16,75,0.0,0.1,10,5,0.5,True,42
batch_size,16,4,4,23,0.333241570641786,0.7413965831821163,0.001,64,4,2,128,0.1,16,75,0.0,0.1,10,5,0.5,True,42
batch_size,16,5,5,1,0.6835514898535869,0.648136360446612,0.001,64,4,2,128,0.1,16,75,0.0,0.1,10,5,0.5,True,42
batch_size,16,5,5,2,0.6513230845955388,0.6863291104634602,0.001,64,4,2,128,0.1,16,75,0.0,0.1,10,5,0.5,True,42
batch_size,16,5,5,3,0.6371389755504666,0.677087681988875,0.001,64,4,2,128,0.1,16,75,0.0,0.1,10,5,0.5,True,42
batch_size,16,5,5,4,0.6340249103738328,0.6589945038159688,0.001,64,4,2,128,0.1,16,75,0.0,0.1,10,5,0.5,True,42
batch_size,16,5,5,5,0.6184621671986671,0.6207070509592693,0.001,64,4,2,128,0.1,16,75,0.0,0.1,10,5,0.5,True,42
batch_size,16,5,5,6,0.6087720021322199,0.6275689889987309,0.001,64,4,2,128,0.1,16,75,0.0,0.1,10,5,0.5,True,42
batch_size,16,5,5,7,0.600260553364518,0.6363357265790304,0.001,64,4,2,128,0.1,16,75,0.0,0.1,10,5,0.5,True,42
batch_size,16,5,5,8,0.5844360549187025,0.6477001289526622,0.001,64,4,2,128,0.1,16,75,0.0,0.1,10,5,0.5,True,42
batch_size,16,5,5,9,0.5787033273240006,0.6262282450993856,0.001,64,4,2,128,0.1,16,75,0.0,0.1,10,5,0.5,True,42
batch_size,16,5,5,10,0.5544395095495217,0.7239785040418307,0.001,64,4,2,128,0.1,16,75,0.0,0.1,10,5,0.5,True,42
batch_size,16,5,5,11,0.5410836503306269,0.7082953502734503,0.001,64,4,2,128,0.1,16,75,0.0,0.1,10,5,0.5,True,42
batch_size,16,5,5,12,0.4877115507316227,0.7421875933806101,0.001,64,4,2,128,0.1,16,75,0.0,0.1,10,5,0.5,True,42
batch_size,16,5,5,13,0.45650531272244543,0.7236599266529083,0.001,64,4,2,128,0.1,16,75,0.0,0.1,10,5,0.5,True,42
batch_size,16,5,5,14,0.4290159734483001,0.7583130473891894,0.001,64,4,2,128,0.1,16,75,0.0,0.1,10,5,0.5,True,42
batch_size,16,5,5,15,0.4039484438674078,0.8473590244849523,0.001,64,4,2,128,0.1,16,75,0.0,0.1,10,5,0.5,True,42
batch_size,16,6,6,1,0.6912523854821354,0.6937213391065598,0.001,64,4,2,128,0.1,16,75,0.0,0.1,10,5,0.5,True,42
batch_size,16,6,6,2,0.6630148460429884,0.632815424601237,0.001,64,4,2,128,0.1,16,75,0.0,0.1,10,5,0.5,True,42
batch_size,16,6,6,3,0.6420619724594595,0.6162583400805791,0.001,64,4,2,128,0.1,16,75,0.0,0.1,10,5,0.5,True,42
batch_size,16,6,6,4,0.6308959699855557,0.6391556739807129,0.001,64,4,2,128,0.1,16,75,0.0,0.1,10,5,0.5,True,42
batch_size,16,6,6,5,0.6230296477845413,0.594882012406985,0.001,64,4,2,128,0.1,16,75,0.0,0.1,10,5,0.5,True,42
batch_size,16,6,6,6,0.6120387129910545,0.6030076583226521,0.001,64,4,2,128,0.1,16,75,0.0,0.1,10,5,0.5,True,42
batch_size,16,6,6,7,0.597144128025258,0.5991967231035232,0.001,64,4,2,128,0.1,16,75,0.0,0.1,10,5,0.5,True,42
batch_size,16,6,6,8,0.5925794451182332,0.6016159782807032,0.001,64,4,2,128,0.1,16,75,0.0,0.1,10,5,0.5,True,42
batch_size,16,6,6,9,0.5798427386655554,0.6122762620449066,0.001,64,4,2,128,0.1,16,75,0.0,0.1,10,5,0.5,True,42
batch_size,16,6,6,10,0.5765921929036709,0.604546332359314,0.001,64,4,2,128,0.1,16,75,0.0,0.1,10,5,0.5,True,42
batch_size,16,6,6,11,0.5546718567269836,0.6557950079441071,0.001,64,4,2,128,0.1,16,75,0.0,0.1,10,5,0.5,True,42
batch_size,16,6,6,12,0.4995526935437786,0.6651885509490967,0.001,64,4,2,128,0.1,16,75,0.0,0.1,10,5,0.5,True,42
batch_size,16,6,6,13,0.4715942414654525,0.7353105266888936,0.001,64,4,2,128,0.1,16,75,0.0,0.1,10,5,0.5,True,42
batch_size,16,6,6,14,0.44382399819196405,0.7178165430823962,0.001,64,4,2,128,0.1,16,75,0.0,0.1,10,5,0.5,True,42
batch_size,16,6,6,15,0.4264044708682104,0.7866938571135204,0.001,64,4,2,128,0.1,16,75,0.0,0.1,10,5,0.5,True,42
batch_size,16,7,7,1,0.6957627856686088,0.6587382237116496,0.001,64,4,2,128,0.1,16,75,0.0,0.1,10,5,0.5,True,42
batch_size,16,7,7,2,0.6673205071075787,0.6337628771861394,0.001,64,4,2,128,0.1,16,75,0.0,0.1,10,5,0.5,True,42
batch_size,16,7,7,3,0.6508878845678989,0.6181327879428864,0.001,64,4,2,128,0.1,16,75,0.0,0.1,10,5,0.5,True,42
batch_size,16,7,7,4,0.6387770871699083,0.5889634639024734,0.001,64,4,2,128,0.1,16,75,0.0,0.1,10,5,0.5,True,42
batch_size,16,7,7,5,0.6325933485656636,0.5999021430810293,0.001,64,4,2,128,0.1,16,75,0.0,0.1,10,5,0.5,True,42
batch_size,16,7,7,6,0.6222352373056086,0.5820740302403767,0.001,64,4,2,128,0.1,16,75,0.0,0.1,10,5,0.5,True,42
batch_size,16,7,7,7,0.6103978229566219,0.5941773866613705,0.001,64,4,2,128,0.1,16,75,0.0,0.1,10,5,0.5,True,42
batch_size,16,7,7,8,0.6019971401292562,0.6026892373959224,0.001,64,4,2,128,0.1,16,75,0.0,0.1,10,5,0.5,True,42
batch_size,16,7,7,9,0.5989016127903651,0.616596050063769,0.001,64,4,2,128,0.1,16,75,0.0,0.1,10,5,0.5,True,42
batch_size,16,7,7,10,0.5865999351436194,0.5975280890862147,0.001,64,4,2,128,0.1,16,75,0.0,0.1,10,5,0.5,True,42
batch_size,16,7,7,11,0.579634736359346,0.600739398598671,0.001,64,4,2,128,0.1,16,75,0.0,0.1,10,5,0.5,True,42
batch_size,16,7,7,12,0.5671278732357823,0.6306459878881773,0.001,64,4,2,128,0.1,16,75,0.0,0.1,10,5,0.5,True,42
batch_size,16,7,7,13,0.5186227114708252,0.6568506181240081,0.001,64,4,2,128,0.1,16,75,0.0,0.1,10,5,0.5,True,42
batch_size,16,7,7,14,0.4933432113988318,0.6505304048458735,0.001,64,4,2,128,0.1,16,75,0.0,0.1,10,5,0.5,True,42
batch_size,16,7,7,15,0.473375641234474,0.7194547623395919,0.001,64,4,2,128,0.1,16,75,0.0,0.1,10,5,0.5,True,42
batch_size,16,7,7,16,0.44464809994280563,0.7242055431008338,0.001,64,4,2,128,0.1,16,75,0.0,0.1,10,5,0.5,True,42
batch_size,16,8,8,1,0.696931257673996,0.6694845696290334,0.001,64,4,2,128,0.1,16,75,0.0,0.1,10,5,0.5,True,42
batch_size,16,8,8,2,0.670458440998208,0.6611466109752655,0.001,64,4,2,128,0.1,16,75,0.0,0.1,10,5,0.5,True,42
batch_size,16,8,8,3,0.6566930052898683,0.6488746990760167,0.001,64,4,2,128,0.1,16,75,0.0,0.1,10,5,0.5,True,42
batch_size,16,8,8,4,0.6486344930110323,0.6319023768107096,0.001,64,4,2,128,0.1,16,75,0.0,0.1,10,5,0.5,True,42
batch_size,16,8,8,5,0.6384662325164664,0.6232754429181416,0.001,64,4,2,128,0.1,16,75,0.0,0.1,10,5,0.5,True,42
batch_size,16,8,8,6,0.6297803888302792,0.6210259755452474,0.001,64,4,2,128,0.1,16,75,0.0,0.1,10,5,0.5,True,42
batch_size,16,8,8,7,0.6278994269244118,0.6204564303159714,0.001,64,4,2,128,0.1,16,75,0.0,0.1,10,5,0.5,True,42
batch_size,16,8,8,8,0.618827458570212,0.6245652382572492,0.001,64,4,2,128,0.1,16,75,0.0,0.1,10,5,0.5,True,42
batch_size,16,8,8,9,0.6143820681272804,0.6279696842034658,0.001,64,4,2,128,0.1,16,75,0.0,0.1,10,5,0.5,True,42
batch_size,16,8,8,10,0.6017026429847167,0.636887933810552,0.001,64,4,2,128,0.1,16,75,0.0,0.1,10,5,0.5,True,42
batch_size,16,8,8,11,0.5900854830959451,0.6096847037474314,0.001,64,4,2,128,0.1,16,75,0.0,0.1,10,5,0.5,True,42
batch_size,16,8,8,12,0.5780526726531439,0.625055593252182,0.001,64,4,2,128,0.1,16,75,0.0,0.1,10,5,0.5,True,42
batch_size,16,8,8,13,0.5596260308312826,0.6448013524214427,0.001,64,4,2,128,0.1,16,75,0.0,0.1,10,5,0.5,True,42
batch_size,16,8,8,14,0.5484557916682936,0.6315161536137263,0.001,64,4,2,128,0.1,16,75,0.0,0.1,10,5,0.5,True,42
batch_size,16,8,8,15,0.5365623372815861,0.7034737666447958,0.001,64,4,2,128,0.1,16,75,0.0,0.1,10,5,0.5,True,42
batch_size,16,8,8,16,0.5155022421943825,0.7184503540396691,0.001,64,4,2,128,0.1,16,75,0.0,0.1,10,5,0.5,True,42
batch_size,16,8,8,17,0.5031450116589042,0.6718966588377953,0.001,64,4,2,128,0.1,16,75,0.0,0.1,10,5,0.5,True,42
batch_size,16,8,8,18,0.42104376297259966,0.7625071555376053,0.001,64,4,2,128,0.1,16,75,0.0,0.1,10,5,0.5,True,42
batch_size,16,8,8,19,0.3956703873698249,0.7990074714024862,0.001,64,4,2,128,0.1,16,75,0.0,0.1,10,5,0.5,True,42
batch_size,16,8,8,20,0.3686624898260084,0.8433729857206345,0.001,64,4,2,128,0.1,16,75,0.0,0.1,10,5,0.5,True,42
batch_size,16,8,8,21,0.3352796302492174,0.9813006227215131,0.001,64,4,2,128,0.1,16,75,0.0,0.1,10,5,0.5,True,42
batch_size,16,9,9,1,0.6924311570794863,0.6839865505695343,0.001,64,4,2,128,0.1,16,75,0.0,0.1,10,5,0.5,True,42
batch_size,16,9,9,2,0.6544817937644263,0.6227055937051773,0.001,64,4,2,128,0.1,16,75,0.0,0.1,10,5,0.5,True,42
batch_size,16,9,9,3,0.6324978304226588,0.600589911142985,0.001,64,4,2,128,0.1,16,75,0.0,0.1,10,5,0.5,True,42
batch_size,16,9,9,4,0.6200810550736837,0.5990442832310995,0.001,64,4,2,128,0.1,16,75,0.0,0.1,10,5,0.5,True,42
batch_size,16,9,9,5,0.611750974854589,0.6264386961857478,0.001,64,4,2,128,0.1,16,75,0.0,0.1,10,5,0.5,True,42
batch_size,16,9,9,6,0.6013964165299565,0.613267304499944,0.001,64,4,2,128,0.1,16,75,0.0,0.1,10,5,0.5,True,42
batch_size,16,9,9,7,0.5923026030734465,0.6349009116490681,0.001,64,4,2,128,0.1,16,75,0.0,0.1,10,5,0.5,True,42
batch_size,16,9,9,8,0.5933285391829313,0.615924420952797,0.001,64,4,2,128,0.1,16,75,0.0,0.1,10,5,0.5,True,42
batch_size,16,9,9,9,0.5777972930964408,0.6246337662140529,0.001,64,4,2,128,0.1,16,75,0.0,0.1,10,5,0.5,True,42
batch_size,16,9,9,10,0.5635155890377755,0.6377939055363337,0.001,64,4,2,128,0.1,16,75,0.0,0.1,10,5,0.5,True,42
batch_size,16,9,9,11,0.524393162006661,0.6012019296487172,0.001,64,4,2,128,0.1,16,75,0.0,0.1,10,5,0.5,True,42
batch_size,16,9,9,12,0.5015994029353327,0.6275204728047054,0.001,64,4,2,128,0.1,16,75,0.0,0.1,10,5,0.5,True,42
batch_size,16,9,9,13,0.47749065814589364,0.7194762125611305,0.001,64,4,2,128,0.1,16,75,0.0,0.1,10,5,0.5,True,42
batch_size,16,9,9,14,0.46478428847436215,0.692651046315829,0.001,64,4,2,128,0.1,16,75,0.0,0.1,10,5,0.5,True,42
batch_size,16,10,10,1,0.6970193816681779,0.6786604622999827,0.001,64,4,2,128,0.1,16,75,0.0,0.1,10,5,0.5,True,42
batch_size,16,10,10,2,0.6676085049661846,0.7062680105368296,0.001,64,4,2,128,0.1,16,75,0.0,0.1,10,5,0.5,True,42
batch_size,16,10,10,3,0.6541872121988593,0.6286784251530965,0.001,64,4,2,128,0.1,16,75,0.0,0.1,10,5,0.5,True,42
batch_size,16,10,10,4,0.640155526848347,0.6316696067651113,0.001,64,4,2,128,0.1,16,75,0.0,0.1,10,5,0.5,True,42
batch_size,16,10,10,5,0.6296821277404466,0.6249440362056097,0.001,64,4,2,128,0.1,16,75,0.0,0.1,10,5,0.5,True,42
batch_size,16,10,10,6,0.6211726955587873,0.6211480081081391,0.001,64,4,2,128,0.1,16,75,0.0,0.1,10,5,0.5,True,42
batch_size,16,10,10,7,0.6161707380198708,0.6183210442463557,0.001,64,4,2,128,0.1,16,75,0.0,0.1,10,5,0.5,True,42
batch_size,16,10,10,8,0.6083624490993558,0.6394295076529185,0.001,64,4,2,128,0.1,16,75,0.0,0.1,10,5,0.5,True,42
batch_size,16,10,10,9,0.6006281417812231,0.6137726445992787,0.001,64,4,2,128,0.1,16,75,0.0,0.1,10,5,0.5,True,42
batch_size,16,10,10,10,0.5924920855592866,0.5991633931795756,0.001,64,4,2,128,0.1,16,75,0.0,0.1,10,5,0.5,True,42
batch_size,16,10,10,11,0.5763807517720719,0.6585620616873106,0.001,64,4,2,128,0.1,16,75,0.0,0.1,10,5,0.5,True,42
batch_size,16,10,10,12,0.5680329532224416,0.6396251887083053,0.001,64,4,2,128,0.1,16,75,0.0,0.1,10,5,0.5,True,42
batch_size,16,10,10,13,0.5665469166783779,0.6367516885201137,0.001,64,4,2,128,0.1,16,75,0.0,0.1,10,5,0.5,True,42
batch_size,16,10,10,14,0.5392209186073492,0.6515966385602951,0.001,64,4,2,128,0.1,16,75,0.0,0.1,10,5,0.5,True,42
batch_size,16,10,10,15,0.5210170918657753,0.6608639597892761,0.001,64,4,2,128,0.1,16,75,0.0,0.1,10,5,0.5,True,42
batch_size,16,10,10,16,0.5137809712170648,0.6731265544891357,0.001,64,4,2,128,0.1,16,75,0.0,0.1,10,5,0.5,True,42
batch_size,16,10,10,17,0.4463073963674756,0.7190645505984624,0.001,64,4,2,128,0.1,16,75,0.0,0.1,10,5,0.5,True,42
batch_size,16,10,10,18,0.4231437233917613,0.7299321542183558,0.001,64,4,2,128,0.1,16,75,0.0,0.1,10,5,0.5,True,42
batch_size,16,10,10,19,0.3855194504666691,0.7869474122921626,0.001,64,4,2,128,0.1,16,75,0.0,0.1,10,5,0.5,True,42
batch_size,16,10,10,20,0.3716227607695322,0.8039221902688344,0.001,64,4,2,128,0.1,16,75,0.0,0.1,10,5,0.5,True,42
batch_size,16,11,11,1,0.6944520380560436,0.6614268441994985,0.001,64,4,2,128,0.1,16,75,0.0,0.1,10,5,0.5,True,42
batch_size,16,11,11,2,0.6717885855032917,0.650237712264061,0.001,64,4,2,128,0.1,16,75,0.0,0.1,10,5,0.5,True,42
batch_size,16,11,11,3,0.6528638721418925,0.6049055834611257,0.001,64,4,2,128,0.1,16,75,0.0,0.1,10,5,0.5,True,42
batch_size,16,11,11,4,0.6413305345143655,0.625226836403211,0.001,64,4,2,128,0.1,16,75,0.0,0.1,10,5,0.5,True,42
batch_size,16,11,11,5,0.6330442307339875,0.5949632773796717,0.001,64,4,2,128,0.1,16,75,0.0,0.1,10,5,0.5,True,42
batch_size,16,11,11,6,0.6220324575447764,0.6086010073622068,0.001,64,4,2,128,0.1,16,75,0.0,0.1,10,5,0.5,True,42
batch_size,16,11,11,7,0.6202078087701544,0.6090260883172353,0.001,64,4,2,128,0.1,16,75,0.0,0.1,10,5,0.5,True,42
batch_size,16,11,11,8,0.606908450221834,0.5706216608484586,0.001,64,4,2,128,0.1,16,75,0.0,0.1,10,5,0.5,True,42
batch_size,16,11,11,9,0.5988513417117043,0.5910630752642949,0.001,64,4,2,128,0.1,16,75,0.0,0.1,10,5,0.5,True,42
batch_size,16,11,11,10,0.5888881158692755,0.583345428109169,0.001,64,4,2,128,0.1,16,75,0.0,0.1,10,5,0.5,True,42
batch_size,16,11,11,11,0.576312636354577,0.6431172450383504,0.001,64,4,2,128,0.1,16,75,0.0,0.1,10,5,0.5,True,42
batch_size,16,11,11,12,0.5812208397533504,0.6324403494596481,0.001,64,4,2,128,0.1,16,75,0.0,0.1,10,5,0.5,True,42
batch_size,16,11,11,13,0.5651795986487385,0.6068833847840627,0.001,64,4,2,128,0.1,16,75,0.0,0.1,10,5,0.5,True,42
batch_size,16,11,11,14,0.555521539862165,0.6653109185397625,0.001,64,4,2,128,0.1,16,75,0.0,0.1,10,5,0.5,True,42
batch_size,16,11,11,15,0.5145921017620501,0.6299716929594675,0.001,64,4,2,128,0.1,16,75,0.0,0.1,10,5,0.5,True,42
batch_size,16,11,11,16,0.48424853344833896,0.6388107274969419,0.001,64,4,2,128,0.1,16,75,0.0,0.1,10,5,0.5,True,42
batch_size,16,11,11,17,0.4680004841134575,0.6606320386131604,0.001,64,4,2,128,0.1,16,75,0.0,0.1,10,5,0.5,True,42
batch_size,16,11,11,18,0.448357573593524,0.7145255109916131,0.001,64,4,2,128,0.1,16,75,0.0,0.1,10,5,0.5,True,42
batch_size,16,12,12,1,0.6979262951209064,0.6648913959662119,0.001,64,4,2,128,0.1,16,75,0.0,0.1,10,5,0.5,True,42
batch_size,16,12,12,2,0.6651896265523062,0.6759793172279994,0.001,64,4,2,128,0.1,16,75,0.0,0.1,10,5,0.5,True,42
batch_size,16,12,12,3,0.6453886349391574,0.6251888324817022,0.001,64,4,2,128,0.1,16,75,0.0,0.1,10,5,0.5,True,42
batch_size,16,12,12,4,0.6316888765237177,0.6602564841508866,0.001,64,4,2,128,0.1,16,75,0.0,0.1,10,5,0.5,True,42
batch_size,16,12,12,5,0.6270021773563138,0.6588262865940729,0.001,64,4,2,128,0.1,16,75,0.0,0.1,10,5,0.5,True,42
batch_size,16,12,12,6,0.6111697160245801,0.6213086942831675,0.001,64,4,2,128,0.1,16,75,0.0,0.1,10,5,0.5,True,42
batch_size,16,12,12,7,0.6063685072692175,0.6392830381790797,0.001,64,4,2,128,0.1,16,75,0.0,0.1,10,5,0.5,True,42
batch_size,16,12,12,8,0.5920765080379442,0.6940594245990117,0.001,64,4,2,128,0.1,16,75,0.0,0.1,10,5,0.5,True,42
batch_size,16,12,12,9,0.5887997239941427,0.6395409395297368,0.001,64,4,2,128,0.1,16,75,0.0,0.1,10,5,0.5,True,42
batch_size,16,12,12,10,0.5715407441324154,0.6439412405093511,0.001,64,4,2,128,0.1,16,75,0.0,0.1,10,5,0.5,True,42
batch_size,16,12,12,11,0.5514398874438761,0.7222850431998571,0.001,64,4,2,128,0.1,16,75,0.0,0.1,10,5,0.5,True,42
batch_size,16,12,12,12,0.5411195047907956,0.7031066397825877,0.001,64,4,2,128,0.1,16,75,0.0,0.1,10,5,0.5,True,42
batch_size,16,12,12,13,0.48388214460343915,0.7356752067804336,0.001,64,4,2,128,0.1,16,75,0.0,0.1,10,5,0.5,True,42
batch_size,16,12,12,14,0.45416129598599425,0.7219262798627217,0.001,64,4,2,128,0.1,16,75,0.0,0.1,10,5,0.5,True,42
batch_size,16,12,12,15,0.4331267040378694,0.7753334035476048,0.001,64,4,2,128,0.1,16,75,0.0,0.1,10,5,0.5,True,42
batch_size,16,12,12,16,0.4046972833942098,0.7826742976903915,0.001,64,4,2,128,0.1,16,75,0.0,0.1,10,5,0.5,True,42
batch_size,16,13,13,1,0.6981569366021589,0.7178111364444096,0.001,64,4,2,128,0.1,16,75,0.0,0.1,10,5,0.5,True,42
batch_size,16,13,13,2,0.6711690179777868,0.6177294939756394,0.001,64,4,2,128,0.1,16,75,0.0,0.1,10,5,0.5,True,42
batch_size,16,13,13,3,0.6529900660794793,0.6197726378838221,0.001,64,4,2,128,0.1,16,75,0.0,0.1,10,5,0.5,True,42
batch_size,16,13,13,4,0.6365878128192641,0.5987374047438304,0.001,64,4,2,128,0.1,16,75,0.0,0.1,10,5,0.5,True,42
batch_size,16,13,13,5,0.6200304051691835,0.5960448662439982,0.001,64,4,2,128,0.1,16,75,0.0,0.1,10,5,0.5,True,42
batch_size,16,13,13,6,0.6117591673903393,0.5964772035678227,0.001,64,4,2,128,0.1,16,75,0.0,0.1,10,5,0.5,True,42
batch_size,16,13,13,7,0.6001536251243317,0.602963337302208,0.001,64,4,2,128,0.1,16,75,0.0,0.1,10,5,0.5,True,42
batch_size,16,13,13,8,0.5901083840113698,0.59239648381869,0.001,64,4,2,128,0.1,16,75,0.0,0.1,10,5,0.5,True,42
batch_size,16,13,13,9,0.5789705599573526,0.6306052943070729,0.001,64,4,2,128,0.1,16,75,0.0,0.1,10,5,0.5,True,42
batch_size,16,13,13,10,0.5665375873672239,0.6127263595660527,0.001,64,4,2,128,0.1,16,75,0.0,0.1,10,5,0.5,True,42
batch_size,16,13,13,11,0.5524647278767644,0.6418414582808812,0.001,64,4,2,128,0.1,16,75,0.0,0.1,10,5,0.5,True,42
batch_size,16,13,13,12,0.5366098154900651,0.6519065241018931,0.001,64,4,2,128,0.1,16,75,0.0,0.1,10,5,0.5,True,42
batch_size,16,13,13,13,0.511716024047046,0.6835548241933187,0.001,64,4,2,128,0.1,16,75,0.0,0.1,10,5,0.5,True,42
batch_size,16,13,13,14,0.49506402743810957,0.6633903096119563,0.001,64,4,2,128,0.1,16,75,0.0,0.1,10,5,0.5,True,42
batch_size,16,13,13,15,0.4327386117004084,0.7746600121259689,0.001,64,4,2,128,0.1,16,75,0.0,0.1,10,5,0.5,True,42
batch_size,16,13,13,16,0.3948679669393283,0.822002770503362,0.001,64,4,2,128,0.1,16,75,0.0,0.1,10,5,0.5,True,42
batch_size,16,13,13,17,0.37872843523368693,0.9229488824804624,0.001,64,4,2,128,0.1,16,75,0.0,0.1,10,5,0.5,True,42
batch_size,16,13,13,18,0.3538499436708111,0.8759738316138586,0.001,64,4,2,128,0.1,16,75,0.0,0.1,10,5,0.5,True,42
batch_size,16,14,14,1,0.6919383479161861,0.6770919293165207,0.001,64,4,2,128,0.1,16,75,0.0,0.1,10,5,0.5,True,42
batch_size,16,14,14,2,0.6595683565837802,0.6278974095980326,0.001,64,4,2,128,0.1,16,75,0.0,0.1,10,5,0.5,True,42
batch_size,16,14,14,3,0.6401713923356379,0.624280967315038,0.001,64,4,2,128,0.1,16,75,0.0,0.1,10,5,0.5,True,42
batch_size,16,14,14,4,0.6242966447946237,0.610494946440061,0.001,64,4,2,128,0.1,16,75,0.0,0.1,10,5,0.5,True,42
batch_size,16,14,14,5,0.6222530118412845,0.6068003455797831,0.001,64,4,2,128,0.1,16,75,0.0,0.1,10,5,0.5,True,42
batch_size,16,14,14,6,0.610026389927012,0.6042639225721359,0.001,64,4,2,128,0.1,16,75,0.0,0.1,10,5,0.5,True,42
batch_size,16,14,14,7,0.5954613743399486,0.7157310565312703,0.001,64,4,2,128,0.1,16,75,0.0,0.1,10,5,0.5,True,42
batch_size,16,14,14,8,0.5944518449188638,0.6364791889985403,0.001,64,4,2,128,0.1,16,75,0.0,0.1,10,5,0.5,True,42
batch_size,16,14,14,9,0.5827043967555231,0.6450152290364106,0.001,64,4,2,128,0.1,16,75,0.0,0.1,10,5,0.5,True,42
batch_size,16,14,14,10,0.5681065450149797,0.6217235883076986,0.001,64,4,2,128,0.1,16,75,0.0,0.1,10,5,0.5,True,42
batch_size,16,14,14,11,0.5596356803246777,0.6342146337032318,0.001,64,4,2,128,0.1,16,75,0.0,0.1,10,5,0.5,True,42
batch_size,16,14,14,12,0.5437122048533914,0.6642166554927826,0.001,64,4,2,128,0.1,16,75,0.0,0.1,10,5,0.5,True,42
batch_size,16,14,14,13,0.49566181406322085,0.6886428991953532,0.001,64,4,2,128,0.1,16,75,0.0,0.1,10,5,0.5,True,42
batch_size,16,14,14,14,0.46043033421946117,0.7315793524185816,0.001,64,4,2,128,0.1,16,75,0.0,0.1,10,5,0.5,True,42
batch_size,16,14,14,15,0.44627105963094155,0.7824390143156051,0.001,64,4,2,128,0.1,16,75,0.0,0.1,10,5,0.5,True,42
batch_size,16,14,14,16,0.4092612382123679,0.7869043638308842,0.001,64,4,2,128,0.1,16,75,0.0,0.1,10,5,0.5,True,42
batch_size,16,15,15,1,0.6964349997134263,0.6794642229874929,0.001,64,4,2,128,0.1,16,75,0.0,0.1,10,5,0.5,True,42
batch_size,16,15,15,2,0.6642203600687673,0.6491212288538615,0.001,64,4,2,128,0.1,16,75,0.0,0.1,10,5,0.5,True,42
batch_size,16,15,15,3,0.6481768652060186,0.6095342963933945,0.001,64,4,2,128,0.1,16,75,0.0,0.1,10,5,0.5,True,42
batch_size,16,15,15,4,0.6382834584994008,0.5955546776453654,0.001,64,4,2,128,0.1,16,75,0.0,0.1,10,5,0.5,True,42
batch_size,16,15,15,5,0.6308009563290121,0.5996511876583099,0.001,64,4,2,128,0.1,16,75,0.0,0.1,10,5,0.5,True,42
batch_size,16,15,15,6,0.6260303724627985,0.5868949661652247,0.001,64,4,2,128,0.1,16,75,0.0,0.1,10,5,0.5,True,42
batch_size,16,15,15,7,0.6141535002922377,0.5754252463579178,0.001,64,4,2,128,0.1,16,75,0.0,0.1,10,5,0.5,True,42
batch_size,16,15,15,8,0.6107372482919874,0.6040161480506261,0.001,64,4,2,128,0.1,16,75,0.0,0.1,10,5,0.5,True,42
batch_size,16,15,15,9,0.5984951539864558,0.6001452093323072,0.001,64,4,2,128,0.1,16,75,0.0,0.1,10,5,0.5,True,42
batch_size,16,15,15,10,0.5901343865539638,0.5785349289576213,0.001,64,4,2,128,0.1,16,75,0.0,0.1,10,5,0.5,True,42
batch_size,16,15,15,11,0.582134341785663,0.5663510849078496,0.001,64,4,2,128,0.1,16,75,0.0,0.1,10,5,0.5,True,42
batch_size,16,15,15,12,0.5695023795044467,0.5759159833192825,0.001,64,4,2,128,0.1,16,75,0.0,0.1,10,5,0.5,True,42
batch_size,16,15,15,13,0.5588012636841023,0.5959839324156443,0.001,64,4,2,128,0.1,16,75,0.0,0.1,10,5,0.5,True,42
batch_size,16,15,15,14,0.5454374380098096,0.637724923590819,0.001,64,4,2,128,0.1,16,75,0.0,0.1,10,5,0.5,True,42
batch_size,16,15,15,15,0.5235500068265676,0.5824022481838862,0.001,64,4,2,128,0.1,16,75,0.0,0.1,10,5,0.5,True,42
batch_size,16,15,15,16,0.5028238799635448,0.5903304229180019,0.001,64,4,2,128,0.1,16,75,0.0,0.1,10,5,0.5,True,42
batch_size,16,15,15,17,0.48251977976510735,0.6152841687202454,0.001,64,4,2,128,0.1,16,75,0.0,0.1,10,5,0.5,True,42
batch_size,16,15,15,18,0.4131207635534127,0.6510468870401382,0.001,64,4,2,128,0.1,16,75,0.0,0.1,10,5,0.5,True,42
batch_size,16,15,15,19,0.38209616806457253,0.6998309761285781,0.001,64,4,2,128,0.1,16,75,0.0,0.1,10,5,0.5,True,42
batch_size,16,15,15,20,0.34992072634937194,0.7312109927336375,0.001,64,4,2,128,0.1,16,75,0.0,0.1,10,5,0.5,True,42
batch_size,16,15,15,21,0.325147188859974,0.7494337658087412,0.001,64,4,2,128,0.1,16,75,0.0,0.1,10,5,0.5,True,42
batch_size,16,16,16,1,0.693507909321513,0.6578706413507461,0.001,64,4,2,128,0.1,16,75,0.0,0.1,10,5,0.5,True,42
batch_size,16,16,16,2,0.661248473273484,0.6444557686646779,0.001,64,4,2,128,0.1,16,75,0.0,0.1,10,5,0.5,True,42
batch_size,16,16,16,3,0.6365940370260535,0.631489397585392,0.001,64,4,2,128,0.1,16,75,0.0,0.1,10,5,0.5,True,42
batch_size,16,16,16,4,0.6235622354560025,0.60151806473732,0.001,64,4,2,128,0.1,16,75,0.0,0.1,10,5,0.5,True,42
batch_size,16,16,16,5,0.6143098576667191,0.6005068987607955,0.001,64,4,2,128,0.1,16,75,0.0,0.1,10,5,0.5,True,42
batch_size,16,16,16,6,0.5994546606060217,0.6012308885653813,0.001,64,4,2,128,0.1,16,75,0.0,0.1,10,5,0.5,True,42
batch_size,16,16,16,7,0.5890574391803814,0.591615820924441,0.001,64,4,2,128,0.1,16,75,0.0,0.1,10,5,0.5,True,42
batch_size,16,16,16,8,0.5789166479282959,0.6022194574276606,0.001,64,4,2,128,0.1,16,75,0.0,0.1,10,5,0.5,True,42
batch_size,16,16,16,9,0.5629143418014729,0.6205101013183594,0.001,64,4,2,128,0.1,16,75,0.0,0.1,10,5,0.5,True,42
batch_size,16,16,16,10,0.547141685911911,0.6219606588284174,0.001,64,4,2,128,0.1,16,75,0.0,0.1,10,5,0.5,True,42
batch_size,16,16,16,11,0.5307156298550363,0.6383231977621714,0.001,64,4,2,128,0.1,16,75,0.0,0.1,10,5,0.5,True,42
batch_size,16,16,16,12,0.5222120347358428,0.6518630852301915,0.001,64,4,2,128,0.1,16,75,0.0,0.1,10,5,0.5,True,42
batch_size,16,16,16,13,0.5037878046357587,0.6662625168760618,0.001,64,4,2,128,0.1,16,75,0.0,0.1,10,5,0.5,True,42
batch_size,16,16,16,14,0.4311906327652841,0.7645119547843933,0.001,64,4,2,128,0.1,16,75,0.0,0.1,10,5,0.5,True,42
batch_size,16,16,16,15,0.40089225412095003,0.8565408597389857,0.001,64,4,2,128,0.1,16,75,0.0,0.1,10,5,0.5,True,42
batch_size,16,16,16,16,0.38294023790966875,0.8280261874198913,0.001,64,4,2,128,0.1,16,75,0.0,0.1,10,5,0.5,True,42
batch_size,16,16,16,17,0.3581289598017138,0.883314628402392,0.001,64,4,2,128,0.1,16,75,0.0,0.1,10,5,0.5,True,42
batch_size,16,17,17,1,0.687319681951494,0.6726836870114009,0.001,64,4,2,128,0.1,16,75,0.0,0.1,10,5,0.5,True,42
batch_size,16,17,17,2,0.6556646253800753,0.7910880799094836,0.001,64,4,2,128,0.1,16,75,0.0,0.1,10,5,0.5,True,42
batch_size,16,17,17,3,0.6591045496364435,0.6287823100884755,0.001,64,4,2,128,0.1,16,75,0.0,0.1,10,5,0.5,True,42
batch_size,16,17,17,4,0.626613316041502,0.6209902733564376,0.001,64,4,2,128,0.1,16,75,0.0,0.1,10,5,0.5,True,42
batch_size,16,17,17,5,0.6251825669949705,0.6383248021205267,0.001,64,4,2,128,0.1,16,75,0.0,0.1,10,5,0.5,True,42
batch_size,16,17,17,6,0.611913759204926,0.6192027916510899,0.001,64,4,2,128,0.1,16,75,0.0,0.1,10,5,0.5,True,42
batch_size,16,17,17,7,0.6022425103142406,0.6373547663291296,0.001,64,4,2,128,0.1,16,75,0.0,0.1,10,5,0.5,True,42
batch_size,16,17,17,8,0.5948643385799546,0.6103358040253322,0.001,64,4,2,128,0.1,16,75,0.0,0.1,10,5,0.5,True,42
batch_size,16,17,17,9,0.5836879511674246,0.6354888180891672,0.001,64,4,2,128,0.1,16,75,0.0,0.1,10,5,0.5,True,42
batch_size,16,17,17,10,0.5736341803814425,0.6145637591679891,0.001,64,4,2,128,0.1,16,75,0.0,0.1,10,5,0.5,True,42
batch_size,16,17,17,11,0.5544011087128611,0.638486361503601,0.001,64,4,2,128,0.1,16,75,0.0,0.1,10,5,0.5,True,42
batch_size,16,17,17,12,0.5422488539056345,0.684781747063001,0.001,64,4,2,128,0.1,16,75,0.0,0.1,10,5,0.5,True,42
batch_size,16,17,17,13,0.5307898945880659,0.6540236622095108,0.001,64,4,2,128,0.1,16,75,0.0,0.1,10,5,0.5,True,42
batch_size,16,17,17,14,0.5127649187025699,0.6396408369143803,0.001,64,4,2,128,0.1,16,75,0.0,0.1,10,5,0.5,True,42
batch_size,16,17,17,15,0.4508608754046939,0.7477318053444226,0.001,64,4,2,128,0.1,16,75,0.0,0.1,10,5,0.5,True,42
batch_size,16,17,17,16,0.42602602770608483,0.7291283160448074,0.001,64,4,2,128,0.1,16,75,0.0,0.1,10,5,0.5,True,42
batch_size,16,17,17,17,0.3905573875615091,0.7975641136368116,0.001,64,4,2,128,0.1,16,75,0.0,0.1,10,5,0.5,True,42
batch_size,16,17,17,18,0.37250963914574997,0.8397198957701524,0.001,64,4,2,128,0.1,16,75,0.0,0.1,10,5,0.5,True,42
batch_size,16,18,18,1,0.6958370718665903,0.668247522910436,0.001,64,4,2,128,0.1,16,75,0.0,0.1,10,5,0.5,True,42
batch_size,16,18,18,2,0.6688484678703569,0.69417791167895,0.001,64,4,2,128,0.1,16,75,0.0,0.1,10,5,0.5,True,42
batch_size,16,18,18,3,0.654233440926773,0.6402873635292053,0.001,64,4,2,128,0.1,16,75,0.0,0.1,10,5,0.5,True,42
batch_size,16,18,18,4,0.6490253462764247,0.6725741495688756,0.001,64,4,2,128,0.1,16,75,0.0,0.1,10,5,0.5,True,42
batch_size,16,18,18,5,0.6312629106833454,0.6286067674557368,0.001,64,4,2,128,0.1,16,75,0.0,0.1,10,5,0.5,True,42
batch_size,16,18,18,6,0.6244398360016682,0.6203639010588328,0.001,64,4,2,128,0.1,16,75,0.0,0.1,10,5,0.5,True,42
batch_size,16,18,18,7,0.6200624947992115,0.6447113454341888,0.001,64,4,2,128,0.1,16,75,0.0,0.1,10,5,0.5,True,42
batch_size,16,18,18,8,0.60344899629912,0.6424527168273926,0.001,64,4,2,128,0.1,16,75,0.0,0.1,10,5,0.5,True,42
batch_size,16,18,18,9,0.5935398424079663,0.6381342301766078,0.001,64,4,2,128,0.1,16,75,0.0,0.1,10,5,0.5,True,42
batch_size,16,18,18,10,0.5825988041810664,0.6159049183130264,0.001,64,4,2,128,0.1,16,75,0.0,0.1,10,5,0.5,True,42
batch_size,16,18,18,11,0.5754561068440571,0.6345492879549662,0.001,64,4,2,128,0.1,16,75,0.0,0.1,10,5,0.5,True,42
batch_size,16,18,18,12,0.5574755385348099,0.6196909020344417,0.001,64,4,2,128,0.1,16,75,0.0,0.1,10,5,0.5,True,42
batch_size,16,18,18,13,0.5434862640420747,0.6492050131162007,0.001,64,4,2,128,0.1,16,75,0.0,0.1,10,5,0.5,True,42
batch_size,16,18,18,14,0.5261064515141026,0.6805919915437698,0.001,64,4,2,128,0.1,16,75,0.0,0.1,10,5,0.5,True,42
batch_size,16,18,18,15,0.5065470395659313,0.653444916009903,0.001,64,4,2,128,0.1,16,75,0.0,0.1,10,5,0.5,True,42
batch_size,16,18,18,16,0.5000907276746438,0.6565919185678164,0.001,64,4,2,128,0.1,16,75,0.0,0.1,10,5,0.5,True,42
batch_size,16,18,18,17,0.4117151366497174,0.7715459927916527,0.001,64,4,2,128,0.1,16,75,0.0,0.1,10,5,0.5,True,42
batch_size,16,18,18,18,0.3783281848344513,0.8280655230085056,0.001,64,4,2,128,0.1,16,75,0.0,0.1,10,5,0.5,True,42
batch_size,16,18,18,19,0.34669925516095906,0.8225195253888766,0.001,64,4,2,128,0.1,16,75,0.0,0.1,10,5,0.5,True,42
batch_size,16,18,18,20,0.3346302976739724,0.8947966724634171,0.001,64,4,2,128,0.1,16,75,0.0,0.1,10,5,0.5,True,42
batch_size,16,19,19,1,0.6947920345081576,0.6575963775316874,0.001,64,4,2,128,0.1,16,75,0.0,0.1,10,5,0.5,True,42
batch_size,16,19,19,2,0.6686299576958776,0.634260501464208,0.001,64,4,2,128,0.1,16,75,0.0,0.1,10,5,0.5,True,42
batch_size,16,19,19,3,0.6495672669474163,0.6003924449284871,0.001,64,4,2,128,0.1,16,75,0.0,0.1,10,5,0.5,True,42
batch_size,16,19,19,4,0.6398178523710926,0.6108935385942459,0.001,64,4,2,128,0.1,16,75,0.0,0.1,10,5,0.5,True,42
batch_size,16,19,19,5,0.6272503146653846,0.580026951432228,0.001,64,4,2,128,0.1,16,75,0.0,0.1,10,5,0.5,True,42
batch_size,16,19,19,6,0.6189187160009667,0.5960696111122767,0.001,64,4,2,128,0.1,16,75,0.0,0.1,10,5,0.5,True,42
batch_size,16,19,19,7,0.6148971656882718,0.5814878344535828,0.001,64,4,2,128,0.1,16,75,0.0,0.1,10,5,0.5,True,42
batch_size,16,19,19,8,0.6052663233343639,0.5845341642697652,0.001,64,4,2,128,0.1,16,75,0.0,0.1,10,5,0.5,True,42
batch_size,16,19,19,9,0.5998465262438408,0.6057045072317123,0.001,64,4,2,128,0.1,16,75,0.0,0.1,10,5,0.5,True,42
batch_size,16,19,19,10,0.5912257805749944,0.6138235936562221,0.001,64,4,2,128,0.1,16,75,0.0,0.1,10,5,0.5,True,42
batch_size,16,19,19,11,0.5757284630160822,0.586282771329085,0.001,64,4,2,128,0.1,16,75,0.0,0.1,10,5,0.5,True,42
batch_size,16,19,19,12,0.5383056892868231,0.6135492687424023,0.001,64,4,2,128,0.1,16,75,0.0,0.1,10,5,0.5,True,42
batch_size,16,19,19,13,0.5188010782003403,0.6671229521433513,0.001,64,4,2,128,0.1,16,75,0.0,0.1,10,5,0.5,True,42
batch_size,16,19,19,14,0.5034229478908583,0.6178407192230224,0.001,64,4,2,128,0.1,16,75,0.0,0.1,10,5,0.5,True,42
batch_size,16,19,19,15,0.48239131526801976,0.6696757525205612,0.001,64,4,2,128,0.1,16,75,0.0,0.1,10,5,0.5,True,42
batch_size,16,20,20,1,0.6937931968685339,0.6787107586860657,0.001,64,4,2,128,0.1,16,75,0.0,0.1,10,5,0.5,True,42
batch_size,16,20,20,2,0.6624817882200611,0.6212960342566173,0.001,64,4,2,128,0.1,16,75,0.0,0.1,10,5,0.5,True,42
batch_size,16,20,20,3,0.6364763415358365,0.597546801964442,0.001,64,4,2,128,0.1,16,75,0.0,0.1,10,5,0.5,True,42
batch_size,16,20,20,4,0.6279451535455174,0.5729177912076314,0.001,64,4,2,128,0.1,16,75,0.0,0.1,10,5,0.5,True,42
batch_size,16,20,20,5,0.6173900819096728,0.6043854554494222,0.001,64,4,2,128,0.1,16,75,0.0,0.1,10,5,0.5,True,42
batch_size,16,20,20,6,0.6136563003289836,0.5954022814830144,0.001,64,4,2,128,0.1,16,75,0.0,0.1,10,5,0.5,True,42
batch_size,16,20,20,7,0.5996266423296113,0.5929441725214323,0.001,64,4,2,128,0.1,16,75,0.0,0.1,10,5,0.5,True,42
batch_size,16,20,20,8,0.5935329488928327,0.6219149795671304,0.001,64,4,2,128,0.1,16,75,0.0,0.1,10,5,0.5,True,42
batch_size,16,20,20,9,0.5739396651888075,0.6039055873950322,0.001,64,4,2,128,0.1,16,75,0.0,0.1,10,5,0.5,True,42
batch_size,16,20,20,10,0.5676831618348002,0.6174885049462319,0.001,64,4,2,128,0.1,16,75,0.0,0.1,10,5,0.5,True,42
batch_size,16,20,20,11,0.5160848032045727,0.5947295511762302,0.001,64,4,2,128,0.1,16,75,0.0,0.1,10,5,0.5,True,42
batch_size,16,20,20,12,0.4876324115143983,0.6644769246379535,0.001,64,4,2,128,0.1,16,75,0.0,0.1,10,5,0.5,True,42
batch_size,16,20,20,13,0.46253095521899684,0.6670872524380684,0.001,64,4,2,128,0.1,16,75,0.0,0.1,10,5,0.5,True,42
batch_size,16,20,20,14,0.4442201196694102,0.6736641373485327,0.001,64,4,2,128,0.1,16,75,0.0,0.1,10,5,0.5,True,42
batch_size,16,21,21,1,0.696409884627781,0.6700333416461944,0.001,64,4,2,128,0.1,16,75,0.0,0.1,10,5,0.5,True,42
batch_size,16,21,21,2,0.672979909317575,0.6353741774956385,0.001,64,4,2,128,0.1,16,75,0.0,0.1,10,5,0.5,True,42
batch_size,16,21,21,3,0.6524042957409253,0.6056934008995692,0.001,64,4,2,128,0.1,16,75,0.0,0.1,10,5,0.5,True,42
batch_size,16,21,21,4,0.6456997388895926,0.6168410897254943,0.001,64,4,2,128,0.1,16,75,0.0,0.1,10,5,0.5,True,42
batch_size,16,21,21,5,0.6342788131291422,0.6111505796511968,0.001,64,4,2,128,0.1,16,75,0.0,0.1,10,5,0.5,True,42
batch_size,16,21,21,6,0.6218211775496886,0.6032650063435236,0.001,64,4,2,128,0.1,16,75,0.0,0.1,10,5,0.5,True,42
batch_size,16,21,21,7,0.6082575454911352,0.5933478285868963,0.001,64,4,2,128,0.1,16,75,0.0,0.1,10,5,0.5,True,42
batch_size,16,21,21,8,0.6024441726987353,0.5981674383083979,0.001,64,4,2,128,0.1,16,75,0.0,0.1,10,5,0.5,True,42
batch_size,16,21,21,9,0.605865523842351,0.6195110638936361,0.001,64,4,2,128,0.1,16,75,0.0,0.1,10,5,0.5,True,42
batch_size,16,21,21,10,0.5843781856076345,0.6165866300463676,0.001,64,4,2,128,0.1,16,75,0.0,0.1,10,5,0.5,True,42
batch_size,16,21,21,11,0.5737411098788446,0.5976499617099762,0.001,64,4,2,128,0.1,16,75,0.0,0.1,10,5,0.5,True,42
batch_size,16,21,21,12,0.5591465887461325,0.6276750872532527,0.001,64,4,2,128,0.1,16,75,0.0,0.1,10,5,0.5,True,42
batch_size,16,21,21,13,0.5445848018950836,0.6123732278744379,0.001,64,4,2,128,0.1,16,75,0.0,0.1,10,5,0.5,True,42
batch_size,16,21,21,14,0.4844336082500197,0.6464134603738785,0.001,64,4,2,128,0.1,16,75,0.0,0.1,10,5,0.5,True,42
batch_size,16,21,21,15,0.43861924066516383,0.6647846698760986,0.001,64,4,2,128,0.1,16,75,0.0,0.1,10,5,0.5,True,42
batch_size,16,21,21,16,0.41387162830666446,0.7652632524569829,0.001,64,4,2,128,0.1,16,75,0.0,0.1,10,5,0.5,True,42
batch_size,16,21,21,17,0.38497397215760704,0.745230495929718,0.001,64,4,2,128,0.1,16,75,0.0,0.1,10,5,0.5,True,42
batch_size,16,22,22,1,0.687726209825436,0.6693611522515615,0.001,64,4,2,128,0.1,16,75,0.0,0.1,10,5,0.5,True,42
batch_size,16,22,22,2,0.6549166263056345,0.6516450037558873,0.001,64,4,2,128,0.1,16,75,0.0,0.1,10,5,0.5,True,42
batch_size,16,22,22,3,0.6374433947153417,0.6317328135172526,0.001,64,4,2,128,0.1,16,75,0.0,0.1,10,5,0.5,True,42
batch_size,16,22,22,4,0.6272829410694398,0.636358180642128,0.001,64,4,2,128,0.1,16,75,0.0,0.1,10,5,0.5,True,42
batch_size,16,22,22,5,0.6166012513773523,0.6405821512142817,0.001,64,4,2,128,0.1,16,75,0.0,0.1,10,5,0.5,True,42
batch_size,16,22,22,6,0.6129527436463098,0.6291488607724508,0.001,64,4,2,128,0.1,16,75,0.0,0.1,10,5,0.5,True,42
batch_size,16,22,22,7,0.6006103539874799,0.6331700185934702,0.001,64,4,2,128,0.1,16,75,0.0,0.1,10,5,0.5,True,42
batch_size,16,22,22,8,0.5923443102338015,0.6142119308312733,0.001,64,4,2,128,0.1,16,75,0.0,0.1,10,5,0.5,True,42
batch_size,16,22,22,9,0.5809729222789011,0.613809530933698,0.001,64,4,2,128,0.1,16,75,0.0,0.1,10,5,0.5,True,42
batch_size,16,22,22,10,0.5723757696242386,0.6308658252159755,0.001,64,4,2,128,0.1,16,75,0.0,0.1,10,5,0.5,True,42
batch_size,16,22,22,11,0.5601031321309818,0.6425793965657552,0.001,64,4,2,128,0.1,16,75,0.0,0.1,10,5,0.5,True,42
batch_size,16,22,22,12,0.545901185886035,0.6270242512226105,0.001,64,4,2,128,0.1,16,75,0.0,0.1,10,5,0.5,True,42
batch_size,16,22,22,13,0.5307047143861822,0.6475396821896235,0.001,64,4,2,128,0.1,16,75,0.0,0.1,10,5,0.5,True,42
batch_size,16,22,22,14,0.5161187390410855,0.6873991991082827,0.001,64,4,2,128,0.1,16,75,0.0,0.1,10,5,0.5,True,42
batch_size,16,22,22,15,0.49985923654906195,0.6856062779823939,0.001,64,4,2,128,0.1,16,75,0.0,0.1,10,5,0.5,True,42
batch_size,16,22,22,16,0.4445994607962583,0.7038802007834116,0.001,64,4,2,128,0.1,16,75,0.0,0.1,10,5,0.5,True,42
batch_size,16,22,22,17,0.3988745013683921,0.8043073683977127,0.001,64,4,2,128,0.1,16,75,0.0,0.1,10,5,0.5,True,42
batch_size,16,22,22,18,0.37620159235743966,0.8300910254319509,0.001,64,4,2,128,0.1,16,75,0.0,0.1,10,5,0.5,True,42
batch_size,16,22,22,19,0.34864014367300294,0.9428548614184061,0.001,64,4,2,128,0.1,16,75,0.0,0.1,10,5,0.5,True,42
batch_size,16,23,23,1,0.6897701621055603,0.6470338801542918,0.001,64,4,2,128,0.1,16,75,0.0,0.1,10,5,0.5,True,42
batch_size,16,23,23,2,0.6628556990351514,0.6347100108861923,0.001,64,4,2,128,0.1,16,75,0.0,0.1,10,5,0.5,True,42
batch_size,16,23,23,3,0.63440142860884,0.6243445952733357,0.001,64,4,2,128,0.1,16,75,0.0,0.1,10,5,0.5,True,42
batch_size,16,23,23,4,0.628293353001881,0.6229373226563136,0.001,64,4,2,128,0.1,16,75,0.0,0.1,10,5,0.5,True,42
batch_size,16,23,23,5,0.6134710571385155,0.5903436323006948,0.001,64,4,2,128,0.1,16,75,0.0,0.1,10,5,0.5,True,42
batch_size,16,23,23,6,0.6154822159855992,0.598998612165451,0.001,64,4,2,128,0.1,16,75,0.0,0.1,10,5,0.5,True,42
batch_size,16,23,23,7,0.5981663448502356,0.6089500993490219,0.001,64,4,2,128,0.1,16,75,0.0,0.1,10,5,0.5,True,42
batch_size,16,23,23,8,0.5884348992612425,0.5929307788610458,0.001,64,4,2,128,0.1,16,75,0.0,0.1,10,5,0.5,True,42
batch_size,16,23,23,9,0.5736699567774856,0.6341822321216265,0.001,64,4,2,128,0.1,16,75,0.0,0.1,10,5,0.5,True,42
batch_size,16,23,23,10,0.5637977809960398,0.5952104995648066,0.001,64,4,2,128,0.1,16,75,0.0,0.1,10,5,0.5,True,42
batch_size,16,23,23,11,0.5412106788770328,0.6257267604271571,0.001,64,4,2,128,0.1,16,75,0.0,0.1,10,5,0.5,True,42
batch_size,16,23,23,12,0.49588402539151705,0.7077524562676748,0.001,64,4,2,128,0.1,16,75,0.0,0.1,10,5,0.5,True,42
batch_size,16,23,23,13,0.45891458068057156,0.6863379011551539,0.001,64,4,2,128,0.1,16,75,0.0,0.1,10,5,0.5,True,42
batch_size,16,23,23,14,0.43393275906604506,0.7102339585622152,0.001,64,4,2,128,0.1,16,75,0.0,0.1,10,5,0.5,True,42
batch_size,16,23,23,15,0.41447455877926864,0.7805675280590852,0.001,64,4,2,128,0.1,16,75,0.0,0.1,10,5,0.5,True,42
batch_size,16,24,24,1,0.6872152072078777,0.65625406006972,0.001,64,4,2,128,0.1,16,75,0.0,0.1,10,5,0.5,True,42
batch_size,16,24,24,2,0.6602161987772528,0.6327348619699478,0.001,64,4,2,128,0.1,16,75,0.0,0.1,10,5,0.5,True,42
batch_size,16,24,24,3,0.6328066115109425,0.6266191403071085,0.001,64,4,2,128,0.1,16,75,0.0,0.1,10,5,0.5,True,42
batch_size,16,24,24,4,0.6247669335806145,0.6216595967610677,0.001,64,4,2,128,0.1,16,75,0.0,0.1,10,5,0.5,True,42
batch_size,16,24,24,5,0.6145317910977129,0.6285136530796687,0.001,64,4,2,128,0.1,16,75,0.0,0.1,10,5,0.5,True,42
batch_size,16,24,24,6,0.6062998772792096,0.6333566755056381,0.001,64,4,2,128,0.1,16,75,0.0,0.1,10,5,0.5,True,42
batch_size,16,24,24,7,0.5946735691349462,0.6689423859119416,0.001,64,4,2,128,0.1,16,75,0.0,0.1,10,5,0.5,True,42
batch_size,16,24,24,8,0.5852806971882875,0.6534837643305461,0.001,64,4,2,128,0.1,16,75,0.0,0.1,10,5,0.5,True,42
batch_size,16,24,24,9,0.5693431950965018,0.6582091192404429,0.001,64,4,2,128,0.1,16,75,0.0,0.1,10,5,0.5,True,42
batch_size,16,24,24,10,0.5553399529097215,0.682132704059283,0.001,64,4,2,128,0.1,16,75,0.0,0.1,10,5,0.5,True,42
batch_size,16,24,24,11,0.509252012169586,0.7257268548011779,0.001,64,4,2,128,0.1,16,75,0.0,0.1,10,5,0.5,True,42
batch_size,16,24,24,12,0.4939375794158792,0.6870852877696355,0.001,64,4,2,128,0.1,16,75,0.0,0.1,10,5,0.5,True,42
batch_size,16,24,24,13,0.4676564243604552,0.7462837745745977,0.001,64,4,2,128,0.1,16,75,0.0,0.1,10,5,0.5,True,42
batch_size,16,24,24,14,0.4438198096347305,0.7443311780691146,0.001,64,4,2,128,0.1,16,75,0.0,0.1,10,5,0.5,True,42
batch_size,16,25,25,1,0.6886442146147159,0.66790438691775,0.001,64,4,2,128,0.1,16,75,0.0,0.1,10,5,0.5,True,42
batch_size,16,25,25,2,0.6624218188084577,0.6679145475228627,0.001,64,4,2,128,0.1,16,75,0.0,0.1,10,5,0.5,True,42
batch_size,16,25,25,3,0.6511154776516976,0.6398999780416489,0.001,64,4,2,128,0.1,16,75,0.0,0.1,10,5,0.5,True,42
batch_size,16,25,25,4,0.6405959132733,0.6552260021368662,0.001,64,4,2,128,0.1,16,75,0.0,0.1,10,5,0.5,True,42
batch_size,16,25,25,5,0.6317140379559405,0.6234162370363872,0.001,64,4,2,128,0.1,16,75,0.0,0.1,10,5,0.5,True,42
batch_size,16,25,25,6,0.6201730681009618,0.6247940888007482,0.001,64,4,2,128,0.1,16,75,0.0,0.1,10,5,0.5,True,42
batch_size,16,25,25,7,0.6097422326019055,0.6116107066472372,0.001,64,4,2,128,0.1,16,75,0.0,0.1,10,5,0.5,True,42
batch_size,16,25,25,8,0.59346582465752,0.6317279323935509,0.001,64,4,2,128,0.1,16,75,0.0,0.1,10,5,0.5,True,42
batch_size,16,25,25,9,0.5902736636848958,0.6059714863697688,0.001,64,4,2,128,0.1,16,75,0.0,0.1,10,5,0.5,True,42
batch_size,16,25,25,10,0.578721120556951,0.6510640362898509,0.001,64,4,2,128,0.1,16,75,0.0,0.1,10,5,0.5,True,42
batch_size,16,25,25,11,0.5606938951822288,0.6194469094276428,0.001,64,4,2,128,0.1,16,75,0.0,0.1,10,5,0.5,True,42
batch_size,16,25,25,12,0.5546123324238302,0.6496645674109459,0.001,64,4,2,128,0.1,16,75,0.0,0.1,10,5,0.5,True,42
batch_size,16,25,25,13,0.5354398989858736,0.6343576878309249,0.001,64,4,2,128,0.1,16,75,0.0,0.1,10,5,0.5,True,42
batch_size,16,25,25,14,0.5204819074261777,0.6895532570779324,0.001,64,4,2,128,0.1,16,75,0.0,0.1,10,5,0.5,True,42
batch_size,16,25,25,15,0.5060012855570579,0.6277363419532775,0.001,64,4,2,128,0.1,16,75,0.0,0.1,10,5,0.5,True,42
batch_size,16,25,25,16,0.4388738392423768,0.7168960921466351,0.001,64,4,2,128,0.1,16,75,0.0,0.1,10,5,0.5,True,42
batch_size,16,25,25,17,0.4066862081223568,0.7205380514264107,0.001,64,4,2,128,0.1,16,75,0.0,0.1,10,5,0.5,True,42
batch_size,16,25,25,18,0.37649224352927263,0.8016885096828142,0.001,64,4,2,128,0.1,16,75,0.0,0.1,10,5,0.5,True,42
batch_size,16,25,25,19,0.371080475530017,0.8510569716493289,0.001,64,4,2,128,0.1,16,75,0.0,0.1,10,5,0.5,True,42
batch_size,16,26,26,1,0.6934877722435577,0.6667386690775553,0.001,64,4,2,128,0.1,16,75,0.0,0.1,10,5,0.5,True,42
batch_size,16,26,26,2,0.6645006868322539,0.8052144587039948,0.001,64,4,2,128,0.1,16,75,0.0,0.1,10,5,0.5,True,42
batch_size,16,26,26,3,0.6510941788497533,0.6125287006298701,0.001,64,4,2,128,0.1,16,75,0.0,0.1,10,5,0.5,True,42
batch_size,16,26,26,4,0.6368680192943762,0.6452319145202636,0.001,64,4,2,128,0.1,16,75,0.0,0.1,10,5,0.5,True,42
batch_size,16,26,26,5,0.6308903158164296,0.602978453040123,0.001,64,4,2,128,0.1,16,75,0.0,0.1,10,5,0.5,True,42
batch_size,16,26,26,6,0.6198648743529737,0.6314202537139256,0.001,64,4,2,128,0.1,16,75,0.0,0.1,10,5,0.5,True,42
batch_size,16,26,26,7,0.6062640911499357,0.607702715198199,0.001,64,4,2,128,0.1,16,75,0.0,0.1,10,5,0.5,True,42
batch_size,16,26,26,8,0.5963022805212115,0.6203763157129287,0.001,64,4,2,128,0.1,16,75,0.0,0.1,10,5,0.5,True,42
batch_size,16,26,26,9,0.5824148260595228,0.6037203639745712,0.001,64,4,2,128,0.1,16,75,0.0,0.1,10,5,0.5,True,42
batch_size,16,26,26,10,0.575601479059843,0.6095221638679504,0.001,64,4,2,128,0.1,16,75,0.0,0.1,10,5,0.5,True,42
batch_size,16,26,26,11,0.5599973749071926,0.6493287016948064,0.001,64,4,2,128,0.1,16,75,0.0,0.1,10,5,0.5,True,42
batch_size,16,26,26,12,0.5037311897418345,0.6297980984052022,0.001,64,4,2,128,0.1,16,75,0.0,0.1,10,5,0.5,True,42
batch_size,16,26,26,13,0.4799840233285164,0.6618914097547531,0.001,64,4,2,128,0.1,16,75,0.0,0.1,10,5,0.5,True,42
batch_size,16,26,26,14,0.4497481895037024,0.7734547540545463,0.001,64,4,2,128,0.1,16,75,0.0,0.1,10,5,0.5,True,42
batch_size,16,26,26,15,0.41993967690168676,0.7737503578265508,0.001,64,4,2,128,0.1,16,75,0.0,0.1,10,5,0.5,True,42
batch_size,16,27,27,1,0.7001600483071215,0.6594354033470153,0.001,64,4,2,128,0.1,16,75,0.0,0.1,10,5,0.5,True,42
batch_size,16,27,27,2,0.6664043294386265,0.6444355895121893,0.001,64,4,2,128,0.1,16,75,0.0,0.1,10,5,0.5,True,42
batch_size,16,27,27,3,0.653565064355901,0.6461523036162059,0.001,64,4,2,128,0.1,16,75,0.0,0.1,10,5,0.5,True,42
batch_size,16,27,27,4,0.6382615866543222,0.6247929414113362,0.001,64,4,2,128,0.1,16,75,0.0,0.1,10,5,0.5,True,42
batch_size,16,27,27,5,0.6323092142438708,0.6247342770298322,0.001,64,4,2,128,0.1,16,75,0.0,0.1,10,5,0.5,True,42
batch_size,16,27,27,6,0.6207997783055323,0.6061283230781556,0.001,64,4,2,128,0.1,16,75,0.0,0.1,10,5,0.5,True,42
batch_size,16,27,27,7,0.6108239735034029,0.6158546830217043,0.001,64,4,2,128,0.1,16,75,0.0,0.1,10,5,0.5,True,42
batch_size,16,27,27,8,0.6026301189067246,0.632810914516449,0.001,64,4,2,128,0.1,16,75,0.0,0.1,10,5,0.5,True,42
batch_size,16,27,27,9,0.5823496011273489,0.646569695075353,0.001,64,4,2,128,0.1,16,75,0.0,0.1,10,5,0.5,True,42
batch_size,16,27,27,10,0.5762101364226395,0.6081021443009377,0.001,64,4,2,128,0.1,16,75,0.0,0.1,10,5,0.5,True,42
batch_size,16,27,27,11,0.5710366045340839,0.6412380168835322,0.001,64,4,2,128,0.1,16,75,0.0,0.1,10,5,0.5,True,42
batch_size,16,27,27,12,0.5477240734907157,0.7070735782384873,0.001,64,4,2,128,0.1,16,75,0.0,0.1,10,5,0.5,True,42
batch_size,16,27,27,13,0.49510856573345996,0.6576116248965264,0.001,64,4,2,128,0.1,16,75,0.0,0.1,10,5,0.5,True,42
batch_size,16,27,27,14,0.4643663525468043,0.6901855702201526,0.001,64,4,2,128,0.1,16,75,0.0,0.1,10,5,0.5,True,42
batch_size,16,27,27,15,0.4407751540947323,0.6986969708154599,0.001,64,4,2,128,0.1,16,75,0.0,0.1,10,5,0.5,True,42
batch_size,16,27,27,16,0.42144388815975914,0.7976831808065374,0.001,64,4,2,128,0.1,16,75,0.0,0.1,10,5,0.5,True,42
batch_size,16,28,28,1,0.6951994639839056,0.6736943105856578,0.001,64,4,2,128,0.1,16,75,0.0,0.1,10,5,0.5,True,42
batch_size,16,28,28,2,0.6675574248054635,0.6403065890073776,0.001,64,4,2,128,0.1,16,75,0.0,0.1,10,5,0.5,True,42
batch_size,16,28,28,3,0.6475255632128553,0.6377222180366516,0.001,64,4,2,128,0.1,16,75,0.0,0.1,10,5,0.5,True,42
batch_size,16,28,28,4,0.6360636875883254,0.6443450063467026,0.001,64,4,2,128,0.1,16,75,0.0,0.1,10,5,0.5,True,42
batch_size,16,28,28,5,0.6281400840771969,0.6372388611237209,0.001,64,4,2,128,0.1,16,75,0.0,0.1,10,5,0.5,True,42
batch_size,16,28,28,6,0.6219174722528277,0.6173824181159338,0.001,64,4,2,128,0.1,16,75,0.0,0.1,10,5,0.5,True,42
batch_size,16,28,28,7,0.6118164290266799,0.6166082521279653,0.001,64,4,2,128,0.1,16,75,0.0,0.1,10,5,0.5,True,42
batch_size,16,28,28,8,0.6050832041542793,0.6034540385007858,0.001,64,4,2,128,0.1,16,75,0.0,0.1,10,5,0.5,True,42
batch_size,16,28,28,9,0.5993737069599528,0.6267697145541509,0.001,64,4,2,128,0.1,16,75,0.0,0.1,10,5,0.5,True,42
batch_size,16,28,28,10,0.5848973623473381,0.6752214292685191,0.001,64,4,2,128,0.1,16,75,0.0,0.1,10,5,0.5,True,42
batch_size,16,28,28,11,0.5781162571544429,0.6443221082290014,0.001,64,4,2,128,0.1,16,75,0.0,0.1,10,5,0.5,True,42
batch_size,16,28,28,12,0.5655411030856375,0.6532884617646535,0.001,64,4,2,128,0.1,16,75,0.0,0.1,10,5,0.5,True,42
batch_size,16,28,28,13,0.5507294704478957,0.664055660367012,0.001,64,4,2,128,0.1,16,75,0.0,0.1,10,5,0.5,True,42
batch_size,16,28,28,14,0.5498815868970559,0.6537617350618045,0.001,64,4,2,128,0.1,16,75,0.0,0.1,10,5,0.5,True,42
batch_size,16,28,28,15,0.4892706364506551,0.6761812090873718,0.001,64,4,2,128,0.1,16,75,0.0,0.1,10,5,0.5,True,42
batch_size,16,28,28,16,0.46034058922823845,0.7324230544269085,0.001,64,4,2,128,0.1,16,75,0.0,0.1,10,5,0.5,True,42
batch_size,16,28,28,17,0.426657531934546,0.7523687665661176,0.001,64,4,2,128,0.1,16,75,0.0,0.1,10,5,0.5,True,42
batch_size,16,28,28,18,0.40918449111311156,0.7866560367246469,0.001,64,4,2,128,0.1,16,75,0.0,0.1,10,5,0.5,True,42
batch_size,16,29,29,1,0.691305584100716,0.6445574382940928,0.001,64,4,2,128,0.1,16,75,0.0,0.1,10,5,0.5,True,42
batch_size,16,29,29,2,0.6641994483570636,0.6228375285863876,0.001,64,4,2,128,0.1,16,75,0.0,0.1,10,5,0.5,True,42
batch_size,16,29,29,3,0.6467897388871632,0.5840166350205739,0.001,64,4,2,128,0.1,16,75,0.0,0.1,10,5,0.5,True,42
batch_size,16,29,29,4,0.6273725420349905,0.5843151330947876,0.001,64,4,2,128,0.1,16,75,0.0,0.1,10,5,0.5,True,42
batch_size,16,29,29,5,0.6240493378711744,0.582337333758672,0.001,64,4,2,128,0.1,16,75,0.0,0.1,10,5,0.5,True,42
batch_size,16,29,29,6,0.6193331242060933,0.5864142497380574,0.001,64,4,2,128,0.1,16,75,0.0,0.1,10,5,0.5,True,42
batch_size,16,29,29,7,0.6089329248145506,0.575237571199735,0.001,64,4,2,128,0.1,16,75,0.0,0.1,10,5,0.5,True,42
batch_size,16,29,29,8,0.6012612540458998,0.5720482885837554,0.001,64,4,2,128,0.1,16,75,0.0,0.1,10,5,0.5,True,42
batch_size,16,29,29,9,0.591186383037966,0.6197009190917016,0.001,64,4,2,128,0.1,16,75,0.0,0.1,10,5,0.5,True,42
batch_size,16,29,29,10,0.5801920482867571,0.6026877810557684,0.001,64,4,2,128,0.1,16,75,0.0,0.1,10,5,0.5,True,42
batch_size,16,29,29,11,0.5639515021681333,0.5781302447120349,0.001,64,4,2,128,0.1,16,75,0.0,0.1,10,5,0.5,True,42
batch_size,16,29,29,12,0.5586170204012113,0.5979096929232279,0.001,64,4,2,128,0.1,16,75,0.0,0.1,10,5,0.5,True,42
batch_size,16,29,29,13,0.5430255369088496,0.5994599183400472,0.001,64,4,2,128,0.1,16,75,0.0,0.1,10,5,0.5,True,42
batch_size,16,29,29,14,0.5324394098932752,0.6078907509644826,0.001,64,4,2,128,0.1,16,75,0.0,0.1,10,5,0.5,True,42
batch_size,16,29,29,15,0.47336819558315857,0.6609379065533479,0.001,64,4,2,128,0.1,16,75,0.0,0.1,10,5,0.5,True,42
batch_size,16,29,29,16,0.44168829600620635,0.660219132900238,0.001,64,4,2,128,0.1,16,75,0.0,0.1,10,5,0.5,True,42
batch_size,16,29,29,17,0.4242093623421038,0.6983432933688164,0.001,64,4,2,128,0.1,16,75,0.0,0.1,10,5,0.5,True,42
batch_size,16,29,29,18,0.39784082192431836,0.7879710612197717,0.001,64,4,2,128,0.1,16,75,0.0,0.1,10,5,0.5,True,42
batch_size,16,30,30,1,0.6956789713395413,0.716828269759814,0.001,64,4,2,128,0.1,16,75,0.0,0.1,10,5,0.5,True,42
batch_size,16,30,30,2,0.6668097814226331,0.6655442446470261,0.001,64,4,2,128,0.1,16,75,0.0,0.1,10,5,0.5,True,42
batch_size,16,30,30,3,0.6537190742592395,0.6352298468351364,0.001,64,4,2,128,0.1,16,75,0.0,0.1,10,5,0.5,True,42
batch_size,16,30,30,4,0.6373560734574786,0.6236403614282608,0.001,64,4,2,128,0.1,16,75,0.0,0.1,10,5,0.5,True,42
batch_size,16,30,30,5,0.6273722338132532,0.6833931803703308,0.001,64,4,2,128,0.1,16,75,0.0,0.1,10,5,0.5,True,42
batch_size,16,30,30,6,0.6138179551512569,0.6081821362177531,0.001,64,4,2,128,0.1,16,75,0.0,0.1,10,5,0.5,True,42
batch_size,16,30,30,7,0.6126430082230514,0.6041962534189225,0.001,64,4,2,128,0.1,16,75,0.0,0.1,10,5,0.5,True,42
batch_size,16,30,30,8,0.6049881856251126,0.6080086966355641,0.001,64,4,2,128,0.1,16,75,0.0,0.1,10,5,0.5,True,42
batch_size,16,30,30,9,0.5930426460708502,0.6090795328219731,0.001,64,4,2,128,0.1,16,75,0.0,0.1,10,5,0.5,True,42
batch_size,16,30,30,10,0.5848304977208489,0.6221821178992589,0.001,64,4,2,128,0.1,16,75,0.0,0.1,10,5,0.5,True,42
batch_size,16,30,30,11,0.5729995823178454,0.5925989468892415,0.001,64,4,2,128,0.1,16,75,0.0,0.1,10,5,0.5,True,42
batch_size,16,30,30,12,0.5604220521087429,0.6800767401854197,0.001,64,4,2,128,0.1,16,75,0.0,0.1,10,5,0.5,True,42
batch_size,16,30,30,13,0.5483980047385503,0.6101648857196172,0.001,64,4,2,128,0.1,16,75,0.0,0.1,10,5,0.5,True,42
batch_size,16,30,30,14,0.5483297706783498,0.6050617317358653,0.001,64,4,2,128,0.1,16,75,0.0,0.1,10,5,0.5,True,42
batch_size,16,30,30,15,0.5218973409087032,0.7035724158088367,0.001,64,4,2,128,0.1,16,75,0.0,0.1,10,5,0.5,True,42
batch_size,16,30,30,16,0.5191843992403705,0.6270306517680486,0.001,64,4,2,128,0.1,16,75,0.0,0.1,10,5,0.5,True,42
batch_size,16,30,30,17,0.5059305900289985,0.6200139304002126,0.001,64,4,2,128,0.1,16,75,0.0,0.1,10,5,0.5,True,42
batch_size,16,30,30,18,0.44216895165778836,0.686872199177742,0.001,64,4,2,128,0.1,16,75,0.0,0.1,10,5,0.5,True,42
batch_size,16,30,30,19,0.39916749026612186,0.7214079737663269,0.001,64,4,2,128,0.1,16,75,0.0,0.1,10,5,0.5,True,42
batch_size,16,30,30,20,0.3796060911092921,0.7472122381130855,0.001,64,4,2,128,0.1,16,75,0.0,0.1,10,5,0.5,True,42
batch_size,16,30,30,21,0.35154128896192904,0.7589456617832184,0.001,64,4,2,128,0.1,16,75,0.0,0.1,10,5,0.5,True,42
batch_size,16,31,31,1,0.6917298048621348,0.686060826977094,0.001,64,4,2,128,0.1,16,75,0.0,0.1,10,5,0.5,True,42
batch_size,16,31,31,2,0.667787313914571,0.6538773814837138,0.001,64,4,2,128,0.1,16,75,0.0,0.1,10,5,0.5,True,42
batch_size,16,31,31,3,0.6506079119194597,0.698446424305439,0.001,64,4,2,128,0.1,16,75,0.0,0.1,10,5,0.5,True,42
batch_size,16,31,31,4,0.6376311874208341,0.6808800250291824,0.001,64,4,2,128,0.1,16,75,0.0,0.1,10,5,0.5,True,42
batch_size,16,31,31,5,0.6267723714217487,0.6251867850621541,0.001,64,4,2,128,0.1,16,75,0.0,0.1,10,5,0.5,True,42
batch_size,16,31,31,6,0.6194474429685354,0.6185808589061101,0.001,64,4,2,128,0.1,16,75,0.0,0.1,10,5,0.5,True,42
batch_size,16,31,31,7,0.6119667604395645,0.6215281158685684,0.001,64,4,2,128,0.1,16,75,0.0,0.1,10,5,0.5,True,42
batch_size,16,31,31,8,0.5996056974160807,0.6099776277939478,0.001,64,4,2,128,0.1,16,75,0.0,0.1,10,5,0.5,True,42
batch_size,16,31,31,9,0.5862093325350222,0.6478723461429278,0.001,64,4,2,128,0.1,16,75,0.0,0.1,10,5,0.5,True,42
batch_size,16,31,31,10,0.5837391138983317,0.6143289417028427,0.001,64,4,2,128,0.1,16,75,0.0,0.1,10,5,0.5,True,42
batch_size,16,31,31,11,0.5659859195181626,0.6311632742484411,0.001,64,4,2,128,0.1,16,75,0.0,0.1,10,5,0.5,True,42
batch_size,16,31,31,12,0.55270172207981,0.6018059988816579,0.001,64,4,2,128,0.1,16,75,0.0,0.1,10,5,0.5,True,42
batch_size,16,31,31,13,0.5356496962870935,0.6404549747705459,0.001,64,4,2,128,0.1,16,75,0.0,0.1,10,5,0.5,True,42
batch_size,16,31,31,14,0.5239100404112058,0.653627336025238,0.001,64,4,2,128,0.1,16,75,0.0,0.1,10,5,0.5,True,42
batch_size,16,31,31,15,0.5094007264978532,0.6429907848437627,0.001,64,4,2,128,0.1,16,75,0.0,0.1,10,5,0.5,True,42
batch_size,16,31,31,16,0.4898441912670099,0.696381813287735,0.001,64,4,2,128,0.1,16,75,0.0,0.1,10,5,0.5,True,42
batch_size,16,31,31,17,0.47118273275433387,0.7161103039979935,0.001,64,4,2,128,0.1,16,75,0.0,0.1,10,5,0.5,True,42
batch_size,16,31,31,18,0.4597722483451829,0.7230156650145848,0.001,64,4,2,128,0.1,16,75,0.0,0.1,10,5,0.5,True,42
batch_size,16,31,31,19,0.37023214624748485,0.7886183500289917,0.001,64,4,2,128,0.1,16,75,0.0,0.1,10,5,0.5,True,42
batch_size,16,31,31,20,0.3380011172518984,0.8400666624307632,0.001,64,4,2,128,0.1,16,75,0.0,0.1,10,5,0.5,True,42
batch_size,16,31,31,21,0.32126173262303775,0.87957637210687,0.001,64,4,2,128,0.1,16,75,0.0,0.1,10,5,0.5,True,42
batch_size,16,31,31,22,0.2899816796863487,0.9126953899860382,0.001,64,4,2,128,0.1,16,75,0.0,0.1,10,5,0.5,True,42
batch_size,16,32,32,1,0.6946252455276228,0.6671435256799062,0.001,64,4,2,128,0.1,16,75,0.0,0.1,10,5,0.5,True,42
batch_size,16,32,32,2,0.6658679645777655,0.6471454640229543,0.001,64,4,2,128,0.1,16,75,0.0,0.1,10,5,0.5,True,42
batch_size,16,32,32,3,0.6382144051586267,0.6038430740435918,0.001,64,4,2,128,0.1,16,75,0.0,0.1,10,5,0.5,True,42
batch_size,16,32,32,4,0.6300536115359897,0.691406441728274,0.001,64,4,2,128,0.1,16,75,0.0,0.1,10,5,0.5,True,42
batch_size,16,32,32,5,0.624607646873242,0.6062522788842519,0.001,64,4,2,128,0.1,16,75,0.0,0.1,10,5,0.5,True,42
batch_size,16,32,32,6,0.6073285040973257,0.6483147829771042,0.001,64,4,2,128,0.1,16,75,0.0,0.1,10,5,0.5,True,42
batch_size,16,32,32,7,0.5989387144154016,0.6290881161888441,0.001,64,4,2,128,0.1,16,75,0.0,0.1,10,5,0.5,True,42
batch_size,16,32,32,8,0.5887456708534589,0.6398634602626164,0.001,64,4,2,128,0.1,16,75,0.0,0.1,10,5,0.5,True,42
batch_size,16,32,32,9,0.5755834288243559,0.6329329331715902,0.001,64,4,2,128,0.1,16,75,0.0,0.1,10,5,0.5,True,42
batch_size,16,32,32,10,0.53996124421689,0.7142515495419502,0.001,64,4,2,128,0.1,16,75,0.0,0.1,10,5,0.5,True,42
batch_size,16,32,32,11,0.5122028192639804,0.6719457179307937,0.001,64,4,2,128,0.1,16,75,0.0,0.1,10,5,0.5,True,42
batch_size,16,32,32,12,0.48796100506537765,0.7339752862850825,0.001,64,4,2,128,0.1,16,75,0.0,0.1,10,5,0.5,True,42
batch_size,16,32,32,13,0.4700703064525082,0.7145457168420156,0.001,64,4,2,128,0.1,16,75,0.0,0.1,10,5,0.5,True,42
batch_size,16,33,33,1,0.6983188488184272,0.6892982671658198,0.001,64,4,2,128,0.1,16,75,0.0,0.1,10,5,0.5,True,42
batch_size,16,33,33,2,0.6750245569096772,0.6525290528933207,0.001,64,4,2,128,0.1,16,75,0.0,0.1,10,5,0.5,True,42
batch_size,16,33,33,3,0.6598357680632587,0.6689072370529174,0.001,64,4,2,128,0.1,16,75,0.0,0.1,10,5,0.5,True,42
batch_size,16,33,33,4,0.657214021728066,0.6169047623872757,0.001,64,4,2,128,0.1,16,75,0.0,0.1,10,5,0.5,True,42
batch_size,16,33,33,5,0.6460834951228516,0.607892335454623,0.001,64,4,2,128,0.1,16,75,0.0,0.1,10,5,0.5,True,42
batch_size,16,33,33,6,0.6377904557909803,0.6026497850815455,0.001,64,4,2,128,0.1,16,75,0.0,0.1,10,5,0.5,True,42
batch_size,16,33,33,7,0.6270787465481704,0.621978051463763,0.001,64,4,2,128,0.1,16,75,0.0,0.1,10,5,0.5,True,42
batch_size,16,33,33,8,0.6204008157488964,0.5998753209908804,0.001,64,4,2,128,0.1,16,75,0.0,0.1,10,5,0.5,True,42
batch_size,16,33,33,9,0.6146673154468318,0.5919945955276489,0.001,64,4,2,128,0.1,16,75,0.0,0.1,10,5,0.5,True,42
batch_size,16,33,33,10,0.6068797299617144,0.6315239896376927,0.001,64,4,2,128,0.1,16,75,0.0,0.1,10,5,0.5,True,42
batch_size,16,33,33,11,0.5970966634641582,0.5879126305381457,0.001,64,4,2,128,0.1,16,75,0.0,0.1,10,5,0.5,True,42
batch_size,16,33,33,12,0.5895794418148215,0.5992944906155269,0.001,64,4,2,128,0.1,16,75,0.0,0.1,10,5,0.5,True,42
batch_size,16,33,33,13,0.5761471872320647,0.6136421412229538,0.001,64,4,2,128,0.1,16,75,0.0,0.1,10,5,0.5,True,42
batch_size,16,33,33,14,0.5594395717513878,0.6024688571691513,0.001,64,4,2,128,0.1,16,75,0.0,0.1,10,5,0.5,True,42
batch_size,16,33,33,15,0.5470638174294519,0.7060083945592245,0.001,64,4,2,128,0.1,16,75,0.0,0.1,10,5,0.5,True,42
batch_size,16,33,33,16,0.5411713559024688,0.6431505491336187,0.001,64,4,2,128,0.1,16,75,0.0,0.1,10,5,0.5,True,42
batch_size,16,33,33,17,0.5218493178656799,0.6650264789660771,0.001,64,4,2,128,0.1,16,75,0.0,0.1,10,5,0.5,True,42
batch_size,16,33,33,18,0.45660241639432797,0.6685784886280696,0.001,64,4,2,128,0.1,16,75,0.0,0.1,10,5,0.5,True,42
batch_size,16,33,33,19,0.4188833908096466,0.7200972174604734,0.001,64,4,2,128,0.1,16,75,0.0,0.1,10,5,0.5,True,42
batch_size,16,33,33,20,0.40777527317121454,0.7256419586638609,0.001,64,4,2,128,0.1,16,75,0.0,0.1,10,5,0.5,True,42
batch_size,16,33,33,21,0.3765988437735083,0.8260784516731898,0.001,64,4,2,128,0.1,16,75,0.0,0.1,10,5,0.5,True,42
batch_size,16,34,34,1,0.6918474605781497,0.6617352286974589,0.001,64,4,2,128,0.1,16,75,0.0,0.1,10,5,0.5,True,42
batch_size,16,34,34,2,0.6620668638568414,0.6640830159187316,0.001,64,4,2,128,0.1,16,75,0.0,0.1,10,5,0.5,True,42
batch_size,16,34,34,3,0.6480294199724161,0.6410357832908631,0.001,64,4,2,128,0.1,16,75,0.0,0.1,10,5,0.5,True,42
batch_size,16,34,34,4,0.6350551658936779,0.6506344328324,0.001,64,4,2,128,0.1,16,75,0.0,0.1,10,5,0.5,True,42
batch_size,16,34,34,5,0.6275628972869409,0.6313991079727809,0.001,64,4,2,128,0.1,16,75,0.0,0.1,10,5,0.5,True,42
batch_size,16,34,34,6,0.6173616648853505,0.6256968259811402,0.001,64,4,2,128,0.1,16,75,0.0,0.1,10,5,0.5,True,42
batch_size,16,34,34,7,0.61102932623584,0.6380414048830668,0.001,64,4,2,128,0.1,16,75,0.0,0.1,10,5,0.5,True,42
batch_size,16,34,34,8,0.5977267408778912,0.6340161144733429,0.001,64,4,2,128,0.1,16,75,0.0,0.1,10,5,0.5,True,42
batch_size,16,34,34,9,0.5896802115123082,0.6328203270832697,0.001,64,4,2,128,0.1,16,75,0.0,0.1,10,5,0.5,True,42
batch_size,16,34,34,10,0.5737982724329365,0.6930535137653351,0.001,64,4,2,128,0.1,16,75,0.0,0.1,10,5,0.5,True,42
batch_size,16,34,34,11,0.5562414930347254,0.6685744146505992,0.001,64,4,2,128,0.1,16,75,0.0,0.1,10,5,0.5,True,42
batch_size,16,34,34,12,0.5518614808416186,0.6825946380694707,0.001,64,4,2,128,0.1,16,75,0.0,0.1,10,5,0.5,True,42
batch_size,16,34,34,13,0.48622100536814206,0.7164239774147669,0.001,64,4,2,128,0.1,16,75,0.0,0.1,10,5,0.5,True,42
batch_size,16,34,34,14,0.45254625589675324,0.7704180727402369,0.001,64,4,2,128,0.1,16,75,0.0,0.1,10,5,0.5,True,42
batch_size,16,34,34,15,0.4259499224476488,0.818799231449763,0.001,64,4,2,128,0.1,16,75,0.0,0.1,10,5,0.5,True,42
batch_size,16,34,34,16,0.4027526402994707,0.8511594672997792,0.001,64,4,2,128,0.1,16,75,0.0,0.1,10,5,0.5,True,42
batch_size,16,35,35,1,0.6967258054493951,0.6677571247021358,0.001,64,4,2,128,0.1,16,75,0.0,0.1,10,5,0.5,True,42
batch_size,16,35,35,2,0.6643472149571539,0.6391061425209046,0.001,64,4,2,128,0.1,16,75,0.0,0.1,10,5,0.5,True,42
batch_size,16,35,35,3,0.6396581833126881,0.6054078330596288,0.001,64,4,2,128,0.1,16,75,0.0,0.1,10,5,0.5,True,42
batch_size,16,35,35,4,0.6312685700650451,0.614849466085434,0.001,64,4,2,128,0.1,16,75,0.0,0.1,10,5,0.5,True,42
batch_size,16,35,35,5,0.6199101877076544,0.6279512623945872,0.001,64,4,2,128,0.1,16,75,0.0,0.1,10,5,0.5,True,42
batch_size,16,35,35,6,0.6210017266608916,0.6201804488897323,0.001,64,4,2,128,0.1,16,75,0.0,0.1,10,5,0.5,True,42
batch_size,16,35,35,7,0.5964413020094085,0.6130695422490438,0.001,64,4,2,128,0.1,16,75,0.0,0.1,10,5,0.5,True,42
batch_size,16,35,35,8,0.5966718590078245,0.7437854632735252,0.001,64,4,2,128,0.1,16,75,0.0,0.1,10,5,0.5,True,42
batch_size,16,35,35,9,0.5791850114956555,0.612026842435201,0.001,64,4,2,128,0.1,16,75,0.0,0.1,10,5,0.5,True,42
batch_size,16,35,35,10,0.5433817709806754,0.631785020728906,0.001,64,4,2,128,0.1,16,75,0.0,0.1,10,5,0.5,True,42
batch_size,16,35,35,11,0.5179315730646082,0.6425395965576172,0.001,64,4,2,128,0.1,16,75,0.0,0.1,10,5,0.5,True,42
batch_size,16,35,35,12,0.49788777377215626,0.6781426936388015,0.001,64,4,2,128,0.1,16,75,0.0,0.1,10,5,0.5,True,42
batch_size,16,35,35,13,0.4791120493026741,0.6831733892361324,0.001,64,4,2,128,0.1,16,75,0.0,0.1,10,5,0.5,True,42
batch_size,16,36,36,1,0.7001273690974305,0.6721702833970388,0.001,64,4,2,128,0.1,16,75,0.0,0.1,10,5,0.5,True,42
batch_size,16,36,36,2,0.6734359255308434,0.6540732671817143,0.001,64,4,2,128,0.1,16,75,0.0,0.1,10,5,0.5,True,42
batch_size,16,36,36,3,0.6537408215691382,0.624747763077418,0.001,64,4,2,128,0.1,16,75,0.0,0.1,10,5,0.5,True,42
batch_size,16,36,36,4,0.6430400246223116,0.6369144976139068,0.001,64,4,2,128,0.1,16,75,0.0,0.1,10,5,0.5,True,42
batch_size,16,36,36,5,0.6329975246023316,0.6277202745278676,0.001,64,4,2,128,0.1,16,75,0.0,0.1,10,5,0.5,True,42
batch_size,16,36,36,6,0.6247460472719751,0.6380973190069199,0.001,64,4,2,128,0.1,16,75,0.0,0.1,10,5,0.5,True,42
batch_size,16,36,36,7,0.6179734150039833,0.6372020522753398,0.001,64,4,2,128,0.1,16,75,0.0,0.1,10,5,0.5,True,42
batch_size,16,36,36,8,0.6158119722237605,0.6534250438213348,0.001,64,4,2,128,0.1,16,75,0.0,0.1,10,5,0.5,True,42
batch_size,16,36,36,9,0.6063737073778653,0.6047047138214111,0.001,64,4,2,128,0.1,16,75,0.0,0.1,10,5,0.5,True,42
batch_size,16,36,36,10,0.602948965115239,0.6430174027880032,0.001,64,4,2,128,0.1,16,75,0.0,0.1,10,5,0.5,True,42
batch_size,16,36,36,11,0.6025317617242327,0.6143594875931739,0.001,64,4,2,128,0.1,16,75,0.0,0.1,10,5,0.5,True,42
batch_size,16,36,36,12,0.5860852383842033,0.6302610874176026,0.001,64,4,2,128,0.1,16,75,0.0,0.1,10,5,0.5,True,42
batch_size,16,36,36,13,0.5751510387137816,0.6292427425583204,0.001,64,4,2,128,0.1,16,75,0.0,0.1,10,5,0.5,True,42
batch_size,16,36,36,14,0.5708252865778629,0.6299328645070393,0.001,64,4,2,128,0.1,16,75,0.0,0.1,10,5,0.5,True,42
batch_size,16,36,36,15,0.5579815327894552,0.6329324622948964,0.001,64,4,2,128,0.1,16,75,0.0,0.1,10,5,0.5,True,42
batch_size,16,36,36,16,0.5160386318716259,0.6401910463968913,0.001,64,4,2,128,0.1,16,75,0.0,0.1,10,5,0.5,True,42
batch_size,16,36,36,17,0.4921442256114329,0.6731225768725078,0.001,64,4,2,128,0.1,16,75,0.0,0.1,10,5,0.5,True,42
batch_size,16,36,36,18,0.46784843600748155,0.7175147354602813,0.001,64,4,2,128,0.1,16,75,0.0,0.1,10,5,0.5,True,42
batch_size,16,36,36,19,0.4509864582648295,0.7522003216048082,0.001,64,4,2,128,0.1,16,75,0.0,0.1,10,5,0.5,True,42
batch_size,16,37,37,1,0.6951273752256039,0.6718375891447067,0.001,64,4,2,128,0.1,16,75,0.0,0.1,10,5,0.5,True,42
batch_size,16,37,37,2,0.6670879547133646,0.6448464065790176,0.001,64,4,2,128,0.1,16,75,0.0,0.1,10,5,0.5,True,42
batch_size,16,37,37,3,0.6379831826505552,0.608759938677152,0.001,64,4,2,128,0.1,16,75,0.0,0.1,10,5,0.5,True,42
batch_size,16,37,37,4,0.6297891135451458,0.6029034862915675,0.001,64,4,2,128,0.1,16,75,0.0,0.1,10,5,0.5,True,42
batch_size,16,37,37,5,0.6175335734062775,0.6214318265517552,0.001,64,4,2,128,0.1,16,75,0.0,0.1,10,5,0.5,True,42
batch_size,16,37,37,6,0.6025085879822648,0.5897658248742421,0.001,64,4,2,128,0.1,16,75,0.0,0.1,10,5,0.5,True,42
batch_size,16,37,37,7,0.5947849500088638,0.590326667825381,0.001,64,4,2,128,0.1,16,75,0.0,0.1,10,5,0.5,True,42
batch_size,16,37,37,8,0.5810553156151065,0.6070622285207112,0.001,64,4,2,128,0.1,16,75,0.0,0.1,10,5,0.5,True,42
batch_size,16,37,37,9,0.5680040364709644,0.6124444877107939,0.001,64,4,2,128,0.1,16,75,0.0,0.1,10,5,0.5,True,42
batch_size,16,37,37,10,0.5648552222396938,0.63051136136055,0.001,64,4,2,128,0.1,16,75,0.0,0.1,10,5,0.5,True,42
batch_size,16,37,37,11,0.5454271516192548,0.6380761096874873,0.001,64,4,2,128,0.1,16,75,0.0,0.1,10,5,0.5,True,42
batch_size,16,37,37,12,0.5331201713121436,0.6842825959126154,0.001,64,4,2,128,0.1,16,75,0.0,0.1,10,5,0.5,True,42
batch_size,16,37,37,13,0.46696546345155954,0.7029857153693835,0.001,64,4,2,128,0.1,16,75,0.0,0.1,10,5,0.5,True,42
batch_size,16,37,37,14,0.44564987872036693,0.6802220354477565,0.001,64,4,2,128,0.1,16,75,0.0,0.1,10,5,0.5,True,42
batch_size,16,37,37,15,0.4182830330536846,0.7027598331371944,0.001,64,4,2,128,0.1,16,75,0.0,0.1,10,5,0.5,True,42
batch_size,16,37,37,16,0.3866613805860621,0.9179992886881033,0.001,64,4,2,128,0.1,16,75,0.0,0.1,10,5,0.5,True,42
batch_size,16,38,38,1,0.6980410567254621,0.6681974530220032,0.001,64,4,2,128,0.1,16,75,0.0,0.1,10,5,0.5,True,42
batch_size,16,38,38,2,0.6694965217503305,0.6976492673158645,0.001,64,4,2,128,0.1,16,75,0.0,0.1,10,5,0.5,True,42
batch_size,16,38,38,3,0.6548233672466568,0.6518238226572672,0.001,64,4,2,128,0.1,16,75,0.0,0.1,10,5,0.5,True,42
batch_size,16,38,38,4,0.6423232504396837,0.6206030537684758,0.001,64,4,2,128,0.1,16,75,0.0,0.1,10,5,0.5,True,42
batch_size,16,38,38,5,0.629601761302114,0.6110053300857544,0.001,64,4,2,128,0.1,16,75,0.0,0.1,10,5,0.5,True,42
batch_size,16,38,38,6,0.6227290088686199,0.6374692633748055,0.001,64,4,2,128,0.1,16,75,0.0,0.1,10,5,0.5,True,42
batch_size,16,38,38,7,0.6204791611818307,0.6093312472105026,0.001,64,4,2,128,0.1,16,75,0.0,0.1,10,5,0.5,True,42
batch_size,16,38,38,8,0.6154114695782897,0.6351683591802915,0.001,64,4,2,128,0.1,16,75,0.0,0.1,10,5,0.5,True,42
batch_size,16,38,38,9,0.5966614935787912,0.6417780677477519,0.001,64,4,2,128,0.1,16,75,0.0,0.1,10,5,0.5,True,42
batch_size,16,38,38,10,0.592984322019403,0.6111218084891638,0.001,64,4,2,128,0.1,16,75,0.0,0.1,10,5,0.5,True,42
batch_size,16,38,38,11,0.5784405127677628,0.5829022645950317,0.001,64,4,2,128,0.1,16,75,0.0,0.1,10,5,0.5,True,42
batch_size,16,38,38,12,0.5673850829157085,0.5940469135840734,0.001,64,4,2,128,0.1,16,75,0.0,0.1,10,5,0.5,True,42
batch_size,16,38,38,13,0.545151113330638,0.6061579008897146,0.001,64,4,2,128,0.1,16,75,0.0,0.1,10,5,0.5,True,42
batch_size,16,38,38,14,0.5331966878116811,0.5960931360721589,0.001,64,4,2,128,0.1,16,75,0.0,0.1,10,5,0.5,True,42
batch_size,16,38,38,15,0.5095918005183623,0.6557691623767217,0.001,64,4,2,128,0.1,16,75,0.0,0.1,10,5,0.5,True,42
batch_size,16,38,38,16,0.4951563491680776,0.6625110184152921,0.001,64,4,2,128,0.1,16,75,0.0,0.1,10,5,0.5,True,42
batch_size,16,38,38,17,0.4725530534529414,0.6901173122227192,0.001,64,4,2,128,0.1,16,75,0.0,0.1,10,5,0.5,True,42
batch_size,16,38,38,18,0.39091591559662114,0.7231785964220763,0.001,64,4,2,128,0.1,16,75,0.0,0.1,10,5,0.5,True,42
batch_size,16,38,38,19,0.3544749138246471,0.8384001599003871,0.001,64,4,2,128,0.1,16,75,0.0,0.1,10,5,0.5,True,42
batch_size,16,38,38,20,0.32923352426562474,0.8366047576069832,0.001,64,4,2,128,0.1,16,75,0.0,0.1,10,5,0.5,True,42
batch_size,16,38,38,21,0.3065808684540339,0.9082707357903321,0.001,64,4,2,128,0.1,16,75,0.0,0.1,10,5,0.5,True,42
batch_size,16,39,39,1,0.693889438879354,0.6949711471796036,0.001,64,4,2,128,0.1,16,75,0.0,0.1,10,5,0.5,True,42
batch_size,16,39,39,2,0.6700227049820323,0.6276270429293315,0.001,64,4,2,128,0.1,16,75,0.0,0.1,10,5,0.5,True,42
batch_size,16,39,39,3,0.6510786585254814,0.6007202645142873,0.001,64,4,2,128,0.1,16,75,0.0,0.1,10,5,0.5,True,42
batch_size,16,39,39,4,0.6430873803992688,0.6063040057818095,0.001,64,4,2,128,0.1,16,75,0.0,0.1,10,5,0.5,True,42
batch_size,16,39,39,5,0.6355203872851093,0.6026549100875854,0.001,64,4,2,128,0.1,16,75,0.0,0.1,10,5,0.5,True,42
batch_size,16,39,39,6,0.6304985069503349,0.6104266703128814,0.001,64,4,2,128,0.1,16,75,0.0,0.1,10,5,0.5,True,42
batch_size,16,39,39,7,0.6082607856721479,0.598212668299675,0.001,64,4,2,128,0.1,16,75,0.0,0.1,10,5,0.5,True,42
batch_size,16,39,39,8,0.6062781355226902,0.6318315843741099,0.001,64,4,2,128,0.1,16,75,0.0,0.1,10,5,0.5,True,42
batch_size,16,39,39,9,0.5877446675028638,0.602593332529068,0.001,64,4,2,128,0.1,16,75,0.0,0.1,10,5,0.5,True,42
batch_size,16,39,39,10,0.579872449088006,0.648981390396754,0.001,64,4,2,128,0.1,16,75,0.0,0.1,10,5,0.5,True,42
batch_size,16,39,39,11,0.5630220071671127,0.6097974201043447,0.001,64,4,2,128,0.1,16,75,0.0,0.1,10,5,0.5,True,42
batch_size,16,39,39,12,0.5497078818513413,0.6077252388000488,0.001,64,4,2,128,0.1,16,75,0.0,0.1,10,5,0.5,True,42
batch_size,16,39,39,13,0.5268179421302484,0.6528136094411214,0.001,64,4,2,128,0.1,16,75,0.0,0.1,10,5,0.5,True,42
batch_size,16,39,39,14,0.4613267744222068,0.672940319776535,0.001,64,4,2,128,0.1,16,75,0.0,0.1,10,5,0.5,True,42
batch_size,16,39,39,15,0.42568300279147725,0.7057869181036949,0.001,64,4,2,128,0.1,16,75,0.0,0.1,10,5,0.5,True,42
batch_size,16,39,39,16,0.39727130529431787,0.7438338577747345,0.001,64,4,2,128,0.1,16,75,0.0,0.1,10,5,0.5,True,42
batch_size,16,39,39,17,0.3716278332267877,0.764854044218858,0.001,64,4,2,128,0.1,16,75,0.0,0.1,10,5,0.5,True,42
batch_size,16,40,40,1,0.6913244518037078,0.6824014067649842,0.001,64,4,2,128,0.1,16,75,0.0,0.1,10,5,0.5,True,42
batch_size,16,40,40,2,0.6627750625628482,0.6483090301354726,0.001,64,4,2,128,0.1,16,75,0.0,0.1,10,5,0.5,True,42
batch_size,16,40,40,3,0.6494143513445618,0.6374655097723008,0.001,64,4,2,128,0.1,16,75,0.0,0.1,10,5,0.5,True,42
batch_size,16,40,40,4,0.6261046441562276,0.6617465178171794,0.001,64,4,2,128,0.1,16,75,0.0,0.1,10,5,0.5,True,42
batch_size,16,40,40,5,0.6224457007397264,0.620630336801211,0.001,64,4,2,128,0.1,16,75,0.0,0.1,10,5,0.5,True,42
batch_size,16,40,40,6,0.6120914361322788,0.6363493671019872,0.001,64,4,2,128,0.1,16,75,0.0,0.1,10,5,0.5,True,42
batch_size,16,40,40,7,0.6022479083148246,0.6436912606159846,0.001,64,4,2,128,0.1,16,75,0.0,0.1,10,5,0.5,True,42
batch_size,16,40,40,8,0.599998606361817,0.6399437993764877,0.001,64,4,2,128,0.1,16,75,0.0,0.1,10,5,0.5,True,42
batch_size,16,40,40,9,0.5833268757102154,0.6491438279549281,0.001,64,4,2,128,0.1,16,75,0.0,0.1,10,5,0.5,True,42
batch_size,16,40,40,10,0.5710111989041246,0.6331829518079758,0.001,64,4,2,128,0.1,16,75,0.0,0.1,10,5,0.5,True,42
batch_size,16,40,40,11,0.5588878586944972,0.6635113229354223,0.001,64,4,2,128,0.1,16,75,0.0,0.1,10,5,0.5,True,42
batch_size,16,40,40,12,0.5076647905115845,0.6777597844600678,0.001,64,4,2,128,0.1,16,75,0.0,0.1,10,5,0.5,True,42
batch_size,16,40,40,13,0.48112021939042854,0.6782654489080111,0.001,64,4,2,128,0.1,16,75,0.0,0.1,10,5,0.5,True,42
batch_size,16,40,40,14,0.4623075032415499,0.7192577501138051,0.001,64,4,2,128,0.1,16,75,0.0,0.1,10,5,0.5,True,42
batch_size,16,40,40,15,0.43318937429910376,0.7671365588903427,0.001,64,4,2,128,0.1,16,75,0.0,0.1,10,5,0.5,True,42
batch_size,16,41,41,1,0.6942023539724459,0.6724865436553955,0.001,64,4,2,128,0.1,16,75,0.0,0.1,10,5,0.5,True,42
batch_size,16,41,41,2,0.6703471373695837,0.6549170603354771,0.001,64,4,2,128,0.1,16,75,0.0,0.1,10,5,0.5,True,42
batch_size,16,41,41,3,0.653793625278618,0.6169485519329707,0.001,64,4,2,128,0.1,16,75,0.0,0.1,10,5,0.5,True,42
batch_size,16,41,41,4,0.6373196780228343,0.6049435049295425,0.001,64,4,2,128,0.1,16,75,0.0,0.1,10,5,0.5,True,42
batch_size,16,41,41,5,0.6244228841460703,0.5888120740652084,0.001,64,4,2,128,0.1,16,75,0.0,0.1,10,5,0.5,True,42
batch_size,16,41,41,6,0.6101628794642909,0.6066915055116018,0.001,64,4,2,128,0.1,16,75,0.0,0.1,10,5,0.5,True,42
batch_size,16,41,41,7,0.6053313649199308,0.5792423804601033,0.001,64,4,2,128,0.1,16,75,0.0,0.1,10,5,0.5,True,42
batch_size,16,41,41,8,0.5929135929495662,0.5940431863069534,0.001,64,4,2,128,0.1,16,75,0.0,0.1,10,5,0.5,True,42
batch_size,16,41,41,9,0.5836204110216279,0.5814543813467026,0.001,64,4,2,128,0.1,16,75,0.0,0.1,10,5,0.5,True,42
batch_size,16,41,41,10,0.5695119685999794,0.5875809609889984,0.001,64,4,2,128,0.1,16,75,0.0,0.1,10,5,0.5,True,42
batch_size,16,41,41,11,0.5492299970791821,0.6008695830901464,0.001,64,4,2,128,0.1,16,75,0.0,0.1,10,5,0.5,True,42
batch_size,16,41,41,12,0.5392117819858595,0.5746426304181417,0.001,64,4,2,128,0.1,16,75,0.0,0.1,10,5,0.5,True,42
batch_size,16,41,41,13,0.5218160541111979,0.6248321463664372,0.001,64,4,2,128,0.1,16,75,0.0,0.1,10,5,0.5,True,42
batch_size,16,41,41,14,0.5002640380945496,0.6128519237041473,0.001,64,4,2,128,0.1,16,75,0.0,0.1,10,5,0.5,True,42
batch_size,16,41,41,15,0.482010251555606,0.6363380461931228,0.001,64,4,2,128,0.1,16,75,0.0,0.1,10,5,0.5,True,42
batch_size,16,41,41,16,0.4527004292595976,0.6968150526285172,0.001,64,4,2,128,0.1,16,75,0.0,0.1,10,5,0.5,True,42
batch_size,16,41,41,17,0.4382755511047269,0.7399147888024648,0.001,64,4,2,128,0.1,16,75,0.0,0.1,10,5,0.5,True,42
batch_size,16,41,41,18,0.4114476433838275,0.7705482100447019,0.001,64,4,2,128,0.1,16,75,0.0,0.1,10,5,0.5,True,42
batch_size,16,41,41,19,0.3400915843848946,0.8215384056170781,0.001,64,4,2,128,0.1,16,75,0.0,0.1,10,5,0.5,True,42
batch_size,16,41,41,20,0.30773341152887834,0.8460542137424151,0.001,64,4,2,128,0.1,16,75,0.0,0.1,10,5,0.5,True,42
batch_size,16,41,41,21,0.2862639223781375,0.9823329955339432,0.001,64,4,2,128,0.1,16,75,0.0,0.1,10,5,0.5,True,42
batch_size,16,41,41,22,0.26837864281616736,1.048259590069453,0.001,64,4,2,128,0.1,16,75,0.0,0.1,10,5,0.5,True,42
batch_size,16,42,42,1,0.6966903438586246,0.6853887399037679,0.001,64,4,2,128,0.1,16,75,0.0,0.1,10,5,0.5,True,42
batch_size,16,42,42,2,0.666883924614794,0.6639880140622457,0.001,64,4,2,128,0.1,16,75,0.0,0.1,10,5,0.5,True,42
batch_size,16,42,42,3,0.6500019241875116,0.6494932224353155,0.001,64,4,2,128,0.1,16,75,0.0,0.1,10,5,0.5,True,42
batch_size,16,42,42,4,0.6336191561738801,0.6176022718350093,0.001,64,4,2,128,0.1,16,75,0.0,0.1,10,5,0.5,True,42
batch_size,16,42,42,5,0.6239327833679692,0.6089311371246974,0.001,64,4,2,128,0.1,16,75,0.0,0.1,10,5,0.5,True,42
batch_size,16,42,42,6,0.6116424187054652,0.6159863104422887,0.001,64,4,2,128,0.1,16,75,0.0,0.1,10,5,0.5,True,42
batch_size,16,42,42,7,0.602694054180225,0.6175849840044976,0.001,64,4,2,128,0.1,16,75,0.0,0.1,10,5,0.5,True,42
batch_size,16,42,42,8,0.586852671189,0.619789582490921,0.001,64,4,2,128,0.1,16,75,0.0,0.1,10,5,0.5,True,42
batch_size,16,42,42,9,0.5781668896004274,0.6190646241108576,0.001,64,4,2,128,0.1,16,75,0.0,0.1,10,5,0.5,True,42
batch_size,16,42,42,10,0.5685037280443503,0.6418520500262578,0.001,64,4,2,128,0.1,16,75,0.0,0.1,10,5,0.5,True,42
batch_size,16,42,42,11,0.5628292330544258,0.621147828300794,0.001,64,4,2,128,0.1,16,75,0.0,0.1,10,5,0.5,True,42
batch_size,16,42,42,12,0.4971197246938604,0.6903633872667948,0.001,64,4,2,128,0.1,16,75,0.0,0.1,10,5,0.5,True,42
batch_size,16,42,42,13,0.4691770929460743,0.7033844411373138,0.001,64,4,2,128,0.1,16,75,0.0,0.1,10,5,0.5,True,42
batch_size,16,42,42,14,0.44802247945346757,0.7177989969650904,0.001,64,4,2,128,0.1,16,75,0.0,0.1,10,5,0.5,True,42
batch_size,16,42,42,15,0.4133292590144016,0.8034222821394602,0.001,64,4,2,128,0.1,16,75,0.0,0.1,10,5,0.5,True,42
batch_size,16,43,43,1,0.6953618800685433,0.6850182116031647,0.001,64,4,2,128,0.1,16,75,0.0,0.1,10,5,0.5,True,42
batch_size,16,43,43,2,0.6680432938804192,0.6496222257614136,0.001,64,4,2,128,0.1,16,75,0.0,0.1,10,5,0.5,True,42
batch_size,16,43,43,3,0.642716166184429,0.6517916391293208,0.001,64,4,2,128,0.1,16,75,0.0,0.1,10,5,0.5,True,42
batch_size,16,43,43,4,0.6380134700822286,0.6286882271369298,0.001,64,4,2,128,0.1,16,75,0.0,0.1,10,5,0.5,True,42
batch_size,16,43,43,5,0.6203763951820113,0.6109696706136067,0.001,64,4,2,128,0.1,16,75,0.0,0.1,10,5,0.5,True,42
batch_size,16,43,43,6,0.610358361395593,0.6252381682395936,0.001,64,4,2,128,0.1,16,75,0.0,0.1,10,5,0.5,True,42
batch_size,16,43,43,7,0.6012728360442607,0.6357702136039733,0.001,64,4,2,128,0.1,16,75,0.0,0.1,10,5,0.5,True,42
batch_size,16,43,43,8,0.5984844567657877,0.6311227987209956,0.001,64,4,2,128,0.1,16,75,0.0,0.1,10,5,0.5,True,42
batch_size,16,43,43,9,0.5836929280041742,0.6435346374909083,0.001,64,4,2,128,0.1,16,75,0.0,0.1,10,5,0.5,True,42
batch_size,16,43,43,10,0.5715752457031279,0.6268384744723637,0.001,64,4,2,128,0.1,16,75,0.0,0.1,10,5,0.5,True,42
batch_size,16,43,43,11,0.5592915236723287,0.6293316771586736,0.001,64,4,2,128,0.1,16,75,0.0,0.1,10,5,0.5,True,42
batch_size,16,43,43,12,0.519999455929709,0.658286119500796,0.001,64,4,2,128,0.1,16,75,0.0,0.1,10,5,0.5,True,42
batch_size,16,43,43,13,0.4883733983842139,0.6928601354360581,0.001,64,4,2,128,0.1,16,75,0.0,0.1,10,5,0.5,True,42
batch_size,16,43,43,14,0.46395283229224127,0.7247650305430094,0.001,64,4,2,128,0.1,16,75,0.0,0.1,10,5,0.5,True,42
batch_size,16,43,43,15,0.43287753803875056,0.7743945479393005,0.001,64,4,2,128,0.1,16,75,0.0,0.1,10,5,0.5,True,42
batch_size,16,44,44,1,0.6908100935997386,0.6645700613657634,0.001,64,4,2,128,0.1,16,75,0.0,0.1,10,5,0.5,True,42
batch_size,16,44,44,2,0.6636279176807764,0.6722909539937973,0.001,64,4,2,128,0.1,16,75,0.0,0.1,10,5,0.5,True,42
batch_size,16,44,44,3,0.6490846488511923,0.620186585187912,0.001,64,4,2,128,0.1,16,75,0.0,0.1,10,5,0.5,True,42
batch_size,16,44,44,4,0.6283552050590515,0.5998976498842239,0.001,64,4,2,128,0.1,16,75,0.0,0.1,10,5,0.5,True,42
batch_size,16,44,44,5,0.6251296912404624,0.6222408463557562,0.001,64,4,2,128,0.1,16,75,0.0,0.1,10,5,0.5,True,42
batch_size,16,44,44,6,0.6116957198264021,0.608132740855217,0.001,64,4,2,128,0.1,16,75,0.0,0.1,10,5,0.5,True,42
batch_size,16,44,44,7,0.6102403711640474,0.5963965644439061,0.001,64,4,2,128,0.1,16,75,0.0,0.1,10,5,0.5,True,42
batch_size,16,44,44,8,0.5989340980621901,0.5970768262942632,0.001,64,4,2,128,0.1,16,75,0.0,0.1,10,5,0.5,True,42
batch_size,16,44,44,9,0.5941014876871398,0.6082943061987559,0.001,64,4,2,128,0.1,16,75,0.0,0.1,10,5,0.5,True,42
batch_size,16,44,44,10,0.5796754862548728,0.6404740959405899,0.001,64,4,2,128,0.1,16,75,0.0,0.1,10,5,0.5,True,42
batch_size,16,44,44,11,0.5672236274589192,0.6152891983588537,0.001,64,4,2,128,0.1,16,75,0.0,0.1,10,5,0.5,True,42
batch_size,16,44,44,12,0.5545884178894939,0.6222462326288223,0.001,64,4,2,128,0.1,16,75,0.0,0.1,10,5,0.5,True,42
batch_size,16,44,44,13,0.5441674657278892,0.6667241960763931,0.001,64,4,2,128,0.1,16,75,0.0,0.1,10,5,0.5,True,42
batch_size,16,44,44,14,0.48232930204407737,0.6726488222678503,0.001,64,4,2,128,0.1,16,75,0.0,0.1,10,5,0.5,True,42
batch_size,16,44,44,15,0.452054252340035,0.7390915662050247,0.001,64,4,2,128,0.1,16,75,0.0,0.1,10,5,0.5,True,42
batch_size,16,44,44,16,0.4292760695697683,0.7652569750944773,0.001,64,4,2,128,0.1,16,75,0.0,0.1,10,5,0.5,True,42
batch_size,16,44,44,17,0.3972225416677468,0.7871386130650838,0.001,64,4,2,128,0.1,16,75,0.0,0.1,10,5,0.5,True,42
batch_size,16,45,45,1,0.6951756771979677,0.6749450902144114,0.001,64,4,2,128,0.1,16,75,0.0,0.1,10,5,0.5,True,42
batch_size,16,45,45,2,0.6750381072211175,0.6816325227419535,0.001,64,4,2,128,0.1,16,75,0.0,0.1,10,5,0.5,True,42
batch_size,16,45,45,3,0.6631407426110691,0.6368915428717931,0.001,64,4,2,128,0.1,16,75,0.0,0.1,10,5,0.5,True,42
batch_size,16,45,45,4,0.6389673949421132,0.6182572474082311,0.001,64,4,2,128,0.1,16,75,0.0,0.1,10,5,0.5,True,42
batch_size,16,45,45,5,0.6326748684558579,0.6487823685010274,0.001,64,4,2,128,0.1,16,75,0.0,0.1,10,5,0.5,True,42
batch_size,16,45,45,6,0.619132304486213,0.6200324421127638,0.001,64,4,2,128,0.1,16,75,0.0,0.1,10,5,0.5,True,42
batch_size,16,45,45,7,0.6156862788327293,0.6034788767496745,0.001,64,4,2,128,0.1,16,75,0.0,0.1,10,5,0.5,True,42
batch_size,16,45,45,8,0.6055458628859357,0.6235888997713724,0.001,64,4,2,128,0.1,16,75,0.0,0.1,10,5,0.5,True,42
batch_size,16,45,45,9,0.602371084939391,0.6030235985914866,0.001,64,4,2,128,0.1,16,75,0.0,0.1,10,5,0.5,True,42
batch_size,16,45,45,10,0.5888882090156976,0.593174147605896,0.001,64,4,2,128,0.1,16,75,0.0,0.1,10,5,0.5,True,42
batch_size,16,45,45,11,0.5817758401310489,0.5852715030312539,0.001,64,4,2,128,0.1,16,75,0.0,0.1,10,5,0.5,True,42
batch_size,16,45,45,12,0.5666860123324303,0.5865708117683729,0.001,64,4,2,128,0.1,16,75,0.0,0.1,10,5,0.5,True,42
batch_size,16,45,45,13,0.5601369122135322,0.633507197101911,0.001,64,4,2,128,0.1,16,75,0.0,0.1,10,5,0.5,True,42
batch_size,16,45,45,14,0.5402082164024672,0.6407964487870534,0.001,64,4,2,128,0.1,16,75,0.0,0.1,10,5,0.5,True,42
batch_size,16,45,45,15,0.5316522444382367,0.6258697470029195,0.001,64,4,2,128,0.1,16,75,0.0,0.1,10,5,0.5,True,42
batch_size,16,45,45,16,0.509672392457157,0.6807179542879264,0.001,64,4,2,128,0.1,16,75,0.0,0.1,10,5,0.5,True,42
batch_size,16,45,45,17,0.49595458403286374,0.6375970110297203,0.001,64,4,2,128,0.1,16,75,0.0,0.1,10,5,0.5,True,42
batch_size,16,45,45,18,0.4286516902564596,0.665934930741787,0.001,64,4,2,128,0.1,16,75,0.0,0.1,10,5,0.5,True,42
batch_size,16,45,45,19,0.40172557005864135,0.7495116810003917,0.001,64,4,2,128,0.1,16,75,0.0,0.1,10,5,0.5,True,42
batch_size,16,45,45,20,0.38003759077633287,0.8321850085010131,0.001,64,4,2,128,0.1,16,75,0.0,0.1,10,5,0.5,True,42
batch_size,16,45,45,21,0.35862836016504934,0.7267180093874533,0.001,64,4,2,128,0.1,16,75,0.0,0.1,10,5,0.5,True,42
batch_size,16,46,46,1,0.7026922974749663,0.6839276671409606,0.001,64,4,2,128,0.1,16,75,0.0,0.1,10,5,0.5,True,42
batch_size,16,46,46,2,0.6766294927651438,0.6468906283378602,0.001,64,4,2,128,0.1,16,75,0.0,0.1,10,5,0.5,True,42
batch_size,16,46,46,3,0.6529690111091382,0.6209776192903519,0.001,64,4,2,128,0.1,16,75,0.0,0.1,10,5,0.5,True,42
batch_size,16,46,46,4,0.6371285292132273,0.6143767237663269,0.001,64,4,2,128,0.1,16,75,0.0,0.1,10,5,0.5,True,42
batch_size,16,46,46,5,0.6239358290973271,0.6084172854820887,0.001,64,4,2,128,0.1,16,75,0.0,0.1,10,5,0.5,True,42
batch_size,16,46,46,6,0.6105145349702001,0.6130293190479279,0.001,64,4,2,128,0.1,16,75,0.0,0.1,10,5,0.5,True,42
batch_size,16,46,46,7,0.6088531140818796,0.5983447571595509,0.001,64,4,2,128,0.1,16,75,0.0,0.1,10,5,0.5,True,42
batch_size,16,46,46,8,0.5985453209269636,0.6201296508312225,0.001,64,4,2,128,0.1,16,75,0.0,0.1,10,5,0.5,True,42
batch_size,16,46,46,9,0.5816866314683123,0.6230421761671702,0.001,64,4,2,128,0.1,16,75,0.0,0.1,10,5,0.5,True,42
batch_size,16,46,46,10,0.5713331535061956,0.6162023186683655,0.001,64,4,2,128,0.1,16,75,0.0,0.1,10,5,0.5,True,42
batch_size,16,46,46,11,0.5612195458248994,0.6244882936278979,0.001,64,4,2,128,0.1,16,75,0.0,0.1,10,5,0.5,True,42
batch_size,16,46,46,12,0.5370665865705947,0.6146488030751546,0.001,64,4,2,128,0.1,16,75,0.0,0.1,10,5,0.5,True,42
batch_size,16,46,46,13,0.522373020195689,0.657396849989891,0.001,64,4,2,128,0.1,16,75,0.0,0.1,10,5,0.5,True,42
batch_size,16,46,46,14,0.4663145829969486,0.671729335685571,0.001,64,4,2,128,0.1,16,75,0.0,0.1,10,5,0.5,True,42
batch_size,16,46,46,15,0.4352337825094339,0.7242236226797104,0.001,64,4,2,128,0.1,16,75,0.0,0.1,10,5,0.5,True,42
batch_size,16,46,46,16,0.407638399603249,0.7206275204817454,0.001,64,4,2,128,0.1,16,75,0.0,0.1,10,5,0.5,True,42
batch_size,16,46,46,17,0.3754915553127405,0.8696174211800098,0.001,64,4,2,128,0.1,16,75,0.0,0.1,10,5,0.5,True,42
batch_size,16,47,47,1,0.6986060738563538,0.6911480824152628,0.001,64,4,2,128,0.1,16,75,0.0,0.1,10,5,0.5,True,42
batch_size,16,47,47,2,0.66520083165894,0.6389020164807637,0.001,64,4,2,128,0.1,16,75,0.0,0.1,10,5,0.5,True,42
batch_size,16,47,47,3,0.6433352533402098,0.613833541671435,0.001,64,4,2,128,0.1,16,75,0.0,0.1,10,5,0.5,True,42
batch_size,16,47,47,4,0.6268509174254457,0.6491139630476633,0.001,64,4,2,128,0.1,16,75,0.0,0.1,10,5,0.5,True,42
batch_size,16,47,47,5,0.6179491755173687,0.6237457642952601,0.001,64,4,2,128,0.1,16,75,0.0,0.1,10,5,0.5,True,42
batch_size,16,47,47,6,0.6059803855056545,0.6018602793415387,0.001,64,4,2,128,0.1,16,75,0.0,0.1,10,5,0.5,True,42
batch_size,16,47,47,7,0.5986296430286799,0.6401076585054397,0.001,64,4,2,128,0.1,16,75,0.0,0.1,10,5,0.5,True,42
batch_size,16,47,47,8,0.5908439247780426,0.6168005049228669,0.001,64,4,2,128,0.1,16,75,0.0,0.1,10,5,0.5,True,42
batch_size,16,47,47,9,0.5784432611537977,0.6067988703648249,0.001,64,4,2,128,0.1,16,75,0.0,0.1,10,5,0.5,True,42
batch_size,16,47,47,10,0.5688919491867602,0.5991838922103246,0.001,64,4,2,128,0.1,16,75,0.0,0.1,10,5,0.5,True,42
batch_size,16,47,47,11,0.5582822334630407,0.6391239941120148,0.001,64,4,2,128,0.1,16,75,0.0,0.1,10,5,0.5,True,42
batch_size,16,47,47,12,0.5426585499777994,0.6295599202315013,0.001,64,4,2,128,0.1,16,75,0.0,0.1,10,5,0.5,True,42
batch_size,16,47,47,13,0.5275842515687978,0.6251374900341033,0.001,64,4,2,128,0.1,16,75,0.0,0.1,10,5,0.5,True,42
batch_size,16,47,47,14,0.5074171544594457,0.654410516222318,0.001,64,4,2,128,0.1,16,75,0.0,0.1,10,5,0.5,True,42
batch_size,16,47,47,15,0.49640282506951816,0.6497876753409704,0.001,64,4,2,128,0.1,16,75,0.0,0.1,10,5,0.5,True,42
batch_size,16,47,47,16,0.4636790747878216,0.7285392860571543,0.001,64,4,2,128,0.1,16,75,0.0,0.1,10,5,0.5,True,42
batch_size,16,47,47,17,0.4083711060451011,0.7256221701701482,0.001,64,4,2,128,0.1,16,75,0.0,0.1,10,5,0.5,True,42
batch_size,16,47,47,18,0.36652318674348605,0.7803550004959107,0.001,64,4,2,128,0.1,16,75,0.0,0.1,10,5,0.5,True,42
batch_size,16,47,47,19,0.3314873712144424,0.8759216179450353,0.001,64,4,2,128,0.1,16,75,0.0,0.1,10,5,0.5,True,42
batch_size,16,47,47,20,0.31512205107243796,0.8545801887909571,0.001,64,4,2,128,0.1,16,75,0.0,0.1,10,5,0.5,True,42
batch_size,16,48,48,1,0.6928625291248538,0.6834427257378896,0.001,64,4,2,128,0.1,16,75,0.0,0.1,10,5,0.5,True,42
batch_size,16,48,48,2,0.6574883656681708,0.6529279698928198,0.001,64,4,2,128,0.1,16,75,0.0,0.1,10,5,0.5,True,42
batch_size,16,48,48,3,0.6481255562800281,0.6681302696466446,0.001,64,4,2,128,0.1,16,75,0.0,0.1,10,5,0.5,True,42
batch_size,16,48,48,4,0.6381031190449337,0.6565492590268452,0.001,64,4,2,128,0.1,16,75,0.0,0.1,10,5,0.5,True,42
batch_size,16,48,48,5,0.6304329237847958,0.6276235898335775,0.001,64,4,2,128,0.1,16,75,0.0,0.1,10,5,0.5,True,42
batch_size,16,48,48,6,0.6175324372525485,0.6564622044563293,0.001,64,4,2,128,0.1,16,75,0.0,0.1,10,5,0.5,True,42
batch_size,16,48,48,7,0.6189427243088776,0.6496288438638051,0.001,64,4,2,128,0.1,16,75,0.0,0.1,10,5,0.5,True,42
batch_size,16,48,48,8,0.6057459812119322,0.6422935843467712,0.001,64,4,2,128,0.1,16,75,0.0,0.1,10,5,0.5,True,42
batch_size,16,48,48,9,0.5877106243709348,0.6392279922962188,0.001,64,4,2,128,0.1,16,75,0.0,0.1,10,5,0.5,True,42
batch_size,16,48,48,10,0.5827327914957731,0.6357175678014755,0.001,64,4,2,128,0.1,16,75,0.0,0.1,10,5,0.5,True,42
batch_size,16,48,48,11,0.5748341906745479,0.6402209669351577,0.001,64,4,2,128,0.1,16,75,0.0,0.1,10,5,0.5,True,42
batch_size,16,48,48,12,0.5218125179128826,0.6643428285916646,0.001,64,4,2,128,0.1,16,75,0.0,0.1,10,5,0.5,True,42
batch_size,16,48,48,13,0.5015825172077935,0.6850097676118215,0.001,64,4,2,128,0.1,16,75,0.0,0.1,10,5,0.5,True,42
batch_size,16,48,48,14,0.47608582113149034,0.7238741606473923,0.001,64,4,2,128,0.1,16,75,0.0,0.1,10,5,0.5,True,42
batch_size,16,48,48,15,0.4556045284811056,0.7297287523746491,0.001,64,4,2,128,0.1,16,75,0.0,0.1,10,5,0.5,True,42
batch_size,16,49,49,1,0.6893636697598736,0.6476572553316752,0.001,64,4,2,128,0.1,16,75,0.0,0.1,10,5,0.5,True,42
batch_size,16,49,49,2,0.6689279028444689,0.6409973541895548,0.001,64,4,2,128,0.1,16,75,0.0,0.1,10,5,0.5,True,42
batch_size,16,49,49,3,0.6434506514453163,0.6279074082771937,0.001,64,4,2,128,0.1,16,75,0.0,0.1,10,5,0.5,True,42
batch_size,16,49,49,4,0.6354388714743204,0.605530180533727,0.001,64,4,2,128,0.1,16,75,0.0,0.1,10,5,0.5,True,42
batch_size,16,49,49,5,0.6304079050573559,0.6355124965310097,0.001,64,4,2,128,0.1,16,75,0.0,0.1,10,5,0.5,True,42
batch_size,16,49,49,6,0.6209957037588489,0.6074872314929962,0.001,64,4,2,128,0.1,16,75,0.0,0.1,10,5,0.5,True,42
batch_size,16,49,49,7,0.6106776524859236,0.6258328045407932,0.001,64,4,2,128,0.1,16,75,0.0,0.1,10,5,0.5,True,42
batch_size,16,49,49,8,0.6062989203195608,0.5996021389961242,0.001,64,4,2,128,0.1,16,75,0.0,0.1,10,5,0.5,True,42
batch_size,16,49,49,9,0.5924104114449069,0.6090768287579219,0.001,64,4,2,128,0.1,16,75,0.0,0.1,10,5,0.5,True,42
batch_size,16,49,49,10,0.589375855464899,0.6262407710154851,0.001,64,4,2,128,0.1,16,75,0.0,0.1,10,5,0.5,True,42
batch_size,16,49,49,11,0.5763608403078957,0.6310113827387492,0.001,64,4,2,128,0.1,16,75,0.0,0.1,10,5,0.5,True,42
batch_size,16,49,49,12,0.5629576579472865,0.6181974351406098,0.001,64,4,2,128,0.1,16,75,0.0,0.1,10,5,0.5,True,42
batch_size,16,49,49,13,0.5413932674511304,0.7233933036526045,0.001,64,4,2,128,0.1,16,75,0.0,0.1,10,5,0.5,True,42
batch_size,16,49,49,14,0.5377033801586456,0.6081320454676946,0.001,64,4,2,128,0.1,16,75,0.0,0.1,10,5,0.5,True,42
batch_size,16,49,49,15,0.471979787141198,0.6677330027023951,0.001,64,4,2,128,0.1,16,75,0.0,0.1,10,5,0.5,True,42
batch_size,16,49,49,16,0.4462357559471529,0.6836036925514539,0.001,64,4,2,128,0.1,16,75,0.0,0.1,10,5,0.5,True,42
batch_size,16,49,49,17,0.41330548446667964,0.7470513020952543,0.001,64,4,2,128,0.1,16,75,0.0,0.1,10,5,0.5,True,42
batch_size,16,49,49,18,0.39814915284231134,0.7498577982187271,0.001,64,4,2,128,0.1,16,75,0.0,0.1,10,5,0.5,True,42
batch_size,16,50,50,1,0.6982597996526798,0.7045428136984507,0.001,64,4,2,128,0.1,16,75,0.0,0.1,10,5,0.5,True,42
batch_size,16,50,50,2,0.6652810099913593,0.6428031653165818,0.001,64,4,2,128,0.1,16,75,0.0,0.1,10,5,0.5,True,42
batch_size,16,50,50,3,0.645681176462101,0.6361006398995718,0.001,64,4,2,128,0.1,16,75,0.0,0.1,10,5,0.5,True,42
batch_size,16,50,50,4,0.632473422547257,0.6571751937270165,0.001,64,4,2,128,0.1,16,75,0.0,0.1,10,5,0.5,True,42
batch_size,16,50,50,5,0.6139581704321017,0.6110823601484299,0.001,64,4,2,128,0.1,16,75,0.0,0.1,10,5,0.5,True,42
batch_size,16,50,50,6,0.6072504119274734,0.6123632937669754,0.001,64,4,2,128,0.1,16,75,0.0,0.1,10,5,0.5,True,42
batch_size,16,50,50,7,0.6039472479557356,0.6020866552988688,0.001,64,4,2,128,0.1,16,75,0.0,0.1,10,5,0.5,True,42
batch_size,16,50,50,8,0.5917213725726415,0.5917490472396215,0.001,64,4,2,128,0.1,16,75,0.0,0.1,10,5,0.5,True,42
batch_size,16,50,50,9,0.5799082021296251,0.6020733634630839,0.001,64,4,2,128,0.1,16,75,0.0,0.1,10,5,0.5,True,42
batch_size,16,50,50,10,0.5729612563046212,0.5961711208025614,0.001,64,4,2,128,0.1,16,75,0.0,0.1,10,5,0.5,True,42
batch_size,16,50,50,11,0.5588387180643843,0.6100176230072976,0.001,64,4,2,128,0.1,16,75,0.0,0.1,10,5,0.5,True,42
batch_size,16,50,50,12,0.5460780394394588,0.6126896301905315,0.001,64,4,2,128,0.1,16,75,0.0,0.1,10,5,0.5,True,42
batch_size,16,50,50,13,0.530133956852068,0.5988887598117193,0.001,64,4,2,128,0.1,16,75,0.0,0.1,10,5,0.5,True,42
batch_size,16,50,50,14,0.5107594820256469,0.698211399714152,0.001,64,4,2,128,0.1,16,75,0.0,0.1,10,5,0.5,True,42
batch_size,16,50,50,15,0.44558179729791647,0.6592567617694537,0.001,64,4,2,128,0.1,16,75,0.0,0.1,10,5,0.5,True,42
batch_size,16,50,50,16,0.41568531005328146,0.6820825020472209,0.001,64,4,2,128,0.1,16,75,0.0,0.1,10,5,0.5,True,42
batch_size,16,50,50,17,0.3932495492266158,0.690795557697614,0.001,64,4,2,128,0.1,16,75,0.0,0.1,10,5,0.5,True,42
batch_size,16,50,50,18,0.3571408738881463,0.7666902085145314,0.001,64,4,2,128,0.1,16,75,0.0,0.1,10,5,0.5,True,42
batch_size,16,51,51,1,0.6893715391594194,0.6912352114915847,0.001,64,4,2,128,0.1,16,75,0.0,0.1,10,5,0.5,True,42
batch_size,16,51,51,2,0.6521839131193923,0.6358580549558004,0.001,64,4,2,128,0.1,16,75,0.0,0.1,10,5,0.5,True,42
batch_size,16,51,51,3,0.6397232302241452,0.622239371140798,0.001,64,4,2,128,0.1,16,75,0.0,0.1,10,5,0.5,True,42
batch_size,16,51,51,4,0.624475009881045,0.6117003420988719,0.001,64,4,2,128,0.1,16,75,0.0,0.1,10,5,0.5,True,42
batch_size,16,51,51,5,0.6202970906355535,0.6230662047863007,0.001,64,4,2,128,0.1,16,75,0.0,0.1,10,5,0.5,True,42
batch_size,16,51,51,6,0.602848397235,0.6274051129817962,0.001,64,4,2,128,0.1,16,75,0.0,0.1,10,5,0.5,True,42
batch_size,16,51,51,7,0.5922206598316309,0.6259460697571436,0.001,64,4,2,128,0.1,16,75,0.0,0.1,10,5,0.5,True,42
batch_size,16,51,51,8,0.5854444163833734,0.6514790127674739,0.001,64,4,2,128,0.1,16,75,0.0,0.1,10,5,0.5,True,42
batch_size,16,51,51,9,0.5737951911220985,0.6781179835398992,0.001,64,4,2,128,0.1,16,75,0.0,0.1,10,5,0.5,True,42
batch_size,16,51,51,10,0.5621892312407041,0.602052167057991,0.001,64,4,2,128,0.1,16,75,0.0,0.1,10,5,0.5,True,42
batch_size,16,51,51,11,0.5493674569483492,0.6664587557315826,0.001,64,4,2,128,0.1,16,75,0.0,0.1,10,5,0.5,True,42
batch_size,16,51,51,12,0.5262075588956985,0.6955928221344948,0.001,64,4,2,128,0.1,16,75,0.0,0.1,10,5,0.5,True,42
batch_size,16,51,51,13,0.5132493113270278,0.7057169457276662,0.001,64,4,2,128,0.1,16,75,0.0,0.1,10,5,0.5,True,42
batch_size,16,51,51,14,0.49220771707962674,0.6804075022538503,0.001,64,4,2,128,0.1,16,75,0.0,0.1,10,5,0.5,True,42
batch_size,16,51,51,15,0.4793495774382421,0.7371314282218615,0.001,64,4,2,128,0.1,16,75,0.0,0.1,10,5,0.5,True,42
batch_size,16,51,51,16,0.4621341115168292,0.7074436515569686,0.001,64,4,2,128,0.1,16,75,0.0,0.1,10,5,0.5,True,42
batch_size,16,51,51,17,0.3898340519163545,0.8110977997382481,0.001,64,4,2,128,0.1,16,75,0.0,0.1,10,5,0.5,True,42
batch_size,16,51,51,18,0.35621728303314615,0.8410260210434596,0.001,64,4,2,128,0.1,16,75,0.0,0.1,10,5,0.5,True,42
batch_size,16,51,51,19,0.3209639569822373,0.8710313816865285,0.001,64,4,2,128,0.1,16,75,0.0,0.1,10,5,0.5,True,42
batch_size,16,51,51,20,0.31276876258419495,0.9025569876035054,0.001,64,4,2,128,0.1,16,75,0.0,0.1,10,5,0.5,True,42
batch_size,16,52,52,1,0.6926772253531398,0.6737076143423716,0.001,64,4,2,128,0.1,16,75,0.0,0.1,10,5,0.5,True,42
batch_size,16,52,52,2,0.669241590707591,0.681906991203626,0.001,64,4,2,128,0.1,16,75,0.0,0.1,10,5,0.5,True,42
batch_size,16,52,52,3,0.6484584846731388,0.6160227874914805,0.001,64,4,2,128,0.1,16,75,0.0,0.1,10,5,0.5,True,42
batch_size,16,52,52,4,0.6375152999252984,0.6316352277994156,0.001,64,4,2,128,0.1,16,75,0.0,0.1,10,5,0.5,True,42
batch_size,16,52,52,5,0.6227662747330738,0.6281144092480342,0.001,64,4,2,128,0.1,16,75,0.0,0.1,10,5,0.5,True,42
batch_size,16,52,52,6,0.6198714011997888,0.6480041414499282,0.001,64,4,2,128,0.1,16,75,0.0,0.1,10,5,0.5,True,42
batch_size,16,52,52,7,0.6113882766980113,0.6043378363053004,0.001,64,4,2,128,0.1,16,75,0.0,0.1,10,5,0.5,True,42
batch_size,16,52,52,8,0.6056346018431764,0.6764935344457627,0.001,64,4,2,128,0.1,16,75,0.0,0.1,10,5,0.5,True,42
batch_size,16,52,52,9,0.6039445733256412,0.6024208337068557,0.001,64,4,2,128,0.1,16,75,0.0,0.1,10,5,0.5,True,42
batch_size,16,52,52,10,0.5853340783805558,0.614278452595075,0.001,64,4,2,128,0.1,16,75,0.0,0.1,10,5,0.5,True,42
batch_size,16,52,52,11,0.5743615610920119,0.623353906472524,0.001,64,4,2,128,0.1,16,75,0.0,0.1,10,5,0.5,True,42
batch_size,16,52,52,12,0.5635696229609576,0.647886045773824,0.001,64,4,2,128,0.1,16,75,0.0,0.1,10,5,0.5,True,42
batch_size,16,52,52,13,0.5571435363681028,0.621590460340182,0.001,64,4,2,128,0.1,16,75,0.0,0.1,10,5,0.5,True,42
batch_size,16,52,52,14,0.5360877518401002,0.6803433060646057,0.001,64,4,2,128,0.1,16,75,0.0,0.1,10,5,0.5,True,42
batch_size,16,52,52,15,0.5157306801640626,0.6699546655019124,0.001,64,4,2,128,0.1,16,75,0.0,0.1,10,5,0.5,True,42
batch_size,16,52,52,16,0.45452795538938406,0.6977612197399139,0.001,64,4,2,128,0.1,16,75,0.0,0.1,10,5,0.5,True,42
batch_size,16,52,52,17,0.42691556601361796,0.695638574163119,0.001,64,4,2,128,0.1,16,75,0.0,0.1,10,5,0.5,True,42
batch_size,16,52,52,18,0.3978690922147397,0.7180984695752461,0.001,64,4,2,128,0.1,16,75,0.0,0.1,10,5,0.5,True,42
batch_size,16,52,52,19,0.3809823039195952,0.7675891429185867,0.001,64,4,2,128,0.1,16,75,0.0,0.1,10,5,0.5,True,42
batch_size,16,53,53,1,0.6950332268562607,0.6733318756024043,0.001,64,4,2,128,0.1,16,75,0.0,0.1,10,5,0.5,True,42
batch_size,16,53,53,2,0.6683948157858033,0.6329938908418019,0.001,64,4,2,128,0.1,16,75,0.0,0.1,10,5,0.5,True,42
batch_size,16,53,53,3,0.6547100068045206,0.6302923520406087,0.001,64,4,2,128,0.1,16,75,0.0,0.1,10,5,0.5,True,42
batch_size,16,53,53,4,0.6289360423505079,0.6313702702522278,0.001,64,4,2,128,0.1,16,75,0.0,0.1,10,5,0.5,True,42
batch_size,16,53,53,5,0.6159922206356498,0.6048706690470378,0.001,64,4,2,128,0.1,16,75,0.0,0.1,10,5,0.5,True,42
batch_size,16,53,53,6,0.6100990067416724,0.6069495509068171,0.001,64,4,2,128,0.1,16,75,0.0,0.1,10,5,0.5,True,42
batch_size,16,53,53,7,0.6037694127387421,0.6704852948586146,0.001,64,4,2,128,0.1,16,75,0.0,0.1,10,5,0.5,True,42
batch_size,16,53,53,8,0.5963531212435023,0.5955310275157293,0.001,64,4,2,128,0.1,16,75,0.0,0.1,10,5,0.5,True,42
batch_size,16,53,53,9,0.5805623822565767,0.6374638458093007,0.001,64,4,2,128,0.1,16,75,0.0,0.1,10,5,0.5,True,42
batch_size,16,53,53,10,0.5751499960857652,0.5980765700340271,0.001,64,4,2,128,0.1,16,75,0.0,0.1,10,5,0.5,True,42
batch_size,16,53,53,11,0.5609399987944179,0.5948550035556157,0.001,64,4,2,128,0.1,16,75,0.0,0.1,10,5,0.5,True,42
batch_size,16,53,53,12,0.5393415103620449,0.6389986882607143,0.001,64,4,2,128,0.1,16,75,0.0,0.1,10,5,0.5,True,42
batch_size,16,53,53,13,0.5319307675379764,0.6092955961823463,0.001,64,4,2,128,0.1,16,75,0.0,0.1,10,5,0.5,True,42
batch_size,16,53,53,14,0.5086655840560964,0.6486522145569324,0.001,64,4,2,128,0.1,16,75,0.0,0.1,10,5,0.5,True,42
batch_size,16,53,53,15,0.49639403468755716,0.6527657107760508,0.001,64,4,2,128,0.1,16,75,0.0,0.1,10,5,0.5,True,42
batch_size,16,53,53,16,0.4803165902769611,0.6562844514846802,0.001,64,4,2,128,0.1,16,75,0.0,0.1,10,5,0.5,True,42
batch_size,16,53,53,17,0.4592875479348712,0.7366717065374057,0.001,64,4,2,128,0.1,16,75,0.0,0.1,10,5,0.5,True,42
batch_size,16,53,53,18,0.3902640766800583,0.7780537152041992,0.001,64,4,2,128,0.1,16,75,0.0,0.1,10,5,0.5,True,42
batch_size,16,53,53,19,0.3523319811195475,0.7696875840425491,0.001,64,4,2,128,0.1,16,75,0.0,0.1,10,5,0.5,True,42
batch_size,16,53,53,20,0.32743384742918125,0.8446921107669672,0.001,64,4,2,128,0.1,16,75,0.0,0.1,10,5,0.5,True,42
batch_size,16,53,53,21,0.3087326450832896,0.8416233984132607,0.001,64,4,2,128,0.1,16,75,0.0,0.1,10,5,0.5,True,42
batch_size,16,54,54,1,0.6938674942110524,0.6707272171974182,0.001,64,4,2,128,0.1,16,75,0.0,0.1,10,5,0.5,True,42
batch_size,16,54,54,2,0.6708642357226574,0.6365876237551371,0.001,64,4,2,128,0.1,16,75,0.0,0.1,10,5,0.5,True,42
batch_size,16,54,54,3,0.6411671680257176,0.6265516509612401,0.001,64,4,2,128,0.1,16,75,0.0,0.1,10,5,0.5,True,42
batch_size,16,54,54,4,0.6335558024319735,0.6215568840503692,0.001,64,4,2,128,0.1,16,75,0.0,0.1,10,5,0.5,True,42
batch_size,16,54,54,5,0.6178028291147767,0.6091279606024425,0.001,64,4,2,128,0.1,16,75,0.0,0.1,10,5,0.5,True,42
batch_size,16,54,54,6,0.6057354549905567,0.6478541960318883,0.001,64,4,2,128,0.1,16,75,0.0,0.1,10,5,0.5,True,42
batch_size,16,54,54,7,0.5955967488839771,0.6083985775709152,0.001,64,4,2,128,0.1,16,75,0.0,0.1,10,5,0.5,True,42
batch_size,16,54,54,8,0.5925309679499178,0.6185552795728048,0.001,64,4,2,128,0.1,16,75,0.0,0.1,10,5,0.5,True,42
batch_size,16,54,54,9,0.5815187819076307,0.7273721739649772,0.001,64,4,2,128,0.1,16,75,0.0,0.1,10,5,0.5,True,42
batch_size,16,54,54,10,0.5782733332704414,0.6025969058275222,0.001,64,4,2,128,0.1,16,75,0.0,0.1,10,5,0.5,True,42
batch_size,16,54,54,11,0.5699064996883725,0.6049768418073654,0.001,64,4,2,128,0.1,16,75,0.0,0.1,10,5,0.5,True,42
batch_size,16,54,54,12,0.5373931748397422,0.669523936510086,0.001,64,4,2,128,0.1,16,75,0.0,0.1,10,5,0.5,True,42
batch_size,16,54,54,13,0.5310489668539076,0.6625978330771128,0.001,64,4,2,128,0.1,16,75,0.0,0.1,10,5,0.5,True,42
batch_size,16,54,54,14,0.5212297936280569,0.6813696518540382,0.001,64,4,2,128,0.1,16,75,0.0,0.1,10,5,0.5,True,42
batch_size,16,54,54,15,0.49830570308999583,0.6703500717878341,0.001,64,4,2,128,0.1,16,75,0.0,0.1,10,5,0.5,True,42
batch_size,16,54,54,16,0.474700244482268,0.6879680663347244,0.001,64,4,2,128,0.1,16,75,0.0,0.1,10,5,0.5,True,42
batch_size,16,54,54,17,0.40601163464739465,0.8072036951780319,0.001,64,4,2,128,0.1,16,75,0.0,0.1,10,5,0.5,True,42
batch_size,16,54,54,18,0.3727125477779544,0.7537729933857917,0.001,64,4,2,128,0.1,16,75,0.0,0.1,10,5,0.5,True,42
batch_size,16,54,54,19,0.3421784976892399,0.8589091057578723,0.001,64,4,2,128,0.1,16,75,0.0,0.1,10,5,0.5,True,42
batch_size,16,54,54,20,0.3306895920047254,0.8781539030373097,0.001,64,4,2,128,0.1,16,75,0.0,0.1,10,5,0.5,True,42
batch_size,16,55,55,1,0.6949877151971534,0.679064154624939,0.001,64,4,2,128,0.1,16,75,0.0,0.1,10,5,0.5,True,42
batch_size,16,55,55,2,0.6644706660350466,0.6534099608659745,0.001,64,4,2,128,0.1,16,75,0.0,0.1,10,5,0.5,True,42
batch_size,16,55,55,3,0.6434511798416254,0.6448511968056361,0.001,64,4,2,128,0.1,16,75,0.0,0.1,10,5,0.5,True,42
batch_size,16,55,55,4,0.6324525761060389,0.6206676642100016,0.001,64,4,2,128,0.1,16,75,0.0,0.1,10,5,0.5,True,42
batch_size,16,55,55,5,0.6172669230758464,0.6263479858636856,0.001,64,4,2,128,0.1,16,75,0.0,0.1,10,5,0.5,True,42
batch_size,16,55,55,6,0.6149460160007042,0.6418409119049708,0.001,64,4,2,128,0.1,16,75,0.0,0.1,10,5,0.5,True,42
batch_size,16,55,55,7,0.6051085292159831,0.6239634275436401,0.001,64,4,2,128,0.1,16,75,0.0,0.1,10,5,0.5,True,42
batch_size,16,55,55,8,0.6008187699000646,0.6352882305781047,0.001,64,4,2,128,0.1,16,75,0.0,0.1,10,5,0.5,True,42
batch_size,16,55,55,9,0.593569720765937,0.6302456965049108,0.001,64,4,2,128,0.1,16,75,0.0,0.1,10,5,0.5,True,42
batch_size,16,55,55,10,0.5832719596619842,0.6480177084604899,0.001,64,4,2,128,0.1,16,75,0.0,0.1,10,5,0.5,True,42
batch_size,16,55,55,11,0.5457405825304894,0.6527801771958669,0.001,64,4,2,128,0.1,16,75,0.0,0.1,10,5,0.5,True,42
batch_size,16,55,55,12,0.5238061916692175,0.646947447458903,0.001,64,4,2,128,0.1,16,75,0.0,0.1,10,5,0.5,True,42
batch_size,16,55,55,13,0.5046167099997118,0.6633016010125478,0.001,64,4,2,128,0.1,16,75,0.0,0.1,10,5,0.5,True,42
batch_size,16,55,55,14,0.4835825183998949,0.7050954570372899,0.001,64,4,2,128,0.1,16,75,0.0,0.1,10,5,0.5,True,42
batch_size,16,56,56,1,0.7014064571250074,0.6752875546614329,0.001,64,4,2,128,0.1,16,75,0.0,0.1,10,5,0.5,True,42
batch_size,16,56,56,2,0.6677567845514972,0.6911370644966761,0.001,64,4,2,128,0.1,16,75,0.0,0.1,10,5,0.5,True,42
batch_size,16,56,56,3,0.6489102086866764,0.6373872896035512,0.001,64,4,2,128,0.1,16,75,0.0,0.1,10,5,0.5,True,42
batch_size,16,56,56,4,0.6309012395574113,0.6390962054332098,0.001,64,4,2,128,0.1,16,75,0.0,0.1,10,5,0.5,True,42
batch_size,16,56,56,5,0.6290771558937465,0.6361776341994604,0.001,64,4,2,128,0.1,16,75,0.0,0.1,10,5,0.5,True,42
batch_size,16,56,56,6,0.6205669235820552,0.6249214837948481,0.001,64,4,2,128,0.1,16,75,0.0,0.1,10,5,0.5,True,42
batch_size,16,56,56,7,0.6034144016953022,0.6864021042982738,0.001,64,4,2,128,0.1,16,75,0.0,0.1,10,5,0.5,True,42
batch_size,16,56,56,8,0.5928255031770626,0.6176589588324229,0.001,64,4,2,128,0.1,16,75,0.0,0.1,10,5,0.5,True,42
batch_size,16,56,56,9,0.5801779267452516,0.6512871970733006,0.001,64,4,2,128,0.1,16,75,0.0,0.1,10,5,0.5,True,42
batch_size,16,56,56,10,0.5830947334095552,0.6260533074537913,0.001,64,4,2,128,0.1,16,75,0.0,0.1,10,5,0.5,True,42
batch_size,16,56,56,11,0.5592713799086814,0.6329611033201218,0.001,64,4,2,128,0.1,16,75,0.0,0.1,10,5,0.5,True,42
batch_size,16,56,56,12,0.5485720446354536,0.6491857965787252,0.001,64,4,2,128,0.1,16,75,0.0,0.1,10,5,0.5,True,42
batch_size,16,56,56,13,0.5326084216397978,0.6551302035649618,0.001,64,4,2,128,0.1,16,75,0.0,0.1,10,5,0.5,True,42
batch_size,16,56,56,14,0.5101059759637702,0.6706790596246719,0.001,64,4,2,128,0.1,16,75,0.0,0.1,10,5,0.5,True,42
batch_size,16,56,56,15,0.45428249069946347,0.7427459607521693,0.001,64,4,2,128,0.1,16,75,0.0,0.1,10,5,0.5,True,42
batch_size,16,56,56,16,0.41975423053416916,0.7225737204154332,0.001,64,4,2,128,0.1,16,75,0.0,0.1,10,5,0.5,True,42
batch_size,16,56,56,17,0.39532895224742565,0.7479390094677607,0.001,64,4,2,128,0.1,16,75,0.0,0.1,10,5,0.5,True,42
batch_size,16,56,56,18,0.3603771272267679,0.7746278216441472,0.001,64,4,2,128,0.1,16,75,0.0,0.1,10,5,0.5,True,42
batch_size,16,57,57,1,0.6927337304267593,0.6499052911996841,0.001,64,4,2,128,0.1,16,75,0.0,0.1,10,5,0.5,True,42
batch_size,16,57,57,2,0.6554789021894506,0.6271063983440399,0.001,64,4,2,128,0.1,16,75,0.0,0.1,10,5,0.5,True,42
batch_size,16,57,57,3,0.6292580667557371,0.5963606774806977,0.001,64,4,2,128,0.1,16,75,0.0,0.1,10,5,0.5,True,42
batch_size,16,57,57,4,0.6230791226992589,0.5917275428771973,0.001,64,4,2,128,0.1,16,75,0.0,0.1,10,5,0.5,True,42
batch_size,16,57,57,5,0.6121580461358843,0.6010615130265554,0.001,64,4,2,128,0.1,16,75,0.0,0.1,10,5,0.5,True,42
batch_size,16,57,57,6,0.6055839603391437,0.6169195075829824,0.001,64,4,2,128,0.1,16,75,0.0,0.1,10,5,0.5,True,42
batch_size,16,57,57,7,0.5892433822154999,0.6453181316455205,0.001,64,4,2,128,0.1,16,75,0.0,0.1,10,5,0.5,True,42
batch_size,16,57,57,8,0.5834021291805311,0.6279765009880066,0.001,64,4,2,128,0.1,16,75,0.0,0.1,10,5,0.5,True,42
batch_size,16,57,57,9,0.5654852371025448,0.5914390087127686,0.001,64,4,2,128,0.1,16,75,0.0,0.1,10,5,0.5,True,42
batch_size,16,57,57,10,0.5458432230885945,0.6152984380722046,0.001,64,4,2,128,0.1,16,75,0.0,0.1,10,5,0.5,True,42
batch_size,16,57,57,11,0.5411945851696761,0.629986043771108,0.001,64,4,2,128,0.1,16,75,0.0,0.1,10,5,0.5,True,42
batch_size,16,57,57,12,0.5162291242369228,0.6613889207442601,0.001,64,4,2,128,0.1,16,75,0.0,0.1,10,5,0.5,True,42
batch_size,16,57,57,13,0.5037904229340898,0.6763406078020732,0.001,64,4,2,128,0.1,16,75,0.0,0.1,10,5,0.5,True,42
batch_size,16,57,57,14,0.4760780167896938,0.6966622620820999,0.001,64,4,2,128,0.1,16,75,0.0,0.1,10,5,0.5,True,42
batch_size,16,57,57,15,0.46022618309853197,0.7551007638374965,0.001,64,4,2,128,0.1,16,75,0.0,0.1,10,5,0.5,True,42
batch_size,16,57,57,16,0.38719182741959285,0.830948461095492,0.001,64,4,2,128,0.1,16,75,0.0,0.1,10,5,0.5,True,42
batch_size,16,57,57,17,0.3344842399622778,0.9213859180609385,0.001,64,4,2,128,0.1,16,75,0.0,0.1,10,5,0.5,True,42
batch_size,16,57,57,18,0.3130491976502277,1.0211612502733867,0.001,64,4,2,128,0.1,16,75,0.0,0.1,10,5,0.5,True,42
batch_size,16,57,57,19,0.29175989445964645,1.0498578796784084,0.001,64,4,2,128,0.1,16,75,0.0,0.1,10,5,0.5,True,42
batch_size,16,58,58,1,0.6916250625037422,0.6882867654164632,0.001,64,4,2,128,0.1,16,75,0.0,0.1,10,5,0.5,True,42
batch_size,16,58,58,2,0.6699469048714003,0.6380895922581354,0.001,64,4,2,128,0.1,16,75,0.0,0.1,10,5,0.5,True,42
batch_size,16,58,58,3,0.644497127020767,0.6322456270456314,0.001,64,4,2,128,0.1,16,75,0.0,0.1,10,5,0.5,True,42
batch_size,16,58,58,4,0.6412396913698871,0.6336651484171549,0.001,64,4,2,128,0.1,16,75,0.0,0.1,10,5,0.5,True,42
batch_size,16,58,58,5,0.630023286936401,0.613213320573171,0.001,64,4,2,128,0.1,16,75,0.0,0.1,10,5,0.5,True,42
batch_size,16,58,58,6,0.621640802336283,0.6192369639873505,0.001,64,4,2,128,0.1,16,75,0.0,0.1,10,5,0.5,True,42
batch_size,16,58,58,7,0.6029858514383265,0.6211054722468058,0.001,64,4,2,128,0.1,16,75,0.0,0.1,10,5,0.5,True,42
batch_size,16,58,58,8,0.596135082466974,0.6069924821456273,0.001,64,4,2,128,0.1,16,75,0.0,0.1,10,5,0.5,True,42
batch_size,16,58,58,9,0.5806930681598503,0.607611146569252,0.001,64,4,2,128,0.1,16,75,0.0,0.1,10,5,0.5,True,42
batch_size,16,58,58,10,0.5701345794554445,0.6838465755184492,0.001,64,4,2,128,0.1,16,75,0.0,0.1,10,5,0.5,True,42
batch_size,16,58,58,11,0.551778472648374,0.6318058639764785,0.001,64,4,2,128,0.1,16,75,0.0,0.1,10,5,0.5,True,42
batch_size,16,58,58,12,0.5499222548288991,0.7400222723682721,0.001,64,4,2,128,0.1,16,75,0.0,0.1,10,5,0.5,True,42
batch_size,16,58,58,13,0.5269135652612824,0.6194456825653712,0.001,64,4,2,128,0.1,16,75,0.0,0.1,10,5,0.5,True,42
batch_size,16,58,58,14,0.5038126681580744,0.6628026088078817,0.001,64,4,2,128,0.1,16,75,0.0,0.1,10,5,0.5,True,42
batch_size,16,58,58,15,0.43136332753493306,0.737094096839428,0.001,64,4,2,128,0.1,16,75,0.0,0.1,10,5,0.5,True,42
batch_size,16,58,58,16,0.4077835183293194,0.7141777659455936,0.001,64,4,2,128,0.1,16,75,0.0,0.1,10,5,0.5,True,42
batch_size,16,58,58,17,0.3790286350499541,0.7583860168854396,0.001,64,4,2,128,0.1,16,75,0.0,0.1,10,5,0.5,True,42
batch_size,16,58,58,18,0.3470798256336056,0.8016300320625305,0.001,64,4,2,128,0.1,16,75,0.0,0.1,10,5,0.5,True,42
batch_size,16,59,59,1,0.7017965146797238,0.6875871817270914,0.001,64,4,2,128,0.1,16,75,0.0,0.1,10,5,0.5,True,42
batch_size,16,59,59,2,0.6698300011257708,0.6495842506488164,0.001,64,4,2,128,0.1,16,75,0.0,0.1,10,5,0.5,True,42
batch_size,16,59,59,3,0.6494223694157691,0.6188314040501912,0.001,64,4,2,128,0.1,16,75,0.0,0.1,10,5,0.5,True,42
batch_size,16,59,59,4,0.637767100742108,0.6091812034447988,0.001,64,4,2,128,0.1,16,75,0.0,0.1,10,5,0.5,True,42
batch_size,16,59,59,5,0.6283892312657244,0.5999297807614009,0.001,64,4,2,128,0.1,16,75,0.0,0.1,10,5,0.5,True,42
batch_size,16,59,59,6,0.6236934405769232,0.6228622714678447,0.001,64,4,2,128,0.1,16,75,0.0,0.1,10,5,0.5,True,42
batch_size,16,59,59,7,0.6062171281290598,0.5992639839649201,0.001,64,4,2,128,0.1,16,75,0.0,0.1,10,5,0.5,True,42
batch_size,16,59,59,8,0.5958601082232515,0.6293453445037206,0.001,64,4,2,128,0.1,16,75,0.0,0.1,10,5,0.5,True,42
batch_size,16,59,59,9,0.5855063328044949,0.6398322820663452,0.001,64,4,2,128,0.1,16,75,0.0,0.1,10,5,0.5,True,42
batch_size,16,59,59,10,0.5708907904960356,0.608177528778712,0.001,64,4,2,128,0.1,16,75,0.0,0.1,10,5,0.5,True,42
batch_size,16,59,59,11,0.5646376227924579,0.6503757367531459,0.001,64,4,2,128,0.1,16,75,0.0,0.1,10,5,0.5,True,42
batch_size,16,59,59,12,0.5521959283959277,0.6346362143754959,0.001,64,4,2,128,0.1,16,75,0.0,0.1,10,5,0.5,True,42
batch_size,16,59,59,13,0.5351745959923748,0.6300305515527725,0.001,64,4,2,128,0.1,16,75,0.0,0.1,10,5,0.5,True,42
batch_size,16,59,59,14,0.4698047427736761,0.7127009908358256,0.001,64,4,2,128,0.1,16,75,0.0,0.1,10,5,0.5,True,42
batch_size,16,59,59,15,0.4333422300140214,0.8149621625741322,0.001,64,4,2,128,0.1,16,75,0.0,0.1,10,5,0.5,True,42
batch_size,16,59,59,16,0.4140936794616424,0.7929795354604721,0.001,64,4,2,128,0.1,16,75,0.0,0.1,10,5,0.5,True,42
batch_size,16,59,59,17,0.40332479401006444,0.7619740078846614,0.001,64,4,2,128,0.1,16,75,0.0,0.1,10,5,0.5,True,42
batch_size,16,60,60,1,0.69766919467839,0.6825968643029531,0.001,64,4,2,128,0.1,16,75,0.0,0.1,10,5,0.5,True,42
batch_size,16,60,60,2,0.6760625456222563,0.6623250226179759,0.001,64,4,2,128,0.1,16,75,0.0,0.1,10,5,0.5,True,42
batch_size,16,60,60,3,0.655105660396837,0.6497583190600077,0.001,64,4,2,128,0.1,16,75,0.0,0.1,10,5,0.5,True,42
batch_size,16,60,60,4,0.6401624071054133,0.6279431442419688,0.001,64,4,2,128,0.1,16,75,0.0,0.1,10,5,0.5,True,42
batch_size,16,60,60,5,0.6305486809164852,0.6212045282125473,0.001,64,4,2,128,0.1,16,75,0.0,0.1,10,5,0.5,True,42
batch_size,16,60,60,6,0.6178577968376218,0.620903808871905,0.001,64,4,2,128,0.1,16,75,0.0,0.1,10,5,0.5,True,42
batch_size,16,60,60,7,0.6092170774936676,0.6114144613345464,0.001,64,4,2,128,0.1,16,75,0.0,0.1,10,5,0.5,True,42
batch_size,16,60,60,8,0.602925290512948,0.6265780429045359,0.001,64,4,2,128,0.1,16,75,0.0,0.1,10,5,0.5,True,42
batch_size,16,60,60,9,0.6016712935478515,0.624398359656334,0.001,64,4,2,128,0.1,16,75,0.0,0.1,10,5,0.5,True,42
batch_size,16,60,60,10,0.5838672164048532,0.6317010939121246,0.001,64,4,2,128,0.1,16,75,0.0,0.1,10,5,0.5,True,42
batch_size,16,60,60,11,0.5687183920761478,0.6410285900036494,0.001,64,4,2,128,0.1,16,75,0.0,0.1,10,5,0.5,True,42
batch_size,16,60,60,12,0.5605716924023719,0.7227242807547252,0.001,64,4,2,128,0.1,16,75,0.0,0.1,10,5,0.5,True,42
batch_size,16,60,60,13,0.5444237272549038,0.6617811461289723,0.001,64,4,2,128,0.1,16,75,0.0,0.1,10,5,0.5,True,42
batch_size,16,60,60,14,0.48306636268648356,0.6999168266852697,0.001,64,4,2,128,0.1,16,75,0.0,0.1,10,5,0.5,True,42
batch_size,16,60,60,15,0.45470182133038234,0.7722550759712855,0.001,64,4,2,128,0.1,16,75,0.0,0.1,10,5,0.5,True,42
batch_size,16,60,60,16,0.4355354399168899,0.7807708968718846,0.001,64,4,2,128,0.1,16,75,0.0,0.1,10,5,0.5,True,42
batch_size,16,60,60,17,0.403371718333248,0.8358052064975102,0.001,64,4,2,128,0.1,16,75,0.0,0.1,10,5,0.5,True,42
batch_size,16,61,61,1,0.6917573401683184,0.7036427815755208,0.001,64,4,2,128,0.1,16,75,0.0,0.1,10,5,0.5,True,42
batch_size,16,61,61,2,0.663884104091405,0.6470307379961013,0.001,64,4,2,128,0.1,16,75,0.0,0.1,10,5,0.5,True,42
batch_size,16,61,61,3,0.6485308212699092,0.6451383024454117,0.001,64,4,2,128,0.1,16,75,0.0,0.1,10,5,0.5,True,42
batch_size,16,61,61,4,0.6317464099637455,0.6206778347492218,0.001,64,4,2,128,0.1,16,75,0.0,0.1,10,5,0.5,True,42
batch_size,16,61,61,5,0.6286453792804094,0.621948978304863,0.001,64,4,2,128,0.1,16,75,0.0,0.1,10,5,0.5,True,42
batch_size,16,61,61,6,0.624160873572636,0.6405347466468811,0.001,64,4,2,128,0.1,16,75,0.0,0.1,10,5,0.5,True,42
batch_size,16,61,61,7,0.6139048438788367,0.6200312823057175,0.001,64,4,2,128,0.1,16,75,0.0,0.1,10,5,0.5,True,42
batch_size,16,61,61,8,0.6042483626889639,0.6359650641679764,0.001,64,4,2,128,0.1,16,75,0.0,0.1,10,5,0.5,True,42
batch_size,16,61,61,9,0.5917640414528067,0.6325582474470138,0.001,64,4,2,128,0.1,16,75,0.0,0.1,10,5,0.5,True,42
batch_size,16,61,61,10,0.5850607072899097,0.635753525296847,0.001,64,4,2,128,0.1,16,75,0.0,0.1,10,5,0.5,True,42
batch_size,16,61,61,11,0.567633458983309,0.7124697243173918,0.001,64,4,2,128,0.1,16,75,0.0,0.1,10,5,0.5,True,42
batch_size,16,61,61,12,0.561221745757549,0.671254496773084,0.001,64,4,2,128,0.1,16,75,0.0,0.1,10,5,0.5,True,42
batch_size,16,61,61,13,0.5460385197469037,0.6966690083344778,0.001,64,4,2,128,0.1,16,75,0.0,0.1,10,5,0.5,True,42
batch_size,16,61,61,14,0.49228358716339216,0.6939546907941501,0.001,64,4,2,128,0.1,16,75,0.0,0.1,10,5,0.5,True,42
batch_size,16,61,61,15,0.46187373174234037,0.7394062037269274,0.001,64,4,2,128,0.1,16,75,0.0,0.1,10,5,0.5,True,42
batch_size,16,61,61,16,0.45241238936045325,0.7335490097602209,0.001,64,4,2,128,0.1,16,75,0.0,0.1,10,5,0.5,True,42
batch_size,16,61,61,17,0.42215730057243156,0.7908504123489062,0.001,64,4,2,128,0.1,16,75,0.0,0.1,10,5,0.5,True,42
batch_size,16,62,62,1,0.6953176391442012,0.6733973274628321,0.001,64,4,2,128,0.1,16,75,0.0,0.1,10,5,0.5,True,42
batch_size,16,62,62,2,0.6737514556360789,0.6477380136648814,0.001,64,4,2,128,0.1,16,75,0.0,0.1,10,5,0.5,True,42
batch_size,16,62,62,3,0.6516756176268647,0.6464773068825403,0.001,64,4,2,128,0.1,16,75,0.0,0.1,10,5,0.5,True,42
batch_size,16,62,62,4,0.6420734791021383,0.6393896589676539,0.001,64,4,2,128,0.1,16,75,0.0,0.1,10,5,0.5,True,42
batch_size,16,62,62,5,0.6272410899967296,0.6444652825593948,0.001,64,4,2,128,0.1,16,75,0.0,0.1,10,5,0.5,True,42
batch_size,16,62,62,6,0.6236188062696856,0.6307987570762634,0.001,64,4,2,128,0.1,16,75,0.0,0.1,10,5,0.5,True,42
batch_size,16,62,62,7,0.6111034119763755,0.622383427619934,0.001,64,4,2,128,0.1,16,75,0.0,0.1,10,5,0.5,True,42
batch_size,16,62,62,8,0.6007225087387027,0.634922394156456,0.001,64,4,2,128,0.1,16,75,0.0,0.1,10,5,0.5,True,42
batch_size,16,62,62,9,0.5862310290789876,0.620103245973587,0.001,64,4,2,128,0.1,16,75,0.0,0.1,10,5,0.5,True,42
batch_size,16,62,62,10,0.5875723697386767,0.6457993944485982,0.001,64,4,2,128,0.1,16,75,0.0,0.1,10,5,0.5,True,42
batch_size,16,62,62,11,0.5725360491203264,0.6380271355311076,0.001,64,4,2,128,0.1,16,75,0.0,0.1,10,5,0.5,True,42
batch_size,16,62,62,12,0.5653871507472412,0.6409301906824112,0.001,64,4,2,128,0.1,16,75,0.0,0.1,10,5,0.5,True,42
batch_size,16,62,62,13,0.5463488483836896,0.7035425131519636,0.001,64,4,2,128,0.1,16,75,0.0,0.1,10,5,0.5,True,42
batch_size,16,62,62,14,0.5382802003690045,0.6819484154383342,0.001,64,4,2,128,0.1,16,75,0.0,0.1,10,5,0.5,True,42
batch_size,16,62,62,15,0.5216247174789697,0.6862986465295156,0.001,64,4,2,128,0.1,16,75,0.0,0.1,10,5,0.5,True,42
batch_size,16,62,62,16,0.46974292629798553,0.7256183365980784,0.001,64,4,2,128,0.1,16,75,0.0,0.1,10,5,0.5,True,42
batch_size,16,62,62,17,0.4335341041645623,0.7927782108386358,0.001,64,4,2,128,0.1,16,75,0.0,0.1,10,5,0.5,True,42
batch_size,16,62,62,18,0.41424854926963267,0.7832273443539938,0.001,64,4,2,128,0.1,16,75,0.0,0.1,10,5,0.5,True,42
batch_size,16,62,62,19,0.3895596229248174,0.8258263140916824,0.001,64,4,2,128,0.1,16,75,0.0,0.1,10,5,0.5,True,42
batch_size,16,63,63,1,0.6954499227012518,0.6855934500694275,0.001,64,4,2,128,0.1,16,75,0.0,0.1,10,5,0.5,True,42
batch_size,16,63,63,2,0.6701189739622544,0.6764077683289845,0.001,64,4,2,128,0.1,16,75,0.0,0.1,10,5,0.5,True,42
batch_size,16,63,63,3,0.6528464715517066,0.6561246941486994,0.001,64,4,2,128,0.1,16,75,0.0,0.1,10,5,0.5,True,42
batch_size,16,63,63,4,0.6385119521119296,0.6283638586600622,0.001,64,4,2,128,0.1,16,75,0.0,0.1,10,5,0.5,True,42
batch_size,16,63,63,5,0.6329634304055696,0.6371194819609324,0.001,64,4,2,128,0.1,16,75,0.0,0.1,10,5,0.5,True,42
batch_size,16,63,63,6,0.622979202877886,0.6234885588288307,0.001,64,4,2,128,0.1,16,75,0.0,0.1,10,5,0.5,True,42
batch_size,16,63,63,7,0.618014685214699,0.6164036552111308,0.001,64,4,2,128,0.1,16,75,0.0,0.1,10,5,0.5,True,42
batch_size,16,63,63,8,0.6060616877142467,0.6256722370783488,0.001,64,4,2,128,0.1,16,75,0.0,0.1,10,5,0.5,True,42
batch_size,16,63,63,9,0.5940428427190382,0.603728000819683,0.001,64,4,2,128,0.1,16,75,0.0,0.1,10,5,0.5,True,42
batch_size,16,63,63,10,0.5850642527464225,0.6659835527340571,0.001,64,4,2,128,0.1,16,75,0.0,0.1,10,5,0.5,True,42
batch_size,16,63,63,11,0.576552120791642,0.6164598693450292,0.001,64,4,2,128,0.1,16,75,0.0,0.1,10,5,0.5,True,42
batch_size,16,63,63,12,0.5567605195163321,0.6322371994455656,0.001,64,4,2,128,0.1,16,75,0.0,0.1,10,5,0.5,True,42
batch_size,16,63,63,13,0.5450003150524748,0.6252712329228719,0.001,64,4,2,128,0.1,16,75,0.0,0.1,10,5,0.5,True,42
batch_size,16,63,63,14,0.5317452099500047,0.6445512766639392,0.001,64,4,2,128,0.1,16,75,0.0,0.1,10,5,0.5,True,42
batch_size,16,63,63,15,0.5194903644432133,0.6351924543579419,0.001,64,4,2,128,0.1,16,75,0.0,0.1,10,5,0.5,True,42
batch_size,16,63,63,16,0.4537210871284906,0.6530864199002584,0.001,64,4,2,128,0.1,16,75,0.0,0.1,10,5,0.5,True,42
batch_size,16,63,63,17,0.4230683731488855,0.7158328920602799,0.001,64,4,2,128,0.1,16,75,0.0,0.1,10,5,0.5,True,42
batch_size,16,63,63,18,0.39194288229421065,0.7490114172299703,0.001,64,4,2,128,0.1,16,75,0.0,0.1,10,5,0.5,True,42
batch_size,16,63,63,19,0.3674659804076296,0.8228603214025497,0.001,64,4,2,128,0.1,16,75,0.0,0.1,10,5,0.5,True,42
batch_size,16,64,64,1,0.6933834770333178,0.6629138231277466,0.001,64,4,2,128,0.1,16,75,0.0,0.1,10,5,0.5,True,42
batch_size,16,64,64,2,0.6660119806179076,0.6482499639193217,0.001,64,4,2,128,0.1,16,75,0.0,0.1,10,5,0.5,True,42
batch_size,16,64,64,3,0.64917445976018,0.6254786809285482,0.001,64,4,2,128,0.1,16,75,0.0,0.1,10,5,0.5,True,42
batch_size,16,64,64,4,0.6370436220567942,0.6087502350409826,0.001,64,4,2,128,0.1,16,75,0.0,0.1,10,5,0.5,True,42
batch_size,16,64,64,5,0.6244549993779722,0.6100854754447937,0.001,64,4,2,128,0.1,16,75,0.0,0.1,10,5,0.5,True,42
batch_size,16,64,64,6,0.6137230794012773,0.6232089559237163,0.001,64,4,2,128,0.1,16,75,0.0,0.1,10,5,0.5,True,42
batch_size,16,64,64,7,0.5998072543751605,0.609324163198471,0.001,64,4,2,128,0.1,16,75,0.0,0.1,10,5,0.5,True,42
batch_size,16,64,64,8,0.5910224934947808,0.6164498746395111,0.001,64,4,2,128,0.1,16,75,0.0,0.1,10,5,0.5,True,42
batch_size,16,64,64,9,0.581751904333499,0.6362734814484914,0.001,64,4,2,128,0.1,16,75,0.0,0.1,10,5,0.5,True,42
batch_size,16,64,64,10,0.5671970725286143,0.6447047720352809,0.001,64,4,2,128,0.1,16,75,0.0,0.1,10,5,0.5,True,42
batch_size,16,64,64,11,0.5262296080815928,0.6458059291044871,0.001,64,4,2,128,0.1,16,75,0.0,0.1,10,5,0.5,True,42
batch_size,16,64,64,12,0.5089635526612685,0.6635618130366008,0.001,64,4,2,128,0.1,16,75,0.0,0.1,10,5,0.5,True,42
batch_size,16,64,64,13,0.4756197040411909,0.6856912126143774,0.001,64,4,2,128,0.1,16,75,0.0,0.1,10,5,0.5,True,42
batch_size,16,64,64,14,0.46469357938367606,0.6963942840695381,0.001,64,4,2,128,0.1,16,75,0.0,0.1,10,5,0.5,True,42
batch_size,16,65,65,1,0.6911102383762258,0.6692512929439545,0.001,64,4,2,128,0.1,16,75,0.0,0.1,10,5,0.5,True,42
batch_size,16,65,65,2,0.6659969324848044,0.6417743583520253,0.001,64,4,2,128,0.1,16,75,0.0,0.1,10,5,0.5,True,42
batch_size,16,65,65,3,0.6451820917002602,0.6817190766334533,0.001,64,4,2,128,0.1,16,75,0.0,0.1,10,5,0.5,True,42
batch_size,16,65,65,4,0.6328630938049505,0.6066663344701131,0.001,64,4,2,128,0.1,16,75,0.0,0.1,10,5,0.5,True,42
batch_size,16,65,65,5,0.6147130808222883,0.6170465807120006,0.001,64,4,2,128,0.1,16,75,0.0,0.1,10,5,0.5,True,42
batch_size,16,65,65,6,0.6032837708640008,0.6201824168364207,0.001,64,4,2,128,0.1,16,75,0.0,0.1,10,5,0.5,True,42
batch_size,16,65,65,7,0.5988152913267621,0.6346581657727559,0.001,64,4,2,128,0.1,16,75,0.0,0.1,10,5,0.5,True,42
batch_size,16,65,65,8,0.582041090205595,0.636403371890386,0.001,64,4,2,128,0.1,16,75,0.0,0.1,10,5,0.5,True,42
batch_size,16,65,65,9,0.5732605133219817,0.6742714320619901,0.001,64,4,2,128,0.1,16,75,0.0,0.1,10,5,0.5,True,42
batch_size,16,65,65,10,0.5518500648523919,0.599953904747963,0.001,64,4,2,128,0.1,16,75,0.0,0.1,10,5,0.5,True,42
batch_size,16,65,65,11,0.5436619538318068,0.6090185811122258,0.001,64,4,2,128,0.1,16,75,0.0,0.1,10,5,0.5,True,42
batch_size,16,65,65,12,0.525438951732088,0.6224783976872762,0.001,64,4,2,128,0.1,16,75,0.0,0.1,10,5,0.5,True,42
batch_size,16,65,65,13,0.5152623295897314,0.6395881136258443,0.001,64,4,2,128,0.1,16,75,0.0,0.1,10,5,0.5,True,42
batch_size,16,65,65,14,0.4864600133079993,0.6413218826055527,0.001,64,4,2,128,0.1,16,75,0.0,0.1,10,5,0.5,True,42
batch_size,16,65,65,15,0.464392163850962,0.7216204956173897,0.001,64,4,2,128,0.1,16,75,0.0,0.1,10,5,0.5,True,42
batch_size,16,65,65,16,0.4610099642902273,0.7383941421906154,0.001,64,4,2,128,0.1,16,75,0.0,0.1,10,5,0.5,True,42
batch_size,16,65,65,17,0.37179253842440846,0.7980675247808298,0.001,64,4,2,128,0.1,16,75,0.0,0.1,10,5,0.5,True,42
batch_size,16,65,65,18,0.34528683423429385,0.7932804852724076,0.001,64,4,2,128,0.1,16,75,0.0,0.1,10,5,0.5,True,42
batch_size,16,65,65,19,0.31495811662746476,0.7824011301000913,0.001,64,4,2,128,0.1,16,75,0.0,0.1,10,5,0.5,True,42
batch_size,16,65,65,20,0.2894100267935842,0.9225151966015498,0.001,64,4,2,128,0.1,16,75,0.0,0.1,10,5,0.5,True,42
batch_size,16,66,66,1,0.6925076305186341,0.6741183459758758,0.001,64,4,2,128,0.1,16,75,0.0,0.1,10,5,0.5,True,42
batch_size,16,66,66,2,0.6554326577104996,0.6391382237275441,0.001,64,4,2,128,0.1,16,75,0.0,0.1,10,5,0.5,True,42
batch_size,16,66,66,3,0.6397744264212851,0.6841753671566645,0.001,64,4,2,128,0.1,16,75,0.0,0.1,10,5,0.5,True,42
batch_size,16,66,66,4,0.6316908922032258,0.7381913145383199,0.001,64,4,2,128,0.1,16,75,0.0,0.1,10,5,0.5,True,42
batch_size,16,66,66,5,0.6162819424962817,0.6446745028098424,0.001,64,4,2,128,0.1,16,75,0.0,0.1,10,5,0.5,True,42
batch_size,16,66,66,6,0.6067631907562793,0.6282272984584173,0.001,64,4,2,128,0.1,16,75,0.0,0.1,10,5,0.5,True,42
batch_size,16,66,66,7,0.6007939692685813,0.6234130779902141,0.001,64,4,2,128,0.1,16,75,0.0,0.1,10,5,0.5,True,42
batch_size,16,66,66,8,0.6021936065570483,0.6104842483997345,0.001,64,4,2,128,0.1,16,75,0.0,0.1,10,5,0.5,True,42
batch_size,16,66,66,9,0.5789866199284905,0.6366485973199209,0.001,64,4,2,128,0.1,16,75,0.0,0.1,10,5,0.5,True,42
batch_size,16,66,66,10,0.5633710815426062,0.6266988376776378,0.001,64,4,2,128,0.1,16,75,0.0,0.1,10,5,0.5,True,42
batch_size,16,66,66,11,0.545120259484864,0.7078831861416499,0.001,64,4,2,128,0.1,16,75,0.0,0.1,10,5,0.5,True,42
batch_size,16,66,66,12,0.5411410361188446,0.6485921114683151,0.001,64,4,2,128,0.1,16,75,0.0,0.1,10,5,0.5,True,42
batch_size,16,66,66,13,0.5210255775954786,0.6781959652900695,0.001,64,4,2,128,0.1,16,75,0.0,0.1,10,5,0.5,True,42
batch_size,16,66,66,14,0.5074882332249739,0.6572662323713303,0.001,64,4,2,128,0.1,16,75,0.0,0.1,10,5,0.5,True,42
batch_size,16,66,66,15,0.4345555959318981,0.739413657784462,0.001,64,4,2,128,0.1,16,75,0.0,0.1,10,5,0.5,True,42
batch_size,16,66,66,16,0.401756919438848,0.7162049055099488,0.001,64,4,2,128,0.1,16,75,0.0,0.1,10,5,0.5,True,42
batch_size,16,66,66,17,0.3834349692377754,0.8299407631158828,0.001,64,4,2,128,0.1,16,75,0.0,0.1,10,5,0.5,True,42
batch_size,16,66,66,18,0.34589509082384434,0.8112692356109619,0.001,64,4,2,128,0.1,16,75,0.0,0.1,10,5,0.5,True,42
batch_size,16,67,67,1,0.6964997599333411,0.6932378848393758,0.001,64,4,2,128,0.1,16,75,0.0,0.1,10,5,0.5,True,42
batch_size,16,67,67,2,0.6652868131720975,0.6929380516211192,0.001,64,4,2,128,0.1,16,75,0.0,0.1,10,5,0.5,True,42
batch_size,16,67,67,3,0.6477450295546209,0.650254358847936,0.001,64,4,2,128,0.1,16,75,0.0,0.1,10,5,0.5,True,42
batch_size,16,67,67,4,0.6351657033873148,0.6783518105745315,0.001,64,4,2,128,0.1,16,75,0.0,0.1,10,5,0.5,True,42
batch_size,16,67,67,5,0.6239032924401896,0.6360820194085439,0.001,64,4,2,128,0.1,16,75,0.0,0.1,10,5,0.5,True,42
batch_size,16,67,67,6,0.6145042598020894,0.6507130046685536,0.001,64,4,2,128,0.1,16,75,0.0,0.1,10,5,0.5,True,42
batch_size,16,67,67,7,0.6070487457309839,0.6313128620386124,0.001,64,4,2,128,0.1,16,75,0.0,0.1,10,5,0.5,True,42
batch_size,16,67,67,8,0.6009957799440101,0.6435108701388041,0.001,64,4,2,128,0.1,16,75,0.0,0.1,10,5,0.5,True,42
batch_size,16,67,67,9,0.5864405387254722,0.6379263550043106,0.001,64,4,2,128,0.1,16,75,0.0,0.1,10,5,0.5,True,42
batch_size,16,67,67,10,0.5799029247389094,0.6454387555519739,0.001,64,4,2,128,0.1,16,75,0.0,0.1,10,5,0.5,True,42
batch_size,16,67,67,11,0.578267286598909,0.6350003709395726,0.001,64,4,2,128,0.1,16,75,0.0,0.1,10,5,0.5,True,42
batch_size,16,67,67,12,0.5558310577171384,0.6667231291532516,0.001,64,4,2,128,0.1,16,75,0.0,0.1,10,5,0.5,True,42
batch_size,16,67,67,13,0.5454896379106399,0.7055131097634634,0.001,64,4,2,128,0.1,16,75,0.0,0.1,10,5,0.5,True,42
batch_size,16,67,67,14,0.4908872886982254,0.6999614467223485,0.001,64,4,2,128,0.1,16,75,0.0,0.1,10,5,0.5,True,42
batch_size,16,67,67,15,0.46480577334251694,0.7275057852268219,0.001,64,4,2,128,0.1,16,75,0.0,0.1,10,5,0.5,True,42
batch_size,16,67,67,16,0.4413714909168251,0.7567464311917623,0.001,64,4,2,128,0.1,16,75,0.0,0.1,10,5,0.5,True,42
batch_size,16,67,67,17,0.41922854079719735,0.7587170720100402,0.001,64,4,2,128,0.1,16,75,0.0,0.1,10,5,0.5,True,42
batch_size,16,68,68,1,0.688419547824352,0.6823339203993479,0.001,64,4,2,128,0.1,16,75,0.0,0.1,10,5,0.5,True,42
batch_size,16,68,68,2,0.6604934241835155,0.644126315911611,0.001,64,4,2,128,0.1,16,75,0.0,0.1,10,5,0.5,True,42
batch_size,16,68,68,3,0.6481552448109529,0.6445828119913737,0.001,64,4,2,128,0.1,16,75,0.0,0.1,10,5,0.5,True,42
batch_size,16,68,68,4,0.6316474478960944,0.6272213707367579,0.001,64,4,2,128,0.1,16,75,0.0,0.1,10,5,0.5,True,42
batch_size,16,68,68,5,0.6296512720249452,0.6375076740980148,0.001,64,4,2,128,0.1,16,75,0.0,0.1,10,5,0.5,True,42
batch_size,16,68,68,6,0.6217222472107455,0.6582561979691187,0.001,64,4,2,128,0.1,16,75,0.0,0.1,10,5,0.5,True,42
batch_size,16,68,68,7,0.6107505079457969,0.6634576787551244,0.001,64,4,2,128,0.1,16,75,0.0,0.1,10,5,0.5,True,42
batch_size,16,68,68,8,0.610082132508093,0.6191523810227711,0.001,64,4,2,128,0.1,16,75,0.0,0.1,10,5,0.5,True,42
batch_size,16,68,68,9,0.5896267478456969,0.6330547034740448,0.001,64,4,2,128,0.1,16,75,0.0,0.1,10,5,0.5,True,42
batch_size,16,68,68,10,0.58611649490128,0.6130246202150981,0.001,64,4,2,128,0.1,16,75,0.0,0.1,10,5,0.5,True,42
batch_size,16,68,68,11,0.5772319753360385,0.6383296221494674,0.001,64,4,2,128,0.1,16,75,0.0,0.1,10,5,0.5,True,42
batch_size,16,68,68,12,0.5652979137553008,0.6646274497111638,0.001,64,4,2,128,0.1,16,75,0.0,0.1,10,5,0.5,True,42
batch_size,16,68,68,13,0.5491024459722831,0.6800944248835246,0.001,64,4,2,128,0.1,16,75,0.0,0.1,10,5,0.5,True,42
batch_size,16,68,68,14,0.5391738254987695,0.6593909114599228,0.001,64,4,2,128,0.1,16,75,0.0,0.1,10,5,0.5,True,42
batch_size,16,68,68,15,0.5255591348096899,0.6728758841753006,0.001,64,4,2,128,0.1,16,75,0.0,0.1,10,5,0.5,True,42
batch_size,16,68,68,16,0.5114305787666669,0.6871402452389399,0.001,64,4,2,128,0.1,16,75,0.0,0.1,10,5,0.5,True,42
batch_size,16,68,68,17,0.4454558110395765,0.7460188815991083,0.001,64,4,2,128,0.1,16,75,0.0,0.1,10,5,0.5,True,42
batch_size,16,68,68,18,0.41622870236975157,0.794771687189738,0.001,64,4,2,128,0.1,16,75,0.0,0.1,10,5,0.5,True,42
batch_size,16,68,68,19,0.3936288987389082,0.780505457520485,0.001,64,4,2,128,0.1,16,75,0.0,0.1,10,5,0.5,True,42
batch_size,16,68,68,20,0.3671271083982725,0.8719906121492386,0.001,64,4,2,128,0.1,16,75,0.0,0.1,10,5,0.5,True,42
batch_size,16,69,69,1,0.6954565342841493,0.6442573706309,0.001,64,4,2,128,0.1,16,75,0.0,0.1,10,5,0.5,True,42
batch_size,16,69,69,2,0.6648899398375827,0.6347894161939621,0.001,64,4,2,128,0.1,16,75,0.0,0.1,10,5,0.5,True,42
batch_size,16,69,69,3,0.6433353064857962,0.6317080984512965,0.001,64,4,2,128,0.1,16,75,0.0,0.1,10,5,0.5,True,42
batch_size,16,69,69,4,0.6376752045444662,0.6236814757188162,0.001,64,4,2,128,0.1,16,75,0.0,0.1,10,5,0.5,True,42
batch_size,16,69,69,5,0.6233945270228295,0.6193046689033508,0.001,64,4,2,128,0.1,16,75,0.0,0.1,10,5,0.5,True,42
batch_size,16,69,69,6,0.6162097893740288,0.6155905991792678,0.001,64,4,2,128,0.1,16,75,0.0,0.1,10,5,0.5,True,42
batch_size,16,69,69,7,0.6134403988209061,0.6658545136451721,0.001,64,4,2,128,0.1,16,75,0.0,0.1,10,5,0.5,True,42
batch_size,16,69,69,8,0.6027330071753876,0.6129635274410248,0.001,64,4,2,128,0.1,16,75,0.0,0.1,10,5,0.5,True,42
batch_size,16,69,69,9,0.5901078295118455,0.6253627419471741,0.001,64,4,2,128,0.1,16,75,0.0,0.1,10,5,0.5,True,42
batch_size,16,69,69,10,0.586334179449444,0.6011452694733938,0.001,64,4,2,128,0.1,16,75,0.0,0.1,10,5,0.5,True,42
batch_size,16,69,69,11,0.5698868993797229,0.6999299133817355,0.001,64,4,2,128,0.1,16,75,0.0,0.1,10,5,0.5,True,42
batch_size,16,69,69,12,0.5571105808812856,0.6323565512895584,0.001,64,4,2,128,0.1,16,75,0.0,0.1,10,5,0.5,True,42
batch_size,16,69,69,13,0.5378220770862165,0.6647645473480225,0.001,64,4,2,128,0.1,16,75,0.0,0.1,10,5,0.5,True,42
batch_size,16,69,69,14,0.5307371212955664,0.6092908183733622,0.001,64,4,2,128,0.1,16,75,0.0,0.1,10,5,0.5,True,42
batch_size,16,69,69,15,0.5111780258412597,0.68460693359375,0.001,64,4,2,128,0.1,16,75,0.0,0.1,10,5,0.5,True,42
batch_size,16,69,69,16,0.4913842690534918,0.7038303693135579,0.001,64,4,2,128,0.1,16,75,0.0,0.1,10,5,0.5,True,42
batch_size,16,69,69,17,0.43143369203624615,0.7666382839282354,0.001,64,4,2,128,0.1,16,75,0.0,0.1,10,5,0.5,True,42
batch_size,16,69,69,18,0.3747738961257862,0.8043261557817459,0.001,64,4,2,128,0.1,16,75,0.0,0.1,10,5,0.5,True,42
batch_size,16,69,69,19,0.35653530423858776,0.7816851352651913,0.001,64,4,2,128,0.1,16,75,0.0,0.1,10,5,0.5,True,42
batch_size,16,69,69,20,0.3428527171167584,0.8745753516753515,0.001,64,4,2,128,0.1,16,75,0.0,0.1,10,5,0.5,True,42
batch_size,16,70,70,1,0.6986797347721492,0.6740534285704295,0.001,64,4,2,128,0.1,16,75,0.0,0.1,10,5,0.5,True,42
batch_size,16,70,70,2,0.6758079222853193,0.6615991324186326,0.001,64,4,2,128,0.1,16,75,0.0,0.1,10,5,0.5,True,42
batch_size,16,70,70,3,0.6525172101680771,0.6406852672497432,0.001,64,4,2,128,0.1,16,75,0.0,0.1,10,5,0.5,True,42
batch_size,16,70,70,4,0.6302386568752985,0.635604468981425,0.001,64,4,2,128,0.1,16,75,0.0,0.1,10,5,0.5,True,42
batch_size,16,70,70,5,0.6262668619364387,0.6312790364027023,0.001,64,4,2,128,0.1,16,75,0.0,0.1,10,5,0.5,True,42
batch_size,16,70,70,6,0.6144314784514133,0.6257417301336924,0.001,64,4,2,128,0.1,16,75,0.0,0.1,10,5,0.5,True,42
batch_size,16,70,70,7,0.6054324780806842,0.6303407569726308,0.001,64,4,2,128,0.1,16,75,0.0,0.1,10,5,0.5,True,42
batch_size,16,70,70,8,0.5982297178456992,0.6406353195508321,0.001,64,4,2,128,0.1,16,75,0.0,0.1,10,5,0.5,True,42
batch_size,16,70,70,9,0.5916215991565936,0.6309356073538462,0.001,64,4,2,128,0.1,16,75,0.0,0.1,10,5,0.5,True,42
batch_size,16,70,70,10,0.5826720787998388,0.6574097126722336,0.001,64,4,2,128,0.1,16,75,0.0,0.1,10,5,0.5,True,42
batch_size,16,70,70,11,0.563681318562747,0.6370866934458415,0.001,64,4,2,128,0.1,16,75,0.0,0.1,10,5,0.5,True,42
batch_size,16,70,70,12,0.5501741407148738,0.654447873433431,0.001,64,4,2,128,0.1,16,75,0.0,0.1,10,5,0.5,True,42
batch_size,16,70,70,13,0.4989383846181427,0.6592007984717687,0.001,64,4,2,128,0.1,16,75,0.0,0.1,10,5,0.5,True,42
batch_size,16,70,70,14,0.46227561203699147,0.6777704825003942,0.001,64,4,2,128,0.1,16,75,0.0,0.1,10,5,0.5,True,42
batch_size,16,70,70,15,0.4517338419255195,0.7077062810460727,0.001,64,4,2,128,0.1,16,75,0.0,0.1,10,5,0.5,True,42
batch_size,16,70,70,16,0.41603268767944307,0.7057796334226926,0.001,64,4,2,128,0.1,16,75,0.0,0.1,10,5,0.5,True,42
batch_size,16,71,71,1,0.6950871155742456,0.6787827322880428,0.001,64,4,2,128,0.1,16,75,0.0,0.1,10,5,0.5,True,42
batch_size,16,71,71,2,0.6679806351208415,0.6566253205140432,0.001,64,4,2,128,0.1,16,75,0.0,0.1,10,5,0.5,True,42
batch_size,16,71,71,3,0.6421493271457832,0.6545019119977951,0.001,64,4,2,128,0.1,16,75,0.0,0.1,10,5,0.5,True,42
batch_size,16,71,71,4,0.6315170367860975,0.6341619610786438,0.001,64,4,2,128,0.1,16,75,0.0,0.1,10,5,0.5,True,42
batch_size,16,71,71,5,0.6165949779318313,0.636416220664978,0.001,64,4,2,128,0.1,16,75,0.0,0.1,10,5,0.5,True,42
batch_size,16,71,71,6,0.6127337553881874,0.640763967235883,0.001,64,4,2,128,0.1,16,75,0.0,0.1,10,5,0.5,True,42
batch_size,16,71,71,7,0.5993144614161647,0.634553196032842,0.001,64,4,2,128,0.1,16,75,0.0,0.1,10,5,0.5,True,42
batch_size,16,71,71,8,0.5975905620553195,0.6319037149349849,0.001,64,4,2,128,0.1,16,75,0.0,0.1,10,5,0.5,True,42
batch_size,16,71,71,9,0.5926579182592182,0.6267063150803248,0.001,64,4,2,128,0.1,16,75,0.0,0.1,10,5,0.5,True,42
batch_size,16,71,71,10,0.5775104892571162,0.6214532792568207,0.001,64,4,2,128,0.1,16,75,0.0,0.1,10,5,0.5,True,42
batch_size,16,71,71,11,0.570477734160514,0.6169018695751826,0.001,64,4,2,128,0.1,16,75,0.0,0.1,10,5,0.5,True,42
batch_size,16,71,71,12,0.5528582488629301,0.6272911548614502,0.001,64,4,2,128,0.1,16,75,0.0,0.1,10,5,0.5,True,42
batch_size,16,71,71,13,0.5315490027344272,0.6595490038394928,0.001,64,4,2,128,0.1,16,75,0.0,0.1,10,5,0.5,True,42
batch_size,16,71,71,14,0.5196908025687185,0.6850058754285177,0.001,64,4,2,128,0.1,16,75,0.0,0.1,10,5,0.5,True,42
batch_size,16,71,71,15,0.5115412924679513,0.7000099122524261,0.001,64,4,2,128,0.1,16,75,0.0,0.1,10,5,0.5,True,42
batch_size,16,71,71,16,0.4891918670995154,0.7028639068206152,0.001,64,4,2,128,0.1,16,75,0.0,0.1,10,5,0.5,True,42
batch_size,16,71,71,17,0.4723413660272446,0.6621529916922252,0.001,64,4,2,128,0.1,16,75,0.0,0.1,10,5,0.5,True,42
batch_size,16,71,71,18,0.39282691291756505,0.7849354445934296,0.001,64,4,2,128,0.1,16,75,0.0,0.1,10,5,0.5,True,42
batch_size,16,71,71,19,0.35961790445186337,0.8038228710492452,0.001,64,4,2,128,0.1,16,75,0.0,0.1,10,5,0.5,True,42
batch_size,16,71,71,20,0.3240674799839353,0.9284557076791923,0.001,64,4,2,128,0.1,16,75,0.0,0.1,10,5,0.5,True,42
batch_size,16,71,71,21,0.310692895019689,0.8670582205057145,0.001,64,4,2,128,0.1,16,75,0.0,0.1,10,5,0.5,True,42
batch_size,16,72,72,1,0.7018805880510308,0.677831107378006,0.001,64,4,2,128,0.1,16,75,0.0,0.1,10,5,0.5,True,42
batch_size,16,72,72,2,0.6669166915316999,0.6548773735761643,0.001,64,4,2,128,0.1,16,75,0.0,0.1,10,5,0.5,True,42
batch_size,16,72,72,3,0.6467869503869756,0.6867522199948629,0.001,64,4,2,128,0.1,16,75,0.0,0.1,10,5,0.5,True,42
batch_size,16,72,72,4,0.6407249011240984,0.6343854953845341,0.001,64,4,2,128,0.1,16,75,0.0,0.1,10,5,0.5,True,42
batch_size,16,72,72,5,0.6288277067159065,0.6319927742083867,0.001,64,4,2,128,0.1,16,75,0.0,0.1,10,5,0.5,True,42
batch_size,16,72,72,6,0.620299683550918,0.683873720963796,0.001,64,4,2,128,0.1,16,75,0.0,0.1,10,5,0.5,True,42
batch_size,16,72,72,7,0.6096957016580459,0.6328249325354894,0.001,64,4,2,128,0.1,16,75,0.0,0.1,10,5,0.5,True,42
batch_size,16,72,72,8,0.6049097391135793,0.6554617792367935,0.001,64,4,2,128,0.1,16,75,0.0,0.1,10,5,0.5,True,42
batch_size,16,72,72,9,0.59537313068321,0.6458354622125626,0.001,64,4,2,128,0.1,16,75,0.0,0.1,10,5,0.5,True,42
batch_size,16,72,72,10,0.5846867453689357,0.6781457275152206,0.001,64,4,2,128,0.1,16,75,0.0,0.1,10,5,0.5,True,42
batch_size,16,72,72,11,0.5711618718538901,0.6425455232461293,0.001,64,4,2,128,0.1,16,75,0.0,0.1,10,5,0.5,True,42
batch_size,16,72,72,12,0.5282581686520305,0.6760763883590698,0.001,64,4,2,128,0.1,16,75,0.0,0.1,10,5,0.5,True,42
batch_size,16,72,72,13,0.4984315619042618,0.6815039068460464,0.001,64,4,2,128,0.1,16,75,0.0,0.1,10,5,0.5,True,42
batch_size,16,72,72,14,0.4687459992365239,0.7367457926273346,0.001,64,4,2,128,0.1,16,75,0.0,0.1,10,5,0.5,True,42
batch_size,16,72,72,15,0.444193403190533,0.7221913576126099,0.001,64,4,2,128,0.1,16,75,0.0,0.1,10,5,0.5,True,42
batch_size,16,73,73,1,0.701218419881828,0.6909741163253784,0.001,64,4,2,128,0.1,16,75,0.0,0.1,10,5,0.5,True,42
batch_size,16,73,73,2,0.6715094247698331,0.6513569603363673,0.001,64,4,2,128,0.1,16,75,0.0,0.1,10,5,0.5,True,42
batch_size,16,73,73,3,0.6430865492204296,0.6399797876675923,0.001,64,4,2,128,0.1,16,75,0.0,0.1,10,5,0.5,True,42
batch_size,16,73,73,4,0.6273529253078505,0.6398117701212566,0.001,64,4,2,128,0.1,16,75,0.0,0.1,10,5,0.5,True,42
batch_size,16,73,73,5,0.6208964427614393,0.6221592923005422,0.001,64,4,2,128,0.1,16,75,0.0,0.1,10,5,0.5,True,42
batch_size,16,73,73,6,0.6093113828067998,0.6262529244025549,0.001,64,4,2,128,0.1,16,75,0.0,0.1,10,5,0.5,True,42
batch_size,16,73,73,7,0.6075354185621095,0.6288407206535339,0.001,64,4,2,128,0.1,16,75,0.0,0.1,10,5,0.5,True,42
batch_size,16,73,73,8,0.5954877282050173,0.6126473387082417,0.001,64,4,2,128,0.1,16,75,0.0,0.1,10,5,0.5,True,42
batch_size,16,73,73,9,0.5874207232841521,0.628217284878095,0.001,64,4,2,128,0.1,16,75,0.0,0.1,10,5,0.5,True,42
batch_size,16,73,73,10,0.5708990424531494,0.634148582816124,0.001,64,4,2,128,0.1,16,75,0.0,0.1,10,5,0.5,True,42
batch_size,16,73,73,11,0.5716627218650774,0.6567869414885839,0.001,64,4,2,128,0.1,16,75,0.0,0.1,10,5,0.5,True,42
batch_size,16,73,73,12,0.5539888503320317,0.6411707311868667,0.001,64,4,2,128,0.1,16,75,0.0,0.1,10,5,0.5,True,42
batch_size,16,73,73,13,0.5422037001345095,0.6774892061948776,0.001,64,4,2,128,0.1,16,75,0.0,0.1,10,5,0.5,True,42
batch_size,16,73,73,14,0.5205429129500806,0.6734977285067241,0.001,64,4,2,128,0.1,16,75,0.0,0.1,10,5,0.5,True,42
batch_size,16,73,73,15,0.47530236681604565,0.6661979590853055,0.001,64,4,2,128,0.1,16,75,0.0,0.1,10,5,0.5,True,42
batch_size,16,73,73,16,0.4421251925565444,0.7136329044898351,0.001,64,4,2,128,0.1,16,75,0.0,0.1,10,5,0.5,True,42
batch_size,16,73,73,17,0.4153624403612695,0.750034949183464,0.001,64,4,2,128,0.1,16,75,0.0,0.1,10,5,0.5,True,42
batch_size,16,73,73,18,0.39730984488140947,0.7681644131739934,0.001,64,4,2,128,0.1,16,75,0.0,0.1,10,5,0.5,True,42
batch_size,16,74,74,1,0.6956131614659675,0.6829289217789968,0.001,64,4,2,128,0.1,16,75,0.0,0.1,10,5,0.5,True,42
batch_size,16,74,74,2,0.6739126208163939,0.6535977413256963,0.001,64,4,2,128,0.1,16,75,0.0,0.1,10,5,0.5,True,42
batch_size,16,74,74,3,0.6501298500331183,0.6310107976198196,0.001,64,4,2,128,0.1,16,75,0.0,0.1,10,5,0.5,True,42
batch_size,16,74,74,4,0.6327215289208372,0.6319320728381475,0.001,64,4,2,128,0.1,16,75,0.0,0.1,10,5,0.5,True,42
batch_size,16,74,74,5,0.6279882080428048,0.6138215859731039,0.001,64,4,2,128,0.1,16,75,0.0,0.1,10,5,0.5,True,42
batch_size,16,74,74,6,0.6115133379348784,0.6069032033284505,0.001,64,4,2,128,0.1,16,75,0.0,0.1,10,5,0.5,True,42
batch_size,16,74,74,7,0.6030179198703839,0.6241991539796193,0.001,64,4,2,128,0.1,16,75,0.0,0.1,10,5,0.5,True,42
batch_size,16,74,74,8,0.6020456635226769,0.6468955377737681,0.001,64,4,2,128,0.1,16,75,0.0,0.1,10,5,0.5,True,42
batch_size,16,74,74,9,0.5858713845109759,0.6462620556354522,0.001,64,4,2,128,0.1,16,75,0.0,0.1,10,5,0.5,True,42
batch_size,16,74,74,10,0.5766369094186863,0.632142968972524,0.001,64,4,2,128,0.1,16,75,0.0,0.1,10,5,0.5,True,42
batch_size,16,74,74,11,0.5622252420780777,0.6298895090818405,0.001,64,4,2,128,0.1,16,75,0.0,0.1,10,5,0.5,True,42
batch_size,16,74,74,12,0.5446330604104488,0.6605486869812012,0.001,64,4,2,128,0.1,16,75,0.0,0.1,10,5,0.5,True,42
batch_size,16,74,74,13,0.48408429641914,0.6919886519511541,0.001,64,4,2,128,0.1,16,75,0.0,0.1,10,5,0.5,True,42
batch_size,16,74,74,14,0.46376291078873005,0.7010903547207514,0.001,64,4,2,128,0.1,16,75,0.0,0.1,10,5,0.5,True,42
batch_size,16,74,74,15,0.4467903768268375,0.7796595603227615,0.001,64,4,2,128,0.1,16,75,0.0,0.1,10,5,0.5,True,42
batch_size,16,74,74,16,0.42871659387880406,0.7646829515695572,0.001,64,4,2,128,0.1,16,75,0.0,0.1,10,5,0.5,True,42
batch_size,16,75,75,1,0.692753907631744,0.6543006539344788,0.001,64,4,2,128,0.1,16,75,0.0,0.1,10,5,0.5,True,42
batch_size,16,75,75,2,0.6634575083400264,0.631568099061648,0.001,64,4,2,128,0.1,16,75,0.0,0.1,10,5,0.5,True,42
batch_size,16,75,75,3,0.643955707775824,0.6240297774473826,0.001,64,4,2,128,0.1,16,75,0.0,0.1,10,5,0.5,True,42
batch_size,16,75,75,4,0.6262781748153043,0.6471245000759761,0.001,64,4,2,128,0.1,16,75,0.0,0.1,10,5,0.5,True,42
batch_size,16,75,75,5,0.6208497270038633,0.6191833486159642,0.001,64,4,2,128,0.1,16,75,0.0,0.1,10,5,0.5,True,42
batch_size,16,75,75,6,0.6094756425555908,0.6208639631668726,0.001,64,4,2,128,0.1,16,75,0.0,0.1,10,5,0.5,True,42
batch_size,16,75,75,7,0.5979541186807733,0.6311896334091822,0.001,64,4,2,128,0.1,16,75,0.0,0.1,10,5,0.5,True,42
batch_size,16,75,75,8,0.5977255338520715,0.6249881247679393,0.001,64,4,2,128,0.1,16,75,0.0,0.1,10,5,0.5,True,42
batch_size,16,75,75,9,0.5799182336213011,0.6321287651856741,0.001,64,4,2,128,0.1,16,75,0.0,0.1,10,5,0.5,True,42
batch_size,16,75,75,10,0.5704978199845011,0.643351815144221,0.001,64,4,2,128,0.1,16,75,0.0,0.1,10,5,0.5,True,42
batch_size,16,75,75,11,0.5482150945445579,0.6546574513117472,0.001,64,4,2,128,0.1,16,75,0.0,0.1,10,5,0.5,True,42
batch_size,16,75,75,12,0.4899322900808219,0.6719332188367844,0.001,64,4,2,128,0.1,16,75,0.0,0.1,10,5,0.5,True,42
batch_size,16,75,75,13,0.4628452436264717,0.7100047215819358,0.001,64,4,2,128,0.1,16,75,0.0,0.1,10,5,0.5,True,42
batch_size,16,75,75,14,0.43481747523853276,0.7332217405239742,0.001,64,4,2,128,0.1,16,75,0.0,0.1,10,5,0.5,True,42
batch_size,16,75,75,15,0.4012099757339015,0.8548891916871071,0.001,64,4,2,128,0.1,16,75,0.0,0.1,10,5,0.5,True,42
batch_size,16,76,76,1,0.6954624068147782,0.6704175194104512,0.001,64,4,2,128,0.1,16,75,0.0,0.1,10,5,0.5,True,42
batch_size,16,76,76,2,0.6629999164392739,0.6916353543599446,0.001,64,4,2,128,0.1,16,75,0.0,0.1,10,5,0.5,True,42
batch_size,16,76,76,3,0.6555865146361376,0.6556326627731324,0.001,64,4,2,128,0.1,16,75,0.0,0.1,10,5,0.5,True,42
batch_size,16,76,76,4,0.6451240307704578,0.6461963375409444,0.001,64,4,2,128,0.1,16,75,0.0,0.1,10,5,0.5,True,42
batch_size,16,76,76,5,0.6383649775963772,0.6385528008143108,0.001,64,4,2,128,0.1,16,75,0.0,0.1,10,5,0.5,True,42
batch_size,16,76,76,6,0.626596881182928,0.647825621565183,0.001,64,4,2,128,0.1,16,75,0.0,0.1,10,5,0.5,True,42
batch_size,16,76,76,7,0.6158451127462061,0.6148081734776497,0.001,64,4,2,128,0.1,16,75,0.0,0.1,10,5,0.5,True,42
batch_size,16,76,76,8,0.6105409061727415,0.6325164963801702,0.001,64,4,2,128,0.1,16,75,0.0,0.1,10,5,0.5,True,42
batch_size,16,76,76,9,0.6072528008725706,0.6211237480243047,0.001,64,4,2,128,0.1,16,75,0.0,0.1,10,5,0.5,True,42
batch_size,16,76,76,10,0.5937864064263754,0.6119921694199244,0.001,64,4,2,128,0.1,16,75,0.0,0.1,10,5,0.5,True,42
batch_size,16,76,76,11,0.5784819367493966,0.6031215434273084,0.001,64,4,2,128,0.1,16,75,0.0,0.1,10,5,0.5,True,42
batch_size,16,76,76,12,0.5711426113948169,0.606181267897288,0.001,64,4,2,128,0.1,16,75,0.0,0.1,10,5,0.5,True,42
batch_size,16,76,76,13,0.5664919621590879,0.614025550087293,0.001,64,4,2,128,0.1,16,75,0.0,0.1,10,5,0.5,True,42
batch_size,16,76,76,14,0.5389102662244224,0.706674658258756,0.001,64,4,2,128,0.1,16,75,0.0,0.1,10,5,0.5,True,42
batch_size,16,76,76,15,0.5311581218197319,0.6217217564582824,0.001,64,4,2,128,0.1,16,75,0.0,0.1,10,5,0.5,True,42
batch_size,16,76,76,16,0.516842449289311,0.6401881694793701,0.001,64,4,2,128,0.1,16,75,0.0,0.1,10,5,0.5,True,42
batch_size,16,76,76,17,0.4983520935583477,0.672368594010671,0.001,64,4,2,128,0.1,16,75,0.0,0.1,10,5,0.5,True,42
batch_size,16,76,76,18,0.4239199655024271,0.7428910891215007,0.001,64,4,2,128,0.1,16,75,0.0,0.1,10,5,0.5,True,42
batch_size,16,76,76,19,0.39684221165488426,0.7898146157463392,0.001,64,4,2,128,0.1,16,75,0.0,0.1,10,5,0.5,True,42
batch_size,16,76,76,20,0.36924152628663826,0.8198587884505589,0.001,64,4,2,128,0.1,16,75,0.0,0.1,10,5,0.5,True,42
batch_size,16,76,76,21,0.34149352316620685,0.8773713156580925,0.001,64,4,2,128,0.1,16,75,0.0,0.1,10,5,0.5,True,42
batch_size,16,77,77,1,0.6961458946362195,0.7072539428869883,0.001,64,4,2,128,0.1,16,75,0.0,0.1,10,5,0.5,True,42
batch_size,16,77,77,2,0.6719247949214036,0.65834754606088,0.001,64,4,2,128,0.1,16,75,0.0,0.1,10,5,0.5,True,42
batch_size,16,77,77,3,0.6546364596588077,0.6774683356285095,0.001,64,4,2,128,0.1,16,75,0.0,0.1,10,5,0.5,True,42
batch_size,16,77,77,4,0.6391940545219885,0.6523161709308625,0.001,64,4,2,128,0.1,16,75,0.0,0.1,10,5,0.5,True,42
batch_size,16,77,77,5,0.6308172426749545,0.644882294535637,0.001,64,4,2,128,0.1,16,75,0.0,0.1,10,5,0.5,True,42
batch_size,16,77,77,6,0.6194835671227241,0.641379228234291,0.001,64,4,2,128,0.1,16,75,0.0,0.1,10,5,0.5,True,42
batch_size,16,77,77,7,0.6048883631428839,0.6335675199826558,0.001,64,4,2,128,0.1,16,75,0.0,0.1,10,5,0.5,True,42
batch_size,16,77,77,8,0.5948707964483776,0.6364869703849156,0.001,64,4,2,128,0.1,16,75,0.0,0.1,10,5,0.5,True,42
batch_size,16,77,77,9,0.5802941691739477,0.6685766597588857,0.001,64,4,2,128,0.1,16,75,0.0,0.1,10,5,0.5,True,42
batch_size,16,77,77,10,0.5766468897971817,0.6723127742608388,0.001,64,4,2,128,0.1,16,75,0.0,0.1,10,5,0.5,True,42
batch_size,16,77,77,11,0.5547066038552346,0.6953801969687144,0.001,64,4,2,128,0.1,16,75,0.0,0.1,10,5,0.5,True,42
batch_size,16,77,77,12,0.5412001165600331,0.680386969447136,0.001,64,4,2,128,0.1,16,75,0.0,0.1,10,5,0.5,True,42
batch_size,16,77,77,13,0.5275482673608758,0.7642608046531677,0.001,64,4,2,128,0.1,16,75,0.0,0.1,10,5,0.5,True,42
batch_size,16,77,77,14,0.4709727474038592,0.7384630223115285,0.001,64,4,2,128,0.1,16,75,0.0,0.1,10,5,0.5,True,42
batch_size,16,77,77,15,0.43698233649304613,0.7488085329532623,0.001,64,4,2,128,0.1,16,75,0.0,0.1,10,5,0.5,True,42
batch_size,16,77,77,16,0.41014878582138525,0.8223241796096166,0.001,64,4,2,128,0.1,16,75,0.0,0.1,10,5,0.5,True,42
batch_size,16,77,77,17,0.39104442966981534,0.8226160923639934,0.001,64,4,2,128,0.1,16,75,0.0,0.1,10,5,0.5,True,42
batch_size,16,78,78,1,0.6895697944064557,0.6860347708066304,0.001,64,4,2,128,0.1,16,75,0.0,0.1,10,5,0.5,True,42
batch_size,16,78,78,2,0.6601010200641908,0.6399540930986405,0.001,64,4,2,128,0.1,16,75,0.0,0.1,10,5,0.5,True,42
batch_size,16,78,78,3,0.6418338013465866,0.6282419870297115,0.001,64,4,2,128,0.1,16,75,0.0,0.1,10,5,0.5,True,42
batch_size,16,78,78,4,0.6280628507354867,0.6145268698533376,0.001,64,4,2,128,0.1,16,75,0.0,0.1,10,5,0.5,True,42
batch_size,16,78,78,5,0.6150625263103514,0.6284783522288004,0.001,64,4,2,128,0.1,16,75,0.0,0.1,10,5,0.5,True,42
batch_size,16,78,78,6,0.6073522596078227,0.6689720456798871,0.001,64,4,2,128,0.1,16,75,0.0,0.1,10,5,0.5,True,42
batch_size,16,78,78,7,0.5963535938879383,0.6200442065795263,0.001,64,4,2,128,0.1,16,75,0.0,0.1,10,5,0.5,True,42
batch_size,16,78,78,8,0.586693766905781,0.6200895736614863,0.001,64,4,2,128,0.1,16,75,0.0,0.1,10,5,0.5,True,42
batch_size,16,78,78,9,0.5806199292946225,0.6150549441576004,0.001,64,4,2,128,0.1,16,75,0.0,0.1,10,5,0.5,True,42
batch_size,16,78,78,10,0.5636243616220162,0.6851818193991979,0.001,64,4,2,128,0.1,16,75,0.0,0.1,10,5,0.5,True,42
batch_size,16,78,78,11,0.5211995217396732,0.6850601226091385,0.001,64,4,2,128,0.1,16,75,0.0,0.1,10,5,0.5,True,42
batch_size,16,78,78,12,0.4923598552724708,0.676067316532135,0.001,64,4,2,128,0.1,16,75,0.0,0.1,10,5,0.5,True,42
batch_size,16,78,78,13,0.4749696527257165,0.6843687211473782,0.001,64,4,2,128,0.1,16,75,0.0,0.1,10,5,0.5,True,42
batch_size,16,78,78,14,0.44882391631149976,0.69088194668293,0.001,64,4,2,128,0.1,16,75,0.0,0.1,10,5,0.5,True,42
batch_size,16,79,79,1,0.6895234641252141,0.6661328872044882,0.001,64,4,2,128,0.1,16,75,0.0,0.1,10,5,0.5,True,42
batch_size,16,79,79,2,0.6634747993313905,0.6870411525170008,0.001,64,4,2,128,0.1,16,75,0.0,0.1,10,5,0.5,True,42
batch_size,16,79,79,3,0.6531186538438002,0.6389758427937825,0.001,64,4,2,128,0.1,16,75,0.0,0.1,10,5,0.5,True,42
batch_size,16,79,79,4,0.6391120731379046,0.6381332904100419,0.001,64,4,2,128,0.1,16,75,0.0,0.1,10,5,0.5,True,42
batch_size,16,79,79,5,0.6275389716029167,0.6268980175256729,0.001,64,4,2,128,0.1,16,75,0.0,0.1,10,5,0.5,True,42
batch_size,16,79,79,6,0.62224538748463,0.7198296626408894,0.001,64,4,2,128,0.1,16,75,0.0,0.1,10,5,0.5,True,42
batch_size,16,79,79,7,0.6145110454297427,0.657502023379008,0.001,64,4,2,128,0.1,16,75,0.0,0.1,10,5,0.5,True,42
batch_size,16,79,79,8,0.6067256999738289,0.648482370376587,0.001,64,4,2,128,0.1,16,75,0.0,0.1,10,5,0.5,True,42
batch_size,16,79,79,9,0.6020243739088377,0.6382833967606226,0.001,64,4,2,128,0.1,16,75,0.0,0.1,10,5,0.5,True,42
batch_size,16,79,79,10,0.5865902375768531,0.6193817953268687,0.001,64,4,2,128,0.1,16,75,0.0,0.1,10,5,0.5,True,42
batch_size,16,79,79,11,0.5764134651557966,0.6328365405400594,0.001,64,4,2,128,0.1,16,75,0.0,0.1,10,5,0.5,True,42
batch_size,16,79,79,12,0.5591941086406057,0.6743204643328985,0.001,64,4,2,128,0.1,16,75,0.0,0.1,10,5,0.5,True,42
batch_size,16,79,79,13,0.5546597941129496,0.6407199064890544,0.001,64,4,2,128,0.1,16,75,0.0,0.1,10,5,0.5,True,42
batch_size,16,79,79,14,0.5389284252217321,0.6524507661660512,0.001,64,4,2,128,0.1,16,75,0.0,0.1,10,5,0.5,True,42
batch_size,16,79,79,15,0.5198374816611635,0.7172148545583089,0.001,64,4,2,128,0.1,16,75,0.0,0.1,10,5,0.5,True,42
batch_size,16,79,79,16,0.4964971316583229,0.6899044275283813,0.001,64,4,2,128,0.1,16,75,0.0,0.1,10,5,0.5,True,42
batch_size,16,79,79,17,0.43029653518037364,0.7304346174001694,0.001,64,4,2,128,0.1,16,75,0.0,0.1,10,5,0.5,True,42
batch_size,16,79,79,18,0.39366376552392135,0.7523799856503804,0.001,64,4,2,128,0.1,16,75,0.0,0.1,10,5,0.5,True,42
batch_size,16,79,79,19,0.36004143058689253,0.7821407775084178,0.001,64,4,2,128,0.1,16,75,0.0,0.1,10,5,0.5,True,42
batch_size,16,79,79,20,0.33179532395054895,0.8788728505373001,0.001,64,4,2,128,0.1,16,75,0.0,0.1,10,5,0.5,True,42
batch_size,16,80,80,1,0.6981726952832008,0.6752828458944956,0.001,64,4,2,128,0.1,16,75,0.0,0.1,10,5,0.5,True,42
batch_size,16,80,80,2,0.6681740970665965,0.6607952465613683,0.001,64,4,2,128,0.1,16,75,0.0,0.1,10,5,0.5,True,42
batch_size,16,80,80,3,0.6526703270215952,0.6355291922887166,0.001,64,4,2,128,0.1,16,75,0.0,0.1,10,5,0.5,True,42
batch_size,16,80,80,4,0.6414541365302561,0.6317711561918259,0.001,64,4,2,128,0.1,16,75,0.0,0.1,10,5,0.5,True,42
batch_size,16,80,80,5,0.6345742571489893,0.6317394345998764,0.001,64,4,2,128,0.1,16,75,0.0,0.1,10,5,0.5,True,42
batch_size,16,80,80,6,0.6275829540232741,0.6320997854073842,0.001,64,4,2,128,0.1,16,75,0.0,0.1,10,5,0.5,True,42
batch_size,16,80,80,7,0.6048125688114093,0.6182910005251566,0.001,64,4,2,128,0.1,16,75,0.0,0.1,10,5,0.5,True,42
batch_size,16,80,80,8,0.6063428352314256,0.6688134471575419,0.001,64,4,2,128,0.1,16,75,0.0,0.1,10,5,0.5,True,42
batch_size,16,80,80,9,0.6003043547329341,0.6446791778008143,0.001,64,4,2,128,0.1,16,75,0.0,0.1,10,5,0.5,True,42
batch_size,16,80,80,10,0.5870131948828244,0.6094322254260381,0.001,64,4,2,128,0.1,16,75,0.0,0.1,10,5,0.5,True,42
batch_size,16,80,80,11,0.5756336554828252,0.6218129922946294,0.001,64,4,2,128,0.1,16,75,0.0,0.1,10,5,0.5,True,42
batch_size,16,80,80,12,0.5720140433130155,0.6328926533460617,0.001,64,4,2,128,0.1,16,75,0.0,0.1,10,5,0.5,True,42
batch_size,16,80,80,13,0.5510469303384933,0.6262393613656362,0.001,64,4,2,128,0.1,16,75,0.0,0.1,10,5,0.5,True,42
batch_size,16,80,80,14,0.5313010903592346,0.6742102046807606,0.001,64,4,2,128,0.1,16,75,0.0,0.1,10,5,0.5,True,42
batch_size,16,80,80,15,0.5196407015785971,0.6926399896542231,0.001,64,4,2,128,0.1,16,75,0.0,0.1,10,5,0.5,True,42
batch_size,16,80,80,16,0.5014419438947743,0.700773165623347,0.001,64,4,2,128,0.1,16,75,0.0,0.1,10,5,0.5,True,42
batch_size,16,80,80,17,0.4418457314202087,0.7765725831190745,0.001,64,4,2,128,0.1,16,75,0.0,0.1,10,5,0.5,True,42
batch_size,16,80,80,18,0.3949606271864344,0.8128565639257431,0.001,64,4,2,128,0.1,16,75,0.0,0.1,10,5,0.5,True,42
batch_size,16,80,80,19,0.3740222541891577,0.8839672158161799,0.001,64,4,2,128,0.1,16,75,0.0,0.1,10,5,0.5,True,42
batch_size,16,80,80,20,0.34424928347704076,0.8753339439630509,0.001,64,4,2,128,0.1,16,75,0.0,0.1,10,5,0.5,True,42
batch_size,16,81,81,1,0.6849224145874777,0.6678456644217173,0.001,64,4,2,128,0.1,16,75,0.0,0.1,10,5,0.5,True,42
batch_size,16,81,81,2,0.6561692706079084,0.6736803327997526,0.001,64,4,2,128,0.1,16,75,0.0,0.1,10,5,0.5,True,42
batch_size,16,81,81,3,0.6404044903503171,0.633360023299853,0.001,64,4,2,128,0.1,16,75,0.0,0.1,10,5,0.5,True,42
batch_size,16,81,81,4,0.6212647783892237,0.6318807572126388,0.001,64,4,2,128,0.1,16,75,0.0,0.1,10,5,0.5,True,42
batch_size,16,81,81,5,0.6082163844045124,0.6337980786959331,0.001,64,4,2,128,0.1,16,75,0.0,0.1,10,5,0.5,True,42
batch_size,16,81,81,6,0.5935647852520526,0.6116614003976186,0.001,64,4,2,128,0.1,16,75,0.0,0.1,10,5,0.5,True,42
batch_size,16,81,81,7,0.5854017096553918,0.6447835673888525,0.001,64,4,2,128,0.1,16,75,0.0,0.1,10,5,0.5,True,42
batch_size,16,81,81,8,0.5790787914859932,0.6247653027375539,0.001,64,4,2,128,0.1,16,75,0.0,0.1,10,5,0.5,True,42
batch_size,16,81,81,9,0.5689021062261704,0.6575478881597518,0.001,64,4,2,128,0.1,16,75,0.0,0.1,10,5,0.5,True,42
batch_size,16,81,81,10,0.5533993913873521,0.6584259072939554,0.001,64,4,2,128,0.1,16,75,0.0,0.1,10,5,0.5,True,42
batch_size,16,81,81,11,0.5430050201062467,0.6718462626139323,0.001,64,4,2,128,0.1,16,75,0.0,0.1,10,5,0.5,True,42
batch_size,16,81,81,12,0.5233033603135171,0.8659788519144058,0.001,64,4,2,128,0.1,16,75,0.0,0.1,10,5,0.5,True,42
batch_size,16,81,81,13,0.47821358333522374,0.7083214422067007,0.001,64,4,2,128,0.1,16,75,0.0,0.1,10,5,0.5,True,42
batch_size,16,81,81,14,0.4356328092033872,0.779911478360494,0.001,64,4,2,128,0.1,16,75,0.0,0.1,10,5,0.5,True,42
batch_size,16,81,81,15,0.4184027860939729,0.8010304222504298,0.001,64,4,2,128,0.1,16,75,0.0,0.1,10,5,0.5,True,42
batch_size,16,81,81,16,0.3914606893583849,0.8578967809677124,0.001,64,4,2,128,0.1,16,75,0.0,0.1,10,5,0.5,True,42
batch_size,16,82,82,1,0.7007755376540209,0.6614932765563329,0.001,64,4,2,128,0.1,16,75,0.0,0.1,10,5,0.5,True,42
batch_size,16,82,82,2,0.6625223945075568,0.6538790871699651,0.001,64,4,2,128,0.1,16,75,0.0,0.1,10,5,0.5,True,42
batch_size,16,82,82,3,0.6459452878159715,0.6432927499214808,0.001,64,4,2,128,0.1,16,75,0.0,0.1,10,5,0.5,True,42
batch_size,16,82,82,4,0.642425499714826,0.6343439052502314,0.001,64,4,2,128,0.1,16,75,0.0,0.1,10,5,0.5,True,42
batch_size,16,82,82,5,0.6341077591303184,0.6440794005990028,0.001,64,4,2,128,0.1,16,75,0.0,0.1,10,5,0.5,True,42
batch_size,16,82,82,6,0.6257570382533418,0.6236236751079559,0.001,64,4,2,128,0.1,16,75,0.0,0.1,10,5,0.5,True,42
batch_size,16,82,82,7,0.6126710669396042,0.6230796853701274,0.001,64,4,2,128,0.1,16,75,0.0,0.1,10,5,0.5,True,42
batch_size,16,82,82,8,0.608950798955707,0.6394337763388952,0.001,64,4,2,128,0.1,16,75,0.0,0.1,10,5,0.5,True,42
batch_size,16,82,82,9,0.6044013204456735,0.6707374893128872,0.001,64,4,2,128,0.1,16,75,0.0,0.1,10,5,0.5,True,42
batch_size,16,82,82,10,0.601357887679633,0.6493434300025304,0.001,64,4,2,128,0.1,16,75,0.0,0.1,10,5,0.5,True,42
batch_size,16,82,82,11,0.5874355816115898,0.6259967073798179,0.001,64,4,2,128,0.1,16,75,0.0,0.1,10,5,0.5,True,42
batch_size,16,82,82,12,0.576104175908484,0.6471791177988052,0.001,64,4,2,128,0.1,16,75,0.0,0.1,10,5,0.5,True,42
batch_size,16,82,82,13,0.5668106189018873,0.7422670369346936,0.001,64,4,2,128,0.1,16,75,0.0,0.1,10,5,0.5,True,42
batch_size,16,82,82,14,0.5304926904662027,0.7064207981030146,0.001,64,4,2,128,0.1,16,75,0.0,0.1,10,5,0.5,True,42
batch_size,16,82,82,15,0.5081837746127024,0.6901314636071523,0.001,64,4,2,128,0.1,16,75,0.0,0.1,10,5,0.5,True,42
batch_size,16,82,82,16,0.48642285576111466,0.7016486058632533,0.001,64,4,2,128,0.1,16,75,0.0,0.1,10,5,0.5,True,42
batch_size,16,82,82,17,0.4735316265331928,0.7589493523041407,0.001,64,4,2,128,0.1,16,75,0.0,0.1,10,5,0.5,True,42
batch_size,16,83,83,1,0.6917545129403924,0.6600100835164388,0.001,64,4,2,128,0.1,16,75,0.0,0.1,10,5,0.5,True,42
batch_size,16,83,83,2,0.6615780792904623,0.6400978376468023,0.001,64,4,2,128,0.1,16,75,0.0,0.1,10,5,0.5,True,42
batch_size,16,83,83,3,0.638150069072391,0.639128448565801,0.001,64,4,2,128,0.1,16,75,0.0,0.1,10,5,0.5,True,42
batch_size,16,83,83,4,0.6241607151248239,0.704555767774582,0.001,64,4,2,128,0.1,16,75,0.0,0.1,10,5,0.5,True,42
batch_size,16,83,83,5,0.6199003095653924,0.6173661649227142,0.001,64,4,2,128,0.1,16,75,0.0,0.1,10,5,0.5,True,42
batch_size,16,83,83,6,0.6094426520620332,0.6329347521066666,0.001,64,4,2,128,0.1,16,75,0.0,0.1,10,5,0.5,True,42
batch_size,16,83,83,7,0.591702162655014,0.6706208825111389,0.001,64,4,2,128,0.1,16,75,0.0,0.1,10,5,0.5,True,42
batch_size,16,83,83,8,0.5856835790204279,0.6386277208725611,0.001,64,4,2,128,0.1,16,75,0.0,0.1,10,5,0.5,True,42
batch_size,16,83,83,9,0.569275003491026,0.6256801823774973,0.001,64,4,2,128,0.1,16,75,0.0,0.1,10,5,0.5,True,42
batch_size,16,83,83,10,0.557043844325976,0.6360998829205831,0.001,64,4,2,128,0.1,16,75,0.0,0.1,10,5,0.5,True,42
batch_size,16,83,83,11,0.53927297483791,0.6608522315820058,0.001,64,4,2,128,0.1,16,75,0.0,0.1,10,5,0.5,True,42
batch_size,16,83,83,12,0.4947541384308627,0.701279170314471,0.001,64,4,2,128,0.1,16,75,0.0,0.1,10,5,0.5,True,42
batch_size,16,83,83,13,0.4546428465594848,0.724248402317365,0.001,64,4,2,128,0.1,16,75,0.0,0.1,10,5,0.5,True,42
batch_size,16,83,83,14,0.43427060555779573,0.7291839321454366,0.001,64,4,2,128,0.1,16,75,0.0,0.1,10,5,0.5,True,42
batch_size,16,83,83,15,0.4150895006164457,0.7387731472651163,0.001,64,4,2,128,0.1,16,75,0.0,0.1,10,5,0.5,True,42
batch_size,16,84,84,1,0.6985206477089073,0.6723575035730998,0.001,64,4,2,128,0.1,16,75,0.0,0.1,10,5,0.5,True,42
batch_size,16,84,84,2,0.6618758721043402,0.646551909049352,0.001,64,4,2,128,0.1,16,75,0.0,0.1,10,5,0.5,True,42
batch_size,16,84,84,3,0.6478160487155044,0.6411829988161722,0.001,64,4,2,128,0.1,16,75,0.0,0.1,10,5,0.5,True,42
batch_size,16,84,84,4,0.6300716278897492,0.6196221878131231,0.001,64,4,2,128,0.1,16,75,0.0,0.1,10,5,0.5,True,42
batch_size,16,84,84,5,0.624553474976536,0.6188250829776129,0.001,64,4,2,128,0.1,16,75,0.0,0.1,10,5,0.5,True,42
batch_size,16,84,84,6,0.6131919005977791,0.6747217436631521,0.001,64,4,2,128,0.1,16,75,0.0,0.1,10,5,0.5,True,42
batch_size,16,84,84,7,0.6071850137338892,0.6321992248296737,0.001,64,4,2,128,0.1,16,75,0.0,0.1,10,5,0.5,True,42
batch_size,16,84,84,8,0.5921408041121842,0.6362741569677989,0.001,64,4,2,128,0.1,16,75,0.0,0.1,10,5,0.5,True,42
batch_size,16,84,84,9,0.5849008759618258,0.6500621209541957,0.001,64,4,2,128,0.1,16,75,0.0,0.1,10,5,0.5,True,42
batch_size,16,84,84,10,0.5725724037609173,0.6438184519608815,0.001,64,4,2,128,0.1,16,75,0.0,0.1,10,5,0.5,True,42
batch_size,16,84,84,11,0.5610337701587169,0.6266728142897288,0.001,64,4,2,128,0.1,16,75,0.0,0.1,10,5,0.5,True,42
batch_size,16,84,84,12,0.5095344069112843,0.657303382953008,0.001,64,4,2,128,0.1,16,75,0.0,0.1,10,5,0.5,True,42
batch_size,16,84,84,13,0.4809104835352517,0.684442076086998,0.001,64,4,2,128,0.1,16,75,0.0,0.1,10,5,0.5,True,42
batch_size,16,84,84,14,0.4656021157598314,0.7178235679864884,0.001,64,4,2,128,0.1,16,75,0.0,0.1,10,5,0.5,True,42
batch_size,16,84,84,15,0.4420170795894848,0.7395596921443939,0.001,64,4,2,128,0.1,16,75,0.0,0.1,10,5,0.5,True,42
batch_size,16,85,85,1,0.6930668184059201,0.6606548925240835,0.001,64,4,2,128,0.1,16,75,0.0,0.1,10,5,0.5,True,42
batch_size,16,85,85,2,0.6627049008703051,0.636601577202479,0.001,64,4,2,128,0.1,16,75,0.0,0.1,10,5,0.5,True,42
batch_size,16,85,85,3,0.6397588328943506,0.6274016082286835,0.001,64,4,2,128,0.1,16,75,0.0,0.1,10,5,0.5,True,42
batch_size,16,85,85,4,0.6336519212777171,0.6862352718909581,0.001,64,4,2,128,0.1,16,75,0.0,0.1,10,5,0.5,True,42
batch_size,16,85,85,5,0.6288513272660766,0.6318588624397914,0.001,64,4,2,128,0.1,16,75,0.0,0.1,10,5,0.5,True,42
batch_size,16,85,85,6,0.6189267196809384,0.60952734152476,0.001,64,4,2,128,0.1,16,75,0.0,0.1,10,5,0.5,True,42
batch_size,16,85,85,7,0.6080901712292501,0.6162389079729717,0.001,64,4,2,128,0.1,16,75,0.0,0.1,10,5,0.5,True,42
batch_size,16,85,85,8,0.6008456463822847,0.6397832194964092,0.001,64,4,2,128,0.1,16,75,0.0,0.1,10,5,0.5,True,42
batch_size,16,85,85,9,0.594317053547377,0.6225782841444015,0.001,64,4,2,128,0.1,16,75,0.0,0.1,10,5,0.5,True,42
batch_size,16,85,85,10,0.5790575219197872,0.6201162517070771,0.001,64,4,2,128,0.1,16,75,0.0,0.1,10,5,0.5,True,42
batch_size,16,85,85,11,0.5647883919481995,0.6423056642214457,0.001,64,4,2,128,0.1,16,75,0.0,0.1,10,5,0.5,True,42
batch_size,16,85,85,12,0.558389123628348,0.6700664858023325,0.001,64,4,2,128,0.1,16,75,0.0,0.1,10,5,0.5,True,42
batch_size,16,85,85,13,0.5077664741091855,0.656141475836436,0.001,64,4,2,128,0.1,16,75,0.0,0.1,10,5,0.5,True,42
batch_size,16,85,85,14,0.48678035490186494,0.6714813222487768,0.001,64,4,2,128,0.1,16,75,0.0,0.1,10,5,0.5,True,42
batch_size,16,85,85,15,0.45479535971530943,0.7292752762635549,0.001,64,4,2,128,0.1,16,75,0.0,0.1,10,5,0.5,True,42
batch_size,16,85,85,16,0.4421004622948034,0.7180692891279856,0.001,64,4,2,128,0.1,16,75,0.0,0.1,10,5,0.5,True,42
batch_size,16,86,86,1,0.6924109092910027,0.6728847801685334,0.001,64,4,2,128,0.1,16,75,0.0,0.1,10,5,0.5,True,42
batch_size,16,86,86,2,0.6666221977866648,0.6543193181355794,0.001,64,4,2,128,0.1,16,75,0.0,0.1,10,5,0.5,True,42
batch_size,16,86,86,3,0.6399398432485051,0.6587627778450648,0.001,64,4,2,128,0.1,16,75,0.0,0.1,10,5,0.5,True,42
batch_size,16,86,86,4,0.6362923064159349,0.688974940776825,0.001,64,4,2,128,0.1,16,75,0.0,0.1,10,5,0.5,True,42
batch_size,16,86,86,5,0.6224679300993567,0.6321656177441279,0.001,64,4,2,128,0.1,16,75,0.0,0.1,10,5,0.5,True,42
batch_size,16,86,86,6,0.6064112443661055,0.6473538647095363,0.001,64,4,2,128,0.1,16,75,0.0,0.1,10,5,0.5,True,42
batch_size,16,86,86,7,0.5938471591971219,0.6393206665913264,0.001,64,4,2,128,0.1,16,75,0.0,0.1,10,5,0.5,True,42
batch_size,16,86,86,8,0.5877125468317547,0.6892244716485342,0.001,64,4,2,128,0.1,16,75,0.0,0.1,10,5,0.5,True,42
batch_size,16,86,86,9,0.5726388230523229,0.629242608944575,0.001,64,4,2,128,0.1,16,75,0.0,0.1,10,5,0.5,True,42
batch_size,16,86,86,10,0.5609834295035315,0.6288588960965474,0.001,64,4,2,128,0.1,16,75,0.0,0.1,10,5,0.5,True,42
batch_size,16,86,86,11,0.5473126234210489,0.6456891804933548,0.001,64,4,2,128,0.1,16,75,0.0,0.1,10,5,0.5,True,42
batch_size,16,86,86,12,0.5342536809439895,0.6723943829536438,0.001,64,4,2,128,0.1,16,75,0.0,0.1,10,5,0.5,True,42
batch_size,16,86,86,13,0.5168708009864894,0.6972004309296608,0.001,64,4,2,128,0.1,16,75,0.0,0.1,10,5,0.5,True,42
batch_size,16,86,86,14,0.48929023476381267,0.7905371015270551,0.001,64,4,2,128,0.1,16,75,0.0,0.1,10,5,0.5,True,42
batch_size,16,86,86,15,0.4760751275508576,0.7859572852651279,0.001,64,4,2,128,0.1,16,75,0.0,0.1,10,5,0.5,True,42
batch_size,16,86,86,16,0.4522333723623943,0.7280590345462163,0.001,64,4,2,128,0.1,16,75,0.0,0.1,10,5,0.5,True,42
batch_size,16,86,86,17,0.3865611527129271,0.8156359190742175,0.001,64,4,2,128,0.1,16,75,0.0,0.1,10,5,0.5,True,42
batch_size,16,86,86,18,0.3485138145463095,0.8636178359389305,0.001,64,4,2,128,0.1,16,75,0.0,0.1,10,5,0.5,True,42
batch_size,16,86,86,19,0.31927523458865203,0.9333541169762611,0.001,64,4,2,128,0.1,16,75,0.0,0.1,10,5,0.5,True,42
batch_size,16,86,86,20,0.30282389684208444,0.950037903090318,0.001,64,4,2,128,0.1,16,75,0.0,0.1,10,5,0.5,True,42
batch_size,16,87,87,1,0.6960097945688342,0.6844005763530732,0.001,64,4,2,128,0.1,16,75,0.0,0.1,10,5,0.5,True,42
batch_size,16,87,87,2,0.6648285146448549,0.6325525889794031,0.001,64,4,2,128,0.1,16,75,0.0,0.1,10,5,0.5,True,42
batch_size,16,87,87,3,0.6436968134156651,0.6304876575867335,0.001,64,4,2,128,0.1,16,75,0.0,0.1,10,5,0.5,True,42
batch_size,16,87,87,4,0.628048424031798,0.6522664278745651,0.001,64,4,2,128,0.1,16,75,0.0,0.1,10,5,0.5,True,42
batch_size,16,87,87,5,0.6208435453389534,0.6214692066113154,0.001,64,4,2,128,0.1,16,75,0.0,0.1,10,5,0.5,True,42
batch_size,16,87,87,6,0.6103866002858819,0.6548320114612579,0.001,64,4,2,128,0.1,16,75,0.0,0.1,10,5,0.5,True,42
batch_size,16,87,87,7,0.5991759611853176,0.6115519096453984,0.001,64,4,2,128,0.1,16,75,0.0,0.1,10,5,0.5,True,42
batch_size,16,87,87,8,0.5859357399632269,0.6119857261578242,0.001,64,4,2,128,0.1,16,75,0.0,0.1,10,5,0.5,True,42
batch_size,16,87,87,9,0.5799269196878368,0.6087171862522761,0.001,64,4,2,128,0.1,16,75,0.0,0.1,10,5,0.5,True,42
batch_size,16,87,87,10,0.559962258479441,0.6479715009530386,0.001,64,4,2,128,0.1,16,75,0.0,0.1,10,5,0.5,True,42
batch_size,16,87,87,11,0.5433667602421213,0.6035399089256922,0.001,64,4,2,128,0.1,16,75,0.0,0.1,10,5,0.5,True,42
batch_size,16,87,87,12,0.5290233459422797,0.6444364602367083,0.001,64,4,2,128,0.1,16,75,0.0,0.1,10,5,0.5,True,42
batch_size,16,87,87,13,0.5227552740179541,0.6094411879777908,0.001,64,4,2,128,0.1,16,75,0.0,0.1,10,5,0.5,True,42
batch_size,16,87,87,14,0.4867911522379393,0.6506915350755056,0.001,64,4,2,128,0.1,16,75,0.0,0.1,10,5,0.5,True,42
batch_size,16,87,87,15,0.4718256693035931,0.6552600274483363,0.001,64,4,2,128,0.1,16,75,0.0,0.1,10,5,0.5,True,42
batch_size,16,87,87,16,0.4512338681932638,0.6590532436966896,0.001,64,4,2,128,0.1,16,75,0.0,0.1,10,5,0.5,True,42
batch_size,16,87,87,17,0.42457783828443446,0.7162475774685542,0.001,64,4,2,128,0.1,16,75,0.0,0.1,10,5,0.5,True,42
batch_size,16,87,87,18,0.34560498838868886,0.7850839227437973,0.001,64,4,2,128,0.1,16,75,0.0,0.1,10,5,0.5,True,42
batch_size,16,87,87,19,0.3081234760950727,0.835246213277181,0.001,64,4,2,128,0.1,16,75,0.0,0.1,10,5,0.5,True,42
batch_size,16,87,87,20,0.286435000513443,0.8174034585555394,0.001,64,4,2,128,0.1,16,75,0.0,0.1,10,5,0.5,True,42
batch_size,16,87,87,21,0.26524428627365215,0.951729553937912,0.001,64,4,2,128,0.1,16,75,0.0,0.1,10,5,0.5,True,42
batch_size,16,88,88,1,0.6941127058671002,0.6783004760742187,0.001,64,4,2,128,0.1,16,75,0.0,0.1,10,5,0.5,True,42
batch_size,16,88,88,2,0.6580062706887495,0.6410721242427826,0.001,64,4,2,128,0.1,16,75,0.0,0.1,10,5,0.5,True,42
batch_size,16,88,88,3,0.6400284121245032,0.6650915304819743,0.001,64,4,2,128,0.1,16,75,0.0,0.1,10,5,0.5,True,42
batch_size,16,88,88,4,0.6217060155968249,0.6743723670641582,0.001,64,4,2,128,0.1,16,75,0.0,0.1,10,5,0.5,True,42
batch_size,16,88,88,5,0.6167831222594011,0.7069751073916754,0.001,64,4,2,128,0.1,16,75,0.0,0.1,10,5,0.5,True,42
batch_size,16,88,88,6,0.6028648628481441,0.6321838567654292,0.001,64,4,2,128,0.1,16,75,0.0,0.1,10,5,0.5,True,42
batch_size,16,88,88,7,0.5887970990101195,0.6291755656401317,0.001,64,4,2,128,0.1,16,75,0.0,0.1,10,5,0.5,True,42
batch_size,16,88,88,8,0.5769468270553836,0.6140112409989039,0.001,64,4,2,128,0.1,16,75,0.0,0.1,10,5,0.5,True,42
batch_size,16,88,88,9,0.5699995446227802,0.618136876821518,0.001,64,4,2,128,0.1,16,75,0.0,0.1,10,5,0.5,True,42
batch_size,16,88,88,10,0.5573528113247324,0.641615022222201,0.001,64,4,2,128,0.1,16,75,0.0,0.1,10,5,0.5,True,42
batch_size,16,88,88,11,0.5348168612093074,0.6534854044516881,0.001,64,4,2,128,0.1,16,75,0.0,0.1,10,5,0.5,True,42
batch_size,16,88,88,12,0.5199748333756008,0.7096049388249716,0.001,64,4,2,128,0.1,16,75,0.0,0.1,10,5,0.5,True,42
batch_size,16,88,88,13,0.508827210265874,0.6752029677232106,0.001,64,4,2,128,0.1,16,75,0.0,0.1,10,5,0.5,True,42
batch_size,16,88,88,14,0.48189176378254656,0.7436508183677991,0.001,64,4,2,128,0.1,16,75,0.0,0.1,10,5,0.5,True,42
batch_size,16,88,88,15,0.41773573181701706,0.8104540328184764,0.001,64,4,2,128,0.1,16,75,0.0,0.1,10,5,0.5,True,42
batch_size,16,88,88,16,0.37748916209197314,0.7904249231020609,0.001,64,4,2,128,0.1,16,75,0.0,0.1,10,5,0.5,True,42
batch_size,16,88,88,17,0.3561869570312618,0.7953955401976903,0.001,64,4,2,128,0.1,16,75,0.0,0.1,10,5,0.5,True,42
batch_size,16,88,88,18,0.3412276810396307,0.8640265678366025,0.001,64,4,2,128,0.1,16,75,0.0,0.1,10,5,0.5,True,42
batch_size,16,89,89,1,0.699520776480323,0.6664255917072296,0.001,64,4,2,128,0.1,16,75,0.0,0.1,10,5,0.5,True,42
batch_size,16,89,89,2,0.6686404991059249,0.6503890335559845,0.001,64,4,2,128,0.1,16,75,0.0,0.1,10,5,0.5,True,42
batch_size,16,89,89,3,0.6364966043954566,0.632837853829066,0.001,64,4,2,128,0.1,16,75,0.0,0.1,10,5,0.5,True,42
batch_size,16,89,89,4,0.6219628968846209,0.6336397598187129,0.001,64,4,2,128,0.1,16,75,0.0,0.1,10,5,0.5,True,42
batch_size,16,89,89,5,0.6179613970758344,0.628409426410993,0.001,64,4,2,128,0.1,16,75,0.0,0.1,10,5,0.5,True,42
batch_size,16,89,89,6,0.6078163244878384,0.6098102807998658,0.001,64,4,2,128,0.1,16,75,0.0,0.1,10,5,0.5,True,42
batch_size,16,89,89,7,0.596725190093762,0.620279793938001,0.001,64,4,2,128,0.1,16,75,0.0,0.1,10,5,0.5,True,42
batch_size,16,89,89,8,0.5914741012306721,0.646530595421791,0.001,64,4,2,128,0.1,16,75,0.0,0.1,10,5,0.5,True,42
batch_size,16,89,89,9,0.5813403064987052,0.6554431507984797,0.001,64,4,2,128,0.1,16,75,0.0,0.1,10,5,0.5,True,42
batch_size,16,89,89,10,0.5687409520375865,0.6416969855626424,0.001,64,4,2,128,0.1,16,75,0.0,0.1,10,5,0.5,True,42
batch_size,16,89,89,11,0.5567880417910819,0.6444711724917094,0.001,64,4,2,128,0.1,16,75,0.0,0.1,10,5,0.5,True,42
batch_size,16,89,89,12,0.5382951971695904,0.6600047369798024,0.001,64,4,2,128,0.1,16,75,0.0,0.1,10,5,0.5,True,42
batch_size,16,89,89,13,0.4871403262189133,0.6913255711396535,0.001,64,4,2,128,0.1,16,75,0.0,0.1,10,5,0.5,True,42
batch_size,16,89,89,14,0.4554602574032976,0.6941859592994054,0.001,64,4,2,128,0.1,16,75,0.0,0.1,10,5,0.5,True,42
batch_size,16,89,89,15,0.43433277631893813,0.8038849790891012,0.001,64,4,2,128,0.1,16,75,0.0,0.1,10,5,0.5,True,42
batch_size,16,89,89,16,0.41105310505560594,0.7988099664449692,0.001,64,4,2,128,0.1,16,75,0.0,0.1,10,5,0.5,True,42
batch_size,16,90,90,1,0.6925440401178803,0.6683222452799479,0.001,64,4,2,128,0.1,16,75,0.0,0.1,10,5,0.5,True,42
batch_size,16,90,90,2,0.6601215374333776,0.6396220068136851,0.001,64,4,2,128,0.1,16,75,0.0,0.1,10,5,0.5,True,42
batch_size,16,90,90,3,0.6380358597851524,0.6268055578072865,0.001,64,4,2,128,0.1,16,75,0.0,0.1,10,5,0.5,True,42
batch_size,16,90,90,4,0.6310980032152096,0.6126868098974227,0.001,64,4,2,128,0.1,16,75,0.0,0.1,10,5,0.5,True,42
batch_size,16,90,90,5,0.618246506375505,0.621357391277949,0.001,64,4,2,128,0.1,16,75,0.0,0.1,10,5,0.5,True,42
batch_size,16,90,90,6,0.6124434433735823,0.6183008184035619,0.001,64,4,2,128,0.1,16,75,0.0,0.1,10,5,0.5,True,42
batch_size,16,90,90,7,0.6076368767725651,0.6248174985249837,0.001,64,4,2,128,0.1,16,75,0.0,0.1,10,5,0.5,True,42
batch_size,16,90,90,8,0.5936115250388025,0.6335831344127655,0.001,64,4,2,128,0.1,16,75,0.0,0.1,10,5,0.5,True,42
batch_size,16,90,90,9,0.5865196680841337,0.6395731727282207,0.001,64,4,2,128,0.1,16,75,0.0,0.1,10,5,0.5,True,42
batch_size,16,90,90,10,0.5672562555215205,0.6136079649130504,0.001,64,4,2,128,0.1,16,75,0.0,0.1,10,5,0.5,True,42
batch_size,16,90,90,11,0.5278295568640241,0.6860666582981746,0.001,64,4,2,128,0.1,16,75,0.0,0.1,10,5,0.5,True,42
batch_size,16,90,90,12,0.5037121111562497,0.6715506652990977,0.001,64,4,2,128,0.1,16,75,0.0,0.1,10,5,0.5,True,42
batch_size,16,90,90,13,0.481894934698656,0.7517956256866455,0.001,64,4,2,128,0.1,16,75,0.0,0.1,10,5,0.5,True,42
batch_size,16,90,90,14,0.45859277577001334,0.7045445342858633,0.001,64,4,2,128,0.1,16,75,0.0,0.1,10,5,0.5,True,42
batch_size,16,91,91,1,0.6984830550821108,0.6797325770060222,0.001,64,4,2,128,0.1,16,75,0.0,0.1,10,5,0.5,True,42
batch_size,16,91,91,2,0.6713212182313317,0.6430626839399338,0.001,64,4,2,128,0.1,16,75,0.0,0.1,10,5,0.5,True,42
batch_size,16,91,91,3,0.6490875805512127,0.6228988230228424,0.001,64,4,2,128,0.1,16,75,0.0,0.1,10,5,0.5,True,42
batch_size,16,91,91,4,0.6357627952960054,0.6194635386268298,0.001,64,4,2,128,0.1,16,75,0.0,0.1,10,5,0.5,True,42
batch_size,16,91,91,5,0.6321600240446316,0.6252180258433024,0.001,64,4,2,128,0.1,16,75,0.0,0.1,10,5,0.5,True,42
batch_size,16,91,91,6,0.6243701888807827,0.6173804511626562,0.001,64,4,2,128,0.1,16,75,0.0,0.1,10,5,0.5,True,42
batch_size,16,91,91,7,0.6154334855623571,0.6308446089426677,0.001,64,4,2,128,0.1,16,75,0.0,0.1,10,5,0.5,True,42
batch_size,16,91,91,8,0.6094130080462409,0.6368104020754496,0.001,64,4,2,128,0.1,16,75,0.0,0.1,10,5,0.5,True,42
batch_size,16,91,91,9,0.5944649401499744,0.6264013975858689,0.001,64,4,2,128,0.1,16,75,0.0,0.1,10,5,0.5,True,42
batch_size,16,91,91,10,0.5799662746177426,0.6430443192521731,0.001,64,4,2,128,0.1,16,75,0.0,0.1,10,5,0.5,True,42
batch_size,16,91,91,11,0.5799606927447446,0.65631605386734,0.001,64,4,2,128,0.1,16,75,0.0,0.1,10,5,0.5,True,42
batch_size,16,91,91,12,0.5677624338026735,0.660260659456253,0.001,64,4,2,128,0.1,16,75,0.0,0.1,10,5,0.5,True,42
batch_size,16,91,91,13,0.513638400646217,0.6781144400437673,0.001,64,4,2,128,0.1,16,75,0.0,0.1,10,5,0.5,True,42
batch_size,16,91,91,14,0.4834845257575974,0.7348793894052505,0.001,64,4,2,128,0.1,16,75,0.0,0.1,10,5,0.5,True,42
batch_size,16,91,91,15,0.46065334635769006,0.755182593067487,0.001,64,4,2,128,0.1,16,75,0.0,0.1,10,5,0.5,True,42
batch_size,16,91,91,16,0.4361457432064267,0.7883576671282451,0.001,64,4,2,128,0.1,16,75,0.0,0.1,10,5,0.5,True,42
batch_size,16,92,92,1,0.6908712060732534,0.6886802444855372,0.001,64,4,2,128,0.1,16,75,0.0,0.1,10,5,0.5,True,42
batch_size,16,92,92,2,0.6692195856525871,0.6725626428922017,0.001,64,4,2,128,0.1,16,75,0.0,0.1,10,5,0.5,True,42
batch_size,16,92,92,3,0.6571193208259322,0.6667911052703858,0.001,64,4,2,128,0.1,16,75,0.0,0.1,10,5,0.5,True,42
batch_size,16,92,92,4,0.6390439082687799,0.6596362978219986,0.001,64,4,2,128,0.1,16,75,0.0,0.1,10,5,0.5,True,42
batch_size,16,92,92,5,0.6270637789833229,0.6526613314946492,0.001,64,4,2,128,0.1,16,75,0.0,0.1,10,5,0.5,True,42
batch_size,16,92,92,6,0.6126724785271707,0.6793091336886088,0.001,64,4,2,128,0.1,16,75,0.0,0.1,10,5,0.5,True,42
batch_size,16,92,92,7,0.6071148146467971,0.6614288985729218,0.001,64,4,2,128,0.1,16,75,0.0,0.1,10,5,0.5,True,42
batch_size,16,92,92,8,0.5991884080176118,0.6413143843412399,0.001,64,4,2,128,0.1,16,75,0.0,0.1,10,5,0.5,True,42
batch_size,16,92,92,9,0.5834520881846831,0.666771513223648,0.001,64,4,2,128,0.1,16,75,0.0,0.1,10,5,0.5,True,42
batch_size,16,92,92,10,0.565633572666364,0.6950743208328883,0.001,64,4,2,128,0.1,16,75,0.0,0.1,10,5,0.5,True,42
batch_size,16,92,92,11,0.5604928598204493,0.6787851174672445,0.001,64,4,2,128,0.1,16,75,0.0,0.1,10,5,0.5,True,42
batch_size,16,92,92,12,0.5453043479203271,0.7421650111675262,0.001,64,4,2,128,0.1,16,75,0.0,0.1,10,5,0.5,True,42
batch_size,16,92,92,13,0.5260251485122928,0.7080957482258479,0.001,64,4,2,128,0.1,16,75,0.0,0.1,10,5,0.5,True,42
batch_size,16,92,92,14,0.5028683166993435,0.7685204148292542,0.001,64,4,2,128,0.1,16,75,0.0,0.1,10,5,0.5,True,42
batch_size,16,92,92,15,0.42481616966624675,0.8561730533838272,0.001,64,4,2,128,0.1,16,75,0.0,0.1,10,5,0.5,True,42
batch_size,16,92,92,16,0.3973083646805114,0.8580553084611893,0.001,64,4,2,128,0.1,16,75,0.0,0.1,10,5,0.5,True,42
batch_size,16,92,92,17,0.3731359385605547,1.0170492261648179,0.001,64,4,2,128,0.1,16,75,0.0,0.1,10,5,0.5,True,42
batch_size,16,92,92,18,0.33754144951757825,0.9383734236160914,0.001,64,4,2,128,0.1,16,75,0.0,0.1,10,5,0.5,True,42
batch_size,16,93,93,1,0.6972784610755544,0.6803579111893971,0.001,64,4,2,128,0.1,16,75,0.0,0.1,10,5,0.5,True,42
batch_size,16,93,93,2,0.6734771952882919,0.6812695433696111,0.001,64,4,2,128,0.1,16,75,0.0,0.1,10,5,0.5,True,42
batch_size,16,93,93,3,0.6530340256119862,0.6592636406421661,0.001,64,4,2,128,0.1,16,75,0.0,0.1,10,5,0.5,True,42
batch_size,16,93,93,4,0.6417065948361227,0.6593605786561966,0.001,64,4,2,128,0.1,16,75,0.0,0.1,10,5,0.5,True,42
batch_size,16,93,93,5,0.6264860457793842,0.6228624949852626,0.001,64,4,2,128,0.1,16,75,0.0,0.1,10,5,0.5,True,42
batch_size,16,93,93,6,0.6278552216948665,0.6230630695819854,0.001,64,4,2,128,0.1,16,75,0.0,0.1,10,5,0.5,True,42
batch_size,16,93,93,7,0.608378730006091,0.6287956714630127,0.001,64,4,2,128,0.1,16,75,0.0,0.1,10,5,0.5,True,42
batch_size,16,93,93,8,0.6001499283902999,0.6198248465855917,0.001,64,4,2,128,0.1,16,75,0.0,0.1,10,5,0.5,True,42
batch_size,16,93,93,9,0.591821415229442,0.6281839395562808,0.001,64,4,2,128,0.1,16,75,0.0,0.1,10,5,0.5,True,42
batch_size,16,93,93,10,0.5728703208069384,0.6498620718717575,0.001,64,4,2,128,0.1,16,75,0.0,0.1,10,5,0.5,True,42
batch_size,16,93,93,11,0.5655717468986946,0.6395399957895279,0.001,64,4,2,128,0.1,16,75,0.0,0.1,10,5,0.5,True,42
batch_size,16,93,93,12,0.5532169856499356,0.6381805499394735,0.001,64,4,2,128,0.1,16,75,0.0,0.1,10,5,0.5,True,42
batch_size,16,93,93,13,0.5298603677930941,0.6625225394964218,0.001,64,4,2,128,0.1,16,75,0.0,0.1,10,5,0.5,True,42
batch_size,16,93,93,14,0.5187994369195894,0.649791102608045,0.001,64,4,2,128,0.1,16,75,0.0,0.1,10,5,0.5,True,42
batch_size,16,93,93,15,0.45623926353771876,0.6918393517533938,0.001,64,4,2,128,0.1,16,75,0.0,0.1,10,5,0.5,True,42
batch_size,16,93,93,16,0.434241592090846,0.7061865235368411,0.001,64,4,2,128,0.1,16,75,0.0,0.1,10,5,0.5,True,42
batch_size,16,93,93,17,0.4078386097919805,0.7589198450247446,0.001,64,4,2,128,0.1,16,75,0.0,0.1,10,5,0.5,True,42
batch_size,16,93,93,18,0.3760975333277717,0.8304240435361863,0.001,64,4,2,128,0.1,16,75,0.0,0.1,10,5,0.5,True,42
batch_size,16,94,94,1,0.693479543629708,0.6769616276025772,0.001,64,4,2,128,0.1,16,75,0.0,0.1,10,5,0.5,True,42
batch_size,16,94,94,2,0.6682418530431538,0.653951636950175,0.001,64,4,2,128,0.1,16,75,0.0,0.1,10,5,0.5,True,42
batch_size,16,94,94,3,0.6503189691119321,0.6443820238113404,0.001,64,4,2,128,0.1,16,75,0.0,0.1,10,5,0.5,True,42
batch_size,16,94,94,4,0.6301226997783429,0.6846655587355296,0.001,64,4,2,128,0.1,16,75,0.0,0.1,10,5,0.5,True,42
batch_size,16,94,94,5,0.6226765695860177,0.6312959690888723,0.001,64,4,2,128,0.1,16,75,0.0,0.1,10,5,0.5,True,42
batch_size,16,94,94,6,0.6120600591594275,0.6458559930324554,0.001,64,4,2,128,0.1,16,75,0.0,0.1,10,5,0.5,True,42
batch_size,16,94,94,7,0.6043765909771502,0.670569853981336,0.001,64,4,2,128,0.1,16,75,0.0,0.1,10,5,0.5,True,42
batch_size,16,94,94,8,0.5961034611830693,0.6343869119882584,0.001,64,4,2,128,0.1,16,75,0.0,0.1,10,5,0.5,True,42
batch_size,16,94,94,9,0.5845517036806042,0.6634787748257319,0.001,64,4,2,128,0.1,16,75,0.0,0.1,10,5,0.5,True,42
batch_size,16,94,94,10,0.5694718960346831,0.7011513421932857,0.001,64,4,2,128,0.1,16,75,0.0,0.1,10,5,0.5,True,42
batch_size,16,94,94,11,0.553810480882913,0.6740074137846629,0.001,64,4,2,128,0.1,16,75,0.0,0.1,10,5,0.5,True,42
batch_size,16,94,94,12,0.5111722182978242,0.6959949731826782,0.001,64,4,2,128,0.1,16,75,0.0,0.1,10,5,0.5,True,42
batch_size,16,94,94,13,0.47364769598377066,0.7269357075293859,0.001,64,4,2,128,0.1,16,75,0.0,0.1,10,5,0.5,True,42
batch_size,16,94,94,14,0.4440453589075872,0.7602885494629542,0.001,64,4,2,128,0.1,16,75,0.0,0.1,10,5,0.5,True,42
batch_size,16,94,94,15,0.4236819903886817,0.7941816012064616,0.001,64,4,2,128,0.1,16,75,0.0,0.1,10,5,0.5,True,42
batch_size,16,95,95,1,0.692677418616685,0.6836468338966369,0.001,64,4,2,128,0.1,16,75,0.0,0.1,10,5,0.5,True,42
batch_size,16,95,95,2,0.6655434243606798,0.6550242602825165,0.001,64,4,2,128,0.1,16,75,0.0,0.1,10,5,0.5,True,42
batch_size,16,95,95,3,0.6533779442084559,0.6513882388671239,0.001,64,4,2,128,0.1,16,75,0.0,0.1,10,5,0.5,True,42
batch_size,16,95,95,4,0.638184418393807,0.6202099124590555,0.001,64,4,2,128,0.1,16,75,0.0,0.1,10,5,0.5,True,42
batch_size,16,95,95,5,0.6213264308418288,0.6404595504204432,0.001,64,4,2,128,0.1,16,75,0.0,0.1,10,5,0.5,True,42
batch_size,16,95,95,6,0.6117649273664663,0.603853240609169,0.001,64,4,2,128,0.1,16,75,0.0,0.1,10,5,0.5,True,42
batch_size,16,95,95,7,0.6022651809634585,0.6309459974368413,0.001,64,4,2,128,0.1,16,75,0.0,0.1,10,5,0.5,True,42
batch_size,16,95,95,8,0.5927176675335928,0.6301323682069778,0.001,64,4,2,128,0.1,16,75,0.0,0.1,10,5,0.5,True,42
batch_size,16,95,95,9,0.585210314415621,0.5984282672405243,0.001,64,4,2,128,0.1,16,75,0.0,0.1,10,5,0.5,True,42
batch_size,16,95,95,10,0.5712247298973979,0.6681660970052083,0.001,64,4,2,128,0.1,16,75,0.0,0.1,10,5,0.5,True,42
batch_size,16,95,95,11,0.5583953517630245,0.6307462841272354,0.001,64,4,2,128,0.1,16,75,0.0,0.1,10,5,0.5,True,42
batch_size,16,95,95,12,0.540739194913344,0.6567564209302267,0.001,64,4,2,128,0.1,16,75,0.0,0.1,10,5,0.5,True,42
batch_size,16,95,95,13,0.5270555760485657,0.6856102615594863,0.001,64,4,2,128,0.1,16,75,0.0,0.1,10,5,0.5,True,42
batch_size,16,95,95,14,0.5105063440560391,0.7065653572479884,0.001,64,4,2,128,0.1,16,75,0.0,0.1,10,5,0.5,True,42
batch_size,16,95,95,15,0.49278374371880834,0.7133914118011793,0.001,64,4,2,128,0.1,16,75,0.0,0.1,10,5,0.5,True,42
batch_size,16,95,95,16,0.4205766970461065,0.777887640396754,0.001,64,4,2,128,0.1,16,75,0.0,0.1,10,5,0.5,True,42
batch_size,16,95,95,17,0.3812589118200721,0.8542827611168226,0.001,64,4,2,128,0.1,16,75,0.0,0.1,10,5,0.5,True,42
batch_size,16,95,95,18,0.3589070602461244,0.8657729844252269,0.001,64,4,2,128,0.1,16,75,0.0,0.1,10,5,0.5,True,42
batch_size,16,95,95,19,0.32873394303588255,0.9162586808204651,0.001,64,4,2,128,0.1,16,75,0.0,0.1,10,5,0.5,True,42
batch_size,16,96,96,1,0.6921937160871245,0.6651058415571849,0.001,64,4,2,128,0.1,16,75,0.0,0.1,10,5,0.5,True,42
batch_size,16,96,96,2,0.669766752557321,0.6422895312309265,0.001,64,4,2,128,0.1,16,75,0.0,0.1,10,5,0.5,True,42
batch_size,16,96,96,3,0.6419435365859306,0.6611756215492884,0.001,64,4,2,128,0.1,16,75,0.0,0.1,10,5,0.5,True,42
batch_size,16,96,96,4,0.6182232431954506,0.6198130548000336,0.001,64,4,2,128,0.1,16,75,0.0,0.1,10,5,0.5,True,42
batch_size,16,96,96,5,0.6282675882632082,0.6237955649693807,0.001,64,4,2,128,0.1,16,75,0.0,0.1,10,5,0.5,True,42
batch_size,16,96,96,6,0.6084763062271205,0.6329925050338109,0.001,64,4,2,128,0.1,16,75,0.0,0.1,10,5,0.5,True,42
batch_size,16,96,96,7,0.6020954253547119,0.6146413624286652,0.001,64,4,2,128,0.1,16,75,0.0,0.1,10,5,0.5,True,42
batch_size,16,96,96,8,0.5910892894660885,0.6711426824331284,0.001,64,4,2,128,0.1,16,75,0.0,0.1,10,5,0.5,True,42
batch_size,16,96,96,9,0.5830659919672392,0.6145228226979573,0.001,64,4,2,128,0.1,16,75,0.0,0.1,10,5,0.5,True,42
batch_size,16,96,96,10,0.5700253462560023,0.6732161005338033,0.001,64,4,2,128,0.1,16,75,0.0,0.1,10,5,0.5,True,42
batch_size,16,96,96,11,0.5607763523179473,0.6692089021205903,0.001,64,4,2,128,0.1,16,75,0.0,0.1,10,5,0.5,True,42
batch_size,16,96,96,12,0.5439256407659162,0.6642545024553935,0.001,64,4,2,128,0.1,16,75,0.0,0.1,10,5,0.5,True,42
batch_size,16,96,96,13,0.53315036828545,0.6712136834859848,0.001,64,4,2,128,0.1,16,75,0.0,0.1,10,5,0.5,True,42
batch_size,16,96,96,14,0.5176757793083335,0.7072098026672999,0.001,64,4,2,128,0.1,16,75,0.0,0.1,10,5,0.5,True,42
batch_size,16,96,96,15,0.507652439797918,0.6973055462042491,0.001,64,4,2,128,0.1,16,75,0.0,0.1,10,5,0.5,True,42
batch_size,16,96,96,16,0.44365228102965787,0.7630019893248876,0.001,64,4,2,128,0.1,16,75,0.0,0.1,10,5,0.5,True,42
batch_size,16,96,96,17,0.4140773101455786,0.8344964822133382,0.001,64,4,2,128,0.1,16,75,0.0,0.1,10,5,0.5,True,42
batch_size,16,96,96,18,0.39660104287957604,0.7562527845303217,0.001,64,4,2,128,0.1,16,75,0.0,0.1,10,5,0.5,True,42
batch_size,16,96,96,19,0.36753524518148467,0.8642000377178192,0.001,64,4,2,128,0.1,16,75,0.0,0.1,10,5,0.5,True,42
batch_size,16,97,97,1,0.6929176381785607,0.6766276737054189,0.001,64,4,2,128,0.1,16,75,0.0,0.1,10,5,0.5,True,42
batch_size,16,97,97,2,0.666790685272942,0.6422740131616592,0.001,64,4,2,128,0.1,16,75,0.0,0.1,10,5,0.5,True,42
batch_size,16,97,97,3,0.6537141599355994,0.6370254307985306,0.001,64,4,2,128,0.1,16,75,0.0,0.1,10,5,0.5,True,42
batch_size,16,97,97,4,0.6407691185918598,0.6171965996424357,0.001,64,4,2,128,0.1,16,75,0.0,0.1,10,5,0.5,True,42
batch_size,16,97,97,5,0.6289260457677079,0.6380572567383448,0.001,64,4,2,128,0.1,16,75,0.0,0.1,10,5,0.5,True,42
batch_size,16,97,97,6,0.6265741500564401,0.6370997587839763,0.001,64,4,2,128,0.1,16,75,0.0,0.1,10,5,0.5,True,42
batch_size,16,97,97,7,0.6113344348202187,0.6355115214983622,0.001,64,4,2,128,0.1,16,75,0.0,0.1,10,5,0.5,True,42
batch_size,16,97,97,8,0.6060548612826677,0.6134221504131953,0.001,64,4,2,128,0.1,16,75,0.0,0.1,10,5,0.5,True,42
batch_size,16,97,97,9,0.5985400048952139,0.6290513654549916,0.001,64,4,2,128,0.1,16,75,0.0,0.1,10,5,0.5,True,42
batch_size,16,97,97,10,0.5886670213915096,0.6209067622820537,0.001,64,4,2,128,0.1,16,75,0.0,0.1,10,5,0.5,True,42
batch_size,16,97,97,11,0.5740575539975112,0.6003523007035255,0.001,64,4,2,128,0.1,16,75,0.0,0.1,10,5,0.5,True,42
batch_size,16,97,97,12,0.5650395398584156,0.6199122538169225,0.001,64,4,2,128,0.1,16,75,0.0,0.1,10,5,0.5,True,42
batch_size,16,97,97,13,0.5536645154535997,0.6445555716753006,0.001,64,4,2,128,0.1,16,75,0.0,0.1,10,5,0.5,True,42
batch_size,16,97,97,14,0.5366995601486344,0.6189749091863632,0.001,64,4,2,128,0.1,16,75,0.0,0.1,10,5,0.5,True,42
batch_size,16,97,97,15,0.5276306941822001,0.6141039530436198,0.001,64,4,2,128,0.1,16,75,0.0,0.1,10,5,0.5,True,42
batch_size,16,97,97,16,0.5051052766947692,0.627574743827184,0.001,64,4,2,128,0.1,16,75,0.0,0.1,10,5,0.5,True,42
batch_size,16,97,97,17,0.4962824500332314,0.6924836248159408,0.001,64,4,2,128,0.1,16,75,0.0,0.1,10,5,0.5,True,42
batch_size,16,97,97,18,0.4178235099116206,0.7165948967138926,0.001,64,4,2,128,0.1,16,75,0.0,0.1,10,5,0.5,True,42
batch_size,16,97,97,19,0.38476252519019205,0.7138987729946772,0.001,64,4,2,128,0.1,16,75,0.0,0.1,10,5,0.5,True,42
batch_size,16,97,97,20,0.35320630425962657,0.849733583132426,0.001,64,4,2,128,0.1,16,75,0.0,0.1,10,5,0.5,True,42
batch_size,16,97,97,21,0.3375778416660349,0.8365208347638448,0.001,64,4,2,128,0.1,16,75,0.0,0.1,10,5,0.5,True,42
batch_size,16,98,98,1,0.6864834663532533,0.6755266100168228,0.001,64,4,2,128,0.1,16,75,0.0,0.1,10,5,0.5,True,42
batch_size,16,98,98,2,0.647712062746853,0.6365430215994518,0.001,64,4,2,128,0.1,16,75,0.0,0.1,10,5,0.5,True,42
batch_size,16,98,98,3,0.6273823934589502,0.6303440541028976,0.001,64,4,2,128,0.1,16,75,0.0,0.1,10,5,0.5,True,42
batch_size,16,98,98,4,0.6186566301851671,0.6203189671039582,0.001,64,4,2,128,0.1,16,75,0.0,0.1,10,5,0.5,True,42
batch_size,16,98,98,5,0.6172726514674864,0.6585729261239369,0.001,64,4,2,128,0.1,16,75,0.0,0.1,10,5,0.5,True,42
batch_size,16,98,98,6,0.6091022065383853,0.6371494928995768,0.001,64,4,2,128,0.1,16,75,0.0,0.1,10,5,0.5,True,42
batch_size,16,98,98,7,0.5924036752135128,0.6319790323575337,0.001,64,4,2,128,0.1,16,75,0.0,0.1,10,5,0.5,True,42
batch_size,16,98,98,8,0.5813853731626794,0.6584998567899069,0.001,64,4,2,128,0.1,16,75,0.0,0.1,10,5,0.5,True,42
batch_size,16,98,98,9,0.5748820726409158,0.6273032834132513,0.001,64,4,2,128,0.1,16,75,0.0,0.1,10,5,0.5,True,42
batch_size,16,98,98,10,0.5587630329703197,0.649840326110522,0.001,64,4,2,128,0.1,16,75,0.0,0.1,10,5,0.5,True,42
batch_size,16,98,98,11,0.5195063560521195,0.6553382297356923,0.001,64,4,2,128,0.1,16,75,0.0,0.1,10,5,0.5,True,42
batch_size,16,98,98,12,0.49103873101250756,0.6777087579170863,0.001,64,4,2,128,0.1,16,75,0.0,0.1,10,5,0.5,True,42
batch_size,16,98,98,13,0.47105987222702334,0.6999874850114186,0.001,64,4,2,128,0.1,16,75,0.0,0.1,10,5,0.5,True,42
batch_size,16,98,98,14,0.44762896800222507,0.7791813418269158,0.001,64,4,2,128,0.1,16,75,0.0,0.1,10,5,0.5,True,42
batch_size,16,99,99,1,0.6987906048506385,0.6941052128871282,0.001,64,4,2,128,0.1,16,75,0.0,0.1,10,5,0.5,True,42
batch_size,16,99,99,2,0.6739131509124553,0.6790997852881749,0.001,64,4,2,128,0.1,16,75,0.0,0.1,10,5,0.5,True,42
batch_size,16,99,99,3,0.6472708778916203,0.6450084219376246,0.001,64,4,2,128,0.1,16,75,0.0,0.1,10,5,0.5,True,42
batch_size,16,99,99,4,0.6353141982745761,0.672790852189064,0.001,64,4,2,128,0.1,16,75,0.0,0.1,10,5,0.5,True,42
batch_size,16,99,99,5,0.6287719548428466,0.6413909782965977,0.001,64,4,2,128,0.1,16,75,0.0,0.1,10,5,0.5,True,42
batch_size,16,99,99,6,0.6173778361014087,0.6469699174165726,0.001,64,4,2,128,0.1,16,75,0.0,0.1,10,5,0.5,True,42
batch_size,16,99,99,7,0.6054465631341753,0.6345256745815278,0.001,64,4,2,128,0.1,16,75,0.0,0.1,10,5,0.5,True,42
batch_size,16,99,99,8,0.5952916129460353,0.6370047350724538,0.001,64,4,2,128,0.1,16,75,0.0,0.1,10,5,0.5,True,42
batch_size,16,99,99,9,0.5893941520511424,0.6704828267296156,0.001,64,4,2,128,0.1,16,75,0.0,0.1,10,5,0.5,True,42
batch_size,16,99,99,10,0.5752336942650973,0.6596364974975586,0.001,64,4,2,128,0.1,16,75,0.0,0.1,10,5,0.5,True,42
batch_size,16,99,99,11,0.5560227752638407,0.6708927541971207,0.001,64,4,2,128,0.1,16,75,0.0,0.1,10,5,0.5,True,42
batch_size,16,99,99,12,0.5488339308436833,0.6429311513900757,0.001,64,4,2,128,0.1,16,75,0.0,0.1,10,5,0.5,True,42
batch_size,16,99,99,13,0.5359573863984968,0.6621009717384975,0.001,64,4,2,128,0.1,16,75,0.0,0.1,10,5,0.5,True,42
batch_size,16,99,99,14,0.4861766043837986,0.6655139019091924,0.001,64,4,2,128,0.1,16,75,0.0,0.1,10,5,0.5,True,42
batch_size,16,99,99,15,0.440949025829482,0.7188364341855049,0.001,64,4,2,128,0.1,16,75,0.0,0.1,10,5,0.5,True,42
batch_size,16,99,99,16,0.4148012588062667,0.8035741195082664,0.001,64,4,2,128,0.1,16,75,0.0,0.1,10,5,0.5,True,42
batch_size,16,99,99,17,0.3901494021311459,0.8052067081133525,0.001,64,4,2,128,0.1,16,75,0.0,0.1,10,5,0.5,True,42
batch_size,16,100,100,1,0.6978255295843789,0.6738151888052623,0.001,64,4,2,128,0.1,16,75,0.0,0.1,10,5,0.5,True,42
batch_size,16,100,100,2,0.6700885272161528,0.6629827886819839,0.001,64,4,2,128,0.1,16,75,0.0,0.1,10,5,0.5,True,42
batch_size,16,100,100,3,0.6412838907404379,0.658419065674146,0.001,64,4,2,128,0.1,16,75,0.0,0.1,10,5,0.5,True,42
batch_size,16,100,100,4,0.628885104687828,0.6184694389502208,0.001,64,4,2,128,0.1,16,75,0.0,0.1,10,5,0.5,True,42
batch_size,16,100,100,5,0.6243457633889082,0.634048800667127,0.001,64,4,2,128,0.1,16,75,0.0,0.1,10,5,0.5,True,42
batch_size,16,100,100,6,0.6120697687746901,0.6296710828940074,0.001,64,4,2,128,0.1,16,75,0.0,0.1,10,5,0.5,True,42
batch_size,16,100,100,7,0.6048069371644295,0.6256823708613714,0.001,64,4,2,128,0.1,16,75,0.0,0.1,10,5,0.5,True,42
batch_size,16,100,100,8,0.5928525833243673,0.6444859902064005,0.001,64,4,2,128,0.1,16,75,0.0,0.1,10,5,0.5,True,42
batch_size,16,100,100,9,0.5865425386212089,0.6765761176745096,0.001,64,4,2,128,0.1,16,75,0.0,0.1,10,5,0.5,True,42
batch_size,16,100,100,10,0.5774816423654556,0.635527765750885,0.001,64,4,2,128,0.1,16,75,0.0,0.1,10,5,0.5,True,42
batch_size,16,100,100,11,0.5389322926374999,0.6704346676667531,0.001,64,4,2,128,0.1,16,75,0.0,0.1,10,5,0.5,True,42
batch_size,16,100,100,12,0.514975964684378,0.6625598708788554,0.001,64,4,2,128,0.1,16,75,0.0,0.1,10,5,0.5,True,42
batch_size,16,100,100,13,0.4992667840737285,0.6852352986733119,0.001,64,4,2,128,0.1,16,75,0.0,0.1,10,5,0.5,True,42
batch_size,16,100,100,14,0.4784649842503396,0.6968637724717458,0.001,64,4,2,128,0.1,16,75,0.0,0.1,10,5,0.5,True,42
batch_size,16,101,101,1,0.6974576562076467,0.6759896119435628,0.001,64,4,2,128,0.1,16,75,0.0,0.1,10,5,0.5,True,42
batch_size,16,101,101,2,0.6621121758517203,0.6382622410853703,0.001,64,4,2,128,0.1,16,75,0.0,0.1,10,5,0.5,True,42
batch_size,16,101,101,3,0.6444929549222663,0.6432815343141556,0.001,64,4,2,128,0.1,16,75,0.0,0.1,10,5,0.5,True,42
batch_size,16,101,101,4,0.6332947370443961,0.6472346802552541,0.001,64,4,2,128,0.1,16,75,0.0,0.1,10,5,0.5,True,42
batch_size,16,101,101,5,0.6245928134755037,0.6415183742841085,0.001,64,4,2,128,0.1,16,75,0.0,0.1,10,5,0.5,True,42
batch_size,16,101,101,6,0.6096940460993763,0.640342987080415,0.001,64,4,2,128,0.1,16,75,0.0,0.1,10,5,0.5,True,42
batch_size,16,101,101,7,0.604629957064023,0.6380222807327907,0.001,64,4,2,128,0.1,16,75,0.0,0.1,10,5,0.5,True,42
batch_size,16,101,101,8,0.602082523782897,0.6258931716283163,0.001,64,4,2,128,0.1,16,75,0.0,0.1,10,5,0.5,True,42
batch_size,16,101,101,9,0.5892837162026887,0.6132755021254221,0.001,64,4,2,128,0.1,16,75,0.0,0.1,10,5,0.5,True,42
batch_size,16,101,101,10,0.5853368865446446,0.6231960882743199,0.001,64,4,2,128,0.1,16,75,0.0,0.1,10,5,0.5,True,42
batch_size,16,101,101,11,0.5670505431215119,0.6651053254803022,0.001,64,4,2,128,0.1,16,75,0.0,0.1,10,5,0.5,True,42
batch_size,16,101,101,12,0.5478865483867805,0.6683063348134358,0.001,64,4,2,128,0.1,16,75,0.0,0.1,10,5,0.5,True,42
batch_size,16,101,101,13,0.5391589752168257,0.6634302859505018,0.001,64,4,2,128,0.1,16,75,0.0,0.1,10,5,0.5,True,42
batch_size,16,101,101,14,0.5189969965713559,0.7636479330559571,0.001,64,4,2,128,0.1,16,75,0.0,0.1,10,5,0.5,True,42
batch_size,16,101,101,15,0.5026401607709239,0.6924367219209671,0.001,64,4,2,128,0.1,16,75,0.0,0.1,10,5,0.5,True,42
batch_size,16,101,101,16,0.43038324025873903,0.7348369101683299,0.001,64,4,2,128,0.1,16,75,0.0,0.1,10,5,0.5,True,42
batch_size,16,101,101,17,0.394365075139945,0.810795001188914,0.001,64,4,2,128,0.1,16,75,0.0,0.1,10,5,0.5,True,42
batch_size,16,101,101,18,0.37002912738817273,0.8411277258147796,0.001,64,4,2,128,0.1,16,75,0.0,0.1,10,5,0.5,True,42
batch_size,16,101,101,19,0.35102907010131007,0.8513940449804067,0.001,64,4,2,128,0.1,16,75,0.0,0.1,10,5,0.5,True,42
batch_size,16,102,102,1,0.6930105482217477,0.6746210018793742,0.001,64,4,2,128,0.1,16,75,0.0,0.1,10,5,0.5,True,42
batch_size,16,102,102,2,0.6710773632780227,0.6545610209306081,0.001,64,4,2,128,0.1,16,75,0.0,0.1,10,5,0.5,True,42
batch_size,16,102,102,3,0.6501493446047315,0.6677283227443696,0.001,64,4,2,128,0.1,16,75,0.0,0.1,10,5,0.5,True,42
batch_size,16,102,102,4,0.633798858625354,0.6259760638078053,0.001,64,4,2,128,0.1,16,75,0.0,0.1,10,5,0.5,True,42
batch_size,16,102,102,5,0.6248036805441171,0.6359204769134521,0.001,64,4,2,128,0.1,16,75,0.0,0.1,10,5,0.5,True,42
batch_size,16,102,102,6,0.610215746064603,0.6446163475513458,0.001,64,4,2,128,0.1,16,75,0.0,0.1,10,5,0.5,True,42
batch_size,16,102,102,7,0.6016310836425752,0.6431332945823669,0.001,64,4,2,128,0.1,16,75,0.0,0.1,10,5,0.5,True,42
batch_size,16,102,102,8,0.5933437136642833,0.6145348926385243,0.001,64,4,2,128,0.1,16,75,0.0,0.1,10,5,0.5,True,42
batch_size,16,102,102,9,0.58645063536702,0.6738556116819382,0.001,64,4,2,128,0.1,16,75,0.0,0.1,10,5,0.5,True,42
batch_size,16,102,102,10,0.5786535795423922,0.6210356295108795,0.001,64,4,2,128,0.1,16,75,0.0,0.1,10,5,0.5,True,42
batch_size,16,102,102,11,0.5571557559894518,0.6106845587491989,0.001,64,4,2,128,0.1,16,75,0.0,0.1,10,5,0.5,True,42
batch_size,16,102,102,12,0.5422145957729209,0.6384316146373749,0.001,64,4,2,128,0.1,16,75,0.0,0.1,10,5,0.5,True,42
batch_size,16,102,102,13,0.5395870982127497,0.6331720997889837,0.001,64,4,2,128,0.1,16,75,0.0,0.1,10,5,0.5,True,42
batch_size,16,102,102,14,0.510495336563415,0.6281534244616827,0.001,64,4,2,128,0.1,16,75,0.0,0.1,10,5,0.5,True,42
batch_size,16,102,102,15,0.490354328724368,0.6663196633259455,0.001,64,4,2,128,0.1,16,75,0.0,0.1,10,5,0.5,True,42
batch_size,16,102,102,16,0.4749626828350495,0.7160564313332239,0.001,64,4,2,128,0.1,16,75,0.0,0.1,10,5,0.5,True,42
batch_size,16,102,102,17,0.45403780411404804,0.7104207118352254,0.001,64,4,2,128,0.1,16,75,0.0,0.1,10,5,0.5,True,42
batch_size,16,102,102,18,0.3667534282112303,0.7456107129653294,0.001,64,4,2,128,0.1,16,75,0.0,0.1,10,5,0.5,True,42
batch_size,16,102,102,19,0.3337667012169334,0.819618909060955,0.001,64,4,2,128,0.1,16,75,0.0,0.1,10,5,0.5,True,42
batch_size,16,102,102,20,0.32656981841352956,0.8392310857772827,0.001,64,4,2,128,0.1,16,75,0.0,0.1,10,5,0.5,True,42
batch_size,16,102,102,21,0.285105368228693,0.8354904080430666,0.001,64,4,2,128,0.1,16,75,0.0,0.1,10,5,0.5,True,42
batch_size,16,103,103,1,0.6930902858650729,0.6612203578154247,0.001,64,4,2,128,0.1,16,75,0.0,0.1,10,5,0.5,True,42
batch_size,16,103,103,2,0.6631537068479415,0.6685128768285116,0.001,64,4,2,128,0.1,16,75,0.0,0.1,10,5,0.5,True,42
batch_size,16,103,103,3,0.6416378625218859,0.6882807110746701,0.001,64,4,2,128,0.1,16,75,0.0,0.1,10,5,0.5,True,42
batch_size,16,103,103,4,0.6295660521141023,0.6160122692584992,0.001,64,4,2,128,0.1,16,75,0.0,0.1,10,5,0.5,True,42
batch_size,16,103,103,5,0.6184951366127217,0.6289897968371709,0.001,64,4,2,128,0.1,16,75,0.0,0.1,10,5,0.5,True,42
batch_size,16,103,103,6,0.6084555048679671,0.6631271253029506,0.001,64,4,2,128,0.1,16,75,0.0,0.1,10,5,0.5,True,42
batch_size,16,103,103,7,0.5967276925823081,0.6192782004674275,0.001,64,4,2,128,0.1,16,75,0.0,0.1,10,5,0.5,True,42
batch_size,16,103,103,8,0.5868151343140765,0.6244314988454183,0.001,64,4,2,128,0.1,16,75,0.0,0.1,10,5,0.5,True,42
batch_size,16,103,103,9,0.5760443291056745,0.6258588880300522,0.001,64,4,2,128,0.1,16,75,0.0,0.1,10,5,0.5,True,42
batch_size,16,103,103,10,0.5649647577860509,0.6296619166930516,0.001,64,4,2,128,0.1,16,75,0.0,0.1,10,5,0.5,True,42
batch_size,16,103,103,11,0.5175253697334586,0.6431370228528976,0.001,64,4,2,128,0.1,16,75,0.0,0.1,10,5,0.5,True,42
batch_size,16,103,103,12,0.49733164651538936,0.6741645812988282,0.001,64,4,2,128,0.1,16,75,0.0,0.1,10,5,0.5,True,42
batch_size,16,103,103,13,0.46547681965755416,0.7167798757553101,0.001,64,4,2,128,0.1,16,75,0.0,0.1,10,5,0.5,True,42
batch_size,16,103,103,14,0.44281962445933554,0.7833857774734497,0.001,64,4,2,128,0.1,16,75,0.0,0.1,10,5,0.5,True,42
batch_size,16,104,104,1,0.694310720429221,0.6700442731380463,0.001,64,4,2,128,0.1,16,75,0.0,0.1,10,5,0.5,True,42
batch_size,16,104,104,2,0.6620628051884727,0.6914219786723454,0.001,64,4,2,128,0.1,16,75,0.0,0.1,10,5,0.5,True,42
batch_size,16,104,104,3,0.6422483438321392,0.6561281124750773,0.001,64,4,2,128,0.1,16,75,0.0,0.1,10,5,0.5,True,42
batch_size,16,104,104,4,0.6301017127109572,0.6599195142587025,0.001,64,4,2,128,0.1,16,75,0.0,0.1,10,5,0.5,True,42
batch_size,16,104,104,5,0.619911426373761,0.6185356597105662,0.001,64,4,2,128,0.1,16,75,0.0,0.1,10,5,0.5,True,42
batch_size,16,104,104,6,0.6128034860235657,0.6427905122439067,0.001,64,4,2,128,0.1,16,75,0.0,0.1,10,5,0.5,True,42
batch_size,16,104,104,7,0.596868052455409,0.6229789902766546,0.001,64,4,2,128,0.1,16,75,0.0,0.1,10,5,0.5,True,42
batch_size,16,104,104,8,0.596429581197949,0.6550513764222463,0.001,64,4,2,128,0.1,16,75,0.0,0.1,10,5,0.5,True,42
batch_size,16,104,104,9,0.5915549571976462,0.6375366707642873,0.001,64,4,2,128,0.1,16,75,0.0,0.1,10,5,0.5,True,42
batch_size,16,104,104,10,0.568222193323614,0.684466137488683,0.001,64,4,2,128,0.1,16,75,0.0,0.1,10,5,0.5,True,42
batch_size,16,104,104,11,0.5662073922474574,0.7568924953540166,0.001,64,4,2,128,0.1,16,75,0.0,0.1,10,5,0.5,True,42
batch_size,16,104,104,12,0.5183284894028544,0.6741941610972086,0.001,64,4,2,128,0.1,16,75,0.0,0.1,10,5,0.5,True,42
batch_size,16,104,104,13,0.48315209484598937,0.7630203594764073,0.001,64,4,2,128,0.1,16,75,0.0,0.1,10,5,0.5,True,42
batch_size,16,104,104,14,0.4613850062904249,0.7824722458918889,0.001,64,4,2,128,0.1,16,75,0.0,0.1,10,5,0.5,True,42
batch_size,16,104,104,15,0.44350796864286574,0.8090603868166606,0.001,64,4,2,128,0.1,16,75,0.0,0.1,10,5,0.5,True,42
batch_size,16,105,105,1,0.6977150515005163,0.6804622888565064,0.001,64,4,2,128,0.1,16,75,0.0,0.1,10,5,0.5,True,42
batch_size,16,105,105,2,0.6692787154999069,0.6567185600598653,0.001,64,4,2,128,0.1,16,75,0.0,0.1,10,5,0.5,True,42
batch_size,16,105,105,3,0.6440897135226898,0.6460479418436686,0.001,64,4,2,128,0.1,16,75,0.0,0.1,10,5,0.5,True,42
batch_size,16,105,105,4,0.622582132258796,0.6321052461862564,0.001,64,4,2,128,0.1,16,75,0.0,0.1,10,5,0.5,True,42
batch_size,16,105,105,5,0.6180978098976295,0.6489909430344899,0.001,64,4,2,128,0.1,16,75,0.0,0.1,10,5,0.5,True,42
batch_size,16,105,105,6,0.6069924619487936,0.6429576973120371,0.001,64,4,2,128,0.1,16,75,0.0,0.1,10,5,0.5,True,42
batch_size,16,105,105,7,0.5932609884231262,0.7035127878189087,0.001,64,4,2,128,0.1,16,75,0.0,0.1,10,5,0.5,True,42
batch_size,16,105,105,8,0.5885152820171965,0.6253763437271118,0.001,64,4,2,128,0.1,16,75,0.0,0.1,10,5,0.5,True,42
batch_size,16,105,105,9,0.5757304499131192,0.644663951297601,0.001,64,4,2,128,0.1,16,75,0.0,0.1,10,5,0.5,True,42
batch_size,16,105,105,10,0.566072054348971,0.6542697509129842,0.001,64,4,2,128,0.1,16,75,0.0,0.1,10,5,0.5,True,42
batch_size,16,105,105,11,0.5511855990714447,0.6825859159231186,0.001,64,4,2,128,0.1,16,75,0.0,0.1,10,5,0.5,True,42
batch_size,16,105,105,12,0.5422490264639654,0.696840655306975,0.001,64,4,2,128,0.1,16,75,0.0,0.1,10,5,0.5,True,42
batch_size,16,105,105,13,0.5291286893897184,0.6554293731848398,0.001,64,4,2,128,0.1,16,75,0.0,0.1,10,5,0.5,True,42
batch_size,16,105,105,14,0.5110204286108452,0.6989962081114451,0.001,64,4,2,128,0.1,16,75,0.0,0.1,10,5,0.5,True,42
batch_size,16,105,105,15,0.4558477762080871,0.7149876823027929,0.001,64,4,2,128,0.1,16,75,0.0,0.1,10,5,0.5,True,42
batch_size,16,105,105,16,0.42265046928998634,0.6751628225048383,0.001,64,4,2,128,0.1,16,75,0.0,0.1,10,5,0.5,True,42
batch_size,16,105,105,17,0.3996750605310324,0.7396274854739507,0.001,64,4,2,128,0.1,16,75,0.0,0.1,10,5,0.5,True,42
batch_size,16,105,105,18,0.3766607371913163,0.8337513054410617,0.001,64,4,2,128,0.1,16,75,0.0,0.1,10,5,0.5,True,42
batch_size,16,106,106,1,0.6865038987348289,0.6579975465933482,0.001,64,4,2,128,0.1,16,75,0.0,0.1,10,5,0.5,True,42
batch_size,16,106,106,2,0.6557210765410739,0.6392227490743001,0.001,64,4,2,128,0.1,16,75,0.0,0.1,10,5,0.5,True,42
batch_size,16,106,106,3,0.6367498359752699,0.6253630757331848,0.001,64,4,2,128,0.1,16,75,0.0,0.1,10,5,0.5,True,42
batch_size,16,106,106,4,0.6222720656104868,0.6237618386745453,0.001,64,4,2,128,0.1,16,75,0.0,0.1,10,5,0.5,True,42
batch_size,16,106,106,5,0.6217317127909497,0.6250297755002976,0.001,64,4,2,128,0.1,16,75,0.0,0.1,10,5,0.5,True,42
batch_size,16,106,106,6,0.6069203592525235,0.6180214762687684,0.001,64,4,2,128,0.1,16,75,0.0,0.1,10,5,0.5,True,42
batch_size,16,106,106,7,0.59446691571533,0.6318259288867315,0.001,64,4,2,128,0.1,16,75,0.0,0.1,10,5,0.5,True,42
batch_size,16,106,106,8,0.593721646546411,0.6366975784301758,0.001,64,4,2,128,0.1,16,75,0.0,0.1,10,5,0.5,True,42
batch_size,16,106,106,9,0.5822383514375288,0.6258856743574143,0.001,64,4,2,128,0.1,16,75,0.0,0.1,10,5,0.5,True,42
batch_size,16,106,106,10,0.5669232978566972,0.6464231799046198,0.001,64,4,2,128,0.1,16,75,0.0,0.1,10,5,0.5,True,42
batch_size,16,106,106,11,0.5578563630354268,0.618409181634585,0.001,64,4,2,128,0.1,16,75,0.0,0.1,10,5,0.5,True,42
batch_size,16,106,106,12,0.539540597127871,0.6388864755630493,0.001,64,4,2,128,0.1,16,75,0.0,0.1,10,5,0.5,True,42
batch_size,16,106,106,13,0.4853611987353278,0.6646886815627416,0.001,64,4,2,128,0.1,16,75,0.0,0.1,10,5,0.5,True,42
batch_size,16,106,106,14,0.4583870970250989,0.7101772710680961,0.001,64,4,2,128,0.1,16,75,0.0,0.1,10,5,0.5,True,42
batch_size,16,106,106,15,0.4349261916069023,0.715667869647344,0.001,64,4,2,128,0.1,16,75,0.0,0.1,10,5,0.5,True,42
batch_size,16,106,106,16,0.4131454194226646,0.7491802553335826,0.001,64,4,2,128,0.1,16,75,0.0,0.1,10,5,0.5,True,42
batch_size,16,107,107,1,0.6922862305387345,0.6595076700051625,0.001,64,4,2,128,0.1,16,75,0.0,0.1,10,5,0.5,True,42
batch_size,16,107,107,2,0.6500300762771201,0.615897751847903,0.001,64,4,2,128,0.1,16,75,0.0,0.1,10,5,0.5,True,42
batch_size,16,107,107,3,0.6260878685082772,0.6487073550621668,0.001,64,4,2,128,0.1,16,75,0.0,0.1,10,5,0.5,True,42
batch_size,16,107,107,4,0.620881584773952,0.6405160327752432,0.001,64,4,2,128,0.1,16,75,0.0,0.1,10,5,0.5,True,42
batch_size,16,107,107,5,0.607971854082985,0.6272117704153061,0.001,64,4,2,128,0.1,16,75,0.0,0.1,10,5,0.5,True,42
batch_size,16,107,107,6,0.5970427364450898,0.6497881839672724,0.001,64,4,2,128,0.1,16,75,0.0,0.1,10,5,0.5,True,42
batch_size,16,107,107,7,0.5941846731044493,0.6190780927737554,0.001,64,4,2,128,0.1,16,75,0.0,0.1,10,5,0.5,True,42
batch_size,16,107,107,8,0.5809628654115554,0.6625586847464243,0.001,64,4,2,128,0.1,16,75,0.0,0.1,10,5,0.5,True,42
batch_size,16,107,107,9,0.5474416667970867,0.6421405245860418,0.001,64,4,2,128,0.1,16,75,0.0,0.1,10,5,0.5,True,42
batch_size,16,107,107,10,0.5239233223884278,0.6464836815992991,0.001,64,4,2,128,0.1,16,75,0.0,0.1,10,5,0.5,True,42
batch_size,16,107,107,11,0.511084082575352,0.6985828320185343,0.001,64,4,2,128,0.1,16,75,0.0,0.1,10,5,0.5,True,42
batch_size,16,107,107,12,0.48303620619239007,0.784706394871076,0.001,64,4,2,128,0.1,16,75,0.0,0.1,10,5,0.5,True,42
batch_size,16,108,108,1,0.6868914014486306,0.6614778717358907,0.001,64,4,2,128,0.1,16,75,0.0,0.1,10,5,0.5,True,42
batch_size,16,108,108,2,0.6522766374363193,0.6435677429040273,0.001,64,4,2,128,0.1,16,75,0.0,0.1,10,5,0.5,True,42
batch_size,16,108,108,3,0.6337668784670957,0.6868286142746608,0.001,64,4,2,128,0.1,16,75,0.0,0.1,10,5,0.5,True,42
batch_size,16,108,108,4,0.6264616725789277,0.633668432633082,0.001,64,4,2,128,0.1,16,75,0.0,0.1,10,5,0.5,True,42
batch_size,16,108,108,5,0.6123885686859885,0.6460353851318359,0.001,64,4,2,128,0.1,16,75,0.0,0.1,10,5,0.5,True,42
batch_size,16,108,108,6,0.6002222239517894,0.6508891930182775,0.001,64,4,2,128,0.1,16,75,0.0,0.1,10,5,0.5,True,42
batch_size,16,108,108,7,0.5930548100643738,0.6480899771054586,0.001,64,4,2,128,0.1,16,75,0.0,0.1,10,5,0.5,True,42
batch_size,16,108,108,8,0.5835707422218396,0.7403020391861598,0.001,64,4,2,128,0.1,16,75,0.0,0.1,10,5,0.5,True,42
batch_size,16,108,108,9,0.5745980711264302,0.6930394490559896,0.001,64,4,2,128,0.1,16,75,0.0,0.1,10,5,0.5,True,42
batch_size,16,108,108,10,0.5576180688781883,0.6490999052921931,0.001,64,4,2,128,0.1,16,75,0.0,0.1,10,5,0.5,True,42
batch_size,16,108,108,11,0.5049934987786152,0.7029486656188965,0.001,64,4,2,128,0.1,16,75,0.0,0.1,10,5,0.5,True,42
batch_size,16,108,108,12,0.4828941545558973,0.7337113072474798,0.001,64,4,2,128,0.1,16,75,0.0,0.1,10,5,0.5,True,42
batch_size,16,108,108,13,0.4527207476444571,0.7475099364916483,0.001,64,4,2,128,0.1,16,75,0.0,0.1,10,5,0.5,True,42
batch_size,16,108,108,14,0.43558665265828483,0.838193392753601,0.001,64,4,2,128,0.1,16,75,0.0,0.1,10,5,0.5,True,42
batch_size,32,1,1,1,0.6983710477749506,0.6801814397176107,0.001,64,4,2,128,0.1,32,75,0.0,0.1,10,5,0.5,True,42
batch_size,32,1,1,2,0.6642977179902972,0.6253419081370036,0.001,64,4,2,128,0.1,32,75,0.0,0.1,10,5,0.5,True,42
batch_size,32,1,1,3,0.6426309064933748,0.6010307391484578,0.001,64,4,2,128,0.1,32,75,0.0,0.1,10,5,0.5,True,42
batch_size,32,1,1,4,0.629317934540185,0.6003691573937734,0.001,64,4,2,128,0.1,32,75,0.0,0.1,10,5,0.5,True,42
batch_size,32,1,1,5,0.618244356052442,0.5992075840632121,0.001,64,4,2,128,0.1,32,75,0.0,0.1,10,5,0.5,True,42
batch_size,32,1,1,6,0.599426208346179,0.5898244162400563,0.001,64,4,2,128,0.1,32,75,0.0,0.1,10,5,0.5,True,42
batch_size,32,1,1,7,0.5992757698351686,0.6141722559928894,0.001,64,4,2,128,0.1,32,75,0.0,0.1,10,5,0.5,True,42
batch_size,32,1,1,8,0.5883398356311249,0.6062623798847199,0.001,64,4,2,128,0.1,32,75,0.0,0.1,10,5,0.5,True,42
batch_size,32,1,1,9,0.581445020933946,0.6471331576506297,0.001,64,4,2,128,0.1,32,75,0.0,0.1,10,5,0.5,True,42
batch_size,32,1,1,10,0.5589868665644617,0.6314057886600495,0.001,64,4,2,128,0.1,32,75,0.0,0.1,10,5,0.5,True,42
batch_size,32,1,1,11,0.5463103241089619,0.633171546459198,0.001,64,4,2,128,0.1,32,75,0.0,0.1,10,5,0.5,True,42
batch_size,32,1,1,12,0.536423156207258,0.754336898525556,0.001,64,4,2,128,0.1,32,75,0.0,0.1,10,5,0.5,True,42
batch_size,32,1,1,13,0.4955118533336755,0.7354945242404938,0.001,64,4,2,128,0.1,32,75,0.0,0.1,10,5,0.5,True,42
batch_size,32,1,1,14,0.4646696434779601,0.6759138147036234,0.001,64,4,2,128,0.1,32,75,0.0,0.1,10,5,0.5,True,42
batch_size,32,1,1,15,0.4471845535392111,0.7431494216124217,0.001,64,4,2,128,0.1,32,75,0.0,0.1,10,5,0.5,True,42
batch_size,32,1,1,16,0.4235531520662886,0.7439418792724609,0.001,64,4,2,128,0.1,32,75,0.0,0.1,10,5,0.5,True,42
batch_size,32,2,2,1,0.6974333086700151,0.675220783551534,0.001,64,4,2,128,0.1,32,75,0.0,0.1,10,5,0.5,True,42
batch_size,32,2,2,2,0.6712824232650526,0.6210349559783935,0.001,64,4,2,128,0.1,32,75,0.0,0.1,10,5,0.5,True,42
batch_size,32,2,2,3,0.6530759013963469,0.6076132893562317,0.001,64,4,2,128,0.1,32,75,0.0,0.1,10,5,0.5,True,42
batch_size,32,2,2,4,0.6344642729470225,0.611887663602829,0.001,64,4,2,128,0.1,32,75,0.0,0.1,10,5,0.5,True,42
batch_size,32,2,2,5,0.6247763387633093,0.5975106577078502,0.001,64,4,2,128,0.1,32,75,0.0,0.1,10,5,0.5,True,42
batch_size,32,2,2,6,0.6216970524101546,0.5952775955200196,0.001,64,4,2,128,0.1,32,75,0.0,0.1,10,5,0.5,True,42
batch_size,32,2,2,7,0.6095719016862639,0.5827554484208425,0.001,64,4,2,128,0.1,32,75,0.0,0.1,10,5,0.5,True,42
batch_size,32,2,2,8,0.6090045715823318,0.5843602379163106,0.001,64,4,2,128,0.1,32,75,0.0,0.1,10,5,0.5,True,42
batch_size,32,2,2,9,0.5987928222977754,0.5835541645685832,0.001,64,4,2,128,0.1,32,75,0.0,0.1,10,5,0.5,True,42
batch_size,32,2,2,10,0.5857541581446474,0.589144629240036,0.001,64,4,2,128,0.1,32,75,0.0,0.1,10,5,0.5,True,42
batch_size,32,2,2,11,0.5751935329401132,0.5860896050930023,0.001,64,4,2,128,0.1,32,75,0.0,0.1,10,5,0.5,True,42
batch_size,32,2,2,12,0.5614501612656044,0.6006058474381765,0.001,64,4,2,128,0.1,32,75,0.0,0.1,10,5,0.5,True,42
batch_size,32,2,2,13,0.5467785854231227,0.6089275280634562,0.001,64,4,2,128,0.1,32,75,0.0,0.1,10,5,0.5,True,42
batch_size,32,2,2,14,0.4956732125896396,0.6226810991764069,0.001,64,4,2,128,0.1,32,75,0.0,0.1,10,5,0.5,True,42
batch_size,32,2,2,15,0.4759786388639248,0.6601518313090007,0.001,64,4,2,128,0.1,32,75,0.0,0.1,10,5,0.5,True,42
batch_size,32,2,2,16,0.4501499942306316,0.6788525104522705,0.001,64,4,2,128,0.1,32,75,0.0,0.1,10,5,0.5,True,42
batch_size,32,2,2,17,0.4440834888003089,0.6657280643781026,0.001,64,4,2,128,0.1,32,75,0.0,0.1,10,5,0.5,True,42
batch_size,32,3,3,1,0.6967692226171494,0.6659455458323161,0.001,64,4,2,128,0.1,32,75,0.0,0.1,10,5,0.5,True,42
batch_size,32,3,3,2,0.6618043649377245,0.6057974616686503,0.001,64,4,2,128,0.1,32,75,0.0,0.1,10,5,0.5,True,42
batch_size,32,3,3,3,0.637639198790897,0.6016907115777334,0.001,64,4,2,128,0.1,32,75,0.0,0.1,10,5,0.5,True,42
batch_size,32,3,3,4,0.6369951812155319,0.5869176983833313,0.001,64,4,2,128,0.1,32,75,0.0,0.1,10,5,0.5,True,42
batch_size,32,3,3,5,0.6183795030369903,0.605398166179657,0.001,64,4,2,128,0.1,32,75,0.0,0.1,10,5,0.5,True,42
batch_size,32,3,3,6,0.6192636381496083,0.5934685091177623,0.001,64,4,2,128,0.1,32,75,0.0,0.1,10,5,0.5,True,42
batch_size,32,3,3,7,0.6143876959880193,0.596755055586497,0.001,64,4,2,128,0.1,32,75,0.0,0.1,10,5,0.5,True,42
batch_size,32,3,3,8,0.6012438826940276,0.602469656864802,0.001,64,4,2,128,0.1,32,75,0.0,0.1,10,5,0.5,True,42
batch_size,32,3,3,9,0.5937525934793733,0.5972992261250814,0.001,64,4,2,128,0.1,32,75,0.0,0.1,10,5,0.5,True,42
batch_size,32,3,3,10,0.5790171031699036,0.6120850721995036,0.001,64,4,2,128,0.1,32,75,0.0,0.1,10,5,0.5,True,42
batch_size,32,3,3,11,0.549331444682497,0.5797216316064199,0.001,64,4,2,128,0.1,32,75,0.0,0.1,10,5,0.5,True,42
batch_size,32,3,3,12,0.5317147331255855,0.6175421158472697,0.001,64,4,2,128,0.1,32,75,0.0,0.1,10,5,0.5,True,42
batch_size,32,3,3,13,0.5184214031606009,0.6112204015254974,0.001,64,4,2,128,0.1,32,75,0.0,0.1,10,5,0.5,True,42
batch_size,32,3,3,14,0.5008374680623864,0.6120053887367248,0.001,64,4,2,128,0.1,32,75,0.0,0.1,10,5,0.5,True,42
batch_size,32,3,3,15,0.47979632516702014,0.6297522584597269,0.001,64,4,2,128,0.1,32,75,0.0,0.1,10,5,0.5,True,42
batch_size,32,3,3,16,0.4662104657653606,0.6563287715117136,0.001,64,4,2,128,0.1,32,75,0.0,0.1,10,5,0.5,True,42
batch_size,32,3,3,17,0.45057642008319043,0.6764680683612824,0.001,64,4,2,128,0.1,32,75,0.0,0.1,10,5,0.5,True,42
batch_size,32,3,3,18,0.408529053470402,0.6865355829397838,0.001,64,4,2,128,0.1,32,75,0.0,0.1,10,5,0.5,True,42
batch_size,32,3,3,19,0.3865297529281992,0.7410289625326792,0.001,64,4,2,128,0.1,32,75,0.0,0.1,10,5,0.5,True,42
batch_size,32,3,3,20,0.3678930983173125,0.7390399118264516,0.001,64,4,2,128,0.1,32,75,0.0,0.1,10,5,0.5,True,42
batch_size,32,3,3,21,0.364517503502694,0.7723679184913635,0.001,64,4,2,128,0.1,32,75,0.0,0.1,10,5,0.5,True,42
batch_size,32,4,4,1,0.692892802935658,0.6703029890855153,0.001,64,4,2,128,0.1,32,75,0.0,0.1,10,5,0.5,True,42
batch_size,32,4,4,2,0.6681205571600886,0.6248606642087301,0.001,64,4,2,128,0.1,32,75,0.0,0.1,10,5,0.5,True,42
batch_size,32,4,4,3,0.6418147213531263,0.6088482101758321,0.001,64,4,2,128,0.1,32,75,0.0,0.1,10,5,0.5,True,42
batch_size,32,4,4,4,0.6343350473678473,0.6054029981295268,0.001,64,4,2,128,0.1,32,75,0.0,0.1,10,5,0.5,True,42
batch_size,32,4,4,5,0.61826252418034,0.5982041815916698,0.001,64,4,2,128,0.1,32,75,0.0,0.1,10,5,0.5,True,42
batch_size,32,4,4,6,0.61379166240945,0.6368785878022512,0.001,64,4,2,128,0.1,32,75,0.0,0.1,10,5,0.5,True,42
batch_size,32,4,4,7,0.6066038669510321,0.5925070385138194,0.001,64,4,2,128,0.1,32,75,0.0,0.1,10,5,0.5,True,42
batch_size,32,4,4,8,0.5981396922107899,0.6361788670221965,0.001,64,4,2,128,0.1,32,75,0.0,0.1,10,5,0.5,True,42
batch_size,32,4,4,9,0.5953862870281393,0.5860476195812225,0.001,64,4,2,128,0.1,32,75,0.0,0.1,10,5,0.5,True,42
batch_size,32,4,4,10,0.5816985996383609,0.583334348599116,0.001,64,4,2,128,0.1,32,75,0.0,0.1,10,5,0.5,True,42
batch_size,32,4,4,11,0.5684961507266219,0.5812440236409505,0.001,64,4,2,128,0.1,32,75,0.0,0.1,10,5,0.5,True,42
batch_size,32,4,4,12,0.5619705100402688,0.6043920814990997,0.001,64,4,2,128,0.1,32,75,0.0,0.1,10,5,0.5,True,42
batch_size,32,4,4,13,0.5432678296258955,0.5966945072015126,0.001,64,4,2,128,0.1,32,75,0.0,0.1,10,5,0.5,True,42
batch_size,32,4,4,14,0.5249468103954287,0.6554560522238414,0.001,64,4,2,128,0.1,32,75,0.0,0.1,10,5,0.5,True,42
batch_size,32,4,4,15,0.5172940944180344,0.6530971785386404,0.001,64,4,2,128,0.1,32,75,0.0,0.1,10,5,0.5,True,42
batch_size,32,4,4,16,0.49618928732745576,0.6409805417060852,0.001,64,4,2,128,0.1,32,75,0.0,0.1,10,5,0.5,True,42
batch_size,32,4,4,17,0.4818277070016572,0.6359303653240204,0.001,64,4,2,128,0.1,32,75,0.0,0.1,10,5,0.5,True,42
batch_size,32,4,4,18,0.40640116878079646,0.7932079712549845,0.001,64,4,2,128,0.1,32,75,0.0,0.1,10,5,0.5,True,42
batch_size,32,4,4,19,0.38308343731544237,0.7388312359650929,0.001,64,4,2,128,0.1,32,75,0.0,0.1,10,5,0.5,True,42
batch_size,32,4,4,20,0.36128575253215706,0.8013181467851003,0.001,64,4,2,128,0.1,32,75,0.0,0.1,10,5,0.5,True,42
batch_size,32,4,4,21,0.3281506584449248,0.8536046544710795,0.001,64,4,2,128,0.1,32,75,0.0,0.1,10,5,0.5,True,42
batch_size,32,5,5,1,0.696114765423717,0.6793406049410502,0.001,64,4,2,128,0.1,32,75,0.0,0.1,10,5,0.5,True,42
batch_size,32,5,5,2,0.6748628426681865,0.6631601711114248,0.001,64,4,2,128,0.1,32,75,0.0,0.1,10,5,0.5,True,42
batch_size,32,5,5,3,0.6563387671203325,0.6594447314739227,0.001,64,4,2,128,0.1,32,75,0.0,0.1,10,5,0.5,True,42
batch_size,32,5,5,4,0.6411560173287536,0.6308088183403016,0.001,64,4,2,128,0.1,32,75,0.0,0.1,10,5,0.5,True,42
batch_size,32,5,5,5,0.6210328367623416,0.6574882805347443,0.001,64,4,2,128,0.1,32,75,0.0,0.1,10,5,0.5,True,42
batch_size,32,5,5,6,0.6144420353300644,0.6275818626085917,0.001,64,4,2,128,0.1,32,75,0.0,0.1,10,5,0.5,True,42
batch_size,32,5,5,7,0.5950237562259039,0.6323821266492208,0.001,64,4,2,128,0.1,32,75,0.0,0.1,10,5,0.5,True,42
batch_size,32,5,5,8,0.590982692711281,0.6283816417058309,0.001,64,4,2,128,0.1,32,75,0.0,0.1,10,5,0.5,True,42
batch_size,32,5,5,9,0.5826312795732961,0.6491318146387736,0.001,64,4,2,128,0.1,32,75,0.0,0.1,10,5,0.5,True,42
batch_size,32,5,5,10,0.5660131720430923,0.6692548096179962,0.001,64,4,2,128,0.1,32,75,0.0,0.1,10,5,0.5,True,42
batch_size,32,5,5,11,0.553595232918407,0.6842669705549876,0.001,64,4,2,128,0.1,32,75,0.0,0.1,10,5,0.5,True,42
batch_size,32,5,5,12,0.5382470635302139,0.6769060254096985,0.001,64,4,2,128,0.1,32,75,0.0,0.1,10,5,0.5,True,42
batch_size,32,5,5,13,0.4906920718424248,0.7238747616608937,0.001,64,4,2,128,0.1,32,75,0.0,0.1,10,5,0.5,True,42
batch_size,32,5,5,14,0.46606529413750675,0.7640058199564616,0.001,64,4,2,128,0.1,32,75,0.0,0.1,10,5,0.5,True,42
batch_size,32,5,5,15,0.4478840401226824,0.8277829726537068,0.001,64,4,2,128,0.1,32,75,0.0,0.1,10,5,0.5,True,42
batch_size,32,5,5,16,0.43553602876085223,0.8233884652455647,0.001,64,4,2,128,0.1,32,75,0.0,0.1,10,5,0.5,True,42
batch_size,32,6,6,1,0.6969417035579681,0.6888991673787435,0.001,64,4,2,128,0.1,32,75,0.0,0.1,10,5,0.5,True,42
batch_size,32,6,6,2,0.6699757232810511,0.6406658490498861,0.001,64,4,2,128,0.1,32,75,0.0,0.1,10,5,0.5,True,42
batch_size,32,6,6,3,0.653299656329733,0.6192675828933716,0.001,64,4,2,128,0.1,32,75,0.0,0.1,10,5,0.5,True,42
batch_size,32,6,6,4,0.637955575278311,0.6136831879615784,0.001,64,4,2,128,0.1,32,75,0.0,0.1,10,5,0.5,True,42
batch_size,32,6,6,5,0.6238632172797666,0.6122688154379526,0.001,64,4,2,128,0.1,32,75,0.0,0.1,10,5,0.5,True,42
batch_size,32,6,6,6,0.6121204974073352,0.6094177146752675,0.001,64,4,2,128,0.1,32,75,0.0,0.1,10,5,0.5,True,42
batch_size,32,6,6,7,0.6051261628215964,0.6047922352949778,0.001,64,4,2,128,0.1,32,75,0.0,0.1,10,5,0.5,True,42
batch_size,32,6,6,8,0.5940854754863363,0.6335599104563395,0.001,64,4,2,128,0.1,32,75,0.0,0.1,10,5,0.5,True,42
batch_size,32,6,6,9,0.5841768458485603,0.6484183092912038,0.001,64,4,2,128,0.1,32,75,0.0,0.1,10,5,0.5,True,42
batch_size,32,6,6,10,0.5768762531154084,0.6288069486618042,0.001,64,4,2,128,0.1,32,75,0.0,0.1,10,5,0.5,True,42
batch_size,32,6,6,11,0.559569131695863,0.6102969328562419,0.001,64,4,2,128,0.1,32,75,0.0,0.1,10,5,0.5,True,42
batch_size,32,6,6,12,0.5447674666841825,0.6273008743921916,0.001,64,4,2,128,0.1,32,75,0.0,0.1,10,5,0.5,True,42
batch_size,32,6,6,13,0.5242591482220273,0.7045672118663788,0.001,64,4,2,128,0.1,32,75,0.0,0.1,10,5,0.5,True,42
batch_size,32,6,6,14,0.46584708085565857,0.795708425839742,0.001,64,4,2,128,0.1,32,75,0.0,0.1,10,5,0.5,True,42
batch_size,32,6,6,15,0.449234036107858,0.7253646433353425,0.001,64,4,2,128,0.1,32,75,0.0,0.1,10,5,0.5,True,42
batch_size,32,6,6,16,0.4185362560956767,0.7366243580977122,0.001,64,4,2,128,0.1,32,75,0.0,0.1,10,5,0.5,True,42
batch_size,32,6,6,17,0.400769301210389,0.7930857181549072,0.001,64,4,2,128,0.1,32,75,0.0,0.1,10,5,0.5,True,42
batch_size,32,7,7,1,0.6951560504508741,0.6738236506779989,0.001,64,4,2,128,0.1,32,75,0.0,0.1,10,5,0.5,True,42
batch_size,32,7,7,2,0.6745447809949066,0.6526654799779256,0.001,64,4,2,128,0.1,32,75,0.0,0.1,10,5,0.5,True,42
batch_size,32,7,7,3,0.6504786705428903,0.6235479434331258,0.001,64,4,2,128,0.1,32,75,0.0,0.1,10,5,0.5,True,42
batch_size,32,7,7,4,0.6401988493673729,0.5930339694023132,0.001,64,4,2,128,0.1,32,75,0.0,0.1,10,5,0.5,True,42
batch_size,32,7,7,5,0.6336377583669893,0.613321449359258,0.001,64,4,2,128,0.1,32,75,0.0,0.1,10,5,0.5,True,42
batch_size,32,7,7,6,0.6163315131808772,0.602878721555074,0.001,64,4,2,128,0.1,32,75,0.0,0.1,10,5,0.5,True,42
batch_size,32,7,7,7,0.6115763338677811,0.5941678623358408,0.001,64,4,2,128,0.1,32,75,0.0,0.1,10,5,0.5,True,42
batch_size,32,7,7,8,0.5950188171682935,0.6034390608469645,0.001,64,4,2,128,0.1,32,75,0.0,0.1,10,5,0.5,True,42
batch_size,32,7,7,9,0.5897257057103243,0.641325996319453,0.001,64,4,2,128,0.1,32,75,0.0,0.1,10,5,0.5,True,42
batch_size,32,7,7,10,0.580067092044787,0.6258972922960917,0.001,64,4,2,128,0.1,32,75,0.0,0.1,10,5,0.5,True,42
batch_size,32,7,7,11,0.5379050252112475,0.6338742176691691,0.001,64,4,2,128,0.1,32,75,0.0,0.1,10,5,0.5,True,42
batch_size,32,7,7,12,0.5202585612282609,0.6177687009175619,0.001,64,4,2,128,0.1,32,75,0.0,0.1,10,5,0.5,True,42
batch_size,32,7,7,13,0.49610764928387874,0.6636040568351745,0.001,64,4,2,128,0.1,32,75,0.0,0.1,10,5,0.5,True,42
batch_size,32,7,7,14,0.4848606036693761,0.6893403073151906,0.001,64,4,2,128,0.1,32,75,0.0,0.1,10,5,0.5,True,42
batch_size,32,8,8,1,0.6977371866955902,0.6784538586934408,0.001,64,4,2,128,0.1,32,75,0.0,0.1,10,5,0.5,True,42
batch_size,32,8,8,2,0.6622371989669222,0.6599138637383779,0.001,64,4,2,128,0.1,32,75,0.0,0.1,10,5,0.5,True,42
batch_size,32,8,8,3,0.6447096232211951,0.6203011890252431,0.001,64,4,2,128,0.1,32,75,0.0,0.1,10,5,0.5,True,42
batch_size,32,8,8,4,0.6224067958466935,0.6193708181381226,0.001,64,4,2,128,0.1,32,75,0.0,0.1,10,5,0.5,True,42
batch_size,32,8,8,5,0.6066210105112104,0.6424512843290965,0.001,64,4,2,128,0.1,32,75,0.0,0.1,10,5,0.5,True,42
batch_size,32,8,8,6,0.6084643724289808,0.6016927937666575,0.001,64,4,2,128,0.1,32,75,0.0,0.1,10,5,0.5,True,42
batch_size,32,8,8,7,0.6005049657189485,0.6412622312704722,0.001,64,4,2,128,0.1,32,75,0.0,0.1,10,5,0.5,True,42
batch_size,32,8,8,8,0.5962910697315679,0.6071893831094106,0.001,64,4,2,128,0.1,32,75,0.0,0.1,10,5,0.5,True,42
batch_size,32,8,8,9,0.5807131856228366,0.6303999662399292,0.001,64,4,2,128,0.1,32,75,0.0,0.1,10,5,0.5,True,42
batch_size,32,8,8,10,0.5692124658010222,0.6187119364738465,0.001,64,4,2,128,0.1,32,75,0.0,0.1,10,5,0.5,True,42
batch_size,32,8,8,11,0.560645946273298,0.6442439615726471,0.001,64,4,2,128,0.1,32,75,0.0,0.1,10,5,0.5,True,42
batch_size,32,8,8,12,0.5430057428099893,0.6880787571271261,0.001,64,4,2,128,0.1,32,75,0.0,0.1,10,5,0.5,True,42
batch_size,32,8,8,13,0.5014829990087133,0.6800866425037384,0.001,64,4,2,128,0.1,32,75,0.0,0.1,10,5,0.5,True,42
batch_size,32,8,8,14,0.4845031608234752,0.6850558439890544,0.001,64,4,2,128,0.1,32,75,0.0,0.1,10,5,0.5,True,42
batch_size,32,8,8,15,0.4760119504097736,0.6539837161699931,0.001,64,4,2,128,0.1,32,75,0.0,0.1,10,5,0.5,True,42
batch_size,32,8,8,16,0.4604237208312208,0.6579081932703654,0.001,64,4,2,128,0.1,32,75,0.0,0.1,10,5,0.5,True,42
batch_size,32,9,9,1,0.6965046949458845,0.6663431803385417,0.001,64,4,2,128,0.1,32,75,0.0,0.1,10,5,0.5,True,42
batch_size,32,9,9,2,0.6610151667034987,0.6173586845397949,0.001,64,4,2,128,0.1,32,75,0.0,0.1,10,5,0.5,True,42
batch_size,32,9,9,3,0.6453989412296902,0.6283193290233612,0.001,64,4,2,128,0.1,32,75,0.0,0.1,10,5,0.5,True,42
batch_size,32,9,9,4,0.6301376704465259,0.6061715265115102,0.001,64,4,2,128,0.1,32,75,0.0,0.1,10,5,0.5,True,42
batch_size,32,9,9,5,0.613893939012831,0.596725610891978,0.001,64,4,2,128,0.1,32,75,0.0,0.1,10,5,0.5,True,42
batch_size,32,9,9,6,0.612331279299476,0.5873261749744415,0.001,64,4,2,128,0.1,32,75,0.0,0.1,10,5,0.5,True,42
batch_size,32,9,9,7,0.6057413690017931,0.603281541665395,0.001,64,4,2,128,0.1,32,75,0.0,0.1,10,5,0.5,True,42
batch_size,32,9,9,8,0.59119777855548,0.6117917815844218,0.001,64,4,2,128,0.1,32,75,0.0,0.1,10,5,0.5,True,42
batch_size,32,9,9,9,0.5738503664280429,0.6202456772327423,0.001,64,4,2,128,0.1,32,75,0.0,0.1,10,5,0.5,True,42
batch_size,32,9,9,10,0.5608118670907888,0.772134526570638,0.001,64,4,2,128,0.1,32,75,0.0,0.1,10,5,0.5,True,42
batch_size,32,9,9,11,0.5472224851449331,0.6932818710803985,0.001,64,4,2,128,0.1,32,75,0.0,0.1,10,5,0.5,True,42
batch_size,32,9,9,12,0.5462942441756075,0.6578198313713074,0.001,64,4,2,128,0.1,32,75,0.0,0.1,10,5,0.5,True,42
batch_size,32,9,9,13,0.48388165777379816,0.6512383460998535,0.001,64,4,2,128,0.1,32,75,0.0,0.1,10,5,0.5,True,42
batch_size,32,9,9,14,0.4561112631451,0.6805225511391958,0.001,64,4,2,128,0.1,32,75,0.0,0.1,10,5,0.5,True,42
batch_size,32,9,9,15,0.4412290633402087,0.6928961594899495,0.001,64,4,2,128,0.1,32,75,0.0,0.1,10,5,0.5,True,42
batch_size,32,9,9,16,0.4167565434719577,0.7101662298043568,0.001,64,4,2,128,0.1,32,75,0.0,0.1,10,5,0.5,True,42
batch_size,32,10,10,1,0.6816415949301287,0.6444769740104676,0.001,64,4,2,128,0.1,32,75,0.0,0.1,10,5,0.5,True,42
batch_size,32,10,10,2,0.6559825088038589,0.6809158662954966,0.001,64,4,2,128,0.1,32,75,0.0,0.1,10,5,0.5,True,42
batch_size,32,10,10,3,0.6453369228225766,0.6216925501823425,0.001,64,4,2,128,0.1,32,75,0.0,0.1,10,5,0.5,True,42
batch_size,32,10,10,4,0.6305744537349903,0.6015779813130696,0.001,64,4,2,128,0.1,32,75,0.0,0.1,10,5,0.5,True,42
batch_size,32,10,10,5,0.6219904777227026,0.6131706416606904,0.001,64,4,2,128,0.1,32,75,0.0,0.1,10,5,0.5,True,42
batch_size,32,10,10,6,0.6167046163569797,0.5974813222885131,0.001,64,4,2,128,0.1,32,75,0.0,0.1,10,5,0.5,True,42
batch_size,32,10,10,7,0.6073518885356007,0.6127403716246287,0.001,64,4,2,128,0.1,32,75,0.0,0.1,10,5,0.5,True,42
batch_size,32,10,10,8,0.5935712926315538,0.6167878985404969,0.001,64,4,2,128,0.1,32,75,0.0,0.1,10,5,0.5,True,42
batch_size,32,10,10,9,0.5967440151355483,0.6104812542597453,0.001,64,4,2,128,0.1,32,75,0.0,0.1,10,5,0.5,True,42
batch_size,32,10,10,10,0.583046889666355,0.6134401222070058,0.001,64,4,2,128,0.1,32,75,0.0,0.1,10,5,0.5,True,42
batch_size,32,10,10,11,0.5705620431990335,0.6946508884429932,0.001,64,4,2,128,0.1,32,75,0.0,0.1,10,5,0.5,True,42
batch_size,32,10,10,12,0.5526238957589323,0.632953284184138,0.001,64,4,2,128,0.1,32,75,0.0,0.1,10,5,0.5,True,42
batch_size,32,10,10,13,0.5163663167393568,0.682877105474472,0.001,64,4,2,128,0.1,32,75,0.0,0.1,10,5,0.5,True,42
batch_size,32,10,10,14,0.5056581446392969,0.7015341659386952,0.001,64,4,2,128,0.1,32,75,0.0,0.1,10,5,0.5,True,42
batch_size,32,10,10,15,0.48295388461062405,0.7276560068130493,0.001,64,4,2,128,0.1,32,75,0.0,0.1,10,5,0.5,True,42
batch_size,32,10,10,16,0.47015388197068014,0.7097547034422557,0.001,64,4,2,128,0.1,32,75,0.0,0.1,10,5,0.5,True,42
batch_size,32,11,11,1,0.6945477606672229,0.7038478672504425,0.001,64,4,2,128,0.1,32,75,0.0,0.1,10,5,0.5,True,42
batch_size,32,11,11,2,0.6704314364628359,0.7040936589241028,0.001,64,4,2,128,0.1,32,75,0.0,0.1,10,5,0.5,True,42
batch_size,32,11,11,3,0.6505485732447017,0.6023243069648743,0.001,64,4,2,128,0.1,32,75,0.0,0.1,10,5,0.5,True,42
batch_size,32,11,11,4,0.6362008560787548,0.5959884703159333,0.001,64,4,2,128,0.1,32,75,0.0,0.1,10,5,0.5,True,42
batch_size,32,11,11,5,0.6298197435610222,0.5862782239913941,0.001,64,4,2,128,0.1,32,75,0.0,0.1,10,5,0.5,True,42
batch_size,32,11,11,6,0.6143219820929297,0.5751847585042318,0.001,64,4,2,128,0.1,32,75,0.0,0.1,10,5,0.5,True,42
batch_size,32,11,11,7,0.6071769927035678,0.5928879539171855,0.001,64,4,2,128,0.1,32,75,0.0,0.1,10,5,0.5,True,42
batch_size,32,11,11,8,0.6032966309876153,0.5729673107465109,0.001,64,4,2,128,0.1,32,75,0.0,0.1,10,5,0.5,True,42
batch_size,32,11,11,9,0.5946099631714098,0.5935205678145091,0.001,64,4,2,128,0.1,32,75,0.0,0.1,10,5,0.5,True,42
batch_size,32,11,11,10,0.5787391156861277,0.5972961584726969,0.001,64,4,2,128,0.1,32,75,0.0,0.1,10,5,0.5,True,42
batch_size,32,11,11,11,0.5669375256155477,0.6066534181435903,0.001,64,4,2,128,0.1,32,75,0.0,0.1,10,5,0.5,True,42
batch_size,32,11,11,12,0.5594319272221941,0.623688546816508,0.001,64,4,2,128,0.1,32,75,0.0,0.1,10,5,0.5,True,42
batch_size,32,11,11,13,0.5473348728635095,0.5809551735719045,0.001,64,4,2,128,0.1,32,75,0.0,0.1,10,5,0.5,True,42
batch_size,32,11,11,14,0.5385237020073514,0.6084513445695241,0.001,64,4,2,128,0.1,32,75,0.0,0.1,10,5,0.5,True,42
batch_size,32,11,11,15,0.4831236499277028,0.6767015178998311,0.001,64,4,2,128,0.1,32,75,0.0,0.1,10,5,0.5,True,42
batch_size,32,11,11,16,0.45640862733125687,0.6916394114494324,0.001,64,4,2,128,0.1,32,75,0.0,0.1,10,5,0.5,True,42
batch_size,32,11,11,17,0.43045516018614627,0.7334965864817301,0.001,64,4,2,128,0.1,32,75,0.0,0.1,10,5,0.5,True,42
batch_size,32,11,11,18,0.4107544712270751,0.7713825603326162,0.001,64,4,2,128,0.1,32,75,0.0,0.1,10,5,0.5,True,42
batch_size,32,12,12,1,0.6918364867116465,0.6633775273958842,0.001,64,4,2,128,0.1,32,75,0.0,0.1,10,5,0.5,True,42
batch_size,32,12,12,2,0.6762701747092333,0.6608476996421814,0.001,64,4,2,128,0.1,32,75,0.0,0.1,10,5,0.5,True,42
batch_size,32,12,12,3,0.6662855030912341,0.6422247409820556,0.001,64,4,2,128,0.1,32,75,0.0,0.1,10,5,0.5,True,42
batch_size,32,12,12,4,0.6453323431990363,0.6268992284933727,0.001,64,4,2,128,0.1,32,75,0.0,0.1,10,5,0.5,True,42
batch_size,32,12,12,5,0.6330690681934357,0.6343599359194437,0.001,64,4,2,128,0.1,32,75,0.0,0.1,10,5,0.5,True,42
batch_size,32,12,12,6,0.6212972447727666,0.6947244226932525,0.001,64,4,2,128,0.1,32,75,0.0,0.1,10,5,0.5,True,42
batch_size,32,12,12,7,0.6177931306037036,0.6084048469861348,0.001,64,4,2,128,0.1,32,75,0.0,0.1,10,5,0.5,True,42
batch_size,32,12,12,8,0.6004071294358282,0.61277982989947,0.001,64,4,2,128,0.1,32,75,0.0,0.1,10,5,0.5,True,42
batch_size,32,12,12,9,0.588527855999542,0.6173532565434774,0.001,64,4,2,128,0.1,32,75,0.0,0.1,10,5,0.5,True,42
batch_size,32,12,12,10,0.5828279744495045,0.6178946654001872,0.001,64,4,2,128,0.1,32,75,0.0,0.1,10,5,0.5,True,42
batch_size,32,12,12,11,0.5714008568814306,0.6360408226648967,0.001,64,4,2,128,0.1,32,75,0.0,0.1,10,5,0.5,True,42
batch_size,32,12,12,12,0.55844261971387,0.6389953394730886,0.001,64,4,2,128,0.1,32,75,0.0,0.1,10,5,0.5,True,42
batch_size,32,12,12,13,0.5458530632383896,0.6518835961818695,0.001,64,4,2,128,0.1,32,75,0.0,0.1,10,5,0.5,True,42
batch_size,32,12,12,14,0.4980423497882756,0.68111479083697,0.001,64,4,2,128,0.1,32,75,0.0,0.1,10,5,0.5,True,42
batch_size,32,12,12,15,0.47632528683452896,0.6848772307236989,0.001,64,4,2,128,0.1,32,75,0.0,0.1,10,5,0.5,True,42
batch_size,32,12,12,16,0.43431992332140607,0.7875914831956228,0.001,64,4,2,128,0.1,32,75,0.0,0.1,10,5,0.5,True,42
batch_size,32,12,12,17,0.4281525229188529,0.7608361681302388,0.001,64,4,2,128,0.1,32,75,0.0,0.1,10,5,0.5,True,42
batch_size,32,13,13,1,0.6956719869013989,0.6632652878761292,0.001,64,4,2,128,0.1,32,75,0.0,0.1,10,5,0.5,True,42
batch_size,32,13,13,2,0.6635494028980081,0.6513918658097585,0.001,64,4,2,128,0.1,32,75,0.0,0.1,10,5,0.5,True,42
batch_size,32,13,13,3,0.6567043729803779,0.6575764179229736,0.001,64,4,2,128,0.1,32,75,0.0,0.1,10,5,0.5,True,42
batch_size,32,13,13,4,0.6404790246125424,0.6282536387443542,0.001,64,4,2,128,0.1,32,75,0.0,0.1,10,5,0.5,True,42
batch_size,32,13,13,5,0.6283255774866451,0.6261817197004954,0.001,64,4,2,128,0.1,32,75,0.0,0.1,10,5,0.5,True,42
batch_size,32,13,13,6,0.6120389528346785,0.6260046581427257,0.001,64,4,2,128,0.1,32,75,0.0,0.1,10,5,0.5,True,42
batch_size,32,13,13,7,0.605694462855657,0.6020538349946339,0.001,64,4,2,128,0.1,32,75,0.0,0.1,10,5,0.5,True,42
batch_size,32,13,13,8,0.6016984532276789,0.6132777094841003,0.001,64,4,2,128,0.1,32,75,0.0,0.1,10,5,0.5,True,42
batch_size,32,13,13,9,0.5919205237067107,0.6127796987692515,0.001,64,4,2,128,0.1,32,75,0.0,0.1,10,5,0.5,True,42
batch_size,32,13,13,10,0.5843505301710331,0.6051359196503957,0.001,64,4,2,128,0.1,32,75,0.0,0.1,10,5,0.5,True,42
batch_size,32,13,13,11,0.5597776691570426,0.6662524123986562,0.001,64,4,2,128,0.1,32,75,0.0,0.1,10,5,0.5,True,42
batch_size,32,13,13,12,0.5654499178582971,0.6312541941801707,0.001,64,4,2,128,0.1,32,75,0.0,0.1,10,5,0.5,True,42
batch_size,32,13,13,13,0.5402622331272472,0.6692584137121836,0.001,64,4,2,128,0.1,32,75,0.0,0.1,10,5,0.5,True,42
batch_size,32,13,13,14,0.4937847954305736,0.697875459988912,0.001,64,4,2,128,0.1,32,75,0.0,0.1,10,5,0.5,True,42
batch_size,32,13,13,15,0.4628241098288334,0.7284686883290609,0.001,64,4,2,128,0.1,32,75,0.0,0.1,10,5,0.5,True,42
batch_size,32,13,13,16,0.44023745744065806,0.7174004971981048,0.001,64,4,2,128,0.1,32,75,0.0,0.1,10,5,0.5,True,42
batch_size,32,13,13,17,0.4247780673657403,0.7472243070602417,0.001,64,4,2,128,0.1,32,75,0.0,0.1,10,5,0.5,True,42
batch_size,32,14,14,1,0.6840624768625606,0.6709125101566314,0.001,64,4,2,128,0.1,32,75,0.0,0.1,10,5,0.5,True,42
batch_size,32,14,14,2,0.6610447552168008,0.6574619730313619,0.001,64,4,2,128,0.1,32,75,0.0,0.1,10,5,0.5,True,42
batch_size,32,14,14,3,0.6363824077627875,0.6233978271484375,0.001,64,4,2,128,0.1,32,75,0.0,0.1,10,5,0.5,True,42
batch_size,32,14,14,4,0.6182572306557135,0.6098225196202596,0.001,64,4,2,128,0.1,32,75,0.0,0.1,10,5,0.5,True,42
batch_size,32,14,14,5,0.6169747364791957,0.6044869860013325,0.001,64,4,2,128,0.1,32,75,0.0,0.1,10,5,0.5,True,42
batch_size,32,14,14,6,0.6042893969199874,0.6542782843112945,0.001,64,4,2,128,0.1,32,75,0.0,0.1,10,5,0.5,True,42
batch_size,32,14,14,7,0.5965564370606885,0.5897486408551534,0.001,64,4,2,128,0.1,32,75,0.0,0.1,10,5,0.5,True,42
batch_size,32,14,14,8,0.5850430751840273,0.6048953413963318,0.001,64,4,2,128,0.1,32,75,0.0,0.1,10,5,0.5,True,42
batch_size,32,14,14,9,0.5636466906377764,0.6657968839009603,0.001,64,4,2,128,0.1,32,75,0.0,0.1,10,5,0.5,True,42
batch_size,32,14,14,10,0.5472435203917099,0.5861928820610046,0.001,64,4,2,128,0.1,32,75,0.0,0.1,10,5,0.5,True,42
batch_size,32,14,14,11,0.5311114261999275,0.6293219109376271,0.001,64,4,2,128,0.1,32,75,0.0,0.1,10,5,0.5,True,42
batch_size,32,14,14,12,0.5202552323991602,0.6456669330596924,0.001,64,4,2,128,0.1,32,75,0.0,0.1,10,5,0.5,True,42
batch_size,32,14,14,13,0.4952928554831129,0.6423705677191417,0.001,64,4,2,128,0.1,32,75,0.0,0.1,10,5,0.5,True,42
batch_size,32,14,14,14,0.47183085526480817,0.7109852433204651,0.001,64,4,2,128,0.1,32,75,0.0,0.1,10,5,0.5,True,42
batch_size,32,14,14,15,0.457016925017039,0.6566671073436737,0.001,64,4,2,128,0.1,32,75,0.0,0.1,10,5,0.5,True,42
batch_size,32,14,14,16,0.4314233191085584,0.6878183702627818,0.001,64,4,2,128,0.1,32,75,0.0,0.1,10,5,0.5,True,42
batch_size,32,14,14,17,0.3646096686522166,0.7857190827528636,0.001,64,4,2,128,0.1,32,75,0.0,0.1,10,5,0.5,True,42
batch_size,32,14,14,18,0.32604664891506685,0.8323357582092286,0.001,64,4,2,128,0.1,32,75,0.0,0.1,10,5,0.5,True,42
batch_size,32,14,14,19,0.31248914004501066,0.9407106320063273,0.001,64,4,2,128,0.1,32,75,0.0,0.1,10,5,0.5,True,42
batch_size,32,14,14,20,0.2867056463816852,0.9926677147547404,0.001,64,4,2,128,0.1,32,75,0.0,0.1,10,5,0.5,True,42
batch_size,32,15,15,1,0.6956850159348864,0.6783848245938618,0.001,64,4,2,128,0.1,32,75,0.0,0.1,10,5,0.5,True,42
batch_size,32,15,15,2,0.6642284777128336,0.6203791658083598,0.001,64,4,2,128,0.1,32,75,0.0,0.1,10,5,0.5,True,42
batch_size,32,15,15,3,0.6450171258413431,0.624349319934845,0.001,64,4,2,128,0.1,32,75,0.0,0.1,10,5,0.5,True,42
batch_size,32,15,15,4,0.6379690685055472,0.6104588747024536,0.001,64,4,2,128,0.1,32,75,0.0,0.1,10,5,0.5,True,42
batch_size,32,15,15,5,0.6184803701259873,0.5805075844128926,0.001,64,4,2,128,0.1,32,75,0.0,0.1,10,5,0.5,True,42
batch_size,32,15,15,6,0.6120252835028099,0.5923677126566569,0.001,64,4,2,128,0.1,32,75,0.0,0.1,10,5,0.5,True,42
batch_size,32,15,15,7,0.5993218871228623,0.6028536637624105,0.001,64,4,2,128,0.1,32,75,0.0,0.1,10,5,0.5,True,42
batch_size,32,15,15,8,0.5889958567691572,0.6059859355290731,0.001,64,4,2,128,0.1,32,75,0.0,0.1,10,5,0.5,True,42
batch_size,32,15,15,9,0.5757396970734452,0.591927953561147,0.001,64,4,2,128,0.1,32,75,0.0,0.1,10,5,0.5,True,42
batch_size,32,15,15,10,0.5714623201074023,0.6329873929421107,0.001,64,4,2,128,0.1,32,75,0.0,0.1,10,5,0.5,True,42
batch_size,32,15,15,11,0.5496202937581323,0.610424546400706,0.001,64,4,2,128,0.1,32,75,0.0,0.1,10,5,0.5,True,42
batch_size,32,15,15,12,0.5061557613538973,0.6464489181836446,0.001,64,4,2,128,0.1,32,75,0.0,0.1,10,5,0.5,True,42
batch_size,32,15,15,13,0.4818272642565496,0.6148661533991496,0.001,64,4,2,128,0.1,32,75,0.0,0.1,10,5,0.5,True,42
batch_size,32,15,15,14,0.4632761345216722,0.662664125363032,0.001,64,4,2,128,0.1,32,75,0.0,0.1,10,5,0.5,True,42
batch_size,32,15,15,15,0.44775184537425183,0.7018517831961314,0.001,64,4,2,128,0.1,32,75,0.0,0.1,10,5,0.5,True,42
batch_size,32,16,16,1,0.6907660071596955,0.6681349198023478,0.001,64,4,2,128,0.1,32,75,0.0,0.1,10,5,0.5,True,42
batch_size,32,16,16,2,0.6588873660022562,0.6949044605096181,0.001,64,4,2,128,0.1,32,75,0.0,0.1,10,5,0.5,True,42
batch_size,32,16,16,3,0.6500125847982637,0.6600814024607341,0.001,64,4,2,128,0.1,32,75,0.0,0.1,10,5,0.5,True,42
batch_size,32,16,16,4,0.6259544171167143,0.6284119029839833,0.001,64,4,2,128,0.1,32,75,0.0,0.1,10,5,0.5,True,42
batch_size,32,16,16,5,0.6113801993655436,0.6258354683717092,0.001,64,4,2,128,0.1,32,75,0.0,0.1,10,5,0.5,True,42
batch_size,32,16,16,6,0.6092487519437616,0.6182389616966247,0.001,64,4,2,128,0.1,32,75,0.0,0.1,10,5,0.5,True,42
batch_size,32,16,16,7,0.592272428852139,0.614594833056132,0.001,64,4,2,128,0.1,32,75,0.0,0.1,10,5,0.5,True,42
batch_size,32,16,16,8,0.588737160644748,0.6152658939361573,0.001,64,4,2,128,0.1,32,75,0.0,0.1,10,5,0.5,True,42
batch_size,32,16,16,9,0.5794654344067429,0.6314584732055664,0.001,64,4,2,128,0.1,32,75,0.0,0.1,10,5,0.5,True,42
batch_size,32,16,16,10,0.5711752607515364,0.6621024171511333,0.001,64,4,2,128,0.1,32,75,0.0,0.1,10,5,0.5,True,42
batch_size,32,16,16,11,0.557776626989697,0.6422213117281595,0.001,64,4,2,128,0.1,32,75,0.0,0.1,10,5,0.5,True,42
batch_size,32,16,16,12,0.5499992420276006,0.6666120211283366,0.001,64,4,2,128,0.1,32,75,0.0,0.1,10,5,0.5,True,42
batch_size,32,16,16,13,0.533010860961495,0.6598593592643738,0.001,64,4,2,128,0.1,32,75,0.0,0.1,10,5,0.5,True,42
batch_size,32,16,16,14,0.48844502053477545,0.6819310069084168,0.001,64,4,2,128,0.1,32,75,0.0,0.1,10,5,0.5,True,42
batch_size,32,16,16,15,0.4708208525271127,0.752850870291392,0.001,64,4,2,128,0.1,32,75,0.0,0.1,10,5,0.5,True,42
batch_size,32,16,16,16,0.4516873630610379,0.8350757996241251,0.001,64,4,2,128,0.1,32,75,0.0,0.1,10,5,0.5,True,42
batch_size,32,16,16,17,0.4353207122873176,0.8052827715873718,0.001,64,4,2,128,0.1,32,75,0.0,0.1,10,5,0.5,True,42
batch_size,32,17,17,1,0.6978984109380029,0.6870962421099345,0.001,64,4,2,128,0.1,32,75,0.0,0.1,10,5,0.5,True,42
batch_size,32,17,17,2,0.6659955152056434,0.6786471982796987,0.001,64,4,2,128,0.1,32,75,0.0,0.1,10,5,0.5,True,42
batch_size,32,17,17,3,0.6368456207441561,0.6400587101777394,0.001,64,4,2,128,0.1,32,75,0.0,0.1,10,5,0.5,True,42
batch_size,32,17,17,4,0.6328496461113294,0.6244651754697164,0.001,64,4,2,128,0.1,32,75,0.0,0.1,10,5,0.5,True,42
batch_size,32,17,17,5,0.6135450630928531,0.6281922062238058,0.001,64,4,2,128,0.1,32,75,0.0,0.1,10,5,0.5,True,42
batch_size,32,17,17,6,0.6037266466653708,0.6174794614315033,0.001,64,4,2,128,0.1,32,75,0.0,0.1,10,5,0.5,True,42
batch_size,32,17,17,7,0.5969440679658543,0.6844031353791554,0.001,64,4,2,128,0.1,32,75,0.0,0.1,10,5,0.5,True,42
batch_size,32,17,17,8,0.5810855320005706,0.6244009991486867,0.001,64,4,2,128,0.1,32,75,0.0,0.1,10,5,0.5,True,42
batch_size,32,17,17,9,0.5636073073202913,0.6371155261993409,0.001,64,4,2,128,0.1,32,75,0.0,0.1,10,5,0.5,True,42
batch_size,32,17,17,10,0.5690577242410544,0.6323323607444763,0.001,64,4,2,128,0.1,32,75,0.0,0.1,10,5,0.5,True,42
batch_size,32,17,17,11,0.5570585438699434,0.6547740002473196,0.001,64,4,2,128,0.1,32,75,0.0,0.1,10,5,0.5,True,42
batch_size,32,17,17,12,0.5346412645144896,0.6932554344336191,0.001,64,4,2,128,0.1,32,75,0.0,0.1,10,5,0.5,True,42
batch_size,32,17,17,13,0.5002421808965278,0.6923305988311768,0.001,64,4,2,128,0.1,32,75,0.0,0.1,10,5,0.5,True,42
batch_size,32,17,17,14,0.4651639919840928,0.6877412060896556,0.001,64,4,2,128,0.1,32,75,0.0,0.1,10,5,0.5,True,42
batch_size,32,17,17,15,0.4570381225961627,0.7125967880090077,0.001,64,4,2,128,0.1,32,75,0.0,0.1,10,5,0.5,True,42
batch_size,32,17,17,16,0.42295907505533914,0.7833839813868205,0.001,64,4,2,128,0.1,32,75,0.0,0.1,10,5,0.5,True,42
batch_size,32,18,18,1,0.6917487789284099,0.6700960675875346,0.001,64,4,2,128,0.1,32,75,0.0,0.1,10,5,0.5,True,42
batch_size,32,18,18,2,0.6667495482798779,0.648883463939031,0.001,64,4,2,128,0.1,32,75,0.0,0.1,10,5,0.5,True,42
batch_size,32,18,18,3,0.6448832395853419,0.628137868642807,0.001,64,4,2,128,0.1,32,75,0.0,0.1,10,5,0.5,True,42
batch_size,32,18,18,4,0.6321288464647351,0.6177162408828736,0.001,64,4,2,128,0.1,32,75,0.0,0.1,10,5,0.5,True,42
batch_size,32,18,18,5,0.6235924918543209,0.6116213798522949,0.001,64,4,2,128,0.1,32,75,0.0,0.1,10,5,0.5,True,42
batch_size,32,18,18,6,0.617073514018998,0.6081773797671001,0.001,64,4,2,128,0.1,32,75,0.0,0.1,10,5,0.5,True,42
batch_size,32,18,18,7,0.6053351477691622,0.6060168902079265,0.001,64,4,2,128,0.1,32,75,0.0,0.1,10,5,0.5,True,42
batch_size,32,18,18,8,0.5919093789927887,0.5956142385800679,0.001,64,4,2,128,0.1,32,75,0.0,0.1,10,5,0.5,True,42
batch_size,32,18,18,9,0.5757051984017546,0.5851765255133311,0.001,64,4,2,128,0.1,32,75,0.0,0.1,10,5,0.5,True,42
batch_size,32,18,18,10,0.5620931000872091,0.5953395088513692,0.001,64,4,2,128,0.1,32,75,0.0,0.1,10,5,0.5,True,42
batch_size,32,18,18,11,0.5468197011134841,0.6190259436766307,0.001,64,4,2,128,0.1,32,75,0.0,0.1,10,5,0.5,True,42
batch_size,32,18,18,12,0.5342152297045245,0.627734222014745,0.001,64,4,2,128,0.1,32,75,0.0,0.1,10,5,0.5,True,42
batch_size,32,18,18,13,0.5097731460224498,0.6255717813968659,0.001,64,4,2,128,0.1,32,75,0.0,0.1,10,5,0.5,True,42
batch_size,32,18,18,14,0.4940655588200598,0.626910948753357,0.001,64,4,2,128,0.1,32,75,0.0,0.1,10,5,0.5,True,42
batch_size,32,18,18,15,0.45896011184562335,0.7534990926583608,0.001,64,4,2,128,0.1,32,75,0.0,0.1,10,5,0.5,True,42
batch_size,32,18,18,16,0.4040636071427302,0.7674006779988607,0.001,64,4,2,128,0.1,32,75,0.0,0.1,10,5,0.5,True,42
batch_size,32,18,18,17,0.38496649129824206,0.6952549835046132,0.001,64,4,2,128,0.1,32,75,0.0,0.1,10,5,0.5,True,42
batch_size,32,18,18,18,0.34629759418241907,0.8034890294075012,0.001,64,4,2,128,0.1,32,75,0.0,0.1,10,5,0.5,True,42
batch_size,32,18,18,19,0.3299449048936367,0.845863006512324,0.001,64,4,2,128,0.1,32,75,0.0,0.1,10,5,0.5,True,42
batch_size,32,19,19,1,0.7012477485519467,0.6614060123761495,0.001,64,4,2,128,0.1,32,75,0.0,0.1,10,5,0.5,True,42
batch_size,32,19,19,2,0.6806465197693218,0.6568291028340657,0.001,64,4,2,128,0.1,32,75,0.0,0.1,10,5,0.5,True,42
batch_size,32,19,19,3,0.6483683184240804,0.6060421884059906,0.001,64,4,2,128,0.1,32,75,0.0,0.1,10,5,0.5,True,42
batch_size,32,19,19,4,0.6360268990198771,0.6408751209576925,0.001,64,4,2,128,0.1,32,75,0.0,0.1,10,5,0.5,True,42
batch_size,32,19,19,5,0.6191305773276271,0.5857991973559061,0.001,64,4,2,128,0.1,32,75,0.0,0.1,10,5,0.5,True,42
batch_size,32,19,19,6,0.608534790123954,0.5778958936532338,0.001,64,4,2,128,0.1,32,75,0.0,0.1,10,5,0.5,True,42
batch_size,32,19,19,7,0.6005659918441917,0.5850873510042827,0.001,64,4,2,128,0.1,32,75,0.0,0.1,10,5,0.5,True,42
batch_size,32,19,19,8,0.5891589940045819,0.5834307491779327,0.001,64,4,2,128,0.1,32,75,0.0,0.1,10,5,0.5,True,42
batch_size,32,19,19,9,0.5836912748036962,0.5845803380012512,0.001,64,4,2,128,0.1,32,75,0.0,0.1,10,5,0.5,True,42
batch_size,32,19,19,10,0.5628406879576769,0.5923034946123759,0.001,64,4,2,128,0.1,32,75,0.0,0.1,10,5,0.5,True,42
batch_size,32,19,19,11,0.5599539882757447,0.593423620859782,0.001,64,4,2,128,0.1,32,75,0.0,0.1,10,5,0.5,True,42
batch_size,32,19,19,12,0.5594504891019879,0.6213116188844044,0.001,64,4,2,128,0.1,32,75,0.0,0.1,10,5,0.5,True,42
batch_size,32,19,19,13,0.5013277544216677,0.6789422333240509,0.001,64,4,2,128,0.1,32,75,0.0,0.1,10,5,0.5,True,42
batch_size,32,19,19,14,0.476621588974288,0.6571874757607777,0.001,64,4,2,128,0.1,32,75,0.0,0.1,10,5,0.5,True,42
batch_size,32,19,19,15,0.4657767141858737,0.6605744818846385,0.001,64,4,2,128,0.1,32,75,0.0,0.1,10,5,0.5,True,42
batch_size,32,19,19,16,0.4439468275416981,0.7197300295035044,0.001,64,4,2,128,0.1,32,75,0.0,0.1,10,5,0.5,True,42
batch_size,32,20,20,1,0.6873565709049051,0.6523360172907512,0.001,64,4,2,128,0.1,32,75,0.0,0.1,10,5,0.5,True,42
batch_size,32,20,20,2,0.6619414723280704,0.6222080667813619,0.001,64,4,2,128,0.1,32,75,0.0,0.1,10,5,0.5,True,42
batch_size,32,20,20,3,0.6436793625806317,0.6051947176456451,0.001,64,4,2,128,0.1,32,75,0.0,0.1,10,5,0.5,True,42
batch_size,32,20,20,4,0.6257245768651818,0.6006666024525961,0.001,64,4,2,128,0.1,32,75,0.0,0.1,10,5,0.5,True,42
batch_size,32,20,20,5,0.6132912297140468,0.5865759114424388,0.001,64,4,2,128,0.1,32,75,0.0,0.1,10,5,0.5,True,42
batch_size,32,20,20,6,0.6057063492410111,0.6603623767693837,0.001,64,4,2,128,0.1,32,75,0.0,0.1,10,5,0.5,True,42
batch_size,32,20,20,7,0.6016356096123204,0.581119692325592,0.001,64,4,2,128,0.1,32,75,0.0,0.1,10,5,0.5,True,42
batch_size,32,20,20,8,0.5863782235167243,0.5989693919817607,0.001,64,4,2,128,0.1,32,75,0.0,0.1,10,5,0.5,True,42
batch_size,32,20,20,9,0.569279609530261,0.6243790825208028,0.001,64,4,2,128,0.1,32,75,0.0,0.1,10,5,0.5,True,42
batch_size,32,20,20,10,0.5604248559384635,0.5925181984901429,0.001,64,4,2,128,0.1,32,75,0.0,0.1,10,5,0.5,True,42
batch_size,32,20,20,11,0.545603213662451,0.630335541566213,0.001,64,4,2,128,0.1,32,75,0.0,0.1,10,5,0.5,True,42
batch_size,32,20,20,12,0.5273801277984272,0.6324900368849437,0.001,64,4,2,128,0.1,32,75,0.0,0.1,10,5,0.5,True,42
batch_size,32,20,20,13,0.5203537186889937,0.6197566250960033,0.001,64,4,2,128,0.1,32,75,0.0,0.1,10,5,0.5,True,42
batch_size,32,20,20,14,0.4695415363618822,0.751027274131775,0.001,64,4,2,128,0.1,32,75,0.0,0.1,10,5,0.5,True,42
batch_size,32,20,20,15,0.4380797695255641,0.7715586125850677,0.001,64,4,2,128,0.1,32,75,0.0,0.1,10,5,0.5,True,42
batch_size,32,20,20,16,0.41625228761272,0.7478839178880056,0.001,64,4,2,128,0.1,32,75,0.0,0.1,10,5,0.5,True,42
batch_size,32,20,20,17,0.39178894697265193,0.8824120283126831,0.001,64,4,2,128,0.1,32,75,0.0,0.1,10,5,0.5,True,42
batch_size,32,21,21,1,0.6989543614062396,0.6858961582183838,0.001,64,4,2,128,0.1,32,75,0.0,0.1,10,5,0.5,True,42
batch_size,32,21,21,2,0.6628944530631556,0.6450330038865407,0.001,64,4,2,128,0.1,32,75,0.0,0.1,10,5,0.5,True,42
batch_size,32,21,21,3,0.6431329417409319,0.700117971499761,0.001,64,4,2,128,0.1,32,75,0.0,0.1,10,5,0.5,True,42
batch_size,32,21,21,4,0.6334771301710245,0.6377962450186412,0.001,64,4,2,128,0.1,32,75,0.0,0.1,10,5,0.5,True,42
batch_size,32,21,21,5,0.628861399536783,0.6218311985333761,0.001,64,4,2,128,0.1,32,75,0.0,0.1,10,5,0.5,True,42
batch_size,32,21,21,6,0.6154570324402867,0.6137428263823191,0.001,64,4,2,128,0.1,32,75,0.0,0.1,10,5,0.5,True,42
batch_size,32,21,21,7,0.6040280908346176,0.6118791242440541,0.001,64,4,2,128,0.1,32,75,0.0,0.1,10,5,0.5,True,42
batch_size,32,21,21,8,0.6023198675477144,0.5983869055906932,0.001,64,4,2,128,0.1,32,75,0.0,0.1,10,5,0.5,True,42
batch_size,32,21,21,9,0.5886219182249272,0.6169353008270264,0.001,64,4,2,128,0.1,32,75,0.0,0.1,10,5,0.5,True,42
batch_size,32,21,21,10,0.5756368463238081,0.6273748199145,0.001,64,4,2,128,0.1,32,75,0.0,0.1,10,5,0.5,True,42
batch_size,32,21,21,11,0.5758993828838522,0.6274336139361064,0.001,64,4,2,128,0.1,32,75,0.0,0.1,10,5,0.5,True,42
batch_size,32,21,21,12,0.5593368521693981,0.615461935599645,0.001,64,4,2,128,0.1,32,75,0.0,0.1,10,5,0.5,True,42
batch_size,32,21,21,13,0.5362382305390907,0.6863218704859416,0.001,64,4,2,128,0.1,32,75,0.0,0.1,10,5,0.5,True,42
batch_size,32,21,21,14,0.533307564981056,0.706190953652064,0.001,64,4,2,128,0.1,32,75,0.0,0.1,10,5,0.5,True,42
batch_size,32,21,21,15,0.4847746699145346,0.6753324111302693,0.001,64,4,2,128,0.1,32,75,0.0,0.1,10,5,0.5,True,42
batch_size,32,21,21,16,0.4566802025744409,0.7106513400872548,0.001,64,4,2,128,0.1,32,75,0.0,0.1,10,5,0.5,True,42
batch_size,32,21,21,17,0.43566111542961816,0.69363427956899,0.001,64,4,2,128,0.1,32,75,0.0,0.1,10,5,0.5,True,42
batch_size,32,21,21,18,0.4262860683780728,0.751028037071228,0.001,64,4,2,128,0.1,32,75,0.0,0.1,10,5,0.5,True,42
batch_size,32,22,22,1,0.6902808438647877,0.6727667291959126,0.001,64,4,2,128,0.1,32,75,0.0,0.1,10,5,0.5,True,42
batch_size,32,22,22,2,0.6677305982871489,0.6954888919989268,0.001,64,4,2,128,0.1,32,75,0.0,0.1,10,5,0.5,True,42
batch_size,32,22,22,3,0.652972598419045,0.6546465714772542,0.001,64,4,2,128,0.1,32,75,0.0,0.1,10,5,0.5,True,42
batch_size,32,22,22,4,0.634056542858933,0.6319541712601979,0.001,64,4,2,128,0.1,32,75,0.0,0.1,10,5,0.5,True,42
batch_size,32,22,22,5,0.623200888660821,0.6173391103744507,0.001,64,4,2,128,0.1,32,75,0.0,0.1,10,5,0.5,True,42
batch_size,32,22,22,6,0.6188239513924627,0.645079908768336,0.001,64,4,2,128,0.1,32,75,0.0,0.1,10,5,0.5,True,42
batch_size,32,22,22,7,0.6045686110402598,0.6044790546099345,0.001,64,4,2,128,0.1,32,75,0.0,0.1,10,5,0.5,True,42
batch_size,32,22,22,8,0.5952836566350677,0.6251261095205943,0.001,64,4,2,128,0.1,32,75,0.0,0.1,10,5,0.5,True,42
batch_size,32,22,22,9,0.5951494626475103,0.6036078929901123,0.001,64,4,2,128,0.1,32,75,0.0,0.1,10,5,0.5,True,42
batch_size,32,22,22,10,0.586931996273272,0.6101562817891438,0.001,64,4,2,128,0.1,32,75,0.0,0.1,10,5,0.5,True,42
batch_size,32,22,22,11,0.5758840947440176,0.6223004380861918,0.001,64,4,2,128,0.1,32,75,0.0,0.1,10,5,0.5,True,42
batch_size,32,22,22,12,0.5588334442088099,0.6220466117064158,0.001,64,4,2,128,0.1,32,75,0.0,0.1,10,5,0.5,True,42
batch_size,32,22,22,13,0.5494923216826988,0.6358708341916403,0.001,64,4,2,128,0.1,32,75,0.0,0.1,10,5,0.5,True,42
batch_size,32,22,22,14,0.5349292583537825,0.6561375280221303,0.001,64,4,2,128,0.1,32,75,0.0,0.1,10,5,0.5,True,42
batch_size,32,22,22,15,0.5195006211147164,0.6930724104245504,0.001,64,4,2,128,0.1,32,75,0.0,0.1,10,5,0.5,True,42
batch_size,32,22,22,16,0.461316189531124,0.7194293280442555,0.001,64,4,2,128,0.1,32,75,0.0,0.1,10,5,0.5,True,42
batch_size,32,22,22,17,0.4308086795111497,0.7687064131100972,0.001,64,4,2,128,0.1,32,75,0.0,0.1,10,5,0.5,True,42
batch_size,32,22,22,18,0.4142089874455423,0.766597592830658,0.001,64,4,2,128,0.1,32,75,0.0,0.1,10,5,0.5,True,42
batch_size,32,22,22,19,0.40195939949516096,0.7464378893375396,0.001,64,4,2,128,0.1,32,75,0.0,0.1,10,5,0.5,True,42
batch_size,32,23,23,1,0.6980835429646752,0.6721063693364461,0.001,64,4,2,128,0.1,32,75,0.0,0.1,10,5,0.5,True,42
batch_size,32,23,23,2,0.6676004271615635,0.6478478829065959,0.001,64,4,2,128,0.1,32,75,0.0,0.1,10,5,0.5,True,42
batch_size,32,23,23,3,0.6415658538991754,0.6143517057100932,0.001,64,4,2,128,0.1,32,75,0.0,0.1,10,5,0.5,True,42
batch_size,32,23,23,4,0.6250248637163278,0.6223524371782939,0.001,64,4,2,128,0.1,32,75,0.0,0.1,10,5,0.5,True,42
batch_size,32,23,23,5,0.6200527770049644,0.6041533807913463,0.001,64,4,2,128,0.1,32,75,0.0,0.1,10,5,0.5,True,42
batch_size,32,23,23,6,0.6054756117589546,0.5899077792962392,0.001,64,4,2,128,0.1,32,75,0.0,0.1,10,5,0.5,True,42
batch_size,32,23,23,7,0.5994773595170542,0.5984347144762675,0.001,64,4,2,128,0.1,32,75,0.0,0.1,10,5,0.5,True,42
batch_size,32,23,23,8,0.5828061198646372,0.6151845077673594,0.001,64,4,2,128,0.1,32,75,0.0,0.1,10,5,0.5,True,42
batch_size,32,23,23,9,0.5727004212411967,0.6077464779218038,0.001,64,4,2,128,0.1,32,75,0.0,0.1,10,5,0.5,True,42
batch_size,32,23,23,10,0.5573200890512178,0.6112165013949077,0.001,64,4,2,128,0.1,32,75,0.0,0.1,10,5,0.5,True,42
batch_size,32,23,23,11,0.5501772702643366,0.6174776991208394,0.001,64,4,2,128,0.1,32,75,0.0,0.1,10,5,0.5,True,42
batch_size,32,23,23,12,0.5355265402432644,0.6112843056519827,0.001,64,4,2,128,0.1,32,75,0.0,0.1,10,5,0.5,True,42
batch_size,32,23,23,13,0.47187659415331756,0.6830663621425629,0.001,64,4,2,128,0.1,32,75,0.0,0.1,10,5,0.5,True,42
batch_size,32,23,23,14,0.44917226165081514,0.6996896982192993,0.001,64,4,2,128,0.1,32,75,0.0,0.1,10,5,0.5,True,42
batch_size,32,23,23,15,0.42633419291991176,0.74901269475619,0.001,64,4,2,128,0.1,32,75,0.0,0.1,10,5,0.5,True,42
batch_size,32,23,23,16,0.3983931260352785,0.7858971317609151,0.001,64,4,2,128,0.1,32,75,0.0,0.1,10,5,0.5,True,42
batch_size,32,24,24,1,0.6906692475304568,0.6903872311115264,0.001,64,4,2,128,0.1,32,75,0.0,0.1,10,5,0.5,True,42
batch_size,32,24,24,2,0.6600054372522167,0.6397446393966675,0.001,64,4,2,128,0.1,32,75,0.0,0.1,10,5,0.5,True,42
batch_size,32,24,24,3,0.6337850019895941,0.6313012937704722,0.001,64,4,2,128,0.1,32,75,0.0,0.1,10,5,0.5,True,42
batch_size,32,24,24,4,0.6203102875024753,0.6470726509888967,0.001,64,4,2,128,0.1,32,75,0.0,0.1,10,5,0.5,True,42
batch_size,32,24,24,5,0.6125525547597641,0.6272282779216767,0.001,64,4,2,128,0.1,32,75,0.0,0.1,10,5,0.5,True,42
batch_size,32,24,24,6,0.6014433978195477,0.6090351184209187,0.001,64,4,2,128,0.1,32,75,0.0,0.1,10,5,0.5,True,42
batch_size,32,24,24,7,0.605800163476987,0.6067027390003205,0.001,64,4,2,128,0.1,32,75,0.0,0.1,10,5,0.5,True,42
batch_size,32,24,24,8,0.5924080495995686,0.6342521528402965,0.001,64,4,2,128,0.1,32,75,0.0,0.1,10,5,0.5,True,42
batch_size,32,24,24,9,0.5806414525311693,0.6450028757254282,0.001,64,4,2,128,0.1,32,75,0.0,0.1,10,5,0.5,True,42
batch_size,32,24,24,10,0.5702280252051533,0.6895727038383483,0.001,64,4,2,128,0.1,32,75,0.0,0.1,10,5,0.5,True,42
batch_size,32,24,24,11,0.5523414844857123,0.6196467379728953,0.001,64,4,2,128,0.1,32,75,0.0,0.1,10,5,0.5,True,42
batch_size,32,24,24,12,0.5539650466657222,0.6438592553138733,0.001,64,4,2,128,0.1,32,75,0.0,0.1,10,5,0.5,True,42
batch_size,32,24,24,13,0.530444079771974,0.6319704115390777,0.001,64,4,2,128,0.1,32,75,0.0,0.1,10,5,0.5,True,42
batch_size,32,24,24,14,0.48469576979041995,0.6637129505475362,0.001,64,4,2,128,0.1,32,75,0.0,0.1,10,5,0.5,True,42
batch_size,32,24,24,15,0.45311335726340013,0.7225439667701721,0.001,64,4,2,128,0.1,32,75,0.0,0.1,10,5,0.5,True,42
batch_size,32,24,24,16,0.44613039695230644,0.7595232248306274,0.001,64,4,2,128,0.1,32,75,0.0,0.1,10,5,0.5,True,42
batch_size,32,24,24,17,0.4244688514031862,0.7677173515160879,0.001,64,4,2,128,0.1,32,75,0.0,0.1,10,5,0.5,True,42
batch_size,32,25,25,1,0.6911843274578904,0.672314461072286,0.001,64,4,2,128,0.1,32,75,0.0,0.1,10,5,0.5,True,42
batch_size,32,25,25,2,0.6533686518669128,0.6298965891202291,0.001,64,4,2,128,0.1,32,75,0.0,0.1,10,5,0.5,True,42
batch_size,32,25,25,3,0.6319919472390955,0.6339617153008779,0.001,64,4,2,128,0.1,32,75,0.0,0.1,10,5,0.5,True,42
batch_size,32,25,25,4,0.6190467269131632,0.6648301939169566,0.001,64,4,2,128,0.1,32,75,0.0,0.1,10,5,0.5,True,42
batch_size,32,25,25,5,0.6144420658097123,0.6052213748296101,0.001,64,4,2,128,0.1,32,75,0.0,0.1,10,5,0.5,True,42
batch_size,32,25,25,6,0.6021898549162981,0.6273047089576721,0.001,64,4,2,128,0.1,32,75,0.0,0.1,10,5,0.5,True,42
batch_size,32,25,25,7,0.5991500767342972,0.620666915178299,0.001,64,4,2,128,0.1,32,75,0.0,0.1,10,5,0.5,True,42
batch_size,32,25,25,8,0.589634231094158,0.6146806399027507,0.001,64,4,2,128,0.1,32,75,0.0,0.1,10,5,0.5,True,42
batch_size,32,25,25,9,0.5856869423931296,0.6265703757603963,0.001,64,4,2,128,0.1,32,75,0.0,0.1,10,5,0.5,True,42
batch_size,32,25,25,10,0.5719854919747873,0.6195757448673248,0.001,64,4,2,128,0.1,32,75,0.0,0.1,10,5,0.5,True,42
batch_size,32,25,25,11,0.5620759529146281,0.635842760403951,0.001,64,4,2,128,0.1,32,75,0.0,0.1,10,5,0.5,True,42
batch_size,32,25,25,12,0.5173486857251688,0.6281544168790182,0.001,64,4,2,128,0.1,32,75,0.0,0.1,10,5,0.5,True,42
batch_size,32,25,25,13,0.4995885265595985,0.6590448538462321,0.001,64,4,2,128,0.1,32,75,0.0,0.1,10,5,0.5,True,42
batch_size,32,25,25,14,0.4815769859335639,0.6535255551338196,0.001,64,4,2,128,0.1,32,75,0.0,0.1,10,5,0.5,True,42
batch_size,32,25,25,15,0.4584302913510438,0.7025040705998739,0.001,64,4,2,128,0.1,32,75,0.0,0.1,10,5,0.5,True,42
batch_size,32,26,26,1,0.6854191770156225,0.6425467054049174,0.001,64,4,2,128,0.1,32,75,0.0,0.1,10,5,0.5,True,42
batch_size,32,26,26,2,0.6574207006981878,0.6269811848799388,0.001,64,4,2,128,0.1,32,75,0.0,0.1,10,5,0.5,True,42
batch_size,32,26,26,3,0.6424588059837167,0.6040536105632782,0.001,64,4,2,128,0.1,32,75,0.0,0.1,10,5,0.5,True,42
batch_size,32,26,26,4,0.6238067314931841,0.5987618605295817,0.001,64,4,2,128,0.1,32,75,0.0,0.1,10,5,0.5,True,42
batch_size,32,26,26,5,0.6167295006188479,0.6627682050069174,0.001,64,4,2,128,0.1,32,75,0.0,0.1,10,5,0.5,True,42
batch_size,32,26,26,6,0.6111359580448179,0.6271581212679546,0.001,64,4,2,128,0.1,32,75,0.0,0.1,10,5,0.5,True,42
batch_size,32,26,26,7,0.605610028135054,0.6139317909876506,0.001,64,4,2,128,0.1,32,75,0.0,0.1,10,5,0.5,True,42
batch_size,32,26,26,8,0.6093030429699204,0.610926999648412,0.001,64,4,2,128,0.1,32,75,0.0,0.1,10,5,0.5,True,42
batch_size,32,26,26,9,0.5809370477994283,0.5915783266226451,0.001,64,4,2,128,0.1,32,75,0.0,0.1,10,5,0.5,True,42
batch_size,32,26,26,10,0.5812612239158514,0.6065964937210083,0.001,64,4,2,128,0.1,32,75,0.0,0.1,10,5,0.5,True,42
batch_size,32,26,26,11,0.5673229272166888,0.6201629559199016,0.001,64,4,2,128,0.1,32,75,0.0,0.1,10,5,0.5,True,42
batch_size,32,26,26,12,0.5542027500994278,0.6308379987875621,0.001,64,4,2,128,0.1,32,75,0.0,0.1,10,5,0.5,True,42
batch_size,32,26,26,13,0.5473906169786598,0.658726966381073,0.001,64,4,2,128,0.1,32,75,0.0,0.1,10,5,0.5,True,42
batch_size,32,26,26,14,0.5228787638021238,0.6273614545663198,0.001,64,4,2,128,0.1,32,75,0.0,0.1,10,5,0.5,True,42
batch_size,32,26,26,15,0.5148798638220989,0.6977353592713674,0.001,64,4,2,128,0.1,32,75,0.0,0.1,10,5,0.5,True,42
batch_size,32,26,26,16,0.4520818947842627,0.7202572325865427,0.001,64,4,2,128,0.1,32,75,0.0,0.1,10,5,0.5,True,42
batch_size,32,26,26,17,0.4237236495722424,0.7404434144496918,0.001,64,4,2,128,0.1,32,75,0.0,0.1,10,5,0.5,True,42
batch_size,32,26,26,18,0.3960079943591898,0.7990432778994242,0.001,64,4,2,128,0.1,32,75,0.0,0.1,10,5,0.5,True,42
batch_size,32,26,26,19,0.3974130776795474,0.7520876089731853,0.001,64,4,2,128,0.1,32,75,0.0,0.1,10,5,0.5,True,42
batch_size,32,27,27,1,0.7020470341949752,0.6904094219207764,0.001,64,4,2,128,0.1,32,75,0.0,0.1,10,5,0.5,True,42
batch_size,32,27,27,2,0.6814316791115385,0.6713887850443522,0.001,64,4,2,128,0.1,32,75,0.0,0.1,10,5,0.5,True,42
batch_size,32,27,27,3,0.6580017123258475,0.6262439012527465,0.001,64,4,2,128,0.1,32,75,0.0,0.1,10,5,0.5,True,42
batch_size,32,27,27,4,0.6312449025836858,0.5990790327390035,0.001,64,4,2,128,0.1,32,75,0.0,0.1,10,5,0.5,True,42
batch_size,32,27,27,5,0.6182546757838943,0.592480327685674,0.001,64,4,2,128,0.1,32,75,0.0,0.1,10,5,0.5,True,42
batch_size,32,27,27,6,0.6030231447833957,0.5826713442802429,0.001,64,4,2,128,0.1,32,75,0.0,0.1,10,5,0.5,True,42
batch_size,32,27,27,7,0.5975684171373193,0.5819634318351745,0.001,64,4,2,128,0.1,32,75,0.0,0.1,10,5,0.5,True,42
batch_size,32,27,27,8,0.5922423583088499,0.5987427910168965,0.001,64,4,2,128,0.1,32,75,0.0,0.1,10,5,0.5,True,42
batch_size,32,27,27,9,0.5745013356208801,0.5873686055342356,0.001,64,4,2,128,0.1,32,75,0.0,0.1,10,5,0.5,True,42
batch_size,32,27,27,10,0.5620391036976468,0.5896225035190582,0.001,64,4,2,128,0.1,32,75,0.0,0.1,10,5,0.5,True,42
batch_size,32,27,27,11,0.5597925811554446,0.5967370490233104,0.001,64,4,2,128,0.1,32,75,0.0,0.1,10,5,0.5,True,42
batch_size,32,27,27,12,0.5356345504070773,0.6272868633270263,0.001,64,4,2,128,0.1,32,75,0.0,0.1,10,5,0.5,True,42
batch_size,32,27,27,13,0.5257010575045239,0.6336748043696085,0.001,64,4,2,128,0.1,32,75,0.0,0.1,10,5,0.5,True,42
batch_size,32,27,27,14,0.47905500413793506,0.6246937473615011,0.001,64,4,2,128,0.1,32,75,0.0,0.1,10,5,0.5,True,42
batch_size,32,27,27,15,0.44516986258553737,0.6720316608746847,0.001,64,4,2,128,0.1,32,75,0.0,0.1,10,5,0.5,True,42
batch_size,32,27,27,16,0.42285148934884503,0.7124939620494842,0.001,64,4,2,128,0.1,32,75,0.0,0.1,10,5,0.5,True,42
batch_size,32,27,27,17,0.40656242587349634,0.7151524265607198,0.001,64,4,2,128,0.1,32,75,0.0,0.1,10,5,0.5,True,42
batch_size,32,28,28,1,0.6917845475854296,0.6756687482198079,0.001,64,4,2,128,0.1,32,75,0.0,0.1,10,5,0.5,True,42
batch_size,32,28,28,2,0.6767539851593248,0.7020466526349386,0.001,64,4,2,128,0.1,32,75,0.0,0.1,10,5,0.5,True,42
batch_size,32,28,28,3,0.6564731918501131,0.6526342769463856,0.001,64,4,2,128,0.1,32,75,0.0,0.1,10,5,0.5,True,42
batch_size,32,28,28,4,0.6377665971716245,0.635133437315623,0.001,64,4,2,128,0.1,32,75,0.0,0.1,10,5,0.5,True,42
batch_size,32,28,28,5,0.6294373016465794,0.6317354838053385,0.001,64,4,2,128,0.1,32,75,0.0,0.1,10,5,0.5,True,42
batch_size,32,28,28,6,0.620713499007803,0.7108796179294586,0.001,64,4,2,128,0.1,32,75,0.0,0.1,10,5,0.5,True,42
batch_size,32,28,28,7,0.6211508232535738,0.6326094011465708,0.001,64,4,2,128,0.1,32,75,0.0,0.1,10,5,0.5,True,42
batch_size,32,28,28,8,0.6037289335420637,0.6124197522799174,0.001,64,4,2,128,0.1,32,75,0.0,0.1,10,5,0.5,True,42
batch_size,32,28,28,9,0.5961232316313367,0.6153105278809865,0.001,64,4,2,128,0.1,32,75,0.0,0.1,10,5,0.5,True,42
batch_size,32,28,28,10,0.5903848168073278,0.6168331066767375,0.001,64,4,2,128,0.1,32,75,0.0,0.1,10,5,0.5,True,42
batch_size,32,28,28,11,0.5787094108986132,0.6045630673567454,0.001,64,4,2,128,0.1,32,75,0.0,0.1,10,5,0.5,True,42
batch_size,32,28,28,12,0.5605885637077418,0.6352775037288666,0.001,64,4,2,128,0.1,32,75,0.0,0.1,10,5,0.5,True,42
batch_size,32,28,28,13,0.5503776509201888,0.6254269361495972,0.001,64,4,2,128,0.1,32,75,0.0,0.1,10,5,0.5,True,42
batch_size,32,28,28,14,0.527187505228953,0.7246386120716731,0.001,64,4,2,128,0.1,32,75,0.0,0.1,10,5,0.5,True,42
batch_size,32,28,28,15,0.5190403246969888,0.700496248404185,0.001,64,4,2,128,0.1,32,75,0.0,0.1,10,5,0.5,True,42
batch_size,32,28,28,16,0.5154238162618695,0.657968940337499,0.001,64,4,2,128,0.1,32,75,0.0,0.1,10,5,0.5,True,42
batch_size,32,28,28,17,0.48276253789663315,0.6978017866611481,0.001,64,4,2,128,0.1,32,75,0.0,0.1,10,5,0.5,True,42
batch_size,32,28,28,18,0.4253903119401498,0.7088043510913848,0.001,64,4,2,128,0.1,32,75,0.0,0.1,10,5,0.5,True,42
batch_size,32,28,28,19,0.4047267750808687,0.741570262114207,0.001,64,4,2,128,0.1,32,75,0.0,0.1,10,5,0.5,True,42
batch_size,32,28,28,20,0.37811365475257236,0.7407913684844971,0.001,64,4,2,128,0.1,32,75,0.0,0.1,10,5,0.5,True,42
batch_size,32,28,28,21,0.3506523450892983,0.8110372980435689,0.001,64,4,2,128,0.1,32,75,0.0,0.1,10,5,0.5,True,42
batch_size,32,29,29,1,0.6863710984136119,0.7011502822240193,0.001,64,4,2,128,0.1,32,75,0.0,0.1,10,5,0.5,True,42
batch_size,32,29,29,2,0.6699959279009791,0.6499367535114289,0.001,64,4,2,128,0.1,32,75,0.0,0.1,10,5,0.5,True,42
batch_size,32,29,29,3,0.6486937430771914,0.6268124997615814,0.001,64,4,2,128,0.1,32,75,0.0,0.1,10,5,0.5,True,42
batch_size,32,29,29,4,0.6316194825551726,0.6331880191961924,0.001,64,4,2,128,0.1,32,75,0.0,0.1,10,5,0.5,True,42
batch_size,32,29,29,5,0.6349124976179816,0.6238892396291097,0.001,64,4,2,128,0.1,32,75,0.0,0.1,10,5,0.5,True,42
batch_size,32,29,29,6,0.6221722213156295,0.607029406229655,0.001,64,4,2,128,0.1,32,75,0.0,0.1,10,5,0.5,True,42
batch_size,32,29,29,7,0.6163656072634639,0.5907190382480622,0.001,64,4,2,128,0.1,32,75,0.0,0.1,10,5,0.5,True,42
batch_size,32,29,29,8,0.6029458718769478,0.6020672758420308,0.001,64,4,2,128,0.1,32,75,0.0,0.1,10,5,0.5,True,42
batch_size,32,29,29,9,0.5957432721148838,0.5999983290831248,0.001,64,4,2,128,0.1,32,75,0.0,0.1,10,5,0.5,True,42
batch_size,32,29,29,10,0.5960638762423487,0.5929092208544413,0.001,64,4,2,128,0.1,32,75,0.0,0.1,10,5,0.5,True,42
batch_size,32,29,29,11,0.5746582322048418,0.5915063639481862,0.001,64,4,2,128,0.1,32,75,0.0,0.1,10,5,0.5,True,42
batch_size,32,29,29,12,0.5608354319225658,0.6861006697018941,0.001,64,4,2,128,0.1,32,75,0.0,0.1,10,5,0.5,True,42
batch_size,32,29,29,13,0.5592133795673196,0.614525560537974,0.001,64,4,2,128,0.1,32,75,0.0,0.1,10,5,0.5,True,42
batch_size,32,29,29,14,0.5057924322106622,0.6804209490617116,0.001,64,4,2,128,0.1,32,75,0.0,0.1,10,5,0.5,True,42
batch_size,32,29,29,15,0.48632939837195654,0.6960967461268107,0.001,64,4,2,128,0.1,32,75,0.0,0.1,10,5,0.5,True,42
batch_size,32,29,29,16,0.46739307158824167,0.6959624032179514,0.001,64,4,2,128,0.1,32,75,0.0,0.1,10,5,0.5,True,42
batch_size,32,29,29,17,0.4446879331812714,0.7437115748723347,0.001,64,4,2,128,0.1,32,75,0.0,0.1,10,5,0.5,True,42
batch_size,32,30,30,1,0.6973396205540859,0.6788939833641052,0.001,64,4,2,128,0.1,32,75,0.0,0.1,10,5,0.5,True,42
batch_size,32,30,30,2,0.6716151431654439,0.6577250063419342,0.001,64,4,2,128,0.1,32,75,0.0,0.1,10,5,0.5,True,42
batch_size,32,30,30,3,0.6544253519087126,0.6377719283103943,0.001,64,4,2,128,0.1,32,75,0.0,0.1,10,5,0.5,True,42
batch_size,32,30,30,4,0.6403544798041835,0.6396540760993957,0.001,64,4,2,128,0.1,32,75,0.0,0.1,10,5,0.5,True,42
batch_size,32,30,30,5,0.6259249024318926,0.6067068497339885,0.001,64,4,2,128,0.1,32,75,0.0,0.1,10,5,0.5,True,42
batch_size,32,30,30,6,0.6113919945377292,0.5965136031309763,0.001,64,4,2,128,0.1,32,75,0.0,0.1,10,5,0.5,True,42
batch_size,32,30,30,7,0.5999333476929953,0.6078555881977081,0.001,64,4,2,128,0.1,32,75,0.0,0.1,10,5,0.5,True,42
batch_size,32,30,30,8,0.5973974651459492,0.6082936724026998,0.001,64,4,2,128,0.1,32,75,0.0,0.1,10,5,0.5,True,42
batch_size,32,30,30,9,0.5848482025392128,0.634260501464208,0.001,64,4,2,128,0.1,32,75,0.0,0.1,10,5,0.5,True,42
batch_size,32,30,30,10,0.5697178829348448,0.6928068836530049,0.001,64,4,2,128,0.1,32,75,0.0,0.1,10,5,0.5,True,42
batch_size,32,30,30,11,0.5587214622082133,0.6131307005882263,0.001,64,4,2,128,0.1,32,75,0.0,0.1,10,5,0.5,True,42
batch_size,32,30,30,12,0.5482521413853674,0.6286427895228068,0.001,64,4,2,128,0.1,32,75,0.0,0.1,10,5,0.5,True,42
batch_size,32,30,30,13,0.4912748808662097,0.625101254383723,0.001,64,4,2,128,0.1,32,75,0.0,0.1,10,5,0.5,True,42
batch_size,32,30,30,14,0.4679343860709306,0.643199908733368,0.001,64,4,2,128,0.1,32,75,0.0,0.1,10,5,0.5,True,42
batch_size,32,30,30,15,0.45255829314842366,0.6499467194080353,0.001,64,4,2,128,0.1,32,75,0.0,0.1,10,5,0.5,True,42
batch_size,32,30,30,16,0.4295967256255222,0.7239673892656963,0.001,64,4,2,128,0.1,32,75,0.0,0.1,10,5,0.5,True,42
batch_size,32,31,31,1,0.6968694455695875,0.6828815499941508,0.001,64,4,2,128,0.1,32,75,0.0,0.1,10,5,0.5,True,42
batch_size,32,31,31,2,0.6794024073716366,0.6723203142484029,0.001,64,4,2,128,0.1,32,75,0.0,0.1,10,5,0.5,True,42
batch_size,32,31,31,3,0.6632416939193552,0.6524733463923137,0.001,64,4,2,128,0.1,32,75,0.0,0.1,10,5,0.5,True,42
batch_size,32,31,31,4,0.6388824753689043,0.6668226758639018,0.001,64,4,2,128,0.1,32,75,0.0,0.1,10,5,0.5,True,42
batch_size,32,31,31,5,0.6301146815672065,0.6437578856945038,0.001,64,4,2,128,0.1,32,75,0.0,0.1,10,5,0.5,True,42
batch_size,32,31,31,6,0.6169053449323683,0.6304473777612051,0.001,64,4,2,128,0.1,32,75,0.0,0.1,10,5,0.5,True,42
batch_size,32,31,31,7,0.6082519541184107,0.6442587395509084,0.001,64,4,2,128,0.1,32,75,0.0,0.1,10,5,0.5,True,42
batch_size,32,31,31,8,0.5962931441538262,0.6552299479643504,0.001,64,4,2,128,0.1,32,75,0.0,0.1,10,5,0.5,True,42
batch_size,32,31,31,9,0.58559015212637,0.6256386200586955,0.001,64,4,2,128,0.1,32,75,0.0,0.1,10,5,0.5,True,42
batch_size,32,31,31,10,0.5744703685243925,0.6653623322645823,0.001,64,4,2,128,0.1,32,75,0.0,0.1,10,5,0.5,True,42
batch_size,32,31,31,11,0.5630227702133583,0.6424870312213897,0.001,64,4,2,128,0.1,32,75,0.0,0.1,10,5,0.5,True,42
batch_size,32,31,31,12,0.5513251780560522,0.6588758647441864,0.001,64,4,2,128,0.1,32,75,0.0,0.1,10,5,0.5,True,42
batch_size,32,31,31,13,0.5326251197944988,0.6704989910125733,0.001,64,4,2,128,0.1,32,75,0.0,0.1,10,5,0.5,True,42
batch_size,32,31,31,14,0.5225485813888636,0.6641741176446279,0.001,64,4,2,128,0.1,32,75,0.0,0.1,10,5,0.5,True,42
batch_size,32,31,31,15,0.505650179404201,0.6870605011781057,0.001,64,4,2,128,0.1,32,75,0.0,0.1,10,5,0.5,True,42
batch_size,32,31,31,16,0.43981572669563873,0.7587858398755392,0.001,64,4,2,128,0.1,32,75,0.0,0.1,10,5,0.5,True,42
batch_size,32,31,31,17,0.41125818341970444,0.8002471327781677,0.001,64,4,2,128,0.1,32,75,0.0,0.1,10,5,0.5,True,42
batch_size,32,31,31,18,0.38937821871403494,0.8520372927188873,0.001,64,4,2,128,0.1,32,75,0.0,0.1,10,5,0.5,True,42
batch_size,32,31,31,19,0.3684113303368742,0.8613205234209697,0.001,64,4,2,128,0.1,32,75,0.0,0.1,10,5,0.5,True,42
batch_size,32,32,32,1,0.6943801501483629,0.6839618523915608,0.001,64,4,2,128,0.1,32,75,0.0,0.1,10,5,0.5,True,42
batch_size,32,32,32,2,0.6731171188029376,0.6594379305839538,0.001,64,4,2,128,0.1,32,75,0.0,0.1,10,5,0.5,True,42
batch_size,32,32,32,3,0.6631370344848344,0.6509499351183573,0.001,64,4,2,128,0.1,32,75,0.0,0.1,10,5,0.5,True,42
batch_size,32,32,32,4,0.6484844969077543,0.7721023619174957,0.001,64,4,2,128,0.1,32,75,0.0,0.1,10,5,0.5,True,42
batch_size,32,32,32,5,0.638598703299508,0.6630066692829132,0.001,64,4,2,128,0.1,32,75,0.0,0.1,10,5,0.5,True,42
batch_size,32,32,32,6,0.6307492057482401,0.6689613342285157,0.001,64,4,2,128,0.1,32,75,0.0,0.1,10,5,0.5,True,42
batch_size,32,32,32,7,0.6238831128134872,0.6517213741938274,0.001,64,4,2,128,0.1,32,75,0.0,0.1,10,5,0.5,True,42
batch_size,32,32,32,8,0.6025362199906147,0.6227079351743062,0.001,64,4,2,128,0.1,32,75,0.0,0.1,10,5,0.5,True,42
batch_size,32,32,32,9,0.5892918532093366,0.6297268807888031,0.001,64,4,2,128,0.1,32,75,0.0,0.1,10,5,0.5,True,42
batch_size,32,32,32,10,0.5774613124403086,0.6249117513497671,0.001,64,4,2,128,0.1,32,75,0.0,0.1,10,5,0.5,True,42
batch_size,32,32,32,11,0.5706215013157238,0.6986095686753591,0.001,64,4,2,128,0.1,32,75,0.0,0.1,10,5,0.5,True,42
batch_size,32,32,32,12,0.5569813477270531,0.6188615679740905,0.001,64,4,2,128,0.1,32,75,0.0,0.1,10,5,0.5,True,42
batch_size,32,32,32,13,0.5412118069150231,0.6515339612960815,0.001,64,4,2,128,0.1,32,75,0.0,0.1,10,5,0.5,True,42
batch_size,32,32,32,14,0.5247301942471302,0.6754441281159719,0.001,64,4,2,128,0.1,32,75,0.0,0.1,10,5,0.5,True,42
batch_size,32,32,32,15,0.5130531950430437,0.6810299913088481,0.001,64,4,2,128,0.1,32,75,0.0,0.1,10,5,0.5,True,42
batch_size,32,32,32,16,0.47683376028682245,0.7384096225102742,0.001,64,4,2,128,0.1,32,75,0.0,0.1,10,5,0.5,True,42
batch_size,32,32,32,17,0.4629445690097231,0.7661996881167094,0.001,64,4,2,128,0.1,32,75,0.0,0.1,10,5,0.5,True,42
batch_size,32,32,32,18,0.4442411017688838,0.7398919900258382,0.001,64,4,2,128,0.1,32,75,0.0,0.1,10,5,0.5,True,42
batch_size,32,32,32,19,0.37493782377604284,0.8172161897023519,0.001,64,4,2,128,0.1,32,75,0.0,0.1,10,5,0.5,True,42
batch_size,32,32,32,20,0.34839356103629776,0.8788804928461711,0.001,64,4,2,128,0.1,32,75,0.0,0.1,10,5,0.5,True,42
batch_size,32,32,32,21,0.32733399341955327,0.935763148466746,0.001,64,4,2,128,0.1,32,75,0.0,0.1,10,5,0.5,True,42
batch_size,32,32,32,22,0.3007578842454787,0.9948185006777446,0.001,64,4,2,128,0.1,32,75,0.0,0.1,10,5,0.5,True,42
batch_size,32,33,33,1,0.6905234830849099,0.6653216123580933,0.001,64,4,2,128,0.1,32,75,0.0,0.1,10,5,0.5,True,42
batch_size,32,33,33,2,0.6644492298364639,0.6571515083312989,0.001,64,4,2,128,0.1,32,75,0.0,0.1,10,5,0.5,True,42
batch_size,32,33,33,3,0.6486127981633851,0.6329213301340739,0.001,64,4,2,128,0.1,32,75,0.0,0.1,10,5,0.5,True,42
batch_size,32,33,33,4,0.6368909085338766,0.605126561721166,0.001,64,4,2,128,0.1,32,75,0.0,0.1,10,5,0.5,True,42
batch_size,32,33,33,5,0.6214785246234952,0.5938316484292349,0.001,64,4,2,128,0.1,32,75,0.0,0.1,10,5,0.5,True,42
batch_size,32,33,33,6,0.612780547503269,0.5938133160273235,0.001,64,4,2,128,0.1,32,75,0.0,0.1,10,5,0.5,True,42
batch_size,32,33,33,7,0.6010132786450963,0.5978110949198405,0.001,64,4,2,128,0.1,32,75,0.0,0.1,10,5,0.5,True,42
batch_size,32,33,33,8,0.6101634242769444,0.5955033103624979,0.001,64,4,2,128,0.1,32,75,0.0,0.1,10,5,0.5,True,42
batch_size,32,33,33,9,0.5966949212280187,0.6164633393287658,0.001,64,4,2,128,0.1,32,75,0.0,0.1,10,5,0.5,True,42
batch_size,32,33,33,10,0.5750038668964849,0.6518955737352371,0.001,64,4,2,128,0.1,32,75,0.0,0.1,10,5,0.5,True,42
batch_size,32,33,33,11,0.5674598311836069,0.6142616053422292,0.001,64,4,2,128,0.1,32,75,0.0,0.1,10,5,0.5,True,42
batch_size,32,33,33,12,0.523030924751903,0.6368610739707947,0.001,64,4,2,128,0.1,32,75,0.0,0.1,10,5,0.5,True,42
batch_size,32,33,33,13,0.5029813286029932,0.6586402535438538,0.001,64,4,2,128,0.1,32,75,0.0,0.1,10,5,0.5,True,42
batch_size,32,33,33,14,0.48998387248227093,0.633453776439031,0.001,64,4,2,128,0.1,32,75,0.0,0.1,10,5,0.5,True,42
batch_size,32,33,33,15,0.4746160145961877,0.660093202193578,0.001,64,4,2,128,0.1,32,75,0.0,0.1,10,5,0.5,True,42
batch_size,32,33,33,16,0.4598188975995237,0.6994418919086456,0.001,64,4,2,128,0.1,32,75,0.0,0.1,10,5,0.5,True,42
batch_size,32,34,34,1,0.6955337677941178,0.6661057631174724,0.001,64,4,2,128,0.1,32,75,0.0,0.1,10,5,0.5,True,42
batch_size,32,34,34,2,0.658290014574022,0.6590480466683706,0.001,64,4,2,128,0.1,32,75,0.0,0.1,10,5,0.5,True,42
batch_size,32,34,34,3,0.6445039790688138,0.67031210064888,0.001,64,4,2,128,0.1,32,75,0.0,0.1,10,5,0.5,True,42
batch_size,32,34,34,4,0.6251321773637425,0.6179595490296682,0.001,64,4,2,128,0.1,32,75,0.0,0.1,10,5,0.5,True,42
batch_size,32,34,34,5,0.6101006276228211,0.6389055748780569,0.001,64,4,2,128,0.1,32,75,0.0,0.1,10,5,0.5,True,42
batch_size,32,34,34,6,0.6049145365303213,0.6276956220467885,0.001,64,4,2,128,0.1,32,75,0.0,0.1,10,5,0.5,True,42
batch_size,32,34,34,7,0.6040585352615877,0.6164905905723572,0.001,64,4,2,128,0.1,32,75,0.0,0.1,10,5,0.5,True,42
batch_size,32,34,34,8,0.5928865280566793,0.6107838193575541,0.001,64,4,2,128,0.1,32,75,0.0,0.1,10,5,0.5,True,42
batch_size,32,34,34,9,0.5771770456975157,0.6114440123240154,0.001,64,4,2,128,0.1,32,75,0.0,0.1,10,5,0.5,True,42
batch_size,32,34,34,10,0.5610273961316455,0.6235415975252787,0.001,64,4,2,128,0.1,32,75,0.0,0.1,10,5,0.5,True,42
batch_size,32,34,34,11,0.5488410657553962,0.6491647342840831,0.001,64,4,2,128,0.1,32,75,0.0,0.1,10,5,0.5,True,42
batch_size,32,34,34,12,0.5395807355190768,0.6195887088775635,0.001,64,4,2,128,0.1,32,75,0.0,0.1,10,5,0.5,True,42
batch_size,32,34,34,13,0.5181773510394674,0.6736075143019359,0.001,64,4,2,128,0.1,32,75,0.0,0.1,10,5,0.5,True,42
batch_size,32,34,34,14,0.504468649400003,0.6180031716823577,0.001,64,4,2,128,0.1,32,75,0.0,0.1,10,5,0.5,True,42
batch_size,32,34,34,15,0.44462628888361383,0.6932839751243591,0.001,64,4,2,128,0.1,32,75,0.0,0.1,10,5,0.5,True,42
batch_size,32,34,34,16,0.4196032920118534,0.7000413695971172,0.001,64,4,2,128,0.1,32,75,0.0,0.1,10,5,0.5,True,42
batch_size,32,34,34,17,0.40955439605044597,0.7135290483633677,0.001,64,4,2,128,0.1,32,75,0.0,0.1,10,5,0.5,True,42
batch_size,32,34,34,18,0.3818625785184629,0.7364730139573415,0.001,64,4,2,128,0.1,32,75,0.0,0.1,10,5,0.5,True,42
batch_size,32,35,35,1,0.6938943718418931,0.6728692968686422,0.001,64,4,2,128,0.1,32,75,0.0,0.1,10,5,0.5,True,42
batch_size,32,35,35,2,0.6681793165026289,0.6444729725519817,0.001,64,4,2,128,0.1,32,75,0.0,0.1,10,5,0.5,True,42
batch_size,32,35,35,3,0.6409310689478209,0.6338121255238851,0.001,64,4,2,128,0.1,32,75,0.0,0.1,10,5,0.5,True,42
batch_size,32,35,35,4,0.6263130027236361,0.6404167373975118,0.001,64,4,2,128,0.1,32,75,0.0,0.1,10,5,0.5,True,42
batch_size,32,35,35,5,0.6189791013797125,0.6085950394471487,0.001,64,4,2,128,0.1,32,75,0.0,0.1,10,5,0.5,True,42
batch_size,32,35,35,6,0.6122596444505634,0.6163175880908967,0.001,64,4,2,128,0.1,32,75,0.0,0.1,10,5,0.5,True,42
batch_size,32,35,35,7,0.5970196243036877,0.6183161854743957,0.001,64,4,2,128,0.1,32,75,0.0,0.1,10,5,0.5,True,42
batch_size,32,35,35,8,0.5944058116186749,0.6211396833260854,0.001,64,4,2,128,0.1,32,75,0.0,0.1,10,5,0.5,True,42
batch_size,32,35,35,9,0.5833771185893001,0.623509407043457,0.001,64,4,2,128,0.1,32,75,0.0,0.1,10,5,0.5,True,42
batch_size,32,35,35,10,0.5801565940632964,0.6116413652896882,0.001,64,4,2,128,0.1,32,75,0.0,0.1,10,5,0.5,True,42
batch_size,32,35,35,11,0.5537123522072127,0.6288235445817312,0.001,64,4,2,128,0.1,32,75,0.0,0.1,10,5,0.5,True,42
batch_size,32,35,35,12,0.5232354486078927,0.6395720581213633,0.001,64,4,2,128,0.1,32,75,0.0,0.1,10,5,0.5,True,42
batch_size,32,35,35,13,0.5055624111132189,0.7115340252717336,0.001,64,4,2,128,0.1,32,75,0.0,0.1,10,5,0.5,True,42
batch_size,32,35,35,14,0.4897544544303056,0.6449234545230865,0.001,64,4,2,128,0.1,32,75,0.0,0.1,10,5,0.5,True,42
batch_size,32,35,35,15,0.4726628704052983,0.7122369587421418,0.001,64,4,2,128,0.1,32,75,0.0,0.1,10,5,0.5,True,42
batch_size,32,36,36,1,0.6914790895852175,0.6684067726135254,0.001,64,4,2,128,0.1,32,75,0.0,0.1,10,5,0.5,True,42
batch_size,32,36,36,2,0.6632591345996568,0.6686903397242229,0.001,64,4,2,128,0.1,32,75,0.0,0.1,10,5,0.5,True,42
batch_size,32,36,36,3,0.644779129913359,0.6581497212251027,0.001,64,4,2,128,0.1,32,75,0.0,0.1,10,5,0.5,True,42
batch_size,32,36,36,4,0.6395536943367033,0.6102242747942607,0.001,64,4,2,128,0.1,32,75,0.0,0.1,10,5,0.5,True,42
batch_size,32,36,36,5,0.6275168359279633,0.6075427333513895,0.001,64,4,2,128,0.1,32,75,0.0,0.1,10,5,0.5,True,42
batch_size,32,36,36,6,0.6121353324164044,0.6039177775382996,0.001,64,4,2,128,0.1,32,75,0.0,0.1,10,5,0.5,True,42
batch_size,32,36,36,7,0.6118245707316832,0.5939800063769023,0.001,64,4,2,128,0.1,32,75,0.0,0.1,10,5,0.5,True,42
batch_size,32,36,36,8,0.5934784026308493,0.5992908438046773,0.001,64,4,2,128,0.1,32,75,0.0,0.1,10,5,0.5,True,42
batch_size,32,36,36,9,0.5863171791036924,0.6032350222269695,0.001,64,4,2,128,0.1,32,75,0.0,0.1,10,5,0.5,True,42
batch_size,32,36,36,10,0.5794811853856752,0.6929730733235677,0.001,64,4,2,128,0.1,32,75,0.0,0.1,10,5,0.5,True,42
batch_size,32,36,36,11,0.5629385795557138,0.6112633844216665,0.001,64,4,2,128,0.1,32,75,0.0,0.1,10,5,0.5,True,42
batch_size,32,36,36,12,0.5520554907394178,0.6310240765412648,0.001,64,4,2,128,0.1,32,75,0.0,0.1,10,5,0.5,True,42
batch_size,32,36,36,13,0.5289338039177837,0.6523659984270732,0.001,64,4,2,128,0.1,32,75,0.0,0.1,10,5,0.5,True,42
batch_size,32,36,36,14,0.4820393958326542,0.6793913940588633,0.001,64,4,2,128,0.1,32,75,0.0,0.1,10,5,0.5,True,42
batch_size,32,36,36,15,0.4544504971215219,0.7238022923469544,0.001,64,4,2,128,0.1,32,75,0.0,0.1,10,5,0.5,True,42
batch_size,32,36,36,16,0.43555814750266797,0.7735155085722606,0.001,64,4,2,128,0.1,32,75,0.0,0.1,10,5,0.5,True,42
batch_size,32,36,36,17,0.4089217310150464,0.7087239722410837,0.001,64,4,2,128,0.1,32,75,0.0,0.1,10,5,0.5,True,42
batch_size,32,37,37,1,0.7025636479710088,0.688762617111206,0.001,64,4,2,128,0.1,32,75,0.0,0.1,10,5,0.5,True,42
batch_size,32,37,37,2,0.6808733642101288,0.6533509810765584,0.001,64,4,2,128,0.1,32,75,0.0,0.1,10,5,0.5,True,42
batch_size,32,37,37,3,0.659303853006074,0.6388416210810344,0.001,64,4,2,128,0.1,32,75,0.0,0.1,10,5,0.5,True,42
batch_size,32,37,37,4,0.6357242288914594,0.6192339221636455,0.001,64,4,2,128,0.1,32,75,0.0,0.1,10,5,0.5,True,42
batch_size,32,37,37,5,0.6175874053980365,0.6126890540122986,0.001,64,4,2,128,0.1,32,75,0.0,0.1,10,5,0.5,True,42
batch_size,32,37,37,6,0.6162872745683698,0.6127392828464509,0.001,64,4,2,128,0.1,32,75,0.0,0.1,10,5,0.5,True,42
batch_size,32,37,37,7,0.6078864191517686,0.6066200355688731,0.001,64,4,2,128,0.1,32,75,0.0,0.1,10,5,0.5,True,42
batch_size,32,37,37,8,0.598857356743379,0.6006599466005961,0.001,64,4,2,128,0.1,32,75,0.0,0.1,10,5,0.5,True,42
batch_size,32,37,37,9,0.5845864263899399,0.6320987284183502,0.001,64,4,2,128,0.1,32,75,0.0,0.1,10,5,0.5,True,42
batch_size,32,37,37,10,0.5752226784825325,0.6208169321219127,0.001,64,4,2,128,0.1,32,75,0.0,0.1,10,5,0.5,True,42
batch_size,32,37,37,11,0.5812425789507952,0.618592103322347,0.001,64,4,2,128,0.1,32,75,0.0,0.1,10,5,0.5,True,42
batch_size,32,37,37,12,0.5618914923433102,0.6176874419053395,0.001,64,4,2,128,0.1,32,75,0.0,0.1,10,5,0.5,True,42
batch_size,32,37,37,13,0.5416468178684061,0.6467523117860158,0.001,64,4,2,128,0.1,32,75,0.0,0.1,10,5,0.5,True,42
batch_size,32,37,37,14,0.5334975945227074,0.6094658891359965,0.001,64,4,2,128,0.1,32,75,0.0,0.1,10,5,0.5,True,42
batch_size,32,37,37,15,0.48009501578229846,0.7005030254522959,0.001,64,4,2,128,0.1,32,75,0.0,0.1,10,5,0.5,True,42
batch_size,32,37,37,16,0.46429473048809805,0.7406571447849274,0.001,64,4,2,128,0.1,32,75,0.0,0.1,10,5,0.5,True,42
batch_size,32,37,37,17,0.4440015896477483,0.7171076754728953,0.001,64,4,2,128,0.1,32,75,0.0,0.1,10,5,0.5,True,42
batch_size,32,37,37,18,0.42473096310189273,0.7325243651866913,0.001,64,4,2,128,0.1,32,75,0.0,0.1,10,5,0.5,True,42
batch_size,32,38,38,1,0.6935365150372187,0.6577634692192078,0.001,64,4,2,128,0.1,32,75,0.0,0.1,10,5,0.5,True,42
batch_size,32,38,38,2,0.6681888762748602,0.6431785543759664,0.001,64,4,2,128,0.1,32,75,0.0,0.1,10,5,0.5,True,42
batch_size,32,38,38,3,0.654654650299838,0.6265758673350016,0.001,64,4,2,128,0.1,32,75,0.0,0.1,10,5,0.5,True,42
batch_size,32,38,38,4,0.6415525458075784,0.6118803064028422,0.001,64,4,2,128,0.1,32,75,0.0,0.1,10,5,0.5,True,42
batch_size,32,38,38,5,0.6237256395997424,0.625991149743398,0.001,64,4,2,128,0.1,32,75,0.0,0.1,10,5,0.5,True,42
batch_size,32,38,38,6,0.6223265232913422,0.612893424431483,0.001,64,4,2,128,0.1,32,75,0.0,0.1,10,5,0.5,True,42
batch_size,32,38,38,7,0.606348544133432,0.6263803720474244,0.001,64,4,2,128,0.1,32,75,0.0,0.1,10,5,0.5,True,42
batch_size,32,38,38,8,0.6043780224792885,0.6212041715780894,0.001,64,4,2,128,0.1,32,75,0.0,0.1,10,5,0.5,True,42
batch_size,32,38,38,9,0.5884787964098381,0.5993949373563131,0.001,64,4,2,128,0.1,32,75,0.0,0.1,10,5,0.5,True,42
batch_size,32,38,38,10,0.574003919507518,0.63342191974322,0.001,64,4,2,128,0.1,32,75,0.0,0.1,10,5,0.5,True,42
batch_size,32,38,38,11,0.5777936279773712,0.6470886766910553,0.001,64,4,2,128,0.1,32,75,0.0,0.1,10,5,0.5,True,42
batch_size,32,38,38,12,0.5595292557369579,0.6123733421166738,0.001,64,4,2,128,0.1,32,75,0.0,0.1,10,5,0.5,True,42
batch_size,32,38,38,13,0.5519167049364611,0.6357325494289399,0.001,64,4,2,128,0.1,32,75,0.0,0.1,10,5,0.5,True,42
batch_size,32,38,38,14,0.5262855709050641,0.6571339110533396,0.001,64,4,2,128,0.1,32,75,0.0,0.1,10,5,0.5,True,42
batch_size,32,38,38,15,0.5173773858131785,0.6923755784829457,0.001,64,4,2,128,0.1,32,75,0.0,0.1,10,5,0.5,True,42
batch_size,32,38,38,16,0.4620515296630787,0.698578002055486,0.001,64,4,2,128,0.1,32,75,0.0,0.1,10,5,0.5,True,42
batch_size,32,38,38,17,0.4360756842475949,0.7506414572397868,0.001,64,4,2,128,0.1,32,75,0.0,0.1,10,5,0.5,True,42
batch_size,32,38,38,18,0.40602008354934777,0.7524275819460551,0.001,64,4,2,128,0.1,32,75,0.0,0.1,10,5,0.5,True,42
batch_size,32,38,38,19,0.385411317714236,0.7714615404605866,0.001,64,4,2,128,0.1,32,75,0.0,0.1,10,5,0.5,True,42
batch_size,32,39,39,1,0.6870081478899176,0.657470687230428,0.001,64,4,2,128,0.1,32,75,0.0,0.1,10,5,0.5,True,42
batch_size,32,39,39,2,0.6600041434620366,0.6399166425069173,0.001,64,4,2,128,0.1,32,75,0.0,0.1,10,5,0.5,True,42
batch_size,32,39,39,3,0.6426958870707136,0.6195471525192261,0.001,64,4,2,128,0.1,32,75,0.0,0.1,10,5,0.5,True,42
batch_size,32,39,39,4,0.6293167528329473,0.6371084829171498,0.001,64,4,2,128,0.1,32,75,0.0,0.1,10,5,0.5,True,42
batch_size,32,39,39,5,0.6141765745300235,0.6064382215340932,0.001,64,4,2,128,0.1,32,75,0.0,0.1,10,5,0.5,True,42
batch_size,32,39,39,6,0.6154299358075316,0.5896863599618276,0.001,64,4,2,128,0.1,32,75,0.0,0.1,10,5,0.5,True,42
batch_size,32,39,39,7,0.5933278708746939,0.5903863886992137,0.001,64,4,2,128,0.1,32,75,0.0,0.1,10,5,0.5,True,42
batch_size,32,39,39,8,0.5983742412292596,0.6217816809813181,0.001,64,4,2,128,0.1,32,75,0.0,0.1,10,5,0.5,True,42
batch_size,32,39,39,9,0.586973983455788,0.6153818408648173,0.001,64,4,2,128,0.1,32,75,0.0,0.1,10,5,0.5,True,42
batch_size,32,39,39,10,0.5877339618675637,0.5941774706045787,0.001,64,4,2,128,0.1,32,75,0.0,0.1,10,5,0.5,True,42
batch_size,32,39,39,11,0.5588075378627488,0.5931784907976786,0.001,64,4,2,128,0.1,32,75,0.0,0.1,10,5,0.5,True,42
batch_size,32,39,39,12,0.5528078524000717,0.6534884929656982,0.001,64,4,2,128,0.1,32,75,0.0,0.1,10,5,0.5,True,42
batch_size,32,39,39,13,0.4979342260595524,0.6644265671571096,0.001,64,4,2,128,0.1,32,75,0.0,0.1,10,5,0.5,True,42
batch_size,32,39,39,14,0.4860432958512595,0.6842734783887863,0.001,64,4,2,128,0.1,32,75,0.0,0.1,10,5,0.5,True,42
batch_size,32,39,39,15,0.46253523591792944,0.6561207036177318,0.001,64,4,2,128,0.1,32,75,0.0,0.1,10,5,0.5,True,42
batch_size,32,39,39,16,0.44162357914628403,0.7298594355583191,0.001,64,4,2,128,0.1,32,75,0.0,0.1,10,5,0.5,True,42
batch_size,32,40,40,1,0.6873029003089125,0.665406095981598,0.001,64,4,2,128,0.1,32,75,0.0,0.1,10,5,0.5,True,42
batch_size,32,40,40,2,0.6609636039444895,0.6439320047696432,0.001,64,4,2,128,0.1,32,75,0.0,0.1,10,5,0.5,True,42
batch_size,32,40,40,3,0.6413973727912614,0.6619697252909342,0.001,64,4,2,128,0.1,32,75,0.0,0.1,10,5,0.5,True,42
batch_size,32,40,40,4,0.6202694057966723,0.6175977687040964,0.001,64,4,2,128,0.1,32,75,0.0,0.1,10,5,0.5,True,42
batch_size,32,40,40,5,0.6057214655659415,0.6375237166881561,0.001,64,4,2,128,0.1,32,75,0.0,0.1,10,5,0.5,True,42
batch_size,32,40,40,6,0.6027612135265813,0.6251274089018504,0.001,64,4,2,128,0.1,32,75,0.0,0.1,10,5,0.5,True,42
batch_size,32,40,40,7,0.5891498189532396,0.629536509513855,0.001,64,4,2,128,0.1,32,75,0.0,0.1,10,5,0.5,True,42
batch_size,32,40,40,8,0.5883811195239876,0.6362371325492859,0.001,64,4,2,128,0.1,32,75,0.0,0.1,10,5,0.5,True,42
batch_size,32,40,40,9,0.5673219367410197,0.650799552599589,0.001,64,4,2,128,0.1,32,75,0.0,0.1,10,5,0.5,True,42
batch_size,32,40,40,10,0.5562564954161644,0.6530374467372895,0.001,64,4,2,128,0.1,32,75,0.0,0.1,10,5,0.5,True,42
batch_size,32,40,40,11,0.5153511119159785,0.746027276913325,0.001,64,4,2,128,0.1,32,75,0.0,0.1,10,5,0.5,True,42
batch_size,32,40,40,12,0.5003424196532278,0.6732221285502116,0.001,64,4,2,128,0.1,32,75,0.0,0.1,10,5,0.5,True,42
batch_size,32,40,40,13,0.48396087742664595,0.7360038161277771,0.001,64,4,2,128,0.1,32,75,0.0,0.1,10,5,0.5,True,42
batch_size,32,40,40,14,0.464682661787127,0.7249458948771159,0.001,64,4,2,128,0.1,32,75,0.0,0.1,10,5,0.5,True,42
batch_size,32,41,41,1,0.691135999379736,0.6738902648289998,0.001,64,4,2,128,0.1,32,75,0.0,0.1,10,5,0.5,True,42
batch_size,32,41,41,2,0.6653815115039999,0.630537744363149,0.001,64,4,2,128,0.1,32,75,0.0,0.1,10,5,0.5,True,42
batch_size,32,41,41,3,0.6398843621665781,0.6524404048919678,0.001,64,4,2,128,0.1,32,75,0.0,0.1,10,5,0.5,True,42
batch_size,32,41,41,4,0.6355498139605378,0.6255826493104298,0.001,64,4,2,128,0.1,32,75,0.0,0.1,10,5,0.5,True,42
batch_size,32,41,41,5,0.6257577321746133,0.6213813145955404,0.001,64,4,2,128,0.1,32,75,0.0,0.1,10,5,0.5,True,42
batch_size,32,41,41,6,0.6120878582199415,0.6739502926667531,0.001,64,4,2,128,0.1,32,75,0.0,0.1,10,5,0.5,True,42
batch_size,32,41,41,7,0.6213161672155062,0.6170843879381815,0.001,64,4,2,128,0.1,32,75,0.0,0.1,10,5,0.5,True,42
batch_size,32,41,41,8,0.6010088313258055,0.7287290404240291,0.001,64,4,2,128,0.1,32,75,0.0,0.1,10,5,0.5,True,42
batch_size,32,41,41,9,0.5979648595958045,0.6125344276428223,0.001,64,4,2,128,0.1,32,75,0.0,0.1,10,5,0.5,True,42
batch_size,32,41,41,10,0.5806225037032907,0.6325354913870493,0.001,64,4,2,128,0.1,32,75,0.0,0.1,10,5,0.5,True,42
batch_size,32,41,41,11,0.5806273443229271,0.6161775787671407,0.001,64,4,2,128,0.1,32,75,0.0,0.1,10,5,0.5,True,42
batch_size,32,41,41,12,0.5599726876526168,0.6432425955931346,0.001,64,4,2,128,0.1,32,75,0.0,0.1,10,5,0.5,True,42
batch_size,32,41,41,13,0.5540948110547933,0.6311797976493836,0.001,64,4,2,128,0.1,32,75,0.0,0.1,10,5,0.5,True,42
batch_size,32,41,41,14,0.5297688530250029,0.7129366199175516,0.001,64,4,2,128,0.1,32,75,0.0,0.1,10,5,0.5,True,42
batch_size,32,41,41,15,0.5130291827248804,0.7626147975524267,0.001,64,4,2,128,0.1,32,75,0.0,0.1,10,5,0.5,True,42
batch_size,32,41,41,16,0.46710003618941165,0.7028425991535187,0.001,64,4,2,128,0.1,32,75,0.0,0.1,10,5,0.5,True,42
batch_size,32,41,41,17,0.4359290801891775,0.7702143828074137,0.001,64,4,2,128,0.1,32,75,0.0,0.1,10,5,0.5,True,42
batch_size,32,41,41,18,0.41972139364842215,0.7813017706076304,0.001,64,4,2,128,0.1,32,75,0.0,0.1,10,5,0.5,True,42
batch_size,32,41,41,19,0.4022160548378121,0.9459107726812362,0.001,64,4,2,128,0.1,32,75,0.0,0.1,10,5,0.5,True,42
batch_size,32,42,42,1,0.6989717420303461,0.6851696411768595,0.001,64,4,2,128,0.1,32,75,0.0,0.1,10,5,0.5,True,42
batch_size,32,42,42,2,0.6687702261137239,0.663893324136734,0.001,64,4,2,128,0.1,32,75,0.0,0.1,10,5,0.5,True,42
batch_size,32,42,42,3,0.6555900063478586,0.6742163340250651,0.001,64,4,2,128,0.1,32,75,0.0,0.1,10,5,0.5,True,42
batch_size,32,42,42,4,0.6347529355323676,0.6397043546040853,0.001,64,4,2,128,0.1,32,75,0.0,0.1,10,5,0.5,True,42
batch_size,32,42,42,5,0.6257767792452466,0.6426812589168549,0.001,64,4,2,128,0.1,32,75,0.0,0.1,10,5,0.5,True,42
batch_size,32,42,42,6,0.6168248680504885,0.6272960782051087,0.001,64,4,2,128,0.1,32,75,0.0,0.1,10,5,0.5,True,42
batch_size,32,42,42,7,0.6077487689979149,0.6101523498694102,0.001,64,4,2,128,0.1,32,75,0.0,0.1,10,5,0.5,True,42
batch_size,32,42,42,8,0.5924482043042327,0.6224347909291585,0.001,64,4,2,128,0.1,32,75,0.0,0.1,10,5,0.5,True,42
batch_size,32,42,42,9,0.5889795192263343,0.6086794932683309,0.001,64,4,2,128,0.1,32,75,0.0,0.1,10,5,0.5,True,42
batch_size,32,42,42,10,0.5837300345301628,0.6336909989515941,0.001,64,4,2,128,0.1,32,75,0.0,0.1,10,5,0.5,True,42
batch_size,32,42,42,11,0.5688666834524183,0.6411088784535726,0.001,64,4,2,128,0.1,32,75,0.0,0.1,10,5,0.5,True,42
batch_size,32,42,42,12,0.5581116714712345,0.6290917972723643,0.001,64,4,2,128,0.1,32,75,0.0,0.1,10,5,0.5,True,42
batch_size,32,42,42,13,0.5425733445268689,0.6429744998613993,0.001,64,4,2,128,0.1,32,75,0.0,0.1,10,5,0.5,True,42
batch_size,32,42,42,14,0.5288961577144536,0.6419185837109883,0.001,64,4,2,128,0.1,32,75,0.0,0.1,10,5,0.5,True,42
batch_size,32,42,42,15,0.5133843406131773,0.6329902609189352,0.001,64,4,2,128,0.1,32,75,0.0,0.1,10,5,0.5,True,42
batch_size,32,42,42,16,0.4527773010459813,0.6961759805679322,0.001,64,4,2,128,0.1,32,75,0.0,0.1,10,5,0.5,True,42
batch_size,32,42,42,17,0.4348944346561576,0.7314192930857341,0.001,64,4,2,128,0.1,32,75,0.0,0.1,10,5,0.5,True,42
batch_size,32,42,42,18,0.41082144788268843,0.7215443054835001,0.001,64,4,2,128,0.1,32,75,0.0,0.1,10,5,0.5,True,42
batch_size,32,42,42,19,0.38834179237936484,0.8032078286012013,0.001,64,4,2,128,0.1,32,75,0.0,0.1,10,5,0.5,True,42
batch_size,32,43,43,1,0.6978583159771833,0.6787287473678589,0.001,64,4,2,128,0.1,32,75,0.0,0.1,10,5,0.5,True,42
batch_size,32,43,43,2,0.6659101351644053,0.6647048552831014,0.001,64,4,2,128,0.1,32,75,0.0,0.1,10,5,0.5,True,42
batch_size,32,43,43,3,0.6507374824899615,0.621640678246816,0.001,64,4,2,128,0.1,32,75,0.0,0.1,10,5,0.5,True,42
batch_size,32,43,43,4,0.6307151448546033,0.6055373032887776,0.001,64,4,2,128,0.1,32,75,0.0,0.1,10,5,0.5,True,42
batch_size,32,43,43,5,0.6185604636416291,0.6005887945493062,0.001,64,4,2,128,0.1,32,75,0.0,0.1,10,5,0.5,True,42
batch_size,32,43,43,6,0.611878901720047,0.5948672870794932,0.001,64,4,2,128,0.1,32,75,0.0,0.1,10,5,0.5,True,42
batch_size,32,43,43,7,0.6070889067469221,0.6018044352531433,0.001,64,4,2,128,0.1,32,75,0.0,0.1,10,5,0.5,True,42
batch_size,32,43,43,8,0.5922979739579287,0.5941716372966767,0.001,64,4,2,128,0.1,32,75,0.0,0.1,10,5,0.5,True,42
batch_size,32,43,43,9,0.5820319216811296,0.6786096801360448,0.001,64,4,2,128,0.1,32,75,0.0,0.1,10,5,0.5,True,42
batch_size,32,43,43,10,0.5805637472958276,0.6603099862734477,0.001,64,4,2,128,0.1,32,75,0.0,0.1,10,5,0.5,True,42
batch_size,32,43,43,11,0.56417235664346,0.6411308646202087,0.001,64,4,2,128,0.1,32,75,0.0,0.1,10,5,0.5,True,42
batch_size,32,43,43,12,0.5462638871236281,0.6123720387617747,0.001,64,4,2,128,0.1,32,75,0.0,0.1,10,5,0.5,True,42
batch_size,32,43,43,13,0.5301074803327069,0.680694987376531,0.001,64,4,2,128,0.1,32,75,0.0,0.1,10,5,0.5,True,42
batch_size,32,43,43,14,0.5164274539459836,0.682911338408788,0.001,64,4,2,128,0.1,32,75,0.0,0.1,10,5,0.5,True,42
batch_size,32,43,43,15,0.4589687513582634,0.6864999612172444,0.001,64,4,2,128,0.1,32,75,0.0,0.1,10,5,0.5,True,42
batch_size,32,43,43,16,0.4395166953856295,0.7843091607093811,0.001,64,4,2,128,0.1,32,75,0.0,0.1,10,5,0.5,True,42
batch_size,32,43,43,17,0.4135980469485124,0.7697932203610738,0.001,64,4,2,128,0.1,32,75,0.0,0.1,10,5,0.5,True,42
batch_size,32,43,43,18,0.3856826177374883,0.7856540441513061,0.001,64,4,2,128,0.1,32,75,0.0,0.1,10,5,0.5,True,42
batch_size,32,44,44,1,0.6868824150526163,0.6570911367734273,0.001,64,4,2,128,0.1,32,75,0.0,0.1,10,5,0.5,True,42
batch_size,32,44,44,2,0.6514556972366391,0.608418587843577,0.001,64,4,2,128,0.1,32,75,0.0,0.1,10,5,0.5,True,42
batch_size,32,44,44,3,0.6356104158542373,0.6098584612210591,0.001,64,4,2,128,0.1,32,75,0.0,0.1,10,5,0.5,True,42
batch_size,32,44,44,4,0.6296002514886133,0.5973057905832927,0.001,64,4,2,128,0.1,32,75,0.0,0.1,10,5,0.5,True,42
batch_size,32,44,44,5,0.6121181035132119,0.5886061867078145,0.001,64,4,2,128,0.1,32,75,0.0,0.1,10,5,0.5,True,42
batch_size,32,44,44,6,0.603834227179036,0.5901899019877116,0.001,64,4,2,128,0.1,32,75,0.0,0.1,10,5,0.5,True,42
batch_size,32,44,44,7,0.5855859186161648,0.5914733529090881,0.001,64,4,2,128,0.1,32,75,0.0,0.1,10,5,0.5,True,42
batch_size,32,44,44,8,0.5960568433458154,0.5939561466375987,0.001,64,4,2,128,0.1,32,75,0.0,0.1,10,5,0.5,True,42
batch_size,32,44,44,9,0.5819000992359538,0.5985582331816356,0.001,64,4,2,128,0.1,32,75,0.0,0.1,10,5,0.5,True,42
batch_size,32,44,44,10,0.5685114998257521,0.588585619131724,0.001,64,4,2,128,0.1,32,75,0.0,0.1,10,5,0.5,True,42
batch_size,32,44,44,11,0.5488946512341499,0.5931120872497558,0.001,64,4,2,128,0.1,32,75,0.0,0.1,10,5,0.5,True,42
batch_size,32,44,44,12,0.508164734777176,0.6151188155015309,0.001,64,4,2,128,0.1,32,75,0.0,0.1,10,5,0.5,True,42
batch_size,32,44,44,13,0.4801532684853583,0.677764211098353,0.001,64,4,2,128,0.1,32,75,0.0,0.1,10,5,0.5,True,42
batch_size,32,44,44,14,0.4737886594551982,0.647075476249059,0.001,64,4,2,128,0.1,32,75,0.0,0.1,10,5,0.5,True,42
batch_size,32,44,44,15,0.43847758255221625,0.6643502175807953,0.001,64,4,2,128,0.1,32,75,0.0,0.1,10,5,0.5,True,42
batch_size,32,44,44,16,0.4287315715443004,0.6664555112520854,0.001,64,4,2,128,0.1,32,75,0.0,0.1,10,5,0.5,True,42
batch_size,32,44,44,17,0.41546891753872234,0.7189255634943644,0.001,64,4,2,128,0.1,32,75,0.0,0.1,10,5,0.5,True,42
batch_size,32,44,44,18,0.37101315108664107,0.7692908048629761,0.001,64,4,2,128,0.1,32,75,0.0,0.1,10,5,0.5,True,42
batch_size,32,44,44,19,0.3506982753222639,0.8013418257236481,0.001,64,4,2,128,0.1,32,75,0.0,0.1,10,5,0.5,True,42
batch_size,32,44,44,20,0.3350195450087388,0.8505907456080118,0.001,64,4,2,128,0.1,32,75,0.0,0.1,10,5,0.5,True,42
batch_size,32,45,45,1,0.6997879915165178,0.6725020567576091,0.001,64,4,2,128,0.1,32,75,0.0,0.1,10,5,0.5,True,42
batch_size,32,45,45,2,0.6595827377203739,0.6427911539872487,0.001,64,4,2,128,0.1,32,75,0.0,0.1,10,5,0.5,True,42
batch_size,32,45,45,3,0.6453660270481398,0.6365565538406373,0.001,64,4,2,128,0.1,32,75,0.0,0.1,10,5,0.5,True,42
batch_size,32,45,45,4,0.6225181355169325,0.6205587824185689,0.001,64,4,2,128,0.1,32,75,0.0,0.1,10,5,0.5,True,42
batch_size,32,45,45,5,0.6137264172236124,0.6393664201100667,0.001,64,4,2,128,0.1,32,75,0.0,0.1,10,5,0.5,True,42
batch_size,32,45,45,6,0.6083424723509586,0.6270163079102834,0.001,64,4,2,128,0.1,32,75,0.0,0.1,10,5,0.5,True,42
batch_size,32,45,45,7,0.6077602133154869,0.6284397463003795,0.001,64,4,2,128,0.1,32,75,0.0,0.1,10,5,0.5,True,42
batch_size,32,45,45,8,0.6047800302957044,0.6071985383828481,0.001,64,4,2,128,0.1,32,75,0.0,0.1,10,5,0.5,True,42
batch_size,32,45,45,9,0.5766346298835494,0.5995590885480245,0.001,64,4,2,128,0.1,32,75,0.0,0.1,10,5,0.5,True,42
batch_size,32,45,45,10,0.5690513535430937,0.6392602225144705,0.001,64,4,2,128,0.1,32,75,0.0,0.1,10,5,0.5,True,42
batch_size,32,45,45,11,0.5519025278362361,0.6127238611380259,0.001,64,4,2,128,0.1,32,75,0.0,0.1,10,5,0.5,True,42
batch_size,32,45,45,12,0.5368492352691564,0.6264583706855774,0.001,64,4,2,128,0.1,32,75,0.0,0.1,10,5,0.5,True,42
batch_size,32,45,45,13,0.5263945704156702,0.6612002531687419,0.001,64,4,2,128,0.1,32,75,0.0,0.1,10,5,0.5,True,42
batch_size,32,45,45,14,0.5050886713645675,0.6541545391082764,0.001,64,4,2,128,0.1,32,75,0.0,0.1,10,5,0.5,True,42
batch_size,32,45,45,15,0.48145947605371475,0.6773127575715383,0.001,64,4,2,128,0.1,32,75,0.0,0.1,10,5,0.5,True,42
batch_size,32,45,45,16,0.42250818567294063,0.7686596870422363,0.001,64,4,2,128,0.1,32,75,0.0,0.1,10,5,0.5,True,42
batch_size,32,45,45,17,0.3927319177398176,0.780345865090688,0.001,64,4,2,128,0.1,32,75,0.0,0.1,10,5,0.5,True,42
batch_size,32,45,45,18,0.3620693293033224,0.8311051785945892,0.001,64,4,2,128,0.1,32,75,0.0,0.1,10,5,0.5,True,42
batch_size,32,45,45,19,0.3481167375928525,0.9361497680346171,0.001,64,4,2,128,0.1,32,75,0.0,0.1,10,5,0.5,True,42
batch_size,32,46,46,1,0.6893635157382849,0.7081394255161285,0.001,64,4,2,128,0.1,32,75,0.0,0.1,10,5,0.5,True,42
batch_size,32,46,46,2,0.6643763649644274,0.6412222305933635,0.001,64,4,2,128,0.1,32,75,0.0,0.1,10,5,0.5,True,42
batch_size,32,46,46,3,0.6451516964218833,0.6319263378779093,0.001,64,4,2,128,0.1,32,75,0.0,0.1,10,5,0.5,True,42
batch_size,32,46,46,4,0.6268599717454477,0.6568480789661407,0.001,64,4,2,128,0.1,32,75,0.0,0.1,10,5,0.5,True,42
batch_size,32,46,46,5,0.6256856527743917,0.6231046835581462,0.001,64,4,2,128,0.1,32,75,0.0,0.1,10,5,0.5,True,42
batch_size,32,46,46,6,0.613333467281226,0.6179467876752217,0.001,64,4,2,128,0.1,32,75,0.0,0.1,10,5,0.5,True,42
batch_size,32,46,46,7,0.6022378605875102,0.6068960328896841,0.001,64,4,2,128,0.1,32,75,0.0,0.1,10,5,0.5,True,42
batch_size,32,46,46,8,0.5902008482001044,0.6258046309153239,0.001,64,4,2,128,0.1,32,75,0.0,0.1,10,5,0.5,True,42
batch_size,32,46,46,9,0.5820173058997501,0.6830288132031759,0.001,64,4,2,128,0.1,32,75,0.0,0.1,10,5,0.5,True,42
batch_size,32,46,46,10,0.568560463461009,0.6386961837609609,0.001,64,4,2,128,0.1,32,75,0.0,0.1,10,5,0.5,True,42
batch_size,32,46,46,11,0.5726482132167527,0.623400084177653,0.001,64,4,2,128,0.1,32,75,0.0,0.1,10,5,0.5,True,42
batch_size,32,46,46,12,0.5489440804178064,0.6385694324970246,0.001,64,4,2,128,0.1,32,75,0.0,0.1,10,5,0.5,True,42
batch_size,32,46,46,13,0.5301056770664273,0.6658316612243652,0.001,64,4,2,128,0.1,32,75,0.0,0.1,10,5,0.5,True,42
batch_size,32,46,46,14,0.4825571725765864,0.7134140968322754,0.001,64,4,2,128,0.1,32,75,0.0,0.1,10,5,0.5,True,42
batch_size,32,46,46,15,0.4621732803908261,0.740764456987381,0.001,64,4,2,128,0.1,32,75,0.0,0.1,10,5,0.5,True,42
batch_size,32,46,46,16,0.44236548244953156,0.7247686505317688,0.001,64,4,2,128,0.1,32,75,0.0,0.1,10,5,0.5,True,42
batch_size,32,46,46,17,0.4283084345586372,0.7395371675491333,0.001,64,4,2,128,0.1,32,75,0.0,0.1,10,5,0.5,True,42
batch_size,32,47,47,1,0.6954092685923432,0.6704197963078816,0.001,64,4,2,128,0.1,32,75,0.0,0.1,10,5,0.5,True,42
batch_size,32,47,47,2,0.6605213311585513,0.6652333716551463,0.001,64,4,2,128,0.1,32,75,0.0,0.1,10,5,0.5,True,42
batch_size,32,47,47,3,0.6405988319805174,0.6292495210965474,0.001,64,4,2,128,0.1,32,75,0.0,0.1,10,5,0.5,True,42
batch_size,32,47,47,4,0.6255214634266767,0.6141642411549886,0.001,64,4,2,128,0.1,32,75,0.0,0.1,10,5,0.5,True,42
batch_size,32,47,47,5,0.616642434037093,0.6053310692310333,0.001,64,4,2,128,0.1,32,75,0.0,0.1,10,5,0.5,True,42
batch_size,32,47,47,6,0.6131185988585154,0.5984855274359385,0.001,64,4,2,128,0.1,32,75,0.0,0.1,10,5,0.5,True,42
batch_size,32,47,47,7,0.5957805685924761,0.5948939522107443,0.001,64,4,2,128,0.1,32,75,0.0,0.1,10,5,0.5,True,42
batch_size,32,47,47,8,0.5932104932990941,0.6792619923750559,0.001,64,4,2,128,0.1,32,75,0.0,0.1,10,5,0.5,True,42
batch_size,32,47,47,9,0.5797726073951432,0.6292532205581665,0.001,64,4,2,128,0.1,32,75,0.0,0.1,10,5,0.5,True,42
batch_size,32,47,47,10,0.5688648463198633,0.6094377835591634,0.001,64,4,2,128,0.1,32,75,0.0,0.1,10,5,0.5,True,42
batch_size,32,47,47,11,0.5573943038329934,0.6280675013860066,0.001,64,4,2,128,0.1,32,75,0.0,0.1,10,5,0.5,True,42
batch_size,32,47,47,12,0.5318666231451612,0.6874842186768849,0.001,64,4,2,128,0.1,32,75,0.0,0.1,10,5,0.5,True,42
batch_size,32,47,47,13,0.5255619998682629,0.7082162976264954,0.001,64,4,2,128,0.1,32,75,0.0,0.1,10,5,0.5,True,42
batch_size,32,47,47,14,0.47433543769699155,0.7410739282766978,0.001,64,4,2,128,0.1,32,75,0.0,0.1,10,5,0.5,True,42
batch_size,32,47,47,15,0.44765523821115494,0.750783904393514,0.001,64,4,2,128,0.1,32,75,0.0,0.1,10,5,0.5,True,42
batch_size,32,47,47,16,0.42128289739290875,0.8652999629577001,0.001,64,4,2,128,0.1,32,75,0.0,0.1,10,5,0.5,True,42
batch_size,32,47,47,17,0.40795734931122174,0.8581138670444488,0.001,64,4,2,128,0.1,32,75,0.0,0.1,10,5,0.5,True,42
batch_size,32,48,48,1,0.6974546649402246,0.7055139660835266,0.001,64,4,2,128,0.1,32,75,0.0,0.1,10,5,0.5,True,42
batch_size,32,48,48,2,0.6716992496547842,0.6817180554072062,0.001,64,4,2,128,0.1,32,75,0.0,0.1,10,5,0.5,True,42
batch_size,32,48,48,3,0.6468064762595901,0.6300670504570007,0.001,64,4,2,128,0.1,32,75,0.0,0.1,10,5,0.5,True,42
batch_size,32,48,48,4,0.630206744249602,0.6179806411266326,0.001,64,4,2,128,0.1,32,75,0.0,0.1,10,5,0.5,True,42
batch_size,32,48,48,5,0.6246899780922366,0.6323092758655549,0.001,64,4,2,128,0.1,32,75,0.0,0.1,10,5,0.5,True,42
batch_size,32,48,48,6,0.6054756683962685,0.6425263603528341,0.001,64,4,2,128,0.1,32,75,0.0,0.1,10,5,0.5,True,42
batch_size,32,48,48,7,0.6013164260333642,0.6254855255285899,0.001,64,4,2,128,0.1,32,75,0.0,0.1,10,5,0.5,True,42
batch_size,32,48,48,8,0.5921027196529216,0.6244029800097147,0.001,64,4,2,128,0.1,32,75,0.0,0.1,10,5,0.5,True,42
batch_size,32,48,48,9,0.5795786772903643,0.6146786431471507,0.001,64,4,2,128,0.1,32,75,0.0,0.1,10,5,0.5,True,42
batch_size,32,48,48,10,0.5683879359324175,0.6493292927742005,0.001,64,4,2,128,0.1,32,75,0.0,0.1,10,5,0.5,True,42
batch_size,32,48,48,11,0.5649216659086987,0.6479433099428813,0.001,64,4,2,128,0.1,32,75,0.0,0.1,10,5,0.5,True,42
batch_size,32,48,48,12,0.5441242499010903,0.6536582668622335,0.001,64,4,2,128,0.1,32,75,0.0,0.1,10,5,0.5,True,42
batch_size,32,48,48,13,0.5277724608890992,0.7401380936304728,0.001,64,4,2,128,0.1,32,75,0.0,0.1,10,5,0.5,True,42
batch_size,32,48,48,14,0.5183662875254351,0.7183328648408254,0.001,64,4,2,128,0.1,32,75,0.0,0.1,10,5,0.5,True,42
batch_size,32,48,48,15,0.4981044770631575,0.6683051625887553,0.001,64,4,2,128,0.1,32,75,0.0,0.1,10,5,0.5,True,42
batch_size,32,48,48,16,0.44367944645254237,0.7303087989489238,0.001,64,4,2,128,0.1,32,75,0.0,0.1,10,5,0.5,True,42
batch_size,32,48,48,17,0.4058252415038589,0.8365731676419575,0.001,64,4,2,128,0.1,32,75,0.0,0.1,10,5,0.5,True,42
batch_size,32,48,48,18,0.38513346621416567,0.8144656658172608,0.001,64,4,2,128,0.1,32,75,0.0,0.1,10,5,0.5,True,42
batch_size,32,48,48,19,0.3689566333042948,0.836562438805898,0.001,64,4,2,128,0.1,32,75,0.0,0.1,10,5,0.5,True,42
batch_size,32,49,49,1,0.6883433628262896,0.676133398214976,0.001,64,4,2,128,0.1,32,75,0.0,0.1,10,5,0.5,True,42
batch_size,32,49,49,2,0.6671585797360449,0.6674997369448344,0.001,64,4,2,128,0.1,32,75,0.0,0.1,10,5,0.5,True,42
batch_size,32,49,49,3,0.6502111499959772,0.6331067601839702,0.001,64,4,2,128,0.1,32,75,0.0,0.1,10,5,0.5,True,42
batch_size,32,49,49,4,0.6444262446779193,0.6499911904335022,0.001,64,4,2,128,0.1,32,75,0.0,0.1,10,5,0.5,True,42
batch_size,32,49,49,5,0.6320928603862271,0.6523083845774332,0.001,64,4,2,128,0.1,32,75,0.0,0.1,10,5,0.5,True,42
batch_size,32,49,49,6,0.6212242898164373,0.6206401824951172,0.001,64,4,2,128,0.1,32,75,0.0,0.1,10,5,0.5,True,42
batch_size,32,49,49,7,0.6113044181556413,0.6457060356934865,0.001,64,4,2,128,0.1,32,75,0.0,0.1,10,5,0.5,True,42
batch_size,32,49,49,8,0.6016017846537359,0.6169730385144552,0.001,64,4,2,128,0.1,32,75,0.0,0.1,10,5,0.5,True,42
batch_size,32,49,49,9,0.5855502879077737,0.6191025515397389,0.001,64,4,2,128,0.1,32,75,0.0,0.1,10,5,0.5,True,42
batch_size,32,49,49,10,0.5776867191448356,0.6370405594507853,0.001,64,4,2,128,0.1,32,75,0.0,0.1,10,5,0.5,True,42
batch_size,32,49,49,11,0.5638823091532245,0.6443680346012115,0.001,64,4,2,128,0.1,32,75,0.0,0.1,10,5,0.5,True,42
batch_size,32,49,49,12,0.5367856628515504,0.707563583056132,0.001,64,4,2,128,0.1,32,75,0.0,0.1,10,5,0.5,True,42
batch_size,32,49,49,13,0.530769355820887,0.6721406618754069,0.001,64,4,2,128,0.1,32,75,0.0,0.1,10,5,0.5,True,42
batch_size,32,49,49,14,0.5115483048738856,0.6763784070809682,0.001,64,4,2,128,0.1,32,75,0.0,0.1,10,5,0.5,True,42
batch_size,32,49,49,15,0.4465096014918703,0.7627582987149556,0.001,64,4,2,128,0.1,32,75,0.0,0.1,10,5,0.5,True,42
batch_size,32,49,49,16,0.43412306295199826,0.7302949130535126,0.001,64,4,2,128,0.1,32,75,0.0,0.1,10,5,0.5,True,42
batch_size,32,49,49,17,0.40171953618074907,0.80987149477005,0.001,64,4,2,128,0.1,32,75,0.0,0.1,10,5,0.5,True,42
batch_size,32,49,49,18,0.3824524889615449,0.803737872838974,0.001,64,4,2,128,0.1,32,75,0.0,0.1,10,5,0.5,True,42
batch_size,32,50,50,1,0.6955424836187651,0.683439024289449,0.001,64,4,2,128,0.1,32,75,0.0,0.1,10,5,0.5,True,42
batch_size,32,50,50,2,0.6735705083066766,0.6673984626928965,0.001,64,4,2,128,0.1,32,75,0.0,0.1,10,5,0.5,True,42
batch_size,32,50,50,3,0.6544158666422872,0.6346042970816295,0.001,64,4,2,128,0.1,32,75,0.0,0.1,10,5,0.5,True,42
batch_size,32,50,50,4,0.6322835839607499,0.6462455570697785,0.001,64,4,2,128,0.1,32,75,0.0,0.1,10,5,0.5,True,42
batch_size,32,50,50,5,0.625445852225477,0.6462817589441935,0.001,64,4,2,128,0.1,32,75,0.0,0.1,10,5,0.5,True,42
batch_size,32,50,50,6,0.6135030424956119,0.6006359418233236,0.001,64,4,2,128,0.1,32,75,0.0,0.1,10,5,0.5,True,42
batch_size,32,50,50,7,0.6098209301179106,0.6137961069742839,0.001,64,4,2,128,0.1,32,75,0.0,0.1,10,5,0.5,True,42
batch_size,32,50,50,8,0.596610380393086,0.6107576251029968,0.001,64,4,2,128,0.1,32,75,0.0,0.1,10,5,0.5,True,42
batch_size,32,50,50,9,0.5850945896271503,0.6101408481597901,0.001,64,4,2,128,0.1,32,75,0.0,0.1,10,5,0.5,True,42
batch_size,32,50,50,10,0.5868490187056137,0.6036593735218048,0.001,64,4,2,128,0.1,32,75,0.0,0.1,10,5,0.5,True,42
batch_size,32,50,50,11,0.5617920751824523,0.6244096040725708,0.001,64,4,2,128,0.1,32,75,0.0,0.1,10,5,0.5,True,42
batch_size,32,50,50,12,0.5558315136215903,0.6614868342876434,0.001,64,4,2,128,0.1,32,75,0.0,0.1,10,5,0.5,True,42
batch_size,32,50,50,13,0.5218689414587888,0.656983365615209,0.001,64,4,2,128,0.1,32,75,0.0,0.1,10,5,0.5,True,42
batch_size,32,50,50,14,0.4903787469322031,0.6660553534825643,0.001,64,4,2,128,0.1,32,75,0.0,0.1,10,5,0.5,True,42
batch_size,32,50,50,15,0.4741175039248033,0.7168905595938365,0.001,64,4,2,128,0.1,32,75,0.0,0.1,10,5,0.5,True,42
batch_size,32,50,50,16,0.4627275083101157,0.7302674333254496,0.001,64,4,2,128,0.1,32,75,0.0,0.1,10,5,0.5,True,42
batch_size,32,51,51,1,0.6952004098530972,0.6647883534431458,0.001,64,4,2,128,0.1,32,75,0.0,0.1,10,5,0.5,True,42
batch_size,32,51,51,2,0.6712806793776426,0.652129860719045,0.001,64,4,2,128,0.1,32,75,0.0,0.1,10,5,0.5,True,42
batch_size,32,51,51,3,0.6513092639771375,0.6211227337519328,0.001,64,4,2,128,0.1,32,75,0.0,0.1,10,5,0.5,True,42
batch_size,32,51,51,4,0.6317263015291907,0.6168485701084137,0.001,64,4,2,128,0.1,32,75,0.0,0.1,10,5,0.5,True,42
batch_size,32,51,51,5,0.6151160037878788,0.6159164686997731,0.001,64,4,2,128,0.1,32,75,0.0,0.1,10,5,0.5,True,42
batch_size,32,51,51,6,0.611524059239662,0.6206793467203776,0.001,64,4,2,128,0.1,32,75,0.0,0.1,10,5,0.5,True,42
batch_size,32,51,51,7,0.60810168155215,0.6204611877600352,0.001,64,4,2,128,0.1,32,75,0.0,0.1,10,5,0.5,True,42
batch_size,32,51,51,8,0.5899784531105648,0.6342486600081126,0.001,64,4,2,128,0.1,32,75,0.0,0.1,10,5,0.5,True,42
batch_size,32,51,51,9,0.5764588246291334,0.6235992193222046,0.001,64,4,2,128,0.1,32,75,0.0,0.1,10,5,0.5,True,42
batch_size,32,51,51,10,0.5677545693787661,0.6302276333173116,0.001,64,4,2,128,0.1,32,75,0.0,0.1,10,5,0.5,True,42
batch_size,32,51,51,11,0.555406211903601,0.625848799943924,0.001,64,4,2,128,0.1,32,75,0.0,0.1,10,5,0.5,True,42
batch_size,32,51,51,12,0.5206001604145224,0.653980420033137,0.001,64,4,2,128,0.1,32,75,0.0,0.1,10,5,0.5,True,42
batch_size,32,51,51,13,0.49908740863655554,0.6732497791449229,0.001,64,4,2,128,0.1,32,75,0.0,0.1,10,5,0.5,True,42
batch_size,32,51,51,14,0.4888953216599696,0.6876728216807048,0.001,64,4,2,128,0.1,32,75,0.0,0.1,10,5,0.5,True,42
batch_size,32,51,51,15,0.45485992165225925,0.7252276758352916,0.001,64,4,2,128,0.1,32,75,0.0,0.1,10,5,0.5,True,42
batch_size,32,52,52,1,0.6955069118376934,0.6678772211074829,0.001,64,4,2,128,0.1,32,75,0.0,0.1,10,5,0.5,True,42
batch_size,32,52,52,2,0.662108248833454,0.6284600615501403,0.001,64,4,2,128,0.1,32,75,0.0,0.1,10,5,0.5,True,42
batch_size,32,52,52,3,0.641755538907918,0.6249037106831868,0.001,64,4,2,128,0.1,32,75,0.0,0.1,10,5,0.5,True,42
batch_size,32,52,52,4,0.6427947729825974,0.6099249839782714,0.001,64,4,2,128,0.1,32,75,0.0,0.1,10,5,0.5,True,42
batch_size,32,52,52,5,0.6163307385462703,0.6056481122970581,0.001,64,4,2,128,0.1,32,75,0.0,0.1,10,5,0.5,True,42
batch_size,32,52,52,6,0.6062185238256599,0.5975813170274099,0.001,64,4,2,128,0.1,32,75,0.0,0.1,10,5,0.5,True,42
batch_size,32,52,52,7,0.59904942232551,0.6113514165083568,0.001,64,4,2,128,0.1,32,75,0.0,0.1,10,5,0.5,True,42
batch_size,32,52,52,8,0.5873857212789131,0.617531939347585,0.001,64,4,2,128,0.1,32,75,0.0,0.1,10,5,0.5,True,42
batch_size,32,52,52,9,0.5780077359893105,0.6096322437127432,0.001,64,4,2,128,0.1,32,75,0.0,0.1,10,5,0.5,True,42
batch_size,32,52,52,10,0.5664623181025187,0.5995524923006693,0.001,64,4,2,128,0.1,32,75,0.0,0.1,10,5,0.5,True,42
batch_size,32,52,52,11,0.5459912112264922,0.6662862340609232,0.001,64,4,2,128,0.1,32,75,0.0,0.1,10,5,0.5,True,42
batch_size,32,52,52,12,0.5485430815906236,0.6411976595719655,0.001,64,4,2,128,0.1,32,75,0.0,0.1,10,5,0.5,True,42
batch_size,32,52,52,13,0.48592199181968515,0.6853439788023631,0.001,64,4,2,128,0.1,32,75,0.0,0.1,10,5,0.5,True,42
batch_size,32,52,52,14,0.46723028881983325,0.6838368932406108,0.001,64,4,2,128,0.1,32,75,0.0,0.1,10,5,0.5,True,42
batch_size,32,52,52,15,0.44715085151520645,0.6880369742711385,0.001,64,4,2,128,0.1,32,75,0.0,0.1,10,5,0.5,True,42
batch_size,32,52,52,16,0.42539916582631343,0.7156304200490315,0.001,64,4,2,128,0.1,32,75,0.0,0.1,10,5,0.5,True,42
batch_size,32,53,53,1,0.6959888456445752,0.6685734669367472,0.001,64,4,2,128,0.1,32,75,0.0,0.1,10,5,0.5,True,42
batch_size,32,53,53,2,0.6653135978814327,0.649342660109202,0.001,64,4,2,128,0.1,32,75,0.0,0.1,10,5,0.5,True,42
batch_size,32,53,53,3,0.6447265816457344,0.6750150124231974,0.001,64,4,2,128,0.1,32,75,0.0,0.1,10,5,0.5,True,42
batch_size,32,53,53,4,0.6336429809982126,0.6183168450991313,0.001,64,4,2,128,0.1,32,75,0.0,0.1,10,5,0.5,True,42
batch_size,32,53,53,5,0.6251063498132157,0.632035086552302,0.001,64,4,2,128,0.1,32,75,0.0,0.1,10,5,0.5,True,42
batch_size,32,53,53,6,0.6145287962122397,0.6429236431916555,0.001,64,4,2,128,0.1,32,75,0.0,0.1,10,5,0.5,True,42
batch_size,32,53,53,7,0.6043866477680929,0.6176780978838603,0.001,64,4,2,128,0.1,32,75,0.0,0.1,10,5,0.5,True,42
batch_size,32,53,53,8,0.591079454304594,0.6284886757532756,0.001,64,4,2,128,0.1,32,75,0.0,0.1,10,5,0.5,True,42
batch_size,32,53,53,9,0.5833077362992547,0.624554161230723,0.001,64,4,2,128,0.1,32,75,0.0,0.1,10,5,0.5,True,42
batch_size,32,53,53,10,0.5839719675255545,0.6170753320058187,0.001,64,4,2,128,0.1,32,75,0.0,0.1,10,5,0.5,True,42
batch_size,32,53,53,11,0.5599057459921548,0.633605937163035,0.001,64,4,2,128,0.1,32,75,0.0,0.1,10,5,0.5,True,42
batch_size,32,53,53,12,0.5606198579524503,0.6171097874641418,0.001,64,4,2,128,0.1,32,75,0.0,0.1,10,5,0.5,True,42
batch_size,32,53,53,13,0.530010081150315,0.6212880810101827,0.001,64,4,2,128,0.1,32,75,0.0,0.1,10,5,0.5,True,42
batch_size,32,53,53,14,0.5132597953532682,0.6256131668885548,0.001,64,4,2,128,0.1,32,75,0.0,0.1,10,5,0.5,True,42
batch_size,32,53,53,15,0.4965213458194877,0.6516784270604451,0.001,64,4,2,128,0.1,32,75,0.0,0.1,10,5,0.5,True,42
batch_size,32,53,53,16,0.4838129686135234,0.6179660340150197,0.001,64,4,2,128,0.1,32,75,0.0,0.1,10,5,0.5,True,42
batch_size,32,53,53,17,0.4080944030799649,0.7092480738957723,0.001,64,4,2,128,0.1,32,75,0.0,0.1,10,5,0.5,True,42
batch_size,32,53,53,18,0.3815797046955788,0.7354424218336741,0.001,64,4,2,128,0.1,32,75,0.0,0.1,10,5,0.5,True,42
batch_size,32,53,53,19,0.3669127639044415,0.8125303427378336,0.001,64,4,2,128,0.1,32,75,0.0,0.1,10,5,0.5,True,42
batch_size,32,53,53,20,0.3388111707613324,0.878240825732549,0.001,64,4,2,128,0.1,32,75,0.0,0.1,10,5,0.5,True,42
batch_size,32,54,54,1,0.6941405742457418,0.688661680618922,0.001,64,4,2,128,0.1,32,75,0.0,0.1,10,5,0.5,True,42
batch_size,32,54,54,2,0.6722049654433222,0.6807719310124715,0.001,64,4,2,128,0.1,32,75,0.0,0.1,10,5,0.5,True,42
batch_size,32,54,54,3,0.6542732157942021,0.6858223338921865,0.001,64,4,2,128,0.1,32,75,0.0,0.1,10,5,0.5,True,42
batch_size,32,54,54,4,0.6461935070427981,0.6222234884897868,0.001,64,4,2,128,0.1,32,75,0.0,0.1,10,5,0.5,True,42
batch_size,32,54,54,5,0.6338736800984903,0.6278153340021769,0.001,64,4,2,128,0.1,32,75,0.0,0.1,10,5,0.5,True,42
batch_size,32,54,54,6,0.6187605060862772,0.6146424929300944,0.001,64,4,2,128,0.1,32,75,0.0,0.1,10,5,0.5,True,42
batch_size,32,54,54,7,0.6085473420945081,0.6101340373357137,0.001,64,4,2,128,0.1,32,75,0.0,0.1,10,5,0.5,True,42
batch_size,32,54,54,8,0.6000949410778104,0.6032247026761373,0.001,64,4,2,128,0.1,32,75,0.0,0.1,10,5,0.5,True,42
batch_size,32,54,54,9,0.5942925494728666,0.6143823087215423,0.001,64,4,2,128,0.1,32,75,0.0,0.1,10,5,0.5,True,42
batch_size,32,54,54,10,0.5720515833659605,0.6191219488779703,0.001,64,4,2,128,0.1,32,75,0.0,0.1,10,5,0.5,True,42
batch_size,32,54,54,11,0.5785592622829206,0.6225002706050873,0.001,64,4,2,128,0.1,32,75,0.0,0.1,10,5,0.5,True,42
batch_size,32,54,54,12,0.5589461328856873,0.6243330617745717,0.001,64,4,2,128,0.1,32,75,0.0,0.1,10,5,0.5,True,42
batch_size,32,54,54,13,0.5395577809575832,0.6231005291144053,0.001,64,4,2,128,0.1,32,75,0.0,0.1,10,5,0.5,True,42
batch_size,32,54,54,14,0.5338915805473472,0.6396072447299957,0.001,64,4,2,128,0.1,32,75,0.0,0.1,10,5,0.5,True,42
batch_size,32,54,54,15,0.47470592820283136,0.682656608025233,0.001,64,4,2,128,0.1,32,75,0.0,0.1,10,5,0.5,True,42
batch_size,32,54,54,16,0.45880778980526055,0.6945803582668304,0.001,64,4,2,128,0.1,32,75,0.0,0.1,10,5,0.5,True,42
batch_size,32,54,54,17,0.42866097243897844,0.8014808734258015,0.001,64,4,2,128,0.1,32,75,0.0,0.1,10,5,0.5,True,42
batch_size,32,54,54,18,0.4173102311112664,0.7903153638044993,0.001,64,4,2,128,0.1,32,75,0.0,0.1,10,5,0.5,True,42
batch_size,32,55,55,1,0.6896321145874081,0.6740663011868795,0.001,64,4,2,128,0.1,32,75,0.0,0.1,10,5,0.5,True,42
batch_size,32,55,55,2,0.6573724986025782,0.6717848300933837,0.001,64,4,2,128,0.1,32,75,0.0,0.1,10,5,0.5,True,42
batch_size,32,55,55,3,0.6420740733544031,0.6430940349896749,0.001,64,4,2,128,0.1,32,75,0.0,0.1,10,5,0.5,True,42
batch_size,32,55,55,4,0.6276799840005961,0.6230787833531698,0.001,64,4,2,128,0.1,32,75,0.0,0.1,10,5,0.5,True,42
batch_size,32,55,55,5,0.6144894934964903,0.6143944263458252,0.001,64,4,2,128,0.1,32,75,0.0,0.1,10,5,0.5,True,42
batch_size,32,55,55,6,0.606230740294312,0.6418269097805023,0.001,64,4,2,128,0.1,32,75,0.0,0.1,10,5,0.5,True,42
batch_size,32,55,55,7,0.5971270133600091,0.6411327699820201,0.001,64,4,2,128,0.1,32,75,0.0,0.1,10,5,0.5,True,42
batch_size,32,55,55,8,0.5878053363977056,0.6123672485351562,0.001,64,4,2,128,0.1,32,75,0.0,0.1,10,5,0.5,True,42
batch_size,32,55,55,9,0.573333368834221,0.624297293027242,0.001,64,4,2,128,0.1,32,75,0.0,0.1,10,5,0.5,True,42
batch_size,32,55,55,10,0.5591386475346305,0.621922089656194,0.001,64,4,2,128,0.1,32,75,0.0,0.1,10,5,0.5,True,42
batch_size,32,55,55,11,0.5509762795585574,0.6714145481586457,0.001,64,4,2,128,0.1,32,75,0.0,0.1,10,5,0.5,True,42
batch_size,32,55,55,12,0.5300176172997012,0.7003305037816365,0.001,64,4,2,128,0.1,32,75,0.0,0.1,10,5,0.5,True,42
batch_size,32,55,55,13,0.5203531339313044,0.6631648540496826,0.001,64,4,2,128,0.1,32,75,0.0,0.1,10,5,0.5,True,42
batch_size,32,55,55,14,0.5034291012720629,0.699964835246404,0.001,64,4,2,128,0.1,32,75,0.0,0.1,10,5,0.5,True,42
batch_size,32,55,55,15,0.446942423554984,0.7355214953422546,0.001,64,4,2,128,0.1,32,75,0.0,0.1,10,5,0.5,True,42
batch_size,32,55,55,16,0.42802045787825727,0.7731100459893544,0.001,64,4,2,128,0.1,32,75,0.0,0.1,10,5,0.5,True,42
batch_size,32,55,55,17,0.40301436976049887,0.7966964920361836,0.001,64,4,2,128,0.1,32,75,0.0,0.1,10,5,0.5,True,42
batch_size,32,55,55,18,0.3845917629924687,0.8600530127684275,0.001,64,4,2,128,0.1,32,75,0.0,0.1,10,5,0.5,True,42
batch_size,32,56,56,1,0.6991304773272891,0.6753636837005615,0.001,64,4,2,128,0.1,32,75,0.0,0.1,10,5,0.5,True,42
batch_size,32,56,56,2,0.6687955341555856,0.6570687135060628,0.001,64,4,2,128,0.1,32,75,0.0,0.1,10,5,0.5,True,42
batch_size,32,56,56,3,0.6456955255884113,0.681775015592575,0.001,64,4,2,128,0.1,32,75,0.0,0.1,10,5,0.5,True,42
batch_size,32,56,56,4,0.6490969346328215,0.6454209943612417,0.001,64,4,2,128,0.1,32,75,0.0,0.1,10,5,0.5,True,42
batch_size,32,56,56,5,0.6323862861503254,0.6271725396315256,0.001,64,4,2,128,0.1,32,75,0.0,0.1,10,5,0.5,True,42
batch_size,32,56,56,6,0.6255985288457437,0.6217051108678182,0.001,64,4,2,128,0.1,32,75,0.0,0.1,10,5,0.5,True,42
batch_size,32,56,56,7,0.6145465204661543,0.6486235896746317,0.001,64,4,2,128,0.1,32,75,0.0,0.1,10,5,0.5,True,42
batch_size,32,56,56,8,0.6036616516384211,0.6134951909383138,0.001,64,4,2,128,0.1,32,75,0.0,0.1,10,5,0.5,True,42
batch_size,32,56,56,9,0.599262451809464,0.6165289243062337,0.001,64,4,2,128,0.1,32,75,0.0,0.1,10,5,0.5,True,42
batch_size,32,56,56,10,0.5871741566242594,0.6289679010709127,0.001,64,4,2,128,0.1,32,75,0.0,0.1,10,5,0.5,True,42
batch_size,32,56,56,11,0.580331028862433,0.6284512221813202,0.001,64,4,2,128,0.1,32,75,0.0,0.1,10,5,0.5,True,42
batch_size,32,56,56,12,0.5635607583504735,0.6330543518066406,0.001,64,4,2,128,0.1,32,75,0.0,0.1,10,5,0.5,True,42
batch_size,32,56,56,13,0.5543698869419821,0.6334225614865621,0.001,64,4,2,128,0.1,32,75,0.0,0.1,10,5,0.5,True,42
batch_size,32,56,56,14,0.5323693932908954,0.6433164258797963,0.001,64,4,2,128,0.1,32,75,0.0,0.1,10,5,0.5,True,42
batch_size,32,56,56,15,0.47560300316774484,0.7101409951845805,0.001,64,4,2,128,0.1,32,75,0.0,0.1,10,5,0.5,True,42
batch_size,32,56,56,16,0.46929654241962865,0.7150693992773692,0.001,64,4,2,128,0.1,32,75,0.0,0.1,10,5,0.5,True,42
batch_size,32,56,56,17,0.43931892559383856,0.7547021230061849,0.001,64,4,2,128,0.1,32,75,0.0,0.1,10,5,0.5,True,42
batch_size,32,56,56,18,0.4239789711480791,0.7582690517107645,0.001,64,4,2,128,0.1,32,75,0.0,0.1,10,5,0.5,True,42
batch_size,32,57,57,1,0.6981646120548248,0.7128341952959697,0.001,64,4,2,128,0.1,32,75,0.0,0.1,10,5,0.5,True,42
batch_size,32,57,57,2,0.6706546486327143,0.6328984061876933,0.001,64,4,2,128,0.1,32,75,0.0,0.1,10,5,0.5,True,42
batch_size,32,57,57,3,0.6404715035900925,0.6235220313072205,0.001,64,4,2,128,0.1,32,75,0.0,0.1,10,5,0.5,True,42
batch_size,32,57,57,4,0.6368297013369474,0.61951930920283,0.001,64,4,2,128,0.1,32,75,0.0,0.1,10,5,0.5,True,42
batch_size,32,57,57,5,0.6278726095051477,0.6204372584819794,0.001,64,4,2,128,0.1,32,75,0.0,0.1,10,5,0.5,True,42
batch_size,32,57,57,6,0.6133803081783381,0.603615423043569,0.001,64,4,2,128,0.1,32,75,0.0,0.1,10,5,0.5,True,42
batch_size,32,57,57,7,0.5979138890450652,0.6072377940018971,0.001,64,4,2,128,0.1,32,75,0.0,0.1,10,5,0.5,True,42
batch_size,32,57,57,8,0.5972349027341063,0.5960663358370463,0.001,64,4,2,128,0.1,32,75,0.0,0.1,10,5,0.5,True,42
batch_size,32,57,57,9,0.5879358994689855,0.597126692533493,0.001,64,4,2,128,0.1,32,75,0.0,0.1,10,5,0.5,True,42
batch_size,32,57,57,10,0.5757782177040072,0.6011085708936056,0.001,64,4,2,128,0.1,32,75,0.0,0.1,10,5,0.5,True,42
batch_size,32,57,57,11,0.5565211888064038,0.6116206387678782,0.001,64,4,2,128,0.1,32,75,0.0,0.1,10,5,0.5,True,42
batch_size,32,57,57,12,0.5465167720209468,0.6256946603457133,0.001,64,4,2,128,0.1,32,75,0.0,0.1,10,5,0.5,True,42
batch_size,32,57,57,13,0.5307923451517568,0.6559503575166067,0.001,64,4,2,128,0.1,32,75,0.0,0.1,10,5,0.5,True,42
batch_size,32,57,57,14,0.5215327538775675,0.6655549844106038,0.001,64,4,2,128,0.1,32,75,0.0,0.1,10,5,0.5,True,42
batch_size,32,57,57,15,0.46217080375010317,0.7171616792678833,0.001,64,4,2,128,0.1,32,75,0.0,0.1,10,5,0.5,True,42
batch_size,32,57,57,16,0.43839551892244455,0.729489674170812,0.001,64,4,2,128,0.1,32,75,0.0,0.1,10,5,0.5,True,42
batch_size,32,57,57,17,0.40543032550450525,0.7861852824687958,0.001,64,4,2,128,0.1,32,75,0.0,0.1,10,5,0.5,True,42
batch_size,32,57,57,18,0.39670136909593234,0.8266146739323934,0.001,64,4,2,128,0.1,32,75,0.0,0.1,10,5,0.5,True,42
batch_size,32,58,58,1,0.7031442414630543,0.6762638688087463,0.001,64,4,2,128,0.1,32,75,0.0,0.1,10,5,0.5,True,42
batch_size,32,58,58,2,0.6819378300146623,0.6710953712463379,0.001,64,4,2,128,0.1,32,75,0.0,0.1,10,5,0.5,True,42
batch_size,32,58,58,3,0.6556850382775972,0.6325446248054505,0.001,64,4,2,128,0.1,32,75,0.0,0.1,10,5,0.5,True,42
batch_size,32,58,58,4,0.6451524785070708,0.617840584119161,0.001,64,4,2,128,0.1,32,75,0.0,0.1,10,5,0.5,True,42
batch_size,32,58,58,5,0.6349816053654208,0.611268150806427,0.001,64,4,2,128,0.1,32,75,0.0,0.1,10,5,0.5,True,42
batch_size,32,58,58,6,0.6211776469241489,0.607908942302068,0.001,64,4,2,128,0.1,32,75,0.0,0.1,10,5,0.5,True,42
batch_size,32,58,58,7,0.6102427589622411,0.6503413617610931,0.001,64,4,2,128,0.1,32,75,0.0,0.1,10,5,0.5,True,42
batch_size,32,58,58,8,0.6033246160456629,0.62710267106692,0.001,64,4,2,128,0.1,32,75,0.0,0.1,10,5,0.5,True,42
batch_size,32,58,58,9,0.6074985118977951,0.6018347024917603,0.001,64,4,2,128,0.1,32,75,0.0,0.1,10,5,0.5,True,42
batch_size,32,58,58,10,0.5940585107062802,0.6462556938330333,0.001,64,4,2,128,0.1,32,75,0.0,0.1,10,5,0.5,True,42
batch_size,32,58,58,11,0.5904042741114442,0.6272040228048961,0.001,64,4,2,128,0.1,32,75,0.0,0.1,10,5,0.5,True,42
batch_size,32,58,58,12,0.5739283746842182,0.6272782981395721,0.001,64,4,2,128,0.1,32,75,0.0,0.1,10,5,0.5,True,42
batch_size,32,58,58,13,0.5685829942425092,0.675794784228007,0.001,64,4,2,128,0.1,32,75,0.0,0.1,10,5,0.5,True,42
batch_size,32,58,58,14,0.5515589185736396,0.6183993776639303,0.001,64,4,2,128,0.1,32,75,0.0,0.1,10,5,0.5,True,42
batch_size,32,58,58,15,0.5432198496930527,0.6323652942975362,0.001,64,4,2,128,0.1,32,75,0.0,0.1,10,5,0.5,True,42
batch_size,32,58,58,16,0.4980390437624671,0.680814794699351,0.001,64,4,2,128,0.1,32,75,0.0,0.1,10,5,0.5,True,42
batch_size,32,58,58,17,0.47052515614213364,0.7309481978416443,0.001,64,4,2,128,0.1,32,75,0.0,0.1,10,5,0.5,True,42
batch_size,32,58,58,18,0.45550100618239603,0.7211787601312002,0.001,64,4,2,128,0.1,32,75,0.0,0.1,10,5,0.5,True,42
batch_size,32,58,58,19,0.4280486031237877,0.7360051115353902,0.001,64,4,2,128,0.1,32,75,0.0,0.1,10,5,0.5,True,42
batch_size,32,59,59,1,0.6898748486331014,0.6601238489151001,0.001,64,4,2,128,0.1,32,75,0.0,0.1,10,5,0.5,True,42
batch_size,32,59,59,2,0.6667484311443387,0.6320419828097026,0.001,64,4,2,128,0.1,32,75,0.0,0.1,10,5,0.5,True,42
batch_size,32,59,59,3,0.6401441724914493,0.6307293474674225,0.001,64,4,2,128,0.1,32,75,0.0,0.1,10,5,0.5,True,42
batch_size,32,59,59,4,0.6262591244144873,0.607941472530365,0.001,64,4,2,128,0.1,32,75,0.0,0.1,10,5,0.5,True,42
batch_size,32,59,59,5,0.6179889781457005,0.6223021407922109,0.001,64,4,2,128,0.1,32,75,0.0,0.1,10,5,0.5,True,42
batch_size,32,59,59,6,0.6060577513593616,0.6234444300333659,0.001,64,4,2,128,0.1,32,75,0.0,0.1,10,5,0.5,True,42
batch_size,32,59,59,7,0.6027752614834092,0.6439652025699616,0.001,64,4,2,128,0.1,32,75,0.0,0.1,10,5,0.5,True,42
batch_size,32,59,59,8,0.5872733961000587,0.6336997151374817,0.001,64,4,2,128,0.1,32,75,0.0,0.1,10,5,0.5,True,42
batch_size,32,59,59,9,0.5841428050489137,0.6238266825675964,0.001,64,4,2,128,0.1,32,75,0.0,0.1,10,5,0.5,True,42
batch_size,32,59,59,10,0.564268489904476,0.6309793968995412,0.001,64,4,2,128,0.1,32,75,0.0,0.1,10,5,0.5,True,42
batch_size,32,59,59,11,0.5280684266578067,0.6216711560885112,0.001,64,4,2,128,0.1,32,75,0.0,0.1,10,5,0.5,True,42
batch_size,32,59,59,12,0.50536996216485,0.6376556873321533,0.001,64,4,2,128,0.1,32,75,0.0,0.1,10,5,0.5,True,42
batch_size,32,59,59,13,0.49391742050647736,0.6447029014428457,0.001,64,4,2,128,0.1,32,75,0.0,0.1,10,5,0.5,True,42
batch_size,32,59,59,14,0.4728624644604596,0.6798071742057801,0.001,64,4,2,128,0.1,32,75,0.0,0.1,10,5,0.5,True,42
batch_size,32,60,60,1,0.6947411939953313,0.6922417223453522,0.001,64,4,2,128,0.1,32,75,0.0,0.1,10,5,0.5,True,42
batch_size,32,60,60,2,0.6725080360968908,0.6627389212449392,0.001,64,4,2,128,0.1,32,75,0.0,0.1,10,5,0.5,True,42
batch_size,32,60,60,3,0.6493781685377612,0.666543451944987,0.001,64,4,2,128,0.1,32,75,0.0,0.1,10,5,0.5,True,42
batch_size,32,60,60,4,0.6407707699320533,0.6327292005221049,0.001,64,4,2,128,0.1,32,75,0.0,0.1,10,5,0.5,True,42
batch_size,32,60,60,5,0.6226518964677146,0.6370713889598847,0.001,64,4,2,128,0.1,32,75,0.0,0.1,10,5,0.5,True,42
batch_size,32,60,60,6,0.6220522172974817,0.6210473974545797,0.001,64,4,2,128,0.1,32,75,0.0,0.1,10,5,0.5,True,42
batch_size,32,60,60,7,0.6170442047895808,0.6419032355149586,0.001,64,4,2,128,0.1,32,75,0.0,0.1,10,5,0.5,True,42
batch_size,32,60,60,8,0.6094630760225382,0.6103985627492269,0.001,64,4,2,128,0.1,32,75,0.0,0.1,10,5,0.5,True,42
batch_size,32,60,60,9,0.6004629376711268,0.6161757349967957,0.001,64,4,2,128,0.1,32,75,0.0,0.1,10,5,0.5,True,42
batch_size,32,60,60,10,0.586673058117881,0.6718304713567098,0.001,64,4,2,128,0.1,32,75,0.0,0.1,10,5,0.5,True,42
batch_size,32,60,60,11,0.5802528995907668,0.6235988756020864,0.001,64,4,2,128,0.1,32,75,0.0,0.1,10,5,0.5,True,42
batch_size,32,60,60,12,0.5634452066186703,0.6314521094163259,0.001,64,4,2,128,0.1,32,75,0.0,0.1,10,5,0.5,True,42
batch_size,32,60,60,13,0.5463616339997812,0.6686211029688517,0.001,64,4,2,128,0.1,32,75,0.0,0.1,10,5,0.5,True,42
batch_size,32,60,60,14,0.5329313413663344,0.6824220418930054,0.001,64,4,2,128,0.1,32,75,0.0,0.1,10,5,0.5,True,42
batch_size,32,60,60,15,0.4784920887287819,0.6899392644564311,0.001,64,4,2,128,0.1,32,75,0.0,0.1,10,5,0.5,True,42
batch_size,32,60,60,16,0.4479742818935351,0.6848807275295258,0.001,64,4,2,128,0.1,32,75,0.0,0.1,10,5,0.5,True,42
batch_size,32,60,60,17,0.42178897254846315,0.7280052761236827,0.001,64,4,2,128,0.1,32,75,0.0,0.1,10,5,0.5,True,42
batch_size,32,60,60,18,0.40339245082754077,0.7701006174087525,0.001,64,4,2,128,0.1,32,75,0.0,0.1,10,5,0.5,True,42
batch_size,32,61,61,1,0.6934665446028565,0.6553168932596842,0.001,64,4,2,128,0.1,32,75,0.0,0.1,10,5,0.5,True,42
batch_size,32,61,61,2,0.659787915872805,0.6664579411347707,0.001,64,4,2,128,0.1,32,75,0.0,0.1,10,5,0.5,True,42
batch_size,32,61,61,3,0.6422274855501724,0.6274016539255778,0.001,64,4,2,128,0.1,32,75,0.0,0.1,10,5,0.5,True,42
batch_size,32,61,61,4,0.6357658830556002,0.6354234119256338,0.001,64,4,2,128,0.1,32,75,0.0,0.1,10,5,0.5,True,42
batch_size,32,61,61,5,0.6161352775313638,0.6451215426127116,0.001,64,4,2,128,0.1,32,75,0.0,0.1,10,5,0.5,True,42
batch_size,32,61,61,6,0.6075861065676718,0.6476282020409901,0.001,64,4,2,128,0.1,32,75,0.0,0.1,10,5,0.5,True,42
batch_size,32,61,61,7,0.6069669926708395,0.6285587747891744,0.001,64,4,2,128,0.1,32,75,0.0,0.1,10,5,0.5,True,42
batch_size,32,61,61,8,0.5946134243047598,0.6385931372642517,0.001,64,4,2,128,0.1,32,75,0.0,0.1,10,5,0.5,True,42
batch_size,32,61,61,9,0.578854232349179,0.6328398644924164,0.001,64,4,2,128,0.1,32,75,0.0,0.1,10,5,0.5,True,42
batch_size,32,61,61,10,0.550855059289571,0.6296518127123515,0.001,64,4,2,128,0.1,32,75,0.0,0.1,10,5,0.5,True,42
batch_size,32,61,61,11,0.5344135257782359,0.6672209699948629,0.001,64,4,2,128,0.1,32,75,0.0,0.1,10,5,0.5,True,42
batch_size,32,61,61,12,0.5263031481793432,0.6500540971755981,0.001,64,4,2,128,0.1,32,75,0.0,0.1,10,5,0.5,True,42
batch_size,32,61,61,13,0.5046569102189757,0.6721544643243154,0.001,64,4,2,128,0.1,32,75,0.0,0.1,10,5,0.5,True,42
batch_size,32,62,62,1,0.6985144777731462,0.6872522195180257,0.001,64,4,2,128,0.1,32,75,0.0,0.1,10,5,0.5,True,42
batch_size,32,62,62,2,0.6737626203984926,0.6560710072517395,0.001,64,4,2,128,0.1,32,75,0.0,0.1,10,5,0.5,True,42
batch_size,32,62,62,3,0.6586863570141069,0.6850363612174988,0.001,64,4,2,128,0.1,32,75,0.0,0.1,10,5,0.5,True,42
batch_size,32,62,62,4,0.6373494664827982,0.6476028045018514,0.001,64,4,2,128,0.1,32,75,0.0,0.1,10,5,0.5,True,42
batch_size,32,62,62,5,0.6327356838367202,0.6741487125555674,0.001,64,4,2,128,0.1,32,75,0.0,0.1,10,5,0.5,True,42
batch_size,32,62,62,6,0.6330804806767087,0.6818511128425598,0.001,64,4,2,128,0.1,32,75,0.0,0.1,10,5,0.5,True,42
batch_size,32,62,62,7,0.6133255983392397,0.6422550141811371,0.001,64,4,2,128,0.1,32,75,0.0,0.1,10,5,0.5,True,42
batch_size,32,62,62,8,0.6036935498317083,0.643083643913269,0.001,64,4,2,128,0.1,32,75,0.0,0.1,10,5,0.5,True,42
batch_size,32,62,62,9,0.588811652904207,0.6380610664685568,0.001,64,4,2,128,0.1,32,75,0.0,0.1,10,5,0.5,True,42
batch_size,32,62,62,10,0.5719042287179918,0.6327996869881948,0.001,64,4,2,128,0.1,32,75,0.0,0.1,10,5,0.5,True,42
batch_size,32,62,62,11,0.573557600153215,0.6514934579531352,0.001,64,4,2,128,0.1,32,75,0.0,0.1,10,5,0.5,True,42
batch_size,32,62,62,12,0.5496455582253861,0.6956491271654764,0.001,64,4,2,128,0.1,32,75,0.0,0.1,10,5,0.5,True,42
batch_size,32,62,62,13,0.5427543852816928,0.6733390827973683,0.001,64,4,2,128,0.1,32,75,0.0,0.1,10,5,0.5,True,42
batch_size,32,62,62,14,0.5230997918230115,0.6828072766462961,0.001,64,4,2,128,0.1,32,75,0.0,0.1,10,5,0.5,True,42
batch_size,32,62,62,15,0.5085864948729674,0.7358960409959158,0.001,64,4,2,128,0.1,32,75,0.0,0.1,10,5,0.5,True,42
batch_size,32,62,62,16,0.4962919302510493,0.7278970201810201,0.001,64,4,2,128,0.1,32,75,0.0,0.1,10,5,0.5,True,42
batch_size,32,62,62,17,0.4439068677073175,0.7729257265726726,0.001,64,4,2,128,0.1,32,75,0.0,0.1,10,5,0.5,True,42
batch_size,32,62,62,18,0.4146672918489485,0.7936683694521586,0.001,64,4,2,128,0.1,32,75,0.0,0.1,10,5,0.5,True,42
batch_size,32,62,62,19,0.38397055153142323,0.8991979996363322,0.001,64,4,2,128,0.1,32,75,0.0,0.1,10,5,0.5,True,42
batch_size,32,62,62,20,0.3639372444401185,0.9376197457313538,0.001,64,4,2,128,0.1,32,75,0.0,0.1,10,5,0.5,True,42
batch_size,32,63,63,1,0.6887431704636776,0.6916358431180318,0.001,64,4,2,128,0.1,32,75,0.0,0.1,10,5,0.5,True,42
batch_size,32,63,63,2,0.6558799034718311,0.6317479054133097,0.001,64,4,2,128,0.1,32,75,0.0,0.1,10,5,0.5,True,42
batch_size,32,63,63,3,0.6283814708391825,0.6307702124118805,0.001,64,4,2,128,0.1,32,75,0.0,0.1,10,5,0.5,True,42
batch_size,32,63,63,4,0.6217176643284884,0.6351684888203939,0.001,64,4,2,128,0.1,32,75,0.0,0.1,10,5,0.5,True,42
batch_size,32,63,63,5,0.6144320739038063,0.6143792351086934,0.001,64,4,2,128,0.1,32,75,0.0,0.1,10,5,0.5,True,42
batch_size,32,63,63,6,0.6031580858609893,0.629238243897756,0.001,64,4,2,128,0.1,32,75,0.0,0.1,10,5,0.5,True,42
batch_size,32,63,63,7,0.6104495739846518,0.6249356051286061,0.001,64,4,2,128,0.1,32,75,0.0,0.1,10,5,0.5,True,42
batch_size,32,63,63,8,0.593102363022891,0.6087541123231252,0.001,64,4,2,128,0.1,32,75,0.0,0.1,10,5,0.5,True,42
batch_size,32,63,63,9,0.5979629039312854,0.6232065737247467,0.001,64,4,2,128,0.1,32,75,0.0,0.1,10,5,0.5,True,42
batch_size,32,63,63,10,0.5821299622907783,0.6298688292503357,0.001,64,4,2,128,0.1,32,75,0.0,0.1,10,5,0.5,True,42
batch_size,32,63,63,11,0.5722631931756482,0.6593004941940308,0.001,64,4,2,128,0.1,32,75,0.0,0.1,10,5,0.5,True,42
batch_size,32,63,63,12,0.5588878657330166,0.6593922138214111,0.001,64,4,2,128,0.1,32,75,0.0,0.1,10,5,0.5,True,42
batch_size,32,63,63,13,0.5589812382152586,0.6615999321142833,0.001,64,4,2,128,0.1,32,75,0.0,0.1,10,5,0.5,True,42
batch_size,32,63,63,14,0.5406915242924835,0.6392127017180125,0.001,64,4,2,128,0.1,32,75,0.0,0.1,10,5,0.5,True,42
batch_size,32,63,63,15,0.49651923527320224,0.6612714250882467,0.001,64,4,2,128,0.1,32,75,0.0,0.1,10,5,0.5,True,42
batch_size,32,63,63,16,0.47912935348171176,0.7015804131825765,0.001,64,4,2,128,0.1,32,75,0.0,0.1,10,5,0.5,True,42
batch_size,32,63,63,17,0.45058042115785857,0.7386739194393158,0.001,64,4,2,128,0.1,32,75,0.0,0.1,10,5,0.5,True,42
batch_size,32,63,63,18,0.4263189826725107,0.8235446294148763,0.001,64,4,2,128,0.1,32,75,0.0,0.1,10,5,0.5,True,42
batch_size,32,64,64,1,0.6983098911516594,0.6756077130635579,0.001,64,4,2,128,0.1,32,75,0.0,0.1,10,5,0.5,True,42
batch_size,32,64,64,2,0.6666557834003911,0.6540638208389282,0.001,64,4,2,128,0.1,32,75,0.0,0.1,10,5,0.5,True,42
batch_size,32,64,64,3,0.6417119697187886,0.6293893218040466,0.001,64,4,2,128,0.1,32,75,0.0,0.1,10,5,0.5,True,42
batch_size,32,64,64,4,0.6307163507197843,0.6769299685955048,0.001,64,4,2,128,0.1,32,75,0.0,0.1,10,5,0.5,True,42
batch_size,32,64,64,5,0.6160267501166372,0.6263907074928283,0.001,64,4,2,128,0.1,32,75,0.0,0.1,10,5,0.5,True,42
batch_size,32,64,64,6,0.6125764648119608,0.6361506779988607,0.001,64,4,2,128,0.1,32,75,0.0,0.1,10,5,0.5,True,42
batch_size,32,64,64,7,0.6060663531675483,0.6291158437728882,0.001,64,4,2,128,0.1,32,75,0.0,0.1,10,5,0.5,True,42
batch_size,32,64,64,8,0.5893307511102069,0.6222472965717316,0.001,64,4,2,128,0.1,32,75,0.0,0.1,10,5,0.5,True,42
batch_size,32,64,64,9,0.5847145930835695,0.6823879361152649,0.001,64,4,2,128,0.1,32,75,0.0,0.1,10,5,0.5,True,42
batch_size,32,64,64,10,0.5794419167619763,0.6379453261693319,0.001,64,4,2,128,0.1,32,75,0.0,0.1,10,5,0.5,True,42
batch_size,32,64,64,11,0.564298453881885,0.6364465832710267,0.001,64,4,2,128,0.1,32,75,0.0,0.1,10,5,0.5,True,42
batch_size,32,64,64,12,0.5580434726946282,0.6416587134202322,0.001,64,4,2,128,0.1,32,75,0.0,0.1,10,5,0.5,True,42
batch_size,32,64,64,13,0.5398414026607167,0.6580263555049897,0.001,64,4,2,128,0.1,32,75,0.0,0.1,10,5,0.5,True,42
batch_size,32,64,64,14,0.527769195085222,0.6822206596533458,0.001,64,4,2,128,0.1,32,75,0.0,0.1,10,5,0.5,True,42
batch_size,32,64,64,15,0.47825535251335666,0.743551657597224,0.001,64,4,2,128,0.1,32,75,0.0,0.1,10,5,0.5,True,42
batch_size,32,64,64,16,0.45624315783833014,0.7524453242619832,0.001,64,4,2,128,0.1,32,75,0.0,0.1,10,5,0.5,True,42
batch_size,32,64,64,17,0.429069643219312,0.8034709632396698,0.001,64,4,2,128,0.1,32,75,0.0,0.1,10,5,0.5,True,42
batch_size,32,64,64,18,0.4162772119496808,0.7555930554866791,0.001,64,4,2,128,0.1,32,75,0.0,0.1,10,5,0.5,True,42
batch_size,32,65,65,1,0.6964476691050963,0.6778615951538086,0.001,64,4,2,128,0.1,32,75,0.0,0.1,10,5,0.5,True,42
batch_size,32,65,65,2,0.664721563909993,0.7195538282394409,0.001,64,4,2,128,0.1,32,75,0.0,0.1,10,5,0.5,True,42
batch_size,32,65,65,3,0.6519937072739457,0.6325346112251282,0.001,64,4,2,128,0.1,32,75,0.0,0.1,10,5,0.5,True,42
batch_size,32,65,65,4,0.632011355324225,0.6250635902086894,0.001,64,4,2,128,0.1,32,75,0.0,0.1,10,5,0.5,True,42
batch_size,32,65,65,5,0.6252987019040368,0.6283896625041961,0.001,64,4,2,128,0.1,32,75,0.0,0.1,10,5,0.5,True,42
batch_size,32,65,65,6,0.6114946192864216,0.6242619653542837,0.001,64,4,2,128,0.1,32,75,0.0,0.1,10,5,0.5,True,42
batch_size,32,65,65,7,0.6032612459226088,0.63083269794782,0.001,64,4,2,128,0.1,32,75,0.0,0.1,10,5,0.5,True,42
batch_size,32,65,65,8,0.5982794678120902,0.6243436276912689,0.001,64,4,2,128,0.1,32,75,0.0,0.1,10,5,0.5,True,42
batch_size,32,65,65,9,0.5891415318756392,0.6879788299401601,0.001,64,4,2,128,0.1,32,75,0.0,0.1,10,5,0.5,True,42
batch_size,32,65,65,10,0.5752699686722322,0.6784654299418131,0.001,64,4,2,128,0.1,32,75,0.0,0.1,10,5,0.5,True,42
batch_size,32,65,65,11,0.5714161987557556,0.6678257624308268,0.001,64,4,2,128,0.1,32,75,0.0,0.1,10,5,0.5,True,42
batch_size,32,65,65,12,0.5505468459291891,0.6575093666712443,0.001,64,4,2,128,0.1,32,75,0.0,0.1,10,5,0.5,True,42
batch_size,32,65,65,13,0.5070073024341555,0.7162378827730814,0.001,64,4,2,128,0.1,32,75,0.0,0.1,10,5,0.5,True,42
batch_size,32,65,65,14,0.4973574201717521,0.7022437632083893,0.001,64,4,2,128,0.1,32,75,0.0,0.1,10,5,0.5,True,42
batch_size,32,65,65,15,0.4768223344828143,0.7039060652256012,0.001,64,4,2,128,0.1,32,75,0.0,0.1,10,5,0.5,True,42
batch_size,32,65,65,16,0.46575969220562413,0.7215815881888071,0.001,64,4,2,128,0.1,32,75,0.0,0.1,10,5,0.5,True,42
batch_size,32,66,66,1,0.6918033095020236,0.6868489642937978,0.001,64,4,2,128,0.1,32,75,0.0,0.1,10,5,0.5,True,42
batch_size,32,66,66,2,0.6658348522403024,0.6507061719894409,0.001,64,4,2,128,0.1,32,75,0.0,0.1,10,5,0.5,True,42
batch_size,32,66,66,3,0.6424892671180494,0.6526653091112773,0.001,64,4,2,128,0.1,32,75,0.0,0.1,10,5,0.5,True,42
batch_size,32,66,66,4,0.6310024250185851,0.6597596307595571,0.001,64,4,2,128,0.1,32,75,0.0,0.1,10,5,0.5,True,42
batch_size,32,66,66,5,0.6195710461699602,0.6405606846014659,0.001,64,4,2,128,0.1,32,75,0.0,0.1,10,5,0.5,True,42
batch_size,32,66,66,6,0.6144367341290821,0.6387719372908275,0.001,64,4,2,128,0.1,32,75,0.0,0.1,10,5,0.5,True,42
batch_size,32,66,66,7,0.6027881934335737,0.6581881900628408,0.001,64,4,2,128,0.1,32,75,0.0,0.1,10,5,0.5,True,42
batch_size,32,66,66,8,0.5931307294152,0.6351490418116251,0.001,64,4,2,128,0.1,32,75,0.0,0.1,10,5,0.5,True,42
batch_size,32,66,66,9,0.5783491414604764,0.6334666172663371,0.001,64,4,2,128,0.1,32,75,0.0,0.1,10,5,0.5,True,42
batch_size,32,66,66,10,0.5724840875376355,0.6527699589729309,0.001,64,4,2,128,0.1,32,75,0.0,0.1,10,5,0.5,True,42
batch_size,32,66,66,11,0.5527319844925043,0.7042233745257059,0.001,64,4,2,128,0.1,32,75,0.0,0.1,10,5,0.5,True,42
batch_size,32,66,66,12,0.5423469834707,0.6945835034052531,0.001,64,4,2,128,0.1,32,75,0.0,0.1,10,5,0.5,True,42
batch_size,32,66,66,13,0.5360026860778982,0.6977458794911703,0.001,64,4,2,128,0.1,32,75,0.0,0.1,10,5,0.5,True,42
batch_size,32,66,66,14,0.5084153113491607,0.7455829699834188,0.001,64,4,2,128,0.1,32,75,0.0,0.1,10,5,0.5,True,42
batch_size,32,66,66,15,0.4959078600460833,0.6986792107423146,0.001,64,4,2,128,0.1,32,75,0.0,0.1,10,5,0.5,True,42
batch_size,32,66,66,16,0.44877810268239543,0.7682575205961863,0.001,64,4,2,128,0.1,32,75,0.0,0.1,10,5,0.5,True,42
batch_size,32,66,66,17,0.41908008514931705,0.8046635468800862,0.001,64,4,2,128,0.1,32,75,0.0,0.1,10,5,0.5,True,42
batch_size,32,66,66,18,0.4012909203090451,0.8666248401006063,0.001,64,4,2,128,0.1,32,75,0.0,0.1,10,5,0.5,True,42
batch_size,32,66,66,19,0.3853157125413418,0.8497132619222005,0.001,64,4,2,128,0.1,32,75,0.0,0.1,10,5,0.5,True,42
batch_size,32,67,67,1,0.6945237801833586,0.677039607365926,0.001,64,4,2,128,0.1,32,75,0.0,0.1,10,5,0.5,True,42
batch_size,32,67,67,2,0.6592700404651237,0.6985340237617492,0.001,64,4,2,128,0.1,32,75,0.0,0.1,10,5,0.5,True,42
batch_size,32,67,67,3,0.6318706373373667,0.6490768969058991,0.001,64,4,2,128,0.1,32,75,0.0,0.1,10,5,0.5,True,42
batch_size,32,67,67,4,0.6212539338704312,0.6315654019514719,0.001,64,4,2,128,0.1,32,75,0.0,0.1,10,5,0.5,True,42
batch_size,32,67,67,5,0.6096132934996576,0.6303401986757914,0.001,64,4,2,128,0.1,32,75,0.0,0.1,10,5,0.5,True,42
batch_size,32,67,67,6,0.598082517584165,0.629053262869517,0.001,64,4,2,128,0.1,32,75,0.0,0.1,10,5,0.5,True,42
batch_size,32,67,67,7,0.5889914381233129,0.6345032076040904,0.001,64,4,2,128,0.1,32,75,0.0,0.1,10,5,0.5,True,42
batch_size,32,67,67,8,0.5839523397611849,0.6292633891105652,0.001,64,4,2,128,0.1,32,75,0.0,0.1,10,5,0.5,True,42
batch_size,32,67,67,9,0.5751651487115658,0.6489892125129699,0.001,64,4,2,128,0.1,32,75,0.0,0.1,10,5,0.5,True,42
batch_size,32,67,67,10,0.5597144110184727,0.7054410894711812,0.001,64,4,2,128,0.1,32,75,0.0,0.1,10,5,0.5,True,42
batch_size,32,67,67,11,0.5448495178963199,0.6777470191319783,0.001,64,4,2,128,0.1,32,75,0.0,0.1,10,5,0.5,True,42
batch_size,32,67,67,12,0.5279500615416151,0.6623480240503947,0.001,64,4,2,128,0.1,32,75,0.0,0.1,10,5,0.5,True,42
batch_size,32,67,67,13,0.48375648169806507,0.7009388049443562,0.001,64,4,2,128,0.1,32,75,0.0,0.1,10,5,0.5,True,42
batch_size,32,67,67,14,0.4583625594774882,0.736246532201767,0.001,64,4,2,128,0.1,32,75,0.0,0.1,10,5,0.5,True,42
batch_size,32,67,67,15,0.4384464035657319,0.7320479830106099,0.001,64,4,2,128,0.1,32,75,0.0,0.1,10,5,0.5,True,42
batch_size,32,67,67,16,0.42355487856901053,0.7282413085301717,0.001,64,4,2,128,0.1,32,75,0.0,0.1,10,5,0.5,True,42
batch_size,32,68,68,1,0.6876830986954949,0.6663463155428568,0.001,64,4,2,128,0.1,32,75,0.0,0.1,10,5,0.5,True,42
batch_size,32,68,68,2,0.6628142089554758,0.6437448859214783,0.001,64,4,2,128,0.1,32,75,0.0,0.1,10,5,0.5,True,42
batch_size,32,68,68,3,0.6458510923566241,0.6400638004144033,0.001,64,4,2,128,0.1,32,75,0.0,0.1,10,5,0.5,True,42
batch_size,32,68,68,4,0.6268086905280749,0.6583557625611623,0.001,64,4,2,128,0.1,32,75,0.0,0.1,10,5,0.5,True,42
batch_size,32,68,68,5,0.6216838423049811,0.6286712388197581,0.001,64,4,2,128,0.1,32,75,0.0,0.1,10,5,0.5,True,42
batch_size,32,68,68,6,0.613041552856113,0.6703159809112549,0.001,64,4,2,128,0.1,32,75,0.0,0.1,10,5,0.5,True,42
batch_size,32,68,68,7,0.6003833948211237,0.6122299234072367,0.001,64,4,2,128,0.1,32,75,0.0,0.1,10,5,0.5,True,42
batch_size,32,68,68,8,0.5919823581070611,0.6350563406944275,0.001,64,4,2,128,0.1,32,75,0.0,0.1,10,5,0.5,True,42
batch_size,32,68,68,9,0.594513309498628,0.6121712426344553,0.001,64,4,2,128,0.1,32,75,0.0,0.1,10,5,0.5,True,42
batch_size,32,68,68,10,0.5788248149734555,0.6323458393414815,0.001,64,4,2,128,0.1,32,75,0.0,0.1,10,5,0.5,True,42
batch_size,32,68,68,11,0.5708890270554658,0.6174372613430024,0.001,64,4,2,128,0.1,32,75,0.0,0.1,10,5,0.5,True,42
batch_size,32,68,68,12,0.559911359891747,0.6349945028622945,0.001,64,4,2,128,0.1,32,75,0.0,0.1,10,5,0.5,True,42
batch_size,32,68,68,13,0.5413547431429228,0.6941858867804209,0.001,64,4,2,128,0.1,32,75,0.0,0.1,10,5,0.5,True,42
batch_size,32,68,68,14,0.4997331192999175,0.6511935889720917,0.001,64,4,2,128,0.1,32,75,0.0,0.1,10,5,0.5,True,42
batch_size,32,68,68,15,0.47605631906877866,0.6740551829338074,0.001,64,4,2,128,0.1,32,75,0.0,0.1,10,5,0.5,True,42
batch_size,32,68,68,16,0.4665071027296962,0.6844210962454478,0.001,64,4,2,128,0.1,32,75,0.0,0.1,10,5,0.5,True,42
batch_size,32,68,68,17,0.4412261069272504,0.6899554868539174,0.001,64,4,2,128,0.1,32,75,0.0,0.1,10,5,0.5,True,42
batch_size,32,68,68,18,0.4277908515298005,0.7243922472000122,0.001,64,4,2,128,0.1,32,75,0.0,0.1,10,5,0.5,True,42
batch_size,32,68,68,19,0.40146863539562083,0.8388915797074635,0.001,64,4,2,128,0.1,32,75,0.0,0.1,10,5,0.5,True,42
batch_size,32,69,69,1,0.6994188725948334,0.6751682559649149,0.001,64,4,2,128,0.1,32,75,0.0,0.1,10,5,0.5,True,42
batch_size,32,69,69,2,0.6666567890029965,0.6546037197113037,0.001,64,4,2,128,0.1,32,75,0.0,0.1,10,5,0.5,True,42
batch_size,32,69,69,3,0.6525674227512244,0.6832855045795441,0.001,64,4,2,128,0.1,32,75,0.0,0.1,10,5,0.5,True,42
batch_size,32,69,69,4,0.6411326139262228,0.6458611289660136,0.001,64,4,2,128,0.1,32,75,0.0,0.1,10,5,0.5,True,42
batch_size,32,69,69,5,0.6296009529720653,0.6233697533607483,0.001,64,4,2,128,0.1,32,75,0.0,0.1,10,5,0.5,True,42
batch_size,32,69,69,6,0.6208706712632468,0.6041236480077108,0.001,64,4,2,128,0.1,32,75,0.0,0.1,10,5,0.5,True,42
batch_size,32,69,69,7,0.6128991144624624,0.6468898336092631,0.001,64,4,2,128,0.1,32,75,0.0,0.1,10,5,0.5,True,42
batch_size,32,69,69,8,0.5999699435902365,0.5962721208731333,0.001,64,4,2,128,0.1,32,75,0.0,0.1,10,5,0.5,True,42
batch_size,32,69,69,9,0.5906322853583278,0.6201493203639984,0.001,64,4,2,128,0.1,32,75,0.0,0.1,10,5,0.5,True,42
batch_size,32,69,69,10,0.5790481434175463,0.6004885494709015,0.001,64,4,2,128,0.1,32,75,0.0,0.1,10,5,0.5,True,42
batch_size,32,69,69,11,0.5682674741203134,0.6058602770169575,0.001,64,4,2,128,0.1,32,75,0.0,0.1,10,5,0.5,True,42
batch_size,32,69,69,12,0.5583080554550345,0.6525219817956288,0.001,64,4,2,128,0.1,32,75,0.0,0.1,10,5,0.5,True,42
batch_size,32,69,69,13,0.536413745898189,0.6544218420982361,0.001,64,4,2,128,0.1,32,75,0.0,0.1,10,5,0.5,True,42
batch_size,32,69,69,14,0.5162642914237399,0.662516039609909,0.001,64,4,2,128,0.1,32,75,0.0,0.1,10,5,0.5,True,42
batch_size,32,69,69,15,0.4649997688829899,0.7077271322409312,0.001,64,4,2,128,0.1,32,75,0.0,0.1,10,5,0.5,True,42
batch_size,32,69,69,16,0.4420209477345149,0.7073608954747518,0.001,64,4,2,128,0.1,32,75,0.0,0.1,10,5,0.5,True,42
batch_size,32,69,69,17,0.41812385912194394,0.7496069272359213,0.001,64,4,2,128,0.1,32,75,0.0,0.1,10,5,0.5,True,42
batch_size,32,69,69,18,0.39075792332490283,0.8247757494449616,0.001,64,4,2,128,0.1,32,75,0.0,0.1,10,5,0.5,True,42
batch_size,32,70,70,1,0.6930717681393479,0.674297841389974,0.001,64,4,2,128,0.1,32,75,0.0,0.1,10,5,0.5,True,42
batch_size,32,70,70,2,0.6619815031687418,0.6784456868966421,0.001,64,4,2,128,0.1,32,75,0.0,0.1,10,5,0.5,True,42
batch_size,32,70,70,3,0.6400379195357814,0.634834599494934,0.001,64,4,2,128,0.1,32,75,0.0,0.1,10,5,0.5,True,42
batch_size,32,70,70,4,0.6219705074574008,0.6234671592712402,0.001,64,4,2,128,0.1,32,75,0.0,0.1,10,5,0.5,True,42
batch_size,32,70,70,5,0.613545130825404,0.6282349169254303,0.001,64,4,2,128,0.1,32,75,0.0,0.1,10,5,0.5,True,42
batch_size,32,70,70,6,0.6000113893638958,0.655569299062093,0.001,64,4,2,128,0.1,32,75,0.0,0.1,10,5,0.5,True,42
batch_size,32,70,70,7,0.5918975422779719,0.6355665743350982,0.001,64,4,2,128,0.1,32,75,0.0,0.1,10,5,0.5,True,42
batch_size,32,70,70,8,0.5946140476700031,0.6312695026397706,0.001,64,4,2,128,0.1,32,75,0.0,0.1,10,5,0.5,True,42
batch_size,32,70,70,9,0.5730931183153932,0.6370573222637177,0.001,64,4,2,128,0.1,32,75,0.0,0.1,10,5,0.5,True,42
batch_size,32,70,70,10,0.5749430110057195,0.6330225984255473,0.001,64,4,2,128,0.1,32,75,0.0,0.1,10,5,0.5,True,42
batch_size,32,70,70,11,0.5324006622487848,0.6773368120193481,0.001,64,4,2,128,0.1,32,75,0.0,0.1,10,5,0.5,True,42
batch_size,32,70,70,12,0.5104815287120414,0.6794233878453573,0.001,64,4,2,128,0.1,32,75,0.0,0.1,10,5,0.5,True,42
batch_size,32,70,70,13,0.49795173650438135,0.7444967706998189,0.001,64,4,2,128,0.1,32,75,0.0,0.1,10,5,0.5,True,42
batch_size,32,70,70,14,0.4877033545212312,0.6962255477905274,0.001,64,4,2,128,0.1,32,75,0.0,0.1,10,5,0.5,True,42
batch_size,32,71,71,1,0.6922606216235594,0.6791182239850362,0.001,64,4,2,128,0.1,32,75,0.0,0.1,10,5,0.5,True,42
batch_size,32,71,71,2,0.6532364586989085,0.6895563940207163,0.001,64,4,2,128,0.1,32,75,0.0,0.1,10,5,0.5,True,42
batch_size,32,71,71,3,0.6420086346792452,0.6470152616500855,0.001,64,4,2,128,0.1,32,75,0.0,0.1,10,5,0.5,True,42
batch_size,32,71,71,4,0.6210594601703413,0.6595371782779693,0.001,64,4,2,128,0.1,32,75,0.0,0.1,10,5,0.5,True,42
batch_size,32,71,71,5,0.619248359718106,0.6290879130363465,0.001,64,4,2,128,0.1,32,75,0.0,0.1,10,5,0.5,True,42
batch_size,32,71,71,6,0.6060060088833173,0.6893145044644674,0.001,64,4,2,128,0.1,32,75,0.0,0.1,10,5,0.5,True,42
batch_size,32,71,71,7,0.598423763432286,0.6396093706289927,0.001,64,4,2,128,0.1,32,75,0.0,0.1,10,5,0.5,True,42
batch_size,32,71,71,8,0.5985853590748527,0.6841762145360311,0.001,64,4,2,128,0.1,32,75,0.0,0.1,10,5,0.5,True,42
batch_size,32,71,71,9,0.5907594299677646,0.6392799178759258,0.001,64,4,2,128,0.1,32,75,0.0,0.1,10,5,0.5,True,42
batch_size,32,71,71,10,0.5740303417498415,0.6666950305302938,0.001,64,4,2,128,0.1,32,75,0.0,0.1,10,5,0.5,True,42
batch_size,32,71,71,11,0.5569544915448535,0.6390828808148702,0.001,64,4,2,128,0.1,32,75,0.0,0.1,10,5,0.5,True,42
batch_size,32,71,71,12,0.5202983699061654,0.695625513792038,0.001,64,4,2,128,0.1,32,75,0.0,0.1,10,5,0.5,True,42
batch_size,32,71,71,13,0.5030258453705094,0.7031436741352082,0.001,64,4,2,128,0.1,32,75,0.0,0.1,10,5,0.5,True,42
batch_size,32,71,71,14,0.48125181753527035,0.7113916516304016,0.001,64,4,2,128,0.1,32,75,0.0,0.1,10,5,0.5,True,42
batch_size,32,71,71,15,0.45574133391633176,0.7332025567690531,0.001,64,4,2,128,0.1,32,75,0.0,0.1,10,5,0.5,True,42
batch_size,32,72,72,1,0.6929412895079815,0.6785040497779846,0.001,64,4,2,128,0.1,32,75,0.0,0.1,10,5,0.5,True,42
batch_size,32,72,72,2,0.6614866161888296,0.6698064605394999,0.001,64,4,2,128,0.1,32,75,0.0,0.1,10,5,0.5,True,42
batch_size,32,72,72,3,0.638025757038232,0.6633334755897522,0.001,64,4,2,128,0.1,32,75,0.0,0.1,10,5,0.5,True,42
batch_size,32,72,72,4,0.6243292350660671,0.6421208659807841,0.001,64,4,2,128,0.1,32,75,0.0,0.1,10,5,0.5,True,42
batch_size,32,72,72,5,0.6129065937165058,0.6542614519596099,0.001,64,4,2,128,0.1,32,75,0.0,0.1,10,5,0.5,True,42
batch_size,32,72,72,6,0.6093970699743791,0.651678725083669,0.001,64,4,2,128,0.1,32,75,0.0,0.1,10,5,0.5,True,42
batch_size,32,72,72,7,0.6091414161703803,0.6480970482031504,0.001,64,4,2,128,0.1,32,75,0.0,0.1,10,5,0.5,True,42
batch_size,32,72,72,8,0.5938929928974672,0.644929434855779,0.001,64,4,2,128,0.1,32,75,0.0,0.1,10,5,0.5,True,42
batch_size,32,72,72,9,0.5758350654081865,0.6629944066206614,0.001,64,4,2,128,0.1,32,75,0.0,0.1,10,5,0.5,True,42
batch_size,32,72,72,10,0.5625796690583229,0.6598235925038656,0.001,64,4,2,128,0.1,32,75,0.0,0.1,10,5,0.5,True,42
batch_size,32,72,72,11,0.5286020011161313,0.713946529229482,0.001,64,4,2,128,0.1,32,75,0.0,0.1,10,5,0.5,True,42
batch_size,32,72,72,12,0.5085576905897169,0.7093543430169423,0.001,64,4,2,128,0.1,32,75,0.0,0.1,10,5,0.5,True,42
batch_size,32,72,72,13,0.49107757752591913,0.6827827334403992,0.001,64,4,2,128,0.1,32,75,0.0,0.1,10,5,0.5,True,42
batch_size,32,72,72,14,0.4857869911374468,0.7311667263507843,0.001,64,4,2,128,0.1,32,75,0.0,0.1,10,5,0.5,True,42
batch_size,32,73,73,1,0.6944951929829337,0.6782616774241129,0.001,64,4,2,128,0.1,32,75,0.0,0.1,10,5,0.5,True,42
batch_size,32,73,73,2,0.6653197412237977,0.691236960887909,0.001,64,4,2,128,0.1,32,75,0.0,0.1,10,5,0.5,True,42
batch_size,32,73,73,3,0.6398966967156439,0.6440626978874207,0.001,64,4,2,128,0.1,32,75,0.0,0.1,10,5,0.5,True,42
batch_size,32,73,73,4,0.6232104457237504,0.6251911997795105,0.001,64,4,2,128,0.1,32,75,0.0,0.1,10,5,0.5,True,42
batch_size,32,73,73,5,0.6232363509409355,0.6656509836514791,0.001,64,4,2,128,0.1,32,75,0.0,0.1,10,5,0.5,True,42
batch_size,32,73,73,6,0.608643492740212,0.6752930045127868,0.001,64,4,2,128,0.1,32,75,0.0,0.1,10,5,0.5,True,42
batch_size,32,73,73,7,0.602308723736893,0.6792897482713064,0.001,64,4,2,128,0.1,32,75,0.0,0.1,10,5,0.5,True,42
batch_size,32,73,73,8,0.5893934560996114,0.6797940135002136,0.001,64,4,2,128,0.1,32,75,0.0,0.1,10,5,0.5,True,42
batch_size,32,73,73,9,0.584244302276409,0.6451153993606568,0.001,64,4,2,128,0.1,32,75,0.0,0.1,10,5,0.5,True,42
batch_size,32,73,73,10,0.5801946398886767,0.6642537156740824,0.001,64,4,2,128,0.1,32,75,0.0,0.1,10,5,0.5,True,42
batch_size,32,73,73,11,0.5367087778268438,0.6671590089797974,0.001,64,4,2,128,0.1,32,75,0.0,0.1,10,5,0.5,True,42
batch_size,32,73,73,12,0.5216379702994318,0.6811072806517283,0.001,64,4,2,128,0.1,32,75,0.0,0.1,10,5,0.5,True,42
batch_size,32,73,73,13,0.5011745910301353,0.7231320778528849,0.001,64,4,2,128,0.1,32,75,0.0,0.1,10,5,0.5,True,42
batch_size,32,73,73,14,0.48603516207499936,0.7365891218185425,0.001,64,4,2,128,0.1,32,75,0.0,0.1,10,5,0.5,True,42
batch_size,32,74,74,1,0.698371275807872,0.6688833991686504,0.001,64,4,2,128,0.1,32,75,0.0,0.1,10,5,0.5,True,42
batch_size,32,74,74,2,0.668049489458402,0.6560698469479879,0.001,64,4,2,128,0.1,32,75,0.0,0.1,10,5,0.5,True,42
batch_size,32,74,74,3,0.6504379298650858,0.6322691559791564,0.001,64,4,2,128,0.1,32,75,0.0,0.1,10,5,0.5,True,42
batch_size,32,74,74,4,0.6331161732474963,0.6279151638348898,0.001,64,4,2,128,0.1,32,75,0.0,0.1,10,5,0.5,True,42
batch_size,32,74,74,5,0.621355458416722,0.615086829662323,0.001,64,4,2,128,0.1,32,75,0.0,0.1,10,5,0.5,True,42
batch_size,32,74,74,6,0.6087427854989514,0.675948832432429,0.001,64,4,2,128,0.1,32,75,0.0,0.1,10,5,0.5,True,42
batch_size,32,74,74,7,0.6132655717206724,0.6200366179148357,0.001,64,4,2,128,0.1,32,75,0.0,0.1,10,5,0.5,True,42
batch_size,32,74,74,8,0.598518992915298,0.6353492816289266,0.001,64,4,2,128,0.1,32,75,0.0,0.1,10,5,0.5,True,42
batch_size,32,74,74,9,0.5865237857356216,0.6274877150853475,0.001,64,4,2,128,0.1,32,75,0.0,0.1,10,5,0.5,True,42
batch_size,32,74,74,10,0.5830161393140302,0.6437667767206828,0.001,64,4,2,128,0.1,32,75,0.0,0.1,10,5,0.5,True,42
batch_size,32,74,74,11,0.5757930529388514,0.6299801647663117,0.001,64,4,2,128,0.1,32,75,0.0,0.1,10,5,0.5,True,42
batch_size,32,74,74,12,0.5377530848438089,0.6464932461579641,0.001,64,4,2,128,0.1,32,75,0.0,0.1,10,5,0.5,True,42
batch_size,32,74,74,13,0.5194992585615679,0.7115541398525238,0.001,64,4,2,128,0.1,32,75,0.0,0.1,10,5,0.5,True,42
batch_size,32,74,74,14,0.5036258600426443,0.6920851926008861,0.001,64,4,2,128,0.1,32,75,0.0,0.1,10,5,0.5,True,42
batch_size,32,74,74,15,0.4803158606995236,0.7373709460099538,0.001,64,4,2,128,0.1,32,75,0.0,0.1,10,5,0.5,True,42
batch_size,32,75,75,1,0.6928373502962517,0.6609452923138937,0.001,64,4,2,128,0.1,32,75,0.0,0.1,10,5,0.5,True,42
batch_size,32,75,75,2,0.6552178706183578,0.6290835817654927,0.001,64,4,2,128,0.1,32,75,0.0,0.1,10,5,0.5,True,42
batch_size,32,75,75,3,0.6354441279263208,0.6252570450305939,0.001,64,4,2,128,0.1,32,75,0.0,0.1,10,5,0.5,True,42
batch_size,32,75,75,4,0.6256759667938406,0.6218510866165161,0.001,64,4,2,128,0.1,32,75,0.0,0.1,10,5,0.5,True,42
batch_size,32,75,75,5,0.6206248596762166,0.7005845546722412,0.001,64,4,2,128,0.1,32,75,0.0,0.1,10,5,0.5,True,42
batch_size,32,75,75,6,0.6184073948498928,0.6464545428752899,0.001,64,4,2,128,0.1,32,75,0.0,0.1,10,5,0.5,True,42
batch_size,32,75,75,7,0.6010034547159167,0.6212472478548686,0.001,64,4,2,128,0.1,32,75,0.0,0.1,10,5,0.5,True,42
batch_size,32,75,75,8,0.5930792804468762,0.6461969276269277,0.001,64,4,2,128,0.1,32,75,0.0,0.1,10,5,0.5,True,42
batch_size,32,75,75,9,0.5862829064329466,0.6267590661843617,0.001,64,4,2,128,0.1,32,75,0.0,0.1,10,5,0.5,True,42
batch_size,32,75,75,10,0.5737490784941297,0.6669331789016724,0.001,64,4,2,128,0.1,32,75,0.0,0.1,10,5,0.5,True,42
batch_size,32,75,75,11,0.561006012513782,0.63955717086792,0.001,64,4,2,128,0.1,32,75,0.0,0.1,10,5,0.5,True,42
batch_size,32,75,75,12,0.5510416116678354,0.6311133007208506,0.001,64,4,2,128,0.1,32,75,0.0,0.1,10,5,0.5,True,42
batch_size,32,75,75,13,0.5411200643037305,0.6594493607680003,0.001,64,4,2,128,0.1,32,75,0.0,0.1,10,5,0.5,True,42
batch_size,32,75,75,14,0.48809754329197336,0.6984380602836608,0.001,64,4,2,128,0.1,32,75,0.0,0.1,10,5,0.5,True,42
batch_size,32,75,75,15,0.4617322121154178,0.7006055295467377,0.001,64,4,2,128,0.1,32,75,0.0,0.1,10,5,0.5,True,42
batch_size,32,75,75,16,0.45193259124502994,0.708566027879715,0.001,64,4,2,128,0.1,32,75,0.0,0.1,10,5,0.5,True,42
batch_size,32,75,75,17,0.4331097835392663,0.7820754806200664,0.001,64,4,2,128,0.1,32,75,0.0,0.1,10,5,0.5,True,42
batch_size,32,76,76,1,0.6908141911932917,0.6786546369393667,0.001,64,4,2,128,0.1,32,75,0.0,0.1,10,5,0.5,True,42
batch_size,32,76,76,2,0.652770655173244,0.6442099332809448,0.001,64,4,2,128,0.1,32,75,0.0,0.1,10,5,0.5,True,42
batch_size,32,76,76,3,0.6391780688004061,0.6299754997094472,0.001,64,4,2,128,0.1,32,75,0.0,0.1,10,5,0.5,True,42
batch_size,32,76,76,4,0.6204057588721766,0.6514403820037842,0.001,64,4,2,128,0.1,32,75,0.0,0.1,10,5,0.5,True,42
batch_size,32,76,76,5,0.609061806490927,0.6315216143925985,0.001,64,4,2,128,0.1,32,75,0.0,0.1,10,5,0.5,True,42
batch_size,32,76,76,6,0.6004909976865306,0.6238778154055278,0.001,64,4,2,128,0.1,32,75,0.0,0.1,10,5,0.5,True,42
batch_size,32,76,76,7,0.5914535626317515,0.6276979446411133,0.001,64,4,2,128,0.1,32,75,0.0,0.1,10,5,0.5,True,42
batch_size,32,76,76,8,0.5836249282865813,0.6909440378348033,0.001,64,4,2,128,0.1,32,75,0.0,0.1,10,5,0.5,True,42
batch_size,32,76,76,9,0.5741395042701201,0.6665356775124868,0.001,64,4,2,128,0.1,32,75,0.0,0.1,10,5,0.5,True,42
batch_size,32,76,76,10,0.5664479890556047,0.648803315560023,0.001,64,4,2,128,0.1,32,75,0.0,0.1,10,5,0.5,True,42
batch_size,32,76,76,11,0.5398853861472823,0.6671673973401387,0.001,64,4,2,128,0.1,32,75,0.0,0.1,10,5,0.5,True,42
batch_size,32,76,76,12,0.534121525107008,0.6653821627298991,0.001,64,4,2,128,0.1,32,75,0.0,0.1,10,5,0.5,True,42
batch_size,32,76,76,13,0.4834457744251598,0.6975729922453563,0.001,64,4,2,128,0.1,32,75,0.0,0.1,10,5,0.5,True,42
batch_size,32,76,76,14,0.45839985053647647,0.7095384736855824,0.001,64,4,2,128,0.1,32,75,0.0,0.1,10,5,0.5,True,42
batch_size,32,76,76,15,0.4419571441231352,0.7208618521690369,0.001,64,4,2,128,0.1,32,75,0.0,0.1,10,5,0.5,True,42
batch_size,32,76,76,16,0.4304661543080301,0.7412946323553721,0.001,64,4,2,128,0.1,32,75,0.0,0.1,10,5,0.5,True,42
batch_size,32,77,77,1,0.6929190786498965,0.67541131178538,0.001,64,4,2,128,0.1,32,75,0.0,0.1,10,5,0.5,True,42
batch_size,32,77,77,2,0.6565279337492856,0.6478761672973633,0.001,64,4,2,128,0.1,32,75,0.0,0.1,10,5,0.5,True,42
batch_size,32,77,77,3,0.6339520579486182,0.654960298538208,0.001,64,4,2,128,0.1,32,75,0.0,0.1,10,5,0.5,True,42
batch_size,32,77,77,4,0.6222500288576791,0.6406677444775899,0.001,64,4,2,128,0.1,32,75,0.0,0.1,10,5,0.5,True,42
batch_size,32,77,77,5,0.6078683311740557,0.6486752510070801,0.001,64,4,2,128,0.1,32,75,0.0,0.1,10,5,0.5,True,42
batch_size,32,77,77,6,0.6029895835302093,0.6522090593973796,0.001,64,4,2,128,0.1,32,75,0.0,0.1,10,5,0.5,True,42
batch_size,32,77,77,7,0.5875727482365839,0.6533336937427521,0.001,64,4,2,128,0.1,32,75,0.0,0.1,10,5,0.5,True,42
batch_size,32,77,77,8,0.585256612662113,0.6403247773647308,0.001,64,4,2,128,0.1,32,75,0.0,0.1,10,5,0.5,True,42
batch_size,32,77,77,9,0.5731017966613625,0.6810321470101675,0.001,64,4,2,128,0.1,32,75,0.0,0.1,10,5,0.5,True,42
batch_size,32,77,77,10,0.5582763469128897,0.6815810402234396,0.001,64,4,2,128,0.1,32,75,0.0,0.1,10,5,0.5,True,42
batch_size,32,77,77,11,0.537185148985097,0.6715535680452983,0.001,64,4,2,128,0.1,32,75,0.0,0.1,10,5,0.5,True,42
batch_size,32,77,77,12,0.5247615819627588,0.6949334224065145,0.001,64,4,2,128,0.1,32,75,0.0,0.1,10,5,0.5,True,42
batch_size,32,77,77,13,0.5128608357274171,0.6646941781044007,0.001,64,4,2,128,0.1,32,75,0.0,0.1,10,5,0.5,True,42
batch_size,32,77,77,14,0.4835390279238874,0.7191039880116781,0.001,64,4,2,128,0.1,32,75,0.0,0.1,10,5,0.5,True,42
batch_size,32,77,77,15,0.4240910413138794,0.814289128780365,0.001,64,4,2,128,0.1,32,75,0.0,0.1,10,5,0.5,True,42
batch_size,32,77,77,16,0.40353113435434573,0.8454271594683329,0.001,64,4,2,128,0.1,32,75,0.0,0.1,10,5,0.5,True,42
batch_size,32,77,77,17,0.38419640414191014,0.8865927457809448,0.001,64,4,2,128,0.1,32,75,0.0,0.1,10,5,0.5,True,42
batch_size,32,77,77,18,0.3621065145866437,0.9214410463968913,0.001,64,4,2,128,0.1,32,75,0.0,0.1,10,5,0.5,True,42
batch_size,32,78,78,1,0.6937768974087455,0.7116228580474854,0.001,64,4,2,128,0.1,32,75,0.0,0.1,10,5,0.5,True,42
batch_size,32,78,78,2,0.6680921081340674,0.6598240454991658,0.001,64,4,2,128,0.1,32,75,0.0,0.1,10,5,0.5,True,42
batch_size,32,78,78,3,0.6408787794185408,0.6380913257598877,0.001,64,4,2,128,0.1,32,75,0.0,0.1,10,5,0.5,True,42
batch_size,32,78,78,4,0.6310627672708395,0.6525351405143738,0.001,64,4,2,128,0.1,32,75,0.0,0.1,10,5,0.5,True,42
batch_size,32,78,78,5,0.6113422770391811,0.6579013744990031,0.001,64,4,2,128,0.1,32,75,0.0,0.1,10,5,0.5,True,42
batch_size,32,78,78,6,0.6087468040711952,0.6371190468470256,0.001,64,4,2,128,0.1,32,75,0.0,0.1,10,5,0.5,True,42
batch_size,32,78,78,7,0.6032901087945158,0.6353811065355937,0.001,64,4,2,128,0.1,32,75,0.0,0.1,10,5,0.5,True,42
batch_size,32,78,78,8,0.5837703992923101,0.6370626370112101,0.001,64,4,2,128,0.1,32,75,0.0,0.1,10,5,0.5,True,42
batch_size,32,78,78,9,0.5803958913593581,0.6448948383331299,0.001,64,4,2,128,0.1,32,75,0.0,0.1,10,5,0.5,True,42
batch_size,32,78,78,10,0.5710837373679335,0.630340721209844,0.001,64,4,2,128,0.1,32,75,0.0,0.1,10,5,0.5,True,42
batch_size,32,78,78,11,0.5602838561841936,0.6795826653639475,0.001,64,4,2,128,0.1,32,75,0.0,0.1,10,5,0.5,True,42
batch_size,32,78,78,12,0.5446559929034926,0.6689360678195954,0.001,64,4,2,128,0.1,32,75,0.0,0.1,10,5,0.5,True,42
batch_size,32,78,78,13,0.5313247047138937,0.6696554998556773,0.001,64,4,2,128,0.1,32,75,0.0,0.1,10,5,0.5,True,42
batch_size,32,78,78,14,0.5177120270602631,0.6413629531860352,0.001,64,4,2,128,0.1,32,75,0.0,0.1,10,5,0.5,True,42
batch_size,32,78,78,15,0.503164468615344,0.687146270275116,0.001,64,4,2,128,0.1,32,75,0.0,0.1,10,5,0.5,True,42
batch_size,32,78,78,16,0.4858685431606842,0.7160104314486185,0.001,64,4,2,128,0.1,32,75,0.0,0.1,10,5,0.5,True,42
batch_size,32,78,78,17,0.41910658144589624,0.7360526740550994,0.001,64,4,2,128,0.1,32,75,0.0,0.1,10,5,0.5,True,42
batch_size,32,78,78,18,0.3965601651280215,0.7783343474070231,0.001,64,4,2,128,0.1,32,75,0.0,0.1,10,5,0.5,True,42
batch_size,32,78,78,19,0.36912427695863176,0.8320319135983785,0.001,64,4,2,128,0.1,32,75,0.0,0.1,10,5,0.5,True,42
batch_size,32,78,78,20,0.35539896481416444,0.9093165338039398,0.001,64,4,2,128,0.1,32,75,0.0,0.1,10,5,0.5,True,42
batch_size,32,79,79,1,0.6940979040933378,0.6594772815704346,0.001,64,4,2,128,0.1,32,75,0.0,0.1,10,5,0.5,True,42
batch_size,32,79,79,2,0.6535943480152072,0.6337448557217916,0.001,64,4,2,128,0.1,32,75,0.0,0.1,10,5,0.5,True,42
batch_size,32,79,79,3,0.6399871801788156,0.6709656735261281,0.001,64,4,2,128,0.1,32,75,0.0,0.1,10,5,0.5,True,42
batch_size,32,79,79,4,0.6322454214096069,0.68016330798467,0.001,64,4,2,128,0.1,32,75,0.0,0.1,10,5,0.5,True,42
batch_size,32,79,79,5,0.6221453926780007,0.6344226280848185,0.001,64,4,2,128,0.1,32,75,0.0,0.1,10,5,0.5,True,42
batch_size,32,79,79,6,0.6177398388584455,0.6208382288614909,0.001,64,4,2,128,0.1,32,75,0.0,0.1,10,5,0.5,True,42
batch_size,32,79,79,7,0.6031666032292626,0.6191627462704976,0.001,64,4,2,128,0.1,32,75,0.0,0.1,10,5,0.5,True,42
batch_size,32,79,79,8,0.5956106937744401,0.6670644064744313,0.001,64,4,2,128,0.1,32,75,0.0,0.1,10,5,0.5,True,42
batch_size,32,79,79,9,0.5925508712728819,0.6683504462242127,0.001,64,4,2,128,0.1,32,75,0.0,0.1,10,5,0.5,True,42
batch_size,32,79,79,10,0.5671890023531336,0.6752054611841838,0.001,64,4,2,128,0.1,32,75,0.0,0.1,10,5,0.5,True,42
batch_size,32,79,79,11,0.5619488500735976,0.6498680869738261,0.001,64,4,2,128,0.1,32,75,0.0,0.1,10,5,0.5,True,42
batch_size,32,79,79,12,0.5505489271247026,0.7107692857583364,0.001,64,4,2,128,0.1,32,75,0.0,0.1,10,5,0.5,True,42
batch_size,32,79,79,13,0.5306946644277284,0.6594857573509216,0.001,64,4,2,128,0.1,32,75,0.0,0.1,10,5,0.5,True,42
batch_size,32,79,79,14,0.4789981826236754,0.7272985736529033,0.001,64,4,2,128,0.1,32,75,0.0,0.1,10,5,0.5,True,42
batch_size,32,79,79,15,0.4571963223544034,0.6948708732922871,0.001,64,4,2,128,0.1,32,75,0.0,0.1,10,5,0.5,True,42
batch_size,32,79,79,16,0.42909560239676275,0.742192268371582,0.001,64,4,2,128,0.1,32,75,0.0,0.1,10,5,0.5,True,42
batch_size,32,79,79,17,0.40281633840817394,0.8189163247744242,0.001,64,4,2,128,0.1,32,75,0.0,0.1,10,5,0.5,True,42
batch_size,32,80,80,1,0.6859244424285311,0.6691801349322001,0.001,64,4,2,128,0.1,32,75,0.0,0.1,10,5,0.5,True,42
batch_size,32,80,80,2,0.6514366160739552,0.6433722337086996,0.001,64,4,2,128,0.1,32,75,0.0,0.1,10,5,0.5,True,42
batch_size,32,80,80,3,0.6291371879704071,0.6733384509881337,0.001,64,4,2,128,0.1,32,75,0.0,0.1,10,5,0.5,True,42
batch_size,32,80,80,4,0.6267885276765535,0.6724944810072581,0.001,64,4,2,128,0.1,32,75,0.0,0.1,10,5,0.5,True,42
batch_size,32,80,80,5,0.6141254696430583,0.6354014615217844,0.001,64,4,2,128,0.1,32,75,0.0,0.1,10,5,0.5,True,42
batch_size,32,80,80,6,0.609369697895917,0.6324129005273184,0.001,64,4,2,128,0.1,32,75,0.0,0.1,10,5,0.5,True,42
batch_size,32,80,80,7,0.6078873373793833,0.6899878501892089,0.001,64,4,2,128,0.1,32,75,0.0,0.1,10,5,0.5,True,42
batch_size,32,80,80,8,0.5980600296999469,0.6618106226126353,0.001,64,4,2,128,0.1,32,75,0.0,0.1,10,5,0.5,True,42
batch_size,32,80,80,9,0.587399749367526,0.6284794290860494,0.001,64,4,2,128,0.1,32,75,0.0,0.1,10,5,0.5,True,42
batch_size,32,80,80,10,0.5788722941369722,0.6305551886558532,0.001,64,4,2,128,0.1,32,75,0.0,0.1,10,5,0.5,True,42
batch_size,32,80,80,11,0.5706903634197784,0.654252270857493,0.001,64,4,2,128,0.1,32,75,0.0,0.1,10,5,0.5,True,42
batch_size,32,80,80,12,0.56542342427102,0.6106924176216125,0.001,64,4,2,128,0.1,32,75,0.0,0.1,10,5,0.5,True,42
batch_size,32,80,80,13,0.54960914859266,0.6305480400721232,0.001,64,4,2,128,0.1,32,75,0.0,0.1,10,5,0.5,True,42
batch_size,32,80,80,14,0.531606557242798,0.6347955385843913,0.001,64,4,2,128,0.1,32,75,0.0,0.1,10,5,0.5,True,42
batch_size,32,80,80,15,0.5152223148580753,0.6418275038401285,0.001,64,4,2,128,0.1,32,75,0.0,0.1,10,5,0.5,True,42
batch_size,32,80,80,16,0.4937235157598149,0.6857512990633646,0.001,64,4,2,128,0.1,32,75,0.0,0.1,10,5,0.5,True,42
batch_size,32,80,80,17,0.47490888224406674,0.7005737761656443,0.001,64,4,2,128,0.1,32,75,0.0,0.1,10,5,0.5,True,42
batch_size,32,80,80,18,0.46537727817441477,0.7328839759031932,0.001,64,4,2,128,0.1,32,75,0.0,0.1,10,5,0.5,True,42
batch_size,32,80,80,19,0.39987437675396603,0.8768976817528407,0.001,64,4,2,128,0.1,32,75,0.0,0.1,10,5,0.5,True,42
batch_size,32,80,80,20,0.3737741615058798,0.849158497651418,0.001,64,4,2,128,0.1,32,75,0.0,0.1,10,5,0.5,True,42
batch_size,32,80,80,21,0.3473294995386492,0.9117185950279236,0.001,64,4,2,128,0.1,32,75,0.0,0.1,10,5,0.5,True,42
batch_size,32,80,80,22,0.3355306080457839,0.9356316169102986,0.001,64,4,2,128,0.1,32,75,0.0,0.1,10,5,0.5,True,42
batch_size,32,81,81,1,0.6953004350264868,0.6681127389272054,0.001,64,4,2,128,0.1,32,75,0.0,0.1,10,5,0.5,True,42
batch_size,32,81,81,2,0.6611600581443671,0.6701159000396728,0.001,64,4,2,128,0.1,32,75,0.0,0.1,10,5,0.5,True,42
batch_size,32,81,81,3,0.6292209374633703,0.634627366065979,0.001,64,4,2,128,0.1,32,75,0.0,0.1,10,5,0.5,True,42
batch_size,32,81,81,4,0.6139721421129776,0.6755009035269419,0.001,64,4,2,128,0.1,32,75,0.0,0.1,10,5,0.5,True,42
batch_size,32,81,81,5,0.6158809232892413,0.6391588767369588,0.001,64,4,2,128,0.1,32,75,0.0,0.1,10,5,0.5,True,42
batch_size,32,81,81,6,0.6069822245926568,0.6542988737424215,0.001,64,4,2,128,0.1,32,75,0.0,0.1,10,5,0.5,True,42
batch_size,32,81,81,7,0.5887847743702658,0.6454884688059489,0.001,64,4,2,128,0.1,32,75,0.0,0.1,10,5,0.5,True,42
batch_size,32,81,81,8,0.5787640956766678,0.6532508214314778,0.001,64,4,2,128,0.1,32,75,0.0,0.1,10,5,0.5,True,42
batch_size,32,81,81,9,0.5687307677034176,0.636263350645701,0.001,64,4,2,128,0.1,32,75,0.0,0.1,10,5,0.5,True,42
batch_size,32,81,81,10,0.5287722012761867,0.6348209142684936,0.001,64,4,2,128,0.1,32,75,0.0,0.1,10,5,0.5,True,42
batch_size,32,81,81,11,0.5126876548835726,0.6573404649893443,0.001,64,4,2,128,0.1,32,75,0.0,0.1,10,5,0.5,True,42
batch_size,32,81,81,12,0.4972920853531722,0.6655799309412639,0.001,64,4,2,128,0.1,32,75,0.0,0.1,10,5,0.5,True,42
batch_size,32,81,81,13,0.4799246232617985,0.7034929831822713,0.001,64,4,2,128,0.1,32,75,0.0,0.1,10,5,0.5,True,42
batch_size,32,82,82,1,0.6978589002833222,0.6954191227753957,0.001,64,4,2,128,0.1,32,75,0.0,0.1,10,5,0.5,True,42
batch_size,32,82,82,2,0.667345075896292,0.6891508519649505,0.001,64,4,2,128,0.1,32,75,0.0,0.1,10,5,0.5,True,42
batch_size,32,82,82,3,0.6568135948795261,0.6660239418347677,0.001,64,4,2,128,0.1,32,75,0.0,0.1,10,5,0.5,True,42
batch_size,32,82,82,4,0.6264972381971099,0.6577631771564484,0.001,64,4,2,128,0.1,32,75,0.0,0.1,10,5,0.5,True,42
batch_size,32,82,82,5,0.6347940049388192,0.6429731806119283,0.001,64,4,2,128,0.1,32,75,0.0,0.1,10,5,0.5,True,42
batch_size,32,82,82,6,0.6208600228031477,0.656569908062617,0.001,64,4,2,128,0.1,32,75,0.0,0.1,10,5,0.5,True,42
batch_size,32,82,82,7,0.6137642266623902,0.6428649306297303,0.001,64,4,2,128,0.1,32,75,0.0,0.1,10,5,0.5,True,42
batch_size,32,82,82,8,0.6059040303031603,0.6426401495933532,0.001,64,4,2,128,0.1,32,75,0.0,0.1,10,5,0.5,True,42
batch_size,32,82,82,9,0.5985902281421603,0.6330681701501211,0.001,64,4,2,128,0.1,32,75,0.0,0.1,10,5,0.5,True,42
batch_size,32,82,82,10,0.585709923370318,0.6691375414530436,0.001,64,4,2,128,0.1,32,75,0.0,0.1,10,5,0.5,True,42
batch_size,32,82,82,11,0.5793238587000153,0.6436491131782531,0.001,64,4,2,128,0.1,32,75,0.0,0.1,10,5,0.5,True,42
batch_size,32,82,82,12,0.5681498980883396,0.6516533037026723,0.001,64,4,2,128,0.1,32,75,0.0,0.1,10,5,0.5,True,42
batch_size,32,82,82,13,0.556080127981576,0.6800848086675008,0.001,64,4,2,128,0.1,32,75,0.0,0.1,10,5,0.5,True,42
batch_size,32,82,82,14,0.5367974232543599,0.7009641667207082,0.001,64,4,2,128,0.1,32,75,0.0,0.1,10,5,0.5,True,42
batch_size,32,82,82,15,0.5249604433774948,0.6955512762069702,0.001,64,4,2,128,0.1,32,75,0.0,0.1,10,5,0.5,True,42
batch_size,32,82,82,16,0.4780165117346879,0.712927128871282,0.001,64,4,2,128,0.1,32,75,0.0,0.1,10,5,0.5,True,42
batch_size,32,82,82,17,0.459326934633833,0.7194151361783345,0.001,64,4,2,128,0.1,32,75,0.0,0.1,10,5,0.5,True,42
batch_size,32,82,82,18,0.4310162008711786,0.7668537616729736,0.001,64,4,2,128,0.1,32,75,0.0,0.1,10,5,0.5,True,42
batch_size,32,82,82,19,0.4119629522390438,0.8179218192895253,0.001,64,4,2,128,0.1,32,75,0.0,0.1,10,5,0.5,True,42
batch_size,32,83,83,1,0.6947646393920436,0.6665822307268778,0.001,64,4,2,128,0.1,32,75,0.0,0.1,10,5,0.5,True,42
batch_size,32,83,83,2,0.6628916064898173,0.6587779959042867,0.001,64,4,2,128,0.1,32,75,0.0,0.1,10,5,0.5,True,42
batch_size,32,83,83,3,0.6369409931428505,0.6383550683657329,0.001,64,4,2,128,0.1,32,75,0.0,0.1,10,5,0.5,True,42
batch_size,32,83,83,4,0.6365428618860968,0.6278969864050548,0.001,64,4,2,128,0.1,32,75,0.0,0.1,10,5,0.5,True,42
batch_size,32,83,83,5,0.6150322509082881,0.630341229836146,0.001,64,4,2,128,0.1,32,75,0.0,0.1,10,5,0.5,True,42
batch_size,32,83,83,6,0.6029580628330057,0.6252870976924896,0.001,64,4,2,128,0.1,32,75,0.0,0.1,10,5,0.5,True,42
batch_size,32,83,83,7,0.5985756159731837,0.6253181835015614,0.001,64,4,2,128,0.1,32,75,0.0,0.1,10,5,0.5,True,42
batch_size,32,83,83,8,0.5874547086881868,0.6343751430511475,0.001,64,4,2,128,0.1,32,75,0.0,0.1,10,5,0.5,True,42
batch_size,32,83,83,9,0.572805447334593,0.6445922056833903,0.001,64,4,2,128,0.1,32,75,0.0,0.1,10,5,0.5,True,42
batch_size,32,83,83,10,0.5573030423485872,0.6824021975199381,0.001,64,4,2,128,0.1,32,75,0.0,0.1,10,5,0.5,True,42
batch_size,32,83,83,11,0.5526849151109204,0.6817847768465678,0.001,64,4,2,128,0.1,32,75,0.0,0.1,10,5,0.5,True,42
batch_size,32,83,83,12,0.5379953892393545,0.6635471781094869,0.001,64,4,2,128,0.1,32,75,0.0,0.1,10,5,0.5,True,42
batch_size,32,83,83,13,0.48115013065663254,0.7128595074017843,0.001,64,4,2,128,0.1,32,75,0.0,0.1,10,5,0.5,True,42
batch_size,32,83,83,14,0.45980442654002796,0.7715606053670248,0.001,64,4,2,128,0.1,32,75,0.0,0.1,10,5,0.5,True,42
batch_size,32,83,83,15,0.4263791579640273,0.7714857419331869,0.001,64,4,2,128,0.1,32,75,0.0,0.1,10,5,0.5,True,42
batch_size,32,83,83,16,0.41619621792977507,0.7444825728734334,0.001,64,4,2,128,0.1,32,75,0.0,0.1,10,5,0.5,True,42
batch_size,32,84,84,1,0.6946247025872722,0.6764277338981628,0.001,64,4,2,128,0.1,32,75,0.0,0.1,10,5,0.5,True,42
batch_size,32,84,84,2,0.6637746438835607,0.7089802722136179,0.001,64,4,2,128,0.1,32,75,0.0,0.1,10,5,0.5,True,42
batch_size,32,84,84,3,0.6421421881426465,0.6377747575441997,0.001,64,4,2,128,0.1,32,75,0.0,0.1,10,5,0.5,True,42
batch_size,32,84,84,4,0.625735706000617,0.6296607931454976,0.001,64,4,2,128,0.1,32,75,0.0,0.1,10,5,0.5,True,42
batch_size,32,84,84,5,0.6150441120068232,0.6473323861757915,0.001,64,4,2,128,0.1,32,75,0.0,0.1,10,5,0.5,True,42
batch_size,32,84,84,6,0.6047323470314344,0.6354536334673564,0.001,64,4,2,128,0.1,32,75,0.0,0.1,10,5,0.5,True,42
batch_size,32,84,84,7,0.6033097580075264,0.620205569267273,0.001,64,4,2,128,0.1,32,75,0.0,0.1,10,5,0.5,True,42
batch_size,32,84,84,8,0.5950970489418868,0.6222492078940074,0.001,64,4,2,128,0.1,32,75,0.0,0.1,10,5,0.5,True,42
batch_size,32,84,84,9,0.5821247690103271,0.6252673864364624,0.001,64,4,2,128,0.1,32,75,0.0,0.1,10,5,0.5,True,42
batch_size,32,84,84,10,0.5685486533876621,0.6192615767319997,0.001,64,4,2,128,0.1,32,75,0.0,0.1,10,5,0.5,True,42
batch_size,32,84,84,11,0.5663313901785648,0.6587491472562154,0.001,64,4,2,128,0.1,32,75,0.0,0.1,10,5,0.5,True,42
batch_size,32,84,84,12,0.5445523871616884,0.6569577058156332,0.001,64,4,2,128,0.1,32,75,0.0,0.1,10,5,0.5,True,42
batch_size,32,84,84,13,0.5297948250716383,0.6324380775292714,0.001,64,4,2,128,0.1,32,75,0.0,0.1,10,5,0.5,True,42
batch_size,32,84,84,14,0.5075972947207364,0.7044028460979461,0.001,64,4,2,128,0.1,32,75,0.0,0.1,10,5,0.5,True,42
batch_size,32,84,84,15,0.49120472529620834,0.6826996485392253,0.001,64,4,2,128,0.1,32,75,0.0,0.1,10,5,0.5,True,42
batch_size,32,84,84,16,0.4729542972689325,0.6653446853160858,0.001,64,4,2,128,0.1,32,75,0.0,0.1,10,5,0.5,True,42
batch_size,32,84,84,17,0.4117708443240686,0.7195373376210531,0.001,64,4,2,128,0.1,32,75,0.0,0.1,10,5,0.5,True,42
batch_size,32,84,84,18,0.3839187508053852,0.8314738094806671,0.001,64,4,2,128,0.1,32,75,0.0,0.1,10,5,0.5,True,42
batch_size,32,84,84,19,0.36648699246121175,0.7758725663026174,0.001,64,4,2,128,0.1,32,75,0.0,0.1,10,5,0.5,True,42
batch_size,32,84,84,20,0.34459434856068005,0.8191597044467926,0.001,64,4,2,128,0.1,32,75,0.0,0.1,10,5,0.5,True,42
batch_size,32,85,85,1,0.6890596088134882,0.6582133452097575,0.001,64,4,2,128,0.1,32,75,0.0,0.1,10,5,0.5,True,42
batch_size,32,85,85,2,0.6554134036555435,0.663584033648173,0.001,64,4,2,128,0.1,32,75,0.0,0.1,10,5,0.5,True,42
batch_size,32,85,85,3,0.6439633979038759,0.6307577808698018,0.001,64,4,2,128,0.1,32,75,0.0,0.1,10,5,0.5,True,42
batch_size,32,85,85,4,0.6326964940085555,0.6782157997290293,0.001,64,4,2,128,0.1,32,75,0.0,0.1,10,5,0.5,True,42
batch_size,32,85,85,5,0.6244691967061071,0.6294217129548391,0.001,64,4,2,128,0.1,32,75,0.0,0.1,10,5,0.5,True,42
batch_size,32,85,85,6,0.6115981283964533,0.6348076085249583,0.001,64,4,2,128,0.1,32,75,0.0,0.1,10,5,0.5,True,42
batch_size,32,85,85,7,0.5977471475348328,0.700993553797404,0.001,64,4,2,128,0.1,32,75,0.0,0.1,10,5,0.5,True,42
batch_size,32,85,85,8,0.5962641812635191,0.6310771962006887,0.001,64,4,2,128,0.1,32,75,0.0,0.1,10,5,0.5,True,42
batch_size,32,85,85,9,0.5796021344986829,0.6692932466665904,0.001,64,4,2,128,0.1,32,75,0.0,0.1,10,5,0.5,True,42
batch_size,32,85,85,10,0.5719926533373919,0.6401949604352315,0.001,64,4,2,128,0.1,32,75,0.0,0.1,10,5,0.5,True,42
batch_size,32,85,85,11,0.556210144225395,0.6602534770965576,0.001,64,4,2,128,0.1,32,75,0.0,0.1,10,5,0.5,True,42
batch_size,32,85,85,12,0.5077559546087728,0.693140039841334,0.001,64,4,2,128,0.1,32,75,0.0,0.1,10,5,0.5,True,42
batch_size,32,85,85,13,0.48682475993127533,0.7037549257278443,0.001,64,4,2,128,0.1,32,75,0.0,0.1,10,5,0.5,True,42
batch_size,32,85,85,14,0.45973620496012946,0.7754036168257396,0.001,64,4,2,128,0.1,32,75,0.0,0.1,10,5,0.5,True,42
batch_size,32,85,85,15,0.4504146827667048,0.7519709308942158,0.001,64,4,2,128,0.1,32,75,0.0,0.1,10,5,0.5,True,42
batch_size,32,86,86,1,0.6946402083743702,0.6855534116427103,0.001,64,4,2,128,0.1,32,75,0.0,0.1,10,5,0.5,True,42
batch_size,32,86,86,2,0.6681074102719625,0.6531881729761759,0.001,64,4,2,128,0.1,32,75,0.0,0.1,10,5,0.5,True,42
batch_size,32,86,86,3,0.6436868556069605,0.6343316674232483,0.001,64,4,2,128,0.1,32,75,0.0,0.1,10,5,0.5,True,42
batch_size,32,86,86,4,0.6275116189411192,0.7314683894316355,0.001,64,4,2,128,0.1,32,75,0.0,0.1,10,5,0.5,True,42
batch_size,32,86,86,5,0.6245452770681093,0.6311815758546193,0.001,64,4,2,128,0.1,32,75,0.0,0.1,10,5,0.5,True,42
batch_size,32,86,86,6,0.6136399320129192,0.6369007766246796,0.001,64,4,2,128,0.1,32,75,0.0,0.1,10,5,0.5,True,42
batch_size,32,86,86,7,0.6043206582015211,0.6336782177289327,0.001,64,4,2,128,0.1,32,75,0.0,0.1,10,5,0.5,True,42
batch_size,32,86,86,8,0.6023527074492339,0.6261895875136058,0.001,64,4,2,128,0.1,32,75,0.0,0.1,10,5,0.5,True,42
batch_size,32,86,86,9,0.5981478004744558,0.6431896030902863,0.001,64,4,2,128,0.1,32,75,0.0,0.1,10,5,0.5,True,42
batch_size,32,86,86,10,0.5800716183853872,0.6637783149878184,0.001,64,4,2,128,0.1,32,75,0.0,0.1,10,5,0.5,True,42
batch_size,32,86,86,11,0.5810651058952013,0.6478136360645295,0.001,64,4,2,128,0.1,32,75,0.0,0.1,10,5,0.5,True,42
batch_size,32,86,86,12,0.576139417787393,0.6505030969778697,0.001,64,4,2,128,0.1,32,75,0.0,0.1,10,5,0.5,True,42
batch_size,32,86,86,13,0.5538656729640383,0.6385607481002807,0.001,64,4,2,128,0.1,32,75,0.0,0.1,10,5,0.5,True,42
batch_size,32,86,86,14,0.5492338416251269,0.6255969544251759,0.001,64,4,2,128,0.1,32,75,0.0,0.1,10,5,0.5,True,42
batch_size,32,86,86,15,0.5211881911664298,0.6787043372790019,0.001,64,4,2,128,0.1,32,75,0.0,0.1,10,5,0.5,True,42
batch_size,32,86,86,16,0.5187702203790346,0.6877263466517131,0.001,64,4,2,128,0.1,32,75,0.0,0.1,10,5,0.5,True,42
batch_size,32,86,86,17,0.4902617495619889,0.7109442591667176,0.001,64,4,2,128,0.1,32,75,0.0,0.1,10,5,0.5,True,42
batch_size,32,86,86,18,0.4736879246704506,0.6825367490450541,0.001,64,4,2,128,0.1,32,75,0.0,0.1,10,5,0.5,True,42
batch_size,32,86,86,19,0.4649051542986523,0.710111161073049,0.001,64,4,2,128,0.1,32,75,0.0,0.1,10,5,0.5,True,42
batch_size,32,86,86,20,0.43111117251894693,0.8026177565256755,0.001,64,4,2,128,0.1,32,75,0.0,0.1,10,5,0.5,True,42
batch_size,32,86,86,21,0.3635946830565279,0.8414565761884053,0.001,64,4,2,128,0.1,32,75,0.0,0.1,10,5,0.5,True,42
batch_size,32,86,86,22,0.32957994136394875,0.8941714545090993,0.001,64,4,2,128,0.1,32,75,0.0,0.1,10,5,0.5,True,42
batch_size,32,86,86,23,0.33095696274981357,0.9349291265010834,0.001,64,4,2,128,0.1,32,75,0.0,0.1,10,5,0.5,True,42
batch_size,32,86,86,24,0.30541519098209613,0.9887663682301839,0.001,64,4,2,128,0.1,32,75,0.0,0.1,10,5,0.5,True,42
batch_size,32,87,87,1,0.6925553399505038,0.6963921288649241,0.001,64,4,2,128,0.1,32,75,0.0,0.1,10,5,0.5,True,42
batch_size,32,87,87,2,0.6629032036571791,0.698386021455129,0.001,64,4,2,128,0.1,32,75,0.0,0.1,10,5,0.5,True,42
batch_size,32,87,87,3,0.6416243179277941,0.6259918789068858,0.001,64,4,2,128,0.1,32,75,0.0,0.1,10,5,0.5,True,42
batch_size,32,87,87,4,0.6307224084933599,0.6396068215370179,0.001,64,4,2,128,0.1,32,75,0.0,0.1,10,5,0.5,True,42
batch_size,32,87,87,5,0.6187031113288619,0.6384750545024872,0.001,64,4,2,128,0.1,32,75,0.0,0.1,10,5,0.5,True,42
batch_size,32,87,87,6,0.6105168534047676,0.6267424345016479,0.001,64,4,2,128,0.1,32,75,0.0,0.1,10,5,0.5,True,42
batch_size,32,87,87,7,0.6003790283293435,0.6481205622355143,0.001,64,4,2,128,0.1,32,75,0.0,0.1,10,5,0.5,True,42
batch_size,32,87,87,8,0.5920477387580004,0.6185349841912587,0.001,64,4,2,128,0.1,32,75,0.0,0.1,10,5,0.5,True,42
batch_size,32,87,87,9,0.5820699885036006,0.6137537658214569,0.001,64,4,2,128,0.1,32,75,0.0,0.1,10,5,0.5,True,42
batch_size,32,87,87,10,0.5714565337155805,0.6151480674743652,0.001,64,4,2,128,0.1,32,75,0.0,0.1,10,5,0.5,True,42
batch_size,32,87,87,11,0.5648547754143224,0.6162988603115082,0.001,64,4,2,128,0.1,32,75,0.0,0.1,10,5,0.5,True,42
batch_size,32,87,87,12,0.5479417003013871,0.6489308853944142,0.001,64,4,2,128,0.1,32,75,0.0,0.1,10,5,0.5,True,42
batch_size,32,87,87,13,0.5347357672272306,0.663873956600825,0.001,64,4,2,128,0.1,32,75,0.0,0.1,10,5,0.5,True,42
batch_size,32,87,87,14,0.5094150485414447,0.6228779474894206,0.001,64,4,2,128,0.1,32,75,0.0,0.1,10,5,0.5,True,42
batch_size,32,87,87,15,0.4921824150916302,0.6608045478661855,0.001,64,4,2,128,0.1,32,75,0.0,0.1,10,5,0.5,True,42
batch_size,32,87,87,16,0.4463954677410198,0.7134068965911865,0.001,64,4,2,128,0.1,32,75,0.0,0.1,10,5,0.5,True,42
batch_size,32,87,87,17,0.42374372933850146,0.7061154305934906,0.001,64,4,2,128,0.1,32,75,0.0,0.1,10,5,0.5,True,42
batch_size,32,87,87,18,0.3966509295683919,0.7535952428976694,0.001,64,4,2,128,0.1,32,75,0.0,0.1,10,5,0.5,True,42
batch_size,32,87,87,19,0.3785015045467651,0.7080069581667582,0.001,64,4,2,128,0.1,32,75,0.0,0.1,10,5,0.5,True,42
batch_size,32,88,88,1,0.6987883349259695,0.6827003637949626,0.001,64,4,2,128,0.1,32,75,0.0,0.1,10,5,0.5,True,42
batch_size,32,88,88,2,0.6671896197579124,0.6600055932998657,0.001,64,4,2,128,0.1,32,75,0.0,0.1,10,5,0.5,True,42
batch_size,32,88,88,3,0.6489441656705105,0.6594231863816579,0.001,64,4,2,128,0.1,32,75,0.0,0.1,10,5,0.5,True,42
batch_size,32,88,88,4,0.6260359453206713,0.6663826505343119,0.001,64,4,2,128,0.1,32,75,0.0,0.1,10,5,0.5,True,42
batch_size,32,88,88,5,0.6197904364177675,0.6462233225504558,0.001,64,4,2,128,0.1,32,75,0.0,0.1,10,5,0.5,True,42
batch_size,32,88,88,6,0.618041362500552,0.6414662758509319,0.001,64,4,2,128,0.1,32,75,0.0,0.1,10,5,0.5,True,42
batch_size,32,88,88,7,0.6059501270453135,0.632472942272822,0.001,64,4,2,128,0.1,32,75,0.0,0.1,10,5,0.5,True,42
batch_size,32,88,88,8,0.5984172595269752,0.6563579340775808,0.001,64,4,2,128,0.1,32,75,0.0,0.1,10,5,0.5,True,42
batch_size,32,88,88,9,0.5810945546536734,0.6788964033126831,0.001,64,4,2,128,0.1,32,75,0.0,0.1,10,5,0.5,True,42
batch_size,32,88,88,10,0.5701431331760956,0.6644044478734334,0.001,64,4,2,128,0.1,32,75,0.0,0.1,10,5,0.5,True,42
batch_size,32,88,88,11,0.5633724297989499,0.6720559477806092,0.001,64,4,2,128,0.1,32,75,0.0,0.1,10,5,0.5,True,42
batch_size,32,88,88,12,0.549319212409583,0.6695367912451426,0.001,64,4,2,128,0.1,32,75,0.0,0.1,10,5,0.5,True,42
batch_size,32,88,88,13,0.5244059737658862,0.7046758572260539,0.001,64,4,2,128,0.1,32,75,0.0,0.1,10,5,0.5,True,42
batch_size,32,88,88,14,0.4748068214817481,0.7330993831157684,0.001,64,4,2,128,0.1,32,75,0.0,0.1,10,5,0.5,True,42
batch_size,32,88,88,15,0.4606693490888133,0.7162347118059794,0.001,64,4,2,128,0.1,32,75,0.0,0.1,10,5,0.5,True,42
batch_size,32,88,88,16,0.4349987314957561,0.7866661469141643,0.001,64,4,2,128,0.1,32,75,0.0,0.1,10,5,0.5,True,42
batch_size,32,88,88,17,0.427778210490942,0.7879607637723287,0.001,64,4,2,128,0.1,32,75,0.0,0.1,10,5,0.5,True,42
batch_size,32,89,89,1,0.6962156873760801,0.6843052585919698,0.001,64,4,2,128,0.1,32,75,0.0,0.1,10,5,0.5,True,42
batch_size,32,89,89,2,0.6735833255630551,0.6625364621480306,0.001,64,4,2,128,0.1,32,75,0.0,0.1,10,5,0.5,True,42
batch_size,32,89,89,3,0.6601229346159733,0.6494147539138794,0.001,64,4,2,128,0.1,32,75,0.0,0.1,10,5,0.5,True,42
batch_size,32,89,89,4,0.6344978719046621,0.6281224171320597,0.001,64,4,2,128,0.1,32,75,0.0,0.1,10,5,0.5,True,42
batch_size,32,89,89,5,0.6187992789077036,0.6509147604306539,0.001,64,4,2,128,0.1,32,75,0.0,0.1,10,5,0.5,True,42
batch_size,32,89,89,6,0.6273427203749166,0.6168717265129089,0.001,64,4,2,128,0.1,32,75,0.0,0.1,10,5,0.5,True,42
batch_size,32,89,89,7,0.6099720077984261,0.6164604604244233,0.001,64,4,2,128,0.1,32,75,0.0,0.1,10,5,0.5,True,42
batch_size,32,89,89,8,0.5979411453008652,0.6134483138720195,0.001,64,4,2,128,0.1,32,75,0.0,0.1,10,5,0.5,True,42
batch_size,32,89,89,9,0.591430468315428,0.6296637256940206,0.001,64,4,2,128,0.1,32,75,0.0,0.1,10,5,0.5,True,42
batch_size,32,89,89,10,0.5867682948256984,0.6214382489522298,0.001,64,4,2,128,0.1,32,75,0.0,0.1,10,5,0.5,True,42
batch_size,32,89,89,11,0.5732280855829065,0.6372091174125671,0.001,64,4,2,128,0.1,32,75,0.0,0.1,10,5,0.5,True,42
batch_size,32,89,89,12,0.5570267156669588,0.6237589399019877,0.001,64,4,2,128,0.1,32,75,0.0,0.1,10,5,0.5,True,42
batch_size,32,89,89,13,0.5406194019949797,0.655939386288325,0.001,64,4,2,128,0.1,32,75,0.0,0.1,10,5,0.5,True,42
batch_size,32,89,89,14,0.5182490303660884,0.6898845314979554,0.001,64,4,2,128,0.1,32,75,0.0,0.1,10,5,0.5,True,42
batch_size,32,89,89,15,0.4647397520867261,0.7003850221633912,0.001,64,4,2,128,0.1,32,75,0.0,0.1,10,5,0.5,True,42
batch_size,32,89,89,16,0.45967942950400437,0.7039427240689595,0.001,64,4,2,128,0.1,32,75,0.0,0.1,10,5,0.5,True,42
batch_size,32,89,89,17,0.4268730412604231,0.7092367351055145,0.001,64,4,2,128,0.1,32,75,0.0,0.1,10,5,0.5,True,42
batch_size,32,89,89,18,0.4200483483798576,0.7293411195278168,0.001,64,4,2,128,0.1,32,75,0.0,0.1,10,5,0.5,True,42
batch_size,32,90,90,1,0.686161506356615,0.6886217375596364,0.001,64,4,2,128,0.1,32,75,0.0,0.1,10,5,0.5,True,42
batch_size,32,90,90,2,0.6654373181588722,0.6473173896471659,0.001,64,4,2,128,0.1,32,75,0.0,0.1,10,5,0.5,True,42
batch_size,32,90,90,3,0.6424788785251704,0.6297177871068319,0.001,64,4,2,128,0.1,32,75,0.0,0.1,10,5,0.5,True,42
batch_size,32,90,90,4,0.6255987589106415,0.622677751382192,0.001,64,4,2,128,0.1,32,75,0.0,0.1,10,5,0.5,True,42
batch_size,32,90,90,5,0.6234171485359018,0.6331007520357768,0.001,64,4,2,128,0.1,32,75,0.0,0.1,10,5,0.5,True,42
batch_size,32,90,90,6,0.6122633923183788,0.6573346575101217,0.001,64,4,2,128,0.1,32,75,0.0,0.1,10,5,0.5,True,42
batch_size,32,90,90,7,0.5965365812633977,0.6333080192406972,0.001,64,4,2,128,0.1,32,75,0.0,0.1,10,5,0.5,True,42
batch_size,32,90,90,8,0.5912132324142889,0.6298264125982921,0.001,64,4,2,128,0.1,32,75,0.0,0.1,10,5,0.5,True,42
batch_size,32,90,90,9,0.5764305273240263,0.6367041329542796,0.001,64,4,2,128,0.1,32,75,0.0,0.1,10,5,0.5,True,42
batch_size,32,90,90,10,0.5683325996453111,0.6289247254530589,0.001,64,4,2,128,0.1,32,75,0.0,0.1,10,5,0.5,True,42
batch_size,32,90,90,11,0.5265229007962978,0.683659025033315,0.001,64,4,2,128,0.1,32,75,0.0,0.1,10,5,0.5,True,42
batch_size,32,90,90,12,0.5200286776278958,0.6929358343283335,0.001,64,4,2,128,0.1,32,75,0.0,0.1,10,5,0.5,True,42
batch_size,32,90,90,13,0.4928967896284479,0.6984143018722534,0.001,64,4,2,128,0.1,32,75,0.0,0.1,10,5,0.5,True,42
batch_size,32,90,90,14,0.48173600480411993,0.671657778819402,0.001,64,4,2,128,0.1,32,75,0.0,0.1,10,5,0.5,True,42
batch_size,32,91,91,1,0.6942205984484066,0.6744537631670634,0.001,64,4,2,128,0.1,32,75,0.0,0.1,10,5,0.5,True,42
batch_size,32,91,91,2,0.6644053287578352,0.64083438316981,0.001,64,4,2,128,0.1,32,75,0.0,0.1,10,5,0.5,True,42
batch_size,32,91,91,3,0.6441735860073206,0.657583373785019,0.001,64,4,2,128,0.1,32,75,0.0,0.1,10,5,0.5,True,42
batch_size,32,91,91,4,0.6268326667222109,0.6440698047478993,0.001,64,4,2,128,0.1,32,75,0.0,0.1,10,5,0.5,True,42
batch_size,32,91,91,5,0.6101084360570619,0.6673973759015401,0.001,64,4,2,128,0.1,32,75,0.0,0.1,10,5,0.5,True,42
batch_size,32,91,91,6,0.6097290922294963,0.6431175112724304,0.001,64,4,2,128,0.1,32,75,0.0,0.1,10,5,0.5,True,42
batch_size,32,91,91,7,0.5905248662739089,0.6150748789310455,0.001,64,4,2,128,0.1,32,75,0.0,0.1,10,5,0.5,True,42
batch_size,32,91,91,8,0.5825818858363412,0.6719102104504903,0.001,64,4,2,128,0.1,32,75,0.0,0.1,10,5,0.5,True,42
batch_size,32,91,91,9,0.5747181321635391,0.6472896675268809,0.001,64,4,2,128,0.1,32,75,0.0,0.1,10,5,0.5,True,42
batch_size,32,91,91,10,0.5673231121265527,0.6706416070461273,0.001,64,4,2,128,0.1,32,75,0.0,0.1,10,5,0.5,True,42
batch_size,32,91,91,11,0.5537081252444874,0.6321717858314514,0.001,64,4,2,128,0.1,32,75,0.0,0.1,10,5,0.5,True,42
batch_size,32,91,91,12,0.537377998910167,0.6526087125142416,0.001,64,4,2,128,0.1,32,75,0.0,0.1,10,5,0.5,True,42
batch_size,32,91,91,13,0.5294630364938215,0.6727340459823609,0.001,64,4,2,128,0.1,32,75,0.0,0.1,10,5,0.5,True,42
batch_size,32,91,91,14,0.4852722260085019,0.731081889073054,0.001,64,4,2,128,0.1,32,75,0.0,0.1,10,5,0.5,True,42
batch_size,32,91,91,15,0.46080401505936275,0.7473089456558227,0.001,64,4,2,128,0.1,32,75,0.0,0.1,10,5,0.5,True,42
batch_size,32,91,91,16,0.4432487733887904,0.7440568625926971,0.001,64,4,2,128,0.1,32,75,0.0,0.1,10,5,0.5,True,42
batch_size,32,91,91,17,0.4156918953539747,0.7784930566946665,0.001,64,4,2,128,0.1,32,75,0.0,0.1,10,5,0.5,True,42
batch_size,32,92,92,1,0.691804204474796,0.6811040997505188,0.001,64,4,2,128,0.1,32,75,0.0,0.1,10,5,0.5,True,42
batch_size,32,92,92,2,0.656527255294901,0.6996500035127003,0.001,64,4,2,128,0.1,32,75,0.0,0.1,10,5,0.5,True,42
batch_size,32,92,92,3,0.6430887302214449,0.6628519654273987,0.001,64,4,2,128,0.1,32,75,0.0,0.1,10,5,0.5,True,42
batch_size,32,92,92,4,0.62728936405796,0.6434247076511384,0.001,64,4,2,128,0.1,32,75,0.0,0.1,10,5,0.5,True,42
batch_size,32,92,92,5,0.6173122204614409,0.6364648898442586,0.001,64,4,2,128,0.1,32,75,0.0,0.1,10,5,0.5,True,42
batch_size,32,92,92,6,0.6096011966918454,0.6334201991558075,0.001,64,4,2,128,0.1,32,75,0.0,0.1,10,5,0.5,True,42
batch_size,32,92,92,7,0.5942404665278666,0.6383145829041799,0.001,64,4,2,128,0.1,32,75,0.0,0.1,10,5,0.5,True,42
batch_size,32,92,92,8,0.5924168439073996,0.6389999330043793,0.001,64,4,2,128,0.1,32,75,0.0,0.1,10,5,0.5,True,42
batch_size,32,92,92,9,0.5734800384803251,0.7372005164623261,0.001,64,4,2,128,0.1,32,75,0.0,0.1,10,5,0.5,True,42
batch_size,32,92,92,10,0.5693515433054982,0.696407699584961,0.001,64,4,2,128,0.1,32,75,0.0,0.1,10,5,0.5,True,42
batch_size,32,92,92,11,0.5561061377326647,0.64701074163119,0.001,64,4,2,128,0.1,32,75,0.0,0.1,10,5,0.5,True,42
batch_size,32,92,92,12,0.5290702737190507,0.7161960899829865,0.001,64,4,2,128,0.1,32,75,0.0,0.1,10,5,0.5,True,42
batch_size,32,92,92,13,0.4859120109767625,0.719562021891276,0.001,64,4,2,128,0.1,32,75,0.0,0.1,10,5,0.5,True,42
batch_size,32,92,92,14,0.4658280224962668,0.7474987288316091,0.001,64,4,2,128,0.1,32,75,0.0,0.1,10,5,0.5,True,42
batch_size,32,92,92,15,0.4500325770314896,0.7071499049663543,0.001,64,4,2,128,0.1,32,75,0.0,0.1,10,5,0.5,True,42
batch_size,32,92,92,16,0.43089472965309117,0.734148645401001,0.001,64,4,2,128,0.1,32,75,0.0,0.1,10,5,0.5,True,42
batch_size,32,93,93,1,0.6917093843221664,0.6734339276949565,0.001,64,4,2,128,0.1,32,75,0.0,0.1,10,5,0.5,True,42
batch_size,32,93,93,2,0.6699137917973779,0.6668926477432251,0.001,64,4,2,128,0.1,32,75,0.0,0.1,10,5,0.5,True,42
batch_size,32,93,93,3,0.6502397403572545,0.6554491480191549,0.001,64,4,2,128,0.1,32,75,0.0,0.1,10,5,0.5,True,42
batch_size,32,93,93,4,0.6347725161097266,0.6472979207833608,0.001,64,4,2,128,0.1,32,75,0.0,0.1,10,5,0.5,True,42
batch_size,32,93,93,5,0.6229840417702993,0.6651856342951457,0.001,64,4,2,128,0.1,32,75,0.0,0.1,10,5,0.5,True,42
batch_size,32,93,93,6,0.6270086735938535,0.6535462617874146,0.001,64,4,2,128,0.1,32,75,0.0,0.1,10,5,0.5,True,42
batch_size,32,93,93,7,0.6068456766731811,0.627455057700475,0.001,64,4,2,128,0.1,32,75,0.0,0.1,10,5,0.5,True,42
batch_size,32,93,93,8,0.5918358914328344,0.645480744043986,0.001,64,4,2,128,0.1,32,75,0.0,0.1,10,5,0.5,True,42
batch_size,32,93,93,9,0.5842144286090677,0.6314171453317007,0.001,64,4,2,128,0.1,32,75,0.0,0.1,10,5,0.5,True,42
batch_size,32,93,93,10,0.5718927715312351,0.6551189800103505,0.001,64,4,2,128,0.1,32,75,0.0,0.1,10,5,0.5,True,42
batch_size,32,93,93,11,0.5609533432306666,0.6511075456937154,0.001,64,4,2,128,0.1,32,75,0.0,0.1,10,5,0.5,True,42
batch_size,32,93,93,12,0.5548964883341934,0.644318167368571,0.001,64,4,2,128,0.1,32,75,0.0,0.1,10,5,0.5,True,42
batch_size,32,93,93,13,0.5280567714662263,0.6655377785364787,0.001,64,4,2,128,0.1,32,75,0.0,0.1,10,5,0.5,True,42
batch_size,32,93,93,14,0.488073328453483,0.695149560769399,0.001,64,4,2,128,0.1,32,75,0.0,0.1,10,5,0.5,True,42
batch_size,32,93,93,15,0.46539831895268324,0.7031728843847911,0.001,64,4,2,128,0.1,32,75,0.0,0.1,10,5,0.5,True,42
batch_size,32,93,93,16,0.44408146698366513,0.6868698398272196,0.001,64,4,2,128,0.1,32,75,0.0,0.1,10,5,0.5,True,42
batch_size,32,93,93,17,0.41480424921169423,0.7008640607198079,0.001,64,4,2,128,0.1,32,75,0.0,0.1,10,5,0.5,True,42
batch_size,32,94,94,1,0.6956560209845052,0.6812354723612467,0.001,64,4,2,128,0.1,32,75,0.0,0.1,10,5,0.5,True,42
batch_size,32,94,94,2,0.6767711332350066,0.6811534444491069,0.001,64,4,2,128,0.1,32,75,0.0,0.1,10,5,0.5,True,42
batch_size,32,94,94,3,0.6536199721423063,0.6521700024604797,0.001,64,4,2,128,0.1,32,75,0.0,0.1,10,5,0.5,True,42
batch_size,32,94,94,4,0.6382697766477411,0.6568305889765421,0.001,64,4,2,128,0.1,32,75,0.0,0.1,10,5,0.5,True,42
batch_size,32,94,94,5,0.6257166264183593,0.6467542211214702,0.001,64,4,2,128,0.1,32,75,0.0,0.1,10,5,0.5,True,42
batch_size,32,94,94,6,0.6181320864142794,0.6524149696032207,0.001,64,4,2,128,0.1,32,75,0.0,0.1,10,5,0.5,True,42
batch_size,32,94,94,7,0.6142391415707993,0.658382531007131,0.001,64,4,2,128,0.1,32,75,0.0,0.1,10,5,0.5,True,42
batch_size,32,94,94,8,0.5979365029118278,0.6563158671061198,0.001,64,4,2,128,0.1,32,75,0.0,0.1,10,5,0.5,True,42
batch_size,32,94,94,9,0.5860891888538996,0.6538629213968913,0.001,64,4,2,128,0.1,32,75,0.0,0.1,10,5,0.5,True,42
batch_size,32,94,94,10,0.5707316468610908,0.6993474284807841,0.001,64,4,2,128,0.1,32,75,0.0,0.1,10,5,0.5,True,42
batch_size,32,94,94,11,0.5711376003243707,0.7168302754561107,0.001,64,4,2,128,0.1,32,75,0.0,0.1,10,5,0.5,True,42
batch_size,32,94,94,12,0.5277159214019775,0.7083566109339396,0.001,64,4,2,128,0.1,32,75,0.0,0.1,10,5,0.5,True,42
batch_size,32,94,94,13,0.504308972846378,0.7339230457941691,0.001,64,4,2,128,0.1,32,75,0.0,0.1,10,5,0.5,True,42
batch_size,32,94,94,14,0.4897464827606172,0.7435735106468201,0.001,64,4,2,128,0.1,32,75,0.0,0.1,10,5,0.5,True,42
batch_size,32,94,94,15,0.4705879900491599,0.7776937425136566,0.001,64,4,2,128,0.1,32,75,0.0,0.1,10,5,0.5,True,42
batch_size,32,95,95,1,0.687653278762644,0.6557621637980143,0.001,64,4,2,128,0.1,32,75,0.0,0.1,10,5,0.5,True,42
batch_size,32,95,95,2,0.6672158047105327,0.6337567925453186,0.001,64,4,2,128,0.1,32,75,0.0,0.1,10,5,0.5,True,42
batch_size,32,95,95,3,0.6418190052111944,0.6189068714777629,0.001,64,4,2,128,0.1,32,75,0.0,0.1,10,5,0.5,True,42
batch_size,32,95,95,4,0.6329606401197838,0.6544196705023447,0.001,64,4,2,128,0.1,32,75,0.0,0.1,10,5,0.5,True,42
batch_size,32,95,95,5,0.6242381243994741,0.6138805707295736,0.001,64,4,2,128,0.1,32,75,0.0,0.1,10,5,0.5,True,42
batch_size,32,95,95,6,0.617129850116643,0.6313099543253581,0.001,64,4,2,128,0.1,32,75,0.0,0.1,10,5,0.5,True,42
batch_size,32,95,95,7,0.6049204055558551,0.6107679843902588,0.001,64,4,2,128,0.1,32,75,0.0,0.1,10,5,0.5,True,42
batch_size,32,95,95,8,0.5954825302416628,0.6548382620016734,0.001,64,4,2,128,0.1,32,75,0.0,0.1,10,5,0.5,True,42
batch_size,32,95,95,9,0.5837292953422575,0.6042477329572041,0.001,64,4,2,128,0.1,32,75,0.0,0.1,10,5,0.5,True,42
batch_size,32,95,95,10,0.5729766255526831,0.6387097477912903,0.001,64,4,2,128,0.1,32,75,0.0,0.1,10,5,0.5,True,42
batch_size,32,95,95,11,0.5566826372435598,0.6465778728326161,0.001,64,4,2,128,0.1,32,75,0.0,0.1,10,5,0.5,True,42
batch_size,32,95,95,12,0.5493219077135577,0.6487449049949646,0.001,64,4,2,128,0.1,32,75,0.0,0.1,10,5,0.5,True,42
batch_size,32,95,95,13,0.5229530695712927,0.6934353252251942,0.001,64,4,2,128,0.1,32,75,0.0,0.1,10,5,0.5,True,42
batch_size,32,95,95,14,0.5157608351472652,0.6233385483423869,0.001,64,4,2,128,0.1,32,75,0.0,0.1,10,5,0.5,True,42
batch_size,32,95,95,15,0.482385489525217,0.7973761916160583,0.001,64,4,2,128,0.1,32,75,0.0,0.1,10,5,0.5,True,42
batch_size,32,95,95,16,0.43131671066988597,0.8307823896408081,0.001,64,4,2,128,0.1,32,75,0.0,0.1,10,5,0.5,True,42
batch_size,32,95,95,17,0.41610084948214615,0.7872467756271362,0.001,64,4,2,128,0.1,32,75,0.0,0.1,10,5,0.5,True,42
batch_size,32,95,95,18,0.3698763023271705,0.8896488984425862,0.001,64,4,2,128,0.1,32,75,0.0,0.1,10,5,0.5,True,42
batch_size,32,95,95,19,0.3624385885442748,0.8861982325712839,0.001,64,4,2,128,0.1,32,75,0.0,0.1,10,5,0.5,True,42
batch_size,32,96,96,1,0.6942854157902978,0.6682941873868307,0.001,64,4,2,128,0.1,32,75,0.0,0.1,10,5,0.5,True,42
batch_size,32,96,96,2,0.6658951021505125,0.6475644985834758,0.001,64,4,2,128,0.1,32,75,0.0,0.1,10,5,0.5,True,42
batch_size,32,96,96,3,0.6415363645011728,0.6415256063143412,0.001,64,4,2,128,0.1,32,75,0.0,0.1,10,5,0.5,True,42
batch_size,32,96,96,4,0.6297036221984661,0.6206806977589925,0.001,64,4,2,128,0.1,32,75,0.0,0.1,10,5,0.5,True,42
batch_size,32,96,96,5,0.6099037970557357,0.6311054825782776,0.001,64,4,2,128,0.1,32,75,0.0,0.1,10,5,0.5,True,42
batch_size,32,96,96,6,0.607065529534311,0.6106044034163157,0.001,64,4,2,128,0.1,32,75,0.0,0.1,10,5,0.5,True,42
batch_size,32,96,96,7,0.5915623609766816,0.6065533896287282,0.001,64,4,2,128,0.1,32,75,0.0,0.1,10,5,0.5,True,42
batch_size,32,96,96,8,0.5850378627126868,0.6153398255507151,0.001,64,4,2,128,0.1,32,75,0.0,0.1,10,5,0.5,True,42
batch_size,32,96,96,9,0.5694701344226346,0.6233240524927776,0.001,64,4,2,128,0.1,32,75,0.0,0.1,10,5,0.5,True,42
batch_size,32,96,96,10,0.5585148259997368,0.6445047696431477,0.001,64,4,2,128,0.1,32,75,0.0,0.1,10,5,0.5,True,42
batch_size,32,96,96,11,0.5483998751098459,0.7301512817541759,0.001,64,4,2,128,0.1,32,75,0.0,0.1,10,5,0.5,True,42
batch_size,32,96,96,12,0.5344014219713934,0.6725086609522501,0.001,64,4,2,128,0.1,32,75,0.0,0.1,10,5,0.5,True,42
batch_size,32,96,96,13,0.519687275091807,0.6667900582154592,0.001,64,4,2,128,0.1,32,75,0.0,0.1,10,5,0.5,True,42
batch_size,32,96,96,14,0.4614317471330816,0.7361597776412964,0.001,64,4,2,128,0.1,32,75,0.0,0.1,10,5,0.5,True,42
batch_size,32,96,96,15,0.44266956480163516,0.7676618814468383,0.001,64,4,2,128,0.1,32,75,0.0,0.1,10,5,0.5,True,42
batch_size,32,96,96,16,0.43617156091513054,0.7828541616598765,0.001,64,4,2,128,0.1,32,75,0.0,0.1,10,5,0.5,True,42
batch_size,32,96,96,17,0.4115476214298696,0.8250049114227295,0.001,64,4,2,128,0.1,32,75,0.0,0.1,10,5,0.5,True,42
batch_size,32,97,97,1,0.6937705544811307,0.6799768070379894,0.001,64,4,2,128,0.1,32,75,0.0,0.1,10,5,0.5,True,42
batch_size,32,97,97,2,0.6602090375893044,0.6535377383232117,0.001,64,4,2,128,0.1,32,75,0.0,0.1,10,5,0.5,True,42
batch_size,32,97,97,3,0.6334846204880512,0.6293391823768616,0.001,64,4,2,128,0.1,32,75,0.0,0.1,10,5,0.5,True,42
batch_size,32,97,97,4,0.6195107820359144,0.6328637917836507,0.001,64,4,2,128,0.1,32,75,0.0,0.1,10,5,0.5,True,42
batch_size,32,97,97,5,0.6220912578882594,0.6325144688288371,0.001,64,4,2,128,0.1,32,75,0.0,0.1,10,5,0.5,True,42
batch_size,32,97,97,6,0.6079725349942843,0.6366612613201141,0.001,64,4,2,128,0.1,32,75,0.0,0.1,10,5,0.5,True,42
batch_size,32,97,97,7,0.5971408834060034,0.6339355011781057,0.001,64,4,2,128,0.1,32,75,0.0,0.1,10,5,0.5,True,42
batch_size,32,97,97,8,0.5930939797650684,0.6497300465901693,0.001,64,4,2,128,0.1,32,75,0.0,0.1,10,5,0.5,True,42
batch_size,32,97,97,9,0.5902417105707255,0.6416662693023681,0.001,64,4,2,128,0.1,32,75,0.0,0.1,10,5,0.5,True,42
batch_size,32,97,97,10,0.553722122176127,0.6668857475121815,0.001,64,4,2,128,0.1,32,75,0.0,0.1,10,5,0.5,True,42
batch_size,32,97,97,11,0.5403975799228206,0.6340200960636139,0.001,64,4,2,128,0.1,32,75,0.0,0.1,10,5,0.5,True,42
batch_size,32,97,97,12,0.5253643540270401,0.6368255972862243,0.001,64,4,2,128,0.1,32,75,0.0,0.1,10,5,0.5,True,42
batch_size,32,97,97,13,0.5032102951046192,0.7155301630496979,0.001,64,4,2,128,0.1,32,75,0.0,0.1,10,5,0.5,True,42
batch_size,32,98,98,1,0.6947343710697058,0.6660454670588175,0.001,64,4,2,128,0.1,32,75,0.0,0.1,10,5,0.5,True,42
batch_size,32,98,98,2,0.6557671825091044,0.6613779028256734,0.001,64,4,2,128,0.1,32,75,0.0,0.1,10,5,0.5,True,42
batch_size,32,98,98,3,0.6416054946003538,0.6632712006568908,0.001,64,4,2,128,0.1,32,75,0.0,0.1,10,5,0.5,True,42
batch_size,32,98,98,4,0.6308821216225624,0.6479557732741038,0.001,64,4,2,128,0.1,32,75,0.0,0.1,10,5,0.5,True,42
batch_size,32,98,98,5,0.6288494409033747,0.6379159728686015,0.001,64,4,2,128,0.1,32,75,0.0,0.1,10,5,0.5,True,42
batch_size,32,98,98,6,0.611243490468372,0.6433479964733124,0.001,64,4,2,128,0.1,32,75,0.0,0.1,10,5,0.5,True,42
batch_size,32,98,98,7,0.6088945881435366,0.6482443451881409,0.001,64,4,2,128,0.1,32,75,0.0,0.1,10,5,0.5,True,42
batch_size,32,98,98,8,0.6001408481688211,0.6311166028181712,0.001,64,4,2,128,0.1,32,75,0.0,0.1,10,5,0.5,True,42
batch_size,32,98,98,9,0.590468843100649,0.6320140798886617,0.001,64,4,2,128,0.1,32,75,0.0,0.1,10,5,0.5,True,42
batch_size,32,98,98,10,0.5828786548791509,0.6408928652604421,0.001,64,4,2,128,0.1,32,75,0.0,0.1,10,5,0.5,True,42
batch_size,32,98,98,11,0.5728486611536054,0.6949964463710785,0.001,64,4,2,128,0.1,32,75,0.0,0.1,10,5,0.5,True,42
batch_size,32,98,98,12,0.5660591622193655,0.6469019134839376,0.001,64,4,2,128,0.1,32,75,0.0,0.1,10,5,0.5,True,42
batch_size,32,98,98,13,0.5595991087682319,0.6487573941548666,0.001,64,4,2,128,0.1,32,75,0.0,0.1,10,5,0.5,True,42
batch_size,32,98,98,14,0.5474940405199022,0.6772244850794474,0.001,64,4,2,128,0.1,32,75,0.0,0.1,10,5,0.5,True,42
batch_size,32,98,98,15,0.5004814434232134,0.6724899490674336,0.001,64,4,2,128,0.1,32,75,0.0,0.1,10,5,0.5,True,42
batch_size,32,98,98,16,0.4687142369873596,0.6935985048611959,0.001,64,4,2,128,0.1,32,75,0.0,0.1,10,5,0.5,True,42
batch_size,32,98,98,17,0.45547072036248265,0.6842385709285737,0.001,64,4,2,128,0.1,32,75,0.0,0.1,10,5,0.5,True,42
batch_size,32,98,98,18,0.42993818652449234,0.7242605209350585,0.001,64,4,2,128,0.1,32,75,0.0,0.1,10,5,0.5,True,42
batch_size,32,99,99,1,0.6993004462935708,0.6784651398658752,0.001,64,4,2,128,0.1,32,75,0.0,0.1,10,5,0.5,True,42
batch_size,32,99,99,2,0.6685493913563815,0.6674709479014079,0.001,64,4,2,128,0.1,32,75,0.0,0.1,10,5,0.5,True,42
batch_size,32,99,99,3,0.6467548441706281,0.655566422144572,0.001,64,4,2,128,0.1,32,75,0.0,0.1,10,5,0.5,True,42
batch_size,32,99,99,4,0.6304887022935983,0.6540631095568339,0.001,64,4,2,128,0.1,32,75,0.0,0.1,10,5,0.5,True,42
batch_size,32,99,99,5,0.6217063480254376,0.6446007649103801,0.001,64,4,2,128,0.1,32,75,0.0,0.1,10,5,0.5,True,42
batch_size,32,99,99,6,0.6026062315160577,0.6420830329259236,0.001,64,4,2,128,0.1,32,75,0.0,0.1,10,5,0.5,True,42
batch_size,32,99,99,7,0.6098750583601721,0.6329848448435466,0.001,64,4,2,128,0.1,32,75,0.0,0.1,10,5,0.5,True,42
batch_size,32,99,99,8,0.5913134088570421,0.6681231538454692,0.001,64,4,2,128,0.1,32,75,0.0,0.1,10,5,0.5,True,42
batch_size,32,99,99,9,0.585218749488845,0.6616289675235748,0.001,64,4,2,128,0.1,32,75,0.0,0.1,10,5,0.5,True,42
batch_size,32,99,99,10,0.5728746381672946,0.6956518650054931,0.001,64,4,2,128,0.1,32,75,0.0,0.1,10,5,0.5,True,42
batch_size,32,99,99,11,0.5644766823811964,0.6702163775761922,0.001,64,4,2,128,0.1,32,75,0.0,0.1,10,5,0.5,True,42
batch_size,32,99,99,12,0.5534820658239451,0.7116627713044484,0.001,64,4,2,128,0.1,32,75,0.0,0.1,10,5,0.5,True,42
batch_size,32,99,99,13,0.544325298657923,0.7150194863478343,0.001,64,4,2,128,0.1,32,75,0.0,0.1,10,5,0.5,True,42
batch_size,32,99,99,14,0.48644608801061456,0.7082633733749389,0.001,64,4,2,128,0.1,32,75,0.0,0.1,10,5,0.5,True,42
batch_size,32,99,99,15,0.4694846690152631,0.7123688042163849,0.001,64,4,2,128,0.1,32,75,0.0,0.1,10,5,0.5,True,42
batch_size,32,99,99,16,0.44975776135018375,0.76450568040212,0.001,64,4,2,128,0.1,32,75,0.0,0.1,10,5,0.5,True,42
batch_size,32,99,99,17,0.42606266192866094,0.8143329560756684,0.001,64,4,2,128,0.1,32,75,0.0,0.1,10,5,0.5,True,42
batch_size,32,100,100,1,0.6874665188969988,0.6556546608606975,0.001,64,4,2,128,0.1,32,75,0.0,0.1,10,5,0.5,True,42
batch_size,32,100,100,2,0.6523922365723234,0.6352967222531637,0.001,64,4,2,128,0.1,32,75,0.0,0.1,10,5,0.5,True,42
batch_size,32,100,100,3,0.6302862259926219,0.6312232474486034,0.001,64,4,2,128,0.1,32,75,0.0,0.1,10,5,0.5,True,42
batch_size,32,100,100,4,0.6166393343697895,0.620443328221639,0.001,64,4,2,128,0.1,32,75,0.0,0.1,10,5,0.5,True,42
batch_size,32,100,100,5,0.6101959121949745,0.6198447505633037,0.001,64,4,2,128,0.1,32,75,0.0,0.1,10,5,0.5,True,42
batch_size,32,100,100,6,0.6119112108241428,0.6230996231238047,0.001,64,4,2,128,0.1,32,75,0.0,0.1,10,5,0.5,True,42
batch_size,32,100,100,7,0.6042042031432643,0.6540261149406433,0.001,64,4,2,128,0.1,32,75,0.0,0.1,10,5,0.5,True,42
batch_size,32,100,100,8,0.5902594621434356,0.6329010685284933,0.001,64,4,2,128,0.1,32,75,0.0,0.1,10,5,0.5,True,42
batch_size,32,100,100,9,0.583472933733102,0.6452522814273834,0.001,64,4,2,128,0.1,32,75,0.0,0.1,10,5,0.5,True,42
batch_size,32,100,100,10,0.575589533105041,0.6186584989229839,0.001,64,4,2,128,0.1,32,75,0.0,0.1,10,5,0.5,True,42
batch_size,32,100,100,11,0.5572545602917671,0.6501065035661061,0.001,64,4,2,128,0.1,32,75,0.0,0.1,10,5,0.5,True,42
batch_size,32,100,100,12,0.5567323064262216,0.673249477148056,0.001,64,4,2,128,0.1,32,75,0.0,0.1,10,5,0.5,True,42
batch_size,32,100,100,13,0.5426391453453989,0.7185890992482503,0.001,64,4,2,128,0.1,32,75,0.0,0.1,10,5,0.5,True,42
batch_size,32,100,100,14,0.5369508205489679,0.6499712427457174,0.001,64,4,2,128,0.1,32,75,0.0,0.1,10,5,0.5,True,42
batch_size,32,100,100,15,0.5113804694829565,0.7052749852339427,0.001,64,4,2,128,0.1,32,75,0.0,0.1,10,5,0.5,True,42
batch_size,32,100,100,16,0.495177375999364,0.6939878086249034,0.001,64,4,2,128,0.1,32,75,0.0,0.1,10,5,0.5,True,42
batch_size,32,100,100,17,0.44783354539311293,0.7571175773938497,0.001,64,4,2,128,0.1,32,75,0.0,0.1,10,5,0.5,True,42
batch_size,32,100,100,18,0.4054224326303511,0.7897026737531027,0.001,64,4,2,128,0.1,32,75,0.0,0.1,10,5,0.5,True,42
batch_size,32,100,100,19,0.3957168880962964,0.782594496011734,0.001,64,4,2,128,0.1,32,75,0.0,0.1,10,5,0.5,True,42
batch_size,32,100,100,20,0.3736092286805312,0.847860982020696,0.001,64,4,2,128,0.1,32,75,0.0,0.1,10,5,0.5,True,42
batch_size,32,101,101,1,0.7045394931778763,0.6798909465471904,0.001,64,4,2,128,0.1,32,75,0.0,0.1,10,5,0.5,True,42
batch_size,32,101,101,2,0.6707305158629562,0.6646653294563294,0.001,64,4,2,128,0.1,32,75,0.0,0.1,10,5,0.5,True,42
batch_size,32,101,101,3,0.6545599947373072,0.6637410918871561,0.001,64,4,2,128,0.1,32,75,0.0,0.1,10,5,0.5,True,42
batch_size,32,101,101,4,0.6312299433982733,0.6440052449703216,0.001,64,4,2,128,0.1,32,75,0.0,0.1,10,5,0.5,True,42
batch_size,32,101,101,5,0.618529886007309,0.6425074418385823,0.001,64,4,2,128,0.1,32,75,0.0,0.1,10,5,0.5,True,42
batch_size,32,101,101,6,0.608707361826391,0.6534083048502605,0.001,64,4,2,128,0.1,32,75,0.0,0.1,10,5,0.5,True,42
batch_size,32,101,101,7,0.6021977793989759,0.6340154588222504,0.001,64,4,2,128,0.1,32,75,0.0,0.1,10,5,0.5,True,42
batch_size,32,101,101,8,0.5957661799409173,0.6170950373013814,0.001,64,4,2,128,0.1,32,75,0.0,0.1,10,5,0.5,True,42
batch_size,32,101,101,9,0.5868522384853074,0.6259296039740244,0.001,64,4,2,128,0.1,32,75,0.0,0.1,10,5,0.5,True,42
batch_size,32,101,101,10,0.5842194602344976,0.6311196208000183,0.001,64,4,2,128,0.1,32,75,0.0,0.1,10,5,0.5,True,42
batch_size,32,101,101,11,0.5687475064487169,0.6449050645033518,0.001,64,4,2,128,0.1,32,75,0.0,0.1,10,5,0.5,True,42
batch_size,32,101,101,12,0.5547379530740507,0.6644365926583607,0.001,64,4,2,128,0.1,32,75,0.0,0.1,10,5,0.5,True,42
batch_size,32,101,101,13,0.5406086695465174,0.6419412910938262,0.001,64,4,2,128,0.1,32,75,0.0,0.1,10,5,0.5,True,42
batch_size,32,101,101,14,0.5298994928598404,0.6856361349423726,0.001,64,4,2,128,0.1,32,75,0.0,0.1,10,5,0.5,True,42
batch_size,32,101,101,15,0.482006724133636,0.690816605091095,0.001,64,4,2,128,0.1,32,75,0.0,0.1,10,5,0.5,True,42
batch_size,32,101,101,16,0.45531796167294186,0.7100440343221028,0.001,64,4,2,128,0.1,32,75,0.0,0.1,10,5,0.5,True,42
batch_size,32,101,101,17,0.44041156407558557,0.7625973165035248,0.001,64,4,2,128,0.1,32,75,0.0,0.1,10,5,0.5,True,42
batch_size,32,101,101,18,0.4221737008880485,0.7509170631567638,0.001,64,4,2,128,0.1,32,75,0.0,0.1,10,5,0.5,True,42
batch_size,32,102,102,1,0.6919029571793296,0.6779297431310017,0.001,64,4,2,128,0.1,32,75,0.0,0.1,10,5,0.5,True,42
batch_size,32,102,102,2,0.660039334134622,0.6632451275984447,0.001,64,4,2,128,0.1,32,75,0.0,0.1,10,5,0.5,True,42
batch_size,32,102,102,3,0.6412701482574145,0.6338237941265106,0.001,64,4,2,128,0.1,32,75,0.0,0.1,10,5,0.5,True,42
batch_size,32,102,102,4,0.6210351712775953,0.6783544619878134,0.001,64,4,2,128,0.1,32,75,0.0,0.1,10,5,0.5,True,42
batch_size,32,102,102,5,0.61508279880791,0.6267722924550374,0.001,64,4,2,128,0.1,32,75,0.0,0.1,10,5,0.5,True,42
batch_size,32,102,102,6,0.6043535260991617,0.630478024482727,0.001,64,4,2,128,0.1,32,75,0.0,0.1,10,5,0.5,True,42
batch_size,32,102,102,7,0.6101750381516687,0.6281952222188314,0.001,64,4,2,128,0.1,32,75,0.0,0.1,10,5,0.5,True,42
batch_size,32,102,102,8,0.5931812547373049,0.6658620158831279,0.001,64,4,2,128,0.1,32,75,0.0,0.1,10,5,0.5,True,42
batch_size,32,102,102,9,0.5821369703520428,0.6493985076745351,0.001,64,4,2,128,0.1,32,75,0.0,0.1,10,5,0.5,True,42
batch_size,32,102,102,10,0.5831668415304386,0.6506515800952911,0.001,64,4,2,128,0.1,32,75,0.0,0.1,10,5,0.5,True,42
batch_size,32,102,102,11,0.5600815837581953,0.6354023536046346,0.001,64,4,2,128,0.1,32,75,0.0,0.1,10,5,0.5,True,42
batch_size,32,102,102,12,0.519827058143688,0.6674521386623382,0.001,64,4,2,128,0.1,32,75,0.0,0.1,10,5,0.5,True,42
batch_size,32,102,102,13,0.5040968279495384,0.6752541502316792,0.001,64,4,2,128,0.1,32,75,0.0,0.1,10,5,0.5,True,42
batch_size,32,102,102,14,0.4885540385589455,0.6807010253270467,0.001,64,4,2,128,0.1,32,75,0.0,0.1,10,5,0.5,True,42
batch_size,32,102,102,15,0.4657962389967658,0.7111087481180827,0.001,64,4,2,128,0.1,32,75,0.0,0.1,10,5,0.5,True,42
batch_size,32,103,103,1,0.6948766663218989,0.6664215763409932,0.001,64,4,2,128,0.1,32,75,0.0,0.1,10,5,0.5,True,42
batch_size,32,103,103,2,0.6580812542727499,0.6469556808471679,0.001,64,4,2,128,0.1,32,75,0.0,0.1,10,5,0.5,True,42
batch_size,32,103,103,3,0.6443491054303718,0.6421705921490987,0.001,64,4,2,128,0.1,32,75,0.0,0.1,10,5,0.5,True,42
batch_size,32,103,103,4,0.6305230553403045,0.6476250529289246,0.001,64,4,2,128,0.1,32,75,0.0,0.1,10,5,0.5,True,42
batch_size,32,103,103,5,0.6228857600327694,0.6359352866808573,0.001,64,4,2,128,0.1,32,75,0.0,0.1,10,5,0.5,True,42
batch_size,32,103,103,6,0.6127675821383795,0.6467737416426341,0.001,64,4,2,128,0.1,32,75,0.0,0.1,10,5,0.5,True,42
batch_size,32,103,103,7,0.6009556651115417,0.6334655920664469,0.001,64,4,2,128,0.1,32,75,0.0,0.1,10,5,0.5,True,42
batch_size,32,103,103,8,0.5915738091324315,0.6367803593476613,0.001,64,4,2,128,0.1,32,75,0.0,0.1,10,5,0.5,True,42
batch_size,32,103,103,9,0.5759141341303334,0.6261091748873393,0.001,64,4,2,128,0.1,32,75,0.0,0.1,10,5,0.5,True,42
batch_size,32,103,103,10,0.5773786985964486,0.637267671028773,0.001,64,4,2,128,0.1,32,75,0.0,0.1,10,5,0.5,True,42
batch_size,32,103,103,11,0.5536147450858896,0.6351056655248006,0.001,64,4,2,128,0.1,32,75,0.0,0.1,10,5,0.5,True,42
batch_size,32,103,103,12,0.5394630741440889,0.6859379847844441,0.001,64,4,2,128,0.1,32,75,0.0,0.1,10,5,0.5,True,42
batch_size,32,103,103,13,0.5301307902643175,0.651581060886383,0.001,64,4,2,128,0.1,32,75,0.0,0.1,10,5,0.5,True,42
batch_size,32,103,103,14,0.5153130441904068,0.6500755230585734,0.001,64,4,2,128,0.1,32,75,0.0,0.1,10,5,0.5,True,42
batch_size,32,103,103,15,0.49366793939561554,0.6744307219982147,0.001,64,4,2,128,0.1,32,75,0.0,0.1,10,5,0.5,True,42
batch_size,32,103,103,16,0.4342170709913427,0.7338709572950999,0.001,64,4,2,128,0.1,32,75,0.0,0.1,10,5,0.5,True,42
batch_size,32,103,103,17,0.4060001637447964,0.7294219593207042,0.001,64,4,2,128,0.1,32,75,0.0,0.1,10,5,0.5,True,42
batch_size,32,103,103,18,0.37960784871018294,0.7540554384390513,0.001,64,4,2,128,0.1,32,75,0.0,0.1,10,5,0.5,True,42
batch_size,32,103,103,19,0.37078768635789555,0.8020058830579122,0.001,64,4,2,128,0.1,32,75,0.0,0.1,10,5,0.5,True,42
batch_size,32,104,104,1,0.6981401732473662,0.6782195051511128,0.001,64,4,2,128,0.1,32,75,0.0,0.1,10,5,0.5,True,42
batch_size,32,104,104,2,0.6691376928127173,0.6692169030507406,0.001,64,4,2,128,0.1,32,75,0.0,0.1,10,5,0.5,True,42
batch_size,32,104,104,3,0.6539211774414236,0.645798138777415,0.001,64,4,2,128,0.1,32,75,0.0,0.1,10,5,0.5,True,42
batch_size,32,104,104,4,0.6369144162445357,0.6481373111406962,0.001,64,4,2,128,0.1,32,75,0.0,0.1,10,5,0.5,True,42
batch_size,32,104,104,5,0.6273670182986693,0.6782054245471955,0.001,64,4,2,128,0.1,32,75,0.0,0.1,10,5,0.5,True,42
batch_size,32,104,104,6,0.6209449043328111,0.6383133927981058,0.001,64,4,2,128,0.1,32,75,0.0,0.1,10,5,0.5,True,42
batch_size,32,104,104,7,0.6047339890942429,0.6430738210678101,0.001,64,4,2,128,0.1,32,75,0.0,0.1,10,5,0.5,True,42
batch_size,32,104,104,8,0.5966234749013727,0.6511014024416606,0.001,64,4,2,128,0.1,32,75,0.0,0.1,10,5,0.5,True,42
batch_size,32,104,104,9,0.5872782466538025,0.635420310497284,0.001,64,4,2,128,0.1,32,75,0.0,0.1,10,5,0.5,True,42
batch_size,32,104,104,10,0.5793059416341059,0.6382553537686666,0.001,64,4,2,128,0.1,32,75,0.0,0.1,10,5,0.5,True,42
batch_size,32,104,104,11,0.5586892149665139,0.652414071559906,0.001,64,4,2,128,0.1,32,75,0.0,0.1,10,5,0.5,True,42
batch_size,32,104,104,12,0.5456337942318483,0.6941838920116424,0.001,64,4,2,128,0.1,32,75,0.0,0.1,10,5,0.5,True,42
batch_size,32,104,104,13,0.5262930702530977,0.6786092758178711,0.001,64,4,2,128,0.1,32,75,0.0,0.1,10,5,0.5,True,42
batch_size,32,104,104,14,0.5185451457897822,0.6971254626909892,0.001,64,4,2,128,0.1,32,75,0.0,0.1,10,5,0.5,True,42
batch_size,32,104,104,15,0.485879907328071,0.821806420882543,0.001,64,4,2,128,0.1,32,75,0.0,0.1,10,5,0.5,True,42
batch_size,32,104,104,16,0.43890000507235527,0.8021557569503784,0.001,64,4,2,128,0.1,32,75,0.0,0.1,10,5,0.5,True,42
batch_size,32,104,104,17,0.4149327353771889,0.8346626281738281,0.001,64,4,2,128,0.1,32,75,0.0,0.1,10,5,0.5,True,42
batch_size,32,104,104,18,0.39653781169291696,0.837275489171346,0.001,64,4,2,128,0.1,32,75,0.0,0.1,10,5,0.5,True,42
batch_size,32,104,104,19,0.38170741521047824,0.9237189412117004,0.001,64,4,2,128,0.1,32,75,0.0,0.1,10,5,0.5,True,42
batch_size,32,105,105,1,0.6910733201287009,0.6813265403111776,0.001,64,4,2,128,0.1,32,75,0.0,0.1,10,5,0.5,True,42
batch_size,32,105,105,2,0.6679505132364504,0.7030499358971913,0.001,64,4,2,128,0.1,32,75,0.0,0.1,10,5,0.5,True,42
batch_size,32,105,105,3,0.6423578269102357,0.6518271207809448,0.001,64,4,2,128,0.1,32,75,0.0,0.1,10,5,0.5,True,42
batch_size,32,105,105,4,0.6376626888910929,0.65512655377388,0.001,64,4,2,128,0.1,32,75,0.0,0.1,10,5,0.5,True,42
batch_size,32,105,105,5,0.6263402723001711,0.6507539530595143,0.001,64,4,2,128,0.1,32,75,0.0,0.1,10,5,0.5,True,42
batch_size,32,105,105,6,0.6079500021808075,0.6529216786225637,0.001,64,4,2,128,0.1,32,75,0.0,0.1,10,5,0.5,True,42
batch_size,32,105,105,7,0.5946452096104622,0.6459438562393188,0.001,64,4,2,128,0.1,32,75,0.0,0.1,10,5,0.5,True,42
batch_size,32,105,105,8,0.5903806731556401,0.6295235673586528,0.001,64,4,2,128,0.1,32,75,0.0,0.1,10,5,0.5,True,42
batch_size,32,105,105,9,0.5826253351388555,0.6634263753890991,0.001,64,4,2,128,0.1,32,75,0.0,0.1,10,5,0.5,True,42
batch_size,32,105,105,10,0.57000402293422,0.6333600600560506,0.001,64,4,2,128,0.1,32,75,0.0,0.1,10,5,0.5,True,42
batch_size,32,105,105,11,0.5556190431569562,0.6777643620967865,0.001,64,4,2,128,0.1,32,75,0.0,0.1,10,5,0.5,True,42
batch_size,32,105,105,12,0.5493260247237755,0.6663551231225332,0.001,64,4,2,128,0.1,32,75,0.0,0.1,10,5,0.5,True,42
batch_size,32,105,105,13,0.5379303646358576,0.6496065437793732,0.001,64,4,2,128,0.1,32,75,0.0,0.1,10,5,0.5,True,42
batch_size,32,105,105,14,0.5125036792773189,0.7325172205766042,0.001,64,4,2,128,0.1,32,75,0.0,0.1,10,5,0.5,True,42
batch_size,32,105,105,15,0.46784177964383905,0.7279626667499542,0.001,64,4,2,128,0.1,32,75,0.0,0.1,10,5,0.5,True,42
batch_size,32,105,105,16,0.4312180649827827,0.7576930205027262,0.001,64,4,2,128,0.1,32,75,0.0,0.1,10,5,0.5,True,42
batch_size,32,105,105,17,0.42059410284414434,0.8174360573291779,0.001,64,4,2,128,0.1,32,75,0.0,0.1,10,5,0.5,True,42
batch_size,32,105,105,18,0.39911908690224995,0.8015822430451711,0.001,64,4,2,128,0.1,32,75,0.0,0.1,10,5,0.5,True,42
batch_size,32,106,106,1,0.689425042181304,0.6690770626068115,0.001,64,4,2,128,0.1,32,75,0.0,0.1,10,5,0.5,True,42
batch_size,32,106,106,2,0.6613138643178073,0.6473550637563069,0.001,64,4,2,128,0.1,32,75,0.0,0.1,10,5,0.5,True,42
batch_size,32,106,106,3,0.6394094531283234,0.6437107364336649,0.001,64,4,2,128,0.1,32,75,0.0,0.1,10,5,0.5,True,42
batch_size,32,106,106,4,0.6303651323824218,0.6566258867581686,0.001,64,4,2,128,0.1,32,75,0.0,0.1,10,5,0.5,True,42
batch_size,32,106,106,5,0.6215141282388659,0.6189154545466106,0.001,64,4,2,128,0.1,32,75,0.0,0.1,10,5,0.5,True,42
batch_size,32,106,106,6,0.6106825628966996,0.6274554133415222,0.001,64,4,2,128,0.1,32,75,0.0,0.1,10,5,0.5,True,42
batch_size,32,106,106,7,0.6018806115695925,0.6117277801036834,0.001,64,4,2,128,0.1,32,75,0.0,0.1,10,5,0.5,True,42
batch_size,32,106,106,8,0.5897536074573343,0.6535948733488719,0.001,64,4,2,128,0.1,32,75,0.0,0.1,10,5,0.5,True,42
batch_size,32,106,106,9,0.5786494393691872,0.6406377593676249,0.001,64,4,2,128,0.1,32,75,0.0,0.1,10,5,0.5,True,42
batch_size,32,106,106,10,0.5660263882441954,0.6780701239903768,0.001,64,4,2,128,0.1,32,75,0.0,0.1,10,5,0.5,True,42
batch_size,32,106,106,11,0.5567338742089994,0.6352621535460155,0.001,64,4,2,128,0.1,32,75,0.0,0.1,10,5,0.5,True,42
batch_size,32,106,106,12,0.5453068966215308,0.6595441182454427,0.001,64,4,2,128,0.1,32,75,0.0,0.1,10,5,0.5,True,42
batch_size,32,106,106,13,0.5230182709567475,0.6644833127657572,0.001,64,4,2,128,0.1,32,75,0.0,0.1,10,5,0.5,True,42
batch_size,32,106,106,14,0.4777597069288745,0.7039857129255931,0.001,64,4,2,128,0.1,32,75,0.0,0.1,10,5,0.5,True,42
batch_size,32,106,106,15,0.4460486173629761,0.6969989140828451,0.001,64,4,2,128,0.1,32,75,0.0,0.1,10,5,0.5,True,42
batch_size,32,106,106,16,0.4337150789797306,0.7445506950219473,0.001,64,4,2,128,0.1,32,75,0.0,0.1,10,5,0.5,True,42
batch_size,32,106,106,17,0.4147966079639666,0.7783332864443461,0.001,64,4,2,128,0.1,32,75,0.0,0.1,10,5,0.5,True,42
batch_size,32,107,107,1,0.6957296390425075,0.6782218933105468,0.001,64,4,2,128,0.1,32,75,0.0,0.1,10,5,0.5,True,42
batch_size,32,107,107,2,0.6692426145979853,0.6737850487232209,0.001,64,4,2,128,0.1,32,75,0.0,0.1,10,5,0.5,True,42
batch_size,32,107,107,3,0.6556293070316315,0.6998229404290517,0.001,64,4,2,128,0.1,32,75,0.0,0.1,10,5,0.5,True,42
batch_size,32,107,107,4,0.6463477065165838,0.647972172498703,0.001,64,4,2,128,0.1,32,75,0.0,0.1,10,5,0.5,True,42
batch_size,32,107,107,5,0.6238270354541865,0.6264513413111369,0.001,64,4,2,128,0.1,32,75,0.0,0.1,10,5,0.5,True,42
batch_size,32,107,107,6,0.6200415607203137,0.6528131564458212,0.001,64,4,2,128,0.1,32,75,0.0,0.1,10,5,0.5,True,42
batch_size,32,107,107,7,0.6203568589055177,0.6245946645736694,0.001,64,4,2,128,0.1,32,75,0.0,0.1,10,5,0.5,True,42
batch_size,32,107,107,8,0.6093150411139835,0.6170382718245189,0.001,64,4,2,128,0.1,32,75,0.0,0.1,10,5,0.5,True,42
batch_size,32,107,107,9,0.5932383945945537,0.61531955798467,0.001,64,4,2,128,0.1,32,75,0.0,0.1,10,5,0.5,True,42
batch_size,32,107,107,10,0.5963919442711454,0.6493724068005879,0.001,64,4,2,128,0.1,32,75,0.0,0.1,10,5,0.5,True,42
batch_size,32,107,107,11,0.5797688893296502,0.6744370738665263,0.001,64,4,2,128,0.1,32,75,0.0,0.1,10,5,0.5,True,42
batch_size,32,107,107,12,0.5724699702678304,0.6687126119931539,0.001,64,4,2,128,0.1,32,75,0.0,0.1,10,5,0.5,True,42
batch_size,32,107,107,13,0.5634914801427813,0.649140578508377,0.001,64,4,2,128,0.1,32,75,0.0,0.1,10,5,0.5,True,42
batch_size,32,107,107,14,0.5490162758664652,0.6961278061072032,0.001,64,4,2,128,0.1,32,75,0.0,0.1,10,5,0.5,True,42
batch_size,32,107,107,15,0.5254539729970874,0.6579367637634277,0.001,64,4,2,128,0.1,32,75,0.0,0.1,10,5,0.5,True,42
batch_size,32,107,107,16,0.4829745889838898,0.6986162344614665,0.001,64,4,2,128,0.1,32,75,0.0,0.1,10,5,0.5,True,42
batch_size,32,107,107,17,0.45041409405795013,0.7083017547925313,0.001,64,4,2,128,0.1,32,75,0.0,0.1,10,5,0.5,True,42
batch_size,32,107,107,18,0.4316789089052966,0.7702663501103719,0.001,64,4,2,128,0.1,32,75,0.0,0.1,10,5,0.5,True,42
batch_size,32,107,107,19,0.4111294596258438,0.7888075153032938,0.001,64,4,2,128,0.1,32,75,0.0,0.1,10,5,0.5,True,42
batch_size,32,108,108,1,0.6953047360434677,0.7010834475358327,0.001,64,4,2,128,0.1,32,75,0.0,0.1,10,5,0.5,True,42
batch_size,32,108,108,2,0.6669633939410701,0.6708866794904073,0.001,64,4,2,128,0.1,32,75,0.0,0.1,10,5,0.5,True,42
batch_size,32,108,108,3,0.6506658598329081,0.6871568620204925,0.001,64,4,2,128,0.1,32,75,0.0,0.1,10,5,0.5,True,42
batch_size,32,108,108,4,0.6287469261071899,0.656587439775467,0.001,64,4,2,128,0.1,32,75,0.0,0.1,10,5,0.5,True,42
batch_size,32,108,108,5,0.6178023844505801,0.647664213180542,0.001,64,4,2,128,0.1,32,75,0.0,0.1,10,5,0.5,True,42
batch_size,32,108,108,6,0.6078119575977325,0.6613167643547058,0.001,64,4,2,128,0.1,32,75,0.0,0.1,10,5,0.5,True,42
batch_size,32,108,108,7,0.5905239001819582,0.6555271883805592,0.001,64,4,2,128,0.1,32,75,0.0,0.1,10,5,0.5,True,42
batch_size,32,108,108,8,0.5790155868638646,0.6479616383711497,0.001,64,4,2,128,0.1,32,75,0.0,0.1,10,5,0.5,True,42
batch_size,32,108,108,9,0.5706396814097058,0.6480457882086436,0.001,64,4,2,128,0.1,32,75,0.0,0.1,10,5,0.5,True,42
batch_size,32,108,108,10,0.5553461931871645,0.6620986938476563,0.001,64,4,2,128,0.1,32,75,0.0,0.1,10,5,0.5,True,42
batch_size,32,108,108,11,0.5428443837798003,0.6710115571816763,0.001,64,4,2,128,0.1,32,75,0.0,0.1,10,5,0.5,True,42
batch_size,32,108,108,12,0.4901767574024923,0.6825734754403432,0.001,64,4,2,128,0.1,32,75,0.0,0.1,10,5,0.5,True,42
batch_size,32,108,108,13,0.47865500052769977,0.7369077324867248,0.001,64,4,2,128,0.1,32,75,0.0,0.1,10,5,0.5,True,42
batch_size,32,108,108,14,0.4468031892496528,0.7843589146931966,0.001,64,4,2,128,0.1,32,75,0.0,0.1,10,5,0.5,True,42
batch_size,32,108,108,15,0.433043647557497,0.7542961716651917,0.001,64,4,2,128,0.1,32,75,0.0,0.1,10,5,0.5,True,42
batch_size,64,1,1,1,0.6916286087397373,0.6625995635986328,0.001,64,4,2,128,0.1,64,75,0.0,0.1,10,5,0.5,True,42
batch_size,64,1,1,2,0.6762060938459454,0.6369971856474876,0.001,64,4,2,128,0.1,64,75,0.0,0.1,10,5,0.5,True,42
batch_size,64,1,1,3,0.6565793138561826,0.630335483700037,0.001,64,4,2,128,0.1,64,75,0.0,0.1,10,5,0.5,True,42
batch_size,64,1,1,4,0.6333381325909586,0.6146615631878376,0.001,64,4,2,128,0.1,64,75,0.0,0.1,10,5,0.5,True,42
batch_size,64,1,1,5,0.6294289511261564,0.603861965239048,0.001,64,4,2,128,0.1,64,75,0.0,0.1,10,5,0.5,True,42
batch_size,64,1,1,6,0.6162031491597494,0.5963860265910625,0.001,64,4,2,128,0.1,64,75,0.0,0.1,10,5,0.5,True,42
batch_size,64,1,1,7,0.6062287557305712,0.5954199507832527,0.001,64,4,2,128,0.1,64,75,0.0,0.1,10,5,0.5,True,42
batch_size,64,1,1,8,0.6016672632910989,0.5964604243636131,0.001,64,4,2,128,0.1,64,75,0.0,0.1,10,5,0.5,True,42
batch_size,64,1,1,9,0.5968161207256895,0.611627884209156,0.001,64,4,2,128,0.1,64,75,0.0,0.1,10,5,0.5,True,42
batch_size,64,1,1,10,0.5801632192098733,0.5998439267277718,0.001,64,4,2,128,0.1,64,75,0.0,0.1,10,5,0.5,True,42
batch_size,64,1,1,11,0.5702291478713354,0.6195458211004734,0.001,64,4,2,128,0.1,64,75,0.0,0.1,10,5,0.5,True,42
batch_size,64,1,1,12,0.5660834614977692,0.6209274753928185,0.001,64,4,2,128,0.1,64,75,0.0,0.1,10,5,0.5,True,42
batch_size,64,1,1,13,0.548950148802815,0.6396250538527966,0.001,64,4,2,128,0.1,64,75,0.0,0.1,10,5,0.5,True,42
batch_size,64,1,1,14,0.518672476663734,0.642109077423811,0.001,64,4,2,128,0.1,64,75,0.0,0.1,10,5,0.5,True,42
batch_size,64,1,1,15,0.5108695468216231,0.622201357036829,0.001,64,4,2,128,0.1,64,75,0.0,0.1,10,5,0.5,True,42
batch_size,64,1,1,16,0.49423573008089355,0.6762904264032841,0.001,64,4,2,128,0.1,64,75,0.0,0.1,10,5,0.5,True,42
batch_size,64,1,1,17,0.4791169925169511,0.6557952538132668,0.001,64,4,2,128,0.1,64,75,0.0,0.1,10,5,0.5,True,42
batch_size,64,2,2,1,0.6949753806446538,0.6555935814976692,0.001,64,4,2,128,0.1,64,75,0.0,0.1,10,5,0.5,True,42
batch_size,64,2,2,2,0.6748053449572939,0.632484495639801,0.001,64,4,2,128,0.1,64,75,0.0,0.1,10,5,0.5,True,42
batch_size,64,2,2,3,0.6487706556464686,0.6338797211647034,0.001,64,4,2,128,0.1,64,75,0.0,0.1,10,5,0.5,True,42
batch_size,64,2,2,4,0.6384595361622897,0.6038017198443413,0.001,64,4,2,128,0.1,64,75,0.0,0.1,10,5,0.5,True,42
batch_size,64,2,2,5,0.6279504258524288,0.6045846454799175,0.001,64,4,2,128,0.1,64,75,0.0,0.1,10,5,0.5,True,42
batch_size,64,2,2,6,0.6178434274413369,0.5863978564739227,0.001,64,4,2,128,0.1,64,75,0.0,0.1,10,5,0.5,True,42
batch_size,64,2,2,7,0.6077094818606521,0.604839812964201,0.001,64,4,2,128,0.1,64,75,0.0,0.1,10,5,0.5,True,42
batch_size,64,2,2,8,0.6033715118061412,0.5928853265941143,0.001,64,4,2,128,0.1,64,75,0.0,0.1,10,5,0.5,True,42
batch_size,64,2,2,9,0.5969123610041358,0.5833438783884048,0.001,64,4,2,128,0.1,64,75,0.0,0.1,10,5,0.5,True,42
batch_size,64,2,2,10,0.5871549199024836,0.5837225243449211,0.001,64,4,2,128,0.1,64,75,0.0,0.1,10,5,0.5,True,42
batch_size,64,2,2,11,0.5694224816380125,0.5888729952275753,0.001,64,4,2,128,0.1,64,75,0.0,0.1,10,5,0.5,True,42
batch_size,64,2,2,12,0.5539578944444656,0.5852118581533432,0.001,64,4,2,128,0.1,64,75,0.0,0.1,10,5,0.5,True,42
batch_size,64,2,2,13,0.5486299982576659,0.596257895231247,0.001,64,4,2,128,0.1,64,75,0.0,0.1,10,5,0.5,True,42
batch_size,64,2,2,14,0.5282519053329121,0.6489966735243797,0.001,64,4,2,128,0.1,64,75,0.0,0.1,10,5,0.5,True,42
batch_size,64,2,2,15,0.5101943336652986,0.6392995938658714,0.001,64,4,2,128,0.1,64,75,0.0,0.1,10,5,0.5,True,42
batch_size,64,2,2,16,0.4642100004535733,0.6521153450012207,0.001,64,4,2,128,0.1,64,75,0.0,0.1,10,5,0.5,True,42
batch_size,64,2,2,17,0.4435136431094372,0.6765511631965637,0.001,64,4,2,128,0.1,64,75,0.0,0.1,10,5,0.5,True,42
batch_size,64,2,2,18,0.4325174300959616,0.6945960558950901,0.001,64,4,2,128,0.1,64,75,0.0,0.1,10,5,0.5,True,42
batch_size,64,2,2,19,0.41405584369644977,0.7237477079033852,0.001,64,4,2,128,0.1,64,75,0.0,0.1,10,5,0.5,True,42
batch_size,64,3,3,1,0.6963847776254019,0.6652787402272224,0.001,64,4,2,128,0.1,64,75,0.0,0.1,10,5,0.5,True,42
batch_size,64,3,3,2,0.6686889213142972,0.6210675239562988,0.001,64,4,2,128,0.1,64,75,0.0,0.1,10,5,0.5,True,42
batch_size,64,3,3,3,0.6458810585917849,0.6606018804013729,0.001,64,4,2,128,0.1,64,75,0.0,0.1,10,5,0.5,True,42
batch_size,64,3,3,4,0.6384485472332347,0.5870444923639297,0.001,64,4,2,128,0.1,64,75,0.0,0.1,10,5,0.5,True,42
batch_size,64,3,3,5,0.6236535428148328,0.5983430594205856,0.001,64,4,2,128,0.1,64,75,0.0,0.1,10,5,0.5,True,42
batch_size,64,3,3,6,0.6120395813927506,0.5968459062278271,0.001,64,4,2,128,0.1,64,75,0.0,0.1,10,5,0.5,True,42
batch_size,64,3,3,7,0.6046904334516237,0.5722382627427578,0.001,64,4,2,128,0.1,64,75,0.0,0.1,10,5,0.5,True,42
batch_size,64,3,3,8,0.5942478852741646,0.5869748406112194,0.001,64,4,2,128,0.1,64,75,0.0,0.1,10,5,0.5,True,42
batch_size,64,3,3,9,0.5887614764047392,0.5726716704666615,0.001,64,4,2,128,0.1,64,75,0.0,0.1,10,5,0.5,True,42
batch_size,64,3,3,10,0.5806366056203842,0.6061095371842384,0.001,64,4,2,128,0.1,64,75,0.0,0.1,10,5,0.5,True,42
batch_size,64,3,3,11,0.570049931605657,0.5957545414566994,0.001,64,4,2,128,0.1,64,75,0.0,0.1,10,5,0.5,True,42
batch_size,64,3,3,12,0.5664920337272413,0.592732559889555,0.001,64,4,2,128,0.1,64,75,0.0,0.1,10,5,0.5,True,42
batch_size,64,3,3,13,0.5439431522831772,0.6039726734161377,0.001,64,4,2,128,0.1,64,75,0.0,0.1,10,5,0.5,True,42
batch_size,64,3,3,14,0.5429771005204229,0.6231196448206902,0.001,64,4,2,128,0.1,64,75,0.0,0.1,10,5,0.5,True,42
batch_size,64,3,3,15,0.5062739799420038,0.629404827952385,0.001,64,4,2,128,0.1,64,75,0.0,0.1,10,5,0.5,True,42
batch_size,64,3,3,16,0.4888764394052101,0.677505299448967,0.001,64,4,2,128,0.1,64,75,0.0,0.1,10,5,0.5,True,42
batch_size,64,3,3,17,0.47011794465960877,0.6624505668878555,0.001,64,4,2,128,0.1,64,75,0.0,0.1,10,5,0.5,True,42
batch_size,64,4,4,1,0.6968423462275303,0.6799415573477745,0.001,64,4,2,128,0.1,64,75,0.0,0.1,10,5,0.5,True,42
batch_size,64,4,4,2,0.6724164549148444,0.6384996809065342,0.001,64,4,2,128,0.1,64,75,0.0,0.1,10,5,0.5,True,42
batch_size,64,4,4,3,0.650713590961514,0.6055108904838562,0.001,64,4,2,128,0.1,64,75,0.0,0.1,10,5,0.5,True,42
batch_size,64,4,4,4,0.625411825649666,0.6108370572328568,0.001,64,4,2,128,0.1,64,75,0.0,0.1,10,5,0.5,True,42
batch_size,64,4,4,5,0.6194591495123777,0.5880846530199051,0.001,64,4,2,128,0.1,64,75,0.0,0.1,10,5,0.5,True,42
batch_size,64,4,4,6,0.618208569559184,0.5821452997624874,0.001,64,4,2,128,0.1,64,75,0.0,0.1,10,5,0.5,True,42
batch_size,64,4,4,7,0.6048331739324512,0.5941188521683216,0.001,64,4,2,128,0.1,64,75,0.0,0.1,10,5,0.5,True,42
batch_size,64,4,4,8,0.5956999095100345,0.5776008367538452,0.001,64,4,2,128,0.1,64,75,0.0,0.1,10,5,0.5,True,42
batch_size,64,4,4,9,0.590909120259863,0.5843322016298771,0.001,64,4,2,128,0.1,64,75,0.0,0.1,10,5,0.5,True,42
batch_size,64,4,4,10,0.5885587614594083,0.5861559249460697,0.001,64,4,2,128,0.1,64,75,0.0,0.1,10,5,0.5,True,42
batch_size,64,4,4,11,0.5714496234149644,0.5687998719513416,0.001,64,4,2,128,0.1,64,75,0.0,0.1,10,5,0.5,True,42
batch_size,64,4,4,12,0.5650431202216581,0.5723580233752728,0.001,64,4,2,128,0.1,64,75,0.0,0.1,10,5,0.5,True,42
batch_size,64,4,4,13,0.5609310255809263,0.5937743186950684,0.001,64,4,2,128,0.1,64,75,0.0,0.1,10,5,0.5,True,42
batch_size,64,4,4,14,0.5548403412103653,0.5981906019151211,0.001,64,4,2,128,0.1,64,75,0.0,0.1,10,5,0.5,True,42
batch_size,64,4,4,15,0.5351868177002127,0.5949519164860249,0.001,64,4,2,128,0.1,64,75,0.0,0.1,10,5,0.5,True,42
batch_size,64,4,4,16,0.5092680291696028,0.593088936060667,0.001,64,4,2,128,0.1,64,75,0.0,0.1,10,5,0.5,True,42
batch_size,64,4,4,17,0.5067222348668359,0.608317144215107,0.001,64,4,2,128,0.1,64,75,0.0,0.1,10,5,0.5,True,42
batch_size,64,4,4,18,0.4630143213452715,0.6430781856179237,0.001,64,4,2,128,0.1,64,75,0.0,0.1,10,5,0.5,True,42
batch_size,64,4,4,19,0.4459182385242347,0.6226277053356171,0.001,64,4,2,128,0.1,64,75,0.0,0.1,10,5,0.5,True,42
batch_size,64,4,4,20,0.43581831816470984,0.6232383549213409,0.001,64,4,2,128,0.1,64,75,0.0,0.1,10,5,0.5,True,42
batch_size,64,4,4,21,0.4160222591775836,0.6790040880441666,0.001,64,4,2,128,0.1,64,75,0.0,0.1,10,5,0.5,True,42
batch_size,64,5,5,1,0.6997889199040153,0.6557073667645454,0.001,64,4,2,128,0.1,64,75,0.0,0.1,10,5,0.5,True,42
batch_size,64,5,5,2,0.670925601865306,0.6401739493012428,0.001,64,4,2,128,0.1,64,75,0.0,0.1,10,5,0.5,True,42
batch_size,64,5,5,3,0.6504277659185005,0.6424708291888237,0.001,64,4,2,128,0.1,64,75,0.0,0.1,10,5,0.5,True,42
batch_size,64,5,5,4,0.6293667572917361,0.6225940585136414,0.001,64,4,2,128,0.1,64,75,0.0,0.1,10,5,0.5,True,42
batch_size,64,5,5,5,0.6241280626166951,0.6511901095509529,0.001,64,4,2,128,0.1,64,75,0.0,0.1,10,5,0.5,True,42
batch_size,64,5,5,6,0.6152545737497734,0.6052368767559528,0.001,64,4,2,128,0.1,64,75,0.0,0.1,10,5,0.5,True,42
batch_size,64,5,5,7,0.6107079991788575,0.6431441120803356,0.001,64,4,2,128,0.1,64,75,0.0,0.1,10,5,0.5,True,42
batch_size,64,5,5,8,0.6062097594593511,0.6088388711214066,0.001,64,4,2,128,0.1,64,75,0.0,0.1,10,5,0.5,True,42
batch_size,64,5,5,9,0.5900490988384594,0.7591614909470081,0.001,64,4,2,128,0.1,64,75,0.0,0.1,10,5,0.5,True,42
batch_size,64,5,5,10,0.588140764019706,0.6234642937779427,0.001,64,4,2,128,0.1,64,75,0.0,0.1,10,5,0.5,True,42
batch_size,64,5,5,11,0.5713404995022398,0.6927008479833603,0.001,64,4,2,128,0.1,64,75,0.0,0.1,10,5,0.5,True,42
batch_size,64,5,5,12,0.565642308105122,0.677214115858078,0.001,64,4,2,128,0.1,64,75,0.0,0.1,10,5,0.5,True,42
batch_size,64,5,5,13,0.5323947961583282,0.6308562904596329,0.001,64,4,2,128,0.1,64,75,0.0,0.1,10,5,0.5,True,42
batch_size,64,5,5,14,0.5160467624664307,0.6533931419253349,0.001,64,4,2,128,0.1,64,75,0.0,0.1,10,5,0.5,True,42
batch_size,64,5,5,15,0.5008832884557319,0.6591784730553627,0.001,64,4,2,128,0.1,64,75,0.0,0.1,10,5,0.5,True,42
batch_size,64,5,5,16,0.4914304063175664,0.7150153368711472,0.001,64,4,2,128,0.1,64,75,0.0,0.1,10,5,0.5,True,42
batch_size,64,6,6,1,0.6940034022836974,0.670501597225666,0.001,64,4,2,128,0.1,64,75,0.0,0.1,10,5,0.5,True,42
batch_size,64,6,6,2,0.6706273628003669,0.6349321007728577,0.001,64,4,2,128,0.1,64,75,0.0,0.1,10,5,0.5,True,42
batch_size,64,6,6,3,0.652390303033771,0.6486752405762672,0.001,64,4,2,128,0.1,64,75,0.0,0.1,10,5,0.5,True,42
batch_size,64,6,6,4,0.6332291436917854,0.6022732108831406,0.001,64,4,2,128,0.1,64,75,0.0,0.1,10,5,0.5,True,42
batch_size,64,6,6,5,0.6194373865922292,0.596767321228981,0.001,64,4,2,128,0.1,64,75,0.0,0.1,10,5,0.5,True,42
batch_size,64,6,6,6,0.6104750258452964,0.5922532118856907,0.001,64,4,2,128,0.1,64,75,0.0,0.1,10,5,0.5,True,42
batch_size,64,6,6,7,0.6174140265493682,0.6012730151414871,0.001,64,4,2,128,0.1,64,75,0.0,0.1,10,5,0.5,True,42
batch_size,64,6,6,8,0.5943967216845715,0.6080809310078621,0.001,64,4,2,128,0.1,64,75,0.0,0.1,10,5,0.5,True,42
batch_size,64,6,6,9,0.5865659682136594,0.6205398589372635,0.001,64,4,2,128,0.1,64,75,0.0,0.1,10,5,0.5,True,42
batch_size,64,6,6,10,0.5723617433598547,0.6252271793782711,0.001,64,4,2,128,0.1,64,75,0.0,0.1,10,5,0.5,True,42
batch_size,64,6,6,11,0.5623937565268893,0.6117098554968834,0.001,64,4,2,128,0.1,64,75,0.0,0.1,10,5,0.5,True,42
batch_size,64,6,6,12,0.5576921805287852,0.6647195853292942,0.001,64,4,2,128,0.1,64,75,0.0,0.1,10,5,0.5,True,42
batch_size,64,6,6,13,0.5277624017361439,0.6492801532149315,0.001,64,4,2,128,0.1,64,75,0.0,0.1,10,5,0.5,True,42
batch_size,64,6,6,14,0.49806493385271594,0.6506304442882538,0.001,64,4,2,128,0.1,64,75,0.0,0.1,10,5,0.5,True,42
batch_size,64,6,6,15,0.49306899896173767,0.7069038227200508,0.001,64,4,2,128,0.1,64,75,0.0,0.1,10,5,0.5,True,42
batch_size,64,6,6,16,0.479517171328718,0.7084091678261757,0.001,64,4,2,128,0.1,64,75,0.0,0.1,10,5,0.5,True,42
batch_size,64,7,7,1,0.6997443816878579,0.6631509736180305,0.001,64,4,2,128,0.1,64,75,0.0,0.1,10,5,0.5,True,42
batch_size,64,7,7,2,0.6724360503933646,0.6365127488970757,0.001,64,4,2,128,0.1,64,75,0.0,0.1,10,5,0.5,True,42
batch_size,64,7,7,3,0.6675762651544629,0.6310038268566132,0.001,64,4,2,128,0.1,64,75,0.0,0.1,10,5,0.5,True,42
batch_size,64,7,7,4,0.6486955953366829,0.5991572849452496,0.001,64,4,2,128,0.1,64,75,0.0,0.1,10,5,0.5,True,42
batch_size,64,7,7,5,0.6303886111938592,0.5753455124795437,0.001,64,4,2,128,0.1,64,75,0.0,0.1,10,5,0.5,True,42
batch_size,64,7,7,6,0.616640747496576,0.5801882371306419,0.001,64,4,2,128,0.1,64,75,0.0,0.1,10,5,0.5,True,42
batch_size,64,7,7,7,0.6141698441722176,0.586601234972477,0.001,64,4,2,128,0.1,64,75,0.0,0.1,10,5,0.5,True,42
batch_size,64,7,7,8,0.6053385021108569,0.5629901140928268,0.001,64,4,2,128,0.1,64,75,0.0,0.1,10,5,0.5,True,42
batch_size,64,7,7,9,0.6028868321216467,0.5728428959846497,0.001,64,4,2,128,0.1,64,75,0.0,0.1,10,5,0.5,True,42
batch_size,64,7,7,10,0.5920377509160475,0.5696300528943539,0.001,64,4,2,128,0.1,64,75,0.0,0.1,10,5,0.5,True,42
batch_size,64,7,7,11,0.5844667346188517,0.5710687078535557,0.001,64,4,2,128,0.1,64,75,0.0,0.1,10,5,0.5,True,42
batch_size,64,7,7,12,0.5688935843381014,0.5888496786355972,0.001,64,4,2,128,0.1,64,75,0.0,0.1,10,5,0.5,True,42
batch_size,64,7,7,13,0.5719384451707205,0.5961697138845921,0.001,64,4,2,128,0.1,64,75,0.0,0.1,10,5,0.5,True,42
batch_size,64,7,7,14,0.5547171302817084,0.5802592560648918,0.001,64,4,2,128,0.1,64,75,0.0,0.1,10,5,0.5,True,42
batch_size,64,7,7,15,0.5265141251412305,0.6143601350486279,0.001,64,4,2,128,0.1,64,75,0.0,0.1,10,5,0.5,True,42
batch_size,64,7,7,16,0.4982723706599438,0.6348429396748543,0.001,64,4,2,128,0.1,64,75,0.0,0.1,10,5,0.5,True,42
batch_size,64,7,7,17,0.49729523198171094,0.6432658098638058,0.001,64,4,2,128,0.1,64,75,0.0,0.1,10,5,0.5,True,42
batch_size,64,7,7,18,0.48366601720000757,0.6711629331111908,0.001,64,4,2,128,0.1,64,75,0.0,0.1,10,5,0.5,True,42
batch_size,64,8,8,1,0.6981160243352255,0.703976184129715,0.001,64,4,2,128,0.1,64,75,0.0,0.1,10,5,0.5,True,42
batch_size,64,8,8,2,0.67722861513947,0.660725012421608,0.001,64,4,2,128,0.1,64,75,0.0,0.1,10,5,0.5,True,42
batch_size,64,8,8,3,0.6564626088648131,0.6706595942378044,0.001,64,4,2,128,0.1,64,75,0.0,0.1,10,5,0.5,True,42
batch_size,64,8,8,4,0.6474528836481499,0.6271035633981228,0.001,64,4,2,128,0.1,64,75,0.0,0.1,10,5,0.5,True,42
batch_size,64,8,8,5,0.6262241132331617,0.5984874852001667,0.001,64,4,2,128,0.1,64,75,0.0,0.1,10,5,0.5,True,42
batch_size,64,8,8,6,0.6159093217416243,0.5974954999983311,0.001,64,4,2,128,0.1,64,75,0.0,0.1,10,5,0.5,True,42
batch_size,64,8,8,7,0.6130176322026686,0.5902484767138958,0.001,64,4,2,128,0.1,64,75,0.0,0.1,10,5,0.5,True,42
batch_size,64,8,8,8,0.599042915485122,0.6818129979074001,0.001,64,4,2,128,0.1,64,75,0.0,0.1,10,5,0.5,True,42
batch_size,64,8,8,9,0.5920338689377813,0.5900838188827038,0.001,64,4,2,128,0.1,64,75,0.0,0.1,10,5,0.5,True,42
batch_size,64,8,8,10,0.6013337938171445,0.616088580340147,0.001,64,4,2,128,0.1,64,75,0.0,0.1,10,5,0.5,True,42
batch_size,64,8,8,11,0.5889786048368975,0.6038190349936485,0.001,64,4,2,128,0.1,64,75,0.0,0.1,10,5,0.5,True,42
batch_size,64,8,8,12,0.5702096535400911,0.595319539308548,0.001,64,4,2,128,0.1,64,75,0.0,0.1,10,5,0.5,True,42
batch_size,64,8,8,13,0.5695678537542169,0.610389307141304,0.001,64,4,2,128,0.1,64,75,0.0,0.1,10,5,0.5,True,42
batch_size,64,8,8,14,0.5535294567093705,0.6074301227927208,0.001,64,4,2,128,0.1,64,75,0.0,0.1,10,5,0.5,True,42
batch_size,64,8,8,15,0.5318974251999999,0.6330868192017078,0.001,64,4,2,128,0.1,64,75,0.0,0.1,10,5,0.5,True,42
batch_size,64,8,8,16,0.5025055146578586,0.6452692039310932,0.001,64,4,2,128,0.1,64,75,0.0,0.1,10,5,0.5,True,42
batch_size,64,8,8,17,0.4788098881642024,0.6666883528232574,0.001,64,4,2,128,0.1,64,75,0.0,0.1,10,5,0.5,True,42
batch_size,64,8,8,18,0.46734448590061883,0.6747175231575966,0.001,64,4,2,128,0.1,64,75,0.0,0.1,10,5,0.5,True,42
batch_size,64,8,8,19,0.4540609053590081,0.6820180788636208,0.001,64,4,2,128,0.1,64,75,0.0,0.1,10,5,0.5,True,42
batch_size,64,9,9,1,0.7016654628695864,0.6840554773807526,0.001,64,4,2,128,0.1,64,75,0.0,0.1,10,5,0.5,True,42
batch_size,64,9,9,2,0.6787760546713164,0.6999473385512829,0.001,64,4,2,128,0.1,64,75,0.0,0.1,10,5,0.5,True,42
batch_size,64,9,9,3,0.6570094218759825,0.6286655217409134,0.001,64,4,2,128,0.1,64,75,0.0,0.1,10,5,0.5,True,42
batch_size,64,9,9,4,0.6342498073072145,0.6213227286934853,0.001,64,4,2,128,0.1,64,75,0.0,0.1,10,5,0.5,True,42
batch_size,64,9,9,5,0.6257931075312875,0.6208753176033497,0.001,64,4,2,128,0.1,64,75,0.0,0.1,10,5,0.5,True,42
batch_size,64,9,9,6,0.6101509919672301,0.6047596149146557,0.001,64,4,2,128,0.1,64,75,0.0,0.1,10,5,0.5,True,42
batch_size,64,9,9,7,0.6036545331730987,0.5995287671685219,0.001,64,4,2,128,0.1,64,75,0.0,0.1,10,5,0.5,True,42
batch_size,64,9,9,8,0.5942859667720217,0.6233696937561035,0.001,64,4,2,128,0.1,64,75,0.0,0.1,10,5,0.5,True,42
batch_size,64,9,9,9,0.5845512196873174,0.6201692186295986,0.001,64,4,2,128,0.1,64,75,0.0,0.1,10,5,0.5,True,42
batch_size,64,9,9,10,0.5739055993882093,0.6094436123967171,0.001,64,4,2,128,0.1,64,75,0.0,0.1,10,5,0.5,True,42
batch_size,64,9,9,11,0.5622790370023611,0.6251621022820473,0.001,64,4,2,128,0.1,64,75,0.0,0.1,10,5,0.5,True,42
batch_size,64,9,9,12,0.5408047284140731,0.628099836409092,0.001,64,4,2,128,0.1,64,75,0.0,0.1,10,5,0.5,True,42
batch_size,64,9,9,13,0.527821762543736,0.6477579772472382,0.001,64,4,2,128,0.1,64,75,0.0,0.1,10,5,0.5,True,42
batch_size,64,9,9,14,0.4969550800142866,0.6956085562705994,0.001,64,4,2,128,0.1,64,75,0.0,0.1,10,5,0.5,True,42
batch_size,64,9,9,15,0.47535103740114154,0.7342757023870945,0.001,64,4,2,128,0.1,64,75,0.0,0.1,10,5,0.5,True,42
batch_size,64,9,9,16,0.46289205009287054,0.759558092802763,0.001,64,4,2,128,0.1,64,75,0.0,0.1,10,5,0.5,True,42
batch_size,64,9,9,17,0.4496658363125541,0.7090976499021053,0.001,64,4,2,128,0.1,64,75,0.0,0.1,10,5,0.5,True,42
batch_size,64,10,10,1,0.6940871973832449,0.6750043332576752,0.001,64,4,2,128,0.1,64,75,0.0,0.1,10,5,0.5,True,42
batch_size,64,10,10,2,0.6740213975761876,0.6476452872157097,0.001,64,4,2,128,0.1,64,75,0.0,0.1,10,5,0.5,True,42
batch_size,64,10,10,3,0.6460051536560059,0.6435416787862778,0.001,64,4,2,128,0.1,64,75,0.0,0.1,10,5,0.5,True,42
batch_size,64,10,10,4,0.6280487035260056,0.6013754606246948,0.001,64,4,2,128,0.1,64,75,0.0,0.1,10,5,0.5,True,42
batch_size,64,10,10,5,0.637286306330652,0.6271859891712666,0.001,64,4,2,128,0.1,64,75,0.0,0.1,10,5,0.5,True,42
batch_size,64,10,10,6,0.6261048073118384,0.6017062962055206,0.001,64,4,2,128,0.1,64,75,0.0,0.1,10,5,0.5,True,42
batch_size,64,10,10,7,0.6181944708029429,0.6017915494740009,0.001,64,4,2,128,0.1,64,75,0.0,0.1,10,5,0.5,True,42
batch_size,64,10,10,8,0.6005397402878964,0.5829836651682854,0.001,64,4,2,128,0.1,64,75,0.0,0.1,10,5,0.5,True,42
batch_size,64,10,10,9,0.5957064339608857,0.6159151829779148,0.001,64,4,2,128,0.1,64,75,0.0,0.1,10,5,0.5,True,42
batch_size,64,10,10,10,0.5978295035434492,0.6090362221002579,0.001,64,4,2,128,0.1,64,75,0.0,0.1,10,5,0.5,True,42
batch_size,64,10,10,11,0.5765735895344706,0.5980452001094818,0.001,64,4,2,128,0.1,64,75,0.0,0.1,10,5,0.5,True,42
batch_size,64,10,10,12,0.575511091134765,0.6052611209452152,0.001,64,4,2,128,0.1,64,75,0.0,0.1,10,5,0.5,True,42
batch_size,64,10,10,13,0.5506396158175035,0.6315747946500778,0.001,64,4,2,128,0.1,64,75,0.0,0.1,10,5,0.5,True,42
batch_size,64,10,10,14,0.5425304553725503,0.6081554479897022,0.001,64,4,2,128,0.1,64,75,0.0,0.1,10,5,0.5,True,42
batch_size,64,10,10,15,0.506479958241636,0.6752272844314575,0.001,64,4,2,128,0.1,64,75,0.0,0.1,10,5,0.5,True,42
batch_size,64,10,10,16,0.49184837530959735,0.6732485890388489,0.001,64,4,2,128,0.1,64,75,0.0,0.1,10,5,0.5,True,42
batch_size,64,10,10,17,0.48031032130573736,0.6981250569224358,0.001,64,4,2,128,0.1,64,75,0.0,0.1,10,5,0.5,True,42
batch_size,64,10,10,18,0.4668957699428905,0.7094406560063362,0.001,64,4,2,128,0.1,64,75,0.0,0.1,10,5,0.5,True,42
batch_size,64,11,11,1,0.6960868456146934,0.6684030964970589,0.001,64,4,2,128,0.1,64,75,0.0,0.1,10,5,0.5,True,42
batch_size,64,11,11,2,0.6692943970362345,0.651743222028017,0.001,64,4,2,128,0.1,64,75,0.0,0.1,10,5,0.5,True,42
batch_size,64,11,11,3,0.649179068478671,0.6373196318745613,0.001,64,4,2,128,0.1,64,75,0.0,0.1,10,5,0.5,True,42
batch_size,64,11,11,4,0.6356406907240549,0.582643948495388,0.001,64,4,2,128,0.1,64,75,0.0,0.1,10,5,0.5,True,42
batch_size,64,11,11,5,0.6198644019437559,0.6031685881316662,0.001,64,4,2,128,0.1,64,75,0.0,0.1,10,5,0.5,True,42
batch_size,64,11,11,6,0.6198328697320187,0.5849894322454929,0.001,64,4,2,128,0.1,64,75,0.0,0.1,10,5,0.5,True,42
batch_size,64,11,11,7,0.59795668676044,0.645344715565443,0.001,64,4,2,128,0.1,64,75,0.0,0.1,10,5,0.5,True,42
batch_size,64,11,11,8,0.5883680469158924,0.5792431831359863,0.001,64,4,2,128,0.1,64,75,0.0,0.1,10,5,0.5,True,42
batch_size,64,11,11,9,0.5752531592593049,0.6262564137578011,0.001,64,4,2,128,0.1,64,75,0.0,0.1,10,5,0.5,True,42
batch_size,64,11,11,10,0.5716833639325518,0.598756019026041,0.001,64,4,2,128,0.1,64,75,0.0,0.1,10,5,0.5,True,42
batch_size,64,11,11,11,0.5516480288722299,0.5963861010968685,0.001,64,4,2,128,0.1,64,75,0.0,0.1,10,5,0.5,True,42
batch_size,64,11,11,12,0.543167025753946,0.6244610026478767,0.001,64,4,2,128,0.1,64,75,0.0,0.1,10,5,0.5,True,42
batch_size,64,11,11,13,0.5317635739391501,0.6378991976380348,0.001,64,4,2,128,0.1,64,75,0.0,0.1,10,5,0.5,True,42
batch_size,64,11,11,14,0.5197098652521769,0.6459158584475517,0.001,64,4,2,128,0.1,64,75,0.0,0.1,10,5,0.5,True,42
batch_size,64,11,11,15,0.4776012044061314,0.6944429948925972,0.001,64,4,2,128,0.1,64,75,0.0,0.1,10,5,0.5,True,42
batch_size,64,11,11,16,0.4553571953014894,0.6927841305732727,0.001,64,4,2,128,0.1,64,75,0.0,0.1,10,5,0.5,True,42
batch_size,64,11,11,17,0.4570379171407584,0.694713182747364,0.001,64,4,2,128,0.1,64,75,0.0,0.1,10,5,0.5,True,42
batch_size,64,11,11,18,0.4342783310196616,0.7382176332175732,0.001,64,4,2,128,0.1,64,75,0.0,0.1,10,5,0.5,True,42
batch_size,64,12,12,1,0.6985569018306155,0.6680180579423904,0.001,64,4,2,128,0.1,64,75,0.0,0.1,10,5,0.5,True,42
batch_size,64,12,12,2,0.6804072233763608,0.6457118913531303,0.001,64,4,2,128,0.1,64,75,0.0,0.1,10,5,0.5,True,42
batch_size,64,12,12,3,0.6669878110741124,0.6715453863143921,0.001,64,4,2,128,0.1,64,75,0.0,0.1,10,5,0.5,True,42
batch_size,64,12,12,4,0.6454380922245256,0.6123463734984398,0.001,64,4,2,128,0.1,64,75,0.0,0.1,10,5,0.5,True,42
batch_size,64,12,12,5,0.6327142011035572,0.6029026284813881,0.001,64,4,2,128,0.1,64,75,0.0,0.1,10,5,0.5,True,42
batch_size,64,12,12,6,0.6165375483758522,0.6693651601672173,0.001,64,4,2,128,0.1,64,75,0.0,0.1,10,5,0.5,True,42
batch_size,64,12,12,7,0.6155181427796682,0.6409071683883667,0.001,64,4,2,128,0.1,64,75,0.0,0.1,10,5,0.5,True,42
batch_size,64,12,12,8,0.6015993663758943,0.5884858444333076,0.001,64,4,2,128,0.1,64,75,0.0,0.1,10,5,0.5,True,42
batch_size,64,12,12,9,0.5879472290927713,0.6244242675602436,0.001,64,4,2,128,0.1,64,75,0.0,0.1,10,5,0.5,True,42
batch_size,64,12,12,10,0.5864428643024329,0.6367549523711205,0.001,64,4,2,128,0.1,64,75,0.0,0.1,10,5,0.5,True,42
batch_size,64,12,12,11,0.5709807050950599,0.6039911024272442,0.001,64,4,2,128,0.1,64,75,0.0,0.1,10,5,0.5,True,42
batch_size,64,12,12,12,0.5616151618235039,0.6003848314285278,0.001,64,4,2,128,0.1,64,75,0.0,0.1,10,5,0.5,True,42
batch_size,64,12,12,13,0.5362374665159167,0.6525926068425179,0.001,64,4,2,128,0.1,64,75,0.0,0.1,10,5,0.5,True,42
batch_size,64,12,12,14,0.5342511146357565,0.6015333905816078,0.001,64,4,2,128,0.1,64,75,0.0,0.1,10,5,0.5,True,42
batch_size,64,12,12,15,0.5011767058661489,0.6598389707505703,0.001,64,4,2,128,0.1,64,75,0.0,0.1,10,5,0.5,True,42
batch_size,64,12,12,16,0.47075426939762,0.6552530452609062,0.001,64,4,2,128,0.1,64,75,0.0,0.1,10,5,0.5,True,42
batch_size,64,12,12,17,0.45811276769999304,0.6979268603026867,0.001,64,4,2,128,0.1,64,75,0.0,0.1,10,5,0.5,True,42
batch_size,64,12,12,18,0.4621022099798376,0.7037457153201103,0.001,64,4,2,128,0.1,64,75,0.0,0.1,10,5,0.5,True,42
batch_size,64,13,13,1,0.6961782357909463,0.6668035387992859,0.001,64,4,2,128,0.1,64,75,0.0,0.1,10,5,0.5,True,42
batch_size,64,13,13,2,0.6726151795098276,0.644254058599472,0.001,64,4,2,128,0.1,64,75,0.0,0.1,10,5,0.5,True,42
batch_size,64,13,13,3,0.6449102840640328,0.6072102338075638,0.001,64,4,2,128,0.1,64,75,0.0,0.1,10,5,0.5,True,42
batch_size,64,13,13,4,0.6301417441079111,0.6279131025075912,0.001,64,4,2,128,0.1,64,75,0.0,0.1,10,5,0.5,True,42
batch_size,64,13,13,5,0.61975527622483,0.5940036699175835,0.001,64,4,2,128,0.1,64,75,0.0,0.1,10,5,0.5,True,42
batch_size,64,13,13,6,0.6089898239482533,0.6568210013210773,0.001,64,4,2,128,0.1,64,75,0.0,0.1,10,5,0.5,True,42
batch_size,64,13,13,7,0.59545682777058,0.5920950211584568,0.001,64,4,2,128,0.1,64,75,0.0,0.1,10,5,0.5,True,42
batch_size,64,13,13,8,0.6018199767127181,0.6036472246050835,0.001,64,4,2,128,0.1,64,75,0.0,0.1,10,5,0.5,True,42
batch_size,64,13,13,9,0.5783661089160226,0.6546733900904655,0.001,64,4,2,128,0.1,64,75,0.0,0.1,10,5,0.5,True,42
batch_size,64,13,13,10,0.5780293115160682,0.6066770032048225,0.001,64,4,2,128,0.1,64,75,0.0,0.1,10,5,0.5,True,42
batch_size,64,13,13,11,0.576146459940708,0.6794915050268173,0.001,64,4,2,128,0.1,64,75,0.0,0.1,10,5,0.5,True,42
batch_size,64,13,13,12,0.5525119756207322,0.7075587548315525,0.001,64,4,2,128,0.1,64,75,0.0,0.1,10,5,0.5,True,42
batch_size,64,13,13,13,0.5477129532532259,0.6135896071791649,0.001,64,4,2,128,0.1,64,75,0.0,0.1,10,5,0.5,True,42
batch_size,64,13,13,14,0.5081585135423776,0.714762382209301,0.001,64,4,2,128,0.1,64,75,0.0,0.1,10,5,0.5,True,42
batch_size,64,13,13,15,0.4931973869150335,0.6997190490365028,0.001,64,4,2,128,0.1,64,75,0.0,0.1,10,5,0.5,True,42
batch_size,64,13,13,16,0.48126231901573413,0.7494888976216316,0.001,64,4,2,128,0.1,64,75,0.0,0.1,10,5,0.5,True,42
batch_size,64,13,13,17,0.46537558915037097,0.7643345966935158,0.001,64,4,2,128,0.1,64,75,0.0,0.1,10,5,0.5,True,42
batch_size,64,14,14,1,0.6893273935173497,0.6735757365822792,0.001,64,4,2,128,0.1,64,75,0.0,0.1,10,5,0.5,True,42
batch_size,64,14,14,2,0.665197929649642,0.6407292932271957,0.001,64,4,2,128,0.1,64,75,0.0,0.1,10,5,0.5,True,42
batch_size,64,14,14,3,0.645726125348698,0.6355178654193878,0.001,64,4,2,128,0.1,64,75,0.0,0.1,10,5,0.5,True,42
batch_size,64,14,14,4,0.6340669619314598,0.60972960293293,0.001,64,4,2,128,0.1,64,75,0.0,0.1,10,5,0.5,True,42
batch_size,64,14,14,5,0.6249666990655841,0.6521783620119095,0.001,64,4,2,128,0.1,64,75,0.0,0.1,10,5,0.5,True,42
batch_size,64,14,14,6,0.6113090415795644,0.6045231185853481,0.001,64,4,2,128,0.1,64,75,0.0,0.1,10,5,0.5,True,42
batch_size,64,14,14,7,0.6035441792372501,0.588906541466713,0.001,64,4,2,128,0.1,64,75,0.0,0.1,10,5,0.5,True,42
batch_size,64,14,14,8,0.5949978105949633,0.6052598692476749,0.001,64,4,2,128,0.1,64,75,0.0,0.1,10,5,0.5,True,42
batch_size,64,14,14,9,0.5880056484179064,0.6094078570604324,0.001,64,4,2,128,0.1,64,75,0.0,0.1,10,5,0.5,True,42
batch_size,64,14,14,10,0.5746654055335305,0.61502406001091,0.001,64,4,2,128,0.1,64,75,0.0,0.1,10,5,0.5,True,42
batch_size,64,14,14,11,0.5708518872658411,0.6341872587800026,0.001,64,4,2,128,0.1,64,75,0.0,0.1,10,5,0.5,True,42
batch_size,64,14,14,12,0.5622975284403021,0.6181438192725182,0.001,64,4,2,128,0.1,64,75,0.0,0.1,10,5,0.5,True,42
batch_size,64,14,14,13,0.5350011596173951,0.6454423516988754,0.001,64,4,2,128,0.1,64,75,0.0,0.1,10,5,0.5,True,42
batch_size,64,14,14,14,0.5134344398975372,0.6272561103105545,0.001,64,4,2,128,0.1,64,75,0.0,0.1,10,5,0.5,True,42
batch_size,64,14,14,15,0.49471998892047186,0.660294733941555,0.001,64,4,2,128,0.1,64,75,0.0,0.1,10,5,0.5,True,42
batch_size,64,14,14,16,0.47369185090065,0.6943395808339119,0.001,64,4,2,128,0.1,64,75,0.0,0.1,10,5,0.5,True,42
batch_size,64,14,14,17,0.467501032984618,0.689811535179615,0.001,64,4,2,128,0.1,64,75,0.0,0.1,10,5,0.5,True,42
batch_size,64,15,15,1,0.6966109320972905,0.6892116963863373,0.001,64,4,2,128,0.1,64,75,0.0,0.1,10,5,0.5,True,42
batch_size,64,15,15,2,0.6703362862269083,0.6447053998708725,0.001,64,4,2,128,0.1,64,75,0.0,0.1,10,5,0.5,True,42
batch_size,64,15,15,3,0.6411143180095789,0.6057142801582813,0.001,64,4,2,128,0.1,64,75,0.0,0.1,10,5,0.5,True,42
batch_size,64,15,15,4,0.6271265596151352,0.5875622816383839,0.001,64,4,2,128,0.1,64,75,0.0,0.1,10,5,0.5,True,42
batch_size,64,15,15,5,0.6271412219061996,0.6237129159271717,0.001,64,4,2,128,0.1,64,75,0.0,0.1,10,5,0.5,True,42
batch_size,64,15,15,6,0.6280332008997599,0.5845902413129807,0.001,64,4,2,128,0.1,64,75,0.0,0.1,10,5,0.5,True,42
batch_size,64,15,15,7,0.6035066165707328,0.5779988020658493,0.001,64,4,2,128,0.1,64,75,0.0,0.1,10,5,0.5,True,42
batch_size,64,15,15,8,0.5968256466316454,0.5837660320103168,0.001,64,4,2,128,0.1,64,75,0.0,0.1,10,5,0.5,True,42
batch_size,64,15,15,9,0.5920791084116156,0.5881934948265553,0.001,64,4,2,128,0.1,64,75,0.0,0.1,10,5,0.5,True,42
batch_size,64,15,15,10,0.5855682921228986,0.5824668444693089,0.001,64,4,2,128,0.1,64,75,0.0,0.1,10,5,0.5,True,42
batch_size,64,15,15,11,0.577086861837994,0.5926799103617668,0.001,64,4,2,128,0.1,64,75,0.0,0.1,10,5,0.5,True,42
batch_size,64,15,15,12,0.5567696193854014,0.5773671641945839,0.001,64,4,2,128,0.1,64,75,0.0,0.1,10,5,0.5,True,42
batch_size,64,15,15,13,0.5504758488951307,0.6092932038009167,0.001,64,4,2,128,0.1,64,75,0.0,0.1,10,5,0.5,True,42
batch_size,64,15,15,14,0.5391821942546151,0.6043639779090881,0.001,64,4,2,128,0.1,64,75,0.0,0.1,10,5,0.5,True,42
batch_size,64,15,15,15,0.5192194499752738,0.6516694240272045,0.001,64,4,2,128,0.1,64,75,0.0,0.1,10,5,0.5,True,42
batch_size,64,15,15,16,0.5312156212149244,0.6544777154922485,0.001,64,4,2,128,0.1,64,75,0.0,0.1,10,5,0.5,True,42
batch_size,64,15,15,17,0.5030871945800204,0.6347605288028717,0.001,64,4,2,128,0.1,64,75,0.0,0.1,10,5,0.5,True,42
batch_size,64,15,15,18,0.4798149904518416,0.6507990024983883,0.001,64,4,2,128,0.1,64,75,0.0,0.1,10,5,0.5,True,42
batch_size,64,15,15,19,0.4333713334618193,0.6920305825769901,0.001,64,4,2,128,0.1,64,75,0.0,0.1,10,5,0.5,True,42
batch_size,64,15,15,20,0.4034068417368513,0.7088161297142506,0.001,64,4,2,128,0.1,64,75,0.0,0.1,10,5,0.5,True,42
batch_size,64,15,15,21,0.39708170204451587,0.7393110617995262,0.001,64,4,2,128,0.1,64,75,0.0,0.1,10,5,0.5,True,42
batch_size,64,15,15,22,0.3773895786567168,0.791944433003664,0.001,64,4,2,128,0.1,64,75,0.0,0.1,10,5,0.5,True,42
batch_size,64,16,16,1,0.699282270489317,0.6900905966758728,0.001,64,4,2,128,0.1,64,75,0.0,0.1,10,5,0.5,True,42
batch_size,64,16,16,2,0.6680906044714379,0.6492694243788719,0.001,64,4,2,128,0.1,64,75,0.0,0.1,10,5,0.5,True,42
batch_size,64,16,16,3,0.6491713578050787,0.6225524581968784,0.001,64,4,2,128,0.1,64,75,0.0,0.1,10,5,0.5,True,42
batch_size,64,16,16,4,0.634160395824548,0.6744288243353367,0.001,64,4,2,128,0.1,64,75,0.0,0.1,10,5,0.5,True,42
batch_size,64,16,16,5,0.6312589356393525,0.627747431397438,0.001,64,4,2,128,0.1,64,75,0.0,0.1,10,5,0.5,True,42
batch_size,64,16,16,6,0.6114873750643297,0.6504465453326702,0.001,64,4,2,128,0.1,64,75,0.0,0.1,10,5,0.5,True,42
batch_size,64,16,16,7,0.6130278471744421,0.5933469608426094,0.001,64,4,2,128,0.1,64,75,0.0,0.1,10,5,0.5,True,42
batch_size,64,16,16,8,0.5995839454910972,0.5914144665002823,0.001,64,4,2,128,0.1,64,75,0.0,0.1,10,5,0.5,True,42
batch_size,64,16,16,9,0.5932676150943293,0.6029758453369141,0.001,64,4,2,128,0.1,64,75,0.0,0.1,10,5,0.5,True,42
batch_size,64,16,16,10,0.58157892434886,0.6203457377851009,0.001,64,4,2,128,0.1,64,75,0.0,0.1,10,5,0.5,True,42
batch_size,64,16,16,11,0.5926238320993654,0.5985685363411903,0.001,64,4,2,128,0.1,64,75,0.0,0.1,10,5,0.5,True,42
batch_size,64,16,16,12,0.5637132557052554,0.603119358420372,0.001,64,4,2,128,0.1,64,75,0.0,0.1,10,5,0.5,True,42
batch_size,64,16,16,13,0.5581065854339888,0.6045885682106018,0.001,64,4,2,128,0.1,64,75,0.0,0.1,10,5,0.5,True,42
batch_size,64,16,16,14,0.5393963063305075,0.6351894922554493,0.001,64,4,2,128,0.1,64,75,0.0,0.1,10,5,0.5,True,42
batch_size,64,16,16,15,0.5088533275958264,0.6329118981957436,0.001,64,4,2,128,0.1,64,75,0.0,0.1,10,5,0.5,True,42
batch_size,64,16,16,16,0.5017069000186343,0.718814056366682,0.001,64,4,2,128,0.1,64,75,0.0,0.1,10,5,0.5,True,42
batch_size,64,16,16,17,0.48844137832973944,0.6716983392834663,0.001,64,4,2,128,0.1,64,75,0.0,0.1,10,5,0.5,True,42
batch_size,64,16,16,18,0.47578236189755524,0.7019836939871311,0.001,64,4,2,128,0.1,64,75,0.0,0.1,10,5,0.5,True,42
batch_size,64,17,17,1,0.6904397796500813,0.6772919073700905,0.001,64,4,2,128,0.1,64,75,0.0,0.1,10,5,0.5,True,42
batch_size,64,17,17,2,0.6578328528187491,0.7329176515340805,0.001,64,4,2,128,0.1,64,75,0.0,0.1,10,5,0.5,True,42
batch_size,64,17,17,3,0.6402591024384354,0.6278980821371078,0.001,64,4,2,128,0.1,64,75,0.0,0.1,10,5,0.5,True,42
batch_size,64,17,17,4,0.6334111347342982,0.6310463137924671,0.001,64,4,2,128,0.1,64,75,0.0,0.1,10,5,0.5,True,42
batch_size,64,17,17,5,0.6182446822975621,0.6748526282608509,0.001,64,4,2,128,0.1,64,75,0.0,0.1,10,5,0.5,True,42
batch_size,64,17,17,6,0.6220116872679103,0.6173369288444519,0.001,64,4,2,128,0.1,64,75,0.0,0.1,10,5,0.5,True,42
batch_size,64,17,17,7,0.6036532620588938,0.6097959242761135,0.001,64,4,2,128,0.1,64,75,0.0,0.1,10,5,0.5,True,42
batch_size,64,17,17,8,0.5913941927931525,0.6116442419588566,0.001,64,4,2,128,0.1,64,75,0.0,0.1,10,5,0.5,True,42
batch_size,64,17,17,9,0.5904682558594327,0.6168340668082237,0.001,64,4,2,128,0.1,64,75,0.0,0.1,10,5,0.5,True,42
batch_size,64,17,17,10,0.5804814962726651,0.6145761609077454,0.001,64,4,2,128,0.1,64,75,0.0,0.1,10,5,0.5,True,42
batch_size,64,17,17,11,0.5745162336212216,0.6038435995578766,0.001,64,4,2,128,0.1,64,75,0.0,0.1,10,5,0.5,True,42
batch_size,64,17,17,12,0.5587759261781519,0.6237664595246315,0.001,64,4,2,128,0.1,64,75,0.0,0.1,10,5,0.5,True,42
batch_size,64,17,17,13,0.5501517111604864,0.6307552084326744,0.001,64,4,2,128,0.1,64,75,0.0,0.1,10,5,0.5,True,42
batch_size,64,17,17,14,0.5269035864056963,0.7106823846697807,0.001,64,4,2,128,0.1,64,75,0.0,0.1,10,5,0.5,True,42
batch_size,64,17,17,15,0.5214778505491487,0.6367317624390125,0.001,64,4,2,128,0.1,64,75,0.0,0.1,10,5,0.5,True,42
batch_size,64,17,17,16,0.5005822235887701,0.6542077325284481,0.001,64,4,2,128,0.1,64,75,0.0,0.1,10,5,0.5,True,42
batch_size,64,17,17,17,0.4931866201487454,0.6723402291536331,0.001,64,4,2,128,0.1,64,75,0.0,0.1,10,5,0.5,True,42
batch_size,64,17,17,18,0.44892911883917724,0.7419049628078938,0.001,64,4,2,128,0.1,64,75,0.0,0.1,10,5,0.5,True,42
batch_size,64,17,17,19,0.41802504884474206,0.7634594216942787,0.001,64,4,2,128,0.1,64,75,0.0,0.1,10,5,0.5,True,42
batch_size,64,17,17,20,0.4166624252543305,0.806164089590311,0.001,64,4,2,128,0.1,64,75,0.0,0.1,10,5,0.5,True,42
batch_size,64,17,17,21,0.39975651060089923,0.8344400376081467,0.001,64,4,2,128,0.1,64,75,0.0,0.1,10,5,0.5,True,42
batch_size,64,18,18,1,0.6958407281023083,0.6872517392039299,0.001,64,4,2,128,0.1,64,75,0.0,0.1,10,5,0.5,True,42
batch_size,64,18,18,2,0.668007417158647,0.7614542245864868,0.001,64,4,2,128,0.1,64,75,0.0,0.1,10,5,0.5,True,42
batch_size,64,18,18,3,0.653794883778601,0.6235138326883316,0.001,64,4,2,128,0.1,64,75,0.0,0.1,10,5,0.5,True,42
batch_size,64,18,18,4,0.6343762684952129,0.6608143039047718,0.001,64,4,2,128,0.1,64,75,0.0,0.1,10,5,0.5,True,42
batch_size,64,18,18,5,0.6262577889543591,0.6039138436317444,0.001,64,4,2,128,0.1,64,75,0.0,0.1,10,5,0.5,True,42
batch_size,64,18,18,6,0.6160716089335355,0.5969258584082127,0.001,64,4,2,128,0.1,64,75,0.0,0.1,10,5,0.5,True,42
batch_size,64,18,18,7,0.6124123461318739,0.6009006910026073,0.001,64,4,2,128,0.1,64,75,0.0,0.1,10,5,0.5,True,42
batch_size,64,18,18,8,0.5965773327784105,0.5898462980985641,0.001,64,4,2,128,0.1,64,75,0.0,0.1,10,5,0.5,True,42
batch_size,64,18,18,9,0.5952758500070283,0.5988054275512695,0.001,64,4,2,128,0.1,64,75,0.0,0.1,10,5,0.5,True,42
batch_size,64,18,18,10,0.5817444392225959,0.6328807696700096,0.001,64,4,2,128,0.1,64,75,0.0,0.1,10,5,0.5,True,42
batch_size,64,18,18,11,0.5698301737958734,0.614979937672615,0.001,64,4,2,128,0.1,64,75,0.0,0.1,10,5,0.5,True,42
batch_size,64,18,18,12,0.5627877933509422,0.6902276463806629,0.001,64,4,2,128,0.1,64,75,0.0,0.1,10,5,0.5,True,42
batch_size,64,18,18,13,0.559443523034905,0.6137015894055367,0.001,64,4,2,128,0.1,64,75,0.0,0.1,10,5,0.5,True,42
batch_size,64,18,18,14,0.5403165212183287,0.622816164046526,0.001,64,4,2,128,0.1,64,75,0.0,0.1,10,5,0.5,True,42
batch_size,64,18,18,15,0.5040821026672017,0.6719902008771896,0.001,64,4,2,128,0.1,64,75,0.0,0.1,10,5,0.5,True,42
batch_size,64,18,18,16,0.4866698768102761,0.6937381699681282,0.001,64,4,2,128,0.1,64,75,0.0,0.1,10,5,0.5,True,42
batch_size,64,18,18,17,0.4814580484773173,0.687977559864521,0.001,64,4,2,128,0.1,64,75,0.0,0.1,10,5,0.5,True,42
batch_size,64,18,18,18,0.4644043779734409,0.7560553103685379,0.001,64,4,2,128,0.1,64,75,0.0,0.1,10,5,0.5,True,42
batch_size,64,19,19,1,0.702978104352951,0.6824909150600433,0.001,64,4,2,128,0.1,64,75,0.0,0.1,10,5,0.5,True,42
batch_size,64,19,19,2,0.6763893275549917,0.655389741063118,0.001,64,4,2,128,0.1,64,75,0.0,0.1,10,5,0.5,True,42
batch_size,64,19,19,3,0.6647957066694895,0.6709095723927021,0.001,64,4,2,128,0.1,64,75,0.0,0.1,10,5,0.5,True,42
batch_size,64,19,19,4,0.6412754402016149,0.5757773630321026,0.001,64,4,2,128,0.1,64,75,0.0,0.1,10,5,0.5,True,42
batch_size,64,19,19,5,0.6295552678180464,0.5914174094796181,0.001,64,4,2,128,0.1,64,75,0.0,0.1,10,5,0.5,True,42
batch_size,64,19,19,6,0.6202771943626981,0.5717131793498993,0.001,64,4,2,128,0.1,64,75,0.0,0.1,10,5,0.5,True,42
batch_size,64,19,19,7,0.6089314104932727,0.5664691142737865,0.001,64,4,2,128,0.1,64,75,0.0,0.1,10,5,0.5,True,42
batch_size,64,19,19,8,0.6051711972915765,0.5683954209089279,0.001,64,4,2,128,0.1,64,75,0.0,0.1,10,5,0.5,True,42
batch_size,64,19,19,9,0.6004723915548036,0.5937307327985764,0.001,64,4,2,128,0.1,64,75,0.0,0.1,10,5,0.5,True,42
batch_size,64,19,19,10,0.5963227166370912,0.6086605861783028,0.001,64,4,2,128,0.1,64,75,0.0,0.1,10,5,0.5,True,42
batch_size,64,19,19,11,0.5815060463818637,0.5787784978747368,0.001,64,4,2,128,0.1,64,75,0.0,0.1,10,5,0.5,True,42
batch_size,64,19,19,12,0.5786330970850858,0.6393785178661346,0.001,64,4,2,128,0.1,64,75,0.0,0.1,10,5,0.5,True,42
batch_size,64,19,19,13,0.5616784330570337,0.5851206369698048,0.001,64,4,2,128,0.1,64,75,0.0,0.1,10,5,0.5,True,42
batch_size,64,19,19,14,0.5242967280474576,0.6042075417935848,0.001,64,4,2,128,0.1,64,75,0.0,0.1,10,5,0.5,True,42
batch_size,64,19,19,15,0.5097151890848622,0.6302694045007229,0.001,64,4,2,128,0.1,64,75,0.0,0.1,10,5,0.5,True,42
batch_size,64,19,19,16,0.50974830623829,0.6237635090947151,0.001,64,4,2,128,0.1,64,75,0.0,0.1,10,5,0.5,True,42
batch_size,64,19,19,17,0.47778886556625366,0.638443224132061,0.001,64,4,2,128,0.1,64,75,0.0,0.1,10,5,0.5,True,42
batch_size,64,20,20,1,0.69883460799853,0.6713845431804657,0.001,64,4,2,128,0.1,64,75,0.0,0.1,10,5,0.5,True,42
batch_size,64,20,20,2,0.6666442742853453,0.6281851008534431,0.001,64,4,2,128,0.1,64,75,0.0,0.1,10,5,0.5,True,42
batch_size,64,20,20,3,0.6379262868202094,0.5960562340915203,0.001,64,4,2,128,0.1,64,75,0.0,0.1,10,5,0.5,True,42
batch_size,64,20,20,4,0.6271022702708389,0.5860776044428349,0.001,64,4,2,128,0.1,64,75,0.0,0.1,10,5,0.5,True,42
batch_size,64,20,20,5,0.6232748907623868,0.5881291627883911,0.001,64,4,2,128,0.1,64,75,0.0,0.1,10,5,0.5,True,42
batch_size,64,20,20,6,0.6248942189144365,0.5869613625109196,0.001,64,4,2,128,0.1,64,75,0.0,0.1,10,5,0.5,True,42
batch_size,64,20,20,7,0.6096285825425928,0.5859650894999504,0.001,64,4,2,128,0.1,64,75,0.0,0.1,10,5,0.5,True,42
batch_size,64,20,20,8,0.5991106520999562,0.5799043066799641,0.001,64,4,2,128,0.1,64,75,0.0,0.1,10,5,0.5,True,42
batch_size,64,20,20,9,0.5890426387389501,0.5890929661691189,0.001,64,4,2,128,0.1,64,75,0.0,0.1,10,5,0.5,True,42
batch_size,64,20,20,10,0.5827878284634966,0.5943454280495644,0.001,64,4,2,128,0.1,64,75,0.0,0.1,10,5,0.5,True,42
batch_size,64,20,20,11,0.5752619915839398,0.6190517172217369,0.001,64,4,2,128,0.1,64,75,0.0,0.1,10,5,0.5,True,42
batch_size,64,20,20,12,0.5623401006062826,0.6069046258926392,0.001,64,4,2,128,0.1,64,75,0.0,0.1,10,5,0.5,True,42
batch_size,64,20,20,13,0.5416853513681528,0.6181976161897182,0.001,64,4,2,128,0.1,64,75,0.0,0.1,10,5,0.5,True,42
batch_size,64,20,20,14,0.5550525883833567,0.6466207876801491,0.001,64,4,2,128,0.1,64,75,0.0,0.1,10,5,0.5,True,42
batch_size,64,20,20,15,0.5105257783875321,0.6543377824127674,0.001,64,4,2,128,0.1,64,75,0.0,0.1,10,5,0.5,True,42
batch_size,64,20,20,16,0.4875006300933433,0.7137477770447731,0.001,64,4,2,128,0.1,64,75,0.0,0.1,10,5,0.5,True,42
batch_size,64,20,20,17,0.4687732990944024,0.7113876342773438,0.001,64,4,2,128,0.1,64,75,0.0,0.1,10,5,0.5,True,42
batch_size,64,20,20,18,0.45540699182134686,0.7349225170910358,0.001,64,4,2,128,0.1,64,75,0.0,0.1,10,5,0.5,True,42
batch_size,64,21,21,1,0.7088809492010059,0.6868015080690384,0.001,64,4,2,128,0.1,64,75,0.0,0.1,10,5,0.5,True,42
batch_size,64,21,21,2,0.6769317397565553,0.6762536019086838,0.001,64,4,2,128,0.1,64,75,0.0,0.1,10,5,0.5,True,42
batch_size,64,21,21,3,0.6661767778974591,0.6324191987514496,0.001,64,4,2,128,0.1,64,75,0.0,0.1,10,5,0.5,True,42
batch_size,64,21,21,4,0.6455302373929457,0.6247678622603416,0.001,64,4,2,128,0.1,64,75,0.0,0.1,10,5,0.5,True,42
batch_size,64,21,21,5,0.6434117049881907,0.6271524913609028,0.001,64,4,2,128,0.1,64,75,0.0,0.1,10,5,0.5,True,42
batch_size,64,21,21,6,0.6395934251221743,0.6394419744610786,0.001,64,4,2,128,0.1,64,75,0.0,0.1,10,5,0.5,True,42
batch_size,64,21,21,7,0.6265445884430048,0.6147825047373772,0.001,64,4,2,128,0.1,64,75,0.0,0.1,10,5,0.5,True,42
batch_size,64,21,21,8,0.6083423459168636,0.6157047748565674,0.001,64,4,2,128,0.1,64,75,0.0,0.1,10,5,0.5,True,42
batch_size,64,21,21,9,0.5988544866894231,0.6095288656651974,0.001,64,4,2,128,0.1,64,75,0.0,0.1,10,5,0.5,True,42
batch_size,64,21,21,10,0.5957912942676833,0.6291463226079941,0.001,64,4,2,128,0.1,64,75,0.0,0.1,10,5,0.5,True,42
batch_size,64,21,21,11,0.5804182692910685,0.6110141053795815,0.001,64,4,2,128,0.1,64,75,0.0,0.1,10,5,0.5,True,42
batch_size,64,21,21,12,0.5670323809891036,0.6270763501524925,0.001,64,4,2,128,0.1,64,75,0.0,0.1,10,5,0.5,True,42
batch_size,64,21,21,13,0.5611353579795721,0.6653116643428802,0.001,64,4,2,128,0.1,64,75,0.0,0.1,10,5,0.5,True,42
batch_size,64,21,21,14,0.540775689663309,0.6516439691185951,0.001,64,4,2,128,0.1,64,75,0.0,0.1,10,5,0.5,True,42
batch_size,64,21,21,15,0.5344617579019431,0.6559588238596916,0.001,64,4,2,128,0.1,64,75,0.0,0.1,10,5,0.5,True,42
batch_size,64,21,21,16,0.4929235997525128,0.6809329017996788,0.001,64,4,2,128,0.1,64,75,0.0,0.1,10,5,0.5,True,42
batch_size,64,21,21,17,0.48052839212345355,0.7297903038561344,0.001,64,4,2,128,0.1,64,75,0.0,0.1,10,5,0.5,True,42
batch_size,64,21,21,18,0.4608135268543706,0.7247231751680374,0.001,64,4,2,128,0.1,64,75,0.0,0.1,10,5,0.5,True,42
batch_size,64,21,21,19,0.45866839723153546,0.7090090401470661,0.001,64,4,2,128,0.1,64,75,0.0,0.1,10,5,0.5,True,42
batch_size,64,22,22,1,0.6985042880881916,0.6740955710411072,0.001,64,4,2,128,0.1,64,75,0.0,0.1,10,5,0.5,True,42
batch_size,64,22,22,2,0.6739996536211534,0.682598315179348,0.001,64,4,2,128,0.1,64,75,0.0,0.1,10,5,0.5,True,42
batch_size,64,22,22,3,0.6539005447517742,0.6386375427246094,0.001,64,4,2,128,0.1,64,75,0.0,0.1,10,5,0.5,True,42
batch_size,64,22,22,4,0.6325021115216342,0.6182051040232182,0.001,64,4,2,128,0.1,64,75,0.0,0.1,10,5,0.5,True,42
batch_size,64,22,22,5,0.6253768259828741,0.6378710456192493,0.001,64,4,2,128,0.1,64,75,0.0,0.1,10,5,0.5,True,42
batch_size,64,22,22,6,0.6109158848271226,0.6132188402116299,0.001,64,4,2,128,0.1,64,75,0.0,0.1,10,5,0.5,True,42
batch_size,64,22,22,7,0.6105447131575961,0.5962151326239109,0.001,64,4,2,128,0.1,64,75,0.0,0.1,10,5,0.5,True,42
batch_size,64,22,22,8,0.6071249075008162,0.5981397405266762,0.001,64,4,2,128,0.1,64,75,0.0,0.1,10,5,0.5,True,42
batch_size,64,22,22,9,0.5884201133793051,0.5910718813538551,0.001,64,4,2,128,0.1,64,75,0.0,0.1,10,5,0.5,True,42
batch_size,64,22,22,10,0.5785097457242735,0.5915114022791386,0.001,64,4,2,128,0.1,64,75,0.0,0.1,10,5,0.5,True,42
batch_size,64,22,22,11,0.5618314205697088,0.6243495270609856,0.001,64,4,2,128,0.1,64,75,0.0,0.1,10,5,0.5,True,42
batch_size,64,22,22,12,0.5563355991334626,0.5994507819414139,0.001,64,4,2,128,0.1,64,75,0.0,0.1,10,5,0.5,True,42
batch_size,64,22,22,13,0.5352304808118127,0.6043201275169849,0.001,64,4,2,128,0.1,64,75,0.0,0.1,10,5,0.5,True,42
batch_size,64,22,22,14,0.5244911168560837,0.621245801448822,0.001,64,4,2,128,0.1,64,75,0.0,0.1,10,5,0.5,True,42
batch_size,64,22,22,15,0.5213994587009604,0.6349807381629944,0.001,64,4,2,128,0.1,64,75,0.0,0.1,10,5,0.5,True,42
batch_size,64,22,22,16,0.4676681025461717,0.6163015589118004,0.001,64,4,2,128,0.1,64,75,0.0,0.1,10,5,0.5,True,42
batch_size,64,22,22,17,0.4583205824548548,0.6387162581086159,0.001,64,4,2,128,0.1,64,75,0.0,0.1,10,5,0.5,True,42
batch_size,64,22,22,18,0.43022164837880567,0.6975881978869438,0.001,64,4,2,128,0.1,64,75,0.0,0.1,10,5,0.5,True,42
batch_size,64,22,22,19,0.4237106397296443,0.7163184881210327,0.001,64,4,2,128,0.1,64,75,0.0,0.1,10,5,0.5,True,42
batch_size,64,23,23,1,0.7020156491886486,0.6933652088046074,0.001,64,4,2,128,0.1,64,75,0.0,0.1,10,5,0.5,True,42
batch_size,64,23,23,2,0.6842342958305822,0.6593203768134117,0.001,64,4,2,128,0.1,64,75,0.0,0.1,10,5,0.5,True,42
batch_size,64,23,23,3,0.6699362433317936,0.649308942258358,0.001,64,4,2,128,0.1,64,75,0.0,0.1,10,5,0.5,True,42
batch_size,64,23,23,4,0.6533464193344116,0.6424134522676468,0.001,64,4,2,128,0.1,64,75,0.0,0.1,10,5,0.5,True,42
batch_size,64,23,23,5,0.6407413979371389,0.6519122011959553,0.001,64,4,2,128,0.1,64,75,0.0,0.1,10,5,0.5,True,42
batch_size,64,23,23,6,0.6343168246023583,0.6280297711491585,0.001,64,4,2,128,0.1,64,75,0.0,0.1,10,5,0.5,True,42
batch_size,64,23,23,7,0.6270166292335048,0.6071975156664848,0.001,64,4,2,128,0.1,64,75,0.0,0.1,10,5,0.5,True,42
batch_size,64,23,23,8,0.6326206461949782,0.6204480901360512,0.001,64,4,2,128,0.1,64,75,0.0,0.1,10,5,0.5,True,42
batch_size,64,23,23,9,0.6093941646994967,0.6895217075943947,0.001,64,4,2,128,0.1,64,75,0.0,0.1,10,5,0.5,True,42
batch_size,64,23,23,10,0.6036920005624945,0.5816887989640236,0.001,64,4,2,128,0.1,64,75,0.0,0.1,10,5,0.5,True,42
batch_size,64,23,23,11,0.5985690314661373,0.5936647802591324,0.001,64,4,2,128,0.1,64,75,0.0,0.1,10,5,0.5,True,42
batch_size,64,23,23,12,0.5883970341899178,0.5802265778183937,0.001,64,4,2,128,0.1,64,75,0.0,0.1,10,5,0.5,True,42
batch_size,64,23,23,13,0.5696905733961047,0.5836109556257725,0.001,64,4,2,128,0.1,64,75,0.0,0.1,10,5,0.5,True,42
batch_size,64,23,23,14,0.57580312138254,0.5772684589028358,0.001,64,4,2,128,0.1,64,75,0.0,0.1,10,5,0.5,True,42
batch_size,64,23,23,15,0.5621488898089437,0.640546303242445,0.001,64,4,2,128,0.1,64,75,0.0,0.1,10,5,0.5,True,42
batch_size,64,23,23,16,0.5486944426189769,0.5927182286977768,0.001,64,4,2,128,0.1,64,75,0.0,0.1,10,5,0.5,True,42
batch_size,64,23,23,17,0.5295246356364453,0.626260582357645,0.001,64,4,2,128,0.1,64,75,0.0,0.1,10,5,0.5,True,42
batch_size,64,23,23,18,0.5310544647050627,0.5999990068376064,0.001,64,4,2,128,0.1,64,75,0.0,0.1,10,5,0.5,True,42
batch_size,64,23,23,19,0.5073423552693743,0.6075964346528053,0.001,64,4,2,128,0.1,64,75,0.0,0.1,10,5,0.5,True,42
batch_size,64,23,23,20,0.4888179252545039,0.6374299079179764,0.001,64,4,2,128,0.1,64,75,0.0,0.1,10,5,0.5,True,42
batch_size,64,23,23,21,0.4501834412415822,0.6490803882479668,0.001,64,4,2,128,0.1,64,75,0.0,0.1,10,5,0.5,True,42
batch_size,64,23,23,22,0.4242722017295433,0.667352594435215,0.001,64,4,2,128,0.1,64,75,0.0,0.1,10,5,0.5,True,42
batch_size,64,23,23,23,0.39905887006810215,0.6783669739961624,0.001,64,4,2,128,0.1,64,75,0.0,0.1,10,5,0.5,True,42
batch_size,64,23,23,24,0.3982240002263676,0.7147576361894608,0.001,64,4,2,128,0.1,64,75,0.0,0.1,10,5,0.5,True,42
batch_size,64,24,24,1,0.692291253538274,0.6744720861315727,0.001,64,4,2,128,0.1,64,75,0.0,0.1,10,5,0.5,True,42
batch_size,64,24,24,2,0.6695913912645027,0.6663581281900406,0.001,64,4,2,128,0.1,64,75,0.0,0.1,10,5,0.5,True,42
batch_size,64,24,24,3,0.6410229713169496,0.6251286491751671,0.001,64,4,2,128,0.1,64,75,0.0,0.1,10,5,0.5,True,42
batch_size,64,24,24,4,0.6314260995210107,0.6193928346037865,0.001,64,4,2,128,0.1,64,75,0.0,0.1,10,5,0.5,True,42
batch_size,64,24,24,5,0.6156387275724269,0.6139881387352943,0.001,64,4,2,128,0.1,64,75,0.0,0.1,10,5,0.5,True,42
batch_size,64,24,24,6,0.6134818320843711,0.6119862832129002,0.001,64,4,2,128,0.1,64,75,0.0,0.1,10,5,0.5,True,42
batch_size,64,24,24,7,0.6013530466093946,0.6047659739851952,0.001,64,4,2,128,0.1,64,75,0.0,0.1,10,5,0.5,True,42
batch_size,64,24,24,8,0.5922033413132625,0.6165173538029194,0.001,64,4,2,128,0.1,64,75,0.0,0.1,10,5,0.5,True,42
batch_size,64,24,24,9,0.5918894681467939,0.6193259321153164,0.001,64,4,2,128,0.1,64,75,0.0,0.1,10,5,0.5,True,42
batch_size,64,24,24,10,0.5800510253479232,0.6335660181939602,0.001,64,4,2,128,0.1,64,75,0.0,0.1,10,5,0.5,True,42
batch_size,64,24,24,11,0.5750028055105636,0.6638910807669163,0.001,64,4,2,128,0.1,64,75,0.0,0.1,10,5,0.5,True,42
batch_size,64,24,24,12,0.5537809253628574,0.5839398577809334,0.001,64,4,2,128,0.1,64,75,0.0,0.1,10,5,0.5,True,42
batch_size,64,24,24,13,0.5591479748932283,0.5894080847501755,0.001,64,4,2,128,0.1,64,75,0.0,0.1,10,5,0.5,True,42
batch_size,64,24,24,14,0.5400878555739104,0.6077923439443111,0.001,64,4,2,128,0.1,64,75,0.0,0.1,10,5,0.5,True,42
batch_size,64,24,24,15,0.5322273360259497,0.7124460898339748,0.001,64,4,2,128,0.1,64,75,0.0,0.1,10,5,0.5,True,42
batch_size,64,24,24,16,0.5310929831284196,0.6559079922735691,0.001,64,4,2,128,0.1,64,75,0.0,0.1,10,5,0.5,True,42
batch_size,64,24,24,17,0.5029876992773654,0.6492116004228592,0.001,64,4,2,128,0.1,64,75,0.0,0.1,10,5,0.5,True,42
batch_size,64,24,24,18,0.48508761667493566,0.6524007245898247,0.001,64,4,2,128,0.1,64,75,0.0,0.1,10,5,0.5,True,42
batch_size,64,24,24,19,0.4374740444012542,0.6512340679764748,0.001,64,4,2,128,0.1,64,75,0.0,0.1,10,5,0.5,True,42
batch_size,64,24,24,20,0.4205042408473456,0.7062951549887657,0.001,64,4,2,128,0.1,64,75,0.0,0.1,10,5,0.5,True,42
batch_size,64,24,24,21,0.42098350378114785,0.7282404117286205,0.001,64,4,2,128,0.1,64,75,0.0,0.1,10,5,0.5,True,42
batch_size,64,24,24,22,0.3943412357301854,0.7087093889713287,0.001,64,4,2,128,0.1,64,75,0.0,0.1,10,5,0.5,True,42
batch_size,64,25,25,1,0.6938886624394041,0.6858437433838844,0.001,64,4,2,128,0.1,64,75,0.0,0.1,10,5,0.5,True,42
batch_size,64,25,25,2,0.6617244653629534,0.6225451827049255,0.001,64,4,2,128,0.1,64,75,0.0,0.1,10,5,0.5,True,42
batch_size,64,25,25,3,0.6293590294592308,0.6185685694217682,0.001,64,4,2,128,0.1,64,75,0.0,0.1,10,5,0.5,True,42
batch_size,64,25,25,4,0.6231534751978788,0.657589741051197,0.001,64,4,2,128,0.1,64,75,0.0,0.1,10,5,0.5,True,42
batch_size,64,25,25,5,0.6136026418570316,0.6078715622425079,0.001,64,4,2,128,0.1,64,75,0.0,0.1,10,5,0.5,True,42
batch_size,64,25,25,6,0.611102120442824,0.5886330232024193,0.001,64,4,2,128,0.1,64,75,0.0,0.1,10,5,0.5,True,42
batch_size,64,25,25,7,0.5948031025402474,0.6129492819309235,0.001,64,4,2,128,0.1,64,75,0.0,0.1,10,5,0.5,True,42
batch_size,64,25,25,8,0.5888386495185621,0.647947259247303,0.001,64,4,2,128,0.1,64,75,0.0,0.1,10,5,0.5,True,42
batch_size,64,25,25,9,0.584785078962644,0.6029839850962162,0.001,64,4,2,128,0.1,64,75,0.0,0.1,10,5,0.5,True,42
batch_size,64,25,25,10,0.5705014020204544,0.6186919994652271,0.001,64,4,2,128,0.1,64,75,0.0,0.1,10,5,0.5,True,42
batch_size,64,25,25,11,0.5625719437093446,0.623705554753542,0.001,64,4,2,128,0.1,64,75,0.0,0.1,10,5,0.5,True,42
batch_size,64,25,25,12,0.5519498333786473,0.6136997640132904,0.001,64,4,2,128,0.1,64,75,0.0,0.1,10,5,0.5,True,42
batch_size,64,25,25,13,0.5248989250623819,0.6735955998301506,0.001,64,4,2,128,0.1,64,75,0.0,0.1,10,5,0.5,True,42
batch_size,64,25,25,14,0.5134472025163246,0.7125643566250801,0.001,64,4,2,128,0.1,64,75,0.0,0.1,10,5,0.5,True,42
batch_size,64,25,25,15,0.5024713535200466,0.6839493438601494,0.001,64,4,2,128,0.1,64,75,0.0,0.1,10,5,0.5,True,42
batch_size,64,25,25,16,0.47739000618457794,0.7433279044926167,0.001,64,4,2,128,0.1,64,75,0.0,0.1,10,5,0.5,True,42
batch_size,64,26,26,1,0.691708965735002,0.6572022140026093,0.001,64,4,2,128,0.1,64,75,0.0,0.1,10,5,0.5,True,42
batch_size,64,26,26,2,0.6717623752174955,0.6407666802406311,0.001,64,4,2,128,0.1,64,75,0.0,0.1,10,5,0.5,True,42
batch_size,64,26,26,3,0.6447188158830007,0.6412421651184559,0.001,64,4,2,128,0.1,64,75,0.0,0.1,10,5,0.5,True,42
batch_size,64,26,26,4,0.6299975080923601,0.611046552658081,0.001,64,4,2,128,0.1,64,75,0.0,0.1,10,5,0.5,True,42
batch_size,64,26,26,5,0.6184506470506842,0.6048430725932121,0.001,64,4,2,128,0.1,64,75,0.0,0.1,10,5,0.5,True,42
batch_size,64,26,26,6,0.6080536363702832,0.6077395640313625,0.001,64,4,2,128,0.1,64,75,0.0,0.1,10,5,0.5,True,42
batch_size,64,26,26,7,0.6013384506557927,0.6161690168082714,0.001,64,4,2,128,0.1,64,75,0.0,0.1,10,5,0.5,True,42
batch_size,64,26,26,8,0.5883795501607837,0.6344371251761913,0.001,64,4,2,128,0.1,64,75,0.0,0.1,10,5,0.5,True,42
batch_size,64,26,26,9,0.5821451869877902,0.6158065535128117,0.001,64,4,2,128,0.1,64,75,0.0,0.1,10,5,0.5,True,42
batch_size,64,26,26,10,0.5704921027927687,0.6272012367844582,0.001,64,4,2,128,0.1,64,75,0.0,0.1,10,5,0.5,True,42
batch_size,64,26,26,11,0.5647006102583625,0.6282704025506973,0.001,64,4,2,128,0.1,64,75,0.0,0.1,10,5,0.5,True,42
batch_size,64,26,26,12,0.524816528414235,0.6769279167056084,0.001,64,4,2,128,0.1,64,75,0.0,0.1,10,5,0.5,True,42
batch_size,64,26,26,13,0.5116192612684134,0.6656148880720139,0.001,64,4,2,128,0.1,64,75,0.0,0.1,10,5,0.5,True,42
batch_size,64,26,26,14,0.4993014520767963,0.6569084003567696,0.001,64,4,2,128,0.1,64,75,0.0,0.1,10,5,0.5,True,42
batch_size,64,26,26,15,0.49543372519088513,0.667346004396677,0.001,64,4,2,128,0.1,64,75,0.0,0.1,10,5,0.5,True,42
batch_size,64,27,27,1,0.6972113486492273,0.6722608953714371,0.001,64,4,2,128,0.1,64,75,0.0,0.1,10,5,0.5,True,42
batch_size,64,27,27,2,0.6778192727854757,0.645696222782135,0.001,64,4,2,128,0.1,64,75,0.0,0.1,10,5,0.5,True,42
batch_size,64,27,27,3,0.6561668596484445,0.6498659439384937,0.001,64,4,2,128,0.1,64,75,0.0,0.1,10,5,0.5,True,42
batch_size,64,27,27,4,0.6347986324266954,0.605253092944622,0.001,64,4,2,128,0.1,64,75,0.0,0.1,10,5,0.5,True,42
batch_size,64,27,27,5,0.6335346707791993,0.6054411977529526,0.001,64,4,2,128,0.1,64,75,0.0,0.1,10,5,0.5,True,42
batch_size,64,27,27,6,0.6137551394375887,0.6120424009859562,0.001,64,4,2,128,0.1,64,75,0.0,0.1,10,5,0.5,True,42
batch_size,64,27,27,7,0.6093936160658345,0.5851698592305183,0.001,64,4,2,128,0.1,64,75,0.0,0.1,10,5,0.5,True,42
batch_size,64,27,27,8,0.5961963439529593,0.5923284143209457,0.001,64,4,2,128,0.1,64,75,0.0,0.1,10,5,0.5,True,42
batch_size,64,27,27,9,0.5866051849090692,0.5949397273361683,0.001,64,4,2,128,0.1,64,75,0.0,0.1,10,5,0.5,True,42
batch_size,64,27,27,10,0.5754590440880168,0.632977057248354,0.001,64,4,2,128,0.1,64,75,0.0,0.1,10,5,0.5,True,42
batch_size,64,27,27,11,0.5727282347101154,0.5913425460457802,0.001,64,4,2,128,0.1,64,75,0.0,0.1,10,5,0.5,True,42
batch_size,64,27,27,12,0.5567179114529581,0.5959482006728649,0.001,64,4,2,128,0.1,64,75,0.0,0.1,10,5,0.5,True,42
batch_size,64,27,27,13,0.5408132116902958,0.6009220629930496,0.001,64,4,2,128,0.1,64,75,0.0,0.1,10,5,0.5,True,42
batch_size,64,27,27,14,0.5078500351219466,0.6116721853613853,0.001,64,4,2,128,0.1,64,75,0.0,0.1,10,5,0.5,True,42
batch_size,64,27,27,15,0.5048794796069463,0.6656258516013622,0.001,64,4,2,128,0.1,64,75,0.0,0.1,10,5,0.5,True,42
batch_size,64,27,27,16,0.4811354162115039,0.6292792484164238,0.001,64,4,2,128,0.1,64,75,0.0,0.1,10,5,0.5,True,42
batch_size,64,27,27,17,0.4748066925641262,0.672859076410532,0.001,64,4,2,128,0.1,64,75,0.0,0.1,10,5,0.5,True,42
batch_size,64,28,28,1,0.6958001418547197,0.6658108308911324,0.001,64,4,2,128,0.1,64,75,0.0,0.1,10,5,0.5,True,42
batch_size,64,28,28,2,0.6614614264531569,0.6341693811118603,0.001,64,4,2,128,0.1,64,75,0.0,0.1,10,5,0.5,True,42
batch_size,64,28,28,3,0.6378538039597598,0.6149465963244438,0.001,64,4,2,128,0.1,64,75,0.0,0.1,10,5,0.5,True,42
batch_size,64,28,28,4,0.6235959710496844,0.5973844416439533,0.001,64,4,2,128,0.1,64,75,0.0,0.1,10,5,0.5,True,42
batch_size,64,28,28,5,0.6167261139913038,0.5947043225169182,0.001,64,4,2,128,0.1,64,75,0.0,0.1,10,5,0.5,True,42
batch_size,64,28,28,6,0.6162249897465562,0.6160901859402657,0.001,64,4,2,128,0.1,64,75,0.0,0.1,10,5,0.5,True,42
batch_size,64,28,28,7,0.6009549119255759,0.6090371198952198,0.001,64,4,2,128,0.1,64,75,0.0,0.1,10,5,0.5,True,42
batch_size,64,28,28,8,0.5967738140713085,0.5795215480029583,0.001,64,4,2,128,0.1,64,75,0.0,0.1,10,5,0.5,True,42
batch_size,64,28,28,9,0.5977294011549517,0.5787894800305367,0.001,64,4,2,128,0.1,64,75,0.0,0.1,10,5,0.5,True,42
batch_size,64,28,28,10,0.5872409438545053,0.5925629399716854,0.001,64,4,2,128,0.1,64,75,0.0,0.1,10,5,0.5,True,42
batch_size,64,28,28,11,0.5873230677662473,0.597586739808321,0.001,64,4,2,128,0.1,64,75,0.0,0.1,10,5,0.5,True,42
batch_size,64,28,28,12,0.5862244742386269,0.6016257740557194,0.001,64,4,2,128,0.1,64,75,0.0,0.1,10,5,0.5,True,42
batch_size,64,28,28,13,0.5570220364765688,0.5739603228867054,0.001,64,4,2,128,0.1,64,75,0.0,0.1,10,5,0.5,True,42
batch_size,64,28,28,14,0.5572957577127399,0.6080866754055023,0.001,64,4,2,128,0.1,64,75,0.0,0.1,10,5,0.5,True,42
batch_size,64,28,28,15,0.5418648891376726,0.5953017622232437,0.001,64,4,2,128,0.1,64,75,0.0,0.1,10,5,0.5,True,42
batch_size,64,28,28,16,0.5288118354298852,0.5975703969597816,0.001,64,4,2,128,0.1,64,75,0.0,0.1,10,5,0.5,True,42
batch_size,64,28,28,17,0.5170675172950282,0.6137167923152447,0.001,64,4,2,128,0.1,64,75,0.0,0.1,10,5,0.5,True,42
batch_size,64,28,28,18,0.4967008314349435,0.649796299636364,0.001,64,4,2,128,0.1,64,75,0.0,0.1,10,5,0.5,True,42
batch_size,64,28,28,19,0.4889139776880091,0.6502002850174904,0.001,64,4,2,128,0.1,64,75,0.0,0.1,10,5,0.5,True,42
batch_size,64,28,28,20,0.4412334145921649,0.6609561033546925,0.001,64,4,2,128,0.1,64,75,0.0,0.1,10,5,0.5,True,42
batch_size,64,28,28,21,0.42663740795670135,0.7016336247324944,0.001,64,4,2,128,0.1,64,75,0.0,0.1,10,5,0.5,True,42
batch_size,64,28,28,22,0.4027536768804897,0.7130629271268845,0.001,64,4,2,128,0.1,64,75,0.0,0.1,10,5,0.5,True,42
batch_size,64,28,28,23,0.3816413707805402,0.7648491486907005,0.001,64,4,2,128,0.1,64,75,0.0,0.1,10,5,0.5,True,42
batch_size,64,29,29,1,0.6950769234787334,0.6715942472219467,0.001,64,4,2,128,0.1,64,75,0.0,0.1,10,5,0.5,True,42
batch_size,64,29,29,2,0.6667619392727361,0.6608651615679264,0.001,64,4,2,128,0.1,64,75,0.0,0.1,10,5,0.5,True,42
batch_size,64,29,29,3,0.646222856911746,0.6104209236800671,0.001,64,4,2,128,0.1,64,75,0.0,0.1,10,5,0.5,True,42
batch_size,64,29,29,4,0.634259103825598,0.605061799287796,0.001,64,4,2,128,0.1,64,75,0.0,0.1,10,5,0.5,True,42
batch_size,64,29,29,5,0.6253402585333044,0.5966211296617985,0.001,64,4,2,128,0.1,64,75,0.0,0.1,10,5,0.5,True,42
batch_size,64,29,29,6,0.607334214629549,0.5888192318379879,0.001,64,4,2,128,0.1,64,75,0.0,0.1,10,5,0.5,True,42
batch_size,64,29,29,7,0.6197722224575101,0.6165385581552982,0.001,64,4,2,128,0.1,64,75,0.0,0.1,10,5,0.5,True,42
batch_size,64,29,29,8,0.5972302948886697,0.600799947977066,0.001,64,4,2,128,0.1,64,75,0.0,0.1,10,5,0.5,True,42
batch_size,64,29,29,9,0.5973713885654103,0.5967800877988338,0.001,64,4,2,128,0.1,64,75,0.0,0.1,10,5,0.5,True,42
batch_size,64,29,29,10,0.5765255070997007,0.6023612804710865,0.001,64,4,2,128,0.1,64,75,0.0,0.1,10,5,0.5,True,42
batch_size,64,29,29,11,0.5643989642461141,0.6106400974094868,0.001,64,4,2,128,0.1,64,75,0.0,0.1,10,5,0.5,True,42
batch_size,64,29,29,12,0.5610205842690035,0.6418812610208988,0.001,64,4,2,128,0.1,64,75,0.0,0.1,10,5,0.5,True,42
batch_size,64,29,29,13,0.5297372016039762,0.6232047490775585,0.001,64,4,2,128,0.1,64,75,0.0,0.1,10,5,0.5,True,42
batch_size,64,29,29,14,0.5061547860051646,0.6924094334244728,0.001,64,4,2,128,0.1,64,75,0.0,0.1,10,5,0.5,True,42
batch_size,64,29,29,15,0.49229219962250104,0.7129627391695976,0.001,64,4,2,128,0.1,64,75,0.0,0.1,10,5,0.5,True,42
batch_size,64,29,29,16,0.49030949717218225,0.6459756195545197,0.001,64,4,2,128,0.1,64,75,0.0,0.1,10,5,0.5,True,42
batch_size,64,30,30,1,0.6836619783531536,0.6737744100391865,0.001,64,4,2,128,0.1,64,75,0.0,0.1,10,5,0.5,True,42
batch_size,64,30,30,2,0.6662704122788978,0.6435721889138222,0.001,64,4,2,128,0.1,64,75,0.0,0.1,10,5,0.5,True,42
batch_size,64,30,30,3,0.6469519589886521,0.6752232350409031,0.001,64,4,2,128,0.1,64,75,0.0,0.1,10,5,0.5,True,42
batch_size,64,30,30,4,0.625491072734197,0.6104790717363358,0.001,64,4,2,128,0.1,64,75,0.0,0.1,10,5,0.5,True,42
batch_size,64,30,30,5,0.6128812969634028,0.6425965800881386,0.001,64,4,2,128,0.1,64,75,0.0,0.1,10,5,0.5,True,42
batch_size,64,30,30,6,0.6058838615814844,0.6039131842553616,0.001,64,4,2,128,0.1,64,75,0.0,0.1,10,5,0.5,True,42
batch_size,64,30,30,7,0.594301743037773,0.6065861321985722,0.001,64,4,2,128,0.1,64,75,0.0,0.1,10,5,0.5,True,42
batch_size,64,30,30,8,0.5872538875449788,0.6076540164649487,0.001,64,4,2,128,0.1,64,75,0.0,0.1,10,5,0.5,True,42
batch_size,64,30,30,9,0.5963081243363294,0.6276520974934101,0.001,64,4,2,128,0.1,64,75,0.0,0.1,10,5,0.5,True,42
batch_size,64,30,30,10,0.5755820856852965,0.6044457368552685,0.001,64,4,2,128,0.1,64,75,0.0,0.1,10,5,0.5,True,42
batch_size,64,30,30,11,0.5711153429566007,0.6145911514759064,0.001,64,4,2,128,0.1,64,75,0.0,0.1,10,5,0.5,True,42
batch_size,64,30,30,12,0.5555481987469124,0.6462078504264355,0.001,64,4,2,128,0.1,64,75,0.0,0.1,10,5,0.5,True,42
batch_size,64,30,30,13,0.5299413533824863,0.6341898888349533,0.001,64,4,2,128,0.1,64,75,0.0,0.1,10,5,0.5,True,42
batch_size,64,30,30,14,0.5132669643922285,0.6615389920771122,0.001,64,4,2,128,0.1,64,75,0.0,0.1,10,5,0.5,True,42
batch_size,64,30,30,15,0.49756611838485254,0.6768503002822399,0.001,64,4,2,128,0.1,64,75,0.0,0.1,10,5,0.5,True,42
batch_size,64,30,30,16,0.49380148540843616,0.6596928723156452,0.001,64,4,2,128,0.1,64,75,0.0,0.1,10,5,0.5,True,42
batch_size,64,31,31,1,0.6929422562772577,0.669138602912426,0.001,64,4,2,128,0.1,64,75,0.0,0.1,10,5,0.5,True,42
batch_size,64,31,31,2,0.6683858109242988,0.7191729657351971,0.001,64,4,2,128,0.1,64,75,0.0,0.1,10,5,0.5,True,42
batch_size,64,31,31,3,0.657416511665691,0.6657257191836834,0.001,64,4,2,128,0.1,64,75,0.0,0.1,10,5,0.5,True,42
batch_size,64,31,31,4,0.644770720691392,0.6965520195662975,0.001,64,4,2,128,0.1,64,75,0.0,0.1,10,5,0.5,True,42
batch_size,64,31,31,5,0.6273518204689026,0.6124697327613831,0.001,64,4,2,128,0.1,64,75,0.0,0.1,10,5,0.5,True,42
batch_size,64,31,31,6,0.6220771480690349,0.6142588779330254,0.001,64,4,2,128,0.1,64,75,0.0,0.1,10,5,0.5,True,42
batch_size,64,31,31,7,0.6022875715385784,0.6021208800375462,0.001,64,4,2,128,0.1,64,75,0.0,0.1,10,5,0.5,True,42
batch_size,64,31,31,8,0.6003702386762156,0.6532757319509983,0.001,64,4,2,128,0.1,64,75,0.0,0.1,10,5,0.5,True,42
batch_size,64,31,31,9,0.5932219981244116,0.6101830154657364,0.001,64,4,2,128,0.1,64,75,0.0,0.1,10,5,0.5,True,42
batch_size,64,31,31,10,0.5802939380660201,0.6139841675758362,0.001,64,4,2,128,0.1,64,75,0.0,0.1,10,5,0.5,True,42
batch_size,64,31,31,11,0.5700702829794451,0.6553676649928093,0.001,64,4,2,128,0.1,64,75,0.0,0.1,10,5,0.5,True,42
batch_size,64,31,31,12,0.5779579182465872,0.6417808532714844,0.001,64,4,2,128,0.1,64,75,0.0,0.1,10,5,0.5,True,42
batch_size,64,31,31,13,0.5505896833809939,0.6328287795186043,0.001,64,4,2,128,0.1,64,75,0.0,0.1,10,5,0.5,True,42
batch_size,64,31,31,14,0.5186245626572407,0.6600266098976135,0.001,64,4,2,128,0.1,64,75,0.0,0.1,10,5,0.5,True,42
batch_size,64,31,31,15,0.505681678201213,0.6785327345132828,0.001,64,4,2,128,0.1,64,75,0.0,0.1,10,5,0.5,True,42
batch_size,64,31,31,16,0.4929777045141567,0.685021348297596,0.001,64,4,2,128,0.1,64,75,0.0,0.1,10,5,0.5,True,42
batch_size,64,31,31,17,0.4785203369277896,0.6874131932854652,0.001,64,4,2,128,0.1,64,75,0.0,0.1,10,5,0.5,True,42
batch_size,64,32,32,1,0.6930276308998917,0.6677268370985985,0.001,64,4,2,128,0.1,64,75,0.0,0.1,10,5,0.5,True,42
batch_size,64,32,32,2,0.6653678037903525,0.6312765851616859,0.001,64,4,2,128,0.1,64,75,0.0,0.1,10,5,0.5,True,42
batch_size,64,32,32,3,0.6480983477650266,0.6153732538223267,0.001,64,4,2,128,0.1,64,75,0.0,0.1,10,5,0.5,True,42
batch_size,64,32,32,4,0.6249683327747114,0.6277602314949036,0.001,64,4,2,128,0.1,64,75,0.0,0.1,10,5,0.5,True,42
batch_size,64,32,32,5,0.6194652815659841,0.6027516350150108,0.001,64,4,2,128,0.1,64,75,0.0,0.1,10,5,0.5,True,42
batch_size,64,32,32,6,0.6152509216106299,0.6385551057755947,0.001,64,4,2,128,0.1,64,75,0.0,0.1,10,5,0.5,True,42
batch_size,64,32,32,7,0.6103029765866019,0.6205840408802032,0.001,64,4,2,128,0.1,64,75,0.0,0.1,10,5,0.5,True,42
batch_size,64,32,32,8,0.596791684627533,0.6061036512255669,0.001,64,4,2,128,0.1,64,75,0.0,0.1,10,5,0.5,True,42
batch_size,64,32,32,9,0.5843632948217969,0.6175346747040749,0.001,64,4,2,128,0.1,64,75,0.0,0.1,10,5,0.5,True,42
batch_size,64,32,32,10,0.5823012789090475,0.6009825058281422,0.001,64,4,2,128,0.1,64,75,0.0,0.1,10,5,0.5,True,42
batch_size,64,32,32,11,0.5692875033075159,0.6581920646131039,0.001,64,4,2,128,0.1,64,75,0.0,0.1,10,5,0.5,True,42
batch_size,64,32,32,12,0.5679936783783364,0.6021493896842003,0.001,64,4,2,128,0.1,64,75,0.0,0.1,10,5,0.5,True,42
batch_size,64,32,32,13,0.5416931202917388,0.6904524713754654,0.001,64,4,2,128,0.1,64,75,0.0,0.1,10,5,0.5,True,42
batch_size,64,32,32,14,0.5536666264136633,0.5964750982820988,0.001,64,4,2,128,0.1,64,75,0.0,0.1,10,5,0.5,True,42
batch_size,64,32,32,15,0.5304361500523307,0.6298285163938999,0.001,64,4,2,128,0.1,64,75,0.0,0.1,10,5,0.5,True,42
batch_size,64,32,32,16,0.5177401724186811,0.6269940212368965,0.001,64,4,2,128,0.1,64,75,0.0,0.1,10,5,0.5,True,42
batch_size,64,32,32,17,0.4962266417163791,0.6433512791991234,0.001,64,4,2,128,0.1,64,75,0.0,0.1,10,5,0.5,True,42
batch_size,64,32,32,18,0.488216012264743,0.6600390821695328,0.001,64,4,2,128,0.1,64,75,0.0,0.1,10,5,0.5,True,42
batch_size,64,32,32,19,0.4665484821254557,0.678942795842886,0.001,64,4,2,128,0.1,64,75,0.0,0.1,10,5,0.5,True,42
batch_size,64,32,32,20,0.44187135136488714,0.6945924386382103,0.001,64,4,2,128,0.1,64,75,0.0,0.1,10,5,0.5,True,42
batch_size,64,32,32,21,0.403699743476781,0.7228520587086678,0.001,64,4,2,128,0.1,64,75,0.0,0.1,10,5,0.5,True,42
batch_size,64,32,32,22,0.37809939795371256,0.7606756128370762,0.001,64,4,2,128,0.1,64,75,0.0,0.1,10,5,0.5,True,42
batch_size,64,32,32,23,0.3810953086975849,0.8295040428638458,0.001,64,4,2,128,0.1,64,75,0.0,0.1,10,5,0.5,True,42
batch_size,64,32,32,24,0.3668208133542176,0.7921551465988159,0.001,64,4,2,128,0.1,64,75,0.0,0.1,10,5,0.5,True,42
batch_size,64,33,33,1,0.700762995264747,0.6963767930865288,0.001,64,4,2,128,0.1,64,75,0.0,0.1,10,5,0.5,True,42
batch_size,64,33,33,2,0.6783517851974025,0.6662072613835335,0.001,64,4,2,128,0.1,64,75,0.0,0.1,10,5,0.5,True,42
batch_size,64,33,33,3,0.651427531784231,0.6401028707623482,0.001,64,4,2,128,0.1,64,75,0.0,0.1,10,5,0.5,True,42
batch_size,64,33,33,4,0.6287284782438567,0.6210094764828682,0.001,64,4,2,128,0.1,64,75,0.0,0.1,10,5,0.5,True,42
batch_size,64,33,33,5,0.6293214415058945,0.6105290651321411,0.001,64,4,2,128,0.1,64,75,0.0,0.1,10,5,0.5,True,42
batch_size,64,33,33,6,0.6263589651295633,0.6067052893340588,0.001,64,4,2,128,0.1,64,75,0.0,0.1,10,5,0.5,True,42
batch_size,64,33,33,7,0.6071643115896167,0.5823626779019833,0.001,64,4,2,128,0.1,64,75,0.0,0.1,10,5,0.5,True,42
batch_size,64,33,33,8,0.6118482008124843,0.5968753024935722,0.001,64,4,2,128,0.1,64,75,0.0,0.1,10,5,0.5,True,42
batch_size,64,33,33,9,0.5983307569315939,0.574732568114996,0.001,64,4,2,128,0.1,64,75,0.0,0.1,10,5,0.5,True,42
batch_size,64,33,33,10,0.5893620568694491,0.628528505563736,0.001,64,4,2,128,0.1,64,75,0.0,0.1,10,5,0.5,True,42
batch_size,64,33,33,11,0.5907289963780027,0.6195890866219997,0.001,64,4,2,128,0.1,64,75,0.0,0.1,10,5,0.5,True,42
batch_size,64,33,33,12,0.5830923282738888,0.5897626243531704,0.001,64,4,2,128,0.1,64,75,0.0,0.1,10,5,0.5,True,42
batch_size,64,33,33,13,0.5649362328377637,0.5963501930236816,0.001,64,4,2,128,0.1,64,75,0.0,0.1,10,5,0.5,True,42
batch_size,64,33,33,14,0.5525626829176238,0.6252123937010765,0.001,64,4,2,128,0.1,64,75,0.0,0.1,10,5,0.5,True,42
batch_size,64,33,33,15,0.5525512027017998,0.6246804744005203,0.001,64,4,2,128,0.1,64,75,0.0,0.1,10,5,0.5,True,42
batch_size,64,33,33,16,0.5086788458354545,0.6571140326559544,0.001,64,4,2,128,0.1,64,75,0.0,0.1,10,5,0.5,True,42
batch_size,64,33,33,17,0.4938380880789323,0.6662303954362869,0.001,64,4,2,128,0.1,64,75,0.0,0.1,10,5,0.5,True,42
batch_size,64,33,33,18,0.48020954926808673,0.7146855480968952,0.001,64,4,2,128,0.1,64,75,0.0,0.1,10,5,0.5,True,42
batch_size,64,33,33,19,0.4605902704325589,0.7189382016658783,0.001,64,4,2,128,0.1,64,75,0.0,0.1,10,5,0.5,True,42
batch_size,64,34,34,1,0.6938861545288202,0.6719688028097153,0.001,64,4,2,128,0.1,64,75,0.0,0.1,10,5,0.5,True,42
batch_size,64,34,34,2,0.6775478973533168,0.6696172170341015,0.001,64,4,2,128,0.1,64,75,0.0,0.1,10,5,0.5,True,42
batch_size,64,34,34,3,0.6486599029916705,0.6255356669425964,0.001,64,4,2,128,0.1,64,75,0.0,0.1,10,5,0.5,True,42
batch_size,64,34,34,4,0.6311072707176208,0.6212228685617447,0.001,64,4,2,128,0.1,64,75,0.0,0.1,10,5,0.5,True,42
batch_size,64,34,34,5,0.6232230085315127,0.6227878294885159,0.001,64,4,2,128,0.1,64,75,0.0,0.1,10,5,0.5,True,42
batch_size,64,34,34,6,0.6124143898487091,0.63101527094841,0.001,64,4,2,128,0.1,64,75,0.0,0.1,10,5,0.5,True,42
batch_size,64,34,34,7,0.6028972358414622,0.6852857992053032,0.001,64,4,2,128,0.1,64,75,0.0,0.1,10,5,0.5,True,42
batch_size,64,34,34,8,0.598504693219156,0.6136922314763069,0.001,64,4,2,128,0.1,64,75,0.0,0.1,10,5,0.5,True,42
batch_size,64,34,34,9,0.6001428605029078,0.6006201431155205,0.001,64,4,2,128,0.1,64,75,0.0,0.1,10,5,0.5,True,42
batch_size,64,34,34,10,0.5914712173469139,0.6733010672032833,0.001,64,4,2,128,0.1,64,75,0.0,0.1,10,5,0.5,True,42
batch_size,64,34,34,11,0.5697533470211606,0.6242776364088058,0.001,64,4,2,128,0.1,64,75,0.0,0.1,10,5,0.5,True,42
batch_size,64,34,34,12,0.5554273516842814,0.6052557043731213,0.001,64,4,2,128,0.1,64,75,0.0,0.1,10,5,0.5,True,42
batch_size,64,34,34,13,0.5506728765639392,0.621250081807375,0.001,64,4,2,128,0.1,64,75,0.0,0.1,10,5,0.5,True,42
batch_size,64,34,34,14,0.5325186035849832,0.6441320106387138,0.001,64,4,2,128,0.1,64,75,0.0,0.1,10,5,0.5,True,42
batch_size,64,34,34,15,0.5134268655921473,0.651023842394352,0.001,64,4,2,128,0.1,64,75,0.0,0.1,10,5,0.5,True,42
batch_size,64,34,34,16,0.4814528845476382,0.6382743678987026,0.001,64,4,2,128,0.1,64,75,0.0,0.1,10,5,0.5,True,42
batch_size,64,34,34,17,0.44995596733960236,0.6773414686322212,0.001,64,4,2,128,0.1,64,75,0.0,0.1,10,5,0.5,True,42
batch_size,64,34,34,18,0.43918111288186273,0.6619432047009468,0.001,64,4,2,128,0.1,64,75,0.0,0.1,10,5,0.5,True,42
batch_size,64,34,34,19,0.42415078255263244,0.7057149671018124,0.001,64,4,2,128,0.1,64,75,0.0,0.1,10,5,0.5,True,42
batch_size,64,35,35,1,0.7069962006626707,0.688858687877655,0.001,64,4,2,128,0.1,64,75,0.0,0.1,10,5,0.5,True,42
batch_size,64,35,35,2,0.6815718177593115,0.6590252742171288,0.001,64,4,2,128,0.1,64,75,0.0,0.1,10,5,0.5,True,42
batch_size,64,35,35,3,0.6659987704320387,0.6908727288246155,0.001,64,4,2,128,0.1,64,75,0.0,0.1,10,5,0.5,True,42
batch_size,64,35,35,4,0.6407671877832124,0.6284995302557945,0.001,64,4,2,128,0.1,64,75,0.0,0.1,10,5,0.5,True,42
batch_size,64,35,35,5,0.6282842908844803,0.6291485279798508,0.001,64,4,2,128,0.1,64,75,0.0,0.1,10,5,0.5,True,42
batch_size,64,35,35,6,0.6207337018215295,0.6095683127641678,0.001,64,4,2,128,0.1,64,75,0.0,0.1,10,5,0.5,True,42
batch_size,64,35,35,7,0.6079494402264104,0.5997224226593971,0.001,64,4,2,128,0.1,64,75,0.0,0.1,10,5,0.5,True,42
batch_size,64,35,35,8,0.6015659579724977,0.6029704473912716,0.001,64,4,2,128,0.1,64,75,0.0,0.1,10,5,0.5,True,42
batch_size,64,35,35,9,0.6070837730711157,0.6150769665837288,0.001,64,4,2,128,0.1,64,75,0.0,0.1,10,5,0.5,True,42
batch_size,64,35,35,10,0.5861909786860148,0.5873414315283298,0.001,64,4,2,128,0.1,64,75,0.0,0.1,10,5,0.5,True,42
batch_size,64,35,35,11,0.5881799436879881,0.6142235398292542,0.001,64,4,2,128,0.1,64,75,0.0,0.1,10,5,0.5,True,42
batch_size,64,35,35,12,0.5734920023065625,0.5919005386531353,0.001,64,4,2,128,0.1,64,75,0.0,0.1,10,5,0.5,True,42
batch_size,64,35,35,13,0.5619087743036675,0.5917735993862152,0.001,64,4,2,128,0.1,64,75,0.0,0.1,10,5,0.5,True,42
batch_size,64,35,35,14,0.5534014597986684,0.6195831261575222,0.001,64,4,2,128,0.1,64,75,0.0,0.1,10,5,0.5,True,42
batch_size,64,35,35,15,0.5430538934288602,0.5931461676955223,0.001,64,4,2,128,0.1,64,75,0.0,0.1,10,5,0.5,True,42
batch_size,64,35,35,16,0.5334430327921202,0.6118246242403984,0.001,64,4,2,128,0.1,64,75,0.0,0.1,10,5,0.5,True,42
batch_size,64,35,35,17,0.5036157342520627,0.6506920903921127,0.001,64,4,2,128,0.1,64,75,0.0,0.1,10,5,0.5,True,42
batch_size,64,35,35,18,0.4769343011306994,0.6561297997832298,0.001,64,4,2,128,0.1,64,75,0.0,0.1,10,5,0.5,True,42
batch_size,64,35,35,19,0.45923598968621454,0.6250440999865532,0.001,64,4,2,128,0.1,64,75,0.0,0.1,10,5,0.5,True,42
batch_size,64,35,35,20,0.4490109375028899,0.6397528015077114,0.001,64,4,2,128,0.1,64,75,0.0,0.1,10,5,0.5,True,42
batch_size,64,36,36,1,0.6976405038978114,0.6863348595798016,0.001,64,4,2,128,0.1,64,75,0.0,0.1,10,5,0.5,True,42
batch_size,64,36,36,2,0.6724551690347267,0.6724875941872597,0.001,64,4,2,128,0.1,64,75,0.0,0.1,10,5,0.5,True,42
batch_size,64,36,36,3,0.6461712591575853,0.6270749419927597,0.001,64,4,2,128,0.1,64,75,0.0,0.1,10,5,0.5,True,42
batch_size,64,36,36,4,0.6343256524114897,0.5952732004225254,0.001,64,4,2,128,0.1,64,75,0.0,0.1,10,5,0.5,True,42
batch_size,64,36,36,5,0.6217978646357855,0.5941358804702759,0.001,64,4,2,128,0.1,64,75,0.0,0.1,10,5,0.5,True,42
batch_size,64,36,36,6,0.606478624271624,0.6484324373304844,0.001,64,4,2,128,0.1,64,75,0.0,0.1,10,5,0.5,True,42
batch_size,64,36,36,7,0.605495956811038,0.5897152796387672,0.001,64,4,2,128,0.1,64,75,0.0,0.1,10,5,0.5,True,42
batch_size,64,36,36,8,0.5997862246903506,0.5794044174253941,0.001,64,4,2,128,0.1,64,75,0.0,0.1,10,5,0.5,True,42
batch_size,64,36,36,9,0.5867077554717208,0.5894495956599712,0.001,64,4,2,128,0.1,64,75,0.0,0.1,10,5,0.5,True,42
batch_size,64,36,36,10,0.5919487435709346,0.5853478386998177,0.001,64,4,2,128,0.1,64,75,0.0,0.1,10,5,0.5,True,42
batch_size,64,36,36,11,0.5813585176612391,0.5815962627530098,0.001,64,4,2,128,0.1,64,75,0.0,0.1,10,5,0.5,True,42
batch_size,64,36,36,12,0.5734188159306844,0.6110377162694931,0.001,64,4,2,128,0.1,64,75,0.0,0.1,10,5,0.5,True,42
batch_size,64,36,36,13,0.556989045757236,0.5878742821514606,0.001,64,4,2,128,0.1,64,75,0.0,0.1,10,5,0.5,True,42
batch_size,64,36,36,14,0.5437835901975632,0.621558427810669,0.001,64,4,2,128,0.1,64,75,0.0,0.1,10,5,0.5,True,42
batch_size,64,36,36,15,0.5136745594667665,0.6147610880434513,0.001,64,4,2,128,0.1,64,75,0.0,0.1,10,5,0.5,True,42
batch_size,64,36,36,16,0.4948323689626925,0.6151750683784485,0.001,64,4,2,128,0.1,64,75,0.0,0.1,10,5,0.5,True,42
batch_size,64,36,36,17,0.4848300074086045,0.6203413158655167,0.001,64,4,2,128,0.1,64,75,0.0,0.1,10,5,0.5,True,42
batch_size,64,36,36,18,0.4789461168375882,0.6576083935797215,0.001,64,4,2,128,0.1,64,75,0.0,0.1,10,5,0.5,True,42
batch_size,64,37,37,1,0.6962725718816122,0.6691800430417061,0.001,64,4,2,128,0.1,64,75,0.0,0.1,10,5,0.5,True,42
batch_size,64,37,37,2,0.6752604932496042,0.6602431461215019,0.001,64,4,2,128,0.1,64,75,0.0,0.1,10,5,0.5,True,42
batch_size,64,37,37,3,0.6588606644760479,0.6627235859632492,0.001,64,4,2,128,0.1,64,75,0.0,0.1,10,5,0.5,True,42
batch_size,64,37,37,4,0.638227459156152,0.6116599887609482,0.001,64,4,2,128,0.1,64,75,0.0,0.1,10,5,0.5,True,42
batch_size,64,37,37,5,0.6227615538871649,0.5959822945296764,0.001,64,4,2,128,0.1,64,75,0.0,0.1,10,5,0.5,True,42
batch_size,64,37,37,6,0.6152134013898445,0.6306822672486305,0.001,64,4,2,128,0.1,64,75,0.0,0.1,10,5,0.5,True,42
batch_size,64,37,37,7,0.6021897874095223,0.6758855581283569,0.001,64,4,2,128,0.1,64,75,0.0,0.1,10,5,0.5,True,42
batch_size,64,37,37,8,0.6048090588865858,0.5864054411649704,0.001,64,4,2,128,0.1,64,75,0.0,0.1,10,5,0.5,True,42
batch_size,64,37,37,9,0.5841027304078593,0.5857652239501476,0.001,64,4,2,128,0.1,64,75,0.0,0.1,10,5,0.5,True,42
batch_size,64,37,37,10,0.580112608093204,0.593076054006815,0.001,64,4,2,128,0.1,64,75,0.0,0.1,10,5,0.5,True,42
batch_size,64,37,37,11,0.571717718333909,0.600964929908514,0.001,64,4,2,128,0.1,64,75,0.0,0.1,10,5,0.5,True,42
batch_size,64,37,37,12,0.5643943105683182,0.6277293227612972,0.001,64,4,2,128,0.1,64,75,0.0,0.1,10,5,0.5,True,42
batch_size,64,37,37,13,0.5594013224948536,0.6198767013847828,0.001,64,4,2,128,0.1,64,75,0.0,0.1,10,5,0.5,True,42
batch_size,64,37,37,14,0.5387413063735673,0.6082943789660931,0.001,64,4,2,128,0.1,64,75,0.0,0.1,10,5,0.5,True,42
batch_size,64,37,37,15,0.525433287024498,0.6042638719081879,0.001,64,4,2,128,0.1,64,75,0.0,0.1,10,5,0.5,True,42
batch_size,64,37,37,16,0.4932571586334344,0.6429567821323872,0.001,64,4,2,128,0.1,64,75,0.0,0.1,10,5,0.5,True,42
batch_size,64,37,37,17,0.4746087807597536,0.6390481702983379,0.001,64,4,2,128,0.1,64,75,0.0,0.1,10,5,0.5,True,42
batch_size,64,37,37,18,0.459001287817955,0.6552357561886311,0.001,64,4,2,128,0.1,64,75,0.0,0.1,10,5,0.5,True,42
batch_size,64,37,37,19,0.44887916201894934,0.6875950172543526,0.001,64,4,2,128,0.1,64,75,0.0,0.1,10,5,0.5,True,42
batch_size,64,38,38,1,0.6904682580268744,0.6642329320311546,0.001,64,4,2,128,0.1,64,75,0.0,0.1,10,5,0.5,True,42
batch_size,64,38,38,2,0.6561251056916786,0.6169604733586311,0.001,64,4,2,128,0.1,64,75,0.0,0.1,10,5,0.5,True,42
batch_size,64,38,38,3,0.6413134652556796,0.6252175122499466,0.001,64,4,2,128,0.1,64,75,0.0,0.1,10,5,0.5,True,42
batch_size,64,38,38,4,0.6339702687480233,0.5969937220215797,0.001,64,4,2,128,0.1,64,75,0.0,0.1,10,5,0.5,True,42
batch_size,64,38,38,5,0.6161165372891859,0.5996296778321266,0.001,64,4,2,128,0.1,64,75,0.0,0.1,10,5,0.5,True,42
batch_size,64,38,38,6,0.6177535427339149,0.5829342640936375,0.001,64,4,2,128,0.1,64,75,0.0,0.1,10,5,0.5,True,42
batch_size,64,38,38,7,0.6073794730684974,0.5874122455716133,0.001,64,4,2,128,0.1,64,75,0.0,0.1,10,5,0.5,True,42
batch_size,64,38,38,8,0.5923244293892023,0.6044550277292728,0.001,64,4,2,128,0.1,64,75,0.0,0.1,10,5,0.5,True,42
batch_size,64,38,38,9,0.5855255804278634,0.5872436985373497,0.001,64,4,2,128,0.1,64,75,0.0,0.1,10,5,0.5,True,42
batch_size,64,38,38,10,0.5820058453263659,0.5933243930339813,0.001,64,4,2,128,0.1,64,75,0.0,0.1,10,5,0.5,True,42
batch_size,64,38,38,11,0.564655471480254,0.5980459190905094,0.001,64,4,2,128,0.1,64,75,0.0,0.1,10,5,0.5,True,42
batch_size,64,38,38,12,0.562125173482028,0.60456283390522,0.001,64,4,2,128,0.1,64,75,0.0,0.1,10,5,0.5,True,42
batch_size,64,38,38,13,0.5199212499640204,0.6007650420069695,0.001,64,4,2,128,0.1,64,75,0.0,0.1,10,5,0.5,True,42
batch_size,64,38,38,14,0.5103586853453608,0.6272782571613789,0.001,64,4,2,128,0.1,64,75,0.0,0.1,10,5,0.5,True,42
batch_size,64,38,38,15,0.5026414191181009,0.6648150123655796,0.001,64,4,2,128,0.1,64,75,0.0,0.1,10,5,0.5,True,42
batch_size,64,38,38,16,0.4926343054482431,0.6215752474963665,0.001,64,4,2,128,0.1,64,75,0.0,0.1,10,5,0.5,True,42
batch_size,64,39,39,1,0.6970296240214146,0.6791748404502869,0.001,64,4,2,128,0.1,64,75,0.0,0.1,10,5,0.5,True,42
batch_size,64,39,39,2,0.6778330766793453,0.6565278992056847,0.001,64,4,2,128,0.1,64,75,0.0,0.1,10,5,0.5,True,42
batch_size,64,39,39,3,0.6617527703444163,0.6434091404080391,0.001,64,4,2,128,0.1,64,75,0.0,0.1,10,5,0.5,True,42
batch_size,64,39,39,4,0.6360618219231114,0.670375045388937,0.001,64,4,2,128,0.1,64,75,0.0,0.1,10,5,0.5,True,42
batch_size,64,39,39,5,0.6235546045231096,0.6184683367609978,0.001,64,4,2,128,0.1,64,75,0.0,0.1,10,5,0.5,True,42
batch_size,64,39,39,6,0.6258392595883572,0.6059337444603443,0.001,64,4,2,128,0.1,64,75,0.0,0.1,10,5,0.5,True,42
batch_size,64,39,39,7,0.6101338944651864,0.5938359834253788,0.001,64,4,2,128,0.1,64,75,0.0,0.1,10,5,0.5,True,42
batch_size,64,39,39,8,0.609963082002871,0.591158039867878,0.001,64,4,2,128,0.1,64,75,0.0,0.1,10,5,0.5,True,42
batch_size,64,39,39,9,0.5920504426414316,0.5875482298433781,0.001,64,4,2,128,0.1,64,75,0.0,0.1,10,5,0.5,True,42
batch_size,64,39,39,10,0.5841432791767698,0.5841319859027863,0.001,64,4,2,128,0.1,64,75,0.0,0.1,10,5,0.5,True,42
batch_size,64,39,39,11,0.5773617521379933,0.6246855035424232,0.001,64,4,2,128,0.1,64,75,0.0,0.1,10,5,0.5,True,42
batch_size,64,39,39,12,0.5709154732299574,0.587617039680481,0.001,64,4,2,128,0.1,64,75,0.0,0.1,10,5,0.5,True,42
batch_size,64,39,39,13,0.5613996120113315,0.5925248004496098,0.001,64,4,2,128,0.1,64,75,0.0,0.1,10,5,0.5,True,42
batch_size,64,39,39,14,0.5447876606926774,0.6088829822838306,0.001,64,4,2,128,0.1,64,75,0.0,0.1,10,5,0.5,True,42
batch_size,64,39,39,15,0.533655376145334,0.6000697538256645,0.001,64,4,2,128,0.1,64,75,0.0,0.1,10,5,0.5,True,42
batch_size,64,39,39,16,0.526026448968685,0.6579734049737453,0.001,64,4,2,128,0.1,64,75,0.0,0.1,10,5,0.5,True,42
batch_size,64,39,39,17,0.4805947031938668,0.6711536198854446,0.001,64,4,2,128,0.1,64,75,0.0,0.1,10,5,0.5,True,42
batch_size,64,39,39,18,0.45000108805569733,0.6703178733587265,0.001,64,4,2,128,0.1,64,75,0.0,0.1,10,5,0.5,True,42
batch_size,64,39,39,19,0.43109557890530786,0.6762186735868454,0.001,64,4,2,128,0.1,64,75,0.0,0.1,10,5,0.5,True,42
batch_size,64,39,39,20,0.42802334102717315,0.7109426334500313,0.001,64,4,2,128,0.1,64,75,0.0,0.1,10,5,0.5,True,42
batch_size,64,40,40,1,0.6985119653470588,0.7071728706359863,0.001,64,4,2,128,0.1,64,75,0.0,0.1,10,5,0.5,True,42
batch_size,64,40,40,2,0.6730739817474828,0.6432416215538979,0.001,64,4,2,128,0.1,64,75,0.0,0.1,10,5,0.5,True,42
batch_size,64,40,40,3,0.6590542395909628,0.6667322777211666,0.001,64,4,2,128,0.1,64,75,0.0,0.1,10,5,0.5,True,42
batch_size,64,40,40,4,0.632969904126543,0.6219616010785103,0.001,64,4,2,128,0.1,64,75,0.0,0.1,10,5,0.5,True,42
batch_size,64,40,40,5,0.6216053050575834,0.6146429181098938,0.001,64,4,2,128,0.1,64,75,0.0,0.1,10,5,0.5,True,42
batch_size,64,40,40,6,0.6151050026669647,0.6172855198383331,0.001,64,4,2,128,0.1,64,75,0.0,0.1,10,5,0.5,True,42
batch_size,64,40,40,7,0.603424920277162,0.6597334928810596,0.001,64,4,2,128,0.1,64,75,0.0,0.1,10,5,0.5,True,42
batch_size,64,40,40,8,0.6102429908333402,0.6618697494268417,0.001,64,4,2,128,0.1,64,75,0.0,0.1,10,5,0.5,True,42
batch_size,64,40,40,9,0.5879739798379667,0.6108822897076607,0.001,64,4,2,128,0.1,64,75,0.0,0.1,10,5,0.5,True,42
batch_size,64,40,40,10,0.5819006648027536,0.6381083652377129,0.001,64,4,2,128,0.1,64,75,0.0,0.1,10,5,0.5,True,42
batch_size,64,40,40,11,0.5738037531123017,0.6664604283869267,0.001,64,4,2,128,0.1,64,75,0.0,0.1,10,5,0.5,True,42
batch_size,64,40,40,12,0.5603217356132738,0.6472439840435982,0.001,64,4,2,128,0.1,64,75,0.0,0.1,10,5,0.5,True,42
batch_size,64,40,40,13,0.552593004974452,0.6277831196784973,0.001,64,4,2,128,0.1,64,75,0.0,0.1,10,5,0.5,True,42
batch_size,64,40,40,14,0.5406272113323212,0.6327985972166061,0.001,64,4,2,128,0.1,64,75,0.0,0.1,10,5,0.5,True,42
batch_size,64,40,40,15,0.5285974876447157,0.6406372338533401,0.001,64,4,2,128,0.1,64,75,0.0,0.1,10,5,0.5,True,42
batch_size,64,40,40,16,0.49492794771989185,0.6642288230359554,0.001,64,4,2,128,0.1,64,75,0.0,0.1,10,5,0.5,True,42
batch_size,64,40,40,17,0.48630707011078345,0.6779943853616714,0.001,64,4,2,128,0.1,64,75,0.0,0.1,10,5,0.5,True,42
batch_size,64,40,40,18,0.4726379147984765,0.6755051091313362,0.001,64,4,2,128,0.1,64,75,0.0,0.1,10,5,0.5,True,42
batch_size,64,40,40,19,0.4550471007823944,0.6977267898619175,0.001,64,4,2,128,0.1,64,75,0.0,0.1,10,5,0.5,True,42
batch_size,64,41,41,1,0.6999667630051122,0.6883724853396416,0.001,64,4,2,128,0.1,64,75,0.0,0.1,10,5,0.5,True,42
batch_size,64,41,41,2,0.6763553971594031,0.6479951664805412,0.001,64,4,2,128,0.1,64,75,0.0,0.1,10,5,0.5,True,42
batch_size,64,41,41,3,0.6578189468745029,0.6269149482250214,0.001,64,4,2,128,0.1,64,75,0.0,0.1,10,5,0.5,True,42
batch_size,64,41,41,4,0.6324293595371824,0.6076558046042919,0.001,64,4,2,128,0.1,64,75,0.0,0.1,10,5,0.5,True,42
batch_size,64,41,41,5,0.6226520267399874,0.6139279678463936,0.001,64,4,2,128,0.1,64,75,0.0,0.1,10,5,0.5,True,42
batch_size,64,41,41,6,0.6133970220883688,0.6076923906803131,0.001,64,4,2,128,0.1,64,75,0.0,0.1,10,5,0.5,True,42
batch_size,64,41,41,7,0.6174160738786062,0.6124727465212345,0.001,64,4,2,128,0.1,64,75,0.0,0.1,10,5,0.5,True,42
batch_size,64,41,41,8,0.6059520452311544,0.609321840107441,0.001,64,4,2,128,0.1,64,75,0.0,0.1,10,5,0.5,True,42
batch_size,64,41,41,9,0.5952937855865016,0.6354199536144733,0.001,64,4,2,128,0.1,64,75,0.0,0.1,10,5,0.5,True,42
batch_size,64,41,41,10,0.5898708208943858,0.6201950795948505,0.001,64,4,2,128,0.1,64,75,0.0,0.1,10,5,0.5,True,42
batch_size,64,41,41,11,0.5603992401650457,0.6396252661943436,0.001,64,4,2,128,0.1,64,75,0.0,0.1,10,5,0.5,True,42
batch_size,64,41,41,12,0.5508781671524048,0.648412711918354,0.001,64,4,2,128,0.1,64,75,0.0,0.1,10,5,0.5,True,42
batch_size,64,41,41,13,0.5376211666699612,0.6913919150829315,0.001,64,4,2,128,0.1,64,75,0.0,0.1,10,5,0.5,True,42
batch_size,64,41,41,14,0.5341526956269236,0.6940396875143051,0.001,64,4,2,128,0.1,64,75,0.0,0.1,10,5,0.5,True,42
batch_size,64,42,42,1,0.6941614882512526,0.690385565161705,0.001,64,4,2,128,0.1,64,75,0.0,0.1,10,5,0.5,True,42
batch_size,64,42,42,2,0.6749546175653284,0.6597081944346428,0.001,64,4,2,128,0.1,64,75,0.0,0.1,10,5,0.5,True,42
batch_size,64,42,42,3,0.6571170037442987,0.6584192328155041,0.001,64,4,2,128,0.1,64,75,0.0,0.1,10,5,0.5,True,42
batch_size,64,42,42,4,0.6411481255834753,0.6553384885191917,0.001,64,4,2,128,0.1,64,75,0.0,0.1,10,5,0.5,True,42
batch_size,64,42,42,5,0.6314434318831472,0.6495412029325962,0.001,64,4,2,128,0.1,64,75,0.0,0.1,10,5,0.5,True,42
batch_size,64,42,42,6,0.6196445578878577,0.6223445050418377,0.001,64,4,2,128,0.1,64,75,0.0,0.1,10,5,0.5,True,42
batch_size,64,42,42,7,0.6186937310478904,0.6251897998154163,0.001,64,4,2,128,0.1,64,75,0.0,0.1,10,5,0.5,True,42
batch_size,64,42,42,8,0.6032348997665175,0.7013403028249741,0.001,64,4,2,128,0.1,64,75,0.0,0.1,10,5,0.5,True,42
batch_size,64,42,42,9,0.5939891329317382,0.6179535463452339,0.001,64,4,2,128,0.1,64,75,0.0,0.1,10,5,0.5,True,42
batch_size,64,42,42,10,0.5865594925302448,0.615300115197897,0.001,64,4,2,128,0.1,64,75,0.0,0.1,10,5,0.5,True,42
batch_size,64,42,42,11,0.5815736299211328,0.623063750565052,0.001,64,4,2,128,0.1,64,75,0.0,0.1,10,5,0.5,True,42
batch_size,64,42,42,12,0.5644805910009326,0.6510959938168526,0.001,64,4,2,128,0.1,64,75,0.0,0.1,10,5,0.5,True,42
batch_size,64,42,42,13,0.5569301274689761,0.6261618882417679,0.001,64,4,2,128,0.1,64,75,0.0,0.1,10,5,0.5,True,42
batch_size,64,42,42,14,0.5421173504807733,0.6490620821714401,0.001,64,4,2,128,0.1,64,75,0.0,0.1,10,5,0.5,True,42
batch_size,64,42,42,15,0.5308415591716766,0.6495036706328392,0.001,64,4,2,128,0.1,64,75,0.0,0.1,10,5,0.5,True,42
batch_size,64,42,42,16,0.5126246344862562,0.6420134641230106,0.001,64,4,2,128,0.1,64,75,0.0,0.1,10,5,0.5,True,42
batch_size,64,42,42,17,0.46747147088701074,0.7246968522667885,0.001,64,4,2,128,0.1,64,75,0.0,0.1,10,5,0.5,True,42
batch_size,64,42,42,18,0.460466256647399,0.679397352039814,0.001,64,4,2,128,0.1,64,75,0.0,0.1,10,5,0.5,True,42
batch_size,64,42,42,19,0.4395858487396529,0.7428186647593975,0.001,64,4,2,128,0.1,64,75,0.0,0.1,10,5,0.5,True,42
batch_size,64,42,42,20,0.42821861668066546,0.8224865011870861,0.001,64,4,2,128,0.1,64,75,0.0,0.1,10,5,0.5,True,42
batch_size,64,43,43,1,0.6840821360096787,0.6685742437839508,0.001,64,4,2,128,0.1,64,75,0.0,0.1,10,5,0.5,True,42
batch_size,64,43,43,2,0.6566414932409922,0.6475554965436459,0.001,64,4,2,128,0.1,64,75,0.0,0.1,10,5,0.5,True,42
batch_size,64,43,43,3,0.6350654164950053,0.6152756735682487,0.001,64,4,2,128,0.1,64,75,0.0,0.1,10,5,0.5,True,42
batch_size,64,43,43,4,0.6212479002547987,0.6618524678051472,0.001,64,4,2,128,0.1,64,75,0.0,0.1,10,5,0.5,True,42
batch_size,64,43,43,5,0.6092827545874047,0.6074953377246857,0.001,64,4,2,128,0.1,64,75,0.0,0.1,10,5,0.5,True,42
batch_size,64,43,43,6,0.6047826833797224,0.5933698527514935,0.001,64,4,2,128,0.1,64,75,0.0,0.1,10,5,0.5,True,42
batch_size,64,43,43,7,0.5995120758360083,0.6760115772485733,0.001,64,4,2,128,0.1,64,75,0.0,0.1,10,5,0.5,True,42
batch_size,64,43,43,8,0.6025089775071,0.6042417921125889,0.001,64,4,2,128,0.1,64,75,0.0,0.1,10,5,0.5,True,42
batch_size,64,43,43,9,0.5982603981639399,0.6000834479928017,0.001,64,4,2,128,0.1,64,75,0.0,0.1,10,5,0.5,True,42
batch_size,64,43,43,10,0.5720069801265543,0.6127909608185291,0.001,64,4,2,128,0.1,64,75,0.0,0.1,10,5,0.5,True,42
batch_size,64,43,43,11,0.5659699363238884,0.625492550432682,0.001,64,4,2,128,0.1,64,75,0.0,0.1,10,5,0.5,True,42
batch_size,64,43,43,12,0.562110853917671,0.6289361417293549,0.001,64,4,2,128,0.1,64,75,0.0,0.1,10,5,0.5,True,42
batch_size,64,43,43,13,0.5368517849481467,0.6306779906153679,0.001,64,4,2,128,0.1,64,75,0.0,0.1,10,5,0.5,True,42
batch_size,64,43,43,14,0.5272162430214159,0.6140642501413822,0.001,64,4,2,128,0.1,64,75,0.0,0.1,10,5,0.5,True,42
batch_size,64,43,43,15,0.5061226717450402,0.6572463884949684,0.001,64,4,2,128,0.1,64,75,0.0,0.1,10,5,0.5,True,42
batch_size,64,43,43,16,0.4973662865884376,0.6755179949104786,0.001,64,4,2,128,0.1,64,75,0.0,0.1,10,5,0.5,True,42
batch_size,64,44,44,1,0.6916903672796307,0.6670567840337753,0.001,64,4,2,128,0.1,64,75,0.0,0.1,10,5,0.5,True,42
batch_size,64,44,44,2,0.6690050751873942,0.6727554947137833,0.001,64,4,2,128,0.1,64,75,0.0,0.1,10,5,0.5,True,42
batch_size,64,44,44,3,0.6554148025584944,0.63701431453228,0.001,64,4,2,128,0.1,64,75,0.0,0.1,10,5,0.5,True,42
batch_size,64,44,44,4,0.6450173385215529,0.6203385815024376,0.001,64,4,2,128,0.1,64,75,0.0,0.1,10,5,0.5,True,42
batch_size,64,44,44,5,0.6246262228850162,0.6246441528201103,0.001,64,4,2,128,0.1,64,75,0.0,0.1,10,5,0.5,True,42
batch_size,64,44,44,6,0.6291612567323627,0.6160977892577648,0.001,64,4,2,128,0.1,64,75,0.0,0.1,10,5,0.5,True,42
batch_size,64,44,44,7,0.6158702639919339,0.587675578892231,0.001,64,4,2,128,0.1,64,75,0.0,0.1,10,5,0.5,True,42
batch_size,64,44,44,8,0.6061369722539728,0.5829465985298157,0.001,64,4,2,128,0.1,64,75,0.0,0.1,10,5,0.5,True,42
batch_size,64,44,44,9,0.6062108386646617,0.5985579565167427,0.001,64,4,2,128,0.1,64,75,0.0,0.1,10,5,0.5,True,42
batch_size,64,44,44,10,0.5948572781952944,0.6032687723636627,0.001,64,4,2,128,0.1,64,75,0.0,0.1,10,5,0.5,True,42
batch_size,64,44,44,11,0.5806722704208258,0.5923230573534966,0.001,64,4,2,128,0.1,64,75,0.0,0.1,10,5,0.5,True,42
batch_size,64,44,44,12,0.5721449671369611,0.6226678229868412,0.001,64,4,2,128,0.1,64,75,0.0,0.1,10,5,0.5,True,42
batch_size,64,44,44,13,0.5747864309585455,0.6041631661355495,0.001,64,4,2,128,0.1,64,75,0.0,0.1,10,5,0.5,True,42
batch_size,64,44,44,14,0.5566912275372129,0.6025905050337315,0.001,64,4,2,128,0.1,64,75,0.0,0.1,10,5,0.5,True,42
batch_size,64,44,44,15,0.5152244274363373,0.6248250380158424,0.001,64,4,2,128,0.1,64,75,0.0,0.1,10,5,0.5,True,42
batch_size,64,44,44,16,0.498978059851762,0.6393567845225334,0.001,64,4,2,128,0.1,64,75,0.0,0.1,10,5,0.5,True,42
batch_size,64,44,44,17,0.48396963919654035,0.6784670576453209,0.001,64,4,2,128,0.1,64,75,0.0,0.1,10,5,0.5,True,42
batch_size,64,44,44,18,0.47437967224554584,0.6940553560853004,0.001,64,4,2,128,0.1,64,75,0.0,0.1,10,5,0.5,True,42
batch_size,64,45,45,1,0.6891912149660515,0.6692257821559906,0.001,64,4,2,128,0.1,64,75,0.0,0.1,10,5,0.5,True,42
batch_size,64,45,45,2,0.6526902868892207,0.6284322664141655,0.001,64,4,2,128,0.1,64,75,0.0,0.1,10,5,0.5,True,42
batch_size,64,45,45,3,0.6443778348691536,0.6279812157154083,0.001,64,4,2,128,0.1,64,75,0.0,0.1,10,5,0.5,True,42
batch_size,64,45,45,4,0.6270426701415669,0.6374813169240952,0.001,64,4,2,128,0.1,64,75,0.0,0.1,10,5,0.5,True,42
batch_size,64,45,45,5,0.6216575593659373,0.6123663634061813,0.001,64,4,2,128,0.1,64,75,0.0,0.1,10,5,0.5,True,42
batch_size,64,45,45,6,0.6132944397854082,0.6241997852921486,0.001,64,4,2,128,0.1,64,75,0.0,0.1,10,5,0.5,True,42
batch_size,64,45,45,7,0.60184899920767,0.596441637724638,0.001,64,4,2,128,0.1,64,75,0.0,0.1,10,5,0.5,True,42
batch_size,64,45,45,8,0.5960976481437683,0.5942073613405228,0.001,64,4,2,128,0.1,64,75,0.0,0.1,10,5,0.5,True,42
batch_size,64,45,45,9,0.5913274929378972,0.5875516533851624,0.001,64,4,2,128,0.1,64,75,0.0,0.1,10,5,0.5,True,42
batch_size,64,45,45,10,0.592464592872244,0.6108876951038837,0.001,64,4,2,128,0.1,64,75,0.0,0.1,10,5,0.5,True,42
batch_size,64,45,45,11,0.5814968636541655,0.6212899014353752,0.001,64,4,2,128,0.1,64,75,0.0,0.1,10,5,0.5,True,42
batch_size,64,45,45,12,0.5917660223715233,0.6030135042965412,0.001,64,4,2,128,0.1,64,75,0.0,0.1,10,5,0.5,True,42
batch_size,64,45,45,13,0.5624262121590701,0.6211522296071053,0.001,64,4,2,128,0.1,64,75,0.0,0.1,10,5,0.5,True,42
batch_size,64,45,45,14,0.565613326701251,0.6087304279208183,0.001,64,4,2,128,0.1,64,75,0.0,0.1,10,5,0.5,True,42
batch_size,64,45,45,15,0.5504942987904404,0.6133763641119003,0.001,64,4,2,128,0.1,64,75,0.0,0.1,10,5,0.5,True,42
batch_size,64,45,45,16,0.5111556233781757,0.6524087451398373,0.001,64,4,2,128,0.1,64,75,0.0,0.1,10,5,0.5,True,42
batch_size,64,45,45,17,0.49343801718769653,0.6580408625304699,0.001,64,4,2,128,0.1,64,75,0.0,0.1,10,5,0.5,True,42
batch_size,64,45,45,18,0.4902390056487286,0.6540405564010143,0.001,64,4,2,128,0.1,64,75,0.0,0.1,10,5,0.5,True,42
batch_size,64,45,45,19,0.4732696675893032,0.6541307121515274,0.001,64,4,2,128,0.1,64,75,0.0,0.1,10,5,0.5,True,42
batch_size,64,46,46,1,0.6944158980340669,0.6887818425893784,0.001,64,4,2,128,0.1,64,75,0.0,0.1,10,5,0.5,True,42
batch_size,64,46,46,2,0.664943126114932,0.6527255848050117,0.001,64,4,2,128,0.1,64,75,0.0,0.1,10,5,0.5,True,42
batch_size,64,46,46,3,0.6411497204592733,0.6223511397838593,0.001,64,4,2,128,0.1,64,75,0.0,0.1,10,5,0.5,True,42
batch_size,64,46,46,4,0.6386168192733418,0.6204781010746956,0.001,64,4,2,128,0.1,64,75,0.0,0.1,10,5,0.5,True,42
batch_size,64,46,46,5,0.6331962554743795,0.6540867500007153,0.001,64,4,2,128,0.1,64,75,0.0,0.1,10,5,0.5,True,42
batch_size,64,46,46,6,0.6216085824099454,0.6191826201975346,0.001,64,4,2,128,0.1,64,75,0.0,0.1,10,5,0.5,True,42
batch_size,64,46,46,7,0.6083063356804125,0.5958910807967186,0.001,64,4,2,128,0.1,64,75,0.0,0.1,10,5,0.5,True,42
batch_size,64,46,46,8,0.6032569354230707,0.6186200454831123,0.001,64,4,2,128,0.1,64,75,0.0,0.1,10,5,0.5,True,42
batch_size,64,46,46,9,0.5910243112029452,0.5936195366084576,0.001,64,4,2,128,0.1,64,75,0.0,0.1,10,5,0.5,True,42
batch_size,64,46,46,10,0.5971050863013123,0.6041472591459751,0.001,64,4,2,128,0.1,64,75,0.0,0.1,10,5,0.5,True,42
batch_size,64,46,46,11,0.5794904773885553,0.5888714678585529,0.001,64,4,2,128,0.1,64,75,0.0,0.1,10,5,0.5,True,42
batch_size,64,46,46,12,0.5630469846002983,0.6267482414841652,0.001,64,4,2,128,0.1,64,75,0.0,0.1,10,5,0.5,True,42
batch_size,64,46,46,13,0.5636793587243918,0.6208304464817047,0.001,64,4,2,128,0.1,64,75,0.0,0.1,10,5,0.5,True,42
batch_size,64,46,46,14,0.5536886412989009,0.6200257763266563,0.001,64,4,2,128,0.1,64,75,0.0,0.1,10,5,0.5,True,42
batch_size,64,46,46,15,0.5248497652285027,0.6292309835553169,0.001,64,4,2,128,0.1,64,75,0.0,0.1,10,5,0.5,True,42
batch_size,64,46,46,16,0.5249777242089763,0.6235286891460419,0.001,64,4,2,128,0.1,64,75,0.0,0.1,10,5,0.5,True,42
batch_size,64,46,46,17,0.5053531690077349,0.6543583869934082,0.001,64,4,2,128,0.1,64,75,0.0,0.1,10,5,0.5,True,42
batch_size,64,46,46,18,0.4707711763454206,0.6923706606030464,0.001,64,4,2,128,0.1,64,75,0.0,0.1,10,5,0.5,True,42
batch_size,64,46,46,19,0.44349998235702515,0.6832959167659283,0.001,64,4,2,128,0.1,64,75,0.0,0.1,10,5,0.5,True,42
batch_size,64,46,46,20,0.4304037635976618,0.7037130482494831,0.001,64,4,2,128,0.1,64,75,0.0,0.1,10,5,0.5,True,42
batch_size,64,46,46,21,0.41809166606628534,0.726297453045845,0.001,64,4,2,128,0.1,64,75,0.0,0.1,10,5,0.5,True,42
batch_size,64,47,47,1,0.694814454425465,0.6738426461815834,0.001,64,4,2,128,0.1,64,75,0.0,0.1,10,5,0.5,True,42
batch_size,64,47,47,2,0.6706160306930542,0.7273119129240513,0.001,64,4,2,128,0.1,64,75,0.0,0.1,10,5,0.5,True,42
batch_size,64,47,47,3,0.6643388108773665,0.6291240453720093,0.001,64,4,2,128,0.1,64,75,0.0,0.1,10,5,0.5,True,42
batch_size,64,47,47,4,0.6452098470745664,0.6198643818497658,0.001,64,4,2,128,0.1,64,75,0.0,0.1,10,5,0.5,True,42
batch_size,64,47,47,5,0.6183212146614537,0.6400827802717686,0.001,64,4,2,128,0.1,64,75,0.0,0.1,10,5,0.5,True,42
batch_size,64,47,47,6,0.6188188845461066,0.5933669432997704,0.001,64,4,2,128,0.1,64,75,0.0,0.1,10,5,0.5,True,42
batch_size,64,47,47,7,0.6061374667015943,0.5849153138697147,0.001,64,4,2,128,0.1,64,75,0.0,0.1,10,5,0.5,True,42
batch_size,64,47,47,8,0.6015271287072789,0.5965204946696758,0.001,64,4,2,128,0.1,64,75,0.0,0.1,10,5,0.5,True,42
batch_size,64,47,47,9,0.594056050434257,0.5952792949974537,0.001,64,4,2,128,0.1,64,75,0.0,0.1,10,5,0.5,True,42
batch_size,64,47,47,10,0.5914326517870931,0.6003254354000092,0.001,64,4,2,128,0.1,64,75,0.0,0.1,10,5,0.5,True,42
batch_size,64,47,47,11,0.5718175195383303,0.6345002576708794,0.001,64,4,2,128,0.1,64,75,0.0,0.1,10,5,0.5,True,42
batch_size,64,47,47,12,0.5696679629159697,0.6684271432459354,0.001,64,4,2,128,0.1,64,75,0.0,0.1,10,5,0.5,True,42
batch_size,64,47,47,13,0.5471872741525824,0.6260386668145657,0.001,64,4,2,128,0.1,64,75,0.0,0.1,10,5,0.5,True,42
batch_size,64,47,47,14,0.5224155828808293,0.6392492279410362,0.001,64,4,2,128,0.1,64,75,0.0,0.1,10,5,0.5,True,42
batch_size,64,47,47,15,0.5003800789515177,0.6490357331931591,0.001,64,4,2,128,0.1,64,75,0.0,0.1,10,5,0.5,True,42
batch_size,64,47,47,16,0.48930824841513776,0.6610534377396107,0.001,64,4,2,128,0.1,64,75,0.0,0.1,10,5,0.5,True,42
batch_size,64,47,47,17,0.47842784000165534,0.698970265686512,0.001,64,4,2,128,0.1,64,75,0.0,0.1,10,5,0.5,True,42
batch_size,64,48,48,1,0.6949118713834392,0.6832665205001831,0.001,64,4,2,128,0.1,64,75,0.0,0.1,10,5,0.5,True,42
batch_size,64,48,48,2,0.6644619685500416,0.6725121513009071,0.001,64,4,2,128,0.1,64,75,0.0,0.1,10,5,0.5,True,42
batch_size,64,48,48,3,0.6479042421525983,0.6507573127746582,0.001,64,4,2,128,0.1,64,75,0.0,0.1,10,5,0.5,True,42
batch_size,64,48,48,4,0.630822082064045,0.6574459560215473,0.001,64,4,2,128,0.1,64,75,0.0,0.1,10,5,0.5,True,42
batch_size,64,48,48,5,0.6219127071437551,0.6356999203562737,0.001,64,4,2,128,0.1,64,75,0.0,0.1,10,5,0.5,True,42
batch_size,64,48,48,6,0.628480453989399,0.6303420439362526,0.001,64,4,2,128,0.1,64,75,0.0,0.1,10,5,0.5,True,42
batch_size,64,48,48,7,0.6159206326328107,0.6253791376948357,0.001,64,4,2,128,0.1,64,75,0.0,0.1,10,5,0.5,True,42
batch_size,64,48,48,8,0.6073120948094041,0.6732770465314388,0.001,64,4,2,128,0.1,64,75,0.0,0.1,10,5,0.5,True,42
batch_size,64,48,48,9,0.5993628283934807,0.6736866869032383,0.001,64,4,2,128,0.1,64,75,0.0,0.1,10,5,0.5,True,42
batch_size,64,48,48,10,0.5950539245534299,0.6542195603251457,0.001,64,4,2,128,0.1,64,75,0.0,0.1,10,5,0.5,True,42
batch_size,64,48,48,11,0.5896526334890678,0.6215922981500626,0.001,64,4,2,128,0.1,64,75,0.0,0.1,10,5,0.5,True,42
batch_size,64,48,48,12,0.5726215705942752,0.6643502712249756,0.001,64,4,2,128,0.1,64,75,0.0,0.1,10,5,0.5,True,42
batch_size,64,48,48,13,0.5822560035470706,0.6271836459636688,0.001,64,4,2,128,0.1,64,75,0.0,0.1,10,5,0.5,True,42
batch_size,64,48,48,14,0.5617131092655125,0.6485846638679504,0.001,64,4,2,128,0.1,64,75,0.0,0.1,10,5,0.5,True,42
batch_size,64,48,48,15,0.5499703390384788,0.6180382445454597,0.001,64,4,2,128,0.1,64,75,0.0,0.1,10,5,0.5,True,42
batch_size,64,48,48,16,0.536008413158246,0.6589074283838272,0.001,64,4,2,128,0.1,64,75,0.0,0.1,10,5,0.5,True,42
batch_size,64,48,48,17,0.5196917052589246,0.6554678604006767,0.001,64,4,2,128,0.1,64,75,0.0,0.1,10,5,0.5,True,42
batch_size,64,48,48,18,0.521511863861511,0.6449422389268875,0.001,64,4,2,128,0.1,64,75,0.0,0.1,10,5,0.5,True,42
batch_size,64,48,48,19,0.4898935912260369,0.6724333539605141,0.001,64,4,2,128,0.1,64,75,0.0,0.1,10,5,0.5,True,42
batch_size,64,48,48,20,0.4772415414674958,0.6888119578361511,0.001,64,4,2,128,0.1,64,75,0.0,0.1,10,5,0.5,True,42
batch_size,64,48,48,21,0.473933952068215,0.6743440702557564,0.001,64,4,2,128,0.1,64,75,0.0,0.1,10,5,0.5,True,42
batch_size,64,48,48,22,0.40831297168980785,0.7593416795134544,0.001,64,4,2,128,0.1,64,75,0.0,0.1,10,5,0.5,True,42
batch_size,64,48,48,23,0.3786039512548874,0.819707378745079,0.001,64,4,2,128,0.1,64,75,0.0,0.1,10,5,0.5,True,42
batch_size,64,48,48,24,0.3788703666694129,0.8046743012964725,0.001,64,4,2,128,0.1,64,75,0.0,0.1,10,5,0.5,True,42
batch_size,64,48,48,25,0.36914556662538156,0.8350484371185303,0.001,64,4,2,128,0.1,64,75,0.0,0.1,10,5,0.5,True,42
batch_size,64,49,49,1,0.6947005996198365,0.7153350561857224,0.001,64,4,2,128,0.1,64,75,0.0,0.1,10,5,0.5,True,42
batch_size,64,49,49,2,0.6802467848315383,0.6636413112282753,0.001,64,4,2,128,0.1,64,75,0.0,0.1,10,5,0.5,True,42
batch_size,64,49,49,3,0.6607214754278009,0.6451925039291382,0.001,64,4,2,128,0.1,64,75,0.0,0.1,10,5,0.5,True,42
batch_size,64,49,49,4,0.6482371642734065,0.6659702211618423,0.001,64,4,2,128,0.1,64,75,0.0,0.1,10,5,0.5,True,42
batch_size,64,49,49,5,0.6353809318759225,0.6608295850455761,0.001,64,4,2,128,0.1,64,75,0.0,0.1,10,5,0.5,True,42
batch_size,64,49,49,6,0.6256784164544308,0.605739165097475,0.001,64,4,2,128,0.1,64,75,0.0,0.1,10,5,0.5,True,42
batch_size,64,49,49,7,0.6135374813368826,0.5977669656276703,0.001,64,4,2,128,0.1,64,75,0.0,0.1,10,5,0.5,True,42
batch_size,64,49,49,8,0.6105414258711266,0.599854402244091,0.001,64,4,2,128,0.1,64,75,0.0,0.1,10,5,0.5,True,42
batch_size,64,49,49,9,0.602135262706063,0.5906522572040558,0.001,64,4,2,128,0.1,64,75,0.0,0.1,10,5,0.5,True,42
batch_size,64,49,49,10,0.5893671630006848,0.603465098887682,0.001,64,4,2,128,0.1,64,75,0.0,0.1,10,5,0.5,True,42
batch_size,64,49,49,11,0.5821604092012752,0.6084066927433014,0.001,64,4,2,128,0.1,64,75,0.0,0.1,10,5,0.5,True,42
batch_size,64,49,49,12,0.585666330926346,0.6427934728562832,0.001,64,4,2,128,0.1,64,75,0.0,0.1,10,5,0.5,True,42
batch_size,64,49,49,13,0.5595224617105542,0.6055059023201466,0.001,64,4,2,128,0.1,64,75,0.0,0.1,10,5,0.5,True,42
batch_size,64,49,49,14,0.5556062437368162,0.5924049578607082,0.001,64,4,2,128,0.1,64,75,0.0,0.1,10,5,0.5,True,42
batch_size,64,49,49,15,0.5457458825725497,0.6315437369048595,0.001,64,4,2,128,0.1,64,75,0.0,0.1,10,5,0.5,True,42
batch_size,64,49,49,16,0.5078944898012913,0.6556018404662609,0.001,64,4,2,128,0.1,64,75,0.0,0.1,10,5,0.5,True,42
batch_size,64,49,49,17,0.49253669065056427,0.6594395525753498,0.001,64,4,2,128,0.1,64,75,0.0,0.1,10,5,0.5,True,42
batch_size,64,49,49,18,0.47345247368017834,0.7226397693157196,0.001,64,4,2,128,0.1,64,75,0.0,0.1,10,5,0.5,True,42
batch_size,64,49,49,19,0.4632075374776667,0.6863511577248573,0.001,64,4,2,128,0.1,64,75,0.0,0.1,10,5,0.5,True,42
batch_size,64,50,50,1,0.694822059436278,0.6671649739146233,0.001,64,4,2,128,0.1,64,75,0.0,0.1,10,5,0.5,True,42
batch_size,64,50,50,2,0.6704827131647052,0.6446937471628189,0.001,64,4,2,128,0.1,64,75,0.0,0.1,10,5,0.5,True,42
batch_size,64,50,50,3,0.6504014387275233,0.6532649770379066,0.001,64,4,2,128,0.1,64,75,0.0,0.1,10,5,0.5,True,42
batch_size,64,50,50,4,0.6336106043873411,0.6149159371852875,0.001,64,4,2,128,0.1,64,75,0.0,0.1,10,5,0.5,True,42
batch_size,64,50,50,5,0.6195309676907279,0.6011567451059818,0.001,64,4,2,128,0.1,64,75,0.0,0.1,10,5,0.5,True,42
batch_size,64,50,50,6,0.6109778248902523,0.6046627834439278,0.001,64,4,2,128,0.1,64,75,0.0,0.1,10,5,0.5,True,42
batch_size,64,50,50,7,0.601101486971884,0.6068354919552803,0.001,64,4,2,128,0.1,64,75,0.0,0.1,10,5,0.5,True,42
batch_size,64,50,50,8,0.5957525751807473,0.6145946756005287,0.001,64,4,2,128,0.1,64,75,0.0,0.1,10,5,0.5,True,42
batch_size,64,50,50,9,0.5791329064152457,0.6307734660804272,0.001,64,4,2,128,0.1,64,75,0.0,0.1,10,5,0.5,True,42
batch_size,64,50,50,10,0.5794293496644858,0.6127142310142517,0.001,64,4,2,128,0.1,64,75,0.0,0.1,10,5,0.5,True,42
batch_size,64,50,50,11,0.5640003581841787,0.615842379629612,0.001,64,4,2,128,0.1,64,75,0.0,0.1,10,5,0.5,True,42
batch_size,64,50,50,12,0.5357683124867353,0.6795850992202759,0.001,64,4,2,128,0.1,64,75,0.0,0.1,10,5,0.5,True,42
batch_size,64,50,50,13,0.5229205091794332,0.6358615010976791,0.001,64,4,2,128,0.1,64,75,0.0,0.1,10,5,0.5,True,42
batch_size,64,50,50,14,0.5140270952022437,0.6291482299566269,0.001,64,4,2,128,0.1,64,75,0.0,0.1,10,5,0.5,True,42
batch_size,64,50,50,15,0.507218140092763,0.6966025121510029,0.001,64,4,2,128,0.1,64,75,0.0,0.1,10,5,0.5,True,42
batch_size,64,51,51,1,0.6947415516232,0.6699345260858536,0.001,64,4,2,128,0.1,64,75,0.0,0.1,10,5,0.5,True,42
batch_size,64,51,51,2,0.667732012091261,0.6447784826159477,0.001,64,4,2,128,0.1,64,75,0.0,0.1,10,5,0.5,True,42
batch_size,64,51,51,3,0.6364213074698593,0.6187651269137859,0.001,64,4,2,128,0.1,64,75,0.0,0.1,10,5,0.5,True,42
batch_size,64,51,51,4,0.6222134557637301,0.6486138440668583,0.001,64,4,2,128,0.1,64,75,0.0,0.1,10,5,0.5,True,42
batch_size,64,51,51,5,0.6239928467707201,0.618518054485321,0.001,64,4,2,128,0.1,64,75,0.0,0.1,10,5,0.5,True,42
batch_size,64,51,51,6,0.6093680212895075,0.6077306568622589,0.001,64,4,2,128,0.1,64,75,0.0,0.1,10,5,0.5,True,42
batch_size,64,51,51,7,0.5961177854826956,0.6118614748120308,0.001,64,4,2,128,0.1,64,75,0.0,0.1,10,5,0.5,True,42
batch_size,64,51,51,8,0.6055624083136067,0.6180728524923325,0.001,64,4,2,128,0.1,64,75,0.0,0.1,10,5,0.5,True,42
batch_size,64,51,51,9,0.5884144960930853,0.6328622251749039,0.001,64,4,2,128,0.1,64,75,0.0,0.1,10,5,0.5,True,42
batch_size,64,51,51,10,0.5876597129937374,0.660647552460432,0.001,64,4,2,128,0.1,64,75,0.0,0.1,10,5,0.5,True,42
batch_size,64,51,51,11,0.5716767058228002,0.6393972262740135,0.001,64,4,2,128,0.1,64,75,0.0,0.1,10,5,0.5,True,42
batch_size,64,51,51,12,0.562867265307542,0.6613514609634876,0.001,64,4,2,128,0.1,64,75,0.0,0.1,10,5,0.5,True,42
batch_size,64,51,51,13,0.5370571392052101,0.6961365081369877,0.001,64,4,2,128,0.1,64,75,0.0,0.1,10,5,0.5,True,42
batch_size,64,51,51,14,0.5223343548449603,0.6598052754998207,0.001,64,4,2,128,0.1,64,75,0.0,0.1,10,5,0.5,True,42
batch_size,64,51,51,15,0.5160748827638049,0.6804948560893536,0.001,64,4,2,128,0.1,64,75,0.0,0.1,10,5,0.5,True,42
batch_size,64,51,51,16,0.501827617486318,0.6705681532621384,0.001,64,4,2,128,0.1,64,75,0.0,0.1,10,5,0.5,True,42
batch_size,64,52,52,1,0.7000223190495463,0.6721275150775909,0.001,64,4,2,128,0.1,64,75,0.0,0.1,10,5,0.5,True,42
batch_size,64,52,52,2,0.679369307828672,0.6900543831288815,0.001,64,4,2,128,0.1,64,75,0.0,0.1,10,5,0.5,True,42
batch_size,64,52,52,3,0.6690323208317612,0.6587524339556694,0.001,64,4,2,128,0.1,64,75,0.0,0.1,10,5,0.5,True,42
batch_size,64,52,52,4,0.6461559344421733,0.6210399642586708,0.001,64,4,2,128,0.1,64,75,0.0,0.1,10,5,0.5,True,42
batch_size,64,52,52,5,0.6284406889568676,0.6125077269971371,0.001,64,4,2,128,0.1,64,75,0.0,0.1,10,5,0.5,True,42
batch_size,64,52,52,6,0.619063734105139,0.6060417108237743,0.001,64,4,2,128,0.1,64,75,0.0,0.1,10,5,0.5,True,42
batch_size,64,52,52,7,0.6216348165815527,0.6163497418165207,0.001,64,4,2,128,0.1,64,75,0.0,0.1,10,5,0.5,True,42
batch_size,64,52,52,8,0.6065201036857836,0.5969479866325855,0.001,64,4,2,128,0.1,64,75,0.0,0.1,10,5,0.5,True,42
batch_size,64,52,52,9,0.5979082340543921,0.6054616421461105,0.001,64,4,2,128,0.1,64,75,0.0,0.1,10,5,0.5,True,42
batch_size,64,52,52,10,0.5947503926176013,0.6177933625876904,0.001,64,4,2,128,0.1,64,75,0.0,0.1,10,5,0.5,True,42
batch_size,64,52,52,11,0.5806405313990333,0.6384465172886848,0.001,64,4,2,128,0.1,64,75,0.0,0.1,10,5,0.5,True,42
batch_size,64,52,52,12,0.5825353174498586,0.6181528344750404,0.001,64,4,2,128,0.1,64,75,0.0,0.1,10,5,0.5,True,42
batch_size,64,52,52,13,0.5710646641073804,0.6080053597688675,0.001,64,4,2,128,0.1,64,75,0.0,0.1,10,5,0.5,True,42
batch_size,64,52,52,14,0.5514085496013815,0.6416478082537651,0.001,64,4,2,128,0.1,64,75,0.0,0.1,10,5,0.5,True,42
batch_size,64,52,52,15,0.5177722108183485,0.6431815214455128,0.001,64,4,2,128,0.1,64,75,0.0,0.1,10,5,0.5,True,42
batch_size,64,52,52,16,0.5055052218112078,0.6568777933716774,0.001,64,4,2,128,0.1,64,75,0.0,0.1,10,5,0.5,True,42
batch_size,64,52,52,17,0.4908494091395176,0.6888567134737968,0.001,64,4,2,128,0.1,64,75,0.0,0.1,10,5,0.5,True,42
batch_size,64,52,52,18,0.47568792872356647,0.679953396320343,0.001,64,4,2,128,0.1,64,75,0.0,0.1,10,5,0.5,True,42
batch_size,64,53,53,1,0.6828483487620498,0.6503835655748844,0.001,64,4,2,128,0.1,64,75,0.0,0.1,10,5,0.5,True,42
batch_size,64,53,53,2,0.6502555292664152,0.624802328646183,0.001,64,4,2,128,0.1,64,75,0.0,0.1,10,5,0.5,True,42
batch_size,64,53,53,3,0.6372074421608087,0.6199466958642006,0.001,64,4,2,128,0.1,64,75,0.0,0.1,10,5,0.5,True,42
batch_size,64,53,53,4,0.6202260608022864,0.6235603913664818,0.001,64,4,2,128,0.1,64,75,0.0,0.1,10,5,0.5,True,42
batch_size,64,53,53,5,0.622366291103941,0.6591200716793537,0.001,64,4,2,128,0.1,64,75,0.0,0.1,10,5,0.5,True,42
batch_size,64,53,53,6,0.6199936957070322,0.6115725040435791,0.001,64,4,2,128,0.1,64,75,0.0,0.1,10,5,0.5,True,42
batch_size,64,53,53,7,0.5994825435407234,0.5984122566878796,0.001,64,4,2,128,0.1,64,75,0.0,0.1,10,5,0.5,True,42
batch_size,64,53,53,8,0.5938040505756031,0.6219642870128155,0.001,64,4,2,128,0.1,64,75,0.0,0.1,10,5,0.5,True,42
batch_size,64,53,53,9,0.5904122491677603,0.6062905564904213,0.001,64,4,2,128,0.1,64,75,0.0,0.1,10,5,0.5,True,42
batch_size,64,53,53,10,0.5800429790308981,0.6826621368527412,0.001,64,4,2,128,0.1,64,75,0.0,0.1,10,5,0.5,True,42
batch_size,64,53,53,11,0.5716008367863569,0.5953814201056957,0.001,64,4,2,128,0.1,64,75,0.0,0.1,10,5,0.5,True,42
batch_size,64,53,53,12,0.5608689952077288,0.6058846563100815,0.001,64,4,2,128,0.1,64,75,0.0,0.1,10,5,0.5,True,42
batch_size,64,53,53,13,0.5499358669374929,0.6230805404484272,0.001,64,4,2,128,0.1,64,75,0.0,0.1,10,5,0.5,True,42
batch_size,64,53,53,14,0.557337352272236,0.6165068596601486,0.001,64,4,2,128,0.1,64,75,0.0,0.1,10,5,0.5,True,42
batch_size,64,53,53,15,0.5310329162713253,0.6137150973081589,0.001,64,4,2,128,0.1,64,75,0.0,0.1,10,5,0.5,True,42
batch_size,64,53,53,16,0.509505929368915,0.6310978978872299,0.001,64,4,2,128,0.1,64,75,0.0,0.1,10,5,0.5,True,42
batch_size,64,53,53,17,0.5032451780456485,0.625441737473011,0.001,64,4,2,128,0.1,64,75,0.0,0.1,10,5,0.5,True,42
batch_size,64,53,53,18,0.4644122692671689,0.6827218309044838,0.001,64,4,2,128,0.1,64,75,0.0,0.1,10,5,0.5,True,42
batch_size,64,53,53,19,0.44804039642666327,0.7277656830847263,0.001,64,4,2,128,0.1,64,75,0.0,0.1,10,5,0.5,True,42
batch_size,64,53,53,20,0.4270827919244766,0.7300036177039146,0.001,64,4,2,128,0.1,64,75,0.0,0.1,10,5,0.5,True,42
batch_size,64,53,53,21,0.4229193975528081,0.7483557984232903,0.001,64,4,2,128,0.1,64,75,0.0,0.1,10,5,0.5,True,42
batch_size,64,54,54,1,0.6930746092940822,0.6777077913284302,0.001,64,4,2,128,0.1,64,75,0.0,0.1,10,5,0.5,True,42
batch_size,64,54,54,2,0.6773237224781152,0.6546795889735222,0.001,64,4,2,128,0.1,64,75,0.0,0.1,10,5,0.5,True,42
batch_size,64,54,54,3,0.6592522037751747,0.6459248661994934,0.001,64,4,2,128,0.1,64,75,0.0,0.1,10,5,0.5,True,42
batch_size,64,54,54,4,0.6362354258696238,0.7093608193099499,0.001,64,4,2,128,0.1,64,75,0.0,0.1,10,5,0.5,True,42
batch_size,64,54,54,5,0.6318576182379867,0.6197694689035416,0.001,64,4,2,128,0.1,64,75,0.0,0.1,10,5,0.5,True,42
batch_size,64,54,54,6,0.6145476387305693,0.6174448058009148,0.001,64,4,2,128,0.1,64,75,0.0,0.1,10,5,0.5,True,42
batch_size,64,54,54,7,0.6086240988789182,0.6224982067942619,0.001,64,4,2,128,0.1,64,75,0.0,0.1,10,5,0.5,True,42
batch_size,64,54,54,8,0.6056668288779982,0.6284539699554443,0.001,64,4,2,128,0.1,64,75,0.0,0.1,10,5,0.5,True,42
batch_size,64,54,54,9,0.594779733003992,0.5964457914233208,0.001,64,4,2,128,0.1,64,75,0.0,0.1,10,5,0.5,True,42
batch_size,64,54,54,10,0.5901675350738295,0.6308030597865582,0.001,64,4,2,128,0.1,64,75,0.0,0.1,10,5,0.5,True,42
batch_size,64,54,54,11,0.5838102197105234,0.6421179212629795,0.001,64,4,2,128,0.1,64,75,0.0,0.1,10,5,0.5,True,42
batch_size,64,54,54,12,0.5723018632693724,0.6093642637133598,0.001,64,4,2,128,0.1,64,75,0.0,0.1,10,5,0.5,True,42
batch_size,64,54,54,13,0.5688646458315126,0.5961264967918396,0.001,64,4,2,128,0.1,64,75,0.0,0.1,10,5,0.5,True,42
batch_size,64,54,54,14,0.5560472296042875,0.627104863524437,0.001,64,4,2,128,0.1,64,75,0.0,0.1,10,5,0.5,True,42
batch_size,64,54,54,15,0.5446202407280604,0.6059276275336742,0.001,64,4,2,128,0.1,64,75,0.0,0.1,10,5,0.5,True,42
batch_size,64,54,54,16,0.5402264608578249,0.6204453073441982,0.001,64,4,2,128,0.1,64,75,0.0,0.1,10,5,0.5,True,42
batch_size,64,54,54,17,0.5220592897949796,0.6748674288392067,0.001,64,4,2,128,0.1,64,75,0.0,0.1,10,5,0.5,True,42
batch_size,64,54,54,18,0.5071171779524196,0.6224082112312317,0.001,64,4,2,128,0.1,64,75,0.0,0.1,10,5,0.5,True,42
batch_size,64,54,54,19,0.4841053973544728,0.6740771904587746,0.001,64,4,2,128,0.1,64,75,0.0,0.1,10,5,0.5,True,42
batch_size,64,54,54,20,0.45377294132203766,0.718902662396431,0.001,64,4,2,128,0.1,64,75,0.0,0.1,10,5,0.5,True,42
batch_size,64,54,54,21,0.42652239695642935,0.7653208747506142,0.001,64,4,2,128,0.1,64,75,0.0,0.1,10,5,0.5,True,42
batch_size,64,54,54,22,0.40804052804455615,0.6950186565518379,0.001,64,4,2,128,0.1,64,75,0.0,0.1,10,5,0.5,True,42
batch_size,64,54,54,23,0.3929020830176093,0.7619943469762802,0.001,64,4,2,128,0.1,64,75,0.0,0.1,10,5,0.5,True,42
batch_size,64,55,55,1,0.6983036742065892,0.6923675388097763,0.001,64,4,2,128,0.1,64,75,0.0,0.1,10,5,0.5,True,42
batch_size,64,55,55,2,0.6582657559351488,0.6547740995883942,0.001,64,4,2,128,0.1,64,75,0.0,0.1,10,5,0.5,True,42
batch_size,64,55,55,3,0.6372828465519529,0.6378328762948513,0.001,64,4,2,128,0.1,64,75,0.0,0.1,10,5,0.5,True,42
batch_size,64,55,55,4,0.6284798681735992,0.6483804956078529,0.001,64,4,2,128,0.1,64,75,0.0,0.1,10,5,0.5,True,42
batch_size,64,55,55,5,0.6252922551198439,0.6120294257998466,0.001,64,4,2,128,0.1,64,75,0.0,0.1,10,5,0.5,True,42
batch_size,64,55,55,6,0.6037416647781025,0.6386448666453362,0.001,64,4,2,128,0.1,64,75,0.0,0.1,10,5,0.5,True,42
batch_size,64,55,55,7,0.608348958420031,0.5977773740887642,0.001,64,4,2,128,0.1,64,75,0.0,0.1,10,5,0.5,True,42
batch_size,64,55,55,8,0.594413801576152,0.6018405817449093,0.001,64,4,2,128,0.1,64,75,0.0,0.1,10,5,0.5,True,42
batch_size,64,55,55,9,0.5905945088827249,0.6060494855046272,0.001,64,4,2,128,0.1,64,75,0.0,0.1,10,5,0.5,True,42
batch_size,64,55,55,10,0.575497871095484,0.5879310816526413,0.001,64,4,2,128,0.1,64,75,0.0,0.1,10,5,0.5,True,42
batch_size,64,55,55,11,0.5629102953455665,0.601622462272644,0.001,64,4,2,128,0.1,64,75,0.0,0.1,10,5,0.5,True,42
batch_size,64,55,55,12,0.5585672774098136,0.6150405555963516,0.001,64,4,2,128,0.1,64,75,0.0,0.1,10,5,0.5,True,42
batch_size,64,55,55,13,0.5455547069961374,0.6319706961512566,0.001,64,4,2,128,0.1,64,75,0.0,0.1,10,5,0.5,True,42
batch_size,64,55,55,14,0.5285483165220781,0.7129060104489326,0.001,64,4,2,128,0.1,64,75,0.0,0.1,10,5,0.5,True,42
batch_size,64,55,55,15,0.513984046199105,0.6663673967123032,0.001,64,4,2,128,0.1,64,75,0.0,0.1,10,5,0.5,True,42
batch_size,64,55,55,16,0.5001062407638087,0.6068634949624538,0.001,64,4,2,128,0.1,64,75,0.0,0.1,10,5,0.5,True,42
batch_size,64,55,55,17,0.457018107175827,0.6789841875433922,0.001,64,4,2,128,0.1,64,75,0.0,0.1,10,5,0.5,True,42
batch_size,64,55,55,18,0.4331448335539211,0.7483923807740211,0.001,64,4,2,128,0.1,64,75,0.0,0.1,10,5,0.5,True,42
batch_size,64,55,55,19,0.42619509994983673,0.6777464859187603,0.001,64,4,2,128,0.1,64,75,0.0,0.1,10,5,0.5,True,42
batch_size,64,55,55,20,0.39527741300337244,0.8127231374382973,0.001,64,4,2,128,0.1,64,75,0.0,0.1,10,5,0.5,True,42
batch_size,64,56,56,1,0.7007109441540458,0.6808610633015633,0.001,64,4,2,128,0.1,64,75,0.0,0.1,10,5,0.5,True,42
batch_size,64,56,56,2,0.6717051502430078,0.6544991508126259,0.001,64,4,2,128,0.1,64,75,0.0,0.1,10,5,0.5,True,42
batch_size,64,56,56,3,0.6595011633453947,0.6437786854803562,0.001,64,4,2,128,0.1,64,75,0.0,0.1,10,5,0.5,True,42
batch_size,64,56,56,4,0.6320666435993079,0.626996360719204,0.001,64,4,2,128,0.1,64,75,0.0,0.1,10,5,0.5,True,42
batch_size,64,56,56,5,0.6226212824835922,0.6487439237535,0.001,64,4,2,128,0.1,64,75,0.0,0.1,10,5,0.5,True,42
batch_size,64,56,56,6,0.625285680546905,0.6187347583472729,0.001,64,4,2,128,0.1,64,75,0.0,0.1,10,5,0.5,True,42
batch_size,64,56,56,7,0.6072846533674182,0.611555453389883,0.001,64,4,2,128,0.1,64,75,0.0,0.1,10,5,0.5,True,42
batch_size,64,56,56,8,0.6109192439100959,0.6277114823460579,0.001,64,4,2,128,0.1,64,75,0.0,0.1,10,5,0.5,True,42
batch_size,64,56,56,9,0.5899659973202329,0.640254408121109,0.001,64,4,2,128,0.1,64,75,0.0,0.1,10,5,0.5,True,42
batch_size,64,56,56,10,0.5794914152586099,0.6133222356438637,0.001,64,4,2,128,0.1,64,75,0.0,0.1,10,5,0.5,True,42
batch_size,64,56,56,11,0.5789772114067366,0.6247269995510578,0.001,64,4,2,128,0.1,64,75,0.0,0.1,10,5,0.5,True,42
batch_size,64,56,56,12,0.5633231135028781,0.6249181814491749,0.001,64,4,2,128,0.1,64,75,0.0,0.1,10,5,0.5,True,42
batch_size,64,56,56,13,0.5422776960062258,0.6181573942303658,0.001,64,4,2,128,0.1,64,75,0.0,0.1,10,5,0.5,True,42
batch_size,64,56,56,14,0.5097719932144339,0.6561958864331245,0.001,64,4,2,128,0.1,64,75,0.0,0.1,10,5,0.5,True,42
batch_size,64,56,56,15,0.49823872474106873,0.7228976264595985,0.001,64,4,2,128,0.1,64,75,0.0,0.1,10,5,0.5,True,42
batch_size,64,56,56,16,0.48626054191228113,0.665861040353775,0.001,64,4,2,128,0.1,64,75,0.0,0.1,10,5,0.5,True,42
batch_size,64,56,56,17,0.4670436310045647,0.7313936799764633,0.001,64,4,2,128,0.1,64,75,0.0,0.1,10,5,0.5,True,42
batch_size,64,57,57,1,0.6986818530342795,0.6942854970693588,0.001,64,4,2,128,0.1,64,75,0.0,0.1,10,5,0.5,True,42
batch_size,64,57,57,2,0.6741372328816038,0.6560516506433487,0.001,64,4,2,128,0.1,64,75,0.0,0.1,10,5,0.5,True,42
batch_size,64,57,57,3,0.6645981859077107,0.6656799539923668,0.001,64,4,2,128,0.1,64,75,0.0,0.1,10,5,0.5,True,42
batch_size,64,57,57,4,0.6509774498867266,0.6301273629069328,0.001,64,4,2,128,0.1,64,75,0.0,0.1,10,5,0.5,True,42
batch_size,64,57,57,5,0.6381195946173235,0.6133784651756287,0.001,64,4,2,128,0.1,64,75,0.0,0.1,10,5,0.5,True,42
batch_size,64,57,57,6,0.6236646247632576,0.6774314194917679,0.001,64,4,2,128,0.1,64,75,0.0,0.1,10,5,0.5,True,42
batch_size,64,57,57,7,0.6201157560854247,0.6246959082782269,0.001,64,4,2,128,0.1,64,75,0.0,0.1,10,5,0.5,True,42
batch_size,64,57,57,8,0.6066066776261185,0.6057290509343147,0.001,64,4,2,128,0.1,64,75,0.0,0.1,10,5,0.5,True,42
batch_size,64,57,57,9,0.6065953834490343,0.6109172329306602,0.001,64,4,2,128,0.1,64,75,0.0,0.1,10,5,0.5,True,42
batch_size,64,57,57,10,0.5925744094631888,0.6731206774711609,0.001,64,4,2,128,0.1,64,75,0.0,0.1,10,5,0.5,True,42
batch_size,64,57,57,11,0.5756403528379671,0.6195709444582462,0.001,64,4,2,128,0.1,64,75,0.0,0.1,10,5,0.5,True,42
batch_size,64,57,57,12,0.5647029939926032,0.6113014221191406,0.001,64,4,2,128,0.1,64,75,0.0,0.1,10,5,0.5,True,42
batch_size,64,57,57,13,0.549397786006783,0.6201280280947685,0.001,64,4,2,128,0.1,64,75,0.0,0.1,10,5,0.5,True,42
batch_size,64,57,57,14,0.5364496725978274,0.6357276737689972,0.001,64,4,2,128,0.1,64,75,0.0,0.1,10,5,0.5,True,42
batch_size,64,57,57,15,0.49554007974537934,0.6957307159900665,0.001,64,4,2,128,0.1,64,75,0.0,0.1,10,5,0.5,True,42
batch_size,64,57,57,16,0.4749770634102099,0.7053168341517448,0.001,64,4,2,128,0.1,64,75,0.0,0.1,10,5,0.5,True,42
batch_size,64,57,57,17,0.46274663598248456,0.7147408686578274,0.001,64,4,2,128,0.1,64,75,0.0,0.1,10,5,0.5,True,42
batch_size,64,57,57,18,0.4427068418625629,0.7513186112046242,0.001,64,4,2,128,0.1,64,75,0.0,0.1,10,5,0.5,True,42
batch_size,64,58,58,1,0.6970576725222848,0.6783450990915298,0.001,64,4,2,128,0.1,64,75,0.0,0.1,10,5,0.5,True,42
batch_size,64,58,58,2,0.6707013267459292,0.6460138857364655,0.001,64,4,2,128,0.1,64,75,0.0,0.1,10,5,0.5,True,42
batch_size,64,58,58,3,0.6443776325746016,0.6298319771885872,0.001,64,4,2,128,0.1,64,75,0.0,0.1,10,5,0.5,True,42
batch_size,64,58,58,4,0.6437432883363782,0.6067318320274353,0.001,64,4,2,128,0.1,64,75,0.0,0.1,10,5,0.5,True,42
batch_size,64,58,58,5,0.6161738507675402,0.6175588443875313,0.001,64,4,2,128,0.1,64,75,0.0,0.1,10,5,0.5,True,42
batch_size,64,58,58,6,0.6127364080060612,0.5950566455721855,0.001,64,4,2,128,0.1,64,75,0.0,0.1,10,5,0.5,True,42
batch_size,64,58,58,7,0.6087407198819247,0.6265796236693859,0.001,64,4,2,128,0.1,64,75,0.0,0.1,10,5,0.5,True,42
batch_size,64,58,58,8,0.6009869146527667,0.6204216405749321,0.001,64,4,2,128,0.1,64,75,0.0,0.1,10,5,0.5,True,42
batch_size,64,58,58,9,0.5866424030426777,0.595367256551981,0.001,64,4,2,128,0.1,64,75,0.0,0.1,10,5,0.5,True,42
batch_size,64,58,58,10,0.5766553318861759,0.6050515845417976,0.001,64,4,2,128,0.1,64,75,0.0,0.1,10,5,0.5,True,42
batch_size,64,58,58,11,0.5730511677084547,0.586570031940937,0.001,64,4,2,128,0.1,64,75,0.0,0.1,10,5,0.5,True,42
batch_size,64,58,58,12,0.5604865415529772,0.6232614628970623,0.001,64,4,2,128,0.1,64,75,0.0,0.1,10,5,0.5,True,42
batch_size,64,58,58,13,0.5532228309999813,0.6153151728212833,0.001,64,4,2,128,0.1,64,75,0.0,0.1,10,5,0.5,True,42
batch_size,64,58,58,14,0.5321739934610598,0.6254805773496628,0.001,64,4,2,128,0.1,64,75,0.0,0.1,10,5,0.5,True,42
batch_size,64,58,58,15,0.5212485898624767,0.625608466565609,0.001,64,4,2,128,0.1,64,75,0.0,0.1,10,5,0.5,True,42
batch_size,64,58,58,16,0.5062858150763945,0.6668468937277794,0.001,64,4,2,128,0.1,64,75,0.0,0.1,10,5,0.5,True,42
batch_size,64,58,58,17,0.49528139558705414,0.6682397909462452,0.001,64,4,2,128,0.1,64,75,0.0,0.1,10,5,0.5,True,42
batch_size,64,58,58,18,0.44489154174472345,0.6987736597657204,0.001,64,4,2,128,0.1,64,75,0.0,0.1,10,5,0.5,True,42
batch_size,64,58,58,19,0.4224873392870932,0.7280332148075104,0.001,64,4,2,128,0.1,64,75,0.0,0.1,10,5,0.5,True,42
batch_size,64,58,58,20,0.3990810527042909,0.7990945801138878,0.001,64,4,2,128,0.1,64,75,0.0,0.1,10,5,0.5,True,42
batch_size,64,58,58,21,0.3914378149942918,0.7775020897388458,0.001,64,4,2,128,0.1,64,75,0.0,0.1,10,5,0.5,True,42
batch_size,64,59,59,1,0.7028180153080912,0.6993196457624435,0.001,64,4,2,128,0.1,64,75,0.0,0.1,10,5,0.5,True,42
batch_size,64,59,59,2,0.6724057098229727,0.6701052337884903,0.001,64,4,2,128,0.1,64,75,0.0,0.1,10,5,0.5,True,42
batch_size,64,59,59,3,0.6614228270270608,0.6256916597485542,0.001,64,4,2,128,0.1,64,75,0.0,0.1,10,5,0.5,True,42
batch_size,64,59,59,4,0.6465963387128079,0.675632331520319,0.001,64,4,2,128,0.1,64,75,0.0,0.1,10,5,0.5,True,42
batch_size,64,59,59,5,0.6291843165050853,0.6205084249377251,0.001,64,4,2,128,0.1,64,75,0.0,0.1,10,5,0.5,True,42
batch_size,64,59,59,6,0.6074941420193875,0.6322135403752327,0.001,64,4,2,128,0.1,64,75,0.0,0.1,10,5,0.5,True,42
batch_size,64,59,59,7,0.6085913090994863,0.6148936077952385,0.001,64,4,2,128,0.1,64,75,0.0,0.1,10,5,0.5,True,42
batch_size,64,59,59,8,0.5928691553347039,0.6301744878292084,0.001,64,4,2,128,0.1,64,75,0.0,0.1,10,5,0.5,True,42
batch_size,64,59,59,9,0.5897955108772625,0.6335362754762173,0.001,64,4,2,128,0.1,64,75,0.0,0.1,10,5,0.5,True,42
batch_size,64,59,59,10,0.5757852706945303,0.6113736890256405,0.001,64,4,2,128,0.1,64,75,0.0,0.1,10,5,0.5,True,42
batch_size,64,59,59,11,0.5593488356380751,0.6324247978627682,0.001,64,4,2,128,0.1,64,75,0.0,0.1,10,5,0.5,True,42
batch_size,64,59,59,12,0.5479674705050208,0.6398211643099785,0.001,64,4,2,128,0.1,64,75,0.0,0.1,10,5,0.5,True,42
batch_size,64,59,59,13,0.5389503755352714,0.6596184745430946,0.001,64,4,2,128,0.1,64,75,0.0,0.1,10,5,0.5,True,42
batch_size,64,59,59,14,0.5290602513334968,0.638625007122755,0.001,64,4,2,128,0.1,64,75,0.0,0.1,10,5,0.5,True,42
batch_size,64,59,59,15,0.516051861372861,0.675423838198185,0.001,64,4,2,128,0.1,64,75,0.0,0.1,10,5,0.5,True,42
batch_size,64,59,59,16,0.5037081589301428,0.6856721565127373,0.001,64,4,2,128,0.1,64,75,0.0,0.1,10,5,0.5,True,42
batch_size,64,59,59,17,0.4663039942582448,0.7429455444216728,0.001,64,4,2,128,0.1,64,75,0.0,0.1,10,5,0.5,True,42
batch_size,64,59,59,18,0.4425130102670554,0.732592411339283,0.001,64,4,2,128,0.1,64,75,0.0,0.1,10,5,0.5,True,42
batch_size,64,59,59,19,0.4438677655928063,0.8085106909275055,0.001,64,4,2,128,0.1,64,75,0.0,0.1,10,5,0.5,True,42
batch_size,64,59,59,20,0.42908385757243994,0.7707714438438416,0.001,64,4,2,128,0.1,64,75,0.0,0.1,10,5,0.5,True,42
batch_size,64,60,60,1,0.6941897444652788,0.6762776523828506,0.001,64,4,2,128,0.1,64,75,0.0,0.1,10,5,0.5,True,42
batch_size,64,60,60,2,0.6727143363519148,0.7495579980313778,0.001,64,4,2,128,0.1,64,75,0.0,0.1,10,5,0.5,True,42
batch_size,64,60,60,3,0.6559701300028599,0.6289932131767273,0.001,64,4,2,128,0.1,64,75,0.0,0.1,10,5,0.5,True,42
batch_size,64,60,60,4,0.6361711223920187,0.6186802312731743,0.001,64,4,2,128,0.1,64,75,0.0,0.1,10,5,0.5,True,42
batch_size,64,60,60,5,0.6408215282541333,0.6665156148374081,0.001,64,4,2,128,0.1,64,75,0.0,0.1,10,5,0.5,True,42
batch_size,64,60,60,6,0.6158439643455275,0.6189544200897217,0.001,64,4,2,128,0.1,64,75,0.0,0.1,10,5,0.5,True,42
batch_size,64,60,60,7,0.6165686475508141,0.6314509361982346,0.001,64,4,2,128,0.1,64,75,0.0,0.1,10,5,0.5,True,42
batch_size,64,60,60,8,0.599624619791002,0.6140532232820988,0.001,64,4,2,128,0.1,64,75,0.0,0.1,10,5,0.5,True,42
batch_size,64,60,60,9,0.6069094358068524,0.6097478270530701,0.001,64,4,2,128,0.1,64,75,0.0,0.1,10,5,0.5,True,42
batch_size,64,60,60,10,0.5891114410125848,0.6011823117733002,0.001,64,4,2,128,0.1,64,75,0.0,0.1,10,5,0.5,True,42
batch_size,64,60,60,11,0.5805426650878155,0.6088464334607124,0.001,64,4,2,128,0.1,64,75,0.0,0.1,10,5,0.5,True,42
batch_size,64,60,60,12,0.5713839282592138,0.6281478330492973,0.001,64,4,2,128,0.1,64,75,0.0,0.1,10,5,0.5,True,42
batch_size,64,60,60,13,0.5611384014288584,0.6415904201567173,0.001,64,4,2,128,0.1,64,75,0.0,0.1,10,5,0.5,True,42
batch_size,64,60,60,14,0.5613178701111765,0.6147705353796482,0.001,64,4,2,128,0.1,64,75,0.0,0.1,10,5,0.5,True,42
batch_size,64,60,60,15,0.5326076691800897,0.6021061316132545,0.001,64,4,2,128,0.1,64,75,0.0,0.1,10,5,0.5,True,42
batch_size,64,60,60,16,0.5063629674189019,0.6352686136960983,0.001,64,4,2,128,0.1,64,75,0.0,0.1,10,5,0.5,True,42
batch_size,64,60,60,17,0.4635890970627467,0.6600698232650757,0.001,64,4,2,128,0.1,64,75,0.0,0.1,10,5,0.5,True,42
batch_size,64,60,60,18,0.4416334755492933,0.6842709146440029,0.001,64,4,2,128,0.1,64,75,0.0,0.1,10,5,0.5,True,42
batch_size,64,60,60,19,0.42932288100322086,0.7356829941272736,0.001,64,4,2,128,0.1,64,75,0.0,0.1,10,5,0.5,True,42
batch_size,64,60,60,20,0.40642432236310205,0.7562316730618477,0.001,64,4,2,128,0.1,64,75,0.0,0.1,10,5,0.5,True,42
batch_size,64,61,61,1,0.6942898712374947,0.6819187849760056,0.001,64,4,2,128,0.1,64,75,0.0,0.1,10,5,0.5,True,42
batch_size,64,61,61,2,0.6604751032410245,0.6420368552207947,0.001,64,4,2,128,0.1,64,75,0.0,0.1,10,5,0.5,True,42
batch_size,64,61,61,3,0.6439039047920343,0.6184399053454399,0.001,64,4,2,128,0.1,64,75,0.0,0.1,10,5,0.5,True,42
batch_size,64,61,61,4,0.6222571577086593,0.6194126196205616,0.001,64,4,2,128,0.1,64,75,0.0,0.1,10,5,0.5,True,42
batch_size,64,61,61,5,0.6137740955208287,0.5984915196895599,0.001,64,4,2,128,0.1,64,75,0.0,0.1,10,5,0.5,True,42
batch_size,64,61,61,6,0.6009055732777624,0.6184477731585503,0.001,64,4,2,128,0.1,64,75,0.0,0.1,10,5,0.5,True,42
batch_size,64,61,61,7,0.5910637202587995,0.6149390786886215,0.001,64,4,2,128,0.1,64,75,0.0,0.1,10,5,0.5,True,42
batch_size,64,61,61,8,0.5867727462089423,0.6196365207433701,0.001,64,4,2,128,0.1,64,75,0.0,0.1,10,5,0.5,True,42
batch_size,64,61,61,9,0.5739322891741088,0.6189398691058159,0.001,64,4,2,128,0.1,64,75,0.0,0.1,10,5,0.5,True,42
batch_size,64,61,61,10,0.5630418929186735,0.6381301134824753,0.001,64,4,2,128,0.1,64,75,0.0,0.1,10,5,0.5,True,42
batch_size,64,61,61,11,0.5630707104097713,0.7034174539148808,0.001,64,4,2,128,0.1,64,75,0.0,0.1,10,5,0.5,True,42
batch_size,64,61,61,12,0.5313525041847518,0.6614862009882927,0.001,64,4,2,128,0.1,64,75,0.0,0.1,10,5,0.5,True,42
batch_size,64,61,61,13,0.5147667653632887,0.6818336024880409,0.001,64,4,2,128,0.1,64,75,0.0,0.1,10,5,0.5,True,42
batch_size,64,61,61,14,0.5066791361931599,0.6970235332846642,0.001,64,4,2,128,0.1,64,75,0.0,0.1,10,5,0.5,True,42
batch_size,64,61,61,15,0.4954805319959467,0.7144630067050457,0.001,64,4,2,128,0.1,64,75,0.0,0.1,10,5,0.5,True,42
batch_size,64,62,62,1,0.6962184969222907,0.679908961057663,0.001,64,4,2,128,0.1,64,75,0.0,0.1,10,5,0.5,True,42
batch_size,64,62,62,2,0.6778345216404308,0.6852121651172638,0.001,64,4,2,128,0.1,64,75,0.0,0.1,10,5,0.5,True,42
batch_size,64,62,62,3,0.6534093627423951,0.6861302927136421,0.001,64,4,2,128,0.1,64,75,0.0,0.1,10,5,0.5,True,42
batch_size,64,62,62,4,0.6402531853227904,0.6410236954689026,0.001,64,4,2,128,0.1,64,75,0.0,0.1,10,5,0.5,True,42
batch_size,64,62,62,5,0.6333084287065448,0.6483833752572536,0.001,64,4,2,128,0.1,64,75,0.0,0.1,10,5,0.5,True,42
batch_size,64,62,62,6,0.6273925611467073,0.6586507484316826,0.001,64,4,2,128,0.1,64,75,0.0,0.1,10,5,0.5,True,42
batch_size,64,62,62,7,0.6228028364253767,0.6396459825336933,0.001,64,4,2,128,0.1,64,75,0.0,0.1,10,5,0.5,True,42
batch_size,64,62,62,8,0.6030157172318661,0.6349548548460007,0.001,64,4,2,128,0.1,64,75,0.0,0.1,10,5,0.5,True,42
batch_size,64,62,62,9,0.6008259089607181,0.6115260496735573,0.001,64,4,2,128,0.1,64,75,0.0,0.1,10,5,0.5,True,42
batch_size,64,62,62,10,0.6084706322713331,0.6228925958275795,0.001,64,4,2,128,0.1,64,75,0.0,0.1,10,5,0.5,True,42
batch_size,64,62,62,11,0.5813993513584137,0.6198543682694435,0.001,64,4,2,128,0.1,64,75,0.0,0.1,10,5,0.5,True,42
batch_size,64,62,62,12,0.572675266049125,0.6234727576375008,0.001,64,4,2,128,0.1,64,75,0.0,0.1,10,5,0.5,True,42
batch_size,64,62,62,13,0.5713096513892665,0.6468266062438488,0.001,64,4,2,128,0.1,64,75,0.0,0.1,10,5,0.5,True,42
batch_size,64,62,62,14,0.5557748526334763,0.6353008188307285,0.001,64,4,2,128,0.1,64,75,0.0,0.1,10,5,0.5,True,42
batch_size,64,62,62,15,0.5454998314380646,0.6391748338937759,0.001,64,4,2,128,0.1,64,75,0.0,0.1,10,5,0.5,True,42
batch_size,64,62,62,16,0.5169432492870273,0.659063071012497,0.001,64,4,2,128,0.1,64,75,0.0,0.1,10,5,0.5,True,42
batch_size,64,62,62,17,0.5030588701818929,0.6858152411878109,0.001,64,4,2,128,0.1,64,75,0.0,0.1,10,5,0.5,True,42
batch_size,64,62,62,18,0.4840849023876768,0.6697961837053299,0.001,64,4,2,128,0.1,64,75,0.0,0.1,10,5,0.5,True,42
batch_size,64,62,62,19,0.4750476533716375,0.7150852270424366,0.001,64,4,2,128,0.1,64,75,0.0,0.1,10,5,0.5,True,42
batch_size,64,63,63,1,0.7028655482060981,0.6827454194426537,0.001,64,4,2,128,0.1,64,75,0.0,0.1,10,5,0.5,True,42
batch_size,64,63,63,2,0.6751854076529994,0.6514583975076675,0.001,64,4,2,128,0.1,64,75,0.0,0.1,10,5,0.5,True,42
batch_size,64,63,63,3,0.6444004647659533,0.6345551982522011,0.001,64,4,2,128,0.1,64,75,0.0,0.1,10,5,0.5,True,42
batch_size,64,63,63,4,0.6218271192276117,0.6076702401041985,0.001,64,4,2,128,0.1,64,75,0.0,0.1,10,5,0.5,True,42
batch_size,64,63,63,5,0.6066359733090256,0.6169625520706177,0.001,64,4,2,128,0.1,64,75,0.0,0.1,10,5,0.5,True,42
batch_size,64,63,63,6,0.6096213947642933,0.610445111989975,0.001,64,4,2,128,0.1,64,75,0.0,0.1,10,5,0.5,True,42
batch_size,64,63,63,7,0.5981318173986493,0.6020330041646957,0.001,64,4,2,128,0.1,64,75,0.0,0.1,10,5,0.5,True,42
batch_size,64,63,63,8,0.5788378390398893,0.6142182126641273,0.001,64,4,2,128,0.1,64,75,0.0,0.1,10,5,0.5,True,42
batch_size,64,63,63,9,0.5754917160128102,0.6188009008765221,0.001,64,4,2,128,0.1,64,75,0.0,0.1,10,5,0.5,True,42
batch_size,64,63,63,10,0.5781712500434933,0.6260602287948132,0.001,64,4,2,128,0.1,64,75,0.0,0.1,10,5,0.5,True,42
batch_size,64,63,63,11,0.5614238914215204,0.7005401439964771,0.001,64,4,2,128,0.1,64,75,0.0,0.1,10,5,0.5,True,42
batch_size,64,63,63,12,0.5323710992480769,0.673613153398037,0.001,64,4,2,128,0.1,64,75,0.0,0.1,10,5,0.5,True,42
batch_size,64,63,63,13,0.5264760350639169,0.7237594313919544,0.001,64,4,2,128,0.1,64,75,0.0,0.1,10,5,0.5,True,42
batch_size,64,63,63,14,0.49495611001144757,0.6718619391322136,0.001,64,4,2,128,0.1,64,75,0.0,0.1,10,5,0.5,True,42
batch_size,64,63,63,15,0.47130736392555816,0.6752636432647705,0.001,64,4,2,128,0.1,64,75,0.0,0.1,10,5,0.5,True,42
batch_size,64,63,63,16,0.4563056280215581,0.7644095495343208,0.001,64,4,2,128,0.1,64,75,0.0,0.1,10,5,0.5,True,42
batch_size,64,63,63,17,0.4724088947881352,0.7196140140295029,0.001,64,4,2,128,0.1,64,75,0.0,0.1,10,5,0.5,True,42
batch_size,64,64,64,1,0.7023960740277262,0.683382049202919,0.001,64,4,2,128,0.1,64,75,0.0,0.1,10,5,0.5,True,42
batch_size,64,64,64,2,0.6752140774871364,0.6594768092036247,0.001,64,4,2,128,0.1,64,75,0.0,0.1,10,5,0.5,True,42
batch_size,64,64,64,3,0.6431996876543219,0.6325813755393028,0.001,64,4,2,128,0.1,64,75,0.0,0.1,10,5,0.5,True,42
batch_size,64,64,64,4,0.6277370046485554,0.6794573664665222,0.001,64,4,2,128,0.1,64,75,0.0,0.1,10,5,0.5,True,42
batch_size,64,64,64,5,0.6260338524977366,0.6689076498150826,0.001,64,4,2,128,0.1,64,75,0.0,0.1,10,5,0.5,True,42
batch_size,64,64,64,6,0.6152247362064592,0.617965180426836,0.001,64,4,2,128,0.1,64,75,0.0,0.1,10,5,0.5,True,42
batch_size,64,64,64,7,0.6051085130734877,0.6305244974792004,0.001,64,4,2,128,0.1,64,75,0.0,0.1,10,5,0.5,True,42
batch_size,64,64,64,8,0.5914863600875392,0.718235969543457,0.001,64,4,2,128,0.1,64,75,0.0,0.1,10,5,0.5,True,42
batch_size,64,64,64,9,0.5824263813820753,0.6231684125959873,0.001,64,4,2,128,0.1,64,75,0.0,0.1,10,5,0.5,True,42
batch_size,64,64,64,10,0.5772915256745887,0.6530370526015759,0.001,64,4,2,128,0.1,64,75,0.0,0.1,10,5,0.5,True,42
batch_size,64,64,64,11,0.5658299299803647,0.6567815579473972,0.001,64,4,2,128,0.1,64,75,0.0,0.1,10,5,0.5,True,42
batch_size,64,64,64,12,0.5621746823643193,0.6353476382791996,0.001,64,4,2,128,0.1,64,75,0.0,0.1,10,5,0.5,True,42
batch_size,64,64,64,13,0.5194091927824598,0.6574021689593792,0.001,64,4,2,128,0.1,64,75,0.0,0.1,10,5,0.5,True,42
batch_size,64,64,64,14,0.52346448329362,0.6972532756626606,0.001,64,4,2,128,0.1,64,75,0.0,0.1,10,5,0.5,True,42
batch_size,64,64,64,15,0.49018247154625977,0.7347195744514465,0.001,64,4,2,128,0.1,64,75,0.0,0.1,10,5,0.5,True,42
batch_size,64,64,64,16,0.49035308442332526,0.7006088308990002,0.001,64,4,2,128,0.1,64,75,0.0,0.1,10,5,0.5,True,42
batch_size,64,65,65,1,0.7028846063397147,0.664756141602993,0.001,64,4,2,128,0.1,64,75,0.0,0.1,10,5,0.5,True,42
batch_size,64,65,65,2,0.6732670005523798,0.6612153276801109,0.001,64,4,2,128,0.1,64,75,0.0,0.1,10,5,0.5,True,42
batch_size,64,65,65,3,0.6544687043536793,0.6233334168791771,0.001,64,4,2,128,0.1,64,75,0.0,0.1,10,5,0.5,True,42
batch_size,64,65,65,4,0.6428296331203345,0.6646980531513691,0.001,64,4,2,128,0.1,64,75,0.0,0.1,10,5,0.5,True,42
batch_size,64,65,65,5,0.6272991263505184,0.6338851489126682,0.001,64,4,2,128,0.1,64,75,0.0,0.1,10,5,0.5,True,42
batch_size,64,65,65,6,0.6162473026550177,0.6253207176923752,0.001,64,4,2,128,0.1,64,75,0.0,0.1,10,5,0.5,True,42
batch_size,64,65,65,7,0.6046811676386631,0.6113224849104881,0.001,64,4,2,128,0.1,64,75,0.0,0.1,10,5,0.5,True,42
batch_size,64,65,65,8,0.6042113954370673,0.613488607108593,0.001,64,4,2,128,0.1,64,75,0.0,0.1,10,5,0.5,True,42
batch_size,64,65,65,9,0.5911468131975695,0.657094206660986,0.001,64,4,2,128,0.1,64,75,0.0,0.1,10,5,0.5,True,42
batch_size,64,65,65,10,0.5964235383452792,0.6018981970846653,0.001,64,4,2,128,0.1,64,75,0.0,0.1,10,5,0.5,True,42
batch_size,64,65,65,11,0.5791956795887514,0.6227813586592674,0.001,64,4,2,128,0.1,64,75,0.0,0.1,10,5,0.5,True,42
batch_size,64,65,65,12,0.5725775993231571,0.6281594894826412,0.001,64,4,2,128,0.1,64,75,0.0,0.1,10,5,0.5,True,42
batch_size,64,65,65,13,0.5709470031839429,0.6570060923695564,0.001,64,4,2,128,0.1,64,75,0.0,0.1,10,5,0.5,True,42
batch_size,64,65,65,14,0.5563044557065675,0.6220084503293037,0.001,64,4,2,128,0.1,64,75,0.0,0.1,10,5,0.5,True,42
batch_size,64,65,65,15,0.5458582057194277,0.6352926790714264,0.001,64,4,2,128,0.1,64,75,0.0,0.1,10,5,0.5,True,42
batch_size,64,65,65,16,0.5297232934019782,0.649628184735775,0.001,64,4,2,128,0.1,64,75,0.0,0.1,10,5,0.5,True,42
batch_size,64,65,65,17,0.5003444868506808,0.6642316058278084,0.001,64,4,2,128,0.1,64,75,0.0,0.1,10,5,0.5,True,42
batch_size,64,65,65,18,0.4798957407474518,0.7224504388868809,0.001,64,4,2,128,0.1,64,75,0.0,0.1,10,5,0.5,True,42
batch_size,64,65,65,19,0.4666994972662492,0.6693505272269249,0.001,64,4,2,128,0.1,64,75,0.0,0.1,10,5,0.5,True,42
batch_size,64,65,65,20,0.44616649638522754,0.7347535006701946,0.001,64,4,2,128,0.1,64,75,0.0,0.1,10,5,0.5,True,42
batch_size,64,66,66,1,0.6920694483048988,0.6782783195376396,0.001,64,4,2,128,0.1,64,75,0.0,0.1,10,5,0.5,True,42
batch_size,64,66,66,2,0.666516801624587,0.6621354445815086,0.001,64,4,2,128,0.1,64,75,0.0,0.1,10,5,0.5,True,42
batch_size,64,66,66,3,0.6594023487784646,0.6919655278325081,0.001,64,4,2,128,0.1,64,75,0.0,0.1,10,5,0.5,True,42
batch_size,64,66,66,4,0.6349725533615459,0.6383139342069626,0.001,64,4,2,128,0.1,64,75,0.0,0.1,10,5,0.5,True,42
batch_size,64,66,66,5,0.6314278768770623,0.6939312219619751,0.001,64,4,2,128,0.1,64,75,0.0,0.1,10,5,0.5,True,42
batch_size,64,66,66,6,0.6289998509667136,0.6422878429293633,0.001,64,4,2,128,0.1,64,75,0.0,0.1,10,5,0.5,True,42
batch_size,64,66,66,7,0.6197851291208556,0.6368144974112511,0.001,64,4,2,128,0.1,64,75,0.0,0.1,10,5,0.5,True,42
batch_size,64,66,66,8,0.6157250860423753,0.6816643476486206,0.001,64,4,2,128,0.1,64,75,0.0,0.1,10,5,0.5,True,42
batch_size,64,66,66,9,0.5985241107868425,0.633785292506218,0.001,64,4,2,128,0.1,64,75,0.0,0.1,10,5,0.5,True,42
batch_size,64,66,66,10,0.5869609153631962,0.68367525562644,0.001,64,4,2,128,0.1,64,75,0.0,0.1,10,5,0.5,True,42
batch_size,64,66,66,11,0.5791179781610315,0.6405881382524967,0.001,64,4,2,128,0.1,64,75,0.0,0.1,10,5,0.5,True,42
batch_size,64,66,66,12,0.5608013502576135,0.683934573084116,0.001,64,4,2,128,0.1,64,75,0.0,0.1,10,5,0.5,True,42
batch_size,64,66,66,13,0.5564778578100782,0.6894846633076668,0.001,64,4,2,128,0.1,64,75,0.0,0.1,10,5,0.5,True,42
batch_size,64,66,66,14,0.5501868882865617,0.6734341569244862,0.001,64,4,2,128,0.1,64,75,0.0,0.1,10,5,0.5,True,42
batch_size,64,66,66,15,0.5401683300733566,0.6879592537879944,0.001,64,4,2,128,0.1,64,75,0.0,0.1,10,5,0.5,True,42
batch_size,64,66,66,16,0.5081359739556457,0.701916828751564,0.001,64,4,2,128,0.1,64,75,0.0,0.1,10,5,0.5,True,42
batch_size,64,66,66,17,0.48967571195327875,0.7538121566176414,0.001,64,4,2,128,0.1,64,75,0.0,0.1,10,5,0.5,True,42
batch_size,64,66,66,18,0.46388919606353296,0.7337939888238907,0.001,64,4,2,128,0.1,64,75,0.0,0.1,10,5,0.5,True,42
batch_size,64,66,66,19,0.447739607908509,0.778971754014492,0.001,64,4,2,128,0.1,64,75,0.0,0.1,10,5,0.5,True,42
batch_size,64,67,67,1,0.6946239200505343,0.7068943530321121,0.001,64,4,2,128,0.1,64,75,0.0,0.1,10,5,0.5,True,42
batch_size,64,67,67,2,0.6722458438439802,0.6676040962338448,0.001,64,4,2,128,0.1,64,75,0.0,0.1,10,5,0.5,True,42
batch_size,64,67,67,3,0.6568991505738461,0.6708192527294159,0.001,64,4,2,128,0.1,64,75,0.0,0.1,10,5,0.5,True,42
batch_size,64,67,67,4,0.6384631295998892,0.6507945470511913,0.001,64,4,2,128,0.1,64,75,0.0,0.1,10,5,0.5,True,42
batch_size,64,67,67,5,0.623625891678261,0.694332342594862,0.001,64,4,2,128,0.1,64,75,0.0,0.1,10,5,0.5,True,42
batch_size,64,67,67,6,0.6136977383584687,0.6507725566625595,0.001,64,4,2,128,0.1,64,75,0.0,0.1,10,5,0.5,True,42
batch_size,64,67,67,7,0.5984086005976705,0.6587584540247917,0.001,64,4,2,128,0.1,64,75,0.0,0.1,10,5,0.5,True,42
batch_size,64,67,67,8,0.589424600203832,0.646181546151638,0.001,64,4,2,128,0.1,64,75,0.0,0.1,10,5,0.5,True,42
batch_size,64,67,67,9,0.5847102064977993,0.6327932551503181,0.001,64,4,2,128,0.1,64,75,0.0,0.1,10,5,0.5,True,42
batch_size,64,67,67,10,0.5719446697921464,0.7752438746392727,0.001,64,4,2,128,0.1,64,75,0.0,0.1,10,5,0.5,True,42
batch_size,64,67,67,11,0.5602103173732758,0.66632329672575,0.001,64,4,2,128,0.1,64,75,0.0,0.1,10,5,0.5,True,42
batch_size,64,67,67,12,0.547841444159999,0.6699363887310028,0.001,64,4,2,128,0.1,64,75,0.0,0.1,10,5,0.5,True,42
batch_size,64,67,67,13,0.5328379946224617,0.7459474056959152,0.001,64,4,2,128,0.1,64,75,0.0,0.1,10,5,0.5,True,42
batch_size,64,67,67,14,0.515798598076358,0.6756490208208561,0.001,64,4,2,128,0.1,64,75,0.0,0.1,10,5,0.5,True,42
batch_size,64,67,67,15,0.5125634205160718,0.6886351928114891,0.001,64,4,2,128,0.1,64,75,0.0,0.1,10,5,0.5,True,42
batch_size,64,67,67,16,0.46604080001513165,0.7846445366740227,0.001,64,4,2,128,0.1,64,75,0.0,0.1,10,5,0.5,True,42
batch_size,64,67,67,17,0.44983868887930206,0.8109593130648136,0.001,64,4,2,128,0.1,64,75,0.0,0.1,10,5,0.5,True,42
batch_size,64,67,67,18,0.44208031937931525,0.7817813642323017,0.001,64,4,2,128,0.1,64,75,0.0,0.1,10,5,0.5,True,42
batch_size,64,67,67,19,0.4102420675935167,0.8810237869620323,0.001,64,4,2,128,0.1,64,75,0.0,0.1,10,5,0.5,True,42
batch_size,64,68,68,1,0.6891015433903896,0.7207548581063747,0.001,64,4,2,128,0.1,64,75,0.0,0.1,10,5,0.5,True,42
batch_size,64,68,68,2,0.6674001948399977,0.6616670861840248,0.001,64,4,2,128,0.1,64,75,0.0,0.1,10,5,0.5,True,42
batch_size,64,68,68,3,0.6403427810379954,0.6481447070837021,0.001,64,4,2,128,0.1,64,75,0.0,0.1,10,5,0.5,True,42
batch_size,64,68,68,4,0.6237129641301704,0.6268177330493927,0.001,64,4,2,128,0.1,64,75,0.0,0.1,10,5,0.5,True,42
batch_size,64,68,68,5,0.6082648598786556,0.6500575803220272,0.001,64,4,2,128,0.1,64,75,0.0,0.1,10,5,0.5,True,42
batch_size,64,68,68,6,0.6066119571526846,0.6622333638370037,0.001,64,4,2,128,0.1,64,75,0.0,0.1,10,5,0.5,True,42
batch_size,64,68,68,7,0.6057467099392053,0.6518402025103569,0.001,64,4,2,128,0.1,64,75,0.0,0.1,10,5,0.5,True,42
batch_size,64,68,68,8,0.5905122305407668,0.6617636159062386,0.001,64,4,2,128,0.1,64,75,0.0,0.1,10,5,0.5,True,42
batch_size,64,68,68,9,0.5787254919608434,0.6613727584481239,0.001,64,4,2,128,0.1,64,75,0.0,0.1,10,5,0.5,True,42
batch_size,64,68,68,10,0.5683716490413203,0.6811307780444622,0.001,64,4,2,128,0.1,64,75,0.0,0.1,10,5,0.5,True,42
batch_size,64,68,68,11,0.546796743165363,0.6929103955626488,0.001,64,4,2,128,0.1,64,75,0.0,0.1,10,5,0.5,True,42
batch_size,64,68,68,12,0.536508217905507,0.6643628999590874,0.001,64,4,2,128,0.1,64,75,0.0,0.1,10,5,0.5,True,42
batch_size,64,68,68,13,0.5223235343441819,0.700026623904705,0.001,64,4,2,128,0.1,64,75,0.0,0.1,10,5,0.5,True,42
batch_size,64,68,68,14,0.5243161239407279,0.6795345209538937,0.001,64,4,2,128,0.1,64,75,0.0,0.1,10,5,0.5,True,42
batch_size,64,69,69,1,0.6978424101164846,0.6809726804494858,0.001,64,4,2,128,0.1,64,75,0.0,0.1,10,5,0.5,True,42
batch_size,64,69,69,2,0.6723354214971716,0.6760035566985607,0.001,64,4,2,128,0.1,64,75,0.0,0.1,10,5,0.5,True,42
batch_size,64,69,69,3,0.6522175073623657,0.6787039935588837,0.001,64,4,2,128,0.1,64,75,0.0,0.1,10,5,0.5,True,42
batch_size,64,69,69,4,0.6265484934503381,0.660847146064043,0.001,64,4,2,128,0.1,64,75,0.0,0.1,10,5,0.5,True,42
batch_size,64,69,69,5,0.6270319584644202,0.6303183510899544,0.001,64,4,2,128,0.1,64,75,0.0,0.1,10,5,0.5,True,42
batch_size,64,69,69,6,0.6102752992601106,0.6237978339195251,0.001,64,4,2,128,0.1,64,75,0.0,0.1,10,5,0.5,True,42
batch_size,64,69,69,7,0.6002079916722847,0.6730566918849945,0.001,64,4,2,128,0.1,64,75,0.0,0.1,10,5,0.5,True,42
batch_size,64,69,69,8,0.5947317354606859,0.6773180812597275,0.001,64,4,2,128,0.1,64,75,0.0,0.1,10,5,0.5,True,42
batch_size,64,69,69,9,0.5940465285922542,0.6325171664357185,0.001,64,4,2,128,0.1,64,75,0.0,0.1,10,5,0.5,True,42
batch_size,64,69,69,10,0.5817723089095318,0.6548297181725502,0.001,64,4,2,128,0.1,64,75,0.0,0.1,10,5,0.5,True,42
batch_size,64,69,69,11,0.577102499477791,0.6317604631185532,0.001,64,4,2,128,0.1,64,75,0.0,0.1,10,5,0.5,True,42
batch_size,64,69,69,12,0.55685744953878,0.6285672336816788,0.001,64,4,2,128,0.1,64,75,0.0,0.1,10,5,0.5,True,42
batch_size,64,69,69,13,0.5352772609754042,0.679912444204092,0.001,64,4,2,128,0.1,64,75,0.0,0.1,10,5,0.5,True,42
batch_size,64,69,69,14,0.5313201135758198,0.6683168821036816,0.001,64,4,2,128,0.1,64,75,0.0,0.1,10,5,0.5,True,42
batch_size,64,69,69,15,0.513460586919929,0.6842000260949135,0.001,64,4,2,128,0.1,64,75,0.0,0.1,10,5,0.5,True,42
batch_size,64,69,69,16,0.5020694588169907,0.672349713742733,0.001,64,4,2,128,0.1,64,75,0.0,0.1,10,5,0.5,True,42
batch_size,64,70,70,1,0.6958019155444521,0.6873659864068031,0.001,64,4,2,128,0.1,64,75,0.0,0.1,10,5,0.5,True,42
batch_size,64,70,70,2,0.6683792896343,0.659243568778038,0.001,64,4,2,128,0.1,64,75,0.0,0.1,10,5,0.5,True,42
batch_size,64,70,70,3,0.6554992740804498,0.6658874005079269,0.001,64,4,2,128,0.1,64,75,0.0,0.1,10,5,0.5,True,42
batch_size,64,70,70,4,0.6294744186329119,0.6682594045996666,0.001,64,4,2,128,0.1,64,75,0.0,0.1,10,5,0.5,True,42
batch_size,64,70,70,5,0.6302404042446252,0.6521063931286335,0.001,64,4,2,128,0.1,64,75,0.0,0.1,10,5,0.5,True,42
batch_size,64,70,70,6,0.6302402037562747,0.6541585922241211,0.001,64,4,2,128,0.1,64,75,0.0,0.1,10,5,0.5,True,42
batch_size,64,70,70,7,0.6073608317158439,0.6552519574761391,0.001,64,4,2,128,0.1,64,75,0.0,0.1,10,5,0.5,True,42
batch_size,64,70,70,8,0.5948166639515848,0.6461418382823467,0.001,64,4,2,128,0.1,64,75,0.0,0.1,10,5,0.5,True,42
batch_size,64,70,70,9,0.5873084772716869,0.673069067299366,0.001,64,4,2,128,0.1,64,75,0.0,0.1,10,5,0.5,True,42
batch_size,64,70,70,10,0.5933765750942808,0.6405355110764503,0.001,64,4,2,128,0.1,64,75,0.0,0.1,10,5,0.5,True,42
batch_size,64,70,70,11,0.5855870048205057,0.6579245999455452,0.001,64,4,2,128,0.1,64,75,0.0,0.1,10,5,0.5,True,42
batch_size,64,70,70,12,0.5665766371018959,0.7277534939348698,0.001,64,4,2,128,0.1,64,75,0.0,0.1,10,5,0.5,True,42
batch_size,64,70,70,13,0.5710737438816013,0.6472693905234337,0.001,64,4,2,128,0.1,64,75,0.0,0.1,10,5,0.5,True,42
batch_size,64,70,70,14,0.5531689782034267,0.6450643800199032,0.001,64,4,2,128,0.1,64,75,0.0,0.1,10,5,0.5,True,42
batch_size,64,70,70,15,0.5563091107390143,0.6386203095316887,0.001,64,4,2,128,0.1,64,75,0.0,0.1,10,5,0.5,True,42
batch_size,64,70,70,16,0.5390119295228611,0.6727665588259697,0.001,64,4,2,128,0.1,64,75,0.0,0.1,10,5,0.5,True,42
batch_size,64,70,70,17,0.5156685001019276,0.6981513127684593,0.001,64,4,2,128,0.1,64,75,0.0,0.1,10,5,0.5,True,42
batch_size,64,70,70,18,0.5106353028254076,0.6946453489363194,0.001,64,4,2,128,0.1,64,75,0.0,0.1,10,5,0.5,True,42
batch_size,64,70,70,19,0.48682238522804144,0.7013482227921486,0.001,64,4,2,128,0.1,64,75,0.0,0.1,10,5,0.5,True,42
batch_size,64,70,70,20,0.48105494587710407,0.7079109586775303,0.001,64,4,2,128,0.1,64,75,0.0,0.1,10,5,0.5,True,42
batch_size,64,70,70,21,0.46646505278168304,0.8219968117773533,0.001,64,4,2,128,0.1,64,75,0.0,0.1,10,5,0.5,True,42
batch_size,64,70,70,22,0.4214945580020095,0.7714229971170425,0.001,64,4,2,128,0.1,64,75,0.0,0.1,10,5,0.5,True,42
batch_size,64,70,70,23,0.399630632815939,0.8288339674472809,0.001,64,4,2,128,0.1,64,75,0.0,0.1,10,5,0.5,True,42
batch_size,64,70,70,24,0.38280766795982013,0.8578708842396736,0.001,64,4,2,128,0.1,64,75,0.0,0.1,10,5,0.5,True,42
batch_size,64,70,70,25,0.3666750547109228,0.8666807040572166,0.001,64,4,2,128,0.1,64,75,0.0,0.1,10,5,0.5,True,42
batch_size,64,71,71,1,0.6969641266447125,0.6821185797452927,0.001,64,4,2,128,0.1,64,75,0.0,0.1,10,5,0.5,True,42
batch_size,64,71,71,2,0.6720885806011431,0.6762225329875946,0.001,64,4,2,128,0.1,64,75,0.0,0.1,10,5,0.5,True,42
batch_size,64,71,71,3,0.6479418485453634,0.660550594329834,0.001,64,4,2,128,0.1,64,75,0.0,0.1,10,5,0.5,True,42
batch_size,64,71,71,4,0.6320432496793342,0.6610914207994938,0.001,64,4,2,128,0.1,64,75,0.0,0.1,10,5,0.5,True,42
batch_size,64,71,71,5,0.6306138562433647,0.6509731635451317,0.001,64,4,2,128,0.1,64,75,0.0,0.1,10,5,0.5,True,42
batch_size,64,71,71,6,0.6114788299257105,0.6437312588095665,0.001,64,4,2,128,0.1,64,75,0.0,0.1,10,5,0.5,True,42
batch_size,64,71,71,7,0.6085176878806317,0.6384873241186142,0.001,64,4,2,128,0.1,64,75,0.0,0.1,10,5,0.5,True,42
batch_size,64,71,71,8,0.5921531613125945,0.6709569431841373,0.001,64,4,2,128,0.1,64,75,0.0,0.1,10,5,0.5,True,42
batch_size,64,71,71,9,0.5968749112252033,0.639113076031208,0.001,64,4,2,128,0.1,64,75,0.0,0.1,10,5,0.5,True,42
batch_size,64,71,71,10,0.5853307481968042,0.6358222924172878,0.001,64,4,2,128,0.1,64,75,0.0,0.1,10,5,0.5,True,42
batch_size,64,71,71,11,0.5710814513943412,0.6502228192985058,0.001,64,4,2,128,0.1,64,75,0.0,0.1,10,5,0.5,True,42
batch_size,64,71,71,12,0.5613413922714464,0.6445976719260216,0.001,64,4,2,128,0.1,64,75,0.0,0.1,10,5,0.5,True,42
batch_size,64,71,71,13,0.5430282724626136,0.6687578782439232,0.001,64,4,2,128,0.1,64,75,0.0,0.1,10,5,0.5,True,42
batch_size,64,71,71,14,0.5460207209442601,0.6842381246387959,0.001,64,4,2,128,0.1,64,75,0.0,0.1,10,5,0.5,True,42
batch_size,64,71,71,15,0.5367249056245341,0.6549034230411053,0.001,64,4,2,128,0.1,64,75,0.0,0.1,10,5,0.5,True,42
batch_size,64,71,71,16,0.5018197099367777,0.7073203101754189,0.001,64,4,2,128,0.1,64,75,0.0,0.1,10,5,0.5,True,42
batch_size,64,71,71,17,0.46152826646963757,0.7488319501280785,0.001,64,4,2,128,0.1,64,75,0.0,0.1,10,5,0.5,True,42
batch_size,64,71,71,18,0.45006119346979895,0.7449680492281914,0.001,64,4,2,128,0.1,64,75,0.0,0.1,10,5,0.5,True,42
batch_size,64,71,71,19,0.4318095472725955,0.7512149661779404,0.001,64,4,2,128,0.1,64,75,0.0,0.1,10,5,0.5,True,42
batch_size,64,71,71,20,0.41313924437219446,0.7913408800959587,0.001,64,4,2,128,0.1,64,75,0.0,0.1,10,5,0.5,True,42
batch_size,64,72,72,1,0.6981330477830135,0.6998475044965744,0.001,64,4,2,128,0.1,64,75,0.0,0.1,10,5,0.5,True,42
batch_size,64,72,72,2,0.6711752234083234,0.6703119277954102,0.001,64,4,2,128,0.1,64,75,0.0,0.1,10,5,0.5,True,42
batch_size,64,72,72,3,0.6455364082798813,0.655659981071949,0.001,64,4,2,128,0.1,64,75,0.0,0.1,10,5,0.5,True,42
batch_size,64,72,72,4,0.6235248365185477,0.6391926556825638,0.001,64,4,2,128,0.1,64,75,0.0,0.1,10,5,0.5,True,42
batch_size,64,72,72,5,0.6155727252815709,0.6344085112214088,0.001,64,4,2,128,0.1,64,75,0.0,0.1,10,5,0.5,True,42
batch_size,64,72,72,6,0.6109422472390261,0.6293558217585087,0.001,64,4,2,128,0.1,64,75,0.0,0.1,10,5,0.5,True,42
batch_size,64,72,72,7,0.6016497368162329,0.6413838267326355,0.001,64,4,2,128,0.1,64,75,0.0,0.1,10,5,0.5,True,42
batch_size,64,72,72,8,0.5909135255849722,0.6314071640372276,0.001,64,4,2,128,0.1,64,75,0.0,0.1,10,5,0.5,True,42
batch_size,64,72,72,9,0.5794892419468273,0.6489276736974716,0.001,64,4,2,128,0.1,64,75,0.0,0.1,10,5,0.5,True,42
batch_size,64,72,72,10,0.5787491509408662,0.6595476493239403,0.001,64,4,2,128,0.1,64,75,0.0,0.1,10,5,0.5,True,42
batch_size,64,72,72,11,0.562738910317421,0.6340969353914261,0.001,64,4,2,128,0.1,64,75,0.0,0.1,10,5,0.5,True,42
batch_size,64,72,72,12,0.5504587888717651,0.6986990310251713,0.001,64,4,2,128,0.1,64,75,0.0,0.1,10,5,0.5,True,42
batch_size,64,72,72,13,0.5138757684917161,0.6827997341752052,0.001,64,4,2,128,0.1,64,75,0.0,0.1,10,5,0.5,True,42
batch_size,64,72,72,14,0.49325768152872723,0.6849862076342106,0.001,64,4,2,128,0.1,64,75,0.0,0.1,10,5,0.5,True,42
batch_size,64,72,72,15,0.48116633115392743,0.7131747230887413,0.001,64,4,2,128,0.1,64,75,0.0,0.1,10,5,0.5,True,42
batch_size,64,72,72,16,0.4701215529983694,0.7251434847712517,0.001,64,4,2,128,0.1,64,75,0.0,0.1,10,5,0.5,True,42
batch_size,64,73,73,1,0.6933041115601858,0.6750804632902145,0.001,64,4,2,128,0.1,64,75,0.0,0.1,10,5,0.5,True,42
batch_size,64,73,73,2,0.6627758786533818,0.6516478285193443,0.001,64,4,2,128,0.1,64,75,0.0,0.1,10,5,0.5,True,42
batch_size,64,73,73,3,0.6411866663080273,0.6866453774273396,0.001,64,4,2,128,0.1,64,75,0.0,0.1,10,5,0.5,True,42
batch_size,64,73,73,4,0.6331072603211259,0.6328664422035217,0.001,64,4,2,128,0.1,64,75,0.0,0.1,10,5,0.5,True,42
batch_size,64,73,73,5,0.6161202941880082,0.6452176123857498,0.001,64,4,2,128,0.1,64,75,0.0,0.1,10,5,0.5,True,42
batch_size,64,73,73,6,0.6031739129261537,0.6864601299166679,0.001,64,4,2,128,0.1,64,75,0.0,0.1,10,5,0.5,True,42
batch_size,64,73,73,7,0.6024616758028666,0.7021828405559063,0.001,64,4,2,128,0.1,64,75,0.0,0.1,10,5,0.5,True,42
batch_size,64,73,73,8,0.5923434301759257,0.6299416497349739,0.001,64,4,2,128,0.1,64,75,0.0,0.1,10,5,0.5,True,42
batch_size,64,73,73,9,0.5899580513889139,0.6192639246582985,0.001,64,4,2,128,0.1,64,75,0.0,0.1,10,5,0.5,True,42
batch_size,64,73,73,10,0.574101144617254,0.688818383961916,0.001,64,4,2,128,0.1,64,75,0.0,0.1,10,5,0.5,True,42
batch_size,64,73,73,11,0.569839508696036,0.6826954297721386,0.001,64,4,2,128,0.1,64,75,0.0,0.1,10,5,0.5,True,42
batch_size,64,73,73,12,0.565592396439928,0.6317300423979759,0.001,64,4,2,128,0.1,64,75,0.0,0.1,10,5,0.5,True,42
batch_size,64,73,73,13,0.5543593380487326,0.6996852196753025,0.001,64,4,2,128,0.1,64,75,0.0,0.1,10,5,0.5,True,42
batch_size,64,73,73,14,0.5465856844728644,0.6641108617186546,0.001,64,4,2,128,0.1,64,75,0.0,0.1,10,5,0.5,True,42
batch_size,64,73,73,15,0.5308659316012354,0.6768584027886391,0.001,64,4,2,128,0.1,64,75,0.0,0.1,10,5,0.5,True,42
batch_size,64,73,73,16,0.5007572756572203,0.6593207754194736,0.001,64,4,2,128,0.1,64,75,0.0,0.1,10,5,0.5,True,42
batch_size,64,73,73,17,0.482332143368143,0.6615619622170925,0.001,64,4,2,128,0.1,64,75,0.0,0.1,10,5,0.5,True,42
batch_size,64,73,73,18,0.46723963500875415,0.7365684509277344,0.001,64,4,2,128,0.1,64,75,0.0,0.1,10,5,0.5,True,42
batch_size,64,73,73,19,0.45695179294456134,0.7574344463646412,0.001,64,4,2,128,0.1,64,75,0.0,0.1,10,5,0.5,True,42
batch_size,64,74,74,1,0.7000107205275333,0.714632585644722,0.001,64,4,2,128,0.1,64,75,0.0,0.1,10,5,0.5,True,42
batch_size,64,74,74,2,0.6758253312472141,0.6609564870595932,0.001,64,4,2,128,0.1,64,75,0.0,0.1,10,5,0.5,True,42
batch_size,64,74,74,3,0.6490591954101216,0.6513791605830193,0.001,64,4,2,128,0.1,64,75,0.0,0.1,10,5,0.5,True,42
batch_size,64,74,74,4,0.6299605757901163,0.6200088635087013,0.001,64,4,2,128,0.1,64,75,0.0,0.1,10,5,0.5,True,42
batch_size,64,74,74,5,0.6161165761225151,0.6193278580904007,0.001,64,4,2,128,0.1,64,75,0.0,0.1,10,5,0.5,True,42
batch_size,64,74,74,6,0.6092054907119635,0.6169250085949898,0.001,64,4,2,128,0.1,64,75,0.0,0.1,10,5,0.5,True,42
batch_size,64,74,74,7,0.6040121691696572,0.6264412254095078,0.001,64,4,2,128,0.1,64,75,0.0,0.1,10,5,0.5,True,42
batch_size,64,74,74,8,0.5886298634789207,0.6277010887861252,0.001,64,4,2,128,0.1,64,75,0.0,0.1,10,5,0.5,True,42
batch_size,64,74,74,9,0.5810433757124525,0.6265147365629673,0.001,64,4,2,128,0.1,64,75,0.0,0.1,10,5,0.5,True,42
batch_size,64,74,74,10,0.573588900493853,0.6290409825742245,0.001,64,4,2,128,0.1,64,75,0.0,0.1,10,5,0.5,True,42
batch_size,64,74,74,11,0.5656729345068787,0.6295877918601036,0.001,64,4,2,128,0.1,64,75,0.0,0.1,10,5,0.5,True,42
batch_size,64,74,74,12,0.5582955050649065,0.6628576293587685,0.001,64,4,2,128,0.1,64,75,0.0,0.1,10,5,0.5,True,42
batch_size,64,74,74,13,0.5245817520401694,0.6675262525677681,0.001,64,4,2,128,0.1,64,75,0.0,0.1,10,5,0.5,True,42
batch_size,64,74,74,14,0.5142171816392378,0.7090641483664513,0.001,64,4,2,128,0.1,64,75,0.0,0.1,10,5,0.5,True,42
batch_size,64,74,74,15,0.4919470693125869,0.69828961789608,0.001,64,4,2,128,0.1,64,75,0.0,0.1,10,5,0.5,True,42
batch_size,64,74,74,16,0.4766074238401471,0.7374664507806301,0.001,64,4,2,128,0.1,64,75,0.0,0.1,10,5,0.5,True,42
batch_size,64,75,75,1,0.6958164644963813,0.678462915122509,0.001,64,4,2,128,0.1,64,75,0.0,0.1,10,5,0.5,True,42
batch_size,64,75,75,2,0.6772507980014338,0.6544909030199051,0.001,64,4,2,128,0.1,64,75,0.0,0.1,10,5,0.5,True,42
batch_size,64,75,75,3,0.6607545614242554,0.7026610486209393,0.001,64,4,2,128,0.1,64,75,0.0,0.1,10,5,0.5,True,42
batch_size,64,75,75,4,0.6406211410508011,0.6224040985107422,0.001,64,4,2,128,0.1,64,75,0.0,0.1,10,5,0.5,True,42
batch_size,64,75,75,5,0.6343129214012262,0.6190814599394798,0.001,64,4,2,128,0.1,64,75,0.0,0.1,10,5,0.5,True,42
batch_size,64,75,75,6,0.6168186754891367,0.6197776645421982,0.001,64,4,2,128,0.1,64,75,0.0,0.1,10,5,0.5,True,42
batch_size,64,75,75,7,0.6105836006728086,0.6345195807516575,0.001,64,4,2,128,0.1,64,75,0.0,0.1,10,5,0.5,True,42
batch_size,64,75,75,8,0.6098160310225054,0.6176501363515854,0.001,64,4,2,128,0.1,64,75,0.0,0.1,10,5,0.5,True,42
batch_size,64,75,75,9,0.5992050965627035,0.6121219396591187,0.001,64,4,2,128,0.1,64,75,0.0,0.1,10,5,0.5,True,42
batch_size,64,75,75,10,0.5893990569042437,0.6140427887439728,0.001,64,4,2,128,0.1,64,75,0.0,0.1,10,5,0.5,True,42
batch_size,64,75,75,11,0.5810273533517664,0.6214524656534195,0.001,64,4,2,128,0.1,64,75,0.0,0.1,10,5,0.5,True,42
batch_size,64,75,75,12,0.5653286923964819,0.6179636642336845,0.001,64,4,2,128,0.1,64,75,0.0,0.1,10,5,0.5,True,42
batch_size,64,75,75,13,0.5628302481138345,0.6300919130444527,0.001,64,4,2,128,0.1,64,75,0.0,0.1,10,5,0.5,True,42
batch_size,64,75,75,14,0.5426379893765305,0.647026814520359,0.001,64,4,2,128,0.1,64,75,0.0,0.1,10,5,0.5,True,42
batch_size,64,75,75,15,0.5222351921327186,0.6575940288603306,0.001,64,4,2,128,0.1,64,75,0.0,0.1,10,5,0.5,True,42
batch_size,64,75,75,16,0.49493200941519305,0.6568672209978104,0.001,64,4,2,128,0.1,64,75,0.0,0.1,10,5,0.5,True,42
batch_size,64,75,75,17,0.47505644008968817,0.6802381202578545,0.001,64,4,2,128,0.1,64,75,0.0,0.1,10,5,0.5,True,42
batch_size,64,75,75,18,0.45183263267531537,0.717909649014473,0.001,64,4,2,128,0.1,64,75,0.0,0.1,10,5,0.5,True,42
batch_size,64,75,75,19,0.45523536476221954,0.6871952041983604,0.001,64,4,2,128,0.1,64,75,0.0,0.1,10,5,0.5,True,42
batch_size,64,76,76,1,0.6915607389175531,0.6852115020155907,0.001,64,4,2,128,0.1,64,75,0.0,0.1,10,5,0.5,True,42
batch_size,64,76,76,2,0.6665784138621706,0.6736790016293526,0.001,64,4,2,128,0.1,64,75,0.0,0.1,10,5,0.5,True,42
batch_size,64,76,76,3,0.6542551237525362,0.6698969379067421,0.001,64,4,2,128,0.1,64,75,0.0,0.1,10,5,0.5,True,42
batch_size,64,76,76,4,0.6303450230396155,0.6482539549469948,0.001,64,4,2,128,0.1,64,75,0.0,0.1,10,5,0.5,True,42
batch_size,64,76,76,5,0.6148863389636531,0.6419047750532627,0.001,64,4,2,128,0.1,64,75,0.0,0.1,10,5,0.5,True,42
batch_size,64,76,76,6,0.6087921523686611,0.6221517845988274,0.001,64,4,2,128,0.1,64,75,0.0,0.1,10,5,0.5,True,42
batch_size,64,76,76,7,0.6083818931471218,0.6193207912147045,0.001,64,4,2,128,0.1,64,75,0.0,0.1,10,5,0.5,True,42
batch_size,64,76,76,8,0.5909697187669349,0.6223493330180645,0.001,64,4,2,128,0.1,64,75,0.0,0.1,10,5,0.5,True,42
batch_size,64,76,76,9,0.5938212772210439,0.6337503977119923,0.001,64,4,2,128,0.1,64,75,0.0,0.1,10,5,0.5,True,42
batch_size,64,76,76,10,0.5749081400307742,0.621141292154789,0.001,64,4,2,128,0.1,64,75,0.0,0.1,10,5,0.5,True,42
batch_size,64,76,76,11,0.5702742554924705,0.6287995986640453,0.001,64,4,2,128,0.1,64,75,0.0,0.1,10,5,0.5,True,42
batch_size,64,76,76,12,0.5576379430113416,0.63913743942976,0.001,64,4,2,128,0.1,64,75,0.0,0.1,10,5,0.5,True,42
batch_size,64,76,76,13,0.5429424020377073,0.673171516507864,0.001,64,4,2,128,0.1,64,75,0.0,0.1,10,5,0.5,True,42
batch_size,64,76,76,14,0.5124652295401602,0.653950110077858,0.001,64,4,2,128,0.1,64,75,0.0,0.1,10,5,0.5,True,42
batch_size,64,76,76,15,0.4969924471595071,0.677043866366148,0.001,64,4,2,128,0.1,64,75,0.0,0.1,10,5,0.5,True,42
batch_size,64,76,76,16,0.48182124215545075,0.7467475384473801,0.001,64,4,2,128,0.1,64,75,0.0,0.1,10,5,0.5,True,42
batch_size,64,76,76,17,0.46425159907702246,0.7080237008631229,0.001,64,4,2,128,0.1,64,75,0.0,0.1,10,5,0.5,True,42
batch_size,64,77,77,1,0.6953562407782583,0.6765370219945908,0.001,64,4,2,128,0.1,64,75,0.0,0.1,10,5,0.5,True,42
batch_size,64,77,77,2,0.6563643578327063,0.6637357622385025,0.001,64,4,2,128,0.1,64,75,0.0,0.1,10,5,0.5,True,42
batch_size,64,77,77,3,0.6468462636976531,0.6608754619956017,0.001,64,4,2,128,0.1,64,75,0.0,0.1,10,5,0.5,True,42
batch_size,64,77,77,4,0.6339063716657234,0.6624969989061356,0.001,64,4,2,128,0.1,64,75,0.0,0.1,10,5,0.5,True,42
batch_size,64,77,77,5,0.6101016465461615,0.6739804446697235,0.001,64,4,2,128,0.1,64,75,0.0,0.1,10,5,0.5,True,42
batch_size,64,77,77,6,0.6143971139734442,0.6592794433236122,0.001,64,4,2,128,0.1,64,75,0.0,0.1,10,5,0.5,True,42
batch_size,64,77,77,7,0.6003829638163248,0.6700754128396511,0.001,64,4,2,128,0.1,64,75,0.0,0.1,10,5,0.5,True,42
batch_size,64,77,77,8,0.6003263719154127,0.6729335486888885,0.001,64,4,2,128,0.1,64,75,0.0,0.1,10,5,0.5,True,42
batch_size,64,77,77,9,0.5888992502833857,0.6519261226058006,0.001,64,4,2,128,0.1,64,75,0.0,0.1,10,5,0.5,True,42
batch_size,64,77,77,10,0.5761606643597285,0.6526145711541176,0.001,64,4,2,128,0.1,64,75,0.0,0.1,10,5,0.5,True,42
batch_size,64,77,77,11,0.5719648698965708,0.7077917419373989,0.001,64,4,2,128,0.1,64,75,0.0,0.1,10,5,0.5,True,42
batch_size,64,77,77,12,0.5615725187641202,0.6782769337296486,0.001,64,4,2,128,0.1,64,75,0.0,0.1,10,5,0.5,True,42
batch_size,64,77,77,13,0.5480119342153723,0.6945595294237137,0.001,64,4,2,128,0.1,64,75,0.0,0.1,10,5,0.5,True,42
batch_size,64,77,77,14,0.5378257627740051,0.7067880481481552,0.001,64,4,2,128,0.1,64,75,0.0,0.1,10,5,0.5,True,42
batch_size,64,77,77,15,0.5312608819116246,0.6983644887804985,0.001,64,4,2,128,0.1,64,75,0.0,0.1,10,5,0.5,True,42
batch_size,64,77,77,16,0.4897997112888278,0.7575228661298752,0.001,64,4,2,128,0.1,64,75,0.0,0.1,10,5,0.5,True,42
batch_size,64,77,77,17,0.4712608867522442,0.7906457707285881,0.001,64,4,2,128,0.1,64,75,0.0,0.1,10,5,0.5,True,42
batch_size,64,77,77,18,0.46079210395162756,0.7861783355474472,0.001,64,4,2,128,0.1,64,75,0.0,0.1,10,5,0.5,True,42
batch_size,64,77,77,19,0.4452068101276051,0.7749536707997322,0.001,64,4,2,128,0.1,64,75,0.0,0.1,10,5,0.5,True,42
batch_size,64,78,78,1,0.6995908843748497,0.704551987349987,0.001,64,4,2,128,0.1,64,75,0.0,0.1,10,5,0.5,True,42
batch_size,64,78,78,2,0.6750013114828052,0.669723566621542,0.001,64,4,2,128,0.1,64,75,0.0,0.1,10,5,0.5,True,42
batch_size,64,78,78,3,0.6508516750552438,0.6965461522340775,0.001,64,4,2,128,0.1,64,75,0.0,0.1,10,5,0.5,True,42
batch_size,64,78,78,4,0.643086190476562,0.6638695150613785,0.001,64,4,2,128,0.1,64,75,0.0,0.1,10,5,0.5,True,42
batch_size,64,78,78,5,0.623289426167806,0.6288728266954422,0.001,64,4,2,128,0.1,64,75,0.0,0.1,10,5,0.5,True,42
batch_size,64,78,78,6,0.609135936607014,0.6337863691151142,0.001,64,4,2,128,0.1,64,75,0.0,0.1,10,5,0.5,True,42
batch_size,64,78,78,7,0.595298044609301,0.6297187656164169,0.001,64,4,2,128,0.1,64,75,0.0,0.1,10,5,0.5,True,42
batch_size,64,78,78,8,0.5947291972962293,0.6614535786211491,0.001,64,4,2,128,0.1,64,75,0.0,0.1,10,5,0.5,True,42
batch_size,64,78,78,9,0.590340799906037,0.6337444260716438,0.001,64,4,2,128,0.1,64,75,0.0,0.1,10,5,0.5,True,42
batch_size,64,78,78,10,0.5786691493157184,0.6458495892584324,0.001,64,4,2,128,0.1,64,75,0.0,0.1,10,5,0.5,True,42
batch_size,64,78,78,11,0.5618910626931624,0.6411666870117188,0.001,64,4,2,128,0.1,64,75,0.0,0.1,10,5,0.5,True,42
batch_size,64,78,78,12,0.5385970730673183,0.644206315279007,0.001,64,4,2,128,0.1,64,75,0.0,0.1,10,5,0.5,True,42
batch_size,64,78,78,13,0.5240902119513714,0.7063622586429119,0.001,64,4,2,128,0.1,64,75,0.0,0.1,10,5,0.5,True,42
batch_size,64,78,78,14,0.5124599464011915,0.6992520391941071,0.001,64,4,2,128,0.1,64,75,0.0,0.1,10,5,0.5,True,42
batch_size,64,78,78,15,0.5008086656982248,0.6945287734270096,0.001,64,4,2,128,0.1,64,75,0.0,0.1,10,5,0.5,True,42
batch_size,64,79,79,1,0.7090424181837024,0.6930795237421989,0.001,64,4,2,128,0.1,64,75,0.0,0.1,10,5,0.5,True,42
batch_size,64,79,79,2,0.6856085080088992,0.6650463454425335,0.001,64,4,2,128,0.1,64,75,0.0,0.1,10,5,0.5,True,42
batch_size,64,79,79,3,0.6630342891722014,0.6753546297550201,0.001,64,4,2,128,0.1,64,75,0.0,0.1,10,5,0.5,True,42
batch_size,64,79,79,4,0.6470284823215369,0.6281016692519188,0.001,64,4,2,128,0.1,64,75,0.0,0.1,10,5,0.5,True,42
batch_size,64,79,79,5,0.6265849344658129,0.6250558346509933,0.001,64,4,2,128,0.1,64,75,0.0,0.1,10,5,0.5,True,42
batch_size,64,79,79,6,0.6118048185651953,0.6967667825520039,0.001,64,4,2,128,0.1,64,75,0.0,0.1,10,5,0.5,True,42
batch_size,64,79,79,7,0.6104233915155585,0.6256474331021309,0.001,64,4,2,128,0.1,64,75,0.0,0.1,10,5,0.5,True,42
batch_size,64,79,79,8,0.5917980932828152,0.6308910101652145,0.001,64,4,2,128,0.1,64,75,0.0,0.1,10,5,0.5,True,42
batch_size,64,79,79,9,0.5884841978549957,0.6515855938196182,0.001,64,4,2,128,0.1,64,75,0.0,0.1,10,5,0.5,True,42
batch_size,64,79,79,10,0.5746635261810187,0.6398337334394455,0.001,64,4,2,128,0.1,64,75,0.0,0.1,10,5,0.5,True,42
batch_size,64,79,79,11,0.5635349393794031,0.6488717272877693,0.001,64,4,2,128,0.1,64,75,0.0,0.1,10,5,0.5,True,42
batch_size,64,79,79,12,0.5262944061647762,0.6878209784626961,0.001,64,4,2,128,0.1,64,75,0.0,0.1,10,5,0.5,True,42
batch_size,64,79,79,13,0.5171549731131756,0.6957419216632843,0.001,64,4,2,128,0.1,64,75,0.0,0.1,10,5,0.5,True,42
batch_size,64,79,79,14,0.5099254575642672,0.7336750440299511,0.001,64,4,2,128,0.1,64,75,0.0,0.1,10,5,0.5,True,42
batch_size,64,79,79,15,0.4918956779169314,0.7568192444741726,0.001,64,4,2,128,0.1,64,75,0.0,0.1,10,5,0.5,True,42
batch_size,64,80,80,1,0.6979557393175183,0.6768605336546898,0.001,64,4,2,128,0.1,64,75,0.0,0.1,10,5,0.5,True,42
batch_size,64,80,80,2,0.6597665891502843,0.6555333063006401,0.001,64,4,2,128,0.1,64,75,0.0,0.1,10,5,0.5,True,42
batch_size,64,80,80,3,0.6453567680084344,0.6443683467805386,0.001,64,4,2,128,0.1,64,75,0.0,0.1,10,5,0.5,True,42
batch_size,64,80,80,4,0.6238513173479022,0.6553647518157959,0.001,64,4,2,128,0.1,64,75,0.0,0.1,10,5,0.5,True,42
batch_size,64,80,80,5,0.6137185223174818,0.6335198991000652,0.001,64,4,2,128,0.1,64,75,0.0,0.1,10,5,0.5,True,42
batch_size,64,80,80,6,0.6077649254690517,0.6741753369569778,0.001,64,4,2,128,0.1,64,75,0.0,0.1,10,5,0.5,True,42
batch_size,64,80,80,7,0.6025659663207603,0.6301514059305191,0.001,64,4,2,128,0.1,64,75,0.0,0.1,10,5,0.5,True,42
batch_size,64,80,80,8,0.5993479025183301,0.639983993023634,0.001,64,4,2,128,0.1,64,75,0.0,0.1,10,5,0.5,True,42
batch_size,64,80,80,9,0.5811577619928302,0.6374895125627518,0.001,64,4,2,128,0.1,64,75,0.0,0.1,10,5,0.5,True,42
batch_size,64,80,80,10,0.5685374876766494,0.6617800444364548,0.001,64,4,2,128,0.1,64,75,0.0,0.1,10,5,0.5,True,42
batch_size,64,80,80,11,0.5656852220947092,0.6507468782365322,0.001,64,4,2,128,0.1,64,75,0.0,0.1,10,5,0.5,True,42
batch_size,64,80,80,12,0.5409167702450897,0.681509219110012,0.001,64,4,2,128,0.1,64,75,0.0,0.1,10,5,0.5,True,42
batch_size,64,80,80,13,0.5250122118176836,0.6967058330774307,0.001,64,4,2,128,0.1,64,75,0.0,0.1,10,5,0.5,True,42
batch_size,64,80,80,14,0.4907561337405985,0.7262302190065384,0.001,64,4,2,128,0.1,64,75,0.0,0.1,10,5,0.5,True,42
batch_size,64,80,80,15,0.47190409808447864,0.7273282781243324,0.001,64,4,2,128,0.1,64,75,0.0,0.1,10,5,0.5,True,42
batch_size,64,80,80,16,0.4605009582909671,0.7590010426938534,0.001,64,4,2,128,0.1,64,75,0.0,0.1,10,5,0.5,True,42
batch_size,64,80,80,17,0.4549911053794803,0.7714145667850971,0.001,64,4,2,128,0.1,64,75,0.0,0.1,10,5,0.5,True,42
batch_size,64,81,81,1,0.6933054987228278,0.6782615259289742,0.001,64,4,2,128,0.1,64,75,0.0,0.1,10,5,0.5,True,42
batch_size,64,81,81,2,0.6750329705801877,0.7221397571265697,0.001,64,4,2,128,0.1,64,75,0.0,0.1,10,5,0.5,True,42
batch_size,64,81,81,3,0.6550109043265834,0.6660157889127731,0.001,64,4,2,128,0.1,64,75,0.0,0.1,10,5,0.5,True,42
batch_size,64,81,81,4,0.6253953260002714,0.6603347808122635,0.001,64,4,2,128,0.1,64,75,0.0,0.1,10,5,0.5,True,42
batch_size,64,81,81,5,0.6191276040944186,0.6646134108304977,0.001,64,4,2,128,0.1,64,75,0.0,0.1,10,5,0.5,True,42
batch_size,64,81,81,6,0.6085414949691657,0.6635964922606945,0.001,64,4,2,128,0.1,64,75,0.0,0.1,10,5,0.5,True,42
batch_size,64,81,81,7,0.5909216674891385,0.6438711509108543,0.001,64,4,2,128,0.1,64,75,0.0,0.1,10,5,0.5,True,42
batch_size,64,81,81,8,0.6002877946152831,0.6576511636376381,0.001,64,4,2,128,0.1,64,75,0.0,0.1,10,5,0.5,True,42
batch_size,64,81,81,9,0.5911410812175635,0.6419961377978325,0.001,64,4,2,128,0.1,64,75,0.0,0.1,10,5,0.5,True,42
batch_size,64,81,81,10,0.5716362812302329,0.6572157368063927,0.001,64,4,2,128,0.1,64,75,0.0,0.1,10,5,0.5,True,42
batch_size,64,81,81,11,0.558915555025592,0.6595874577760696,0.001,64,4,2,128,0.1,64,75,0.0,0.1,10,5,0.5,True,42
batch_size,64,81,81,12,0.5646917282631903,0.677913736552,0.001,64,4,2,128,0.1,64,75,0.0,0.1,10,5,0.5,True,42
batch_size,64,81,81,13,0.5437130219105518,0.6522465273737907,0.001,64,4,2,128,0.1,64,75,0.0,0.1,10,5,0.5,True,42
batch_size,64,81,81,14,0.5262276403831713,0.6518035307526588,0.001,64,4,2,128,0.1,64,75,0.0,0.1,10,5,0.5,True,42
batch_size,64,81,81,15,0.5154421984246282,0.7057166248559952,0.001,64,4,2,128,0.1,64,75,0.0,0.1,10,5,0.5,True,42
batch_size,64,81,81,16,0.47768100147897546,0.7252057790756226,0.001,64,4,2,128,0.1,64,75,0.0,0.1,10,5,0.5,True,42
batch_size,64,81,81,17,0.4567551662524541,0.7674380764365196,0.001,64,4,2,128,0.1,64,75,0.0,0.1,10,5,0.5,True,42
batch_size,64,81,81,18,0.4431069999030142,0.7634906321763992,0.001,64,4,2,128,0.1,64,75,0.0,0.1,10,5,0.5,True,42
batch_size,64,81,81,19,0.4377394530809287,0.791777104139328,0.001,64,4,2,128,0.1,64,75,0.0,0.1,10,5,0.5,True,42
batch_size,64,82,82,1,0.6933224436008569,0.6781175211071968,0.001,64,4,2,128,0.1,64,75,0.0,0.1,10,5,0.5,True,42
batch_size,64,82,82,2,0.667153430707527,0.6597234308719635,0.001,64,4,2,128,0.1,64,75,0.0,0.1,10,5,0.5,True,42
batch_size,64,82,82,3,0.6471523994749243,0.6479960381984711,0.001,64,4,2,128,0.1,64,75,0.0,0.1,10,5,0.5,True,42
batch_size,64,82,82,4,0.6222212224295645,0.647458590567112,0.001,64,4,2,128,0.1,64,75,0.0,0.1,10,5,0.5,True,42
batch_size,64,82,82,5,0.6121456424395243,0.6223868243396282,0.001,64,4,2,128,0.1,64,75,0.0,0.1,10,5,0.5,True,42
batch_size,64,82,82,6,0.608333122549635,0.6326834335923195,0.001,64,4,2,128,0.1,64,75,0.0,0.1,10,5,0.5,True,42
batch_size,64,82,82,7,0.5948408489877527,0.6339358724653721,0.001,64,4,2,128,0.1,64,75,0.0,0.1,10,5,0.5,True,42
batch_size,64,82,82,8,0.5938315838575363,0.6415212601423264,0.001,64,4,2,128,0.1,64,75,0.0,0.1,10,5,0.5,True,42
batch_size,64,82,82,9,0.5882785803440845,0.6599094197154045,0.001,64,4,2,128,0.1,64,75,0.0,0.1,10,5,0.5,True,42
batch_size,64,82,82,10,0.5745367818709576,0.6285903379321098,0.001,64,4,2,128,0.1,64,75,0.0,0.1,10,5,0.5,True,42
batch_size,64,82,82,11,0.5629208413037387,0.6451028361916542,0.001,64,4,2,128,0.1,64,75,0.0,0.1,10,5,0.5,True,42
batch_size,64,82,82,12,0.540663913343892,0.6438736245036125,0.001,64,4,2,128,0.1,64,75,0.0,0.1,10,5,0.5,True,42
batch_size,64,82,82,13,0.534414600242268,0.6572243943810463,0.001,64,4,2,128,0.1,64,75,0.0,0.1,10,5,0.5,True,42
batch_size,64,82,82,14,0.5126841077298829,0.6612436324357986,0.001,64,4,2,128,0.1,64,75,0.0,0.1,10,5,0.5,True,42
batch_size,64,82,82,15,0.5091006385557579,0.6980149820446968,0.001,64,4,2,128,0.1,64,75,0.0,0.1,10,5,0.5,True,42
batch_size,64,83,83,1,0.6929954127831892,0.6962819546461105,0.001,64,4,2,128,0.1,64,75,0.0,0.1,10,5,0.5,True,42
batch_size,64,83,83,2,0.674999860200015,0.6490432173013687,0.001,64,4,2,128,0.1,64,75,0.0,0.1,10,5,0.5,True,42
batch_size,64,83,83,3,0.6560081189328973,0.6425109393894672,0.001,64,4,2,128,0.1,64,75,0.0,0.1,10,5,0.5,True,42
batch_size,64,83,83,4,0.6351716879642371,0.6245551407337189,0.001,64,4,2,128,0.1,64,75,0.0,0.1,10,5,0.5,True,42
batch_size,64,83,83,5,0.6213190221425259,0.6202534660696983,0.001,64,4,2,128,0.1,64,75,0.0,0.1,10,5,0.5,True,42
batch_size,64,83,83,6,0.6141618598591198,0.6150648072361946,0.001,64,4,2,128,0.1,64,75,0.0,0.1,10,5,0.5,True,42
batch_size,64,83,83,7,0.6071295227968332,0.6170008257031441,0.001,64,4,2,128,0.1,64,75,0.0,0.1,10,5,0.5,True,42
batch_size,64,83,83,8,0.6043751682295944,0.6257339715957642,0.001,64,4,2,128,0.1,64,75,0.0,0.1,10,5,0.5,True,42
batch_size,64,83,83,9,0.5889911123297431,0.6179507300257683,0.001,64,4,2,128,0.1,64,75,0.0,0.1,10,5,0.5,True,42
batch_size,64,83,83,10,0.5809495458097169,0.6121011190116405,0.001,64,4,2,128,0.1,64,75,0.0,0.1,10,5,0.5,True,42
batch_size,64,83,83,11,0.5718843182831099,0.630773052573204,0.001,64,4,2,128,0.1,64,75,0.0,0.1,10,5,0.5,True,42
batch_size,64,83,83,12,0.5610377467942961,0.68829195946455,0.001,64,4,2,128,0.1,64,75,0.0,0.1,10,5,0.5,True,42
batch_size,64,83,83,13,0.5479566269751751,0.6599687077105045,0.001,64,4,2,128,0.1,64,75,0.0,0.1,10,5,0.5,True,42
batch_size,64,83,83,14,0.5423301693164941,0.6862260773777962,0.001,64,4,2,128,0.1,64,75,0.0,0.1,10,5,0.5,True,42
batch_size,64,83,83,15,0.5344853256687974,0.6567064821720123,0.001,64,4,2,128,0.1,64,75,0.0,0.1,10,5,0.5,True,42
batch_size,64,83,83,16,0.5117152802871935,0.6654423102736473,0.001,64,4,2,128,0.1,64,75,0.0,0.1,10,5,0.5,True,42
batch_size,64,83,83,17,0.4787131507288326,0.7424409911036491,0.001,64,4,2,128,0.1,64,75,0.0,0.1,10,5,0.5,True,42
batch_size,64,83,83,18,0.4606938560803731,0.7259156703948975,0.001,64,4,2,128,0.1,64,75,0.0,0.1,10,5,0.5,True,42
batch_size,64,83,83,19,0.4452013337250912,0.788836944848299,0.001,64,4,2,128,0.1,64,75,0.0,0.1,10,5,0.5,True,42
batch_size,64,83,83,20,0.4308857615246917,0.7325298711657524,0.001,64,4,2,128,0.1,64,75,0.0,0.1,10,5,0.5,True,42
batch_size,64,84,84,1,0.6957274088353822,0.6723018288612366,0.001,64,4,2,128,0.1,64,75,0.0,0.1,10,5,0.5,True,42
batch_size,64,84,84,2,0.6690415062687614,0.6600597314536572,0.001,64,4,2,128,0.1,64,75,0.0,0.1,10,5,0.5,True,42
batch_size,64,84,84,3,0.6568610650120359,0.6752082891762257,0.001,64,4,2,128,0.1,64,75,0.0,0.1,10,5,0.5,True,42
batch_size,64,84,84,4,0.6303759280479315,0.6244493871927261,0.001,64,4,2,128,0.1,64,75,0.0,0.1,10,5,0.5,True,42
batch_size,64,84,84,5,0.623484267429872,0.6312984153628349,0.001,64,4,2,128,0.1,64,75,0.0,0.1,10,5,0.5,True,42
batch_size,64,84,84,6,0.6040152555162256,0.615934494882822,0.001,64,4,2,128,0.1,64,75,0.0,0.1,10,5,0.5,True,42
batch_size,64,84,84,7,0.5934764282269911,0.6166034564375877,0.001,64,4,2,128,0.1,64,75,0.0,0.1,10,5,0.5,True,42
batch_size,64,84,84,8,0.5942242633212697,0.6617437861859798,0.001,64,4,2,128,0.1,64,75,0.0,0.1,10,5,0.5,True,42
batch_size,64,84,84,9,0.5792162626078634,0.6190249994397163,0.001,64,4,2,128,0.1,64,75,0.0,0.1,10,5,0.5,True,42
batch_size,64,84,84,10,0.5657489715200482,0.6227558180689812,0.001,64,4,2,128,0.1,64,75,0.0,0.1,10,5,0.5,True,42
batch_size,64,84,84,11,0.5601002325614294,0.6149081140756607,0.001,64,4,2,128,0.1,64,75,0.0,0.1,10,5,0.5,True,42
batch_size,64,84,84,12,0.5463590527122671,0.6415311135351658,0.001,64,4,2,128,0.1,64,75,0.0,0.1,10,5,0.5,True,42
batch_size,64,84,84,13,0.5362974459474737,0.6379133835434914,0.001,64,4,2,128,0.1,64,75,0.0,0.1,10,5,0.5,True,42
batch_size,64,84,84,14,0.5163427419734724,0.6523994542658329,0.001,64,4,2,128,0.1,64,75,0.0,0.1,10,5,0.5,True,42
batch_size,64,84,84,15,0.5173838025692737,0.6253312788903713,0.001,64,4,2,128,0.1,64,75,0.0,0.1,10,5,0.5,True,42
batch_size,64,84,84,16,0.5009507315628456,0.6504593156278133,0.001,64,4,2,128,0.1,64,75,0.0,0.1,10,5,0.5,True,42
batch_size,64,84,84,17,0.47282499210401013,0.7003288939595222,0.001,64,4,2,128,0.1,64,75,0.0,0.1,10,5,0.5,True,42
batch_size,64,84,84,18,0.43208931386470795,0.7218952178955078,0.001,64,4,2,128,0.1,64,75,0.0,0.1,10,5,0.5,True,42
batch_size,64,84,84,19,0.4136141466371941,0.7117716521024704,0.001,64,4,2,128,0.1,64,75,0.0,0.1,10,5,0.5,True,42
batch_size,64,84,84,20,0.3849519601825512,0.7919589653611183,0.001,64,4,2,128,0.1,64,75,0.0,0.1,10,5,0.5,True,42
batch_size,64,84,84,21,0.3847094178199768,0.725654661655426,0.001,64,4,2,128,0.1,64,75,0.0,0.1,10,5,0.5,True,42
batch_size,64,85,85,1,0.7070916845942988,0.6963828653097153,0.001,64,4,2,128,0.1,64,75,0.0,0.1,10,5,0.5,True,42
batch_size,64,85,85,2,0.6801081877766233,0.6793315261602402,0.001,64,4,2,128,0.1,64,75,0.0,0.1,10,5,0.5,True,42
batch_size,64,85,85,3,0.6613320419282624,0.6449290812015533,0.001,64,4,2,128,0.1,64,75,0.0,0.1,10,5,0.5,True,42
batch_size,64,85,85,4,0.644083657951066,0.6583408638834953,0.001,64,4,2,128,0.1,64,75,0.0,0.1,10,5,0.5,True,42
batch_size,64,85,85,5,0.6364108522733053,0.630950715392828,0.001,64,4,2,128,0.1,64,75,0.0,0.1,10,5,0.5,True,42
batch_size,64,85,85,6,0.6188544206547014,0.6306791305541992,0.001,64,4,2,128,0.1,64,75,0.0,0.1,10,5,0.5,True,42
batch_size,64,85,85,7,0.6389411796223033,0.6540456041693687,0.001,64,4,2,128,0.1,64,75,0.0,0.1,10,5,0.5,True,42
batch_size,64,85,85,8,0.6170700716249871,0.6809912584722042,0.001,64,4,2,128,0.1,64,75,0.0,0.1,10,5,0.5,True,42
batch_size,64,85,85,9,0.6115166924216531,0.6326570212841034,0.001,64,4,2,128,0.1,64,75,0.0,0.1,10,5,0.5,True,42
batch_size,64,85,85,10,0.6017343243866256,0.6262060776352882,0.001,64,4,2,128,0.1,64,75,0.0,0.1,10,5,0.5,True,42
batch_size,64,85,85,11,0.5912308769695687,0.6255278661847115,0.001,64,4,2,128,0.1,64,75,0.0,0.1,10,5,0.5,True,42
batch_size,64,85,85,12,0.5855482879913214,0.6269190907478333,0.001,64,4,2,128,0.1,64,75,0.0,0.1,10,5,0.5,True,42
batch_size,64,85,85,13,0.5755831983053323,0.6467675305902958,0.001,64,4,2,128,0.1,64,75,0.0,0.1,10,5,0.5,True,42
batch_size,64,85,85,14,0.568993963526957,0.6371981985867023,0.001,64,4,2,128,0.1,64,75,0.0,0.1,10,5,0.5,True,42
batch_size,64,85,85,15,0.5583129800630339,0.6757127121090889,0.001,64,4,2,128,0.1,64,75,0.0,0.1,10,5,0.5,True,42
batch_size,64,85,85,16,0.5366469757123427,0.6749287396669388,0.001,64,4,2,128,0.1,64,75,0.0,0.1,10,5,0.5,True,42
batch_size,64,85,85,17,0.5294691965435491,0.6685054451227188,0.001,64,4,2,128,0.1,64,75,0.0,0.1,10,5,0.5,True,42
batch_size,64,85,85,18,0.4843450373772419,0.6837782375514507,0.001,64,4,2,128,0.1,64,75,0.0,0.1,10,5,0.5,True,42
batch_size,64,85,85,19,0.46741766279393976,0.7086721509695053,0.001,64,4,2,128,0.1,64,75,0.0,0.1,10,5,0.5,True,42
batch_size,64,85,85,20,0.4591262336030151,0.7464194186031818,0.001,64,4,2,128,0.1,64,75,0.0,0.1,10,5,0.5,True,42
batch_size,64,85,85,21,0.44385064280394354,0.7917948216199875,0.001,64,4,2,128,0.1,64,75,0.0,0.1,10,5,0.5,True,42
batch_size,64,86,86,1,0.6905186411106226,0.6720863431692123,0.001,64,4,2,128,0.1,64,75,0.0,0.1,10,5,0.5,True,42
batch_size,64,86,86,2,0.6607562890558532,0.6876621209084988,0.001,64,4,2,128,0.1,64,75,0.0,0.1,10,5,0.5,True,42
batch_size,64,86,86,3,0.6393844765244108,0.6579577252268791,0.001,64,4,2,128,0.1,64,75,0.0,0.1,10,5,0.5,True,42
batch_size,64,86,86,4,0.6246764840501727,0.6585933566093445,0.001,64,4,2,128,0.1,64,75,0.0,0.1,10,5,0.5,True,42
batch_size,64,86,86,5,0.610188443552364,0.6477891206741333,0.001,64,4,2,128,0.1,64,75,0.0,0.1,10,5,0.5,True,42
batch_size,64,86,86,6,0.600778748591741,0.6466404870152473,0.001,64,4,2,128,0.1,64,75,0.0,0.1,10,5,0.5,True,42
batch_size,64,86,86,7,0.5970911541671464,0.6501203738152981,0.001,64,4,2,128,0.1,64,75,0.0,0.1,10,5,0.5,True,42
batch_size,64,86,86,8,0.5946299429192687,0.6737870164215565,0.001,64,4,2,128,0.1,64,75,0.0,0.1,10,5,0.5,True,42
batch_size,64,86,86,9,0.5871188807668108,0.6417451277375221,0.001,64,4,2,128,0.1,64,75,0.0,0.1,10,5,0.5,True,42
batch_size,64,86,86,10,0.5650069257526686,0.6569304317235947,0.001,64,4,2,128,0.1,64,75,0.0,0.1,10,5,0.5,True,42
batch_size,64,86,86,11,0.5617695112120021,0.7000726126134396,0.001,64,4,2,128,0.1,64,75,0.0,0.1,10,5,0.5,True,42
batch_size,64,86,86,12,0.5550692004687858,0.6908944621682167,0.001,64,4,2,128,0.1,64,75,0.0,0.1,10,5,0.5,True,42
batch_size,64,86,86,13,0.5418321458679257,0.6936039105057716,0.001,64,4,2,128,0.1,64,75,0.0,0.1,10,5,0.5,True,42
batch_size,64,86,86,14,0.534744839776646,0.6656054928898811,0.001,64,4,2,128,0.1,64,75,0.0,0.1,10,5,0.5,True,42
batch_size,64,86,86,15,0.5178426549290166,0.702408742159605,0.001,64,4,2,128,0.1,64,75,0.0,0.1,10,5,0.5,True,42
batch_size,64,86,86,16,0.47210862058581726,0.7186285555362701,0.001,64,4,2,128,0.1,64,75,0.0,0.1,10,5,0.5,True,42
batch_size,64,86,86,17,0.4497329949429541,0.7512257695198059,0.001,64,4,2,128,0.1,64,75,0.0,0.1,10,5,0.5,True,42
batch_size,64,86,86,18,0.4369405729301048,0.7893476486206055,0.001,64,4,2,128,0.1,64,75,0.0,0.1,10,5,0.5,True,42
batch_size,64,86,86,19,0.4218642752278935,0.8637099899351597,0.001,64,4,2,128,0.1,64,75,0.0,0.1,10,5,0.5,True,42
batch_size,64,87,87,1,0.7104850203701945,0.6814840361475945,0.001,64,4,2,128,0.1,64,75,0.0,0.1,10,5,0.5,True,42
batch_size,64,87,87,2,0.6683182282881304,0.7134083658456802,0.001,64,4,2,128,0.1,64,75,0.0,0.1,10,5,0.5,True,42
batch_size,64,87,87,3,0.6430180470148722,0.6411881595849991,0.001,64,4,2,128,0.1,64,75,0.0,0.1,10,5,0.5,True,42
batch_size,64,87,87,4,0.630892689480926,0.6364595741033554,0.001,64,4,2,128,0.1,64,75,0.0,0.1,10,5,0.5,True,42
batch_size,64,87,87,5,0.6221935496185765,0.6617389507591724,0.001,64,4,2,128,0.1,64,75,0.0,0.1,10,5,0.5,True,42
batch_size,64,87,87,6,0.6145492792129517,0.6234212704002857,0.001,64,4,2,128,0.1,64,75,0.0,0.1,10,5,0.5,True,42
batch_size,64,87,87,7,0.6158572480534062,0.6203584969043732,0.001,64,4,2,128,0.1,64,75,0.0,0.1,10,5,0.5,True,42
batch_size,64,87,87,8,0.5990719018560468,0.6398130729794502,0.001,64,4,2,128,0.1,64,75,0.0,0.1,10,5,0.5,True,42
batch_size,64,87,87,9,0.6048736111684279,0.6210147775709629,0.001,64,4,2,128,0.1,64,75,0.0,0.1,10,5,0.5,True,42
batch_size,64,87,87,10,0.5923001978433493,0.6172728389501572,0.001,64,4,2,128,0.1,64,75,0.0,0.1,10,5,0.5,True,42
batch_size,64,87,87,11,0.5743862395033692,0.6439844258129597,0.001,64,4,2,128,0.1,64,75,0.0,0.1,10,5,0.5,True,42
batch_size,64,87,87,12,0.5635376125574112,0.6929953247308731,0.001,64,4,2,128,0.1,64,75,0.0,0.1,10,5,0.5,True,42
batch_size,64,87,87,13,0.5500954705657382,0.6495284773409367,0.001,64,4,2,128,0.1,64,75,0.0,0.1,10,5,0.5,True,42
batch_size,64,87,87,14,0.5423322604461149,0.7101972177624702,0.001,64,4,2,128,0.1,64,75,0.0,0.1,10,5,0.5,True,42
batch_size,64,87,87,15,0.5340553716276631,0.6692886129021645,0.001,64,4,2,128,0.1,64,75,0.0,0.1,10,5,0.5,True,42
batch_size,64,87,87,16,0.5211091687281927,0.7507317624986172,0.001,64,4,2,128,0.1,64,75,0.0,0.1,10,5,0.5,True,42
batch_size,64,87,87,17,0.48130182831576374,0.7021639719605446,0.001,64,4,2,128,0.1,64,75,0.0,0.1,10,5,0.5,True,42
batch_size,64,87,87,18,0.4621375564372901,0.7164526581764221,0.001,64,4,2,128,0.1,64,75,0.0,0.1,10,5,0.5,True,42
batch_size,64,87,87,19,0.4510229500857266,0.7322557084262371,0.001,64,4,2,128,0.1,64,75,0.0,0.1,10,5,0.5,True,42
batch_size,64,87,87,20,0.4372556706269582,0.7088098153471947,0.001,64,4,2,128,0.1,64,75,0.0,0.1,10,5,0.5,True,42
batch_size,64,88,88,1,0.6966622896266706,0.6874454990029335,0.001,64,4,2,128,0.1,64,75,0.0,0.1,10,5,0.5,True,42
batch_size,64,88,88,2,0.6798651949925856,0.6630966886878014,0.001,64,4,2,128,0.1,64,75,0.0,0.1,10,5,0.5,True,42
batch_size,64,88,88,3,0.6542034700061335,0.6672582104802132,0.001,64,4,2,128,0.1,64,75,0.0,0.1,10,5,0.5,True,42
batch_size,64,88,88,4,0.6386967265244686,0.6333236619830132,0.001,64,4,2,128,0.1,64,75,0.0,0.1,10,5,0.5,True,42
batch_size,64,88,88,5,0.6293494367238247,0.6291384249925613,0.001,64,4,2,128,0.1,64,75,0.0,0.1,10,5,0.5,True,42
batch_size,64,88,88,6,0.6247769264560757,0.6317672580480576,0.001,64,4,2,128,0.1,64,75,0.0,0.1,10,5,0.5,True,42
batch_size,64,88,88,7,0.6156722225926139,0.6902155876159668,0.001,64,4,2,128,0.1,64,75,0.0,0.1,10,5,0.5,True,42
batch_size,64,88,88,8,0.603650484121207,0.6741532534360886,0.001,64,4,2,128,0.1,64,75,0.0,0.1,10,5,0.5,True,42
batch_size,64,88,88,9,0.5994737437277129,0.639522984623909,0.001,64,4,2,128,0.1,64,75,0.0,0.1,10,5,0.5,True,42
batch_size,64,88,88,10,0.5883021155993143,0.6499047912657261,0.001,64,4,2,128,0.1,64,75,0.0,0.1,10,5,0.5,True,42
batch_size,64,88,88,11,0.578036570187771,0.6673650592565536,0.001,64,4,2,128,0.1,64,75,0.0,0.1,10,5,0.5,True,42
batch_size,64,88,88,12,0.5690915846463406,0.6896508894860744,0.001,64,4,2,128,0.1,64,75,0.0,0.1,10,5,0.5,True,42
batch_size,64,88,88,13,0.5576850067485463,0.674852941185236,0.001,64,4,2,128,0.1,64,75,0.0,0.1,10,5,0.5,True,42
batch_size,64,88,88,14,0.5387666229948853,0.6718108654022217,0.001,64,4,2,128,0.1,64,75,0.0,0.1,10,5,0.5,True,42
batch_size,64,88,88,15,0.5274324132637545,0.659462533891201,0.001,64,4,2,128,0.1,64,75,0.0,0.1,10,5,0.5,True,42
batch_size,64,89,89,1,0.6951049710765029,0.6773103624582291,0.001,64,4,2,128,0.1,64,75,0.0,0.1,10,5,0.5,True,42
batch_size,64,89,89,2,0.6691853404045105,0.6896826811134815,0.001,64,4,2,128,0.1,64,75,0.0,0.1,10,5,0.5,True,42
batch_size,64,89,89,3,0.6548123332587156,0.6491367891430855,0.001,64,4,2,128,0.1,64,75,0.0,0.1,10,5,0.5,True,42
batch_size,64,89,89,4,0.6254365326780261,0.6372914239764214,0.001,64,4,2,128,0.1,64,75,0.0,0.1,10,5,0.5,True,42
batch_size,64,89,89,5,0.61572736862934,0.6289431378245354,0.001,64,4,2,128,0.1,64,75,0.0,0.1,10,5,0.5,True,42
batch_size,64,89,89,6,0.6151694872162559,0.6223965883255005,0.001,64,4,2,128,0.1,64,75,0.0,0.1,10,5,0.5,True,42
batch_size,64,89,89,7,0.6063110354271802,0.636982187628746,0.001,64,4,2,128,0.1,64,75,0.0,0.1,10,5,0.5,True,42
batch_size,64,89,89,8,0.5988036014816978,0.6413955092430115,0.001,64,4,2,128,0.1,64,75,0.0,0.1,10,5,0.5,True,42
batch_size,64,89,89,9,0.5847068686376918,0.6465723365545273,0.001,64,4,2,128,0.1,64,75,0.0,0.1,10,5,0.5,True,42
batch_size,64,89,89,10,0.5803285354014599,0.6529729887843132,0.001,64,4,2,128,0.1,64,75,0.0,0.1,10,5,0.5,True,42
batch_size,64,89,89,11,0.5720847551569794,0.632546916604042,0.001,64,4,2,128,0.1,64,75,0.0,0.1,10,5,0.5,True,42
batch_size,64,89,89,12,0.5477433457519069,0.7473864294588566,0.001,64,4,2,128,0.1,64,75,0.0,0.1,10,5,0.5,True,42
batch_size,64,89,89,13,0.5221621845707749,0.6841094493865967,0.001,64,4,2,128,0.1,64,75,0.0,0.1,10,5,0.5,True,42
batch_size,64,89,89,14,0.5063610451691078,0.7023293301463127,0.001,64,4,2,128,0.1,64,75,0.0,0.1,10,5,0.5,True,42
batch_size,64,89,89,15,0.49244052532947424,0.7170497700572014,0.001,64,4,2,128,0.1,64,75,0.0,0.1,10,5,0.5,True,42
batch_size,64,89,89,16,0.4728746730269808,0.7196000330150127,0.001,64,4,2,128,0.1,64,75,0.0,0.1,10,5,0.5,True,42
batch_size,64,90,90,1,0.6951821934093129,0.6813421696424484,0.001,64,4,2,128,0.1,64,75,0.0,0.1,10,5,0.5,True,42
batch_size,64,90,90,2,0.6732625988396731,0.6633941158652306,0.001,64,4,2,128,0.1,64,75,0.0,0.1,10,5,0.5,True,42
batch_size,64,90,90,3,0.649412063035098,0.6496372818946838,0.001,64,4,2,128,0.1,64,75,0.0,0.1,10,5,0.5,True,42
batch_size,64,90,90,4,0.6400893610535245,0.6391893625259399,0.001,64,4,2,128,0.1,64,75,0.0,0.1,10,5,0.5,True,42
batch_size,64,90,90,5,0.6259115320263486,0.6454175114631653,0.001,64,4,2,128,0.1,64,75,0.0,0.1,10,5,0.5,True,42
batch_size,64,90,90,6,0.6115808721744653,0.63190907984972,0.001,64,4,2,128,0.1,64,75,0.0,0.1,10,5,0.5,True,42
batch_size,64,90,90,7,0.6100164462219585,0.6342300102114677,0.001,64,4,2,128,0.1,64,75,0.0,0.1,10,5,0.5,True,42
batch_size,64,90,90,8,0.6015693572434512,0.6253658533096313,0.001,64,4,2,128,0.1,64,75,0.0,0.1,10,5,0.5,True,42
batch_size,64,90,90,9,0.5906999802047556,0.6960381120443344,0.001,64,4,2,128,0.1,64,75,0.0,0.1,10,5,0.5,True,42
batch_size,64,90,90,10,0.5941990320429658,0.6175026521086693,0.001,64,4,2,128,0.1,64,75,0.0,0.1,10,5,0.5,True,42
batch_size,64,90,90,11,0.5859260690031629,0.6796816289424896,0.001,64,4,2,128,0.1,64,75,0.0,0.1,10,5,0.5,True,42
batch_size,64,90,90,12,0.5624712687550169,0.6201028227806091,0.001,64,4,2,128,0.1,64,75,0.0,0.1,10,5,0.5,True,42
batch_size,64,90,90,13,0.5591750226237557,0.6415754556655884,0.001,64,4,2,128,0.1,64,75,0.0,0.1,10,5,0.5,True,42
batch_size,64,90,90,14,0.5557599943695646,0.6074343025684357,0.001,64,4,2,128,0.1,64,75,0.0,0.1,10,5,0.5,True,42
batch_size,64,90,90,15,0.537978832468842,0.7136755809187889,0.001,64,4,2,128,0.1,64,75,0.0,0.1,10,5,0.5,True,42
batch_size,64,90,90,16,0.5417022921822288,0.6560139320790768,0.001,64,4,2,128,0.1,64,75,0.0,0.1,10,5,0.5,True,42
batch_size,64,90,90,17,0.512465166774663,0.6669035404920578,0.001,64,4,2,128,0.1,64,75,0.0,0.1,10,5,0.5,True,42
batch_size,64,90,90,18,0.49716399068182165,0.6879964619874954,0.001,64,4,2,128,0.1,64,75,0.0,0.1,10,5,0.5,True,42
batch_size,64,90,90,19,0.48879890776041784,0.6595422178506851,0.001,64,4,2,128,0.1,64,75,0.0,0.1,10,5,0.5,True,42
batch_size,64,90,90,20,0.4805215186241901,0.7967605665326118,0.001,64,4,2,128,0.1,64,75,0.0,0.1,10,5,0.5,True,42
batch_size,64,90,90,21,0.42961466222098377,0.7306565120816231,0.001,64,4,2,128,0.1,64,75,0.0,0.1,10,5,0.5,True,42
batch_size,64,90,90,22,0.4132535705963771,0.7773168236017227,0.001,64,4,2,128,0.1,64,75,0.0,0.1,10,5,0.5,True,42
batch_size,64,90,90,23,0.3905390193968108,0.863654650747776,0.001,64,4,2,128,0.1,64,75,0.0,0.1,10,5,0.5,True,42
batch_size,64,90,90,24,0.37492916597561404,0.8804918751120567,0.001,64,4,2,128,0.1,64,75,0.0,0.1,10,5,0.5,True,42
batch_size,64,91,91,1,0.6908530394236246,0.6680409982800484,0.001,64,4,2,128,0.1,64,75,0.0,0.1,10,5,0.5,True,42
batch_size,64,91,91,2,0.6660415457956719,0.658322811126709,0.001,64,4,2,128,0.1,64,75,0.0,0.1,10,5,0.5,True,42
batch_size,64,91,91,3,0.6466251268531337,0.6439348757266998,0.001,64,4,2,128,0.1,64,75,0.0,0.1,10,5,0.5,True,42
batch_size,64,91,91,4,0.6312866066441392,0.6670384034514427,0.001,64,4,2,128,0.1,64,75,0.0,0.1,10,5,0.5,True,42
batch_size,64,91,91,5,0.6179238395257429,0.6386992260813713,0.001,64,4,2,128,0.1,64,75,0.0,0.1,10,5,0.5,True,42
batch_size,64,91,91,6,0.6067344550833558,0.6277184188365936,0.001,64,4,2,128,0.1,64,75,0.0,0.1,10,5,0.5,True,42
batch_size,64,91,91,7,0.5988837096727255,0.628870777785778,0.001,64,4,2,128,0.1,64,75,0.0,0.1,10,5,0.5,True,42
batch_size,64,91,91,8,0.5896819816394285,0.6226062253117561,0.001,64,4,2,128,0.1,64,75,0.0,0.1,10,5,0.5,True,42
batch_size,64,91,91,9,0.5807515689820955,0.6188204139471054,0.001,64,4,2,128,0.1,64,75,0.0,0.1,10,5,0.5,True,42
batch_size,64,91,91,10,0.5839000615206632,0.6044704802334309,0.001,64,4,2,128,0.1,64,75,0.0,0.1,10,5,0.5,True,42
batch_size,64,91,91,11,0.5613012955044255,0.6345593333244324,0.001,64,4,2,128,0.1,64,75,0.0,0.1,10,5,0.5,True,42
batch_size,64,91,91,12,0.5520045147700743,0.6179633848369122,0.001,64,4,2,128,0.1,64,75,0.0,0.1,10,5,0.5,True,42
batch_size,64,91,91,13,0.5439088276841424,0.6543870940804482,0.001,64,4,2,128,0.1,64,75,0.0,0.1,10,5,0.5,True,42
batch_size,64,91,91,14,0.5472528853199699,0.6713579595088959,0.001,64,4,2,128,0.1,64,75,0.0,0.1,10,5,0.5,True,42
batch_size,64,91,91,15,0.5301772333455809,0.6445888392627239,0.001,64,4,2,128,0.1,64,75,0.0,0.1,10,5,0.5,True,42
batch_size,64,91,91,16,0.5031726152607889,0.6661096252501011,0.001,64,4,2,128,0.1,64,75,0.0,0.1,10,5,0.5,True,42
batch_size,64,91,91,17,0.4676481697595481,0.6479137428104877,0.001,64,4,2,128,0.1,64,75,0.0,0.1,10,5,0.5,True,42
batch_size,64,91,91,18,0.4541430035323808,0.689818412065506,0.001,64,4,2,128,0.1,64,75,0.0,0.1,10,5,0.5,True,42
batch_size,64,91,91,19,0.44057226406805444,0.6868585869669914,0.001,64,4,2,128,0.1,64,75,0.0,0.1,10,5,0.5,True,42
batch_size,64,91,91,20,0.41983433429038886,0.7505696341395378,0.001,64,4,2,128,0.1,64,75,0.0,0.1,10,5,0.5,True,42
batch_size,64,92,92,1,0.6978715883963036,0.6947327181696892,0.001,64,4,2,128,0.1,64,75,0.0,0.1,10,5,0.5,True,42
batch_size,64,92,92,2,0.6786272426446279,0.6803088709712029,0.001,64,4,2,128,0.1,64,75,0.0,0.1,10,5,0.5,True,42
batch_size,64,92,92,3,0.6645374234878656,0.6631686165928841,0.001,64,4,2,128,0.1,64,75,0.0,0.1,10,5,0.5,True,42
batch_size,64,92,92,4,0.6473758121331533,0.648577407002449,0.001,64,4,2,128,0.1,64,75,0.0,0.1,10,5,0.5,True,42
batch_size,64,92,92,5,0.6297842462857565,0.6879557184875011,0.001,64,4,2,128,0.1,64,75,0.0,0.1,10,5,0.5,True,42
batch_size,64,92,92,6,0.6282321846846378,0.6999635957181454,0.001,64,4,2,128,0.1,64,75,0.0,0.1,10,5,0.5,True,42
batch_size,64,92,92,7,0.6180219587051508,0.7437665425240993,0.001,64,4,2,128,0.1,64,75,0.0,0.1,10,5,0.5,True,42
batch_size,64,92,92,8,0.6185939727407513,0.6532351300120354,0.001,64,4,2,128,0.1,64,75,0.0,0.1,10,5,0.5,True,42
batch_size,64,92,92,9,0.6147419783202085,0.6437451988458633,0.001,64,4,2,128,0.1,64,75,0.0,0.1,10,5,0.5,True,42
batch_size,64,92,92,10,0.5916431446870168,0.6384747102856636,0.001,64,4,2,128,0.1,64,75,0.0,0.1,10,5,0.5,True,42
batch_size,64,92,92,11,0.5775948735800657,0.6606550440192223,0.001,64,4,2,128,0.1,64,75,0.0,0.1,10,5,0.5,True,42
batch_size,64,92,92,12,0.573746353839383,0.6389477923512459,0.001,64,4,2,128,0.1,64,75,0.0,0.1,10,5,0.5,True,42
batch_size,64,92,92,13,0.5659145667697444,0.6677008308470249,0.001,64,4,2,128,0.1,64,75,0.0,0.1,10,5,0.5,True,42
batch_size,64,92,92,14,0.5512703223661943,0.6453293338418007,0.001,64,4,2,128,0.1,64,75,0.0,0.1,10,5,0.5,True,42
batch_size,64,92,92,15,0.5493327031532923,0.6518877595663071,0.001,64,4,2,128,0.1,64,75,0.0,0.1,10,5,0.5,True,42
batch_size,64,92,92,16,0.5240998349406503,0.6809820607304573,0.001,64,4,2,128,0.1,64,75,0.0,0.1,10,5,0.5,True,42
batch_size,64,92,92,17,0.49462225671970483,0.6769545301795006,0.001,64,4,2,128,0.1,64,75,0.0,0.1,10,5,0.5,True,42
batch_size,64,92,92,18,0.47021650726144965,0.7213483676314354,0.001,64,4,2,128,0.1,64,75,0.0,0.1,10,5,0.5,True,42
batch_size,64,92,92,19,0.45776839328534674,0.7241430506110191,0.001,64,4,2,128,0.1,64,75,0.0,0.1,10,5,0.5,True,42
batch_size,64,92,92,20,0.4434000800053279,0.7443317472934723,0.001,64,4,2,128,0.1,64,75,0.0,0.1,10,5,0.5,True,42
batch_size,64,93,93,1,0.696993606560158,0.6707472875714302,0.001,64,4,2,128,0.1,64,75,0.0,0.1,10,5,0.5,True,42
batch_size,64,93,93,2,0.6656382833466385,0.6573437005281448,0.001,64,4,2,128,0.1,64,75,0.0,0.1,10,5,0.5,True,42
batch_size,64,93,93,3,0.654436165636236,0.6570640578866005,0.001,64,4,2,128,0.1,64,75,0.0,0.1,10,5,0.5,True,42
batch_size,64,93,93,4,0.6367778498114962,0.6577984392642975,0.001,64,4,2,128,0.1,64,75,0.0,0.1,10,5,0.5,True,42
batch_size,64,93,93,5,0.627847208218141,0.6529839895665646,0.001,64,4,2,128,0.1,64,75,0.0,0.1,10,5,0.5,True,42
batch_size,64,93,93,6,0.6189343495802446,0.6491004079580307,0.001,64,4,2,128,0.1,64,75,0.0,0.1,10,5,0.5,True,42
batch_size,64,93,93,7,0.6139033554178296,0.6285937577486038,0.001,64,4,2,128,0.1,64,75,0.0,0.1,10,5,0.5,True,42
batch_size,64,93,93,8,0.6034781350330873,0.6839397065341473,0.001,64,4,2,128,0.1,64,75,0.0,0.1,10,5,0.5,True,42
batch_size,64,93,93,9,0.6052503089110056,0.6393709108233452,0.001,64,4,2,128,0.1,64,75,0.0,0.1,10,5,0.5,True,42
batch_size,64,93,93,10,0.5921514169736342,0.6810681894421577,0.001,64,4,2,128,0.1,64,75,0.0,0.1,10,5,0.5,True,42
batch_size,64,93,93,11,0.5762498730962927,0.622697725892067,0.001,64,4,2,128,0.1,64,75,0.0,0.1,10,5,0.5,True,42
batch_size,64,93,93,12,0.5780811129194318,0.6599775329232216,0.001,64,4,2,128,0.1,64,75,0.0,0.1,10,5,0.5,True,42
batch_size,64,93,93,13,0.5611240290331118,0.6313736215233803,0.001,64,4,2,128,0.1,64,75,0.0,0.1,10,5,0.5,True,42
batch_size,64,93,93,14,0.5463433816577449,0.6722197122871876,0.001,64,4,2,128,0.1,64,75,0.0,0.1,10,5,0.5,True,42
batch_size,64,93,93,15,0.5366526404113481,0.6557147204875946,0.001,64,4,2,128,0.1,64,75,0.0,0.1,10,5,0.5,True,42
batch_size,64,93,93,16,0.5307872331503666,0.6416258290410042,0.001,64,4,2,128,0.1,64,75,0.0,0.1,10,5,0.5,True,42
batch_size,64,93,93,17,0.511607721899495,0.6644130423665047,0.001,64,4,2,128,0.1,64,75,0.0,0.1,10,5,0.5,True,42
batch_size,64,93,93,18,0.46418318513667944,0.7008934840559959,0.001,64,4,2,128,0.1,64,75,0.0,0.1,10,5,0.5,True,42
batch_size,64,93,93,19,0.4487706192515113,0.7356357425451279,0.001,64,4,2,128,0.1,64,75,0.0,0.1,10,5,0.5,True,42
batch_size,64,93,93,20,0.41864582760767505,0.759221263229847,0.001,64,4,2,128,0.1,64,75,0.0,0.1,10,5,0.5,True,42
batch_size,64,93,93,21,0.40763776139779523,0.7768808752298355,0.001,64,4,2,128,0.1,64,75,0.0,0.1,10,5,0.5,True,42
batch_size,64,94,94,1,0.7009692562348915,0.6795688346028328,0.001,64,4,2,128,0.1,64,75,0.0,0.1,10,5,0.5,True,42
batch_size,64,94,94,2,0.6740114002516775,0.6630577966570854,0.001,64,4,2,128,0.1,64,75,0.0,0.1,10,5,0.5,True,42
batch_size,64,94,94,3,0.652729821024519,0.6505460292100906,0.001,64,4,2,128,0.1,64,75,0.0,0.1,10,5,0.5,True,42
batch_size,64,94,94,4,0.6310322095047344,0.6434080600738525,0.001,64,4,2,128,0.1,64,75,0.0,0.1,10,5,0.5,True,42
batch_size,64,94,94,5,0.6184948050614559,0.6865624338388443,0.001,64,4,2,128,0.1,64,75,0.0,0.1,10,5,0.5,True,42
batch_size,64,94,94,6,0.6108083174084172,0.682968657463789,0.001,64,4,2,128,0.1,64,75,0.0,0.1,10,5,0.5,True,42
batch_size,64,94,94,7,0.6021640183347644,0.6363452896475792,0.001,64,4,2,128,0.1,64,75,0.0,0.1,10,5,0.5,True,42
batch_size,64,94,94,8,0.596755886168191,0.6309953294694424,0.001,64,4,2,128,0.1,64,75,0.0,0.1,10,5,0.5,True,42
batch_size,64,94,94,9,0.5786378482977549,0.6678359135985374,0.001,64,4,2,128,0.1,64,75,0.0,0.1,10,5,0.5,True,42
batch_size,64,94,94,10,0.586402177810669,0.6910848431289196,0.001,64,4,2,128,0.1,64,75,0.0,0.1,10,5,0.5,True,42
batch_size,64,94,94,11,0.5688360766931013,0.6851969584822655,0.001,64,4,2,128,0.1,64,75,0.0,0.1,10,5,0.5,True,42
batch_size,64,94,94,12,0.5673894430651809,0.6760283559560776,0.001,64,4,2,128,0.1,64,75,0.0,0.1,10,5,0.5,True,42
batch_size,64,94,94,13,0.5459816830627846,0.7297727353870869,0.001,64,4,2,128,0.1,64,75,0.0,0.1,10,5,0.5,True,42
batch_size,64,94,94,14,0.536274383465449,0.6975135281682014,0.001,64,4,2,128,0.1,64,75,0.0,0.1,10,5,0.5,True,42
batch_size,64,94,94,15,0.49824667293013947,0.6990176141262054,0.001,64,4,2,128,0.1,64,75,0.0,0.1,10,5,0.5,True,42
batch_size,64,94,94,16,0.4665219548976783,0.7993621900677681,0.001,64,4,2,128,0.1,64,75,0.0,0.1,10,5,0.5,True,42
batch_size,64,94,94,17,0.457137021151456,0.7811457142233849,0.001,64,4,2,128,0.1,64,75,0.0,0.1,10,5,0.5,True,42
batch_size,64,94,94,18,0.4386871335181323,0.8033485561609268,0.001,64,4,2,128,0.1,64,75,0.0,0.1,10,5,0.5,True,42
batch_size,64,95,95,1,0.6897812874028177,0.6694724187254906,0.001,64,4,2,128,0.1,64,75,0.0,0.1,10,5,0.5,True,42
batch_size,64,95,95,2,0.6670879811951609,0.662422388792038,0.001,64,4,2,128,0.1,64,75,0.0,0.1,10,5,0.5,True,42
batch_size,64,95,95,3,0.6491631260423949,0.6396775767207146,0.001,64,4,2,128,0.1,64,75,0.0,0.1,10,5,0.5,True,42
batch_size,64,95,95,4,0.6338102131178884,0.6151659190654755,0.001,64,4,2,128,0.1,64,75,0.0,0.1,10,5,0.5,True,42
batch_size,64,95,95,5,0.6363875179579763,0.6120985224843025,0.001,64,4,2,128,0.1,64,75,0.0,0.1,10,5,0.5,True,42
batch_size,64,95,95,6,0.607900646148306,0.6169732511043549,0.001,64,4,2,128,0.1,64,75,0.0,0.1,10,5,0.5,True,42
batch_size,64,95,95,7,0.5946797800786567,0.6933543905615807,0.001,64,4,2,128,0.1,64,75,0.0,0.1,10,5,0.5,True,42
batch_size,64,95,95,8,0.588723052631725,0.6151560395956039,0.001,64,4,2,128,0.1,64,75,0.0,0.1,10,5,0.5,True,42
batch_size,64,95,95,9,0.5822847720348474,0.6198344379663467,0.001,64,4,2,128,0.1,64,75,0.0,0.1,10,5,0.5,True,42
batch_size,64,95,95,10,0.5817644442572738,0.6246750801801682,0.001,64,4,2,128,0.1,64,75,0.0,0.1,10,5,0.5,True,42
batch_size,64,95,95,11,0.5652820504072941,0.6637857034802437,0.001,64,4,2,128,0.1,64,75,0.0,0.1,10,5,0.5,True,42
batch_size,64,95,95,12,0.5256200057990623,0.6756919398903847,0.001,64,4,2,128,0.1,64,75,0.0,0.1,10,5,0.5,True,42
batch_size,64,95,95,13,0.5202776451002468,0.702716551721096,0.001,64,4,2,128,0.1,64,75,0.0,0.1,10,5,0.5,True,42
batch_size,64,95,95,14,0.49467685502586944,0.7307978719472885,0.001,64,4,2,128,0.1,64,75,0.0,0.1,10,5,0.5,True,42
batch_size,64,95,95,15,0.4827286569458066,0.738303929567337,0.001,64,4,2,128,0.1,64,75,0.0,0.1,10,5,0.5,True,42
batch_size,64,96,96,1,0.7028514742851257,0.6913015469908714,0.001,64,4,2,128,0.1,64,75,0.0,0.1,10,5,0.5,True,42
batch_size,64,96,96,2,0.668259578220772,0.660508893430233,0.001,64,4,2,128,0.1,64,75,0.0,0.1,10,5,0.5,True,42
batch_size,64,96,96,3,0.6588768507495071,0.646304402500391,0.001,64,4,2,128,0.1,64,75,0.0,0.1,10,5,0.5,True,42
batch_size,64,96,96,4,0.6535036961237589,0.6265700533986092,0.001,64,4,2,128,0.1,64,75,0.0,0.1,10,5,0.5,True,42
batch_size,64,96,96,5,0.637476513783137,0.6482024118304253,0.001,64,4,2,128,0.1,64,75,0.0,0.1,10,5,0.5,True,42
batch_size,64,96,96,6,0.6234418099576776,0.6307655200362206,0.001,64,4,2,128,0.1,64,75,0.0,0.1,10,5,0.5,True,42
batch_size,64,96,96,7,0.6079130579124797,0.6661807112395763,0.001,64,4,2,128,0.1,64,75,0.0,0.1,10,5,0.5,True,42
batch_size,64,96,96,8,0.5966220994790395,0.660689614713192,0.001,64,4,2,128,0.1,64,75,0.0,0.1,10,5,0.5,True,42
batch_size,64,96,96,9,0.6000168820222219,0.6349205635488033,0.001,64,4,2,128,0.1,64,75,0.0,0.1,10,5,0.5,True,42
batch_size,64,96,96,10,0.5843243567329465,0.6424144543707371,0.001,64,4,2,128,0.1,64,75,0.0,0.1,10,5,0.5,True,42
batch_size,64,96,96,11,0.5582476167967825,0.6379467621445656,0.001,64,4,2,128,0.1,64,75,0.0,0.1,10,5,0.5,True,42
batch_size,64,96,96,12,0.5522079201358737,0.660035528242588,0.001,64,4,2,128,0.1,64,75,0.0,0.1,10,5,0.5,True,42
batch_size,64,96,96,13,0.5475557979309198,0.6820314936339855,0.001,64,4,2,128,0.1,64,75,0.0,0.1,10,5,0.5,True,42
batch_size,64,96,96,14,0.532608530738137,0.6476602703332901,0.001,64,4,2,128,0.1,64,75,0.0,0.1,10,5,0.5,True,42
batch_size,64,97,97,1,0.694615981795571,0.6937989220023155,0.001,64,4,2,128,0.1,64,75,0.0,0.1,10,5,0.5,True,42
batch_size,64,97,97,2,0.6712031292192864,0.6775500550866127,0.001,64,4,2,128,0.1,64,75,0.0,0.1,10,5,0.5,True,42
batch_size,64,97,97,3,0.6535441785147695,0.6451426446437836,0.001,64,4,2,128,0.1,64,75,0.0,0.1,10,5,0.5,True,42
batch_size,64,97,97,4,0.623162309328715,0.6451379284262657,0.001,64,4,2,128,0.1,64,75,0.0,0.1,10,5,0.5,True,42
batch_size,64,97,97,5,0.6190983675646059,0.6526826210319996,0.001,64,4,2,128,0.1,64,75,0.0,0.1,10,5,0.5,True,42
batch_size,64,97,97,6,0.6161872428475004,0.6347524300217628,0.001,64,4,2,128,0.1,64,75,0.0,0.1,10,5,0.5,True,42
batch_size,64,97,97,7,0.6079210602875912,0.6306121423840523,0.001,64,4,2,128,0.1,64,75,0.0,0.1,10,5,0.5,True,42
batch_size,64,97,97,8,0.597203918930256,0.6469460800290108,0.001,64,4,2,128,0.1,64,75,0.0,0.1,10,5,0.5,True,42
batch_size,64,97,97,9,0.5887574594129216,0.6300813257694244,0.001,64,4,2,128,0.1,64,75,0.0,0.1,10,5,0.5,True,42
batch_size,64,97,97,10,0.5813943852077831,0.6421268209815025,0.001,64,4,2,128,0.1,64,75,0.0,0.1,10,5,0.5,True,42
batch_size,64,97,97,11,0.5674402438329927,0.6356633603572845,0.001,64,4,2,128,0.1,64,75,0.0,0.1,10,5,0.5,True,42
batch_size,64,97,97,12,0.5607184921250199,0.6738131418824196,0.001,64,4,2,128,0.1,64,75,0.0,0.1,10,5,0.5,True,42
batch_size,64,97,97,13,0.5599558344393065,0.6967891603708267,0.001,64,4,2,128,0.1,64,75,0.0,0.1,10,5,0.5,True,42
batch_size,64,97,97,14,0.5430153441248518,0.6700457856059074,0.001,64,4,2,128,0.1,64,75,0.0,0.1,10,5,0.5,True,42
batch_size,64,97,97,15,0.523780062343135,0.6345775797963142,0.001,64,4,2,128,0.1,64,75,0.0,0.1,10,5,0.5,True,42
batch_size,64,97,97,16,0.4918200400742618,0.6758366078138351,0.001,64,4,2,128,0.1,64,75,0.0,0.1,10,5,0.5,True,42
batch_size,64,97,97,17,0.4728514552116394,0.6796663999557495,0.001,64,4,2,128,0.1,64,75,0.0,0.1,10,5,0.5,True,42
batch_size,64,97,97,18,0.45366582003506745,0.6629136577248573,0.001,64,4,2,128,0.1,64,75,0.0,0.1,10,5,0.5,True,42
batch_size,64,97,97,19,0.44887430920745386,0.6873103529214859,0.001,64,4,2,128,0.1,64,75,0.0,0.1,10,5,0.5,True,42
batch_size,64,98,98,1,0.693229163234884,0.685529425740242,0.001,64,4,2,128,0.1,64,75,0.0,0.1,10,5,0.5,True,42
batch_size,64,98,98,2,0.6650366611552961,0.6610056832432747,0.001,64,4,2,128,0.1,64,75,0.0,0.1,10,5,0.5,True,42
batch_size,64,98,98,3,0.6391645724123175,0.6560574546456337,0.001,64,4,2,128,0.1,64,75,0.0,0.1,10,5,0.5,True,42
batch_size,64,98,98,4,0.6181916197141012,0.7239125221967697,0.001,64,4,2,128,0.1,64,75,0.0,0.1,10,5,0.5,True,42
batch_size,64,98,98,5,0.620540847380956,0.6608789972960949,0.001,64,4,2,128,0.1,64,75,0.0,0.1,10,5,0.5,True,42
batch_size,64,98,98,6,0.6048300117254257,0.6330158933997154,0.001,64,4,2,128,0.1,64,75,0.0,0.1,10,5,0.5,True,42
batch_size,64,98,98,7,0.6031275793458476,0.6352979615330696,0.001,64,4,2,128,0.1,64,75,0.0,0.1,10,5,0.5,True,42
batch_size,64,98,98,8,0.6026302901181307,0.6481129080057144,0.001,64,4,2,128,0.1,64,75,0.0,0.1,10,5,0.5,True,42
batch_size,64,98,98,9,0.5912643490415631,0.6750032976269722,0.001,64,4,2,128,0.1,64,75,0.0,0.1,10,5,0.5,True,42
batch_size,64,98,98,10,0.5814280103553425,0.6684341914951801,0.001,64,4,2,128,0.1,64,75,0.0,0.1,10,5,0.5,True,42
batch_size,64,98,98,11,0.5748605845552502,0.6611237898468971,0.001,64,4,2,128,0.1,64,75,0.0,0.1,10,5,0.5,True,42
batch_size,64,98,98,12,0.565690326871294,0.6990808956325054,0.001,64,4,2,128,0.1,64,75,0.0,0.1,10,5,0.5,True,42
batch_size,64,98,98,13,0.5509382825006138,0.6808519139885902,0.001,64,4,2,128,0.1,64,75,0.0,0.1,10,5,0.5,True,42
batch_size,64,98,98,14,0.5227886555772839,0.6898854300379753,0.001,64,4,2,128,0.1,64,75,0.0,0.1,10,5,0.5,True,42
batch_size,64,98,98,15,0.5179616131565787,0.706628855317831,0.001,64,4,2,128,0.1,64,75,0.0,0.1,10,5,0.5,True,42
batch_size,64,98,98,16,0.5090801155928409,0.7415264584124088,0.001,64,4,2,128,0.1,64,75,0.0,0.1,10,5,0.5,True,42
batch_size,64,99,99,1,0.6980981465541956,0.7125901430845261,0.001,64,4,2,128,0.1,64,75,0.0,0.1,10,5,0.5,True,42
batch_size,64,99,99,2,0.6638984355059537,0.6680402532219887,0.001,64,4,2,128,0.1,64,75,0.0,0.1,10,5,0.5,True,42
batch_size,64,99,99,3,0.6384421090284983,0.6620010137557983,0.001,64,4,2,128,0.1,64,75,0.0,0.1,10,5,0.5,True,42
batch_size,64,99,99,4,0.6230745541326927,0.6612104773521423,0.001,64,4,2,128,0.1,64,75,0.0,0.1,10,5,0.5,True,42
batch_size,64,99,99,5,0.6140662946484305,0.7178953215479851,0.001,64,4,2,128,0.1,64,75,0.0,0.1,10,5,0.5,True,42
batch_size,64,99,99,6,0.6078385376568997,0.6447723545134068,0.001,64,4,2,128,0.1,64,75,0.0,0.1,10,5,0.5,True,42
batch_size,64,99,99,7,0.5972111785050594,0.6547151505947113,0.001,64,4,2,128,0.1,64,75,0.0,0.1,10,5,0.5,True,42
batch_size,64,99,99,8,0.591524727416761,0.6576281189918518,0.001,64,4,2,128,0.1,64,75,0.0,0.1,10,5,0.5,True,42
batch_size,64,99,99,9,0.5776875610604431,0.6638570874929428,0.001,64,4,2,128,0.1,64,75,0.0,0.1,10,5,0.5,True,42
batch_size,64,99,99,10,0.5747958981629574,0.6611068993806839,0.001,64,4,2,128,0.1,64,75,0.0,0.1,10,5,0.5,True,42
batch_size,64,99,99,11,0.5726400496381702,0.6995408311486244,0.001,64,4,2,128,0.1,64,75,0.0,0.1,10,5,0.5,True,42
batch_size,64,99,99,12,0.558706388780565,0.6855651959776878,0.001,64,4,2,128,0.1,64,75,0.0,0.1,10,5,0.5,True,42
batch_size,64,99,99,13,0.5229299515485764,0.708513155579567,0.001,64,4,2,128,0.1,64,75,0.0,0.1,10,5,0.5,True,42
batch_size,64,99,99,14,0.5167747487624487,0.7282839491963387,0.001,64,4,2,128,0.1,64,75,0.0,0.1,10,5,0.5,True,42
batch_size,64,99,99,15,0.4970708832596288,0.7439723014831543,0.001,64,4,2,128,0.1,64,75,0.0,0.1,10,5,0.5,True,42
batch_size,64,99,99,16,0.47740607234564697,0.7348757386207581,0.001,64,4,2,128,0.1,64,75,0.0,0.1,10,5,0.5,True,42
batch_size,64,100,100,1,0.6988581861510421,0.6702342554926872,0.001,64,4,2,128,0.1,64,75,0.0,0.1,10,5,0.5,True,42
batch_size,64,100,100,2,0.6605081449855458,0.6180647946894169,0.001,64,4,2,128,0.1,64,75,0.0,0.1,10,5,0.5,True,42
batch_size,64,100,100,3,0.6450458837277961,0.6064529567956924,0.001,64,4,2,128,0.1,64,75,0.0,0.1,10,5,0.5,True,42
batch_size,64,100,100,4,0.6319431761900584,0.5964525900781155,0.001,64,4,2,128,0.1,64,75,0.0,0.1,10,5,0.5,True,42
batch_size,64,100,100,5,0.6237478951613108,0.6049117483198643,0.001,64,4,2,128,0.1,64,75,0.0,0.1,10,5,0.5,True,42
batch_size,64,100,100,6,0.6275364801739202,0.593421708792448,0.001,64,4,2,128,0.1,64,75,0.0,0.1,10,5,0.5,True,42
batch_size,64,100,100,7,0.6093977463967872,0.6079082414507866,0.001,64,4,2,128,0.1,64,75,0.0,0.1,10,5,0.5,True,42
batch_size,64,100,100,8,0.5995606337532853,0.617823738604784,0.001,64,4,2,128,0.1,64,75,0.0,0.1,10,5,0.5,True,42
batch_size,64,100,100,9,0.5972753636764757,0.5964093580842018,0.001,64,4,2,128,0.1,64,75,0.0,0.1,10,5,0.5,True,42
batch_size,64,100,100,10,0.5836023652192318,0.5871388092637062,0.001,64,4,2,128,0.1,64,75,0.0,0.1,10,5,0.5,True,42
batch_size,64,100,100,11,0.5794394088513923,0.6014070175588131,0.001,64,4,2,128,0.1,64,75,0.0,0.1,10,5,0.5,True,42
batch_size,64,100,100,12,0.5622775410160874,0.61528030782938,0.001,64,4,2,128,0.1,64,75,0.0,0.1,10,5,0.5,True,42
batch_size,64,100,100,13,0.5659526085311716,0.6148445717990398,0.001,64,4,2,128,0.1,64,75,0.0,0.1,10,5,0.5,True,42
batch_size,64,100,100,14,0.5416496955987179,0.6105292364954948,0.001,64,4,2,128,0.1,64,75,0.0,0.1,10,5,0.5,True,42
batch_size,64,100,100,15,0.5432662878072623,0.6304505355656147,0.001,64,4,2,128,0.1,64,75,0.0,0.1,10,5,0.5,True,42
batch_size,64,100,100,16,0.527884714531176,0.6546324826776981,0.001,64,4,2,128,0.1,64,75,0.0,0.1,10,5,0.5,True,42
batch_size,64,100,100,17,0.48025770846641425,0.6439976841211319,0.001,64,4,2,128,0.1,64,75,0.0,0.1,10,5,0.5,True,42
batch_size,64,100,100,18,0.46257950591318536,0.6827996298670769,0.001,64,4,2,128,0.1,64,75,0.0,0.1,10,5,0.5,True,42
batch_size,64,100,100,19,0.45744091407819226,0.6854989901185036,0.001,64,4,2,128,0.1,64,75,0.0,0.1,10,5,0.5,True,42
batch_size,64,100,100,20,0.4340441105040637,0.6969981491565704,0.001,64,4,2,128,0.1,64,75,0.0,0.1,10,5,0.5,True,42
batch_size,64,101,101,1,0.694749650630084,0.6765796095132828,0.001,64,4,2,128,0.1,64,75,0.0,0.1,10,5,0.5,True,42
batch_size,64,101,101,2,0.6788755826877825,0.6600350588560104,0.001,64,4,2,128,0.1,64,75,0.0,0.1,10,5,0.5,True,42
batch_size,64,101,101,3,0.6577427757508827,0.6608437448740005,0.001,64,4,2,128,0.1,64,75,0.0,0.1,10,5,0.5,True,42
batch_size,64,101,101,4,0.6368261485388784,0.6752422600984573,0.001,64,4,2,128,0.1,64,75,0.0,0.1,10,5,0.5,True,42
batch_size,64,101,101,5,0.6309655272599423,0.68311607837677,0.001,64,4,2,128,0.1,64,75,0.0,0.1,10,5,0.5,True,42
batch_size,64,101,101,6,0.6152161459128062,0.649585634469986,0.001,64,4,2,128,0.1,64,75,0.0,0.1,10,5,0.5,True,42
batch_size,64,101,101,7,0.6120083350123782,0.6686165146529675,0.001,64,4,2,128,0.1,64,75,0.0,0.1,10,5,0.5,True,42
batch_size,64,101,101,8,0.6007212766192176,0.6693851836025715,0.001,64,4,2,128,0.1,64,75,0.0,0.1,10,5,0.5,True,42
batch_size,64,101,101,9,0.59936108101498,0.6219696775078773,0.001,64,4,2,128,0.1,64,75,0.0,0.1,10,5,0.5,True,42
batch_size,64,101,101,10,0.5784406111095891,0.6479430794715881,0.001,64,4,2,128,0.1,64,75,0.0,0.1,10,5,0.5,True,42
batch_size,64,101,101,11,0.5715838973269318,0.6269209384918213,0.001,64,4,2,128,0.1,64,75,0.0,0.1,10,5,0.5,True,42
batch_size,64,101,101,12,0.5697195800867948,0.6369076445698738,0.001,64,4,2,128,0.1,64,75,0.0,0.1,10,5,0.5,True,42
batch_size,64,101,101,13,0.5537792800953893,0.6507153436541557,0.001,64,4,2,128,0.1,64,75,0.0,0.1,10,5,0.5,True,42
batch_size,64,101,101,14,0.560988701654203,0.6375244632363319,0.001,64,4,2,128,0.1,64,75,0.0,0.1,10,5,0.5,True,42
batch_size,64,101,101,15,0.5321764598290125,0.7739131152629852,0.001,64,4,2,128,0.1,64,75,0.0,0.1,10,5,0.5,True,42
batch_size,64,101,101,16,0.5106185909473535,0.6783972978591919,0.001,64,4,2,128,0.1,64,75,0.0,0.1,10,5,0.5,True,42
batch_size,64,101,101,17,0.4909760586240075,0.7161363661289215,0.001,64,4,2,128,0.1,64,75,0.0,0.1,10,5,0.5,True,42
batch_size,64,101,101,18,0.49087645519863476,0.7220552191138268,0.001,64,4,2,128,0.1,64,75,0.0,0.1,10,5,0.5,True,42
batch_size,64,101,101,19,0.47607964503042627,0.7547516599297523,0.001,64,4,2,128,0.1,64,75,0.0,0.1,10,5,0.5,True,42
batch_size,64,102,102,1,0.7022383736841606,0.6815858036279678,0.001,64,4,2,128,0.1,64,75,0.0,0.1,10,5,0.5,True,42
batch_size,64,102,102,2,0.6719424227873484,0.6667322143912315,0.001,64,4,2,128,0.1,64,75,0.0,0.1,10,5,0.5,True,42
batch_size,64,102,102,3,0.6505946498928648,0.6639081947505474,0.001,64,4,2,128,0.1,64,75,0.0,0.1,10,5,0.5,True,42
batch_size,64,102,102,4,0.6390968064467112,0.6620932891964912,0.001,64,4,2,128,0.1,64,75,0.0,0.1,10,5,0.5,True,42
batch_size,64,102,102,5,0.6298399296673861,0.6756450161337852,0.001,64,4,2,128,0.1,64,75,0.0,0.1,10,5,0.5,True,42
batch_size,64,102,102,6,0.6160910906213702,0.6412029750645161,0.001,64,4,2,128,0.1,64,75,0.0,0.1,10,5,0.5,True,42
batch_size,64,102,102,7,0.6035084426403046,0.6352662034332752,0.001,64,4,2,128,0.1,64,75,0.0,0.1,10,5,0.5,True,42
batch_size,64,102,102,8,0.6051118572552999,0.6418027356266975,0.001,64,4,2,128,0.1,64,75,0.0,0.1,10,5,0.5,True,42
batch_size,64,102,102,9,0.5902906529831163,0.6513449102640152,0.001,64,4,2,128,0.1,64,75,0.0,0.1,10,5,0.5,True,42
batch_size,64,102,102,10,0.589106457251491,0.6461687460541725,0.001,64,4,2,128,0.1,64,75,0.0,0.1,10,5,0.5,True,42
batch_size,64,102,102,11,0.5839628234054103,0.6371262073516846,0.001,64,4,2,128,0.1,64,75,0.0,0.1,10,5,0.5,True,42
batch_size,64,102,102,12,0.5623591388716842,0.6486736461520195,0.001,64,4,2,128,0.1,64,75,0.0,0.1,10,5,0.5,True,42
batch_size,64,102,102,13,0.554326159936009,0.6756582260131836,0.001,64,4,2,128,0.1,64,75,0.0,0.1,10,5,0.5,True,42
batch_size,64,102,102,14,0.5289132938240514,0.6662343069911003,0.001,64,4,2,128,0.1,64,75,0.0,0.1,10,5,0.5,True,42
batch_size,64,102,102,15,0.5115327067447432,0.7205808497965336,0.001,64,4,2,128,0.1,64,75,0.0,0.1,10,5,0.5,True,42
batch_size,64,102,102,16,0.5101911186268835,0.6974214911460876,0.001,64,4,2,128,0.1,64,75,0.0,0.1,10,5,0.5,True,42
batch_size,64,102,102,17,0.49639202744671795,0.6833834797143936,0.001,64,4,2,128,0.1,64,75,0.0,0.1,10,5,0.5,True,42
batch_size,64,103,103,1,0.6973524463899208,0.6788562536239624,0.001,64,4,2,128,0.1,64,75,0.0,0.1,10,5,0.5,True,42
batch_size,64,103,103,2,0.666585208791675,0.6393219605088234,0.001,64,4,2,128,0.1,64,75,0.0,0.1,10,5,0.5,True,42
batch_size,64,103,103,3,0.6616723528414061,0.6332338228821754,0.001,64,4,2,128,0.1,64,75,0.0,0.1,10,5,0.5,True,42
batch_size,64,103,103,4,0.6332908886851687,0.6204300336539745,0.001,64,4,2,128,0.1,64,75,0.0,0.1,10,5,0.5,True,42
batch_size,64,103,103,5,0.6145083285642393,0.6233558282256126,0.001,64,4,2,128,0.1,64,75,0.0,0.1,10,5,0.5,True,42
batch_size,64,103,103,6,0.6183108985424042,0.633498128503561,0.001,64,4,2,128,0.1,64,75,0.0,0.1,10,5,0.5,True,42
batch_size,64,103,103,7,0.604565649321585,0.6386582776904106,0.001,64,4,2,128,0.1,64,75,0.0,0.1,10,5,0.5,True,42
batch_size,64,103,103,8,0.5979999868255673,0.6261570267379284,0.001,64,4,2,128,0.1,64,75,0.0,0.1,10,5,0.5,True,42
batch_size,64,103,103,9,0.5846179954030297,0.6455463357269764,0.001,64,4,2,128,0.1,64,75,0.0,0.1,10,5,0.5,True,42
batch_size,64,103,103,10,0.5743963393298063,0.6270945817232132,0.001,64,4,2,128,0.1,64,75,0.0,0.1,10,5,0.5,True,42
batch_size,64,103,103,11,0.5383045131509955,0.6456714197993279,0.001,64,4,2,128,0.1,64,75,0.0,0.1,10,5,0.5,True,42
batch_size,64,103,103,12,0.5272105245879202,0.6717727854847908,0.001,64,4,2,128,0.1,64,75,0.0,0.1,10,5,0.5,True,42
batch_size,64,103,103,13,0.5322180765144753,0.7319185957312584,0.001,64,4,2,128,0.1,64,75,0.0,0.1,10,5,0.5,True,42
batch_size,64,103,103,14,0.5074706673622131,0.6905114725232124,0.001,64,4,2,128,0.1,64,75,0.0,0.1,10,5,0.5,True,42
batch_size,64,104,104,1,0.7089980172388481,0.7093329578638077,0.001,64,4,2,128,0.1,64,75,0.0,0.1,10,5,0.5,True,42
batch_size,64,104,104,2,0.6817434719114592,0.6607004031538963,0.001,64,4,2,128,0.1,64,75,0.0,0.1,10,5,0.5,True,42
batch_size,64,104,104,3,0.658673885193738,0.673316553235054,0.001,64,4,2,128,0.1,64,75,0.0,0.1,10,5,0.5,True,42
batch_size,64,104,104,4,0.6512400110562643,0.6463185176253319,0.001,64,4,2,128,0.1,64,75,0.0,0.1,10,5,0.5,True,42
batch_size,64,104,104,5,0.6334559818108877,0.6455421671271324,0.001,64,4,2,128,0.1,64,75,0.0,0.1,10,5,0.5,True,42
batch_size,64,104,104,6,0.6187287867069244,0.6209828704595566,0.001,64,4,2,128,0.1,64,75,0.0,0.1,10,5,0.5,True,42
batch_size,64,104,104,7,0.6093143640142499,0.642537996172905,0.001,64,4,2,128,0.1,64,75,0.0,0.1,10,5,0.5,True,42
batch_size,64,104,104,8,0.6035025562300826,0.6209881789982319,0.001,64,4,2,128,0.1,64,75,0.0,0.1,10,5,0.5,True,42
batch_size,64,104,104,9,0.597777500297084,0.634765163064003,0.001,64,4,2,128,0.1,64,75,0.0,0.1,10,5,0.5,True,42
batch_size,64,104,104,10,0.5866390724073757,0.6475788243114948,0.001,64,4,2,128,0.1,64,75,0.0,0.1,10,5,0.5,True,42
batch_size,64,104,104,11,0.5819172317331488,0.6350879073143005,0.001,64,4,2,128,0.1,64,75,0.0,0.1,10,5,0.5,True,42
batch_size,64,104,104,12,0.5838843584060669,0.6371165066957474,0.001,64,4,2,128,0.1,64,75,0.0,0.1,10,5,0.5,True,42
batch_size,64,104,104,13,0.5535808223666567,0.6218053996562958,0.001,64,4,2,128,0.1,64,75,0.0,0.1,10,5,0.5,True,42
batch_size,64,104,104,14,0.5405004674738104,0.6406112164258957,0.001,64,4,2,128,0.1,64,75,0.0,0.1,10,5,0.5,True,42
batch_size,64,104,104,15,0.536121228427598,0.6293697580695152,0.001,64,4,2,128,0.1,64,75,0.0,0.1,10,5,0.5,True,42
batch_size,64,104,104,16,0.5165771503340114,0.69898946210742,0.001,64,4,2,128,0.1,64,75,0.0,0.1,10,5,0.5,True,42
batch_size,64,105,105,1,0.6903447246912754,0.6948365196585655,0.001,64,4,2,128,0.1,64,75,0.0,0.1,10,5,0.5,True,42
batch_size,64,105,105,2,0.6682393686337904,0.6896789632737637,0.001,64,4,2,128,0.1,64,75,0.0,0.1,10,5,0.5,True,42
batch_size,64,105,105,3,0.6432050918087815,0.6763376221060753,0.001,64,4,2,128,0.1,64,75,0.0,0.1,10,5,0.5,True,42
batch_size,64,105,105,4,0.6267985647374933,0.6502289846539497,0.001,64,4,2,128,0.1,64,75,0.0,0.1,10,5,0.5,True,42
batch_size,64,105,105,5,0.6104554217873197,0.6464229077100754,0.001,64,4,2,128,0.1,64,75,0.0,0.1,10,5,0.5,True,42
batch_size,64,105,105,6,0.6063590410983923,0.6412948668003082,0.001,64,4,2,128,0.1,64,75,0.0,0.1,10,5,0.5,True,42
batch_size,64,105,105,7,0.6006779137885931,0.6683301851153374,0.001,64,4,2,128,0.1,64,75,0.0,0.1,10,5,0.5,True,42
batch_size,64,105,105,8,0.5901609641132932,0.653999000787735,0.001,64,4,2,128,0.1,64,75,0.0,0.1,10,5,0.5,True,42
batch_size,64,105,105,9,0.5849013816226613,0.6349793672561646,0.001,64,4,2,128,0.1,64,75,0.0,0.1,10,5,0.5,True,42
batch_size,64,105,105,10,0.5885039716959,0.6542559638619423,0.001,64,4,2,128,0.1,64,75,0.0,0.1,10,5,0.5,True,42
batch_size,64,105,105,11,0.5662242503780307,0.651923343539238,0.001,64,4,2,128,0.1,64,75,0.0,0.1,10,5,0.5,True,42
batch_size,64,105,105,12,0.5500925806435671,0.7242053225636482,0.001,64,4,2,128,0.1,64,75,0.0,0.1,10,5,0.5,True,42
batch_size,64,105,105,13,0.538319290135846,0.6997820436954498,0.001,64,4,2,128,0.1,64,75,0.0,0.1,10,5,0.5,True,42
batch_size,64,105,105,14,0.5317988878849781,0.7292681857943535,0.001,64,4,2,128,0.1,64,75,0.0,0.1,10,5,0.5,True,42
batch_size,64,105,105,15,0.5182906289895376,0.6827270351350307,0.001,64,4,2,128,0.1,64,75,0.0,0.1,10,5,0.5,True,42
batch_size,64,105,105,16,0.4798521151145299,0.7615514397621155,0.001,64,4,2,128,0.1,64,75,0.0,0.1,10,5,0.5,True,42
batch_size,64,105,105,17,0.453486163056258,0.7910595610737801,0.001,64,4,2,128,0.1,64,75,0.0,0.1,10,5,0.5,True,42
batch_size,64,105,105,18,0.44263031311107404,0.8419398218393326,0.001,64,4,2,128,0.1,64,75,0.0,0.1,10,5,0.5,True,42
batch_size,64,105,105,19,0.42198947884819726,0.8935250639915466,0.001,64,4,2,128,0.1,64,75,0.0,0.1,10,5,0.5,True,42
batch_size,64,106,106,1,0.6998048433751771,0.6991406232118607,0.001,64,4,2,128,0.1,64,75,0.0,0.1,10,5,0.5,True,42
batch_size,64,106,106,2,0.6714775733875505,0.660259023308754,0.001,64,4,2,128,0.1,64,75,0.0,0.1,10,5,0.5,True,42
batch_size,64,106,106,3,0.6466218576286779,0.6519686207175255,0.001,64,4,2,128,0.1,64,75,0.0,0.1,10,5,0.5,True,42
batch_size,64,106,106,4,0.6297408486857559,0.6365342363715172,0.001,64,4,2,128,0.1,64,75,0.0,0.1,10,5,0.5,True,42
batch_size,64,106,106,5,0.6177339978290327,0.627233549952507,0.001,64,4,2,128,0.1,64,75,0.0,0.1,10,5,0.5,True,42
batch_size,64,106,106,6,0.6157312275785388,0.6191506683826447,0.001,64,4,2,128,0.1,64,75,0.0,0.1,10,5,0.5,True,42
batch_size,64,106,106,7,0.6015229441902854,0.6184577643871307,0.001,64,4,2,128,0.1,64,75,0.0,0.1,10,5,0.5,True,42
batch_size,64,106,106,8,0.6228068805102146,0.6513695530593395,0.001,64,4,2,128,0.1,64,75,0.0,0.1,10,5,0.5,True,42
batch_size,64,106,106,9,0.5947019507487615,0.6263074912130833,0.001,64,4,2,128,0.1,64,75,0.0,0.1,10,5,0.5,True,42
batch_size,64,106,106,10,0.596121685071425,0.6385744959115982,0.001,64,4,2,128,0.1,64,75,0.0,0.1,10,5,0.5,True,42
batch_size,64,106,106,11,0.5832818543369119,0.6430857703089714,0.001,64,4,2,128,0.1,64,75,0.0,0.1,10,5,0.5,True,42
batch_size,64,106,106,12,0.5672398728854728,0.6294239163398743,0.001,64,4,2,128,0.1,64,75,0.0,0.1,10,5,0.5,True,42
batch_size,64,106,106,13,0.5522616338549238,0.664503138512373,0.001,64,4,2,128,0.1,64,75,0.0,0.1,10,5,0.5,True,42
batch_size,64,106,106,14,0.5255476936246409,0.7629029899835587,0.001,64,4,2,128,0.1,64,75,0.0,0.1,10,5,0.5,True,42
batch_size,64,106,106,15,0.5082419270818884,0.7019909098744392,0.001,64,4,2,128,0.1,64,75,0.0,0.1,10,5,0.5,True,42
batch_size,64,106,106,16,0.4987029591293046,0.6762988716363907,0.001,64,4,2,128,0.1,64,75,0.0,0.1,10,5,0.5,True,42
batch_size,64,106,106,17,0.4774444595430837,0.7096631228923798,0.001,64,4,2,128,0.1,64,75,0.0,0.1,10,5,0.5,True,42
batch_size,64,107,107,1,0.6854998478383729,0.6541863456368446,0.001,64,4,2,128,0.1,64,75,0.0,0.1,10,5,0.5,True,42
batch_size,64,107,107,2,0.6674224373066064,0.641383707523346,0.001,64,4,2,128,0.1,64,75,0.0,0.1,10,5,0.5,True,42
batch_size,64,107,107,3,0.6444132508653583,0.6461386792361736,0.001,64,4,2,128,0.1,64,75,0.0,0.1,10,5,0.5,True,42
batch_size,64,107,107,4,0.6290158927440643,0.6415322460234165,0.001,64,4,2,128,0.1,64,75,0.0,0.1,10,5,0.5,True,42
batch_size,64,107,107,5,0.6193909735390635,0.6477443501353264,0.001,64,4,2,128,0.1,64,75,0.0,0.1,10,5,0.5,True,42
batch_size,64,107,107,6,0.6120405115864493,0.6152167096734047,0.001,64,4,2,128,0.1,64,75,0.0,0.1,10,5,0.5,True,42
batch_size,64,107,107,7,0.5970369798667503,0.6305125616490841,0.001,64,4,2,128,0.1,64,75,0.0,0.1,10,5,0.5,True,42
batch_size,64,107,107,8,0.5957273610613563,0.6416311711072922,0.001,64,4,2,128,0.1,64,75,0.0,0.1,10,5,0.5,True,42
batch_size,64,107,107,9,0.5939073436187975,0.6375072970986366,0.001,64,4,2,128,0.1,64,75,0.0,0.1,10,5,0.5,True,42
batch_size,64,107,107,10,0.584676853183544,0.6364738643169403,0.001,64,4,2,128,0.1,64,75,0.0,0.1,10,5,0.5,True,42
batch_size,64,107,107,11,0.5704344908396403,0.6458127051591873,0.001,64,4,2,128,0.1,64,75,0.0,0.1,10,5,0.5,True,42
batch_size,64,107,107,12,0.564775441180576,0.6343344748020172,0.001,64,4,2,128,0.1,64,75,0.0,0.1,10,5,0.5,True,42
batch_size,64,107,107,13,0.5346597175706517,0.6502103060483932,0.001,64,4,2,128,0.1,64,75,0.0,0.1,10,5,0.5,True,42
batch_size,64,107,107,14,0.5281056400501367,0.6554172188043594,0.001,64,4,2,128,0.1,64,75,0.0,0.1,10,5,0.5,True,42
batch_size,64,107,107,15,0.5080350068482485,0.6896042227745056,0.001,64,4,2,128,0.1,64,75,0.0,0.1,10,5,0.5,True,42
batch_size,64,107,107,16,0.5021817368088346,0.6635480597615242,0.001,64,4,2,128,0.1,64,75,0.0,0.1,10,5,0.5,True,42
batch_size,64,108,108,1,0.6932941711310184,0.6817271411418915,0.001,64,4,2,128,0.1,64,75,0.0,0.1,10,5,0.5,True,42
batch_size,64,108,108,2,0.661393426584475,0.6647544577717781,0.001,64,4,2,128,0.1,64,75,0.0,0.1,10,5,0.5,True,42
batch_size,64,108,108,3,0.637270680882714,0.6781649328768253,0.001,64,4,2,128,0.1,64,75,0.0,0.1,10,5,0.5,True,42
batch_size,64,108,108,4,0.6309416212818839,0.6641100570559502,0.001,64,4,2,128,0.1,64,75,0.0,0.1,10,5,0.5,True,42
batch_size,64,108,108,5,0.6083183387915293,0.6609017327427864,0.001,64,4,2,128,0.1,64,75,0.0,0.1,10,5,0.5,True,42
batch_size,64,108,108,6,0.61560099865451,0.6517016179859638,0.001,64,4,2,128,0.1,64,75,0.0,0.1,10,5,0.5,True,42
batch_size,64,108,108,7,0.5991841771385886,0.6559474170207977,0.001,64,4,2,128,0.1,64,75,0.0,0.1,10,5,0.5,True,42
batch_size,64,108,108,8,0.5841255969170368,0.6457675620913506,0.001,64,4,2,128,0.1,64,75,0.0,0.1,10,5,0.5,True,42
batch_size,64,108,108,9,0.5786408723303766,0.670619897544384,0.001,64,4,2,128,0.1,64,75,0.0,0.1,10,5,0.5,True,42
batch_size,64,108,108,10,0.5815748193047263,0.696491189301014,0.001,64,4,2,128,0.1,64,75,0.0,0.1,10,5,0.5,True,42
batch_size,64,108,108,11,0.5659593646273469,0.6438720300793648,0.001,64,4,2,128,0.1,64,75,0.0,0.1,10,5,0.5,True,42
batch_size,64,108,108,12,0.5572259213888284,0.6403882205486298,0.001,64,4,2,128,0.1,64,75,0.0,0.1,10,5,0.5,True,42
batch_size,64,108,108,13,0.5448778393593702,0.6716141104698181,0.001,64,4,2,128,0.1,64,75,0.0,0.1,10,5,0.5,True,42
batch_size,64,108,108,14,0.5416559342182043,0.656518928706646,0.001,64,4,2,128,0.1,64,75,0.0,0.1,10,5,0.5,True,42
batch_size,64,108,108,15,0.5118846486915242,0.6686806380748749,0.001,64,4,2,128,0.1,64,75,0.0,0.1,10,5,0.5,True,42
batch_size,64,108,108,16,0.5086748067176703,0.7181118726730347,0.001,64,4,2,128,0.1,64,75,0.0,0.1,10,5,0.5,True,42
batch_size,64,108,108,17,0.48234409139011847,0.6852560564875603,0.001,64,4,2,128,0.1,64,75,0.0,0.1,10,5,0.5,True,42
batch_size,64,108,108,18,0.477643119114818,0.7437368333339691,0.001,64,4,2,128,0.1,64,75,0.0,0.1,10,5,0.5,True,42
batch_size,64,108,108,19,0.42667426575313916,0.7715270519256592,0.001,64,4,2,128,0.1,64,75,0.0,0.1,10,5,0.5,True,42
batch_size,64,108,108,20,0.41277737509120593,0.782682865858078,0.001,64,4,2,128,0.1,64,75,0.0,0.1,10,5,0.5,True,42
batch_size,64,108,108,21,0.3868823665561098,0.7757338657975197,0.001,64,4,2,128,0.1,64,75,0.0,0.1,10,5,0.5,True,42
batch_size,64,108,108,22,0.3881462270563299,0.820382758975029,0.001,64,4,2,128,0.1,64,75,0.0,0.1,10,5,0.5,True,42
