trial_number,penalty,C,solver,class_weight,l1_ratio,csp_components,fold,subject,accuracy,f1_score,roc_auc,support
0,elasticnet,1.2250459207136355,saga,balanced,0.2,6,1,1,0.7555555555555555,0.7843137254901961,0.8458498023715415,45
0,elasticnet,1.2250459207136355,saga,balanced,0.2,6,2,2,0.7111111111111111,0.5806451612903226,0.875494071146245,45
0,elasticnet,1.2250459207136355,saga,balanced,0.2,6,3,3,0.4666666666666667,0.4782608695652174,0.4308300395256917,45
0,elasticnet,1.2250459207136355,saga,balanced,0.2,6,4,4,0.4888888888888889,0.6567164179104478,0.8142292490118577,45
0,elasticnet,1.2250459207136355,saga,balanced,0.2,6,5,5,0.4888888888888889,0.6567164179104478,0.36111111111111116,45
0,elasticnet,1.2250459207136355,saga,balanced,0.2,6,6,6,0.5333333333333333,0.0,0.494047619047619,45
0,elasticnet,1.2250459207136355,saga,balanced,0.2,6,7,7,0.7111111111111111,0.7719298245614035,0.9881422924901186,45
0,elasticnet,1.2250459207136355,saga,balanced,0.2,6,8,8,0.6666666666666666,0.6666666666666666,0.691699604743083,45
0,elasticnet,1.2250459207136355,saga,balanced,0.2,6,9,9,0.6,0.5909090909090909,0.5376984126984128,45
0,elasticnet,1.2250459207136355,saga,balanced,0.2,6,10,10,0.6444444444444445,0.6521739130434783,0.6825396825396826,45
0,elasticnet,1.2250459207136355,saga,balanced,0.2,6,11,11,0.5111111111111111,0.6666666666666666,0.4328063241106719,45
0,elasticnet,1.2250459207136355,saga,balanced,0.2,6,12,12,0.6222222222222222,0.5853658536585366,0.7123015873015873,45
0,elasticnet,1.2250459207136355,saga,balanced,0.2,6,13,13,0.8,0.8108108108108109,0.8954248366013071,35
0,elasticnet,1.2250459207136355,saga,balanced,0.2,6,14,14,0.6666666666666666,0.7457627118644068,0.7964426877470356,45
0,elasticnet,1.2250459207136355,saga,balanced,0.2,6,15,15,0.5555555555555556,0.6875,0.9505928853754941,45
0,elasticnet,1.2250459207136355,saga,balanced,0.2,6,16,16,0.5333333333333333,0.6865671641791045,0.7332015810276681,45
0,elasticnet,1.2250459207136355,saga,balanced,0.2,6,17,17,0.5238095238095238,0.0,0.5886363636363636,42
0,elasticnet,1.2250459207136355,saga,balanced,0.2,6,18,18,0.4888888888888889,0.6461538461538462,0.41304347826086957,45
0,elasticnet,1.2250459207136355,saga,balanced,0.2,6,19,19,0.7111111111111111,0.7719298245614035,0.841897233201581,45
0,elasticnet,1.2250459207136355,saga,balanced,0.2,6,20,20,0.5555555555555556,0.5,0.5889328063241106,45
0,elasticnet,1.2250459207136355,saga,balanced,0.2,6,21,21,0.5555555555555556,0.6296296296296297,0.7222222222222222,45
0,elasticnet,1.2250459207136355,saga,balanced,0.2,6,22,22,0.5111111111111111,0.6764705882352942,0.7312252964426877,45
0,elasticnet,1.2250459207136355,saga,balanced,0.2,6,23,23,0.6590909090909091,0.7368421052631579,0.8574380165289256,44
0,elasticnet,1.2250459207136355,saga,balanced,0.2,6,24,24,0.5555555555555556,0.42857142857142855,0.6493506493506493,18
0,elasticnet,1.2250459207136355,saga,balanced,0.2,6,25,25,0.6888888888888889,0.72,0.7628458498023716,45
0,elasticnet,1.2250459207136355,saga,balanced,0.2,6,26,26,0.6222222222222222,0.711864406779661,0.7896825396825397,45
0,elasticnet,1.2250459207136355,saga,balanced,0.2,6,27,27,0.4888888888888889,0.6567164179104478,0.5948616600790514,45
0,elasticnet,1.2250459207136355,saga,balanced,0.2,6,28,28,0.4888888888888889,0.4888888888888889,0.5533596837944663,45
0,elasticnet,1.2250459207136355,saga,balanced,0.2,6,29,29,0.8222222222222222,0.8461538461538461,1.0,45
0,elasticnet,1.2250459207136355,saga,balanced,0.2,6,30,30,0.5555555555555556,0.23076923076923078,0.6746031746031745,45
0,elasticnet,1.2250459207136355,saga,balanced,0.2,6,31,31,0.8666666666666667,0.875,0.9644268774703557,45
0,elasticnet,1.2250459207136355,saga,balanced,0.2,6,32,32,0.7045454545454546,0.7796610169491526,0.9503105590062112,44
0,elasticnet,1.2250459207136355,saga,balanced,0.2,6,33,33,0.7333333333333333,0.6666666666666666,0.8517786561264822,45
0,elasticnet,1.2250459207136355,saga,balanced,0.2,6,34,34,0.8666666666666667,0.8888888888888888,0.9841269841269841,45
0,elasticnet,1.2250459207136355,saga,balanced,0.2,6,35,35,0.6888888888888889,0.5882352941176471,0.8399209486166008,45
0,elasticnet,1.2250459207136355,saga,balanced,0.2,6,36,36,0.36363636363636365,0.46153846153846156,0.4049586776859504,44
0,elasticnet,1.2250459207136355,saga,balanced,0.2,6,37,37,0.5111111111111111,0.0,0.5711462450592886,45
0,elasticnet,1.2250459207136355,saga,balanced,0.2,6,38,38,0.5333333333333333,0.43243243243243246,0.5948616600790514,45
0,elasticnet,1.2250459207136355,saga,balanced,0.2,6,39,39,0.5,0.5,0.5217391304347826,44
0,elasticnet,1.2250459207136355,saga,balanced,0.2,6,40,40,0.6,0.6666666666666666,0.5357142857142857,45
0,elasticnet,1.2250459207136355,saga,balanced,0.2,6,41,41,0.7333333333333333,0.7142857142857143,0.7757936507936508,45
0,elasticnet,1.2250459207136355,saga,balanced,0.2,6,42,42,0.9333333333333333,0.9333333333333333,0.974308300395257,45
0,elasticnet,1.2250459207136355,saga,balanced,0.2,6,43,43,0.8,0.7567567567567568,0.9288537549407114,45
0,elasticnet,1.2250459207136355,saga,balanced,0.2,6,44,44,0.7241379310344828,0.6923076923076923,0.8380952380952381,29
0,elasticnet,1.2250459207136355,saga,balanced,0.2,6,45,45,0.5555555555555556,0.2857142857142857,0.808300395256917,45
0,elasticnet,1.2250459207136355,saga,balanced,0.2,6,46,46,0.6444444444444445,0.6521739130434783,0.725296442687747,45
0,elasticnet,1.2250459207136355,saga,balanced,0.2,6,47,47,0.5111111111111111,0.65625,0.6111111111111112,45
0,elasticnet,1.2250459207136355,saga,balanced,0.2,6,48,48,0.7647058823529411,0.75,0.9714285714285714,17
0,elasticnet,1.2250459207136355,saga,balanced,0.2,6,49,49,0.8444444444444444,0.8444444444444444,0.958498023715415,45
0,elasticnet,1.2250459207136355,saga,balanced,0.2,6,50,50,0.5111111111111111,0.21428571428571427,0.608695652173913,45
0,elasticnet,1.2250459207136355,saga,balanced,0.2,6,51,51,0.5777777777777777,0.17391304347826086,0.5396825396825398,45
0,elasticnet,1.2250459207136355,saga,balanced,0.2,6,52,52,0.7804878048780488,0.7096774193548387,0.8205741626794258,41
0,elasticnet,1.2250459207136355,saga,balanced,0.2,6,53,53,0.5581395348837209,0.5581395348837209,0.5692640692640694,43
0,elasticnet,1.2250459207136355,saga,balanced,0.2,6,54,54,0.5897435897435898,0.6521739130434783,0.782608695652174,39
0,elasticnet,1.2250459207136355,saga,balanced,0.2,6,55,55,0.8888888888888888,0.8837209302325582,0.9268774703557312,45
0,elasticnet,1.2250459207136355,saga,balanced,0.2,6,56,56,0.8409090909090909,0.851063829787234,0.9111570247933884,44
0,elasticnet,1.2250459207136355,saga,balanced,0.2,6,57,57,0.6,0.6538461538461539,0.7083333333333334,45
0,elasticnet,1.2250459207136355,saga,balanced,0.2,6,58,58,0.6222222222222222,0.5405405405405406,0.6646825396825397,45
0,elasticnet,1.2250459207136355,saga,balanced,0.2,6,59,59,0.5333333333333333,0.08695652173913043,0.4464285714285714,45
0,elasticnet,1.2250459207136355,saga,balanced,0.2,6,60,60,0.7727272727272727,0.782608695652174,0.9194214876033058,44
0,elasticnet,1.2250459207136355,saga,balanced,0.2,6,61,61,0.7209302325581395,0.7,0.8398268398268398,43
0,elasticnet,1.2250459207136355,saga,balanced,0.2,6,62,62,0.9333333333333333,0.9302325581395349,0.9861660079051384,45
0,elasticnet,1.2250459207136355,saga,balanced,0.2,6,63,63,0.4883720930232558,0.0,0.5909090909090909,43
0,elasticnet,1.2250459207136355,saga,balanced,0.2,6,64,64,0.5555555555555556,0.6875,0.7786561264822134,45
0,elasticnet,1.2250459207136355,saga,balanced,0.2,6,65,65,0.6888888888888889,0.7407407407407407,0.7976190476190477,45
0,elasticnet,1.2250459207136355,saga,balanced,0.2,6,66,66,0.5333333333333333,0.6440677966101694,0.4980237154150198,45
0,elasticnet,1.2250459207136355,saga,balanced,0.2,6,67,67,0.5111111111111111,0.15384615384615385,0.6106719367588932,45
0,elasticnet,1.2250459207136355,saga,balanced,0.2,6,68,68,0.5555555555555556,0.23076923076923078,0.733201581027668,45
0,elasticnet,1.2250459207136355,saga,balanced,0.2,6,69,69,0.6,0.47058823529411764,0.6527777777777778,45
0,elasticnet,1.2250459207136355,saga,balanced,0.2,6,70,70,0.7333333333333333,0.7,0.8577075098814229,45
0,elasticnet,1.2250459207136355,saga,balanced,0.2,6,71,71,0.7555555555555555,0.6857142857142857,0.9387351778656127,45
0,elasticnet,1.2250459207136355,saga,balanced,0.2,6,72,72,0.9333333333333333,0.9361702127659575,0.9861660079051383,45
0,elasticnet,1.2250459207136355,saga,balanced,0.2,6,73,73,0.5111111111111111,0.6333333333333333,0.7252964426877471,45
0,elasticnet,1.2250459207136355,saga,balanced,0.2,6,74,74,0.4888888888888889,0.5818181818181818,0.5634920634920635,45
0,elasticnet,1.2250459207136355,saga,balanced,0.2,6,75,75,0.8048780487804879,0.7894736842105263,0.9476190476190476,41
0,elasticnet,1.2250459207136355,saga,balanced,0.2,6,76,76,0.6,0.35714285714285715,0.6581027667984191,45
0,elasticnet,1.2250459207136355,saga,balanced,0.2,6,77,77,0.4444444444444444,0.5454545454545454,0.5833333333333334,45
0,elasticnet,1.2250459207136355,saga,balanced,0.2,6,78,78,0.4666666666666667,0.6129032258064516,0.5434782608695652,45
0,elasticnet,1.2250459207136355,saga,balanced,0.2,6,79,79,0.675,0.5517241379310345,0.725,40
0,elasticnet,1.2250459207136355,saga,balanced,0.2,6,80,80,0.5111111111111111,0.0,0.6185770750988142,45
0,elasticnet,1.2250459207136355,saga,balanced,0.2,6,81,81,0.4888888888888889,0.0,0.8379446640316205,45
0,elasticnet,1.2250459207136355,saga,balanced,0.2,6,82,82,0.5333333333333333,0.676923076923077,0.7588932806324111,45
0,elasticnet,1.2250459207136355,saga,balanced,0.2,6,83,83,0.5789473684210527,0.2727272727272727,0.8698060941828254,38
0,elasticnet,1.2250459207136355,saga,balanced,0.2,6,84,84,0.6818181818181818,0.6956521739130435,0.7494824016563147,44
0,elasticnet,1.2250459207136355,saga,balanced,0.2,6,85,85,0.5454545454545454,0.6774193548387096,0.9606625258799172,44
0,elasticnet,1.2250459207136355,saga,balanced,0.2,6,86,86,0.7954545454545454,0.7804878048780488,0.8985507246376812,44
0,elasticnet,1.2250459207136355,saga,balanced,0.2,6,87,87,0.5111111111111111,0.6451612903225806,0.5652173913043479,45
0,elasticnet,1.2250459207136355,saga,balanced,0.2,6,88,88,0.509090909090909,0.3076923076923077,0.6190476190476191,55
0,elasticnet,1.2250459207136355,saga,balanced,0.2,6,89,89,0.6444444444444445,0.6923076923076923,0.7162698412698413,45
0,elasticnet,1.2250459207136355,saga,balanced,0.2,6,90,90,0.5333333333333333,0.5714285714285714,0.5553359683794467,45
0,elasticnet,1.2250459207136355,saga,balanced,0.2,6,91,91,0.5,0.6666666666666666,0.7603305785123966,44
0,elasticnet,1.2250459207136355,saga,balanced,0.2,6,92,92,0.5714285714285714,0.3684210526315789,0.6884615384615385,56
0,elasticnet,1.2250459207136355,saga,balanced,0.2,6,93,93,0.8888888888888888,0.8888888888888888,0.9110671936758893,45
0,elasticnet,1.2250459207136355,saga,balanced,0.2,6,94,94,0.9772727272727273,0.9787234042553191,1.0,44
0,elasticnet,1.2250459207136355,saga,balanced,0.2,6,95,95,0.39285714285714285,0.5405405405405406,0.5989583333333333,28
0,elasticnet,1.2250459207136355,saga,balanced,0.2,6,96,96,0.4523809523809524,0.6229508196721312,0.5419501133786848,42
0,elasticnet,1.2250459207136355,saga,balanced,0.2,6,97,97,0.5,0.0,0.6198347107438016,44
0,elasticnet,1.2250459207136355,saga,balanced,0.2,6,98,98,0.4888888888888889,0.5964912280701754,0.5335968379446641,45
0,elasticnet,1.2250459207136355,saga,balanced,0.2,6,99,99,0.46511627906976744,0.41025641025641024,0.5606060606060607,43
0,elasticnet,1.2250459207136355,saga,balanced,0.2,6,100,100,0.5277777777777778,0.5641025641025641,0.5709876543209877,36
0,elasticnet,1.2250459207136355,saga,balanced,0.2,6,101,101,0.4888888888888889,0.0,0.6284584980237153,45
0,elasticnet,1.2250459207136355,saga,balanced,0.2,6,102,102,0.7333333333333333,0.7857142857142857,0.8814229249011858,45
0,elasticnet,1.2250459207136355,saga,balanced,0.2,6,103,103,0.6511627906976745,0.6153846153846154,0.7965367965367965,43
0,elasticnet,1.2250459207136355,saga,balanced,0.2,6,104,104,0.5116279069767442,0.6440677966101694,0.48484848484848486,43
0,elasticnet,1.2250459207136355,saga,balanced,0.2,6,105,105,0.5333333333333333,0.16,0.5889328063241107,45
0,elasticnet,1.2250459207136355,saga,balanced,0.2,6,106,106,0.6222222222222222,0.6530612244897959,0.6646825396825397,45
0,elasticnet,1.2250459207136355,saga,balanced,0.2,6,107,107,0.5777777777777777,0.6545454545454545,0.6468253968253967,45
0,elasticnet,1.2250459207136355,saga,balanced,0.2,6,108,108,0.8666666666666667,0.85,0.8952569169960474,45
1,elasticnet,0.1487184073895448,saga,balanced,0.2,6,1,1,0.7555555555555555,0.7843137254901961,0.8458498023715415,45
1,elasticnet,0.1487184073895448,saga,balanced,0.2,6,2,2,0.7111111111111111,0.5806451612903226,0.875494071146245,45
1,elasticnet,0.1487184073895448,saga,balanced,0.2,6,3,3,0.4666666666666667,0.4782608695652174,0.4407114624505929,45
1,elasticnet,0.1487184073895448,saga,balanced,0.2,6,4,4,0.4888888888888889,0.6567164179104478,0.808300395256917,45
1,elasticnet,0.1487184073895448,saga,balanced,0.2,6,5,5,0.4888888888888889,0.6567164179104478,0.3611111111111111,45
1,elasticnet,0.1487184073895448,saga,balanced,0.2,6,6,6,0.5555555555555556,0.09090909090909091,0.49603174603174605,45
1,elasticnet,0.1487184073895448,saga,balanced,0.2,6,7,7,0.7111111111111111,0.7719298245614035,0.9881422924901186,45
1,elasticnet,0.1487184073895448,saga,balanced,0.2,6,8,8,0.6222222222222222,0.6382978723404256,0.691699604743083,45
1,elasticnet,0.1487184073895448,saga,balanced,0.2,6,9,9,0.5777777777777777,0.5777777777777777,0.5396825396825398,45
1,elasticnet,0.1487184073895448,saga,balanced,0.2,6,10,10,0.6222222222222222,0.6222222222222222,0.6825396825396826,45
1,elasticnet,0.1487184073895448,saga,balanced,0.2,6,11,11,0.5111111111111111,0.6666666666666666,0.44466403162055335,45
1,elasticnet,0.1487184073895448,saga,balanced,0.2,6,12,12,0.6222222222222222,0.5853658536585366,0.7063492063492064,45
1,elasticnet,0.1487184073895448,saga,balanced,0.2,6,13,13,0.8,0.8108108108108109,0.8856209150326797,35
1,elasticnet,0.1487184073895448,saga,balanced,0.2,6,14,14,0.6666666666666666,0.7457627118644068,0.7865612648221344,45
1,elasticnet,0.1487184073895448,saga,balanced,0.2,6,15,15,0.5555555555555556,0.6875,0.9505928853754941,45
1,elasticnet,0.1487184073895448,saga,balanced,0.2,6,16,16,0.5333333333333333,0.6865671641791045,0.7233201581027668,45
1,elasticnet,0.1487184073895448,saga,balanced,0.2,6,17,17,0.5238095238095238,0.0,0.5931818181818183,42
1,elasticnet,0.1487184073895448,saga,balanced,0.2,6,18,18,0.4888888888888889,0.6461538461538462,0.4031620553359684,45
1,elasticnet,0.1487184073895448,saga,balanced,0.2,6,19,19,0.7111111111111111,0.7719298245614035,0.841897233201581,45
1,elasticnet,0.1487184073895448,saga,balanced,0.2,6,20,20,0.5555555555555556,0.5,0.5790513833992095,45
1,elasticnet,0.1487184073895448,saga,balanced,0.2,6,21,21,0.5333333333333333,0.6181818181818182,0.7222222222222222,45
1,elasticnet,0.1487184073895448,saga,balanced,0.2,6,22,22,0.5111111111111111,0.6764705882352942,0.7351778656126482,45
1,elasticnet,0.1487184073895448,saga,balanced,0.2,6,23,23,0.6590909090909091,0.7368421052631579,0.8574380165289256,44
1,elasticnet,0.1487184073895448,saga,balanced,0.2,6,24,24,0.5555555555555556,0.42857142857142855,0.6363636363636364,18
1,elasticnet,0.1487184073895448,saga,balanced,0.2,6,25,25,0.6888888888888889,0.72,0.7608695652173914,45
1,elasticnet,0.1487184073895448,saga,balanced,0.2,6,26,26,0.6222222222222222,0.711864406779661,0.7876984126984126,45
1,elasticnet,0.1487184073895448,saga,balanced,0.2,6,27,27,0.4444444444444444,0.6153846153846154,0.5928853754940712,45
1,elasticnet,0.1487184073895448,saga,balanced,0.2,6,28,28,0.5111111111111111,0.5,0.5573122529644268,45
1,elasticnet,0.1487184073895448,saga,balanced,0.2,6,29,29,0.8,0.8301886792452831,1.0,45
1,elasticnet,0.1487184073895448,saga,balanced,0.2,6,30,30,0.5555555555555556,0.23076923076923078,0.6746031746031745,45
1,elasticnet,0.1487184073895448,saga,balanced,0.2,6,31,31,0.8666666666666667,0.875,0.9644268774703557,45
1,elasticnet,0.1487184073895448,saga,balanced,0.2,6,32,32,0.7045454545454546,0.7796610169491526,0.9503105590062112,44
1,elasticnet,0.1487184073895448,saga,balanced,0.2,6,33,33,0.7333333333333333,0.6666666666666666,0.8517786561264822,45
1,elasticnet,0.1487184073895448,saga,balanced,0.2,6,34,34,0.8666666666666667,0.8888888888888888,0.9841269841269841,45
1,elasticnet,0.1487184073895448,saga,balanced,0.2,6,35,35,0.6444444444444445,0.5,0.841897233201581,45
1,elasticnet,0.1487184073895448,saga,balanced,0.2,6,36,36,0.36363636363636365,0.46153846153846156,0.4028925619834711,44
1,elasticnet,0.1487184073895448,saga,balanced,0.2,6,37,37,0.5111111111111111,0.0,0.5711462450592885,45
1,elasticnet,0.1487184073895448,saga,balanced,0.2,6,38,38,0.5111111111111111,0.42105263157894735,0.5968379446640315,45
1,elasticnet,0.1487184073895448,saga,balanced,0.2,6,39,39,0.5227272727272727,0.5333333333333333,0.5196687370600415,44
1,elasticnet,0.1487184073895448,saga,balanced,0.2,6,40,40,0.6,0.6666666666666666,0.5297619047619048,45
1,elasticnet,0.1487184073895448,saga,balanced,0.2,6,41,41,0.7111111111111111,0.6976744186046512,0.7817460317460317,45
1,elasticnet,0.1487184073895448,saga,balanced,0.2,6,42,42,0.9333333333333333,0.9333333333333333,0.9762845849802372,45
1,elasticnet,0.1487184073895448,saga,balanced,0.2,6,43,43,0.8,0.7567567567567568,0.9288537549407114,45
1,elasticnet,0.1487184073895448,saga,balanced,0.2,6,44,44,0.7241379310344828,0.6923076923076923,0.8428571428571429,29
1,elasticnet,0.1487184073895448,saga,balanced,0.2,6,45,45,0.5555555555555556,0.2857142857142857,0.8043478260869565,45
1,elasticnet,0.1487184073895448,saga,balanced,0.2,6,46,46,0.6666666666666666,0.6666666666666666,0.7312252964426879,45
1,elasticnet,0.1487184073895448,saga,balanced,0.2,6,47,47,0.5111111111111111,0.65625,0.6111111111111112,45
1,elasticnet,0.1487184073895448,saga,balanced,0.2,6,48,48,0.7647058823529411,0.75,0.9714285714285714,17
1,elasticnet,0.1487184073895448,saga,balanced,0.2,6,49,49,0.8444444444444444,0.8444444444444444,0.9624505928853755,45
1,elasticnet,0.1487184073895448,saga,balanced,0.2,6,50,50,0.5111111111111111,0.21428571428571427,0.608695652173913,45
1,elasticnet,0.1487184073895448,saga,balanced,0.2,6,51,51,0.5777777777777777,0.17391304347826086,0.5416666666666667,45
1,elasticnet,0.1487184073895448,saga,balanced,0.2,6,52,52,0.7804878048780488,0.7096774193548387,0.8253588516746412,41
1,elasticnet,0.1487184073895448,saga,balanced,0.2,6,53,53,0.5581395348837209,0.5581395348837209,0.5670995670995671,43
1,elasticnet,0.1487184073895448,saga,balanced,0.2,6,54,54,0.5641025641025641,0.6382978723404256,0.782608695652174,39
1,elasticnet,0.1487184073895448,saga,balanced,0.2,6,55,55,0.8666666666666667,0.8571428571428571,0.9268774703557312,45
1,elasticnet,0.1487184073895448,saga,balanced,0.2,6,56,56,0.8409090909090909,0.851063829787234,0.9111570247933884,44
1,elasticnet,0.1487184073895448,saga,balanced,0.2,6,57,57,0.6,0.6538461538461539,0.7103174603174603,45
1,elasticnet,0.1487184073895448,saga,balanced,0.2,6,58,58,0.6,0.5263157894736842,0.6646825396825397,45
1,elasticnet,0.1487184073895448,saga,balanced,0.2,6,59,59,0.5333333333333333,0.08695652173913043,0.4523809523809524,45
1,elasticnet,0.1487184073895448,saga,balanced,0.2,6,60,60,0.7727272727272727,0.782608695652174,0.9194214876033058,44
1,elasticnet,0.1487184073895448,saga,balanced,0.2,6,61,61,0.7209302325581395,0.7,0.8398268398268398,43
1,elasticnet,0.1487184073895448,saga,balanced,0.2,6,62,62,0.9333333333333333,0.9302325581395349,0.9861660079051384,45
1,elasticnet,0.1487184073895448,saga,balanced,0.2,6,63,63,0.5116279069767442,0.08695652173913043,0.5930735930735931,43
1,elasticnet,0.1487184073895448,saga,balanced,0.2,6,64,64,0.5555555555555556,0.6875,0.7806324110671936,45
1,elasticnet,0.1487184073895448,saga,balanced,0.2,6,65,65,0.6888888888888889,0.7407407407407407,0.7956349206349207,45
1,elasticnet,0.1487184073895448,saga,balanced,0.2,6,66,66,0.5333333333333333,0.6440677966101694,0.5,45
1,elasticnet,0.1487184073895448,saga,balanced,0.2,6,67,67,0.5111111111111111,0.15384615384615385,0.6106719367588933,45
1,elasticnet,0.1487184073895448,saga,balanced,0.2,6,68,68,0.5555555555555556,0.23076923076923078,0.7312252964426877,45
1,elasticnet,0.1487184073895448,saga,balanced,0.2,6,69,69,0.6,0.47058823529411764,0.6587301587301587,45
1,elasticnet,0.1487184073895448,saga,balanced,0.2,6,70,70,0.7333333333333333,0.7,0.8596837944664032,45
1,elasticnet,0.1487184073895448,saga,balanced,0.2,6,71,71,0.7555555555555555,0.6857142857142857,0.9407114624505929,45
1,elasticnet,0.1487184073895448,saga,balanced,0.2,6,72,72,0.9333333333333333,0.9361702127659575,0.9841897233201581,45
1,elasticnet,0.1487184073895448,saga,balanced,0.2,6,73,73,0.5111111111111111,0.6333333333333333,0.7193675889328064,45
1,elasticnet,0.1487184073895448,saga,balanced,0.2,6,74,74,0.4888888888888889,0.5818181818181818,0.5575396825396826,45
1,elasticnet,0.1487184073895448,saga,balanced,0.2,6,75,75,0.8292682926829268,0.8108108108108109,0.9452380952380952,41
1,elasticnet,0.1487184073895448,saga,balanced,0.2,6,76,76,0.6,0.35714285714285715,0.6620553359683795,45
1,elasticnet,0.1487184073895448,saga,balanced,0.2,6,77,77,0.4444444444444444,0.5454545454545454,0.5853174603174602,45
1,elasticnet,0.1487184073895448,saga,balanced,0.2,6,78,78,0.4666666666666667,0.6129032258064516,0.5454545454545454,45
1,elasticnet,0.1487184073895448,saga,balanced,0.2,6,79,79,0.675,0.5517241379310345,0.725,40
1,elasticnet,0.1487184073895448,saga,balanced,0.2,6,80,80,0.5111111111111111,0.0,0.6126482213438734,45
1,elasticnet,0.1487184073895448,saga,balanced,0.2,6,81,81,0.4888888888888889,0.0,0.8379446640316205,45
1,elasticnet,0.1487184073895448,saga,balanced,0.2,6,82,82,0.5333333333333333,0.676923076923077,0.7569169960474309,45
1,elasticnet,0.1487184073895448,saga,balanced,0.2,6,83,83,0.5789473684210527,0.2727272727272727,0.8670360110803323,38
1,elasticnet,0.1487184073895448,saga,balanced,0.2,6,84,84,0.6818181818181818,0.6956521739130435,0.7474120082815735,44
1,elasticnet,0.1487184073895448,saga,balanced,0.2,6,85,85,0.5227272727272727,0.6666666666666666,0.9585921325051759,44
1,elasticnet,0.1487184073895448,saga,balanced,0.2,6,86,86,0.7954545454545454,0.7804878048780488,0.9006211180124224,44
1,elasticnet,0.1487184073895448,saga,balanced,0.2,6,87,87,0.5111111111111111,0.6451612903225806,0.575098814229249,45
1,elasticnet,0.1487184073895448,saga,balanced,0.2,6,88,88,0.5272727272727272,0.3157894736842105,0.6177248677248678,55
1,elasticnet,0.1487184073895448,saga,balanced,0.2,6,89,89,0.6666666666666666,0.7058823529411765,0.7182539682539683,45
1,elasticnet,0.1487184073895448,saga,balanced,0.2,6,90,90,0.5333333333333333,0.5531914893617021,0.5573122529644269,45
1,elasticnet,0.1487184073895448,saga,balanced,0.2,6,91,91,0.5,0.6666666666666666,0.7603305785123967,44
1,elasticnet,0.1487184073895448,saga,balanced,0.2,6,92,92,0.5714285714285714,0.3684210526315789,0.6884615384615385,56
1,elasticnet,0.1487184073895448,saga,balanced,0.2,6,93,93,0.8888888888888888,0.8888888888888888,0.9110671936758893,45
1,elasticnet,0.1487184073895448,saga,balanced,0.2,6,94,94,0.9772727272727273,0.9787234042553191,1.0,44
1,elasticnet,0.1487184073895448,saga,balanced,0.2,6,95,95,0.39285714285714285,0.5405405405405406,0.5885416666666667,28
1,elasticnet,0.1487184073895448,saga,balanced,0.2,6,96,96,0.4523809523809524,0.6229508196721312,0.5396825396825398,42
1,elasticnet,0.1487184073895448,saga,balanced,0.2,6,97,97,0.5,0.0,0.6177685950413222,44
1,elasticnet,0.1487184073895448,saga,balanced,0.2,6,98,98,0.5111111111111111,0.6206896551724138,0.5296442687747036,45
1,elasticnet,0.1487184073895448,saga,balanced,0.2,6,99,99,0.46511627906976744,0.41025641025641024,0.5627705627705628,43
1,elasticnet,0.1487184073895448,saga,balanced,0.2,6,100,100,0.5555555555555556,0.6,0.5709876543209876,36
1,elasticnet,0.1487184073895448,saga,balanced,0.2,6,101,101,0.4888888888888889,0.0,0.6383399209486166,45
1,elasticnet,0.1487184073895448,saga,balanced,0.2,6,102,102,0.7111111111111111,0.7719298245614035,0.8794466403162056,45
1,elasticnet,0.1487184073895448,saga,balanced,0.2,6,103,103,0.6511627906976745,0.6153846153846154,0.7965367965367965,43
1,elasticnet,0.1487184073895448,saga,balanced,0.2,6,104,104,0.5116279069767442,0.6440677966101694,0.49783549783549785,43
1,elasticnet,0.1487184073895448,saga,balanced,0.2,6,105,105,0.5333333333333333,0.16,0.5889328063241107,45
1,elasticnet,0.1487184073895448,saga,balanced,0.2,6,106,106,0.6444444444444445,0.6666666666666666,0.6706349206349207,45
1,elasticnet,0.1487184073895448,saga,balanced,0.2,6,107,107,0.6,0.6666666666666666,0.6468253968253969,45
1,elasticnet,0.1487184073895448,saga,balanced,0.2,6,108,108,0.8666666666666667,0.85,0.901185770750988,45
2,elasticnet,0.8171709537556013,saga,balanced,0.5,6,1,1,0.7555555555555555,0.7843137254901961,0.8438735177865613,45
2,elasticnet,0.8171709537556013,saga,balanced,0.5,6,2,2,0.7111111111111111,0.5806451612903226,0.875494071146245,45
2,elasticnet,0.8171709537556013,saga,balanced,0.5,6,3,3,0.4666666666666667,0.4782608695652174,0.432806324110672,45
2,elasticnet,0.8171709537556013,saga,balanced,0.5,6,4,4,0.4888888888888889,0.6567164179104478,0.8122529644268774,45
2,elasticnet,0.8171709537556013,saga,balanced,0.5,6,5,5,0.4888888888888889,0.6567164179104478,0.3591269841269842,45
2,elasticnet,0.8171709537556013,saga,balanced,0.5,6,6,6,0.5333333333333333,0.0,0.494047619047619,45
2,elasticnet,0.8171709537556013,saga,balanced,0.5,6,7,7,0.7111111111111111,0.7719298245614035,0.9881422924901186,45
2,elasticnet,0.8171709537556013,saga,balanced,0.5,6,8,8,0.6666666666666666,0.6666666666666666,0.6936758893280632,45
2,elasticnet,0.8171709537556013,saga,balanced,0.5,6,9,9,0.6222222222222222,0.6046511627906976,0.5376984126984128,45
2,elasticnet,0.8171709537556013,saga,balanced,0.5,6,10,10,0.6444444444444445,0.6521739130434783,0.6805555555555555,45
2,elasticnet,0.8171709537556013,saga,balanced,0.5,6,11,11,0.5111111111111111,0.6666666666666666,0.4328063241106719,45
2,elasticnet,0.8171709537556013,saga,balanced,0.5,6,12,12,0.6222222222222222,0.5853658536585366,0.7123015873015873,45
2,elasticnet,0.8171709537556013,saga,balanced,0.5,6,13,13,0.8,0.8108108108108109,0.892156862745098,35
2,elasticnet,0.8171709537556013,saga,balanced,0.5,6,14,14,0.6666666666666666,0.7457627118644068,0.7944664031620554,45
2,elasticnet,0.8171709537556013,saga,balanced,0.5,6,15,15,0.5555555555555556,0.6875,0.9505928853754941,45
2,elasticnet,0.8171709537556013,saga,balanced,0.5,6,16,16,0.5333333333333333,0.6865671641791045,0.7312252964426877,45
2,elasticnet,0.8171709537556013,saga,balanced,0.5,6,17,17,0.5238095238095238,0.0,0.5909090909090909,42
2,elasticnet,0.8171709537556013,saga,balanced,0.5,6,18,18,0.4888888888888889,0.6461538461538462,0.41304347826086957,45
2,elasticnet,0.8171709537556013,saga,balanced,0.5,6,19,19,0.7111111111111111,0.7719298245614035,0.841897233201581,45
2,elasticnet,0.8171709537556013,saga,balanced,0.5,6,20,20,0.5555555555555556,0.5,0.5869565217391304,45
2,elasticnet,0.8171709537556013,saga,balanced,0.5,6,21,21,0.5555555555555556,0.6296296296296297,0.7222222222222222,45
2,elasticnet,0.8171709537556013,saga,balanced,0.5,6,22,22,0.5111111111111111,0.6764705882352942,0.7351778656126482,45
2,elasticnet,0.8171709537556013,saga,balanced,0.5,6,23,23,0.6590909090909091,0.7368421052631579,0.859504132231405,44
2,elasticnet,0.8171709537556013,saga,balanced,0.5,6,24,24,0.5555555555555556,0.42857142857142855,0.6493506493506493,18
2,elasticnet,0.8171709537556013,saga,balanced,0.5,6,25,25,0.6888888888888889,0.72,0.7628458498023716,45
2,elasticnet,0.8171709537556013,saga,balanced,0.5,6,26,26,0.6222222222222222,0.711864406779661,0.7896825396825397,45
2,elasticnet,0.8171709537556013,saga,balanced,0.5,6,27,27,0.4888888888888889,0.6567164179104478,0.5948616600790514,45
2,elasticnet,0.8171709537556013,saga,balanced,0.5,6,28,28,0.4888888888888889,0.4888888888888889,0.5533596837944663,45
2,elasticnet,0.8171709537556013,saga,balanced,0.5,6,29,29,0.8222222222222222,0.8461538461538461,1.0,45
2,elasticnet,0.8171709537556013,saga,balanced,0.5,6,30,30,0.5555555555555556,0.23076923076923078,0.6746031746031745,45
2,elasticnet,0.8171709537556013,saga,balanced,0.5,6,31,31,0.8666666666666667,0.875,0.9644268774703557,45
2,elasticnet,0.8171709537556013,saga,balanced,0.5,6,32,32,0.7045454545454546,0.7796610169491526,0.9503105590062112,44
2,elasticnet,0.8171709537556013,saga,balanced,0.5,6,33,33,0.7333333333333333,0.6666666666666666,0.8517786561264822,45
2,elasticnet,0.8171709537556013,saga,balanced,0.5,6,34,34,0.8666666666666667,0.8888888888888888,0.9841269841269841,45
2,elasticnet,0.8171709537556013,saga,balanced,0.5,6,35,35,0.6666666666666666,0.5454545454545454,0.8399209486166008,45
2,elasticnet,0.8171709537556013,saga,balanced,0.5,6,36,36,0.36363636363636365,0.46153846153846156,0.4049586776859504,44
2,elasticnet,0.8171709537556013,saga,balanced,0.5,6,37,37,0.5111111111111111,0.0,0.5731225296442688,45
2,elasticnet,0.8171709537556013,saga,balanced,0.5,6,38,38,0.5333333333333333,0.43243243243243246,0.5968379446640316,45
2,elasticnet,0.8171709537556013,saga,balanced,0.5,6,39,39,0.5,0.5,0.5217391304347826,44
2,elasticnet,0.8171709537556013,saga,balanced,0.5,6,40,40,0.6,0.6666666666666666,0.5337301587301587,45
2,elasticnet,0.8171709537556013,saga,balanced,0.5,6,41,41,0.7333333333333333,0.7142857142857143,0.7757936507936508,45
2,elasticnet,0.8171709537556013,saga,balanced,0.5,6,42,42,0.9333333333333333,0.9333333333333333,0.974308300395257,45
2,elasticnet,0.8171709537556013,saga,balanced,0.5,6,43,43,0.8,0.7567567567567568,0.9288537549407114,45
2,elasticnet,0.8171709537556013,saga,balanced,0.5,6,44,44,0.7241379310344828,0.6923076923076923,0.8380952380952381,29
2,elasticnet,0.8171709537556013,saga,balanced,0.5,6,45,45,0.5555555555555556,0.2857142857142857,0.808300395256917,45
2,elasticnet,0.8171709537556013,saga,balanced,0.5,6,46,46,0.6444444444444445,0.6521739130434783,0.725296442687747,45
2,elasticnet,0.8171709537556013,saga,balanced,0.5,6,47,47,0.5111111111111111,0.65625,0.6130952380952381,45
2,elasticnet,0.8171709537556013,saga,balanced,0.5,6,48,48,0.7647058823529411,0.75,0.9714285714285714,17
2,elasticnet,0.8171709537556013,saga,balanced,0.5,6,49,49,0.8444444444444444,0.8444444444444444,0.958498023715415,45
2,elasticnet,0.8171709537556013,saga,balanced,0.5,6,50,50,0.5111111111111111,0.21428571428571427,0.608695652173913,45
2,elasticnet,0.8171709537556013,saga,balanced,0.5,6,51,51,0.5777777777777777,0.17391304347826086,0.5396825396825398,45
2,elasticnet,0.8171709537556013,saga,balanced,0.5,6,52,52,0.7804878048780488,0.7096774193548387,0.8205741626794258,41
2,elasticnet,0.8171709537556013,saga,balanced,0.5,6,53,53,0.5581395348837209,0.5581395348837209,0.5692640692640694,43
2,elasticnet,0.8171709537556013,saga,balanced,0.5,6,54,54,0.5897435897435898,0.6521739130434783,0.782608695652174,39
2,elasticnet,0.8171709537556013,saga,balanced,0.5,6,55,55,0.8888888888888888,0.8837209302325582,0.9268774703557312,45
2,elasticnet,0.8171709537556013,saga,balanced,0.5,6,56,56,0.8409090909090909,0.851063829787234,0.9111570247933884,44
2,elasticnet,0.8171709537556013,saga,balanced,0.5,6,57,57,0.6,0.6538461538461539,0.7063492063492064,45
2,elasticnet,0.8171709537556013,saga,balanced,0.5,6,58,58,0.6222222222222222,0.5405405405405406,0.6686507936507936,45
2,elasticnet,0.8171709537556013,saga,balanced,0.5,6,59,59,0.5333333333333333,0.08695652173913043,0.44841269841269843,45
2,elasticnet,0.8171709537556013,saga,balanced,0.5,6,60,60,0.7727272727272727,0.782608695652174,0.9194214876033058,44
2,elasticnet,0.8171709537556013,saga,balanced,0.5,6,61,61,0.7209302325581395,0.7,0.8398268398268398,43
2,elasticnet,0.8171709537556013,saga,balanced,0.5,6,62,62,0.9333333333333333,0.9302325581395349,0.9861660079051384,45
2,elasticnet,0.8171709537556013,saga,balanced,0.5,6,63,63,0.4883720930232558,0.0,0.5909090909090909,43
2,elasticnet,0.8171709537556013,saga,balanced,0.5,6,64,64,0.5555555555555556,0.6875,0.7786561264822134,45
2,elasticnet,0.8171709537556013,saga,balanced,0.5,6,65,65,0.6888888888888889,0.7407407407407407,0.7956349206349207,45
2,elasticnet,0.8171709537556013,saga,balanced,0.5,6,66,66,0.5333333333333333,0.6440677966101694,0.4980237154150198,45
2,elasticnet,0.8171709537556013,saga,balanced,0.5,6,67,67,0.5111111111111111,0.15384615384615385,0.6086956521739131,45
2,elasticnet,0.8171709537556013,saga,balanced,0.5,6,68,68,0.5555555555555556,0.23076923076923078,0.7312252964426877,45
2,elasticnet,0.8171709537556013,saga,balanced,0.5,6,69,69,0.6,0.47058823529411764,0.6547619047619048,45
2,elasticnet,0.8171709537556013,saga,balanced,0.5,6,70,70,0.7333333333333333,0.7,0.8577075098814229,45
2,elasticnet,0.8171709537556013,saga,balanced,0.5,6,71,71,0.7555555555555555,0.6857142857142857,0.9387351778656127,45
2,elasticnet,0.8171709537556013,saga,balanced,0.5,6,72,72,0.9333333333333333,0.9361702127659575,0.9841897233201581,45
2,elasticnet,0.8171709537556013,saga,balanced,0.5,6,73,73,0.5111111111111111,0.6333333333333333,0.7213438735177866,45
2,elasticnet,0.8171709537556013,saga,balanced,0.5,6,74,74,0.4888888888888889,0.5818181818181818,0.5615079365079365,45
2,elasticnet,0.8171709537556013,saga,balanced,0.5,6,75,75,0.8048780487804879,0.7894736842105263,0.9476190476190476,41
2,elasticnet,0.8171709537556013,saga,balanced,0.5,6,76,76,0.6,0.35714285714285715,0.6581027667984191,45
2,elasticnet,0.8171709537556013,saga,balanced,0.5,6,77,77,0.4444444444444444,0.5454545454545454,0.5853174603174603,45
2,elasticnet,0.8171709537556013,saga,balanced,0.5,6,78,78,0.4666666666666667,0.6129032258064516,0.5454545454545454,45
2,elasticnet,0.8171709537556013,saga,balanced,0.5,6,79,79,0.675,0.5517241379310345,0.725,40
2,elasticnet,0.8171709537556013,saga,balanced,0.5,6,80,80,0.5111111111111111,0.0,0.6146245059288538,45
2,elasticnet,0.8171709537556013,saga,balanced,0.5,6,81,81,0.4888888888888889,0.0,0.8399209486166008,45
2,elasticnet,0.8171709537556013,saga,balanced,0.5,6,82,82,0.5333333333333333,0.676923076923077,0.7588932806324111,45
2,elasticnet,0.8171709537556013,saga,balanced,0.5,6,83,83,0.5789473684210527,0.2727272727272727,0.8670360110803323,38
2,elasticnet,0.8171709537556013,saga,balanced,0.5,6,84,84,0.6818181818181818,0.6956521739130435,0.7494824016563147,44
2,elasticnet,0.8171709537556013,saga,balanced,0.5,6,85,85,0.5454545454545454,0.6774193548387096,0.9585921325051759,44
2,elasticnet,0.8171709537556013,saga,balanced,0.5,6,86,86,0.7954545454545454,0.7804878048780488,0.8985507246376812,44
2,elasticnet,0.8171709537556013,saga,balanced,0.5,6,87,87,0.5111111111111111,0.6451612903225806,0.5652173913043479,45
2,elasticnet,0.8171709537556013,saga,balanced,0.5,6,88,88,0.509090909090909,0.3076923076923077,0.6190476190476191,55
2,elasticnet,0.8171709537556013,saga,balanced,0.5,6,89,89,0.6444444444444445,0.6923076923076923,0.7162698412698413,45
2,elasticnet,0.8171709537556013,saga,balanced,0.5,6,90,90,0.5333333333333333,0.5714285714285714,0.5513833992094861,45
2,elasticnet,0.8171709537556013,saga,balanced,0.5,6,91,91,0.5,0.6666666666666666,0.7582644628099173,44
2,elasticnet,0.8171709537556013,saga,balanced,0.5,6,92,92,0.5714285714285714,0.3684210526315789,0.6884615384615385,56
2,elasticnet,0.8171709537556013,saga,balanced,0.5,6,93,93,0.8888888888888888,0.8888888888888888,0.9110671936758893,45
2,elasticnet,0.8171709537556013,saga,balanced,0.5,6,94,94,0.9772727272727273,0.9787234042553191,1.0,44
2,elasticnet,0.8171709537556013,saga,balanced,0.5,6,95,95,0.39285714285714285,0.5405405405405406,0.5989583333333333,28
2,elasticnet,0.8171709537556013,saga,balanced,0.5,6,96,96,0.4523809523809524,0.6229508196721312,0.5419501133786848,42
2,elasticnet,0.8171709537556013,saga,balanced,0.5,6,97,97,0.5,0.0,0.6198347107438016,44
2,elasticnet,0.8171709537556013,saga,balanced,0.5,6,98,98,0.4888888888888889,0.5964912280701754,0.5316205533596838,45
2,elasticnet,0.8171709537556013,saga,balanced,0.5,6,99,99,0.46511627906976744,0.41025641025641024,0.5606060606060607,43
2,elasticnet,0.8171709537556013,saga,balanced,0.5,6,100,100,0.5277777777777778,0.5641025641025641,0.5709876543209877,36
2,elasticnet,0.8171709537556013,saga,balanced,0.5,6,101,101,0.4888888888888889,0.0,0.6284584980237153,45
2,elasticnet,0.8171709537556013,saga,balanced,0.5,6,102,102,0.7333333333333333,0.7857142857142857,0.8814229249011858,45
2,elasticnet,0.8171709537556013,saga,balanced,0.5,6,103,103,0.6511627906976745,0.6153846153846154,0.7965367965367965,43
2,elasticnet,0.8171709537556013,saga,balanced,0.5,6,104,104,0.5116279069767442,0.6440677966101694,0.48484848484848486,43
2,elasticnet,0.8171709537556013,saga,balanced,0.5,6,105,105,0.5333333333333333,0.16,0.5889328063241107,45
2,elasticnet,0.8171709537556013,saga,balanced,0.5,6,106,106,0.6222222222222222,0.6530612244897959,0.6646825396825397,45
2,elasticnet,0.8171709537556013,saga,balanced,0.5,6,107,107,0.5777777777777777,0.6545454545454545,0.6448412698412699,45
2,elasticnet,0.8171709537556013,saga,balanced,0.5,6,108,108,0.8666666666666667,0.85,0.8952569169960474,45
3,l1,0.18703383739445276,saga,balanced,unused,6,1,1,0.7555555555555555,0.7843137254901961,0.8438735177865613,45
3,l1,0.18703383739445276,saga,balanced,unused,6,2,2,0.7111111111111111,0.5806451612903226,0.8774703557312253,45
3,l1,0.18703383739445276,saga,balanced,unused,6,3,3,0.4666666666666667,0.4782608695652174,0.4426877470355731,45
3,l1,0.18703383739445276,saga,balanced,unused,6,4,4,0.4888888888888889,0.6567164179104478,0.8102766798418972,45
3,l1,0.18703383739445276,saga,balanced,unused,6,5,5,0.4888888888888889,0.6567164179104478,0.3611111111111111,45
3,l1,0.18703383739445276,saga,balanced,unused,6,6,6,0.5555555555555556,0.09090909090909091,0.49007936507936506,45
3,l1,0.18703383739445276,saga,balanced,unused,6,7,7,0.7111111111111111,0.7719298245614035,0.9881422924901186,45
3,l1,0.18703383739445276,saga,balanced,unused,6,8,8,0.6222222222222222,0.6382978723404256,0.683794466403162,45
3,l1,0.18703383739445276,saga,balanced,unused,6,9,9,0.6222222222222222,0.6046511627906976,0.5376984126984127,45
3,l1,0.18703383739445276,saga,balanced,unused,6,10,10,0.6222222222222222,0.6222222222222222,0.6825396825396826,45
3,l1,0.18703383739445276,saga,balanced,unused,6,11,11,0.5111111111111111,0.6666666666666666,0.44861660079051385,45
3,l1,0.18703383739445276,saga,balanced,unused,6,12,12,0.6222222222222222,0.5853658536585366,0.7043650793650794,45
3,l1,0.18703383739445276,saga,balanced,unused,6,13,13,0.8,0.8108108108108109,0.8888888888888888,35
3,l1,0.18703383739445276,saga,balanced,unused,6,14,14,0.6666666666666666,0.7457627118644068,0.7905138339920948,45
3,l1,0.18703383739445276,saga,balanced,unused,6,15,15,0.5555555555555556,0.6875,0.9505928853754941,45
3,l1,0.18703383739445276,saga,balanced,unused,6,16,16,0.5333333333333333,0.6865671641791045,0.7233201581027668,45
3,l1,0.18703383739445276,saga,balanced,unused,6,17,17,0.5238095238095238,0.0,0.5977272727272728,42
3,l1,0.18703383739445276,saga,balanced,unused,6,18,18,0.4888888888888889,0.6461538461538462,0.3932806324110672,45
3,l1,0.18703383739445276,saga,balanced,unused,6,19,19,0.7111111111111111,0.7719298245614035,0.8438735177865613,45
3,l1,0.18703383739445276,saga,balanced,unused,6,20,20,0.5333333333333333,0.46153846153846156,0.5770750988142292,45
3,l1,0.18703383739445276,saga,balanced,unused,6,21,21,0.5555555555555556,0.6428571428571429,0.7301587301587301,45
3,l1,0.18703383739445276,saga,balanced,unused,6,22,22,0.5111111111111111,0.6764705882352942,0.7312252964426877,45
3,l1,0.18703383739445276,saga,balanced,unused,6,23,23,0.6590909090909091,0.7368421052631579,0.8615702479338843,44
3,l1,0.18703383739445276,saga,balanced,unused,6,24,24,0.5555555555555556,0.42857142857142855,0.6363636363636364,18
3,l1,0.18703383739445276,saga,balanced,unused,6,25,25,0.6888888888888889,0.72,0.7648221343873518,45
3,l1,0.18703383739445276,saga,balanced,unused,6,26,26,0.6222222222222222,0.711864406779661,0.7896825396825397,45
3,l1,0.18703383739445276,saga,balanced,unused,6,27,27,0.4444444444444444,0.6153846153846154,0.5968379446640316,45
3,l1,0.18703383739445276,saga,balanced,unused,6,28,28,0.5111111111111111,0.47619047619047616,0.567193675889328,45
3,l1,0.18703383739445276,saga,balanced,unused,6,29,29,0.7777777777777778,0.8148148148148148,1.0,45
3,l1,0.18703383739445276,saga,balanced,unused,6,30,30,0.5555555555555556,0.23076923076923078,0.6746031746031745,45
3,l1,0.18703383739445276,saga,balanced,unused,6,31,31,0.8666666666666667,0.875,0.9664031620553359,45
3,l1,0.18703383739445276,saga,balanced,unused,6,32,32,0.7045454545454546,0.7796610169491526,0.9544513457556936,44
3,l1,0.18703383739445276,saga,balanced,unused,6,33,33,0.7333333333333333,0.6666666666666666,0.8517786561264822,45
3,l1,0.18703383739445276,saga,balanced,unused,6,34,34,0.8666666666666667,0.8888888888888888,0.9841269841269841,45
3,l1,0.18703383739445276,saga,balanced,unused,6,35,35,0.6666666666666666,0.5161290322580645,0.841897233201581,45
3,l1,0.18703383739445276,saga,balanced,unused,6,36,36,0.38636363636363635,0.49056603773584906,0.39669421487603307,44
3,l1,0.18703383739445276,saga,balanced,unused,6,37,37,0.5111111111111111,0.0,0.575098814229249,45
3,l1,0.18703383739445276,saga,balanced,unused,6,38,38,0.5111111111111111,0.42105263157894735,0.5968379446640315,45
3,l1,0.18703383739445276,saga,balanced,unused,6,39,39,0.5,0.5,0.5134575569358177,44
3,l1,0.18703383739445276,saga,balanced,unused,6,40,40,0.5555555555555556,0.6153846153846154,0.5277777777777778,45
3,l1,0.18703383739445276,saga,balanced,unused,6,41,41,0.7333333333333333,0.7142857142857143,0.7817460317460316,45
3,l1,0.18703383739445276,saga,balanced,unused,6,42,42,0.9333333333333333,0.9333333333333333,0.9762845849802372,45
3,l1,0.18703383739445276,saga,balanced,unused,6,43,43,0.8,0.7567567567567568,0.9288537549407115,45
3,l1,0.18703383739445276,saga,balanced,unused,6,44,44,0.7241379310344828,0.6923076923076923,0.8380952380952381,29
3,l1,0.18703383739445276,saga,balanced,unused,6,45,45,0.5555555555555556,0.2857142857142857,0.8003952569169961,45
3,l1,0.18703383739445276,saga,balanced,unused,6,46,46,0.6666666666666666,0.6666666666666666,0.7292490118577076,45
3,l1,0.18703383739445276,saga,balanced,unused,6,47,47,0.5111111111111111,0.65625,0.6150793650793651,45
3,l1,0.18703383739445276,saga,balanced,unused,6,48,48,0.7647058823529411,0.75,0.9714285714285714,17
3,l1,0.18703383739445276,saga,balanced,unused,6,49,49,0.8444444444444444,0.8444444444444444,0.9624505928853755,45
3,l1,0.18703383739445276,saga,balanced,unused,6,50,50,0.5111111111111111,0.21428571428571427,0.6185770750988143,45
3,l1,0.18703383739445276,saga,balanced,unused,6,51,51,0.5777777777777777,0.17391304347826086,0.5376984126984128,45
3,l1,0.18703383739445276,saga,balanced,unused,6,52,52,0.7804878048780488,0.7096774193548387,0.8277511961722488,41
3,l1,0.18703383739445276,saga,balanced,unused,6,53,53,0.5581395348837209,0.5581395348837209,0.5692640692640694,43
3,l1,0.18703383739445276,saga,balanced,unused,6,54,54,0.5641025641025641,0.6382978723404256,0.7853260869565217,39
3,l1,0.18703383739445276,saga,balanced,unused,6,55,55,0.8666666666666667,0.8636363636363636,0.924901185770751,45
3,l1,0.18703383739445276,saga,balanced,unused,6,56,56,0.8409090909090909,0.851063829787234,0.9111570247933884,44
3,l1,0.18703383739445276,saga,balanced,unused,6,57,57,0.6,0.6538461538461539,0.7103174603174603,45
3,l1,0.18703383739445276,saga,balanced,unused,6,58,58,0.6,0.5263157894736842,0.6626984126984127,45
3,l1,0.18703383739445276,saga,balanced,unused,6,59,59,0.5111111111111111,0.08333333333333333,0.4444444444444444,45
3,l1,0.18703383739445276,saga,balanced,unused,6,60,60,0.7727272727272727,0.782608695652174,0.9173553719008265,44
3,l1,0.18703383739445276,saga,balanced,unused,6,61,61,0.7209302325581395,0.7,0.8419913419913421,43
3,l1,0.18703383739445276,saga,balanced,unused,6,62,62,0.9333333333333333,0.9302325581395349,0.9881422924901186,45
3,l1,0.18703383739445276,saga,balanced,unused,6,63,63,0.5116279069767442,0.08695652173913043,0.5930735930735931,43
3,l1,0.18703383739445276,saga,balanced,unused,6,64,64,0.5555555555555556,0.6875,0.7766798418972332,45
3,l1,0.18703383739445276,saga,balanced,unused,6,65,65,0.6888888888888889,0.7407407407407407,0.7936507936507937,45
3,l1,0.18703383739445276,saga,balanced,unused,6,66,66,0.5111111111111111,0.6206896551724138,0.5,45
3,l1,0.18703383739445276,saga,balanced,unused,6,67,67,0.5111111111111111,0.15384615384615385,0.6067193675889327,45
3,l1,0.18703383739445276,saga,balanced,unused,6,68,68,0.5555555555555556,0.23076923076923078,0.7252964426877471,45
3,l1,0.18703383739445276,saga,balanced,unused,6,69,69,0.6,0.47058823529411764,0.6547619047619048,45
3,l1,0.18703383739445276,saga,balanced,unused,6,70,70,0.7333333333333333,0.7,0.8616600790513835,45
3,l1,0.18703383739445276,saga,balanced,unused,6,71,71,0.7555555555555555,0.6857142857142857,0.9387351778656127,45
3,l1,0.18703383739445276,saga,balanced,unused,6,72,72,0.9333333333333333,0.9361702127659575,0.9822134387351779,45
3,l1,0.18703383739445276,saga,balanced,unused,6,73,73,0.4888888888888889,0.6229508196721312,0.7154150197628458,45
3,l1,0.18703383739445276,saga,balanced,unused,6,74,74,0.4888888888888889,0.5818181818181818,0.5476190476190476,45
3,l1,0.18703383739445276,saga,balanced,unused,6,75,75,0.8536585365853658,0.8333333333333334,0.9428571428571428,41
3,l1,0.18703383739445276,saga,balanced,unused,6,76,76,0.6,0.35714285714285715,0.658102766798419,45
3,l1,0.18703383739445276,saga,balanced,unused,6,77,77,0.4444444444444444,0.5454545454545454,0.5892857142857143,45
3,l1,0.18703383739445276,saga,balanced,unused,6,78,78,0.4666666666666667,0.6129032258064516,0.5533596837944663,45
3,l1,0.18703383739445276,saga,balanced,unused,6,79,79,0.675,0.5517241379310345,0.7300000000000001,40
3,l1,0.18703383739445276,saga,balanced,unused,6,80,80,0.5111111111111111,0.0,0.608695652173913,45
3,l1,0.18703383739445276,saga,balanced,unused,6,81,81,0.4888888888888889,0.0,0.83399209486166,45
3,l1,0.18703383739445276,saga,balanced,unused,6,82,82,0.5333333333333333,0.676923076923077,0.7608695652173914,45
3,l1,0.18703383739445276,saga,balanced,unused,6,83,83,0.5789473684210527,0.2727272727272727,0.8725761772853186,38
3,l1,0.18703383739445276,saga,balanced,unused,6,84,84,0.6818181818181818,0.6956521739130435,0.7474120082815735,44
3,l1,0.18703383739445276,saga,balanced,unused,6,85,85,0.5227272727272727,0.6666666666666666,0.9585921325051759,44
3,l1,0.18703383739445276,saga,balanced,unused,6,86,86,0.7954545454545454,0.7804878048780488,0.9006211180124224,44
3,l1,0.18703383739445276,saga,balanced,unused,6,87,87,0.5111111111111111,0.6451612903225806,0.5652173913043478,45
3,l1,0.18703383739445276,saga,balanced,unused,6,88,88,0.5272727272727272,0.3157894736842105,0.6150793650793651,55
3,l1,0.18703383739445276,saga,balanced,unused,6,89,89,0.6444444444444445,0.6923076923076923,0.7202380952380952,45
3,l1,0.18703383739445276,saga,balanced,unused,6,90,90,0.5111111111111111,0.5416666666666666,0.5494071146245059,45
3,l1,0.18703383739445276,saga,balanced,unused,6,91,91,0.5,0.6666666666666666,0.756198347107438,44
3,l1,0.18703383739445276,saga,balanced,unused,6,92,92,0.5714285714285714,0.3684210526315789,0.6884615384615385,56
3,l1,0.18703383739445276,saga,balanced,unused,6,93,93,0.8666666666666667,0.8636363636363636,0.9110671936758893,45
3,l1,0.18703383739445276,saga,balanced,unused,6,94,94,0.9772727272727273,0.9787234042553191,1.0,44
3,l1,0.18703383739445276,saga,balanced,unused,6,95,95,0.39285714285714285,0.5405405405405406,0.5989583333333333,28
3,l1,0.18703383739445276,saga,balanced,unused,6,96,96,0.4523809523809524,0.6229508196721312,0.5419501133786847,42
3,l1,0.18703383739445276,saga,balanced,unused,6,97,97,0.5,0.0,0.6157024793388429,44
3,l1,0.18703383739445276,saga,balanced,unused,6,98,98,0.4888888888888889,0.5964912280701754,0.5296442687747036,45
3,l1,0.18703383739445276,saga,balanced,unused,6,99,99,0.46511627906976744,0.41025641025641024,0.5562770562770563,43
3,l1,0.18703383739445276,saga,balanced,unused,6,100,100,0.5555555555555556,0.6,0.5709876543209876,36
3,l1,0.18703383739445276,saga,balanced,unused,6,101,101,0.4888888888888889,0.0,0.6363636363636364,45
3,l1,0.18703383739445276,saga,balanced,unused,6,102,102,0.7111111111111111,0.7719298245614035,0.8774703557312252,45
3,l1,0.18703383739445276,saga,balanced,unused,6,103,103,0.6511627906976745,0.6153846153846154,0.7900432900432901,43
3,l1,0.18703383739445276,saga,balanced,unused,6,104,104,0.5116279069767442,0.6440677966101694,0.5043290043290043,43
3,l1,0.18703383739445276,saga,balanced,unused,6,105,105,0.5555555555555556,0.23076923076923078,0.5928853754940712,45
3,l1,0.18703383739445276,saga,balanced,unused,6,106,106,0.6444444444444445,0.6666666666666666,0.6726190476190477,45
3,l1,0.18703383739445276,saga,balanced,unused,6,107,107,0.6222222222222222,0.6792452830188679,0.6349206349206349,45
3,l1,0.18703383739445276,saga,balanced,unused,6,108,108,0.8666666666666667,0.85,0.8952569169960474,45
4,l2,4.600849611792031,saga,balanced,unused,6,1,1,0.7555555555555555,0.7843137254901961,0.8458498023715415,45
4,l2,4.600849611792031,saga,balanced,unused,6,2,2,0.7111111111111111,0.5806451612903226,0.875494071146245,45
4,l2,4.600849611792031,saga,balanced,unused,6,3,3,0.4666666666666667,0.4782608695652174,0.4308300395256917,45
4,l2,4.600849611792031,saga,balanced,unused,6,4,4,0.4888888888888889,0.6567164179104478,0.8162055335968379,45
4,l2,4.600849611792031,saga,balanced,unused,6,5,5,0.4888888888888889,0.6567164179104478,0.36111111111111116,45
4,l2,4.600849611792031,saga,balanced,unused,6,6,6,0.5333333333333333,0.0,0.494047619047619,45
4,l2,4.600849611792031,saga,balanced,unused,6,7,7,0.6888888888888889,0.7586206896551724,0.9881422924901186,45
4,l2,4.600849611792031,saga,balanced,unused,6,8,8,0.6666666666666666,0.6666666666666666,0.691699604743083,45
4,l2,4.600849611792031,saga,balanced,unused,6,9,9,0.5777777777777777,0.5581395348837209,0.5357142857142857,45
4,l2,4.600849611792031,saga,balanced,unused,6,10,10,0.6444444444444445,0.6521739130434783,0.6825396825396826,45
4,l2,4.600849611792031,saga,balanced,unused,6,11,11,0.5111111111111111,0.6666666666666666,0.4328063241106719,45
4,l2,4.600849611792031,saga,balanced,unused,6,12,12,0.6222222222222222,0.5853658536585366,0.7123015873015873,45
4,l2,4.600849611792031,saga,balanced,unused,6,13,13,0.8,0.8108108108108109,0.8954248366013071,35
4,l2,4.600849611792031,saga,balanced,unused,6,14,14,0.6666666666666666,0.7457627118644068,0.7964426877470356,45
4,l2,4.600849611792031,saga,balanced,unused,6,15,15,0.5555555555555556,0.6875,0.9486166007905139,45
4,l2,4.600849611792031,saga,balanced,unused,6,16,16,0.5333333333333333,0.6865671641791045,0.7332015810276681,45
4,l2,4.600849611792031,saga,balanced,unused,6,17,17,0.5238095238095238,0.0,0.5863636363636364,42
4,l2,4.600849611792031,saga,balanced,unused,6,18,18,0.4888888888888889,0.6461538461538462,0.41304347826086957,45
4,l2,4.600849611792031,saga,balanced,unused,6,19,19,0.7111111111111111,0.7719298245614035,0.841897233201581,45
4,l2,4.600849611792031,saga,balanced,unused,6,20,20,0.5555555555555556,0.5,0.5889328063241106,45
4,l2,4.600849611792031,saga,balanced,unused,6,21,21,0.5555555555555556,0.6296296296296297,0.7222222222222222,45
4,l2,4.600849611792031,saga,balanced,unused,6,22,22,0.5111111111111111,0.6764705882352942,0.7312252964426877,45
4,l2,4.600849611792031,saga,balanced,unused,6,23,23,0.6590909090909091,0.7368421052631579,0.8574380165289256,44
4,l2,4.600849611792031,saga,balanced,unused,6,24,24,0.5555555555555556,0.42857142857142855,0.6493506493506493,18
4,l2,4.600849611792031,saga,balanced,unused,6,25,25,0.6888888888888889,0.72,0.7628458498023716,45
4,l2,4.600849611792031,saga,balanced,unused,6,26,26,0.6222222222222222,0.711864406779661,0.7896825396825397,45
4,l2,4.600849611792031,saga,balanced,unused,6,27,27,0.4888888888888889,0.6567164179104478,0.5928853754940712,45
4,l2,4.600849611792031,saga,balanced,unused,6,28,28,0.4888888888888889,0.4888888888888889,0.5513833992094862,45
4,l2,4.600849611792031,saga,balanced,unused,6,29,29,0.8222222222222222,0.8461538461538461,1.0,45
4,l2,4.600849611792031,saga,balanced,unused,6,30,30,0.5555555555555556,0.23076923076923078,0.6746031746031745,45
4,l2,4.600849611792031,saga,balanced,unused,6,31,31,0.8666666666666667,0.875,0.9644268774703557,45
4,l2,4.600849611792031,saga,balanced,unused,6,32,32,0.7045454545454546,0.7796610169491526,0.9503105590062112,44
4,l2,4.600849611792031,saga,balanced,unused,6,33,33,0.7333333333333333,0.6666666666666666,0.8517786561264822,45
4,l2,4.600849611792031,saga,balanced,unused,6,34,34,0.8666666666666667,0.8888888888888888,0.9841269841269841,45
4,l2,4.600849611792031,saga,balanced,unused,6,35,35,0.6888888888888889,0.5882352941176471,0.8399209486166008,45
4,l2,4.600849611792031,saga,balanced,unused,6,36,36,0.36363636363636365,0.46153846153846156,0.4049586776859504,44
4,l2,4.600849611792031,saga,balanced,unused,6,37,37,0.5111111111111111,0.0,0.5711462450592886,45
4,l2,4.600849611792031,saga,balanced,unused,6,38,38,0.5333333333333333,0.43243243243243246,0.5968379446640316,45
4,l2,4.600849611792031,saga,balanced,unused,6,39,39,0.5,0.5,0.5196687370600415,44
4,l2,4.600849611792031,saga,balanced,unused,6,40,40,0.6,0.6666666666666666,0.5357142857142857,45
4,l2,4.600849611792031,saga,balanced,unused,6,41,41,0.7333333333333333,0.7142857142857143,0.7757936507936508,45
4,l2,4.600849611792031,saga,balanced,unused,6,42,42,0.9333333333333333,0.9333333333333333,0.974308300395257,45
4,l2,4.600849611792031,saga,balanced,unused,6,43,43,0.8,0.7567567567567568,0.9268774703557312,45
4,l2,4.600849611792031,saga,balanced,unused,6,44,44,0.7241379310344828,0.6923076923076923,0.8380952380952381,29
4,l2,4.600849611792031,saga,balanced,unused,6,45,45,0.5555555555555556,0.2857142857142857,0.808300395256917,45
4,l2,4.600849611792031,saga,balanced,unused,6,46,46,0.6444444444444445,0.6521739130434783,0.725296442687747,45
4,l2,4.600849611792031,saga,balanced,unused,6,47,47,0.5111111111111111,0.65625,0.6091269841269842,45
4,l2,4.600849611792031,saga,balanced,unused,6,48,48,0.7647058823529411,0.75,0.9714285714285714,17
4,l2,4.600849611792031,saga,balanced,unused,6,49,49,0.8444444444444444,0.8444444444444444,0.958498023715415,45
4,l2,4.600849611792031,saga,balanced,unused,6,50,50,0.4888888888888889,0.20689655172413793,0.608695652173913,45
4,l2,4.600849611792031,saga,balanced,unused,6,51,51,0.5777777777777777,0.17391304347826086,0.5396825396825398,45
4,l2,4.600849611792031,saga,balanced,unused,6,52,52,0.7804878048780488,0.7096774193548387,0.8205741626794258,41
4,l2,4.600849611792031,saga,balanced,unused,6,53,53,0.5581395348837209,0.5581395348837209,0.5692640692640694,43
4,l2,4.600849611792031,saga,balanced,unused,6,54,54,0.5897435897435898,0.6521739130434783,0.782608695652174,39
4,l2,4.600849611792031,saga,balanced,unused,6,55,55,0.8888888888888888,0.8837209302325582,0.924901185770751,45
4,l2,4.600849611792031,saga,balanced,unused,6,56,56,0.8409090909090909,0.851063829787234,0.9111570247933884,44
4,l2,4.600849611792031,saga,balanced,unused,6,57,57,0.6,0.6538461538461539,0.7083333333333334,45
4,l2,4.600849611792031,saga,balanced,unused,6,58,58,0.6222222222222222,0.5405405405405406,0.6646825396825397,45
4,l2,4.600849611792031,saga,balanced,unused,6,59,59,0.5333333333333333,0.08695652173913043,0.4464285714285714,45
4,l2,4.600849611792031,saga,balanced,unused,6,60,60,0.7727272727272727,0.782608695652174,0.9194214876033058,44
4,l2,4.600849611792031,saga,balanced,unused,6,61,61,0.7441860465116279,0.717948717948718,0.8398268398268398,43
4,l2,4.600849611792031,saga,balanced,unused,6,62,62,0.9333333333333333,0.9302325581395349,0.9861660079051384,45
4,l2,4.600849611792031,saga,balanced,unused,6,63,63,0.4883720930232558,0.0,0.5909090909090909,43
4,l2,4.600849611792031,saga,balanced,unused,6,64,64,0.5555555555555556,0.6875,0.7806324110671936,45
4,l2,4.600849611792031,saga,balanced,unused,6,65,65,0.6888888888888889,0.7407407407407407,0.7956349206349207,45
4,l2,4.600849611792031,saga,balanced,unused,6,66,66,0.5333333333333333,0.6440677966101694,0.4980237154150198,45
4,l2,4.600849611792031,saga,balanced,unused,6,67,67,0.5111111111111111,0.15384615384615385,0.6106719367588932,45
4,l2,4.600849611792031,saga,balanced,unused,6,68,68,0.5555555555555556,0.23076923076923078,0.733201581027668,45
4,l2,4.600849611792031,saga,balanced,unused,6,69,69,0.6,0.47058823529411764,0.6527777777777778,45
4,l2,4.600849611792031,saga,balanced,unused,6,70,70,0.7333333333333333,0.7,0.8577075098814229,45
4,l2,4.600849611792031,saga,balanced,unused,6,71,71,0.7555555555555555,0.6857142857142857,0.9387351778656127,45
4,l2,4.600849611792031,saga,balanced,unused,6,72,72,0.9333333333333333,0.9361702127659575,0.9861660079051383,45
4,l2,4.600849611792031,saga,balanced,unused,6,73,73,0.5111111111111111,0.6333333333333333,0.7252964426877471,45
4,l2,4.600849611792031,saga,balanced,unused,6,74,74,0.4888888888888889,0.5818181818181818,0.5674603174603174,45
4,l2,4.600849611792031,saga,balanced,unused,6,75,75,0.8048780487804879,0.7894736842105263,0.9476190476190476,41
4,l2,4.600849611792031,saga,balanced,unused,6,76,76,0.6,0.35714285714285715,0.6581027667984191,45
4,l2,4.600849611792031,saga,balanced,unused,6,77,77,0.4444444444444444,0.5454545454545454,0.5833333333333334,45
4,l2,4.600849611792031,saga,balanced,unused,6,78,78,0.4666666666666667,0.6129032258064516,0.5434782608695652,45
4,l2,4.600849611792031,saga,balanced,unused,6,79,79,0.675,0.5517241379310345,0.725,40
4,l2,4.600849611792031,saga,balanced,unused,6,80,80,0.5111111111111111,0.0,0.6185770750988142,45
4,l2,4.600849611792031,saga,balanced,unused,6,81,81,0.4888888888888889,0.0,0.8379446640316205,45
4,l2,4.600849611792031,saga,balanced,unused,6,82,82,0.5333333333333333,0.676923076923077,0.7588932806324111,45
4,l2,4.600849611792031,saga,balanced,unused,6,83,83,0.5789473684210527,0.2727272727272727,0.8698060941828254,38
4,l2,4.600849611792031,saga,balanced,unused,6,84,84,0.6818181818181818,0.6956521739130435,0.7494824016563147,44
4,l2,4.600849611792031,saga,balanced,unused,6,85,85,0.5454545454545454,0.6774193548387096,0.9606625258799172,44
4,l2,4.600849611792031,saga,balanced,unused,6,86,86,0.7727272727272727,0.75,0.8985507246376812,44
4,l2,4.600849611792031,saga,balanced,unused,6,87,87,0.5111111111111111,0.6451612903225806,0.5671936758893281,45
4,l2,4.600849611792031,saga,balanced,unused,6,88,88,0.509090909090909,0.3076923076923077,0.6177248677248678,55
4,l2,4.600849611792031,saga,balanced,unused,6,89,89,0.6444444444444445,0.6923076923076923,0.7142857142857143,45
4,l2,4.600849611792031,saga,balanced,unused,6,90,90,0.5333333333333333,0.5714285714285714,0.5573122529644268,45
4,l2,4.600849611792031,saga,balanced,unused,6,91,91,0.5,0.6666666666666666,0.7623966942148761,44
4,l2,4.600849611792031,saga,balanced,unused,6,92,92,0.5714285714285714,0.3684210526315789,0.6897435897435897,56
4,l2,4.600849611792031,saga,balanced,unused,6,93,93,0.8888888888888888,0.8888888888888888,0.9110671936758893,45
4,l2,4.600849611792031,saga,balanced,unused,6,94,94,0.9772727272727273,0.9787234042553191,1.0,44
4,l2,4.600849611792031,saga,balanced,unused,6,95,95,0.39285714285714285,0.5405405405405406,0.5989583333333333,28
4,l2,4.600849611792031,saga,balanced,unused,6,96,96,0.4523809523809524,0.6229508196721312,0.5419501133786848,42
4,l2,4.600849611792031,saga,balanced,unused,6,97,97,0.5,0.0,0.6198347107438016,44
4,l2,4.600849611792031,saga,balanced,unused,6,98,98,0.4888888888888889,0.5964912280701754,0.5335968379446641,45
4,l2,4.600849611792031,saga,balanced,unused,6,99,99,0.46511627906976744,0.41025641025641024,0.564935064935065,43
4,l2,4.600849611792031,saga,balanced,unused,6,100,100,0.5277777777777778,0.5641025641025641,0.5709876543209877,36
4,l2,4.600849611792031,saga,balanced,unused,6,101,101,0.4888888888888889,0.0,0.6304347826086956,45
4,l2,4.600849611792031,saga,balanced,unused,6,102,102,0.7333333333333333,0.7857142857142857,0.8814229249011858,45
4,l2,4.600849611792031,saga,balanced,unused,6,103,103,0.627906976744186,0.6,0.7965367965367965,43
4,l2,4.600849611792031,saga,balanced,unused,6,104,104,0.5116279069767442,0.6440677966101694,0.48484848484848486,43
4,l2,4.600849611792031,saga,balanced,unused,6,105,105,0.5333333333333333,0.16,0.5889328063241107,45
4,l2,4.600849611792031,saga,balanced,unused,6,106,106,0.6222222222222222,0.6530612244897959,0.6626984126984127,45
4,l2,4.600849611792031,saga,balanced,unused,6,107,107,0.5777777777777777,0.6545454545454545,0.6468253968253967,45
4,l2,4.600849611792031,saga,balanced,unused,6,108,108,0.8666666666666667,0.85,0.8952569169960474,45
5,elasticnet,0.5996195721198088,saga,balanced,0.5,6,1,1,0.7555555555555555,0.7843137254901961,0.8438735177865613,45
5,elasticnet,0.5996195721198088,saga,balanced,0.5,6,2,2,0.7111111111111111,0.5806451612903226,0.875494071146245,45
5,elasticnet,0.5996195721198088,saga,balanced,0.5,6,3,3,0.4666666666666667,0.4782608695652174,0.432806324110672,45
5,elasticnet,0.5996195721198088,saga,balanced,0.5,6,4,4,0.4888888888888889,0.6567164179104478,0.8122529644268774,45
5,elasticnet,0.5996195721198088,saga,balanced,0.5,6,5,5,0.4888888888888889,0.6567164179104478,0.3591269841269842,45
5,elasticnet,0.5996195721198088,saga,balanced,0.5,6,6,6,0.5333333333333333,0.0,0.494047619047619,45
5,elasticnet,0.5996195721198088,saga,balanced,0.5,6,7,7,0.7111111111111111,0.7719298245614035,0.9881422924901186,45
5,elasticnet,0.5996195721198088,saga,balanced,0.5,6,8,8,0.6444444444444445,0.6521739130434783,0.6936758893280632,45
5,elasticnet,0.5996195721198088,saga,balanced,0.5,6,9,9,0.6222222222222222,0.6046511627906976,0.5376984126984128,45
5,elasticnet,0.5996195721198088,saga,balanced,0.5,6,10,10,0.6444444444444445,0.6521739130434783,0.6805555555555555,45
5,elasticnet,0.5996195721198088,saga,balanced,0.5,6,11,11,0.5111111111111111,0.6666666666666666,0.4328063241106719,45
5,elasticnet,0.5996195721198088,saga,balanced,0.5,6,12,12,0.6222222222222222,0.5853658536585366,0.7123015873015873,45
5,elasticnet,0.5996195721198088,saga,balanced,0.5,6,13,13,0.8,0.8108108108108109,0.892156862745098,35
5,elasticnet,0.5996195721198088,saga,balanced,0.5,6,14,14,0.6666666666666666,0.7457627118644068,0.7944664031620554,45
5,elasticnet,0.5996195721198088,saga,balanced,0.5,6,15,15,0.5555555555555556,0.6875,0.9505928853754941,45
5,elasticnet,0.5996195721198088,saga,balanced,0.5,6,16,16,0.5333333333333333,0.6865671641791045,0.7312252964426877,45
5,elasticnet,0.5996195721198088,saga,balanced,0.5,6,17,17,0.5238095238095238,0.0,0.5909090909090909,42
5,elasticnet,0.5996195721198088,saga,balanced,0.5,6,18,18,0.4888888888888889,0.6461538461538462,0.41304347826086957,45
5,elasticnet,0.5996195721198088,saga,balanced,0.5,6,19,19,0.7111111111111111,0.7719298245614035,0.8438735177865613,45
5,elasticnet,0.5996195721198088,saga,balanced,0.5,6,20,20,0.5555555555555556,0.5,0.5849802371541503,45
5,elasticnet,0.5996195721198088,saga,balanced,0.5,6,21,21,0.5555555555555556,0.6296296296296297,0.7222222222222222,45
5,elasticnet,0.5996195721198088,saga,balanced,0.5,6,22,22,0.5111111111111111,0.6764705882352942,0.7351778656126482,45
5,elasticnet,0.5996195721198088,saga,balanced,0.5,6,23,23,0.6590909090909091,0.7368421052631579,0.859504132231405,44
5,elasticnet,0.5996195721198088,saga,balanced,0.5,6,24,24,0.5555555555555556,0.42857142857142855,0.6493506493506493,18
5,elasticnet,0.5996195721198088,saga,balanced,0.5,6,25,25,0.6888888888888889,0.72,0.7628458498023716,45
5,elasticnet,0.5996195721198088,saga,balanced,0.5,6,26,26,0.6222222222222222,0.711864406779661,0.7896825396825397,45
5,elasticnet,0.5996195721198088,saga,balanced,0.5,6,27,27,0.4888888888888889,0.6567164179104478,0.5968379446640316,45
5,elasticnet,0.5996195721198088,saga,balanced,0.5,6,28,28,0.4888888888888889,0.4888888888888889,0.5553359683794465,45
5,elasticnet,0.5996195721198088,saga,balanced,0.5,6,29,29,0.8222222222222222,0.8461538461538461,1.0,45
5,elasticnet,0.5996195721198088,saga,balanced,0.5,6,30,30,0.5555555555555556,0.23076923076923078,0.6746031746031745,45
5,elasticnet,0.5996195721198088,saga,balanced,0.5,6,31,31,0.8666666666666667,0.875,0.9644268774703557,45
5,elasticnet,0.5996195721198088,saga,balanced,0.5,6,32,32,0.7045454545454546,0.7796610169491526,0.9503105590062112,44
5,elasticnet,0.5996195721198088,saga,balanced,0.5,6,33,33,0.7333333333333333,0.6666666666666666,0.8517786561264822,45
5,elasticnet,0.5996195721198088,saga,balanced,0.5,6,34,34,0.8666666666666667,0.8888888888888888,0.9841269841269841,45
5,elasticnet,0.5996195721198088,saga,balanced,0.5,6,35,35,0.6444444444444445,0.5,0.8399209486166008,45
5,elasticnet,0.5996195721198088,saga,balanced,0.5,6,36,36,0.36363636363636365,0.46153846153846156,0.4049586776859504,44
5,elasticnet,0.5996195721198088,saga,balanced,0.5,6,37,37,0.5111111111111111,0.0,0.5731225296442688,45
5,elasticnet,0.5996195721198088,saga,balanced,0.5,6,38,38,0.5111111111111111,0.42105263157894735,0.5948616600790514,45
5,elasticnet,0.5996195721198088,saga,balanced,0.5,6,39,39,0.5,0.5,0.5196687370600415,44
5,elasticnet,0.5996195721198088,saga,balanced,0.5,6,40,40,0.6,0.6666666666666666,0.5337301587301587,45
5,elasticnet,0.5996195721198088,saga,balanced,0.5,6,41,41,0.7333333333333333,0.7142857142857143,0.7757936507936508,45
5,elasticnet,0.5996195721198088,saga,balanced,0.5,6,42,42,0.9333333333333333,0.9333333333333333,0.974308300395257,45
5,elasticnet,0.5996195721198088,saga,balanced,0.5,6,43,43,0.8,0.7567567567567568,0.9288537549407114,45
5,elasticnet,0.5996195721198088,saga,balanced,0.5,6,44,44,0.7241379310344828,0.6923076923076923,0.8380952380952381,29
5,elasticnet,0.5996195721198088,saga,balanced,0.5,6,45,45,0.5555555555555556,0.2857142857142857,0.808300395256917,45
5,elasticnet,0.5996195721198088,saga,balanced,0.5,6,46,46,0.6444444444444445,0.6521739130434783,0.725296442687747,45
5,elasticnet,0.5996195721198088,saga,balanced,0.5,6,47,47,0.5111111111111111,0.65625,0.6130952380952381,45
5,elasticnet,0.5996195721198088,saga,balanced,0.5,6,48,48,0.7647058823529411,0.75,0.9714285714285714,17
5,elasticnet,0.5996195721198088,saga,balanced,0.5,6,49,49,0.8444444444444444,0.8444444444444444,0.958498023715415,45
5,elasticnet,0.5996195721198088,saga,balanced,0.5,6,50,50,0.5111111111111111,0.21428571428571427,0.608695652173913,45
5,elasticnet,0.5996195721198088,saga,balanced,0.5,6,51,51,0.5777777777777777,0.17391304347826086,0.5416666666666666,45
5,elasticnet,0.5996195721198088,saga,balanced,0.5,6,52,52,0.7804878048780488,0.7096774193548387,0.8205741626794258,41
5,elasticnet,0.5996195721198088,saga,balanced,0.5,6,53,53,0.5581395348837209,0.5581395348837209,0.5692640692640694,43
5,elasticnet,0.5996195721198088,saga,balanced,0.5,6,54,54,0.5641025641025641,0.6382978723404256,0.782608695652174,39
5,elasticnet,0.5996195721198088,saga,balanced,0.5,6,55,55,0.8888888888888888,0.8837209302325582,0.9268774703557312,45
5,elasticnet,0.5996195721198088,saga,balanced,0.5,6,56,56,0.8409090909090909,0.851063829787234,0.9111570247933884,44
5,elasticnet,0.5996195721198088,saga,balanced,0.5,6,57,57,0.6,0.6538461538461539,0.7063492063492064,45
5,elasticnet,0.5996195721198088,saga,balanced,0.5,6,58,58,0.6222222222222222,0.5405405405405406,0.6666666666666666,45
5,elasticnet,0.5996195721198088,saga,balanced,0.5,6,59,59,0.5333333333333333,0.08695652173913043,0.44841269841269843,45
5,elasticnet,0.5996195721198088,saga,balanced,0.5,6,60,60,0.7727272727272727,0.782608695652174,0.9194214876033058,44
5,elasticnet,0.5996195721198088,saga,balanced,0.5,6,61,61,0.7209302325581395,0.7,0.8398268398268398,43
5,elasticnet,0.5996195721198088,saga,balanced,0.5,6,62,62,0.9333333333333333,0.9302325581395349,0.9861660079051384,45
5,elasticnet,0.5996195721198088,saga,balanced,0.5,6,63,63,0.4883720930232558,0.0,0.5909090909090909,43
5,elasticnet,0.5996195721198088,saga,balanced,0.5,6,64,64,0.5555555555555556,0.6875,0.7786561264822134,45
5,elasticnet,0.5996195721198088,saga,balanced,0.5,6,65,65,0.6888888888888889,0.7407407407407407,0.7956349206349207,45
5,elasticnet,0.5996195721198088,saga,balanced,0.5,6,66,66,0.5333333333333333,0.6440677966101694,0.4980237154150198,45
5,elasticnet,0.5996195721198088,saga,balanced,0.5,6,67,67,0.5111111111111111,0.15384615384615385,0.6086956521739131,45
5,elasticnet,0.5996195721198088,saga,balanced,0.5,6,68,68,0.5555555555555556,0.23076923076923078,0.7312252964426877,45
5,elasticnet,0.5996195721198088,saga,balanced,0.5,6,69,69,0.6,0.47058823529411764,0.6567460317460317,45
5,elasticnet,0.5996195721198088,saga,balanced,0.5,6,70,70,0.7333333333333333,0.7,0.8577075098814229,45
5,elasticnet,0.5996195721198088,saga,balanced,0.5,6,71,71,0.7555555555555555,0.6857142857142857,0.9387351778656127,45
5,elasticnet,0.5996195721198088,saga,balanced,0.5,6,72,72,0.9333333333333333,0.9361702127659575,0.9841897233201581,45
5,elasticnet,0.5996195721198088,saga,balanced,0.5,6,73,73,0.5111111111111111,0.6333333333333333,0.7213438735177866,45
5,elasticnet,0.5996195721198088,saga,balanced,0.5,6,74,74,0.4888888888888889,0.5818181818181818,0.5575396825396826,45
5,elasticnet,0.5996195721198088,saga,balanced,0.5,6,75,75,0.8048780487804879,0.7894736842105263,0.9476190476190476,41
5,elasticnet,0.5996195721198088,saga,balanced,0.5,6,76,76,0.6,0.35714285714285715,0.6581027667984191,45
5,elasticnet,0.5996195721198088,saga,balanced,0.5,6,77,77,0.4444444444444444,0.5454545454545454,0.5833333333333333,45
5,elasticnet,0.5996195721198088,saga,balanced,0.5,6,78,78,0.4666666666666667,0.6129032258064516,0.5454545454545454,45
5,elasticnet,0.5996195721198088,saga,balanced,0.5,6,79,79,0.675,0.5517241379310345,0.725,40
5,elasticnet,0.5996195721198088,saga,balanced,0.5,6,80,80,0.5111111111111111,0.0,0.616600790513834,45
5,elasticnet,0.5996195721198088,saga,balanced,0.5,6,81,81,0.4888888888888889,0.0,0.8379446640316205,45
5,elasticnet,0.5996195721198088,saga,balanced,0.5,6,82,82,0.5333333333333333,0.676923076923077,0.7569169960474308,45
5,elasticnet,0.5996195721198088,saga,balanced,0.5,6,83,83,0.5789473684210527,0.2727272727272727,0.8670360110803323,38
5,elasticnet,0.5996195721198088,saga,balanced,0.5,6,84,84,0.6818181818181818,0.6956521739130435,0.7494824016563147,44
5,elasticnet,0.5996195721198088,saga,balanced,0.5,6,85,85,0.5454545454545454,0.6774193548387096,0.9585921325051759,44
5,elasticnet,0.5996195721198088,saga,balanced,0.5,6,86,86,0.7954545454545454,0.7804878048780488,0.8985507246376812,44
5,elasticnet,0.5996195721198088,saga,balanced,0.5,6,87,87,0.5111111111111111,0.6451612903225806,0.5671936758893281,45
5,elasticnet,0.5996195721198088,saga,balanced,0.5,6,88,88,0.509090909090909,0.3076923076923077,0.6203703703703705,55
5,elasticnet,0.5996195721198088,saga,balanced,0.5,6,89,89,0.6444444444444445,0.6923076923076923,0.7162698412698413,45
5,elasticnet,0.5996195721198088,saga,balanced,0.5,6,90,90,0.5555555555555556,0.5833333333333334,0.5513833992094861,45
5,elasticnet,0.5996195721198088,saga,balanced,0.5,6,91,91,0.5,0.6666666666666666,0.7582644628099173,44
5,elasticnet,0.5996195721198088,saga,balanced,0.5,6,92,92,0.5714285714285714,0.3684210526315789,0.6884615384615385,56
5,elasticnet,0.5996195721198088,saga,balanced,0.5,6,93,93,0.8888888888888888,0.8888888888888888,0.9110671936758893,45
5,elasticnet,0.5996195721198088,saga,balanced,0.5,6,94,94,0.9772727272727273,0.9787234042553191,1.0,44
5,elasticnet,0.5996195721198088,saga,balanced,0.5,6,95,95,0.39285714285714285,0.5405405405405406,0.5989583333333333,28
5,elasticnet,0.5996195721198088,saga,balanced,0.5,6,96,96,0.4523809523809524,0.6229508196721312,0.5419501133786848,42
5,elasticnet,0.5996195721198088,saga,balanced,0.5,6,97,97,0.5,0.0,0.6198347107438016,44
5,elasticnet,0.5996195721198088,saga,balanced,0.5,6,98,98,0.4888888888888889,0.5964912280701754,0.5316205533596838,45
5,elasticnet,0.5996195721198088,saga,balanced,0.5,6,99,99,0.46511627906976744,0.41025641025641024,0.5606060606060607,43
5,elasticnet,0.5996195721198088,saga,balanced,0.5,6,100,100,0.5277777777777778,0.5641025641025641,0.5709876543209877,36
5,elasticnet,0.5996195721198088,saga,balanced,0.5,6,101,101,0.4888888888888889,0.0,0.6284584980237153,45
5,elasticnet,0.5996195721198088,saga,balanced,0.5,6,102,102,0.7333333333333333,0.7857142857142857,0.8794466403162056,45
5,elasticnet,0.5996195721198088,saga,balanced,0.5,6,103,103,0.6511627906976745,0.6153846153846154,0.7965367965367965,43
5,elasticnet,0.5996195721198088,saga,balanced,0.5,6,104,104,0.5116279069767442,0.6440677966101694,0.487012987012987,43
5,elasticnet,0.5996195721198088,saga,balanced,0.5,6,105,105,0.5333333333333333,0.16,0.5889328063241107,45
5,elasticnet,0.5996195721198088,saga,balanced,0.5,6,106,106,0.6222222222222222,0.6530612244897959,0.6666666666666666,45
5,elasticnet,0.5996195721198088,saga,balanced,0.5,6,107,107,0.5777777777777777,0.6545454545454545,0.6448412698412699,45
5,elasticnet,0.5996195721198088,saga,balanced,0.5,6,108,108,0.8666666666666667,0.85,0.8972332015810276,45
6,l1,0.11256972049915023,liblinear,balanced,unused,6,1,1,0.7333333333333333,0.7692307692307693,0.8359683794466404,45
6,l1,0.11256972049915023,liblinear,balanced,unused,6,2,2,0.7111111111111111,0.5806451612903226,0.875494071146245,45
6,l1,0.11256972049915023,liblinear,balanced,unused,6,3,3,0.4666666666666667,0.4782608695652174,0.4407114624505929,45
6,l1,0.11256972049915023,liblinear,balanced,unused,6,4,4,0.4888888888888889,0.6567164179104478,0.8102766798418972,45
6,l1,0.11256972049915023,liblinear,balanced,unused,6,5,5,0.4888888888888889,0.6567164179104478,0.36507936507936506,45
6,l1,0.11256972049915023,liblinear,balanced,unused,6,6,6,0.5555555555555556,0.09090909090909091,0.49404761904761907,45
6,l1,0.11256972049915023,liblinear,balanced,unused,6,7,7,0.7333333333333333,0.7857142857142857,0.9901185770750989,45
6,l1,0.11256972049915023,liblinear,balanced,unused,6,8,8,0.6222222222222222,0.6666666666666666,0.6778656126482213,45
6,l1,0.11256972049915023,liblinear,balanced,unused,6,9,9,0.6222222222222222,0.6046511627906976,0.5357142857142856,45
6,l1,0.11256972049915023,liblinear,balanced,unused,6,10,10,0.6222222222222222,0.6222222222222222,0.6785714285714286,45
6,l1,0.11256972049915023,liblinear,balanced,unused,6,11,11,0.5111111111111111,0.6666666666666666,0.44861660079051385,45
6,l1,0.11256972049915023,liblinear,balanced,unused,6,12,12,0.6222222222222222,0.5853658536585366,0.6944444444444445,45
6,l1,0.11256972049915023,liblinear,balanced,unused,6,13,13,0.8,0.8108108108108109,0.8888888888888888,35
6,l1,0.11256972049915023,liblinear,balanced,unused,6,14,14,0.6666666666666666,0.7457627118644068,0.7885375494071147,45
6,l1,0.11256972049915023,liblinear,balanced,unused,6,15,15,0.5333333333333333,0.676923076923077,0.9525691699604744,45
6,l1,0.11256972049915023,liblinear,balanced,unused,6,16,16,0.5333333333333333,0.6865671641791045,0.7213438735177865,45
6,l1,0.11256972049915023,liblinear,balanced,unused,6,17,17,0.5238095238095238,0.0,0.5931818181818181,42
6,l1,0.11256972049915023,liblinear,balanced,unused,6,18,18,0.5111111111111111,0.6764705882352942,0.38537549407114624,45
6,l1,0.11256972049915023,liblinear,balanced,unused,6,19,19,0.6888888888888889,0.7586206896551724,0.8438735177865613,45
6,l1,0.11256972049915023,liblinear,balanced,unused,6,20,20,0.5333333333333333,0.46153846153846156,0.5711462450592886,45
6,l1,0.11256972049915023,liblinear,balanced,unused,6,21,21,0.5333333333333333,0.631578947368421,0.7341269841269841,45
6,l1,0.11256972049915023,liblinear,balanced,unused,6,22,22,0.5111111111111111,0.6764705882352942,0.725296442687747,45
6,l1,0.11256972049915023,liblinear,balanced,unused,6,23,23,0.6136363636363636,0.711864406779661,0.8615702479338843,44
6,l1,0.11256972049915023,liblinear,balanced,unused,6,24,24,0.5555555555555556,0.42857142857142855,0.6233766233766234,18
6,l1,0.11256972049915023,liblinear,balanced,unused,6,25,25,0.6444444444444445,0.7037037037037037,0.7687747035573123,45
6,l1,0.11256972049915023,liblinear,balanced,unused,6,26,26,0.6222222222222222,0.711864406779661,0.7896825396825397,45
6,l1,0.11256972049915023,liblinear,balanced,unused,6,27,27,0.4444444444444444,0.6153846153846154,0.5928853754940712,45
6,l1,0.11256972049915023,liblinear,balanced,unused,6,28,28,0.5111111111111111,0.47619047619047616,0.567193675889328,45
6,l1,0.11256972049915023,liblinear,balanced,unused,6,29,29,0.7777777777777778,0.8148148148148148,1.0,45
6,l1,0.11256972049915023,liblinear,balanced,unused,6,30,30,0.5777777777777777,0.2962962962962963,0.6706349206349206,45
6,l1,0.11256972049915023,liblinear,balanced,unused,6,31,31,0.8666666666666667,0.875,0.9664031620553359,45
6,l1,0.11256972049915023,liblinear,balanced,unused,6,32,32,0.7045454545454546,0.7796610169491526,0.9544513457556936,44
6,l1,0.11256972049915023,liblinear,balanced,unused,6,33,33,0.7333333333333333,0.6666666666666666,0.8517786561264822,45
6,l1,0.11256972049915023,liblinear,balanced,unused,6,34,34,0.8666666666666667,0.8888888888888888,0.9841269841269841,45
6,l1,0.11256972049915023,liblinear,balanced,unused,6,35,35,0.6444444444444445,0.4666666666666667,0.8458498023715415,45
6,l1,0.11256972049915023,liblinear,balanced,unused,6,36,36,0.4090909090909091,0.5357142857142857,0.39256198347107435,44
6,l1,0.11256972049915023,liblinear,balanced,unused,6,37,37,0.5111111111111111,0.0,0.5810276679841897,45
6,l1,0.11256972049915023,liblinear,balanced,unused,6,38,38,0.5555555555555556,0.5,0.5869565217391305,45
6,l1,0.11256972049915023,liblinear,balanced,unused,6,39,39,0.5,0.5,0.5031055900621118,44
6,l1,0.11256972049915023,liblinear,balanced,unused,6,40,40,0.5555555555555556,0.6,0.5297619047619048,45
6,l1,0.11256972049915023,liblinear,balanced,unused,6,41,41,0.7333333333333333,0.7142857142857143,0.7876984126984126,45
6,l1,0.11256972049915023,liblinear,balanced,unused,6,42,42,0.9333333333333333,0.9333333333333333,0.9762845849802372,45
6,l1,0.11256972049915023,liblinear,balanced,unused,6,43,43,0.8,0.7567567567567568,0.924901185770751,45
6,l1,0.11256972049915023,liblinear,balanced,unused,6,44,44,0.7586206896551724,0.7407407407407407,0.8428571428571427,29
6,l1,0.11256972049915023,liblinear,balanced,unused,6,45,45,0.5555555555555556,0.2857142857142857,0.7944664031620553,45
6,l1,0.11256972049915023,liblinear,balanced,unused,6,46,46,0.7111111111111111,0.6829268292682927,0.7252964426877471,45
6,l1,0.11256972049915023,liblinear,balanced,unused,6,47,47,0.4888888888888889,0.6461538461538462,0.6190476190476191,45
6,l1,0.11256972049915023,liblinear,balanced,unused,6,48,48,0.7647058823529411,0.75,0.9714285714285714,17
6,l1,0.11256972049915023,liblinear,balanced,unused,6,49,49,0.8444444444444444,0.8444444444444444,0.9624505928853755,45
6,l1,0.11256972049915023,liblinear,balanced,unused,6,50,50,0.5111111111111111,0.21428571428571427,0.6185770750988142,45
6,l1,0.11256972049915023,liblinear,balanced,unused,6,51,51,0.5777777777777777,0.17391304347826086,0.5337301587301587,45
6,l1,0.11256972049915023,liblinear,balanced,unused,6,52,52,0.7804878048780488,0.7096774193548387,0.8277511961722488,41
6,l1,0.11256972049915023,liblinear,balanced,unused,6,53,53,0.5581395348837209,0.5581395348837209,0.5692640692640694,43
6,l1,0.11256972049915023,liblinear,balanced,unused,6,54,54,0.5641025641025641,0.6382978723404256,0.7934782608695652,39
6,l1,0.11256972049915023,liblinear,balanced,unused,6,55,55,0.8888888888888888,0.8888888888888888,0.9268774703557312,45
6,l1,0.11256972049915023,liblinear,balanced,unused,6,56,56,0.8409090909090909,0.851063829787234,0.9090909090909092,44
6,l1,0.11256972049915023,liblinear,balanced,unused,6,57,57,0.5555555555555556,0.6296296296296297,0.7063492063492064,45
6,l1,0.11256972049915023,liblinear,balanced,unused,6,58,58,0.5777777777777777,0.5365853658536586,0.6666666666666667,45
6,l1,0.11256972049915023,liblinear,balanced,unused,6,59,59,0.5333333333333333,0.16,0.44642857142857145,45
6,l1,0.11256972049915023,liblinear,balanced,unused,6,60,60,0.7954545454545454,0.8085106382978723,0.9152892561983471,44
6,l1,0.11256972049915023,liblinear,balanced,unused,6,61,61,0.7209302325581395,0.7142857142857143,0.8463203463203464,43
6,l1,0.11256972049915023,liblinear,balanced,unused,6,62,62,0.9333333333333333,0.9302325581395349,0.9940711462450593,45
6,l1,0.11256972049915023,liblinear,balanced,unused,6,63,63,0.5116279069767442,0.08695652173913043,0.5952380952380952,43
6,l1,0.11256972049915023,liblinear,balanced,unused,6,64,64,0.5555555555555556,0.6875,0.7786561264822134,45
6,l1,0.11256972049915023,liblinear,balanced,unused,6,65,65,0.7111111111111111,0.7636363636363637,0.7936507936507937,45
6,l1,0.11256972049915023,liblinear,balanced,unused,6,66,66,0.5111111111111111,0.6206896551724138,0.5,45
6,l1,0.11256972049915023,liblinear,balanced,unused,6,67,67,0.5111111111111111,0.15384615384615385,0.6106719367588933,45
6,l1,0.11256972049915023,liblinear,balanced,unused,6,68,68,0.5555555555555556,0.23076923076923078,0.7233201581027667,45
6,l1,0.11256972049915023,liblinear,balanced,unused,6,69,69,0.5777777777777777,0.45714285714285713,0.6547619047619048,45
6,l1,0.11256972049915023,liblinear,balanced,unused,6,70,70,0.7333333333333333,0.7,0.8616600790513834,45
6,l1,0.11256972049915023,liblinear,balanced,unused,6,71,71,0.7555555555555555,0.6857142857142857,0.9387351778656127,45
6,l1,0.11256972049915023,liblinear,balanced,unused,6,72,72,0.9333333333333333,0.9361702127659575,0.9822134387351779,45
6,l1,0.11256972049915023,liblinear,balanced,unused,6,73,73,0.4888888888888889,0.6229508196721312,0.7055335968379447,45
6,l1,0.11256972049915023,liblinear,balanced,unused,6,74,74,0.4888888888888889,0.5818181818181818,0.5476190476190477,45
6,l1,0.11256972049915023,liblinear,balanced,unused,6,75,75,0.8536585365853658,0.8333333333333334,0.9452380952380953,41
6,l1,0.11256972049915023,liblinear,balanced,unused,6,76,76,0.6,0.35714285714285715,0.658102766798419,45
6,l1,0.11256972049915023,liblinear,balanced,unused,6,77,77,0.4666666666666667,0.5555555555555556,0.5912698412698413,45
6,l1,0.11256972049915023,liblinear,balanced,unused,6,78,78,0.4666666666666667,0.6129032258064516,0.5573122529644269,45
6,l1,0.11256972049915023,liblinear,balanced,unused,6,79,79,0.675,0.5517241379310345,0.7274999999999999,40
6,l1,0.11256972049915023,liblinear,balanced,unused,6,80,80,0.5111111111111111,0.0,0.6027667984189723,45
6,l1,0.11256972049915023,liblinear,balanced,unused,6,81,81,0.4888888888888889,0.0,0.8280632411067194,45
6,l1,0.11256972049915023,liblinear,balanced,unused,6,82,82,0.5333333333333333,0.676923076923077,0.7648221343873518,45
6,l1,0.11256972049915023,liblinear,balanced,unused,6,83,83,0.5789473684210527,0.2727272727272727,0.8725761772853186,38
6,l1,0.11256972049915023,liblinear,balanced,unused,6,84,84,0.6818181818181818,0.6956521739130435,0.7494824016563147,44
6,l1,0.11256972049915023,liblinear,balanced,unused,6,85,85,0.5227272727272727,0.6666666666666666,0.9585921325051759,44
6,l1,0.11256972049915023,liblinear,balanced,unused,6,86,86,0.7727272727272727,0.7727272727272727,0.9026915113871635,44
6,l1,0.11256972049915023,liblinear,balanced,unused,6,87,87,0.4888888888888889,0.6349206349206349,0.5711462450592886,45
6,l1,0.11256972049915023,liblinear,balanced,unused,6,88,88,0.5272727272727272,0.3157894736842105,0.6190476190476191,55
6,l1,0.11256972049915023,liblinear,balanced,unused,6,89,89,0.6222222222222222,0.6792452830188679,0.7281746031746031,45
6,l1,0.11256972049915023,liblinear,balanced,unused,6,90,90,0.4888888888888889,0.5306122448979592,0.5513833992094861,45
6,l1,0.11256972049915023,liblinear,balanced,unused,6,91,91,0.5,0.6666666666666666,0.7603305785123967,44
6,l1,0.11256972049915023,liblinear,balanced,unused,6,92,92,0.5892857142857143,0.41025641025641024,0.6871794871794872,56
6,l1,0.11256972049915023,liblinear,balanced,unused,6,93,93,0.8666666666666667,0.8636363636363636,0.9110671936758893,45
6,l1,0.11256972049915023,liblinear,balanced,unused,6,94,94,0.9772727272727273,0.9787234042553191,1.0,44
6,l1,0.11256972049915023,liblinear,balanced,unused,6,95,95,0.42857142857142855,0.5555555555555556,0.6197916666666667,28
6,l1,0.11256972049915023,liblinear,balanced,unused,6,96,96,0.47619047619047616,0.6451612903225806,0.5396825396825398,42
6,l1,0.11256972049915023,liblinear,balanced,unused,6,97,97,0.5,0.0,0.6136363636363635,44
6,l1,0.11256972049915023,liblinear,balanced,unused,6,98,98,0.5111111111111111,0.6206896551724138,0.5276679841897234,45
6,l1,0.11256972049915023,liblinear,balanced,unused,6,99,99,0.5116279069767442,0.5116279069767442,0.5584415584415585,43
6,l1,0.11256972049915023,liblinear,balanced,unused,6,100,100,0.5277777777777778,0.5853658536585366,0.5740740740740741,36
6,l1,0.11256972049915023,liblinear,balanced,unused,6,101,101,0.4888888888888889,0.0,0.6284584980237153,45
6,l1,0.11256972049915023,liblinear,balanced,unused,6,102,102,0.6888888888888889,0.7586206896551724,0.8794466403162056,45
6,l1,0.11256972049915023,liblinear,balanced,unused,6,103,103,0.6511627906976745,0.6153846153846154,0.7922077922077921,43
6,l1,0.11256972049915023,liblinear,balanced,unused,6,104,104,0.4883720930232558,0.6333333333333333,0.5194805194805194,43
6,l1,0.11256972049915023,liblinear,balanced,unused,6,105,105,0.5555555555555556,0.23076923076923078,0.5928853754940713,45
6,l1,0.11256972049915023,liblinear,balanced,unused,6,106,106,0.6222222222222222,0.6382978723404256,0.6666666666666666,45
6,l1,0.11256972049915023,liblinear,balanced,unused,6,107,107,0.6,0.6666666666666666,0.6249999999999999,45
6,l1,0.11256972049915023,liblinear,balanced,unused,6,108,108,0.8444444444444444,0.8292682926829268,0.8972332015810277,45
7,l2,1.495523132429179,lbfgs,balanced,unused,6,1,1,0.7555555555555555,0.7843137254901961,0.8458498023715415,45
7,l2,1.495523132429179,lbfgs,balanced,unused,6,2,2,0.7111111111111111,0.5806451612903226,0.875494071146245,45
7,l2,1.495523132429179,lbfgs,balanced,unused,6,3,3,0.4666666666666667,0.4782608695652174,0.4308300395256917,45
7,l2,1.495523132429179,lbfgs,balanced,unused,6,4,4,0.4888888888888889,0.6567164179104478,0.8162055335968379,45
7,l2,1.495523132429179,lbfgs,balanced,unused,6,5,5,0.4888888888888889,0.6567164179104478,0.36111111111111116,45
7,l2,1.495523132429179,lbfgs,balanced,unused,6,6,6,0.5333333333333333,0.0,0.494047619047619,45
7,l2,1.495523132429179,lbfgs,balanced,unused,6,7,7,0.7111111111111111,0.7719298245614035,0.9881422924901186,45
7,l2,1.495523132429179,lbfgs,balanced,unused,6,8,8,0.6666666666666666,0.6666666666666666,0.691699604743083,45
7,l2,1.495523132429179,lbfgs,balanced,unused,6,9,9,0.6,0.5909090909090909,0.5357142857142857,45
7,l2,1.495523132429179,lbfgs,balanced,unused,6,10,10,0.6444444444444445,0.6521739130434783,0.6825396825396826,45
7,l2,1.495523132429179,lbfgs,balanced,unused,6,11,11,0.5111111111111111,0.6666666666666666,0.4328063241106719,45
7,l2,1.495523132429179,lbfgs,balanced,unused,6,12,12,0.6222222222222222,0.5853658536585366,0.7123015873015873,45
7,l2,1.495523132429179,lbfgs,balanced,unused,6,13,13,0.8,0.8108108108108109,0.8954248366013071,35
7,l2,1.495523132429179,lbfgs,balanced,unused,6,14,14,0.6666666666666666,0.7457627118644068,0.7964426877470356,45
7,l2,1.495523132429179,lbfgs,balanced,unused,6,15,15,0.5555555555555556,0.6875,0.9505928853754941,45
7,l2,1.495523132429179,lbfgs,balanced,unused,6,16,16,0.5333333333333333,0.6865671641791045,0.7312252964426879,45
7,l2,1.495523132429179,lbfgs,balanced,unused,6,17,17,0.5238095238095238,0.0,0.5863636363636364,42
7,l2,1.495523132429179,lbfgs,balanced,unused,6,18,18,0.5111111111111111,0.65625,0.41304347826086957,45
7,l2,1.495523132429179,lbfgs,balanced,unused,6,19,19,0.7111111111111111,0.7719298245614035,0.841897233201581,45
7,l2,1.495523132429179,lbfgs,balanced,unused,6,20,20,0.5555555555555556,0.5,0.5889328063241106,45
7,l2,1.495523132429179,lbfgs,balanced,unused,6,21,21,0.5555555555555556,0.6296296296296297,0.7222222222222222,45
7,l2,1.495523132429179,lbfgs,balanced,unused,6,22,22,0.5111111111111111,0.6764705882352942,0.7312252964426877,45
7,l2,1.495523132429179,lbfgs,balanced,unused,6,23,23,0.6590909090909091,0.7368421052631579,0.8574380165289256,44
7,l2,1.495523132429179,lbfgs,balanced,unused,6,24,24,0.5555555555555556,0.42857142857142855,0.6493506493506493,18
7,l2,1.495523132429179,lbfgs,balanced,unused,6,25,25,0.6888888888888889,0.72,0.7628458498023716,45
7,l2,1.495523132429179,lbfgs,balanced,unused,6,26,26,0.6222222222222222,0.711864406779661,0.7896825396825397,45
7,l2,1.495523132429179,lbfgs,balanced,unused,6,27,27,0.4888888888888889,0.6567164179104478,0.5948616600790514,45
7,l2,1.495523132429179,lbfgs,balanced,unused,6,28,28,0.4888888888888889,0.4888888888888889,0.5533596837944663,45
7,l2,1.495523132429179,lbfgs,balanced,unused,6,29,29,0.8222222222222222,0.8461538461538461,1.0,45
7,l2,1.495523132429179,lbfgs,balanced,unused,6,30,30,0.5555555555555556,0.23076923076923078,0.6746031746031745,45
7,l2,1.495523132429179,lbfgs,balanced,unused,6,31,31,0.8666666666666667,0.875,0.9644268774703557,45
7,l2,1.495523132429179,lbfgs,balanced,unused,6,32,32,0.7045454545454546,0.7796610169491526,0.9503105590062112,44
7,l2,1.495523132429179,lbfgs,balanced,unused,6,33,33,0.7333333333333333,0.6666666666666666,0.8517786561264822,45
7,l2,1.495523132429179,lbfgs,balanced,unused,6,34,34,0.8666666666666667,0.8888888888888888,0.9841269841269841,45
7,l2,1.495523132429179,lbfgs,balanced,unused,6,35,35,0.6888888888888889,0.5882352941176471,0.8399209486166008,45
7,l2,1.495523132429179,lbfgs,balanced,unused,6,36,36,0.36363636363636365,0.46153846153846156,0.4049586776859504,44
7,l2,1.495523132429179,lbfgs,balanced,unused,6,37,37,0.5111111111111111,0.0,0.5711462450592886,45
7,l2,1.495523132429179,lbfgs,balanced,unused,6,38,38,0.5333333333333333,0.43243243243243246,0.5948616600790514,45
7,l2,1.495523132429179,lbfgs,balanced,unused,6,39,39,0.5,0.5,0.5196687370600415,44
7,l2,1.495523132429179,lbfgs,balanced,unused,6,40,40,0.6,0.6666666666666666,0.5357142857142857,45
7,l2,1.495523132429179,lbfgs,balanced,unused,6,41,41,0.7333333333333333,0.7142857142857143,0.7757936507936508,45
7,l2,1.495523132429179,lbfgs,balanced,unused,6,42,42,0.9333333333333333,0.9333333333333333,0.974308300395257,45
7,l2,1.495523132429179,lbfgs,balanced,unused,6,43,43,0.8,0.7567567567567568,0.9268774703557312,45
7,l2,1.495523132429179,lbfgs,balanced,unused,6,44,44,0.7241379310344828,0.6923076923076923,0.8380952380952381,29
7,l2,1.495523132429179,lbfgs,balanced,unused,6,45,45,0.5555555555555556,0.2857142857142857,0.808300395256917,45
7,l2,1.495523132429179,lbfgs,balanced,unused,6,46,46,0.6444444444444445,0.6521739130434783,0.725296442687747,45
7,l2,1.495523132429179,lbfgs,balanced,unused,6,47,47,0.5111111111111111,0.65625,0.6111111111111112,45
7,l2,1.495523132429179,lbfgs,balanced,unused,6,48,48,0.7647058823529411,0.75,0.9714285714285714,17
7,l2,1.495523132429179,lbfgs,balanced,unused,6,49,49,0.8444444444444444,0.8444444444444444,0.958498023715415,45
7,l2,1.495523132429179,lbfgs,balanced,unused,6,50,50,0.5111111111111111,0.21428571428571427,0.608695652173913,45
7,l2,1.495523132429179,lbfgs,balanced,unused,6,51,51,0.5777777777777777,0.17391304347826086,0.5396825396825398,45
7,l2,1.495523132429179,lbfgs,balanced,unused,6,52,52,0.7804878048780488,0.7096774193548387,0.8205741626794258,41
7,l2,1.495523132429179,lbfgs,balanced,unused,6,53,53,0.5581395348837209,0.5581395348837209,0.5692640692640694,43
7,l2,1.495523132429179,lbfgs,balanced,unused,6,54,54,0.5897435897435898,0.6521739130434783,0.782608695652174,39
7,l2,1.495523132429179,lbfgs,balanced,unused,6,55,55,0.8888888888888888,0.8837209302325582,0.924901185770751,45
7,l2,1.495523132429179,lbfgs,balanced,unused,6,56,56,0.8409090909090909,0.851063829787234,0.9111570247933884,44
7,l2,1.495523132429179,lbfgs,balanced,unused,6,57,57,0.6,0.6538461538461539,0.7083333333333334,45
7,l2,1.495523132429179,lbfgs,balanced,unused,6,58,58,0.6222222222222222,0.5405405405405406,0.6646825396825397,45
7,l2,1.495523132429179,lbfgs,balanced,unused,6,59,59,0.5333333333333333,0.08695652173913043,0.4464285714285714,45
7,l2,1.495523132429179,lbfgs,balanced,unused,6,60,60,0.7727272727272727,0.782608695652174,0.9194214876033058,44
7,l2,1.495523132429179,lbfgs,balanced,unused,6,61,61,0.7441860465116279,0.717948717948718,0.8398268398268398,43
7,l2,1.495523132429179,lbfgs,balanced,unused,6,62,62,0.9333333333333333,0.9302325581395349,0.9861660079051384,45
7,l2,1.495523132429179,lbfgs,balanced,unused,6,63,63,0.4883720930232558,0.0,0.5909090909090909,43
7,l2,1.495523132429179,lbfgs,balanced,unused,6,64,64,0.5555555555555556,0.6875,0.7786561264822134,45
7,l2,1.495523132429179,lbfgs,balanced,unused,6,65,65,0.6888888888888889,0.7407407407407407,0.7976190476190477,45
7,l2,1.495523132429179,lbfgs,balanced,unused,6,66,66,0.5333333333333333,0.6440677966101694,0.4980237154150198,45
7,l2,1.495523132429179,lbfgs,balanced,unused,6,67,67,0.5111111111111111,0.15384615384615385,0.6106719367588932,45
7,l2,1.495523132429179,lbfgs,balanced,unused,6,68,68,0.5555555555555556,0.23076923076923078,0.7351778656126482,45
7,l2,1.495523132429179,lbfgs,balanced,unused,6,69,69,0.6,0.47058823529411764,0.6527777777777778,45
7,l2,1.495523132429179,lbfgs,balanced,unused,6,70,70,0.7333333333333333,0.7,0.8577075098814229,45
7,l2,1.495523132429179,lbfgs,balanced,unused,6,71,71,0.7555555555555555,0.6857142857142857,0.9387351778656127,45
7,l2,1.495523132429179,lbfgs,balanced,unused,6,72,72,0.9333333333333333,0.9361702127659575,0.9861660079051383,45
7,l2,1.495523132429179,lbfgs,balanced,unused,6,73,73,0.5111111111111111,0.6333333333333333,0.7252964426877471,45
7,l2,1.495523132429179,lbfgs,balanced,unused,6,74,74,0.4888888888888889,0.5818181818181818,0.5654761904761905,45
7,l2,1.495523132429179,lbfgs,balanced,unused,6,75,75,0.8048780487804879,0.7894736842105263,0.9476190476190476,41
7,l2,1.495523132429179,lbfgs,balanced,unused,6,76,76,0.6,0.35714285714285715,0.6581027667984191,45
7,l2,1.495523132429179,lbfgs,balanced,unused,6,77,77,0.4444444444444444,0.5454545454545454,0.5833333333333334,45
7,l2,1.495523132429179,lbfgs,balanced,unused,6,78,78,0.4666666666666667,0.6129032258064516,0.5434782608695652,45
7,l2,1.495523132429179,lbfgs,balanced,unused,6,79,79,0.675,0.5517241379310345,0.725,40
7,l2,1.495523132429179,lbfgs,balanced,unused,6,80,80,0.5111111111111111,0.0,0.6185770750988142,45
7,l2,1.495523132429179,lbfgs,balanced,unused,6,81,81,0.4888888888888889,0.0,0.8379446640316205,45
7,l2,1.495523132429179,lbfgs,balanced,unused,6,82,82,0.5333333333333333,0.676923076923077,0.7588932806324111,45
7,l2,1.495523132429179,lbfgs,balanced,unused,6,83,83,0.5789473684210527,0.2727272727272727,0.8725761772853186,38
7,l2,1.495523132429179,lbfgs,balanced,unused,6,84,84,0.6818181818181818,0.6956521739130435,0.7494824016563147,44
7,l2,1.495523132429179,lbfgs,balanced,unused,6,85,85,0.5454545454545454,0.6774193548387096,0.9606625258799172,44
7,l2,1.495523132429179,lbfgs,balanced,unused,6,86,86,0.7727272727272727,0.75,0.8985507246376812,44
7,l2,1.495523132429179,lbfgs,balanced,unused,6,87,87,0.5111111111111111,0.6451612903225806,0.5652173913043479,45
7,l2,1.495523132429179,lbfgs,balanced,unused,6,88,88,0.509090909090909,0.3076923076923077,0.6190476190476191,55
7,l2,1.495523132429179,lbfgs,balanced,unused,6,89,89,0.6444444444444445,0.6923076923076923,0.7162698412698413,45
7,l2,1.495523132429179,lbfgs,balanced,unused,6,90,90,0.5333333333333333,0.5714285714285714,0.5573122529644268,45
7,l2,1.495523132429179,lbfgs,balanced,unused,6,91,91,0.5,0.6666666666666666,0.7623966942148761,44
7,l2,1.495523132429179,lbfgs,balanced,unused,6,92,92,0.5714285714285714,0.3684210526315789,0.6884615384615385,56
7,l2,1.495523132429179,lbfgs,balanced,unused,6,93,93,0.8888888888888888,0.8888888888888888,0.9110671936758893,45
7,l2,1.495523132429179,lbfgs,balanced,unused,6,94,94,0.9772727272727273,0.9787234042553191,1.0,44
7,l2,1.495523132429179,lbfgs,balanced,unused,6,95,95,0.39285714285714285,0.5405405405405406,0.5989583333333333,28
7,l2,1.495523132429179,lbfgs,balanced,unused,6,96,96,0.4523809523809524,0.6229508196721312,0.5419501133786848,42
7,l2,1.495523132429179,lbfgs,balanced,unused,6,97,97,0.5,0.0,0.6198347107438016,44
7,l2,1.495523132429179,lbfgs,balanced,unused,6,98,98,0.4888888888888889,0.5964912280701754,0.5335968379446641,45
7,l2,1.495523132429179,lbfgs,balanced,unused,6,99,99,0.46511627906976744,0.41025641025641024,0.5627705627705628,43
7,l2,1.495523132429179,lbfgs,balanced,unused,6,100,100,0.5277777777777778,0.5641025641025641,0.5709876543209877,36
7,l2,1.495523132429179,lbfgs,balanced,unused,6,101,101,0.4888888888888889,0.0,0.6304347826086956,45
7,l2,1.495523132429179,lbfgs,balanced,unused,6,102,102,0.7333333333333333,0.7857142857142857,0.8814229249011858,45
7,l2,1.495523132429179,lbfgs,balanced,unused,6,103,103,0.627906976744186,0.6,0.7965367965367965,43
7,l2,1.495523132429179,lbfgs,balanced,unused,6,104,104,0.5116279069767442,0.6440677966101694,0.48484848484848486,43
7,l2,1.495523132429179,lbfgs,balanced,unused,6,105,105,0.5333333333333333,0.16,0.5889328063241107,45
7,l2,1.495523132429179,lbfgs,balanced,unused,6,106,106,0.6222222222222222,0.6530612244897959,0.6646825396825397,45
7,l2,1.495523132429179,lbfgs,balanced,unused,6,107,107,0.5777777777777777,0.6545454545454545,0.6468253968253967,45
7,l2,1.495523132429179,lbfgs,balanced,unused,6,108,108,0.8666666666666667,0.85,0.8952569169960474,45
8,elasticnet,2.1386921469346167,saga,balanced,0.8,6,1,1,0.7555555555555555,0.7843137254901961,0.8458498023715415,45
8,elasticnet,2.1386921469346167,saga,balanced,0.8,6,2,2,0.7111111111111111,0.5806451612903226,0.875494071146245,45
8,elasticnet,2.1386921469346167,saga,balanced,0.8,6,3,3,0.4666666666666667,0.4782608695652174,0.432806324110672,45
8,elasticnet,2.1386921469346167,saga,balanced,0.8,6,4,4,0.4888888888888889,0.6567164179104478,0.8142292490118577,45
8,elasticnet,2.1386921469346167,saga,balanced,0.8,6,5,5,0.4888888888888889,0.6567164179104478,0.3591269841269842,45
8,elasticnet,2.1386921469346167,saga,balanced,0.8,6,6,6,0.5333333333333333,0.0,0.494047619047619,45
8,elasticnet,2.1386921469346167,saga,balanced,0.8,6,7,7,0.7111111111111111,0.7719298245614035,0.9881422924901186,45
8,elasticnet,2.1386921469346167,saga,balanced,0.8,6,8,8,0.6666666666666666,0.6666666666666666,0.691699604743083,45
8,elasticnet,2.1386921469346167,saga,balanced,0.8,6,9,9,0.6222222222222222,0.6046511627906976,0.5376984126984128,45
8,elasticnet,2.1386921469346167,saga,balanced,0.8,6,10,10,0.6444444444444445,0.6521739130434783,0.6825396825396826,45
8,elasticnet,2.1386921469346167,saga,balanced,0.8,6,11,11,0.5111111111111111,0.6666666666666666,0.4328063241106719,45
8,elasticnet,2.1386921469346167,saga,balanced,0.8,6,12,12,0.6222222222222222,0.5853658536585366,0.7123015873015873,45
8,elasticnet,2.1386921469346167,saga,balanced,0.8,6,13,13,0.8,0.8108108108108109,0.8954248366013071,35
8,elasticnet,2.1386921469346167,saga,balanced,0.8,6,14,14,0.6666666666666666,0.7457627118644068,0.7964426877470356,45
8,elasticnet,2.1386921469346167,saga,balanced,0.8,6,15,15,0.5555555555555556,0.6875,0.9505928853754941,45
8,elasticnet,2.1386921469346167,saga,balanced,0.8,6,16,16,0.5333333333333333,0.6865671641791045,0.7312252964426877,45
8,elasticnet,2.1386921469346167,saga,balanced,0.8,6,17,17,0.5238095238095238,0.0,0.5886363636363636,42
8,elasticnet,2.1386921469346167,saga,balanced,0.8,6,18,18,0.4888888888888889,0.6461538461538462,0.4150197628458498,45
8,elasticnet,2.1386921469346167,saga,balanced,0.8,6,19,19,0.7111111111111111,0.7719298245614035,0.841897233201581,45
8,elasticnet,2.1386921469346167,saga,balanced,0.8,6,20,20,0.5555555555555556,0.5,0.5889328063241106,45
8,elasticnet,2.1386921469346167,saga,balanced,0.8,6,21,21,0.5555555555555556,0.6296296296296297,0.7222222222222222,45
8,elasticnet,2.1386921469346167,saga,balanced,0.8,6,22,22,0.5111111111111111,0.6764705882352942,0.7312252964426877,45
8,elasticnet,2.1386921469346167,saga,balanced,0.8,6,23,23,0.6590909090909091,0.7368421052631579,0.8574380165289256,44
8,elasticnet,2.1386921469346167,saga,balanced,0.8,6,24,24,0.5555555555555556,0.42857142857142855,0.6493506493506493,18
8,elasticnet,2.1386921469346167,saga,balanced,0.8,6,25,25,0.6888888888888889,0.72,0.7628458498023716,45
8,elasticnet,2.1386921469346167,saga,balanced,0.8,6,26,26,0.6222222222222222,0.711864406779661,0.7896825396825397,45
8,elasticnet,2.1386921469346167,saga,balanced,0.8,6,27,27,0.4888888888888889,0.6567164179104478,0.5928853754940712,45
8,elasticnet,2.1386921469346167,saga,balanced,0.8,6,28,28,0.4888888888888889,0.4888888888888889,0.5513833992094862,45
8,elasticnet,2.1386921469346167,saga,balanced,0.8,6,29,29,0.8222222222222222,0.8461538461538461,1.0,45
8,elasticnet,2.1386921469346167,saga,balanced,0.8,6,30,30,0.5555555555555556,0.23076923076923078,0.6746031746031745,45
8,elasticnet,2.1386921469346167,saga,balanced,0.8,6,31,31,0.8666666666666667,0.875,0.9644268774703557,45
8,elasticnet,2.1386921469346167,saga,balanced,0.8,6,32,32,0.7045454545454546,0.7796610169491526,0.9503105590062112,44
8,elasticnet,2.1386921469346167,saga,balanced,0.8,6,33,33,0.7333333333333333,0.6666666666666666,0.8517786561264822,45
8,elasticnet,2.1386921469346167,saga,balanced,0.8,6,34,34,0.8666666666666667,0.8888888888888888,0.9841269841269841,45
8,elasticnet,2.1386921469346167,saga,balanced,0.8,6,35,35,0.6888888888888889,0.5882352941176471,0.8399209486166008,45
8,elasticnet,2.1386921469346167,saga,balanced,0.8,6,36,36,0.36363636363636365,0.46153846153846156,0.4049586776859504,44
8,elasticnet,2.1386921469346167,saga,balanced,0.8,6,37,37,0.5111111111111111,0.0,0.5711462450592886,45
8,elasticnet,2.1386921469346167,saga,balanced,0.8,6,38,38,0.5333333333333333,0.43243243243243246,0.5968379446640316,45
8,elasticnet,2.1386921469346167,saga,balanced,0.8,6,39,39,0.5,0.5,0.5196687370600415,44
8,elasticnet,2.1386921469346167,saga,balanced,0.8,6,40,40,0.6,0.6666666666666666,0.5357142857142857,45
8,elasticnet,2.1386921469346167,saga,balanced,0.8,6,41,41,0.7333333333333333,0.7142857142857143,0.7757936507936508,45
8,elasticnet,2.1386921469346167,saga,balanced,0.8,6,42,42,0.9333333333333333,0.9333333333333333,0.974308300395257,45
8,elasticnet,2.1386921469346167,saga,balanced,0.8,6,43,43,0.8,0.7567567567567568,0.9288537549407114,45
8,elasticnet,2.1386921469346167,saga,balanced,0.8,6,44,44,0.7241379310344828,0.6923076923076923,0.8380952380952381,29
8,elasticnet,2.1386921469346167,saga,balanced,0.8,6,45,45,0.5555555555555556,0.2857142857142857,0.808300395256917,45
8,elasticnet,2.1386921469346167,saga,balanced,0.8,6,46,46,0.6444444444444445,0.6521739130434783,0.725296442687747,45
8,elasticnet,2.1386921469346167,saga,balanced,0.8,6,47,47,0.5111111111111111,0.65625,0.6111111111111112,45
8,elasticnet,2.1386921469346167,saga,balanced,0.8,6,48,48,0.7647058823529411,0.75,0.9714285714285714,17
8,elasticnet,2.1386921469346167,saga,balanced,0.8,6,49,49,0.8444444444444444,0.8444444444444444,0.958498023715415,45
8,elasticnet,2.1386921469346167,saga,balanced,0.8,6,50,50,0.5111111111111111,0.21428571428571427,0.608695652173913,45
8,elasticnet,2.1386921469346167,saga,balanced,0.8,6,51,51,0.5777777777777777,0.17391304347826086,0.5396825396825398,45
8,elasticnet,2.1386921469346167,saga,balanced,0.8,6,52,52,0.7804878048780488,0.7096774193548387,0.8205741626794258,41
8,elasticnet,2.1386921469346167,saga,balanced,0.8,6,53,53,0.5581395348837209,0.5581395348837209,0.5692640692640694,43
8,elasticnet,2.1386921469346167,saga,balanced,0.8,6,54,54,0.5897435897435898,0.6521739130434783,0.782608695652174,39
8,elasticnet,2.1386921469346167,saga,balanced,0.8,6,55,55,0.8888888888888888,0.8837209302325582,0.9268774703557312,45
8,elasticnet,2.1386921469346167,saga,balanced,0.8,6,56,56,0.8409090909090909,0.851063829787234,0.9111570247933884,44
8,elasticnet,2.1386921469346167,saga,balanced,0.8,6,57,57,0.6,0.6538461538461539,0.7063492063492064,45
8,elasticnet,2.1386921469346167,saga,balanced,0.8,6,58,58,0.6222222222222222,0.5405405405405406,0.6646825396825397,45
8,elasticnet,2.1386921469346167,saga,balanced,0.8,6,59,59,0.5333333333333333,0.08695652173913043,0.4464285714285714,45
8,elasticnet,2.1386921469346167,saga,balanced,0.8,6,60,60,0.7727272727272727,0.782608695652174,0.9194214876033058,44
8,elasticnet,2.1386921469346167,saga,balanced,0.8,6,61,61,0.7209302325581395,0.7,0.8398268398268398,43
8,elasticnet,2.1386921469346167,saga,balanced,0.8,6,62,62,0.9333333333333333,0.9302325581395349,0.9861660079051384,45
8,elasticnet,2.1386921469346167,saga,balanced,0.8,6,63,63,0.4883720930232558,0.0,0.5909090909090909,43
8,elasticnet,2.1386921469346167,saga,balanced,0.8,6,64,64,0.5555555555555556,0.6875,0.7786561264822134,45
8,elasticnet,2.1386921469346167,saga,balanced,0.8,6,65,65,0.6888888888888889,0.7407407407407407,0.7956349206349207,45
8,elasticnet,2.1386921469346167,saga,balanced,0.8,6,66,66,0.5333333333333333,0.6440677966101694,0.4980237154150198,45
8,elasticnet,2.1386921469346167,saga,balanced,0.8,6,67,67,0.5111111111111111,0.15384615384615385,0.6106719367588932,45
8,elasticnet,2.1386921469346167,saga,balanced,0.8,6,68,68,0.5555555555555556,0.23076923076923078,0.7312252964426876,45
8,elasticnet,2.1386921469346167,saga,balanced,0.8,6,69,69,0.6,0.47058823529411764,0.6527777777777778,45
8,elasticnet,2.1386921469346167,saga,balanced,0.8,6,70,70,0.7333333333333333,0.7,0.8577075098814229,45
8,elasticnet,2.1386921469346167,saga,balanced,0.8,6,71,71,0.7555555555555555,0.6857142857142857,0.9387351778656127,45
8,elasticnet,2.1386921469346167,saga,balanced,0.8,6,72,72,0.9333333333333333,0.9361702127659575,0.9841897233201581,45
8,elasticnet,2.1386921469346167,saga,balanced,0.8,6,73,73,0.5111111111111111,0.6333333333333333,0.7252964426877471,45
8,elasticnet,2.1386921469346167,saga,balanced,0.8,6,74,74,0.4888888888888889,0.5818181818181818,0.5634920634920635,45
8,elasticnet,2.1386921469346167,saga,balanced,0.8,6,75,75,0.8048780487804879,0.7894736842105263,0.9476190476190476,41
8,elasticnet,2.1386921469346167,saga,balanced,0.8,6,76,76,0.6,0.35714285714285715,0.6581027667984191,45
8,elasticnet,2.1386921469346167,saga,balanced,0.8,6,77,77,0.4444444444444444,0.5454545454545454,0.5833333333333334,45
8,elasticnet,2.1386921469346167,saga,balanced,0.8,6,78,78,0.4666666666666667,0.6129032258064516,0.5434782608695652,45
8,elasticnet,2.1386921469346167,saga,balanced,0.8,6,79,79,0.675,0.5517241379310345,0.725,40
8,elasticnet,2.1386921469346167,saga,balanced,0.8,6,80,80,0.5111111111111111,0.0,0.6185770750988142,45
8,elasticnet,2.1386921469346167,saga,balanced,0.8,6,81,81,0.4888888888888889,0.0,0.8399209486166008,45
8,elasticnet,2.1386921469346167,saga,balanced,0.8,6,82,82,0.5333333333333333,0.676923076923077,0.7588932806324111,45
8,elasticnet,2.1386921469346167,saga,balanced,0.8,6,83,83,0.5789473684210527,0.2727272727272727,0.8698060941828254,38
8,elasticnet,2.1386921469346167,saga,balanced,0.8,6,84,84,0.6818181818181818,0.6956521739130435,0.7494824016563147,44
8,elasticnet,2.1386921469346167,saga,balanced,0.8,6,85,85,0.5454545454545454,0.6774193548387096,0.9606625258799172,44
8,elasticnet,2.1386921469346167,saga,balanced,0.8,6,86,86,0.7954545454545454,0.7804878048780488,0.8985507246376812,44
8,elasticnet,2.1386921469346167,saga,balanced,0.8,6,87,87,0.5111111111111111,0.6451612903225806,0.5632411067193677,45
8,elasticnet,2.1386921469346167,saga,balanced,0.8,6,88,88,0.509090909090909,0.3076923076923077,0.6190476190476191,55
8,elasticnet,2.1386921469346167,saga,balanced,0.8,6,89,89,0.6444444444444445,0.6923076923076923,0.7162698412698413,45
8,elasticnet,2.1386921469346167,saga,balanced,0.8,6,90,90,0.5333333333333333,0.5714285714285714,0.5533596837944663,45
8,elasticnet,2.1386921469346167,saga,balanced,0.8,6,91,91,0.5,0.6666666666666666,0.7623966942148761,44
8,elasticnet,2.1386921469346167,saga,balanced,0.8,6,92,92,0.5714285714285714,0.3684210526315789,0.6884615384615385,56
8,elasticnet,2.1386921469346167,saga,balanced,0.8,6,93,93,0.8888888888888888,0.8888888888888888,0.9110671936758893,45
8,elasticnet,2.1386921469346167,saga,balanced,0.8,6,94,94,0.9772727272727273,0.9787234042553191,1.0,44
8,elasticnet,2.1386921469346167,saga,balanced,0.8,6,95,95,0.39285714285714285,0.5405405405405406,0.5989583333333333,28
8,elasticnet,2.1386921469346167,saga,balanced,0.8,6,96,96,0.4523809523809524,0.6229508196721312,0.5419501133786848,42
8,elasticnet,2.1386921469346167,saga,balanced,0.8,6,97,97,0.5,0.0,0.6198347107438016,44
8,elasticnet,2.1386921469346167,saga,balanced,0.8,6,98,98,0.4888888888888889,0.5964912280701754,0.5335968379446641,45
8,elasticnet,2.1386921469346167,saga,balanced,0.8,6,99,99,0.46511627906976744,0.41025641025641024,0.5606060606060607,43
8,elasticnet,2.1386921469346167,saga,balanced,0.8,6,100,100,0.5277777777777778,0.5641025641025641,0.5709876543209877,36
8,elasticnet,2.1386921469346167,saga,balanced,0.8,6,101,101,0.4888888888888889,0.0,0.6284584980237153,45
8,elasticnet,2.1386921469346167,saga,balanced,0.8,6,102,102,0.7333333333333333,0.7857142857142857,0.8814229249011858,45
8,elasticnet,2.1386921469346167,saga,balanced,0.8,6,103,103,0.6511627906976745,0.6153846153846154,0.7965367965367965,43
8,elasticnet,2.1386921469346167,saga,balanced,0.8,6,104,104,0.5116279069767442,0.6440677966101694,0.48484848484848486,43
8,elasticnet,2.1386921469346167,saga,balanced,0.8,6,105,105,0.5333333333333333,0.16,0.5889328063241107,45
8,elasticnet,2.1386921469346167,saga,balanced,0.8,6,106,106,0.6222222222222222,0.6530612244897959,0.6646825396825397,45
8,elasticnet,2.1386921469346167,saga,balanced,0.8,6,107,107,0.5777777777777777,0.6545454545454545,0.6448412698412699,45
8,elasticnet,2.1386921469346167,saga,balanced,0.8,6,108,108,0.8666666666666667,0.85,0.8952569169960474,45
9,l1,2.8158608326229326,liblinear,balanced,unused,6,1,1,0.7555555555555555,0.7843137254901961,0.8458498023715415,45
9,l1,2.8158608326229326,liblinear,balanced,unused,6,2,2,0.7111111111111111,0.5806451612903226,0.875494071146245,45
9,l1,2.8158608326229326,liblinear,balanced,unused,6,3,3,0.4666666666666667,0.4782608695652174,0.4308300395256917,45
9,l1,2.8158608326229326,liblinear,balanced,unused,6,4,4,0.4888888888888889,0.6567164179104478,0.8142292490118577,45
9,l1,2.8158608326229326,liblinear,balanced,unused,6,5,5,0.4888888888888889,0.6567164179104478,0.36111111111111116,45
9,l1,2.8158608326229326,liblinear,balanced,unused,6,6,6,0.5333333333333333,0.0,0.494047619047619,45
9,l1,2.8158608326229326,liblinear,balanced,unused,6,7,7,0.7111111111111111,0.7719298245614035,0.9881422924901186,45
9,l1,2.8158608326229326,liblinear,balanced,unused,6,8,8,0.6666666666666666,0.6666666666666666,0.691699604743083,45
9,l1,2.8158608326229326,liblinear,balanced,unused,6,9,9,0.6,0.5909090909090909,0.5376984126984128,45
9,l1,2.8158608326229326,liblinear,balanced,unused,6,10,10,0.6444444444444445,0.6521739130434783,0.6825396825396826,45
9,l1,2.8158608326229326,liblinear,balanced,unused,6,11,11,0.5111111111111111,0.6666666666666666,0.4328063241106719,45
9,l1,2.8158608326229326,liblinear,balanced,unused,6,12,12,0.6222222222222222,0.5853658536585366,0.7123015873015873,45
9,l1,2.8158608326229326,liblinear,balanced,unused,6,13,13,0.8,0.8108108108108109,0.8954248366013071,35
9,l1,2.8158608326229326,liblinear,balanced,unused,6,14,14,0.6666666666666666,0.7457627118644068,0.7964426877470356,45
9,l1,2.8158608326229326,liblinear,balanced,unused,6,15,15,0.5555555555555556,0.6875,0.9505928853754941,45
9,l1,2.8158608326229326,liblinear,balanced,unused,6,16,16,0.5333333333333333,0.6865671641791045,0.7332015810276681,45
9,l1,2.8158608326229326,liblinear,balanced,unused,6,17,17,0.5238095238095238,0.0,0.5886363636363636,42
9,l1,2.8158608326229326,liblinear,balanced,unused,6,18,18,0.4888888888888889,0.6461538461538462,0.4150197628458498,45
9,l1,2.8158608326229326,liblinear,balanced,unused,6,19,19,0.7111111111111111,0.7719298245614035,0.841897233201581,45
9,l1,2.8158608326229326,liblinear,balanced,unused,6,20,20,0.5555555555555556,0.5,0.5889328063241106,45
9,l1,2.8158608326229326,liblinear,balanced,unused,6,21,21,0.5555555555555556,0.6296296296296297,0.7222222222222222,45
9,l1,2.8158608326229326,liblinear,balanced,unused,6,22,22,0.5111111111111111,0.6764705882352942,0.7312252964426877,45
9,l1,2.8158608326229326,liblinear,balanced,unused,6,23,23,0.6590909090909091,0.7368421052631579,0.8574380165289256,44
9,l1,2.8158608326229326,liblinear,balanced,unused,6,24,24,0.5555555555555556,0.42857142857142855,0.6493506493506493,18
9,l1,2.8158608326229326,liblinear,balanced,unused,6,25,25,0.6888888888888889,0.72,0.7628458498023716,45
9,l1,2.8158608326229326,liblinear,balanced,unused,6,26,26,0.6222222222222222,0.711864406779661,0.7896825396825397,45
9,l1,2.8158608326229326,liblinear,balanced,unused,6,27,27,0.4888888888888889,0.6567164179104478,0.5928853754940712,45
9,l1,2.8158608326229326,liblinear,balanced,unused,6,28,28,0.4888888888888889,0.4888888888888889,0.5513833992094862,45
9,l1,2.8158608326229326,liblinear,balanced,unused,6,29,29,0.8222222222222222,0.8461538461538461,1.0,45
9,l1,2.8158608326229326,liblinear,balanced,unused,6,30,30,0.5555555555555556,0.23076923076923078,0.6746031746031745,45
9,l1,2.8158608326229326,liblinear,balanced,unused,6,31,31,0.8666666666666667,0.875,0.9644268774703557,45
9,l1,2.8158608326229326,liblinear,balanced,unused,6,32,32,0.7045454545454546,0.7796610169491526,0.9503105590062112,44
9,l1,2.8158608326229326,liblinear,balanced,unused,6,33,33,0.7333333333333333,0.6666666666666666,0.8517786561264822,45
9,l1,2.8158608326229326,liblinear,balanced,unused,6,34,34,0.8666666666666667,0.8888888888888888,0.9841269841269841,45
9,l1,2.8158608326229326,liblinear,balanced,unused,6,35,35,0.6888888888888889,0.5882352941176471,0.8399209486166008,45
9,l1,2.8158608326229326,liblinear,balanced,unused,6,36,36,0.36363636363636365,0.46153846153846156,0.4049586776859504,44
9,l1,2.8158608326229326,liblinear,balanced,unused,6,37,37,0.5111111111111111,0.0,0.5711462450592886,45
9,l1,2.8158608326229326,liblinear,balanced,unused,6,38,38,0.5333333333333333,0.43243243243243246,0.5968379446640316,45
9,l1,2.8158608326229326,liblinear,balanced,unused,6,39,39,0.5,0.5,0.5196687370600415,44
9,l1,2.8158608326229326,liblinear,balanced,unused,6,40,40,0.6,0.6666666666666666,0.5357142857142857,45
9,l1,2.8158608326229326,liblinear,balanced,unused,6,41,41,0.7333333333333333,0.7142857142857143,0.7757936507936508,45
9,l1,2.8158608326229326,liblinear,balanced,unused,6,42,42,0.9333333333333333,0.9333333333333333,0.974308300395257,45
9,l1,2.8158608326229326,liblinear,balanced,unused,6,43,43,0.8,0.7567567567567568,0.9288537549407114,45
9,l1,2.8158608326229326,liblinear,balanced,unused,6,44,44,0.7241379310344828,0.6923076923076923,0.8380952380952381,29
9,l1,2.8158608326229326,liblinear,balanced,unused,6,45,45,0.5555555555555556,0.2857142857142857,0.808300395256917,45
9,l1,2.8158608326229326,liblinear,balanced,unused,6,46,46,0.6444444444444445,0.6521739130434783,0.725296442687747,45
9,l1,2.8158608326229326,liblinear,balanced,unused,6,47,47,0.5111111111111111,0.65625,0.6111111111111112,45
9,l1,2.8158608326229326,liblinear,balanced,unused,6,48,48,0.7647058823529411,0.75,0.9714285714285714,17
9,l1,2.8158608326229326,liblinear,balanced,unused,6,49,49,0.8444444444444444,0.8444444444444444,0.958498023715415,45
9,l1,2.8158608326229326,liblinear,balanced,unused,6,50,50,0.5111111111111111,0.21428571428571427,0.608695652173913,45
9,l1,2.8158608326229326,liblinear,balanced,unused,6,51,51,0.5777777777777777,0.17391304347826086,0.5396825396825398,45
9,l1,2.8158608326229326,liblinear,balanced,unused,6,52,52,0.7804878048780488,0.7096774193548387,0.8205741626794258,41
9,l1,2.8158608326229326,liblinear,balanced,unused,6,53,53,0.5581395348837209,0.5581395348837209,0.5692640692640694,43
9,l1,2.8158608326229326,liblinear,balanced,unused,6,54,54,0.5897435897435898,0.6521739130434783,0.782608695652174,39
9,l1,2.8158608326229326,liblinear,balanced,unused,6,55,55,0.8888888888888888,0.8837209302325582,0.9268774703557312,45
9,l1,2.8158608326229326,liblinear,balanced,unused,6,56,56,0.8409090909090909,0.851063829787234,0.9111570247933884,44
9,l1,2.8158608326229326,liblinear,balanced,unused,6,57,57,0.6,0.6538461538461539,0.7063492063492064,45
9,l1,2.8158608326229326,liblinear,balanced,unused,6,58,58,0.6222222222222222,0.5405405405405406,0.6646825396825397,45
9,l1,2.8158608326229326,liblinear,balanced,unused,6,59,59,0.5333333333333333,0.08695652173913043,0.4464285714285714,45
9,l1,2.8158608326229326,liblinear,balanced,unused,6,60,60,0.7727272727272727,0.782608695652174,0.9194214876033058,44
9,l1,2.8158608326229326,liblinear,balanced,unused,6,61,61,0.7209302325581395,0.7,0.8398268398268398,43
9,l1,2.8158608326229326,liblinear,balanced,unused,6,62,62,0.9333333333333333,0.9302325581395349,0.9861660079051384,45
9,l1,2.8158608326229326,liblinear,balanced,unused,6,63,63,0.4883720930232558,0.0,0.5909090909090909,43
9,l1,2.8158608326229326,liblinear,balanced,unused,6,64,64,0.5555555555555556,0.6875,0.7786561264822134,45
9,l1,2.8158608326229326,liblinear,balanced,unused,6,65,65,0.6888888888888889,0.7407407407407407,0.7956349206349207,45
9,l1,2.8158608326229326,liblinear,balanced,unused,6,66,66,0.5333333333333333,0.6440677966101694,0.4980237154150198,45
9,l1,2.8158608326229326,liblinear,balanced,unused,6,67,67,0.5111111111111111,0.15384615384615385,0.6106719367588932,45
9,l1,2.8158608326229326,liblinear,balanced,unused,6,68,68,0.5555555555555556,0.23076923076923078,0.7312252964426876,45
9,l1,2.8158608326229326,liblinear,balanced,unused,6,69,69,0.6,0.47058823529411764,0.6527777777777778,45
9,l1,2.8158608326229326,liblinear,balanced,unused,6,70,70,0.7333333333333333,0.7,0.8577075098814229,45
9,l1,2.8158608326229326,liblinear,balanced,unused,6,71,71,0.7555555555555555,0.6857142857142857,0.9387351778656127,45
9,l1,2.8158608326229326,liblinear,balanced,unused,6,72,72,0.9333333333333333,0.9361702127659575,0.9841897233201581,45
9,l1,2.8158608326229326,liblinear,balanced,unused,6,73,73,0.5111111111111111,0.6333333333333333,0.7252964426877471,45
9,l1,2.8158608326229326,liblinear,balanced,unused,6,74,74,0.4888888888888889,0.5818181818181818,0.5634920634920635,45
9,l1,2.8158608326229326,liblinear,balanced,unused,6,75,75,0.8048780487804879,0.7894736842105263,0.9476190476190476,41
9,l1,2.8158608326229326,liblinear,balanced,unused,6,76,76,0.6,0.35714285714285715,0.6581027667984191,45
9,l1,2.8158608326229326,liblinear,balanced,unused,6,77,77,0.4444444444444444,0.5454545454545454,0.5833333333333334,45
9,l1,2.8158608326229326,liblinear,balanced,unused,6,78,78,0.4666666666666667,0.6129032258064516,0.5434782608695652,45
9,l1,2.8158608326229326,liblinear,balanced,unused,6,79,79,0.675,0.5517241379310345,0.725,40
9,l1,2.8158608326229326,liblinear,balanced,unused,6,80,80,0.5111111111111111,0.0,0.6185770750988142,45
9,l1,2.8158608326229326,liblinear,balanced,unused,6,81,81,0.4888888888888889,0.0,0.8399209486166008,45
9,l1,2.8158608326229326,liblinear,balanced,unused,6,82,82,0.5333333333333333,0.676923076923077,0.7588932806324111,45
9,l1,2.8158608326229326,liblinear,balanced,unused,6,83,83,0.5789473684210527,0.2727272727272727,0.8698060941828254,38
9,l1,2.8158608326229326,liblinear,balanced,unused,6,84,84,0.6818181818181818,0.6956521739130435,0.7494824016563147,44
9,l1,2.8158608326229326,liblinear,balanced,unused,6,85,85,0.5454545454545454,0.6774193548387096,0.9606625258799172,44
9,l1,2.8158608326229326,liblinear,balanced,unused,6,86,86,0.7954545454545454,0.7804878048780488,0.8985507246376812,44
9,l1,2.8158608326229326,liblinear,balanced,unused,6,87,87,0.5111111111111111,0.6451612903225806,0.5632411067193677,45
9,l1,2.8158608326229326,liblinear,balanced,unused,6,88,88,0.509090909090909,0.3076923076923077,0.6190476190476191,55
9,l1,2.8158608326229326,liblinear,balanced,unused,6,89,89,0.6444444444444445,0.6923076923076923,0.7162698412698413,45
9,l1,2.8158608326229326,liblinear,balanced,unused,6,90,90,0.5333333333333333,0.5714285714285714,0.5553359683794467,45
9,l1,2.8158608326229326,liblinear,balanced,unused,6,91,91,0.5,0.6666666666666666,0.7623966942148761,44
9,l1,2.8158608326229326,liblinear,balanced,unused,6,92,92,0.5714285714285714,0.3684210526315789,0.6884615384615385,56
9,l1,2.8158608326229326,liblinear,balanced,unused,6,93,93,0.8888888888888888,0.8888888888888888,0.9110671936758893,45
9,l1,2.8158608326229326,liblinear,balanced,unused,6,94,94,0.9772727272727273,0.9787234042553191,1.0,44
9,l1,2.8158608326229326,liblinear,balanced,unused,6,95,95,0.39285714285714285,0.5405405405405406,0.5989583333333333,28
9,l1,2.8158608326229326,liblinear,balanced,unused,6,96,96,0.4523809523809524,0.6229508196721312,0.5419501133786848,42
9,l1,2.8158608326229326,liblinear,balanced,unused,6,97,97,0.5,0.0,0.6198347107438016,44
9,l1,2.8158608326229326,liblinear,balanced,unused,6,98,98,0.4888888888888889,0.5964912280701754,0.5335968379446641,45
9,l1,2.8158608326229326,liblinear,balanced,unused,6,99,99,0.46511627906976744,0.41025641025641024,0.5606060606060607,43
9,l1,2.8158608326229326,liblinear,balanced,unused,6,100,100,0.5277777777777778,0.5641025641025641,0.5709876543209877,36
9,l1,2.8158608326229326,liblinear,balanced,unused,6,101,101,0.4888888888888889,0.0,0.6284584980237153,45
9,l1,2.8158608326229326,liblinear,balanced,unused,6,102,102,0.7333333333333333,0.7857142857142857,0.8814229249011858,45
9,l1,2.8158608326229326,liblinear,balanced,unused,6,103,103,0.627906976744186,0.6,0.7965367965367965,43
9,l1,2.8158608326229326,liblinear,balanced,unused,6,104,104,0.5116279069767442,0.6440677966101694,0.48484848484848486,43
9,l1,2.8158608326229326,liblinear,balanced,unused,6,105,105,0.5333333333333333,0.16,0.5889328063241107,45
9,l1,2.8158608326229326,liblinear,balanced,unused,6,106,106,0.6222222222222222,0.6530612244897959,0.6646825396825397,45
9,l1,2.8158608326229326,liblinear,balanced,unused,6,107,107,0.5777777777777777,0.6545454545454545,0.6448412698412699,45
9,l1,2.8158608326229326,liblinear,balanced,unused,6,108,108,0.8666666666666667,0.85,0.8952569169960474,45
10,elasticnet,8.068445404127122,saga,balanced,0.8,6,1,1,0.7555555555555555,0.7843137254901961,0.8458498023715415,45
10,elasticnet,8.068445404127122,saga,balanced,0.8,6,2,2,0.7111111111111111,0.5806451612903226,0.875494071146245,45
10,elasticnet,8.068445404127122,saga,balanced,0.8,6,3,3,0.4666666666666667,0.4782608695652174,0.4308300395256917,45
10,elasticnet,8.068445404127122,saga,balanced,0.8,6,4,4,0.4888888888888889,0.6567164179104478,0.8162055335968379,45
10,elasticnet,8.068445404127122,saga,balanced,0.8,6,5,5,0.4888888888888889,0.6567164179104478,0.36111111111111116,45
10,elasticnet,8.068445404127122,saga,balanced,0.8,6,6,6,0.5333333333333333,0.0,0.494047619047619,45
10,elasticnet,8.068445404127122,saga,balanced,0.8,6,7,7,0.6888888888888889,0.7586206896551724,0.9881422924901186,45
10,elasticnet,8.068445404127122,saga,balanced,0.8,6,8,8,0.6666666666666666,0.6666666666666666,0.691699604743083,45
10,elasticnet,8.068445404127122,saga,balanced,0.8,6,9,9,0.5777777777777777,0.5581395348837209,0.5357142857142857,45
10,elasticnet,8.068445404127122,saga,balanced,0.8,6,10,10,0.6444444444444445,0.6521739130434783,0.6825396825396826,45
10,elasticnet,8.068445404127122,saga,balanced,0.8,6,11,11,0.5111111111111111,0.6666666666666666,0.4328063241106719,45
10,elasticnet,8.068445404127122,saga,balanced,0.8,6,12,12,0.6222222222222222,0.5853658536585366,0.7123015873015873,45
10,elasticnet,8.068445404127122,saga,balanced,0.8,6,13,13,0.8,0.8108108108108109,0.8954248366013071,35
10,elasticnet,8.068445404127122,saga,balanced,0.8,6,14,14,0.6666666666666666,0.7457627118644068,0.7964426877470356,45
10,elasticnet,8.068445404127122,saga,balanced,0.8,6,15,15,0.5555555555555556,0.6875,0.9505928853754941,45
10,elasticnet,8.068445404127122,saga,balanced,0.8,6,16,16,0.5333333333333333,0.6865671641791045,0.7332015810276681,45
10,elasticnet,8.068445404127122,saga,balanced,0.8,6,17,17,0.5238095238095238,0.0,0.5863636363636364,42
10,elasticnet,8.068445404127122,saga,balanced,0.8,6,18,18,0.4888888888888889,0.6461538461538462,0.41304347826086957,45
10,elasticnet,8.068445404127122,saga,balanced,0.8,6,19,19,0.7111111111111111,0.7719298245614035,0.841897233201581,45
10,elasticnet,8.068445404127122,saga,balanced,0.8,6,20,20,0.5555555555555556,0.5,0.5889328063241106,45
10,elasticnet,8.068445404127122,saga,balanced,0.8,6,21,21,0.5555555555555556,0.6296296296296297,0.7222222222222222,45
10,elasticnet,8.068445404127122,saga,balanced,0.8,6,22,22,0.5111111111111111,0.6764705882352942,0.7312252964426877,45
10,elasticnet,8.068445404127122,saga,balanced,0.8,6,23,23,0.6590909090909091,0.7368421052631579,0.8574380165289256,44
10,elasticnet,8.068445404127122,saga,balanced,0.8,6,24,24,0.5555555555555556,0.42857142857142855,0.6493506493506493,18
10,elasticnet,8.068445404127122,saga,balanced,0.8,6,25,25,0.6888888888888889,0.72,0.7628458498023716,45
10,elasticnet,8.068445404127122,saga,balanced,0.8,6,26,26,0.6222222222222222,0.711864406779661,0.7896825396825397,45
10,elasticnet,8.068445404127122,saga,balanced,0.8,6,27,27,0.4888888888888889,0.6567164179104478,0.5928853754940712,45
10,elasticnet,8.068445404127122,saga,balanced,0.8,6,28,28,0.4888888888888889,0.4888888888888889,0.5513833992094862,45
10,elasticnet,8.068445404127122,saga,balanced,0.8,6,29,29,0.8222222222222222,0.8461538461538461,1.0,45
10,elasticnet,8.068445404127122,saga,balanced,0.8,6,30,30,0.5555555555555556,0.23076923076923078,0.6746031746031745,45
10,elasticnet,8.068445404127122,saga,balanced,0.8,6,31,31,0.8666666666666667,0.875,0.9644268774703557,45
10,elasticnet,8.068445404127122,saga,balanced,0.8,6,32,32,0.7045454545454546,0.7796610169491526,0.9503105590062112,44
10,elasticnet,8.068445404127122,saga,balanced,0.8,6,33,33,0.7333333333333333,0.6666666666666666,0.8517786561264822,45
10,elasticnet,8.068445404127122,saga,balanced,0.8,6,34,34,0.8666666666666667,0.8888888888888888,0.9841269841269841,45
10,elasticnet,8.068445404127122,saga,balanced,0.8,6,35,35,0.6888888888888889,0.5882352941176471,0.8399209486166008,45
10,elasticnet,8.068445404127122,saga,balanced,0.8,6,36,36,0.36363636363636365,0.46153846153846156,0.4049586776859504,44
10,elasticnet,8.068445404127122,saga,balanced,0.8,6,37,37,0.5111111111111111,0.0,0.5711462450592886,45
10,elasticnet,8.068445404127122,saga,balanced,0.8,6,38,38,0.5333333333333333,0.43243243243243246,0.5968379446640316,45
10,elasticnet,8.068445404127122,saga,balanced,0.8,6,39,39,0.5,0.5,0.5196687370600415,44
10,elasticnet,8.068445404127122,saga,balanced,0.8,6,40,40,0.6,0.6666666666666666,0.5357142857142857,45
10,elasticnet,8.068445404127122,saga,balanced,0.8,6,41,41,0.7333333333333333,0.7142857142857143,0.7757936507936508,45
10,elasticnet,8.068445404127122,saga,balanced,0.8,6,42,42,0.9333333333333333,0.9333333333333333,0.974308300395257,45
10,elasticnet,8.068445404127122,saga,balanced,0.8,6,43,43,0.8,0.7567567567567568,0.9268774703557312,45
10,elasticnet,8.068445404127122,saga,balanced,0.8,6,44,44,0.7241379310344828,0.6923076923076923,0.8380952380952381,29
10,elasticnet,8.068445404127122,saga,balanced,0.8,6,45,45,0.5555555555555556,0.2857142857142857,0.808300395256917,45
10,elasticnet,8.068445404127122,saga,balanced,0.8,6,46,46,0.6444444444444445,0.6521739130434783,0.725296442687747,45
10,elasticnet,8.068445404127122,saga,balanced,0.8,6,47,47,0.5111111111111111,0.65625,0.6091269841269842,45
10,elasticnet,8.068445404127122,saga,balanced,0.8,6,48,48,0.7647058823529411,0.75,0.9714285714285714,17
10,elasticnet,8.068445404127122,saga,balanced,0.8,6,49,49,0.8444444444444444,0.8444444444444444,0.958498023715415,45
10,elasticnet,8.068445404127122,saga,balanced,0.8,6,50,50,0.4888888888888889,0.20689655172413793,0.608695652173913,45
10,elasticnet,8.068445404127122,saga,balanced,0.8,6,51,51,0.5777777777777777,0.17391304347826086,0.5396825396825398,45
10,elasticnet,8.068445404127122,saga,balanced,0.8,6,52,52,0.7804878048780488,0.7096774193548387,0.8205741626794258,41
10,elasticnet,8.068445404127122,saga,balanced,0.8,6,53,53,0.5581395348837209,0.5581395348837209,0.5692640692640694,43
10,elasticnet,8.068445404127122,saga,balanced,0.8,6,54,54,0.5897435897435898,0.6521739130434783,0.782608695652174,39
10,elasticnet,8.068445404127122,saga,balanced,0.8,6,55,55,0.8888888888888888,0.8837209302325582,0.924901185770751,45
10,elasticnet,8.068445404127122,saga,balanced,0.8,6,56,56,0.8409090909090909,0.851063829787234,0.9111570247933884,44
10,elasticnet,8.068445404127122,saga,balanced,0.8,6,57,57,0.6,0.6538461538461539,0.7083333333333334,45
10,elasticnet,8.068445404127122,saga,balanced,0.8,6,58,58,0.6222222222222222,0.5405405405405406,0.6646825396825397,45
10,elasticnet,8.068445404127122,saga,balanced,0.8,6,59,59,0.5333333333333333,0.08695652173913043,0.4464285714285714,45
10,elasticnet,8.068445404127122,saga,balanced,0.8,6,60,60,0.7727272727272727,0.782608695652174,0.9194214876033058,44
10,elasticnet,8.068445404127122,saga,balanced,0.8,6,61,61,0.7441860465116279,0.717948717948718,0.8398268398268398,43
10,elasticnet,8.068445404127122,saga,balanced,0.8,6,62,62,0.9333333333333333,0.9302325581395349,0.9861660079051384,45
10,elasticnet,8.068445404127122,saga,balanced,0.8,6,63,63,0.4883720930232558,0.0,0.5909090909090909,43
10,elasticnet,8.068445404127122,saga,balanced,0.8,6,64,64,0.5555555555555556,0.6875,0.7786561264822134,45
10,elasticnet,8.068445404127122,saga,balanced,0.8,6,65,65,0.6888888888888889,0.7407407407407407,0.7956349206349207,45
10,elasticnet,8.068445404127122,saga,balanced,0.8,6,66,66,0.5333333333333333,0.6440677966101694,0.4980237154150198,45
10,elasticnet,8.068445404127122,saga,balanced,0.8,6,67,67,0.5111111111111111,0.15384615384615385,0.6106719367588932,45
10,elasticnet,8.068445404127122,saga,balanced,0.8,6,68,68,0.5555555555555556,0.23076923076923078,0.733201581027668,45
10,elasticnet,8.068445404127122,saga,balanced,0.8,6,69,69,0.6,0.47058823529411764,0.6527777777777778,45
10,elasticnet,8.068445404127122,saga,balanced,0.8,6,70,70,0.7333333333333333,0.7,0.8577075098814229,45
10,elasticnet,8.068445404127122,saga,balanced,0.8,6,71,71,0.7555555555555555,0.6857142857142857,0.9387351778656127,45
10,elasticnet,8.068445404127122,saga,balanced,0.8,6,72,72,0.9333333333333333,0.9361702127659575,0.9861660079051383,45
10,elasticnet,8.068445404127122,saga,balanced,0.8,6,73,73,0.5111111111111111,0.6333333333333333,0.7252964426877471,45
10,elasticnet,8.068445404127122,saga,balanced,0.8,6,74,74,0.4888888888888889,0.5818181818181818,0.5654761904761905,45
10,elasticnet,8.068445404127122,saga,balanced,0.8,6,75,75,0.8048780487804879,0.7894736842105263,0.9476190476190476,41
10,elasticnet,8.068445404127122,saga,balanced,0.8,6,76,76,0.6,0.35714285714285715,0.6581027667984191,45
10,elasticnet,8.068445404127122,saga,balanced,0.8,6,77,77,0.4444444444444444,0.5454545454545454,0.5833333333333334,45
10,elasticnet,8.068445404127122,saga,balanced,0.8,6,78,78,0.4666666666666667,0.6129032258064516,0.5434782608695652,45
10,elasticnet,8.068445404127122,saga,balanced,0.8,6,79,79,0.675,0.5517241379310345,0.725,40
10,elasticnet,8.068445404127122,saga,balanced,0.8,6,80,80,0.5111111111111111,0.0,0.6185770750988142,45
10,elasticnet,8.068445404127122,saga,balanced,0.8,6,81,81,0.4888888888888889,0.0,0.8379446640316205,45
10,elasticnet,8.068445404127122,saga,balanced,0.8,6,82,82,0.5333333333333333,0.676923076923077,0.7588932806324111,45
10,elasticnet,8.068445404127122,saga,balanced,0.8,6,83,83,0.5789473684210527,0.2727272727272727,0.8698060941828254,38
10,elasticnet,8.068445404127122,saga,balanced,0.8,6,84,84,0.6818181818181818,0.6956521739130435,0.7494824016563147,44
10,elasticnet,8.068445404127122,saga,balanced,0.8,6,85,85,0.5454545454545454,0.6774193548387096,0.9606625258799172,44
10,elasticnet,8.068445404127122,saga,balanced,0.8,6,86,86,0.7727272727272727,0.75,0.8985507246376812,44
10,elasticnet,8.068445404127122,saga,balanced,0.8,6,87,87,0.5111111111111111,0.6451612903225806,0.5671936758893281,45
10,elasticnet,8.068445404127122,saga,balanced,0.8,6,88,88,0.509090909090909,0.3076923076923077,0.6177248677248678,55
10,elasticnet,8.068445404127122,saga,balanced,0.8,6,89,89,0.6444444444444445,0.6923076923076923,0.7142857142857143,45
10,elasticnet,8.068445404127122,saga,balanced,0.8,6,90,90,0.5333333333333333,0.5714285714285714,0.5553359683794467,45
10,elasticnet,8.068445404127122,saga,balanced,0.8,6,91,91,0.5,0.6666666666666666,0.7623966942148761,44
10,elasticnet,8.068445404127122,saga,balanced,0.8,6,92,92,0.5714285714285714,0.3684210526315789,0.6897435897435897,56
10,elasticnet,8.068445404127122,saga,balanced,0.8,6,93,93,0.8888888888888888,0.8888888888888888,0.9110671936758893,45
10,elasticnet,8.068445404127122,saga,balanced,0.8,6,94,94,0.9772727272727273,0.9787234042553191,1.0,44
10,elasticnet,8.068445404127122,saga,balanced,0.8,6,95,95,0.39285714285714285,0.5405405405405406,0.5989583333333333,28
10,elasticnet,8.068445404127122,saga,balanced,0.8,6,96,96,0.4523809523809524,0.6229508196721312,0.5419501133786848,42
10,elasticnet,8.068445404127122,saga,balanced,0.8,6,97,97,0.5,0.0,0.6198347107438016,44
10,elasticnet,8.068445404127122,saga,balanced,0.8,6,98,98,0.4888888888888889,0.5964912280701754,0.5335968379446641,45
10,elasticnet,8.068445404127122,saga,balanced,0.8,6,99,99,0.46511627906976744,0.41025641025641024,0.564935064935065,43
10,elasticnet,8.068445404127122,saga,balanced,0.8,6,100,100,0.5277777777777778,0.5641025641025641,0.5709876543209877,36
10,elasticnet,8.068445404127122,saga,balanced,0.8,6,101,101,0.4888888888888889,0.0,0.6304347826086956,45
10,elasticnet,8.068445404127122,saga,balanced,0.8,6,102,102,0.7333333333333333,0.7857142857142857,0.8814229249011858,45
10,elasticnet,8.068445404127122,saga,balanced,0.8,6,103,103,0.627906976744186,0.6,0.7965367965367965,43
10,elasticnet,8.068445404127122,saga,balanced,0.8,6,104,104,0.5116279069767442,0.6440677966101694,0.48484848484848486,43
10,elasticnet,8.068445404127122,saga,balanced,0.8,6,105,105,0.5333333333333333,0.16,0.5889328063241107,45
10,elasticnet,8.068445404127122,saga,balanced,0.8,6,106,106,0.6222222222222222,0.6530612244897959,0.6626984126984127,45
10,elasticnet,8.068445404127122,saga,balanced,0.8,6,107,107,0.5777777777777777,0.6545454545454545,0.6468253968253967,45
10,elasticnet,8.068445404127122,saga,balanced,0.8,6,108,108,0.8666666666666667,0.85,0.8952569169960474,45
11,elasticnet,1.952311313654702,saga,balanced,0.2,6,1,1,0.7555555555555555,0.7843137254901961,0.8458498023715415,45
11,elasticnet,1.952311313654702,saga,balanced,0.2,6,2,2,0.7111111111111111,0.5806451612903226,0.875494071146245,45
11,elasticnet,1.952311313654702,saga,balanced,0.2,6,3,3,0.4666666666666667,0.4782608695652174,0.4308300395256917,45
11,elasticnet,1.952311313654702,saga,balanced,0.2,6,4,4,0.4888888888888889,0.6567164179104478,0.8162055335968379,45
11,elasticnet,1.952311313654702,saga,balanced,0.2,6,5,5,0.4888888888888889,0.6567164179104478,0.36111111111111116,45
11,elasticnet,1.952311313654702,saga,balanced,0.2,6,6,6,0.5333333333333333,0.0,0.494047619047619,45
11,elasticnet,1.952311313654702,saga,balanced,0.2,6,7,7,0.7111111111111111,0.7719298245614035,0.9881422924901186,45
11,elasticnet,1.952311313654702,saga,balanced,0.2,6,8,8,0.6666666666666666,0.6666666666666666,0.691699604743083,45
11,elasticnet,1.952311313654702,saga,balanced,0.2,6,9,9,0.6,0.5909090909090909,0.5357142857142857,45
11,elasticnet,1.952311313654702,saga,balanced,0.2,6,10,10,0.6444444444444445,0.6521739130434783,0.6825396825396826,45
11,elasticnet,1.952311313654702,saga,balanced,0.2,6,11,11,0.5111111111111111,0.6666666666666666,0.4328063241106719,45
11,elasticnet,1.952311313654702,saga,balanced,0.2,6,12,12,0.6222222222222222,0.5853658536585366,0.7123015873015873,45
11,elasticnet,1.952311313654702,saga,balanced,0.2,6,13,13,0.8,0.8108108108108109,0.8954248366013071,35
11,elasticnet,1.952311313654702,saga,balanced,0.2,6,14,14,0.6666666666666666,0.7457627118644068,0.7964426877470356,45
11,elasticnet,1.952311313654702,saga,balanced,0.2,6,15,15,0.5555555555555556,0.6875,0.9505928853754941,45
11,elasticnet,1.952311313654702,saga,balanced,0.2,6,16,16,0.5333333333333333,0.6865671641791045,0.7332015810276681,45
11,elasticnet,1.952311313654702,saga,balanced,0.2,6,17,17,0.5238095238095238,0.0,0.5886363636363636,42
11,elasticnet,1.952311313654702,saga,balanced,0.2,6,18,18,0.4888888888888889,0.6461538461538462,0.41304347826086957,45
11,elasticnet,1.952311313654702,saga,balanced,0.2,6,19,19,0.7111111111111111,0.7719298245614035,0.841897233201581,45
11,elasticnet,1.952311313654702,saga,balanced,0.2,6,20,20,0.5555555555555556,0.5,0.5889328063241106,45
11,elasticnet,1.952311313654702,saga,balanced,0.2,6,21,21,0.5555555555555556,0.6296296296296297,0.7222222222222222,45
11,elasticnet,1.952311313654702,saga,balanced,0.2,6,22,22,0.5111111111111111,0.6764705882352942,0.7312252964426877,45
11,elasticnet,1.952311313654702,saga,balanced,0.2,6,23,23,0.6590909090909091,0.7368421052631579,0.8574380165289256,44
11,elasticnet,1.952311313654702,saga,balanced,0.2,6,24,24,0.5555555555555556,0.42857142857142855,0.6493506493506493,18
11,elasticnet,1.952311313654702,saga,balanced,0.2,6,25,25,0.6888888888888889,0.72,0.7628458498023716,45
11,elasticnet,1.952311313654702,saga,balanced,0.2,6,26,26,0.6222222222222222,0.711864406779661,0.7896825396825397,45
11,elasticnet,1.952311313654702,saga,balanced,0.2,6,27,27,0.4888888888888889,0.6567164179104478,0.5928853754940712,45
11,elasticnet,1.952311313654702,saga,balanced,0.2,6,28,28,0.4888888888888889,0.4888888888888889,0.5513833992094862,45
11,elasticnet,1.952311313654702,saga,balanced,0.2,6,29,29,0.8222222222222222,0.8461538461538461,1.0,45
11,elasticnet,1.952311313654702,saga,balanced,0.2,6,30,30,0.5555555555555556,0.23076923076923078,0.6746031746031745,45
11,elasticnet,1.952311313654702,saga,balanced,0.2,6,31,31,0.8666666666666667,0.875,0.9644268774703557,45
11,elasticnet,1.952311313654702,saga,balanced,0.2,6,32,32,0.7045454545454546,0.7796610169491526,0.9503105590062112,44
11,elasticnet,1.952311313654702,saga,balanced,0.2,6,33,33,0.7333333333333333,0.6666666666666666,0.8517786561264822,45
11,elasticnet,1.952311313654702,saga,balanced,0.2,6,34,34,0.8666666666666667,0.8888888888888888,0.9841269841269841,45
11,elasticnet,1.952311313654702,saga,balanced,0.2,6,35,35,0.6888888888888889,0.5882352941176471,0.8399209486166008,45
11,elasticnet,1.952311313654702,saga,balanced,0.2,6,36,36,0.36363636363636365,0.46153846153846156,0.4049586776859504,44
11,elasticnet,1.952311313654702,saga,balanced,0.2,6,37,37,0.5111111111111111,0.0,0.5711462450592886,45
11,elasticnet,1.952311313654702,saga,balanced,0.2,6,38,38,0.5333333333333333,0.43243243243243246,0.5968379446640316,45
11,elasticnet,1.952311313654702,saga,balanced,0.2,6,39,39,0.5,0.5,0.5196687370600415,44
11,elasticnet,1.952311313654702,saga,balanced,0.2,6,40,40,0.6,0.6666666666666666,0.5357142857142857,45
11,elasticnet,1.952311313654702,saga,balanced,0.2,6,41,41,0.7333333333333333,0.7142857142857143,0.7757936507936508,45
11,elasticnet,1.952311313654702,saga,balanced,0.2,6,42,42,0.9333333333333333,0.9333333333333333,0.974308300395257,45
11,elasticnet,1.952311313654702,saga,balanced,0.2,6,43,43,0.8,0.7567567567567568,0.9268774703557312,45
11,elasticnet,1.952311313654702,saga,balanced,0.2,6,44,44,0.7241379310344828,0.6923076923076923,0.8380952380952381,29
11,elasticnet,1.952311313654702,saga,balanced,0.2,6,45,45,0.5555555555555556,0.2857142857142857,0.808300395256917,45
11,elasticnet,1.952311313654702,saga,balanced,0.2,6,46,46,0.6444444444444445,0.6521739130434783,0.725296442687747,45
11,elasticnet,1.952311313654702,saga,balanced,0.2,6,47,47,0.5111111111111111,0.65625,0.6111111111111112,45
11,elasticnet,1.952311313654702,saga,balanced,0.2,6,48,48,0.7647058823529411,0.75,0.9714285714285714,17
11,elasticnet,1.952311313654702,saga,balanced,0.2,6,49,49,0.8444444444444444,0.8444444444444444,0.958498023715415,45
11,elasticnet,1.952311313654702,saga,balanced,0.2,6,50,50,0.5111111111111111,0.21428571428571427,0.608695652173913,45
11,elasticnet,1.952311313654702,saga,balanced,0.2,6,51,51,0.5777777777777777,0.17391304347826086,0.5396825396825398,45
11,elasticnet,1.952311313654702,saga,balanced,0.2,6,52,52,0.7804878048780488,0.7096774193548387,0.8205741626794258,41
11,elasticnet,1.952311313654702,saga,balanced,0.2,6,53,53,0.5581395348837209,0.5581395348837209,0.5692640692640694,43
11,elasticnet,1.952311313654702,saga,balanced,0.2,6,54,54,0.5897435897435898,0.6521739130434783,0.782608695652174,39
11,elasticnet,1.952311313654702,saga,balanced,0.2,6,55,55,0.8888888888888888,0.8837209302325582,0.924901185770751,45
11,elasticnet,1.952311313654702,saga,balanced,0.2,6,56,56,0.8409090909090909,0.851063829787234,0.9111570247933884,44
11,elasticnet,1.952311313654702,saga,balanced,0.2,6,57,57,0.6,0.6538461538461539,0.7083333333333334,45
11,elasticnet,1.952311313654702,saga,balanced,0.2,6,58,58,0.6222222222222222,0.5405405405405406,0.6646825396825397,45
11,elasticnet,1.952311313654702,saga,balanced,0.2,6,59,59,0.5333333333333333,0.08695652173913043,0.4464285714285714,45
11,elasticnet,1.952311313654702,saga,balanced,0.2,6,60,60,0.7727272727272727,0.782608695652174,0.9194214876033058,44
11,elasticnet,1.952311313654702,saga,balanced,0.2,6,61,61,0.7209302325581395,0.7,0.8398268398268398,43
11,elasticnet,1.952311313654702,saga,balanced,0.2,6,62,62,0.9333333333333333,0.9302325581395349,0.9861660079051384,45
11,elasticnet,1.952311313654702,saga,balanced,0.2,6,63,63,0.4883720930232558,0.0,0.5909090909090909,43
11,elasticnet,1.952311313654702,saga,balanced,0.2,6,64,64,0.5555555555555556,0.6875,0.7786561264822134,45
11,elasticnet,1.952311313654702,saga,balanced,0.2,6,65,65,0.6888888888888889,0.7407407407407407,0.7956349206349207,45
11,elasticnet,1.952311313654702,saga,balanced,0.2,6,66,66,0.5333333333333333,0.6440677966101694,0.4980237154150198,45
11,elasticnet,1.952311313654702,saga,balanced,0.2,6,67,67,0.5111111111111111,0.15384615384615385,0.6106719367588932,45
11,elasticnet,1.952311313654702,saga,balanced,0.2,6,68,68,0.5555555555555556,0.23076923076923078,0.7351778656126482,45
11,elasticnet,1.952311313654702,saga,balanced,0.2,6,69,69,0.6,0.47058823529411764,0.6527777777777778,45
11,elasticnet,1.952311313654702,saga,balanced,0.2,6,70,70,0.7333333333333333,0.7,0.8577075098814229,45
11,elasticnet,1.952311313654702,saga,balanced,0.2,6,71,71,0.7555555555555555,0.6857142857142857,0.9387351778656127,45
11,elasticnet,1.952311313654702,saga,balanced,0.2,6,72,72,0.9333333333333333,0.9361702127659575,0.9861660079051383,45
11,elasticnet,1.952311313654702,saga,balanced,0.2,6,73,73,0.5111111111111111,0.6333333333333333,0.7272727272727273,45
11,elasticnet,1.952311313654702,saga,balanced,0.2,6,74,74,0.4888888888888889,0.5818181818181818,0.5634920634920635,45
11,elasticnet,1.952311313654702,saga,balanced,0.2,6,75,75,0.8048780487804879,0.7894736842105263,0.9476190476190476,41
11,elasticnet,1.952311313654702,saga,balanced,0.2,6,76,76,0.6,0.35714285714285715,0.6581027667984191,45
11,elasticnet,1.952311313654702,saga,balanced,0.2,6,77,77,0.4444444444444444,0.5454545454545454,0.5833333333333334,45
11,elasticnet,1.952311313654702,saga,balanced,0.2,6,78,78,0.4666666666666667,0.6129032258064516,0.5434782608695652,45
11,elasticnet,1.952311313654702,saga,balanced,0.2,6,79,79,0.675,0.5517241379310345,0.725,40
11,elasticnet,1.952311313654702,saga,balanced,0.2,6,80,80,0.5111111111111111,0.0,0.6185770750988142,45
11,elasticnet,1.952311313654702,saga,balanced,0.2,6,81,81,0.4888888888888889,0.0,0.8379446640316205,45
11,elasticnet,1.952311313654702,saga,balanced,0.2,6,82,82,0.5333333333333333,0.676923076923077,0.7588932806324111,45
11,elasticnet,1.952311313654702,saga,balanced,0.2,6,83,83,0.5789473684210527,0.2727272727272727,0.8698060941828254,38
11,elasticnet,1.952311313654702,saga,balanced,0.2,6,84,84,0.6818181818181818,0.6956521739130435,0.7494824016563147,44
11,elasticnet,1.952311313654702,saga,balanced,0.2,6,85,85,0.5454545454545454,0.6774193548387096,0.9606625258799172,44
11,elasticnet,1.952311313654702,saga,balanced,0.2,6,86,86,0.7727272727272727,0.75,0.8985507246376812,44
11,elasticnet,1.952311313654702,saga,balanced,0.2,6,87,87,0.5111111111111111,0.6451612903225806,0.5652173913043479,45
11,elasticnet,1.952311313654702,saga,balanced,0.2,6,88,88,0.509090909090909,0.3076923076923077,0.6190476190476191,55
11,elasticnet,1.952311313654702,saga,balanced,0.2,6,89,89,0.6444444444444445,0.6923076923076923,0.7142857142857143,45
11,elasticnet,1.952311313654702,saga,balanced,0.2,6,90,90,0.5333333333333333,0.5714285714285714,0.5573122529644268,45
11,elasticnet,1.952311313654702,saga,balanced,0.2,6,91,91,0.5,0.6666666666666666,0.7623966942148761,44
11,elasticnet,1.952311313654702,saga,balanced,0.2,6,92,92,0.5714285714285714,0.3684210526315789,0.6884615384615385,56
11,elasticnet,1.952311313654702,saga,balanced,0.2,6,93,93,0.8888888888888888,0.8888888888888888,0.9110671936758893,45
11,elasticnet,1.952311313654702,saga,balanced,0.2,6,94,94,0.9772727272727273,0.9787234042553191,1.0,44
11,elasticnet,1.952311313654702,saga,balanced,0.2,6,95,95,0.39285714285714285,0.5405405405405406,0.5989583333333333,28
11,elasticnet,1.952311313654702,saga,balanced,0.2,6,96,96,0.4523809523809524,0.6229508196721312,0.5419501133786848,42
11,elasticnet,1.952311313654702,saga,balanced,0.2,6,97,97,0.5,0.0,0.6198347107438016,44
11,elasticnet,1.952311313654702,saga,balanced,0.2,6,98,98,0.4888888888888889,0.5964912280701754,0.5335968379446641,45
11,elasticnet,1.952311313654702,saga,balanced,0.2,6,99,99,0.46511627906976744,0.41025641025641024,0.5627705627705628,43
11,elasticnet,1.952311313654702,saga,balanced,0.2,6,100,100,0.5277777777777778,0.5641025641025641,0.5709876543209877,36
11,elasticnet,1.952311313654702,saga,balanced,0.2,6,101,101,0.4888888888888889,0.0,0.6304347826086956,45
11,elasticnet,1.952311313654702,saga,balanced,0.2,6,102,102,0.7333333333333333,0.7857142857142857,0.8814229249011858,45
11,elasticnet,1.952311313654702,saga,balanced,0.2,6,103,103,0.6511627906976745,0.6153846153846154,0.7965367965367965,43
11,elasticnet,1.952311313654702,saga,balanced,0.2,6,104,104,0.5116279069767442,0.6440677966101694,0.48484848484848486,43
11,elasticnet,1.952311313654702,saga,balanced,0.2,6,105,105,0.5333333333333333,0.16,0.5889328063241107,45
11,elasticnet,1.952311313654702,saga,balanced,0.2,6,106,106,0.6222222222222222,0.6530612244897959,0.6646825396825397,45
11,elasticnet,1.952311313654702,saga,balanced,0.2,6,107,107,0.5777777777777777,0.6545454545454545,0.6468253968253967,45
11,elasticnet,1.952311313654702,saga,balanced,0.2,6,108,108,0.8666666666666667,0.85,0.8952569169960474,45
12,elasticnet,0.48919990606840263,saga,balanced,0.8,6,1,1,0.7555555555555555,0.7843137254901961,0.8438735177865613,45
12,elasticnet,0.48919990606840263,saga,balanced,0.8,6,2,2,0.7111111111111111,0.5806451612903226,0.875494071146245,45
12,elasticnet,0.48919990606840263,saga,balanced,0.8,6,3,3,0.4666666666666667,0.4782608695652174,0.43478260869565216,45
12,elasticnet,0.48919990606840263,saga,balanced,0.8,6,4,4,0.4888888888888889,0.6567164179104478,0.8122529644268774,45
12,elasticnet,0.48919990606840263,saga,balanced,0.8,6,5,5,0.4888888888888889,0.6567164179104478,0.35912698412698413,45
12,elasticnet,0.48919990606840263,saga,balanced,0.8,6,6,6,0.5555555555555556,0.09090909090909091,0.494047619047619,45
12,elasticnet,0.48919990606840263,saga,balanced,0.8,6,7,7,0.7111111111111111,0.7719298245614035,0.9881422924901186,45
12,elasticnet,0.48919990606840263,saga,balanced,0.8,6,8,8,0.6444444444444445,0.6521739130434783,0.691699604743083,45
12,elasticnet,0.48919990606840263,saga,balanced,0.8,6,9,9,0.6222222222222222,0.6046511627906976,0.5376984126984128,45
12,elasticnet,0.48919990606840263,saga,balanced,0.8,6,10,10,0.6444444444444445,0.6521739130434783,0.6845238095238095,45
12,elasticnet,0.48919990606840263,saga,balanced,0.8,6,11,11,0.5111111111111111,0.6666666666666666,0.4328063241106719,45
12,elasticnet,0.48919990606840263,saga,balanced,0.8,6,12,12,0.6222222222222222,0.5853658536585366,0.7083333333333334,45
12,elasticnet,0.48919990606840263,saga,balanced,0.8,6,13,13,0.8,0.8108108108108109,0.892156862745098,35
12,elasticnet,0.48919990606840263,saga,balanced,0.8,6,14,14,0.6666666666666666,0.7457627118644068,0.7924901185770752,45
12,elasticnet,0.48919990606840263,saga,balanced,0.8,6,15,15,0.5555555555555556,0.6875,0.9505928853754941,45
12,elasticnet,0.48919990606840263,saga,balanced,0.8,6,16,16,0.5333333333333333,0.6865671641791045,0.7272727272727272,45
12,elasticnet,0.48919990606840263,saga,balanced,0.8,6,17,17,0.5238095238095238,0.0,0.5931818181818183,42
12,elasticnet,0.48919990606840263,saga,balanced,0.8,6,18,18,0.4888888888888889,0.6461538461538462,0.41106719367588934,45
12,elasticnet,0.48919990606840263,saga,balanced,0.8,6,19,19,0.7111111111111111,0.7719298245614035,0.8438735177865613,45
12,elasticnet,0.48919990606840263,saga,balanced,0.8,6,20,20,0.5555555555555556,0.5,0.58300395256917,45
12,elasticnet,0.48919990606840263,saga,balanced,0.8,6,21,21,0.5555555555555556,0.6296296296296297,0.7222222222222222,45
12,elasticnet,0.48919990606840263,saga,balanced,0.8,6,22,22,0.5111111111111111,0.6764705882352942,0.7371541501976284,45
12,elasticnet,0.48919990606840263,saga,balanced,0.8,6,23,23,0.6590909090909091,0.7368421052631579,0.8574380165289256,44
12,elasticnet,0.48919990606840263,saga,balanced,0.8,6,24,24,0.5555555555555556,0.42857142857142855,0.6363636363636364,18
12,elasticnet,0.48919990606840263,saga,balanced,0.8,6,25,25,0.6888888888888889,0.72,0.7628458498023716,45
12,elasticnet,0.48919990606840263,saga,balanced,0.8,6,26,26,0.6222222222222222,0.711864406779661,0.7896825396825397,45
12,elasticnet,0.48919990606840263,saga,balanced,0.8,6,27,27,0.4666666666666667,0.6363636363636364,0.5968379446640316,45
12,elasticnet,0.48919990606840263,saga,balanced,0.8,6,28,28,0.5111111111111111,0.5,0.5592885375494071,45
12,elasticnet,0.48919990606840263,saga,balanced,0.8,6,29,29,0.8222222222222222,0.8461538461538461,1.0,45
12,elasticnet,0.48919990606840263,saga,balanced,0.8,6,30,30,0.5555555555555556,0.23076923076923078,0.6746031746031745,45
12,elasticnet,0.48919990606840263,saga,balanced,0.8,6,31,31,0.8666666666666667,0.875,0.9644268774703557,45
12,elasticnet,0.48919990606840263,saga,balanced,0.8,6,32,32,0.7045454545454546,0.7796610169491526,0.9503105590062112,44
12,elasticnet,0.48919990606840263,saga,balanced,0.8,6,33,33,0.7333333333333333,0.6666666666666666,0.8517786561264822,45
12,elasticnet,0.48919990606840263,saga,balanced,0.8,6,34,34,0.8666666666666667,0.8888888888888888,0.9841269841269841,45
12,elasticnet,0.48919990606840263,saga,balanced,0.8,6,35,35,0.6444444444444445,0.5,0.8399209486166008,45
12,elasticnet,0.48919990606840263,saga,balanced,0.8,6,36,36,0.36363636363636365,0.46153846153846156,0.40289256198347106,44
12,elasticnet,0.48919990606840263,saga,balanced,0.8,6,37,37,0.5111111111111111,0.0,0.575098814229249,45
12,elasticnet,0.48919990606840263,saga,balanced,0.8,6,38,38,0.5111111111111111,0.42105263157894735,0.5968379446640315,45
12,elasticnet,0.48919990606840263,saga,balanced,0.8,6,39,39,0.5,0.5,0.5196687370600415,44
12,elasticnet,0.48919990606840263,saga,balanced,0.8,6,40,40,0.6,0.6666666666666666,0.5317460317460317,45
12,elasticnet,0.48919990606840263,saga,balanced,0.8,6,41,41,0.7333333333333333,0.7142857142857143,0.7757936507936508,45
12,elasticnet,0.48919990606840263,saga,balanced,0.8,6,42,42,0.9333333333333333,0.9333333333333333,0.974308300395257,45
12,elasticnet,0.48919990606840263,saga,balanced,0.8,6,43,43,0.8,0.7567567567567568,0.9288537549407114,45
12,elasticnet,0.48919990606840263,saga,balanced,0.8,6,44,44,0.7241379310344828,0.6923076923076923,0.8380952380952381,29
12,elasticnet,0.48919990606840263,saga,balanced,0.8,6,45,45,0.5555555555555556,0.2857142857142857,0.8063241106719368,45
12,elasticnet,0.48919990606840263,saga,balanced,0.8,6,46,46,0.6444444444444445,0.6521739130434783,0.725296442687747,45
12,elasticnet,0.48919990606840263,saga,balanced,0.8,6,47,47,0.5111111111111111,0.65625,0.6150793650793651,45
12,elasticnet,0.48919990606840263,saga,balanced,0.8,6,48,48,0.7647058823529411,0.75,0.9714285714285714,17
12,elasticnet,0.48919990606840263,saga,balanced,0.8,6,49,49,0.8444444444444444,0.8444444444444444,0.9604743083003953,45
12,elasticnet,0.48919990606840263,saga,balanced,0.8,6,50,50,0.5111111111111111,0.21428571428571427,0.6106719367588932,45
12,elasticnet,0.48919990606840263,saga,balanced,0.8,6,51,51,0.5777777777777777,0.17391304347826086,0.5416666666666666,45
12,elasticnet,0.48919990606840263,saga,balanced,0.8,6,52,52,0.7804878048780488,0.7096774193548387,0.8229665071770335,41
12,elasticnet,0.48919990606840263,saga,balanced,0.8,6,53,53,0.5581395348837209,0.5581395348837209,0.5670995670995671,43
12,elasticnet,0.48919990606840263,saga,balanced,0.8,6,54,54,0.5641025641025641,0.6382978723404256,0.7853260869565217,39
12,elasticnet,0.48919990606840263,saga,balanced,0.8,6,55,55,0.8888888888888888,0.8837209302325582,0.9268774703557312,45
12,elasticnet,0.48919990606840263,saga,balanced,0.8,6,56,56,0.8409090909090909,0.851063829787234,0.9111570247933884,44
12,elasticnet,0.48919990606840263,saga,balanced,0.8,6,57,57,0.6,0.6538461538461539,0.7083333333333334,45
12,elasticnet,0.48919990606840263,saga,balanced,0.8,6,58,58,0.6222222222222222,0.5405405405405406,0.6666666666666666,45
12,elasticnet,0.48919990606840263,saga,balanced,0.8,6,59,59,0.5333333333333333,0.08695652173913043,0.4503968253968254,45
12,elasticnet,0.48919990606840263,saga,balanced,0.8,6,60,60,0.7727272727272727,0.782608695652174,0.9194214876033058,44
12,elasticnet,0.48919990606840263,saga,balanced,0.8,6,61,61,0.7209302325581395,0.7,0.841991341991342,43
12,elasticnet,0.48919990606840263,saga,balanced,0.8,6,62,62,0.9333333333333333,0.9302325581395349,0.9861660079051384,45
12,elasticnet,0.48919990606840263,saga,balanced,0.8,6,63,63,0.4883720930232558,0.0,0.5909090909090909,43
12,elasticnet,0.48919990606840263,saga,balanced,0.8,6,64,64,0.5555555555555556,0.6875,0.7806324110671936,45
12,elasticnet,0.48919990606840263,saga,balanced,0.8,6,65,65,0.6888888888888889,0.7407407407407407,0.7956349206349207,45
12,elasticnet,0.48919990606840263,saga,balanced,0.8,6,66,66,0.5333333333333333,0.6440677966101694,0.5,45
12,elasticnet,0.48919990606840263,saga,balanced,0.8,6,67,67,0.5111111111111111,0.15384615384615385,0.6106719367588933,45
12,elasticnet,0.48919990606840263,saga,balanced,0.8,6,68,68,0.5555555555555556,0.23076923076923078,0.7252964426877471,45
12,elasticnet,0.48919990606840263,saga,balanced,0.8,6,69,69,0.6,0.47058823529411764,0.6567460317460317,45
12,elasticnet,0.48919990606840263,saga,balanced,0.8,6,70,70,0.7333333333333333,0.7,0.8577075098814229,45
12,elasticnet,0.48919990606840263,saga,balanced,0.8,6,71,71,0.7555555555555555,0.6857142857142857,0.9387351778656127,45
12,elasticnet,0.48919990606840263,saga,balanced,0.8,6,72,72,0.9333333333333333,0.9361702127659575,0.9841897233201581,45
12,elasticnet,0.48919990606840263,saga,balanced,0.8,6,73,73,0.4888888888888889,0.6229508196721312,0.7213438735177866,45
12,elasticnet,0.48919990606840263,saga,balanced,0.8,6,74,74,0.4888888888888889,0.5818181818181818,0.5575396825396826,45
12,elasticnet,0.48919990606840263,saga,balanced,0.8,6,75,75,0.8048780487804879,0.7894736842105263,0.9452380952380952,41
12,elasticnet,0.48919990606840263,saga,balanced,0.8,6,76,76,0.6,0.35714285714285715,0.6581027667984191,45
12,elasticnet,0.48919990606840263,saga,balanced,0.8,6,77,77,0.4444444444444444,0.5454545454545454,0.5873015873015873,45
12,elasticnet,0.48919990606840263,saga,balanced,0.8,6,78,78,0.4666666666666667,0.6129032258064516,0.5454545454545454,45
12,elasticnet,0.48919990606840263,saga,balanced,0.8,6,79,79,0.675,0.5517241379310345,0.725,40
12,elasticnet,0.48919990606840263,saga,balanced,0.8,6,80,80,0.5111111111111111,0.0,0.616600790513834,45
12,elasticnet,0.48919990606840263,saga,balanced,0.8,6,81,81,0.4888888888888889,0.0,0.8379446640316205,45
12,elasticnet,0.48919990606840263,saga,balanced,0.8,6,82,82,0.5333333333333333,0.676923076923077,0.7549407114624506,45
12,elasticnet,0.48919990606840263,saga,balanced,0.8,6,83,83,0.5789473684210527,0.2727272727272727,0.8698060941828255,38
12,elasticnet,0.48919990606840263,saga,balanced,0.8,6,84,84,0.6818181818181818,0.6956521739130435,0.7494824016563147,44
12,elasticnet,0.48919990606840263,saga,balanced,0.8,6,85,85,0.5454545454545454,0.6774193548387096,0.9585921325051759,44
12,elasticnet,0.48919990606840263,saga,balanced,0.8,6,86,86,0.7954545454545454,0.7804878048780488,0.8985507246376812,44
12,elasticnet,0.48919990606840263,saga,balanced,0.8,6,87,87,0.5111111111111111,0.6451612903225806,0.5671936758893281,45
12,elasticnet,0.48919990606840263,saga,balanced,0.8,6,88,88,0.509090909090909,0.3076923076923077,0.6216931216931217,55
12,elasticnet,0.48919990606840263,saga,balanced,0.8,6,89,89,0.6444444444444445,0.6923076923076923,0.7162698412698413,45
12,elasticnet,0.48919990606840263,saga,balanced,0.8,6,90,90,0.5555555555555556,0.5833333333333334,0.5513833992094861,45
12,elasticnet,0.48919990606840263,saga,balanced,0.8,6,91,91,0.5,0.6666666666666666,0.7541322314049587,44
12,elasticnet,0.48919990606840263,saga,balanced,0.8,6,92,92,0.5714285714285714,0.3684210526315789,0.6884615384615385,56
12,elasticnet,0.48919990606840263,saga,balanced,0.8,6,93,93,0.8888888888888888,0.8888888888888888,0.9110671936758893,45
12,elasticnet,0.48919990606840263,saga,balanced,0.8,6,94,94,0.9772727272727273,0.9787234042553191,1.0,44
12,elasticnet,0.48919990606840263,saga,balanced,0.8,6,95,95,0.39285714285714285,0.5405405405405406,0.59375,28
12,elasticnet,0.48919990606840263,saga,balanced,0.8,6,96,96,0.4523809523809524,0.6229508196721312,0.5419501133786847,42
12,elasticnet,0.48919990606840263,saga,balanced,0.8,6,97,97,0.5,0.0,0.6177685950413222,44
12,elasticnet,0.48919990606840263,saga,balanced,0.8,6,98,98,0.4888888888888889,0.5964912280701754,0.5316205533596838,45
12,elasticnet,0.48919990606840263,saga,balanced,0.8,6,99,99,0.46511627906976744,0.41025641025641024,0.5606060606060607,43
12,elasticnet,0.48919990606840263,saga,balanced,0.8,6,100,100,0.5277777777777778,0.5641025641025641,0.5709876543209877,36
12,elasticnet,0.48919990606840263,saga,balanced,0.8,6,101,101,0.4888888888888889,0.0,0.6304347826086956,45
12,elasticnet,0.48919990606840263,saga,balanced,0.8,6,102,102,0.7111111111111111,0.7719298245614035,0.8814229249011858,45
12,elasticnet,0.48919990606840263,saga,balanced,0.8,6,103,103,0.6511627906976745,0.6153846153846154,0.7965367965367965,43
12,elasticnet,0.48919990606840263,saga,balanced,0.8,6,104,104,0.5116279069767442,0.6440677966101694,0.4891774891774892,43
12,elasticnet,0.48919990606840263,saga,balanced,0.8,6,105,105,0.5333333333333333,0.16,0.5889328063241107,45
12,elasticnet,0.48919990606840263,saga,balanced,0.8,6,106,106,0.6222222222222222,0.6530612244897959,0.6686507936507937,45
12,elasticnet,0.48919990606840263,saga,balanced,0.8,6,107,107,0.5777777777777777,0.6545454545454545,0.6468253968253967,45
12,elasticnet,0.48919990606840263,saga,balanced,0.8,6,108,108,0.8666666666666667,0.85,0.8972332015810276,45
13,elasticnet,3.7529371394408897,saga,balanced,0.2,6,1,1,0.7555555555555555,0.7843137254901961,0.8458498023715415,45
13,elasticnet,3.7529371394408897,saga,balanced,0.2,6,2,2,0.7111111111111111,0.5806451612903226,0.875494071146245,45
13,elasticnet,3.7529371394408897,saga,balanced,0.2,6,3,3,0.4666666666666667,0.4782608695652174,0.4308300395256917,45
13,elasticnet,3.7529371394408897,saga,balanced,0.2,6,4,4,0.4888888888888889,0.6567164179104478,0.8162055335968379,45
13,elasticnet,3.7529371394408897,saga,balanced,0.2,6,5,5,0.4888888888888889,0.6567164179104478,0.36111111111111116,45
13,elasticnet,3.7529371394408897,saga,balanced,0.2,6,6,6,0.5333333333333333,0.0,0.494047619047619,45
13,elasticnet,3.7529371394408897,saga,balanced,0.2,6,7,7,0.6888888888888889,0.7586206896551724,0.9881422924901186,45
13,elasticnet,3.7529371394408897,saga,balanced,0.2,6,8,8,0.6666666666666666,0.6666666666666666,0.691699604743083,45
13,elasticnet,3.7529371394408897,saga,balanced,0.2,6,9,9,0.5777777777777777,0.5581395348837209,0.5357142857142857,45
13,elasticnet,3.7529371394408897,saga,balanced,0.2,6,10,10,0.6444444444444445,0.6521739130434783,0.6825396825396826,45
13,elasticnet,3.7529371394408897,saga,balanced,0.2,6,11,11,0.5111111111111111,0.6666666666666666,0.4328063241106719,45
13,elasticnet,3.7529371394408897,saga,balanced,0.2,6,12,12,0.6222222222222222,0.5853658536585366,0.7123015873015873,45
13,elasticnet,3.7529371394408897,saga,balanced,0.2,6,13,13,0.8,0.8108108108108109,0.8954248366013071,35
13,elasticnet,3.7529371394408897,saga,balanced,0.2,6,14,14,0.6666666666666666,0.7457627118644068,0.7964426877470356,45
13,elasticnet,3.7529371394408897,saga,balanced,0.2,6,15,15,0.5555555555555556,0.6875,0.9505928853754941,45
13,elasticnet,3.7529371394408897,saga,balanced,0.2,6,16,16,0.5333333333333333,0.6865671641791045,0.7332015810276681,45
13,elasticnet,3.7529371394408897,saga,balanced,0.2,6,17,17,0.5238095238095238,0.0,0.5863636363636364,42
13,elasticnet,3.7529371394408897,saga,balanced,0.2,6,18,18,0.4888888888888889,0.6461538461538462,0.41304347826086957,45
13,elasticnet,3.7529371394408897,saga,balanced,0.2,6,19,19,0.7111111111111111,0.7719298245614035,0.841897233201581,45
13,elasticnet,3.7529371394408897,saga,balanced,0.2,6,20,20,0.5555555555555556,0.5,0.5889328063241106,45
13,elasticnet,3.7529371394408897,saga,balanced,0.2,6,21,21,0.5555555555555556,0.6296296296296297,0.7222222222222222,45
13,elasticnet,3.7529371394408897,saga,balanced,0.2,6,22,22,0.5111111111111111,0.6764705882352942,0.7312252964426877,45
13,elasticnet,3.7529371394408897,saga,balanced,0.2,6,23,23,0.6590909090909091,0.7368421052631579,0.8574380165289256,44
13,elasticnet,3.7529371394408897,saga,balanced,0.2,6,24,24,0.5555555555555556,0.42857142857142855,0.6493506493506493,18
13,elasticnet,3.7529371394408897,saga,balanced,0.2,6,25,25,0.6888888888888889,0.72,0.7628458498023716,45
13,elasticnet,3.7529371394408897,saga,balanced,0.2,6,26,26,0.6222222222222222,0.711864406779661,0.7896825396825397,45
13,elasticnet,3.7529371394408897,saga,balanced,0.2,6,27,27,0.4888888888888889,0.6567164179104478,0.5928853754940712,45
13,elasticnet,3.7529371394408897,saga,balanced,0.2,6,28,28,0.4888888888888889,0.4888888888888889,0.5513833992094862,45
13,elasticnet,3.7529371394408897,saga,balanced,0.2,6,29,29,0.8222222222222222,0.8461538461538461,1.0,45
13,elasticnet,3.7529371394408897,saga,balanced,0.2,6,30,30,0.5555555555555556,0.23076923076923078,0.6746031746031745,45
13,elasticnet,3.7529371394408897,saga,balanced,0.2,6,31,31,0.8666666666666667,0.875,0.9644268774703557,45
13,elasticnet,3.7529371394408897,saga,balanced,0.2,6,32,32,0.7045454545454546,0.7796610169491526,0.9503105590062112,44
13,elasticnet,3.7529371394408897,saga,balanced,0.2,6,33,33,0.7333333333333333,0.6666666666666666,0.8517786561264822,45
13,elasticnet,3.7529371394408897,saga,balanced,0.2,6,34,34,0.8666666666666667,0.8888888888888888,0.9841269841269841,45
13,elasticnet,3.7529371394408897,saga,balanced,0.2,6,35,35,0.6888888888888889,0.5882352941176471,0.8399209486166008,45
13,elasticnet,3.7529371394408897,saga,balanced,0.2,6,36,36,0.36363636363636365,0.46153846153846156,0.4049586776859504,44
13,elasticnet,3.7529371394408897,saga,balanced,0.2,6,37,37,0.5111111111111111,0.0,0.5711462450592886,45
13,elasticnet,3.7529371394408897,saga,balanced,0.2,6,38,38,0.5333333333333333,0.43243243243243246,0.5968379446640316,45
13,elasticnet,3.7529371394408897,saga,balanced,0.2,6,39,39,0.5,0.5,0.5196687370600415,44
13,elasticnet,3.7529371394408897,saga,balanced,0.2,6,40,40,0.6,0.6666666666666666,0.5357142857142857,45
13,elasticnet,3.7529371394408897,saga,balanced,0.2,6,41,41,0.7333333333333333,0.7142857142857143,0.7757936507936508,45
13,elasticnet,3.7529371394408897,saga,balanced,0.2,6,42,42,0.9333333333333333,0.9333333333333333,0.974308300395257,45
13,elasticnet,3.7529371394408897,saga,balanced,0.2,6,43,43,0.8,0.7567567567567568,0.9268774703557312,45
13,elasticnet,3.7529371394408897,saga,balanced,0.2,6,44,44,0.7241379310344828,0.6923076923076923,0.8380952380952381,29
13,elasticnet,3.7529371394408897,saga,balanced,0.2,6,45,45,0.5555555555555556,0.2857142857142857,0.808300395256917,45
13,elasticnet,3.7529371394408897,saga,balanced,0.2,6,46,46,0.6444444444444445,0.6521739130434783,0.725296442687747,45
13,elasticnet,3.7529371394408897,saga,balanced,0.2,6,47,47,0.5111111111111111,0.65625,0.6091269841269842,45
13,elasticnet,3.7529371394408897,saga,balanced,0.2,6,48,48,0.7647058823529411,0.75,0.9714285714285714,17
13,elasticnet,3.7529371394408897,saga,balanced,0.2,6,49,49,0.8444444444444444,0.8444444444444444,0.958498023715415,45
13,elasticnet,3.7529371394408897,saga,balanced,0.2,6,50,50,0.4888888888888889,0.20689655172413793,0.608695652173913,45
13,elasticnet,3.7529371394408897,saga,balanced,0.2,6,51,51,0.5777777777777777,0.17391304347826086,0.5396825396825398,45
13,elasticnet,3.7529371394408897,saga,balanced,0.2,6,52,52,0.7804878048780488,0.7096774193548387,0.8205741626794258,41
13,elasticnet,3.7529371394408897,saga,balanced,0.2,6,53,53,0.5581395348837209,0.5581395348837209,0.5692640692640694,43
13,elasticnet,3.7529371394408897,saga,balanced,0.2,6,54,54,0.5897435897435898,0.6521739130434783,0.782608695652174,39
13,elasticnet,3.7529371394408897,saga,balanced,0.2,6,55,55,0.8888888888888888,0.8837209302325582,0.924901185770751,45
13,elasticnet,3.7529371394408897,saga,balanced,0.2,6,56,56,0.8409090909090909,0.851063829787234,0.9111570247933884,44
13,elasticnet,3.7529371394408897,saga,balanced,0.2,6,57,57,0.6,0.6538461538461539,0.7083333333333334,45
13,elasticnet,3.7529371394408897,saga,balanced,0.2,6,58,58,0.6222222222222222,0.5405405405405406,0.6646825396825397,45
13,elasticnet,3.7529371394408897,saga,balanced,0.2,6,59,59,0.5333333333333333,0.08695652173913043,0.4464285714285714,45
13,elasticnet,3.7529371394408897,saga,balanced,0.2,6,60,60,0.7727272727272727,0.782608695652174,0.9194214876033058,44
13,elasticnet,3.7529371394408897,saga,balanced,0.2,6,61,61,0.7441860465116279,0.717948717948718,0.8398268398268398,43
13,elasticnet,3.7529371394408897,saga,balanced,0.2,6,62,62,0.9333333333333333,0.9302325581395349,0.9861660079051384,45
13,elasticnet,3.7529371394408897,saga,balanced,0.2,6,63,63,0.4883720930232558,0.0,0.5909090909090909,43
13,elasticnet,3.7529371394408897,saga,balanced,0.2,6,64,64,0.5555555555555556,0.6875,0.7786561264822134,45
13,elasticnet,3.7529371394408897,saga,balanced,0.2,6,65,65,0.6888888888888889,0.7407407407407407,0.7956349206349207,45
13,elasticnet,3.7529371394408897,saga,balanced,0.2,6,66,66,0.5333333333333333,0.6440677966101694,0.4980237154150198,45
13,elasticnet,3.7529371394408897,saga,balanced,0.2,6,67,67,0.5111111111111111,0.15384615384615385,0.6106719367588932,45
13,elasticnet,3.7529371394408897,saga,balanced,0.2,6,68,68,0.5555555555555556,0.23076923076923078,0.733201581027668,45
13,elasticnet,3.7529371394408897,saga,balanced,0.2,6,69,69,0.6,0.47058823529411764,0.6527777777777778,45
13,elasticnet,3.7529371394408897,saga,balanced,0.2,6,70,70,0.7333333333333333,0.7,0.8577075098814229,45
13,elasticnet,3.7529371394408897,saga,balanced,0.2,6,71,71,0.7555555555555555,0.6857142857142857,0.9387351778656127,45
13,elasticnet,3.7529371394408897,saga,balanced,0.2,6,72,72,0.9333333333333333,0.9361702127659575,0.9861660079051383,45
13,elasticnet,3.7529371394408897,saga,balanced,0.2,6,73,73,0.5111111111111111,0.6333333333333333,0.7252964426877471,45
13,elasticnet,3.7529371394408897,saga,balanced,0.2,6,74,74,0.4888888888888889,0.5818181818181818,0.5654761904761905,45
13,elasticnet,3.7529371394408897,saga,balanced,0.2,6,75,75,0.8048780487804879,0.7894736842105263,0.9476190476190476,41
13,elasticnet,3.7529371394408897,saga,balanced,0.2,6,76,76,0.6,0.35714285714285715,0.6581027667984191,45
13,elasticnet,3.7529371394408897,saga,balanced,0.2,6,77,77,0.4444444444444444,0.5454545454545454,0.5833333333333334,45
13,elasticnet,3.7529371394408897,saga,balanced,0.2,6,78,78,0.4666666666666667,0.6129032258064516,0.5434782608695652,45
13,elasticnet,3.7529371394408897,saga,balanced,0.2,6,79,79,0.675,0.5517241379310345,0.725,40
13,elasticnet,3.7529371394408897,saga,balanced,0.2,6,80,80,0.5111111111111111,0.0,0.6185770750988142,45
13,elasticnet,3.7529371394408897,saga,balanced,0.2,6,81,81,0.4888888888888889,0.0,0.8379446640316205,45
13,elasticnet,3.7529371394408897,saga,balanced,0.2,6,82,82,0.5333333333333333,0.676923076923077,0.7588932806324111,45
13,elasticnet,3.7529371394408897,saga,balanced,0.2,6,83,83,0.5789473684210527,0.2727272727272727,0.8698060941828254,38
13,elasticnet,3.7529371394408897,saga,balanced,0.2,6,84,84,0.6818181818181818,0.6956521739130435,0.7494824016563147,44
13,elasticnet,3.7529371394408897,saga,balanced,0.2,6,85,85,0.5454545454545454,0.6774193548387096,0.9606625258799172,44
13,elasticnet,3.7529371394408897,saga,balanced,0.2,6,86,86,0.7727272727272727,0.75,0.8985507246376812,44
13,elasticnet,3.7529371394408897,saga,balanced,0.2,6,87,87,0.5111111111111111,0.6451612903225806,0.5652173913043479,45
13,elasticnet,3.7529371394408897,saga,balanced,0.2,6,88,88,0.509090909090909,0.3076923076923077,0.6177248677248678,55
13,elasticnet,3.7529371394408897,saga,balanced,0.2,6,89,89,0.6444444444444445,0.6923076923076923,0.7142857142857143,45
13,elasticnet,3.7529371394408897,saga,balanced,0.2,6,90,90,0.5333333333333333,0.5714285714285714,0.5573122529644268,45
13,elasticnet,3.7529371394408897,saga,balanced,0.2,6,91,91,0.5,0.6666666666666666,0.7623966942148761,44
13,elasticnet,3.7529371394408897,saga,balanced,0.2,6,92,92,0.5714285714285714,0.3684210526315789,0.6884615384615385,56
13,elasticnet,3.7529371394408897,saga,balanced,0.2,6,93,93,0.8888888888888888,0.8888888888888888,0.9110671936758893,45
13,elasticnet,3.7529371394408897,saga,balanced,0.2,6,94,94,0.9772727272727273,0.9787234042553191,1.0,44
13,elasticnet,3.7529371394408897,saga,balanced,0.2,6,95,95,0.39285714285714285,0.5405405405405406,0.5989583333333333,28
13,elasticnet,3.7529371394408897,saga,balanced,0.2,6,96,96,0.4523809523809524,0.6229508196721312,0.5419501133786848,42
13,elasticnet,3.7529371394408897,saga,balanced,0.2,6,97,97,0.5,0.0,0.6198347107438016,44
13,elasticnet,3.7529371394408897,saga,balanced,0.2,6,98,98,0.4888888888888889,0.5964912280701754,0.5335968379446641,45
13,elasticnet,3.7529371394408897,saga,balanced,0.2,6,99,99,0.46511627906976744,0.41025641025641024,0.5627705627705628,43
13,elasticnet,3.7529371394408897,saga,balanced,0.2,6,100,100,0.5277777777777778,0.5641025641025641,0.5709876543209877,36
13,elasticnet,3.7529371394408897,saga,balanced,0.2,6,101,101,0.4888888888888889,0.0,0.6304347826086956,45
13,elasticnet,3.7529371394408897,saga,balanced,0.2,6,102,102,0.7333333333333333,0.7857142857142857,0.8814229249011858,45
13,elasticnet,3.7529371394408897,saga,balanced,0.2,6,103,103,0.627906976744186,0.6,0.7965367965367965,43
13,elasticnet,3.7529371394408897,saga,balanced,0.2,6,104,104,0.5116279069767442,0.6440677966101694,0.48484848484848486,43
13,elasticnet,3.7529371394408897,saga,balanced,0.2,6,105,105,0.5333333333333333,0.16,0.5889328063241107,45
13,elasticnet,3.7529371394408897,saga,balanced,0.2,6,106,106,0.6222222222222222,0.6530612244897959,0.6626984126984127,45
13,elasticnet,3.7529371394408897,saga,balanced,0.2,6,107,107,0.5777777777777777,0.6545454545454545,0.6468253968253967,45
13,elasticnet,3.7529371394408897,saga,balanced,0.2,6,108,108,0.8666666666666667,0.85,0.8952569169960474,45
14,elasticnet,1.1324550522664882,saga,balanced,0.8,6,1,1,0.7555555555555555,0.7843137254901961,0.8438735177865613,45
14,elasticnet,1.1324550522664882,saga,balanced,0.8,6,2,2,0.7111111111111111,0.5806451612903226,0.875494071146245,45
14,elasticnet,1.1324550522664882,saga,balanced,0.8,6,3,3,0.4666666666666667,0.4782608695652174,0.432806324110672,45
14,elasticnet,1.1324550522664882,saga,balanced,0.8,6,4,4,0.4888888888888889,0.6567164179104478,0.8122529644268774,45
14,elasticnet,1.1324550522664882,saga,balanced,0.8,6,5,5,0.4888888888888889,0.6567164179104478,0.3591269841269842,45
14,elasticnet,1.1324550522664882,saga,balanced,0.8,6,6,6,0.5333333333333333,0.0,0.494047619047619,45
14,elasticnet,1.1324550522664882,saga,balanced,0.8,6,7,7,0.7111111111111111,0.7719298245614035,0.9881422924901186,45
14,elasticnet,1.1324550522664882,saga,balanced,0.8,6,8,8,0.6666666666666666,0.6666666666666666,0.691699604743083,45
14,elasticnet,1.1324550522664882,saga,balanced,0.8,6,9,9,0.6222222222222222,0.6046511627906976,0.5376984126984128,45
14,elasticnet,1.1324550522664882,saga,balanced,0.8,6,10,10,0.6444444444444445,0.6521739130434783,0.6805555555555555,45
14,elasticnet,1.1324550522664882,saga,balanced,0.8,6,11,11,0.5111111111111111,0.6666666666666666,0.4328063241106719,45
14,elasticnet,1.1324550522664882,saga,balanced,0.8,6,12,12,0.6222222222222222,0.5853658536585366,0.7123015873015873,45
14,elasticnet,1.1324550522664882,saga,balanced,0.8,6,13,13,0.8,0.8108108108108109,0.892156862745098,35
14,elasticnet,1.1324550522664882,saga,balanced,0.8,6,14,14,0.6666666666666666,0.7457627118644068,0.7944664031620554,45
14,elasticnet,1.1324550522664882,saga,balanced,0.8,6,15,15,0.5555555555555556,0.6875,0.9505928853754941,45
14,elasticnet,1.1324550522664882,saga,balanced,0.8,6,16,16,0.5333333333333333,0.6865671641791045,0.7312252964426877,45
14,elasticnet,1.1324550522664882,saga,balanced,0.8,6,17,17,0.5238095238095238,0.0,0.5909090909090909,42
14,elasticnet,1.1324550522664882,saga,balanced,0.8,6,18,18,0.4888888888888889,0.6461538461538462,0.41106719367588934,45
14,elasticnet,1.1324550522664882,saga,balanced,0.8,6,19,19,0.7111111111111111,0.7719298245614035,0.841897233201581,45
14,elasticnet,1.1324550522664882,saga,balanced,0.8,6,20,20,0.5555555555555556,0.5,0.5869565217391304,45
14,elasticnet,1.1324550522664882,saga,balanced,0.8,6,21,21,0.5555555555555556,0.6296296296296297,0.7222222222222222,45
14,elasticnet,1.1324550522664882,saga,balanced,0.8,6,22,22,0.5111111111111111,0.6764705882352942,0.733201581027668,45
14,elasticnet,1.1324550522664882,saga,balanced,0.8,6,23,23,0.6590909090909091,0.7368421052631579,0.859504132231405,44
14,elasticnet,1.1324550522664882,saga,balanced,0.8,6,24,24,0.5555555555555556,0.42857142857142855,0.6493506493506493,18
14,elasticnet,1.1324550522664882,saga,balanced,0.8,6,25,25,0.6888888888888889,0.72,0.7628458498023716,45
14,elasticnet,1.1324550522664882,saga,balanced,0.8,6,26,26,0.6222222222222222,0.711864406779661,0.7896825396825397,45
14,elasticnet,1.1324550522664882,saga,balanced,0.8,6,27,27,0.4888888888888889,0.6567164179104478,0.5948616600790514,45
14,elasticnet,1.1324550522664882,saga,balanced,0.8,6,28,28,0.4888888888888889,0.4888888888888889,0.5533596837944663,45
14,elasticnet,1.1324550522664882,saga,balanced,0.8,6,29,29,0.8222222222222222,0.8461538461538461,1.0,45
14,elasticnet,1.1324550522664882,saga,balanced,0.8,6,30,30,0.5555555555555556,0.23076923076923078,0.6746031746031745,45
14,elasticnet,1.1324550522664882,saga,balanced,0.8,6,31,31,0.8666666666666667,0.875,0.9644268774703557,45
14,elasticnet,1.1324550522664882,saga,balanced,0.8,6,32,32,0.7045454545454546,0.7796610169491526,0.9503105590062112,44
14,elasticnet,1.1324550522664882,saga,balanced,0.8,6,33,33,0.7333333333333333,0.6666666666666666,0.8517786561264822,45
14,elasticnet,1.1324550522664882,saga,balanced,0.8,6,34,34,0.8666666666666667,0.8888888888888888,0.9841269841269841,45
14,elasticnet,1.1324550522664882,saga,balanced,0.8,6,35,35,0.6666666666666666,0.5454545454545454,0.8399209486166008,45
14,elasticnet,1.1324550522664882,saga,balanced,0.8,6,36,36,0.36363636363636365,0.46153846153846156,0.4049586776859504,44
14,elasticnet,1.1324550522664882,saga,balanced,0.8,6,37,37,0.5111111111111111,0.0,0.5731225296442688,45
14,elasticnet,1.1324550522664882,saga,balanced,0.8,6,38,38,0.5333333333333333,0.43243243243243246,0.5948616600790514,45
14,elasticnet,1.1324550522664882,saga,balanced,0.8,6,39,39,0.5,0.5,0.5217391304347826,44
14,elasticnet,1.1324550522664882,saga,balanced,0.8,6,40,40,0.6,0.6666666666666666,0.5357142857142857,45
14,elasticnet,1.1324550522664882,saga,balanced,0.8,6,41,41,0.7333333333333333,0.7142857142857143,0.7757936507936508,45
14,elasticnet,1.1324550522664882,saga,balanced,0.8,6,42,42,0.9333333333333333,0.9333333333333333,0.974308300395257,45
14,elasticnet,1.1324550522664882,saga,balanced,0.8,6,43,43,0.8,0.7567567567567568,0.9288537549407114,45
14,elasticnet,1.1324550522664882,saga,balanced,0.8,6,44,44,0.7241379310344828,0.6923076923076923,0.8380952380952381,29
14,elasticnet,1.1324550522664882,saga,balanced,0.8,6,45,45,0.5555555555555556,0.2857142857142857,0.808300395256917,45
14,elasticnet,1.1324550522664882,saga,balanced,0.8,6,46,46,0.6444444444444445,0.6521739130434783,0.725296442687747,45
14,elasticnet,1.1324550522664882,saga,balanced,0.8,6,47,47,0.5111111111111111,0.65625,0.6130952380952381,45
14,elasticnet,1.1324550522664882,saga,balanced,0.8,6,48,48,0.7647058823529411,0.75,0.9714285714285714,17
14,elasticnet,1.1324550522664882,saga,balanced,0.8,6,49,49,0.8444444444444444,0.8444444444444444,0.958498023715415,45
14,elasticnet,1.1324550522664882,saga,balanced,0.8,6,50,50,0.5111111111111111,0.21428571428571427,0.608695652173913,45
14,elasticnet,1.1324550522664882,saga,balanced,0.8,6,51,51,0.5777777777777777,0.17391304347826086,0.5396825396825398,45
14,elasticnet,1.1324550522664882,saga,balanced,0.8,6,52,52,0.7804878048780488,0.7096774193548387,0.8205741626794258,41
14,elasticnet,1.1324550522664882,saga,balanced,0.8,6,53,53,0.5581395348837209,0.5581395348837209,0.5692640692640694,43
14,elasticnet,1.1324550522664882,saga,balanced,0.8,6,54,54,0.5897435897435898,0.6521739130434783,0.782608695652174,39
14,elasticnet,1.1324550522664882,saga,balanced,0.8,6,55,55,0.8888888888888888,0.8837209302325582,0.9268774703557312,45
14,elasticnet,1.1324550522664882,saga,balanced,0.8,6,56,56,0.8409090909090909,0.851063829787234,0.9111570247933884,44
14,elasticnet,1.1324550522664882,saga,balanced,0.8,6,57,57,0.6,0.6538461538461539,0.7063492063492064,45
14,elasticnet,1.1324550522664882,saga,balanced,0.8,6,58,58,0.6222222222222222,0.5405405405405406,0.6666666666666666,45
14,elasticnet,1.1324550522664882,saga,balanced,0.8,6,59,59,0.5333333333333333,0.08695652173913043,0.4464285714285714,45
14,elasticnet,1.1324550522664882,saga,balanced,0.8,6,60,60,0.7727272727272727,0.782608695652174,0.9194214876033058,44
14,elasticnet,1.1324550522664882,saga,balanced,0.8,6,61,61,0.7209302325581395,0.7,0.8398268398268398,43
14,elasticnet,1.1324550522664882,saga,balanced,0.8,6,62,62,0.9333333333333333,0.9302325581395349,0.9861660079051384,45
14,elasticnet,1.1324550522664882,saga,balanced,0.8,6,63,63,0.4883720930232558,0.0,0.5909090909090909,43
14,elasticnet,1.1324550522664882,saga,balanced,0.8,6,64,64,0.5555555555555556,0.6875,0.7786561264822134,45
14,elasticnet,1.1324550522664882,saga,balanced,0.8,6,65,65,0.6888888888888889,0.7407407407407407,0.7956349206349207,45
14,elasticnet,1.1324550522664882,saga,balanced,0.8,6,66,66,0.5333333333333333,0.6440677966101694,0.4980237154150198,45
14,elasticnet,1.1324550522664882,saga,balanced,0.8,6,67,67,0.5111111111111111,0.15384615384615385,0.6106719367588932,45
14,elasticnet,1.1324550522664882,saga,balanced,0.8,6,68,68,0.5555555555555556,0.23076923076923078,0.7292490118577075,45
14,elasticnet,1.1324550522664882,saga,balanced,0.8,6,69,69,0.6,0.47058823529411764,0.6567460317460317,45
14,elasticnet,1.1324550522664882,saga,balanced,0.8,6,70,70,0.7333333333333333,0.7,0.8577075098814229,45
14,elasticnet,1.1324550522664882,saga,balanced,0.8,6,71,71,0.7555555555555555,0.6857142857142857,0.9387351778656127,45
14,elasticnet,1.1324550522664882,saga,balanced,0.8,6,72,72,0.9333333333333333,0.9361702127659575,0.9841897233201581,45
14,elasticnet,1.1324550522664882,saga,balanced,0.8,6,73,73,0.5111111111111111,0.6333333333333333,0.7213438735177866,45
14,elasticnet,1.1324550522664882,saga,balanced,0.8,6,74,74,0.4888888888888889,0.5818181818181818,0.5595238095238095,45
14,elasticnet,1.1324550522664882,saga,balanced,0.8,6,75,75,0.8048780487804879,0.7894736842105263,0.9476190476190476,41
14,elasticnet,1.1324550522664882,saga,balanced,0.8,6,76,76,0.6,0.35714285714285715,0.6581027667984191,45
14,elasticnet,1.1324550522664882,saga,balanced,0.8,6,77,77,0.4444444444444444,0.5454545454545454,0.5853174603174603,45
14,elasticnet,1.1324550522664882,saga,balanced,0.8,6,78,78,0.4666666666666667,0.6129032258064516,0.5454545454545454,45
14,elasticnet,1.1324550522664882,saga,balanced,0.8,6,79,79,0.675,0.5517241379310345,0.725,40
14,elasticnet,1.1324550522664882,saga,balanced,0.8,6,80,80,0.5111111111111111,0.0,0.6185770750988142,45
14,elasticnet,1.1324550522664882,saga,balanced,0.8,6,81,81,0.4888888888888889,0.0,0.8379446640316205,45
14,elasticnet,1.1324550522664882,saga,balanced,0.8,6,82,82,0.5333333333333333,0.676923076923077,0.7588932806324111,45
14,elasticnet,1.1324550522664882,saga,balanced,0.8,6,83,83,0.5789473684210527,0.2727272727272727,0.8698060941828255,38
14,elasticnet,1.1324550522664882,saga,balanced,0.8,6,84,84,0.6818181818181818,0.6956521739130435,0.7494824016563147,44
14,elasticnet,1.1324550522664882,saga,balanced,0.8,6,85,85,0.5454545454545454,0.6774193548387096,0.9585921325051759,44
14,elasticnet,1.1324550522664882,saga,balanced,0.8,6,86,86,0.7954545454545454,0.7804878048780488,0.8985507246376812,44
14,elasticnet,1.1324550522664882,saga,balanced,0.8,6,87,87,0.5111111111111111,0.6451612903225806,0.5652173913043479,45
14,elasticnet,1.1324550522664882,saga,balanced,0.8,6,88,88,0.509090909090909,0.3076923076923077,0.6190476190476191,55
14,elasticnet,1.1324550522664882,saga,balanced,0.8,6,89,89,0.6444444444444445,0.6923076923076923,0.7162698412698413,45
14,elasticnet,1.1324550522664882,saga,balanced,0.8,6,90,90,0.5333333333333333,0.5714285714285714,0.5533596837944663,45
14,elasticnet,1.1324550522664882,saga,balanced,0.8,6,91,91,0.5,0.6666666666666666,0.7582644628099173,44
14,elasticnet,1.1324550522664882,saga,balanced,0.8,6,92,92,0.5714285714285714,0.3684210526315789,0.6884615384615385,56
14,elasticnet,1.1324550522664882,saga,balanced,0.8,6,93,93,0.8888888888888888,0.8888888888888888,0.9110671936758893,45
14,elasticnet,1.1324550522664882,saga,balanced,0.8,6,94,94,0.9772727272727273,0.9787234042553191,1.0,44
14,elasticnet,1.1324550522664882,saga,balanced,0.8,6,95,95,0.39285714285714285,0.5405405405405406,0.5989583333333333,28
14,elasticnet,1.1324550522664882,saga,balanced,0.8,6,96,96,0.4523809523809524,0.6229508196721312,0.5419501133786848,42
14,elasticnet,1.1324550522664882,saga,balanced,0.8,6,97,97,0.5,0.0,0.6198347107438016,44
14,elasticnet,1.1324550522664882,saga,balanced,0.8,6,98,98,0.4888888888888889,0.5964912280701754,0.5316205533596838,45
14,elasticnet,1.1324550522664882,saga,balanced,0.8,6,99,99,0.46511627906976744,0.41025641025641024,0.5606060606060607,43
14,elasticnet,1.1324550522664882,saga,balanced,0.8,6,100,100,0.5277777777777778,0.5641025641025641,0.5679012345679012,36
14,elasticnet,1.1324550522664882,saga,balanced,0.8,6,101,101,0.4888888888888889,0.0,0.6284584980237153,45
14,elasticnet,1.1324550522664882,saga,balanced,0.8,6,102,102,0.7333333333333333,0.7857142857142857,0.883399209486166,45
14,elasticnet,1.1324550522664882,saga,balanced,0.8,6,103,103,0.6511627906976745,0.6153846153846154,0.7965367965367965,43
14,elasticnet,1.1324550522664882,saga,balanced,0.8,6,104,104,0.5116279069767442,0.6440677966101694,0.48484848484848486,43
14,elasticnet,1.1324550522664882,saga,balanced,0.8,6,105,105,0.5333333333333333,0.16,0.5889328063241107,45
14,elasticnet,1.1324550522664882,saga,balanced,0.8,6,106,106,0.6222222222222222,0.6530612244897959,0.6646825396825397,45
14,elasticnet,1.1324550522664882,saga,balanced,0.8,6,107,107,0.5777777777777777,0.6545454545454545,0.6448412698412699,45
14,elasticnet,1.1324550522664882,saga,balanced,0.8,6,108,108,0.8666666666666667,0.85,0.8952569169960474,45
15,l2,0.40733667673067997,liblinear,balanced,unused,6,1,1,0.7555555555555555,0.7843137254901961,0.8458498023715415,45
15,l2,0.40733667673067997,liblinear,balanced,unused,6,2,2,0.7111111111111111,0.5806451612903226,0.875494071146245,45
15,l2,0.40733667673067997,liblinear,balanced,unused,6,3,3,0.4666666666666667,0.4782608695652174,0.432806324110672,45
15,l2,0.40733667673067997,liblinear,balanced,unused,6,4,4,0.4888888888888889,0.6567164179104478,0.8142292490118577,45
15,l2,0.40733667673067997,liblinear,balanced,unused,6,5,5,0.4888888888888889,0.6567164179104478,0.3591269841269842,45
15,l2,0.40733667673067997,liblinear,balanced,unused,6,6,6,0.5333333333333333,0.0,0.494047619047619,45
15,l2,0.40733667673067997,liblinear,balanced,unused,6,7,7,0.7111111111111111,0.7719298245614035,0.9881422924901186,45
15,l2,0.40733667673067997,liblinear,balanced,unused,6,8,8,0.6666666666666666,0.6666666666666666,0.6936758893280632,45
15,l2,0.40733667673067997,liblinear,balanced,unused,6,9,9,0.6,0.5909090909090909,0.5376984126984128,45
15,l2,0.40733667673067997,liblinear,balanced,unused,6,10,10,0.6444444444444445,0.6521739130434783,0.6805555555555555,45
15,l2,0.40733667673067997,liblinear,balanced,unused,6,11,11,0.5111111111111111,0.6666666666666666,0.4347826086956521,45
15,l2,0.40733667673067997,liblinear,balanced,unused,6,12,12,0.6222222222222222,0.5853658536585366,0.7123015873015873,45
15,l2,0.40733667673067997,liblinear,balanced,unused,6,13,13,0.8,0.8108108108108109,0.892156862745098,35
15,l2,0.40733667673067997,liblinear,balanced,unused,6,14,14,0.6666666666666666,0.7457627118644068,0.7944664031620554,45
15,l2,0.40733667673067997,liblinear,balanced,unused,6,15,15,0.5555555555555556,0.6875,0.9505928853754941,45
15,l2,0.40733667673067997,liblinear,balanced,unused,6,16,16,0.5333333333333333,0.6865671641791045,0.7272727272727273,45
15,l2,0.40733667673067997,liblinear,balanced,unused,6,17,17,0.5238095238095238,0.0,0.5909090909090909,42
15,l2,0.40733667673067997,liblinear,balanced,unused,6,18,18,0.4888888888888889,0.6461538461538462,0.41304347826086957,45
15,l2,0.40733667673067997,liblinear,balanced,unused,6,19,19,0.7111111111111111,0.7719298245614035,0.8438735177865613,45
15,l2,0.40733667673067997,liblinear,balanced,unused,6,20,20,0.5555555555555556,0.5,0.5849802371541502,45
15,l2,0.40733667673067997,liblinear,balanced,unused,6,21,21,0.5555555555555556,0.6296296296296297,0.7222222222222222,45
15,l2,0.40733667673067997,liblinear,balanced,unused,6,22,22,0.5111111111111111,0.6764705882352942,0.7312252964426877,45
15,l2,0.40733667673067997,liblinear,balanced,unused,6,23,23,0.6590909090909091,0.7368421052631579,0.8574380165289256,44
15,l2,0.40733667673067997,liblinear,balanced,unused,6,24,24,0.5555555555555556,0.42857142857142855,0.6493506493506493,18
15,l2,0.40733667673067997,liblinear,balanced,unused,6,25,25,0.6888888888888889,0.72,0.7628458498023716,45
15,l2,0.40733667673067997,liblinear,balanced,unused,6,26,26,0.6222222222222222,0.711864406779661,0.7896825396825397,45
15,l2,0.40733667673067997,liblinear,balanced,unused,6,27,27,0.4888888888888889,0.6567164179104478,0.5948616600790514,45
15,l2,0.40733667673067997,liblinear,balanced,unused,6,28,28,0.4888888888888889,0.4888888888888889,0.5533596837944663,45
15,l2,0.40733667673067997,liblinear,balanced,unused,6,29,29,0.8222222222222222,0.8461538461538461,1.0,45
15,l2,0.40733667673067997,liblinear,balanced,unused,6,30,30,0.5555555555555556,0.23076923076923078,0.6746031746031745,45
15,l2,0.40733667673067997,liblinear,balanced,unused,6,31,31,0.8666666666666667,0.875,0.9644268774703557,45
15,l2,0.40733667673067997,liblinear,balanced,unused,6,32,32,0.7045454545454546,0.7796610169491526,0.9503105590062112,44
15,l2,0.40733667673067997,liblinear,balanced,unused,6,33,33,0.7333333333333333,0.6666666666666666,0.8517786561264822,45
15,l2,0.40733667673067997,liblinear,balanced,unused,6,34,34,0.8666666666666667,0.8888888888888888,0.9841269841269841,45
15,l2,0.40733667673067997,liblinear,balanced,unused,6,35,35,0.6444444444444445,0.5,0.8399209486166008,45
15,l2,0.40733667673067997,liblinear,balanced,unused,6,36,36,0.36363636363636365,0.46153846153846156,0.40702479338842973,44
15,l2,0.40733667673067997,liblinear,balanced,unused,6,37,37,0.5111111111111111,0.0,0.5731225296442688,45
15,l2,0.40733667673067997,liblinear,balanced,unused,6,38,38,0.5111111111111111,0.42105263157894735,0.5948616600790514,45
15,l2,0.40733667673067997,liblinear,balanced,unused,6,39,39,0.5227272727272727,0.5333333333333333,0.5217391304347826,44
15,l2,0.40733667673067997,liblinear,balanced,unused,6,40,40,0.6,0.6666666666666666,0.5337301587301587,45
15,l2,0.40733667673067997,liblinear,balanced,unused,6,41,41,0.7333333333333333,0.7142857142857143,0.7757936507936508,45
15,l2,0.40733667673067997,liblinear,balanced,unused,6,42,42,0.9333333333333333,0.9333333333333333,0.974308300395257,45
15,l2,0.40733667673067997,liblinear,balanced,unused,6,43,43,0.8,0.7567567567567568,0.9288537549407114,45
15,l2,0.40733667673067997,liblinear,balanced,unused,6,44,44,0.7241379310344828,0.6923076923076923,0.8380952380952381,29
15,l2,0.40733667673067997,liblinear,balanced,unused,6,45,45,0.5555555555555556,0.2857142857142857,0.808300395256917,45
15,l2,0.40733667673067997,liblinear,balanced,unused,6,46,46,0.6444444444444445,0.6521739130434783,0.7233201581027667,45
15,l2,0.40733667673067997,liblinear,balanced,unused,6,47,47,0.5111111111111111,0.65625,0.6130952380952381,45
15,l2,0.40733667673067997,liblinear,balanced,unused,6,48,48,0.7647058823529411,0.75,0.9714285714285714,17
15,l2,0.40733667673067997,liblinear,balanced,unused,6,49,49,0.8444444444444444,0.8444444444444444,0.958498023715415,45
15,l2,0.40733667673067997,liblinear,balanced,unused,6,50,50,0.5111111111111111,0.21428571428571427,0.608695652173913,45
15,l2,0.40733667673067997,liblinear,balanced,unused,6,51,51,0.5777777777777777,0.17391304347826086,0.5396825396825398,45
15,l2,0.40733667673067997,liblinear,balanced,unused,6,52,52,0.7804878048780488,0.7096774193548387,0.8205741626794258,41
15,l2,0.40733667673067997,liblinear,balanced,unused,6,53,53,0.5581395348837209,0.5581395348837209,0.5692640692640694,43
15,l2,0.40733667673067997,liblinear,balanced,unused,6,54,54,0.5641025641025641,0.6382978723404256,0.782608695652174,39
15,l2,0.40733667673067997,liblinear,balanced,unused,6,55,55,0.8666666666666667,0.8571428571428571,0.924901185770751,45
15,l2,0.40733667673067997,liblinear,balanced,unused,6,56,56,0.8409090909090909,0.851063829787234,0.9111570247933884,44
15,l2,0.40733667673067997,liblinear,balanced,unused,6,57,57,0.6,0.6538461538461539,0.7083333333333334,45
15,l2,0.40733667673067997,liblinear,balanced,unused,6,58,58,0.6222222222222222,0.5405405405405406,0.6646825396825397,45
15,l2,0.40733667673067997,liblinear,balanced,unused,6,59,59,0.5333333333333333,0.08695652173913043,0.44841269841269843,45
15,l2,0.40733667673067997,liblinear,balanced,unused,6,60,60,0.7727272727272727,0.782608695652174,0.9194214876033058,44
15,l2,0.40733667673067997,liblinear,balanced,unused,6,61,61,0.7209302325581395,0.7,0.8398268398268398,43
15,l2,0.40733667673067997,liblinear,balanced,unused,6,62,62,0.9333333333333333,0.9302325581395349,0.9861660079051384,45
15,l2,0.40733667673067997,liblinear,balanced,unused,6,63,63,0.4883720930232558,0.0,0.5930735930735931,43
15,l2,0.40733667673067997,liblinear,balanced,unused,6,64,64,0.5555555555555556,0.6875,0.7786561264822134,45
15,l2,0.40733667673067997,liblinear,balanced,unused,6,65,65,0.6888888888888889,0.7407407407407407,0.7976190476190477,45
15,l2,0.40733667673067997,liblinear,balanced,unused,6,66,66,0.5333333333333333,0.6440677966101694,0.4980237154150198,45
15,l2,0.40733667673067997,liblinear,balanced,unused,6,67,67,0.5111111111111111,0.15384615384615385,0.6086956521739131,45
15,l2,0.40733667673067997,liblinear,balanced,unused,6,68,68,0.5555555555555556,0.23076923076923078,0.7312252964426877,45
15,l2,0.40733667673067997,liblinear,balanced,unused,6,69,69,0.6,0.47058823529411764,0.6527777777777778,45
15,l2,0.40733667673067997,liblinear,balanced,unused,6,70,70,0.7333333333333333,0.7,0.8577075098814229,45
15,l2,0.40733667673067997,liblinear,balanced,unused,6,71,71,0.7555555555555555,0.6857142857142857,0.9387351778656127,45
15,l2,0.40733667673067997,liblinear,balanced,unused,6,72,72,0.9333333333333333,0.9361702127659575,0.9861660079051383,45
15,l2,0.40733667673067997,liblinear,balanced,unused,6,73,73,0.5111111111111111,0.6333333333333333,0.7252964426877471,45
15,l2,0.40733667673067997,liblinear,balanced,unused,6,74,74,0.4888888888888889,0.5818181818181818,0.5674603174603174,45
15,l2,0.40733667673067997,liblinear,balanced,unused,6,75,75,0.8048780487804879,0.7894736842105263,0.9476190476190476,41
15,l2,0.40733667673067997,liblinear,balanced,unused,6,76,76,0.6,0.35714285714285715,0.6581027667984191,45
15,l2,0.40733667673067997,liblinear,balanced,unused,6,77,77,0.4444444444444444,0.5454545454545454,0.5853174603174603,45
15,l2,0.40733667673067997,liblinear,balanced,unused,6,78,78,0.4666666666666667,0.6129032258064516,0.5454545454545454,45
15,l2,0.40733667673067997,liblinear,balanced,unused,6,79,79,0.675,0.5517241379310345,0.725,40
15,l2,0.40733667673067997,liblinear,balanced,unused,6,80,80,0.5111111111111111,0.0,0.6146245059288538,45
15,l2,0.40733667673067997,liblinear,balanced,unused,6,81,81,0.4888888888888889,0.0,0.841897233201581,45
15,l2,0.40733667673067997,liblinear,balanced,unused,6,82,82,0.5333333333333333,0.676923076923077,0.7569169960474308,45
15,l2,0.40733667673067997,liblinear,balanced,unused,6,83,83,0.5789473684210527,0.2727272727272727,0.8670360110803323,38
15,l2,0.40733667673067997,liblinear,balanced,unused,6,84,84,0.6818181818181818,0.6956521739130435,0.7494824016563147,44
15,l2,0.40733667673067997,liblinear,balanced,unused,6,85,85,0.5454545454545454,0.6774193548387096,0.9606625258799172,44
15,l2,0.40733667673067997,liblinear,balanced,unused,6,86,86,0.7954545454545454,0.7804878048780488,0.8985507246376812,44
15,l2,0.40733667673067997,liblinear,balanced,unused,6,87,87,0.5111111111111111,0.6451612903225806,0.5652173913043479,45
15,l2,0.40733667673067997,liblinear,balanced,unused,6,88,88,0.509090909090909,0.3076923076923077,0.6190476190476191,55
15,l2,0.40733667673067997,liblinear,balanced,unused,6,89,89,0.6444444444444445,0.6923076923076923,0.7162698412698413,45
15,l2,0.40733667673067997,liblinear,balanced,unused,6,90,90,0.5555555555555556,0.5833333333333334,0.5553359683794467,45
15,l2,0.40733667673067997,liblinear,balanced,unused,6,91,91,0.5,0.6666666666666666,0.7582644628099173,44
15,l2,0.40733667673067997,liblinear,balanced,unused,6,92,92,0.5714285714285714,0.3684210526315789,0.6884615384615385,56
15,l2,0.40733667673067997,liblinear,balanced,unused,6,93,93,0.8888888888888888,0.8888888888888888,0.9110671936758893,45
15,l2,0.40733667673067997,liblinear,balanced,unused,6,94,94,0.9772727272727273,0.9787234042553191,1.0,44
15,l2,0.40733667673067997,liblinear,balanced,unused,6,95,95,0.39285714285714285,0.5405405405405406,0.59375,28
15,l2,0.40733667673067997,liblinear,balanced,unused,6,96,96,0.4523809523809524,0.6229508196721312,0.5419501133786848,42
15,l2,0.40733667673067997,liblinear,balanced,unused,6,97,97,0.5,0.0,0.6198347107438016,44
15,l2,0.40733667673067997,liblinear,balanced,unused,6,98,98,0.4888888888888889,0.5964912280701754,0.5316205533596838,45
15,l2,0.40733667673067997,liblinear,balanced,unused,6,99,99,0.46511627906976744,0.41025641025641024,0.5627705627705628,43
15,l2,0.40733667673067997,liblinear,balanced,unused,6,100,100,0.5277777777777778,0.5641025641025641,0.5709876543209877,36
15,l2,0.40733667673067997,liblinear,balanced,unused,6,101,101,0.4888888888888889,0.0,0.6324110671936759,45
15,l2,0.40733667673067997,liblinear,balanced,unused,6,102,102,0.7333333333333333,0.7857142857142857,0.8794466403162056,45
15,l2,0.40733667673067997,liblinear,balanced,unused,6,103,103,0.6511627906976745,0.6153846153846154,0.7965367965367965,43
15,l2,0.40733667673067997,liblinear,balanced,unused,6,104,104,0.5116279069767442,0.6440677966101694,0.487012987012987,43
15,l2,0.40733667673067997,liblinear,balanced,unused,6,105,105,0.5333333333333333,0.16,0.5869565217391305,45
15,l2,0.40733667673067997,liblinear,balanced,unused,6,106,106,0.6222222222222222,0.6530612244897959,0.6666666666666666,45
15,l2,0.40733667673067997,liblinear,balanced,unused,6,107,107,0.5777777777777777,0.6545454545454545,0.6448412698412699,45
15,l2,0.40733667673067997,liblinear,balanced,unused,6,108,108,0.8666666666666667,0.85,0.8972332015810276,45
16,elasticnet,9.980274929803484,saga,balanced,0.8,6,1,1,0.7555555555555555,0.7843137254901961,0.8458498023715415,45
16,elasticnet,9.980274929803484,saga,balanced,0.8,6,2,2,0.7111111111111111,0.5806451612903226,0.875494071146245,45
16,elasticnet,9.980274929803484,saga,balanced,0.8,6,3,3,0.4666666666666667,0.4782608695652174,0.4308300395256917,45
16,elasticnet,9.980274929803484,saga,balanced,0.8,6,4,4,0.4888888888888889,0.6567164179104478,0.8162055335968379,45
16,elasticnet,9.980274929803484,saga,balanced,0.8,6,5,5,0.4888888888888889,0.6567164179104478,0.36111111111111116,45
16,elasticnet,9.980274929803484,saga,balanced,0.8,6,6,6,0.5333333333333333,0.0,0.494047619047619,45
16,elasticnet,9.980274929803484,saga,balanced,0.8,6,7,7,0.6888888888888889,0.7586206896551724,0.9881422924901186,45
16,elasticnet,9.980274929803484,saga,balanced,0.8,6,8,8,0.6666666666666666,0.6666666666666666,0.691699604743083,45
16,elasticnet,9.980274929803484,saga,balanced,0.8,6,9,9,0.5777777777777777,0.5581395348837209,0.5357142857142857,45
16,elasticnet,9.980274929803484,saga,balanced,0.8,6,10,10,0.6444444444444445,0.6521739130434783,0.6825396825396826,45
16,elasticnet,9.980274929803484,saga,balanced,0.8,6,11,11,0.5111111111111111,0.6666666666666666,0.4328063241106719,45
16,elasticnet,9.980274929803484,saga,balanced,0.8,6,12,12,0.6222222222222222,0.5853658536585366,0.7123015873015873,45
16,elasticnet,9.980274929803484,saga,balanced,0.8,6,13,13,0.8,0.8108108108108109,0.8954248366013071,35
16,elasticnet,9.980274929803484,saga,balanced,0.8,6,14,14,0.6666666666666666,0.7457627118644068,0.7964426877470356,45
16,elasticnet,9.980274929803484,saga,balanced,0.8,6,15,15,0.5555555555555556,0.6875,0.9505928853754941,45
16,elasticnet,9.980274929803484,saga,balanced,0.8,6,16,16,0.5333333333333333,0.6865671641791045,0.7332015810276681,45
16,elasticnet,9.980274929803484,saga,balanced,0.8,6,17,17,0.5238095238095238,0.0,0.5863636363636364,42
16,elasticnet,9.980274929803484,saga,balanced,0.8,6,18,18,0.4888888888888889,0.6461538461538462,0.41304347826086957,45
16,elasticnet,9.980274929803484,saga,balanced,0.8,6,19,19,0.7111111111111111,0.7719298245614035,0.841897233201581,45
16,elasticnet,9.980274929803484,saga,balanced,0.8,6,20,20,0.5555555555555556,0.5,0.5889328063241106,45
16,elasticnet,9.980274929803484,saga,balanced,0.8,6,21,21,0.5555555555555556,0.6296296296296297,0.7222222222222222,45
16,elasticnet,9.980274929803484,saga,balanced,0.8,6,22,22,0.5111111111111111,0.6764705882352942,0.7312252964426877,45
16,elasticnet,9.980274929803484,saga,balanced,0.8,6,23,23,0.6590909090909091,0.7368421052631579,0.8574380165289256,44
16,elasticnet,9.980274929803484,saga,balanced,0.8,6,24,24,0.5555555555555556,0.42857142857142855,0.6493506493506493,18
16,elasticnet,9.980274929803484,saga,balanced,0.8,6,25,25,0.6888888888888889,0.72,0.7628458498023716,45
16,elasticnet,9.980274929803484,saga,balanced,0.8,6,26,26,0.6222222222222222,0.711864406779661,0.7896825396825397,45
16,elasticnet,9.980274929803484,saga,balanced,0.8,6,27,27,0.4888888888888889,0.6567164179104478,0.5928853754940712,45
16,elasticnet,9.980274929803484,saga,balanced,0.8,6,28,28,0.4888888888888889,0.4888888888888889,0.5513833992094862,45
16,elasticnet,9.980274929803484,saga,balanced,0.8,6,29,29,0.8222222222222222,0.8461538461538461,1.0,45
16,elasticnet,9.980274929803484,saga,balanced,0.8,6,30,30,0.5555555555555556,0.23076923076923078,0.6746031746031745,45
16,elasticnet,9.980274929803484,saga,balanced,0.8,6,31,31,0.8666666666666667,0.875,0.9644268774703557,45
16,elasticnet,9.980274929803484,saga,balanced,0.8,6,32,32,0.7045454545454546,0.7796610169491526,0.9503105590062112,44
16,elasticnet,9.980274929803484,saga,balanced,0.8,6,33,33,0.7333333333333333,0.6666666666666666,0.8517786561264822,45
16,elasticnet,9.980274929803484,saga,balanced,0.8,6,34,34,0.8666666666666667,0.8888888888888888,0.9841269841269841,45
16,elasticnet,9.980274929803484,saga,balanced,0.8,6,35,35,0.6888888888888889,0.5882352941176471,0.8399209486166008,45
16,elasticnet,9.980274929803484,saga,balanced,0.8,6,36,36,0.36363636363636365,0.46153846153846156,0.4049586776859504,44
16,elasticnet,9.980274929803484,saga,balanced,0.8,6,37,37,0.5111111111111111,0.0,0.5711462450592886,45
16,elasticnet,9.980274929803484,saga,balanced,0.8,6,38,38,0.5333333333333333,0.43243243243243246,0.5968379446640316,45
16,elasticnet,9.980274929803484,saga,balanced,0.8,6,39,39,0.5,0.5,0.5196687370600415,44
16,elasticnet,9.980274929803484,saga,balanced,0.8,6,40,40,0.6,0.6666666666666666,0.5357142857142857,45
16,elasticnet,9.980274929803484,saga,balanced,0.8,6,41,41,0.7333333333333333,0.7142857142857143,0.7757936507936508,45
16,elasticnet,9.980274929803484,saga,balanced,0.8,6,42,42,0.9333333333333333,0.9333333333333333,0.974308300395257,45
16,elasticnet,9.980274929803484,saga,balanced,0.8,6,43,43,0.8,0.7567567567567568,0.9268774703557312,45
16,elasticnet,9.980274929803484,saga,balanced,0.8,6,44,44,0.7241379310344828,0.6923076923076923,0.8380952380952381,29
16,elasticnet,9.980274929803484,saga,balanced,0.8,6,45,45,0.5555555555555556,0.2857142857142857,0.808300395256917,45
16,elasticnet,9.980274929803484,saga,balanced,0.8,6,46,46,0.6444444444444445,0.6521739130434783,0.725296442687747,45
16,elasticnet,9.980274929803484,saga,balanced,0.8,6,47,47,0.5111111111111111,0.65625,0.6091269841269842,45
16,elasticnet,9.980274929803484,saga,balanced,0.8,6,48,48,0.7647058823529411,0.75,0.9714285714285714,17
16,elasticnet,9.980274929803484,saga,balanced,0.8,6,49,49,0.8444444444444444,0.8444444444444444,0.958498023715415,45
16,elasticnet,9.980274929803484,saga,balanced,0.8,6,50,50,0.4888888888888889,0.20689655172413793,0.608695652173913,45
16,elasticnet,9.980274929803484,saga,balanced,0.8,6,51,51,0.5777777777777777,0.17391304347826086,0.5396825396825398,45
16,elasticnet,9.980274929803484,saga,balanced,0.8,6,52,52,0.7804878048780488,0.7096774193548387,0.8205741626794258,41
16,elasticnet,9.980274929803484,saga,balanced,0.8,6,53,53,0.5581395348837209,0.5581395348837209,0.5692640692640694,43
16,elasticnet,9.980274929803484,saga,balanced,0.8,6,54,54,0.5897435897435898,0.6521739130434783,0.782608695652174,39
16,elasticnet,9.980274929803484,saga,balanced,0.8,6,55,55,0.8888888888888888,0.8837209302325582,0.924901185770751,45
16,elasticnet,9.980274929803484,saga,balanced,0.8,6,56,56,0.8409090909090909,0.851063829787234,0.9111570247933884,44
16,elasticnet,9.980274929803484,saga,balanced,0.8,6,57,57,0.6,0.6538461538461539,0.7083333333333334,45
16,elasticnet,9.980274929803484,saga,balanced,0.8,6,58,58,0.6222222222222222,0.5405405405405406,0.6646825396825397,45
16,elasticnet,9.980274929803484,saga,balanced,0.8,6,59,59,0.5333333333333333,0.08695652173913043,0.4464285714285714,45
16,elasticnet,9.980274929803484,saga,balanced,0.8,6,60,60,0.7727272727272727,0.782608695652174,0.9194214876033058,44
16,elasticnet,9.980274929803484,saga,balanced,0.8,6,61,61,0.7441860465116279,0.717948717948718,0.8398268398268398,43
16,elasticnet,9.980274929803484,saga,balanced,0.8,6,62,62,0.9333333333333333,0.9302325581395349,0.9861660079051384,45
16,elasticnet,9.980274929803484,saga,balanced,0.8,6,63,63,0.4883720930232558,0.0,0.5909090909090909,43
16,elasticnet,9.980274929803484,saga,balanced,0.8,6,64,64,0.5555555555555556,0.6875,0.7786561264822134,45
16,elasticnet,9.980274929803484,saga,balanced,0.8,6,65,65,0.6888888888888889,0.7407407407407407,0.7956349206349207,45
16,elasticnet,9.980274929803484,saga,balanced,0.8,6,66,66,0.5333333333333333,0.6440677966101694,0.4980237154150198,45
16,elasticnet,9.980274929803484,saga,balanced,0.8,6,67,67,0.5111111111111111,0.15384615384615385,0.6106719367588932,45
16,elasticnet,9.980274929803484,saga,balanced,0.8,6,68,68,0.5555555555555556,0.23076923076923078,0.733201581027668,45
16,elasticnet,9.980274929803484,saga,balanced,0.8,6,69,69,0.6,0.47058823529411764,0.6527777777777778,45
16,elasticnet,9.980274929803484,saga,balanced,0.8,6,70,70,0.7333333333333333,0.7,0.8577075098814229,45
16,elasticnet,9.980274929803484,saga,balanced,0.8,6,71,71,0.7555555555555555,0.6857142857142857,0.9387351778656127,45
16,elasticnet,9.980274929803484,saga,balanced,0.8,6,72,72,0.9333333333333333,0.9361702127659575,0.9861660079051383,45
16,elasticnet,9.980274929803484,saga,balanced,0.8,6,73,73,0.5111111111111111,0.6333333333333333,0.7252964426877471,45
16,elasticnet,9.980274929803484,saga,balanced,0.8,6,74,74,0.4888888888888889,0.5818181818181818,0.5654761904761905,45
16,elasticnet,9.980274929803484,saga,balanced,0.8,6,75,75,0.8048780487804879,0.7894736842105263,0.9476190476190476,41
16,elasticnet,9.980274929803484,saga,balanced,0.8,6,76,76,0.6,0.35714285714285715,0.6581027667984191,45
16,elasticnet,9.980274929803484,saga,balanced,0.8,6,77,77,0.4444444444444444,0.5454545454545454,0.5833333333333334,45
16,elasticnet,9.980274929803484,saga,balanced,0.8,6,78,78,0.4666666666666667,0.6129032258064516,0.5434782608695652,45
16,elasticnet,9.980274929803484,saga,balanced,0.8,6,79,79,0.675,0.5517241379310345,0.725,40
16,elasticnet,9.980274929803484,saga,balanced,0.8,6,80,80,0.5111111111111111,0.0,0.6185770750988142,45
16,elasticnet,9.980274929803484,saga,balanced,0.8,6,81,81,0.4888888888888889,0.0,0.8379446640316205,45
16,elasticnet,9.980274929803484,saga,balanced,0.8,6,82,82,0.5333333333333333,0.676923076923077,0.7588932806324111,45
16,elasticnet,9.980274929803484,saga,balanced,0.8,6,83,83,0.5789473684210527,0.2727272727272727,0.8698060941828254,38
16,elasticnet,9.980274929803484,saga,balanced,0.8,6,84,84,0.6818181818181818,0.6956521739130435,0.7494824016563147,44
16,elasticnet,9.980274929803484,saga,balanced,0.8,6,85,85,0.5454545454545454,0.6774193548387096,0.9606625258799172,44
16,elasticnet,9.980274929803484,saga,balanced,0.8,6,86,86,0.7727272727272727,0.75,0.8985507246376812,44
16,elasticnet,9.980274929803484,saga,balanced,0.8,6,87,87,0.5111111111111111,0.6451612903225806,0.5671936758893281,45
16,elasticnet,9.980274929803484,saga,balanced,0.8,6,88,88,0.509090909090909,0.3076923076923077,0.6177248677248678,55
16,elasticnet,9.980274929803484,saga,balanced,0.8,6,89,89,0.6444444444444445,0.6923076923076923,0.7142857142857143,45
16,elasticnet,9.980274929803484,saga,balanced,0.8,6,90,90,0.5333333333333333,0.5714285714285714,0.5553359683794467,45
16,elasticnet,9.980274929803484,saga,balanced,0.8,6,91,91,0.5,0.6666666666666666,0.7623966942148761,44
16,elasticnet,9.980274929803484,saga,balanced,0.8,6,92,92,0.5714285714285714,0.3684210526315789,0.6897435897435897,56
16,elasticnet,9.980274929803484,saga,balanced,0.8,6,93,93,0.8888888888888888,0.8888888888888888,0.9110671936758893,45
16,elasticnet,9.980274929803484,saga,balanced,0.8,6,94,94,0.9772727272727273,0.9787234042553191,1.0,44
16,elasticnet,9.980274929803484,saga,balanced,0.8,6,95,95,0.39285714285714285,0.5405405405405406,0.5989583333333333,28
16,elasticnet,9.980274929803484,saga,balanced,0.8,6,96,96,0.4523809523809524,0.6229508196721312,0.5419501133786848,42
16,elasticnet,9.980274929803484,saga,balanced,0.8,6,97,97,0.5,0.0,0.6198347107438016,44
16,elasticnet,9.980274929803484,saga,balanced,0.8,6,98,98,0.4888888888888889,0.5964912280701754,0.5335968379446641,45
16,elasticnet,9.980274929803484,saga,balanced,0.8,6,99,99,0.46511627906976744,0.41025641025641024,0.564935064935065,43
16,elasticnet,9.980274929803484,saga,balanced,0.8,6,100,100,0.5277777777777778,0.5641025641025641,0.5709876543209877,36
16,elasticnet,9.980274929803484,saga,balanced,0.8,6,101,101,0.4888888888888889,0.0,0.6304347826086956,45
16,elasticnet,9.980274929803484,saga,balanced,0.8,6,102,102,0.7333333333333333,0.7857142857142857,0.8814229249011858,45
16,elasticnet,9.980274929803484,saga,balanced,0.8,6,103,103,0.627906976744186,0.6,0.7965367965367965,43
16,elasticnet,9.980274929803484,saga,balanced,0.8,6,104,104,0.5116279069767442,0.6440677966101694,0.48484848484848486,43
16,elasticnet,9.980274929803484,saga,balanced,0.8,6,105,105,0.5333333333333333,0.16,0.5889328063241107,45
16,elasticnet,9.980274929803484,saga,balanced,0.8,6,106,106,0.6222222222222222,0.6530612244897959,0.6607142857142857,45
16,elasticnet,9.980274929803484,saga,balanced,0.8,6,107,107,0.5777777777777777,0.6545454545454545,0.6468253968253967,45
16,elasticnet,9.980274929803484,saga,balanced,0.8,6,108,108,0.8666666666666667,0.85,0.8952569169960474,45
17,elasticnet,0.29453173113140746,saga,balanced,0.2,6,1,1,0.7555555555555555,0.7843137254901961,0.8438735177865613,45
17,elasticnet,0.29453173113140746,saga,balanced,0.2,6,2,2,0.7111111111111111,0.5806451612903226,0.875494071146245,45
17,elasticnet,0.29453173113140746,saga,balanced,0.2,6,3,3,0.4666666666666667,0.4782608695652174,0.43675889328063244,45
17,elasticnet,0.29453173113140746,saga,balanced,0.2,6,4,4,0.4888888888888889,0.6567164179104478,0.8122529644268774,45
17,elasticnet,0.29453173113140746,saga,balanced,0.2,6,5,5,0.4888888888888889,0.6567164179104478,0.3591269841269842,45
17,elasticnet,0.29453173113140746,saga,balanced,0.2,6,6,6,0.5555555555555556,0.09090909090909091,0.494047619047619,45
17,elasticnet,0.29453173113140746,saga,balanced,0.2,6,7,7,0.7111111111111111,0.7719298245614035,0.9881422924901186,45
17,elasticnet,0.29453173113140746,saga,balanced,0.2,6,8,8,0.6444444444444445,0.6521739130434783,0.6936758893280632,45
17,elasticnet,0.29453173113140746,saga,balanced,0.2,6,9,9,0.6,0.5909090909090909,0.5376984126984128,45
17,elasticnet,0.29453173113140746,saga,balanced,0.2,6,10,10,0.6444444444444445,0.6521739130434783,0.6825396825396826,45
17,elasticnet,0.29453173113140746,saga,balanced,0.2,6,11,11,0.5111111111111111,0.6666666666666666,0.4387351778656126,45
17,elasticnet,0.29453173113140746,saga,balanced,0.2,6,12,12,0.6222222222222222,0.5853658536585366,0.7083333333333334,45
17,elasticnet,0.29453173113140746,saga,balanced,0.2,6,13,13,0.8,0.8108108108108109,0.892156862745098,35
17,elasticnet,0.29453173113140746,saga,balanced,0.2,6,14,14,0.6666666666666666,0.7457627118644068,0.7924901185770752,45
17,elasticnet,0.29453173113140746,saga,balanced,0.2,6,15,15,0.5555555555555556,0.6875,0.9505928853754941,45
17,elasticnet,0.29453173113140746,saga,balanced,0.2,6,16,16,0.5333333333333333,0.6865671641791045,0.7252964426877471,45
17,elasticnet,0.29453173113140746,saga,balanced,0.2,6,17,17,0.5238095238095238,0.0,0.5909090909090909,42
17,elasticnet,0.29453173113140746,saga,balanced,0.2,6,18,18,0.4888888888888889,0.6461538461538462,0.41106719367588934,45
17,elasticnet,0.29453173113140746,saga,balanced,0.2,6,19,19,0.7111111111111111,0.7719298245614035,0.8438735177865613,45
17,elasticnet,0.29453173113140746,saga,balanced,0.2,6,20,20,0.5555555555555556,0.5,0.5810276679841897,45
17,elasticnet,0.29453173113140746,saga,balanced,0.2,6,21,21,0.5555555555555556,0.6296296296296297,0.7222222222222222,45
17,elasticnet,0.29453173113140746,saga,balanced,0.2,6,22,22,0.5111111111111111,0.6764705882352942,0.7351778656126482,45
17,elasticnet,0.29453173113140746,saga,balanced,0.2,6,23,23,0.6590909090909091,0.7368421052631579,0.8574380165289256,44
17,elasticnet,0.29453173113140746,saga,balanced,0.2,6,24,24,0.5555555555555556,0.42857142857142855,0.6363636363636364,18
17,elasticnet,0.29453173113140746,saga,balanced,0.2,6,25,25,0.6888888888888889,0.72,0.7648221343873519,45
17,elasticnet,0.29453173113140746,saga,balanced,0.2,6,26,26,0.6222222222222222,0.711864406779661,0.7896825396825397,45
17,elasticnet,0.29453173113140746,saga,balanced,0.2,6,27,27,0.4888888888888889,0.6567164179104478,0.5968379446640316,45
17,elasticnet,0.29453173113140746,saga,balanced,0.2,6,28,28,0.4888888888888889,0.4888888888888889,0.5553359683794465,45
17,elasticnet,0.29453173113140746,saga,balanced,0.2,6,29,29,0.8222222222222222,0.8461538461538461,1.0,45
17,elasticnet,0.29453173113140746,saga,balanced,0.2,6,30,30,0.5555555555555556,0.23076923076923078,0.6746031746031745,45
17,elasticnet,0.29453173113140746,saga,balanced,0.2,6,31,31,0.8666666666666667,0.875,0.9644268774703557,45
17,elasticnet,0.29453173113140746,saga,balanced,0.2,6,32,32,0.7045454545454546,0.7796610169491526,0.9503105590062112,44
17,elasticnet,0.29453173113140746,saga,balanced,0.2,6,33,33,0.7333333333333333,0.6666666666666666,0.8517786561264822,45
17,elasticnet,0.29453173113140746,saga,balanced,0.2,6,34,34,0.8666666666666667,0.8888888888888888,0.9841269841269841,45
17,elasticnet,0.29453173113140746,saga,balanced,0.2,6,35,35,0.6444444444444445,0.5,0.8399209486166008,45
17,elasticnet,0.29453173113140746,saga,balanced,0.2,6,36,36,0.36363636363636365,0.46153846153846156,0.40702479338842973,44
17,elasticnet,0.29453173113140746,saga,balanced,0.2,6,37,37,0.5111111111111111,0.0,0.5770750988142292,45
17,elasticnet,0.29453173113140746,saga,balanced,0.2,6,38,38,0.5111111111111111,0.42105263157894735,0.5968379446640315,45
17,elasticnet,0.29453173113140746,saga,balanced,0.2,6,39,39,0.5227272727272727,0.5333333333333333,0.5196687370600415,44
17,elasticnet,0.29453173113140746,saga,balanced,0.2,6,40,40,0.6,0.6666666666666666,0.5317460317460317,45
17,elasticnet,0.29453173113140746,saga,balanced,0.2,6,41,41,0.7333333333333333,0.7142857142857143,0.7757936507936508,45
17,elasticnet,0.29453173113140746,saga,balanced,0.2,6,42,42,0.9333333333333333,0.9333333333333333,0.974308300395257,45
17,elasticnet,0.29453173113140746,saga,balanced,0.2,6,43,43,0.8,0.7567567567567568,0.9288537549407114,45
17,elasticnet,0.29453173113140746,saga,balanced,0.2,6,44,44,0.7241379310344828,0.6923076923076923,0.8380952380952381,29
17,elasticnet,0.29453173113140746,saga,balanced,0.2,6,45,45,0.5555555555555556,0.2857142857142857,0.808300395256917,45
17,elasticnet,0.29453173113140746,saga,balanced,0.2,6,46,46,0.6444444444444445,0.6521739130434783,0.725296442687747,45
17,elasticnet,0.29453173113140746,saga,balanced,0.2,6,47,47,0.5111111111111111,0.65625,0.6130952380952381,45
17,elasticnet,0.29453173113140746,saga,balanced,0.2,6,48,48,0.7647058823529411,0.75,0.9714285714285714,17
17,elasticnet,0.29453173113140746,saga,balanced,0.2,6,49,49,0.8444444444444444,0.8444444444444444,0.9624505928853755,45
17,elasticnet,0.29453173113140746,saga,balanced,0.2,6,50,50,0.5111111111111111,0.21428571428571427,0.608695652173913,45
17,elasticnet,0.29453173113140746,saga,balanced,0.2,6,51,51,0.5777777777777777,0.17391304347826086,0.5416666666666666,45
17,elasticnet,0.29453173113140746,saga,balanced,0.2,6,52,52,0.7804878048780488,0.7096774193548387,0.8205741626794258,41
17,elasticnet,0.29453173113140746,saga,balanced,0.2,6,53,53,0.5581395348837209,0.5581395348837209,0.5670995670995671,43
17,elasticnet,0.29453173113140746,saga,balanced,0.2,6,54,54,0.5641025641025641,0.6382978723404256,0.782608695652174,39
17,elasticnet,0.29453173113140746,saga,balanced,0.2,6,55,55,0.8666666666666667,0.8571428571428571,0.9268774703557312,45
17,elasticnet,0.29453173113140746,saga,balanced,0.2,6,56,56,0.8409090909090909,0.851063829787234,0.9111570247933884,44
17,elasticnet,0.29453173113140746,saga,balanced,0.2,6,57,57,0.6,0.6538461538461539,0.7083333333333334,45
17,elasticnet,0.29453173113140746,saga,balanced,0.2,6,58,58,0.6222222222222222,0.5405405405405406,0.6666666666666666,45
17,elasticnet,0.29453173113140746,saga,balanced,0.2,6,59,59,0.5333333333333333,0.08695652173913043,0.4503968253968254,45
17,elasticnet,0.29453173113140746,saga,balanced,0.2,6,60,60,0.7727272727272727,0.782608695652174,0.9194214876033058,44
17,elasticnet,0.29453173113140746,saga,balanced,0.2,6,61,61,0.7209302325581395,0.7,0.841991341991342,43
17,elasticnet,0.29453173113140746,saga,balanced,0.2,6,62,62,0.9333333333333333,0.9302325581395349,0.9861660079051384,45
17,elasticnet,0.29453173113140746,saga,balanced,0.2,6,63,63,0.4883720930232558,0.0,0.5930735930735931,43
17,elasticnet,0.29453173113140746,saga,balanced,0.2,6,64,64,0.5555555555555556,0.6875,0.7786561264822134,45
17,elasticnet,0.29453173113140746,saga,balanced,0.2,6,65,65,0.6888888888888889,0.7407407407407407,0.7976190476190477,45
17,elasticnet,0.29453173113140746,saga,balanced,0.2,6,66,66,0.5333333333333333,0.6440677966101694,0.4980237154150198,45
17,elasticnet,0.29453173113140746,saga,balanced,0.2,6,67,67,0.5111111111111111,0.15384615384615385,0.6106719367588933,45
17,elasticnet,0.29453173113140746,saga,balanced,0.2,6,68,68,0.5555555555555556,0.23076923076923078,0.7312252964426877,45
17,elasticnet,0.29453173113140746,saga,balanced,0.2,6,69,69,0.6,0.47058823529411764,0.6567460317460317,45
17,elasticnet,0.29453173113140746,saga,balanced,0.2,6,70,70,0.7333333333333333,0.7,0.8577075098814229,45
17,elasticnet,0.29453173113140746,saga,balanced,0.2,6,71,71,0.7555555555555555,0.6857142857142857,0.9407114624505929,45
17,elasticnet,0.29453173113140746,saga,balanced,0.2,6,72,72,0.9333333333333333,0.9361702127659575,0.9841897233201581,45
17,elasticnet,0.29453173113140746,saga,balanced,0.2,6,73,73,0.5111111111111111,0.6333333333333333,0.7213438735177866,45
17,elasticnet,0.29453173113140746,saga,balanced,0.2,6,74,74,0.4888888888888889,0.5818181818181818,0.5595238095238095,45
17,elasticnet,0.29453173113140746,saga,balanced,0.2,6,75,75,0.8048780487804879,0.7894736842105263,0.9452380952380952,41
17,elasticnet,0.29453173113140746,saga,balanced,0.2,6,76,76,0.6,0.35714285714285715,0.6581027667984191,45
17,elasticnet,0.29453173113140746,saga,balanced,0.2,6,77,77,0.4444444444444444,0.5454545454545454,0.5853174603174602,45
17,elasticnet,0.29453173113140746,saga,balanced,0.2,6,78,78,0.4666666666666667,0.6129032258064516,0.5454545454545454,45
17,elasticnet,0.29453173113140746,saga,balanced,0.2,6,79,79,0.675,0.5517241379310345,0.725,40
17,elasticnet,0.29453173113140746,saga,balanced,0.2,6,80,80,0.5111111111111111,0.0,0.616600790513834,45
17,elasticnet,0.29453173113140746,saga,balanced,0.2,6,81,81,0.4888888888888889,0.0,0.8379446640316205,45
17,elasticnet,0.29453173113140746,saga,balanced,0.2,6,82,82,0.5333333333333333,0.676923076923077,0.7569169960474308,45
17,elasticnet,0.29453173113140746,saga,balanced,0.2,6,83,83,0.5789473684210527,0.2727272727272727,0.8670360110803323,38
17,elasticnet,0.29453173113140746,saga,balanced,0.2,6,84,84,0.6818181818181818,0.6956521739130435,0.7494824016563147,44
17,elasticnet,0.29453173113140746,saga,balanced,0.2,6,85,85,0.5454545454545454,0.6774193548387096,0.9585921325051759,44
17,elasticnet,0.29453173113140746,saga,balanced,0.2,6,86,86,0.7954545454545454,0.7804878048780488,0.8985507246376812,44
17,elasticnet,0.29453173113140746,saga,balanced,0.2,6,87,87,0.5111111111111111,0.6451612903225806,0.5731225296442688,45
17,elasticnet,0.29453173113140746,saga,balanced,0.2,6,88,88,0.509090909090909,0.3076923076923077,0.6203703703703705,55
17,elasticnet,0.29453173113140746,saga,balanced,0.2,6,89,89,0.6444444444444445,0.6923076923076923,0.7162698412698413,45
17,elasticnet,0.29453173113140746,saga,balanced,0.2,6,90,90,0.5555555555555556,0.5833333333333334,0.5573122529644269,45
17,elasticnet,0.29453173113140746,saga,balanced,0.2,6,91,91,0.5,0.6666666666666666,0.756198347107438,44
17,elasticnet,0.29453173113140746,saga,balanced,0.2,6,92,92,0.5714285714285714,0.3684210526315789,0.6884615384615385,56
17,elasticnet,0.29453173113140746,saga,balanced,0.2,6,93,93,0.8888888888888888,0.8888888888888888,0.9110671936758893,45
17,elasticnet,0.29453173113140746,saga,balanced,0.2,6,94,94,0.9772727272727273,0.9787234042553191,1.0,44
17,elasticnet,0.29453173113140746,saga,balanced,0.2,6,95,95,0.39285714285714285,0.5405405405405406,0.59375,28
17,elasticnet,0.29453173113140746,saga,balanced,0.2,6,96,96,0.4523809523809524,0.6229508196721312,0.5419501133786847,42
17,elasticnet,0.29453173113140746,saga,balanced,0.2,6,97,97,0.5,0.0,0.6177685950413223,44
17,elasticnet,0.29453173113140746,saga,balanced,0.2,6,98,98,0.4888888888888889,0.5964912280701754,0.5316205533596838,45
17,elasticnet,0.29453173113140746,saga,balanced,0.2,6,99,99,0.46511627906976744,0.41025641025641024,0.5627705627705628,43
17,elasticnet,0.29453173113140746,saga,balanced,0.2,6,100,100,0.5277777777777778,0.5641025641025641,0.5740740740740741,36
17,elasticnet,0.29453173113140746,saga,balanced,0.2,6,101,101,0.4888888888888889,0.0,0.6324110671936759,45
17,elasticnet,0.29453173113140746,saga,balanced,0.2,6,102,102,0.7111111111111111,0.7719298245614035,0.8794466403162056,45
17,elasticnet,0.29453173113140746,saga,balanced,0.2,6,103,103,0.6511627906976745,0.6153846153846154,0.7965367965367965,43
17,elasticnet,0.29453173113140746,saga,balanced,0.2,6,104,104,0.5116279069767442,0.6440677966101694,0.48917748917748916,43
17,elasticnet,0.29453173113140746,saga,balanced,0.2,6,105,105,0.5333333333333333,0.16,0.5889328063241107,45
17,elasticnet,0.29453173113140746,saga,balanced,0.2,6,106,106,0.6222222222222222,0.6530612244897959,0.6686507936507937,45
17,elasticnet,0.29453173113140746,saga,balanced,0.2,6,107,107,0.5777777777777777,0.6545454545454545,0.6448412698412699,45
17,elasticnet,0.29453173113140746,saga,balanced,0.2,6,108,108,0.8666666666666667,0.85,0.8992094861660079,45
18,l2,2.1437300349598294,liblinear,balanced,unused,6,1,1,0.7555555555555555,0.7843137254901961,0.8458498023715415,45
18,l2,2.1437300349598294,liblinear,balanced,unused,6,2,2,0.7111111111111111,0.5806451612903226,0.875494071146245,45
18,l2,2.1437300349598294,liblinear,balanced,unused,6,3,3,0.4666666666666667,0.4782608695652174,0.4308300395256917,45
18,l2,2.1437300349598294,liblinear,balanced,unused,6,4,4,0.4888888888888889,0.6567164179104478,0.8162055335968379,45
18,l2,2.1437300349598294,liblinear,balanced,unused,6,5,5,0.4888888888888889,0.6567164179104478,0.36111111111111116,45
18,l2,2.1437300349598294,liblinear,balanced,unused,6,6,6,0.5333333333333333,0.0,0.494047619047619,45
18,l2,2.1437300349598294,liblinear,balanced,unused,6,7,7,0.7111111111111111,0.7719298245614035,0.9881422924901186,45
18,l2,2.1437300349598294,liblinear,balanced,unused,6,8,8,0.6666666666666666,0.6666666666666666,0.691699604743083,45
18,l2,2.1437300349598294,liblinear,balanced,unused,6,9,9,0.6,0.5909090909090909,0.5357142857142857,45
18,l2,2.1437300349598294,liblinear,balanced,unused,6,10,10,0.6444444444444445,0.6521739130434783,0.6825396825396826,45
18,l2,2.1437300349598294,liblinear,balanced,unused,6,11,11,0.5111111111111111,0.6666666666666666,0.4328063241106719,45
18,l2,2.1437300349598294,liblinear,balanced,unused,6,12,12,0.6222222222222222,0.5853658536585366,0.7123015873015873,45
18,l2,2.1437300349598294,liblinear,balanced,unused,6,13,13,0.8,0.8108108108108109,0.8954248366013071,35
18,l2,2.1437300349598294,liblinear,balanced,unused,6,14,14,0.6666666666666666,0.7457627118644068,0.7964426877470356,45
18,l2,2.1437300349598294,liblinear,balanced,unused,6,15,15,0.5555555555555556,0.6875,0.9505928853754941,45
18,l2,2.1437300349598294,liblinear,balanced,unused,6,16,16,0.5333333333333333,0.6865671641791045,0.7332015810276681,45
18,l2,2.1437300349598294,liblinear,balanced,unused,6,17,17,0.5238095238095238,0.0,0.5863636363636364,42
18,l2,2.1437300349598294,liblinear,balanced,unused,6,18,18,0.4888888888888889,0.6461538461538462,0.41304347826086957,45
18,l2,2.1437300349598294,liblinear,balanced,unused,6,19,19,0.7111111111111111,0.7719298245614035,0.841897233201581,45
18,l2,2.1437300349598294,liblinear,balanced,unused,6,20,20,0.5555555555555556,0.5,0.5889328063241106,45
18,l2,2.1437300349598294,liblinear,balanced,unused,6,21,21,0.5555555555555556,0.6296296296296297,0.7222222222222222,45
18,l2,2.1437300349598294,liblinear,balanced,unused,6,22,22,0.5111111111111111,0.6764705882352942,0.7312252964426877,45
18,l2,2.1437300349598294,liblinear,balanced,unused,6,23,23,0.6590909090909091,0.7368421052631579,0.8574380165289256,44
18,l2,2.1437300349598294,liblinear,balanced,unused,6,24,24,0.5555555555555556,0.42857142857142855,0.6493506493506493,18
18,l2,2.1437300349598294,liblinear,balanced,unused,6,25,25,0.6888888888888889,0.72,0.7628458498023716,45
18,l2,2.1437300349598294,liblinear,balanced,unused,6,26,26,0.6222222222222222,0.711864406779661,0.7896825396825397,45
18,l2,2.1437300349598294,liblinear,balanced,unused,6,27,27,0.4888888888888889,0.6567164179104478,0.5928853754940712,45
18,l2,2.1437300349598294,liblinear,balanced,unused,6,28,28,0.4888888888888889,0.4888888888888889,0.5513833992094862,45
18,l2,2.1437300349598294,liblinear,balanced,unused,6,29,29,0.8222222222222222,0.8461538461538461,1.0,45
18,l2,2.1437300349598294,liblinear,balanced,unused,6,30,30,0.5555555555555556,0.23076923076923078,0.6746031746031745,45
18,l2,2.1437300349598294,liblinear,balanced,unused,6,31,31,0.8666666666666667,0.875,0.9644268774703557,45
18,l2,2.1437300349598294,liblinear,balanced,unused,6,32,32,0.7045454545454546,0.7796610169491526,0.9503105590062112,44
18,l2,2.1437300349598294,liblinear,balanced,unused,6,33,33,0.7333333333333333,0.6666666666666666,0.8517786561264822,45
18,l2,2.1437300349598294,liblinear,balanced,unused,6,34,34,0.8666666666666667,0.8888888888888888,0.9841269841269841,45
18,l2,2.1437300349598294,liblinear,balanced,unused,6,35,35,0.6888888888888889,0.5882352941176471,0.8399209486166008,45
18,l2,2.1437300349598294,liblinear,balanced,unused,6,36,36,0.36363636363636365,0.46153846153846156,0.4049586776859504,44
18,l2,2.1437300349598294,liblinear,balanced,unused,6,37,37,0.5111111111111111,0.0,0.5711462450592886,45
18,l2,2.1437300349598294,liblinear,balanced,unused,6,38,38,0.5333333333333333,0.43243243243243246,0.5968379446640316,45
18,l2,2.1437300349598294,liblinear,balanced,unused,6,39,39,0.5,0.5,0.5196687370600415,44
18,l2,2.1437300349598294,liblinear,balanced,unused,6,40,40,0.6,0.6666666666666666,0.5357142857142857,45
18,l2,2.1437300349598294,liblinear,balanced,unused,6,41,41,0.7333333333333333,0.7142857142857143,0.7757936507936508,45
18,l2,2.1437300349598294,liblinear,balanced,unused,6,42,42,0.9333333333333333,0.9333333333333333,0.974308300395257,45
18,l2,2.1437300349598294,liblinear,balanced,unused,6,43,43,0.8,0.7567567567567568,0.9268774703557312,45
18,l2,2.1437300349598294,liblinear,balanced,unused,6,44,44,0.7241379310344828,0.6923076923076923,0.8380952380952381,29
18,l2,2.1437300349598294,liblinear,balanced,unused,6,45,45,0.5555555555555556,0.2857142857142857,0.808300395256917,45
18,l2,2.1437300349598294,liblinear,balanced,unused,6,46,46,0.6444444444444445,0.6521739130434783,0.725296442687747,45
18,l2,2.1437300349598294,liblinear,balanced,unused,6,47,47,0.5111111111111111,0.65625,0.6111111111111112,45
18,l2,2.1437300349598294,liblinear,balanced,unused,6,48,48,0.7647058823529411,0.75,0.9714285714285714,17
18,l2,2.1437300349598294,liblinear,balanced,unused,6,49,49,0.8444444444444444,0.8444444444444444,0.958498023715415,45
18,l2,2.1437300349598294,liblinear,balanced,unused,6,50,50,0.5111111111111111,0.21428571428571427,0.608695652173913,45
18,l2,2.1437300349598294,liblinear,balanced,unused,6,51,51,0.5777777777777777,0.17391304347826086,0.5396825396825398,45
18,l2,2.1437300349598294,liblinear,balanced,unused,6,52,52,0.7804878048780488,0.7096774193548387,0.8205741626794258,41
18,l2,2.1437300349598294,liblinear,balanced,unused,6,53,53,0.5581395348837209,0.5581395348837209,0.5692640692640694,43
18,l2,2.1437300349598294,liblinear,balanced,unused,6,54,54,0.5897435897435898,0.6521739130434783,0.782608695652174,39
18,l2,2.1437300349598294,liblinear,balanced,unused,6,55,55,0.8888888888888888,0.8837209302325582,0.924901185770751,45
18,l2,2.1437300349598294,liblinear,balanced,unused,6,56,56,0.8409090909090909,0.851063829787234,0.9111570247933884,44
18,l2,2.1437300349598294,liblinear,balanced,unused,6,57,57,0.6,0.6538461538461539,0.7083333333333334,45
18,l2,2.1437300349598294,liblinear,balanced,unused,6,58,58,0.6222222222222222,0.5405405405405406,0.6646825396825397,45
18,l2,2.1437300349598294,liblinear,balanced,unused,6,59,59,0.5333333333333333,0.08695652173913043,0.4464285714285714,45
18,l2,2.1437300349598294,liblinear,balanced,unused,6,60,60,0.7727272727272727,0.782608695652174,0.9194214876033058,44
18,l2,2.1437300349598294,liblinear,balanced,unused,6,61,61,0.7441860465116279,0.717948717948718,0.8398268398268398,43
18,l2,2.1437300349598294,liblinear,balanced,unused,6,62,62,0.9333333333333333,0.9302325581395349,0.9861660079051384,45
18,l2,2.1437300349598294,liblinear,balanced,unused,6,63,63,0.4883720930232558,0.0,0.5909090909090909,43
18,l2,2.1437300349598294,liblinear,balanced,unused,6,64,64,0.5555555555555556,0.6875,0.7786561264822134,45
18,l2,2.1437300349598294,liblinear,balanced,unused,6,65,65,0.6888888888888889,0.7407407407407407,0.7976190476190477,45
18,l2,2.1437300349598294,liblinear,balanced,unused,6,66,66,0.5333333333333333,0.6440677966101694,0.4980237154150198,45
18,l2,2.1437300349598294,liblinear,balanced,unused,6,67,67,0.5111111111111111,0.15384615384615385,0.6106719367588932,45
18,l2,2.1437300349598294,liblinear,balanced,unused,6,68,68,0.5555555555555556,0.23076923076923078,0.7351778656126482,45
18,l2,2.1437300349598294,liblinear,balanced,unused,6,69,69,0.6,0.47058823529411764,0.6527777777777778,45
18,l2,2.1437300349598294,liblinear,balanced,unused,6,70,70,0.7333333333333333,0.7,0.8577075098814229,45
18,l2,2.1437300349598294,liblinear,balanced,unused,6,71,71,0.7555555555555555,0.6857142857142857,0.9387351778656127,45
18,l2,2.1437300349598294,liblinear,balanced,unused,6,72,72,0.9333333333333333,0.9361702127659575,0.9861660079051383,45
18,l2,2.1437300349598294,liblinear,balanced,unused,6,73,73,0.5111111111111111,0.6333333333333333,0.7272727272727273,45
18,l2,2.1437300349598294,liblinear,balanced,unused,6,74,74,0.4888888888888889,0.5818181818181818,0.5654761904761905,45
18,l2,2.1437300349598294,liblinear,balanced,unused,6,75,75,0.8048780487804879,0.7894736842105263,0.9476190476190476,41
18,l2,2.1437300349598294,liblinear,balanced,unused,6,76,76,0.6,0.35714285714285715,0.6581027667984191,45
18,l2,2.1437300349598294,liblinear,balanced,unused,6,77,77,0.4444444444444444,0.5454545454545454,0.5833333333333334,45
18,l2,2.1437300349598294,liblinear,balanced,unused,6,78,78,0.4666666666666667,0.6129032258064516,0.5434782608695652,45
18,l2,2.1437300349598294,liblinear,balanced,unused,6,79,79,0.675,0.5517241379310345,0.725,40
18,l2,2.1437300349598294,liblinear,balanced,unused,6,80,80,0.5111111111111111,0.0,0.6185770750988142,45
18,l2,2.1437300349598294,liblinear,balanced,unused,6,81,81,0.4888888888888889,0.0,0.8379446640316205,45
18,l2,2.1437300349598294,liblinear,balanced,unused,6,82,82,0.5333333333333333,0.676923076923077,0.7588932806324111,45
18,l2,2.1437300349598294,liblinear,balanced,unused,6,83,83,0.5789473684210527,0.2727272727272727,0.8698060941828254,38
18,l2,2.1437300349598294,liblinear,balanced,unused,6,84,84,0.6818181818181818,0.6956521739130435,0.7494824016563147,44
18,l2,2.1437300349598294,liblinear,balanced,unused,6,85,85,0.5454545454545454,0.6774193548387096,0.9606625258799172,44
18,l2,2.1437300349598294,liblinear,balanced,unused,6,86,86,0.7727272727272727,0.75,0.8985507246376812,44
18,l2,2.1437300349598294,liblinear,balanced,unused,6,87,87,0.5111111111111111,0.6451612903225806,0.5652173913043479,45
18,l2,2.1437300349598294,liblinear,balanced,unused,6,88,88,0.509090909090909,0.3076923076923077,0.6190476190476191,55
18,l2,2.1437300349598294,liblinear,balanced,unused,6,89,89,0.6444444444444445,0.6923076923076923,0.7142857142857143,45
18,l2,2.1437300349598294,liblinear,balanced,unused,6,90,90,0.5333333333333333,0.5714285714285714,0.5573122529644268,45
18,l2,2.1437300349598294,liblinear,balanced,unused,6,91,91,0.5,0.6666666666666666,0.7623966942148761,44
18,l2,2.1437300349598294,liblinear,balanced,unused,6,92,92,0.5714285714285714,0.3684210526315789,0.6884615384615385,56
18,l2,2.1437300349598294,liblinear,balanced,unused,6,93,93,0.8888888888888888,0.8888888888888888,0.9110671936758893,45
18,l2,2.1437300349598294,liblinear,balanced,unused,6,94,94,0.9772727272727273,0.9787234042553191,1.0,44
18,l2,2.1437300349598294,liblinear,balanced,unused,6,95,95,0.39285714285714285,0.5405405405405406,0.5989583333333333,28
18,l2,2.1437300349598294,liblinear,balanced,unused,6,96,96,0.4523809523809524,0.6229508196721312,0.5419501133786848,42
18,l2,2.1437300349598294,liblinear,balanced,unused,6,97,97,0.5,0.0,0.6198347107438016,44
18,l2,2.1437300349598294,liblinear,balanced,unused,6,98,98,0.4888888888888889,0.5964912280701754,0.5335968379446641,45
18,l2,2.1437300349598294,liblinear,balanced,unused,6,99,99,0.46511627906976744,0.41025641025641024,0.5627705627705628,43
18,l2,2.1437300349598294,liblinear,balanced,unused,6,100,100,0.5277777777777778,0.5641025641025641,0.5709876543209877,36
18,l2,2.1437300349598294,liblinear,balanced,unused,6,101,101,0.4888888888888889,0.0,0.6304347826086956,45
18,l2,2.1437300349598294,liblinear,balanced,unused,6,102,102,0.7333333333333333,0.7857142857142857,0.8814229249011858,45
18,l2,2.1437300349598294,liblinear,balanced,unused,6,103,103,0.6511627906976745,0.6153846153846154,0.7965367965367965,43
18,l2,2.1437300349598294,liblinear,balanced,unused,6,104,104,0.5116279069767442,0.6440677966101694,0.48484848484848486,43
18,l2,2.1437300349598294,liblinear,balanced,unused,6,105,105,0.5333333333333333,0.16,0.5889328063241107,45
18,l2,2.1437300349598294,liblinear,balanced,unused,6,106,106,0.6222222222222222,0.6530612244897959,0.6626984126984127,45
18,l2,2.1437300349598294,liblinear,balanced,unused,6,107,107,0.5777777777777777,0.6545454545454545,0.6468253968253967,45
18,l2,2.1437300349598294,liblinear,balanced,unused,6,108,108,0.8666666666666667,0.85,0.8952569169960474,45
19,l2,2.3036060202268995,liblinear,balanced,unused,6,1,1,0.7555555555555555,0.7843137254901961,0.8458498023715415,45
19,l2,2.3036060202268995,liblinear,balanced,unused,6,2,2,0.7111111111111111,0.5806451612903226,0.875494071146245,45
19,l2,2.3036060202268995,liblinear,balanced,unused,6,3,3,0.4666666666666667,0.4782608695652174,0.4308300395256917,45
19,l2,2.3036060202268995,liblinear,balanced,unused,6,4,4,0.4888888888888889,0.6567164179104478,0.8162055335968379,45
19,l2,2.3036060202268995,liblinear,balanced,unused,6,5,5,0.4888888888888889,0.6567164179104478,0.36111111111111116,45
19,l2,2.3036060202268995,liblinear,balanced,unused,6,6,6,0.5333333333333333,0.0,0.494047619047619,45
19,l2,2.3036060202268995,liblinear,balanced,unused,6,7,7,0.7111111111111111,0.7719298245614035,0.9881422924901186,45
19,l2,2.3036060202268995,liblinear,balanced,unused,6,8,8,0.6666666666666666,0.6666666666666666,0.691699604743083,45
19,l2,2.3036060202268995,liblinear,balanced,unused,6,9,9,0.6,0.5909090909090909,0.5357142857142857,45
19,l2,2.3036060202268995,liblinear,balanced,unused,6,10,10,0.6444444444444445,0.6521739130434783,0.6825396825396826,45
19,l2,2.3036060202268995,liblinear,balanced,unused,6,11,11,0.5111111111111111,0.6666666666666666,0.4328063241106719,45
19,l2,2.3036060202268995,liblinear,balanced,unused,6,12,12,0.6222222222222222,0.5853658536585366,0.7123015873015873,45
19,l2,2.3036060202268995,liblinear,balanced,unused,6,13,13,0.8,0.8108108108108109,0.8954248366013071,35
19,l2,2.3036060202268995,liblinear,balanced,unused,6,14,14,0.6666666666666666,0.7457627118644068,0.7964426877470356,45
19,l2,2.3036060202268995,liblinear,balanced,unused,6,15,15,0.5555555555555556,0.6875,0.9505928853754941,45
19,l2,2.3036060202268995,liblinear,balanced,unused,6,16,16,0.5333333333333333,0.6865671641791045,0.7332015810276681,45
19,l2,2.3036060202268995,liblinear,balanced,unused,6,17,17,0.5238095238095238,0.0,0.5863636363636364,42
19,l2,2.3036060202268995,liblinear,balanced,unused,6,18,18,0.4888888888888889,0.6461538461538462,0.41304347826086957,45
19,l2,2.3036060202268995,liblinear,balanced,unused,6,19,19,0.7111111111111111,0.7719298245614035,0.841897233201581,45
19,l2,2.3036060202268995,liblinear,balanced,unused,6,20,20,0.5555555555555556,0.5,0.5889328063241106,45
19,l2,2.3036060202268995,liblinear,balanced,unused,6,21,21,0.5555555555555556,0.6296296296296297,0.7222222222222222,45
19,l2,2.3036060202268995,liblinear,balanced,unused,6,22,22,0.5111111111111111,0.6764705882352942,0.7312252964426877,45
19,l2,2.3036060202268995,liblinear,balanced,unused,6,23,23,0.6590909090909091,0.7368421052631579,0.8574380165289256,44
19,l2,2.3036060202268995,liblinear,balanced,unused,6,24,24,0.5555555555555556,0.42857142857142855,0.6493506493506493,18
19,l2,2.3036060202268995,liblinear,balanced,unused,6,25,25,0.6888888888888889,0.72,0.7628458498023716,45
19,l2,2.3036060202268995,liblinear,balanced,unused,6,26,26,0.6222222222222222,0.711864406779661,0.7896825396825397,45
19,l2,2.3036060202268995,liblinear,balanced,unused,6,27,27,0.4888888888888889,0.6567164179104478,0.5928853754940712,45
19,l2,2.3036060202268995,liblinear,balanced,unused,6,28,28,0.4888888888888889,0.4888888888888889,0.5513833992094862,45
19,l2,2.3036060202268995,liblinear,balanced,unused,6,29,29,0.8222222222222222,0.8461538461538461,1.0,45
19,l2,2.3036060202268995,liblinear,balanced,unused,6,30,30,0.5555555555555556,0.23076923076923078,0.6746031746031745,45
19,l2,2.3036060202268995,liblinear,balanced,unused,6,31,31,0.8666666666666667,0.875,0.9644268774703557,45
19,l2,2.3036060202268995,liblinear,balanced,unused,6,32,32,0.7045454545454546,0.7796610169491526,0.9503105590062112,44
19,l2,2.3036060202268995,liblinear,balanced,unused,6,33,33,0.7333333333333333,0.6666666666666666,0.8517786561264822,45
19,l2,2.3036060202268995,liblinear,balanced,unused,6,34,34,0.8666666666666667,0.8888888888888888,0.9841269841269841,45
19,l2,2.3036060202268995,liblinear,balanced,unused,6,35,35,0.6888888888888889,0.5882352941176471,0.8399209486166008,45
19,l2,2.3036060202268995,liblinear,balanced,unused,6,36,36,0.36363636363636365,0.46153846153846156,0.4049586776859504,44
19,l2,2.3036060202268995,liblinear,balanced,unused,6,37,37,0.5111111111111111,0.0,0.5711462450592886,45
19,l2,2.3036060202268995,liblinear,balanced,unused,6,38,38,0.5333333333333333,0.43243243243243246,0.5968379446640316,45
19,l2,2.3036060202268995,liblinear,balanced,unused,6,39,39,0.5,0.5,0.5196687370600415,44
19,l2,2.3036060202268995,liblinear,balanced,unused,6,40,40,0.6,0.6666666666666666,0.5357142857142857,45
19,l2,2.3036060202268995,liblinear,balanced,unused,6,41,41,0.7333333333333333,0.7142857142857143,0.7757936507936508,45
19,l2,2.3036060202268995,liblinear,balanced,unused,6,42,42,0.9333333333333333,0.9333333333333333,0.974308300395257,45
19,l2,2.3036060202268995,liblinear,balanced,unused,6,43,43,0.8,0.7567567567567568,0.9268774703557312,45
19,l2,2.3036060202268995,liblinear,balanced,unused,6,44,44,0.7241379310344828,0.6923076923076923,0.8380952380952381,29
19,l2,2.3036060202268995,liblinear,balanced,unused,6,45,45,0.5555555555555556,0.2857142857142857,0.808300395256917,45
19,l2,2.3036060202268995,liblinear,balanced,unused,6,46,46,0.6444444444444445,0.6521739130434783,0.725296442687747,45
19,l2,2.3036060202268995,liblinear,balanced,unused,6,47,47,0.5111111111111111,0.65625,0.6111111111111112,45
19,l2,2.3036060202268995,liblinear,balanced,unused,6,48,48,0.7647058823529411,0.75,0.9714285714285714,17
19,l2,2.3036060202268995,liblinear,balanced,unused,6,49,49,0.8444444444444444,0.8444444444444444,0.958498023715415,45
19,l2,2.3036060202268995,liblinear,balanced,unused,6,50,50,0.5111111111111111,0.21428571428571427,0.608695652173913,45
19,l2,2.3036060202268995,liblinear,balanced,unused,6,51,51,0.5777777777777777,0.17391304347826086,0.5396825396825398,45
19,l2,2.3036060202268995,liblinear,balanced,unused,6,52,52,0.7804878048780488,0.7096774193548387,0.8205741626794258,41
19,l2,2.3036060202268995,liblinear,balanced,unused,6,53,53,0.5581395348837209,0.5581395348837209,0.5692640692640694,43
19,l2,2.3036060202268995,liblinear,balanced,unused,6,54,54,0.5897435897435898,0.6521739130434783,0.782608695652174,39
19,l2,2.3036060202268995,liblinear,balanced,unused,6,55,55,0.8888888888888888,0.8837209302325582,0.924901185770751,45
19,l2,2.3036060202268995,liblinear,balanced,unused,6,56,56,0.8409090909090909,0.851063829787234,0.9111570247933884,44
19,l2,2.3036060202268995,liblinear,balanced,unused,6,57,57,0.6,0.6538461538461539,0.7083333333333334,45
19,l2,2.3036060202268995,liblinear,balanced,unused,6,58,58,0.6222222222222222,0.5405405405405406,0.6646825396825397,45
19,l2,2.3036060202268995,liblinear,balanced,unused,6,59,59,0.5333333333333333,0.08695652173913043,0.4464285714285714,45
19,l2,2.3036060202268995,liblinear,balanced,unused,6,60,60,0.7727272727272727,0.782608695652174,0.9194214876033058,44
19,l2,2.3036060202268995,liblinear,balanced,unused,6,61,61,0.7441860465116279,0.717948717948718,0.8398268398268398,43
19,l2,2.3036060202268995,liblinear,balanced,unused,6,62,62,0.9333333333333333,0.9302325581395349,0.9861660079051384,45
19,l2,2.3036060202268995,liblinear,balanced,unused,6,63,63,0.4883720930232558,0.0,0.5909090909090909,43
19,l2,2.3036060202268995,liblinear,balanced,unused,6,64,64,0.5555555555555556,0.6875,0.7786561264822134,45
19,l2,2.3036060202268995,liblinear,balanced,unused,6,65,65,0.6888888888888889,0.7407407407407407,0.7976190476190477,45
19,l2,2.3036060202268995,liblinear,balanced,unused,6,66,66,0.5333333333333333,0.6440677966101694,0.4980237154150198,45
19,l2,2.3036060202268995,liblinear,balanced,unused,6,67,67,0.5111111111111111,0.15384615384615385,0.6106719367588932,45
19,l2,2.3036060202268995,liblinear,balanced,unused,6,68,68,0.5555555555555556,0.23076923076923078,0.7351778656126482,45
19,l2,2.3036060202268995,liblinear,balanced,unused,6,69,69,0.6,0.47058823529411764,0.6527777777777778,45
19,l2,2.3036060202268995,liblinear,balanced,unused,6,70,70,0.7333333333333333,0.7,0.8577075098814229,45
19,l2,2.3036060202268995,liblinear,balanced,unused,6,71,71,0.7555555555555555,0.6857142857142857,0.9387351778656127,45
19,l2,2.3036060202268995,liblinear,balanced,unused,6,72,72,0.9333333333333333,0.9361702127659575,0.9861660079051383,45
19,l2,2.3036060202268995,liblinear,balanced,unused,6,73,73,0.5111111111111111,0.6333333333333333,0.7252964426877471,45
19,l2,2.3036060202268995,liblinear,balanced,unused,6,74,74,0.4888888888888889,0.5818181818181818,0.5654761904761905,45
19,l2,2.3036060202268995,liblinear,balanced,unused,6,75,75,0.8048780487804879,0.7894736842105263,0.9476190476190476,41
19,l2,2.3036060202268995,liblinear,balanced,unused,6,76,76,0.6,0.35714285714285715,0.6581027667984191,45
19,l2,2.3036060202268995,liblinear,balanced,unused,6,77,77,0.4444444444444444,0.5454545454545454,0.5833333333333334,45
19,l2,2.3036060202268995,liblinear,balanced,unused,6,78,78,0.4666666666666667,0.6129032258064516,0.5434782608695652,45
19,l2,2.3036060202268995,liblinear,balanced,unused,6,79,79,0.675,0.5517241379310345,0.725,40
19,l2,2.3036060202268995,liblinear,balanced,unused,6,80,80,0.5111111111111111,0.0,0.6185770750988142,45
19,l2,2.3036060202268995,liblinear,balanced,unused,6,81,81,0.4888888888888889,0.0,0.8379446640316205,45
19,l2,2.3036060202268995,liblinear,balanced,unused,6,82,82,0.5333333333333333,0.676923076923077,0.7588932806324111,45
19,l2,2.3036060202268995,liblinear,balanced,unused,6,83,83,0.5789473684210527,0.2727272727272727,0.8698060941828254,38
19,l2,2.3036060202268995,liblinear,balanced,unused,6,84,84,0.6818181818181818,0.6956521739130435,0.7494824016563147,44
19,l2,2.3036060202268995,liblinear,balanced,unused,6,85,85,0.5454545454545454,0.6774193548387096,0.9606625258799172,44
19,l2,2.3036060202268995,liblinear,balanced,unused,6,86,86,0.7727272727272727,0.75,0.8985507246376812,44
19,l2,2.3036060202268995,liblinear,balanced,unused,6,87,87,0.5111111111111111,0.6451612903225806,0.5652173913043479,45
19,l2,2.3036060202268995,liblinear,balanced,unused,6,88,88,0.509090909090909,0.3076923076923077,0.6190476190476191,55
19,l2,2.3036060202268995,liblinear,balanced,unused,6,89,89,0.6444444444444445,0.6923076923076923,0.7142857142857143,45
19,l2,2.3036060202268995,liblinear,balanced,unused,6,90,90,0.5333333333333333,0.5714285714285714,0.5573122529644268,45
19,l2,2.3036060202268995,liblinear,balanced,unused,6,91,91,0.5,0.6666666666666666,0.7623966942148761,44
19,l2,2.3036060202268995,liblinear,balanced,unused,6,92,92,0.5714285714285714,0.3684210526315789,0.6884615384615385,56
19,l2,2.3036060202268995,liblinear,balanced,unused,6,93,93,0.8888888888888888,0.8888888888888888,0.9110671936758893,45
19,l2,2.3036060202268995,liblinear,balanced,unused,6,94,94,0.9772727272727273,0.9787234042553191,1.0,44
19,l2,2.3036060202268995,liblinear,balanced,unused,6,95,95,0.39285714285714285,0.5405405405405406,0.5989583333333333,28
19,l2,2.3036060202268995,liblinear,balanced,unused,6,96,96,0.4523809523809524,0.6229508196721312,0.5419501133786848,42
19,l2,2.3036060202268995,liblinear,balanced,unused,6,97,97,0.5,0.0,0.6198347107438016,44
19,l2,2.3036060202268995,liblinear,balanced,unused,6,98,98,0.4888888888888889,0.5964912280701754,0.5335968379446641,45
19,l2,2.3036060202268995,liblinear,balanced,unused,6,99,99,0.46511627906976744,0.41025641025641024,0.564935064935065,43
19,l2,2.3036060202268995,liblinear,balanced,unused,6,100,100,0.5277777777777778,0.5641025641025641,0.5709876543209877,36
19,l2,2.3036060202268995,liblinear,balanced,unused,6,101,101,0.4888888888888889,0.0,0.6304347826086956,45
19,l2,2.3036060202268995,liblinear,balanced,unused,6,102,102,0.7333333333333333,0.7857142857142857,0.8814229249011858,45
19,l2,2.3036060202268995,liblinear,balanced,unused,6,103,103,0.6511627906976745,0.6153846153846154,0.7965367965367965,43
19,l2,2.3036060202268995,liblinear,balanced,unused,6,104,104,0.5116279069767442,0.6440677966101694,0.48484848484848486,43
19,l2,2.3036060202268995,liblinear,balanced,unused,6,105,105,0.5333333333333333,0.16,0.5889328063241107,45
19,l2,2.3036060202268995,liblinear,balanced,unused,6,106,106,0.6222222222222222,0.6530612244897959,0.6626984126984127,45
19,l2,2.3036060202268995,liblinear,balanced,unused,6,107,107,0.5777777777777777,0.6545454545454545,0.6468253968253967,45
19,l2,2.3036060202268995,liblinear,balanced,unused,6,108,108,0.8666666666666667,0.85,0.8952569169960474,45
20,l2,3.654993862441247,liblinear,balanced,unused,6,1,1,0.7555555555555555,0.7843137254901961,0.8458498023715415,45
20,l2,3.654993862441247,liblinear,balanced,unused,6,2,2,0.7111111111111111,0.5806451612903226,0.875494071146245,45
20,l2,3.654993862441247,liblinear,balanced,unused,6,3,3,0.4666666666666667,0.4782608695652174,0.4308300395256917,45
20,l2,3.654993862441247,liblinear,balanced,unused,6,4,4,0.4888888888888889,0.6567164179104478,0.8162055335968379,45
20,l2,3.654993862441247,liblinear,balanced,unused,6,5,5,0.4888888888888889,0.6567164179104478,0.36111111111111116,45
20,l2,3.654993862441247,liblinear,balanced,unused,6,6,6,0.5333333333333333,0.0,0.494047619047619,45
20,l2,3.654993862441247,liblinear,balanced,unused,6,7,7,0.6888888888888889,0.7586206896551724,0.9881422924901186,45
20,l2,3.654993862441247,liblinear,balanced,unused,6,8,8,0.6666666666666666,0.6666666666666666,0.691699604743083,45
20,l2,3.654993862441247,liblinear,balanced,unused,6,9,9,0.5777777777777777,0.5581395348837209,0.5357142857142857,45
20,l2,3.654993862441247,liblinear,balanced,unused,6,10,10,0.6444444444444445,0.6521739130434783,0.6825396825396826,45
20,l2,3.654993862441247,liblinear,balanced,unused,6,11,11,0.5111111111111111,0.6666666666666666,0.4328063241106719,45
20,l2,3.654993862441247,liblinear,balanced,unused,6,12,12,0.6222222222222222,0.5853658536585366,0.7123015873015873,45
20,l2,3.654993862441247,liblinear,balanced,unused,6,13,13,0.8,0.8108108108108109,0.8954248366013071,35
20,l2,3.654993862441247,liblinear,balanced,unused,6,14,14,0.6666666666666666,0.7457627118644068,0.7964426877470356,45
20,l2,3.654993862441247,liblinear,balanced,unused,6,15,15,0.5555555555555556,0.6875,0.9505928853754941,45
20,l2,3.654993862441247,liblinear,balanced,unused,6,16,16,0.5333333333333333,0.6865671641791045,0.7332015810276681,45
20,l2,3.654993862441247,liblinear,balanced,unused,6,17,17,0.5238095238095238,0.0,0.5863636363636364,42
20,l2,3.654993862441247,liblinear,balanced,unused,6,18,18,0.4888888888888889,0.6461538461538462,0.41304347826086957,45
20,l2,3.654993862441247,liblinear,balanced,unused,6,19,19,0.7111111111111111,0.7719298245614035,0.841897233201581,45
20,l2,3.654993862441247,liblinear,balanced,unused,6,20,20,0.5555555555555556,0.5,0.5889328063241106,45
20,l2,3.654993862441247,liblinear,balanced,unused,6,21,21,0.5555555555555556,0.6296296296296297,0.7222222222222222,45
20,l2,3.654993862441247,liblinear,balanced,unused,6,22,22,0.5111111111111111,0.6764705882352942,0.7312252964426877,45
20,l2,3.654993862441247,liblinear,balanced,unused,6,23,23,0.6590909090909091,0.7368421052631579,0.8574380165289256,44
20,l2,3.654993862441247,liblinear,balanced,unused,6,24,24,0.5555555555555556,0.42857142857142855,0.6493506493506493,18
20,l2,3.654993862441247,liblinear,balanced,unused,6,25,25,0.6888888888888889,0.72,0.7628458498023716,45
20,l2,3.654993862441247,liblinear,balanced,unused,6,26,26,0.6222222222222222,0.711864406779661,0.7896825396825397,45
20,l2,3.654993862441247,liblinear,balanced,unused,6,27,27,0.4888888888888889,0.6567164179104478,0.5928853754940712,45
20,l2,3.654993862441247,liblinear,balanced,unused,6,28,28,0.4888888888888889,0.4888888888888889,0.5513833992094862,45
20,l2,3.654993862441247,liblinear,balanced,unused,6,29,29,0.8222222222222222,0.8461538461538461,1.0,45
20,l2,3.654993862441247,liblinear,balanced,unused,6,30,30,0.5555555555555556,0.23076923076923078,0.6746031746031745,45
20,l2,3.654993862441247,liblinear,balanced,unused,6,31,31,0.8666666666666667,0.875,0.9644268774703557,45
20,l2,3.654993862441247,liblinear,balanced,unused,6,32,32,0.7045454545454546,0.7796610169491526,0.9503105590062112,44
20,l2,3.654993862441247,liblinear,balanced,unused,6,33,33,0.7333333333333333,0.6666666666666666,0.8517786561264822,45
20,l2,3.654993862441247,liblinear,balanced,unused,6,34,34,0.8666666666666667,0.8888888888888888,0.9841269841269841,45
20,l2,3.654993862441247,liblinear,balanced,unused,6,35,35,0.6888888888888889,0.5882352941176471,0.8399209486166008,45
20,l2,3.654993862441247,liblinear,balanced,unused,6,36,36,0.36363636363636365,0.46153846153846156,0.4049586776859504,44
20,l2,3.654993862441247,liblinear,balanced,unused,6,37,37,0.5111111111111111,0.0,0.5711462450592886,45
20,l2,3.654993862441247,liblinear,balanced,unused,6,38,38,0.5333333333333333,0.43243243243243246,0.5968379446640316,45
20,l2,3.654993862441247,liblinear,balanced,unused,6,39,39,0.5,0.5,0.5196687370600415,44
20,l2,3.654993862441247,liblinear,balanced,unused,6,40,40,0.6,0.6666666666666666,0.5357142857142857,45
20,l2,3.654993862441247,liblinear,balanced,unused,6,41,41,0.7333333333333333,0.7142857142857143,0.7757936507936508,45
20,l2,3.654993862441247,liblinear,balanced,unused,6,42,42,0.9333333333333333,0.9333333333333333,0.974308300395257,45
20,l2,3.654993862441247,liblinear,balanced,unused,6,43,43,0.8,0.7567567567567568,0.9268774703557312,45
20,l2,3.654993862441247,liblinear,balanced,unused,6,44,44,0.7241379310344828,0.6923076923076923,0.8380952380952381,29
20,l2,3.654993862441247,liblinear,balanced,unused,6,45,45,0.5555555555555556,0.2857142857142857,0.808300395256917,45
20,l2,3.654993862441247,liblinear,balanced,unused,6,46,46,0.6444444444444445,0.6521739130434783,0.725296442687747,45
20,l2,3.654993862441247,liblinear,balanced,unused,6,47,47,0.5111111111111111,0.65625,0.6091269841269842,45
20,l2,3.654993862441247,liblinear,balanced,unused,6,48,48,0.7647058823529411,0.75,0.9714285714285714,17
20,l2,3.654993862441247,liblinear,balanced,unused,6,49,49,0.8444444444444444,0.8444444444444444,0.958498023715415,45
20,l2,3.654993862441247,liblinear,balanced,unused,6,50,50,0.5111111111111111,0.21428571428571427,0.608695652173913,45
20,l2,3.654993862441247,liblinear,balanced,unused,6,51,51,0.5777777777777777,0.17391304347826086,0.5396825396825398,45
20,l2,3.654993862441247,liblinear,balanced,unused,6,52,52,0.7804878048780488,0.7096774193548387,0.8205741626794258,41
20,l2,3.654993862441247,liblinear,balanced,unused,6,53,53,0.5581395348837209,0.5581395348837209,0.5692640692640694,43
20,l2,3.654993862441247,liblinear,balanced,unused,6,54,54,0.5897435897435898,0.6521739130434783,0.782608695652174,39
20,l2,3.654993862441247,liblinear,balanced,unused,6,55,55,0.8888888888888888,0.8837209302325582,0.924901185770751,45
20,l2,3.654993862441247,liblinear,balanced,unused,6,56,56,0.8409090909090909,0.851063829787234,0.9111570247933884,44
20,l2,3.654993862441247,liblinear,balanced,unused,6,57,57,0.6,0.6538461538461539,0.7083333333333334,45
20,l2,3.654993862441247,liblinear,balanced,unused,6,58,58,0.6222222222222222,0.5405405405405406,0.6646825396825397,45
20,l2,3.654993862441247,liblinear,balanced,unused,6,59,59,0.5333333333333333,0.08695652173913043,0.4464285714285714,45
20,l2,3.654993862441247,liblinear,balanced,unused,6,60,60,0.7727272727272727,0.782608695652174,0.9194214876033058,44
20,l2,3.654993862441247,liblinear,balanced,unused,6,61,61,0.7441860465116279,0.717948717948718,0.8398268398268398,43
20,l2,3.654993862441247,liblinear,balanced,unused,6,62,62,0.9333333333333333,0.9302325581395349,0.9861660079051384,45
20,l2,3.654993862441247,liblinear,balanced,unused,6,63,63,0.4883720930232558,0.0,0.5909090909090909,43
20,l2,3.654993862441247,liblinear,balanced,unused,6,64,64,0.5555555555555556,0.6875,0.7786561264822134,45
20,l2,3.654993862441247,liblinear,balanced,unused,6,65,65,0.6888888888888889,0.7407407407407407,0.7976190476190477,45
20,l2,3.654993862441247,liblinear,balanced,unused,6,66,66,0.5333333333333333,0.6440677966101694,0.4980237154150198,45
20,l2,3.654993862441247,liblinear,balanced,unused,6,67,67,0.5111111111111111,0.15384615384615385,0.6106719367588932,45
20,l2,3.654993862441247,liblinear,balanced,unused,6,68,68,0.5555555555555556,0.23076923076923078,0.733201581027668,45
20,l2,3.654993862441247,liblinear,balanced,unused,6,69,69,0.6,0.47058823529411764,0.6527777777777778,45
20,l2,3.654993862441247,liblinear,balanced,unused,6,70,70,0.7333333333333333,0.7,0.8577075098814229,45
20,l2,3.654993862441247,liblinear,balanced,unused,6,71,71,0.7555555555555555,0.6857142857142857,0.9387351778656127,45
20,l2,3.654993862441247,liblinear,balanced,unused,6,72,72,0.9333333333333333,0.9361702127659575,0.9861660079051383,45
20,l2,3.654993862441247,liblinear,balanced,unused,6,73,73,0.5111111111111111,0.6333333333333333,0.7252964426877471,45
20,l2,3.654993862441247,liblinear,balanced,unused,6,74,74,0.4888888888888889,0.5818181818181818,0.5654761904761905,45
20,l2,3.654993862441247,liblinear,balanced,unused,6,75,75,0.8048780487804879,0.7894736842105263,0.9476190476190476,41
20,l2,3.654993862441247,liblinear,balanced,unused,6,76,76,0.6,0.35714285714285715,0.6581027667984191,45
20,l2,3.654993862441247,liblinear,balanced,unused,6,77,77,0.4444444444444444,0.5454545454545454,0.5833333333333334,45
20,l2,3.654993862441247,liblinear,balanced,unused,6,78,78,0.4666666666666667,0.6129032258064516,0.5434782608695652,45
20,l2,3.654993862441247,liblinear,balanced,unused,6,79,79,0.675,0.5517241379310345,0.725,40
20,l2,3.654993862441247,liblinear,balanced,unused,6,80,80,0.5111111111111111,0.0,0.6185770750988142,45
20,l2,3.654993862441247,liblinear,balanced,unused,6,81,81,0.4888888888888889,0.0,0.8379446640316205,45
20,l2,3.654993862441247,liblinear,balanced,unused,6,82,82,0.5333333333333333,0.676923076923077,0.7588932806324111,45
20,l2,3.654993862441247,liblinear,balanced,unused,6,83,83,0.5789473684210527,0.2727272727272727,0.8698060941828254,38
20,l2,3.654993862441247,liblinear,balanced,unused,6,84,84,0.6818181818181818,0.6956521739130435,0.7494824016563147,44
20,l2,3.654993862441247,liblinear,balanced,unused,6,85,85,0.5454545454545454,0.6774193548387096,0.9606625258799172,44
20,l2,3.654993862441247,liblinear,balanced,unused,6,86,86,0.7727272727272727,0.75,0.8985507246376812,44
20,l2,3.654993862441247,liblinear,balanced,unused,6,87,87,0.5111111111111111,0.6451612903225806,0.5671936758893281,45
20,l2,3.654993862441247,liblinear,balanced,unused,6,88,88,0.509090909090909,0.3076923076923077,0.6177248677248678,55
20,l2,3.654993862441247,liblinear,balanced,unused,6,89,89,0.6444444444444445,0.6923076923076923,0.7142857142857143,45
20,l2,3.654993862441247,liblinear,balanced,unused,6,90,90,0.5333333333333333,0.5714285714285714,0.5573122529644268,45
20,l2,3.654993862441247,liblinear,balanced,unused,6,91,91,0.5,0.6666666666666666,0.7623966942148761,44
20,l2,3.654993862441247,liblinear,balanced,unused,6,92,92,0.5714285714285714,0.3684210526315789,0.6897435897435897,56
20,l2,3.654993862441247,liblinear,balanced,unused,6,93,93,0.8888888888888888,0.8888888888888888,0.9110671936758893,45
20,l2,3.654993862441247,liblinear,balanced,unused,6,94,94,0.9772727272727273,0.9787234042553191,1.0,44
20,l2,3.654993862441247,liblinear,balanced,unused,6,95,95,0.39285714285714285,0.5405405405405406,0.5989583333333333,28
20,l2,3.654993862441247,liblinear,balanced,unused,6,96,96,0.4523809523809524,0.6229508196721312,0.5419501133786848,42
20,l2,3.654993862441247,liblinear,balanced,unused,6,97,97,0.5,0.0,0.6198347107438016,44
20,l2,3.654993862441247,liblinear,balanced,unused,6,98,98,0.4888888888888889,0.5964912280701754,0.5335968379446641,45
20,l2,3.654993862441247,liblinear,balanced,unused,6,99,99,0.46511627906976744,0.41025641025641024,0.564935064935065,43
20,l2,3.654993862441247,liblinear,balanced,unused,6,100,100,0.5277777777777778,0.5641025641025641,0.5709876543209877,36
20,l2,3.654993862441247,liblinear,balanced,unused,6,101,101,0.4888888888888889,0.0,0.6304347826086956,45
20,l2,3.654993862441247,liblinear,balanced,unused,6,102,102,0.7333333333333333,0.7857142857142857,0.8814229249011858,45
20,l2,3.654993862441247,liblinear,balanced,unused,6,103,103,0.627906976744186,0.6,0.7965367965367965,43
20,l2,3.654993862441247,liblinear,balanced,unused,6,104,104,0.5116279069767442,0.6440677966101694,0.48484848484848486,43
20,l2,3.654993862441247,liblinear,balanced,unused,6,105,105,0.5333333333333333,0.16,0.5889328063241107,45
20,l2,3.654993862441247,liblinear,balanced,unused,6,106,106,0.6222222222222222,0.6530612244897959,0.6626984126984127,45
20,l2,3.654993862441247,liblinear,balanced,unused,6,107,107,0.5777777777777777,0.6545454545454545,0.6468253968253967,45
20,l2,3.654993862441247,liblinear,balanced,unused,6,108,108,0.8666666666666667,0.85,0.8952569169960474,45
21,l2,2.215568024295467,liblinear,balanced,unused,6,1,1,0.7555555555555555,0.7843137254901961,0.8458498023715415,45
21,l2,2.215568024295467,liblinear,balanced,unused,6,2,2,0.7111111111111111,0.5806451612903226,0.875494071146245,45
21,l2,2.215568024295467,liblinear,balanced,unused,6,3,3,0.4666666666666667,0.4782608695652174,0.4308300395256917,45
21,l2,2.215568024295467,liblinear,balanced,unused,6,4,4,0.4888888888888889,0.6567164179104478,0.8162055335968379,45
21,l2,2.215568024295467,liblinear,balanced,unused,6,5,5,0.4888888888888889,0.6567164179104478,0.36111111111111116,45
21,l2,2.215568024295467,liblinear,balanced,unused,6,6,6,0.5333333333333333,0.0,0.494047619047619,45
21,l2,2.215568024295467,liblinear,balanced,unused,6,7,7,0.7111111111111111,0.7719298245614035,0.9881422924901186,45
21,l2,2.215568024295467,liblinear,balanced,unused,6,8,8,0.6666666666666666,0.6666666666666666,0.691699604743083,45
21,l2,2.215568024295467,liblinear,balanced,unused,6,9,9,0.6,0.5909090909090909,0.5357142857142857,45
21,l2,2.215568024295467,liblinear,balanced,unused,6,10,10,0.6444444444444445,0.6521739130434783,0.6825396825396826,45
21,l2,2.215568024295467,liblinear,balanced,unused,6,11,11,0.5111111111111111,0.6666666666666666,0.4328063241106719,45
21,l2,2.215568024295467,liblinear,balanced,unused,6,12,12,0.6222222222222222,0.5853658536585366,0.7123015873015873,45
21,l2,2.215568024295467,liblinear,balanced,unused,6,13,13,0.8,0.8108108108108109,0.8954248366013071,35
21,l2,2.215568024295467,liblinear,balanced,unused,6,14,14,0.6666666666666666,0.7457627118644068,0.7964426877470356,45
21,l2,2.215568024295467,liblinear,balanced,unused,6,15,15,0.5555555555555556,0.6875,0.9505928853754941,45
21,l2,2.215568024295467,liblinear,balanced,unused,6,16,16,0.5333333333333333,0.6865671641791045,0.7332015810276681,45
21,l2,2.215568024295467,liblinear,balanced,unused,6,17,17,0.5238095238095238,0.0,0.5863636363636364,42
21,l2,2.215568024295467,liblinear,balanced,unused,6,18,18,0.4888888888888889,0.6461538461538462,0.41304347826086957,45
21,l2,2.215568024295467,liblinear,balanced,unused,6,19,19,0.7111111111111111,0.7719298245614035,0.841897233201581,45
21,l2,2.215568024295467,liblinear,balanced,unused,6,20,20,0.5555555555555556,0.5,0.5889328063241106,45
21,l2,2.215568024295467,liblinear,balanced,unused,6,21,21,0.5555555555555556,0.6296296296296297,0.7222222222222222,45
21,l2,2.215568024295467,liblinear,balanced,unused,6,22,22,0.5111111111111111,0.6764705882352942,0.7312252964426877,45
21,l2,2.215568024295467,liblinear,balanced,unused,6,23,23,0.6590909090909091,0.7368421052631579,0.8574380165289256,44
21,l2,2.215568024295467,liblinear,balanced,unused,6,24,24,0.5555555555555556,0.42857142857142855,0.6493506493506493,18
21,l2,2.215568024295467,liblinear,balanced,unused,6,25,25,0.6888888888888889,0.72,0.7628458498023716,45
21,l2,2.215568024295467,liblinear,balanced,unused,6,26,26,0.6222222222222222,0.711864406779661,0.7896825396825397,45
21,l2,2.215568024295467,liblinear,balanced,unused,6,27,27,0.4888888888888889,0.6567164179104478,0.5928853754940712,45
21,l2,2.215568024295467,liblinear,balanced,unused,6,28,28,0.4888888888888889,0.4888888888888889,0.5513833992094862,45
21,l2,2.215568024295467,liblinear,balanced,unused,6,29,29,0.8222222222222222,0.8461538461538461,1.0,45
21,l2,2.215568024295467,liblinear,balanced,unused,6,30,30,0.5555555555555556,0.23076923076923078,0.6746031746031745,45
21,l2,2.215568024295467,liblinear,balanced,unused,6,31,31,0.8666666666666667,0.875,0.9644268774703557,45
21,l2,2.215568024295467,liblinear,balanced,unused,6,32,32,0.7045454545454546,0.7796610169491526,0.9503105590062112,44
21,l2,2.215568024295467,liblinear,balanced,unused,6,33,33,0.7333333333333333,0.6666666666666666,0.8517786561264822,45
21,l2,2.215568024295467,liblinear,balanced,unused,6,34,34,0.8666666666666667,0.8888888888888888,0.9841269841269841,45
21,l2,2.215568024295467,liblinear,balanced,unused,6,35,35,0.6888888888888889,0.5882352941176471,0.8399209486166008,45
21,l2,2.215568024295467,liblinear,balanced,unused,6,36,36,0.36363636363636365,0.46153846153846156,0.4049586776859504,44
21,l2,2.215568024295467,liblinear,balanced,unused,6,37,37,0.5111111111111111,0.0,0.5711462450592886,45
21,l2,2.215568024295467,liblinear,balanced,unused,6,38,38,0.5333333333333333,0.43243243243243246,0.5968379446640316,45
21,l2,2.215568024295467,liblinear,balanced,unused,6,39,39,0.5,0.5,0.5196687370600415,44
21,l2,2.215568024295467,liblinear,balanced,unused,6,40,40,0.6,0.6666666666666666,0.5357142857142857,45
21,l2,2.215568024295467,liblinear,balanced,unused,6,41,41,0.7333333333333333,0.7142857142857143,0.7757936507936508,45
21,l2,2.215568024295467,liblinear,balanced,unused,6,42,42,0.9333333333333333,0.9333333333333333,0.974308300395257,45
21,l2,2.215568024295467,liblinear,balanced,unused,6,43,43,0.8,0.7567567567567568,0.9268774703557312,45
21,l2,2.215568024295467,liblinear,balanced,unused,6,44,44,0.7241379310344828,0.6923076923076923,0.8380952380952381,29
21,l2,2.215568024295467,liblinear,balanced,unused,6,45,45,0.5555555555555556,0.2857142857142857,0.808300395256917,45
21,l2,2.215568024295467,liblinear,balanced,unused,6,46,46,0.6444444444444445,0.6521739130434783,0.725296442687747,45
21,l2,2.215568024295467,liblinear,balanced,unused,6,47,47,0.5111111111111111,0.65625,0.6111111111111112,45
21,l2,2.215568024295467,liblinear,balanced,unused,6,48,48,0.7647058823529411,0.75,0.9714285714285714,17
21,l2,2.215568024295467,liblinear,balanced,unused,6,49,49,0.8444444444444444,0.8444444444444444,0.958498023715415,45
21,l2,2.215568024295467,liblinear,balanced,unused,6,50,50,0.5111111111111111,0.21428571428571427,0.608695652173913,45
21,l2,2.215568024295467,liblinear,balanced,unused,6,51,51,0.5777777777777777,0.17391304347826086,0.5396825396825398,45
21,l2,2.215568024295467,liblinear,balanced,unused,6,52,52,0.7804878048780488,0.7096774193548387,0.8205741626794258,41
21,l2,2.215568024295467,liblinear,balanced,unused,6,53,53,0.5581395348837209,0.5581395348837209,0.5692640692640694,43
21,l2,2.215568024295467,liblinear,balanced,unused,6,54,54,0.5897435897435898,0.6521739130434783,0.782608695652174,39
21,l2,2.215568024295467,liblinear,balanced,unused,6,55,55,0.8888888888888888,0.8837209302325582,0.924901185770751,45
21,l2,2.215568024295467,liblinear,balanced,unused,6,56,56,0.8409090909090909,0.851063829787234,0.9111570247933884,44
21,l2,2.215568024295467,liblinear,balanced,unused,6,57,57,0.6,0.6538461538461539,0.7083333333333334,45
21,l2,2.215568024295467,liblinear,balanced,unused,6,58,58,0.6222222222222222,0.5405405405405406,0.6646825396825397,45
21,l2,2.215568024295467,liblinear,balanced,unused,6,59,59,0.5333333333333333,0.08695652173913043,0.4464285714285714,45
21,l2,2.215568024295467,liblinear,balanced,unused,6,60,60,0.7727272727272727,0.782608695652174,0.9194214876033058,44
21,l2,2.215568024295467,liblinear,balanced,unused,6,61,61,0.7441860465116279,0.717948717948718,0.8398268398268398,43
21,l2,2.215568024295467,liblinear,balanced,unused,6,62,62,0.9333333333333333,0.9302325581395349,0.9861660079051384,45
21,l2,2.215568024295467,liblinear,balanced,unused,6,63,63,0.4883720930232558,0.0,0.5909090909090909,43
21,l2,2.215568024295467,liblinear,balanced,unused,6,64,64,0.5555555555555556,0.6875,0.7786561264822134,45
21,l2,2.215568024295467,liblinear,balanced,unused,6,65,65,0.6888888888888889,0.7407407407407407,0.7976190476190477,45
21,l2,2.215568024295467,liblinear,balanced,unused,6,66,66,0.5333333333333333,0.6440677966101694,0.4980237154150198,45
21,l2,2.215568024295467,liblinear,balanced,unused,6,67,67,0.5111111111111111,0.15384615384615385,0.6106719367588932,45
21,l2,2.215568024295467,liblinear,balanced,unused,6,68,68,0.5555555555555556,0.23076923076923078,0.7351778656126482,45
21,l2,2.215568024295467,liblinear,balanced,unused,6,69,69,0.6,0.47058823529411764,0.6527777777777778,45
21,l2,2.215568024295467,liblinear,balanced,unused,6,70,70,0.7333333333333333,0.7,0.8577075098814229,45
21,l2,2.215568024295467,liblinear,balanced,unused,6,71,71,0.7555555555555555,0.6857142857142857,0.9387351778656127,45
21,l2,2.215568024295467,liblinear,balanced,unused,6,72,72,0.9333333333333333,0.9361702127659575,0.9861660079051383,45
21,l2,2.215568024295467,liblinear,balanced,unused,6,73,73,0.5111111111111111,0.6333333333333333,0.7252964426877471,45
21,l2,2.215568024295467,liblinear,balanced,unused,6,74,74,0.4888888888888889,0.5818181818181818,0.5654761904761905,45
21,l2,2.215568024295467,liblinear,balanced,unused,6,75,75,0.8048780487804879,0.7894736842105263,0.9476190476190476,41
21,l2,2.215568024295467,liblinear,balanced,unused,6,76,76,0.6,0.35714285714285715,0.6581027667984191,45
21,l2,2.215568024295467,liblinear,balanced,unused,6,77,77,0.4444444444444444,0.5454545454545454,0.5833333333333334,45
21,l2,2.215568024295467,liblinear,balanced,unused,6,78,78,0.4666666666666667,0.6129032258064516,0.5434782608695652,45
21,l2,2.215568024295467,liblinear,balanced,unused,6,79,79,0.675,0.5517241379310345,0.725,40
21,l2,2.215568024295467,liblinear,balanced,unused,6,80,80,0.5111111111111111,0.0,0.6185770750988142,45
21,l2,2.215568024295467,liblinear,balanced,unused,6,81,81,0.4888888888888889,0.0,0.8379446640316205,45
21,l2,2.215568024295467,liblinear,balanced,unused,6,82,82,0.5333333333333333,0.676923076923077,0.7588932806324111,45
21,l2,2.215568024295467,liblinear,balanced,unused,6,83,83,0.5789473684210527,0.2727272727272727,0.8698060941828254,38
21,l2,2.215568024295467,liblinear,balanced,unused,6,84,84,0.6818181818181818,0.6956521739130435,0.7494824016563147,44
21,l2,2.215568024295467,liblinear,balanced,unused,6,85,85,0.5454545454545454,0.6774193548387096,0.9606625258799172,44
21,l2,2.215568024295467,liblinear,balanced,unused,6,86,86,0.7727272727272727,0.75,0.8985507246376812,44
21,l2,2.215568024295467,liblinear,balanced,unused,6,87,87,0.5111111111111111,0.6451612903225806,0.5652173913043479,45
21,l2,2.215568024295467,liblinear,balanced,unused,6,88,88,0.509090909090909,0.3076923076923077,0.6190476190476191,55
21,l2,2.215568024295467,liblinear,balanced,unused,6,89,89,0.6444444444444445,0.6923076923076923,0.7142857142857143,45
21,l2,2.215568024295467,liblinear,balanced,unused,6,90,90,0.5333333333333333,0.5714285714285714,0.5573122529644268,45
21,l2,2.215568024295467,liblinear,balanced,unused,6,91,91,0.5,0.6666666666666666,0.7623966942148761,44
21,l2,2.215568024295467,liblinear,balanced,unused,6,92,92,0.5714285714285714,0.3684210526315789,0.6884615384615385,56
21,l2,2.215568024295467,liblinear,balanced,unused,6,93,93,0.8888888888888888,0.8888888888888888,0.9110671936758893,45
21,l2,2.215568024295467,liblinear,balanced,unused,6,94,94,0.9772727272727273,0.9787234042553191,1.0,44
21,l2,2.215568024295467,liblinear,balanced,unused,6,95,95,0.39285714285714285,0.5405405405405406,0.5989583333333333,28
21,l2,2.215568024295467,liblinear,balanced,unused,6,96,96,0.4523809523809524,0.6229508196721312,0.5419501133786848,42
21,l2,2.215568024295467,liblinear,balanced,unused,6,97,97,0.5,0.0,0.6198347107438016,44
21,l2,2.215568024295467,liblinear,balanced,unused,6,98,98,0.4888888888888889,0.5964912280701754,0.5335968379446641,45
21,l2,2.215568024295467,liblinear,balanced,unused,6,99,99,0.46511627906976744,0.41025641025641024,0.5627705627705628,43
21,l2,2.215568024295467,liblinear,balanced,unused,6,100,100,0.5277777777777778,0.5641025641025641,0.5709876543209877,36
21,l2,2.215568024295467,liblinear,balanced,unused,6,101,101,0.4888888888888889,0.0,0.6304347826086956,45
21,l2,2.215568024295467,liblinear,balanced,unused,6,102,102,0.7333333333333333,0.7857142857142857,0.8814229249011858,45
21,l2,2.215568024295467,liblinear,balanced,unused,6,103,103,0.6511627906976745,0.6153846153846154,0.7965367965367965,43
21,l2,2.215568024295467,liblinear,balanced,unused,6,104,104,0.5116279069767442,0.6440677966101694,0.48484848484848486,43
21,l2,2.215568024295467,liblinear,balanced,unused,6,105,105,0.5333333333333333,0.16,0.5889328063241107,45
21,l2,2.215568024295467,liblinear,balanced,unused,6,106,106,0.6222222222222222,0.6530612244897959,0.6626984126984127,45
21,l2,2.215568024295467,liblinear,balanced,unused,6,107,107,0.5777777777777777,0.6545454545454545,0.6468253968253967,45
21,l2,2.215568024295467,liblinear,balanced,unused,6,108,108,0.8666666666666667,0.85,0.8952569169960474,45
22,l2,1.6861260553763415,liblinear,balanced,unused,6,1,1,0.7555555555555555,0.7843137254901961,0.8458498023715415,45
22,l2,1.6861260553763415,liblinear,balanced,unused,6,2,2,0.7111111111111111,0.5806451612903226,0.875494071146245,45
22,l2,1.6861260553763415,liblinear,balanced,unused,6,3,3,0.4666666666666667,0.4782608695652174,0.4308300395256917,45
22,l2,1.6861260553763415,liblinear,balanced,unused,6,4,4,0.4888888888888889,0.6567164179104478,0.8162055335968379,45
22,l2,1.6861260553763415,liblinear,balanced,unused,6,5,5,0.4888888888888889,0.6567164179104478,0.36111111111111116,45
22,l2,1.6861260553763415,liblinear,balanced,unused,6,6,6,0.5333333333333333,0.0,0.494047619047619,45
22,l2,1.6861260553763415,liblinear,balanced,unused,6,7,7,0.7111111111111111,0.7719298245614035,0.9881422924901186,45
22,l2,1.6861260553763415,liblinear,balanced,unused,6,8,8,0.6666666666666666,0.6666666666666666,0.691699604743083,45
22,l2,1.6861260553763415,liblinear,balanced,unused,6,9,9,0.6,0.5909090909090909,0.5357142857142857,45
22,l2,1.6861260553763415,liblinear,balanced,unused,6,10,10,0.6444444444444445,0.6521739130434783,0.6825396825396826,45
22,l2,1.6861260553763415,liblinear,balanced,unused,6,11,11,0.5111111111111111,0.6666666666666666,0.4328063241106719,45
22,l2,1.6861260553763415,liblinear,balanced,unused,6,12,12,0.6222222222222222,0.5853658536585366,0.7123015873015873,45
22,l2,1.6861260553763415,liblinear,balanced,unused,6,13,13,0.8,0.8108108108108109,0.8954248366013071,35
22,l2,1.6861260553763415,liblinear,balanced,unused,6,14,14,0.6666666666666666,0.7457627118644068,0.7964426877470356,45
22,l2,1.6861260553763415,liblinear,balanced,unused,6,15,15,0.5555555555555556,0.6875,0.9505928853754941,45
22,l2,1.6861260553763415,liblinear,balanced,unused,6,16,16,0.5333333333333333,0.6865671641791045,0.7332015810276681,45
22,l2,1.6861260553763415,liblinear,balanced,unused,6,17,17,0.5238095238095238,0.0,0.5863636363636364,42
22,l2,1.6861260553763415,liblinear,balanced,unused,6,18,18,0.4888888888888889,0.6461538461538462,0.41304347826086957,45
22,l2,1.6861260553763415,liblinear,balanced,unused,6,19,19,0.7111111111111111,0.7719298245614035,0.841897233201581,45
22,l2,1.6861260553763415,liblinear,balanced,unused,6,20,20,0.5555555555555556,0.5,0.5889328063241106,45
22,l2,1.6861260553763415,liblinear,balanced,unused,6,21,21,0.5555555555555556,0.6296296296296297,0.7222222222222222,45
22,l2,1.6861260553763415,liblinear,balanced,unused,6,22,22,0.5111111111111111,0.6764705882352942,0.7312252964426877,45
22,l2,1.6861260553763415,liblinear,balanced,unused,6,23,23,0.6590909090909091,0.7368421052631579,0.8574380165289256,44
22,l2,1.6861260553763415,liblinear,balanced,unused,6,24,24,0.5555555555555556,0.42857142857142855,0.6493506493506493,18
22,l2,1.6861260553763415,liblinear,balanced,unused,6,25,25,0.6888888888888889,0.72,0.7628458498023716,45
22,l2,1.6861260553763415,liblinear,balanced,unused,6,26,26,0.6222222222222222,0.711864406779661,0.7896825396825397,45
22,l2,1.6861260553763415,liblinear,balanced,unused,6,27,27,0.4888888888888889,0.6567164179104478,0.5928853754940712,45
22,l2,1.6861260553763415,liblinear,balanced,unused,6,28,28,0.4888888888888889,0.4888888888888889,0.5513833992094862,45
22,l2,1.6861260553763415,liblinear,balanced,unused,6,29,29,0.8222222222222222,0.8461538461538461,1.0,45
22,l2,1.6861260553763415,liblinear,balanced,unused,6,30,30,0.5555555555555556,0.23076923076923078,0.6746031746031745,45
22,l2,1.6861260553763415,liblinear,balanced,unused,6,31,31,0.8666666666666667,0.875,0.9644268774703557,45
22,l2,1.6861260553763415,liblinear,balanced,unused,6,32,32,0.7045454545454546,0.7796610169491526,0.9503105590062112,44
22,l2,1.6861260553763415,liblinear,balanced,unused,6,33,33,0.7333333333333333,0.6666666666666666,0.8517786561264822,45
22,l2,1.6861260553763415,liblinear,balanced,unused,6,34,34,0.8666666666666667,0.8888888888888888,0.9841269841269841,45
22,l2,1.6861260553763415,liblinear,balanced,unused,6,35,35,0.6888888888888889,0.5882352941176471,0.8399209486166008,45
22,l2,1.6861260553763415,liblinear,balanced,unused,6,36,36,0.36363636363636365,0.46153846153846156,0.4049586776859504,44
22,l2,1.6861260553763415,liblinear,balanced,unused,6,37,37,0.5111111111111111,0.0,0.5711462450592886,45
22,l2,1.6861260553763415,liblinear,balanced,unused,6,38,38,0.5333333333333333,0.43243243243243246,0.5968379446640316,45
22,l2,1.6861260553763415,liblinear,balanced,unused,6,39,39,0.5,0.5,0.5196687370600415,44
22,l2,1.6861260553763415,liblinear,balanced,unused,6,40,40,0.6,0.6666666666666666,0.5357142857142857,45
22,l2,1.6861260553763415,liblinear,balanced,unused,6,41,41,0.7333333333333333,0.7142857142857143,0.7757936507936508,45
22,l2,1.6861260553763415,liblinear,balanced,unused,6,42,42,0.9333333333333333,0.9333333333333333,0.974308300395257,45
22,l2,1.6861260553763415,liblinear,balanced,unused,6,43,43,0.8,0.7567567567567568,0.9268774703557312,45
22,l2,1.6861260553763415,liblinear,balanced,unused,6,44,44,0.7241379310344828,0.6923076923076923,0.8380952380952381,29
22,l2,1.6861260553763415,liblinear,balanced,unused,6,45,45,0.5555555555555556,0.2857142857142857,0.808300395256917,45
22,l2,1.6861260553763415,liblinear,balanced,unused,6,46,46,0.6444444444444445,0.6521739130434783,0.725296442687747,45
22,l2,1.6861260553763415,liblinear,balanced,unused,6,47,47,0.5111111111111111,0.65625,0.6111111111111112,45
22,l2,1.6861260553763415,liblinear,balanced,unused,6,48,48,0.7647058823529411,0.75,0.9714285714285714,17
22,l2,1.6861260553763415,liblinear,balanced,unused,6,49,49,0.8444444444444444,0.8444444444444444,0.958498023715415,45
22,l2,1.6861260553763415,liblinear,balanced,unused,6,50,50,0.5111111111111111,0.21428571428571427,0.608695652173913,45
22,l2,1.6861260553763415,liblinear,balanced,unused,6,51,51,0.5777777777777777,0.17391304347826086,0.5396825396825398,45
22,l2,1.6861260553763415,liblinear,balanced,unused,6,52,52,0.7804878048780488,0.7096774193548387,0.8205741626794258,41
22,l2,1.6861260553763415,liblinear,balanced,unused,6,53,53,0.5581395348837209,0.5581395348837209,0.5692640692640694,43
22,l2,1.6861260553763415,liblinear,balanced,unused,6,54,54,0.5897435897435898,0.6521739130434783,0.782608695652174,39
22,l2,1.6861260553763415,liblinear,balanced,unused,6,55,55,0.8888888888888888,0.8837209302325582,0.924901185770751,45
22,l2,1.6861260553763415,liblinear,balanced,unused,6,56,56,0.8409090909090909,0.851063829787234,0.9111570247933884,44
22,l2,1.6861260553763415,liblinear,balanced,unused,6,57,57,0.6,0.6538461538461539,0.7083333333333334,45
22,l2,1.6861260553763415,liblinear,balanced,unused,6,58,58,0.6222222222222222,0.5405405405405406,0.6646825396825397,45
22,l2,1.6861260553763415,liblinear,balanced,unused,6,59,59,0.5333333333333333,0.08695652173913043,0.4464285714285714,45
22,l2,1.6861260553763415,liblinear,balanced,unused,6,60,60,0.7727272727272727,0.782608695652174,0.9194214876033058,44
22,l2,1.6861260553763415,liblinear,balanced,unused,6,61,61,0.7441860465116279,0.717948717948718,0.8398268398268398,43
22,l2,1.6861260553763415,liblinear,balanced,unused,6,62,62,0.9333333333333333,0.9302325581395349,0.9861660079051384,45
22,l2,1.6861260553763415,liblinear,balanced,unused,6,63,63,0.4883720930232558,0.0,0.5909090909090909,43
22,l2,1.6861260553763415,liblinear,balanced,unused,6,64,64,0.5555555555555556,0.6875,0.7786561264822134,45
22,l2,1.6861260553763415,liblinear,balanced,unused,6,65,65,0.6888888888888889,0.7407407407407407,0.7976190476190477,45
22,l2,1.6861260553763415,liblinear,balanced,unused,6,66,66,0.5333333333333333,0.6440677966101694,0.4980237154150198,45
22,l2,1.6861260553763415,liblinear,balanced,unused,6,67,67,0.5111111111111111,0.15384615384615385,0.6106719367588932,45
22,l2,1.6861260553763415,liblinear,balanced,unused,6,68,68,0.5555555555555556,0.23076923076923078,0.7351778656126482,45
22,l2,1.6861260553763415,liblinear,balanced,unused,6,69,69,0.6,0.47058823529411764,0.6527777777777778,45
22,l2,1.6861260553763415,liblinear,balanced,unused,6,70,70,0.7333333333333333,0.7,0.8577075098814229,45
22,l2,1.6861260553763415,liblinear,balanced,unused,6,71,71,0.7555555555555555,0.6857142857142857,0.9387351778656127,45
22,l2,1.6861260553763415,liblinear,balanced,unused,6,72,72,0.9333333333333333,0.9361702127659575,0.9861660079051383,45
22,l2,1.6861260553763415,liblinear,balanced,unused,6,73,73,0.5111111111111111,0.6333333333333333,0.7272727272727273,45
22,l2,1.6861260553763415,liblinear,balanced,unused,6,74,74,0.4888888888888889,0.5818181818181818,0.5674603174603174,45
22,l2,1.6861260553763415,liblinear,balanced,unused,6,75,75,0.8048780487804879,0.7894736842105263,0.9476190476190476,41
22,l2,1.6861260553763415,liblinear,balanced,unused,6,76,76,0.6,0.35714285714285715,0.6581027667984191,45
22,l2,1.6861260553763415,liblinear,balanced,unused,6,77,77,0.4444444444444444,0.5454545454545454,0.5833333333333334,45
22,l2,1.6861260553763415,liblinear,balanced,unused,6,78,78,0.4666666666666667,0.6129032258064516,0.5434782608695652,45
22,l2,1.6861260553763415,liblinear,balanced,unused,6,79,79,0.675,0.5517241379310345,0.725,40
22,l2,1.6861260553763415,liblinear,balanced,unused,6,80,80,0.5111111111111111,0.0,0.6185770750988142,45
22,l2,1.6861260553763415,liblinear,balanced,unused,6,81,81,0.4888888888888889,0.0,0.8399209486166008,45
22,l2,1.6861260553763415,liblinear,balanced,unused,6,82,82,0.5333333333333333,0.676923076923077,0.7588932806324111,45
22,l2,1.6861260553763415,liblinear,balanced,unused,6,83,83,0.5789473684210527,0.2727272727272727,0.8698060941828254,38
22,l2,1.6861260553763415,liblinear,balanced,unused,6,84,84,0.6818181818181818,0.6956521739130435,0.7494824016563147,44
22,l2,1.6861260553763415,liblinear,balanced,unused,6,85,85,0.5454545454545454,0.6774193548387096,0.9606625258799172,44
22,l2,1.6861260553763415,liblinear,balanced,unused,6,86,86,0.7727272727272727,0.75,0.8985507246376812,44
22,l2,1.6861260553763415,liblinear,balanced,unused,6,87,87,0.5111111111111111,0.6451612903225806,0.5652173913043479,45
22,l2,1.6861260553763415,liblinear,balanced,unused,6,88,88,0.509090909090909,0.3076923076923077,0.6190476190476191,55
22,l2,1.6861260553763415,liblinear,balanced,unused,6,89,89,0.6444444444444445,0.6923076923076923,0.7142857142857143,45
22,l2,1.6861260553763415,liblinear,balanced,unused,6,90,90,0.5333333333333333,0.5714285714285714,0.5573122529644268,45
22,l2,1.6861260553763415,liblinear,balanced,unused,6,91,91,0.5,0.6666666666666666,0.7623966942148761,44
22,l2,1.6861260553763415,liblinear,balanced,unused,6,92,92,0.5714285714285714,0.3684210526315789,0.6884615384615385,56
22,l2,1.6861260553763415,liblinear,balanced,unused,6,93,93,0.8888888888888888,0.8888888888888888,0.9110671936758893,45
22,l2,1.6861260553763415,liblinear,balanced,unused,6,94,94,0.9772727272727273,0.9787234042553191,1.0,44
22,l2,1.6861260553763415,liblinear,balanced,unused,6,95,95,0.39285714285714285,0.5405405405405406,0.5989583333333333,28
22,l2,1.6861260553763415,liblinear,balanced,unused,6,96,96,0.4523809523809524,0.6229508196721312,0.5419501133786848,42
22,l2,1.6861260553763415,liblinear,balanced,unused,6,97,97,0.5,0.0,0.6198347107438016,44
22,l2,1.6861260553763415,liblinear,balanced,unused,6,98,98,0.4888888888888889,0.5964912280701754,0.5335968379446641,45
22,l2,1.6861260553763415,liblinear,balanced,unused,6,99,99,0.46511627906976744,0.41025641025641024,0.5627705627705628,43
22,l2,1.6861260553763415,liblinear,balanced,unused,6,100,100,0.5277777777777778,0.5641025641025641,0.5709876543209877,36
22,l2,1.6861260553763415,liblinear,balanced,unused,6,101,101,0.4888888888888889,0.0,0.6304347826086956,45
22,l2,1.6861260553763415,liblinear,balanced,unused,6,102,102,0.7333333333333333,0.7857142857142857,0.8814229249011858,45
22,l2,1.6861260553763415,liblinear,balanced,unused,6,103,103,0.6511627906976745,0.6153846153846154,0.7965367965367965,43
22,l2,1.6861260553763415,liblinear,balanced,unused,6,104,104,0.5116279069767442,0.6440677966101694,0.48484848484848486,43
22,l2,1.6861260553763415,liblinear,balanced,unused,6,105,105,0.5333333333333333,0.16,0.5889328063241107,45
22,l2,1.6861260553763415,liblinear,balanced,unused,6,106,106,0.6222222222222222,0.6530612244897959,0.6646825396825397,45
22,l2,1.6861260553763415,liblinear,balanced,unused,6,107,107,0.5777777777777777,0.6545454545454545,0.6468253968253967,45
22,l2,1.6861260553763415,liblinear,balanced,unused,6,108,108,0.8666666666666667,0.85,0.8952569169960474,45
23,l2,5.381519278776776,liblinear,balanced,unused,6,1,1,0.7555555555555555,0.7843137254901961,0.8458498023715415,45
23,l2,5.381519278776776,liblinear,balanced,unused,6,2,2,0.7111111111111111,0.5806451612903226,0.875494071146245,45
23,l2,5.381519278776776,liblinear,balanced,unused,6,3,3,0.4666666666666667,0.4782608695652174,0.4308300395256917,45
23,l2,5.381519278776776,liblinear,balanced,unused,6,4,4,0.4888888888888889,0.6567164179104478,0.8162055335968379,45
23,l2,5.381519278776776,liblinear,balanced,unused,6,5,5,0.4888888888888889,0.6567164179104478,0.36111111111111116,45
23,l2,5.381519278776776,liblinear,balanced,unused,6,6,6,0.5333333333333333,0.0,0.494047619047619,45
23,l2,5.381519278776776,liblinear,balanced,unused,6,7,7,0.6888888888888889,0.7586206896551724,0.9881422924901186,45
23,l2,5.381519278776776,liblinear,balanced,unused,6,8,8,0.6666666666666666,0.6666666666666666,0.691699604743083,45
23,l2,5.381519278776776,liblinear,balanced,unused,6,9,9,0.5777777777777777,0.5581395348837209,0.5357142857142857,45
23,l2,5.381519278776776,liblinear,balanced,unused,6,10,10,0.6444444444444445,0.6521739130434783,0.6825396825396826,45
23,l2,5.381519278776776,liblinear,balanced,unused,6,11,11,0.5111111111111111,0.6666666666666666,0.4328063241106719,45
23,l2,5.381519278776776,liblinear,balanced,unused,6,12,12,0.6222222222222222,0.5853658536585366,0.7123015873015873,45
23,l2,5.381519278776776,liblinear,balanced,unused,6,13,13,0.8,0.8108108108108109,0.8954248366013071,35
23,l2,5.381519278776776,liblinear,balanced,unused,6,14,14,0.6666666666666666,0.7457627118644068,0.7964426877470356,45
23,l2,5.381519278776776,liblinear,balanced,unused,6,15,15,0.5555555555555556,0.6875,0.9486166007905139,45
23,l2,5.381519278776776,liblinear,balanced,unused,6,16,16,0.5333333333333333,0.6865671641791045,0.7332015810276681,45
23,l2,5.381519278776776,liblinear,balanced,unused,6,17,17,0.5238095238095238,0.0,0.5863636363636364,42
23,l2,5.381519278776776,liblinear,balanced,unused,6,18,18,0.4888888888888889,0.6461538461538462,0.41304347826086957,45
23,l2,5.381519278776776,liblinear,balanced,unused,6,19,19,0.7111111111111111,0.7719298245614035,0.841897233201581,45
23,l2,5.381519278776776,liblinear,balanced,unused,6,20,20,0.5555555555555556,0.5,0.5889328063241106,45
23,l2,5.381519278776776,liblinear,balanced,unused,6,21,21,0.5555555555555556,0.6296296296296297,0.7222222222222222,45
23,l2,5.381519278776776,liblinear,balanced,unused,6,22,22,0.5111111111111111,0.6764705882352942,0.7312252964426877,45
23,l2,5.381519278776776,liblinear,balanced,unused,6,23,23,0.6590909090909091,0.7368421052631579,0.8574380165289256,44
23,l2,5.381519278776776,liblinear,balanced,unused,6,24,24,0.5555555555555556,0.42857142857142855,0.6493506493506493,18
23,l2,5.381519278776776,liblinear,balanced,unused,6,25,25,0.6888888888888889,0.72,0.7628458498023716,45
23,l2,5.381519278776776,liblinear,balanced,unused,6,26,26,0.6222222222222222,0.711864406779661,0.7896825396825397,45
23,l2,5.381519278776776,liblinear,balanced,unused,6,27,27,0.4888888888888889,0.6567164179104478,0.5928853754940712,45
23,l2,5.381519278776776,liblinear,balanced,unused,6,28,28,0.4888888888888889,0.4888888888888889,0.5513833992094862,45
23,l2,5.381519278776776,liblinear,balanced,unused,6,29,29,0.8222222222222222,0.8461538461538461,1.0,45
23,l2,5.381519278776776,liblinear,balanced,unused,6,30,30,0.5555555555555556,0.23076923076923078,0.6746031746031745,45
23,l2,5.381519278776776,liblinear,balanced,unused,6,31,31,0.8666666666666667,0.875,0.9644268774703557,45
23,l2,5.381519278776776,liblinear,balanced,unused,6,32,32,0.7045454545454546,0.7796610169491526,0.9503105590062112,44
23,l2,5.381519278776776,liblinear,balanced,unused,6,33,33,0.7333333333333333,0.6666666666666666,0.8517786561264822,45
23,l2,5.381519278776776,liblinear,balanced,unused,6,34,34,0.8666666666666667,0.8888888888888888,0.9841269841269841,45
23,l2,5.381519278776776,liblinear,balanced,unused,6,35,35,0.6888888888888889,0.5882352941176471,0.8399209486166008,45
23,l2,5.381519278776776,liblinear,balanced,unused,6,36,36,0.36363636363636365,0.46153846153846156,0.4049586776859504,44
23,l2,5.381519278776776,liblinear,balanced,unused,6,37,37,0.5111111111111111,0.0,0.5711462450592886,45
23,l2,5.381519278776776,liblinear,balanced,unused,6,38,38,0.5333333333333333,0.43243243243243246,0.5968379446640316,45
23,l2,5.381519278776776,liblinear,balanced,unused,6,39,39,0.5,0.5,0.5196687370600415,44
23,l2,5.381519278776776,liblinear,balanced,unused,6,40,40,0.6,0.6666666666666666,0.5357142857142857,45
23,l2,5.381519278776776,liblinear,balanced,unused,6,41,41,0.7333333333333333,0.7142857142857143,0.7757936507936508,45
23,l2,5.381519278776776,liblinear,balanced,unused,6,42,42,0.9333333333333333,0.9333333333333333,0.974308300395257,45
23,l2,5.381519278776776,liblinear,balanced,unused,6,43,43,0.8,0.7567567567567568,0.9268774703557312,45
23,l2,5.381519278776776,liblinear,balanced,unused,6,44,44,0.7241379310344828,0.6923076923076923,0.8380952380952381,29
23,l2,5.381519278776776,liblinear,balanced,unused,6,45,45,0.5555555555555556,0.2857142857142857,0.808300395256917,45
23,l2,5.381519278776776,liblinear,balanced,unused,6,46,46,0.6444444444444445,0.6521739130434783,0.725296442687747,45
23,l2,5.381519278776776,liblinear,balanced,unused,6,47,47,0.5111111111111111,0.65625,0.6091269841269842,45
23,l2,5.381519278776776,liblinear,balanced,unused,6,48,48,0.7647058823529411,0.75,0.9714285714285714,17
23,l2,5.381519278776776,liblinear,balanced,unused,6,49,49,0.8444444444444444,0.8444444444444444,0.958498023715415,45
23,l2,5.381519278776776,liblinear,balanced,unused,6,50,50,0.4888888888888889,0.20689655172413793,0.608695652173913,45
23,l2,5.381519278776776,liblinear,balanced,unused,6,51,51,0.5777777777777777,0.17391304347826086,0.5396825396825398,45
23,l2,5.381519278776776,liblinear,balanced,unused,6,52,52,0.7804878048780488,0.7096774193548387,0.8205741626794258,41
23,l2,5.381519278776776,liblinear,balanced,unused,6,53,53,0.5581395348837209,0.5581395348837209,0.5692640692640694,43
23,l2,5.381519278776776,liblinear,balanced,unused,6,54,54,0.5897435897435898,0.6521739130434783,0.782608695652174,39
23,l2,5.381519278776776,liblinear,balanced,unused,6,55,55,0.8888888888888888,0.8837209302325582,0.924901185770751,45
23,l2,5.381519278776776,liblinear,balanced,unused,6,56,56,0.8409090909090909,0.851063829787234,0.9111570247933884,44
23,l2,5.381519278776776,liblinear,balanced,unused,6,57,57,0.6,0.6538461538461539,0.7083333333333334,45
23,l2,5.381519278776776,liblinear,balanced,unused,6,58,58,0.6222222222222222,0.5405405405405406,0.6646825396825397,45
23,l2,5.381519278776776,liblinear,balanced,unused,6,59,59,0.5333333333333333,0.08695652173913043,0.4464285714285714,45
23,l2,5.381519278776776,liblinear,balanced,unused,6,60,60,0.7727272727272727,0.782608695652174,0.9194214876033058,44
23,l2,5.381519278776776,liblinear,balanced,unused,6,61,61,0.7441860465116279,0.717948717948718,0.8398268398268398,43
23,l2,5.381519278776776,liblinear,balanced,unused,6,62,62,0.9333333333333333,0.9302325581395349,0.9861660079051384,45
23,l2,5.381519278776776,liblinear,balanced,unused,6,63,63,0.4883720930232558,0.0,0.5909090909090909,43
23,l2,5.381519278776776,liblinear,balanced,unused,6,64,64,0.5555555555555556,0.6875,0.7806324110671936,45
23,l2,5.381519278776776,liblinear,balanced,unused,6,65,65,0.6888888888888889,0.7407407407407407,0.7956349206349207,45
23,l2,5.381519278776776,liblinear,balanced,unused,6,66,66,0.5333333333333333,0.6440677966101694,0.4980237154150198,45
23,l2,5.381519278776776,liblinear,balanced,unused,6,67,67,0.5111111111111111,0.15384615384615385,0.6106719367588932,45
23,l2,5.381519278776776,liblinear,balanced,unused,6,68,68,0.5555555555555556,0.23076923076923078,0.733201581027668,45
23,l2,5.381519278776776,liblinear,balanced,unused,6,69,69,0.6,0.47058823529411764,0.6527777777777778,45
23,l2,5.381519278776776,liblinear,balanced,unused,6,70,70,0.7333333333333333,0.7,0.8577075098814229,45
23,l2,5.381519278776776,liblinear,balanced,unused,6,71,71,0.7555555555555555,0.6857142857142857,0.9387351778656127,45
23,l2,5.381519278776776,liblinear,balanced,unused,6,72,72,0.9333333333333333,0.9361702127659575,0.9861660079051383,45
23,l2,5.381519278776776,liblinear,balanced,unused,6,73,73,0.5111111111111111,0.6333333333333333,0.7252964426877471,45
23,l2,5.381519278776776,liblinear,balanced,unused,6,74,74,0.4888888888888889,0.5818181818181818,0.5654761904761905,45
23,l2,5.381519278776776,liblinear,balanced,unused,6,75,75,0.8048780487804879,0.7894736842105263,0.9476190476190476,41
23,l2,5.381519278776776,liblinear,balanced,unused,6,76,76,0.6,0.35714285714285715,0.6581027667984191,45
23,l2,5.381519278776776,liblinear,balanced,unused,6,77,77,0.4444444444444444,0.5454545454545454,0.5833333333333334,45
23,l2,5.381519278776776,liblinear,balanced,unused,6,78,78,0.4666666666666667,0.6129032258064516,0.5434782608695652,45
23,l2,5.381519278776776,liblinear,balanced,unused,6,79,79,0.675,0.5517241379310345,0.725,40
23,l2,5.381519278776776,liblinear,balanced,unused,6,80,80,0.5111111111111111,0.0,0.6185770750988142,45
23,l2,5.381519278776776,liblinear,balanced,unused,6,81,81,0.4888888888888889,0.0,0.8379446640316205,45
23,l2,5.381519278776776,liblinear,balanced,unused,6,82,82,0.5333333333333333,0.676923076923077,0.7588932806324111,45
23,l2,5.381519278776776,liblinear,balanced,unused,6,83,83,0.5789473684210527,0.2727272727272727,0.8698060941828254,38
23,l2,5.381519278776776,liblinear,balanced,unused,6,84,84,0.6818181818181818,0.6956521739130435,0.7494824016563147,44
23,l2,5.381519278776776,liblinear,balanced,unused,6,85,85,0.5454545454545454,0.6774193548387096,0.9606625258799172,44
23,l2,5.381519278776776,liblinear,balanced,unused,6,86,86,0.7727272727272727,0.75,0.8985507246376812,44
23,l2,5.381519278776776,liblinear,balanced,unused,6,87,87,0.5111111111111111,0.6451612903225806,0.5671936758893281,45
23,l2,5.381519278776776,liblinear,balanced,unused,6,88,88,0.509090909090909,0.3076923076923077,0.6177248677248678,55
23,l2,5.381519278776776,liblinear,balanced,unused,6,89,89,0.6444444444444445,0.6923076923076923,0.7142857142857143,45
23,l2,5.381519278776776,liblinear,balanced,unused,6,90,90,0.5333333333333333,0.5714285714285714,0.5573122529644268,45
23,l2,5.381519278776776,liblinear,balanced,unused,6,91,91,0.5,0.6666666666666666,0.7623966942148761,44
23,l2,5.381519278776776,liblinear,balanced,unused,6,92,92,0.5714285714285714,0.3684210526315789,0.6897435897435897,56
23,l2,5.381519278776776,liblinear,balanced,unused,6,93,93,0.8888888888888888,0.8888888888888888,0.9110671936758893,45
23,l2,5.381519278776776,liblinear,balanced,unused,6,94,94,0.9772727272727273,0.9787234042553191,1.0,44
23,l2,5.381519278776776,liblinear,balanced,unused,6,95,95,0.39285714285714285,0.5405405405405406,0.5989583333333333,28
23,l2,5.381519278776776,liblinear,balanced,unused,6,96,96,0.4523809523809524,0.6229508196721312,0.5419501133786848,42
23,l2,5.381519278776776,liblinear,balanced,unused,6,97,97,0.5,0.0,0.6198347107438016,44
23,l2,5.381519278776776,liblinear,balanced,unused,6,98,98,0.4888888888888889,0.5964912280701754,0.5335968379446641,45
23,l2,5.381519278776776,liblinear,balanced,unused,6,99,99,0.46511627906976744,0.41025641025641024,0.564935064935065,43
23,l2,5.381519278776776,liblinear,balanced,unused,6,100,100,0.5277777777777778,0.5641025641025641,0.5709876543209877,36
23,l2,5.381519278776776,liblinear,balanced,unused,6,101,101,0.4888888888888889,0.0,0.6324110671936758,45
23,l2,5.381519278776776,liblinear,balanced,unused,6,102,102,0.7333333333333333,0.7857142857142857,0.8814229249011858,45
23,l2,5.381519278776776,liblinear,balanced,unused,6,103,103,0.627906976744186,0.6,0.7965367965367965,43
23,l2,5.381519278776776,liblinear,balanced,unused,6,104,104,0.5116279069767442,0.6440677966101694,0.48484848484848486,43
23,l2,5.381519278776776,liblinear,balanced,unused,6,105,105,0.5333333333333333,0.16,0.5889328063241107,45
23,l2,5.381519278776776,liblinear,balanced,unused,6,106,106,0.6222222222222222,0.6530612244897959,0.6626984126984127,45
23,l2,5.381519278776776,liblinear,balanced,unused,6,107,107,0.5777777777777777,0.6545454545454545,0.6468253968253967,45
23,l2,5.381519278776776,liblinear,balanced,unused,6,108,108,0.8666666666666667,0.85,0.8952569169960474,45
24,l2,2.6509505566402503,saga,balanced,unused,6,1,1,0.7555555555555555,0.7843137254901961,0.8458498023715415,45
24,l2,2.6509505566402503,saga,balanced,unused,6,2,2,0.7111111111111111,0.5806451612903226,0.875494071146245,45
24,l2,2.6509505566402503,saga,balanced,unused,6,3,3,0.4666666666666667,0.4782608695652174,0.4308300395256917,45
24,l2,2.6509505566402503,saga,balanced,unused,6,4,4,0.4888888888888889,0.6567164179104478,0.8162055335968379,45
24,l2,2.6509505566402503,saga,balanced,unused,6,5,5,0.4888888888888889,0.6567164179104478,0.36111111111111116,45
24,l2,2.6509505566402503,saga,balanced,unused,6,6,6,0.5333333333333333,0.0,0.494047619047619,45
24,l2,2.6509505566402503,saga,balanced,unused,6,7,7,0.6888888888888889,0.7586206896551724,0.9881422924901186,45
24,l2,2.6509505566402503,saga,balanced,unused,6,8,8,0.6666666666666666,0.6666666666666666,0.691699604743083,45
24,l2,2.6509505566402503,saga,balanced,unused,6,9,9,0.5777777777777777,0.5581395348837209,0.5357142857142857,45
24,l2,2.6509505566402503,saga,balanced,unused,6,10,10,0.6444444444444445,0.6521739130434783,0.6825396825396826,45
24,l2,2.6509505566402503,saga,balanced,unused,6,11,11,0.5111111111111111,0.6666666666666666,0.4328063241106719,45
24,l2,2.6509505566402503,saga,balanced,unused,6,12,12,0.6222222222222222,0.5853658536585366,0.7123015873015873,45
24,l2,2.6509505566402503,saga,balanced,unused,6,13,13,0.8,0.8108108108108109,0.8954248366013071,35
24,l2,2.6509505566402503,saga,balanced,unused,6,14,14,0.6666666666666666,0.7457627118644068,0.7964426877470356,45
24,l2,2.6509505566402503,saga,balanced,unused,6,15,15,0.5555555555555556,0.6875,0.9505928853754941,45
24,l2,2.6509505566402503,saga,balanced,unused,6,16,16,0.5333333333333333,0.6865671641791045,0.7332015810276681,45
24,l2,2.6509505566402503,saga,balanced,unused,6,17,17,0.5238095238095238,0.0,0.5863636363636364,42
24,l2,2.6509505566402503,saga,balanced,unused,6,18,18,0.4888888888888889,0.6461538461538462,0.41304347826086957,45
24,l2,2.6509505566402503,saga,balanced,unused,6,19,19,0.7111111111111111,0.7719298245614035,0.841897233201581,45
24,l2,2.6509505566402503,saga,balanced,unused,6,20,20,0.5555555555555556,0.5,0.5889328063241106,45
24,l2,2.6509505566402503,saga,balanced,unused,6,21,21,0.5555555555555556,0.6296296296296297,0.7222222222222222,45
24,l2,2.6509505566402503,saga,balanced,unused,6,22,22,0.5111111111111111,0.6764705882352942,0.7312252964426877,45
24,l2,2.6509505566402503,saga,balanced,unused,6,23,23,0.6590909090909091,0.7368421052631579,0.8574380165289256,44
24,l2,2.6509505566402503,saga,balanced,unused,6,24,24,0.5555555555555556,0.42857142857142855,0.6493506493506493,18
24,l2,2.6509505566402503,saga,balanced,unused,6,25,25,0.6888888888888889,0.72,0.7628458498023716,45
24,l2,2.6509505566402503,saga,balanced,unused,6,26,26,0.6222222222222222,0.711864406779661,0.7896825396825397,45
24,l2,2.6509505566402503,saga,balanced,unused,6,27,27,0.4888888888888889,0.6567164179104478,0.5928853754940712,45
24,l2,2.6509505566402503,saga,balanced,unused,6,28,28,0.4888888888888889,0.4888888888888889,0.5513833992094862,45
24,l2,2.6509505566402503,saga,balanced,unused,6,29,29,0.8222222222222222,0.8461538461538461,1.0,45
24,l2,2.6509505566402503,saga,balanced,unused,6,30,30,0.5555555555555556,0.23076923076923078,0.6746031746031745,45
24,l2,2.6509505566402503,saga,balanced,unused,6,31,31,0.8666666666666667,0.875,0.9644268774703557,45
24,l2,2.6509505566402503,saga,balanced,unused,6,32,32,0.7045454545454546,0.7796610169491526,0.9503105590062112,44
24,l2,2.6509505566402503,saga,balanced,unused,6,33,33,0.7333333333333333,0.6666666666666666,0.8517786561264822,45
24,l2,2.6509505566402503,saga,balanced,unused,6,34,34,0.8666666666666667,0.8888888888888888,0.9841269841269841,45
24,l2,2.6509505566402503,saga,balanced,unused,6,35,35,0.6888888888888889,0.5882352941176471,0.8399209486166008,45
24,l2,2.6509505566402503,saga,balanced,unused,6,36,36,0.36363636363636365,0.46153846153846156,0.4049586776859504,44
24,l2,2.6509505566402503,saga,balanced,unused,6,37,37,0.5111111111111111,0.0,0.5711462450592886,45
24,l2,2.6509505566402503,saga,balanced,unused,6,38,38,0.5333333333333333,0.43243243243243246,0.5968379446640316,45
24,l2,2.6509505566402503,saga,balanced,unused,6,39,39,0.5,0.5,0.5196687370600415,44
24,l2,2.6509505566402503,saga,balanced,unused,6,40,40,0.6,0.6666666666666666,0.5357142857142857,45
24,l2,2.6509505566402503,saga,balanced,unused,6,41,41,0.7333333333333333,0.7142857142857143,0.7757936507936508,45
24,l2,2.6509505566402503,saga,balanced,unused,6,42,42,0.9333333333333333,0.9333333333333333,0.974308300395257,45
24,l2,2.6509505566402503,saga,balanced,unused,6,43,43,0.8,0.7567567567567568,0.9268774703557312,45
24,l2,2.6509505566402503,saga,balanced,unused,6,44,44,0.7241379310344828,0.6923076923076923,0.8380952380952381,29
24,l2,2.6509505566402503,saga,balanced,unused,6,45,45,0.5555555555555556,0.2857142857142857,0.808300395256917,45
24,l2,2.6509505566402503,saga,balanced,unused,6,46,46,0.6444444444444445,0.6521739130434783,0.725296442687747,45
24,l2,2.6509505566402503,saga,balanced,unused,6,47,47,0.5111111111111111,0.65625,0.6111111111111112,45
24,l2,2.6509505566402503,saga,balanced,unused,6,48,48,0.7647058823529411,0.75,0.9714285714285714,17
24,l2,2.6509505566402503,saga,balanced,unused,6,49,49,0.8444444444444444,0.8444444444444444,0.958498023715415,45
24,l2,2.6509505566402503,saga,balanced,unused,6,50,50,0.5111111111111111,0.21428571428571427,0.608695652173913,45
24,l2,2.6509505566402503,saga,balanced,unused,6,51,51,0.5777777777777777,0.17391304347826086,0.5396825396825398,45
24,l2,2.6509505566402503,saga,balanced,unused,6,52,52,0.7804878048780488,0.7096774193548387,0.8205741626794258,41
24,l2,2.6509505566402503,saga,balanced,unused,6,53,53,0.5581395348837209,0.5581395348837209,0.5692640692640694,43
24,l2,2.6509505566402503,saga,balanced,unused,6,54,54,0.5897435897435898,0.6521739130434783,0.782608695652174,39
24,l2,2.6509505566402503,saga,balanced,unused,6,55,55,0.8888888888888888,0.8837209302325582,0.924901185770751,45
24,l2,2.6509505566402503,saga,balanced,unused,6,56,56,0.8409090909090909,0.851063829787234,0.9111570247933884,44
24,l2,2.6509505566402503,saga,balanced,unused,6,57,57,0.6,0.6538461538461539,0.7083333333333334,45
24,l2,2.6509505566402503,saga,balanced,unused,6,58,58,0.6222222222222222,0.5405405405405406,0.6646825396825397,45
24,l2,2.6509505566402503,saga,balanced,unused,6,59,59,0.5333333333333333,0.08695652173913043,0.4464285714285714,45
24,l2,2.6509505566402503,saga,balanced,unused,6,60,60,0.7727272727272727,0.782608695652174,0.9194214876033058,44
24,l2,2.6509505566402503,saga,balanced,unused,6,61,61,0.7441860465116279,0.717948717948718,0.8398268398268398,43
24,l2,2.6509505566402503,saga,balanced,unused,6,62,62,0.9333333333333333,0.9302325581395349,0.9861660079051384,45
24,l2,2.6509505566402503,saga,balanced,unused,6,63,63,0.4883720930232558,0.0,0.5909090909090909,43
24,l2,2.6509505566402503,saga,balanced,unused,6,64,64,0.5555555555555556,0.6875,0.7806324110671936,45
24,l2,2.6509505566402503,saga,balanced,unused,6,65,65,0.6888888888888889,0.7407407407407407,0.7976190476190477,45
24,l2,2.6509505566402503,saga,balanced,unused,6,66,66,0.5333333333333333,0.6440677966101694,0.4980237154150198,45
24,l2,2.6509505566402503,saga,balanced,unused,6,67,67,0.5111111111111111,0.15384615384615385,0.6106719367588932,45
24,l2,2.6509505566402503,saga,balanced,unused,6,68,68,0.5555555555555556,0.23076923076923078,0.7351778656126482,45
24,l2,2.6509505566402503,saga,balanced,unused,6,69,69,0.6,0.47058823529411764,0.6527777777777778,45
24,l2,2.6509505566402503,saga,balanced,unused,6,70,70,0.7333333333333333,0.7,0.8577075098814229,45
24,l2,2.6509505566402503,saga,balanced,unused,6,71,71,0.7555555555555555,0.6857142857142857,0.9387351778656127,45
24,l2,2.6509505566402503,saga,balanced,unused,6,72,72,0.9333333333333333,0.9361702127659575,0.9861660079051383,45
24,l2,2.6509505566402503,saga,balanced,unused,6,73,73,0.5111111111111111,0.6333333333333333,0.7252964426877471,45
24,l2,2.6509505566402503,saga,balanced,unused,6,74,74,0.4888888888888889,0.5818181818181818,0.5674603174603174,45
24,l2,2.6509505566402503,saga,balanced,unused,6,75,75,0.8048780487804879,0.7894736842105263,0.9476190476190476,41
24,l2,2.6509505566402503,saga,balanced,unused,6,76,76,0.6,0.35714285714285715,0.6581027667984191,45
24,l2,2.6509505566402503,saga,balanced,unused,6,77,77,0.4444444444444444,0.5454545454545454,0.5833333333333334,45
24,l2,2.6509505566402503,saga,balanced,unused,6,78,78,0.4666666666666667,0.6129032258064516,0.5434782608695652,45
24,l2,2.6509505566402503,saga,balanced,unused,6,79,79,0.675,0.5517241379310345,0.725,40
24,l2,2.6509505566402503,saga,balanced,unused,6,80,80,0.5111111111111111,0.0,0.6185770750988142,45
24,l2,2.6509505566402503,saga,balanced,unused,6,81,81,0.4888888888888889,0.0,0.8379446640316205,45
24,l2,2.6509505566402503,saga,balanced,unused,6,82,82,0.5333333333333333,0.676923076923077,0.7588932806324111,45
24,l2,2.6509505566402503,saga,balanced,unused,6,83,83,0.5789473684210527,0.2727272727272727,0.8698060941828254,38
24,l2,2.6509505566402503,saga,balanced,unused,6,84,84,0.6818181818181818,0.6956521739130435,0.7494824016563147,44
24,l2,2.6509505566402503,saga,balanced,unused,6,85,85,0.5454545454545454,0.6774193548387096,0.9606625258799172,44
24,l2,2.6509505566402503,saga,balanced,unused,6,86,86,0.7727272727272727,0.75,0.8985507246376812,44
24,l2,2.6509505566402503,saga,balanced,unused,6,87,87,0.5111111111111111,0.6451612903225806,0.5652173913043479,45
24,l2,2.6509505566402503,saga,balanced,unused,6,88,88,0.509090909090909,0.3076923076923077,0.6177248677248678,55
24,l2,2.6509505566402503,saga,balanced,unused,6,89,89,0.6444444444444445,0.6923076923076923,0.7142857142857143,45
24,l2,2.6509505566402503,saga,balanced,unused,6,90,90,0.5333333333333333,0.5714285714285714,0.5573122529644268,45
24,l2,2.6509505566402503,saga,balanced,unused,6,91,91,0.5,0.6666666666666666,0.7623966942148761,44
24,l2,2.6509505566402503,saga,balanced,unused,6,92,92,0.5714285714285714,0.3684210526315789,0.6884615384615385,56
24,l2,2.6509505566402503,saga,balanced,unused,6,93,93,0.8888888888888888,0.8888888888888888,0.9110671936758893,45
24,l2,2.6509505566402503,saga,balanced,unused,6,94,94,0.9772727272727273,0.9787234042553191,1.0,44
24,l2,2.6509505566402503,saga,balanced,unused,6,95,95,0.39285714285714285,0.5405405405405406,0.5989583333333333,28
24,l2,2.6509505566402503,saga,balanced,unused,6,96,96,0.4523809523809524,0.6229508196721312,0.5419501133786848,42
24,l2,2.6509505566402503,saga,balanced,unused,6,97,97,0.5,0.0,0.6198347107438016,44
24,l2,2.6509505566402503,saga,balanced,unused,6,98,98,0.4888888888888889,0.5964912280701754,0.5335968379446641,45
24,l2,2.6509505566402503,saga,balanced,unused,6,99,99,0.46511627906976744,0.41025641025641024,0.564935064935065,43
24,l2,2.6509505566402503,saga,balanced,unused,6,100,100,0.5277777777777778,0.5641025641025641,0.5709876543209877,36
24,l2,2.6509505566402503,saga,balanced,unused,6,101,101,0.4888888888888889,0.0,0.6304347826086956,45
24,l2,2.6509505566402503,saga,balanced,unused,6,102,102,0.7333333333333333,0.7857142857142857,0.8814229249011858,45
24,l2,2.6509505566402503,saga,balanced,unused,6,103,103,0.627906976744186,0.6,0.7965367965367965,43
24,l2,2.6509505566402503,saga,balanced,unused,6,104,104,0.5116279069767442,0.6440677966101694,0.48484848484848486,43
24,l2,2.6509505566402503,saga,balanced,unused,6,105,105,0.5333333333333333,0.16,0.5889328063241107,45
24,l2,2.6509505566402503,saga,balanced,unused,6,106,106,0.6222222222222222,0.6530612244897959,0.6626984126984127,45
24,l2,2.6509505566402503,saga,balanced,unused,6,107,107,0.5777777777777777,0.6545454545454545,0.6468253968253967,45
24,l2,2.6509505566402503,saga,balanced,unused,6,108,108,0.8666666666666667,0.85,0.8952569169960474,45
25,l2,0.8632267864172363,lbfgs,balanced,unused,6,1,1,0.7555555555555555,0.7843137254901961,0.8458498023715415,45
25,l2,0.8632267864172363,lbfgs,balanced,unused,6,2,2,0.7111111111111111,0.5806451612903226,0.875494071146245,45
25,l2,0.8632267864172363,lbfgs,balanced,unused,6,3,3,0.4666666666666667,0.4782608695652174,0.4308300395256917,45
25,l2,0.8632267864172363,lbfgs,balanced,unused,6,4,4,0.4888888888888889,0.6567164179104478,0.8162055335968379,45
25,l2,0.8632267864172363,lbfgs,balanced,unused,6,5,5,0.4888888888888889,0.6567164179104478,0.36111111111111116,45
25,l2,0.8632267864172363,lbfgs,balanced,unused,6,6,6,0.5333333333333333,0.0,0.494047619047619,45
25,l2,0.8632267864172363,lbfgs,balanced,unused,6,7,7,0.7111111111111111,0.7719298245614035,0.9881422924901186,45
25,l2,0.8632267864172363,lbfgs,balanced,unused,6,8,8,0.6666666666666666,0.6666666666666666,0.691699604743083,45
25,l2,0.8632267864172363,lbfgs,balanced,unused,6,9,9,0.6,0.5909090909090909,0.5357142857142857,45
25,l2,0.8632267864172363,lbfgs,balanced,unused,6,10,10,0.6444444444444445,0.6521739130434783,0.6825396825396826,45
25,l2,0.8632267864172363,lbfgs,balanced,unused,6,11,11,0.5111111111111111,0.6666666666666666,0.4328063241106719,45
25,l2,0.8632267864172363,lbfgs,balanced,unused,6,12,12,0.6222222222222222,0.5853658536585366,0.7123015873015873,45
25,l2,0.8632267864172363,lbfgs,balanced,unused,6,13,13,0.8,0.8108108108108109,0.892156862745098,35
25,l2,0.8632267864172363,lbfgs,balanced,unused,6,14,14,0.6666666666666666,0.7457627118644068,0.7964426877470356,45
25,l2,0.8632267864172363,lbfgs,balanced,unused,6,15,15,0.5555555555555556,0.6875,0.9505928853754941,45
25,l2,0.8632267864172363,lbfgs,balanced,unused,6,16,16,0.5333333333333333,0.6865671641791045,0.7332015810276681,45
25,l2,0.8632267864172363,lbfgs,balanced,unused,6,17,17,0.5238095238095238,0.0,0.5886363636363636,42
25,l2,0.8632267864172363,lbfgs,balanced,unused,6,18,18,0.4888888888888889,0.6461538461538462,0.41304347826086957,45
25,l2,0.8632267864172363,lbfgs,balanced,unused,6,19,19,0.7111111111111111,0.7719298245614035,0.841897233201581,45
25,l2,0.8632267864172363,lbfgs,balanced,unused,6,20,20,0.5555555555555556,0.5,0.5869565217391304,45
25,l2,0.8632267864172363,lbfgs,balanced,unused,6,21,21,0.5555555555555556,0.6296296296296297,0.7222222222222222,45
25,l2,0.8632267864172363,lbfgs,balanced,unused,6,22,22,0.5111111111111111,0.6764705882352942,0.7312252964426877,45
25,l2,0.8632267864172363,lbfgs,balanced,unused,6,23,23,0.6590909090909091,0.7368421052631579,0.8574380165289256,44
25,l2,0.8632267864172363,lbfgs,balanced,unused,6,24,24,0.5555555555555556,0.42857142857142855,0.6493506493506493,18
25,l2,0.8632267864172363,lbfgs,balanced,unused,6,25,25,0.6888888888888889,0.72,0.7628458498023716,45
25,l2,0.8632267864172363,lbfgs,balanced,unused,6,26,26,0.6222222222222222,0.711864406779661,0.7896825396825397,45
25,l2,0.8632267864172363,lbfgs,balanced,unused,6,27,27,0.4888888888888889,0.6567164179104478,0.5948616600790514,45
25,l2,0.8632267864172363,lbfgs,balanced,unused,6,28,28,0.4888888888888889,0.4888888888888889,0.5533596837944663,45
25,l2,0.8632267864172363,lbfgs,balanced,unused,6,29,29,0.8222222222222222,0.8461538461538461,1.0,45
25,l2,0.8632267864172363,lbfgs,balanced,unused,6,30,30,0.5555555555555556,0.23076923076923078,0.6746031746031745,45
25,l2,0.8632267864172363,lbfgs,balanced,unused,6,31,31,0.8666666666666667,0.875,0.9644268774703557,45
25,l2,0.8632267864172363,lbfgs,balanced,unused,6,32,32,0.7045454545454546,0.7796610169491526,0.9503105590062112,44
25,l2,0.8632267864172363,lbfgs,balanced,unused,6,33,33,0.7333333333333333,0.6666666666666666,0.8517786561264822,45
25,l2,0.8632267864172363,lbfgs,balanced,unused,6,34,34,0.8666666666666667,0.8888888888888888,0.9841269841269841,45
25,l2,0.8632267864172363,lbfgs,balanced,unused,6,35,35,0.6888888888888889,0.5882352941176471,0.8399209486166008,45
25,l2,0.8632267864172363,lbfgs,balanced,unused,6,36,36,0.36363636363636365,0.46153846153846156,0.4049586776859504,44
25,l2,0.8632267864172363,lbfgs,balanced,unused,6,37,37,0.5111111111111111,0.0,0.5711462450592886,45
25,l2,0.8632267864172363,lbfgs,balanced,unused,6,38,38,0.5333333333333333,0.43243243243243246,0.5948616600790514,45
25,l2,0.8632267864172363,lbfgs,balanced,unused,6,39,39,0.5,0.5,0.5196687370600415,44
25,l2,0.8632267864172363,lbfgs,balanced,unused,6,40,40,0.6,0.6666666666666666,0.5357142857142857,45
25,l2,0.8632267864172363,lbfgs,balanced,unused,6,41,41,0.7333333333333333,0.7142857142857143,0.7757936507936508,45
25,l2,0.8632267864172363,lbfgs,balanced,unused,6,42,42,0.9333333333333333,0.9333333333333333,0.974308300395257,45
25,l2,0.8632267864172363,lbfgs,balanced,unused,6,43,43,0.8,0.7567567567567568,0.9288537549407114,45
25,l2,0.8632267864172363,lbfgs,balanced,unused,6,44,44,0.7241379310344828,0.6923076923076923,0.8380952380952381,29
25,l2,0.8632267864172363,lbfgs,balanced,unused,6,45,45,0.5555555555555556,0.2857142857142857,0.808300395256917,45
25,l2,0.8632267864172363,lbfgs,balanced,unused,6,46,46,0.6444444444444445,0.6521739130434783,0.725296442687747,45
25,l2,0.8632267864172363,lbfgs,balanced,unused,6,47,47,0.5111111111111111,0.65625,0.6111111111111112,45
25,l2,0.8632267864172363,lbfgs,balanced,unused,6,48,48,0.7647058823529411,0.75,0.9714285714285714,17
25,l2,0.8632267864172363,lbfgs,balanced,unused,6,49,49,0.8444444444444444,0.8444444444444444,0.958498023715415,45
25,l2,0.8632267864172363,lbfgs,balanced,unused,6,50,50,0.5111111111111111,0.21428571428571427,0.608695652173913,45
25,l2,0.8632267864172363,lbfgs,balanced,unused,6,51,51,0.5777777777777777,0.17391304347826086,0.5396825396825398,45
25,l2,0.8632267864172363,lbfgs,balanced,unused,6,52,52,0.7804878048780488,0.7096774193548387,0.8205741626794258,41
25,l2,0.8632267864172363,lbfgs,balanced,unused,6,53,53,0.5581395348837209,0.5581395348837209,0.5692640692640694,43
25,l2,0.8632267864172363,lbfgs,balanced,unused,6,54,54,0.5897435897435898,0.6521739130434783,0.782608695652174,39
25,l2,0.8632267864172363,lbfgs,balanced,unused,6,55,55,0.8888888888888888,0.8837209302325582,0.924901185770751,45
25,l2,0.8632267864172363,lbfgs,balanced,unused,6,56,56,0.8409090909090909,0.851063829787234,0.9111570247933884,44
25,l2,0.8632267864172363,lbfgs,balanced,unused,6,57,57,0.6,0.6538461538461539,0.7103174603174603,45
25,l2,0.8632267864172363,lbfgs,balanced,unused,6,58,58,0.6222222222222222,0.5405405405405406,0.6626984126984126,45
25,l2,0.8632267864172363,lbfgs,balanced,unused,6,59,59,0.5333333333333333,0.08695652173913043,0.4464285714285714,45
25,l2,0.8632267864172363,lbfgs,balanced,unused,6,60,60,0.7727272727272727,0.782608695652174,0.9194214876033058,44
25,l2,0.8632267864172363,lbfgs,balanced,unused,6,61,61,0.7209302325581395,0.7,0.8398268398268398,43
25,l2,0.8632267864172363,lbfgs,balanced,unused,6,62,62,0.9333333333333333,0.9302325581395349,0.9861660079051384,45
25,l2,0.8632267864172363,lbfgs,balanced,unused,6,63,63,0.4883720930232558,0.0,0.5909090909090909,43
25,l2,0.8632267864172363,lbfgs,balanced,unused,6,64,64,0.5555555555555556,0.6875,0.7786561264822134,45
25,l2,0.8632267864172363,lbfgs,balanced,unused,6,65,65,0.6888888888888889,0.7407407407407407,0.7976190476190477,45
25,l2,0.8632267864172363,lbfgs,balanced,unused,6,66,66,0.5333333333333333,0.6440677966101694,0.4980237154150198,45
25,l2,0.8632267864172363,lbfgs,balanced,unused,6,67,67,0.5111111111111111,0.15384615384615385,0.6086956521739131,45
25,l2,0.8632267864172363,lbfgs,balanced,unused,6,68,68,0.5555555555555556,0.23076923076923078,0.733201581027668,45
25,l2,0.8632267864172363,lbfgs,balanced,unused,6,69,69,0.6,0.47058823529411764,0.6527777777777778,45
25,l2,0.8632267864172363,lbfgs,balanced,unused,6,70,70,0.7333333333333333,0.7,0.8577075098814229,45
25,l2,0.8632267864172363,lbfgs,balanced,unused,6,71,71,0.7555555555555555,0.6857142857142857,0.9387351778656127,45
25,l2,0.8632267864172363,lbfgs,balanced,unused,6,72,72,0.9333333333333333,0.9361702127659575,0.9861660079051383,45
25,l2,0.8632267864172363,lbfgs,balanced,unused,6,73,73,0.5111111111111111,0.6333333333333333,0.7233201581027668,45
25,l2,0.8632267864172363,lbfgs,balanced,unused,6,74,74,0.4888888888888889,0.5818181818181818,0.5654761904761905,45
25,l2,0.8632267864172363,lbfgs,balanced,unused,6,75,75,0.8048780487804879,0.7894736842105263,0.9476190476190476,41
25,l2,0.8632267864172363,lbfgs,balanced,unused,6,76,76,0.6,0.35714285714285715,0.6581027667984191,45
25,l2,0.8632267864172363,lbfgs,balanced,unused,6,77,77,0.4444444444444444,0.5454545454545454,0.5833333333333334,45
25,l2,0.8632267864172363,lbfgs,balanced,unused,6,78,78,0.4666666666666667,0.6129032258064516,0.5454545454545454,45
25,l2,0.8632267864172363,lbfgs,balanced,unused,6,79,79,0.675,0.5517241379310345,0.725,40
25,l2,0.8632267864172363,lbfgs,balanced,unused,6,80,80,0.5111111111111111,0.0,0.6185770750988142,45
25,l2,0.8632267864172363,lbfgs,balanced,unused,6,81,81,0.4888888888888889,0.0,0.8399209486166008,45
25,l2,0.8632267864172363,lbfgs,balanced,unused,6,82,82,0.5333333333333333,0.676923076923077,0.7588932806324111,45
25,l2,0.8632267864172363,lbfgs,balanced,unused,6,83,83,0.5789473684210527,0.2727272727272727,0.8698060941828254,38
25,l2,0.8632267864172363,lbfgs,balanced,unused,6,84,84,0.6818181818181818,0.6956521739130435,0.7494824016563147,44
25,l2,0.8632267864172363,lbfgs,balanced,unused,6,85,85,0.5454545454545454,0.6774193548387096,0.9606625258799172,44
25,l2,0.8632267864172363,lbfgs,balanced,unused,6,86,86,0.7954545454545454,0.7804878048780488,0.8985507246376812,44
25,l2,0.8632267864172363,lbfgs,balanced,unused,6,87,87,0.5111111111111111,0.6451612903225806,0.5652173913043479,45
25,l2,0.8632267864172363,lbfgs,balanced,unused,6,88,88,0.509090909090909,0.3076923076923077,0.6190476190476191,55
25,l2,0.8632267864172363,lbfgs,balanced,unused,6,89,89,0.6444444444444445,0.6923076923076923,0.7162698412698413,45
25,l2,0.8632267864172363,lbfgs,balanced,unused,6,90,90,0.5333333333333333,0.5714285714285714,0.5553359683794467,45
25,l2,0.8632267864172363,lbfgs,balanced,unused,6,91,91,0.5,0.6666666666666666,0.7603305785123966,44
25,l2,0.8632267864172363,lbfgs,balanced,unused,6,92,92,0.5714285714285714,0.3684210526315789,0.6884615384615385,56
25,l2,0.8632267864172363,lbfgs,balanced,unused,6,93,93,0.8888888888888888,0.8888888888888888,0.9110671936758893,45
25,l2,0.8632267864172363,lbfgs,balanced,unused,6,94,94,0.9772727272727273,0.9787234042553191,1.0,44
25,l2,0.8632267864172363,lbfgs,balanced,unused,6,95,95,0.39285714285714285,0.5405405405405406,0.5989583333333333,28
25,l2,0.8632267864172363,lbfgs,balanced,unused,6,96,96,0.4523809523809524,0.6229508196721312,0.5419501133786848,42
25,l2,0.8632267864172363,lbfgs,balanced,unused,6,97,97,0.5,0.0,0.6198347107438016,44
25,l2,0.8632267864172363,lbfgs,balanced,unused,6,98,98,0.4888888888888889,0.5964912280701754,0.5335968379446641,45
25,l2,0.8632267864172363,lbfgs,balanced,unused,6,99,99,0.46511627906976744,0.41025641025641024,0.5606060606060607,43
25,l2,0.8632267864172363,lbfgs,balanced,unused,6,100,100,0.5277777777777778,0.5641025641025641,0.5709876543209877,36
25,l2,0.8632267864172363,lbfgs,balanced,unused,6,101,101,0.4888888888888889,0.0,0.6304347826086957,45
25,l2,0.8632267864172363,lbfgs,balanced,unused,6,102,102,0.7333333333333333,0.7857142857142857,0.8814229249011858,45
25,l2,0.8632267864172363,lbfgs,balanced,unused,6,103,103,0.6511627906976745,0.6153846153846154,0.7965367965367965,43
25,l2,0.8632267864172363,lbfgs,balanced,unused,6,104,104,0.5116279069767442,0.6440677966101694,0.48484848484848486,43
25,l2,0.8632267864172363,lbfgs,balanced,unused,6,105,105,0.5333333333333333,0.16,0.5889328063241107,45
25,l2,0.8632267864172363,lbfgs,balanced,unused,6,106,106,0.6222222222222222,0.6530612244897959,0.6646825396825397,45
25,l2,0.8632267864172363,lbfgs,balanced,unused,6,107,107,0.5777777777777777,0.6545454545454545,0.6468253968253967,45
25,l2,0.8632267864172363,lbfgs,balanced,unused,6,108,108,0.8666666666666667,0.85,0.8952569169960474,45
26,l2,6.3675383862378325,liblinear,balanced,unused,6,1,1,0.7555555555555555,0.7843137254901961,0.8458498023715415,45
26,l2,6.3675383862378325,liblinear,balanced,unused,6,2,2,0.7111111111111111,0.5806451612903226,0.875494071146245,45
26,l2,6.3675383862378325,liblinear,balanced,unused,6,3,3,0.4666666666666667,0.4782608695652174,0.4308300395256917,45
26,l2,6.3675383862378325,liblinear,balanced,unused,6,4,4,0.4888888888888889,0.6567164179104478,0.8162055335968379,45
26,l2,6.3675383862378325,liblinear,balanced,unused,6,5,5,0.4888888888888889,0.6567164179104478,0.36111111111111116,45
26,l2,6.3675383862378325,liblinear,balanced,unused,6,6,6,0.5333333333333333,0.0,0.494047619047619,45
26,l2,6.3675383862378325,liblinear,balanced,unused,6,7,7,0.6888888888888889,0.7586206896551724,0.9881422924901186,45
26,l2,6.3675383862378325,liblinear,balanced,unused,6,8,8,0.6666666666666666,0.6666666666666666,0.691699604743083,45
26,l2,6.3675383862378325,liblinear,balanced,unused,6,9,9,0.5777777777777777,0.5581395348837209,0.5357142857142857,45
26,l2,6.3675383862378325,liblinear,balanced,unused,6,10,10,0.6444444444444445,0.6521739130434783,0.6825396825396826,45
26,l2,6.3675383862378325,liblinear,balanced,unused,6,11,11,0.5111111111111111,0.6666666666666666,0.4328063241106719,45
26,l2,6.3675383862378325,liblinear,balanced,unused,6,12,12,0.6222222222222222,0.5853658536585366,0.7123015873015873,45
26,l2,6.3675383862378325,liblinear,balanced,unused,6,13,13,0.8,0.8108108108108109,0.8954248366013071,35
26,l2,6.3675383862378325,liblinear,balanced,unused,6,14,14,0.6666666666666666,0.7457627118644068,0.7964426877470356,45
26,l2,6.3675383862378325,liblinear,balanced,unused,6,15,15,0.5555555555555556,0.6875,0.9486166007905139,45
26,l2,6.3675383862378325,liblinear,balanced,unused,6,16,16,0.5333333333333333,0.6865671641791045,0.7332015810276681,45
26,l2,6.3675383862378325,liblinear,balanced,unused,6,17,17,0.5238095238095238,0.0,0.5863636363636364,42
26,l2,6.3675383862378325,liblinear,balanced,unused,6,18,18,0.4888888888888889,0.6461538461538462,0.41304347826086957,45
26,l2,6.3675383862378325,liblinear,balanced,unused,6,19,19,0.7111111111111111,0.7719298245614035,0.841897233201581,45
26,l2,6.3675383862378325,liblinear,balanced,unused,6,20,20,0.5555555555555556,0.5,0.5889328063241106,45
26,l2,6.3675383862378325,liblinear,balanced,unused,6,21,21,0.5555555555555556,0.6296296296296297,0.7222222222222222,45
26,l2,6.3675383862378325,liblinear,balanced,unused,6,22,22,0.5111111111111111,0.6764705882352942,0.7312252964426877,45
26,l2,6.3675383862378325,liblinear,balanced,unused,6,23,23,0.6590909090909091,0.7368421052631579,0.8574380165289256,44
26,l2,6.3675383862378325,liblinear,balanced,unused,6,24,24,0.5555555555555556,0.42857142857142855,0.6493506493506493,18
26,l2,6.3675383862378325,liblinear,balanced,unused,6,25,25,0.6888888888888889,0.72,0.7628458498023716,45
26,l2,6.3675383862378325,liblinear,balanced,unused,6,26,26,0.6222222222222222,0.711864406779661,0.7896825396825397,45
26,l2,6.3675383862378325,liblinear,balanced,unused,6,27,27,0.4888888888888889,0.6567164179104478,0.5928853754940712,45
26,l2,6.3675383862378325,liblinear,balanced,unused,6,28,28,0.4888888888888889,0.4888888888888889,0.5513833992094862,45
26,l2,6.3675383862378325,liblinear,balanced,unused,6,29,29,0.8222222222222222,0.8461538461538461,1.0,45
26,l2,6.3675383862378325,liblinear,balanced,unused,6,30,30,0.5555555555555556,0.23076923076923078,0.6746031746031745,45
26,l2,6.3675383862378325,liblinear,balanced,unused,6,31,31,0.8666666666666667,0.875,0.9644268774703557,45
26,l2,6.3675383862378325,liblinear,balanced,unused,6,32,32,0.7045454545454546,0.7796610169491526,0.9503105590062112,44
26,l2,6.3675383862378325,liblinear,balanced,unused,6,33,33,0.7333333333333333,0.6666666666666666,0.8517786561264822,45
26,l2,6.3675383862378325,liblinear,balanced,unused,6,34,34,0.8666666666666667,0.8888888888888888,0.9841269841269841,45
26,l2,6.3675383862378325,liblinear,balanced,unused,6,35,35,0.6888888888888889,0.5882352941176471,0.8399209486166008,45
26,l2,6.3675383862378325,liblinear,balanced,unused,6,36,36,0.36363636363636365,0.46153846153846156,0.4049586776859504,44
26,l2,6.3675383862378325,liblinear,balanced,unused,6,37,37,0.5111111111111111,0.0,0.5711462450592886,45
26,l2,6.3675383862378325,liblinear,balanced,unused,6,38,38,0.5333333333333333,0.43243243243243246,0.5968379446640316,45
26,l2,6.3675383862378325,liblinear,balanced,unused,6,39,39,0.5,0.5,0.5196687370600415,44
26,l2,6.3675383862378325,liblinear,balanced,unused,6,40,40,0.6,0.6666666666666666,0.5357142857142857,45
26,l2,6.3675383862378325,liblinear,balanced,unused,6,41,41,0.7333333333333333,0.7142857142857143,0.7757936507936508,45
26,l2,6.3675383862378325,liblinear,balanced,unused,6,42,42,0.9333333333333333,0.9333333333333333,0.974308300395257,45
26,l2,6.3675383862378325,liblinear,balanced,unused,6,43,43,0.8,0.7567567567567568,0.9268774703557312,45
26,l2,6.3675383862378325,liblinear,balanced,unused,6,44,44,0.7241379310344828,0.6923076923076923,0.8380952380952381,29
26,l2,6.3675383862378325,liblinear,balanced,unused,6,45,45,0.5555555555555556,0.2857142857142857,0.808300395256917,45
26,l2,6.3675383862378325,liblinear,balanced,unused,6,46,46,0.6444444444444445,0.6521739130434783,0.725296442687747,45
26,l2,6.3675383862378325,liblinear,balanced,unused,6,47,47,0.5111111111111111,0.65625,0.6091269841269842,45
26,l2,6.3675383862378325,liblinear,balanced,unused,6,48,48,0.7647058823529411,0.75,0.9714285714285714,17
26,l2,6.3675383862378325,liblinear,balanced,unused,6,49,49,0.8444444444444444,0.8444444444444444,0.958498023715415,45
26,l2,6.3675383862378325,liblinear,balanced,unused,6,50,50,0.4888888888888889,0.20689655172413793,0.608695652173913,45
26,l2,6.3675383862378325,liblinear,balanced,unused,6,51,51,0.5777777777777777,0.17391304347826086,0.5396825396825398,45
26,l2,6.3675383862378325,liblinear,balanced,unused,6,52,52,0.7804878048780488,0.7096774193548387,0.8205741626794258,41
26,l2,6.3675383862378325,liblinear,balanced,unused,6,53,53,0.5581395348837209,0.5581395348837209,0.5692640692640694,43
26,l2,6.3675383862378325,liblinear,balanced,unused,6,54,54,0.5897435897435898,0.6521739130434783,0.782608695652174,39
26,l2,6.3675383862378325,liblinear,balanced,unused,6,55,55,0.8888888888888888,0.8837209302325582,0.924901185770751,45
26,l2,6.3675383862378325,liblinear,balanced,unused,6,56,56,0.8409090909090909,0.851063829787234,0.9111570247933884,44
26,l2,6.3675383862378325,liblinear,balanced,unused,6,57,57,0.6,0.6538461538461539,0.7083333333333334,45
26,l2,6.3675383862378325,liblinear,balanced,unused,6,58,58,0.6222222222222222,0.5405405405405406,0.6646825396825397,45
26,l2,6.3675383862378325,liblinear,balanced,unused,6,59,59,0.5333333333333333,0.08695652173913043,0.4464285714285714,45
26,l2,6.3675383862378325,liblinear,balanced,unused,6,60,60,0.7727272727272727,0.782608695652174,0.9194214876033058,44
26,l2,6.3675383862378325,liblinear,balanced,unused,6,61,61,0.7441860465116279,0.717948717948718,0.8398268398268398,43
26,l2,6.3675383862378325,liblinear,balanced,unused,6,62,62,0.9333333333333333,0.9302325581395349,0.9861660079051384,45
26,l2,6.3675383862378325,liblinear,balanced,unused,6,63,63,0.4883720930232558,0.0,0.5909090909090909,43
26,l2,6.3675383862378325,liblinear,balanced,unused,6,64,64,0.5555555555555556,0.6875,0.7806324110671936,45
26,l2,6.3675383862378325,liblinear,balanced,unused,6,65,65,0.6888888888888889,0.7407407407407407,0.7956349206349207,45
26,l2,6.3675383862378325,liblinear,balanced,unused,6,66,66,0.5333333333333333,0.6440677966101694,0.4980237154150198,45
26,l2,6.3675383862378325,liblinear,balanced,unused,6,67,67,0.5111111111111111,0.15384615384615385,0.6106719367588932,45
26,l2,6.3675383862378325,liblinear,balanced,unused,6,68,68,0.5555555555555556,0.23076923076923078,0.733201581027668,45
26,l2,6.3675383862378325,liblinear,balanced,unused,6,69,69,0.6,0.47058823529411764,0.6527777777777778,45
26,l2,6.3675383862378325,liblinear,balanced,unused,6,70,70,0.7333333333333333,0.7,0.8577075098814229,45
26,l2,6.3675383862378325,liblinear,balanced,unused,6,71,71,0.7555555555555555,0.6857142857142857,0.9387351778656127,45
26,l2,6.3675383862378325,liblinear,balanced,unused,6,72,72,0.9333333333333333,0.9361702127659575,0.9861660079051383,45
26,l2,6.3675383862378325,liblinear,balanced,unused,6,73,73,0.5111111111111111,0.6333333333333333,0.7252964426877471,45
26,l2,6.3675383862378325,liblinear,balanced,unused,6,74,74,0.4888888888888889,0.5818181818181818,0.5654761904761905,45
26,l2,6.3675383862378325,liblinear,balanced,unused,6,75,75,0.8048780487804879,0.7894736842105263,0.9476190476190476,41
26,l2,6.3675383862378325,liblinear,balanced,unused,6,76,76,0.6,0.35714285714285715,0.6581027667984191,45
26,l2,6.3675383862378325,liblinear,balanced,unused,6,77,77,0.4444444444444444,0.5454545454545454,0.5833333333333334,45
26,l2,6.3675383862378325,liblinear,balanced,unused,6,78,78,0.4666666666666667,0.6129032258064516,0.5434782608695652,45
26,l2,6.3675383862378325,liblinear,balanced,unused,6,79,79,0.675,0.5517241379310345,0.725,40
26,l2,6.3675383862378325,liblinear,balanced,unused,6,80,80,0.5111111111111111,0.0,0.6185770750988142,45
26,l2,6.3675383862378325,liblinear,balanced,unused,6,81,81,0.4888888888888889,0.0,0.8379446640316205,45
26,l2,6.3675383862378325,liblinear,balanced,unused,6,82,82,0.5333333333333333,0.676923076923077,0.7588932806324111,45
26,l2,6.3675383862378325,liblinear,balanced,unused,6,83,83,0.5789473684210527,0.2727272727272727,0.8698060941828254,38
26,l2,6.3675383862378325,liblinear,balanced,unused,6,84,84,0.6818181818181818,0.6956521739130435,0.7494824016563147,44
26,l2,6.3675383862378325,liblinear,balanced,unused,6,85,85,0.5454545454545454,0.6774193548387096,0.9606625258799172,44
26,l2,6.3675383862378325,liblinear,balanced,unused,6,86,86,0.7727272727272727,0.75,0.8985507246376812,44
26,l2,6.3675383862378325,liblinear,balanced,unused,6,87,87,0.5111111111111111,0.6451612903225806,0.5671936758893281,45
26,l2,6.3675383862378325,liblinear,balanced,unused,6,88,88,0.509090909090909,0.3076923076923077,0.6177248677248678,55
26,l2,6.3675383862378325,liblinear,balanced,unused,6,89,89,0.6444444444444445,0.6923076923076923,0.7142857142857143,45
26,l2,6.3675383862378325,liblinear,balanced,unused,6,90,90,0.5333333333333333,0.5714285714285714,0.5573122529644268,45
26,l2,6.3675383862378325,liblinear,balanced,unused,6,91,91,0.5,0.6666666666666666,0.7623966942148761,44
26,l2,6.3675383862378325,liblinear,balanced,unused,6,92,92,0.5714285714285714,0.3684210526315789,0.6897435897435897,56
26,l2,6.3675383862378325,liblinear,balanced,unused,6,93,93,0.8888888888888888,0.8888888888888888,0.9110671936758893,45
26,l2,6.3675383862378325,liblinear,balanced,unused,6,94,94,0.9772727272727273,0.9787234042553191,1.0,44
26,l2,6.3675383862378325,liblinear,balanced,unused,6,95,95,0.39285714285714285,0.5405405405405406,0.5989583333333333,28
26,l2,6.3675383862378325,liblinear,balanced,unused,6,96,96,0.4523809523809524,0.6229508196721312,0.5419501133786848,42
26,l2,6.3675383862378325,liblinear,balanced,unused,6,97,97,0.5,0.0,0.6198347107438016,44
26,l2,6.3675383862378325,liblinear,balanced,unused,6,98,98,0.4888888888888889,0.5964912280701754,0.5335968379446641,45
26,l2,6.3675383862378325,liblinear,balanced,unused,6,99,99,0.46511627906976744,0.41025641025641024,0.564935064935065,43
26,l2,6.3675383862378325,liblinear,balanced,unused,6,100,100,0.5277777777777778,0.5641025641025641,0.5709876543209877,36
26,l2,6.3675383862378325,liblinear,balanced,unused,6,101,101,0.4888888888888889,0.0,0.6324110671936758,45
26,l2,6.3675383862378325,liblinear,balanced,unused,6,102,102,0.7333333333333333,0.7857142857142857,0.8814229249011858,45
26,l2,6.3675383862378325,liblinear,balanced,unused,6,103,103,0.627906976744186,0.6,0.7965367965367965,43
26,l2,6.3675383862378325,liblinear,balanced,unused,6,104,104,0.5116279069767442,0.6440677966101694,0.48484848484848486,43
26,l2,6.3675383862378325,liblinear,balanced,unused,6,105,105,0.5333333333333333,0.16,0.5889328063241107,45
26,l2,6.3675383862378325,liblinear,balanced,unused,6,106,106,0.6222222222222222,0.6530612244897959,0.6626984126984127,45
26,l2,6.3675383862378325,liblinear,balanced,unused,6,107,107,0.5777777777777777,0.6545454545454545,0.6468253968253967,45
26,l2,6.3675383862378325,liblinear,balanced,unused,6,108,108,0.8666666666666667,0.85,0.8952569169960474,45
27,l1,2.931058169394587,saga,balanced,unused,6,1,1,0.7555555555555555,0.7843137254901961,0.8458498023715415,45
27,l1,2.931058169394587,saga,balanced,unused,6,2,2,0.7111111111111111,0.5806451612903226,0.875494071146245,45
27,l1,2.931058169394587,saga,balanced,unused,6,3,3,0.4666666666666667,0.4782608695652174,0.4308300395256917,45
27,l1,2.931058169394587,saga,balanced,unused,6,4,4,0.4888888888888889,0.6567164179104478,0.8142292490118577,45
27,l1,2.931058169394587,saga,balanced,unused,6,5,5,0.4888888888888889,0.6567164179104478,0.36111111111111116,45
27,l1,2.931058169394587,saga,balanced,unused,6,6,6,0.5333333333333333,0.0,0.494047619047619,45
27,l1,2.931058169394587,saga,balanced,unused,6,7,7,0.7111111111111111,0.7719298245614035,0.9881422924901186,45
27,l1,2.931058169394587,saga,balanced,unused,6,8,8,0.6666666666666666,0.6666666666666666,0.691699604743083,45
27,l1,2.931058169394587,saga,balanced,unused,6,9,9,0.6222222222222222,0.6046511627906976,0.5376984126984128,45
27,l1,2.931058169394587,saga,balanced,unused,6,10,10,0.6444444444444445,0.6521739130434783,0.6825396825396826,45
27,l1,2.931058169394587,saga,balanced,unused,6,11,11,0.5111111111111111,0.6666666666666666,0.4328063241106719,45
27,l1,2.931058169394587,saga,balanced,unused,6,12,12,0.6222222222222222,0.5853658536585366,0.7123015873015873,45
27,l1,2.931058169394587,saga,balanced,unused,6,13,13,0.8,0.8108108108108109,0.8954248366013071,35
27,l1,2.931058169394587,saga,balanced,unused,6,14,14,0.6666666666666666,0.7457627118644068,0.7964426877470356,45
27,l1,2.931058169394587,saga,balanced,unused,6,15,15,0.5555555555555556,0.6875,0.9505928853754941,45
27,l1,2.931058169394587,saga,balanced,unused,6,16,16,0.5333333333333333,0.6865671641791045,0.7332015810276681,45
27,l1,2.931058169394587,saga,balanced,unused,6,17,17,0.5238095238095238,0.0,0.5886363636363636,42
27,l1,2.931058169394587,saga,balanced,unused,6,18,18,0.4888888888888889,0.6461538461538462,0.4150197628458498,45
27,l1,2.931058169394587,saga,balanced,unused,6,19,19,0.7111111111111111,0.7719298245614035,0.841897233201581,45
27,l1,2.931058169394587,saga,balanced,unused,6,20,20,0.5555555555555556,0.5,0.5889328063241106,45
27,l1,2.931058169394587,saga,balanced,unused,6,21,21,0.5555555555555556,0.6296296296296297,0.7222222222222222,45
27,l1,2.931058169394587,saga,balanced,unused,6,22,22,0.5111111111111111,0.6764705882352942,0.7312252964426877,45
27,l1,2.931058169394587,saga,balanced,unused,6,23,23,0.6590909090909091,0.7368421052631579,0.8574380165289256,44
27,l1,2.931058169394587,saga,balanced,unused,6,24,24,0.5555555555555556,0.42857142857142855,0.6493506493506493,18
27,l1,2.931058169394587,saga,balanced,unused,6,25,25,0.6888888888888889,0.72,0.7628458498023716,45
27,l1,2.931058169394587,saga,balanced,unused,6,26,26,0.6222222222222222,0.711864406779661,0.7896825396825397,45
27,l1,2.931058169394587,saga,balanced,unused,6,27,27,0.4888888888888889,0.6567164179104478,0.5928853754940712,45
27,l1,2.931058169394587,saga,balanced,unused,6,28,28,0.4888888888888889,0.4888888888888889,0.5513833992094862,45
27,l1,2.931058169394587,saga,balanced,unused,6,29,29,0.8222222222222222,0.8461538461538461,1.0,45
27,l1,2.931058169394587,saga,balanced,unused,6,30,30,0.5555555555555556,0.23076923076923078,0.6746031746031745,45
27,l1,2.931058169394587,saga,balanced,unused,6,31,31,0.8666666666666667,0.875,0.9644268774703557,45
27,l1,2.931058169394587,saga,balanced,unused,6,32,32,0.7045454545454546,0.7796610169491526,0.9503105590062112,44
27,l1,2.931058169394587,saga,balanced,unused,6,33,33,0.7333333333333333,0.6666666666666666,0.8517786561264822,45
27,l1,2.931058169394587,saga,balanced,unused,6,34,34,0.8666666666666667,0.8888888888888888,0.9841269841269841,45
27,l1,2.931058169394587,saga,balanced,unused,6,35,35,0.6888888888888889,0.5882352941176471,0.8399209486166008,45
27,l1,2.931058169394587,saga,balanced,unused,6,36,36,0.36363636363636365,0.46153846153846156,0.4049586776859504,44
27,l1,2.931058169394587,saga,balanced,unused,6,37,37,0.5111111111111111,0.0,0.5711462450592886,45
27,l1,2.931058169394587,saga,balanced,unused,6,38,38,0.5333333333333333,0.43243243243243246,0.5968379446640316,45
27,l1,2.931058169394587,saga,balanced,unused,6,39,39,0.5,0.5,0.5196687370600415,44
27,l1,2.931058169394587,saga,balanced,unused,6,40,40,0.6,0.6666666666666666,0.5357142857142857,45
27,l1,2.931058169394587,saga,balanced,unused,6,41,41,0.7333333333333333,0.7142857142857143,0.7757936507936508,45
27,l1,2.931058169394587,saga,balanced,unused,6,42,42,0.9333333333333333,0.9333333333333333,0.974308300395257,45
27,l1,2.931058169394587,saga,balanced,unused,6,43,43,0.8,0.7567567567567568,0.9268774703557312,45
27,l1,2.931058169394587,saga,balanced,unused,6,44,44,0.7241379310344828,0.6923076923076923,0.8380952380952381,29
27,l1,2.931058169394587,saga,balanced,unused,6,45,45,0.5555555555555556,0.2857142857142857,0.808300395256917,45
27,l1,2.931058169394587,saga,balanced,unused,6,46,46,0.6444444444444445,0.6521739130434783,0.725296442687747,45
27,l1,2.931058169394587,saga,balanced,unused,6,47,47,0.5111111111111111,0.65625,0.6111111111111112,45
27,l1,2.931058169394587,saga,balanced,unused,6,48,48,0.7647058823529411,0.75,0.9714285714285714,17
27,l1,2.931058169394587,saga,balanced,unused,6,49,49,0.8444444444444444,0.8444444444444444,0.958498023715415,45
27,l1,2.931058169394587,saga,balanced,unused,6,50,50,0.5111111111111111,0.21428571428571427,0.608695652173913,45
27,l1,2.931058169394587,saga,balanced,unused,6,51,51,0.5777777777777777,0.17391304347826086,0.5396825396825398,45
27,l1,2.931058169394587,saga,balanced,unused,6,52,52,0.7804878048780488,0.7096774193548387,0.8205741626794258,41
27,l1,2.931058169394587,saga,balanced,unused,6,53,53,0.5581395348837209,0.5581395348837209,0.5692640692640694,43
27,l1,2.931058169394587,saga,balanced,unused,6,54,54,0.5897435897435898,0.6521739130434783,0.782608695652174,39
27,l1,2.931058169394587,saga,balanced,unused,6,55,55,0.8888888888888888,0.8837209302325582,0.9268774703557312,45
27,l1,2.931058169394587,saga,balanced,unused,6,56,56,0.8409090909090909,0.851063829787234,0.9111570247933884,44
27,l1,2.931058169394587,saga,balanced,unused,6,57,57,0.6,0.6538461538461539,0.7083333333333334,45
27,l1,2.931058169394587,saga,balanced,unused,6,58,58,0.6222222222222222,0.5405405405405406,0.6646825396825397,45
27,l1,2.931058169394587,saga,balanced,unused,6,59,59,0.5333333333333333,0.08695652173913043,0.4464285714285714,45
27,l1,2.931058169394587,saga,balanced,unused,6,60,60,0.7727272727272727,0.782608695652174,0.9194214876033058,44
27,l1,2.931058169394587,saga,balanced,unused,6,61,61,0.7209302325581395,0.7,0.8398268398268398,43
27,l1,2.931058169394587,saga,balanced,unused,6,62,62,0.9333333333333333,0.9302325581395349,0.9861660079051384,45
27,l1,2.931058169394587,saga,balanced,unused,6,63,63,0.4883720930232558,0.0,0.5909090909090909,43
27,l1,2.931058169394587,saga,balanced,unused,6,64,64,0.5555555555555556,0.6875,0.7786561264822134,45
27,l1,2.931058169394587,saga,balanced,unused,6,65,65,0.6888888888888889,0.7407407407407407,0.7956349206349207,45
27,l1,2.931058169394587,saga,balanced,unused,6,66,66,0.5333333333333333,0.6440677966101694,0.4980237154150198,45
27,l1,2.931058169394587,saga,balanced,unused,6,67,67,0.5111111111111111,0.15384615384615385,0.6106719367588932,45
27,l1,2.931058169394587,saga,balanced,unused,6,68,68,0.5555555555555556,0.23076923076923078,0.7312252964426876,45
27,l1,2.931058169394587,saga,balanced,unused,6,69,69,0.6,0.47058823529411764,0.6527777777777778,45
27,l1,2.931058169394587,saga,balanced,unused,6,70,70,0.7333333333333333,0.7,0.8577075098814229,45
27,l1,2.931058169394587,saga,balanced,unused,6,71,71,0.7555555555555555,0.6857142857142857,0.9387351778656127,45
27,l1,2.931058169394587,saga,balanced,unused,6,72,72,0.9333333333333333,0.9361702127659575,0.9841897233201581,45
27,l1,2.931058169394587,saga,balanced,unused,6,73,73,0.5111111111111111,0.6333333333333333,0.7252964426877471,45
27,l1,2.931058169394587,saga,balanced,unused,6,74,74,0.4888888888888889,0.5818181818181818,0.5634920634920635,45
27,l1,2.931058169394587,saga,balanced,unused,6,75,75,0.8048780487804879,0.7894736842105263,0.9476190476190476,41
27,l1,2.931058169394587,saga,balanced,unused,6,76,76,0.6,0.35714285714285715,0.6581027667984191,45
27,l1,2.931058169394587,saga,balanced,unused,6,77,77,0.4444444444444444,0.5454545454545454,0.5833333333333334,45
27,l1,2.931058169394587,saga,balanced,unused,6,78,78,0.4666666666666667,0.6129032258064516,0.5434782608695652,45
27,l1,2.931058169394587,saga,balanced,unused,6,79,79,0.675,0.5517241379310345,0.725,40
27,l1,2.931058169394587,saga,balanced,unused,6,80,80,0.5111111111111111,0.0,0.6185770750988142,45
27,l1,2.931058169394587,saga,balanced,unused,6,81,81,0.4888888888888889,0.0,0.8399209486166008,45
27,l1,2.931058169394587,saga,balanced,unused,6,82,82,0.5333333333333333,0.676923076923077,0.7588932806324111,45
27,l1,2.931058169394587,saga,balanced,unused,6,83,83,0.5789473684210527,0.2727272727272727,0.8698060941828254,38
27,l1,2.931058169394587,saga,balanced,unused,6,84,84,0.6818181818181818,0.6956521739130435,0.7494824016563147,44
27,l1,2.931058169394587,saga,balanced,unused,6,85,85,0.5454545454545454,0.6774193548387096,0.9606625258799172,44
27,l1,2.931058169394587,saga,balanced,unused,6,86,86,0.7727272727272727,0.75,0.8985507246376812,44
27,l1,2.931058169394587,saga,balanced,unused,6,87,87,0.5111111111111111,0.6451612903225806,0.5632411067193677,45
27,l1,2.931058169394587,saga,balanced,unused,6,88,88,0.509090909090909,0.3076923076923077,0.6190476190476191,55
27,l1,2.931058169394587,saga,balanced,unused,6,89,89,0.6444444444444445,0.6923076923076923,0.7162698412698413,45
27,l1,2.931058169394587,saga,balanced,unused,6,90,90,0.5333333333333333,0.5714285714285714,0.5553359683794467,45
27,l1,2.931058169394587,saga,balanced,unused,6,91,91,0.5,0.6666666666666666,0.7623966942148761,44
27,l1,2.931058169394587,saga,balanced,unused,6,92,92,0.5714285714285714,0.3684210526315789,0.6884615384615385,56
27,l1,2.931058169394587,saga,balanced,unused,6,93,93,0.8888888888888888,0.8888888888888888,0.9110671936758893,45
27,l1,2.931058169394587,saga,balanced,unused,6,94,94,0.9772727272727273,0.9787234042553191,1.0,44
27,l1,2.931058169394587,saga,balanced,unused,6,95,95,0.39285714285714285,0.5405405405405406,0.5989583333333333,28
27,l1,2.931058169394587,saga,balanced,unused,6,96,96,0.4523809523809524,0.6229508196721312,0.5419501133786848,42
27,l1,2.931058169394587,saga,balanced,unused,6,97,97,0.5,0.0,0.6198347107438016,44
27,l1,2.931058169394587,saga,balanced,unused,6,98,98,0.4888888888888889,0.5964912280701754,0.5335968379446641,45
27,l1,2.931058169394587,saga,balanced,unused,6,99,99,0.46511627906976744,0.41025641025641024,0.5606060606060607,43
27,l1,2.931058169394587,saga,balanced,unused,6,100,100,0.5277777777777778,0.5641025641025641,0.5709876543209877,36
27,l1,2.931058169394587,saga,balanced,unused,6,101,101,0.4888888888888889,0.0,0.6304347826086956,45
27,l1,2.931058169394587,saga,balanced,unused,6,102,102,0.7333333333333333,0.7857142857142857,0.8814229249011858,45
27,l1,2.931058169394587,saga,balanced,unused,6,103,103,0.6511627906976745,0.6153846153846154,0.7965367965367965,43
27,l1,2.931058169394587,saga,balanced,unused,6,104,104,0.5116279069767442,0.6440677966101694,0.48484848484848486,43
27,l1,2.931058169394587,saga,balanced,unused,6,105,105,0.5333333333333333,0.16,0.5889328063241107,45
27,l1,2.931058169394587,saga,balanced,unused,6,106,106,0.6222222222222222,0.6530612244897959,0.6646825396825397,45
27,l1,2.931058169394587,saga,balanced,unused,6,107,107,0.5777777777777777,0.6545454545454545,0.6448412698412699,45
27,l1,2.931058169394587,saga,balanced,unused,6,108,108,0.8666666666666667,0.85,0.8952569169960474,45
28,l2,1.4374796359270783,liblinear,balanced,unused,6,1,1,0.7555555555555555,0.7843137254901961,0.8458498023715415,45
28,l2,1.4374796359270783,liblinear,balanced,unused,6,2,2,0.7111111111111111,0.5806451612903226,0.875494071146245,45
28,l2,1.4374796359270783,liblinear,balanced,unused,6,3,3,0.4666666666666667,0.4782608695652174,0.4308300395256917,45
28,l2,1.4374796359270783,liblinear,balanced,unused,6,4,4,0.4888888888888889,0.6567164179104478,0.8162055335968379,45
28,l2,1.4374796359270783,liblinear,balanced,unused,6,5,5,0.4888888888888889,0.6567164179104478,0.36111111111111116,45
28,l2,1.4374796359270783,liblinear,balanced,unused,6,6,6,0.5333333333333333,0.0,0.494047619047619,45
28,l2,1.4374796359270783,liblinear,balanced,unused,6,7,7,0.7111111111111111,0.7719298245614035,0.9881422924901186,45
28,l2,1.4374796359270783,liblinear,balanced,unused,6,8,8,0.6666666666666666,0.6666666666666666,0.691699604743083,45
28,l2,1.4374796359270783,liblinear,balanced,unused,6,9,9,0.6,0.5909090909090909,0.5357142857142857,45
28,l2,1.4374796359270783,liblinear,balanced,unused,6,10,10,0.6444444444444445,0.6521739130434783,0.6825396825396826,45
28,l2,1.4374796359270783,liblinear,balanced,unused,6,11,11,0.5111111111111111,0.6666666666666666,0.4328063241106719,45
28,l2,1.4374796359270783,liblinear,balanced,unused,6,12,12,0.6222222222222222,0.5853658536585366,0.7123015873015873,45
28,l2,1.4374796359270783,liblinear,balanced,unused,6,13,13,0.8,0.8108108108108109,0.8954248366013071,35
28,l2,1.4374796359270783,liblinear,balanced,unused,6,14,14,0.6666666666666666,0.7457627118644068,0.7964426877470356,45
28,l2,1.4374796359270783,liblinear,balanced,unused,6,15,15,0.5555555555555556,0.6875,0.9505928853754941,45
28,l2,1.4374796359270783,liblinear,balanced,unused,6,16,16,0.5333333333333333,0.6865671641791045,0.7332015810276681,45
28,l2,1.4374796359270783,liblinear,balanced,unused,6,17,17,0.5238095238095238,0.0,0.5863636363636364,42
28,l2,1.4374796359270783,liblinear,balanced,unused,6,18,18,0.4888888888888889,0.6461538461538462,0.41304347826086957,45
28,l2,1.4374796359270783,liblinear,balanced,unused,6,19,19,0.7111111111111111,0.7719298245614035,0.841897233201581,45
28,l2,1.4374796359270783,liblinear,balanced,unused,6,20,20,0.5555555555555556,0.5,0.5889328063241106,45
28,l2,1.4374796359270783,liblinear,balanced,unused,6,21,21,0.5555555555555556,0.6296296296296297,0.7222222222222222,45
28,l2,1.4374796359270783,liblinear,balanced,unused,6,22,22,0.5111111111111111,0.6764705882352942,0.733201581027668,45
28,l2,1.4374796359270783,liblinear,balanced,unused,6,23,23,0.6590909090909091,0.7368421052631579,0.8574380165289256,44
28,l2,1.4374796359270783,liblinear,balanced,unused,6,24,24,0.5555555555555556,0.42857142857142855,0.6493506493506493,18
28,l2,1.4374796359270783,liblinear,balanced,unused,6,25,25,0.6888888888888889,0.72,0.7628458498023716,45
28,l2,1.4374796359270783,liblinear,balanced,unused,6,26,26,0.6222222222222222,0.711864406779661,0.7896825396825397,45
28,l2,1.4374796359270783,liblinear,balanced,unused,6,27,27,0.4888888888888889,0.6567164179104478,0.5948616600790514,45
28,l2,1.4374796359270783,liblinear,balanced,unused,6,28,28,0.4888888888888889,0.4888888888888889,0.5533596837944663,45
28,l2,1.4374796359270783,liblinear,balanced,unused,6,29,29,0.8222222222222222,0.8461538461538461,1.0,45
28,l2,1.4374796359270783,liblinear,balanced,unused,6,30,30,0.5555555555555556,0.23076923076923078,0.6746031746031745,45
28,l2,1.4374796359270783,liblinear,balanced,unused,6,31,31,0.8666666666666667,0.875,0.9644268774703557,45
28,l2,1.4374796359270783,liblinear,balanced,unused,6,32,32,0.7045454545454546,0.7796610169491526,0.9503105590062112,44
28,l2,1.4374796359270783,liblinear,balanced,unused,6,33,33,0.7333333333333333,0.6666666666666666,0.8517786561264822,45
28,l2,1.4374796359270783,liblinear,balanced,unused,6,34,34,0.8666666666666667,0.8888888888888888,0.9841269841269841,45
28,l2,1.4374796359270783,liblinear,balanced,unused,6,35,35,0.6888888888888889,0.5882352941176471,0.8399209486166008,45
28,l2,1.4374796359270783,liblinear,balanced,unused,6,36,36,0.36363636363636365,0.46153846153846156,0.4049586776859504,44
28,l2,1.4374796359270783,liblinear,balanced,unused,6,37,37,0.5111111111111111,0.0,0.5711462450592886,45
28,l2,1.4374796359270783,liblinear,balanced,unused,6,38,38,0.5333333333333333,0.43243243243243246,0.5948616600790514,45
28,l2,1.4374796359270783,liblinear,balanced,unused,6,39,39,0.5,0.5,0.5196687370600415,44
28,l2,1.4374796359270783,liblinear,balanced,unused,6,40,40,0.6,0.6666666666666666,0.5357142857142857,45
28,l2,1.4374796359270783,liblinear,balanced,unused,6,41,41,0.7333333333333333,0.7142857142857143,0.7757936507936508,45
28,l2,1.4374796359270783,liblinear,balanced,unused,6,42,42,0.9333333333333333,0.9333333333333333,0.974308300395257,45
28,l2,1.4374796359270783,liblinear,balanced,unused,6,43,43,0.8,0.7567567567567568,0.9268774703557312,45
28,l2,1.4374796359270783,liblinear,balanced,unused,6,44,44,0.7241379310344828,0.6923076923076923,0.8380952380952381,29
28,l2,1.4374796359270783,liblinear,balanced,unused,6,45,45,0.5555555555555556,0.2857142857142857,0.808300395256917,45
28,l2,1.4374796359270783,liblinear,balanced,unused,6,46,46,0.6444444444444445,0.6521739130434783,0.725296442687747,45
28,l2,1.4374796359270783,liblinear,balanced,unused,6,47,47,0.5111111111111111,0.65625,0.6111111111111112,45
28,l2,1.4374796359270783,liblinear,balanced,unused,6,48,48,0.7647058823529411,0.75,0.9714285714285714,17
28,l2,1.4374796359270783,liblinear,balanced,unused,6,49,49,0.8444444444444444,0.8444444444444444,0.958498023715415,45
28,l2,1.4374796359270783,liblinear,balanced,unused,6,50,50,0.5111111111111111,0.21428571428571427,0.608695652173913,45
28,l2,1.4374796359270783,liblinear,balanced,unused,6,51,51,0.5777777777777777,0.17391304347826086,0.5396825396825398,45
28,l2,1.4374796359270783,liblinear,balanced,unused,6,52,52,0.7804878048780488,0.7096774193548387,0.8205741626794258,41
28,l2,1.4374796359270783,liblinear,balanced,unused,6,53,53,0.5581395348837209,0.5581395348837209,0.5692640692640694,43
28,l2,1.4374796359270783,liblinear,balanced,unused,6,54,54,0.5897435897435898,0.6521739130434783,0.782608695652174,39
28,l2,1.4374796359270783,liblinear,balanced,unused,6,55,55,0.8888888888888888,0.8837209302325582,0.924901185770751,45
28,l2,1.4374796359270783,liblinear,balanced,unused,6,56,56,0.8409090909090909,0.851063829787234,0.9111570247933884,44
28,l2,1.4374796359270783,liblinear,balanced,unused,6,57,57,0.6,0.6538461538461539,0.7083333333333334,45
28,l2,1.4374796359270783,liblinear,balanced,unused,6,58,58,0.6222222222222222,0.5405405405405406,0.6646825396825397,45
28,l2,1.4374796359270783,liblinear,balanced,unused,6,59,59,0.5333333333333333,0.08695652173913043,0.4464285714285714,45
28,l2,1.4374796359270783,liblinear,balanced,unused,6,60,60,0.7727272727272727,0.782608695652174,0.9194214876033058,44
28,l2,1.4374796359270783,liblinear,balanced,unused,6,61,61,0.7441860465116279,0.717948717948718,0.8398268398268398,43
28,l2,1.4374796359270783,liblinear,balanced,unused,6,62,62,0.9333333333333333,0.9302325581395349,0.9861660079051384,45
28,l2,1.4374796359270783,liblinear,balanced,unused,6,63,63,0.4883720930232558,0.0,0.5909090909090909,43
28,l2,1.4374796359270783,liblinear,balanced,unused,6,64,64,0.5555555555555556,0.6875,0.7786561264822134,45
28,l2,1.4374796359270783,liblinear,balanced,unused,6,65,65,0.6888888888888889,0.7407407407407407,0.7976190476190477,45
28,l2,1.4374796359270783,liblinear,balanced,unused,6,66,66,0.5333333333333333,0.6440677966101694,0.4980237154150198,45
28,l2,1.4374796359270783,liblinear,balanced,unused,6,67,67,0.5111111111111111,0.15384615384615385,0.6106719367588932,45
28,l2,1.4374796359270783,liblinear,balanced,unused,6,68,68,0.5555555555555556,0.23076923076923078,0.7351778656126482,45
28,l2,1.4374796359270783,liblinear,balanced,unused,6,69,69,0.6,0.47058823529411764,0.6527777777777778,45
28,l2,1.4374796359270783,liblinear,balanced,unused,6,70,70,0.7333333333333333,0.7,0.8577075098814229,45
28,l2,1.4374796359270783,liblinear,balanced,unused,6,71,71,0.7555555555555555,0.6857142857142857,0.9387351778656127,45
28,l2,1.4374796359270783,liblinear,balanced,unused,6,72,72,0.9333333333333333,0.9361702127659575,0.9861660079051383,45
28,l2,1.4374796359270783,liblinear,balanced,unused,6,73,73,0.5111111111111111,0.6333333333333333,0.7272727272727273,45
28,l2,1.4374796359270783,liblinear,balanced,unused,6,74,74,0.4888888888888889,0.5818181818181818,0.5654761904761905,45
28,l2,1.4374796359270783,liblinear,balanced,unused,6,75,75,0.8048780487804879,0.7894736842105263,0.9476190476190476,41
28,l2,1.4374796359270783,liblinear,balanced,unused,6,76,76,0.6,0.35714285714285715,0.6581027667984191,45
28,l2,1.4374796359270783,liblinear,balanced,unused,6,77,77,0.4444444444444444,0.5454545454545454,0.5833333333333334,45
28,l2,1.4374796359270783,liblinear,balanced,unused,6,78,78,0.4666666666666667,0.6129032258064516,0.5434782608695652,45
28,l2,1.4374796359270783,liblinear,balanced,unused,6,79,79,0.675,0.5517241379310345,0.725,40
28,l2,1.4374796359270783,liblinear,balanced,unused,6,80,80,0.5111111111111111,0.0,0.6185770750988142,45
28,l2,1.4374796359270783,liblinear,balanced,unused,6,81,81,0.4888888888888889,0.0,0.8399209486166008,45
28,l2,1.4374796359270783,liblinear,balanced,unused,6,82,82,0.5333333333333333,0.676923076923077,0.7588932806324111,45
28,l2,1.4374796359270783,liblinear,balanced,unused,6,83,83,0.5789473684210527,0.2727272727272727,0.8698060941828254,38
28,l2,1.4374796359270783,liblinear,balanced,unused,6,84,84,0.6818181818181818,0.6956521739130435,0.7494824016563147,44
28,l2,1.4374796359270783,liblinear,balanced,unused,6,85,85,0.5454545454545454,0.6774193548387096,0.9606625258799172,44
28,l2,1.4374796359270783,liblinear,balanced,unused,6,86,86,0.7727272727272727,0.75,0.8985507246376812,44
28,l2,1.4374796359270783,liblinear,balanced,unused,6,87,87,0.5111111111111111,0.6451612903225806,0.5652173913043479,45
28,l2,1.4374796359270783,liblinear,balanced,unused,6,88,88,0.509090909090909,0.3076923076923077,0.6190476190476191,55
28,l2,1.4374796359270783,liblinear,balanced,unused,6,89,89,0.6444444444444445,0.6923076923076923,0.7142857142857143,45
28,l2,1.4374796359270783,liblinear,balanced,unused,6,90,90,0.5333333333333333,0.5714285714285714,0.5573122529644268,45
28,l2,1.4374796359270783,liblinear,balanced,unused,6,91,91,0.5,0.6666666666666666,0.7623966942148761,44
28,l2,1.4374796359270783,liblinear,balanced,unused,6,92,92,0.5714285714285714,0.3684210526315789,0.6884615384615385,56
28,l2,1.4374796359270783,liblinear,balanced,unused,6,93,93,0.8888888888888888,0.8888888888888888,0.9110671936758893,45
28,l2,1.4374796359270783,liblinear,balanced,unused,6,94,94,0.9772727272727273,0.9787234042553191,1.0,44
28,l2,1.4374796359270783,liblinear,balanced,unused,6,95,95,0.39285714285714285,0.5405405405405406,0.5989583333333333,28
28,l2,1.4374796359270783,liblinear,balanced,unused,6,96,96,0.4523809523809524,0.6229508196721312,0.5419501133786848,42
28,l2,1.4374796359270783,liblinear,balanced,unused,6,97,97,0.5,0.0,0.6198347107438016,44
28,l2,1.4374796359270783,liblinear,balanced,unused,6,98,98,0.4888888888888889,0.5964912280701754,0.5335968379446641,45
28,l2,1.4374796359270783,liblinear,balanced,unused,6,99,99,0.46511627906976744,0.41025641025641024,0.5627705627705628,43
28,l2,1.4374796359270783,liblinear,balanced,unused,6,100,100,0.5277777777777778,0.5641025641025641,0.5709876543209877,36
28,l2,1.4374796359270783,liblinear,balanced,unused,6,101,101,0.4888888888888889,0.0,0.6304347826086956,45
28,l2,1.4374796359270783,liblinear,balanced,unused,6,102,102,0.7333333333333333,0.7857142857142857,0.8814229249011858,45
28,l2,1.4374796359270783,liblinear,balanced,unused,6,103,103,0.6511627906976745,0.6153846153846154,0.7965367965367965,43
28,l2,1.4374796359270783,liblinear,balanced,unused,6,104,104,0.5116279069767442,0.6440677966101694,0.48484848484848486,43
28,l2,1.4374796359270783,liblinear,balanced,unused,6,105,105,0.5333333333333333,0.16,0.5889328063241107,45
28,l2,1.4374796359270783,liblinear,balanced,unused,6,106,106,0.6222222222222222,0.6530612244897959,0.6646825396825397,45
28,l2,1.4374796359270783,liblinear,balanced,unused,6,107,107,0.5777777777777777,0.6545454545454545,0.6468253968253967,45
28,l2,1.4374796359270783,liblinear,balanced,unused,6,108,108,0.8666666666666667,0.85,0.8952569169960474,45
29,l2,0.8541419672691076,liblinear,balanced,unused,6,1,1,0.7555555555555555,0.7843137254901961,0.8458498023715415,45
29,l2,0.8541419672691076,liblinear,balanced,unused,6,2,2,0.7111111111111111,0.5806451612903226,0.875494071146245,45
29,l2,0.8541419672691076,liblinear,balanced,unused,6,3,3,0.4666666666666667,0.4782608695652174,0.4308300395256917,45
29,l2,0.8541419672691076,liblinear,balanced,unused,6,4,4,0.4888888888888889,0.6567164179104478,0.8162055335968379,45
29,l2,0.8541419672691076,liblinear,balanced,unused,6,5,5,0.4888888888888889,0.6567164179104478,0.36111111111111116,45
29,l2,0.8541419672691076,liblinear,balanced,unused,6,6,6,0.5333333333333333,0.0,0.494047619047619,45
29,l2,0.8541419672691076,liblinear,balanced,unused,6,7,7,0.7111111111111111,0.7719298245614035,0.9881422924901186,45
29,l2,0.8541419672691076,liblinear,balanced,unused,6,8,8,0.6666666666666666,0.6666666666666666,0.691699604743083,45
29,l2,0.8541419672691076,liblinear,balanced,unused,6,9,9,0.6,0.5909090909090909,0.5357142857142857,45
29,l2,0.8541419672691076,liblinear,balanced,unused,6,10,10,0.6444444444444445,0.6521739130434783,0.6825396825396826,45
29,l2,0.8541419672691076,liblinear,balanced,unused,6,11,11,0.5111111111111111,0.6666666666666666,0.4328063241106719,45
29,l2,0.8541419672691076,liblinear,balanced,unused,6,12,12,0.6222222222222222,0.5853658536585366,0.7123015873015873,45
29,l2,0.8541419672691076,liblinear,balanced,unused,6,13,13,0.8,0.8108108108108109,0.892156862745098,35
29,l2,0.8541419672691076,liblinear,balanced,unused,6,14,14,0.6666666666666666,0.7457627118644068,0.7964426877470356,45
29,l2,0.8541419672691076,liblinear,balanced,unused,6,15,15,0.5555555555555556,0.6875,0.9505928853754941,45
29,l2,0.8541419672691076,liblinear,balanced,unused,6,16,16,0.5333333333333333,0.6865671641791045,0.7312252964426879,45
29,l2,0.8541419672691076,liblinear,balanced,unused,6,17,17,0.5238095238095238,0.0,0.5909090909090909,42
29,l2,0.8541419672691076,liblinear,balanced,unused,6,18,18,0.4888888888888889,0.6461538461538462,0.41304347826086957,45
29,l2,0.8541419672691076,liblinear,balanced,unused,6,19,19,0.7111111111111111,0.7719298245614035,0.841897233201581,45
29,l2,0.8541419672691076,liblinear,balanced,unused,6,20,20,0.5555555555555556,0.5,0.5869565217391304,45
29,l2,0.8541419672691076,liblinear,balanced,unused,6,21,21,0.5555555555555556,0.6296296296296297,0.7222222222222222,45
29,l2,0.8541419672691076,liblinear,balanced,unused,6,22,22,0.5111111111111111,0.6764705882352942,0.7312252964426877,45
29,l2,0.8541419672691076,liblinear,balanced,unused,6,23,23,0.6590909090909091,0.7368421052631579,0.8574380165289256,44
29,l2,0.8541419672691076,liblinear,balanced,unused,6,24,24,0.5555555555555556,0.42857142857142855,0.6493506493506493,18
29,l2,0.8541419672691076,liblinear,balanced,unused,6,25,25,0.6888888888888889,0.72,0.7628458498023716,45
29,l2,0.8541419672691076,liblinear,balanced,unused,6,26,26,0.6222222222222222,0.711864406779661,0.7896825396825397,45
29,l2,0.8541419672691076,liblinear,balanced,unused,6,27,27,0.4888888888888889,0.6567164179104478,0.5948616600790514,45
29,l2,0.8541419672691076,liblinear,balanced,unused,6,28,28,0.4888888888888889,0.4888888888888889,0.5533596837944663,45
29,l2,0.8541419672691076,liblinear,balanced,unused,6,29,29,0.8222222222222222,0.8461538461538461,1.0,45
29,l2,0.8541419672691076,liblinear,balanced,unused,6,30,30,0.5555555555555556,0.23076923076923078,0.6746031746031745,45
29,l2,0.8541419672691076,liblinear,balanced,unused,6,31,31,0.8666666666666667,0.875,0.9644268774703557,45
29,l2,0.8541419672691076,liblinear,balanced,unused,6,32,32,0.7045454545454546,0.7796610169491526,0.9503105590062112,44
29,l2,0.8541419672691076,liblinear,balanced,unused,6,33,33,0.7333333333333333,0.6666666666666666,0.8517786561264822,45
29,l2,0.8541419672691076,liblinear,balanced,unused,6,34,34,0.8666666666666667,0.8888888888888888,0.9841269841269841,45
29,l2,0.8541419672691076,liblinear,balanced,unused,6,35,35,0.6888888888888889,0.5882352941176471,0.8399209486166008,45
29,l2,0.8541419672691076,liblinear,balanced,unused,6,36,36,0.36363636363636365,0.46153846153846156,0.40702479338842973,44
29,l2,0.8541419672691076,liblinear,balanced,unused,6,37,37,0.5111111111111111,0.0,0.5691699604743083,45
29,l2,0.8541419672691076,liblinear,balanced,unused,6,38,38,0.5333333333333333,0.43243243243243246,0.5948616600790514,45
29,l2,0.8541419672691076,liblinear,balanced,unused,6,39,39,0.5,0.5,0.5217391304347826,44
29,l2,0.8541419672691076,liblinear,balanced,unused,6,40,40,0.6,0.6666666666666666,0.5357142857142857,45
29,l2,0.8541419672691076,liblinear,balanced,unused,6,41,41,0.7333333333333333,0.7142857142857143,0.7757936507936508,45
29,l2,0.8541419672691076,liblinear,balanced,unused,6,42,42,0.9333333333333333,0.9333333333333333,0.974308300395257,45
29,l2,0.8541419672691076,liblinear,balanced,unused,6,43,43,0.8,0.7567567567567568,0.9288537549407114,45
29,l2,0.8541419672691076,liblinear,balanced,unused,6,44,44,0.7241379310344828,0.6923076923076923,0.8380952380952381,29
29,l2,0.8541419672691076,liblinear,balanced,unused,6,45,45,0.5555555555555556,0.2857142857142857,0.808300395256917,45
29,l2,0.8541419672691076,liblinear,balanced,unused,6,46,46,0.6444444444444445,0.6521739130434783,0.725296442687747,45
29,l2,0.8541419672691076,liblinear,balanced,unused,6,47,47,0.5111111111111111,0.65625,0.6111111111111112,45
29,l2,0.8541419672691076,liblinear,balanced,unused,6,48,48,0.7647058823529411,0.75,0.9714285714285714,17
29,l2,0.8541419672691076,liblinear,balanced,unused,6,49,49,0.8444444444444444,0.8444444444444444,0.958498023715415,45
29,l2,0.8541419672691076,liblinear,balanced,unused,6,50,50,0.5111111111111111,0.21428571428571427,0.608695652173913,45
29,l2,0.8541419672691076,liblinear,balanced,unused,6,51,51,0.5777777777777777,0.17391304347826086,0.5396825396825398,45
29,l2,0.8541419672691076,liblinear,balanced,unused,6,52,52,0.7804878048780488,0.7096774193548387,0.8205741626794258,41
29,l2,0.8541419672691076,liblinear,balanced,unused,6,53,53,0.5581395348837209,0.5581395348837209,0.5692640692640694,43
29,l2,0.8541419672691076,liblinear,balanced,unused,6,54,54,0.5897435897435898,0.6521739130434783,0.782608695652174,39
29,l2,0.8541419672691076,liblinear,balanced,unused,6,55,55,0.8888888888888888,0.8837209302325582,0.924901185770751,45
29,l2,0.8541419672691076,liblinear,balanced,unused,6,56,56,0.8409090909090909,0.851063829787234,0.9111570247933884,44
29,l2,0.8541419672691076,liblinear,balanced,unused,6,57,57,0.6,0.6538461538461539,0.7083333333333334,45
29,l2,0.8541419672691076,liblinear,balanced,unused,6,58,58,0.6222222222222222,0.5405405405405406,0.6646825396825397,45
29,l2,0.8541419672691076,liblinear,balanced,unused,6,59,59,0.5333333333333333,0.08695652173913043,0.4464285714285714,45
29,l2,0.8541419672691076,liblinear,balanced,unused,6,60,60,0.7727272727272727,0.782608695652174,0.9194214876033058,44
29,l2,0.8541419672691076,liblinear,balanced,unused,6,61,61,0.7209302325581395,0.7,0.8398268398268398,43
29,l2,0.8541419672691076,liblinear,balanced,unused,6,62,62,0.9333333333333333,0.9302325581395349,0.9861660079051384,45
29,l2,0.8541419672691076,liblinear,balanced,unused,6,63,63,0.4883720930232558,0.0,0.5909090909090909,43
29,l2,0.8541419672691076,liblinear,balanced,unused,6,64,64,0.5555555555555556,0.6875,0.7786561264822134,45
29,l2,0.8541419672691076,liblinear,balanced,unused,6,65,65,0.6888888888888889,0.7407407407407407,0.7976190476190477,45
29,l2,0.8541419672691076,liblinear,balanced,unused,6,66,66,0.5333333333333333,0.6440677966101694,0.4980237154150198,45
29,l2,0.8541419672691076,liblinear,balanced,unused,6,67,67,0.5111111111111111,0.15384615384615385,0.6086956521739131,45
29,l2,0.8541419672691076,liblinear,balanced,unused,6,68,68,0.5555555555555556,0.23076923076923078,0.733201581027668,45
29,l2,0.8541419672691076,liblinear,balanced,unused,6,69,69,0.6,0.47058823529411764,0.6527777777777778,45
29,l2,0.8541419672691076,liblinear,balanced,unused,6,70,70,0.7333333333333333,0.7,0.8577075098814229,45
29,l2,0.8541419672691076,liblinear,balanced,unused,6,71,71,0.7555555555555555,0.6857142857142857,0.9387351778656127,45
29,l2,0.8541419672691076,liblinear,balanced,unused,6,72,72,0.9333333333333333,0.9361702127659575,0.9861660079051383,45
29,l2,0.8541419672691076,liblinear,balanced,unused,6,73,73,0.5111111111111111,0.6333333333333333,0.7252964426877471,45
29,l2,0.8541419672691076,liblinear,balanced,unused,6,74,74,0.4888888888888889,0.5818181818181818,0.5654761904761905,45
29,l2,0.8541419672691076,liblinear,balanced,unused,6,75,75,0.8048780487804879,0.7894736842105263,0.9476190476190476,41
29,l2,0.8541419672691076,liblinear,balanced,unused,6,76,76,0.6,0.35714285714285715,0.6581027667984191,45
29,l2,0.8541419672691076,liblinear,balanced,unused,6,77,77,0.4444444444444444,0.5454545454545454,0.5833333333333334,45
29,l2,0.8541419672691076,liblinear,balanced,unused,6,78,78,0.4666666666666667,0.6129032258064516,0.5434782608695652,45
29,l2,0.8541419672691076,liblinear,balanced,unused,6,79,79,0.675,0.5517241379310345,0.725,40
29,l2,0.8541419672691076,liblinear,balanced,unused,6,80,80,0.5111111111111111,0.0,0.6185770750988142,45
29,l2,0.8541419672691076,liblinear,balanced,unused,6,81,81,0.4888888888888889,0.0,0.8399209486166008,45
29,l2,0.8541419672691076,liblinear,balanced,unused,6,82,82,0.5333333333333333,0.676923076923077,0.7588932806324111,45
29,l2,0.8541419672691076,liblinear,balanced,unused,6,83,83,0.5789473684210527,0.2727272727272727,0.8698060941828254,38
29,l2,0.8541419672691076,liblinear,balanced,unused,6,84,84,0.6818181818181818,0.6956521739130435,0.7494824016563147,44
29,l2,0.8541419672691076,liblinear,balanced,unused,6,85,85,0.5454545454545454,0.6774193548387096,0.9606625258799172,44
29,l2,0.8541419672691076,liblinear,balanced,unused,6,86,86,0.7954545454545454,0.7804878048780488,0.8985507246376812,44
29,l2,0.8541419672691076,liblinear,balanced,unused,6,87,87,0.5111111111111111,0.6451612903225806,0.5652173913043479,45
29,l2,0.8541419672691076,liblinear,balanced,unused,6,88,88,0.509090909090909,0.3076923076923077,0.6190476190476191,55
29,l2,0.8541419672691076,liblinear,balanced,unused,6,89,89,0.6444444444444445,0.6923076923076923,0.7162698412698413,45
29,l2,0.8541419672691076,liblinear,balanced,unused,6,90,90,0.5333333333333333,0.5714285714285714,0.5553359683794467,45
29,l2,0.8541419672691076,liblinear,balanced,unused,6,91,91,0.5,0.6666666666666666,0.7603305785123966,44
29,l2,0.8541419672691076,liblinear,balanced,unused,6,92,92,0.5714285714285714,0.3684210526315789,0.6884615384615385,56
29,l2,0.8541419672691076,liblinear,balanced,unused,6,93,93,0.8888888888888888,0.8888888888888888,0.9110671936758893,45
29,l2,0.8541419672691076,liblinear,balanced,unused,6,94,94,0.9772727272727273,0.9787234042553191,1.0,44
29,l2,0.8541419672691076,liblinear,balanced,unused,6,95,95,0.39285714285714285,0.5405405405405406,0.5989583333333333,28
29,l2,0.8541419672691076,liblinear,balanced,unused,6,96,96,0.4523809523809524,0.6229508196721312,0.5419501133786848,42
29,l2,0.8541419672691076,liblinear,balanced,unused,6,97,97,0.5,0.0,0.6198347107438016,44
29,l2,0.8541419672691076,liblinear,balanced,unused,6,98,98,0.4888888888888889,0.5964912280701754,0.5335968379446641,45
29,l2,0.8541419672691076,liblinear,balanced,unused,6,99,99,0.46511627906976744,0.41025641025641024,0.5627705627705628,43
29,l2,0.8541419672691076,liblinear,balanced,unused,6,100,100,0.5277777777777778,0.5641025641025641,0.5709876543209877,36
29,l2,0.8541419672691076,liblinear,balanced,unused,6,101,101,0.4888888888888889,0.0,0.6304347826086957,45
29,l2,0.8541419672691076,liblinear,balanced,unused,6,102,102,0.7333333333333333,0.7857142857142857,0.8814229249011858,45
29,l2,0.8541419672691076,liblinear,balanced,unused,6,103,103,0.6511627906976745,0.6153846153846154,0.7965367965367965,43
29,l2,0.8541419672691076,liblinear,balanced,unused,6,104,104,0.5116279069767442,0.6440677966101694,0.48484848484848486,43
29,l2,0.8541419672691076,liblinear,balanced,unused,6,105,105,0.5333333333333333,0.16,0.5889328063241107,45
29,l2,0.8541419672691076,liblinear,balanced,unused,6,106,106,0.6222222222222222,0.6530612244897959,0.6646825396825397,45
29,l2,0.8541419672691076,liblinear,balanced,unused,6,107,107,0.5777777777777777,0.6545454545454545,0.6468253968253967,45
29,l2,0.8541419672691076,liblinear,balanced,unused,6,108,108,0.8666666666666667,0.85,0.8952569169960474,45
