trial_number,n_estimators,criterion,max_depth,min_samples_split,min_samples_leaf,max_features,class_weight,csp_components,fold,subject,accuracy,f1_score,roc_auc,support
0,300,log_loss,10,20,4,sqrt,balanced,6,1,1,0.6,0.6785714285714286,0.7648221343873518,45
0,300,log_loss,10,20,4,sqrt,balanced,6,2,2,0.6888888888888889,0.5333333333333333,0.9229249011857708,45
0,300,log_loss,10,20,4,sqrt,balanced,6,3,3,0.4888888888888889,0.5818181818181818,0.5217391304347826,45
0,300,log_loss,10,20,4,sqrt,balanced,6,4,4,0.6444444444444445,0.7142857142857143,0.7134387351778656,45
0,300,log_loss,10,20,4,sqrt,balanced,6,5,5,0.35555555555555557,0.40816326530612246,0.3313492063492064,45
0,300,log_loss,10,20,4,sqrt,balanced,6,6,6,0.5111111111111111,0.08333333333333333,0.5079365079365079,45
0,300,log_loss,10,20,4,sqrt,balanced,6,7,7,0.6888888888888889,0.7586206896551724,0.9466403162055337,45
0,300,log_loss,10,20,4,sqrt,balanced,6,8,8,0.6222222222222222,0.5641025641025641,0.6976284584980238,45
0,300,log_loss,10,20,4,sqrt,balanced,6,9,9,0.4888888888888889,0.34285714285714286,0.6011904761904762,45
0,300,log_loss,10,20,4,sqrt,balanced,6,10,10,0.6222222222222222,0.6382978723404256,0.7261904761904762,45
0,300,log_loss,10,20,4,sqrt,balanced,6,11,11,0.4666666666666667,0.6,0.5810276679841897,45
0,300,log_loss,10,20,4,sqrt,balanced,6,12,12,0.4888888888888889,0.34285714285714286,0.6091269841269842,45
0,300,log_loss,10,20,4,sqrt,balanced,6,13,13,0.7428571428571429,0.7272727272727273,0.8104575163398693,35
0,300,log_loss,10,20,4,sqrt,balanced,6,14,14,0.6444444444444445,0.7037037037037037,0.6561264822134387,45
0,300,log_loss,10,20,4,sqrt,balanced,6,15,15,0.5777777777777777,0.6984126984126984,0.9110671936758893,45
0,300,log_loss,10,20,4,sqrt,balanced,6,16,16,0.6666666666666666,0.6808510638297872,0.6877470355731226,45
0,300,log_loss,10,20,4,sqrt,balanced,6,17,17,0.5476190476190477,0.09523809523809523,0.5272727272727273,42
0,300,log_loss,10,20,4,sqrt,balanced,6,18,18,0.4222222222222222,0.5517241379310345,0.4683794466403162,45
0,300,log_loss,10,20,4,sqrt,balanced,6,19,19,0.5555555555555556,0.6774193548387096,0.8063241106719369,45
0,300,log_loss,10,20,4,sqrt,balanced,6,20,20,0.4888888888888889,0.0,0.4940711462450593,45
0,300,log_loss,10,20,4,sqrt,balanced,6,21,21,0.5555555555555556,0.6153846153846154,0.7003968253968255,45
0,300,log_loss,10,20,4,sqrt,balanced,6,22,22,0.5777777777777777,0.6984126984126984,0.6600790513833993,45
0,300,log_loss,10,20,4,sqrt,balanced,6,23,23,0.7045454545454546,0.7636363636363637,0.8243801652892562,44
0,300,log_loss,10,20,4,sqrt,balanced,6,24,24,0.5,0.3076923076923077,0.4415584415584416,18
0,300,log_loss,10,20,4,sqrt,balanced,6,25,25,0.6666666666666666,0.6666666666666666,0.7114624505928854,45
0,300,log_loss,10,20,4,sqrt,balanced,6,26,26,0.7555555555555555,0.7659574468085106,0.7698412698412698,45
0,300,log_loss,10,20,4,sqrt,balanced,6,27,27,0.5111111111111111,0.65625,0.5237154150197629,45
0,300,log_loss,10,20,4,sqrt,balanced,6,28,28,0.5555555555555556,0.5,0.5177865612648221,45
0,300,log_loss,10,20,4,sqrt,balanced,6,29,29,0.7777777777777778,0.8148148148148148,0.9723320158102766,45
0,300,log_loss,10,20,4,sqrt,balanced,6,30,30,0.4888888888888889,0.14814814814814814,0.5714285714285714,45
0,300,log_loss,10,20,4,sqrt,balanced,6,31,31,0.8666666666666667,0.88,0.9743083003952568,45
0,300,log_loss,10,20,4,sqrt,balanced,6,32,32,0.8181818181818182,0.84,0.8778467908902692,44
0,300,log_loss,10,20,4,sqrt,balanced,6,33,33,0.7111111111111111,0.6285714285714286,0.8695652173913043,45
0,300,log_loss,10,20,4,sqrt,balanced,6,34,34,0.8444444444444444,0.8627450980392157,0.9702380952380952,45
0,300,log_loss,10,20,4,sqrt,balanced,6,35,35,0.5555555555555556,0.23076923076923078,0.8201581027667985,45
0,300,log_loss,10,20,4,sqrt,balanced,6,36,36,0.4318181818181818,0.46808510638297873,0.45867768595041325,44
0,300,log_loss,10,20,4,sqrt,balanced,6,37,37,0.5111111111111111,0.0,0.5098814229249011,45
0,300,log_loss,10,20,4,sqrt,balanced,6,38,38,0.5333333333333333,0.46153846153846156,0.5098814229249012,45
0,300,log_loss,10,20,4,sqrt,balanced,6,39,39,0.4090909090909091,0.4583333333333333,0.3850931677018633,44
0,300,log_loss,10,20,4,sqrt,balanced,6,40,40,0.4444444444444444,0.3902439024390244,0.4424603174603175,45
0,300,log_loss,10,20,4,sqrt,balanced,6,41,41,0.7333333333333333,0.7142857142857143,0.7301587301587301,45
0,300,log_loss,10,20,4,sqrt,balanced,6,42,42,0.8666666666666667,0.85,0.9565217391304347,45
0,300,log_loss,10,20,4,sqrt,balanced,6,43,43,0.7111111111111111,0.6060606060606061,0.8043478260869565,45
0,300,log_loss,10,20,4,sqrt,balanced,6,44,44,0.7586206896551724,0.7407407407407407,0.7142857142857144,29
0,300,log_loss,10,20,4,sqrt,balanced,6,45,45,0.6,0.3076923076923077,0.7252964426877471,45
0,300,log_loss,10,20,4,sqrt,balanced,6,46,46,0.5333333333333333,0.5116279069767442,0.5533596837944664,45
0,300,log_loss,10,20,4,sqrt,balanced,6,47,47,0.5333333333333333,0.5333333333333333,0.5376984126984127,45
0,300,log_loss,10,20,4,sqrt,balanced,6,48,48,0.7058823529411765,0.6666666666666666,0.8428571428571427,17
0,300,log_loss,10,20,4,sqrt,balanced,6,49,49,0.7777777777777778,0.75,0.891304347826087,45
0,300,log_loss,10,20,4,sqrt,balanced,6,50,50,0.5111111111111111,0.0,0.6857707509881422,45
0,300,log_loss,10,20,4,sqrt,balanced,6,51,51,0.5333333333333333,0.0,0.4593253968253968,45
0,300,log_loss,10,20,4,sqrt,balanced,6,52,52,0.7560975609756098,0.6666666666666666,0.8588516746411483,41
0,300,log_loss,10,20,4,sqrt,balanced,6,53,53,0.5581395348837209,0.42424242424242425,0.5930735930735931,43
0,300,log_loss,10,20,4,sqrt,balanced,6,54,54,0.6410256410256411,0.6956521739130435,0.8233695652173914,39
0,300,log_loss,10,20,4,sqrt,balanced,6,55,55,0.6444444444444445,0.42857142857142855,0.958498023715415,45
0,300,log_loss,10,20,4,sqrt,balanced,6,56,56,0.8181818181818182,0.8095238095238095,0.9297520661157025,44
0,300,log_loss,10,20,4,sqrt,balanced,6,57,57,0.6888888888888889,0.6666666666666666,0.6984126984126985,45
0,300,log_loss,10,20,4,sqrt,balanced,6,58,58,0.5555555555555556,0.6,0.6011904761904762,45
0,300,log_loss,10,20,4,sqrt,balanced,6,59,59,0.4444444444444444,0.07407407407407407,0.43452380952380953,45
0,300,log_loss,10,20,4,sqrt,balanced,6,60,60,0.7954545454545454,0.8,0.9152892561983471,44
0,300,log_loss,10,20,4,sqrt,balanced,6,61,61,0.7441860465116279,0.7027027027027027,0.8701298701298701,43
0,300,log_loss,10,20,4,sqrt,balanced,6,62,62,0.8666666666666667,0.8571428571428571,0.9604743083003954,45
0,300,log_loss,10,20,4,sqrt,balanced,6,63,63,0.6046511627906976,0.41379310344827586,0.551948051948052,43
0,300,log_loss,10,20,4,sqrt,balanced,6,64,64,0.7111111111111111,0.7346938775510204,0.7529644268774703,45
0,300,log_loss,10,20,4,sqrt,balanced,6,65,65,0.7333333333333333,0.6842105263157895,0.7916666666666667,45
0,300,log_loss,10,20,4,sqrt,balanced,6,66,66,0.4,0.4489795918367347,0.49209486166007904,45
0,300,log_loss,10,20,4,sqrt,balanced,6,67,67,0.5333333333333333,0.27586206896551724,0.6106719367588933,45
0,300,log_loss,10,20,4,sqrt,balanced,6,68,68,0.4888888888888889,0.0,0.58300395256917,45
0,300,log_loss,10,20,4,sqrt,balanced,6,69,69,0.5333333333333333,0.5116279069767442,0.5972222222222222,45
0,300,log_loss,10,20,4,sqrt,balanced,6,70,70,0.7333333333333333,0.7142857142857143,0.7430830039525692,45
0,300,log_loss,10,20,4,sqrt,balanced,6,71,71,0.5777777777777777,0.2962962962962963,0.9308300395256918,45
0,300,log_loss,10,20,4,sqrt,balanced,6,72,72,0.8,0.7804878048780488,0.9308300395256917,45
0,300,log_loss,10,20,4,sqrt,balanced,6,73,73,0.6444444444444445,0.5,0.7845849802371543,45
0,300,log_loss,10,20,4,sqrt,balanced,6,74,74,0.5555555555555556,0.375,0.47023809523809523,45
0,300,log_loss,10,20,4,sqrt,balanced,6,75,75,0.7804878048780488,0.7692307692307693,0.8523809523809524,41
0,300,log_loss,10,20,4,sqrt,balanced,6,76,76,0.5777777777777777,0.6984126984126984,0.6541501976284585,45
0,300,log_loss,10,20,4,sqrt,balanced,6,77,77,0.5111111111111111,0.5769230769230769,0.5297619047619048,45
0,300,log_loss,10,20,4,sqrt,balanced,6,78,78,0.5555555555555556,0.6296296296296297,0.6284584980237155,45
0,300,log_loss,10,20,4,sqrt,balanced,6,79,79,0.625,0.4827586206896552,0.63,40
0,300,log_loss,10,20,4,sqrt,balanced,6,80,80,0.4888888888888889,0.0,0.642292490118577,45
0,300,log_loss,10,20,4,sqrt,balanced,6,81,81,0.5555555555555556,0.23076923076923078,0.7687747035573123,45
0,300,log_loss,10,20,4,sqrt,balanced,6,82,82,0.5555555555555556,0.6774193548387096,0.6976284584980238,45
0,300,log_loss,10,20,4,sqrt,balanced,6,83,83,0.5526315789473685,0.19047619047619047,0.7423822714681441,38
0,300,log_loss,10,20,4,sqrt,balanced,6,84,84,0.6363636363636364,0.6363636363636364,0.7432712215320911,44
0,300,log_loss,10,20,4,sqrt,balanced,6,85,85,0.5454545454545454,0.6774193548387096,0.8964803312629399,44
0,300,log_loss,10,20,4,sqrt,balanced,6,86,86,0.6818181818181818,0.6111111111111112,0.8178053830227743,44
0,300,log_loss,10,20,4,sqrt,balanced,6,87,87,0.4888888888888889,0.6101694915254238,0.5790513833992095,45
0,300,log_loss,10,20,4,sqrt,balanced,6,88,88,0.4727272727272727,0.12121212121212122,0.4814814814814815,55
0,300,log_loss,10,20,4,sqrt,balanced,6,89,89,0.6222222222222222,0.7017543859649122,0.7182539682539683,45
0,300,log_loss,10,20,4,sqrt,balanced,6,90,90,0.4888888888888889,0.4888888888888889,0.4762845849802371,45
0,300,log_loss,10,20,4,sqrt,balanced,6,91,91,0.5909090909090909,0.7096774193548387,0.7582644628099173,44
0,300,log_loss,10,20,4,sqrt,balanced,6,92,92,0.6071428571428571,0.47619047619047616,0.6923076923076923,56
0,300,log_loss,10,20,4,sqrt,balanced,6,93,93,0.8,0.7692307692307693,0.849802371541502,45
0,300,log_loss,10,20,4,sqrt,balanced,6,94,94,0.8409090909090909,0.8679245283018868,0.9875776397515528,44
0,300,log_loss,10,20,4,sqrt,balanced,6,95,95,0.32142857142857145,0.4864864864864865,0.5,28
0,300,log_loss,10,20,4,sqrt,balanced,6,96,96,0.5238095238095238,0.6774193548387096,0.4625850340136054,42
0,300,log_loss,10,20,4,sqrt,balanced,6,97,97,0.5,0.0,0.5743801652892562,44
0,300,log_loss,10,20,4,sqrt,balanced,6,98,98,0.5777777777777777,0.6885245901639344,0.6047430830039525,45
0,300,log_loss,10,20,4,sqrt,balanced,6,99,99,0.5348837209302325,0.4117647058823529,0.5216450216450217,43
0,300,log_loss,10,20,4,sqrt,balanced,6,100,100,0.5555555555555556,0.6190476190476191,0.5709876543209877,36
0,300,log_loss,10,20,4,sqrt,balanced,6,101,101,0.4888888888888889,0.0,0.5830039525691699,45
0,300,log_loss,10,20,4,sqrt,balanced,6,102,102,0.6888888888888889,0.5882352941176471,0.7786561264822134,45
0,300,log_loss,10,20,4,sqrt,balanced,6,103,103,0.5581395348837209,0.5128205128205128,0.6969696969696969,43
0,300,log_loss,10,20,4,sqrt,balanced,6,104,104,0.5116279069767442,0.5714285714285714,0.48917748917748916,43
0,300,log_loss,10,20,4,sqrt,balanced,6,105,105,0.5111111111111111,0.3125,0.5019762845849802,45
0,300,log_loss,10,20,4,sqrt,balanced,6,106,106,0.6444444444444445,0.6190476190476191,0.7162698412698413,45
0,300,log_loss,10,20,4,sqrt,balanced,6,107,107,0.5111111111111111,0.5416666666666666,0.5674603174603174,45
0,300,log_loss,10,20,4,sqrt,balanced,6,108,108,0.8222222222222222,0.8,0.8675889328063241,45
1,500,log_loss,6,25,12,sqrt,balanced_subsample,6,1,1,0.6222222222222222,0.711864406779661,0.8280632411067195,45
1,500,log_loss,6,25,12,sqrt,balanced_subsample,6,2,2,0.7777777777777778,0.7058823529411765,0.8972332015810276,45
1,500,log_loss,6,25,12,sqrt,balanced_subsample,6,3,3,0.4888888888888889,0.6229508196721312,0.5039525691699605,45
1,500,log_loss,6,25,12,sqrt,balanced_subsample,6,4,4,0.6888888888888889,0.7307692307692307,0.7272727272727274,45
1,500,log_loss,6,25,12,sqrt,balanced_subsample,6,5,5,0.4444444444444444,0.3902439024390244,0.3670634920634921,45
1,500,log_loss,6,25,12,sqrt,balanced_subsample,6,6,6,0.5333333333333333,0.16,0.5535714285714286,45
1,500,log_loss,6,25,12,sqrt,balanced_subsample,6,7,7,0.7333333333333333,0.7857142857142857,0.940711462450593,45
1,500,log_loss,6,25,12,sqrt,balanced_subsample,6,8,8,0.6666666666666666,0.5714285714285714,0.6996047430830039,45
1,500,log_loss,6,25,12,sqrt,balanced_subsample,6,9,9,0.5777777777777777,0.5581395348837209,0.5753968253968254,45
1,500,log_loss,6,25,12,sqrt,balanced_subsample,6,10,10,0.6444444444444445,0.6521739130434783,0.7420634920634921,45
1,500,log_loss,6,25,12,sqrt,balanced_subsample,6,11,11,0.4888888888888889,0.6349206349206349,0.5316205533596837,45
1,500,log_loss,6,25,12,sqrt,balanced_subsample,6,12,12,0.4888888888888889,0.25806451612903225,0.5992063492063493,45
1,500,log_loss,6,25,12,sqrt,balanced_subsample,6,13,13,0.7428571428571429,0.7567567567567568,0.7941176470588236,35
1,500,log_loss,6,25,12,sqrt,balanced_subsample,6,14,14,0.6444444444444445,0.7333333333333333,0.6245059288537549,45
1,500,log_loss,6,25,12,sqrt,balanced_subsample,6,15,15,0.5777777777777777,0.6984126984126984,0.9051383399209486,45
1,500,log_loss,6,25,12,sqrt,balanced_subsample,6,16,16,0.6222222222222222,0.5853658536585366,0.6877470355731226,45
1,500,log_loss,6,25,12,sqrt,balanced_subsample,6,17,17,0.5476190476190477,0.09523809523809523,0.5954545454545455,42
1,500,log_loss,6,25,12,sqrt,balanced_subsample,6,18,18,0.5111111111111111,0.6071428571428571,0.5138339920948616,45
1,500,log_loss,6,25,12,sqrt,balanced_subsample,6,19,19,0.6,0.7,0.774703557312253,45
1,500,log_loss,6,25,12,sqrt,balanced_subsample,6,20,20,0.4888888888888889,0.0,0.47233201581027673,45
1,500,log_loss,6,25,12,sqrt,balanced_subsample,6,21,21,0.6666666666666666,0.6808510638297872,0.6924603174603174,45
1,500,log_loss,6,25,12,sqrt,balanced_subsample,6,22,22,0.5555555555555556,0.696969696969697,0.6956521739130435,45
1,500,log_loss,6,25,12,sqrt,balanced_subsample,6,23,23,0.6136363636363636,0.711864406779661,0.8243801652892562,44
1,500,log_loss,6,25,12,sqrt,balanced_subsample,6,24,24,0.5,0.3076923076923077,0.35064935064935066,18
1,500,log_loss,6,25,12,sqrt,balanced_subsample,6,25,25,0.6,0.5909090909090909,0.6620553359683795,45
1,500,log_loss,6,25,12,sqrt,balanced_subsample,6,26,26,0.7111111111111111,0.7111111111111111,0.7341269841269842,45
1,500,log_loss,6,25,12,sqrt,balanced_subsample,6,27,27,0.5111111111111111,0.65625,0.5513833992094862,45
1,500,log_loss,6,25,12,sqrt,balanced_subsample,6,28,28,0.5111111111111111,0.42105263157894735,0.4980237154150198,45
1,500,log_loss,6,25,12,sqrt,balanced_subsample,6,29,29,0.8,0.8301886792452831,0.9328063241106719,45
1,500,log_loss,6,25,12,sqrt,balanced_subsample,6,30,30,0.4888888888888889,0.08,0.5238095238095238,45
1,500,log_loss,6,25,12,sqrt,balanced_subsample,6,31,31,0.8888888888888888,0.9019607843137255,0.9723320158102766,45
1,500,log_loss,6,25,12,sqrt,balanced_subsample,6,32,32,0.8181818181818182,0.8461538461538461,0.8964803312629399,44
1,500,log_loss,6,25,12,sqrt,balanced_subsample,6,33,33,0.7333333333333333,0.6666666666666666,0.8735177865612649,45
1,500,log_loss,6,25,12,sqrt,balanced_subsample,6,34,34,0.8666666666666667,0.875,0.9563492063492064,45
1,500,log_loss,6,25,12,sqrt,balanced_subsample,6,35,35,0.5111111111111111,0.08333333333333333,0.774703557312253,45
1,500,log_loss,6,25,12,sqrt,balanced_subsample,6,36,36,0.4318181818181818,0.5283018867924528,0.4710743801652892,44
1,500,log_loss,6,25,12,sqrt,balanced_subsample,6,37,37,0.5111111111111111,0.0,0.5276679841897233,45
1,500,log_loss,6,25,12,sqrt,balanced_subsample,6,38,38,0.5111111111111111,0.45,0.541501976284585,45
1,500,log_loss,6,25,12,sqrt,balanced_subsample,6,39,39,0.4772727272727273,0.5490196078431373,0.4244306418219461,44
1,500,log_loss,6,25,12,sqrt,balanced_subsample,6,40,40,0.4666666666666667,0.4,0.48809523809523814,45
1,500,log_loss,6,25,12,sqrt,balanced_subsample,6,41,41,0.6222222222222222,0.5641025641025641,0.6984126984126985,45
1,500,log_loss,6,25,12,sqrt,balanced_subsample,6,42,42,0.8666666666666667,0.85,0.9664031620553359,45
1,500,log_loss,6,25,12,sqrt,balanced_subsample,6,43,43,0.7333333333333333,0.625,0.8438735177865613,45
1,500,log_loss,6,25,12,sqrt,balanced_subsample,6,44,44,0.7586206896551724,0.7407407407407407,0.7428571428571428,29
1,500,log_loss,6,25,12,sqrt,balanced_subsample,6,45,45,0.6222222222222222,0.37037037037037035,0.7450592885375494,45
1,500,log_loss,6,25,12,sqrt,balanced_subsample,6,46,46,0.5555555555555556,0.5454545454545454,0.5909090909090909,45
1,500,log_loss,6,25,12,sqrt,balanced_subsample,6,47,47,0.6,0.5909090909090909,0.5714285714285714,45
1,500,log_loss,6,25,12,sqrt,balanced_subsample,6,48,48,0.7647058823529411,0.7777777777777778,0.8142857142857144,17
1,500,log_loss,6,25,12,sqrt,balanced_subsample,6,49,49,0.8,0.7804878048780488,0.9110671936758894,45
1,500,log_loss,6,25,12,sqrt,balanced_subsample,6,50,50,0.5111111111111111,0.0,0.6126482213438735,45
1,500,log_loss,6,25,12,sqrt,balanced_subsample,6,51,51,0.5333333333333333,0.0,0.5069444444444444,45
1,500,log_loss,6,25,12,sqrt,balanced_subsample,6,52,52,0.7804878048780488,0.7096774193548387,0.84688995215311,41
1,500,log_loss,6,25,12,sqrt,balanced_subsample,6,53,53,0.5813953488372093,0.4375,0.6082251082251082,43
1,500,log_loss,6,25,12,sqrt,balanced_subsample,6,54,54,0.6410256410256411,0.6956521739130435,0.8233695652173914,39
1,500,log_loss,6,25,12,sqrt,balanced_subsample,6,55,55,0.5555555555555556,0.16666666666666666,0.857707509881423,45
1,500,log_loss,6,25,12,sqrt,balanced_subsample,6,56,56,0.9090909090909091,0.9130434782608695,0.9483471074380165,44
1,500,log_loss,6,25,12,sqrt,balanced_subsample,6,57,57,0.6222222222222222,0.6382978723404256,0.6706349206349206,45
1,500,log_loss,6,25,12,sqrt,balanced_subsample,6,58,58,0.5333333333333333,0.631578947368421,0.5912698412698413,45
1,500,log_loss,6,25,12,sqrt,balanced_subsample,6,59,59,0.4444444444444444,0.1935483870967742,0.46031746031746035,45
1,500,log_loss,6,25,12,sqrt,balanced_subsample,6,60,60,0.8181818181818182,0.8181818181818182,0.9256198347107438,44
1,500,log_loss,6,25,12,sqrt,balanced_subsample,6,61,61,0.7906976744186046,0.7692307692307693,0.8744588744588744,43
1,500,log_loss,6,25,12,sqrt,balanced_subsample,6,62,62,0.7777777777777778,0.782608695652174,0.9150197628458498,45
1,500,log_loss,6,25,12,sqrt,balanced_subsample,6,63,63,0.6046511627906976,0.41379310344827586,0.5887445887445888,43
1,500,log_loss,6,25,12,sqrt,balanced_subsample,6,64,64,0.6,0.47058823529411764,0.7450592885375494,45
1,500,log_loss,6,25,12,sqrt,balanced_subsample,6,65,65,0.6888888888888889,0.6818181818181818,0.7619047619047619,45
1,500,log_loss,6,25,12,sqrt,balanced_subsample,6,66,66,0.4666666666666667,0.4782608695652174,0.4861660079051383,45
1,500,log_loss,6,25,12,sqrt,balanced_subsample,6,67,67,0.5555555555555556,0.2857142857142857,0.6225296442687747,45
1,500,log_loss,6,25,12,sqrt,balanced_subsample,6,68,68,0.5111111111111111,0.08333333333333333,0.6521739130434783,45
1,500,log_loss,6,25,12,sqrt,balanced_subsample,6,69,69,0.5555555555555556,0.6,0.5992063492063492,45
1,500,log_loss,6,25,12,sqrt,balanced_subsample,6,70,70,0.7555555555555555,0.7441860465116279,0.7608695652173912,45
1,500,log_loss,6,25,12,sqrt,balanced_subsample,6,71,71,0.6444444444444445,0.4666666666666667,0.9347826086956521,45
1,500,log_loss,6,25,12,sqrt,balanced_subsample,6,72,72,0.7333333333333333,0.6842105263157895,0.8873517786561265,45
1,500,log_loss,6,25,12,sqrt,balanced_subsample,6,73,73,0.5777777777777777,0.2962962962962963,0.6976284584980237,45
1,500,log_loss,6,25,12,sqrt,balanced_subsample,6,74,74,0.5333333333333333,0.27586206896551724,0.4880952380952381,45
1,500,log_loss,6,25,12,sqrt,balanced_subsample,6,75,75,0.7073170731707317,0.7142857142857143,0.8166666666666667,41
1,500,log_loss,6,25,12,sqrt,balanced_subsample,6,76,76,0.5777777777777777,0.6666666666666666,0.6442687747035574,45
1,500,log_loss,6,25,12,sqrt,balanced_subsample,6,77,77,0.5333333333333333,0.5882352941176471,0.5357142857142857,45
1,500,log_loss,6,25,12,sqrt,balanced_subsample,6,78,78,0.5555555555555556,0.6428571428571429,0.6363636363636364,45
1,500,log_loss,6,25,12,sqrt,balanced_subsample,6,79,79,0.65,0.5333333333333333,0.645,40
1,500,log_loss,6,25,12,sqrt,balanced_subsample,6,80,80,0.4888888888888889,0.0,0.6620553359683795,45
1,500,log_loss,6,25,12,sqrt,balanced_subsample,6,81,81,0.5555555555555556,0.23076923076923078,0.8023715415019763,45
1,500,log_loss,6,25,12,sqrt,balanced_subsample,6,82,82,0.5555555555555556,0.6774193548387096,0.6877470355731226,45
1,500,log_loss,6,25,12,sqrt,balanced_subsample,6,83,83,0.5526315789473685,0.19047619047619047,0.7645429362880886,38
1,500,log_loss,6,25,12,sqrt,balanced_subsample,6,84,84,0.6590909090909091,0.6341463414634146,0.7412008281573499,44
1,500,log_loss,6,25,12,sqrt,balanced_subsample,6,85,85,0.5681818181818182,0.6885245901639344,0.888198757763975,44
1,500,log_loss,6,25,12,sqrt,balanced_subsample,6,86,86,0.6818181818181818,0.65,0.7929606625258799,44
1,500,log_loss,6,25,12,sqrt,balanced_subsample,6,87,87,0.4888888888888889,0.6229508196721312,0.525691699604743,45
1,500,log_loss,6,25,12,sqrt,balanced_subsample,6,88,88,0.4727272727272727,0.12121212121212122,0.5277777777777778,55
1,500,log_loss,6,25,12,sqrt,balanced_subsample,6,89,89,0.7555555555555555,0.7755102040816326,0.7956349206349207,45
1,500,log_loss,6,25,12,sqrt,balanced_subsample,6,90,90,0.5111111111111111,0.5416666666666666,0.5059288537549407,45
1,500,log_loss,6,25,12,sqrt,balanced_subsample,6,91,91,0.5227272727272727,0.676923076923077,0.7458677685950412,44
1,500,log_loss,6,25,12,sqrt,balanced_subsample,6,92,92,0.5892857142857143,0.43902439024390244,0.7435897435897436,56
1,500,log_loss,6,25,12,sqrt,balanced_subsample,6,93,93,0.7333333333333333,0.7,0.8221343873517787,45
1,500,log_loss,6,25,12,sqrt,balanced_subsample,6,94,94,0.8181818181818182,0.8518518518518519,0.9937888198757765,44
1,500,log_loss,6,25,12,sqrt,balanced_subsample,6,95,95,0.32142857142857145,0.4864864864864865,0.5520833333333333,28
1,500,log_loss,6,25,12,sqrt,balanced_subsample,6,96,96,0.5238095238095238,0.6774193548387096,0.5079365079365079,42
1,500,log_loss,6,25,12,sqrt,balanced_subsample,6,97,97,0.5,0.0,0.5764462809917356,44
1,500,log_loss,6,25,12,sqrt,balanced_subsample,6,98,98,0.5111111111111111,0.6451612903225806,0.5711462450592886,45
1,500,log_loss,6,25,12,sqrt,balanced_subsample,6,99,99,0.5116279069767442,0.46153846153846156,0.5151515151515151,43
1,500,log_loss,6,25,12,sqrt,balanced_subsample,6,100,100,0.5555555555555556,0.6363636363636364,0.5987654320987654,36
1,500,log_loss,6,25,12,sqrt,balanced_subsample,6,101,101,0.4888888888888889,0.0,0.650197628458498,45
1,500,log_loss,6,25,12,sqrt,balanced_subsample,6,102,102,0.5333333333333333,0.16,0.7569169960474309,45
1,500,log_loss,6,25,12,sqrt,balanced_subsample,6,103,103,0.627906976744186,0.5555555555555556,0.7099567099567099,43
1,500,log_loss,6,25,12,sqrt,balanced_subsample,6,104,104,0.5116279069767442,0.5333333333333333,0.512987012987013,43
1,500,log_loss,6,25,12,sqrt,balanced_subsample,6,105,105,0.5333333333333333,0.3225806451612903,0.5158102766798419,45
1,500,log_loss,6,25,12,sqrt,balanced_subsample,6,106,106,0.6444444444444445,0.6190476190476191,0.7242063492063492,45
1,500,log_loss,6,25,12,sqrt,balanced_subsample,6,107,107,0.5555555555555556,0.5454545454545454,0.5535714285714286,45
1,500,log_loss,6,25,12,sqrt,balanced_subsample,6,108,108,0.8,0.7692307692307693,0.8794466403162056,45
2,450,entropy,4,15,2,sqrt,balanced,6,1,1,0.6222222222222222,0.711864406779661,0.775691699604743,45
2,450,entropy,4,15,2,sqrt,balanced,6,2,2,0.8444444444444444,0.8205128205128205,0.8735177865612649,45
2,450,entropy,4,15,2,sqrt,balanced,6,3,3,0.4444444444444444,0.6031746031746031,0.5296442687747036,45
2,450,entropy,4,15,2,sqrt,balanced,6,4,4,0.6,0.4,0.7302371541501976,45
2,450,entropy,4,15,2,sqrt,balanced,6,5,5,0.4222222222222222,0.2777777777777778,0.37103174603174605,45
2,450,entropy,4,15,2,sqrt,balanced,6,6,6,0.5555555555555556,0.3333333333333333,0.5773809523809524,45
2,450,entropy,4,15,2,sqrt,balanced,6,7,7,0.7333333333333333,0.7857142857142857,0.9209486166007905,45
2,450,entropy,4,15,2,sqrt,balanced,6,8,8,0.6,0.4,0.7173913043478262,45
2,450,entropy,4,15,2,sqrt,balanced,6,9,9,0.5333333333333333,0.5882352941176471,0.5793650793650794,45
2,450,entropy,4,15,2,sqrt,balanced,6,10,10,0.6222222222222222,0.6222222222222222,0.7341269841269841,45
2,450,entropy,4,15,2,sqrt,balanced,6,11,11,0.4666666666666667,0.6129032258064516,0.4901185770750988,45
2,450,entropy,4,15,2,sqrt,balanced,6,12,12,0.5333333333333333,0.3225806451612903,0.6001984126984128,45
2,450,entropy,4,15,2,sqrt,balanced,6,13,13,0.7428571428571429,0.7567567567567568,0.7777777777777778,35
2,450,entropy,4,15,2,sqrt,balanced,6,14,14,0.6222222222222222,0.7213114754098361,0.5968379446640316,45
2,450,entropy,4,15,2,sqrt,balanced,6,15,15,0.5333333333333333,0.676923076923077,0.8715415019762845,45
2,450,entropy,4,15,2,sqrt,balanced,6,16,16,0.5333333333333333,0.3225806451612903,0.6719367588932806,45
2,450,entropy,4,15,2,sqrt,balanced,6,17,17,0.5476190476190477,0.09523809523809523,0.6295454545454545,42
2,450,entropy,4,15,2,sqrt,balanced,6,18,18,0.4888888888888889,0.30303030303030304,0.4980237154150198,45
2,450,entropy,4,15,2,sqrt,balanced,6,19,19,0.5333333333333333,0.6440677966101694,0.7984189723320159,45
2,450,entropy,4,15,2,sqrt,balanced,6,20,20,0.5111111111111111,0.0,0.43478260869565216,45
2,450,entropy,4,15,2,sqrt,balanced,6,21,21,0.6222222222222222,0.48484848484848486,0.6924603174603174,45
2,450,entropy,4,15,2,sqrt,balanced,6,22,22,0.5555555555555556,0.696969696969697,0.6640316205533596,45
2,450,entropy,4,15,2,sqrt,balanced,6,23,23,0.5909090909090909,0.7,0.8119834710743801,44
2,450,entropy,4,15,2,sqrt,balanced,6,24,24,0.5,0.3076923076923077,0.36363636363636365,18
2,450,entropy,4,15,2,sqrt,balanced,6,25,25,0.5111111111111111,0.35294117647058826,0.6027667984189724,45
2,450,entropy,4,15,2,sqrt,balanced,6,26,26,0.5777777777777777,0.42424242424242425,0.7202380952380952,45
2,450,entropy,4,15,2,sqrt,balanced,6,27,27,0.4888888888888889,0.6461538461538462,0.5691699604743083,45
2,450,entropy,4,15,2,sqrt,balanced,6,28,28,0.5111111111111111,0.42105263157894735,0.4881422924901186,45
2,450,entropy,4,15,2,sqrt,balanced,6,29,29,0.8222222222222222,0.84,0.8794466403162056,45
2,450,entropy,4,15,2,sqrt,balanced,6,30,30,0.4666666666666667,0.0,0.47718253968253976,45
2,450,entropy,4,15,2,sqrt,balanced,6,31,31,0.8222222222222222,0.8518518518518519,0.9683794466403162,45
2,450,entropy,4,15,2,sqrt,balanced,6,32,32,0.8636363636363636,0.88,0.9026915113871636,44
2,450,entropy,4,15,2,sqrt,balanced,6,33,33,0.7333333333333333,0.6666666666666666,0.8695652173913043,45
2,450,entropy,4,15,2,sqrt,balanced,6,34,34,0.7333333333333333,0.6666666666666666,0.9603174603174603,45
2,450,entropy,4,15,2,sqrt,balanced,6,35,35,0.5111111111111111,0.08333333333333333,0.7845849802371542,45
2,450,entropy,4,15,2,sqrt,balanced,6,36,36,0.45454545454545453,0.5555555555555556,0.4958677685950414,44
2,450,entropy,4,15,2,sqrt,balanced,6,37,37,0.5111111111111111,0.0,0.5652173913043479,45
2,450,entropy,4,15,2,sqrt,balanced,6,38,38,0.4888888888888889,0.5106382978723404,0.5533596837944664,45
2,450,entropy,4,15,2,sqrt,balanced,6,39,39,0.4318181818181818,0.46808510638297873,0.3871635610766045,44
2,450,entropy,4,15,2,sqrt,balanced,6,40,40,0.5111111111111111,0.5769230769230769,0.4861111111111111,45
2,450,entropy,4,15,2,sqrt,balanced,6,41,41,0.5333333333333333,0.0,0.6666666666666667,45
2,450,entropy,4,15,2,sqrt,balanced,6,42,42,0.7555555555555555,0.6857142857142857,0.9446640316205533,45
2,450,entropy,4,15,2,sqrt,balanced,6,43,43,0.7777777777777778,0.7058823529411765,0.8438735177865613,45
2,450,entropy,4,15,2,sqrt,balanced,6,44,44,0.7241379310344828,0.7333333333333333,0.7523809523809524,29
2,450,entropy,4,15,2,sqrt,balanced,6,45,45,0.6444444444444445,0.5555555555555556,0.7430830039525692,45
2,450,entropy,4,15,2,sqrt,balanced,6,46,46,0.5555555555555556,0.5454545454545454,0.5909090909090909,45
2,450,entropy,4,15,2,sqrt,balanced,6,47,47,0.5111111111111111,0.0,0.5942460317460317,45
2,450,entropy,4,15,2,sqrt,balanced,6,48,48,0.7647058823529411,0.75,0.8714285714285714,17
2,450,entropy,4,15,2,sqrt,balanced,6,49,49,0.8222222222222222,0.8095238095238095,0.9169960474308301,45
2,450,entropy,4,15,2,sqrt,balanced,6,50,50,0.5111111111111111,0.0,0.5938735177865613,45
2,450,entropy,4,15,2,sqrt,balanced,6,51,51,0.5333333333333333,0.0,0.42460317460317465,45
2,450,entropy,4,15,2,sqrt,balanced,6,52,52,0.7317073170731707,0.6206896551724138,0.8157894736842105,41
2,450,entropy,4,15,2,sqrt,balanced,6,53,53,0.5813953488372093,0.47058823529411764,0.6277056277056277,43
2,450,entropy,4,15,2,sqrt,balanced,6,54,54,0.6153846153846154,0.6808510638297872,0.8288043478260869,39
2,450,entropy,4,15,2,sqrt,balanced,6,55,55,0.5111111111111111,0.0,0.7707509881422925,45
2,450,entropy,4,15,2,sqrt,balanced,6,56,56,0.8636363636363636,0.88,0.9380165289256198,44
2,450,entropy,4,15,2,sqrt,balanced,6,57,57,0.6,0.6538461538461539,0.6865079365079365,45
2,450,entropy,4,15,2,sqrt,balanced,6,58,58,0.5333333333333333,0.631578947368421,0.5714285714285714,45
2,450,entropy,4,15,2,sqrt,balanced,6,59,59,0.4222222222222222,0.1875,0.4742063492063492,45
2,450,entropy,4,15,2,sqrt,balanced,6,60,60,0.7954545454545454,0.8,0.921487603305785,44
2,450,entropy,4,15,2,sqrt,balanced,6,61,61,0.7674418604651163,0.7727272727272727,0.8722943722943723,43
2,450,entropy,4,15,2,sqrt,balanced,6,62,62,0.7333333333333333,0.7142857142857143,0.8992094861660079,45
2,450,entropy,4,15,2,sqrt,balanced,6,63,63,0.5813953488372093,0.5,0.5822510822510822,43
2,450,entropy,4,15,2,sqrt,balanced,6,64,64,0.5555555555555556,0.16666666666666666,0.6640316205533596,45
2,450,entropy,4,15,2,sqrt,balanced,6,65,65,0.6888888888888889,0.6818181818181818,0.7361111111111112,45
2,450,entropy,4,15,2,sqrt,balanced,6,66,66,0.4666666666666667,0.42857142857142855,0.4841897233201581,45
2,450,entropy,4,15,2,sqrt,balanced,6,67,67,0.5555555555555556,0.2857142857142857,0.6304347826086957,45
2,450,entropy,4,15,2,sqrt,balanced,6,68,68,0.4888888888888889,0.0,0.6699604743083003,45
2,450,entropy,4,15,2,sqrt,balanced,6,69,69,0.5333333333333333,0.5714285714285714,0.5992063492063492,45
2,450,entropy,4,15,2,sqrt,balanced,6,70,70,0.6888888888888889,0.6956521739130435,0.766798418972332,45
2,450,entropy,4,15,2,sqrt,balanced,6,71,71,0.7333333333333333,0.6470588235294118,0.9387351778656128,45
2,450,entropy,4,15,2,sqrt,balanced,6,72,72,0.6222222222222222,0.45161290322580644,0.8033596837944664,45
2,450,entropy,4,15,2,sqrt,balanced,6,73,73,0.5333333333333333,0.08695652173913043,0.6758893280632412,45
2,450,entropy,4,15,2,sqrt,balanced,6,74,74,0.5777777777777777,0.2962962962962963,0.5099206349206349,45
2,450,entropy,4,15,2,sqrt,balanced,6,75,75,0.8048780487804879,0.7647058823529411,0.8666666666666666,41
2,450,entropy,4,15,2,sqrt,balanced,6,76,76,0.5555555555555556,0.4444444444444444,0.6027667984189723,45
2,450,entropy,4,15,2,sqrt,balanced,6,77,77,0.5777777777777777,0.6122448979591837,0.5575396825396826,45
2,450,entropy,4,15,2,sqrt,balanced,6,78,78,0.4888888888888889,0.5306122448979592,0.5988142292490118,45
2,450,entropy,4,15,2,sqrt,balanced,6,79,79,0.65,0.5625,0.6174999999999999,40
2,450,entropy,4,15,2,sqrt,balanced,6,80,80,0.5111111111111111,0.08333333333333333,0.6284584980237155,45
2,450,entropy,4,15,2,sqrt,balanced,6,81,81,0.5777777777777777,0.2962962962962963,0.7905138339920948,45
2,450,entropy,4,15,2,sqrt,balanced,6,82,82,0.5333333333333333,0.676923076923077,0.7509881422924901,45
2,450,entropy,4,15,2,sqrt,balanced,6,83,83,0.6052631578947368,0.34782608695652173,0.7700831024930748,38
2,450,entropy,4,15,2,sqrt,balanced,6,84,84,0.6136363636363636,0.5641025641025641,0.7308488612836439,44
2,450,entropy,4,15,2,sqrt,balanced,6,85,85,0.5,0.65625,0.8737060041407867,44
2,450,entropy,4,15,2,sqrt,balanced,6,86,86,0.6818181818181818,0.65,0.7795031055900622,44
2,450,entropy,4,15,2,sqrt,balanced,6,87,87,0.5111111111111111,0.65625,0.5138339920948617,45
2,450,entropy,4,15,2,sqrt,balanced,6,88,88,0.4727272727272727,0.12121212121212122,0.5423280423280423,55
2,450,entropy,4,15,2,sqrt,balanced,6,89,89,0.6666666666666666,0.4827586206896552,0.6726190476190477,45
2,450,entropy,4,15,2,sqrt,balanced,6,90,90,0.4888888888888889,0.5306122448979592,0.4426877470355731,45
2,450,entropy,4,15,2,sqrt,balanced,6,91,91,0.5454545454545454,0.6875,0.7603305785123967,44
2,450,entropy,4,15,2,sqrt,balanced,6,92,92,0.5892857142857143,0.43902439024390244,0.7525641025641026,56
2,450,entropy,4,15,2,sqrt,balanced,6,93,93,0.7333333333333333,0.7,0.8241106719367589,45
2,450,entropy,4,15,2,sqrt,balanced,6,94,94,0.8181818181818182,0.8518518518518519,1.0,44
2,450,entropy,4,15,2,sqrt,balanced,6,95,95,0.32142857142857145,0.4864864864864865,0.5833333333333334,28
2,450,entropy,4,15,2,sqrt,balanced,6,96,96,0.5,0.6666666666666666,0.5056689342403629,42
2,450,entropy,4,15,2,sqrt,balanced,6,97,97,0.5,0.0,0.5764462809917356,44
2,450,entropy,4,15,2,sqrt,balanced,6,98,98,0.5555555555555556,0.6666666666666666,0.549407114624506,45
2,450,entropy,4,15,2,sqrt,balanced,6,99,99,0.5116279069767442,0.46153846153846156,0.49134199134199136,43
2,450,entropy,4,15,2,sqrt,balanced,6,100,100,0.5277777777777778,0.6222222222222222,0.5802469135802469,36
2,450,entropy,4,15,2,sqrt,balanced,6,101,101,0.4888888888888889,0.0,0.6640316205533597,45
2,450,entropy,4,15,2,sqrt,balanced,6,102,102,0.4888888888888889,0.0,0.7440711462450592,45
2,450,entropy,4,15,2,sqrt,balanced,6,103,103,0.6744186046511628,0.631578947368421,0.712121212121212,43
2,450,entropy,4,15,2,sqrt,balanced,6,104,104,0.46511627906976744,0.30303030303030304,0.5194805194805194,43
2,450,entropy,4,15,2,sqrt,balanced,6,105,105,0.5333333333333333,0.08695652173913043,0.5059288537549407,45
2,450,entropy,4,15,2,sqrt,balanced,6,106,106,0.6666666666666666,0.6511627906976745,0.7400793650793651,45
2,450,entropy,4,15,2,sqrt,balanced,6,107,107,0.5111111111111111,0.5,0.5277777777777778,45
2,450,entropy,4,15,2,sqrt,balanced,6,108,108,0.8222222222222222,0.8,0.8656126482213439,45
3,500,entropy,4,15,6,,balanced_subsample,6,1,1,0.6222222222222222,0.711864406779661,0.7569169960474309,45
3,500,entropy,4,15,6,,balanced_subsample,6,2,2,0.6888888888888889,0.5625,0.8320158102766798,45
3,500,entropy,4,15,6,,balanced_subsample,6,3,3,0.4666666666666667,0.6,0.4525691699604743,45
3,500,entropy,4,15,6,,balanced_subsample,6,4,4,0.4888888888888889,0.6567164179104478,0.724308300395257,45
3,500,entropy,4,15,6,,balanced_subsample,6,5,5,0.37777777777777777,0.46153846153846156,0.3382936507936508,45
3,500,entropy,4,15,6,,balanced_subsample,6,6,6,0.5555555555555556,0.16666666666666666,0.5059523809523809,45
3,500,entropy,4,15,6,,balanced_subsample,6,7,7,0.5555555555555556,0.6875,0.9308300395256918,45
3,500,entropy,4,15,6,,balanced_subsample,6,8,8,0.6666666666666666,0.7169811320754716,0.6867588932806323,45
3,500,entropy,4,15,6,,balanced_subsample,6,9,9,0.5555555555555556,0.23076923076923078,0.6031746031746033,45
3,500,entropy,4,15,6,,balanced_subsample,6,10,10,0.6444444444444445,0.6190476190476191,0.6964285714285714,45
3,500,entropy,4,15,6,,balanced_subsample,6,11,11,0.6,0.4375,0.5889328063241107,45
3,500,entropy,4,15,6,,balanced_subsample,6,12,12,0.4888888888888889,0.14814814814814814,0.6656746031746033,45
3,500,entropy,4,15,6,,balanced_subsample,6,13,13,0.8571428571428571,0.8387096774193549,0.8921568627450981,35
3,500,entropy,4,15,6,,balanced_subsample,6,14,14,0.6,0.6785714285714286,0.7272727272727273,45
3,500,entropy,4,15,6,,balanced_subsample,6,15,15,0.6444444444444445,0.7333333333333333,0.8992094861660078,45
3,500,entropy,4,15,6,,balanced_subsample,6,16,16,0.5555555555555556,0.47368421052631576,0.5355731225296443,45
3,500,entropy,4,15,6,,balanced_subsample,6,17,17,0.5238095238095238,0.0,0.5977272727272728,42
3,500,entropy,4,15,6,,balanced_subsample,6,18,18,0.4444444444444444,0.0,0.33695652173913043,45
3,500,entropy,4,15,6,,balanced_subsample,6,19,19,0.6888888888888889,0.72,0.7628458498023715,45
3,500,entropy,4,15,6,,balanced_subsample,6,20,20,0.5111111111111111,0.0,0.5217391304347827,45
3,500,entropy,4,15,6,,balanced_subsample,6,21,21,0.6444444444444445,0.68,0.7142857142857143,45
3,500,entropy,4,15,6,,balanced_subsample,6,22,22,0.6666666666666666,0.7272727272727273,0.673913043478261,45
3,500,entropy,4,15,6,,balanced_subsample,6,23,23,0.6590909090909091,0.7368421052631579,0.8243801652892563,44
3,500,entropy,4,15,6,,balanced_subsample,6,24,24,0.5,0.3076923076923077,0.37662337662337664,18
3,500,entropy,4,15,6,,balanced_subsample,6,25,25,0.5777777777777777,0.3448275862068966,0.6778656126482213,45
3,500,entropy,4,15,6,,balanced_subsample,6,26,26,0.6222222222222222,0.6530612244897959,0.683531746031746,45
3,500,entropy,4,15,6,,balanced_subsample,6,27,27,0.5111111111111111,0.6206896551724138,0.6047430830039526,45
3,500,entropy,4,15,6,,balanced_subsample,6,28,28,0.4222222222222222,0.1875,0.49209486166007904,45
3,500,entropy,4,15,6,,balanced_subsample,6,29,29,0.6888888888888889,0.7586206896551724,0.8537549407114624,45
3,500,entropy,4,15,6,,balanced_subsample,6,30,30,0.5111111111111111,0.08333333333333333,0.5228174603174603,45
3,500,entropy,4,15,6,,balanced_subsample,6,31,31,0.8666666666666667,0.875,0.9743083003952568,45
3,500,entropy,4,15,6,,balanced_subsample,6,32,32,0.8181818181818182,0.84,0.8902691511387164,44
3,500,entropy,4,15,6,,balanced_subsample,6,33,33,0.7333333333333333,0.6666666666666666,0.8359683794466404,45
3,500,entropy,4,15,6,,balanced_subsample,6,34,34,0.9111111111111111,0.9130434782608695,0.9751984126984127,45
3,500,entropy,4,15,6,,balanced_subsample,6,35,35,0.5777777777777777,0.2962962962962963,0.7667984189723319,45
3,500,entropy,4,15,6,,balanced_subsample,6,36,36,0.4090909090909091,0.4583333333333333,0.44628099173553715,44
3,500,entropy,4,15,6,,balanced_subsample,6,37,37,0.5111111111111111,0.0,0.5602766798418972,45
3,500,entropy,4,15,6,,balanced_subsample,6,38,38,0.5777777777777777,0.4864864864864865,0.5375494071146245,45
3,500,entropy,4,15,6,,balanced_subsample,6,39,39,0.5,0.26666666666666666,0.432712215320911,44
3,500,entropy,4,15,6,,balanced_subsample,6,40,40,0.4666666666666667,0.07692307692307693,0.47023809523809523,45
3,500,entropy,4,15,6,,balanced_subsample,6,41,41,0.5333333333333333,0.0,0.7718253968253967,45
3,500,entropy,4,15,6,,balanced_subsample,6,42,42,0.9111111111111111,0.9130434782608695,0.9347826086956522,45
3,500,entropy,4,15,6,,balanced_subsample,6,43,43,0.6666666666666666,0.4827586206896552,0.8715415019762845,45
3,500,entropy,4,15,6,,balanced_subsample,6,44,44,0.6551724137931034,0.5833333333333334,0.7380952380952381,29
3,500,entropy,4,15,6,,balanced_subsample,6,45,45,0.5111111111111111,0.08333333333333333,0.782608695652174,45
3,500,entropy,4,15,6,,balanced_subsample,6,46,46,0.6,0.5909090909090909,0.6047430830039526,45
3,500,entropy,4,15,6,,balanced_subsample,6,47,47,0.4888888888888889,0.6349206349206349,0.6408730158730159,45
3,500,entropy,4,15,6,,balanced_subsample,6,48,48,0.8235294117647058,0.8421052631578947,0.8428571428571429,17
3,500,entropy,4,15,6,,balanced_subsample,6,49,49,0.7777777777777778,0.75,0.9090909090909092,45
3,500,entropy,4,15,6,,balanced_subsample,6,50,50,0.5111111111111111,0.0,0.642292490118577,45
3,500,entropy,4,15,6,,balanced_subsample,6,51,51,0.4666666666666667,0.6363636363636364,0.45634920634920634,45
3,500,entropy,4,15,6,,balanced_subsample,6,52,52,0.7317073170731707,0.5925925925925926,0.8277511961722488,41
3,500,entropy,4,15,6,,balanced_subsample,6,53,53,0.5348837209302325,0.2857142857142857,0.6082251082251082,43
3,500,entropy,4,15,6,,balanced_subsample,6,54,54,0.6923076923076923,0.7142857142857143,0.8152173913043478,39
3,500,entropy,4,15,6,,balanced_subsample,6,55,55,0.5111111111111111,0.0,0.9110671936758894,45
3,500,entropy,4,15,6,,balanced_subsample,6,56,56,0.6818181818181818,0.75,0.902892561983471,44
3,500,entropy,4,15,6,,balanced_subsample,6,57,57,0.6222222222222222,0.6046511627906976,0.6607142857142857,45
3,500,entropy,4,15,6,,balanced_subsample,6,58,58,0.5333333333333333,0.5714285714285714,0.6349206349206349,45
3,500,entropy,4,15,6,,balanced_subsample,6,59,59,0.4666666666666667,0.14285714285714285,0.44246031746031744,45
3,500,entropy,4,15,6,,balanced_subsample,6,60,60,0.7954545454545454,0.8,0.8987603305785125,44
3,500,entropy,4,15,6,,balanced_subsample,6,61,61,0.7906976744186046,0.7906976744186046,0.8593073593073594,43
3,500,entropy,4,15,6,,balanced_subsample,6,62,62,0.7777777777777778,0.7916666666666666,0.8893280632411067,45
3,500,entropy,4,15,6,,balanced_subsample,6,63,63,0.4883720930232558,0.0,0.5,43
3,500,entropy,4,15,6,,balanced_subsample,6,64,64,0.5333333333333333,0.27586206896551724,0.592885375494071,45
3,500,entropy,4,15,6,,balanced_subsample,6,65,65,0.6,0.55,0.7559523809523809,45
3,500,entropy,4,15,6,,balanced_subsample,6,66,66,0.4444444444444444,0.5454545454545454,0.5355731225296443,45
3,500,entropy,4,15,6,,balanced_subsample,6,67,67,0.5333333333333333,0.2222222222222222,0.6314229249011858,45
3,500,entropy,4,15,6,,balanced_subsample,6,68,68,0.5111111111111111,0.08333333333333333,0.7055335968379446,45
3,500,entropy,4,15,6,,balanced_subsample,6,69,69,0.4666666666666667,0.4782608695652174,0.5297619047619048,45
3,500,entropy,4,15,6,,balanced_subsample,6,70,70,0.7333333333333333,0.7142857142857143,0.8043478260869565,45
3,500,entropy,4,15,6,,balanced_subsample,6,71,71,0.6888888888888889,0.5625,0.9347826086956521,45
3,500,entropy,4,15,6,,balanced_subsample,6,72,72,0.7777777777777778,0.75,0.8962450592885375,45
3,500,entropy,4,15,6,,balanced_subsample,6,73,73,0.5777777777777777,0.6666666666666666,0.682806324110672,45
3,500,entropy,4,15,6,,balanced_subsample,6,74,74,0.4666666666666667,0.5862068965517241,0.49404761904761907,45
3,500,entropy,4,15,6,,balanced_subsample,6,75,75,0.6585365853658537,0.5,0.888095238095238,41
3,500,entropy,4,15,6,,balanced_subsample,6,76,76,0.4666666666666667,0.52,0.5454545454545454,45
3,500,entropy,4,15,6,,balanced_subsample,6,77,77,0.6,0.625,0.5595238095238095,45
3,500,entropy,4,15,6,,balanced_subsample,6,78,78,0.5111111111111111,0.6071428571428571,0.5810276679841898,45
3,500,entropy,4,15,6,,balanced_subsample,6,79,79,0.65,0.5625,0.6225,40
3,500,entropy,4,15,6,,balanced_subsample,6,80,80,0.5333333333333333,0.08695652173913043,0.5869565217391305,45
3,500,entropy,4,15,6,,balanced_subsample,6,81,81,0.4888888888888889,0.0,0.8142292490118578,45
3,500,entropy,4,15,6,,balanced_subsample,6,82,82,0.5111111111111111,0.65625,0.741106719367589,45
3,500,entropy,4,15,6,,balanced_subsample,6,83,83,0.5789473684210527,0.2727272727272727,0.7700831024930748,38
3,500,entropy,4,15,6,,balanced_subsample,6,84,84,0.6818181818181818,0.6111111111111112,0.7060041407867496,44
3,500,entropy,4,15,6,,balanced_subsample,6,85,85,0.6136363636363636,0.711864406779661,0.8840579710144928,44
3,500,entropy,4,15,6,,balanced_subsample,6,86,86,0.7272727272727273,0.7,0.8157349896480331,44
3,500,entropy,4,15,6,,balanced_subsample,6,87,87,0.5111111111111111,0.56,0.5,45
3,500,entropy,4,15,6,,balanced_subsample,6,88,88,0.45454545454545453,0.0625,0.511904761904762,55
3,500,entropy,4,15,6,,balanced_subsample,6,89,89,0.4888888888888889,0.5964912280701754,0.626984126984127,45
3,500,entropy,4,15,6,,balanced_subsample,6,90,90,0.4666666666666667,0.42857142857142855,0.45849802371541504,45
3,500,entropy,4,15,6,,balanced_subsample,6,91,91,0.6818181818181818,0.7407407407407407,0.731404958677686,44
3,500,entropy,4,15,6,,balanced_subsample,6,92,92,0.5892857142857143,0.43902439024390244,0.7448717948717949,56
3,500,entropy,4,15,6,,balanced_subsample,6,93,93,0.7555555555555555,0.7555555555555555,0.8527667984189724,45
3,500,entropy,4,15,6,,balanced_subsample,6,94,94,0.7954545454545454,0.8363636363636363,0.989648033126294,44
3,500,entropy,4,15,6,,balanced_subsample,6,95,95,0.5357142857142857,0.5185185185185185,0.5625,28
3,500,entropy,4,15,6,,balanced_subsample,6,96,96,0.5,0.631578947368421,0.5804988662131519,42
3,500,entropy,4,15,6,,balanced_subsample,6,97,97,0.5,0.0,0.5702479338842975,44
3,500,entropy,4,15,6,,balanced_subsample,6,98,98,0.5555555555555556,0.5652173913043478,0.5256916996047432,45
3,500,entropy,4,15,6,,balanced_subsample,6,99,99,0.4186046511627907,0.4186046511627907,0.41125541125541126,43
3,500,entropy,4,15,6,,balanced_subsample,6,100,100,0.5277777777777778,0.48484848484848486,0.5925925925925927,36
3,500,entropy,4,15,6,,balanced_subsample,6,101,101,0.4888888888888889,0.0,0.683794466403162,45
3,500,entropy,4,15,6,,balanced_subsample,6,102,102,0.4888888888888889,0.0,0.7164031620553359,45
3,500,entropy,4,15,6,,balanced_subsample,6,103,103,0.5813953488372093,0.47058823529411764,0.722943722943723,43
3,500,entropy,4,15,6,,balanced_subsample,6,104,104,0.5348837209302325,0.6153846153846154,0.5335497835497836,43
3,500,entropy,4,15,6,,balanced_subsample,6,105,105,0.6,0.47058823529411764,0.5474308300395256,45
3,500,entropy,4,15,6,,balanced_subsample,6,106,106,0.6222222222222222,0.5853658536585366,0.6666666666666666,45
3,500,entropy,4,15,6,,balanced_subsample,6,107,107,0.4888888888888889,0.5306122448979592,0.49503968253968256,45
3,500,entropy,4,15,6,,balanced_subsample,6,108,108,0.8222222222222222,0.7894736842105263,0.8794466403162056,45
4,400,log_loss,3,15,10,sqrt,balanced_subsample,6,1,1,0.6444444444444445,0.7241379310344828,0.7470355731225297,45
4,400,log_loss,3,15,10,sqrt,balanced_subsample,6,2,2,0.7777777777777778,0.75,0.8577075098814229,45
4,400,log_loss,3,15,10,sqrt,balanced_subsample,6,3,3,0.4666666666666667,0.625,0.5355731225296443,45
4,400,log_loss,3,15,10,sqrt,balanced_subsample,6,4,4,0.5333333333333333,0.16,0.6284584980237155,45
4,400,log_loss,3,15,10,sqrt,balanced_subsample,6,5,5,0.4222222222222222,0.13333333333333333,0.41468253968253976,45
4,400,log_loss,3,15,10,sqrt,balanced_subsample,6,6,6,0.5555555555555556,0.3333333333333333,0.5476190476190476,45
4,400,log_loss,3,15,10,sqrt,balanced_subsample,6,7,7,0.7777777777777778,0.8148148148148148,0.8794466403162056,45
4,400,log_loss,3,15,10,sqrt,balanced_subsample,6,8,8,0.5333333333333333,0.16,0.6689723320158103,45
4,400,log_loss,3,15,10,sqrt,balanced_subsample,6,9,9,0.4444444444444444,0.6153846153846154,0.5634920634920635,45
4,400,log_loss,3,15,10,sqrt,balanced_subsample,6,10,10,0.6666666666666666,0.6808510638297872,0.751984126984127,45
4,400,log_loss,3,15,10,sqrt,balanced_subsample,6,11,11,0.4444444444444444,0.5614035087719298,0.48221343873517786,45
4,400,log_loss,3,15,10,sqrt,balanced_subsample,6,12,12,0.4888888888888889,0.14814814814814814,0.6190476190476191,45
4,400,log_loss,3,15,10,sqrt,balanced_subsample,6,13,13,0.6857142857142857,0.717948717948718,0.7581699346405228,35
4,400,log_loss,3,15,10,sqrt,balanced_subsample,6,14,14,0.6222222222222222,0.7213114754098361,0.6007905138339921,45
4,400,log_loss,3,15,10,sqrt,balanced_subsample,6,15,15,0.5333333333333333,0.676923076923077,0.8379446640316206,45
4,400,log_loss,3,15,10,sqrt,balanced_subsample,6,16,16,0.5333333333333333,0.2222222222222222,0.616600790513834,45
4,400,log_loss,3,15,10,sqrt,balanced_subsample,6,17,17,0.5476190476190477,0.09523809523809523,0.6295454545454545,42
4,400,log_loss,3,15,10,sqrt,balanced_subsample,6,18,18,0.5555555555555556,0.4444444444444444,0.5454545454545454,45
4,400,log_loss,3,15,10,sqrt,balanced_subsample,6,19,19,0.5555555555555556,0.6666666666666666,0.7322134387351779,45
4,400,log_loss,3,15,10,sqrt,balanced_subsample,6,20,20,0.5111111111111111,0.0,0.41699604743083,45
4,400,log_loss,3,15,10,sqrt,balanced_subsample,6,21,21,0.5111111111111111,0.0,0.7103174603174602,45
4,400,log_loss,3,15,10,sqrt,balanced_subsample,6,22,22,0.5111111111111111,0.6764705882352942,0.6403162055335968,45
4,400,log_loss,3,15,10,sqrt,balanced_subsample,6,23,23,0.6136363636363636,0.711864406779661,0.7892561983471074,44
4,400,log_loss,3,15,10,sqrt,balanced_subsample,6,24,24,0.5,0.3076923076923077,0.37662337662337664,18
4,400,log_loss,3,15,10,sqrt,balanced_subsample,6,25,25,0.4888888888888889,0.0,0.5780632411067194,45
4,400,log_loss,3,15,10,sqrt,balanced_subsample,6,26,26,0.5555555555555556,0.09090909090909091,0.6815476190476191,45
4,400,log_loss,3,15,10,sqrt,balanced_subsample,6,27,27,0.4666666666666667,0.6363636363636364,0.5671936758893281,45
4,400,log_loss,3,15,10,sqrt,balanced_subsample,6,28,28,0.5777777777777777,0.5365853658536586,0.48814229249011853,45
4,400,log_loss,3,15,10,sqrt,balanced_subsample,6,29,29,0.6,0.5263157894736842,0.8379446640316205,45
4,400,log_loss,3,15,10,sqrt,balanced_subsample,6,30,30,0.5333333333333333,0.0,0.5902777777777778,45
4,400,log_loss,3,15,10,sqrt,balanced_subsample,6,31,31,0.8,0.8363636363636363,0.9841897233201581,45
4,400,log_loss,3,15,10,sqrt,balanced_subsample,6,32,32,0.8636363636363636,0.875,0.8757763975155279,44
4,400,log_loss,3,15,10,sqrt,balanced_subsample,6,33,33,0.7111111111111111,0.6285714285714286,0.8715415019762847,45
4,400,log_loss,3,15,10,sqrt,balanced_subsample,6,34,34,0.5777777777777777,0.3448275862068966,0.9444444444444444,45
4,400,log_loss,3,15,10,sqrt,balanced_subsample,6,35,35,0.4888888888888889,0.0,0.8043478260869565,45
4,400,log_loss,3,15,10,sqrt,balanced_subsample,6,36,36,0.45454545454545453,0.5555555555555556,0.4896694214876033,44
4,400,log_loss,3,15,10,sqrt,balanced_subsample,6,37,37,0.5111111111111111,0.0,0.5691699604743083,45
4,400,log_loss,3,15,10,sqrt,balanced_subsample,6,38,38,0.5111111111111111,0.5416666666666666,0.5158102766798419,45
4,400,log_loss,3,15,10,sqrt,balanced_subsample,6,39,39,0.45454545454545453,0.5,0.4554865424430642,44
4,400,log_loss,3,15,10,sqrt,balanced_subsample,6,40,40,0.5111111111111111,0.5925925925925926,0.48214285714285715,45
4,400,log_loss,3,15,10,sqrt,balanced_subsample,6,41,41,0.5333333333333333,0.0,0.6597222222222223,45
4,400,log_loss,3,15,10,sqrt,balanced_subsample,6,42,42,0.6888888888888889,0.5625,0.9683794466403162,45
4,400,log_loss,3,15,10,sqrt,balanced_subsample,6,43,43,0.7555555555555555,0.6857142857142857,0.8478260869565217,45
4,400,log_loss,3,15,10,sqrt,balanced_subsample,6,44,44,0.7241379310344828,0.7333333333333333,0.7619047619047619,29
4,400,log_loss,3,15,10,sqrt,balanced_subsample,6,45,45,0.6222222222222222,0.5405405405405406,0.691699604743083,45
4,400,log_loss,3,15,10,sqrt,balanced_subsample,6,46,46,0.5555555555555556,0.5454545454545454,0.5671936758893281,45
4,400,log_loss,3,15,10,sqrt,balanced_subsample,6,47,47,0.5333333333333333,0.0,0.5853174603174602,45
4,400,log_loss,3,15,10,sqrt,balanced_subsample,6,48,48,0.8235294117647058,0.8421052631578947,0.842857142857143,17
4,400,log_loss,3,15,10,sqrt,balanced_subsample,6,49,49,0.8222222222222222,0.8095238095238095,0.9209486166007905,45
4,400,log_loss,3,15,10,sqrt,balanced_subsample,6,50,50,0.5111111111111111,0.0,0.591897233201581,45
4,400,log_loss,3,15,10,sqrt,balanced_subsample,6,51,51,0.4444444444444444,0.07407407407407407,0.41666666666666663,45
4,400,log_loss,3,15,10,sqrt,balanced_subsample,6,52,52,0.7804878048780488,0.6896551724137931,0.8229665071770333,41
4,400,log_loss,3,15,10,sqrt,balanced_subsample,6,53,53,0.627906976744186,0.5555555555555556,0.6082251082251082,43
4,400,log_loss,3,15,10,sqrt,balanced_subsample,6,54,54,0.6410256410256411,0.6956521739130435,0.8260869565217391,39
4,400,log_loss,3,15,10,sqrt,balanced_subsample,6,55,55,0.5111111111111111,0.0,0.5464426877470356,45
4,400,log_loss,3,15,10,sqrt,balanced_subsample,6,56,56,0.7727272727272727,0.8148148148148148,0.9421487603305785,44
4,400,log_loss,3,15,10,sqrt,balanced_subsample,6,57,57,0.5111111111111111,0.6071428571428571,0.6964285714285714,45
4,400,log_loss,3,15,10,sqrt,balanced_subsample,6,58,58,0.5555555555555556,0.6551724137931034,0.5793650793650793,45
4,400,log_loss,3,15,10,sqrt,balanced_subsample,6,59,59,0.5111111111111111,0.42105263157894735,0.46825396825396826,45
4,400,log_loss,3,15,10,sqrt,balanced_subsample,6,60,60,0.7727272727272727,0.782608695652174,0.9173553719008265,44
4,400,log_loss,3,15,10,sqrt,balanced_subsample,6,61,61,0.7906976744186046,0.7906976744186046,0.8636363636363636,43
4,400,log_loss,3,15,10,sqrt,balanced_subsample,6,62,62,0.7111111111111111,0.6829268292682927,0.8873517786561265,45
4,400,log_loss,3,15,10,sqrt,balanced_subsample,6,63,63,0.5813953488372093,0.5,0.5984848484848484,43
4,400,log_loss,3,15,10,sqrt,balanced_subsample,6,64,64,0.5111111111111111,0.0,0.6887351778656126,45
4,400,log_loss,3,15,10,sqrt,balanced_subsample,6,65,65,0.6444444444444445,0.68,0.7222222222222221,45
4,400,log_loss,3,15,10,sqrt,balanced_subsample,6,66,66,0.4888888888888889,0.43902439024390244,0.4782608695652174,45
4,400,log_loss,3,15,10,sqrt,balanced_subsample,6,67,67,0.5333333333333333,0.2222222222222222,0.5721343873517787,45
4,400,log_loss,3,15,10,sqrt,balanced_subsample,6,68,68,0.4888888888888889,0.0,0.6857707509881422,45
4,400,log_loss,3,15,10,sqrt,balanced_subsample,6,69,69,0.5555555555555556,0.6153846153846154,0.5704365079365079,45
4,400,log_loss,3,15,10,sqrt,balanced_subsample,6,70,70,0.6888888888888889,0.6956521739130435,0.7984189723320159,45
4,400,log_loss,3,15,10,sqrt,balanced_subsample,6,71,71,0.6222222222222222,0.41379310344827586,0.9011857707509882,45
4,400,log_loss,3,15,10,sqrt,balanced_subsample,6,72,72,0.5555555555555556,0.23076923076923078,0.8033596837944664,45
4,400,log_loss,3,15,10,sqrt,balanced_subsample,6,73,73,0.5111111111111111,0.0,0.6679841897233202,45
4,400,log_loss,3,15,10,sqrt,balanced_subsample,6,74,74,0.5333333333333333,0.0,0.513888888888889,45
4,400,log_loss,3,15,10,sqrt,balanced_subsample,6,75,75,0.7073170731707317,0.6666666666666666,0.8357142857142857,41
4,400,log_loss,3,15,10,sqrt,balanced_subsample,6,76,76,0.4888888888888889,0.14814814814814814,0.4792490118577075,45
4,400,log_loss,3,15,10,sqrt,balanced_subsample,6,77,77,0.5555555555555556,0.6,0.5654761904761905,45
4,400,log_loss,3,15,10,sqrt,balanced_subsample,6,78,78,0.6222222222222222,0.5405405405405406,0.5671936758893281,45
4,400,log_loss,3,15,10,sqrt,balanced_subsample,6,79,79,0.65,0.5625,0.6225,40
4,400,log_loss,3,15,10,sqrt,balanced_subsample,6,80,80,0.6,0.4,0.6541501976284586,45
4,400,log_loss,3,15,10,sqrt,balanced_subsample,6,81,81,0.5111111111111111,0.08333333333333333,0.7687747035573123,45
4,400,log_loss,3,15,10,sqrt,balanced_subsample,6,82,82,0.4888888888888889,0.6567164179104478,0.74901185770751,45
4,400,log_loss,3,15,10,sqrt,balanced_subsample,6,83,83,0.6052631578947368,0.34782608695652173,0.7673130193905817,38
4,400,log_loss,3,15,10,sqrt,balanced_subsample,6,84,84,0.6363636363636364,0.6,0.7308488612836439,44
4,400,log_loss,3,15,10,sqrt,balanced_subsample,6,85,85,0.5227272727272727,0.6666666666666666,0.865424430641822,44
4,400,log_loss,3,15,10,sqrt,balanced_subsample,6,86,86,0.6818181818181818,0.631578947368421,0.8084886128364389,44
4,400,log_loss,3,15,10,sqrt,balanced_subsample,6,87,87,0.5111111111111111,0.65625,0.5138339920948617,45
4,400,log_loss,3,15,10,sqrt,balanced_subsample,6,88,88,0.4909090909090909,0.2222222222222222,0.5608465608465609,55
4,400,log_loss,3,15,10,sqrt,balanced_subsample,6,89,89,0.5333333333333333,0.0,0.7073412698412699,45
4,400,log_loss,3,15,10,sqrt,balanced_subsample,6,90,90,0.4666666666666667,0.52,0.44664031620553357,45
4,400,log_loss,3,15,10,sqrt,balanced_subsample,6,91,91,0.5681818181818182,0.6984126984126984,0.7489669421487604,44
4,400,log_loss,3,15,10,sqrt,balanced_subsample,6,92,92,0.5892857142857143,0.43902439024390244,0.7551282051282051,56
4,400,log_loss,3,15,10,sqrt,balanced_subsample,6,93,93,0.7111111111111111,0.6666666666666666,0.782608695652174,45
4,400,log_loss,3,15,10,sqrt,balanced_subsample,6,94,94,0.8181818181818182,0.8518518518518519,1.0,44
4,400,log_loss,3,15,10,sqrt,balanced_subsample,6,95,95,0.32142857142857145,0.4864864864864865,0.5572916666666667,28
4,400,log_loss,3,15,10,sqrt,balanced_subsample,6,96,96,0.5,0.6666666666666666,0.4943310657596372,42
4,400,log_loss,3,15,10,sqrt,balanced_subsample,6,97,97,0.5,0.0,0.5805785123966942,44
4,400,log_loss,3,15,10,sqrt,balanced_subsample,6,98,98,0.6,0.64,0.49011857707509887,45
4,400,log_loss,3,15,10,sqrt,balanced_subsample,6,99,99,0.4186046511627907,0.4186046511627907,0.46320346320346323,43
4,400,log_loss,3,15,10,sqrt,balanced_subsample,6,100,100,0.5277777777777778,0.6222222222222222,0.5864197530864197,36
4,400,log_loss,3,15,10,sqrt,balanced_subsample,6,101,101,0.4888888888888889,0.0,0.6383399209486166,45
4,400,log_loss,3,15,10,sqrt,balanced_subsample,6,102,102,0.4888888888888889,0.0,0.7233201581027667,45
4,400,log_loss,3,15,10,sqrt,balanced_subsample,6,103,103,0.6744186046511628,0.6111111111111112,0.7164502164502164,43
4,400,log_loss,3,15,10,sqrt,balanced_subsample,6,104,104,0.3953488372093023,0.3157894736842105,0.49242424242424243,43
4,400,log_loss,3,15,10,sqrt,balanced_subsample,6,105,105,0.5111111111111111,0.0,0.48221343873517786,45
4,400,log_loss,3,15,10,sqrt,balanced_subsample,6,106,106,0.6444444444444445,0.6521739130434783,0.7301587301587301,45
4,400,log_loss,3,15,10,sqrt,balanced_subsample,6,107,107,0.5111111111111111,0.5,0.49206349206349204,45
4,400,log_loss,3,15,10,sqrt,balanced_subsample,6,108,108,0.7777777777777778,0.7368421052631579,0.8636363636363635,45
5,200,entropy,9,20,4,,balanced_subsample,6,1,1,0.6222222222222222,0.6909090909090909,0.7549407114624507,45
5,200,entropy,9,20,4,,balanced_subsample,6,2,2,0.6888888888888889,0.5333333333333333,0.8814229249011858,45
5,200,entropy,9,20,4,,balanced_subsample,6,3,3,0.5333333333333333,0.5531914893617021,0.5,45
5,200,entropy,9,20,4,,balanced_subsample,6,4,4,0.5555555555555556,0.6875,0.7549407114624506,45
5,200,entropy,9,20,4,,balanced_subsample,6,5,5,0.4,0.49056603773584906,0.32738095238095244,45
5,200,entropy,9,20,4,,balanced_subsample,6,6,6,0.5333333333333333,0.0,0.4841269841269841,45
5,200,entropy,9,20,4,,balanced_subsample,6,7,7,0.6666666666666666,0.7457627118644068,0.9644268774703557,45
5,200,entropy,9,20,4,,balanced_subsample,6,8,8,0.6444444444444445,0.6363636363636364,0.6857707509881423,45
5,200,entropy,9,20,4,,balanced_subsample,6,9,9,0.5777777777777777,0.3448275862068966,0.6130952380952381,45
5,200,entropy,9,20,4,,balanced_subsample,6,10,10,0.6444444444444445,0.6666666666666666,0.7222222222222222,45
5,200,entropy,9,20,4,,balanced_subsample,6,11,11,0.5555555555555556,0.5238095238095238,0.6007905138339921,45
5,200,entropy,9,20,4,,balanced_subsample,6,12,12,0.5333333333333333,0.27586206896551724,0.6726190476190477,45
5,200,entropy,9,20,4,,balanced_subsample,6,13,13,0.8,0.7586206896551724,0.8562091503267975,35
5,200,entropy,9,20,4,,balanced_subsample,6,14,14,0.6666666666666666,0.7058823529411765,0.733201581027668,45
5,200,entropy,9,20,4,,balanced_subsample,6,15,15,0.5777777777777777,0.6984126984126984,0.9071146245059288,45
5,200,entropy,9,20,4,,balanced_subsample,6,16,16,0.6444444444444445,0.7037037037037037,0.6660079051383399,45
5,200,entropy,9,20,4,,balanced_subsample,6,17,17,0.5238095238095238,0.0,0.5159090909090909,42
5,200,entropy,9,20,4,,balanced_subsample,6,18,18,0.4666666666666667,0.6129032258064516,0.45553359683794464,45
5,200,entropy,9,20,4,,balanced_subsample,6,19,19,0.5777777777777777,0.6885245901639344,0.7569169960474309,45
5,200,entropy,9,20,4,,balanced_subsample,6,20,20,0.5111111111111111,0.0,0.4841897233201582,45
5,200,entropy,9,20,4,,balanced_subsample,6,21,21,0.5555555555555556,0.6296296296296297,0.7162698412698413,45
5,200,entropy,9,20,4,,balanced_subsample,6,22,22,0.6444444444444445,0.7333333333333333,0.6600790513833993,45
5,200,entropy,9,20,4,,balanced_subsample,6,23,23,0.7045454545454546,0.7547169811320755,0.8057851239669421,44
5,200,entropy,9,20,4,,balanced_subsample,6,24,24,0.5,0.3076923076923077,0.35064935064935066,18
5,200,entropy,9,20,4,,balanced_subsample,6,25,25,0.6444444444444445,0.5789473684210527,0.717391304347826,45
5,200,entropy,9,20,4,,balanced_subsample,6,26,26,0.7777777777777778,0.8076923076923077,0.7777777777777778,45
5,200,entropy,9,20,4,,balanced_subsample,6,27,27,0.4888888888888889,0.6349206349206349,0.5849802371541502,45
5,200,entropy,9,20,4,,balanced_subsample,6,28,28,0.4888888888888889,0.3783783783783784,0.5,45
5,200,entropy,9,20,4,,balanced_subsample,6,29,29,0.7777777777777778,0.8148148148148148,0.9703557312252964,45
5,200,entropy,9,20,4,,balanced_subsample,6,30,30,0.5333333333333333,0.16,0.6111111111111112,45
5,200,entropy,9,20,4,,balanced_subsample,6,31,31,0.8666666666666667,0.875,0.9782608695652173,45
5,200,entropy,9,20,4,,balanced_subsample,6,32,32,0.8409090909090909,0.8627450980392157,0.886128364389234,44
5,200,entropy,9,20,4,,balanced_subsample,6,33,33,0.7333333333333333,0.6666666666666666,0.8557312252964426,45
5,200,entropy,9,20,4,,balanced_subsample,6,34,34,0.8666666666666667,0.8846153846153846,0.9662698412698413,45
5,200,entropy,9,20,4,,balanced_subsample,6,35,35,0.6,0.35714285714285715,0.8023715415019763,45
5,200,entropy,9,20,4,,balanced_subsample,6,36,36,0.4090909090909091,0.4583333333333333,0.4111570247933884,44
5,200,entropy,9,20,4,,balanced_subsample,6,37,37,0.5111111111111111,0.0,0.5691699604743083,45
5,200,entropy,9,20,4,,balanced_subsample,6,38,38,0.5555555555555556,0.47368421052631576,0.4920948616600791,45
5,200,entropy,9,20,4,,balanced_subsample,6,39,39,0.4090909090909091,0.4090909090909091,0.39751552795031053,44
5,200,entropy,9,20,4,,balanced_subsample,6,40,40,0.4444444444444444,0.07407407407407407,0.4007936507936508,45
5,200,entropy,9,20,4,,balanced_subsample,6,41,41,0.5555555555555556,0.16666666666666666,0.7301587301587301,45
5,200,entropy,9,20,4,,balanced_subsample,6,42,42,0.8888888888888888,0.8780487804878049,0.9664031620553359,45
5,200,entropy,9,20,4,,balanced_subsample,6,43,43,0.6444444444444445,0.4666666666666667,0.7806324110671936,45
5,200,entropy,9,20,4,,balanced_subsample,6,44,44,0.5862068965517241,0.5,0.7095238095238094,29
5,200,entropy,9,20,4,,balanced_subsample,6,45,45,0.5333333333333333,0.08695652173913043,0.6324110671936759,45
5,200,entropy,9,20,4,,balanced_subsample,6,46,46,0.4888888888888889,0.3783783783783784,0.5434782608695652,45
5,200,entropy,9,20,4,,balanced_subsample,6,47,47,0.6,0.64,0.5753968253968254,45
5,200,entropy,9,20,4,,balanced_subsample,6,48,48,0.7647058823529411,0.75,0.8571428571428571,17
5,200,entropy,9,20,4,,balanced_subsample,6,49,49,0.7777777777777778,0.75,0.8814229249011858,45
5,200,entropy,9,20,4,,balanced_subsample,6,50,50,0.5333333333333333,0.08695652173913043,0.6561264822134387,45
5,200,entropy,9,20,4,,balanced_subsample,6,51,51,0.5555555555555556,0.09090909090909091,0.4117063492063493,45
5,200,entropy,9,20,4,,balanced_subsample,6,52,52,0.7317073170731707,0.6206896551724138,0.8421052631578948,41
5,200,entropy,9,20,4,,balanced_subsample,6,53,53,0.5813953488372093,0.4375,0.6017316017316017,43
5,200,entropy,9,20,4,,balanced_subsample,6,54,54,0.5897435897435898,0.6521739130434783,0.8179347826086956,39
5,200,entropy,9,20,4,,balanced_subsample,6,55,55,0.8444444444444444,0.8108108108108109,0.966403162055336,45
5,200,entropy,9,20,4,,balanced_subsample,6,56,56,0.8181818181818182,0.8,0.9049586776859504,44
5,200,entropy,9,20,4,,balanced_subsample,6,57,57,0.6222222222222222,0.5853658536585366,0.6845238095238095,45
5,200,entropy,9,20,4,,balanced_subsample,6,58,58,0.5111111111111111,0.45,0.5813492063492064,45
5,200,entropy,9,20,4,,balanced_subsample,6,59,59,0.5111111111111111,0.08333333333333333,0.4067460317460317,45
5,200,entropy,9,20,4,,balanced_subsample,6,60,60,0.7954545454545454,0.8,0.8966942148760331,44
5,200,entropy,9,20,4,,balanced_subsample,6,61,61,0.7209302325581395,0.6842105263157895,0.8614718614718615,43
5,200,entropy,9,20,4,,balanced_subsample,6,62,62,0.8888888888888888,0.8837209302325582,0.9604743083003953,45
5,200,entropy,9,20,4,,balanced_subsample,6,63,63,0.5813953488372093,0.3076923076923077,0.538961038961039,43
5,200,entropy,9,20,4,,balanced_subsample,6,64,64,0.6888888888888889,0.7307692307692307,0.7154150197628458,45
5,200,entropy,9,20,4,,balanced_subsample,6,65,65,0.6888888888888889,0.6111111111111112,0.7341269841269841,45
5,200,entropy,9,20,4,,balanced_subsample,6,66,66,0.37777777777777777,0.44,0.4644268774703557,45
5,200,entropy,9,20,4,,balanced_subsample,6,67,67,0.5555555555555556,0.3333333333333333,0.6126482213438735,45
5,200,entropy,9,20,4,,balanced_subsample,6,68,68,0.4666666666666667,0.0,0.5889328063241106,45
5,200,entropy,9,20,4,,balanced_subsample,6,69,69,0.5333333333333333,0.46153846153846156,0.5972222222222222,45
5,200,entropy,9,20,4,,balanced_subsample,6,70,70,0.7111111111111111,0.6666666666666666,0.7272727272727274,45
5,200,entropy,9,20,4,,balanced_subsample,6,71,71,0.6222222222222222,0.41379310344827586,0.9011857707509882,45
5,200,entropy,9,20,4,,balanced_subsample,6,72,72,0.8,0.7906976744186046,0.9229249011857708,45
5,200,entropy,9,20,4,,balanced_subsample,6,73,73,0.6,0.5263157894736842,0.7351778656126482,45
5,200,entropy,9,20,4,,balanced_subsample,6,74,74,0.5777777777777777,0.3870967741935484,0.5138888888888888,45
5,200,entropy,9,20,4,,balanced_subsample,6,75,75,0.7317073170731707,0.7555555555555555,0.830952380952381,41
5,200,entropy,9,20,4,,balanced_subsample,6,76,76,0.5777777777777777,0.6984126984126984,0.6778656126482213,45
5,200,entropy,9,20,4,,balanced_subsample,6,77,77,0.4888888888888889,0.5490196078431373,0.5079365079365079,45
5,200,entropy,9,20,4,,balanced_subsample,6,78,78,0.5111111111111111,0.5769230769230769,0.6363636363636364,45
5,200,entropy,9,20,4,,balanced_subsample,6,79,79,0.625,0.4827586206896552,0.6325000000000001,40
5,200,entropy,9,20,4,,balanced_subsample,6,80,80,0.5111111111111111,0.0,0.6185770750988143,45
5,200,entropy,9,20,4,,balanced_subsample,6,81,81,0.4888888888888889,0.0,0.7608695652173912,45
5,200,entropy,9,20,4,,balanced_subsample,6,82,82,0.5555555555555556,0.6774193548387096,0.7272727272727273,45
5,200,entropy,9,20,4,,balanced_subsample,6,83,83,0.5526315789473685,0.19047619047619047,0.778393351800554,38
5,200,entropy,9,20,4,,balanced_subsample,6,84,84,0.7045454545454546,0.7111111111111111,0.7204968944099379,44
5,200,entropy,9,20,4,,balanced_subsample,6,85,85,0.5909090909090909,0.6896551724137931,0.8840579710144928,44
5,200,entropy,9,20,4,,balanced_subsample,6,86,86,0.75,0.7027027027027027,0.7929606625258799,44
5,200,entropy,9,20,4,,balanced_subsample,6,87,87,0.5555555555555556,0.6153846153846154,0.5612648221343874,45
5,200,entropy,9,20,4,,balanced_subsample,6,88,88,0.4909090909090909,0.17647058823529413,0.44312169312169314,55
5,200,entropy,9,20,4,,balanced_subsample,6,89,89,0.5111111111111111,0.56,0.6309523809523809,45
5,200,entropy,9,20,4,,balanced_subsample,6,90,90,0.5333333333333333,0.5333333333333333,0.4545454545454546,45
5,200,entropy,9,20,4,,balanced_subsample,6,91,91,0.5681818181818182,0.6779661016949152,0.7417355371900827,44
5,200,entropy,9,20,4,,balanced_subsample,6,92,92,0.6071428571428571,0.5,0.6923076923076923,56
5,200,entropy,9,20,4,,balanced_subsample,6,93,93,0.8222222222222222,0.8,0.8636363636363636,45
5,200,entropy,9,20,4,,balanced_subsample,6,94,94,0.8409090909090909,0.8679245283018868,0.979296066252588,44
5,200,entropy,9,20,4,,balanced_subsample,6,95,95,0.32142857142857145,0.4864864864864865,0.47916666666666663,28
5,200,entropy,9,20,4,,balanced_subsample,6,96,96,0.5238095238095238,0.6774193548387096,0.5079365079365079,42
5,200,entropy,9,20,4,,balanced_subsample,6,97,97,0.5,0.0,0.5764462809917356,44
5,200,entropy,9,20,4,,balanced_subsample,6,98,98,0.5777777777777777,0.6545454545454545,0.5731225296442688,45
5,200,entropy,9,20,4,,balanced_subsample,6,99,99,0.5348837209302325,0.4117647058823529,0.5476190476190477,43
5,200,entropy,9,20,4,,balanced_subsample,6,100,100,0.5,0.5714285714285714,0.5709876543209876,36
5,200,entropy,9,20,4,,balanced_subsample,6,101,101,0.4888888888888889,0.0,0.6363636363636365,45
5,200,entropy,9,20,4,,balanced_subsample,6,102,102,0.6,0.4,0.782608695652174,45
5,200,entropy,9,20,4,,balanced_subsample,6,103,103,0.627906976744186,0.6,0.6839826839826839,43
5,200,entropy,9,20,4,,balanced_subsample,6,104,104,0.5348837209302325,0.6,0.5,43
5,200,entropy,9,20,4,,balanced_subsample,6,105,105,0.5111111111111111,0.35294117647058826,0.5059288537549407,45
5,200,entropy,9,20,4,,balanced_subsample,6,106,106,0.6444444444444445,0.5789473684210527,0.7182539682539683,45
5,200,entropy,9,20,4,,balanced_subsample,6,107,107,0.5111111111111111,0.56,0.5198412698412698,45
5,200,entropy,9,20,4,,balanced_subsample,6,108,108,0.8,0.7692307692307693,0.8557312252964427,45
6,400,entropy,4,20,4,,balanced,6,1,1,0.6222222222222222,0.711864406779661,0.7450592885375494,45
6,400,entropy,4,20,4,,balanced,6,2,2,0.6888888888888889,0.5625,0.8379446640316206,45
6,400,entropy,4,20,4,,balanced,6,3,3,0.4666666666666667,0.6,0.46047430830039526,45
6,400,entropy,4,20,4,,balanced,6,4,4,0.5111111111111111,0.6666666666666666,0.724308300395257,45
6,400,entropy,4,20,4,,balanced,6,5,5,0.4,0.49056603773584906,0.3323412698412698,45
6,400,entropy,4,20,4,,balanced,6,6,6,0.5555555555555556,0.16666666666666666,0.5079365079365079,45
6,400,entropy,4,20,4,,balanced,6,7,7,0.5555555555555556,0.6875,0.9308300395256917,45
6,400,entropy,4,20,4,,balanced,6,8,8,0.6666666666666666,0.7169811320754716,0.6966403162055336,45
6,400,entropy,4,20,4,,balanced,6,9,9,0.5555555555555556,0.23076923076923078,0.5972222222222222,45
6,400,entropy,4,20,4,,balanced,6,10,10,0.6444444444444445,0.6190476190476191,0.6984126984126984,45
6,400,entropy,4,20,4,,balanced,6,11,11,0.6,0.47058823529411764,0.5889328063241106,45
6,400,entropy,4,20,4,,balanced,6,12,12,0.4888888888888889,0.14814814814814814,0.6656746031746033,45
6,400,entropy,4,20,4,,balanced,6,13,13,0.8571428571428571,0.8387096774193549,0.8921568627450981,35
6,400,entropy,4,20,4,,balanced,6,14,14,0.6,0.6785714285714286,0.7272727272727273,45
6,400,entropy,4,20,4,,balanced,6,15,15,0.6444444444444445,0.7333333333333333,0.8952569169960474,45
6,400,entropy,4,20,4,,balanced,6,16,16,0.5555555555555556,0.47368421052631576,0.5503952569169961,45
6,400,entropy,4,20,4,,balanced,6,17,17,0.5238095238095238,0.0,0.6090909090909091,42
6,400,entropy,4,20,4,,balanced,6,18,18,0.4222222222222222,0.5806451612903226,0.33695652173913043,45
6,400,entropy,4,20,4,,balanced,6,19,19,0.6888888888888889,0.72,0.7667984189723319,45
6,400,entropy,4,20,4,,balanced,6,20,20,0.5111111111111111,0.0,0.5296442687747036,45
6,400,entropy,4,20,4,,balanced,6,21,21,0.5333333333333333,0.631578947368421,0.7142857142857143,45
6,400,entropy,4,20,4,,balanced,6,22,22,0.6666666666666666,0.7272727272727273,0.6798418972332017,45
6,400,entropy,4,20,4,,balanced,6,23,23,0.6590909090909091,0.7368421052631579,0.8264462809917357,44
6,400,entropy,4,20,4,,balanced,6,24,24,0.5,0.3076923076923077,0.35064935064935066,18
6,400,entropy,4,20,4,,balanced,6,25,25,0.6,0.5714285714285714,0.6136363636363636,45
6,400,entropy,4,20,4,,balanced,6,26,26,0.6888888888888889,0.7407407407407407,0.685515873015873,45
6,400,entropy,4,20,4,,balanced,6,27,27,0.5111111111111111,0.6206896551724138,0.6067193675889329,45
6,400,entropy,4,20,4,,balanced,6,28,28,0.4,0.18181818181818182,0.49604743083003955,45
6,400,entropy,4,20,4,,balanced,6,29,29,0.6888888888888889,0.7586206896551724,0.8754940711462451,45
6,400,entropy,4,20,4,,balanced,6,30,30,0.5111111111111111,0.15384615384615385,0.5357142857142857,45
6,400,entropy,4,20,4,,balanced,6,31,31,0.8666666666666667,0.875,0.9723320158102766,45
6,400,entropy,4,20,4,,balanced,6,32,32,0.8409090909090909,0.8571428571428571,0.8881987577639752,44
6,400,entropy,4,20,4,,balanced,6,33,33,0.7111111111111111,0.6486486486486487,0.8339920948616601,45
6,400,entropy,4,20,4,,balanced,6,34,34,0.8444444444444444,0.8727272727272727,0.9732142857142857,45
6,400,entropy,4,20,4,,balanced,6,35,35,0.6,0.35714285714285715,0.758893280632411,45
6,400,entropy,4,20,4,,balanced,6,36,36,0.4318181818181818,0.4897959183673469,0.45041322314049587,44
6,400,entropy,4,20,4,,balanced,6,37,37,0.5111111111111111,0.0,0.5395256916996047,45
6,400,entropy,4,20,4,,balanced,6,38,38,0.5777777777777777,0.4864864864864865,0.5375494071146245,45
6,400,entropy,4,20,4,,balanced,6,39,39,0.5,0.26666666666666666,0.40993788819875776,44
6,400,entropy,4,20,4,,balanced,6,40,40,0.4666666666666667,0.07692307692307693,0.46825396825396826,45
6,400,entropy,4,20,4,,balanced,6,41,41,0.5333333333333333,0.0,0.7718253968253967,45
6,400,entropy,4,20,4,,balanced,6,42,42,0.8666666666666667,0.8636363636363636,0.9347826086956522,45
6,400,entropy,4,20,4,,balanced,6,43,43,0.6666666666666666,0.4827586206896552,0.8774703557312253,45
6,400,entropy,4,20,4,,balanced,6,44,44,0.6206896551724138,0.56,0.7428571428571429,29
6,400,entropy,4,20,4,,balanced,6,45,45,0.5111111111111111,0.08333333333333333,0.7786561264822135,45
6,400,entropy,4,20,4,,balanced,6,46,46,0.6444444444444445,0.6363636363636364,0.6136363636363635,45
6,400,entropy,4,20,4,,balanced,6,47,47,0.6,0.625,0.6359126984126985,45
6,400,entropy,4,20,4,,balanced,6,48,48,0.8235294117647058,0.8235294117647058,0.8285714285714286,17
6,400,entropy,4,20,4,,balanced,6,49,49,0.7777777777777778,0.75,0.907114624505929,45
6,400,entropy,4,20,4,,balanced,6,50,50,0.5111111111111111,0.0,0.6679841897233202,45
6,400,entropy,4,20,4,,balanced,6,51,51,0.4666666666666667,0.6363636363636364,0.43353174603174605,45
6,400,entropy,4,20,4,,balanced,6,52,52,0.7073170731707317,0.5384615384615384,0.8229665071770335,41
6,400,entropy,4,20,4,,balanced,6,53,53,0.5348837209302325,0.2857142857142857,0.6190476190476191,43
6,400,entropy,4,20,4,,balanced,6,54,54,0.6410256410256411,0.6818181818181818,0.8097826086956522,39
6,400,entropy,4,20,4,,balanced,6,55,55,0.7555555555555555,0.7924528301886793,0.7677865612648221,45
6,400,entropy,4,20,4,,balanced,6,56,56,0.6818181818181818,0.75,0.9049586776859504,44
6,400,entropy,4,20,4,,balanced,6,57,57,0.6222222222222222,0.6046511627906976,0.6587301587301587,45
6,400,entropy,4,20,4,,balanced,6,58,58,0.5333333333333333,0.5882352941176471,0.6160714285714286,45
6,400,entropy,4,20,4,,balanced,6,59,59,0.5111111111111111,0.15384615384615385,0.4464285714285714,45
6,400,entropy,4,20,4,,balanced,6,60,60,0.7954545454545454,0.8,0.8987603305785125,44
6,400,entropy,4,20,4,,balanced,6,61,61,0.7906976744186046,0.7906976744186046,0.8571428571428572,43
6,400,entropy,4,20,4,,balanced,6,62,62,0.7777777777777778,0.7916666666666666,0.8893280632411067,45
6,400,entropy,4,20,4,,balanced,6,63,63,0.4883720930232558,0.0,0.49458874458874463,43
6,400,entropy,4,20,4,,balanced,6,64,64,0.5555555555555556,0.4444444444444444,0.592885375494071,45
6,400,entropy,4,20,4,,balanced,6,65,65,0.6888888888888889,0.6111111111111112,0.7569444444444444,45
6,400,entropy,4,20,4,,balanced,6,66,66,0.4666666666666667,0.5714285714285714,0.5335968379446641,45
6,400,entropy,4,20,4,,balanced,6,67,67,0.5333333333333333,0.2222222222222222,0.6324110671936759,45
6,400,entropy,4,20,4,,balanced,6,68,68,0.5111111111111111,0.08333333333333333,0.699604743083004,45
6,400,entropy,4,20,4,,balanced,6,69,69,0.4666666666666667,0.4782608695652174,0.5248015873015873,45
6,400,entropy,4,20,4,,balanced,6,70,70,0.7333333333333333,0.7142857142857143,0.7984189723320158,45
6,400,entropy,4,20,4,,balanced,6,71,71,0.6666666666666666,0.5161290322580645,0.9268774703557313,45
6,400,entropy,4,20,4,,balanced,6,72,72,0.7333333333333333,0.7391304347826086,0.8824110671936758,45
6,400,entropy,4,20,4,,balanced,6,73,73,0.4888888888888889,0.6461538461538462,0.6640316205533597,45
6,400,entropy,4,20,4,,balanced,6,74,74,0.4444444444444444,0.576271186440678,0.49007936507936506,45
6,400,entropy,4,20,4,,balanced,6,75,75,0.6585365853658537,0.5,0.8952380952380952,41
6,400,entropy,4,20,4,,balanced,6,76,76,0.5111111111111111,0.6333333333333333,0.5503952569169961,45
6,400,entropy,4,20,4,,balanced,6,77,77,0.6,0.625,0.5595238095238095,45
6,400,entropy,4,20,4,,balanced,6,78,78,0.5333333333333333,0.631578947368421,0.5701581027667985,45
6,400,entropy,4,20,4,,balanced,6,79,79,0.65,0.5625,0.625,40
6,400,entropy,4,20,4,,balanced,6,80,80,0.5777777777777777,0.24,0.5790513833992095,45
6,400,entropy,4,20,4,,balanced,6,81,81,0.4888888888888889,0.0,0.83300395256917,45
6,400,entropy,4,20,4,,balanced,6,82,82,0.5111111111111111,0.65625,0.7480237154150198,45
6,400,entropy,4,20,4,,balanced,6,83,83,0.5789473684210527,0.2727272727272727,0.775623268698061,38
6,400,entropy,4,20,4,,balanced,6,84,84,0.6818181818181818,0.6111111111111112,0.7018633540372671,44
6,400,entropy,4,20,4,,balanced,6,85,85,0.6136363636363636,0.711864406779661,0.8840579710144928,44
6,400,entropy,4,20,4,,balanced,6,86,86,0.7045454545454546,0.6976744186046512,0.8115942028985507,44
6,400,entropy,4,20,4,,balanced,6,87,87,0.5111111111111111,0.5769230769230769,0.49999999999999994,45
6,400,entropy,4,20,4,,balanced,6,88,88,0.45454545454545453,0.0625,0.5158730158730158,55
6,400,entropy,4,20,4,,balanced,6,89,89,0.5111111111111111,0.65625,0.5178571428571428,45
6,400,entropy,4,20,4,,balanced,6,90,90,0.4666666666666667,0.42857142857142855,0.4565217391304348,45
6,400,entropy,4,20,4,,balanced,6,91,91,0.6818181818181818,0.7407407407407407,0.7272727272727272,44
6,400,entropy,4,20,4,,balanced,6,92,92,0.5892857142857143,0.43902439024390244,0.7384615384615385,56
6,400,entropy,4,20,4,,balanced,6,93,93,0.7555555555555555,0.7555555555555555,0.8389328063241106,45
6,400,entropy,4,20,4,,balanced,6,94,94,0.7954545454545454,0.8363636363636363,0.9917184265010353,44
6,400,entropy,4,20,4,,balanced,6,95,95,0.5357142857142857,0.5185185185185185,0.5625,28
6,400,entropy,4,20,4,,balanced,6,96,96,0.47619047619047616,0.6071428571428571,0.5736961451247165,42
6,400,entropy,4,20,4,,balanced,6,97,97,0.5,0.0,0.5681818181818181,44
6,400,entropy,4,20,4,,balanced,6,98,98,0.6,0.6538461538461539,0.5385375494071146,45
6,400,entropy,4,20,4,,balanced,6,99,99,0.3953488372093023,0.4090909090909091,0.41125541125541126,43
6,400,entropy,4,20,4,,balanced,6,100,100,0.5277777777777778,0.48484848484848486,0.5925925925925927,36
6,400,entropy,4,20,4,,balanced,6,101,101,0.4888888888888889,0.0,0.6739130434782609,45
6,400,entropy,4,20,4,,balanced,6,102,102,0.4888888888888889,0.0,0.7183794466403162,45
6,400,entropy,4,20,4,,balanced,6,103,103,0.5813953488372093,0.47058823529411764,0.7251082251082251,43
6,400,entropy,4,20,4,,balanced,6,104,104,0.5348837209302325,0.6153846153846154,0.5248917748917749,43
6,400,entropy,4,20,4,,balanced,6,105,105,0.5777777777777777,0.42424242424242425,0.5434782608695652,45
6,400,entropy,4,20,4,,balanced,6,106,106,0.6222222222222222,0.5853658536585366,0.6686507936507936,45
6,400,entropy,4,20,4,,balanced,6,107,107,0.4666666666666667,0.52,0.46924603174603174,45
6,400,entropy,4,20,4,,balanced,6,108,108,0.8222222222222222,0.7894736842105263,0.8814229249011858,45
7,300,log_loss,5,15,2,,balanced_subsample,6,1,1,0.6,0.6896551724137931,0.7272727272727273,45
7,300,log_loss,5,15,2,,balanced_subsample,6,2,2,0.7333333333333333,0.6470588235294118,0.8715415019762845,45
7,300,log_loss,5,15,2,,balanced_subsample,6,3,3,0.4,0.5423728813559322,0.4683794466403162,45
7,300,log_loss,5,15,2,,balanced_subsample,6,4,4,0.5111111111111111,0.21428571428571427,0.7658102766798419,45
7,300,log_loss,5,15,2,,balanced_subsample,6,5,5,0.4222222222222222,0.4090909090909091,0.36309523809523814,45
7,300,log_loss,5,15,2,,balanced_subsample,6,6,6,0.5111111111111111,0.0,0.5257936507936508,45
7,300,log_loss,5,15,2,,balanced_subsample,6,7,7,0.6,0.7096774193548387,0.9525691699604744,45
7,300,log_loss,5,15,2,,balanced_subsample,6,8,8,0.6222222222222222,0.48484848484848486,0.6709486166007904,45
7,300,log_loss,5,15,2,,balanced_subsample,6,9,9,0.5777777777777777,0.3870967741935484,0.5753968253968255,45
7,300,log_loss,5,15,2,,balanced_subsample,6,10,10,0.6,0.64,0.6884920634920635,45
7,300,log_loss,5,15,2,,balanced_subsample,6,11,11,0.5777777777777777,0.2962962962962963,0.5622529644268774,45
7,300,log_loss,5,15,2,,balanced_subsample,6,12,12,0.4888888888888889,0.14814814814814814,0.6448412698412699,45
7,300,log_loss,5,15,2,,balanced_subsample,6,13,13,0.8285714285714286,0.8125,0.8888888888888888,35
7,300,log_loss,5,15,2,,balanced_subsample,6,14,14,0.5333333333333333,0.6666666666666666,0.7549407114624506,45
7,300,log_loss,5,15,2,,balanced_subsample,6,15,15,0.6,0.7096774193548387,0.9090909090909092,45
7,300,log_loss,5,15,2,,balanced_subsample,6,16,16,0.5333333333333333,0.43243243243243246,0.5365612648221344,45
7,300,log_loss,5,15,2,,balanced_subsample,6,17,17,0.5238095238095238,0.0,0.5613636363636364,42
7,300,log_loss,5,15,2,,balanced_subsample,6,18,18,0.4888888888888889,0.0,0.37944664031620556,45
7,300,log_loss,5,15,2,,balanced_subsample,6,19,19,0.5555555555555556,0.6428571428571429,0.7588932806324111,45
7,300,log_loss,5,15,2,,balanced_subsample,6,20,20,0.5111111111111111,0.0,0.4990118577075099,45
7,300,log_loss,5,15,2,,balanced_subsample,6,21,21,0.6666666666666666,0.6153846153846154,0.7152777777777778,45
7,300,log_loss,5,15,2,,balanced_subsample,6,22,22,0.6444444444444445,0.7419354838709677,0.6818181818181819,45
7,300,log_loss,5,15,2,,balanced_subsample,6,23,23,0.6136363636363636,0.711864406779661,0.8016528925619835,44
7,300,log_loss,5,15,2,,balanced_subsample,6,24,24,0.5,0.3076923076923077,0.33766233766233766,18
7,300,log_loss,5,15,2,,balanced_subsample,6,25,25,0.4888888888888889,0.08,0.6482213438735178,45
7,300,log_loss,5,15,2,,balanced_subsample,6,26,26,0.5777777777777777,0.17391304347826086,0.7073412698412698,45
7,300,log_loss,5,15,2,,balanced_subsample,6,27,27,0.5333333333333333,0.6557377049180327,0.5869565217391304,45
7,300,log_loss,5,15,2,,balanced_subsample,6,28,28,0.4444444444444444,0.2857142857142857,0.5019762845849802,45
7,300,log_loss,5,15,2,,balanced_subsample,6,29,29,0.7777777777777778,0.7916666666666666,0.8754940711462451,45
7,300,log_loss,5,15,2,,balanced_subsample,6,30,30,0.5333333333333333,0.0,0.5297619047619048,45
7,300,log_loss,5,15,2,,balanced_subsample,6,31,31,0.8888888888888888,0.9019607843137255,0.9762845849802371,45
7,300,log_loss,5,15,2,,balanced_subsample,6,32,32,0.7727272727272727,0.8214285714285714,0.9006211180124224,44
7,300,log_loss,5,15,2,,balanced_subsample,6,33,33,0.7333333333333333,0.6666666666666666,0.857707509881423,45
7,300,log_loss,5,15,2,,balanced_subsample,6,34,34,0.6888888888888889,0.5882352941176471,0.9375,45
7,300,log_loss,5,15,2,,balanced_subsample,6,35,35,0.5777777777777777,0.2962962962962963,0.7776679841897234,45
7,300,log_loss,5,15,2,,balanced_subsample,6,36,36,0.4318181818181818,0.5098039215686274,0.4359504132231405,44
7,300,log_loss,5,15,2,,balanced_subsample,6,37,37,0.5111111111111111,0.0,0.5622529644268776,45
7,300,log_loss,5,15,2,,balanced_subsample,6,38,38,0.5111111111111111,0.45,0.5375494071146245,45
7,300,log_loss,5,15,2,,balanced_subsample,6,39,39,0.4090909090909091,0.23529411764705882,0.38509316770186336,44
7,300,log_loss,5,15,2,,balanced_subsample,6,40,40,0.4,0.06896551724137931,0.48214285714285715,45
7,300,log_loss,5,15,2,,balanced_subsample,6,41,41,0.5333333333333333,0.0,0.7698412698412699,45
7,300,log_loss,5,15,2,,balanced_subsample,6,42,42,0.8444444444444444,0.8205128205128205,0.932806324110672,45
7,300,log_loss,5,15,2,,balanced_subsample,6,43,43,0.6888888888888889,0.5333333333333333,0.8675889328063242,45
7,300,log_loss,5,15,2,,balanced_subsample,6,44,44,0.6206896551724138,0.5217391304347826,0.7095238095238096,29
7,300,log_loss,5,15,2,,balanced_subsample,6,45,45,0.5111111111111111,0.15384615384615385,0.7687747035573123,45
7,300,log_loss,5,15,2,,balanced_subsample,6,46,46,0.6222222222222222,0.6382978723404256,0.5830039525691699,45
7,300,log_loss,5,15,2,,balanced_subsample,6,47,47,0.5333333333333333,0.0,0.5962301587301587,45
7,300,log_loss,5,15,2,,balanced_subsample,6,48,48,0.8235294117647058,0.8235294117647058,0.8428571428571429,17
7,300,log_loss,5,15,2,,balanced_subsample,6,49,49,0.8,0.7804878048780488,0.9071146245059288,45
7,300,log_loss,5,15,2,,balanced_subsample,6,50,50,0.5111111111111111,0.0,0.6778656126482214,45
7,300,log_loss,5,15,2,,balanced_subsample,6,51,51,0.5333333333333333,0.0,0.3630952380952381,45
7,300,log_loss,5,15,2,,balanced_subsample,6,52,52,0.7073170731707317,0.5384615384615384,0.8325358851674641,41
7,300,log_loss,5,15,2,,balanced_subsample,6,53,53,0.5348837209302325,0.4117647058823529,0.6125541125541125,43
7,300,log_loss,5,15,2,,balanced_subsample,6,54,54,0.6153846153846154,0.6666666666666666,0.8260869565217391,39
7,300,log_loss,5,15,2,,balanced_subsample,6,55,55,0.5111111111111111,0.0,0.9031620553359684,45
7,300,log_loss,5,15,2,,balanced_subsample,6,56,56,0.8863636363636364,0.8936170212765957,0.9256198347107438,44
7,300,log_loss,5,15,2,,balanced_subsample,6,57,57,0.5111111111111111,0.5416666666666666,0.6607142857142857,45
7,300,log_loss,5,15,2,,balanced_subsample,6,58,58,0.5555555555555556,0.6296296296296297,0.6527777777777777,45
7,300,log_loss,5,15,2,,balanced_subsample,6,59,59,0.4222222222222222,0.13333333333333333,0.42857142857142855,45
7,300,log_loss,5,15,2,,balanced_subsample,6,60,60,0.7954545454545454,0.8,0.8966942148760331,44
7,300,log_loss,5,15,2,,balanced_subsample,6,61,61,0.813953488372093,0.8095238095238095,0.8506493506493507,43
7,300,log_loss,5,15,2,,balanced_subsample,6,62,62,0.8222222222222222,0.8,0.9229249011857708,45
7,300,log_loss,5,15,2,,balanced_subsample,6,63,63,0.4883720930232558,0.0,0.5432900432900434,43
7,300,log_loss,5,15,2,,balanced_subsample,6,64,64,0.5111111111111111,0.0,0.5573122529644269,45
7,300,log_loss,5,15,2,,balanced_subsample,6,65,65,0.6444444444444445,0.7142857142857143,0.8055555555555556,45
7,300,log_loss,5,15,2,,balanced_subsample,6,66,66,0.6,0.6785714285714286,0.5395256916996047,45
7,300,log_loss,5,15,2,,balanced_subsample,6,67,67,0.5555555555555556,0.23076923076923078,0.6126482213438735,45
7,300,log_loss,5,15,2,,balanced_subsample,6,68,68,0.5111111111111111,0.08333333333333333,0.6422924901185771,45
7,300,log_loss,5,15,2,,balanced_subsample,6,69,69,0.5111111111111111,0.56,0.5654761904761905,45
7,300,log_loss,5,15,2,,balanced_subsample,6,70,70,0.7555555555555555,0.7441860465116279,0.782608695652174,45
7,300,log_loss,5,15,2,,balanced_subsample,6,71,71,0.7555555555555555,0.6857142857142857,0.9328063241106719,45
7,300,log_loss,5,15,2,,balanced_subsample,6,72,72,0.4888888888888889,0.0,0.8784584980237155,45
7,300,log_loss,5,15,2,,balanced_subsample,6,73,73,0.5111111111111111,0.0,0.6235177865612649,45
7,300,log_loss,5,15,2,,balanced_subsample,6,74,74,0.5111111111111111,0.21428571428571427,0.4742063492063492,45
7,300,log_loss,5,15,2,,balanced_subsample,6,75,75,0.8048780487804879,0.7894736842105263,0.888095238095238,41
7,300,log_loss,5,15,2,,balanced_subsample,6,76,76,0.5111111111111111,0.08333333333333333,0.5118577075098814,45
7,300,log_loss,5,15,2,,balanced_subsample,6,77,77,0.5555555555555556,0.6,0.5515873015873016,45
7,300,log_loss,5,15,2,,balanced_subsample,6,78,78,0.5777777777777777,0.4864864864864865,0.6324110671936759,45
7,300,log_loss,5,15,2,,balanced_subsample,6,79,79,0.65,0.5333333333333333,0.615,40
7,300,log_loss,5,15,2,,balanced_subsample,6,80,80,0.5111111111111111,0.0,0.6304347826086957,45
7,300,log_loss,5,15,2,,balanced_subsample,6,81,81,0.4888888888888889,0.0,0.8112648221343873,45
7,300,log_loss,5,15,2,,balanced_subsample,6,82,82,0.5111111111111111,0.65625,0.7391304347826088,45
7,300,log_loss,5,15,2,,balanced_subsample,6,83,83,0.5789473684210527,0.2727272727272727,0.7700831024930748,38
7,300,log_loss,5,15,2,,balanced_subsample,6,84,84,0.6590909090909091,0.6341463414634146,0.7204968944099378,44
7,300,log_loss,5,15,2,,balanced_subsample,6,85,85,0.5909090909090909,0.7,0.8840579710144928,44
7,300,log_loss,5,15,2,,balanced_subsample,6,86,86,0.75,0.7027027027027027,0.8240165631469979,44
7,300,log_loss,5,15,2,,balanced_subsample,6,87,87,0.4666666666666667,0.5862068965517241,0.5059288537549407,45
7,300,log_loss,5,15,2,,balanced_subsample,6,88,88,0.45454545454545453,0.0625,0.5105820105820107,55
7,300,log_loss,5,15,2,,balanced_subsample,6,89,89,0.5333333333333333,0.0,0.5357142857142857,45
7,300,log_loss,5,15,2,,balanced_subsample,6,90,90,0.4888888888888889,0.5306122448979592,0.4822134387351779,45
7,300,log_loss,5,15,2,,balanced_subsample,6,91,91,0.5,0.6666666666666666,0.7417355371900827,44
7,300,log_loss,5,15,2,,balanced_subsample,6,92,92,0.5892857142857143,0.43902439024390244,0.7346153846153847,56
7,300,log_loss,5,15,2,,balanced_subsample,6,93,93,0.8,0.7692307692307693,0.8468379446640316,45
7,300,log_loss,5,15,2,,balanced_subsample,6,94,94,0.7954545454545454,0.8363636363636363,0.9855072463768115,44
7,300,log_loss,5,15,2,,balanced_subsample,6,95,95,0.5,0.5,0.5677083333333334,28
7,300,log_loss,5,15,2,,balanced_subsample,6,96,96,0.5476190476190477,0.6885245901639344,0.562358276643991,42
7,300,log_loss,5,15,2,,balanced_subsample,6,97,97,0.5,0.0,0.5764462809917356,44
7,300,log_loss,5,15,2,,balanced_subsample,6,98,98,0.5555555555555556,0.5,0.5395256916996047,45
7,300,log_loss,5,15,2,,balanced_subsample,6,99,99,0.4418604651162791,0.42857142857142855,0.46969696969696967,43
7,300,log_loss,5,15,2,,balanced_subsample,6,100,100,0.5555555555555556,0.5294117647058824,0.5802469135802468,36
7,300,log_loss,5,15,2,,balanced_subsample,6,101,101,0.4888888888888889,0.0,0.7015810276679841,45
7,300,log_loss,5,15,2,,balanced_subsample,6,102,102,0.4888888888888889,0.0,0.7213438735177866,45
7,300,log_loss,5,15,2,,balanced_subsample,6,103,103,0.627906976744186,0.5555555555555556,0.7034632034632035,43
7,300,log_loss,5,15,2,,balanced_subsample,6,104,104,0.5348837209302325,0.6153846153846154,0.5324675324675324,43
7,300,log_loss,5,15,2,,balanced_subsample,6,105,105,0.6,0.5,0.5523715415019763,45
7,300,log_loss,5,15,2,,balanced_subsample,6,106,106,0.6666666666666666,0.6511627906976745,0.6884920634920635,45
7,300,log_loss,5,15,2,,balanced_subsample,6,107,107,0.4888888888888889,0.5306122448979592,0.46924603174603174,45
7,300,log_loss,5,15,2,,balanced_subsample,6,108,108,0.8222222222222222,0.7894736842105263,0.883399209486166,45
8,200,entropy,12,20,12,,balanced_subsample,6,1,1,0.6222222222222222,0.6792452830188679,0.7114624505928854,45
8,200,entropy,12,20,12,,balanced_subsample,6,2,2,0.6444444444444445,0.42857142857142855,0.8814229249011857,45
8,200,entropy,12,20,12,,balanced_subsample,6,3,3,0.4888888888888889,0.43902439024390244,0.4644268774703557,45
8,200,entropy,12,20,12,,balanced_subsample,6,4,4,0.7333333333333333,0.75,0.7470355731225298,45
8,200,entropy,12,20,12,,balanced_subsample,6,5,5,0.4222222222222222,0.5185185185185185,0.34920634920634924,45
8,200,entropy,12,20,12,,balanced_subsample,6,6,6,0.5333333333333333,0.0,0.4742063492063492,45
8,200,entropy,12,20,12,,balanced_subsample,6,7,7,0.6444444444444445,0.7333333333333333,0.9565217391304348,45
8,200,entropy,12,20,12,,balanced_subsample,6,8,8,0.6444444444444445,0.6190476190476191,0.7193675889328064,45
8,200,entropy,12,20,12,,balanced_subsample,6,9,9,0.5333333333333333,0.27586206896551724,0.6309523809523809,45
8,200,entropy,12,20,12,,balanced_subsample,6,10,10,0.6,0.625,0.7063492063492063,45
8,200,entropy,12,20,12,,balanced_subsample,6,11,11,0.5777777777777777,0.5365853658536586,0.6007905138339922,45
8,200,entropy,12,20,12,,balanced_subsample,6,12,12,0.4222222222222222,0.1875,0.6349206349206349,45
8,200,entropy,12,20,12,,balanced_subsample,6,13,13,0.8,0.7586206896551724,0.8562091503267973,35
8,200,entropy,12,20,12,,balanced_subsample,6,14,14,0.5555555555555556,0.5238095238095238,0.6482213438735178,45
8,200,entropy,12,20,12,,balanced_subsample,6,15,15,0.5555555555555556,0.6875,0.9031620553359684,45
8,200,entropy,12,20,12,,balanced_subsample,6,16,16,0.6666666666666666,0.7169811320754716,0.6936758893280632,45
8,200,entropy,12,20,12,,balanced_subsample,6,17,17,0.5238095238095238,0.0,0.5204545454545455,42
8,200,entropy,12,20,12,,balanced_subsample,6,18,18,0.4444444444444444,0.5901639344262295,0.43478260869565216,45
8,200,entropy,12,20,12,,balanced_subsample,6,19,19,0.5777777777777777,0.6779661016949152,0.7885375494071146,45
8,200,entropy,12,20,12,,balanced_subsample,6,20,20,0.4888888888888889,0.0,0.48023715415019774,45
8,200,entropy,12,20,12,,balanced_subsample,6,21,21,0.5555555555555556,0.6296296296296297,0.7162698412698413,45
8,200,entropy,12,20,12,,balanced_subsample,6,22,22,0.5555555555555556,0.6774193548387096,0.6086956521739131,45
8,200,entropy,12,20,12,,balanced_subsample,6,23,23,0.6818181818181818,0.7307692307692307,0.7933884297520661,44
8,200,entropy,12,20,12,,balanced_subsample,6,24,24,0.5,0.3076923076923077,0.33766233766233766,18
8,200,entropy,12,20,12,,balanced_subsample,6,25,25,0.6888888888888889,0.6666666666666666,0.7114624505928855,45
8,200,entropy,12,20,12,,balanced_subsample,6,26,26,0.7555555555555555,0.7924528301886793,0.7757936507936508,45
8,200,entropy,12,20,12,,balanced_subsample,6,27,27,0.5333333333333333,0.6666666666666666,0.5889328063241107,45
8,200,entropy,12,20,12,,balanced_subsample,6,28,28,0.5111111111111111,0.42105263157894735,0.5138339920948616,45
8,200,entropy,12,20,12,,balanced_subsample,6,29,29,0.7777777777777778,0.8148148148148148,0.9940711462450593,45
8,200,entropy,12,20,12,,balanced_subsample,6,30,30,0.5333333333333333,0.16,0.628968253968254,45
8,200,entropy,12,20,12,,balanced_subsample,6,31,31,0.8888888888888888,0.8936170212765957,0.9703557312252964,45
8,200,entropy,12,20,12,,balanced_subsample,6,32,32,0.7954545454545454,0.8235294117647058,0.8612836438923396,44
8,200,entropy,12,20,12,,balanced_subsample,6,33,33,0.7111111111111111,0.6486486486486487,0.8636363636363636,45
8,200,entropy,12,20,12,,balanced_subsample,6,34,34,0.9111111111111111,0.92,0.9841269841269842,45
8,200,entropy,12,20,12,,balanced_subsample,6,35,35,0.6,0.35714285714285715,0.8241106719367589,45
8,200,entropy,12,20,12,,balanced_subsample,6,36,36,0.4090909090909091,0.43478260869565216,0.4194214876033058,44
8,200,entropy,12,20,12,,balanced_subsample,6,37,37,0.5111111111111111,0.0,0.44367588932806323,45
8,200,entropy,12,20,12,,balanced_subsample,6,38,38,0.5555555555555556,0.47368421052631576,0.48814229249011853,45
8,200,entropy,12,20,12,,balanced_subsample,6,39,39,0.4318181818181818,0.4444444444444444,0.39751552795031053,44
8,200,entropy,12,20,12,,balanced_subsample,6,40,40,0.4666666666666667,0.2,0.3670634920634921,45
8,200,entropy,12,20,12,,balanced_subsample,6,41,41,0.6666666666666666,0.5454545454545454,0.6924603174603174,45
8,200,entropy,12,20,12,,balanced_subsample,6,42,42,0.8666666666666667,0.8636363636363636,0.958498023715415,45
8,200,entropy,12,20,12,,balanced_subsample,6,43,43,0.5777777777777777,0.42424242424242425,0.6936758893280632,45
8,200,entropy,12,20,12,,balanced_subsample,6,44,44,0.6896551724137931,0.6666666666666666,0.6761904761904762,29
8,200,entropy,12,20,12,,balanced_subsample,6,45,45,0.5333333333333333,0.2222222222222222,0.6146245059288538,45
8,200,entropy,12,20,12,,balanced_subsample,6,46,46,0.4444444444444444,0.3902439024390244,0.5,45
8,200,entropy,12,20,12,,balanced_subsample,6,47,47,0.5111111111111111,0.5769230769230769,0.5674603174603174,45
8,200,entropy,12,20,12,,balanced_subsample,6,48,48,0.8823529411764706,0.8888888888888888,0.8428571428571429,17
8,200,entropy,12,20,12,,balanced_subsample,6,49,49,0.7777777777777778,0.75,0.8695652173913044,45
8,200,entropy,12,20,12,,balanced_subsample,6,50,50,0.5333333333333333,0.08695652173913043,0.6719367588932806,45
8,200,entropy,12,20,12,,balanced_subsample,6,51,51,0.5555555555555556,0.09090909090909091,0.4652777777777778,45
8,200,entropy,12,20,12,,balanced_subsample,6,52,52,0.7804878048780488,0.6896551724137931,0.8492822966507177,41
8,200,entropy,12,20,12,,balanced_subsample,6,53,53,0.5116279069767442,0.4,0.5887445887445888,43
8,200,entropy,12,20,12,,balanced_subsample,6,54,54,0.717948717948718,0.717948717948718,0.8396739130434783,39
8,200,entropy,12,20,12,,balanced_subsample,6,55,55,0.9111111111111111,0.9,0.9683794466403163,45
8,200,entropy,12,20,12,,balanced_subsample,6,56,56,0.7954545454545454,0.7804878048780488,0.890495867768595,44
8,200,entropy,12,20,12,,balanced_subsample,6,57,57,0.5777777777777777,0.5365853658536586,0.6904761904761905,45
8,200,entropy,12,20,12,,balanced_subsample,6,58,58,0.5333333333333333,0.36363636363636365,0.5595238095238095,45
8,200,entropy,12,20,12,,balanced_subsample,6,59,59,0.4666666666666667,0.07692307692307693,0.3630952380952381,45
8,200,entropy,12,20,12,,balanced_subsample,6,60,60,0.7954545454545454,0.7906976744186046,0.9132231404958677,44
8,200,entropy,12,20,12,,balanced_subsample,6,61,61,0.6744186046511628,0.631578947368421,0.8614718614718615,43
8,200,entropy,12,20,12,,balanced_subsample,6,62,62,0.8222222222222222,0.8095238095238095,0.9466403162055337,45
8,200,entropy,12,20,12,,balanced_subsample,6,63,63,0.5116279069767442,0.27586206896551724,0.5173160173160173,43
8,200,entropy,12,20,12,,balanced_subsample,6,64,64,0.6888888888888889,0.7407407407407407,0.733201581027668,45
8,200,entropy,12,20,12,,balanced_subsample,6,65,65,0.6444444444444445,0.5294117647058824,0.6984126984126984,45
8,200,entropy,12,20,12,,balanced_subsample,6,66,66,0.4222222222222222,0.48,0.4565217391304348,45
8,200,entropy,12,20,12,,balanced_subsample,6,67,67,0.5333333333333333,0.27586206896551724,0.608695652173913,45
8,200,entropy,12,20,12,,balanced_subsample,6,68,68,0.4888888888888889,0.0,0.5770750988142292,45
8,200,entropy,12,20,12,,balanced_subsample,6,69,69,0.5555555555555556,0.4444444444444444,0.5932539682539684,45
8,200,entropy,12,20,12,,balanced_subsample,6,70,70,0.6222222222222222,0.5405405405405406,0.6778656126482213,45
8,200,entropy,12,20,12,,balanced_subsample,6,71,71,0.6,0.35714285714285715,0.8458498023715414,45
8,200,entropy,12,20,12,,balanced_subsample,6,72,72,0.8666666666666667,0.8571428571428571,0.9426877470355731,45
8,200,entropy,12,20,12,,balanced_subsample,6,73,73,0.6444444444444445,0.5,0.7727272727272728,45
8,200,entropy,12,20,12,,balanced_subsample,6,74,74,0.5333333333333333,0.3225806451612903,0.5238095238095238,45
8,200,entropy,12,20,12,,balanced_subsample,6,75,75,0.7560975609756098,0.7619047619047619,0.8547619047619048,41
8,200,entropy,12,20,12,,balanced_subsample,6,76,76,0.6444444444444445,0.7142857142857143,0.6877470355731226,45
8,200,entropy,12,20,12,,balanced_subsample,6,77,77,0.5333333333333333,0.5882352941176471,0.5059523809523809,45
8,200,entropy,12,20,12,,balanced_subsample,6,78,78,0.5555555555555556,0.6153846153846154,0.616600790513834,45
8,200,entropy,12,20,12,,balanced_subsample,6,79,79,0.625,0.4827586206896552,0.6500000000000001,40
8,200,entropy,12,20,12,,balanced_subsample,6,80,80,0.4888888888888889,0.0,0.5909090909090909,45
8,200,entropy,12,20,12,,balanced_subsample,6,81,81,0.4888888888888889,0.0,0.7233201581027668,45
8,200,entropy,12,20,12,,balanced_subsample,6,82,82,0.5555555555555556,0.6774193548387096,0.7134387351778656,45
8,200,entropy,12,20,12,,balanced_subsample,6,83,83,0.5526315789473685,0.19047619047619047,0.7950138504155124,38
8,200,entropy,12,20,12,,balanced_subsample,6,84,84,0.6590909090909091,0.6511627906976745,0.7267080745341614,44
8,200,entropy,12,20,12,,balanced_subsample,6,85,85,0.5681818181818182,0.6885245901639344,0.8799171842650104,44
8,200,entropy,12,20,12,,balanced_subsample,6,86,86,0.6818181818181818,0.5882352941176471,0.7536231884057971,44
8,200,entropy,12,20,12,,balanced_subsample,6,87,87,0.5555555555555556,0.6153846153846154,0.5889328063241107,45
8,200,entropy,12,20,12,,balanced_subsample,6,88,88,0.5454545454545454,0.32432432432432434,0.4113756613756614,55
8,200,entropy,12,20,12,,balanced_subsample,6,89,89,0.5555555555555556,0.6551724137931034,0.7083333333333333,45
8,200,entropy,12,20,12,,balanced_subsample,6,90,90,0.4444444444444444,0.4444444444444444,0.44466403162055335,45
8,200,entropy,12,20,12,,balanced_subsample,6,91,91,0.6136363636363636,0.6909090909090909,0.7293388429752067,44
8,200,entropy,12,20,12,,balanced_subsample,6,92,92,0.625,0.5116279069767442,0.6858974358974359,56
8,200,entropy,12,20,12,,balanced_subsample,6,93,93,0.8666666666666667,0.85,0.8932806324110671,45
8,200,entropy,12,20,12,,balanced_subsample,6,94,94,0.8181818181818182,0.8518518518518519,0.9751552795031055,44
8,200,entropy,12,20,12,,balanced_subsample,6,95,95,0.32142857142857145,0.4864864864864865,0.34375,28
8,200,entropy,12,20,12,,balanced_subsample,6,96,96,0.5,0.6557377049180327,0.48979591836734687,42
8,200,entropy,12,20,12,,balanced_subsample,6,97,97,0.5227272727272727,0.08695652173913043,0.5206611570247934,44
8,200,entropy,12,20,12,,balanced_subsample,6,98,98,0.5777777777777777,0.6666666666666666,0.5909090909090909,45
8,200,entropy,12,20,12,,balanced_subsample,6,99,99,0.5116279069767442,0.4,0.49567099567099565,43
8,200,entropy,12,20,12,,balanced_subsample,6,100,100,0.5277777777777778,0.5641025641025641,0.5648148148148148,36
8,200,entropy,12,20,12,,balanced_subsample,6,101,101,0.4888888888888889,0.0,0.5948616600790514,45
8,200,entropy,12,20,12,,balanced_subsample,6,102,102,0.6444444444444445,0.5,0.7766798418972333,45
8,200,entropy,12,20,12,,balanced_subsample,6,103,103,0.6046511627906976,0.5405405405405406,0.6883116883116883,43
8,200,entropy,12,20,12,,balanced_subsample,6,104,104,0.46511627906976744,0.5490196078431373,0.4675324675324675,43
8,200,entropy,12,20,12,,balanced_subsample,6,105,105,0.5333333333333333,0.36363636363636365,0.5039525691699605,45
8,200,entropy,12,20,12,,balanced_subsample,6,106,106,0.6222222222222222,0.5641025641025641,0.7142857142857143,45
8,200,entropy,12,20,12,,balanced_subsample,6,107,107,0.5111111111111111,0.5217391304347826,0.5476190476190477,45
8,200,entropy,12,20,12,,balanced_subsample,6,108,108,0.8,0.7692307692307693,0.8695652173913043,45
9,400,entropy,4,25,12,sqrt,balanced_subsample,6,1,1,0.6222222222222222,0.711864406779661,0.7796442687747036,45
9,400,entropy,4,25,12,sqrt,balanced_subsample,6,2,2,0.8,0.7692307692307693,0.8695652173913044,45
9,400,entropy,4,25,12,sqrt,balanced_subsample,6,3,3,0.4444444444444444,0.6031746031746031,0.5217391304347826,45
9,400,entropy,4,25,12,sqrt,balanced_subsample,6,4,4,0.5777777777777777,0.3870967741935484,0.6877470355731226,45
9,400,entropy,4,25,12,sqrt,balanced_subsample,6,5,5,0.4222222222222222,0.2777777777777778,0.3938492063492064,45
9,400,entropy,4,25,12,sqrt,balanced_subsample,6,6,6,0.5555555555555556,0.3333333333333333,0.5892857142857143,45
9,400,entropy,4,25,12,sqrt,balanced_subsample,6,7,7,0.7111111111111111,0.7719298245614035,0.9169960474308301,45
9,400,entropy,4,25,12,sqrt,balanced_subsample,6,8,8,0.6222222222222222,0.41379310344827586,0.7025691699604744,45
9,400,entropy,4,25,12,sqrt,balanced_subsample,6,9,9,0.5333333333333333,0.5714285714285714,0.5753968253968254,45
9,400,entropy,4,25,12,sqrt,balanced_subsample,6,10,10,0.6222222222222222,0.6222222222222222,0.7301587301587301,45
9,400,entropy,4,25,12,sqrt,balanced_subsample,6,11,11,0.4888888888888889,0.6349206349206349,0.4565217391304348,45
9,400,entropy,4,25,12,sqrt,balanced_subsample,6,12,12,0.4888888888888889,0.14814814814814814,0.615079365079365,45
9,400,entropy,4,25,12,sqrt,balanced_subsample,6,13,13,0.7428571428571429,0.7567567567567568,0.7843137254901961,35
9,400,entropy,4,25,12,sqrt,balanced_subsample,6,14,14,0.6222222222222222,0.7213114754098361,0.5968379446640316,45
9,400,entropy,4,25,12,sqrt,balanced_subsample,6,15,15,0.5333333333333333,0.676923076923077,0.8735177865612649,45
9,400,entropy,4,25,12,sqrt,balanced_subsample,6,16,16,0.5111111111111111,0.26666666666666666,0.6600790513833993,45
9,400,entropy,4,25,12,sqrt,balanced_subsample,6,17,17,0.5476190476190477,0.09523809523809523,0.6272727272727272,42
9,400,entropy,4,25,12,sqrt,balanced_subsample,6,18,18,0.5555555555555556,0.5,0.5671936758893281,45
9,400,entropy,4,25,12,sqrt,balanced_subsample,6,19,19,0.5333333333333333,0.6440677966101694,0.800395256916996,45
9,400,entropy,4,25,12,sqrt,balanced_subsample,6,20,20,0.5111111111111111,0.0,0.4160079051383399,45
9,400,entropy,4,25,12,sqrt,balanced_subsample,6,21,21,0.6222222222222222,0.48484848484848486,0.6884920634920635,45
9,400,entropy,4,25,12,sqrt,balanced_subsample,6,22,22,0.5555555555555556,0.696969696969697,0.658102766798419,45
9,400,entropy,4,25,12,sqrt,balanced_subsample,6,23,23,0.5909090909090909,0.7,0.8119834710743802,44
9,400,entropy,4,25,12,sqrt,balanced_subsample,6,24,24,0.5,0.3076923076923077,0.36363636363636365,18
9,400,entropy,4,25,12,sqrt,balanced_subsample,6,25,25,0.5777777777777777,0.5128205128205128,0.650197628458498,45
9,400,entropy,4,25,12,sqrt,balanced_subsample,6,26,26,0.5777777777777777,0.42424242424242425,0.7162698412698412,45
9,400,entropy,4,25,12,sqrt,balanced_subsample,6,27,27,0.4888888888888889,0.6461538461538462,0.5691699604743083,45
9,400,entropy,4,25,12,sqrt,balanced_subsample,6,28,28,0.4888888888888889,0.3783783783783784,0.48221343873517786,45
9,400,entropy,4,25,12,sqrt,balanced_subsample,6,29,29,0.8,0.8235294117647058,0.8893280632411067,45
9,400,entropy,4,25,12,sqrt,balanced_subsample,6,30,30,0.4666666666666667,0.0,0.5734126984126984,45
9,400,entropy,4,25,12,sqrt,balanced_subsample,6,31,31,0.8,0.8363636363636363,0.9703557312252964,45
9,400,entropy,4,25,12,sqrt,balanced_subsample,6,32,32,0.8636363636363636,0.875,0.8923395445134576,44
9,400,entropy,4,25,12,sqrt,balanced_subsample,6,33,33,0.7333333333333333,0.6666666666666666,0.8656126482213439,45
9,400,entropy,4,25,12,sqrt,balanced_subsample,6,34,34,0.8222222222222222,0.8095238095238095,0.9444444444444444,45
9,400,entropy,4,25,12,sqrt,balanced_subsample,6,35,35,0.5111111111111111,0.08333333333333333,0.7984189723320158,45
9,400,entropy,4,25,12,sqrt,balanced_subsample,6,36,36,0.4772727272727273,0.5818181818181818,0.4896694214876033,44
9,400,entropy,4,25,12,sqrt,balanced_subsample,6,37,37,0.5111111111111111,0.0,0.5889328063241107,45
9,400,entropy,4,25,12,sqrt,balanced_subsample,6,38,38,0.4888888888888889,0.5106382978723404,0.5474308300395258,45
9,400,entropy,4,25,12,sqrt,balanced_subsample,6,39,39,0.45454545454545453,0.5,0.432712215320911,44
9,400,entropy,4,25,12,sqrt,balanced_subsample,6,40,40,0.4666666666666667,0.5384615384615384,0.4900793650793651,45
9,400,entropy,4,25,12,sqrt,balanced_subsample,6,41,41,0.5333333333333333,0.0,0.6636904761904762,45
9,400,entropy,4,25,12,sqrt,balanced_subsample,6,42,42,0.7777777777777778,0.7222222222222222,0.9584980237154149,45
9,400,entropy,4,25,12,sqrt,balanced_subsample,6,43,43,0.7333333333333333,0.6470588235294118,0.849802371541502,45
9,400,entropy,4,25,12,sqrt,balanced_subsample,6,44,44,0.7241379310344828,0.7333333333333333,0.7761904761904762,29
9,400,entropy,4,25,12,sqrt,balanced_subsample,6,45,45,0.6666666666666666,0.5945945945945946,0.7292490118577075,45
9,400,entropy,4,25,12,sqrt,balanced_subsample,6,46,46,0.5555555555555556,0.5454545454545454,0.5770750988142292,45
9,400,entropy,4,25,12,sqrt,balanced_subsample,6,47,47,0.5111111111111111,0.0,0.6021825396825395,45
9,400,entropy,4,25,12,sqrt,balanced_subsample,6,48,48,0.8235294117647058,0.8421052631578947,0.8285714285714286,17
9,400,entropy,4,25,12,sqrt,balanced_subsample,6,49,49,0.8222222222222222,0.8095238095238095,0.9090909090909092,45
9,400,entropy,4,25,12,sqrt,balanced_subsample,6,50,50,0.5111111111111111,0.0,0.6116600790513834,45
9,400,entropy,4,25,12,sqrt,balanced_subsample,6,51,51,0.5111111111111111,0.0,0.44345238095238093,45
9,400,entropy,4,25,12,sqrt,balanced_subsample,6,52,52,0.7317073170731707,0.6206896551724138,0.8181818181818181,41
9,400,entropy,4,25,12,sqrt,balanced_subsample,6,53,53,0.627906976744186,0.5555555555555556,0.6255411255411256,43
9,400,entropy,4,25,12,sqrt,balanced_subsample,6,54,54,0.6410256410256411,0.6956521739130435,0.8342391304347826,39
9,400,entropy,4,25,12,sqrt,balanced_subsample,6,55,55,0.5111111111111111,0.0,0.6640316205533596,45
9,400,entropy,4,25,12,sqrt,balanced_subsample,6,56,56,0.8181818181818182,0.8461538461538461,0.9400826446280992,44
9,400,entropy,4,25,12,sqrt,balanced_subsample,6,57,57,0.5555555555555556,0.6296296296296297,0.6964285714285715,45
9,400,entropy,4,25,12,sqrt,balanced_subsample,6,58,58,0.5333333333333333,0.631578947368421,0.5634920634920635,45
9,400,entropy,4,25,12,sqrt,balanced_subsample,6,59,59,0.4666666666666667,0.25,0.47817460317460314,45
9,400,entropy,4,25,12,sqrt,balanced_subsample,6,60,60,0.7954545454545454,0.8,0.9194214876033058,44
9,400,entropy,4,25,12,sqrt,balanced_subsample,6,61,61,0.7906976744186046,0.7906976744186046,0.8636363636363636,43
9,400,entropy,4,25,12,sqrt,balanced_subsample,6,62,62,0.7555555555555555,0.7441860465116279,0.8932806324110671,45
9,400,entropy,4,25,12,sqrt,balanced_subsample,6,63,63,0.5813953488372093,0.5,0.5909090909090909,43
9,400,entropy,4,25,12,sqrt,balanced_subsample,6,64,64,0.6,0.3076923076923077,0.7094861660079052,45
9,400,entropy,4,25,12,sqrt,balanced_subsample,6,65,65,0.6666666666666666,0.6666666666666666,0.7440476190476191,45
9,400,entropy,4,25,12,sqrt,balanced_subsample,6,66,66,0.4666666666666667,0.42857142857142855,0.4841897233201581,45
9,400,entropy,4,25,12,sqrt,balanced_subsample,6,67,67,0.5333333333333333,0.2222222222222222,0.6047430830039525,45
9,400,entropy,4,25,12,sqrt,balanced_subsample,6,68,68,0.4888888888888889,0.0,0.6897233201581028,45
9,400,entropy,4,25,12,sqrt,balanced_subsample,6,69,69,0.5555555555555556,0.6153846153846154,0.621031746031746,45
9,400,entropy,4,25,12,sqrt,balanced_subsample,6,70,70,0.6888888888888889,0.6956521739130435,0.766798418972332,45
9,400,entropy,4,25,12,sqrt,balanced_subsample,6,71,71,0.6666666666666666,0.5161290322580645,0.9347826086956521,45
9,400,entropy,4,25,12,sqrt,balanced_subsample,6,72,72,0.6444444444444445,0.5,0.8260869565217391,45
9,400,entropy,4,25,12,sqrt,balanced_subsample,6,73,73,0.5333333333333333,0.08695652173913043,0.6679841897233202,45
9,400,entropy,4,25,12,sqrt,balanced_subsample,6,74,74,0.5555555555555556,0.23076923076923078,0.49404761904761907,45
9,400,entropy,4,25,12,sqrt,balanced_subsample,6,75,75,0.7317073170731707,0.717948717948718,0.8285714285714286,41
9,400,entropy,4,25,12,sqrt,balanced_subsample,6,76,76,0.6,0.5,0.5988142292490118,45
9,400,entropy,4,25,12,sqrt,balanced_subsample,6,77,77,0.5777777777777777,0.6122448979591837,0.5615079365079365,45
9,400,entropy,4,25,12,sqrt,balanced_subsample,6,78,78,0.5111111111111111,0.5925925925925926,0.6106719367588932,45
9,400,entropy,4,25,12,sqrt,balanced_subsample,6,79,79,0.65,0.5625,0.635,40
9,400,entropy,4,25,12,sqrt,balanced_subsample,6,80,80,0.5111111111111111,0.08333333333333333,0.6185770750988143,45
9,400,entropy,4,25,12,sqrt,balanced_subsample,6,81,81,0.6,0.35714285714285715,0.7934782608695652,45
9,400,entropy,4,25,12,sqrt,balanced_subsample,6,82,82,0.5333333333333333,0.676923076923077,0.7450592885375494,45
9,400,entropy,4,25,12,sqrt,balanced_subsample,6,83,83,0.5789473684210527,0.2727272727272727,0.7728531855955678,38
9,400,entropy,4,25,12,sqrt,balanced_subsample,6,84,84,0.6136363636363636,0.5641025641025641,0.7391304347826088,44
9,400,entropy,4,25,12,sqrt,balanced_subsample,6,85,85,0.5227272727272727,0.6666666666666666,0.8737060041407867,44
9,400,entropy,4,25,12,sqrt,balanced_subsample,6,86,86,0.7045454545454546,0.6829268292682927,0.7981366459627329,44
9,400,entropy,4,25,12,sqrt,balanced_subsample,6,87,87,0.5111111111111111,0.65625,0.5197628458498024,45
9,400,entropy,4,25,12,sqrt,balanced_subsample,6,88,88,0.4909090909090909,0.17647058823529413,0.5383597883597884,55
9,400,entropy,4,25,12,sqrt,balanced_subsample,6,89,89,0.6,0.3076923076923077,0.636904761904762,45
9,400,entropy,4,25,12,sqrt,balanced_subsample,6,90,90,0.4666666666666667,0.52,0.4762845849802372,45
9,400,entropy,4,25,12,sqrt,balanced_subsample,6,91,91,0.5681818181818182,0.6984126984126984,0.7603305785123967,44
9,400,entropy,4,25,12,sqrt,balanced_subsample,6,92,92,0.5892857142857143,0.43902439024390244,0.7435897435897437,56
9,400,entropy,4,25,12,sqrt,balanced_subsample,6,93,93,0.7333333333333333,0.7,0.8260869565217391,45
9,400,entropy,4,25,12,sqrt,balanced_subsample,6,94,94,0.8181818181818182,0.8518518518518519,1.0,44
9,400,entropy,4,25,12,sqrt,balanced_subsample,6,95,95,0.32142857142857145,0.4864864864864865,0.5364583333333333,28
9,400,entropy,4,25,12,sqrt,balanced_subsample,6,96,96,0.5,0.6666666666666666,0.5056689342403629,42
9,400,entropy,4,25,12,sqrt,balanced_subsample,6,97,97,0.5,0.0,0.5764462809917356,44
9,400,entropy,4,25,12,sqrt,balanced_subsample,6,98,98,0.5555555555555556,0.6551724137931034,0.5454545454545454,45
9,400,entropy,4,25,12,sqrt,balanced_subsample,6,99,99,0.5116279069767442,0.4878048780487805,0.5021645021645023,43
9,400,entropy,4,25,12,sqrt,balanced_subsample,6,100,100,0.5277777777777778,0.6222222222222222,0.5833333333333334,36
9,400,entropy,4,25,12,sqrt,balanced_subsample,6,101,101,0.4888888888888889,0.0,0.6462450592885376,45
9,400,entropy,4,25,12,sqrt,balanced_subsample,6,102,102,0.4888888888888889,0.0,0.7381422924901185,45
9,400,entropy,4,25,12,sqrt,balanced_subsample,6,103,103,0.6976744186046512,0.6486486486486487,0.7186147186147186,43
9,400,entropy,4,25,12,sqrt,balanced_subsample,6,104,104,0.46511627906976744,0.30303030303030304,0.4913419913419913,43
9,400,entropy,4,25,12,sqrt,balanced_subsample,6,105,105,0.5333333333333333,0.08695652173913043,0.4940711462450593,45
9,400,entropy,4,25,12,sqrt,balanced_subsample,6,106,106,0.7111111111111111,0.7111111111111111,0.7321428571428572,45
9,400,entropy,4,25,12,sqrt,balanced_subsample,6,107,107,0.5333333333333333,0.5116279069767442,0.5416666666666667,45
9,400,entropy,4,25,12,sqrt,balanced_subsample,6,108,108,0.8222222222222222,0.8,0.8715415019762847,45
10,500,log_loss,7,30,8,sqrt,balanced,6,1,1,0.6222222222222222,0.711864406779661,0.8122529644268774,45
10,500,log_loss,7,30,8,sqrt,balanced,6,2,2,0.7333333333333333,0.625,0.8992094861660078,45
10,500,log_loss,7,30,8,sqrt,balanced,6,3,3,0.4666666666666667,0.6,0.5079051383399209,45
10,500,log_loss,7,30,8,sqrt,balanced,6,4,4,0.7555555555555555,0.7555555555555555,0.7648221343873518,45
10,500,log_loss,7,30,8,sqrt,balanced,6,5,5,0.37777777777777777,0.391304347826087,0.3611111111111111,45
10,500,log_loss,7,30,8,sqrt,balanced,6,6,6,0.5333333333333333,0.16,0.5297619047619048,45
10,500,log_loss,7,30,8,sqrt,balanced,6,7,7,0.7333333333333333,0.7857142857142857,0.9525691699604744,45
10,500,log_loss,7,30,8,sqrt,balanced,6,8,8,0.6666666666666666,0.5945945945945946,0.7134387351778656,45
10,500,log_loss,7,30,8,sqrt,balanced,6,9,9,0.5333333333333333,0.5116279069767442,0.5813492063492063,45
10,500,log_loss,7,30,8,sqrt,balanced,6,10,10,0.6444444444444445,0.6521739130434783,0.7261904761904763,45
10,500,log_loss,7,30,8,sqrt,balanced,6,11,11,0.4888888888888889,0.6349206349206349,0.5079051383399209,45
10,500,log_loss,7,30,8,sqrt,balanced,6,12,12,0.5555555555555556,0.47368421052631576,0.6011904761904762,45
10,500,log_loss,7,30,8,sqrt,balanced,6,13,13,0.7142857142857143,0.7222222222222222,0.8137254901960784,35
10,500,log_loss,7,30,8,sqrt,balanced,6,14,14,0.6444444444444445,0.7333333333333333,0.616600790513834,45
10,500,log_loss,7,30,8,sqrt,balanced,6,15,15,0.5555555555555556,0.6875,0.9090909090909091,45
10,500,log_loss,7,30,8,sqrt,balanced,6,16,16,0.6222222222222222,0.5853658536585366,0.6877470355731226,45
10,500,log_loss,7,30,8,sqrt,balanced,6,17,17,0.5476190476190477,0.09523809523809523,0.5840909090909091,42
10,500,log_loss,7,30,8,sqrt,balanced,6,18,18,0.4888888888888889,0.6229508196721312,0.5177865612648221,45
10,500,log_loss,7,30,8,sqrt,balanced,6,19,19,0.6,0.7,0.7905138339920948,45
10,500,log_loss,7,30,8,sqrt,balanced,6,20,20,0.5333333333333333,0.16,0.4644268774703557,45
10,500,log_loss,7,30,8,sqrt,balanced,6,21,21,0.6222222222222222,0.6530612244897959,0.7123015873015873,45
10,500,log_loss,7,30,8,sqrt,balanced,6,22,22,0.5555555555555556,0.696969696969697,0.6877470355731226,45
10,500,log_loss,7,30,8,sqrt,balanced,6,23,23,0.6818181818181818,0.75,0.816115702479339,44
10,500,log_loss,7,30,8,sqrt,balanced,6,24,24,0.5,0.3076923076923077,0.37662337662337664,18
10,500,log_loss,7,30,8,sqrt,balanced,6,25,25,0.6,0.6086956521739131,0.6699604743083004,45
10,500,log_loss,7,30,8,sqrt,balanced,6,26,26,0.7111111111111111,0.7111111111111111,0.753968253968254,45
10,500,log_loss,7,30,8,sqrt,balanced,6,27,27,0.5111111111111111,0.65625,0.5474308300395256,45
10,500,log_loss,7,30,8,sqrt,balanced,6,28,28,0.5333333333333333,0.46153846153846156,0.48814229249011853,45
10,500,log_loss,7,30,8,sqrt,balanced,6,29,29,0.7777777777777778,0.8148148148148148,0.9387351778656127,45
10,500,log_loss,7,30,8,sqrt,balanced,6,30,30,0.5111111111111111,0.15384615384615385,0.5277777777777778,45
10,500,log_loss,7,30,8,sqrt,balanced,6,31,31,0.8888888888888888,0.9019607843137255,0.9624505928853755,45
10,500,log_loss,7,30,8,sqrt,balanced,6,32,32,0.8409090909090909,0.8627450980392157,0.8964803312629399,44
10,500,log_loss,7,30,8,sqrt,balanced,6,33,33,0.7333333333333333,0.6666666666666666,0.8596837944664032,45
10,500,log_loss,7,30,8,sqrt,balanced,6,34,34,0.8666666666666667,0.875,0.9623015873015873,45
10,500,log_loss,7,30,8,sqrt,balanced,6,35,35,0.5333333333333333,0.16,0.7964426877470355,45
10,500,log_loss,7,30,8,sqrt,balanced,6,36,36,0.4318181818181818,0.5283018867924528,0.4628099173553719,44
10,500,log_loss,7,30,8,sqrt,balanced,6,37,37,0.5111111111111111,0.0,0.5316205533596838,45
10,500,log_loss,7,30,8,sqrt,balanced,6,38,38,0.4888888888888889,0.43902439024390244,0.5395256916996047,45
10,500,log_loss,7,30,8,sqrt,balanced,6,39,39,0.45454545454545453,0.52,0.4182194616977225,44
10,500,log_loss,7,30,8,sqrt,balanced,6,40,40,0.4444444444444444,0.358974358974359,0.45833333333333337,45
10,500,log_loss,7,30,8,sqrt,balanced,6,41,41,0.6888888888888889,0.5882352941176471,0.7202380952380952,45
10,500,log_loss,7,30,8,sqrt,balanced,6,42,42,0.8666666666666667,0.85,0.9604743083003953,45
10,500,log_loss,7,30,8,sqrt,balanced,6,43,43,0.7111111111111111,0.5806451612903226,0.8359683794466404,45
10,500,log_loss,7,30,8,sqrt,balanced,6,44,44,0.7586206896551724,0.7407407407407407,0.7476190476190476,29
10,500,log_loss,7,30,8,sqrt,balanced,6,45,45,0.6222222222222222,0.37037037037037035,0.7569169960474309,45
10,500,log_loss,7,30,8,sqrt,balanced,6,46,46,0.5555555555555556,0.5454545454545454,0.5849802371541502,45
10,500,log_loss,7,30,8,sqrt,balanced,6,47,47,0.5333333333333333,0.5116279069767442,0.5357142857142857,45
10,500,log_loss,7,30,8,sqrt,balanced,6,48,48,0.7058823529411765,0.7058823529411765,0.8571428571428572,17
10,500,log_loss,7,30,8,sqrt,balanced,6,49,49,0.8,0.7804878048780488,0.9110671936758894,45
10,500,log_loss,7,30,8,sqrt,balanced,6,50,50,0.5111111111111111,0.0,0.6363636363636364,45
10,500,log_loss,7,30,8,sqrt,balanced,6,51,51,0.5333333333333333,0.0,0.4880952380952381,45
10,500,log_loss,7,30,8,sqrt,balanced,6,52,52,0.7317073170731707,0.6206896551724138,0.854066985645933,41
10,500,log_loss,7,30,8,sqrt,balanced,6,53,53,0.5813953488372093,0.4375,0.6125541125541125,43
10,500,log_loss,7,30,8,sqrt,balanced,6,54,54,0.6410256410256411,0.6956521739130435,0.8233695652173914,39
10,500,log_loss,7,30,8,sqrt,balanced,6,55,55,0.5555555555555556,0.16666666666666666,0.9347826086956521,45
10,500,log_loss,7,30,8,sqrt,balanced,6,56,56,0.8863636363636364,0.8888888888888888,0.9421487603305785,44
10,500,log_loss,7,30,8,sqrt,balanced,6,57,57,0.6444444444444445,0.6190476190476191,0.6944444444444444,45
10,500,log_loss,7,30,8,sqrt,balanced,6,58,58,0.5333333333333333,0.631578947368421,0.5753968253968254,45
10,500,log_loss,7,30,8,sqrt,balanced,6,59,59,0.4444444444444444,0.13793103448275862,0.4384920634920635,45
10,500,log_loss,7,30,8,sqrt,balanced,6,60,60,0.7954545454545454,0.8,0.921487603305785,44
10,500,log_loss,7,30,8,sqrt,balanced,6,61,61,0.7906976744186046,0.7692307692307693,0.8787878787878788,43
10,500,log_loss,7,30,8,sqrt,balanced,6,62,62,0.8,0.7906976744186046,0.9347826086956521,45
10,500,log_loss,7,30,8,sqrt,balanced,6,63,63,0.5813953488372093,0.35714285714285715,0.577922077922078,43
10,500,log_loss,7,30,8,sqrt,balanced,6,64,64,0.6444444444444445,0.6190476190476191,0.7549407114624506,45
10,500,log_loss,7,30,8,sqrt,balanced,6,65,65,0.6888888888888889,0.65,0.75,45
10,500,log_loss,7,30,8,sqrt,balanced,6,66,66,0.4444444444444444,0.46808510638297873,0.5059288537549407,45
10,500,log_loss,7,30,8,sqrt,balanced,6,67,67,0.5111111111111111,0.26666666666666666,0.6146245059288538,45
10,500,log_loss,7,30,8,sqrt,balanced,6,68,68,0.4888888888888889,0.0,0.6442687747035573,45
10,500,log_loss,7,30,8,sqrt,balanced,6,69,69,0.5333333333333333,0.5714285714285714,0.6051587301587302,45
10,500,log_loss,7,30,8,sqrt,balanced,6,70,70,0.7777777777777778,0.7619047619047619,0.7509881422924901,45
10,500,log_loss,7,30,8,sqrt,balanced,6,71,71,0.6222222222222222,0.41379310344827586,0.9486166007905138,45
10,500,log_loss,7,30,8,sqrt,balanced,6,72,72,0.7555555555555555,0.717948717948718,0.9051383399209486,45
10,500,log_loss,7,30,8,sqrt,balanced,6,73,73,0.5555555555555556,0.375,0.7094861660079052,45
10,500,log_loss,7,30,8,sqrt,balanced,6,74,74,0.5333333333333333,0.27586206896551724,0.4880952380952381,45
10,500,log_loss,7,30,8,sqrt,balanced,6,75,75,0.7560975609756098,0.75,0.861904761904762,41
10,500,log_loss,7,30,8,sqrt,balanced,6,76,76,0.5777777777777777,0.6779661016949152,0.6561264822134387,45
10,500,log_loss,7,30,8,sqrt,balanced,6,77,77,0.5333333333333333,0.5882352941176471,0.5297619047619048,45
10,500,log_loss,7,30,8,sqrt,balanced,6,78,78,0.5777777777777777,0.6545454545454545,0.6225296442687747,45
10,500,log_loss,7,30,8,sqrt,balanced,6,79,79,0.675,0.5806451612903226,0.6325000000000001,40
10,500,log_loss,7,30,8,sqrt,balanced,6,80,80,0.4888888888888889,0.0,0.6541501976284585,45
10,500,log_loss,7,30,8,sqrt,balanced,6,81,81,0.5555555555555556,0.23076923076923078,0.8339920948616601,45
10,500,log_loss,7,30,8,sqrt,balanced,6,82,82,0.5555555555555556,0.6774193548387096,0.6837944664031621,45
10,500,log_loss,7,30,8,sqrt,balanced,6,83,83,0.5789473684210527,0.2727272727272727,0.7700831024930748,38
10,500,log_loss,7,30,8,sqrt,balanced,6,84,84,0.6590909090909091,0.6341463414634146,0.7370600414078675,44
10,500,log_loss,7,30,8,sqrt,balanced,6,85,85,0.5454545454545454,0.6774193548387096,0.8964803312629399,44
10,500,log_loss,7,30,8,sqrt,balanced,6,86,86,0.6818181818181818,0.631578947368421,0.8178053830227743,44
10,500,log_loss,7,30,8,sqrt,balanced,6,87,87,0.5111111111111111,0.6333333333333333,0.5671936758893281,45
10,500,log_loss,7,30,8,sqrt,balanced,6,88,88,0.4727272727272727,0.12121212121212122,0.5291005291005291,55
10,500,log_loss,7,30,8,sqrt,balanced,6,89,89,0.6666666666666666,0.7272727272727273,0.7976190476190476,45
10,500,log_loss,7,30,8,sqrt,balanced,6,90,90,0.4666666666666667,0.5,0.49802371541501983,45
10,500,log_loss,7,30,8,sqrt,balanced,6,91,91,0.5909090909090909,0.7096774193548387,0.7582644628099173,44
10,500,log_loss,7,30,8,sqrt,balanced,6,92,92,0.5892857142857143,0.43902439024390244,0.7256410256410256,56
10,500,log_loss,7,30,8,sqrt,balanced,6,93,93,0.7555555555555555,0.7317073170731707,0.841897233201581,45
10,500,log_loss,7,30,8,sqrt,balanced,6,94,94,0.8409090909090909,0.8679245283018868,0.9937888198757764,44
10,500,log_loss,7,30,8,sqrt,balanced,6,95,95,0.32142857142857145,0.4864864864864865,0.5572916666666667,28
10,500,log_loss,7,30,8,sqrt,balanced,6,96,96,0.5238095238095238,0.6774193548387096,0.47165532879818595,42
10,500,log_loss,7,30,8,sqrt,balanced,6,97,97,0.5,0.0,0.5640495867768595,44
10,500,log_loss,7,30,8,sqrt,balanced,6,98,98,0.5555555555555556,0.6774193548387096,0.5810276679841898,45
10,500,log_loss,7,30,8,sqrt,balanced,6,99,99,0.4883720930232558,0.3888888888888889,0.512987012987013,43
10,500,log_loss,7,30,8,sqrt,balanced,6,100,100,0.5555555555555556,0.6363636363636364,0.5987654320987654,36
10,500,log_loss,7,30,8,sqrt,balanced,6,101,101,0.4888888888888889,0.0,0.6403162055335968,45
10,500,log_loss,7,30,8,sqrt,balanced,6,102,102,0.5777777777777777,0.2962962962962963,0.7430830039525691,45
10,500,log_loss,7,30,8,sqrt,balanced,6,103,103,0.6046511627906976,0.5405405405405406,0.7056277056277056,43
10,500,log_loss,7,30,8,sqrt,balanced,6,104,104,0.4883720930232558,0.5,0.5173160173160173,43
10,500,log_loss,7,30,8,sqrt,balanced,6,105,105,0.5111111111111111,0.3125,0.5,45
10,500,log_loss,7,30,8,sqrt,balanced,6,106,106,0.6444444444444445,0.6190476190476191,0.7202380952380952,45
10,500,log_loss,7,30,8,sqrt,balanced,6,107,107,0.5555555555555556,0.5652173913043478,0.5515873015873016,45
10,500,log_loss,7,30,8,sqrt,balanced,6,108,108,0.8,0.7692307692307693,0.883399209486166,45
11,500,log_loss,7,30,8,sqrt,balanced,6,1,1,0.6222222222222222,0.711864406779661,0.8122529644268774,45
11,500,log_loss,7,30,8,sqrt,balanced,6,2,2,0.7333333333333333,0.625,0.8992094861660078,45
11,500,log_loss,7,30,8,sqrt,balanced,6,3,3,0.4666666666666667,0.6,0.5079051383399209,45
11,500,log_loss,7,30,8,sqrt,balanced,6,4,4,0.7555555555555555,0.7555555555555555,0.7648221343873518,45
11,500,log_loss,7,30,8,sqrt,balanced,6,5,5,0.37777777777777777,0.391304347826087,0.3611111111111111,45
11,500,log_loss,7,30,8,sqrt,balanced,6,6,6,0.5333333333333333,0.16,0.5297619047619048,45
11,500,log_loss,7,30,8,sqrt,balanced,6,7,7,0.7333333333333333,0.7857142857142857,0.9525691699604744,45
11,500,log_loss,7,30,8,sqrt,balanced,6,8,8,0.6666666666666666,0.5945945945945946,0.7134387351778656,45
11,500,log_loss,7,30,8,sqrt,balanced,6,9,9,0.5333333333333333,0.5116279069767442,0.5813492063492063,45
11,500,log_loss,7,30,8,sqrt,balanced,6,10,10,0.6444444444444445,0.6521739130434783,0.7261904761904763,45
11,500,log_loss,7,30,8,sqrt,balanced,6,11,11,0.4888888888888889,0.6349206349206349,0.5079051383399209,45
11,500,log_loss,7,30,8,sqrt,balanced,6,12,12,0.5555555555555556,0.47368421052631576,0.6011904761904762,45
11,500,log_loss,7,30,8,sqrt,balanced,6,13,13,0.7142857142857143,0.7222222222222222,0.8137254901960784,35
11,500,log_loss,7,30,8,sqrt,balanced,6,14,14,0.6444444444444445,0.7333333333333333,0.616600790513834,45
11,500,log_loss,7,30,8,sqrt,balanced,6,15,15,0.5555555555555556,0.6875,0.9090909090909091,45
11,500,log_loss,7,30,8,sqrt,balanced,6,16,16,0.6222222222222222,0.5853658536585366,0.6877470355731226,45
11,500,log_loss,7,30,8,sqrt,balanced,6,17,17,0.5476190476190477,0.09523809523809523,0.5840909090909091,42
11,500,log_loss,7,30,8,sqrt,balanced,6,18,18,0.4888888888888889,0.6229508196721312,0.5177865612648221,45
11,500,log_loss,7,30,8,sqrt,balanced,6,19,19,0.6,0.7,0.7905138339920948,45
11,500,log_loss,7,30,8,sqrt,balanced,6,20,20,0.5333333333333333,0.16,0.4644268774703557,45
11,500,log_loss,7,30,8,sqrt,balanced,6,21,21,0.6222222222222222,0.6530612244897959,0.7123015873015873,45
11,500,log_loss,7,30,8,sqrt,balanced,6,22,22,0.5555555555555556,0.696969696969697,0.6877470355731226,45
11,500,log_loss,7,30,8,sqrt,balanced,6,23,23,0.6818181818181818,0.75,0.816115702479339,44
11,500,log_loss,7,30,8,sqrt,balanced,6,24,24,0.5,0.3076923076923077,0.37662337662337664,18
11,500,log_loss,7,30,8,sqrt,balanced,6,25,25,0.6,0.6086956521739131,0.6699604743083004,45
11,500,log_loss,7,30,8,sqrt,balanced,6,26,26,0.7111111111111111,0.7111111111111111,0.753968253968254,45
11,500,log_loss,7,30,8,sqrt,balanced,6,27,27,0.5111111111111111,0.65625,0.5474308300395256,45
11,500,log_loss,7,30,8,sqrt,balanced,6,28,28,0.5333333333333333,0.46153846153846156,0.48814229249011853,45
11,500,log_loss,7,30,8,sqrt,balanced,6,29,29,0.7777777777777778,0.8148148148148148,0.9387351778656127,45
11,500,log_loss,7,30,8,sqrt,balanced,6,30,30,0.5111111111111111,0.15384615384615385,0.5277777777777778,45
11,500,log_loss,7,30,8,sqrt,balanced,6,31,31,0.8888888888888888,0.9019607843137255,0.9624505928853755,45
11,500,log_loss,7,30,8,sqrt,balanced,6,32,32,0.8409090909090909,0.8627450980392157,0.8964803312629399,44
11,500,log_loss,7,30,8,sqrt,balanced,6,33,33,0.7333333333333333,0.6666666666666666,0.8596837944664032,45
11,500,log_loss,7,30,8,sqrt,balanced,6,34,34,0.8666666666666667,0.875,0.9623015873015873,45
11,500,log_loss,7,30,8,sqrt,balanced,6,35,35,0.5333333333333333,0.16,0.7964426877470355,45
11,500,log_loss,7,30,8,sqrt,balanced,6,36,36,0.4318181818181818,0.5283018867924528,0.4628099173553719,44
11,500,log_loss,7,30,8,sqrt,balanced,6,37,37,0.5111111111111111,0.0,0.5316205533596838,45
11,500,log_loss,7,30,8,sqrt,balanced,6,38,38,0.4888888888888889,0.43902439024390244,0.5395256916996047,45
11,500,log_loss,7,30,8,sqrt,balanced,6,39,39,0.45454545454545453,0.52,0.4182194616977225,44
11,500,log_loss,7,30,8,sqrt,balanced,6,40,40,0.4444444444444444,0.358974358974359,0.45833333333333337,45
11,500,log_loss,7,30,8,sqrt,balanced,6,41,41,0.6888888888888889,0.5882352941176471,0.7202380952380952,45
11,500,log_loss,7,30,8,sqrt,balanced,6,42,42,0.8666666666666667,0.85,0.9604743083003953,45
11,500,log_loss,7,30,8,sqrt,balanced,6,43,43,0.7111111111111111,0.5806451612903226,0.8359683794466404,45
11,500,log_loss,7,30,8,sqrt,balanced,6,44,44,0.7586206896551724,0.7407407407407407,0.7476190476190476,29
11,500,log_loss,7,30,8,sqrt,balanced,6,45,45,0.6222222222222222,0.37037037037037035,0.7569169960474309,45
11,500,log_loss,7,30,8,sqrt,balanced,6,46,46,0.5555555555555556,0.5454545454545454,0.5849802371541502,45
11,500,log_loss,7,30,8,sqrt,balanced,6,47,47,0.5333333333333333,0.5116279069767442,0.5357142857142857,45
11,500,log_loss,7,30,8,sqrt,balanced,6,48,48,0.7058823529411765,0.7058823529411765,0.8571428571428572,17
11,500,log_loss,7,30,8,sqrt,balanced,6,49,49,0.8,0.7804878048780488,0.9110671936758894,45
11,500,log_loss,7,30,8,sqrt,balanced,6,50,50,0.5111111111111111,0.0,0.6363636363636364,45
11,500,log_loss,7,30,8,sqrt,balanced,6,51,51,0.5333333333333333,0.0,0.4880952380952381,45
11,500,log_loss,7,30,8,sqrt,balanced,6,52,52,0.7317073170731707,0.6206896551724138,0.854066985645933,41
11,500,log_loss,7,30,8,sqrt,balanced,6,53,53,0.5813953488372093,0.4375,0.6125541125541125,43
11,500,log_loss,7,30,8,sqrt,balanced,6,54,54,0.6410256410256411,0.6956521739130435,0.8233695652173914,39
11,500,log_loss,7,30,8,sqrt,balanced,6,55,55,0.5555555555555556,0.16666666666666666,0.9347826086956521,45
11,500,log_loss,7,30,8,sqrt,balanced,6,56,56,0.8863636363636364,0.8888888888888888,0.9421487603305785,44
11,500,log_loss,7,30,8,sqrt,balanced,6,57,57,0.6444444444444445,0.6190476190476191,0.6944444444444444,45
11,500,log_loss,7,30,8,sqrt,balanced,6,58,58,0.5333333333333333,0.631578947368421,0.5753968253968254,45
11,500,log_loss,7,30,8,sqrt,balanced,6,59,59,0.4444444444444444,0.13793103448275862,0.4384920634920635,45
11,500,log_loss,7,30,8,sqrt,balanced,6,60,60,0.7954545454545454,0.8,0.921487603305785,44
11,500,log_loss,7,30,8,sqrt,balanced,6,61,61,0.7906976744186046,0.7692307692307693,0.8787878787878788,43
11,500,log_loss,7,30,8,sqrt,balanced,6,62,62,0.8,0.7906976744186046,0.9347826086956521,45
11,500,log_loss,7,30,8,sqrt,balanced,6,63,63,0.5813953488372093,0.35714285714285715,0.577922077922078,43
11,500,log_loss,7,30,8,sqrt,balanced,6,64,64,0.6444444444444445,0.6190476190476191,0.7549407114624506,45
11,500,log_loss,7,30,8,sqrt,balanced,6,65,65,0.6888888888888889,0.65,0.75,45
11,500,log_loss,7,30,8,sqrt,balanced,6,66,66,0.4444444444444444,0.46808510638297873,0.5059288537549407,45
11,500,log_loss,7,30,8,sqrt,balanced,6,67,67,0.5111111111111111,0.26666666666666666,0.6146245059288538,45
11,500,log_loss,7,30,8,sqrt,balanced,6,68,68,0.4888888888888889,0.0,0.6442687747035573,45
11,500,log_loss,7,30,8,sqrt,balanced,6,69,69,0.5333333333333333,0.5714285714285714,0.6051587301587302,45
11,500,log_loss,7,30,8,sqrt,balanced,6,70,70,0.7777777777777778,0.7619047619047619,0.7509881422924901,45
11,500,log_loss,7,30,8,sqrt,balanced,6,71,71,0.6222222222222222,0.41379310344827586,0.9486166007905138,45
11,500,log_loss,7,30,8,sqrt,balanced,6,72,72,0.7555555555555555,0.717948717948718,0.9051383399209486,45
11,500,log_loss,7,30,8,sqrt,balanced,6,73,73,0.5555555555555556,0.375,0.7094861660079052,45
11,500,log_loss,7,30,8,sqrt,balanced,6,74,74,0.5333333333333333,0.27586206896551724,0.4880952380952381,45
11,500,log_loss,7,30,8,sqrt,balanced,6,75,75,0.7560975609756098,0.75,0.861904761904762,41
11,500,log_loss,7,30,8,sqrt,balanced,6,76,76,0.5777777777777777,0.6779661016949152,0.6561264822134387,45
11,500,log_loss,7,30,8,sqrt,balanced,6,77,77,0.5333333333333333,0.5882352941176471,0.5297619047619048,45
11,500,log_loss,7,30,8,sqrt,balanced,6,78,78,0.5777777777777777,0.6545454545454545,0.6225296442687747,45
11,500,log_loss,7,30,8,sqrt,balanced,6,79,79,0.675,0.5806451612903226,0.6325000000000001,40
11,500,log_loss,7,30,8,sqrt,balanced,6,80,80,0.4888888888888889,0.0,0.6541501976284585,45
11,500,log_loss,7,30,8,sqrt,balanced,6,81,81,0.5555555555555556,0.23076923076923078,0.8339920948616601,45
11,500,log_loss,7,30,8,sqrt,balanced,6,82,82,0.5555555555555556,0.6774193548387096,0.6837944664031621,45
11,500,log_loss,7,30,8,sqrt,balanced,6,83,83,0.5789473684210527,0.2727272727272727,0.7700831024930748,38
11,500,log_loss,7,30,8,sqrt,balanced,6,84,84,0.6590909090909091,0.6341463414634146,0.7370600414078675,44
11,500,log_loss,7,30,8,sqrt,balanced,6,85,85,0.5454545454545454,0.6774193548387096,0.8964803312629399,44
11,500,log_loss,7,30,8,sqrt,balanced,6,86,86,0.6818181818181818,0.631578947368421,0.8178053830227743,44
11,500,log_loss,7,30,8,sqrt,balanced,6,87,87,0.5111111111111111,0.6333333333333333,0.5671936758893281,45
11,500,log_loss,7,30,8,sqrt,balanced,6,88,88,0.4727272727272727,0.12121212121212122,0.5291005291005291,55
11,500,log_loss,7,30,8,sqrt,balanced,6,89,89,0.6666666666666666,0.7272727272727273,0.7976190476190476,45
11,500,log_loss,7,30,8,sqrt,balanced,6,90,90,0.4666666666666667,0.5,0.49802371541501983,45
11,500,log_loss,7,30,8,sqrt,balanced,6,91,91,0.5909090909090909,0.7096774193548387,0.7582644628099173,44
11,500,log_loss,7,30,8,sqrt,balanced,6,92,92,0.5892857142857143,0.43902439024390244,0.7256410256410256,56
11,500,log_loss,7,30,8,sqrt,balanced,6,93,93,0.7555555555555555,0.7317073170731707,0.841897233201581,45
11,500,log_loss,7,30,8,sqrt,balanced,6,94,94,0.8409090909090909,0.8679245283018868,0.9937888198757764,44
11,500,log_loss,7,30,8,sqrt,balanced,6,95,95,0.32142857142857145,0.4864864864864865,0.5572916666666667,28
11,500,log_loss,7,30,8,sqrt,balanced,6,96,96,0.5238095238095238,0.6774193548387096,0.47165532879818595,42
11,500,log_loss,7,30,8,sqrt,balanced,6,97,97,0.5,0.0,0.5640495867768595,44
11,500,log_loss,7,30,8,sqrt,balanced,6,98,98,0.5555555555555556,0.6774193548387096,0.5810276679841898,45
11,500,log_loss,7,30,8,sqrt,balanced,6,99,99,0.4883720930232558,0.3888888888888889,0.512987012987013,43
11,500,log_loss,7,30,8,sqrt,balanced,6,100,100,0.5555555555555556,0.6363636363636364,0.5987654320987654,36
11,500,log_loss,7,30,8,sqrt,balanced,6,101,101,0.4888888888888889,0.0,0.6403162055335968,45
11,500,log_loss,7,30,8,sqrt,balanced,6,102,102,0.5777777777777777,0.2962962962962963,0.7430830039525691,45
11,500,log_loss,7,30,8,sqrt,balanced,6,103,103,0.6046511627906976,0.5405405405405406,0.7056277056277056,43
11,500,log_loss,7,30,8,sqrt,balanced,6,104,104,0.4883720930232558,0.5,0.5173160173160173,43
11,500,log_loss,7,30,8,sqrt,balanced,6,105,105,0.5111111111111111,0.3125,0.5,45
11,500,log_loss,7,30,8,sqrt,balanced,6,106,106,0.6444444444444445,0.6190476190476191,0.7202380952380952,45
11,500,log_loss,7,30,8,sqrt,balanced,6,107,107,0.5555555555555556,0.5652173913043478,0.5515873015873016,45
11,500,log_loss,7,30,8,sqrt,balanced,6,108,108,0.8,0.7692307692307693,0.883399209486166,45
12,500,log_loss,7,30,8,sqrt,balanced,6,1,1,0.6222222222222222,0.711864406779661,0.8122529644268774,45
12,500,log_loss,7,30,8,sqrt,balanced,6,2,2,0.7333333333333333,0.625,0.8992094861660078,45
12,500,log_loss,7,30,8,sqrt,balanced,6,3,3,0.4666666666666667,0.6,0.5079051383399209,45
12,500,log_loss,7,30,8,sqrt,balanced,6,4,4,0.7555555555555555,0.7555555555555555,0.7648221343873518,45
12,500,log_loss,7,30,8,sqrt,balanced,6,5,5,0.37777777777777777,0.391304347826087,0.3611111111111111,45
12,500,log_loss,7,30,8,sqrt,balanced,6,6,6,0.5333333333333333,0.16,0.5297619047619048,45
12,500,log_loss,7,30,8,sqrt,balanced,6,7,7,0.7333333333333333,0.7857142857142857,0.9525691699604744,45
12,500,log_loss,7,30,8,sqrt,balanced,6,8,8,0.6666666666666666,0.5945945945945946,0.7134387351778656,45
12,500,log_loss,7,30,8,sqrt,balanced,6,9,9,0.5333333333333333,0.5116279069767442,0.5813492063492063,45
12,500,log_loss,7,30,8,sqrt,balanced,6,10,10,0.6444444444444445,0.6521739130434783,0.7261904761904763,45
12,500,log_loss,7,30,8,sqrt,balanced,6,11,11,0.4888888888888889,0.6349206349206349,0.5079051383399209,45
12,500,log_loss,7,30,8,sqrt,balanced,6,12,12,0.5555555555555556,0.47368421052631576,0.6011904761904762,45
12,500,log_loss,7,30,8,sqrt,balanced,6,13,13,0.7142857142857143,0.7222222222222222,0.8137254901960784,35
12,500,log_loss,7,30,8,sqrt,balanced,6,14,14,0.6444444444444445,0.7333333333333333,0.616600790513834,45
12,500,log_loss,7,30,8,sqrt,balanced,6,15,15,0.5555555555555556,0.6875,0.9090909090909091,45
12,500,log_loss,7,30,8,sqrt,balanced,6,16,16,0.6222222222222222,0.5853658536585366,0.6877470355731226,45
12,500,log_loss,7,30,8,sqrt,balanced,6,17,17,0.5476190476190477,0.09523809523809523,0.5840909090909091,42
12,500,log_loss,7,30,8,sqrt,balanced,6,18,18,0.4888888888888889,0.6229508196721312,0.5177865612648221,45
12,500,log_loss,7,30,8,sqrt,balanced,6,19,19,0.6,0.7,0.7905138339920948,45
12,500,log_loss,7,30,8,sqrt,balanced,6,20,20,0.5333333333333333,0.16,0.4644268774703557,45
12,500,log_loss,7,30,8,sqrt,balanced,6,21,21,0.6222222222222222,0.6530612244897959,0.7123015873015873,45
12,500,log_loss,7,30,8,sqrt,balanced,6,22,22,0.5555555555555556,0.696969696969697,0.6877470355731226,45
12,500,log_loss,7,30,8,sqrt,balanced,6,23,23,0.6818181818181818,0.75,0.816115702479339,44
12,500,log_loss,7,30,8,sqrt,balanced,6,24,24,0.5,0.3076923076923077,0.37662337662337664,18
12,500,log_loss,7,30,8,sqrt,balanced,6,25,25,0.6,0.6086956521739131,0.6699604743083004,45
12,500,log_loss,7,30,8,sqrt,balanced,6,26,26,0.7111111111111111,0.7111111111111111,0.753968253968254,45
12,500,log_loss,7,30,8,sqrt,balanced,6,27,27,0.5111111111111111,0.65625,0.5474308300395256,45
12,500,log_loss,7,30,8,sqrt,balanced,6,28,28,0.5333333333333333,0.46153846153846156,0.48814229249011853,45
12,500,log_loss,7,30,8,sqrt,balanced,6,29,29,0.7777777777777778,0.8148148148148148,0.9387351778656127,45
12,500,log_loss,7,30,8,sqrt,balanced,6,30,30,0.5111111111111111,0.15384615384615385,0.5277777777777778,45
12,500,log_loss,7,30,8,sqrt,balanced,6,31,31,0.8888888888888888,0.9019607843137255,0.9624505928853755,45
12,500,log_loss,7,30,8,sqrt,balanced,6,32,32,0.8409090909090909,0.8627450980392157,0.8964803312629399,44
12,500,log_loss,7,30,8,sqrt,balanced,6,33,33,0.7333333333333333,0.6666666666666666,0.8596837944664032,45
12,500,log_loss,7,30,8,sqrt,balanced,6,34,34,0.8666666666666667,0.875,0.9623015873015873,45
12,500,log_loss,7,30,8,sqrt,balanced,6,35,35,0.5333333333333333,0.16,0.7964426877470355,45
12,500,log_loss,7,30,8,sqrt,balanced,6,36,36,0.4318181818181818,0.5283018867924528,0.4628099173553719,44
12,500,log_loss,7,30,8,sqrt,balanced,6,37,37,0.5111111111111111,0.0,0.5316205533596838,45
12,500,log_loss,7,30,8,sqrt,balanced,6,38,38,0.4888888888888889,0.43902439024390244,0.5395256916996047,45
12,500,log_loss,7,30,8,sqrt,balanced,6,39,39,0.45454545454545453,0.52,0.4182194616977225,44
12,500,log_loss,7,30,8,sqrt,balanced,6,40,40,0.4444444444444444,0.358974358974359,0.45833333333333337,45
12,500,log_loss,7,30,8,sqrt,balanced,6,41,41,0.6888888888888889,0.5882352941176471,0.7202380952380952,45
12,500,log_loss,7,30,8,sqrt,balanced,6,42,42,0.8666666666666667,0.85,0.9604743083003953,45
12,500,log_loss,7,30,8,sqrt,balanced,6,43,43,0.7111111111111111,0.5806451612903226,0.8359683794466404,45
12,500,log_loss,7,30,8,sqrt,balanced,6,44,44,0.7586206896551724,0.7407407407407407,0.7476190476190476,29
12,500,log_loss,7,30,8,sqrt,balanced,6,45,45,0.6222222222222222,0.37037037037037035,0.7569169960474309,45
12,500,log_loss,7,30,8,sqrt,balanced,6,46,46,0.5555555555555556,0.5454545454545454,0.5849802371541502,45
12,500,log_loss,7,30,8,sqrt,balanced,6,47,47,0.5333333333333333,0.5116279069767442,0.5357142857142857,45
12,500,log_loss,7,30,8,sqrt,balanced,6,48,48,0.7058823529411765,0.7058823529411765,0.8571428571428572,17
12,500,log_loss,7,30,8,sqrt,balanced,6,49,49,0.8,0.7804878048780488,0.9110671936758894,45
12,500,log_loss,7,30,8,sqrt,balanced,6,50,50,0.5111111111111111,0.0,0.6363636363636364,45
12,500,log_loss,7,30,8,sqrt,balanced,6,51,51,0.5333333333333333,0.0,0.4880952380952381,45
12,500,log_loss,7,30,8,sqrt,balanced,6,52,52,0.7317073170731707,0.6206896551724138,0.854066985645933,41
12,500,log_loss,7,30,8,sqrt,balanced,6,53,53,0.5813953488372093,0.4375,0.6125541125541125,43
12,500,log_loss,7,30,8,sqrt,balanced,6,54,54,0.6410256410256411,0.6956521739130435,0.8233695652173914,39
12,500,log_loss,7,30,8,sqrt,balanced,6,55,55,0.5555555555555556,0.16666666666666666,0.9347826086956521,45
12,500,log_loss,7,30,8,sqrt,balanced,6,56,56,0.8863636363636364,0.8888888888888888,0.9421487603305785,44
12,500,log_loss,7,30,8,sqrt,balanced,6,57,57,0.6444444444444445,0.6190476190476191,0.6944444444444444,45
12,500,log_loss,7,30,8,sqrt,balanced,6,58,58,0.5333333333333333,0.631578947368421,0.5753968253968254,45
12,500,log_loss,7,30,8,sqrt,balanced,6,59,59,0.4444444444444444,0.13793103448275862,0.4384920634920635,45
12,500,log_loss,7,30,8,sqrt,balanced,6,60,60,0.7954545454545454,0.8,0.921487603305785,44
12,500,log_loss,7,30,8,sqrt,balanced,6,61,61,0.7906976744186046,0.7692307692307693,0.8787878787878788,43
12,500,log_loss,7,30,8,sqrt,balanced,6,62,62,0.8,0.7906976744186046,0.9347826086956521,45
12,500,log_loss,7,30,8,sqrt,balanced,6,63,63,0.5813953488372093,0.35714285714285715,0.577922077922078,43
12,500,log_loss,7,30,8,sqrt,balanced,6,64,64,0.6444444444444445,0.6190476190476191,0.7549407114624506,45
12,500,log_loss,7,30,8,sqrt,balanced,6,65,65,0.6888888888888889,0.65,0.75,45
12,500,log_loss,7,30,8,sqrt,balanced,6,66,66,0.4444444444444444,0.46808510638297873,0.5059288537549407,45
12,500,log_loss,7,30,8,sqrt,balanced,6,67,67,0.5111111111111111,0.26666666666666666,0.6146245059288538,45
12,500,log_loss,7,30,8,sqrt,balanced,6,68,68,0.4888888888888889,0.0,0.6442687747035573,45
12,500,log_loss,7,30,8,sqrt,balanced,6,69,69,0.5333333333333333,0.5714285714285714,0.6051587301587302,45
12,500,log_loss,7,30,8,sqrt,balanced,6,70,70,0.7777777777777778,0.7619047619047619,0.7509881422924901,45
12,500,log_loss,7,30,8,sqrt,balanced,6,71,71,0.6222222222222222,0.41379310344827586,0.9486166007905138,45
12,500,log_loss,7,30,8,sqrt,balanced,6,72,72,0.7555555555555555,0.717948717948718,0.9051383399209486,45
12,500,log_loss,7,30,8,sqrt,balanced,6,73,73,0.5555555555555556,0.375,0.7094861660079052,45
12,500,log_loss,7,30,8,sqrt,balanced,6,74,74,0.5333333333333333,0.27586206896551724,0.4880952380952381,45
12,500,log_loss,7,30,8,sqrt,balanced,6,75,75,0.7560975609756098,0.75,0.861904761904762,41
12,500,log_loss,7,30,8,sqrt,balanced,6,76,76,0.5777777777777777,0.6779661016949152,0.6561264822134387,45
12,500,log_loss,7,30,8,sqrt,balanced,6,77,77,0.5333333333333333,0.5882352941176471,0.5297619047619048,45
12,500,log_loss,7,30,8,sqrt,balanced,6,78,78,0.5777777777777777,0.6545454545454545,0.6225296442687747,45
12,500,log_loss,7,30,8,sqrt,balanced,6,79,79,0.675,0.5806451612903226,0.6325000000000001,40
12,500,log_loss,7,30,8,sqrt,balanced,6,80,80,0.4888888888888889,0.0,0.6541501976284585,45
12,500,log_loss,7,30,8,sqrt,balanced,6,81,81,0.5555555555555556,0.23076923076923078,0.8339920948616601,45
12,500,log_loss,7,30,8,sqrt,balanced,6,82,82,0.5555555555555556,0.6774193548387096,0.6837944664031621,45
12,500,log_loss,7,30,8,sqrt,balanced,6,83,83,0.5789473684210527,0.2727272727272727,0.7700831024930748,38
12,500,log_loss,7,30,8,sqrt,balanced,6,84,84,0.6590909090909091,0.6341463414634146,0.7370600414078675,44
12,500,log_loss,7,30,8,sqrt,balanced,6,85,85,0.5454545454545454,0.6774193548387096,0.8964803312629399,44
12,500,log_loss,7,30,8,sqrt,balanced,6,86,86,0.6818181818181818,0.631578947368421,0.8178053830227743,44
12,500,log_loss,7,30,8,sqrt,balanced,6,87,87,0.5111111111111111,0.6333333333333333,0.5671936758893281,45
12,500,log_loss,7,30,8,sqrt,balanced,6,88,88,0.4727272727272727,0.12121212121212122,0.5291005291005291,55
12,500,log_loss,7,30,8,sqrt,balanced,6,89,89,0.6666666666666666,0.7272727272727273,0.7976190476190476,45
12,500,log_loss,7,30,8,sqrt,balanced,6,90,90,0.4666666666666667,0.5,0.49802371541501983,45
12,500,log_loss,7,30,8,sqrt,balanced,6,91,91,0.5909090909090909,0.7096774193548387,0.7582644628099173,44
12,500,log_loss,7,30,8,sqrt,balanced,6,92,92,0.5892857142857143,0.43902439024390244,0.7256410256410256,56
12,500,log_loss,7,30,8,sqrt,balanced,6,93,93,0.7555555555555555,0.7317073170731707,0.841897233201581,45
12,500,log_loss,7,30,8,sqrt,balanced,6,94,94,0.8409090909090909,0.8679245283018868,0.9937888198757764,44
12,500,log_loss,7,30,8,sqrt,balanced,6,95,95,0.32142857142857145,0.4864864864864865,0.5572916666666667,28
12,500,log_loss,7,30,8,sqrt,balanced,6,96,96,0.5238095238095238,0.6774193548387096,0.47165532879818595,42
12,500,log_loss,7,30,8,sqrt,balanced,6,97,97,0.5,0.0,0.5640495867768595,44
12,500,log_loss,7,30,8,sqrt,balanced,6,98,98,0.5555555555555556,0.6774193548387096,0.5810276679841898,45
12,500,log_loss,7,30,8,sqrt,balanced,6,99,99,0.4883720930232558,0.3888888888888889,0.512987012987013,43
12,500,log_loss,7,30,8,sqrt,balanced,6,100,100,0.5555555555555556,0.6363636363636364,0.5987654320987654,36
12,500,log_loss,7,30,8,sqrt,balanced,6,101,101,0.4888888888888889,0.0,0.6403162055335968,45
12,500,log_loss,7,30,8,sqrt,balanced,6,102,102,0.5777777777777777,0.2962962962962963,0.7430830039525691,45
12,500,log_loss,7,30,8,sqrt,balanced,6,103,103,0.6046511627906976,0.5405405405405406,0.7056277056277056,43
12,500,log_loss,7,30,8,sqrt,balanced,6,104,104,0.4883720930232558,0.5,0.5173160173160173,43
12,500,log_loss,7,30,8,sqrt,balanced,6,105,105,0.5111111111111111,0.3125,0.5,45
12,500,log_loss,7,30,8,sqrt,balanced,6,106,106,0.6444444444444445,0.6190476190476191,0.7202380952380952,45
12,500,log_loss,7,30,8,sqrt,balanced,6,107,107,0.5555555555555556,0.5652173913043478,0.5515873015873016,45
12,500,log_loss,7,30,8,sqrt,balanced,6,108,108,0.8,0.7692307692307693,0.883399209486166,45
13,450,log_loss,6,25,10,sqrt,balanced,6,1,1,0.6222222222222222,0.711864406779661,0.8221343873517788,45
13,450,log_loss,6,25,10,sqrt,balanced,6,2,2,0.7777777777777778,0.7058823529411765,0.8952569169960474,45
13,450,log_loss,6,25,10,sqrt,balanced,6,3,3,0.4888888888888889,0.6229508196721312,0.4920948616600791,45
13,450,log_loss,6,25,10,sqrt,balanced,6,4,4,0.6222222222222222,0.6909090909090909,0.7292490118577075,45
13,450,log_loss,6,25,10,sqrt,balanced,6,5,5,0.4222222222222222,0.35,0.3630952380952381,45
13,450,log_loss,6,25,10,sqrt,balanced,6,6,6,0.5333333333333333,0.16,0.5436507936507937,45
13,450,log_loss,6,25,10,sqrt,balanced,6,7,7,0.7333333333333333,0.7857142857142857,0.9446640316205535,45
13,450,log_loss,6,25,10,sqrt,balanced,6,8,8,0.6666666666666666,0.5714285714285714,0.6976284584980237,45
13,450,log_loss,6,25,10,sqrt,balanced,6,9,9,0.5777777777777777,0.5581395348837209,0.5773809523809523,45
13,450,log_loss,6,25,10,sqrt,balanced,6,10,10,0.6444444444444445,0.6521739130434783,0.738095238095238,45
13,450,log_loss,6,25,10,sqrt,balanced,6,11,11,0.4888888888888889,0.6349206349206349,0.4940711462450593,45
13,450,log_loss,6,25,10,sqrt,balanced,6,12,12,0.5111111111111111,0.3125,0.6150793650793651,45
13,450,log_loss,6,25,10,sqrt,balanced,6,13,13,0.7428571428571429,0.7567567567567568,0.7843137254901961,35
13,450,log_loss,6,25,10,sqrt,balanced,6,14,14,0.6444444444444445,0.7333333333333333,0.616600790513834,45
13,450,log_loss,6,25,10,sqrt,balanced,6,15,15,0.5777777777777777,0.6984126984126984,0.9071146245059288,45
13,450,log_loss,6,25,10,sqrt,balanced,6,16,16,0.6222222222222222,0.5853658536585366,0.6877470355731226,45
13,450,log_loss,6,25,10,sqrt,balanced,6,17,17,0.5476190476190477,0.09523809523809523,0.5977272727272728,42
13,450,log_loss,6,25,10,sqrt,balanced,6,18,18,0.4888888888888889,0.5964912280701754,0.5217391304347826,45
13,450,log_loss,6,25,10,sqrt,balanced,6,19,19,0.6,0.7,0.774703557312253,45
13,450,log_loss,6,25,10,sqrt,balanced,6,20,20,0.5111111111111111,0.0,0.46047430830039526,45
13,450,log_loss,6,25,10,sqrt,balanced,6,21,21,0.6666666666666666,0.6808510638297872,0.7003968253968254,45
13,450,log_loss,6,25,10,sqrt,balanced,6,22,22,0.5555555555555556,0.696969696969697,0.691699604743083,45
13,450,log_loss,6,25,10,sqrt,balanced,6,23,23,0.6363636363636364,0.7241379310344828,0.8202479338842976,44
13,450,log_loss,6,25,10,sqrt,balanced,6,24,24,0.5,0.3076923076923077,0.35064935064935066,18
13,450,log_loss,6,25,10,sqrt,balanced,6,25,25,0.6,0.5909090909090909,0.6679841897233202,45
13,450,log_loss,6,25,10,sqrt,balanced,6,26,26,0.7111111111111111,0.7111111111111111,0.7440476190476191,45
13,450,log_loss,6,25,10,sqrt,balanced,6,27,27,0.5111111111111111,0.65625,0.5632411067193676,45
13,450,log_loss,6,25,10,sqrt,balanced,6,28,28,0.4888888888888889,0.3783783783783784,0.4841897233201581,45
13,450,log_loss,6,25,10,sqrt,balanced,6,29,29,0.8,0.8301886792452831,0.9347826086956522,45
13,450,log_loss,6,25,10,sqrt,balanced,6,30,30,0.5111111111111111,0.15384615384615385,0.5257936507936508,45
13,450,log_loss,6,25,10,sqrt,balanced,6,31,31,0.8888888888888888,0.9019607843137255,0.9743083003952568,45
13,450,log_loss,6,25,10,sqrt,balanced,6,32,32,0.8181818181818182,0.8461538461538461,0.8944099378881988,44
13,450,log_loss,6,25,10,sqrt,balanced,6,33,33,0.7333333333333333,0.6666666666666666,0.8735177865612649,45
13,450,log_loss,6,25,10,sqrt,balanced,6,34,34,0.8444444444444444,0.8571428571428571,0.9484126984126985,45
13,450,log_loss,6,25,10,sqrt,balanced,6,35,35,0.5111111111111111,0.08333333333333333,0.7549407114624507,45
13,450,log_loss,6,25,10,sqrt,balanced,6,36,36,0.4318181818181818,0.5283018867924528,0.47520661157024796,44
13,450,log_loss,6,25,10,sqrt,balanced,6,37,37,0.5111111111111111,0.0,0.5395256916996047,45
13,450,log_loss,6,25,10,sqrt,balanced,6,38,38,0.4888888888888889,0.46511627906976744,0.5375494071146245,45
13,450,log_loss,6,25,10,sqrt,balanced,6,39,39,0.4318181818181818,0.4897959183673469,0.40165631469979296,44
13,450,log_loss,6,25,10,sqrt,balanced,6,40,40,0.4666666666666667,0.4,0.498015873015873,45
13,450,log_loss,6,25,10,sqrt,balanced,6,41,41,0.6222222222222222,0.48484848484848486,0.6884920634920635,45
13,450,log_loss,6,25,10,sqrt,balanced,6,42,42,0.8666666666666667,0.85,0.9703557312252964,45
13,450,log_loss,6,25,10,sqrt,balanced,6,43,43,0.7333333333333333,0.625,0.8339920948616601,45
13,450,log_loss,6,25,10,sqrt,balanced,6,44,44,0.7586206896551724,0.7407407407407407,0.7523809523809524,29
13,450,log_loss,6,25,10,sqrt,balanced,6,45,45,0.6222222222222222,0.37037037037037035,0.7490118577075099,45
13,450,log_loss,6,25,10,sqrt,balanced,6,46,46,0.5555555555555556,0.5454545454545454,0.5869565217391304,45
13,450,log_loss,6,25,10,sqrt,balanced,6,47,47,0.5555555555555556,0.5454545454545454,0.5595238095238095,45
13,450,log_loss,6,25,10,sqrt,balanced,6,48,48,0.7058823529411765,0.7058823529411765,0.8,17
13,450,log_loss,6,25,10,sqrt,balanced,6,49,49,0.8222222222222222,0.8095238095238095,0.9150197628458498,45
13,450,log_loss,6,25,10,sqrt,balanced,6,50,50,0.5111111111111111,0.0,0.6314229249011858,45
13,450,log_loss,6,25,10,sqrt,balanced,6,51,51,0.5333333333333333,0.0,0.49702380952380953,45
13,450,log_loss,6,25,10,sqrt,balanced,6,52,52,0.7804878048780488,0.7096774193548387,0.8516746411483253,41
13,450,log_loss,6,25,10,sqrt,balanced,6,53,53,0.5813953488372093,0.4375,0.6190476190476191,43
13,450,log_loss,6,25,10,sqrt,balanced,6,54,54,0.6410256410256411,0.6956521739130435,0.8233695652173912,39
13,450,log_loss,6,25,10,sqrt,balanced,6,55,55,0.5555555555555556,0.16666666666666666,0.8379446640316206,45
13,450,log_loss,6,25,10,sqrt,balanced,6,56,56,0.9090909090909091,0.9130434782608695,0.9483471074380165,44
13,450,log_loss,6,25,10,sqrt,balanced,6,57,57,0.6444444444444445,0.6666666666666666,0.6726190476190477,45
13,450,log_loss,6,25,10,sqrt,balanced,6,58,58,0.5111111111111111,0.6206896551724138,0.5912698412698413,45
13,450,log_loss,6,25,10,sqrt,balanced,6,59,59,0.4666666666666667,0.2,0.45833333333333337,45
13,450,log_loss,6,25,10,sqrt,balanced,6,60,60,0.8181818181818182,0.8181818181818182,0.9194214876033058,44
13,450,log_loss,6,25,10,sqrt,balanced,6,61,61,0.7906976744186046,0.7692307692307693,0.8766233766233766,43
13,450,log_loss,6,25,10,sqrt,balanced,6,62,62,0.7555555555555555,0.7441860465116279,0.9150197628458498,45
13,450,log_loss,6,25,10,sqrt,balanced,6,63,63,0.6046511627906976,0.41379310344827586,0.5735930735930737,43
13,450,log_loss,6,25,10,sqrt,balanced,6,64,64,0.6,0.47058823529411764,0.733201581027668,45
13,450,log_loss,6,25,10,sqrt,balanced,6,65,65,0.7111111111111111,0.6976744186046512,0.7738095238095237,45
13,450,log_loss,6,25,10,sqrt,balanced,6,66,66,0.4666666666666667,0.4782608695652174,0.4841897233201581,45
13,450,log_loss,6,25,10,sqrt,balanced,6,67,67,0.5777777777777777,0.3448275862068966,0.6106719367588933,45
13,450,log_loss,6,25,10,sqrt,balanced,6,68,68,0.5111111111111111,0.08333333333333333,0.650197628458498,45
13,450,log_loss,6,25,10,sqrt,balanced,6,69,69,0.5555555555555556,0.6,0.5992063492063492,45
13,450,log_loss,6,25,10,sqrt,balanced,6,70,70,0.7333333333333333,0.7272727272727273,0.7569169960474308,45
13,450,log_loss,6,25,10,sqrt,balanced,6,71,71,0.6444444444444445,0.4666666666666667,0.9387351778656127,45
13,450,log_loss,6,25,10,sqrt,balanced,6,72,72,0.7111111111111111,0.6486486486486487,0.8873517786561265,45
13,450,log_loss,6,25,10,sqrt,balanced,6,73,73,0.5333333333333333,0.16,0.7015810276679842,45
13,450,log_loss,6,25,10,sqrt,balanced,6,74,74,0.5333333333333333,0.27586206896551724,0.47817460317460314,45
13,450,log_loss,6,25,10,sqrt,balanced,6,75,75,0.7073170731707317,0.7,0.8285714285714285,41
13,450,log_loss,6,25,10,sqrt,balanced,6,76,76,0.5777777777777777,0.6666666666666666,0.6383399209486166,45
13,450,log_loss,6,25,10,sqrt,balanced,6,77,77,0.5333333333333333,0.5882352941176471,0.5396825396825398,45
13,450,log_loss,6,25,10,sqrt,balanced,6,78,78,0.5555555555555556,0.6428571428571429,0.6422924901185771,45
13,450,log_loss,6,25,10,sqrt,balanced,6,79,79,0.65,0.5333333333333333,0.6525000000000001,40
13,450,log_loss,6,25,10,sqrt,balanced,6,80,80,0.4888888888888889,0.0,0.650197628458498,45
13,450,log_loss,6,25,10,sqrt,balanced,6,81,81,0.5777777777777777,0.2962962962962963,0.8181818181818181,45
13,450,log_loss,6,25,10,sqrt,balanced,6,82,82,0.5333333333333333,0.6666666666666666,0.6897233201581028,45
13,450,log_loss,6,25,10,sqrt,balanced,6,83,83,0.5526315789473685,0.19047619047619047,0.7562326869806094,38
13,450,log_loss,6,25,10,sqrt,balanced,6,84,84,0.6363636363636364,0.6,0.7391304347826086,44
13,450,log_loss,6,25,10,sqrt,balanced,6,85,85,0.5681818181818182,0.6885245901639344,0.8902691511387164,44
13,450,log_loss,6,25,10,sqrt,balanced,6,86,86,0.7272727272727273,0.7,0.8012422360248447,44
13,450,log_loss,6,25,10,sqrt,balanced,6,87,87,0.4888888888888889,0.6229508196721312,0.5513833992094862,45
13,450,log_loss,6,25,10,sqrt,balanced,6,88,88,0.4727272727272727,0.12121212121212122,0.5291005291005291,55
13,450,log_loss,6,25,10,sqrt,balanced,6,89,89,0.7111111111111111,0.723404255319149,0.7936507936507937,45
13,450,log_loss,6,25,10,sqrt,balanced,6,90,90,0.4888888888888889,0.5306122448979592,0.4901185770750988,45
13,450,log_loss,6,25,10,sqrt,balanced,6,91,91,0.5454545454545454,0.6875,0.7479338842975207,44
13,450,log_loss,6,25,10,sqrt,balanced,6,92,92,0.5892857142857143,0.43902439024390244,0.7371794871794871,56
13,450,log_loss,6,25,10,sqrt,balanced,6,93,93,0.7333333333333333,0.7,0.8122529644268774,45
13,450,log_loss,6,25,10,sqrt,balanced,6,94,94,0.8181818181818182,0.8518518518518519,0.9937888198757764,44
13,450,log_loss,6,25,10,sqrt,balanced,6,95,95,0.32142857142857145,0.4864864864864865,0.5572916666666666,28
13,450,log_loss,6,25,10,sqrt,balanced,6,96,96,0.5238095238095238,0.6774193548387096,0.5011337868480725,42
13,450,log_loss,6,25,10,sqrt,balanced,6,97,97,0.5,0.0,0.5723140495867769,44
13,450,log_loss,6,25,10,sqrt,balanced,6,98,98,0.5111111111111111,0.6451612903225806,0.5790513833992095,45
13,450,log_loss,6,25,10,sqrt,balanced,6,99,99,0.5116279069767442,0.43243243243243246,0.5173160173160174,43
13,450,log_loss,6,25,10,sqrt,balanced,6,100,100,0.5555555555555556,0.6363636363636364,0.5925925925925926,36
13,450,log_loss,6,25,10,sqrt,balanced,6,101,101,0.4888888888888889,0.0,0.650197628458498,45
13,450,log_loss,6,25,10,sqrt,balanced,6,102,102,0.5333333333333333,0.16,0.7470355731225297,45
13,450,log_loss,6,25,10,sqrt,balanced,6,103,103,0.6511627906976745,0.5945945945945946,0.712121212121212,43
13,450,log_loss,6,25,10,sqrt,balanced,6,104,104,0.5581395348837209,0.5957446808510638,0.5216450216450217,43
13,450,log_loss,6,25,10,sqrt,balanced,6,105,105,0.4888888888888889,0.25806451612903225,0.507905138339921,45
13,450,log_loss,6,25,10,sqrt,balanced,6,106,106,0.6666666666666666,0.6511627906976745,0.7301587301587302,45
13,450,log_loss,6,25,10,sqrt,balanced,6,107,107,0.5777777777777777,0.5777777777777777,0.5535714285714286,45
13,450,log_loss,6,25,10,sqrt,balanced,6,108,108,0.8,0.7692307692307693,0.883399209486166,45
14,450,log_loss,9,25,10,sqrt,balanced_subsample,6,1,1,0.6222222222222222,0.711864406779661,0.7964426877470355,45
14,450,log_loss,9,25,10,sqrt,balanced_subsample,6,2,2,0.6888888888888889,0.5333333333333333,0.9090909090909091,45
14,450,log_loss,9,25,10,sqrt,balanced_subsample,6,3,3,0.4666666666666667,0.5714285714285714,0.5177865612648221,45
14,450,log_loss,9,25,10,sqrt,balanced_subsample,6,4,4,0.6222222222222222,0.711864406779661,0.74901185770751,45
14,450,log_loss,9,25,10,sqrt,balanced_subsample,6,5,5,0.37777777777777777,0.44,0.3392857142857143,45
14,450,log_loss,9,25,10,sqrt,balanced_subsample,6,6,6,0.5555555555555556,0.09090909090909091,0.5436507936507936,45
14,450,log_loss,9,25,10,sqrt,balanced_subsample,6,7,7,0.7333333333333333,0.7857142857142857,0.9486166007905139,45
14,450,log_loss,9,25,10,sqrt,balanced_subsample,6,8,8,0.6,0.5714285714285714,0.7094861660079053,45
14,450,log_loss,9,25,10,sqrt,balanced_subsample,6,9,9,0.5333333333333333,0.43243243243243246,0.6091269841269841,45
14,450,log_loss,9,25,10,sqrt,balanced_subsample,6,10,10,0.6222222222222222,0.6382978723404256,0.7281746031746033,45
14,450,log_loss,9,25,10,sqrt,balanced_subsample,6,11,11,0.4666666666666667,0.625,0.5573122529644269,45
14,450,log_loss,9,25,10,sqrt,balanced_subsample,6,12,12,0.5777777777777777,0.5365853658536586,0.6388888888888888,45
14,450,log_loss,9,25,10,sqrt,balanced_subsample,6,13,13,0.6857142857142857,0.6666666666666666,0.7843137254901961,35
14,450,log_loss,9,25,10,sqrt,balanced_subsample,6,14,14,0.6444444444444445,0.7037037037037037,0.658102766798419,45
14,450,log_loss,9,25,10,sqrt,balanced_subsample,6,15,15,0.5777777777777777,0.6984126984126984,0.9110671936758893,45
14,450,log_loss,9,25,10,sqrt,balanced_subsample,6,16,16,0.7111111111111111,0.723404255319149,0.683794466403162,45
14,450,log_loss,9,25,10,sqrt,balanced_subsample,6,17,17,0.5476190476190477,0.09523809523809523,0.5431818181818182,42
14,450,log_loss,9,25,10,sqrt,balanced_subsample,6,18,18,0.4666666666666667,0.6,0.4920948616600791,45
14,450,log_loss,9,25,10,sqrt,balanced_subsample,6,19,19,0.5777777777777777,0.6885245901639344,0.7786561264822135,45
14,450,log_loss,9,25,10,sqrt,balanced_subsample,6,20,20,0.5333333333333333,0.16,0.4920948616600791,45
14,450,log_loss,9,25,10,sqrt,balanced_subsample,6,21,21,0.5555555555555556,0.6296296296296297,0.7142857142857143,45
14,450,log_loss,9,25,10,sqrt,balanced_subsample,6,22,22,0.6,0.71875,0.6758893280632411,45
14,450,log_loss,9,25,10,sqrt,balanced_subsample,6,23,23,0.7045454545454546,0.7636363636363637,0.8099173553719008,44
14,450,log_loss,9,25,10,sqrt,balanced_subsample,6,24,24,0.5,0.3076923076923077,0.37662337662337664,18
14,450,log_loss,9,25,10,sqrt,balanced_subsample,6,25,25,0.6444444444444445,0.6363636363636364,0.7055335968379447,45
14,450,log_loss,9,25,10,sqrt,balanced_subsample,6,26,26,0.7333333333333333,0.75,0.7638888888888888,45
14,450,log_loss,9,25,10,sqrt,balanced_subsample,6,27,27,0.5111111111111111,0.65625,0.5632411067193677,45
14,450,log_loss,9,25,10,sqrt,balanced_subsample,6,28,28,0.5555555555555556,0.5,0.5039525691699605,45
14,450,log_loss,9,25,10,sqrt,balanced_subsample,6,29,29,0.7777777777777778,0.8148148148148148,0.9624505928853755,45
14,450,log_loss,9,25,10,sqrt,balanced_subsample,6,30,30,0.4888888888888889,0.14814814814814814,0.5515873015873016,45
14,450,log_loss,9,25,10,sqrt,balanced_subsample,6,31,31,0.8888888888888888,0.9019607843137255,0.9644268774703557,45
14,450,log_loss,9,25,10,sqrt,balanced_subsample,6,32,32,0.7954545454545454,0.8235294117647058,0.8944099378881988,44
14,450,log_loss,9,25,10,sqrt,balanced_subsample,6,33,33,0.7111111111111111,0.6285714285714286,0.8656126482213439,45
14,450,log_loss,9,25,10,sqrt,balanced_subsample,6,34,34,0.8444444444444444,0.8627450980392157,0.9583333333333334,45
14,450,log_loss,9,25,10,sqrt,balanced_subsample,6,35,35,0.5555555555555556,0.23076923076923078,0.7944664031620553,45
14,450,log_loss,9,25,10,sqrt,balanced_subsample,6,36,36,0.4318181818181818,0.5098039215686274,0.45041322314049587,44
14,450,log_loss,9,25,10,sqrt,balanced_subsample,6,37,37,0.5111111111111111,0.0,0.4960474308300395,45
14,450,log_loss,9,25,10,sqrt,balanced_subsample,6,38,38,0.5333333333333333,0.46153846153846156,0.5355731225296443,45
14,450,log_loss,9,25,10,sqrt,balanced_subsample,6,39,39,0.5,0.56,0.3995859213250518,44
14,450,log_loss,9,25,10,sqrt,balanced_subsample,6,40,40,0.4444444444444444,0.358974358974359,0.42063492063492064,45
14,450,log_loss,9,25,10,sqrt,balanced_subsample,6,41,41,0.6888888888888889,0.65,0.7182539682539681,45
14,450,log_loss,9,25,10,sqrt,balanced_subsample,6,42,42,0.8666666666666667,0.85,0.9664031620553359,45
14,450,log_loss,9,25,10,sqrt,balanced_subsample,6,43,43,0.6666666666666666,0.5161290322580645,0.8181818181818182,45
14,450,log_loss,9,25,10,sqrt,balanced_subsample,6,44,44,0.7586206896551724,0.7407407407407407,0.7380952380952381,29
14,450,log_loss,9,25,10,sqrt,balanced_subsample,6,45,45,0.5777777777777777,0.24,0.7015810276679841,45
14,450,log_loss,9,25,10,sqrt,balanced_subsample,6,46,46,0.5777777777777777,0.5581395348837209,0.5553359683794467,45
14,450,log_loss,9,25,10,sqrt,balanced_subsample,6,47,47,0.5777777777777777,0.5957446808510638,0.5436507936507936,45
14,450,log_loss,9,25,10,sqrt,balanced_subsample,6,48,48,0.7058823529411765,0.7058823529411765,0.8,17
14,450,log_loss,9,25,10,sqrt,balanced_subsample,6,49,49,0.8222222222222222,0.8,0.9090909090909092,45
14,450,log_loss,9,25,10,sqrt,balanced_subsample,6,50,50,0.5111111111111111,0.0,0.6442687747035574,45
14,450,log_loss,9,25,10,sqrt,balanced_subsample,6,51,51,0.5333333333333333,0.0,0.498015873015873,45
14,450,log_loss,9,25,10,sqrt,balanced_subsample,6,52,52,0.7560975609756098,0.6666666666666666,0.8540669856459331,41
14,450,log_loss,9,25,10,sqrt,balanced_subsample,6,53,53,0.5581395348837209,0.42424242424242425,0.5995670995670996,43
14,450,log_loss,9,25,10,sqrt,balanced_subsample,6,54,54,0.6153846153846154,0.6808510638297872,0.8396739130434783,39
14,450,log_loss,9,25,10,sqrt,balanced_subsample,6,55,55,0.6666666666666666,0.4827586206896552,0.9407114624505928,45
14,450,log_loss,9,25,10,sqrt,balanced_subsample,6,56,56,0.8409090909090909,0.8372093023255814,0.9400826446280992,44
14,450,log_loss,9,25,10,sqrt,balanced_subsample,6,57,57,0.6666666666666666,0.6511627906976745,0.6984126984126985,45
14,450,log_loss,9,25,10,sqrt,balanced_subsample,6,58,58,0.5111111111111111,0.5925925925925926,0.5793650793650794,45
14,450,log_loss,9,25,10,sqrt,balanced_subsample,6,59,59,0.4444444444444444,0.07407407407407407,0.4087301587301588,45
14,450,log_loss,9,25,10,sqrt,balanced_subsample,6,60,60,0.8181818181818182,0.8181818181818182,0.9235537190082646,44
14,450,log_loss,9,25,10,sqrt,balanced_subsample,6,61,61,0.7906976744186046,0.7692307692307693,0.8809523809523809,43
14,450,log_loss,9,25,10,sqrt,balanced_subsample,6,62,62,0.8666666666666667,0.8571428571428571,0.9604743083003954,45
14,450,log_loss,9,25,10,sqrt,balanced_subsample,6,63,63,0.6046511627906976,0.41379310344827586,0.5865800865800865,43
14,450,log_loss,9,25,10,sqrt,balanced_subsample,6,64,64,0.6888888888888889,0.7083333333333334,0.7490118577075099,45
14,450,log_loss,9,25,10,sqrt,balanced_subsample,6,65,65,0.6888888888888889,0.65,0.7658730158730158,45
14,450,log_loss,9,25,10,sqrt,balanced_subsample,6,66,66,0.4222222222222222,0.4583333333333333,0.4980237154150198,45
14,450,log_loss,9,25,10,sqrt,balanced_subsample,6,67,67,0.5111111111111111,0.26666666666666666,0.6146245059288538,45
14,450,log_loss,9,25,10,sqrt,balanced_subsample,6,68,68,0.4888888888888889,0.0,0.616600790513834,45
14,450,log_loss,9,25,10,sqrt,balanced_subsample,6,69,69,0.5111111111111111,0.47619047619047616,0.5873015873015872,45
14,450,log_loss,9,25,10,sqrt,balanced_subsample,6,70,70,0.7555555555555555,0.7317073170731707,0.7351778656126482,45
14,450,log_loss,9,25,10,sqrt,balanced_subsample,6,71,71,0.5777777777777777,0.2962962962962963,0.9347826086956521,45
14,450,log_loss,9,25,10,sqrt,balanced_subsample,6,72,72,0.8222222222222222,0.8095238095238095,0.9328063241106719,45
14,450,log_loss,9,25,10,sqrt,balanced_subsample,6,73,73,0.6222222222222222,0.48484848484848486,0.7569169960474309,45
14,450,log_loss,9,25,10,sqrt,balanced_subsample,6,74,74,0.5333333333333333,0.3225806451612903,0.49007936507936506,45
14,450,log_loss,9,25,10,sqrt,balanced_subsample,6,75,75,0.7073170731707317,0.6842105263157895,0.819047619047619,41
14,450,log_loss,9,25,10,sqrt,balanced_subsample,6,76,76,0.6,0.7,0.6640316205533597,45
14,450,log_loss,9,25,10,sqrt,balanced_subsample,6,77,77,0.5333333333333333,0.5882352941176471,0.509920634920635,45
14,450,log_loss,9,25,10,sqrt,balanced_subsample,6,78,78,0.5555555555555556,0.6296296296296297,0.6363636363636364,45
14,450,log_loss,9,25,10,sqrt,balanced_subsample,6,79,79,0.65,0.5333333333333333,0.655,40
14,450,log_loss,9,25,10,sqrt,balanced_subsample,6,80,80,0.4888888888888889,0.0,0.6482213438735178,45
14,450,log_loss,9,25,10,sqrt,balanced_subsample,6,81,81,0.5111111111111111,0.08333333333333333,0.8063241106719367,45
14,450,log_loss,9,25,10,sqrt,balanced_subsample,6,82,82,0.5555555555555556,0.6774193548387096,0.6778656126482214,45
14,450,log_loss,9,25,10,sqrt,balanced_subsample,6,83,83,0.5526315789473685,0.19047619047619047,0.7617728531855955,38
14,450,log_loss,9,25,10,sqrt,balanced_subsample,6,84,84,0.6363636363636364,0.6190476190476191,0.7474120082815735,44
14,450,log_loss,9,25,10,sqrt,balanced_subsample,6,85,85,0.5681818181818182,0.6885245901639344,0.9047619047619048,44
14,450,log_loss,9,25,10,sqrt,balanced_subsample,6,86,86,0.6590909090909091,0.5945945945945946,0.8240165631469978,44
14,450,log_loss,9,25,10,sqrt,balanced_subsample,6,87,87,0.4666666666666667,0.6,0.5948616600790514,45
14,450,log_loss,9,25,10,sqrt,balanced_subsample,6,88,88,0.4727272727272727,0.12121212121212122,0.5317460317460317,55
14,450,log_loss,9,25,10,sqrt,balanced_subsample,6,89,89,0.5555555555555556,0.6666666666666666,0.757936507936508,45
14,450,log_loss,9,25,10,sqrt,balanced_subsample,6,90,90,0.4888888888888889,0.4888888888888889,0.47430830039525695,45
14,450,log_loss,9,25,10,sqrt,balanced_subsample,6,91,91,0.5909090909090909,0.7096774193548387,0.7520661157024793,44
14,450,log_loss,9,25,10,sqrt,balanced_subsample,6,92,92,0.6071428571428571,0.47619047619047616,0.7115384615384616,56
14,450,log_loss,9,25,10,sqrt,balanced_subsample,6,93,93,0.8,0.7692307692307693,0.8438735177865613,45
14,450,log_loss,9,25,10,sqrt,balanced_subsample,6,94,94,0.8181818181818182,0.8518518518518519,0.989648033126294,44
14,450,log_loss,9,25,10,sqrt,balanced_subsample,6,95,95,0.32142857142857145,0.4864864864864865,0.5260416666666666,28
14,450,log_loss,9,25,10,sqrt,balanced_subsample,6,96,96,0.5238095238095238,0.6774193548387096,0.47392290249433106,42
14,450,log_loss,9,25,10,sqrt,balanced_subsample,6,97,97,0.5,0.0,0.5495867768595042,44
14,450,log_loss,9,25,10,sqrt,balanced_subsample,6,98,98,0.5777777777777777,0.6885245901639344,0.598814229249012,45
14,450,log_loss,9,25,10,sqrt,balanced_subsample,6,99,99,0.4883720930232558,0.3888888888888889,0.5173160173160174,43
14,450,log_loss,9,25,10,sqrt,balanced_subsample,6,100,100,0.5833333333333334,0.6341463414634146,0.5864197530864197,36
14,450,log_loss,9,25,10,sqrt,balanced_subsample,6,101,101,0.4888888888888889,0.0,0.5849802371541502,45
14,450,log_loss,9,25,10,sqrt,balanced_subsample,6,102,102,0.6444444444444445,0.5,0.7845849802371542,45
14,450,log_loss,9,25,10,sqrt,balanced_subsample,6,103,103,0.6046511627906976,0.5405405405405406,0.7012987012987013,43
14,450,log_loss,9,25,10,sqrt,balanced_subsample,6,104,104,0.5116279069767442,0.5714285714285714,0.4978354978354978,43
14,450,log_loss,9,25,10,sqrt,balanced_subsample,6,105,105,0.5333333333333333,0.3225806451612903,0.4940711462450593,45
14,450,log_loss,9,25,10,sqrt,balanced_subsample,6,106,106,0.6444444444444445,0.6190476190476191,0.6924603174603174,45
14,450,log_loss,9,25,10,sqrt,balanced_subsample,6,107,107,0.5333333333333333,0.5531914893617021,0.5436507936507936,45
14,450,log_loss,9,25,10,sqrt,balanced_subsample,6,108,108,0.8,0.7692307692307693,0.8774703557312252,45
15,350,log_loss,8,30,12,sqrt,balanced,6,1,1,0.6222222222222222,0.711864406779661,0.7984189723320159,45
15,350,log_loss,8,30,12,sqrt,balanced,6,2,2,0.7111111111111111,0.5806451612903226,0.8972332015810277,45
15,350,log_loss,8,30,12,sqrt,balanced,6,3,3,0.4444444444444444,0.5614035087719298,0.5177865612648221,45
15,350,log_loss,8,30,12,sqrt,balanced,6,4,4,0.5777777777777777,0.6984126984126984,0.7588932806324111,45
15,350,log_loss,8,30,12,sqrt,balanced,6,5,5,0.35555555555555557,0.40816326530612246,0.3392857142857143,45
15,350,log_loss,8,30,12,sqrt,balanced,6,6,6,0.6,0.25,0.5178571428571428,45
15,350,log_loss,8,30,12,sqrt,balanced,6,7,7,0.7333333333333333,0.7857142857142857,0.958498023715415,45
15,350,log_loss,8,30,12,sqrt,balanced,6,8,8,0.6444444444444445,0.5789473684210527,0.7055335968379447,45
15,350,log_loss,8,30,12,sqrt,balanced,6,9,9,0.5555555555555556,0.47368421052631576,0.5654761904761905,45
15,350,log_loss,8,30,12,sqrt,balanced,6,10,10,0.6222222222222222,0.6382978723404256,0.7202380952380952,45
15,350,log_loss,8,30,12,sqrt,balanced,6,11,11,0.4888888888888889,0.6349206349206349,0.5138339920948617,45
15,350,log_loss,8,30,12,sqrt,balanced,6,12,12,0.5777777777777777,0.5365853658536586,0.6170634920634921,45
15,350,log_loss,8,30,12,sqrt,balanced,6,13,13,0.7428571428571429,0.7272727272727273,0.8333333333333334,35
15,350,log_loss,8,30,12,sqrt,balanced,6,14,14,0.6222222222222222,0.7017543859649122,0.650197628458498,45
15,350,log_loss,8,30,12,sqrt,balanced,6,15,15,0.5777777777777777,0.6984126984126984,0.9071146245059288,45
15,350,log_loss,8,30,12,sqrt,balanced,6,16,16,0.6888888888888889,0.6956521739130435,0.6837944664031621,45
15,350,log_loss,8,30,12,sqrt,balanced,6,17,17,0.5476190476190477,0.09523809523809523,0.5568181818181819,42
15,350,log_loss,8,30,12,sqrt,balanced,6,18,18,0.4888888888888889,0.6229508196721312,0.4841897233201581,45
15,350,log_loss,8,30,12,sqrt,balanced,6,19,19,0.5777777777777777,0.6885245901639344,0.774703557312253,45
15,350,log_loss,8,30,12,sqrt,balanced,6,20,20,0.5333333333333333,0.16,0.49011857707509876,45
15,350,log_loss,8,30,12,sqrt,balanced,6,21,21,0.5555555555555556,0.6296296296296297,0.7063492063492064,45
15,350,log_loss,8,30,12,sqrt,balanced,6,22,22,0.5777777777777777,0.7076923076923077,0.6739130434782609,45
15,350,log_loss,8,30,12,sqrt,balanced,6,23,23,0.6590909090909091,0.7368421052631579,0.8202479338842974,44
15,350,log_loss,8,30,12,sqrt,balanced,6,24,24,0.5,0.3076923076923077,0.35064935064935066,18
15,350,log_loss,8,30,12,sqrt,balanced,6,25,25,0.6444444444444445,0.6363636363636364,0.6936758893280632,45
15,350,log_loss,8,30,12,sqrt,balanced,6,26,26,0.7777777777777778,0.7916666666666666,0.7678571428571428,45
15,350,log_loss,8,30,12,sqrt,balanced,6,27,27,0.5111111111111111,0.65625,0.5513833992094862,45
15,350,log_loss,8,30,12,sqrt,balanced,6,28,28,0.5555555555555556,0.5,0.48418972332015814,45
15,350,log_loss,8,30,12,sqrt,balanced,6,29,29,0.7555555555555555,0.8,0.9545454545454545,45
15,350,log_loss,8,30,12,sqrt,balanced,6,30,30,0.5111111111111111,0.15384615384615385,0.5575396825396826,45
15,350,log_loss,8,30,12,sqrt,balanced,6,31,31,0.8888888888888888,0.9019607843137255,0.9683794466403162,45
15,350,log_loss,8,30,12,sqrt,balanced,6,32,32,0.8181818181818182,0.84,0.8840579710144927,44
15,350,log_loss,8,30,12,sqrt,balanced,6,33,33,0.7111111111111111,0.6285714285714286,0.8695652173913044,45
15,350,log_loss,8,30,12,sqrt,balanced,6,34,34,0.8444444444444444,0.8571428571428571,0.9583333333333334,45
15,350,log_loss,8,30,12,sqrt,balanced,6,35,35,0.5111111111111111,0.08333333333333333,0.7924901185770751,45
15,350,log_loss,8,30,12,sqrt,balanced,6,36,36,0.4090909090909091,0.5,0.4566115702479339,44
15,350,log_loss,8,30,12,sqrt,balanced,6,37,37,0.5111111111111111,0.0,0.4980237154150198,45
15,350,log_loss,8,30,12,sqrt,balanced,6,38,38,0.5111111111111111,0.45,0.5375494071146246,45
15,350,log_loss,8,30,12,sqrt,balanced,6,39,39,0.4772727272727273,0.5306122448979592,0.39544513457556935,44
15,350,log_loss,8,30,12,sqrt,balanced,6,40,40,0.4222222222222222,0.2777777777777778,0.42063492063492064,45
15,350,log_loss,8,30,12,sqrt,balanced,6,41,41,0.7333333333333333,0.6842105263157895,0.7123015873015873,45
15,350,log_loss,8,30,12,sqrt,balanced,6,42,42,0.8666666666666667,0.85,0.9525691699604744,45
15,350,log_loss,8,30,12,sqrt,balanced,6,43,43,0.6888888888888889,0.5625,0.8260869565217391,45
15,350,log_loss,8,30,12,sqrt,balanced,6,44,44,0.7586206896551724,0.7407407407407407,0.7380952380952381,29
15,350,log_loss,8,30,12,sqrt,balanced,6,45,45,0.6222222222222222,0.37037037037037035,0.7332015810276681,45
15,350,log_loss,8,30,12,sqrt,balanced,6,46,46,0.5555555555555556,0.5454545454545454,0.5691699604743083,45
15,350,log_loss,8,30,12,sqrt,balanced,6,47,47,0.6,0.6086956521739131,0.5674603174603174,45
15,350,log_loss,8,30,12,sqrt,balanced,6,48,48,0.7647058823529411,0.7777777777777778,0.8285714285714285,17
15,350,log_loss,8,30,12,sqrt,balanced,6,49,49,0.8222222222222222,0.8,0.9051383399209486,45
15,350,log_loss,8,30,12,sqrt,balanced,6,50,50,0.5111111111111111,0.0,0.6343873517786561,45
15,350,log_loss,8,30,12,sqrt,balanced,6,51,51,0.5333333333333333,0.0,0.49603174603174605,45
15,350,log_loss,8,30,12,sqrt,balanced,6,52,52,0.7804878048780488,0.6896551724137931,0.8516746411483254,41
15,350,log_loss,8,30,12,sqrt,balanced,6,53,53,0.5581395348837209,0.42424242424242425,0.6212121212121212,43
15,350,log_loss,8,30,12,sqrt,balanced,6,54,54,0.6410256410256411,0.6956521739130435,0.8260869565217391,39
15,350,log_loss,8,30,12,sqrt,balanced,6,55,55,0.7111111111111111,0.5806451612903226,0.9347826086956521,45
15,350,log_loss,8,30,12,sqrt,balanced,6,56,56,0.8636363636363636,0.8695652173913043,0.9442148760330579,44
15,350,log_loss,8,30,12,sqrt,balanced,6,57,57,0.6444444444444445,0.6521739130434783,0.6904761904761905,45
15,350,log_loss,8,30,12,sqrt,balanced,6,58,58,0.5111111111111111,0.5769230769230769,0.5932539682539683,45
15,350,log_loss,8,30,12,sqrt,balanced,6,59,59,0.4444444444444444,0.07407407407407407,0.43253968253968256,45
15,350,log_loss,8,30,12,sqrt,balanced,6,60,60,0.8181818181818182,0.8181818181818182,0.9276859504132231,44
15,350,log_loss,8,30,12,sqrt,balanced,6,61,61,0.7674418604651163,0.7368421052631579,0.8766233766233766,43
15,350,log_loss,8,30,12,sqrt,balanced,6,62,62,0.8444444444444444,0.8372093023255814,0.9347826086956522,45
15,350,log_loss,8,30,12,sqrt,balanced,6,63,63,0.5813953488372093,0.35714285714285715,0.5844155844155844,43
15,350,log_loss,8,30,12,sqrt,balanced,6,64,64,0.6666666666666666,0.6666666666666666,0.7766798418972332,45
15,350,log_loss,8,30,12,sqrt,balanced,6,65,65,0.6666666666666666,0.6341463414634146,0.7797619047619047,45
15,350,log_loss,8,30,12,sqrt,balanced,6,66,66,0.4444444444444444,0.46808510638297873,0.49407114624505927,45
15,350,log_loss,8,30,12,sqrt,balanced,6,67,67,0.5333333333333333,0.27586206896551724,0.6304347826086957,45
15,350,log_loss,8,30,12,sqrt,balanced,6,68,68,0.4888888888888889,0.0,0.6561264822134387,45
15,350,log_loss,8,30,12,sqrt,balanced,6,69,69,0.5555555555555556,0.5652173913043478,0.6051587301587302,45
15,350,log_loss,8,30,12,sqrt,balanced,6,70,70,0.7777777777777778,0.7619047619047619,0.7391304347826088,45
15,350,log_loss,8,30,12,sqrt,balanced,6,71,71,0.6666666666666666,0.5161290322580645,0.9288537549407114,45
15,350,log_loss,8,30,12,sqrt,balanced,6,72,72,0.8,0.7804878048780488,0.9229249011857708,45
15,350,log_loss,8,30,12,sqrt,balanced,6,73,73,0.5777777777777777,0.3448275862068966,0.7272727272727273,45
15,350,log_loss,8,30,12,sqrt,balanced,6,74,74,0.5555555555555556,0.3333333333333333,0.498015873015873,45
15,350,log_loss,8,30,12,sqrt,balanced,6,75,75,0.7560975609756098,0.7368421052631579,0.8571428571428571,41
15,350,log_loss,8,30,12,sqrt,balanced,6,76,76,0.6,0.7096774193548387,0.6462450592885376,45
15,350,log_loss,8,30,12,sqrt,balanced,6,77,77,0.5111111111111111,0.56,0.5218253968253967,45
15,350,log_loss,8,30,12,sqrt,balanced,6,78,78,0.5777777777777777,0.6545454545454545,0.6304347826086957,45
15,350,log_loss,8,30,12,sqrt,balanced,6,79,79,0.65,0.5333333333333333,0.6599999999999999,40
15,350,log_loss,8,30,12,sqrt,balanced,6,80,80,0.4888888888888889,0.0,0.650197628458498,45
15,350,log_loss,8,30,12,sqrt,balanced,6,81,81,0.5111111111111111,0.08333333333333333,0.7885375494071146,45
15,350,log_loss,8,30,12,sqrt,balanced,6,82,82,0.5777777777777777,0.6984126984126984,0.6916996047430831,45
15,350,log_loss,8,30,12,sqrt,balanced,6,83,83,0.5526315789473685,0.19047619047619047,0.7506925207756232,38
15,350,log_loss,8,30,12,sqrt,balanced,6,84,84,0.6136363636363636,0.5853658536585366,0.7267080745341614,44
15,350,log_loss,8,30,12,sqrt,balanced,6,85,85,0.5454545454545454,0.6774193548387096,0.9006211180124224,44
15,350,log_loss,8,30,12,sqrt,balanced,6,86,86,0.6590909090909091,0.5945945945945946,0.8136645962732919,44
15,350,log_loss,8,30,12,sqrt,balanced,6,87,87,0.4888888888888889,0.6101694915254238,0.5691699604743083,45
15,350,log_loss,8,30,12,sqrt,balanced,6,88,88,0.4727272727272727,0.12121212121212122,0.5291005291005291,55
15,350,log_loss,8,30,12,sqrt,balanced,6,89,89,0.7777777777777778,0.8,0.7976190476190477,45
15,350,log_loss,8,30,12,sqrt,balanced,6,90,90,0.4222222222222222,0.4583333333333333,0.45256916996047425,45
15,350,log_loss,8,30,12,sqrt,balanced,6,91,91,0.5681818181818182,0.6984126984126984,0.7479338842975207,44
15,350,log_loss,8,30,12,sqrt,balanced,6,92,92,0.5892857142857143,0.43902439024390244,0.7115384615384616,56
15,350,log_loss,8,30,12,sqrt,balanced,6,93,93,0.8,0.7692307692307693,0.8478260869565217,45
15,350,log_loss,8,30,12,sqrt,balanced,6,94,94,0.8409090909090909,0.8679245283018868,0.9979296066252588,44
15,350,log_loss,8,30,12,sqrt,balanced,6,95,95,0.32142857142857145,0.4864864864864865,0.5572916666666666,28
15,350,log_loss,8,30,12,sqrt,balanced,6,96,96,0.5238095238095238,0.6774193548387096,0.4512471655328798,42
15,350,log_loss,8,30,12,sqrt,balanced,6,97,97,0.5,0.0,0.578512396694215,44
15,350,log_loss,8,30,12,sqrt,balanced,6,98,98,0.5777777777777777,0.6885245901639344,0.5909090909090908,45
15,350,log_loss,8,30,12,sqrt,balanced,6,99,99,0.4883720930232558,0.3888888888888889,0.5173160173160174,43
15,350,log_loss,8,30,12,sqrt,balanced,6,100,100,0.6111111111111112,0.6666666666666666,0.5802469135802469,36
15,350,log_loss,8,30,12,sqrt,balanced,6,101,101,0.4888888888888889,0.0,0.6027667984189723,45
15,350,log_loss,8,30,12,sqrt,balanced,6,102,102,0.6666666666666666,0.5161290322580645,0.7885375494071145,45
15,350,log_loss,8,30,12,sqrt,balanced,6,103,103,0.5813953488372093,0.5263157894736842,0.7077922077922079,43
15,350,log_loss,8,30,12,sqrt,balanced,6,104,104,0.46511627906976744,0.4888888888888889,0.5,43
15,350,log_loss,8,30,12,sqrt,balanced,6,105,105,0.5111111111111111,0.3125,0.5316205533596838,45
15,350,log_loss,8,30,12,sqrt,balanced,6,106,106,0.6222222222222222,0.5853658536585366,0.7123015873015873,45
15,350,log_loss,8,30,12,sqrt,balanced,6,107,107,0.5555555555555556,0.5652173913043478,0.5555555555555556,45
15,350,log_loss,8,30,12,sqrt,balanced,6,108,108,0.8,0.7692307692307693,0.8774703557312253,45
16,300,log_loss,9,25,12,sqrt,balanced_subsample,6,1,1,0.6222222222222222,0.711864406779661,0.7944664031620553,45
16,300,log_loss,9,25,12,sqrt,balanced_subsample,6,2,2,0.6888888888888889,0.5333333333333333,0.9090909090909092,45
16,300,log_loss,9,25,12,sqrt,balanced_subsample,6,3,3,0.4666666666666667,0.5714285714285714,0.49407114624505927,45
16,300,log_loss,9,25,12,sqrt,balanced_subsample,6,4,4,0.6,0.7096774193548387,0.7252964426877471,45
16,300,log_loss,9,25,12,sqrt,balanced_subsample,6,5,5,0.35555555555555557,0.40816326530612246,0.3373015873015873,45
16,300,log_loss,9,25,12,sqrt,balanced_subsample,6,6,6,0.5777777777777777,0.17391304347826086,0.5396825396825397,45
16,300,log_loss,9,25,12,sqrt,balanced_subsample,6,7,7,0.7333333333333333,0.7857142857142857,0.958498023715415,45
16,300,log_loss,9,25,12,sqrt,balanced_subsample,6,8,8,0.6444444444444445,0.5789473684210527,0.7035573122529645,45
16,300,log_loss,9,25,12,sqrt,balanced_subsample,6,9,9,0.5333333333333333,0.43243243243243246,0.6051587301587301,45
16,300,log_loss,9,25,12,sqrt,balanced_subsample,6,10,10,0.6444444444444445,0.6521739130434783,0.7281746031746031,45
16,300,log_loss,9,25,12,sqrt,balanced_subsample,6,11,11,0.4666666666666667,0.6129032258064516,0.5335968379446641,45
16,300,log_loss,9,25,12,sqrt,balanced_subsample,6,12,12,0.5555555555555556,0.4444444444444444,0.6190476190476191,45
16,300,log_loss,9,25,12,sqrt,balanced_subsample,6,13,13,0.7428571428571429,0.7096774193548387,0.8104575163398693,35
16,300,log_loss,9,25,12,sqrt,balanced_subsample,6,14,14,0.6,0.6785714285714286,0.6679841897233202,45
16,300,log_loss,9,25,12,sqrt,balanced_subsample,6,15,15,0.5555555555555556,0.6875,0.8992094861660079,45
16,300,log_loss,9,25,12,sqrt,balanced_subsample,6,16,16,0.7111111111111111,0.7111111111111111,0.6739130434782608,45
16,300,log_loss,9,25,12,sqrt,balanced_subsample,6,17,17,0.5476190476190477,0.09523809523809523,0.5863636363636363,42
16,300,log_loss,9,25,12,sqrt,balanced_subsample,6,18,18,0.4666666666666667,0.6,0.49011857707509876,45
16,300,log_loss,9,25,12,sqrt,balanced_subsample,6,19,19,0.6,0.7,0.7944664031620553,45
16,300,log_loss,9,25,12,sqrt,balanced_subsample,6,20,20,0.5333333333333333,0.16,0.5276679841897234,45
16,300,log_loss,9,25,12,sqrt,balanced_subsample,6,21,21,0.5555555555555556,0.6296296296296297,0.7023809523809524,45
16,300,log_loss,9,25,12,sqrt,balanced_subsample,6,22,22,0.5777777777777777,0.7076923076923077,0.6778656126482213,45
16,300,log_loss,9,25,12,sqrt,balanced_subsample,6,23,23,0.7045454545454546,0.7636363636363637,0.8140495867768596,44
16,300,log_loss,9,25,12,sqrt,balanced_subsample,6,24,24,0.5,0.3076923076923077,0.37662337662337664,18
16,300,log_loss,9,25,12,sqrt,balanced_subsample,6,25,25,0.6444444444444445,0.6363636363636364,0.7075098814229249,45
16,300,log_loss,9,25,12,sqrt,balanced_subsample,6,26,26,0.7333333333333333,0.76,0.7718253968253967,45
16,300,log_loss,9,25,12,sqrt,balanced_subsample,6,27,27,0.5111111111111111,0.65625,0.5592885375494071,45
16,300,log_loss,9,25,12,sqrt,balanced_subsample,6,28,28,0.5111111111111111,0.42105263157894735,0.5079051383399209,45
16,300,log_loss,9,25,12,sqrt,balanced_subsample,6,29,29,0.7777777777777778,0.8148148148148148,0.9604743083003953,45
16,300,log_loss,9,25,12,sqrt,balanced_subsample,6,30,30,0.4888888888888889,0.14814814814814814,0.5773809523809523,45
16,300,log_loss,9,25,12,sqrt,balanced_subsample,6,31,31,0.8666666666666667,0.88,0.9664031620553359,45
16,300,log_loss,9,25,12,sqrt,balanced_subsample,6,32,32,0.7954545454545454,0.8235294117647058,0.8819875776397516,44
16,300,log_loss,9,25,12,sqrt,balanced_subsample,6,33,33,0.7111111111111111,0.6285714285714286,0.8675889328063241,45
16,300,log_loss,9,25,12,sqrt,balanced_subsample,6,34,34,0.8666666666666667,0.8846153846153846,0.9523809523809524,45
16,300,log_loss,9,25,12,sqrt,balanced_subsample,6,35,35,0.5333333333333333,0.16,0.7905138339920948,45
16,300,log_loss,9,25,12,sqrt,balanced_subsample,6,36,36,0.4090909090909091,0.48,0.44421487603305787,44
16,300,log_loss,9,25,12,sqrt,balanced_subsample,6,37,37,0.5111111111111111,0.0,0.46640316205533594,45
16,300,log_loss,9,25,12,sqrt,balanced_subsample,6,38,38,0.5111111111111111,0.45,0.541501976284585,45
16,300,log_loss,9,25,12,sqrt,balanced_subsample,6,39,39,0.4772727272727273,0.5490196078431373,0.38716356107660455,44
16,300,log_loss,9,25,12,sqrt,balanced_subsample,6,40,40,0.4444444444444444,0.358974358974359,0.4146825396825397,45
16,300,log_loss,9,25,12,sqrt,balanced_subsample,6,41,41,0.6888888888888889,0.631578947368421,0.7182539682539681,45
16,300,log_loss,9,25,12,sqrt,balanced_subsample,6,42,42,0.8666666666666667,0.85,0.9624505928853755,45
16,300,log_loss,9,25,12,sqrt,balanced_subsample,6,43,43,0.6666666666666666,0.5454545454545454,0.8043478260869565,45
16,300,log_loss,9,25,12,sqrt,balanced_subsample,6,44,44,0.7586206896551724,0.7407407407407407,0.7380952380952381,29
16,300,log_loss,9,25,12,sqrt,balanced_subsample,6,45,45,0.5777777777777777,0.24,0.7252964426877471,45
16,300,log_loss,9,25,12,sqrt,balanced_subsample,6,46,46,0.5333333333333333,0.5116279069767442,0.541501976284585,45
16,300,log_loss,9,25,12,sqrt,balanced_subsample,6,47,47,0.5333333333333333,0.5531914893617021,0.5357142857142857,45
16,300,log_loss,9,25,12,sqrt,balanced_subsample,6,48,48,0.7647058823529411,0.7777777777777778,0.8142857142857144,17
16,300,log_loss,9,25,12,sqrt,balanced_subsample,6,49,49,0.8222222222222222,0.8,0.9031620553359684,45
16,300,log_loss,9,25,12,sqrt,balanced_subsample,6,50,50,0.5111111111111111,0.0,0.6383399209486167,45
16,300,log_loss,9,25,12,sqrt,balanced_subsample,6,51,51,0.5555555555555556,0.09090909090909091,0.47817460317460314,45
16,300,log_loss,9,25,12,sqrt,balanced_subsample,6,52,52,0.7804878048780488,0.6896551724137931,0.8468899521531099,41
16,300,log_loss,9,25,12,sqrt,balanced_subsample,6,53,53,0.5581395348837209,0.42424242424242425,0.6038961038961039,43
16,300,log_loss,9,25,12,sqrt,balanced_subsample,6,54,54,0.5897435897435898,0.6666666666666666,0.8152173913043479,39
16,300,log_loss,9,25,12,sqrt,balanced_subsample,6,55,55,0.7333333333333333,0.625,0.9387351778656126,45
16,300,log_loss,9,25,12,sqrt,balanced_subsample,6,56,56,0.8409090909090909,0.8444444444444444,0.9400826446280992,44
16,300,log_loss,9,25,12,sqrt,balanced_subsample,6,57,57,0.6888888888888889,0.6666666666666666,0.6865079365079365,45
16,300,log_loss,9,25,12,sqrt,balanced_subsample,6,58,58,0.4888888888888889,0.5660377358490566,0.5654761904761905,45
16,300,log_loss,9,25,12,sqrt,balanced_subsample,6,59,59,0.4666666666666667,0.14285714285714285,0.43253968253968256,45
16,300,log_loss,9,25,12,sqrt,balanced_subsample,6,60,60,0.8409090909090909,0.8372093023255814,0.9235537190082646,44
16,300,log_loss,9,25,12,sqrt,balanced_subsample,6,61,61,0.7441860465116279,0.7027027027027027,0.8787878787878788,43
16,300,log_loss,9,25,12,sqrt,balanced_subsample,6,62,62,0.8444444444444444,0.8292682926829268,0.9545454545454546,45
16,300,log_loss,9,25,12,sqrt,balanced_subsample,6,63,63,0.5813953488372093,0.35714285714285715,0.5887445887445888,43
16,300,log_loss,9,25,12,sqrt,balanced_subsample,6,64,64,0.6666666666666666,0.6808510638297872,0.7371541501976284,45
16,300,log_loss,9,25,12,sqrt,balanced_subsample,6,65,65,0.7111111111111111,0.6666666666666666,0.7837301587301587,45
16,300,log_loss,9,25,12,sqrt,balanced_subsample,6,66,66,0.4222222222222222,0.4583333333333333,0.4980237154150198,45
16,300,log_loss,9,25,12,sqrt,balanced_subsample,6,67,67,0.5333333333333333,0.27586206896551724,0.6146245059288538,45
16,300,log_loss,9,25,12,sqrt,balanced_subsample,6,68,68,0.4888888888888889,0.0,0.6146245059288538,45
16,300,log_loss,9,25,12,sqrt,balanced_subsample,6,69,69,0.4888888888888889,0.43902439024390244,0.5952380952380952,45
16,300,log_loss,9,25,12,sqrt,balanced_subsample,6,70,70,0.7777777777777778,0.7619047619047619,0.7470355731225297,45
16,300,log_loss,9,25,12,sqrt,balanced_subsample,6,71,71,0.6,0.35714285714285715,0.9328063241106719,45
16,300,log_loss,9,25,12,sqrt,balanced_subsample,6,72,72,0.8888888888888888,0.8936170212765957,0.9387351778656126,45
16,300,log_loss,9,25,12,sqrt,balanced_subsample,6,73,73,0.6666666666666666,0.5714285714285714,0.7509881422924902,45
16,300,log_loss,9,25,12,sqrt,balanced_subsample,6,74,74,0.5333333333333333,0.3225806451612903,0.4861111111111111,45
16,300,log_loss,9,25,12,sqrt,balanced_subsample,6,75,75,0.6341463414634146,0.6341463414634146,0.8023809523809524,41
16,300,log_loss,9,25,12,sqrt,balanced_subsample,6,76,76,0.6,0.7,0.6877470355731226,45
16,300,log_loss,9,25,12,sqrt,balanced_subsample,6,77,77,0.5333333333333333,0.5882352941176471,0.5178571428571428,45
16,300,log_loss,9,25,12,sqrt,balanced_subsample,6,78,78,0.5555555555555556,0.6296296296296297,0.6422924901185771,45
16,300,log_loss,9,25,12,sqrt,balanced_subsample,6,79,79,0.65,0.5333333333333333,0.675,40
16,300,log_loss,9,25,12,sqrt,balanced_subsample,6,80,80,0.4888888888888889,0.0,0.6620553359683795,45
16,300,log_loss,9,25,12,sqrt,balanced_subsample,6,81,81,0.5111111111111111,0.08333333333333333,0.816205533596838,45
16,300,log_loss,9,25,12,sqrt,balanced_subsample,6,82,82,0.5555555555555556,0.6774193548387096,0.6837944664031621,45
16,300,log_loss,9,25,12,sqrt,balanced_subsample,6,83,83,0.5526315789473685,0.19047619047619047,0.775623268698061,38
16,300,log_loss,9,25,12,sqrt,balanced_subsample,6,84,84,0.6818181818181818,0.6666666666666666,0.732919254658385,44
16,300,log_loss,9,25,12,sqrt,balanced_subsample,6,85,85,0.5681818181818182,0.6885245901639344,0.9047619047619048,44
16,300,log_loss,9,25,12,sqrt,balanced_subsample,6,86,86,0.6590909090909091,0.5714285714285714,0.8302277432712215,44
16,300,log_loss,9,25,12,sqrt,balanced_subsample,6,87,87,0.4666666666666667,0.6,0.5889328063241106,45
16,300,log_loss,9,25,12,sqrt,balanced_subsample,6,88,88,0.4727272727272727,0.12121212121212122,0.4907407407407408,55
16,300,log_loss,9,25,12,sqrt,balanced_subsample,6,89,89,0.6222222222222222,0.7017543859649122,0.7896825396825398,45
16,300,log_loss,9,25,12,sqrt,balanced_subsample,6,90,90,0.4666666666666667,0.4782608695652174,0.4762845849802372,45
16,300,log_loss,9,25,12,sqrt,balanced_subsample,6,91,91,0.5909090909090909,0.7096774193548387,0.7582644628099173,44
16,300,log_loss,9,25,12,sqrt,balanced_subsample,6,92,92,0.5892857142857143,0.43902439024390244,0.7102564102564103,56
16,300,log_loss,9,25,12,sqrt,balanced_subsample,6,93,93,0.8,0.7692307692307693,0.8656126482213439,45
16,300,log_loss,9,25,12,sqrt,balanced_subsample,6,94,94,0.8409090909090909,0.8679245283018868,0.9875776397515528,44
16,300,log_loss,9,25,12,sqrt,balanced_subsample,6,95,95,0.32142857142857145,0.4864864864864865,0.5729166666666667,28
16,300,log_loss,9,25,12,sqrt,balanced_subsample,6,96,96,0.5238095238095238,0.6774193548387096,0.46258503401360546,42
16,300,log_loss,9,25,12,sqrt,balanced_subsample,6,97,97,0.5,0.0,0.5743801652892562,44
16,300,log_loss,9,25,12,sqrt,balanced_subsample,6,98,98,0.5555555555555556,0.6774193548387096,0.6047430830039526,45
16,300,log_loss,9,25,12,sqrt,balanced_subsample,6,99,99,0.4883720930232558,0.3888888888888889,0.5173160173160174,43
16,300,log_loss,9,25,12,sqrt,balanced_subsample,6,100,100,0.5833333333333334,0.6341463414634146,0.5895061728395061,36
16,300,log_loss,9,25,12,sqrt,balanced_subsample,6,101,101,0.4888888888888889,0.0,0.5849802371541502,45
16,300,log_loss,9,25,12,sqrt,balanced_subsample,6,102,102,0.6666666666666666,0.5161290322580645,0.7529644268774703,45
16,300,log_loss,9,25,12,sqrt,balanced_subsample,6,103,103,0.6046511627906976,0.5641025641025641,0.7056277056277056,43
16,300,log_loss,9,25,12,sqrt,balanced_subsample,6,104,104,0.5116279069767442,0.5714285714285714,0.4978354978354978,43
16,300,log_loss,9,25,12,sqrt,balanced_subsample,6,105,105,0.5111111111111111,0.3125,0.5079051383399209,45
16,300,log_loss,9,25,12,sqrt,balanced_subsample,6,106,106,0.6666666666666666,0.6511627906976745,0.7083333333333334,45
16,300,log_loss,9,25,12,sqrt,balanced_subsample,6,107,107,0.5333333333333333,0.5531914893617021,0.5376984126984127,45
16,300,log_loss,9,25,12,sqrt,balanced_subsample,6,108,108,0.8222222222222222,0.7894736842105263,0.8794466403162055,45
17,350,log_loss,11,10,12,sqrt,balanced,6,1,1,0.6,0.6785714285714286,0.7648221343873518,45
17,350,log_loss,11,10,12,sqrt,balanced,6,2,2,0.6666666666666666,0.4827586206896552,0.9090909090909091,45
17,350,log_loss,11,10,12,sqrt,balanced,6,3,3,0.5111111111111111,0.5925925925925926,0.49604743083003955,45
17,350,log_loss,11,10,12,sqrt,balanced,6,4,4,0.7111111111111111,0.7547169811320755,0.733201581027668,45
17,350,log_loss,11,10,12,sqrt,balanced,6,5,5,0.4,0.49056603773584906,0.35714285714285715,45
17,350,log_loss,11,10,12,sqrt,balanced,6,6,6,0.5333333333333333,0.0,0.49404761904761907,45
17,350,log_loss,11,10,12,sqrt,balanced,6,7,7,0.6888888888888889,0.7586206896551724,0.9486166007905139,45
17,350,log_loss,11,10,12,sqrt,balanced,6,8,8,0.6666666666666666,0.5945945945945946,0.6778656126482214,45
17,350,log_loss,11,10,12,sqrt,balanced,6,9,9,0.5333333333333333,0.4,0.5992063492063492,45
17,350,log_loss,11,10,12,sqrt,balanced,6,10,10,0.6222222222222222,0.6530612244897959,0.7242063492063492,45
17,350,log_loss,11,10,12,sqrt,balanced,6,11,11,0.4222222222222222,0.5666666666666667,0.549407114624506,45
17,350,log_loss,11,10,12,sqrt,balanced,6,12,12,0.5555555555555556,0.5,0.634920634920635,45
17,350,log_loss,11,10,12,sqrt,balanced,6,13,13,0.7142857142857143,0.6875,0.7745098039215687,35
17,350,log_loss,11,10,12,sqrt,balanced,6,14,14,0.6666666666666666,0.7058823529411765,0.6640316205533597,45
17,350,log_loss,11,10,12,sqrt,balanced,6,15,15,0.5555555555555556,0.6875,0.9011857707509882,45
17,350,log_loss,11,10,12,sqrt,balanced,6,16,16,0.7111111111111111,0.7346938775510204,0.683794466403162,45
17,350,log_loss,11,10,12,sqrt,balanced,6,17,17,0.5476190476190477,0.09523809523809523,0.5318181818181817,42
17,350,log_loss,11,10,12,sqrt,balanced,6,18,18,0.4666666666666667,0.6,0.4743083003952569,45
17,350,log_loss,11,10,12,sqrt,balanced,6,19,19,0.6,0.7,0.7964426877470355,45
17,350,log_loss,11,10,12,sqrt,balanced,6,20,20,0.5111111111111111,0.08333333333333333,0.4980237154150198,45
17,350,log_loss,11,10,12,sqrt,balanced,6,21,21,0.5333333333333333,0.6181818181818182,0.7123015873015873,45
17,350,log_loss,11,10,12,sqrt,balanced,6,22,22,0.5111111111111111,0.6666666666666666,0.6264822134387351,45
17,350,log_loss,11,10,12,sqrt,balanced,6,23,23,0.6590909090909091,0.7368421052631579,0.7954545454545454,44
17,350,log_loss,11,10,12,sqrt,balanced,6,24,24,0.5,0.3076923076923077,0.35064935064935066,18
17,350,log_loss,11,10,12,sqrt,balanced,6,25,25,0.6666666666666666,0.7058823529411765,0.717391304347826,45
17,350,log_loss,11,10,12,sqrt,balanced,6,26,26,0.7555555555555555,0.7843137254901961,0.7738095238095237,45
17,350,log_loss,11,10,12,sqrt,balanced,6,27,27,0.4888888888888889,0.6349206349206349,0.5553359683794465,45
17,350,log_loss,11,10,12,sqrt,balanced,6,28,28,0.5333333333333333,0.4878048780487805,0.5158102766798419,45
17,350,log_loss,11,10,12,sqrt,balanced,6,29,29,0.7777777777777778,0.8148148148148148,0.9782608695652174,45
17,350,log_loss,11,10,12,sqrt,balanced,6,30,30,0.4888888888888889,0.14814814814814814,0.5932539682539683,45
17,350,log_loss,11,10,12,sqrt,balanced,6,31,31,0.8444444444444444,0.8571428571428571,0.9743083003952568,45
17,350,log_loss,11,10,12,sqrt,balanced,6,32,32,0.7727272727272727,0.8,0.8737060041407867,44
17,350,log_loss,11,10,12,sqrt,balanced,6,33,33,0.7111111111111111,0.6285714285714286,0.8616600790513834,45
17,350,log_loss,11,10,12,sqrt,balanced,6,34,34,0.8666666666666667,0.88,0.9702380952380952,45
17,350,log_loss,11,10,12,sqrt,balanced,6,35,35,0.5555555555555556,0.23076923076923078,0.8201581027667985,45
17,350,log_loss,11,10,12,sqrt,balanced,6,36,36,0.45454545454545453,0.52,0.4483471074380166,44
17,350,log_loss,11,10,12,sqrt,balanced,6,37,37,0.5111111111111111,0.0,0.45256916996047436,45
17,350,log_loss,11,10,12,sqrt,balanced,6,38,38,0.5555555555555556,0.47368421052631576,0.5217391304347826,45
17,350,log_loss,11,10,12,sqrt,balanced,6,39,39,0.4772727272727273,0.5490196078431373,0.42857142857142855,44
17,350,log_loss,11,10,12,sqrt,balanced,6,40,40,0.4444444444444444,0.32432432432432434,0.4126984126984127,45
17,350,log_loss,11,10,12,sqrt,balanced,6,41,41,0.6888888888888889,0.631578947368421,0.7222222222222222,45
17,350,log_loss,11,10,12,sqrt,balanced,6,42,42,0.8444444444444444,0.8292682926829268,0.9565217391304348,45
17,350,log_loss,11,10,12,sqrt,balanced,6,43,43,0.6,0.4375,0.766798418972332,45
17,350,log_loss,11,10,12,sqrt,balanced,6,44,44,0.7586206896551724,0.7407407407407407,0.719047619047619,29
17,350,log_loss,11,10,12,sqrt,balanced,6,45,45,0.6,0.3076923076923077,0.7154150197628458,45
17,350,log_loss,11,10,12,sqrt,balanced,6,46,46,0.5333333333333333,0.4878048780487805,0.5434782608695652,45
17,350,log_loss,11,10,12,sqrt,balanced,6,47,47,0.5333333333333333,0.5714285714285714,0.5892857142857143,45
17,350,log_loss,11,10,12,sqrt,balanced,6,48,48,0.7647058823529411,0.7777777777777778,0.7857142857142858,17
17,350,log_loss,11,10,12,sqrt,balanced,6,49,49,0.8222222222222222,0.8,0.8913043478260869,45
17,350,log_loss,11,10,12,sqrt,balanced,6,50,50,0.5111111111111111,0.0,0.6640316205533596,45
17,350,log_loss,11,10,12,sqrt,balanced,6,51,51,0.5555555555555556,0.09090909090909091,0.49603174603174605,45
17,350,log_loss,11,10,12,sqrt,balanced,6,52,52,0.7560975609756098,0.6666666666666666,0.8564593301435407,41
17,350,log_loss,11,10,12,sqrt,balanced,6,53,53,0.5348837209302325,0.4117647058823529,0.5865800865800865,43
17,350,log_loss,11,10,12,sqrt,balanced,6,54,54,0.6410256410256411,0.6956521739130435,0.8369565217391304,39
17,350,log_loss,11,10,12,sqrt,balanced,6,55,55,0.7777777777777778,0.7058823529411765,0.9545454545454546,45
17,350,log_loss,11,10,12,sqrt,balanced,6,56,56,0.8636363636363636,0.8636363636363636,0.9359504132231404,44
17,350,log_loss,11,10,12,sqrt,balanced,6,57,57,0.7111111111111111,0.6976744186046512,0.7083333333333334,45
17,350,log_loss,11,10,12,sqrt,balanced,6,58,58,0.4888888888888889,0.5306122448979592,0.5734126984126985,45
17,350,log_loss,11,10,12,sqrt,balanced,6,59,59,0.4666666666666667,0.07692307692307693,0.42063492063492064,45
17,350,log_loss,11,10,12,sqrt,balanced,6,60,60,0.8409090909090909,0.8372093023255814,0.9256198347107438,44
17,350,log_loss,11,10,12,sqrt,balanced,6,61,61,0.7209302325581395,0.6666666666666666,0.8744588744588744,43
17,350,log_loss,11,10,12,sqrt,balanced,6,62,62,0.8222222222222222,0.8095238095238095,0.9426877470355732,45
17,350,log_loss,11,10,12,sqrt,balanced,6,63,63,0.5581395348837209,0.3448275862068966,0.5844155844155845,43
17,350,log_loss,11,10,12,sqrt,balanced,6,64,64,0.6666666666666666,0.7058823529411765,0.7450592885375494,45
17,350,log_loss,11,10,12,sqrt,balanced,6,65,65,0.7333333333333333,0.6842105263157895,0.7341269841269841,45
17,350,log_loss,11,10,12,sqrt,balanced,6,66,66,0.4222222222222222,0.4583333333333333,0.4901185770750988,45
17,350,log_loss,11,10,12,sqrt,balanced,6,67,67,0.5333333333333333,0.27586206896551724,0.6106719367588933,45
17,350,log_loss,11,10,12,sqrt,balanced,6,68,68,0.5111111111111111,0.08333333333333333,0.5968379446640316,45
17,350,log_loss,11,10,12,sqrt,balanced,6,69,69,0.5111111111111111,0.45,0.6071428571428571,45
17,350,log_loss,11,10,12,sqrt,balanced,6,70,70,0.7333333333333333,0.7142857142857143,0.717391304347826,45
17,350,log_loss,11,10,12,sqrt,balanced,6,71,71,0.5777777777777777,0.2962962962962963,0.8873517786561266,45
17,350,log_loss,11,10,12,sqrt,balanced,6,72,72,0.8666666666666667,0.8695652173913043,0.9466403162055336,45
17,350,log_loss,11,10,12,sqrt,balanced,6,73,73,0.6666666666666666,0.6153846153846154,0.7450592885375493,45
17,350,log_loss,11,10,12,sqrt,balanced,6,74,74,0.5333333333333333,0.3225806451612903,0.4880952380952381,45
17,350,log_loss,11,10,12,sqrt,balanced,6,75,75,0.6585365853658537,0.6666666666666666,0.8119047619047619,41
17,350,log_loss,11,10,12,sqrt,balanced,6,76,76,0.5777777777777777,0.6779661016949152,0.733201581027668,45
17,350,log_loss,11,10,12,sqrt,balanced,6,77,77,0.5333333333333333,0.5882352941176471,0.507936507936508,45
17,350,log_loss,11,10,12,sqrt,balanced,6,78,78,0.5111111111111111,0.5925925925925926,0.6363636363636364,45
17,350,log_loss,11,10,12,sqrt,balanced,6,79,79,0.675,0.5806451612903226,0.6675,40
17,350,log_loss,11,10,12,sqrt,balanced,6,80,80,0.4888888888888889,0.0,0.6185770750988142,45
17,350,log_loss,11,10,12,sqrt,balanced,6,81,81,0.5111111111111111,0.08333333333333333,0.7588932806324111,45
17,350,log_loss,11,10,12,sqrt,balanced,6,82,82,0.5555555555555556,0.6774193548387096,0.6897233201581028,45
17,350,log_loss,11,10,12,sqrt,balanced,6,83,83,0.5526315789473685,0.19047619047619047,0.7506925207756233,38
17,350,log_loss,11,10,12,sqrt,balanced,6,84,84,0.6590909090909091,0.6666666666666666,0.7412008281573499,44
17,350,log_loss,11,10,12,sqrt,balanced,6,85,85,0.5681818181818182,0.6885245901639344,0.9026915113871635,44
17,350,log_loss,11,10,12,sqrt,balanced,6,86,86,0.6818181818181818,0.6111111111111112,0.8012422360248447,44
17,350,log_loss,11,10,12,sqrt,balanced,6,87,87,0.5111111111111111,0.6206896551724138,0.5909090909090909,45
17,350,log_loss,11,10,12,sqrt,balanced,6,88,88,0.4727272727272727,0.12121212121212122,0.4695767195767196,55
17,350,log_loss,11,10,12,sqrt,balanced,6,89,89,0.6222222222222222,0.7017543859649122,0.7777777777777777,45
17,350,log_loss,11,10,12,sqrt,balanced,6,90,90,0.5111111111111111,0.5217391304347826,0.4782608695652174,45
17,350,log_loss,11,10,12,sqrt,balanced,6,91,91,0.6136363636363636,0.711864406779661,0.7644628099173554,44
17,350,log_loss,11,10,12,sqrt,balanced,6,92,92,0.6071428571428571,0.47619047619047616,0.6961538461538462,56
17,350,log_loss,11,10,12,sqrt,balanced,6,93,93,0.7777777777777778,0.75,0.8616600790513833,45
17,350,log_loss,11,10,12,sqrt,balanced,6,94,94,0.8181818181818182,0.8518518518518519,0.989648033126294,44
17,350,log_loss,11,10,12,sqrt,balanced,6,95,95,0.32142857142857145,0.4864864864864865,0.5260416666666666,28
17,350,log_loss,11,10,12,sqrt,balanced,6,96,96,0.5238095238095238,0.6774193548387096,0.4648526077097505,42
17,350,log_loss,11,10,12,sqrt,balanced,6,97,97,0.5,0.0,0.5268595041322315,44
17,350,log_loss,11,10,12,sqrt,balanced,6,98,98,0.5777777777777777,0.6885245901639344,0.6146245059288538,45
17,350,log_loss,11,10,12,sqrt,balanced,6,99,99,0.5348837209302325,0.4117647058823529,0.5238095238095238,43
17,350,log_loss,11,10,12,sqrt,balanced,6,100,100,0.5,0.5714285714285714,0.5555555555555556,36
17,350,log_loss,11,10,12,sqrt,balanced,6,101,101,0.4888888888888889,0.0,0.5533596837944664,45
17,350,log_loss,11,10,12,sqrt,balanced,6,102,102,0.6888888888888889,0.5882352941176471,0.7905138339920948,45
17,350,log_loss,11,10,12,sqrt,balanced,6,103,103,0.5581395348837209,0.5128205128205128,0.696969696969697,43
17,350,log_loss,11,10,12,sqrt,balanced,6,104,104,0.4883720930232558,0.5769230769230769,0.4653679653679653,43
17,350,log_loss,11,10,12,sqrt,balanced,6,105,105,0.5333333333333333,0.3225806451612903,0.5118577075098815,45
17,350,log_loss,11,10,12,sqrt,balanced,6,106,106,0.6444444444444445,0.6190476190476191,0.7063492063492064,45
17,350,log_loss,11,10,12,sqrt,balanced,6,107,107,0.5333333333333333,0.5531914893617021,0.5555555555555556,45
17,350,log_loss,11,10,12,sqrt,balanced,6,108,108,0.8,0.7692307692307693,0.8735177865612648,45
18,250,log_loss,8,30,10,sqrt,balanced,6,1,1,0.6222222222222222,0.711864406779661,0.7944664031620554,45
18,250,log_loss,8,30,10,sqrt,balanced,6,2,2,0.7333333333333333,0.625,0.9051383399209486,45
18,250,log_loss,8,30,10,sqrt,balanced,6,3,3,0.4444444444444444,0.5614035087719298,0.5118577075098815,45
18,250,log_loss,8,30,10,sqrt,balanced,6,4,4,0.5555555555555556,0.6875,0.7608695652173912,45
18,250,log_loss,8,30,10,sqrt,balanced,6,5,5,0.4,0.47058823529411764,0.34523809523809523,45
18,250,log_loss,8,30,10,sqrt,balanced,6,6,6,0.5777777777777777,0.24,0.5595238095238094,45
18,250,log_loss,8,30,10,sqrt,balanced,6,7,7,0.7333333333333333,0.7857142857142857,0.9565217391304348,45
18,250,log_loss,8,30,10,sqrt,balanced,6,8,8,0.6444444444444445,0.5789473684210527,0.7035573122529645,45
18,250,log_loss,8,30,10,sqrt,balanced,6,9,9,0.5555555555555556,0.47368421052631576,0.5436507936507936,45
18,250,log_loss,8,30,10,sqrt,balanced,6,10,10,0.6222222222222222,0.6382978723404256,0.7460317460317459,45
18,250,log_loss,8,30,10,sqrt,balanced,6,11,11,0.5111111111111111,0.65625,0.5217391304347826,45
18,250,log_loss,8,30,10,sqrt,balanced,6,12,12,0.5555555555555556,0.5,0.5972222222222222,45
18,250,log_loss,8,30,10,sqrt,balanced,6,13,13,0.7428571428571429,0.7096774193548387,0.8169934640522876,35
18,250,log_loss,8,30,10,sqrt,balanced,6,14,14,0.6222222222222222,0.7017543859649122,0.6482213438735177,45
18,250,log_loss,8,30,10,sqrt,balanced,6,15,15,0.5777777777777777,0.6984126984126984,0.9130434782608695,45
18,250,log_loss,8,30,10,sqrt,balanced,6,16,16,0.6888888888888889,0.6956521739130435,0.683794466403162,45
18,250,log_loss,8,30,10,sqrt,balanced,6,17,17,0.5476190476190477,0.09523809523809523,0.55,42
18,250,log_loss,8,30,10,sqrt,balanced,6,18,18,0.4666666666666667,0.6,0.48221343873517786,45
18,250,log_loss,8,30,10,sqrt,balanced,6,19,19,0.6,0.7,0.782608695652174,45
18,250,log_loss,8,30,10,sqrt,balanced,6,20,20,0.5555555555555556,0.23076923076923078,0.4743083003952569,45
18,250,log_loss,8,30,10,sqrt,balanced,6,21,21,0.5777777777777777,0.6415094339622641,0.7083333333333334,45
18,250,log_loss,8,30,10,sqrt,balanced,6,22,22,0.5777777777777777,0.7076923076923077,0.6798418972332015,45
18,250,log_loss,8,30,10,sqrt,balanced,6,23,23,0.6590909090909091,0.7368421052631579,0.8099173553719008,44
18,250,log_loss,8,30,10,sqrt,balanced,6,24,24,0.5,0.3076923076923077,0.3636363636363636,18
18,250,log_loss,8,30,10,sqrt,balanced,6,25,25,0.6444444444444445,0.6521739130434783,0.6719367588932806,45
18,250,log_loss,8,30,10,sqrt,balanced,6,26,26,0.7777777777777778,0.7916666666666666,0.7678571428571428,45
18,250,log_loss,8,30,10,sqrt,balanced,6,27,27,0.5111111111111111,0.65625,0.5612648221343873,45
18,250,log_loss,8,30,10,sqrt,balanced,6,28,28,0.5111111111111111,0.42105263157894735,0.5098814229249011,45
18,250,log_loss,8,30,10,sqrt,balanced,6,29,29,0.7555555555555555,0.8,0.9525691699604742,45
18,250,log_loss,8,30,10,sqrt,balanced,6,30,30,0.5111111111111111,0.15384615384615385,0.5496031746031746,45
18,250,log_loss,8,30,10,sqrt,balanced,6,31,31,0.8888888888888888,0.9019607843137255,0.9664031620553359,45
18,250,log_loss,8,30,10,sqrt,balanced,6,32,32,0.7954545454545454,0.8235294117647058,0.8819875776397516,44
18,250,log_loss,8,30,10,sqrt,balanced,6,33,33,0.7111111111111111,0.6285714285714286,0.8715415019762847,45
18,250,log_loss,8,30,10,sqrt,balanced,6,34,34,0.8222222222222222,0.84,0.9503968253968254,45
18,250,log_loss,8,30,10,sqrt,balanced,6,35,35,0.5333333333333333,0.16,0.7786561264822134,45
18,250,log_loss,8,30,10,sqrt,balanced,6,36,36,0.4318181818181818,0.5098039215686274,0.4462809917355372,44
18,250,log_loss,8,30,10,sqrt,balanced,6,37,37,0.5111111111111111,0.0,0.4980237154150198,45
18,250,log_loss,8,30,10,sqrt,balanced,6,38,38,0.5111111111111111,0.45,0.5375494071146245,45
18,250,log_loss,8,30,10,sqrt,balanced,6,39,39,0.45454545454545453,0.5,0.4016563146997929,44
18,250,log_loss,8,30,10,sqrt,balanced,6,40,40,0.3333333333333333,0.16666666666666666,0.373015873015873,45
18,250,log_loss,8,30,10,sqrt,balanced,6,41,41,0.7111111111111111,0.6666666666666666,0.7202380952380952,45
18,250,log_loss,8,30,10,sqrt,balanced,6,42,42,0.8666666666666667,0.85,0.9466403162055337,45
18,250,log_loss,8,30,10,sqrt,balanced,6,43,43,0.7111111111111111,0.6060606060606061,0.8280632411067195,45
18,250,log_loss,8,30,10,sqrt,balanced,6,44,44,0.7241379310344828,0.7142857142857143,0.7476190476190476,29
18,250,log_loss,8,30,10,sqrt,balanced,6,45,45,0.5777777777777777,0.24,0.7272727272727273,45
18,250,log_loss,8,30,10,sqrt,balanced,6,46,46,0.5555555555555556,0.5454545454545454,0.5928853754940712,45
18,250,log_loss,8,30,10,sqrt,balanced,6,47,47,0.5777777777777777,0.5777777777777777,0.5615079365079365,45
18,250,log_loss,8,30,10,sqrt,balanced,6,48,48,0.6470588235294118,0.625,0.8,17
18,250,log_loss,8,30,10,sqrt,balanced,6,49,49,0.8222222222222222,0.8095238095238095,0.8972332015810277,45
18,250,log_loss,8,30,10,sqrt,balanced,6,50,50,0.5111111111111111,0.0,0.6146245059288538,45
18,250,log_loss,8,30,10,sqrt,balanced,6,51,51,0.5333333333333333,0.0,0.49007936507936506,45
18,250,log_loss,8,30,10,sqrt,balanced,6,52,52,0.7804878048780488,0.6896551724137931,0.8444976076555023,41
18,250,log_loss,8,30,10,sqrt,balanced,6,53,53,0.5581395348837209,0.42424242424242425,0.6298701298701299,43
18,250,log_loss,8,30,10,sqrt,balanced,6,54,54,0.6666666666666666,0.7111111111111111,0.8315217391304348,39
18,250,log_loss,8,30,10,sqrt,balanced,6,55,55,0.7111111111111111,0.5806451612903226,0.9308300395256917,45
18,250,log_loss,8,30,10,sqrt,balanced,6,56,56,0.8409090909090909,0.8372093023255814,0.9338842975206612,44
18,250,log_loss,8,30,10,sqrt,balanced,6,57,57,0.6444444444444445,0.6521739130434783,0.6964285714285714,45
18,250,log_loss,8,30,10,sqrt,balanced,6,58,58,0.5333333333333333,0.5882352941176471,0.5992063492063492,45
18,250,log_loss,8,30,10,sqrt,balanced,6,59,59,0.4444444444444444,0.07407407407407407,0.43849206349206354,45
18,250,log_loss,8,30,10,sqrt,balanced,6,60,60,0.7954545454545454,0.8,0.9235537190082646,44
18,250,log_loss,8,30,10,sqrt,balanced,6,61,61,0.7906976744186046,0.7692307692307693,0.8874458874458875,43
18,250,log_loss,8,30,10,sqrt,balanced,6,62,62,0.8,0.8,0.9308300395256918,45
18,250,log_loss,8,30,10,sqrt,balanced,6,63,63,0.5813953488372093,0.35714285714285715,0.5822510822510822,43
18,250,log_loss,8,30,10,sqrt,balanced,6,64,64,0.6888888888888889,0.6956521739130435,0.7707509881422925,45
18,250,log_loss,8,30,10,sqrt,balanced,6,65,65,0.6222222222222222,0.5641025641025641,0.7896825396825397,45
18,250,log_loss,8,30,10,sqrt,balanced,6,66,66,0.4444444444444444,0.46808510638297873,0.5098814229249012,45
18,250,log_loss,8,30,10,sqrt,balanced,6,67,67,0.5333333333333333,0.27586206896551724,0.6225296442687747,45
18,250,log_loss,8,30,10,sqrt,balanced,6,68,68,0.5111111111111111,0.08333333333333333,0.6403162055335968,45
18,250,log_loss,8,30,10,sqrt,balanced,6,69,69,0.5333333333333333,0.5333333333333333,0.6190476190476191,45
18,250,log_loss,8,30,10,sqrt,balanced,6,70,70,0.7555555555555555,0.7317073170731707,0.7371541501976284,45
18,250,log_loss,8,30,10,sqrt,balanced,6,71,71,0.6222222222222222,0.41379310344827586,0.924901185770751,45
18,250,log_loss,8,30,10,sqrt,balanced,6,72,72,0.8444444444444444,0.8444444444444444,0.924901185770751,45
18,250,log_loss,8,30,10,sqrt,balanced,6,73,73,0.5777777777777777,0.3448275862068966,0.7569169960474308,45
18,250,log_loss,8,30,10,sqrt,balanced,6,74,74,0.5555555555555556,0.3333333333333333,0.498015873015873,45
18,250,log_loss,8,30,10,sqrt,balanced,6,75,75,0.6097560975609756,0.6,0.8119047619047619,41
18,250,log_loss,8,30,10,sqrt,balanced,6,76,76,0.6222222222222222,0.7213114754098361,0.6521739130434783,45
18,250,log_loss,8,30,10,sqrt,balanced,6,77,77,0.5333333333333333,0.5882352941176471,0.5198412698412699,45
18,250,log_loss,8,30,10,sqrt,balanced,6,78,78,0.5333333333333333,0.6181818181818182,0.6324110671936759,45
18,250,log_loss,8,30,10,sqrt,balanced,6,79,79,0.65,0.5333333333333333,0.6599999999999999,40
18,250,log_loss,8,30,10,sqrt,balanced,6,80,80,0.4888888888888889,0.0,0.6482213438735178,45
18,250,log_loss,8,30,10,sqrt,balanced,6,81,81,0.5111111111111111,0.08333333333333333,0.7865612648221344,45
18,250,log_loss,8,30,10,sqrt,balanced,6,82,82,0.5555555555555556,0.6774193548387096,0.6936758893280632,45
18,250,log_loss,8,30,10,sqrt,balanced,6,83,83,0.5789473684210527,0.2727272727272727,0.7313019390581718,38
18,250,log_loss,8,30,10,sqrt,balanced,6,84,84,0.6363636363636364,0.6190476190476191,0.7308488612836439,44
18,250,log_loss,8,30,10,sqrt,balanced,6,85,85,0.5454545454545454,0.6774193548387096,0.9068322981366459,44
18,250,log_loss,8,30,10,sqrt,balanced,6,86,86,0.6818181818181818,0.631578947368421,0.805383022774327,44
18,250,log_loss,8,30,10,sqrt,balanced,6,87,87,0.5111111111111111,0.6206896551724138,0.5691699604743082,45
18,250,log_loss,8,30,10,sqrt,balanced,6,88,88,0.4727272727272727,0.12121212121212122,0.5,55
18,250,log_loss,8,30,10,sqrt,balanced,6,89,89,0.7333333333333333,0.75,0.7976190476190476,45
18,250,log_loss,8,30,10,sqrt,balanced,6,90,90,0.4,0.425531914893617,0.4505928853754941,45
18,250,log_loss,8,30,10,sqrt,balanced,6,91,91,0.5454545454545454,0.6875,0.756198347107438,44
18,250,log_loss,8,30,10,sqrt,balanced,6,92,92,0.5892857142857143,0.43902439024390244,0.7115384615384616,56
18,250,log_loss,8,30,10,sqrt,balanced,6,93,93,0.8,0.7692307692307693,0.8438735177865613,45
18,250,log_loss,8,30,10,sqrt,balanced,6,94,94,0.8181818181818182,0.8518518518518519,0.9979296066252588,44
18,250,log_loss,8,30,10,sqrt,balanced,6,95,95,0.32142857142857145,0.4864864864864865,0.53125,28
18,250,log_loss,8,30,10,sqrt,balanced,6,96,96,0.5238095238095238,0.6774193548387096,0.48072562358276644,42
18,250,log_loss,8,30,10,sqrt,balanced,6,97,97,0.5,0.0,0.5805785123966942,44
18,250,log_loss,8,30,10,sqrt,balanced,6,98,98,0.6,0.7,0.6086956521739131,45
18,250,log_loss,8,30,10,sqrt,balanced,6,99,99,0.4883720930232558,0.3888888888888889,0.5173160173160174,43
18,250,log_loss,8,30,10,sqrt,balanced,6,100,100,0.5555555555555556,0.6190476190476191,0.5679012345679012,36
18,250,log_loss,8,30,10,sqrt,balanced,6,101,101,0.4888888888888889,0.0,0.5968379446640316,45
18,250,log_loss,8,30,10,sqrt,balanced,6,102,102,0.6444444444444445,0.4666666666666667,0.7806324110671936,45
18,250,log_loss,8,30,10,sqrt,balanced,6,103,103,0.627906976744186,0.5555555555555556,0.7056277056277056,43
18,250,log_loss,8,30,10,sqrt,balanced,6,104,104,0.46511627906976744,0.43902439024390244,0.5021645021645023,43
18,250,log_loss,8,30,10,sqrt,balanced,6,105,105,0.5333333333333333,0.3225806451612903,0.5059288537549408,45
18,250,log_loss,8,30,10,sqrt,balanced,6,106,106,0.6,0.55,0.7182539682539683,45
18,250,log_loss,8,30,10,sqrt,balanced,6,107,107,0.5555555555555556,0.5652173913043478,0.5555555555555556,45
18,250,log_loss,8,30,10,sqrt,balanced,6,108,108,0.8,0.7692307692307693,0.8853754940711462,45
19,350,log_loss,6,25,6,sqrt,balanced_subsample,6,1,1,0.6222222222222222,0.711864406779661,0.808300395256917,45
19,350,log_loss,6,25,6,sqrt,balanced_subsample,6,2,2,0.8,0.7428571428571429,0.8893280632411067,45
19,350,log_loss,6,25,6,sqrt,balanced_subsample,6,3,3,0.4666666666666667,0.6,0.49209486166007904,45
19,350,log_loss,6,25,6,sqrt,balanced_subsample,6,4,4,0.7777777777777778,0.7916666666666666,0.7529644268774703,45
19,350,log_loss,6,25,6,sqrt,balanced_subsample,6,5,5,0.4444444444444444,0.3902439024390244,0.36111111111111116,45
19,350,log_loss,6,25,6,sqrt,balanced_subsample,6,6,6,0.5333333333333333,0.16,0.5496031746031746,45
19,350,log_loss,6,25,6,sqrt,balanced_subsample,6,7,7,0.7111111111111111,0.7719298245614035,0.9407114624505929,45
19,350,log_loss,6,25,6,sqrt,balanced_subsample,6,8,8,0.6666666666666666,0.5714285714285714,0.7292490118577075,45
19,350,log_loss,6,25,6,sqrt,balanced_subsample,6,9,9,0.5555555555555556,0.5454545454545454,0.5734126984126984,45
19,350,log_loss,6,25,6,sqrt,balanced_subsample,6,10,10,0.6444444444444445,0.6521739130434783,0.7440476190476191,45
19,350,log_loss,6,25,6,sqrt,balanced_subsample,6,11,11,0.4888888888888889,0.6349206349206349,0.5,45
19,350,log_loss,6,25,6,sqrt,balanced_subsample,6,12,12,0.4444444444444444,0.13793103448275862,0.5952380952380953,45
19,350,log_loss,6,25,6,sqrt,balanced_subsample,6,13,13,0.7428571428571429,0.7567567567567568,0.7908496732026143,35
19,350,log_loss,6,25,6,sqrt,balanced_subsample,6,14,14,0.6222222222222222,0.7213114754098361,0.6225296442687747,45
19,350,log_loss,6,25,6,sqrt,balanced_subsample,6,15,15,0.5777777777777777,0.6984126984126984,0.8992094861660079,45
19,350,log_loss,6,25,6,sqrt,balanced_subsample,6,16,16,0.6444444444444445,0.6190476190476191,0.6798418972332017,45
19,350,log_loss,6,25,6,sqrt,balanced_subsample,6,17,17,0.5476190476190477,0.09523809523809523,0.5818181818181819,42
19,350,log_loss,6,25,6,sqrt,balanced_subsample,6,18,18,0.5111111111111111,0.6206896551724138,0.4841897233201581,45
19,350,log_loss,6,25,6,sqrt,balanced_subsample,6,19,19,0.5555555555555556,0.6666666666666666,0.7786561264822134,45
19,350,log_loss,6,25,6,sqrt,balanced_subsample,6,20,20,0.4888888888888889,0.0,0.45849802371541504,45
19,350,log_loss,6,25,6,sqrt,balanced_subsample,6,21,21,0.6888888888888889,0.7083333333333334,0.7043650793650794,45
19,350,log_loss,6,25,6,sqrt,balanced_subsample,6,22,22,0.5555555555555556,0.696969696969697,0.6857707509881423,45
19,350,log_loss,6,25,6,sqrt,balanced_subsample,6,23,23,0.6363636363636364,0.7241379310344828,0.8285123966942148,44
19,350,log_loss,6,25,6,sqrt,balanced_subsample,6,24,24,0.5,0.3076923076923077,0.3636363636363636,18
19,350,log_loss,6,25,6,sqrt,balanced_subsample,6,25,25,0.6,0.5909090909090909,0.6620553359683795,45
19,350,log_loss,6,25,6,sqrt,balanced_subsample,6,26,26,0.6,0.5263157894736842,0.75,45
19,350,log_loss,6,25,6,sqrt,balanced_subsample,6,27,27,0.5111111111111111,0.65625,0.5652173913043478,45
19,350,log_loss,6,25,6,sqrt,balanced_subsample,6,28,28,0.5333333333333333,0.46153846153846156,0.49407114624505927,45
19,350,log_loss,6,25,6,sqrt,balanced_subsample,6,29,29,0.8,0.8301886792452831,0.9347826086956521,45
19,350,log_loss,6,25,6,sqrt,balanced_subsample,6,30,30,0.4888888888888889,0.08,0.5436507936507937,45
19,350,log_loss,6,25,6,sqrt,balanced_subsample,6,31,31,0.8888888888888888,0.9019607843137255,0.9762845849802371,45
19,350,log_loss,6,25,6,sqrt,balanced_subsample,6,32,32,0.7954545454545454,0.8301886792452831,0.8881987577639752,44
19,350,log_loss,6,25,6,sqrt,balanced_subsample,6,33,33,0.7333333333333333,0.6666666666666666,0.8636363636363638,45
19,350,log_loss,6,25,6,sqrt,balanced_subsample,6,34,34,0.8888888888888888,0.8936170212765957,0.9543650793650793,45
19,350,log_loss,6,25,6,sqrt,balanced_subsample,6,35,35,0.5111111111111111,0.08333333333333333,0.7608695652173912,45
19,350,log_loss,6,25,6,sqrt,balanced_subsample,6,36,36,0.4318181818181818,0.5283018867924528,0.4752066115702479,44
19,350,log_loss,6,25,6,sqrt,balanced_subsample,6,37,37,0.5111111111111111,0.0,0.5237154150197629,45
19,350,log_loss,6,25,6,sqrt,balanced_subsample,6,38,38,0.4888888888888889,0.46511627906976744,0.5375494071146245,45
19,350,log_loss,6,25,6,sqrt,balanced_subsample,6,39,39,0.4318181818181818,0.4897959183673469,0.401656314699793,44
19,350,log_loss,6,25,6,sqrt,balanced_subsample,6,40,40,0.4666666666666667,0.4,0.4722222222222222,45
19,350,log_loss,6,25,6,sqrt,balanced_subsample,6,41,41,0.6444444444444445,0.5,0.6746031746031746,45
19,350,log_loss,6,25,6,sqrt,balanced_subsample,6,42,42,0.8666666666666667,0.85,0.9624505928853756,45
19,350,log_loss,6,25,6,sqrt,balanced_subsample,6,43,43,0.7333333333333333,0.625,0.849802371541502,45
19,350,log_loss,6,25,6,sqrt,balanced_subsample,6,44,44,0.7586206896551724,0.7407407407407407,0.7428571428571429,29
19,350,log_loss,6,25,6,sqrt,balanced_subsample,6,45,45,0.6222222222222222,0.37037037037037035,0.7470355731225297,45
19,350,log_loss,6,25,6,sqrt,balanced_subsample,6,46,46,0.5555555555555556,0.5454545454545454,0.5652173913043478,45
19,350,log_loss,6,25,6,sqrt,balanced_subsample,6,47,47,0.4666666666666667,0.3684210526315789,0.498015873015873,45
19,350,log_loss,6,25,6,sqrt,balanced_subsample,6,48,48,0.8235294117647058,0.8235294117647058,0.8714285714285714,17
19,350,log_loss,6,25,6,sqrt,balanced_subsample,6,49,49,0.8,0.7804878048780488,0.9031620553359684,45
19,350,log_loss,6,25,6,sqrt,balanced_subsample,6,50,50,0.5111111111111111,0.0,0.6235177865612648,45
19,350,log_loss,6,25,6,sqrt,balanced_subsample,6,51,51,0.4888888888888889,0.0,0.4632936507936508,45
19,350,log_loss,6,25,6,sqrt,balanced_subsample,6,52,52,0.7804878048780488,0.6896551724137931,0.8660287081339713,41
19,350,log_loss,6,25,6,sqrt,balanced_subsample,6,53,53,0.5813953488372093,0.4375,0.6233766233766235,43
19,350,log_loss,6,25,6,sqrt,balanced_subsample,6,54,54,0.6153846153846154,0.6808510638297872,0.8206521739130435,39
19,350,log_loss,6,25,6,sqrt,balanced_subsample,6,55,55,0.5555555555555556,0.16666666666666666,0.841897233201581,45
19,350,log_loss,6,25,6,sqrt,balanced_subsample,6,56,56,0.9090909090909091,0.9130434782608695,0.9566115702479339,44
19,350,log_loss,6,25,6,sqrt,balanced_subsample,6,57,57,0.6444444444444445,0.6521739130434783,0.6845238095238096,45
19,350,log_loss,6,25,6,sqrt,balanced_subsample,6,58,58,0.4888888888888889,0.5964912280701754,0.5952380952380952,45
19,350,log_loss,6,25,6,sqrt,balanced_subsample,6,59,59,0.4444444444444444,0.1935483870967742,0.4662698412698413,45
19,350,log_loss,6,25,6,sqrt,balanced_subsample,6,60,60,0.8181818181818182,0.8181818181818182,0.9173553719008265,44
19,350,log_loss,6,25,6,sqrt,balanced_subsample,6,61,61,0.7906976744186046,0.7692307692307693,0.8722943722943723,43
19,350,log_loss,6,25,6,sqrt,balanced_subsample,6,62,62,0.7777777777777778,0.7727272727272727,0.9209486166007905,45
19,350,log_loss,6,25,6,sqrt,balanced_subsample,6,63,63,0.5813953488372093,0.35714285714285715,0.5670995670995671,43
19,350,log_loss,6,25,6,sqrt,balanced_subsample,6,64,64,0.6,0.47058823529411764,0.7411067193675889,45
19,350,log_loss,6,25,6,sqrt,balanced_subsample,6,65,65,0.6888888888888889,0.6818181818181818,0.7777777777777777,45
19,350,log_loss,6,25,6,sqrt,balanced_subsample,6,66,66,0.4666666666666667,0.4782608695652174,0.49011857707509876,45
19,350,log_loss,6,25,6,sqrt,balanced_subsample,6,67,67,0.5555555555555556,0.3333333333333333,0.5948616600790514,45
19,350,log_loss,6,25,6,sqrt,balanced_subsample,6,68,68,0.5111111111111111,0.08333333333333333,0.6383399209486166,45
19,350,log_loss,6,25,6,sqrt,balanced_subsample,6,69,69,0.5555555555555556,0.6,0.6091269841269842,45
19,350,log_loss,6,25,6,sqrt,balanced_subsample,6,70,70,0.7333333333333333,0.7272727272727273,0.7549407114624506,45
19,350,log_loss,6,25,6,sqrt,balanced_subsample,6,71,71,0.6444444444444445,0.4666666666666667,0.9446640316205533,45
19,350,log_loss,6,25,6,sqrt,balanced_subsample,6,72,72,0.7555555555555555,0.717948717948718,0.8735177865612648,45
19,350,log_loss,6,25,6,sqrt,balanced_subsample,6,73,73,0.6,0.35714285714285715,0.7035573122529645,45
19,350,log_loss,6,25,6,sqrt,balanced_subsample,6,74,74,0.5333333333333333,0.27586206896551724,0.488095238095238,45
19,350,log_loss,6,25,6,sqrt,balanced_subsample,6,75,75,0.6829268292682927,0.6486486486486487,0.8023809523809524,41
19,350,log_loss,6,25,6,sqrt,balanced_subsample,6,76,76,0.5333333333333333,0.6037735849056604,0.6373517786561265,45
19,350,log_loss,6,25,6,sqrt,balanced_subsample,6,77,77,0.5333333333333333,0.5882352941176471,0.5277777777777778,45
19,350,log_loss,6,25,6,sqrt,balanced_subsample,6,78,78,0.5555555555555556,0.6428571428571429,0.6403162055335968,45
19,350,log_loss,6,25,6,sqrt,balanced_subsample,6,79,79,0.65,0.5333333333333333,0.6299999999999999,40
19,350,log_loss,6,25,6,sqrt,balanced_subsample,6,80,80,0.4888888888888889,0.0,0.6422924901185771,45
19,350,log_loss,6,25,6,sqrt,balanced_subsample,6,81,81,0.5555555555555556,0.23076923076923078,0.8241106719367589,45
19,350,log_loss,6,25,6,sqrt,balanced_subsample,6,82,82,0.5555555555555556,0.6774193548387096,0.7015810276679842,45
19,350,log_loss,6,25,6,sqrt,balanced_subsample,6,83,83,0.5526315789473685,0.19047619047619047,0.7811634349030471,38
19,350,log_loss,6,25,6,sqrt,balanced_subsample,6,84,84,0.6363636363636364,0.6190476190476191,0.7412008281573499,44
19,350,log_loss,6,25,6,sqrt,balanced_subsample,6,85,85,0.5681818181818182,0.6885245901639344,0.8881987577639752,44
19,350,log_loss,6,25,6,sqrt,balanced_subsample,6,86,86,0.75,0.7317073170731707,0.805383022774327,44
19,350,log_loss,6,25,6,sqrt,balanced_subsample,6,87,87,0.4888888888888889,0.6229508196721312,0.5533596837944663,45
19,350,log_loss,6,25,6,sqrt,balanced_subsample,6,88,88,0.4727272727272727,0.12121212121212122,0.5079365079365079,55
19,350,log_loss,6,25,6,sqrt,balanced_subsample,6,89,89,0.6888888888888889,0.7083333333333334,0.7916666666666667,45
19,350,log_loss,6,25,6,sqrt,balanced_subsample,6,90,90,0.4888888888888889,0.5306122448979592,0.492094861660079,45
19,350,log_loss,6,25,6,sqrt,balanced_subsample,6,91,91,0.5,0.6666666666666666,0.75,44
19,350,log_loss,6,25,6,sqrt,balanced_subsample,6,92,92,0.5892857142857143,0.43902439024390244,0.7474358974358974,56
19,350,log_loss,6,25,6,sqrt,balanced_subsample,6,93,93,0.7333333333333333,0.7,0.8122529644268774,45
19,350,log_loss,6,25,6,sqrt,balanced_subsample,6,94,94,0.8181818181818182,0.8518518518518519,0.9958592132505176,44
19,350,log_loss,6,25,6,sqrt,balanced_subsample,6,95,95,0.32142857142857145,0.4864864864864865,0.5677083333333333,28
19,350,log_loss,6,25,6,sqrt,balanced_subsample,6,96,96,0.5238095238095238,0.6774193548387096,0.5192743764172335,42
19,350,log_loss,6,25,6,sqrt,balanced_subsample,6,97,97,0.5,0.0,0.578512396694215,44
19,350,log_loss,6,25,6,sqrt,balanced_subsample,6,98,98,0.5555555555555556,0.6666666666666666,0.5889328063241106,45
19,350,log_loss,6,25,6,sqrt,balanced_subsample,6,99,99,0.5116279069767442,0.43243243243243246,0.5,43
19,350,log_loss,6,25,6,sqrt,balanced_subsample,6,100,100,0.5833333333333334,0.6511627906976745,0.5925925925925926,36
19,350,log_loss,6,25,6,sqrt,balanced_subsample,6,101,101,0.4888888888888889,0.0,0.6343873517786561,45
19,350,log_loss,6,25,6,sqrt,balanced_subsample,6,102,102,0.5333333333333333,0.16,0.7233201581027668,45
19,350,log_loss,6,25,6,sqrt,balanced_subsample,6,103,103,0.6511627906976745,0.5945945945945946,0.7142857142857143,43
19,350,log_loss,6,25,6,sqrt,balanced_subsample,6,104,104,0.5813953488372093,0.625,0.5194805194805194,43
19,350,log_loss,6,25,6,sqrt,balanced_subsample,6,105,105,0.5555555555555556,0.3333333333333333,0.5177865612648221,45
19,350,log_loss,6,25,6,sqrt,balanced_subsample,6,106,106,0.6444444444444445,0.6190476190476191,0.7242063492063492,45
19,350,log_loss,6,25,6,sqrt,balanced_subsample,6,107,107,0.5555555555555556,0.5652173913043478,0.5476190476190476,45
19,350,log_loss,6,25,6,sqrt,balanced_subsample,6,108,108,0.8222222222222222,0.7894736842105263,0.8833992094861659,45
20,250,log_loss,6,30,12,sqrt,balanced_subsample,6,1,1,0.6222222222222222,0.711864406779661,0.7905138339920948,45
20,250,log_loss,6,30,12,sqrt,balanced_subsample,6,2,2,0.7777777777777778,0.7058823529411765,0.8972332015810277,45
20,250,log_loss,6,30,12,sqrt,balanced_subsample,6,3,3,0.5111111111111111,0.6333333333333333,0.5,45
20,250,log_loss,6,30,12,sqrt,balanced_subsample,6,4,4,0.6888888888888889,0.75,0.7430830039525692,45
20,250,log_loss,6,30,12,sqrt,balanced_subsample,6,5,5,0.4222222222222222,0.4090909090909091,0.40476190476190477,45
20,250,log_loss,6,30,12,sqrt,balanced_subsample,6,6,6,0.5777777777777777,0.2962962962962963,0.5615079365079365,45
20,250,log_loss,6,30,12,sqrt,balanced_subsample,6,7,7,0.7333333333333333,0.7857142857142857,0.9347826086956522,45
20,250,log_loss,6,30,12,sqrt,balanced_subsample,6,8,8,0.6666666666666666,0.5714285714285714,0.7272727272727273,45
20,250,log_loss,6,30,12,sqrt,balanced_subsample,6,9,9,0.6,0.5714285714285714,0.5714285714285714,45
20,250,log_loss,6,30,12,sqrt,balanced_subsample,6,10,10,0.6888888888888889,0.7083333333333334,0.751984126984127,45
20,250,log_loss,6,30,12,sqrt,balanced_subsample,6,11,11,0.4888888888888889,0.6567164179104478,0.5197628458498024,45
20,250,log_loss,6,30,12,sqrt,balanced_subsample,6,12,12,0.4888888888888889,0.25806451612903225,0.6130952380952381,45
20,250,log_loss,6,30,12,sqrt,balanced_subsample,6,13,13,0.7142857142857143,0.7222222222222222,0.7973856209150326,35
20,250,log_loss,6,30,12,sqrt,balanced_subsample,6,14,14,0.6222222222222222,0.7213114754098361,0.6106719367588933,45
20,250,log_loss,6,30,12,sqrt,balanced_subsample,6,15,15,0.5777777777777777,0.6984126984126984,0.9031620553359684,45
20,250,log_loss,6,30,12,sqrt,balanced_subsample,6,16,16,0.6222222222222222,0.5853658536585366,0.6778656126482213,45
20,250,log_loss,6,30,12,sqrt,balanced_subsample,6,17,17,0.5476190476190477,0.09523809523809523,0.575,42
20,250,log_loss,6,30,12,sqrt,balanced_subsample,6,18,18,0.4666666666666667,0.5714285714285714,0.5039525691699605,45
20,250,log_loss,6,30,12,sqrt,balanced_subsample,6,19,19,0.5777777777777777,0.6885245901639344,0.7865612648221344,45
20,250,log_loss,6,30,12,sqrt,balanced_subsample,6,20,20,0.4888888888888889,0.0,0.49011857707509887,45
20,250,log_loss,6,30,12,sqrt,balanced_subsample,6,21,21,0.6222222222222222,0.6530612244897959,0.7003968253968254,45
20,250,log_loss,6,30,12,sqrt,balanced_subsample,6,22,22,0.5555555555555556,0.696969696969697,0.6758893280632412,45
20,250,log_loss,6,30,12,sqrt,balanced_subsample,6,23,23,0.6136363636363636,0.711864406779661,0.8243801652892563,44
20,250,log_loss,6,30,12,sqrt,balanced_subsample,6,24,24,0.5,0.3076923076923077,0.33766233766233766,18
20,250,log_loss,6,30,12,sqrt,balanced_subsample,6,25,25,0.6222222222222222,0.6222222222222222,0.6739130434782609,45
20,250,log_loss,6,30,12,sqrt,balanced_subsample,6,26,26,0.6666666666666666,0.6511627906976745,0.7341269841269842,45
20,250,log_loss,6,30,12,sqrt,balanced_subsample,6,27,27,0.4888888888888889,0.6461538461538462,0.5612648221343873,45
20,250,log_loss,6,30,12,sqrt,balanced_subsample,6,28,28,0.4888888888888889,0.3783783783783784,0.5118577075098814,45
20,250,log_loss,6,30,12,sqrt,balanced_subsample,6,29,29,0.7777777777777778,0.8148148148148148,0.9407114624505929,45
20,250,log_loss,6,30,12,sqrt,balanced_subsample,6,30,30,0.4666666666666667,0.07692307692307693,0.5476190476190476,45
20,250,log_loss,6,30,12,sqrt,balanced_subsample,6,31,31,0.8888888888888888,0.9019607843137255,0.9723320158102766,45
20,250,log_loss,6,30,12,sqrt,balanced_subsample,6,32,32,0.8409090909090909,0.8571428571428571,0.8923395445134575,44
20,250,log_loss,6,30,12,sqrt,balanced_subsample,6,33,33,0.7333333333333333,0.6666666666666666,0.8735177865612649,45
20,250,log_loss,6,30,12,sqrt,balanced_subsample,6,34,34,0.8444444444444444,0.8444444444444444,0.9444444444444444,45
20,250,log_loss,6,30,12,sqrt,balanced_subsample,6,35,35,0.5111111111111111,0.08333333333333333,0.7766798418972333,45
20,250,log_loss,6,30,12,sqrt,balanced_subsample,6,36,36,0.45454545454545453,0.5555555555555556,0.4586776859504132,44
20,250,log_loss,6,30,12,sqrt,balanced_subsample,6,37,37,0.5111111111111111,0.0,0.5276679841897233,45
20,250,log_loss,6,30,12,sqrt,balanced_subsample,6,38,38,0.4666666666666667,0.42857142857142855,0.5296442687747036,45
20,250,log_loss,6,30,12,sqrt,balanced_subsample,6,39,39,0.4772727272727273,0.5306122448979592,0.43064182194616973,44
20,250,log_loss,6,30,12,sqrt,balanced_subsample,6,40,40,0.5111111111111111,0.42105263157894735,0.4702380952380953,45
20,250,log_loss,6,30,12,sqrt,balanced_subsample,6,41,41,0.6444444444444445,0.5789473684210527,0.7063492063492064,45
20,250,log_loss,6,30,12,sqrt,balanced_subsample,6,42,42,0.8666666666666667,0.85,0.9604743083003953,45
20,250,log_loss,6,30,12,sqrt,balanced_subsample,6,43,43,0.7333333333333333,0.625,0.849802371541502,45
20,250,log_loss,6,30,12,sqrt,balanced_subsample,6,44,44,0.7241379310344828,0.6923076923076923,0.7333333333333334,29
20,250,log_loss,6,30,12,sqrt,balanced_subsample,6,45,45,0.6,0.3076923076923077,0.7430830039525692,45
20,250,log_loss,6,30,12,sqrt,balanced_subsample,6,46,46,0.5555555555555556,0.5454545454545454,0.5849802371541502,45
20,250,log_loss,6,30,12,sqrt,balanced_subsample,6,47,47,0.5777777777777777,0.5365853658536586,0.5833333333333333,45
20,250,log_loss,6,30,12,sqrt,balanced_subsample,6,48,48,0.7058823529411765,0.7058823529411765,0.7857142857142858,17
20,250,log_loss,6,30,12,sqrt,balanced_subsample,6,49,49,0.8,0.7804878048780488,0.9090909090909092,45
20,250,log_loss,6,30,12,sqrt,balanced_subsample,6,50,50,0.5111111111111111,0.0,0.599802371541502,45
20,250,log_loss,6,30,12,sqrt,balanced_subsample,6,51,51,0.5333333333333333,0.0,0.5317460317460317,45
20,250,log_loss,6,30,12,sqrt,balanced_subsample,6,52,52,0.7804878048780488,0.6896551724137931,0.8588516746411483,41
20,250,log_loss,6,30,12,sqrt,balanced_subsample,6,53,53,0.6046511627906976,0.48484848484848486,0.632034632034632,43
20,250,log_loss,6,30,12,sqrt,balanced_subsample,6,54,54,0.5897435897435898,0.6666666666666666,0.8233695652173914,39
20,250,log_loss,6,30,12,sqrt,balanced_subsample,6,55,55,0.5333333333333333,0.08695652173913043,0.849802371541502,45
20,250,log_loss,6,30,12,sqrt,balanced_subsample,6,56,56,0.9090909090909091,0.9130434782608695,0.9566115702479339,44
20,250,log_loss,6,30,12,sqrt,balanced_subsample,6,57,57,0.6,0.6086956521739131,0.6726190476190477,45
20,250,log_loss,6,30,12,sqrt,balanced_subsample,6,58,58,0.5333333333333333,0.631578947368421,0.5932539682539683,45
20,250,log_loss,6,30,12,sqrt,balanced_subsample,6,59,59,0.4666666666666667,0.2,0.4484126984126985,45
20,250,log_loss,6,30,12,sqrt,balanced_subsample,6,60,60,0.7954545454545454,0.8,0.9194214876033058,44
20,250,log_loss,6,30,12,sqrt,balanced_subsample,6,61,61,0.7906976744186046,0.7692307692307693,0.8831168831168831,43
20,250,log_loss,6,30,12,sqrt,balanced_subsample,6,62,62,0.8,0.8085106382978723,0.924901185770751,45
20,250,log_loss,6,30,12,sqrt,balanced_subsample,6,63,63,0.5813953488372093,0.35714285714285715,0.5952380952380952,43
20,250,log_loss,6,30,12,sqrt,balanced_subsample,6,64,64,0.6666666666666666,0.5945945945945946,0.7193675889328064,45
20,250,log_loss,6,30,12,sqrt,balanced_subsample,6,65,65,0.7111111111111111,0.6976744186046512,0.7698412698412698,45
20,250,log_loss,6,30,12,sqrt,balanced_subsample,6,66,66,0.4666666666666667,0.4782608695652174,0.5,45
20,250,log_loss,6,30,12,sqrt,balanced_subsample,6,67,67,0.5333333333333333,0.27586206896551724,0.6205533596837944,45
20,250,log_loss,6,30,12,sqrt,balanced_subsample,6,68,68,0.4888888888888889,0.0,0.6383399209486166,45
20,250,log_loss,6,30,12,sqrt,balanced_subsample,6,69,69,0.5555555555555556,0.6,0.5952380952380953,45
20,250,log_loss,6,30,12,sqrt,balanced_subsample,6,70,70,0.7333333333333333,0.7272727272727273,0.7588932806324111,45
20,250,log_loss,6,30,12,sqrt,balanced_subsample,6,71,71,0.6,0.35714285714285715,0.9288537549407114,45
20,250,log_loss,6,30,12,sqrt,balanced_subsample,6,72,72,0.7333333333333333,0.7,0.875494071146245,45
20,250,log_loss,6,30,12,sqrt,balanced_subsample,6,73,73,0.5555555555555556,0.4117647058823529,0.6897233201581028,45
20,250,log_loss,6,30,12,sqrt,balanced_subsample,6,74,74,0.5555555555555556,0.2857142857142857,0.5178571428571429,45
20,250,log_loss,6,30,12,sqrt,balanced_subsample,6,75,75,0.6829268292682927,0.6976744186046512,0.8333333333333334,41
20,250,log_loss,6,30,12,sqrt,balanced_subsample,6,76,76,0.6444444444444445,0.7142857142857143,0.6640316205533597,45
20,250,log_loss,6,30,12,sqrt,balanced_subsample,6,77,77,0.5111111111111111,0.5769230769230769,0.5218253968253969,45
20,250,log_loss,6,30,12,sqrt,balanced_subsample,6,78,78,0.5333333333333333,0.6181818181818182,0.642292490118577,45
20,250,log_loss,6,30,12,sqrt,balanced_subsample,6,79,79,0.675,0.5806451612903226,0.6599999999999999,40
20,250,log_loss,6,30,12,sqrt,balanced_subsample,6,80,80,0.4888888888888889,0.0,0.6284584980237155,45
20,250,log_loss,6,30,12,sqrt,balanced_subsample,6,81,81,0.5555555555555556,0.23076923076923078,0.8142292490118577,45
20,250,log_loss,6,30,12,sqrt,balanced_subsample,6,82,82,0.5555555555555556,0.6774193548387096,0.6976284584980237,45
20,250,log_loss,6,30,12,sqrt,balanced_subsample,6,83,83,0.5789473684210527,0.2727272727272727,0.7645429362880886,38
20,250,log_loss,6,30,12,sqrt,balanced_subsample,6,84,84,0.6363636363636364,0.6190476190476191,0.732919254658385,44
20,250,log_loss,6,30,12,sqrt,balanced_subsample,6,85,85,0.5454545454545454,0.6774193548387096,0.8944099378881987,44
20,250,log_loss,6,30,12,sqrt,balanced_subsample,6,86,86,0.75,0.7317073170731707,0.8053830227743272,44
20,250,log_loss,6,30,12,sqrt,balanced_subsample,6,87,87,0.4888888888888889,0.6229508196721312,0.5573122529644269,45
20,250,log_loss,6,30,12,sqrt,balanced_subsample,6,88,88,0.45454545454545453,0.0625,0.5132275132275133,55
20,250,log_loss,6,30,12,sqrt,balanced_subsample,6,89,89,0.7555555555555555,0.7755102040816326,0.8373015873015873,45
20,250,log_loss,6,30,12,sqrt,balanced_subsample,6,90,90,0.5111111111111111,0.5416666666666666,0.49999999999999994,45
20,250,log_loss,6,30,12,sqrt,balanced_subsample,6,91,91,0.5,0.6666666666666666,0.7334710743801653,44
20,250,log_loss,6,30,12,sqrt,balanced_subsample,6,92,92,0.6071428571428571,0.47619047619047616,0.7410256410256411,56
20,250,log_loss,6,30,12,sqrt,balanced_subsample,6,93,93,0.7555555555555555,0.7317073170731707,0.8221343873517787,45
20,250,log_loss,6,30,12,sqrt,balanced_subsample,6,94,94,0.8409090909090909,0.8679245283018868,0.9979296066252588,44
20,250,log_loss,6,30,12,sqrt,balanced_subsample,6,95,95,0.32142857142857145,0.4864864864864865,0.5677083333333334,28
20,250,log_loss,6,30,12,sqrt,balanced_subsample,6,96,96,0.5238095238095238,0.6774193548387096,0.4761904761904762,42
20,250,log_loss,6,30,12,sqrt,balanced_subsample,6,97,97,0.5,0.0,0.578512396694215,44
20,250,log_loss,6,30,12,sqrt,balanced_subsample,6,98,98,0.5555555555555556,0.6774193548387096,0.5711462450592886,45
20,250,log_loss,6,30,12,sqrt,balanced_subsample,6,99,99,0.4883720930232558,0.3888888888888889,0.49350649350649356,43
20,250,log_loss,6,30,12,sqrt,balanced_subsample,6,100,100,0.5555555555555556,0.6363636363636364,0.5895061728395061,36
20,250,log_loss,6,30,12,sqrt,balanced_subsample,6,101,101,0.4888888888888889,0.0,0.6501976284584979,45
20,250,log_loss,6,30,12,sqrt,balanced_subsample,6,102,102,0.5777777777777777,0.2962962962962963,0.683794466403162,45
20,250,log_loss,6,30,12,sqrt,balanced_subsample,6,103,103,0.627906976744186,0.5555555555555556,0.6969696969696969,43
20,250,log_loss,6,30,12,sqrt,balanced_subsample,6,104,104,0.5581395348837209,0.5957446808510638,0.5021645021645021,43
20,250,log_loss,6,30,12,sqrt,balanced_subsample,6,105,105,0.5111111111111111,0.3125,0.5237154150197628,45
20,250,log_loss,6,30,12,sqrt,balanced_subsample,6,106,106,0.6444444444444445,0.6190476190476191,0.7321428571428571,45
20,250,log_loss,6,30,12,sqrt,balanced_subsample,6,107,107,0.5555555555555556,0.5652173913043478,0.5515873015873016,45
20,250,log_loss,6,30,12,sqrt,balanced_subsample,6,108,108,0.8,0.7692307692307693,0.8853754940711462,45
21,300,log_loss,9,25,12,sqrt,balanced_subsample,6,1,1,0.6222222222222222,0.711864406779661,0.7944664031620553,45
21,300,log_loss,9,25,12,sqrt,balanced_subsample,6,2,2,0.6888888888888889,0.5333333333333333,0.9090909090909092,45
21,300,log_loss,9,25,12,sqrt,balanced_subsample,6,3,3,0.4666666666666667,0.5714285714285714,0.49407114624505927,45
21,300,log_loss,9,25,12,sqrt,balanced_subsample,6,4,4,0.6,0.7096774193548387,0.7252964426877471,45
21,300,log_loss,9,25,12,sqrt,balanced_subsample,6,5,5,0.35555555555555557,0.40816326530612246,0.3373015873015873,45
21,300,log_loss,9,25,12,sqrt,balanced_subsample,6,6,6,0.5777777777777777,0.17391304347826086,0.5396825396825397,45
21,300,log_loss,9,25,12,sqrt,balanced_subsample,6,7,7,0.7333333333333333,0.7857142857142857,0.958498023715415,45
21,300,log_loss,9,25,12,sqrt,balanced_subsample,6,8,8,0.6444444444444445,0.5789473684210527,0.7035573122529645,45
21,300,log_loss,9,25,12,sqrt,balanced_subsample,6,9,9,0.5333333333333333,0.43243243243243246,0.6051587301587301,45
21,300,log_loss,9,25,12,sqrt,balanced_subsample,6,10,10,0.6444444444444445,0.6521739130434783,0.7281746031746031,45
21,300,log_loss,9,25,12,sqrt,balanced_subsample,6,11,11,0.4666666666666667,0.6129032258064516,0.5335968379446641,45
21,300,log_loss,9,25,12,sqrt,balanced_subsample,6,12,12,0.5555555555555556,0.4444444444444444,0.6190476190476191,45
21,300,log_loss,9,25,12,sqrt,balanced_subsample,6,13,13,0.7428571428571429,0.7096774193548387,0.8104575163398693,35
21,300,log_loss,9,25,12,sqrt,balanced_subsample,6,14,14,0.6,0.6785714285714286,0.6679841897233202,45
21,300,log_loss,9,25,12,sqrt,balanced_subsample,6,15,15,0.5555555555555556,0.6875,0.8992094861660079,45
21,300,log_loss,9,25,12,sqrt,balanced_subsample,6,16,16,0.7111111111111111,0.7111111111111111,0.6739130434782608,45
21,300,log_loss,9,25,12,sqrt,balanced_subsample,6,17,17,0.5476190476190477,0.09523809523809523,0.5863636363636363,42
21,300,log_loss,9,25,12,sqrt,balanced_subsample,6,18,18,0.4666666666666667,0.6,0.49011857707509876,45
21,300,log_loss,9,25,12,sqrt,balanced_subsample,6,19,19,0.6,0.7,0.7944664031620553,45
21,300,log_loss,9,25,12,sqrt,balanced_subsample,6,20,20,0.5333333333333333,0.16,0.5276679841897234,45
21,300,log_loss,9,25,12,sqrt,balanced_subsample,6,21,21,0.5555555555555556,0.6296296296296297,0.7023809523809524,45
21,300,log_loss,9,25,12,sqrt,balanced_subsample,6,22,22,0.5777777777777777,0.7076923076923077,0.6778656126482213,45
21,300,log_loss,9,25,12,sqrt,balanced_subsample,6,23,23,0.7045454545454546,0.7636363636363637,0.8140495867768596,44
21,300,log_loss,9,25,12,sqrt,balanced_subsample,6,24,24,0.5,0.3076923076923077,0.37662337662337664,18
21,300,log_loss,9,25,12,sqrt,balanced_subsample,6,25,25,0.6444444444444445,0.6363636363636364,0.7075098814229249,45
21,300,log_loss,9,25,12,sqrt,balanced_subsample,6,26,26,0.7333333333333333,0.76,0.7718253968253967,45
21,300,log_loss,9,25,12,sqrt,balanced_subsample,6,27,27,0.5111111111111111,0.65625,0.5592885375494071,45
21,300,log_loss,9,25,12,sqrt,balanced_subsample,6,28,28,0.5111111111111111,0.42105263157894735,0.5079051383399209,45
21,300,log_loss,9,25,12,sqrt,balanced_subsample,6,29,29,0.7777777777777778,0.8148148148148148,0.9604743083003953,45
21,300,log_loss,9,25,12,sqrt,balanced_subsample,6,30,30,0.4888888888888889,0.14814814814814814,0.5773809523809523,45
21,300,log_loss,9,25,12,sqrt,balanced_subsample,6,31,31,0.8666666666666667,0.88,0.9664031620553359,45
21,300,log_loss,9,25,12,sqrt,balanced_subsample,6,32,32,0.7954545454545454,0.8235294117647058,0.8819875776397516,44
21,300,log_loss,9,25,12,sqrt,balanced_subsample,6,33,33,0.7111111111111111,0.6285714285714286,0.8675889328063241,45
21,300,log_loss,9,25,12,sqrt,balanced_subsample,6,34,34,0.8666666666666667,0.8846153846153846,0.9523809523809524,45
21,300,log_loss,9,25,12,sqrt,balanced_subsample,6,35,35,0.5333333333333333,0.16,0.7905138339920948,45
21,300,log_loss,9,25,12,sqrt,balanced_subsample,6,36,36,0.4090909090909091,0.48,0.44421487603305787,44
21,300,log_loss,9,25,12,sqrt,balanced_subsample,6,37,37,0.5111111111111111,0.0,0.46640316205533594,45
21,300,log_loss,9,25,12,sqrt,balanced_subsample,6,38,38,0.5111111111111111,0.45,0.541501976284585,45
21,300,log_loss,9,25,12,sqrt,balanced_subsample,6,39,39,0.4772727272727273,0.5490196078431373,0.38716356107660455,44
21,300,log_loss,9,25,12,sqrt,balanced_subsample,6,40,40,0.4444444444444444,0.358974358974359,0.4146825396825397,45
21,300,log_loss,9,25,12,sqrt,balanced_subsample,6,41,41,0.6888888888888889,0.631578947368421,0.7182539682539681,45
21,300,log_loss,9,25,12,sqrt,balanced_subsample,6,42,42,0.8666666666666667,0.85,0.9624505928853755,45
21,300,log_loss,9,25,12,sqrt,balanced_subsample,6,43,43,0.6666666666666666,0.5454545454545454,0.8043478260869565,45
21,300,log_loss,9,25,12,sqrt,balanced_subsample,6,44,44,0.7586206896551724,0.7407407407407407,0.7380952380952381,29
21,300,log_loss,9,25,12,sqrt,balanced_subsample,6,45,45,0.5777777777777777,0.24,0.7252964426877471,45
21,300,log_loss,9,25,12,sqrt,balanced_subsample,6,46,46,0.5333333333333333,0.5116279069767442,0.541501976284585,45
21,300,log_loss,9,25,12,sqrt,balanced_subsample,6,47,47,0.5333333333333333,0.5531914893617021,0.5357142857142857,45
21,300,log_loss,9,25,12,sqrt,balanced_subsample,6,48,48,0.7647058823529411,0.7777777777777778,0.8142857142857144,17
21,300,log_loss,9,25,12,sqrt,balanced_subsample,6,49,49,0.8222222222222222,0.8,0.9031620553359684,45
21,300,log_loss,9,25,12,sqrt,balanced_subsample,6,50,50,0.5111111111111111,0.0,0.6383399209486167,45
21,300,log_loss,9,25,12,sqrt,balanced_subsample,6,51,51,0.5555555555555556,0.09090909090909091,0.47817460317460314,45
21,300,log_loss,9,25,12,sqrt,balanced_subsample,6,52,52,0.7804878048780488,0.6896551724137931,0.8468899521531099,41
21,300,log_loss,9,25,12,sqrt,balanced_subsample,6,53,53,0.5581395348837209,0.42424242424242425,0.6038961038961039,43
21,300,log_loss,9,25,12,sqrt,balanced_subsample,6,54,54,0.5897435897435898,0.6666666666666666,0.8152173913043479,39
21,300,log_loss,9,25,12,sqrt,balanced_subsample,6,55,55,0.7333333333333333,0.625,0.9387351778656126,45
21,300,log_loss,9,25,12,sqrt,balanced_subsample,6,56,56,0.8409090909090909,0.8444444444444444,0.9400826446280992,44
21,300,log_loss,9,25,12,sqrt,balanced_subsample,6,57,57,0.6888888888888889,0.6666666666666666,0.6865079365079365,45
21,300,log_loss,9,25,12,sqrt,balanced_subsample,6,58,58,0.4888888888888889,0.5660377358490566,0.5654761904761905,45
21,300,log_loss,9,25,12,sqrt,balanced_subsample,6,59,59,0.4666666666666667,0.14285714285714285,0.43253968253968256,45
21,300,log_loss,9,25,12,sqrt,balanced_subsample,6,60,60,0.8409090909090909,0.8372093023255814,0.9235537190082646,44
21,300,log_loss,9,25,12,sqrt,balanced_subsample,6,61,61,0.7441860465116279,0.7027027027027027,0.8787878787878788,43
21,300,log_loss,9,25,12,sqrt,balanced_subsample,6,62,62,0.8444444444444444,0.8292682926829268,0.9545454545454546,45
21,300,log_loss,9,25,12,sqrt,balanced_subsample,6,63,63,0.5813953488372093,0.35714285714285715,0.5887445887445888,43
21,300,log_loss,9,25,12,sqrt,balanced_subsample,6,64,64,0.6666666666666666,0.6808510638297872,0.7371541501976284,45
21,300,log_loss,9,25,12,sqrt,balanced_subsample,6,65,65,0.7111111111111111,0.6666666666666666,0.7837301587301587,45
21,300,log_loss,9,25,12,sqrt,balanced_subsample,6,66,66,0.4222222222222222,0.4583333333333333,0.4980237154150198,45
21,300,log_loss,9,25,12,sqrt,balanced_subsample,6,67,67,0.5333333333333333,0.27586206896551724,0.6146245059288538,45
21,300,log_loss,9,25,12,sqrt,balanced_subsample,6,68,68,0.4888888888888889,0.0,0.6146245059288538,45
21,300,log_loss,9,25,12,sqrt,balanced_subsample,6,69,69,0.4888888888888889,0.43902439024390244,0.5952380952380952,45
21,300,log_loss,9,25,12,sqrt,balanced_subsample,6,70,70,0.7777777777777778,0.7619047619047619,0.7470355731225297,45
21,300,log_loss,9,25,12,sqrt,balanced_subsample,6,71,71,0.6,0.35714285714285715,0.9328063241106719,45
21,300,log_loss,9,25,12,sqrt,balanced_subsample,6,72,72,0.8888888888888888,0.8936170212765957,0.9387351778656126,45
21,300,log_loss,9,25,12,sqrt,balanced_subsample,6,73,73,0.6666666666666666,0.5714285714285714,0.7509881422924902,45
21,300,log_loss,9,25,12,sqrt,balanced_subsample,6,74,74,0.5333333333333333,0.3225806451612903,0.4861111111111111,45
21,300,log_loss,9,25,12,sqrt,balanced_subsample,6,75,75,0.6341463414634146,0.6341463414634146,0.8023809523809524,41
21,300,log_loss,9,25,12,sqrt,balanced_subsample,6,76,76,0.6,0.7,0.6877470355731226,45
21,300,log_loss,9,25,12,sqrt,balanced_subsample,6,77,77,0.5333333333333333,0.5882352941176471,0.5178571428571428,45
21,300,log_loss,9,25,12,sqrt,balanced_subsample,6,78,78,0.5555555555555556,0.6296296296296297,0.6422924901185771,45
21,300,log_loss,9,25,12,sqrt,balanced_subsample,6,79,79,0.65,0.5333333333333333,0.675,40
21,300,log_loss,9,25,12,sqrt,balanced_subsample,6,80,80,0.4888888888888889,0.0,0.6620553359683795,45
21,300,log_loss,9,25,12,sqrt,balanced_subsample,6,81,81,0.5111111111111111,0.08333333333333333,0.816205533596838,45
21,300,log_loss,9,25,12,sqrt,balanced_subsample,6,82,82,0.5555555555555556,0.6774193548387096,0.6837944664031621,45
21,300,log_loss,9,25,12,sqrt,balanced_subsample,6,83,83,0.5526315789473685,0.19047619047619047,0.775623268698061,38
21,300,log_loss,9,25,12,sqrt,balanced_subsample,6,84,84,0.6818181818181818,0.6666666666666666,0.732919254658385,44
21,300,log_loss,9,25,12,sqrt,balanced_subsample,6,85,85,0.5681818181818182,0.6885245901639344,0.9047619047619048,44
21,300,log_loss,9,25,12,sqrt,balanced_subsample,6,86,86,0.6590909090909091,0.5714285714285714,0.8302277432712215,44
21,300,log_loss,9,25,12,sqrt,balanced_subsample,6,87,87,0.4666666666666667,0.6,0.5889328063241106,45
21,300,log_loss,9,25,12,sqrt,balanced_subsample,6,88,88,0.4727272727272727,0.12121212121212122,0.4907407407407408,55
21,300,log_loss,9,25,12,sqrt,balanced_subsample,6,89,89,0.6222222222222222,0.7017543859649122,0.7896825396825398,45
21,300,log_loss,9,25,12,sqrt,balanced_subsample,6,90,90,0.4666666666666667,0.4782608695652174,0.4762845849802372,45
21,300,log_loss,9,25,12,sqrt,balanced_subsample,6,91,91,0.5909090909090909,0.7096774193548387,0.7582644628099173,44
21,300,log_loss,9,25,12,sqrt,balanced_subsample,6,92,92,0.5892857142857143,0.43902439024390244,0.7102564102564103,56
21,300,log_loss,9,25,12,sqrt,balanced_subsample,6,93,93,0.8,0.7692307692307693,0.8656126482213439,45
21,300,log_loss,9,25,12,sqrt,balanced_subsample,6,94,94,0.8409090909090909,0.8679245283018868,0.9875776397515528,44
21,300,log_loss,9,25,12,sqrt,balanced_subsample,6,95,95,0.32142857142857145,0.4864864864864865,0.5729166666666667,28
21,300,log_loss,9,25,12,sqrt,balanced_subsample,6,96,96,0.5238095238095238,0.6774193548387096,0.46258503401360546,42
21,300,log_loss,9,25,12,sqrt,balanced_subsample,6,97,97,0.5,0.0,0.5743801652892562,44
21,300,log_loss,9,25,12,sqrt,balanced_subsample,6,98,98,0.5555555555555556,0.6774193548387096,0.6047430830039526,45
21,300,log_loss,9,25,12,sqrt,balanced_subsample,6,99,99,0.4883720930232558,0.3888888888888889,0.5173160173160174,43
21,300,log_loss,9,25,12,sqrt,balanced_subsample,6,100,100,0.5833333333333334,0.6341463414634146,0.5895061728395061,36
21,300,log_loss,9,25,12,sqrt,balanced_subsample,6,101,101,0.4888888888888889,0.0,0.5849802371541502,45
21,300,log_loss,9,25,12,sqrt,balanced_subsample,6,102,102,0.6666666666666666,0.5161290322580645,0.7529644268774703,45
21,300,log_loss,9,25,12,sqrt,balanced_subsample,6,103,103,0.6046511627906976,0.5641025641025641,0.7056277056277056,43
21,300,log_loss,9,25,12,sqrt,balanced_subsample,6,104,104,0.5116279069767442,0.5714285714285714,0.4978354978354978,43
21,300,log_loss,9,25,12,sqrt,balanced_subsample,6,105,105,0.5111111111111111,0.3125,0.5079051383399209,45
21,300,log_loss,9,25,12,sqrt,balanced_subsample,6,106,106,0.6666666666666666,0.6511627906976745,0.7083333333333334,45
21,300,log_loss,9,25,12,sqrt,balanced_subsample,6,107,107,0.5333333333333333,0.5531914893617021,0.5376984126984127,45
21,300,log_loss,9,25,12,sqrt,balanced_subsample,6,108,108,0.8222222222222222,0.7894736842105263,0.8794466403162055,45
22,350,log_loss,8,25,10,sqrt,balanced_subsample,6,1,1,0.6222222222222222,0.711864406779661,0.7984189723320159,45
22,350,log_loss,8,25,10,sqrt,balanced_subsample,6,2,2,0.7333333333333333,0.625,0.8952569169960474,45
22,350,log_loss,8,25,10,sqrt,balanced_subsample,6,3,3,0.4666666666666667,0.5714285714285714,0.5098814229249011,45
22,350,log_loss,8,25,10,sqrt,balanced_subsample,6,4,4,0.5777777777777777,0.6984126984126984,0.766798418972332,45
22,350,log_loss,8,25,10,sqrt,balanced_subsample,6,5,5,0.37777777777777777,0.44,0.34325396825396826,45
22,350,log_loss,8,25,10,sqrt,balanced_subsample,6,6,6,0.5777777777777777,0.24,0.5297619047619047,45
22,350,log_loss,8,25,10,sqrt,balanced_subsample,6,7,7,0.7333333333333333,0.7857142857142857,0.958498023715415,45
22,350,log_loss,8,25,10,sqrt,balanced_subsample,6,8,8,0.6222222222222222,0.5641025641025641,0.7094861660079052,45
22,350,log_loss,8,25,10,sqrt,balanced_subsample,6,9,9,0.5555555555555556,0.47368421052631576,0.5753968253968254,45
22,350,log_loss,8,25,10,sqrt,balanced_subsample,6,10,10,0.6222222222222222,0.6530612244897959,0.7400793650793651,45
22,350,log_loss,8,25,10,sqrt,balanced_subsample,6,11,11,0.4888888888888889,0.6349206349206349,0.5316205533596838,45
22,350,log_loss,8,25,10,sqrt,balanced_subsample,6,12,12,0.5777777777777777,0.5128205128205128,0.611111111111111,45
22,350,log_loss,8,25,10,sqrt,balanced_subsample,6,13,13,0.6857142857142857,0.6857142857142857,0.8006535947712419,35
22,350,log_loss,8,25,10,sqrt,balanced_subsample,6,14,14,0.6444444444444445,0.7333333333333333,0.6304347826086956,45
22,350,log_loss,8,25,10,sqrt,balanced_subsample,6,15,15,0.5777777777777777,0.6984126984126984,0.9110671936758893,45
22,350,log_loss,8,25,10,sqrt,balanced_subsample,6,16,16,0.7111111111111111,0.7111111111111111,0.6877470355731226,45
22,350,log_loss,8,25,10,sqrt,balanced_subsample,6,17,17,0.5476190476190477,0.09523809523809523,0.5431818181818182,42
22,350,log_loss,8,25,10,sqrt,balanced_subsample,6,18,18,0.4666666666666667,0.6,0.4841897233201581,45
22,350,log_loss,8,25,10,sqrt,balanced_subsample,6,19,19,0.6,0.7,0.7786561264822135,45
22,350,log_loss,8,25,10,sqrt,balanced_subsample,6,20,20,0.5333333333333333,0.16,0.48023715415019763,45
22,350,log_loss,8,25,10,sqrt,balanced_subsample,6,21,21,0.5333333333333333,0.6037735849056604,0.6924603174603174,45
22,350,log_loss,8,25,10,sqrt,balanced_subsample,6,22,22,0.6,0.71875,0.6640316205533596,45
22,350,log_loss,8,25,10,sqrt,balanced_subsample,6,23,23,0.6136363636363636,0.711864406779661,0.8140495867768596,44
22,350,log_loss,8,25,10,sqrt,balanced_subsample,6,24,24,0.5,0.3076923076923077,0.37662337662337664,18
22,350,log_loss,8,25,10,sqrt,balanced_subsample,6,25,25,0.6666666666666666,0.6511627906976745,0.6877470355731226,45
22,350,log_loss,8,25,10,sqrt,balanced_subsample,6,26,26,0.7777777777777778,0.7916666666666666,0.7678571428571428,45
22,350,log_loss,8,25,10,sqrt,balanced_subsample,6,27,27,0.5111111111111111,0.65625,0.5494071146245059,45
22,350,log_loss,8,25,10,sqrt,balanced_subsample,6,28,28,0.5555555555555556,0.5,0.4940711462450592,45
22,350,log_loss,8,25,10,sqrt,balanced_subsample,6,29,29,0.7555555555555555,0.8,0.9505928853754941,45
22,350,log_loss,8,25,10,sqrt,balanced_subsample,6,30,30,0.4888888888888889,0.14814814814814814,0.5337301587301588,45
22,350,log_loss,8,25,10,sqrt,balanced_subsample,6,31,31,0.8888888888888888,0.9019607843137255,0.9624505928853755,45
22,350,log_loss,8,25,10,sqrt,balanced_subsample,6,32,32,0.8181818181818182,0.84,0.8923395445134576,44
22,350,log_loss,8,25,10,sqrt,balanced_subsample,6,33,33,0.7111111111111111,0.6285714285714286,0.8794466403162056,45
22,350,log_loss,8,25,10,sqrt,balanced_subsample,6,34,34,0.8666666666666667,0.875,0.9424603174603174,45
22,350,log_loss,8,25,10,sqrt,balanced_subsample,6,35,35,0.5333333333333333,0.16,0.7944664031620554,45
22,350,log_loss,8,25,10,sqrt,balanced_subsample,6,36,36,0.4318181818181818,0.5283018867924528,0.4442148760330579,44
22,350,log_loss,8,25,10,sqrt,balanced_subsample,6,37,37,0.5111111111111111,0.0,0.5,45
22,350,log_loss,8,25,10,sqrt,balanced_subsample,6,38,38,0.5333333333333333,0.4878048780487805,0.5395256916996047,45
22,350,log_loss,8,25,10,sqrt,balanced_subsample,6,39,39,0.4090909090909091,0.4583333333333333,0.4016563146997929,44
22,350,log_loss,8,25,10,sqrt,balanced_subsample,6,40,40,0.5111111111111111,0.42105263157894735,0.45039682539682546,45
22,350,log_loss,8,25,10,sqrt,balanced_subsample,6,41,41,0.6888888888888889,0.631578947368421,0.7123015873015873,45
22,350,log_loss,8,25,10,sqrt,balanced_subsample,6,42,42,0.8666666666666667,0.85,0.9505928853754941,45
22,350,log_loss,8,25,10,sqrt,balanced_subsample,6,43,43,0.6888888888888889,0.5625,0.8201581027667985,45
22,350,log_loss,8,25,10,sqrt,balanced_subsample,6,44,44,0.7586206896551724,0.7407407407407407,0.7142857142857143,29
22,350,log_loss,8,25,10,sqrt,balanced_subsample,6,45,45,0.5777777777777777,0.24,0.7173913043478262,45
22,350,log_loss,8,25,10,sqrt,balanced_subsample,6,46,46,0.5555555555555556,0.5454545454545454,0.5632411067193676,45
22,350,log_loss,8,25,10,sqrt,balanced_subsample,6,47,47,0.5555555555555556,0.5652173913043478,0.6130952380952381,45
22,350,log_loss,8,25,10,sqrt,balanced_subsample,6,48,48,0.7647058823529411,0.7777777777777778,0.8,17
22,350,log_loss,8,25,10,sqrt,balanced_subsample,6,49,49,0.8444444444444444,0.8292682926829268,0.8932806324110671,45
22,350,log_loss,8,25,10,sqrt,balanced_subsample,6,50,50,0.5111111111111111,0.0,0.6679841897233201,45
22,350,log_loss,8,25,10,sqrt,balanced_subsample,6,51,51,0.5333333333333333,0.0,0.48611111111111116,45
22,350,log_loss,8,25,10,sqrt,balanced_subsample,6,52,52,0.7560975609756098,0.6666666666666666,0.84688995215311,41
22,350,log_loss,8,25,10,sqrt,balanced_subsample,6,53,53,0.5813953488372093,0.47058823529411764,0.6125541125541126,43
22,350,log_loss,8,25,10,sqrt,balanced_subsample,6,54,54,0.6410256410256411,0.6956521739130435,0.8315217391304348,39
22,350,log_loss,8,25,10,sqrt,balanced_subsample,6,55,55,0.6444444444444445,0.42857142857142855,0.9387351778656127,45
22,350,log_loss,8,25,10,sqrt,balanced_subsample,6,56,56,0.8409090909090909,0.8372093023255814,0.9483471074380165,44
22,350,log_loss,8,25,10,sqrt,balanced_subsample,6,57,57,0.6666666666666666,0.6341463414634146,0.7043650793650794,45
22,350,log_loss,8,25,10,sqrt,balanced_subsample,6,58,58,0.5333333333333333,0.5882352941176471,0.5952380952380952,45
22,350,log_loss,8,25,10,sqrt,balanced_subsample,6,59,59,0.4666666666666667,0.14285714285714285,0.45238095238095244,45
22,350,log_loss,8,25,10,sqrt,balanced_subsample,6,60,60,0.8181818181818182,0.8181818181818182,0.9297520661157025,44
22,350,log_loss,8,25,10,sqrt,balanced_subsample,6,61,61,0.7441860465116279,0.7027027027027027,0.867965367965368,43
22,350,log_loss,8,25,10,sqrt,balanced_subsample,6,62,62,0.8444444444444444,0.8292682926829268,0.9466403162055337,45
22,350,log_loss,8,25,10,sqrt,balanced_subsample,6,63,63,0.6046511627906976,0.41379310344827586,0.5692640692640693,43
22,350,log_loss,8,25,10,sqrt,balanced_subsample,6,64,64,0.6666666666666666,0.6808510638297872,0.7549407114624506,45
22,350,log_loss,8,25,10,sqrt,balanced_subsample,6,65,65,0.7111111111111111,0.6666666666666666,0.7718253968253967,45
22,350,log_loss,8,25,10,sqrt,balanced_subsample,6,66,66,0.4444444444444444,0.46808510638297873,0.5138339920948617,45
22,350,log_loss,8,25,10,sqrt,balanced_subsample,6,67,67,0.5333333333333333,0.27586206896551724,0.6324110671936758,45
22,350,log_loss,8,25,10,sqrt,balanced_subsample,6,68,68,0.5111111111111111,0.08333333333333333,0.6146245059288536,45
22,350,log_loss,8,25,10,sqrt,balanced_subsample,6,69,69,0.5555555555555556,0.5652173913043478,0.623015873015873,45
22,350,log_loss,8,25,10,sqrt,balanced_subsample,6,70,70,0.7555555555555555,0.7441860465116279,0.733201581027668,45
22,350,log_loss,8,25,10,sqrt,balanced_subsample,6,71,71,0.6,0.35714285714285715,0.9229249011857706,45
22,350,log_loss,8,25,10,sqrt,balanced_subsample,6,72,72,0.8222222222222222,0.8095238095238095,0.9150197628458497,45
22,350,log_loss,8,25,10,sqrt,balanced_subsample,6,73,73,0.6222222222222222,0.48484848484848486,0.7351778656126483,45
22,350,log_loss,8,25,10,sqrt,balanced_subsample,6,74,74,0.5333333333333333,0.27586206896551724,0.4781746031746032,45
22,350,log_loss,8,25,10,sqrt,balanced_subsample,6,75,75,0.6341463414634146,0.6341463414634146,0.8238095238095238,41
22,350,log_loss,8,25,10,sqrt,balanced_subsample,6,76,76,0.6,0.7,0.6719367588932808,45
22,350,log_loss,8,25,10,sqrt,balanced_subsample,6,77,77,0.5333333333333333,0.5882352941176471,0.5238095238095237,45
22,350,log_loss,8,25,10,sqrt,balanced_subsample,6,78,78,0.5111111111111111,0.5925925925925926,0.624505928853755,45
22,350,log_loss,8,25,10,sqrt,balanced_subsample,6,79,79,0.625,0.5161290322580645,0.65,40
22,350,log_loss,8,25,10,sqrt,balanced_subsample,6,80,80,0.4888888888888889,0.0,0.6462450592885376,45
22,350,log_loss,8,25,10,sqrt,balanced_subsample,6,81,81,0.5111111111111111,0.08333333333333333,0.7885375494071146,45
22,350,log_loss,8,25,10,sqrt,balanced_subsample,6,82,82,0.5555555555555556,0.6774193548387096,0.6877470355731226,45
22,350,log_loss,8,25,10,sqrt,balanced_subsample,6,83,83,0.5526315789473685,0.19047619047619047,0.778393351800554,38
22,350,log_loss,8,25,10,sqrt,balanced_subsample,6,84,84,0.6590909090909091,0.6511627906976745,0.7453416149068323,44
22,350,log_loss,8,25,10,sqrt,balanced_subsample,6,85,85,0.5681818181818182,0.6885245901639344,0.9006211180124224,44
22,350,log_loss,8,25,10,sqrt,balanced_subsample,6,86,86,0.6590909090909091,0.5714285714285714,0.8115942028985507,44
22,350,log_loss,8,25,10,sqrt,balanced_subsample,6,87,87,0.4888888888888889,0.6101694915254238,0.5632411067193676,45
22,350,log_loss,8,25,10,sqrt,balanced_subsample,6,88,88,0.4727272727272727,0.12121212121212122,0.49867724867724866,55
22,350,log_loss,8,25,10,sqrt,balanced_subsample,6,89,89,0.7111111111111111,0.7547169811320755,0.7936507936507936,45
22,350,log_loss,8,25,10,sqrt,balanced_subsample,6,90,90,0.4666666666666667,0.4782608695652174,0.46442687747035577,45
22,350,log_loss,8,25,10,sqrt,balanced_subsample,6,91,91,0.5681818181818182,0.6984126984126984,0.7396694214876034,44
22,350,log_loss,8,25,10,sqrt,balanced_subsample,6,92,92,0.6071428571428571,0.47619047619047616,0.7166666666666667,56
22,350,log_loss,8,25,10,sqrt,balanced_subsample,6,93,93,0.8,0.7692307692307693,0.8438735177865613,45
22,350,log_loss,8,25,10,sqrt,balanced_subsample,6,94,94,0.8409090909090909,0.8679245283018868,0.9917184265010353,44
22,350,log_loss,8,25,10,sqrt,balanced_subsample,6,95,95,0.35714285714285715,0.5263157894736842,0.5364583333333334,28
22,350,log_loss,8,25,10,sqrt,balanced_subsample,6,96,96,0.5238095238095238,0.6774193548387096,0.47392290249433106,42
22,350,log_loss,8,25,10,sqrt,balanced_subsample,6,97,97,0.5,0.0,0.5764462809917356,44
22,350,log_loss,8,25,10,sqrt,balanced_subsample,6,98,98,0.5777777777777777,0.6885245901639344,0.5909090909090908,45
22,350,log_loss,8,25,10,sqrt,balanced_subsample,6,99,99,0.5116279069767442,0.4,0.5303030303030303,43
22,350,log_loss,8,25,10,sqrt,balanced_subsample,6,100,100,0.5555555555555556,0.6190476190476191,0.5648148148148149,36
22,350,log_loss,8,25,10,sqrt,balanced_subsample,6,101,101,0.4888888888888889,0.0,0.5948616600790514,45
22,350,log_loss,8,25,10,sqrt,balanced_subsample,6,102,102,0.6888888888888889,0.5625,0.7707509881422925,45
22,350,log_loss,8,25,10,sqrt,balanced_subsample,6,103,103,0.5813953488372093,0.5263157894736842,0.7077922077922078,43
22,350,log_loss,8,25,10,sqrt,balanced_subsample,6,104,104,0.46511627906976744,0.46511627906976744,0.49999999999999994,43
22,350,log_loss,8,25,10,sqrt,balanced_subsample,6,105,105,0.5333333333333333,0.3225806451612903,0.5237154150197628,45
22,350,log_loss,8,25,10,sqrt,balanced_subsample,6,106,106,0.6444444444444445,0.6190476190476191,0.7162698412698413,45
22,350,log_loss,8,25,10,sqrt,balanced_subsample,6,107,107,0.5555555555555556,0.5652173913043478,0.5674603174603174,45
22,350,log_loss,8,25,10,sqrt,balanced_subsample,6,108,108,0.8,0.7692307692307693,0.8794466403162056,45
23,350,log_loss,8,30,10,sqrt,balanced_subsample,6,1,1,0.6222222222222222,0.711864406779661,0.800395256916996,45
23,350,log_loss,8,30,10,sqrt,balanced_subsample,6,2,2,0.7333333333333333,0.625,0.9031620553359684,45
23,350,log_loss,8,30,10,sqrt,balanced_subsample,6,3,3,0.4444444444444444,0.5614035087719298,0.5059288537549407,45
23,350,log_loss,8,30,10,sqrt,balanced_subsample,6,4,4,0.5777777777777777,0.6984126984126984,0.7628458498023716,45
23,350,log_loss,8,30,10,sqrt,balanced_subsample,6,5,5,0.37777777777777777,0.44,0.3313492063492064,45
23,350,log_loss,8,30,10,sqrt,balanced_subsample,6,6,6,0.5555555555555556,0.16666666666666666,0.5297619047619047,45
23,350,log_loss,8,30,10,sqrt,balanced_subsample,6,7,7,0.7333333333333333,0.7857142857142857,0.9545454545454546,45
23,350,log_loss,8,30,10,sqrt,balanced_subsample,6,8,8,0.6444444444444445,0.5789473684210527,0.7134387351778655,45
23,350,log_loss,8,30,10,sqrt,balanced_subsample,6,9,9,0.5555555555555556,0.47368421052631576,0.5515873015873015,45
23,350,log_loss,8,30,10,sqrt,balanced_subsample,6,10,10,0.6222222222222222,0.6382978723404256,0.746031746031746,45
23,350,log_loss,8,30,10,sqrt,balanced_subsample,6,11,11,0.5111111111111111,0.6666666666666666,0.5256916996047432,45
23,350,log_loss,8,30,10,sqrt,balanced_subsample,6,12,12,0.5555555555555556,0.5,0.6071428571428572,45
23,350,log_loss,8,30,10,sqrt,balanced_subsample,6,13,13,0.7428571428571429,0.7272727272727273,0.8137254901960784,35
23,350,log_loss,8,30,10,sqrt,balanced_subsample,6,14,14,0.6222222222222222,0.711864406779661,0.6521739130434783,45
23,350,log_loss,8,30,10,sqrt,balanced_subsample,6,15,15,0.5777777777777777,0.6984126984126984,0.9110671936758893,45
23,350,log_loss,8,30,10,sqrt,balanced_subsample,6,16,16,0.6666666666666666,0.6666666666666666,0.6818181818181818,45
23,350,log_loss,8,30,10,sqrt,balanced_subsample,6,17,17,0.5476190476190477,0.09523809523809523,0.5590909090909091,42
23,350,log_loss,8,30,10,sqrt,balanced_subsample,6,18,18,0.4666666666666667,0.6,0.4743083003952569,45
23,350,log_loss,8,30,10,sqrt,balanced_subsample,6,19,19,0.6,0.7,0.7885375494071146,45
23,350,log_loss,8,30,10,sqrt,balanced_subsample,6,20,20,0.5555555555555556,0.23076923076923078,0.4762845849802372,45
23,350,log_loss,8,30,10,sqrt,balanced_subsample,6,21,21,0.5555555555555556,0.6296296296296297,0.7003968253968255,45
23,350,log_loss,8,30,10,sqrt,balanced_subsample,6,22,22,0.5777777777777777,0.7076923076923077,0.6778656126482213,45
23,350,log_loss,8,30,10,sqrt,balanced_subsample,6,23,23,0.6818181818181818,0.75,0.8181818181818181,44
23,350,log_loss,8,30,10,sqrt,balanced_subsample,6,24,24,0.5,0.3076923076923077,0.35064935064935066,18
23,350,log_loss,8,30,10,sqrt,balanced_subsample,6,25,25,0.6222222222222222,0.6222222222222222,0.6837944664031621,45
23,350,log_loss,8,30,10,sqrt,balanced_subsample,6,26,26,0.7777777777777778,0.7916666666666666,0.7718253968253967,45
23,350,log_loss,8,30,10,sqrt,balanced_subsample,6,27,27,0.5111111111111111,0.65625,0.5474308300395258,45
23,350,log_loss,8,30,10,sqrt,balanced_subsample,6,28,28,0.5555555555555556,0.5,0.49999999999999994,45
23,350,log_loss,8,30,10,sqrt,balanced_subsample,6,29,29,0.7555555555555555,0.8,0.950592885375494,45
23,350,log_loss,8,30,10,sqrt,balanced_subsample,6,30,30,0.4888888888888889,0.14814814814814814,0.5456349206349207,45
23,350,log_loss,8,30,10,sqrt,balanced_subsample,6,31,31,0.8888888888888888,0.9019607843137255,0.9664031620553359,45
23,350,log_loss,8,30,10,sqrt,balanced_subsample,6,32,32,0.8181818181818182,0.84,0.8902691511387164,44
23,350,log_loss,8,30,10,sqrt,balanced_subsample,6,33,33,0.7111111111111111,0.6285714285714286,0.8695652173913044,45
23,350,log_loss,8,30,10,sqrt,balanced_subsample,6,34,34,0.8666666666666667,0.875,0.9523809523809523,45
23,350,log_loss,8,30,10,sqrt,balanced_subsample,6,35,35,0.5333333333333333,0.16,0.7845849802371542,45
23,350,log_loss,8,30,10,sqrt,balanced_subsample,6,36,36,0.4090909090909091,0.5,0.4483471074380165,44
23,350,log_loss,8,30,10,sqrt,balanced_subsample,6,37,37,0.5111111111111111,0.0,0.5039525691699605,45
23,350,log_loss,8,30,10,sqrt,balanced_subsample,6,38,38,0.5333333333333333,0.46153846153846156,0.5375494071146246,45
23,350,log_loss,8,30,10,sqrt,balanced_subsample,6,39,39,0.4772727272727273,0.5306122448979592,0.3913043478260869,44
23,350,log_loss,8,30,10,sqrt,balanced_subsample,6,40,40,0.4444444444444444,0.358974358974359,0.3869047619047619,45
23,350,log_loss,8,30,10,sqrt,balanced_subsample,6,41,41,0.6888888888888889,0.631578947368421,0.7182539682539683,45
23,350,log_loss,8,30,10,sqrt,balanced_subsample,6,42,42,0.8666666666666667,0.85,0.9545454545454546,45
23,350,log_loss,8,30,10,sqrt,balanced_subsample,6,43,43,0.7111111111111111,0.6060606060606061,0.8300395256916996,45
23,350,log_loss,8,30,10,sqrt,balanced_subsample,6,44,44,0.7586206896551724,0.7407407407407407,0.7428571428571429,29
23,350,log_loss,8,30,10,sqrt,balanced_subsample,6,45,45,0.5777777777777777,0.24,0.7134387351778656,45
23,350,log_loss,8,30,10,sqrt,balanced_subsample,6,46,46,0.5555555555555556,0.5454545454545454,0.5691699604743083,45
23,350,log_loss,8,30,10,sqrt,balanced_subsample,6,47,47,0.5555555555555556,0.5652173913043478,0.5833333333333334,45
23,350,log_loss,8,30,10,sqrt,balanced_subsample,6,48,48,0.7058823529411765,0.7058823529411765,0.8,17
23,350,log_loss,8,30,10,sqrt,balanced_subsample,6,49,49,0.8,0.7804878048780488,0.9071146245059288,45
23,350,log_loss,8,30,10,sqrt,balanced_subsample,6,50,50,0.5111111111111111,0.0,0.6403162055335968,45
23,350,log_loss,8,30,10,sqrt,balanced_subsample,6,51,51,0.5333333333333333,0.0,0.49603174603174605,45
23,350,log_loss,8,30,10,sqrt,balanced_subsample,6,52,52,0.7560975609756098,0.6428571428571429,0.8444976076555024,41
23,350,log_loss,8,30,10,sqrt,balanced_subsample,6,53,53,0.5581395348837209,0.42424242424242425,0.6233766233766234,43
23,350,log_loss,8,30,10,sqrt,balanced_subsample,6,54,54,0.6666666666666666,0.7111111111111111,0.8315217391304348,39
23,350,log_loss,8,30,10,sqrt,balanced_subsample,6,55,55,0.6888888888888889,0.5333333333333333,0.9426877470355732,45
23,350,log_loss,8,30,10,sqrt,balanced_subsample,6,56,56,0.8636363636363636,0.8636363636363636,0.9421487603305785,44
23,350,log_loss,8,30,10,sqrt,balanced_subsample,6,57,57,0.6444444444444445,0.6521739130434783,0.6964285714285714,45
23,350,log_loss,8,30,10,sqrt,balanced_subsample,6,58,58,0.5111111111111111,0.5769230769230769,0.5952380952380952,45
23,350,log_loss,8,30,10,sqrt,balanced_subsample,6,59,59,0.4444444444444444,0.07407407407407407,0.4384920634920635,45
23,350,log_loss,8,30,10,sqrt,balanced_subsample,6,60,60,0.8181818181818182,0.8181818181818182,0.9256198347107438,44
23,350,log_loss,8,30,10,sqrt,balanced_subsample,6,61,61,0.7906976744186046,0.7692307692307693,0.8766233766233766,43
23,350,log_loss,8,30,10,sqrt,balanced_subsample,6,62,62,0.8666666666666667,0.8571428571428571,0.9367588932806324,45
23,350,log_loss,8,30,10,sqrt,balanced_subsample,6,63,63,0.6046511627906976,0.41379310344827586,0.577922077922078,43
23,350,log_loss,8,30,10,sqrt,balanced_subsample,6,64,64,0.6888888888888889,0.6956521739130435,0.7648221343873518,45
23,350,log_loss,8,30,10,sqrt,balanced_subsample,6,65,65,0.6888888888888889,0.631578947368421,0.7777777777777777,45
23,350,log_loss,8,30,10,sqrt,balanced_subsample,6,66,66,0.4444444444444444,0.46808510638297873,0.5,45
23,350,log_loss,8,30,10,sqrt,balanced_subsample,6,67,67,0.5333333333333333,0.27586206896551724,0.6383399209486166,45
23,350,log_loss,8,30,10,sqrt,balanced_subsample,6,68,68,0.4888888888888889,0.0,0.6284584980237155,45
23,350,log_loss,8,30,10,sqrt,balanced_subsample,6,69,69,0.5333333333333333,0.5333333333333333,0.6111111111111112,45
23,350,log_loss,8,30,10,sqrt,balanced_subsample,6,70,70,0.7333333333333333,0.7272727272727273,0.7371541501976284,45
23,350,log_loss,8,30,10,sqrt,balanced_subsample,6,71,71,0.6222222222222222,0.41379310344827586,0.9347826086956521,45
23,350,log_loss,8,30,10,sqrt,balanced_subsample,6,72,72,0.8222222222222222,0.8095238095238095,0.9229249011857708,45
23,350,log_loss,8,30,10,sqrt,balanced_subsample,6,73,73,0.6,0.4,0.7509881422924901,45
23,350,log_loss,8,30,10,sqrt,balanced_subsample,6,74,74,0.5555555555555556,0.3333333333333333,0.4900793650793651,45
23,350,log_loss,8,30,10,sqrt,balanced_subsample,6,75,75,0.7073170731707317,0.6842105263157895,0.8238095238095238,41
23,350,log_loss,8,30,10,sqrt,balanced_subsample,6,76,76,0.6222222222222222,0.7213114754098361,0.6541501976284585,45
23,350,log_loss,8,30,10,sqrt,balanced_subsample,6,77,77,0.5111111111111111,0.5769230769230769,0.5178571428571429,45
23,350,log_loss,8,30,10,sqrt,balanced_subsample,6,78,78,0.5333333333333333,0.6181818181818182,0.6403162055335969,45
23,350,log_loss,8,30,10,sqrt,balanced_subsample,6,79,79,0.65,0.5333333333333333,0.6599999999999999,40
23,350,log_loss,8,30,10,sqrt,balanced_subsample,6,80,80,0.4888888888888889,0.0,0.6442687747035573,45
23,350,log_loss,8,30,10,sqrt,balanced_subsample,6,81,81,0.5111111111111111,0.08333333333333333,0.7766798418972332,45
23,350,log_loss,8,30,10,sqrt,balanced_subsample,6,82,82,0.5555555555555556,0.6774193548387096,0.6798418972332017,45
23,350,log_loss,8,30,10,sqrt,balanced_subsample,6,83,83,0.5789473684210527,0.2727272727272727,0.7562326869806093,38
23,350,log_loss,8,30,10,sqrt,balanced_subsample,6,84,84,0.6136363636363636,0.5853658536585366,0.7287784679089027,44
23,350,log_loss,8,30,10,sqrt,balanced_subsample,6,85,85,0.5454545454545454,0.6774193548387096,0.9068322981366459,44
23,350,log_loss,8,30,10,sqrt,balanced_subsample,6,86,86,0.6590909090909091,0.5945945945945946,0.8136645962732919,44
23,350,log_loss,8,30,10,sqrt,balanced_subsample,6,87,87,0.4888888888888889,0.6101694915254238,0.5652173913043479,45
23,350,log_loss,8,30,10,sqrt,balanced_subsample,6,88,88,0.4727272727272727,0.12121212121212122,0.4986772486772487,55
23,350,log_loss,8,30,10,sqrt,balanced_subsample,6,89,89,0.7555555555555555,0.7659574468085106,0.7956349206349206,45
23,350,log_loss,8,30,10,sqrt,balanced_subsample,6,90,90,0.4222222222222222,0.4583333333333333,0.46047430830039526,45
23,350,log_loss,8,30,10,sqrt,balanced_subsample,6,91,91,0.5681818181818182,0.6984126984126984,0.7582644628099173,44
23,350,log_loss,8,30,10,sqrt,balanced_subsample,6,92,92,0.6071428571428571,0.47619047619047616,0.7128205128205128,56
23,350,log_loss,8,30,10,sqrt,balanced_subsample,6,93,93,0.8,0.7692307692307693,0.8399209486166008,45
23,350,log_loss,8,30,10,sqrt,balanced_subsample,6,94,94,0.8181818181818182,0.8518518518518519,0.9979296066252588,44
23,350,log_loss,8,30,10,sqrt,balanced_subsample,6,95,95,0.32142857142857145,0.4864864864864865,0.5364583333333333,28
23,350,log_loss,8,30,10,sqrt,balanced_subsample,6,96,96,0.5238095238095238,0.6774193548387096,0.48072562358276644,42
23,350,log_loss,8,30,10,sqrt,balanced_subsample,6,97,97,0.5,0.0,0.5867768595041323,44
23,350,log_loss,8,30,10,sqrt,balanced_subsample,6,98,98,0.5777777777777777,0.6885245901639344,0.5830039525691699,45
23,350,log_loss,8,30,10,sqrt,balanced_subsample,6,99,99,0.4883720930232558,0.3888888888888889,0.5108225108225108,43
23,350,log_loss,8,30,10,sqrt,balanced_subsample,6,100,100,0.5833333333333334,0.6511627906976745,0.5709876543209876,36
23,350,log_loss,8,30,10,sqrt,balanced_subsample,6,101,101,0.4888888888888889,0.0,0.6126482213438735,45
23,350,log_loss,8,30,10,sqrt,balanced_subsample,6,102,102,0.6444444444444445,0.5,0.7885375494071146,45
23,350,log_loss,8,30,10,sqrt,balanced_subsample,6,103,103,0.6046511627906976,0.5405405405405406,0.7099567099567099,43
23,350,log_loss,8,30,10,sqrt,balanced_subsample,6,104,104,0.4418604651162791,0.45454545454545453,0.4956709956709957,43
23,350,log_loss,8,30,10,sqrt,balanced_subsample,6,105,105,0.5333333333333333,0.3225806451612903,0.5197628458498025,45
23,350,log_loss,8,30,10,sqrt,balanced_subsample,6,106,106,0.6444444444444445,0.6190476190476191,0.7242063492063492,45
23,350,log_loss,8,30,10,sqrt,balanced_subsample,6,107,107,0.5555555555555556,0.5652173913043478,0.5634920634920635,45
23,350,log_loss,8,30,10,sqrt,balanced_subsample,6,108,108,0.8,0.7692307692307693,0.883399209486166,45
24,350,log_loss,8,30,10,sqrt,balanced_subsample,6,1,1,0.6222222222222222,0.711864406779661,0.800395256916996,45
24,350,log_loss,8,30,10,sqrt,balanced_subsample,6,2,2,0.7333333333333333,0.625,0.9031620553359684,45
24,350,log_loss,8,30,10,sqrt,balanced_subsample,6,3,3,0.4444444444444444,0.5614035087719298,0.5059288537549407,45
24,350,log_loss,8,30,10,sqrt,balanced_subsample,6,4,4,0.5777777777777777,0.6984126984126984,0.7628458498023716,45
24,350,log_loss,8,30,10,sqrt,balanced_subsample,6,5,5,0.37777777777777777,0.44,0.3313492063492064,45
24,350,log_loss,8,30,10,sqrt,balanced_subsample,6,6,6,0.5555555555555556,0.16666666666666666,0.5297619047619047,45
24,350,log_loss,8,30,10,sqrt,balanced_subsample,6,7,7,0.7333333333333333,0.7857142857142857,0.9545454545454546,45
24,350,log_loss,8,30,10,sqrt,balanced_subsample,6,8,8,0.6444444444444445,0.5789473684210527,0.7134387351778655,45
24,350,log_loss,8,30,10,sqrt,balanced_subsample,6,9,9,0.5555555555555556,0.47368421052631576,0.5515873015873015,45
24,350,log_loss,8,30,10,sqrt,balanced_subsample,6,10,10,0.6222222222222222,0.6382978723404256,0.746031746031746,45
24,350,log_loss,8,30,10,sqrt,balanced_subsample,6,11,11,0.5111111111111111,0.6666666666666666,0.5256916996047432,45
24,350,log_loss,8,30,10,sqrt,balanced_subsample,6,12,12,0.5555555555555556,0.5,0.6071428571428572,45
24,350,log_loss,8,30,10,sqrt,balanced_subsample,6,13,13,0.7428571428571429,0.7272727272727273,0.8137254901960784,35
24,350,log_loss,8,30,10,sqrt,balanced_subsample,6,14,14,0.6222222222222222,0.711864406779661,0.6521739130434783,45
24,350,log_loss,8,30,10,sqrt,balanced_subsample,6,15,15,0.5777777777777777,0.6984126984126984,0.9110671936758893,45
24,350,log_loss,8,30,10,sqrt,balanced_subsample,6,16,16,0.6666666666666666,0.6666666666666666,0.6818181818181818,45
24,350,log_loss,8,30,10,sqrt,balanced_subsample,6,17,17,0.5476190476190477,0.09523809523809523,0.5590909090909091,42
24,350,log_loss,8,30,10,sqrt,balanced_subsample,6,18,18,0.4666666666666667,0.6,0.4743083003952569,45
24,350,log_loss,8,30,10,sqrt,balanced_subsample,6,19,19,0.6,0.7,0.7885375494071146,45
24,350,log_loss,8,30,10,sqrt,balanced_subsample,6,20,20,0.5555555555555556,0.23076923076923078,0.4762845849802372,45
24,350,log_loss,8,30,10,sqrt,balanced_subsample,6,21,21,0.5555555555555556,0.6296296296296297,0.7003968253968255,45
24,350,log_loss,8,30,10,sqrt,balanced_subsample,6,22,22,0.5777777777777777,0.7076923076923077,0.6778656126482213,45
24,350,log_loss,8,30,10,sqrt,balanced_subsample,6,23,23,0.6818181818181818,0.75,0.8181818181818181,44
24,350,log_loss,8,30,10,sqrt,balanced_subsample,6,24,24,0.5,0.3076923076923077,0.35064935064935066,18
24,350,log_loss,8,30,10,sqrt,balanced_subsample,6,25,25,0.6222222222222222,0.6222222222222222,0.6837944664031621,45
24,350,log_loss,8,30,10,sqrt,balanced_subsample,6,26,26,0.7777777777777778,0.7916666666666666,0.7718253968253967,45
24,350,log_loss,8,30,10,sqrt,balanced_subsample,6,27,27,0.5111111111111111,0.65625,0.5474308300395258,45
24,350,log_loss,8,30,10,sqrt,balanced_subsample,6,28,28,0.5555555555555556,0.5,0.49999999999999994,45
24,350,log_loss,8,30,10,sqrt,balanced_subsample,6,29,29,0.7555555555555555,0.8,0.950592885375494,45
24,350,log_loss,8,30,10,sqrt,balanced_subsample,6,30,30,0.4888888888888889,0.14814814814814814,0.5456349206349207,45
24,350,log_loss,8,30,10,sqrt,balanced_subsample,6,31,31,0.8888888888888888,0.9019607843137255,0.9664031620553359,45
24,350,log_loss,8,30,10,sqrt,balanced_subsample,6,32,32,0.8181818181818182,0.84,0.8902691511387164,44
24,350,log_loss,8,30,10,sqrt,balanced_subsample,6,33,33,0.7111111111111111,0.6285714285714286,0.8695652173913044,45
24,350,log_loss,8,30,10,sqrt,balanced_subsample,6,34,34,0.8666666666666667,0.875,0.9523809523809523,45
24,350,log_loss,8,30,10,sqrt,balanced_subsample,6,35,35,0.5333333333333333,0.16,0.7845849802371542,45
24,350,log_loss,8,30,10,sqrt,balanced_subsample,6,36,36,0.4090909090909091,0.5,0.4483471074380165,44
24,350,log_loss,8,30,10,sqrt,balanced_subsample,6,37,37,0.5111111111111111,0.0,0.5039525691699605,45
24,350,log_loss,8,30,10,sqrt,balanced_subsample,6,38,38,0.5333333333333333,0.46153846153846156,0.5375494071146246,45
24,350,log_loss,8,30,10,sqrt,balanced_subsample,6,39,39,0.4772727272727273,0.5306122448979592,0.3913043478260869,44
24,350,log_loss,8,30,10,sqrt,balanced_subsample,6,40,40,0.4444444444444444,0.358974358974359,0.3869047619047619,45
24,350,log_loss,8,30,10,sqrt,balanced_subsample,6,41,41,0.6888888888888889,0.631578947368421,0.7182539682539683,45
24,350,log_loss,8,30,10,sqrt,balanced_subsample,6,42,42,0.8666666666666667,0.85,0.9545454545454546,45
24,350,log_loss,8,30,10,sqrt,balanced_subsample,6,43,43,0.7111111111111111,0.6060606060606061,0.8300395256916996,45
24,350,log_loss,8,30,10,sqrt,balanced_subsample,6,44,44,0.7586206896551724,0.7407407407407407,0.7428571428571429,29
24,350,log_loss,8,30,10,sqrt,balanced_subsample,6,45,45,0.5777777777777777,0.24,0.7134387351778656,45
24,350,log_loss,8,30,10,sqrt,balanced_subsample,6,46,46,0.5555555555555556,0.5454545454545454,0.5691699604743083,45
24,350,log_loss,8,30,10,sqrt,balanced_subsample,6,47,47,0.5555555555555556,0.5652173913043478,0.5833333333333334,45
24,350,log_loss,8,30,10,sqrt,balanced_subsample,6,48,48,0.7058823529411765,0.7058823529411765,0.8,17
24,350,log_loss,8,30,10,sqrt,balanced_subsample,6,49,49,0.8,0.7804878048780488,0.9071146245059288,45
24,350,log_loss,8,30,10,sqrt,balanced_subsample,6,50,50,0.5111111111111111,0.0,0.6403162055335968,45
24,350,log_loss,8,30,10,sqrt,balanced_subsample,6,51,51,0.5333333333333333,0.0,0.49603174603174605,45
24,350,log_loss,8,30,10,sqrt,balanced_subsample,6,52,52,0.7560975609756098,0.6428571428571429,0.8444976076555024,41
24,350,log_loss,8,30,10,sqrt,balanced_subsample,6,53,53,0.5581395348837209,0.42424242424242425,0.6233766233766234,43
24,350,log_loss,8,30,10,sqrt,balanced_subsample,6,54,54,0.6666666666666666,0.7111111111111111,0.8315217391304348,39
24,350,log_loss,8,30,10,sqrt,balanced_subsample,6,55,55,0.6888888888888889,0.5333333333333333,0.9426877470355732,45
24,350,log_loss,8,30,10,sqrt,balanced_subsample,6,56,56,0.8636363636363636,0.8636363636363636,0.9421487603305785,44
24,350,log_loss,8,30,10,sqrt,balanced_subsample,6,57,57,0.6444444444444445,0.6521739130434783,0.6964285714285714,45
24,350,log_loss,8,30,10,sqrt,balanced_subsample,6,58,58,0.5111111111111111,0.5769230769230769,0.5952380952380952,45
24,350,log_loss,8,30,10,sqrt,balanced_subsample,6,59,59,0.4444444444444444,0.07407407407407407,0.4384920634920635,45
24,350,log_loss,8,30,10,sqrt,balanced_subsample,6,60,60,0.8181818181818182,0.8181818181818182,0.9256198347107438,44
24,350,log_loss,8,30,10,sqrt,balanced_subsample,6,61,61,0.7906976744186046,0.7692307692307693,0.8766233766233766,43
24,350,log_loss,8,30,10,sqrt,balanced_subsample,6,62,62,0.8666666666666667,0.8571428571428571,0.9367588932806324,45
24,350,log_loss,8,30,10,sqrt,balanced_subsample,6,63,63,0.6046511627906976,0.41379310344827586,0.577922077922078,43
24,350,log_loss,8,30,10,sqrt,balanced_subsample,6,64,64,0.6888888888888889,0.6956521739130435,0.7648221343873518,45
24,350,log_loss,8,30,10,sqrt,balanced_subsample,6,65,65,0.6888888888888889,0.631578947368421,0.7777777777777777,45
24,350,log_loss,8,30,10,sqrt,balanced_subsample,6,66,66,0.4444444444444444,0.46808510638297873,0.5,45
24,350,log_loss,8,30,10,sqrt,balanced_subsample,6,67,67,0.5333333333333333,0.27586206896551724,0.6383399209486166,45
24,350,log_loss,8,30,10,sqrt,balanced_subsample,6,68,68,0.4888888888888889,0.0,0.6284584980237155,45
24,350,log_loss,8,30,10,sqrt,balanced_subsample,6,69,69,0.5333333333333333,0.5333333333333333,0.6111111111111112,45
24,350,log_loss,8,30,10,sqrt,balanced_subsample,6,70,70,0.7333333333333333,0.7272727272727273,0.7371541501976284,45
24,350,log_loss,8,30,10,sqrt,balanced_subsample,6,71,71,0.6222222222222222,0.41379310344827586,0.9347826086956521,45
24,350,log_loss,8,30,10,sqrt,balanced_subsample,6,72,72,0.8222222222222222,0.8095238095238095,0.9229249011857708,45
24,350,log_loss,8,30,10,sqrt,balanced_subsample,6,73,73,0.6,0.4,0.7509881422924901,45
24,350,log_loss,8,30,10,sqrt,balanced_subsample,6,74,74,0.5555555555555556,0.3333333333333333,0.4900793650793651,45
24,350,log_loss,8,30,10,sqrt,balanced_subsample,6,75,75,0.7073170731707317,0.6842105263157895,0.8238095238095238,41
24,350,log_loss,8,30,10,sqrt,balanced_subsample,6,76,76,0.6222222222222222,0.7213114754098361,0.6541501976284585,45
24,350,log_loss,8,30,10,sqrt,balanced_subsample,6,77,77,0.5111111111111111,0.5769230769230769,0.5178571428571429,45
24,350,log_loss,8,30,10,sqrt,balanced_subsample,6,78,78,0.5333333333333333,0.6181818181818182,0.6403162055335969,45
24,350,log_loss,8,30,10,sqrt,balanced_subsample,6,79,79,0.65,0.5333333333333333,0.6599999999999999,40
24,350,log_loss,8,30,10,sqrt,balanced_subsample,6,80,80,0.4888888888888889,0.0,0.6442687747035573,45
24,350,log_loss,8,30,10,sqrt,balanced_subsample,6,81,81,0.5111111111111111,0.08333333333333333,0.7766798418972332,45
24,350,log_loss,8,30,10,sqrt,balanced_subsample,6,82,82,0.5555555555555556,0.6774193548387096,0.6798418972332017,45
24,350,log_loss,8,30,10,sqrt,balanced_subsample,6,83,83,0.5789473684210527,0.2727272727272727,0.7562326869806093,38
24,350,log_loss,8,30,10,sqrt,balanced_subsample,6,84,84,0.6136363636363636,0.5853658536585366,0.7287784679089027,44
24,350,log_loss,8,30,10,sqrt,balanced_subsample,6,85,85,0.5454545454545454,0.6774193548387096,0.9068322981366459,44
24,350,log_loss,8,30,10,sqrt,balanced_subsample,6,86,86,0.6590909090909091,0.5945945945945946,0.8136645962732919,44
24,350,log_loss,8,30,10,sqrt,balanced_subsample,6,87,87,0.4888888888888889,0.6101694915254238,0.5652173913043479,45
24,350,log_loss,8,30,10,sqrt,balanced_subsample,6,88,88,0.4727272727272727,0.12121212121212122,0.4986772486772487,55
24,350,log_loss,8,30,10,sqrt,balanced_subsample,6,89,89,0.7555555555555555,0.7659574468085106,0.7956349206349206,45
24,350,log_loss,8,30,10,sqrt,balanced_subsample,6,90,90,0.4222222222222222,0.4583333333333333,0.46047430830039526,45
24,350,log_loss,8,30,10,sqrt,balanced_subsample,6,91,91,0.5681818181818182,0.6984126984126984,0.7582644628099173,44
24,350,log_loss,8,30,10,sqrt,balanced_subsample,6,92,92,0.6071428571428571,0.47619047619047616,0.7128205128205128,56
24,350,log_loss,8,30,10,sqrt,balanced_subsample,6,93,93,0.8,0.7692307692307693,0.8399209486166008,45
24,350,log_loss,8,30,10,sqrt,balanced_subsample,6,94,94,0.8181818181818182,0.8518518518518519,0.9979296066252588,44
24,350,log_loss,8,30,10,sqrt,balanced_subsample,6,95,95,0.32142857142857145,0.4864864864864865,0.5364583333333333,28
24,350,log_loss,8,30,10,sqrt,balanced_subsample,6,96,96,0.5238095238095238,0.6774193548387096,0.48072562358276644,42
24,350,log_loss,8,30,10,sqrt,balanced_subsample,6,97,97,0.5,0.0,0.5867768595041323,44
24,350,log_loss,8,30,10,sqrt,balanced_subsample,6,98,98,0.5777777777777777,0.6885245901639344,0.5830039525691699,45
24,350,log_loss,8,30,10,sqrt,balanced_subsample,6,99,99,0.4883720930232558,0.3888888888888889,0.5108225108225108,43
24,350,log_loss,8,30,10,sqrt,balanced_subsample,6,100,100,0.5833333333333334,0.6511627906976745,0.5709876543209876,36
24,350,log_loss,8,30,10,sqrt,balanced_subsample,6,101,101,0.4888888888888889,0.0,0.6126482213438735,45
24,350,log_loss,8,30,10,sqrt,balanced_subsample,6,102,102,0.6444444444444445,0.5,0.7885375494071146,45
24,350,log_loss,8,30,10,sqrt,balanced_subsample,6,103,103,0.6046511627906976,0.5405405405405406,0.7099567099567099,43
24,350,log_loss,8,30,10,sqrt,balanced_subsample,6,104,104,0.4418604651162791,0.45454545454545453,0.4956709956709957,43
24,350,log_loss,8,30,10,sqrt,balanced_subsample,6,105,105,0.5333333333333333,0.3225806451612903,0.5197628458498025,45
24,350,log_loss,8,30,10,sqrt,balanced_subsample,6,106,106,0.6444444444444445,0.6190476190476191,0.7242063492063492,45
24,350,log_loss,8,30,10,sqrt,balanced_subsample,6,107,107,0.5555555555555556,0.5652173913043478,0.5634920634920635,45
24,350,log_loss,8,30,10,sqrt,balanced_subsample,6,108,108,0.8,0.7692307692307693,0.883399209486166,45
25,400,log_loss,10,30,10,sqrt,balanced_subsample,6,1,1,0.6444444444444445,0.7241379310344828,0.7944664031620554,45
25,400,log_loss,10,30,10,sqrt,balanced_subsample,6,2,2,0.6888888888888889,0.5333333333333333,0.9051383399209486,45
25,400,log_loss,10,30,10,sqrt,balanced_subsample,6,3,3,0.4666666666666667,0.5714285714285714,0.4920948616600791,45
25,400,log_loss,10,30,10,sqrt,balanced_subsample,6,4,4,0.7111111111111111,0.7636363636363637,0.7549407114624506,45
25,400,log_loss,10,30,10,sqrt,balanced_subsample,6,5,5,0.37777777777777777,0.46153846153846156,0.3293650793650794,45
25,400,log_loss,10,30,10,sqrt,balanced_subsample,6,6,6,0.5333333333333333,0.0,0.5198412698412699,45
25,400,log_loss,10,30,10,sqrt,balanced_subsample,6,7,7,0.6888888888888889,0.7586206896551724,0.958498023715415,45
25,400,log_loss,10,30,10,sqrt,balanced_subsample,6,8,8,0.6444444444444445,0.6,0.7134387351778656,45
25,400,log_loss,10,30,10,sqrt,balanced_subsample,6,9,9,0.5555555555555556,0.4444444444444444,0.6031746031746031,45
25,400,log_loss,10,30,10,sqrt,balanced_subsample,6,10,10,0.6222222222222222,0.6382978723404256,0.7123015873015873,45
25,400,log_loss,10,30,10,sqrt,balanced_subsample,6,11,11,0.4888888888888889,0.6349206349206349,0.5434782608695653,45
25,400,log_loss,10,30,10,sqrt,balanced_subsample,6,12,12,0.5555555555555556,0.5,0.6170634920634921,45
25,400,log_loss,10,30,10,sqrt,balanced_subsample,6,13,13,0.7428571428571429,0.7096774193548387,0.8071895424836601,35
25,400,log_loss,10,30,10,sqrt,balanced_subsample,6,14,14,0.6666666666666666,0.7272727272727273,0.6442687747035574,45
25,400,log_loss,10,30,10,sqrt,balanced_subsample,6,15,15,0.5555555555555556,0.6875,0.9110671936758893,45
25,400,log_loss,10,30,10,sqrt,balanced_subsample,6,16,16,0.7111111111111111,0.7346938775510204,0.6956521739130435,45
25,400,log_loss,10,30,10,sqrt,balanced_subsample,6,17,17,0.5476190476190477,0.09523809523809523,0.5409090909090909,42
25,400,log_loss,10,30,10,sqrt,balanced_subsample,6,18,18,0.4444444444444444,0.5901639344262295,0.4841897233201581,45
25,400,log_loss,10,30,10,sqrt,balanced_subsample,6,19,19,0.5777777777777777,0.6885245901639344,0.7885375494071146,45
25,400,log_loss,10,30,10,sqrt,balanced_subsample,6,20,20,0.5333333333333333,0.16,0.4762845849802372,45
25,400,log_loss,10,30,10,sqrt,balanced_subsample,6,21,21,0.5555555555555556,0.6296296296296297,0.7063492063492064,45
25,400,log_loss,10,30,10,sqrt,balanced_subsample,6,22,22,0.5555555555555556,0.6875,0.650197628458498,45
25,400,log_loss,10,30,10,sqrt,balanced_subsample,6,23,23,0.6818181818181818,0.75,0.8223140495867767,44
25,400,log_loss,10,30,10,sqrt,balanced_subsample,6,24,24,0.5,0.3076923076923077,0.35064935064935066,18
25,400,log_loss,10,30,10,sqrt,balanced_subsample,6,25,25,0.6666666666666666,0.6666666666666666,0.7055335968379446,45
25,400,log_loss,10,30,10,sqrt,balanced_subsample,6,26,26,0.7555555555555555,0.7755102040816326,0.7718253968253969,45
25,400,log_loss,10,30,10,sqrt,balanced_subsample,6,27,27,0.4888888888888889,0.6349206349206349,0.5573122529644269,45
25,400,log_loss,10,30,10,sqrt,balanced_subsample,6,28,28,0.5555555555555556,0.5,0.5197628458498024,45
25,400,log_loss,10,30,10,sqrt,balanced_subsample,6,29,29,0.7777777777777778,0.8148148148148148,0.9802371541501976,45
25,400,log_loss,10,30,10,sqrt,balanced_subsample,6,30,30,0.4888888888888889,0.14814814814814814,0.5535714285714286,45
25,400,log_loss,10,30,10,sqrt,balanced_subsample,6,31,31,0.8444444444444444,0.8571428571428571,0.9624505928853755,45
25,400,log_loss,10,30,10,sqrt,balanced_subsample,6,32,32,0.7954545454545454,0.8235294117647058,0.8716356107660456,44
25,400,log_loss,10,30,10,sqrt,balanced_subsample,6,33,33,0.7111111111111111,0.6285714285714286,0.8735177865612649,45
25,400,log_loss,10,30,10,sqrt,balanced_subsample,6,34,34,0.8888888888888888,0.9056603773584906,0.9722222222222222,45
25,400,log_loss,10,30,10,sqrt,balanced_subsample,6,35,35,0.5777777777777777,0.2962962962962963,0.808300395256917,45
25,400,log_loss,10,30,10,sqrt,balanced_subsample,6,36,36,0.4318181818181818,0.5098039215686274,0.44628099173553715,44
25,400,log_loss,10,30,10,sqrt,balanced_subsample,6,37,37,0.5111111111111111,0.0,0.3952569169960475,45
25,400,log_loss,10,30,10,sqrt,balanced_subsample,6,38,38,0.5555555555555556,0.47368421052631576,0.5395256916996047,45
25,400,log_loss,10,30,10,sqrt,balanced_subsample,6,39,39,0.4772727272727273,0.5490196078431373,0.3913043478260869,44
25,400,log_loss,10,30,10,sqrt,balanced_subsample,6,40,40,0.4444444444444444,0.32432432432432434,0.4503968253968254,45
25,400,log_loss,10,30,10,sqrt,balanced_subsample,6,41,41,0.6666666666666666,0.6341463414634146,0.7202380952380952,45
25,400,log_loss,10,30,10,sqrt,balanced_subsample,6,42,42,0.8444444444444444,0.8292682926829268,0.9644268774703557,45
25,400,log_loss,10,30,10,sqrt,balanced_subsample,6,43,43,0.6222222222222222,0.48484848484848486,0.8300395256916997,45
25,400,log_loss,10,30,10,sqrt,balanced_subsample,6,44,44,0.7586206896551724,0.7407407407407407,0.7238095238095238,29
25,400,log_loss,10,30,10,sqrt,balanced_subsample,6,45,45,0.5777777777777777,0.24,0.7312252964426879,45
25,400,log_loss,10,30,10,sqrt,balanced_subsample,6,46,46,0.5555555555555556,0.5454545454545454,0.5612648221343874,45
25,400,log_loss,10,30,10,sqrt,balanced_subsample,6,47,47,0.5777777777777777,0.5957446808510638,0.6051587301587301,45
25,400,log_loss,10,30,10,sqrt,balanced_subsample,6,48,48,0.7058823529411765,0.6666666666666666,0.8142857142857144,17
25,400,log_loss,10,30,10,sqrt,balanced_subsample,6,49,49,0.8,0.7692307692307693,0.8992094861660079,45
25,400,log_loss,10,30,10,sqrt,balanced_subsample,6,50,50,0.5111111111111111,0.0,0.6857707509881422,45
25,400,log_loss,10,30,10,sqrt,balanced_subsample,6,51,51,0.5333333333333333,0.0,0.5218253968253969,45
25,400,log_loss,10,30,10,sqrt,balanced_subsample,6,52,52,0.7804878048780488,0.7096774193548387,0.8421052631578947,41
25,400,log_loss,10,30,10,sqrt,balanced_subsample,6,53,53,0.5813953488372093,0.4375,0.5887445887445887,43
25,400,log_loss,10,30,10,sqrt,balanced_subsample,6,54,54,0.6410256410256411,0.6956521739130435,0.8396739130434783,39
25,400,log_loss,10,30,10,sqrt,balanced_subsample,6,55,55,0.6888888888888889,0.5333333333333333,0.9624505928853755,45
25,400,log_loss,10,30,10,sqrt,balanced_subsample,6,56,56,0.8636363636363636,0.8636363636363636,0.9442148760330579,44
25,400,log_loss,10,30,10,sqrt,balanced_subsample,6,57,57,0.6888888888888889,0.6666666666666666,0.7043650793650794,45
25,400,log_loss,10,30,10,sqrt,balanced_subsample,6,58,58,0.4888888888888889,0.5306122448979592,0.5833333333333333,45
25,400,log_loss,10,30,10,sqrt,balanced_subsample,6,59,59,0.4666666666666667,0.14285714285714285,0.44047619047619047,45
25,400,log_loss,10,30,10,sqrt,balanced_subsample,6,60,60,0.7954545454545454,0.8,0.921487603305785,44
25,400,log_loss,10,30,10,sqrt,balanced_subsample,6,61,61,0.7906976744186046,0.7692307692307693,0.8766233766233766,43
25,400,log_loss,10,30,10,sqrt,balanced_subsample,6,62,62,0.8444444444444444,0.8292682926829268,0.9486166007905139,45
25,400,log_loss,10,30,10,sqrt,balanced_subsample,6,63,63,0.5813953488372093,0.35714285714285715,0.5735930735930735,43
25,400,log_loss,10,30,10,sqrt,balanced_subsample,6,64,64,0.6888888888888889,0.72,0.7549407114624507,45
25,400,log_loss,10,30,10,sqrt,balanced_subsample,6,65,65,0.7111111111111111,0.6666666666666666,0.7718253968253969,45
25,400,log_loss,10,30,10,sqrt,balanced_subsample,6,66,66,0.4222222222222222,0.4583333333333333,0.4940711462450593,45
25,400,log_loss,10,30,10,sqrt,balanced_subsample,6,67,67,0.5111111111111111,0.26666666666666666,0.6106719367588933,45
25,400,log_loss,10,30,10,sqrt,balanced_subsample,6,68,68,0.4888888888888889,0.0,0.5968379446640316,45
25,400,log_loss,10,30,10,sqrt,balanced_subsample,6,69,69,0.5333333333333333,0.46153846153846156,0.6170634920634921,45
25,400,log_loss,10,30,10,sqrt,balanced_subsample,6,70,70,0.7333333333333333,0.7142857142857143,0.7351778656126482,45
25,400,log_loss,10,30,10,sqrt,balanced_subsample,6,71,71,0.6222222222222222,0.41379310344827586,0.9209486166007905,45
25,400,log_loss,10,30,10,sqrt,balanced_subsample,6,72,72,0.8666666666666667,0.8695652173913043,0.9387351778656127,45
25,400,log_loss,10,30,10,sqrt,balanced_subsample,6,73,73,0.7111111111111111,0.6666666666666666,0.7470355731225297,45
25,400,log_loss,10,30,10,sqrt,balanced_subsample,6,74,74,0.5555555555555556,0.375,0.5,45
25,400,log_loss,10,30,10,sqrt,balanced_subsample,6,75,75,0.7073170731707317,0.7,0.8428571428571429,41
25,400,log_loss,10,30,10,sqrt,balanced_subsample,6,76,76,0.6222222222222222,0.711864406779661,0.6719367588932806,45
25,400,log_loss,10,30,10,sqrt,balanced_subsample,6,77,77,0.5333333333333333,0.5882352941176471,0.5158730158730159,45
25,400,log_loss,10,30,10,sqrt,balanced_subsample,6,78,78,0.5333333333333333,0.6037735849056604,0.6304347826086957,45
25,400,log_loss,10,30,10,sqrt,balanced_subsample,6,79,79,0.65,0.5333333333333333,0.6575,40
25,400,log_loss,10,30,10,sqrt,balanced_subsample,6,80,80,0.4888888888888889,0.0,0.6422924901185771,45
25,400,log_loss,10,30,10,sqrt,balanced_subsample,6,81,81,0.5111111111111111,0.08333333333333333,0.7984189723320159,45
25,400,log_loss,10,30,10,sqrt,balanced_subsample,6,82,82,0.5555555555555556,0.6774193548387096,0.6778656126482213,45
25,400,log_loss,10,30,10,sqrt,balanced_subsample,6,83,83,0.5526315789473685,0.19047619047619047,0.7562326869806094,38
25,400,log_loss,10,30,10,sqrt,balanced_subsample,6,84,84,0.6818181818181818,0.6666666666666666,0.7453416149068323,44
25,400,log_loss,10,30,10,sqrt,balanced_subsample,6,85,85,0.5681818181818182,0.6885245901639344,0.9006211180124224,44
25,400,log_loss,10,30,10,sqrt,balanced_subsample,6,86,86,0.6363636363636364,0.5294117647058824,0.8157349896480331,44
25,400,log_loss,10,30,10,sqrt,balanced_subsample,6,87,87,0.5111111111111111,0.6206896551724138,0.5830039525691699,45
25,400,log_loss,10,30,10,sqrt,balanced_subsample,6,88,88,0.4727272727272727,0.12121212121212122,0.511904761904762,55
25,400,log_loss,10,30,10,sqrt,balanced_subsample,6,89,89,0.6444444444444445,0.7142857142857143,0.736111111111111,45
25,400,log_loss,10,30,10,sqrt,balanced_subsample,6,90,90,0.5333333333333333,0.5333333333333333,0.47826086956521746,45
25,400,log_loss,10,30,10,sqrt,balanced_subsample,6,91,91,0.6136363636363636,0.7213114754098361,0.7665289256198347,44
25,400,log_loss,10,30,10,sqrt,balanced_subsample,6,92,92,0.5892857142857143,0.43902439024390244,0.7076923076923077,56
25,400,log_loss,10,30,10,sqrt,balanced_subsample,6,93,93,0.8,0.7692307692307693,0.8399209486166008,45
25,400,log_loss,10,30,10,sqrt,balanced_subsample,6,94,94,0.8409090909090909,0.8679245283018868,0.9958592132505176,44
25,400,log_loss,10,30,10,sqrt,balanced_subsample,6,95,95,0.32142857142857145,0.4864864864864865,0.5104166666666667,28
25,400,log_loss,10,30,10,sqrt,balanced_subsample,6,96,96,0.5238095238095238,0.6774193548387096,0.4580498866213151,42
25,400,log_loss,10,30,10,sqrt,balanced_subsample,6,97,97,0.5,0.0,0.5599173553719008,44
25,400,log_loss,10,30,10,sqrt,balanced_subsample,6,98,98,0.5555555555555556,0.6666666666666666,0.5928853754940712,45
25,400,log_loss,10,30,10,sqrt,balanced_subsample,6,99,99,0.5116279069767442,0.4,0.5108225108225108,43
25,400,log_loss,10,30,10,sqrt,balanced_subsample,6,100,100,0.5,0.5714285714285714,0.5740740740740741,36
25,400,log_loss,10,30,10,sqrt,balanced_subsample,6,101,101,0.4888888888888889,0.0,0.6106719367588933,45
25,400,log_loss,10,30,10,sqrt,balanced_subsample,6,102,102,0.6888888888888889,0.5882352941176471,0.8003952569169961,45
25,400,log_loss,10,30,10,sqrt,balanced_subsample,6,103,103,0.6046511627906976,0.5641025641025641,0.7077922077922078,43
25,400,log_loss,10,30,10,sqrt,balanced_subsample,6,104,104,0.5348837209302325,0.6,0.5043290043290043,43
25,400,log_loss,10,30,10,sqrt,balanced_subsample,6,105,105,0.5111111111111111,0.3125,0.49604743083003955,45
25,400,log_loss,10,30,10,sqrt,balanced_subsample,6,106,106,0.6666666666666666,0.6341463414634146,0.7023809523809523,45
25,400,log_loss,10,30,10,sqrt,balanced_subsample,6,107,107,0.5333333333333333,0.5531914893617021,0.5496031746031746,45
25,400,log_loss,10,30,10,sqrt,balanced_subsample,6,108,108,0.8,0.7692307692307693,0.875494071146245,45
26,400,log_loss,10,30,8,,balanced,6,1,1,0.6222222222222222,0.6909090909090909,0.7648221343873518,45
26,400,log_loss,10,30,8,,balanced,6,2,2,0.6666666666666666,0.4827586206896552,0.9031620553359685,45
26,400,log_loss,10,30,8,,balanced,6,3,3,0.5111111111111111,0.5,0.4762845849802372,45
26,400,log_loss,10,30,8,,balanced,6,4,4,0.6,0.7,0.7391304347826086,45
26,400,log_loss,10,30,8,,balanced,6,5,5,0.4,0.49056603773584906,0.3392857142857143,45
26,400,log_loss,10,30,8,,balanced,6,6,6,0.5333333333333333,0.0,0.4603174603174603,45
26,400,log_loss,10,30,8,,balanced,6,7,7,0.6444444444444445,0.7333333333333333,0.9505928853754941,45
26,400,log_loss,10,30,8,,balanced,6,8,8,0.6222222222222222,0.6222222222222222,0.7035573122529645,45
26,400,log_loss,10,30,8,,balanced,6,9,9,0.5777777777777777,0.3870967741935484,0.6011904761904762,45
26,400,log_loss,10,30,8,,balanced,6,10,10,0.6444444444444445,0.6666666666666666,0.6984126984126984,45
26,400,log_loss,10,30,8,,balanced,6,11,11,0.6,0.5714285714285714,0.6007905138339921,45
26,400,log_loss,10,30,8,,balanced,6,12,12,0.4888888888888889,0.20689655172413793,0.6765873015873016,45
26,400,log_loss,10,30,8,,balanced,6,13,13,0.8,0.7586206896551724,0.8758169934640523,35
26,400,log_loss,10,30,8,,balanced,6,14,14,0.6222222222222222,0.6382978723404256,0.7035573122529644,45
26,400,log_loss,10,30,8,,balanced,6,15,15,0.5777777777777777,0.6984126984126984,0.9110671936758893,45
26,400,log_loss,10,30,8,,balanced,6,16,16,0.6444444444444445,0.6923076923076923,0.6798418972332015,45
26,400,log_loss,10,30,8,,balanced,6,17,17,0.5238095238095238,0.0,0.5204545454545455,42
26,400,log_loss,10,30,8,,balanced,6,18,18,0.4444444444444444,0.5901639344262295,0.4367588932806324,45
26,400,log_loss,10,30,8,,balanced,6,19,19,0.6,0.7,0.7707509881422925,45
26,400,log_loss,10,30,8,,balanced,6,20,20,0.5111111111111111,0.0,0.4782608695652174,45
26,400,log_loss,10,30,8,,balanced,6,21,21,0.5555555555555556,0.6296296296296297,0.7103174603174603,45
26,400,log_loss,10,30,8,,balanced,6,22,22,0.6222222222222222,0.7213114754098361,0.6561264822134387,45
26,400,log_loss,10,30,8,,balanced,6,23,23,0.6818181818181818,0.7307692307692307,0.7954545454545454,44
26,400,log_loss,10,30,8,,balanced,6,24,24,0.5,0.3076923076923077,0.35064935064935066,18
26,400,log_loss,10,30,8,,balanced,6,25,25,0.6444444444444445,0.6,0.6956521739130436,45
26,400,log_loss,10,30,8,,balanced,6,26,26,0.7777777777777778,0.8076923076923077,0.7896825396825398,45
26,400,log_loss,10,30,8,,balanced,6,27,27,0.4888888888888889,0.6349206349206349,0.5691699604743083,45
26,400,log_loss,10,30,8,,balanced,6,28,28,0.5333333333333333,0.4878048780487805,0.49407114624505927,45
26,400,log_loss,10,30,8,,balanced,6,29,29,0.7777777777777778,0.8148148148148148,0.9822134387351779,45
26,400,log_loss,10,30,8,,balanced,6,30,30,0.5333333333333333,0.16,0.5873015873015873,45
26,400,log_loss,10,30,8,,balanced,6,31,31,0.8444444444444444,0.8571428571428571,0.9664031620553359,45
26,400,log_loss,10,30,8,,balanced,6,32,32,0.8181818181818182,0.8461538461538461,0.8902691511387164,44
26,400,log_loss,10,30,8,,balanced,6,33,33,0.7333333333333333,0.6666666666666666,0.857707509881423,45
26,400,log_loss,10,30,8,,balanced,6,34,34,0.8888888888888888,0.9019607843137255,0.9702380952380952,45
26,400,log_loss,10,30,8,,balanced,6,35,35,0.6,0.35714285714285715,0.8260869565217391,45
26,400,log_loss,10,30,8,,balanced,6,36,36,0.38636363636363635,0.425531914893617,0.4318181818181818,44
26,400,log_loss,10,30,8,,balanced,6,37,37,0.5111111111111111,0.0,0.5197628458498024,45
26,400,log_loss,10,30,8,,balanced,6,38,38,0.6,0.5,0.5118577075098815,45
26,400,log_loss,10,30,8,,balanced,6,39,39,0.4090909090909091,0.4090909090909091,0.38095238095238093,44
26,400,log_loss,10,30,8,,balanced,6,40,40,0.4222222222222222,0.1875,0.3829365079365079,45
26,400,log_loss,10,30,8,,balanced,6,41,41,0.6,0.3076923076923077,0.7083333333333333,45
26,400,log_loss,10,30,8,,balanced,6,42,42,0.8888888888888888,0.8780487804878049,0.958498023715415,45
26,400,log_loss,10,30,8,,balanced,6,43,43,0.6,0.4375,0.7529644268774703,45
26,400,log_loss,10,30,8,,balanced,6,44,44,0.6896551724137931,0.64,0.7095238095238094,29
26,400,log_loss,10,30,8,,balanced,6,45,45,0.5777777777777777,0.2962962962962963,0.6225296442687748,45
26,400,log_loss,10,30,8,,balanced,6,46,46,0.4666666666666667,0.3684210526315789,0.5138339920948617,45
26,400,log_loss,10,30,8,,balanced,6,47,47,0.5333333333333333,0.6037735849056604,0.5833333333333333,45
26,400,log_loss,10,30,8,,balanced,6,48,48,0.8823529411764706,0.8888888888888888,0.8428571428571429,17
26,400,log_loss,10,30,8,,balanced,6,49,49,0.7777777777777778,0.75,0.8814229249011858,45
26,400,log_loss,10,30,8,,balanced,6,50,50,0.5333333333333333,0.08695652173913043,0.650197628458498,45
26,400,log_loss,10,30,8,,balanced,6,51,51,0.5555555555555556,0.09090909090909091,0.4384920634920635,45
26,400,log_loss,10,30,8,,balanced,6,52,52,0.7317073170731707,0.6206896551724138,0.8516746411483254,41
26,400,log_loss,10,30,8,,balanced,6,53,53,0.5581395348837209,0.42424242424242425,0.577922077922078,43
26,400,log_loss,10,30,8,,balanced,6,54,54,0.717948717948718,0.7317073170731707,0.8288043478260869,39
26,400,log_loss,10,30,8,,balanced,6,55,55,0.8666666666666667,0.8421052631578947,0.9644268774703558,45
26,400,log_loss,10,30,8,,balanced,6,56,56,0.7954545454545454,0.7692307692307693,0.9152892561983471,44
26,400,log_loss,10,30,8,,balanced,6,57,57,0.6222222222222222,0.5853658536585366,0.7003968253968254,45
26,400,log_loss,10,30,8,,balanced,6,58,58,0.6,0.47058823529411764,0.5337301587301587,45
26,400,log_loss,10,30,8,,balanced,6,59,59,0.4888888888888889,0.08,0.3888888888888889,45
26,400,log_loss,10,30,8,,balanced,6,60,60,0.8409090909090909,0.8372093023255814,0.9214876033057852,44
26,400,log_loss,10,30,8,,balanced,6,61,61,0.7209302325581395,0.6842105263157895,0.8484848484848485,43
26,400,log_loss,10,30,8,,balanced,6,62,62,0.8444444444444444,0.8292682926829268,0.958498023715415,45
26,400,log_loss,10,30,8,,balanced,6,63,63,0.5348837209302325,0.2857142857142857,0.525974025974026,43
26,400,log_loss,10,30,8,,balanced,6,64,64,0.7111111111111111,0.7547169811320755,0.7154150197628458,45
26,400,log_loss,10,30,8,,balanced,6,65,65,0.7111111111111111,0.6060606060606061,0.7242063492063492,45
26,400,log_loss,10,30,8,,balanced,6,66,66,0.4,0.47058823529411764,0.4624505928853755,45
26,400,log_loss,10,30,8,,balanced,6,67,67,0.5333333333333333,0.27586206896551724,0.598814229249012,45
26,400,log_loss,10,30,8,,balanced,6,68,68,0.4888888888888889,0.0,0.5731225296442688,45
26,400,log_loss,10,30,8,,balanced,6,69,69,0.5111111111111111,0.45,0.6031746031746033,45
26,400,log_loss,10,30,8,,balanced,6,70,70,0.6888888888888889,0.65,0.717391304347826,45
26,400,log_loss,10,30,8,,balanced,6,71,71,0.5777777777777777,0.2962962962962963,0.883399209486166,45
26,400,log_loss,10,30,8,,balanced,6,72,72,0.8222222222222222,0.8181818181818182,0.9367588932806323,45
26,400,log_loss,10,30,8,,balanced,6,73,73,0.6444444444444445,0.5294117647058824,0.7470355731225297,45
26,400,log_loss,10,30,8,,balanced,6,74,74,0.5333333333333333,0.27586206896551724,0.5376984126984127,45
26,400,log_loss,10,30,8,,balanced,6,75,75,0.8048780487804879,0.8,0.8571428571428571,41
26,400,log_loss,10,30,8,,balanced,6,76,76,0.6,0.7,0.6719367588932806,45
26,400,log_loss,10,30,8,,balanced,6,77,77,0.5333333333333333,0.5882352941176471,0.5079365079365079,45
26,400,log_loss,10,30,8,,balanced,6,78,78,0.5555555555555556,0.6,0.6324110671936759,45
26,400,log_loss,10,30,8,,balanced,6,79,79,0.625,0.4827586206896552,0.6375,40
26,400,log_loss,10,30,8,,balanced,6,80,80,0.4888888888888889,0.0,0.6106719367588933,45
26,400,log_loss,10,30,8,,balanced,6,81,81,0.4888888888888889,0.0,0.7707509881422925,45
26,400,log_loss,10,30,8,,balanced,6,82,82,0.5555555555555556,0.6774193548387096,0.7134387351778656,45
26,400,log_loss,10,30,8,,balanced,6,83,83,0.5789473684210527,0.2727272727272727,0.7728531855955679,38
26,400,log_loss,10,30,8,,balanced,6,84,84,0.6818181818181818,0.6818181818181818,0.7349896480331263,44
26,400,log_loss,10,30,8,,balanced,6,85,85,0.5909090909090909,0.7,0.8902691511387163,44
26,400,log_loss,10,30,8,,balanced,6,86,86,0.7272727272727273,0.6666666666666666,0.7763975155279502,44
26,400,log_loss,10,30,8,,balanced,6,87,87,0.5555555555555556,0.6153846153846154,0.5770750988142292,45
26,400,log_loss,10,30,8,,balanced,6,88,88,0.45454545454545453,0.11764705882352941,0.4246031746031746,55
26,400,log_loss,10,30,8,,balanced,6,89,89,0.6444444444444445,0.68,0.753968253968254,45
26,400,log_loss,10,30,8,,balanced,6,90,90,0.4666666666666667,0.45454545454545453,0.43873517786561267,45
26,400,log_loss,10,30,8,,balanced,6,91,91,0.5909090909090909,0.6785714285714286,0.7479338842975207,44
26,400,log_loss,10,30,8,,balanced,6,92,92,0.625,0.5116279069767442,0.6897435897435898,56
26,400,log_loss,10,30,8,,balanced,6,93,93,0.8222222222222222,0.8,0.8735177865612649,45
26,400,log_loss,10,30,8,,balanced,6,94,94,0.8181818181818182,0.8518518518518519,0.9813664596273293,44
26,400,log_loss,10,30,8,,balanced,6,95,95,0.32142857142857145,0.4864864864864865,0.4739583333333333,28
26,400,log_loss,10,30,8,,balanced,6,96,96,0.5,0.6557377049180327,0.5079365079365079,42
26,400,log_loss,10,30,8,,balanced,6,97,97,0.5,0.0,0.5289256198347108,44
26,400,log_loss,10,30,8,,balanced,6,98,98,0.5777777777777777,0.6545454545454545,0.5790513833992095,45
26,400,log_loss,10,30,8,,balanced,6,99,99,0.5116279069767442,0.4,0.5346320346320346,43
26,400,log_loss,10,30,8,,balanced,6,100,100,0.5555555555555556,0.6,0.5802469135802469,36
26,400,log_loss,10,30,8,,balanced,6,101,101,0.4888888888888889,0.0,0.5889328063241107,45
26,400,log_loss,10,30,8,,balanced,6,102,102,0.5777777777777777,0.3448275862068966,0.7865612648221344,45
26,400,log_loss,10,30,8,,balanced,6,103,103,0.627906976744186,0.6,0.7207792207792207,43
26,400,log_loss,10,30,8,,balanced,6,104,104,0.4883720930232558,0.56,0.48917748917748916,43
26,400,log_loss,10,30,8,,balanced,6,105,105,0.5111111111111111,0.35294117647058826,0.5098814229249011,45
26,400,log_loss,10,30,8,,balanced,6,106,106,0.6444444444444445,0.6,0.7103174603174602,45
26,400,log_loss,10,30,8,,balanced,6,107,107,0.5333333333333333,0.5714285714285714,0.5357142857142858,45
26,400,log_loss,10,30,8,,balanced,6,108,108,0.8,0.7692307692307693,0.8695652173913044,45
27,400,log_loss,11,30,8,,balanced,6,1,1,0.6,0.6666666666666666,0.7608695652173914,45
27,400,log_loss,11,30,8,,balanced,6,2,2,0.6444444444444445,0.42857142857142855,0.907114624505929,45
27,400,log_loss,11,30,8,,balanced,6,3,3,0.5111111111111111,0.47619047619047616,0.46442687747035577,45
27,400,log_loss,11,30,8,,balanced,6,4,4,0.7333333333333333,0.7777777777777778,0.7490118577075099,45
27,400,log_loss,11,30,8,,balanced,6,5,5,0.37777777777777777,0.46153846153846156,0.34920634920634924,45
27,400,log_loss,11,30,8,,balanced,6,6,6,0.5333333333333333,0.0,0.46031746031746024,45
27,400,log_loss,11,30,8,,balanced,6,7,7,0.6444444444444445,0.7333333333333333,0.9486166007905138,45
27,400,log_loss,11,30,8,,balanced,6,8,8,0.6444444444444445,0.6190476190476191,0.7075098814229249,45
27,400,log_loss,11,30,8,,balanced,6,9,9,0.5555555555555556,0.3333333333333333,0.5813492063492063,45
27,400,log_loss,11,30,8,,balanced,6,10,10,0.6,0.625,0.7083333333333333,45
27,400,log_loss,11,30,8,,balanced,6,11,11,0.6,0.55,0.5909090909090908,45
27,400,log_loss,11,30,8,,balanced,6,12,12,0.4444444444444444,0.1935483870967742,0.6726190476190477,45
27,400,log_loss,11,30,8,,balanced,6,13,13,0.8285714285714286,0.8,0.8758169934640523,35
27,400,log_loss,11,30,8,,balanced,6,14,14,0.6222222222222222,0.6382978723404256,0.6541501976284585,45
27,400,log_loss,11,30,8,,balanced,6,15,15,0.5777777777777777,0.6984126984126984,0.9110671936758893,45
27,400,log_loss,11,30,8,,balanced,6,16,16,0.6444444444444445,0.6923076923076923,0.6837944664031621,45
27,400,log_loss,11,30,8,,balanced,6,17,17,0.5238095238095238,0.0,0.5159090909090909,42
27,400,log_loss,11,30,8,,balanced,6,18,18,0.4444444444444444,0.5901639344262295,0.43280632411067194,45
27,400,log_loss,11,30,8,,balanced,6,19,19,0.6,0.7,0.7707509881422926,45
27,400,log_loss,11,30,8,,balanced,6,20,20,0.4888888888888889,0.0,0.48023715415019763,45
27,400,log_loss,11,30,8,,balanced,6,21,21,0.5555555555555556,0.6296296296296297,0.7142857142857143,45
27,400,log_loss,11,30,8,,balanced,6,22,22,0.6222222222222222,0.7213114754098361,0.642292490118577,45
27,400,log_loss,11,30,8,,balanced,6,23,23,0.6590909090909091,0.7169811320754716,0.7954545454545454,44
27,400,log_loss,11,30,8,,balanced,6,24,24,0.5,0.3076923076923077,0.35064935064935066,18
27,400,log_loss,11,30,8,,balanced,6,25,25,0.6666666666666666,0.6341463414634146,0.7075098814229249,45
27,400,log_loss,11,30,8,,balanced,6,26,26,0.7555555555555555,0.7924528301886793,0.7896825396825398,45
27,400,log_loss,11,30,8,,balanced,6,27,27,0.5111111111111111,0.6451612903225806,0.575098814229249,45
27,400,log_loss,11,30,8,,balanced,6,28,28,0.5111111111111111,0.45,0.4920948616600791,45
27,400,log_loss,11,30,8,,balanced,6,29,29,0.7777777777777778,0.8148148148148148,0.9861660079051384,45
27,400,log_loss,11,30,8,,balanced,6,30,30,0.5333333333333333,0.16,0.5873015873015873,45
27,400,log_loss,11,30,8,,balanced,6,31,31,0.8444444444444444,0.8571428571428571,0.9664031620553359,45
27,400,log_loss,11,30,8,,balanced,6,32,32,0.7954545454545454,0.8235294117647058,0.8757763975155279,44
27,400,log_loss,11,30,8,,balanced,6,33,33,0.7333333333333333,0.6666666666666666,0.8636363636363636,45
27,400,log_loss,11,30,8,,balanced,6,34,34,0.9111111111111111,0.9230769230769231,0.9722222222222222,45
27,400,log_loss,11,30,8,,balanced,6,35,35,0.6,0.35714285714285715,0.826086956521739,45
27,400,log_loss,11,30,8,,balanced,6,36,36,0.38636363636363635,0.425531914893617,0.4276859504132231,44
27,400,log_loss,11,30,8,,balanced,6,37,37,0.5111111111111111,0.0,0.49604743083003955,45
27,400,log_loss,11,30,8,,balanced,6,38,38,0.6,0.5,0.49802371541501983,45
27,400,log_loss,11,30,8,,balanced,6,39,39,0.4090909090909091,0.4090909090909091,0.37888198757763975,44
27,400,log_loss,11,30,8,,balanced,6,40,40,0.4222222222222222,0.1875,0.373015873015873,45
27,400,log_loss,11,30,8,,balanced,6,41,41,0.6666666666666666,0.4827586206896552,0.6984126984126985,45
27,400,log_loss,11,30,8,,balanced,6,42,42,0.8888888888888888,0.8780487804878049,0.950592885375494,45
27,400,log_loss,11,30,8,,balanced,6,43,43,0.6,0.4375,0.7470355731225297,45
27,400,log_loss,11,30,8,,balanced,6,44,44,0.6551724137931034,0.6153846153846154,0.7095238095238094,29
27,400,log_loss,11,30,8,,balanced,6,45,45,0.5777777777777777,0.2962962962962963,0.616600790513834,45
27,400,log_loss,11,30,8,,balanced,6,46,46,0.4666666666666667,0.42857142857142855,0.5019762845849802,45
27,400,log_loss,11,30,8,,balanced,6,47,47,0.5333333333333333,0.6037735849056604,0.5694444444444444,45
27,400,log_loss,11,30,8,,balanced,6,48,48,0.8823529411764706,0.8888888888888888,0.8428571428571429,17
27,400,log_loss,11,30,8,,balanced,6,49,49,0.7555555555555555,0.717948717948718,0.8774703557312253,45
27,400,log_loss,11,30,8,,balanced,6,50,50,0.5333333333333333,0.08695652173913043,0.6541501976284585,45
27,400,log_loss,11,30,8,,balanced,6,51,51,0.5555555555555556,0.09090909090909091,0.44642857142857145,45
27,400,log_loss,11,30,8,,balanced,6,52,52,0.7560975609756098,0.6666666666666666,0.8516746411483254,41
27,400,log_loss,11,30,8,,balanced,6,53,53,0.5348837209302325,0.4117647058823529,0.5735930735930737,43
27,400,log_loss,11,30,8,,balanced,6,54,54,0.717948717948718,0.7317073170731707,0.8288043478260869,39
27,400,log_loss,11,30,8,,balanced,6,55,55,0.8666666666666667,0.8421052631578947,0.958498023715415,45
27,400,log_loss,11,30,8,,balanced,6,56,56,0.7727272727272727,0.75,0.9090909090909091,44
27,400,log_loss,11,30,8,,balanced,6,57,57,0.6,0.5714285714285714,0.7003968253968255,45
27,400,log_loss,11,30,8,,balanced,6,58,58,0.5555555555555556,0.4444444444444444,0.513888888888889,45
27,400,log_loss,11,30,8,,balanced,6,59,59,0.4888888888888889,0.08,0.3908730158730159,45
27,400,log_loss,11,30,8,,balanced,6,60,60,0.8409090909090909,0.8372093023255814,0.9194214876033058,44
27,400,log_loss,11,30,8,,balanced,6,61,61,0.7209302325581395,0.6842105263157895,0.8441558441558442,43
27,400,log_loss,11,30,8,,balanced,6,62,62,0.8444444444444444,0.8292682926829268,0.9565217391304348,45
27,400,log_loss,11,30,8,,balanced,6,63,63,0.5348837209302325,0.2857142857142857,0.5281385281385282,43
27,400,log_loss,11,30,8,,balanced,6,64,64,0.7111111111111111,0.7547169811320755,0.7252964426877471,45
27,400,log_loss,11,30,8,,balanced,6,65,65,0.7111111111111111,0.6060606060606061,0.7242063492063492,45
27,400,log_loss,11,30,8,,balanced,6,66,66,0.4,0.47058823529411764,0.4407114624505929,45
27,400,log_loss,11,30,8,,balanced,6,67,67,0.5333333333333333,0.27586206896551724,0.5988142292490118,45
27,400,log_loss,11,30,8,,balanced,6,68,68,0.4666666666666667,0.0,0.567193675889328,45
27,400,log_loss,11,30,8,,balanced,6,69,69,0.4888888888888889,0.41025641025641024,0.5773809523809523,45
27,400,log_loss,11,30,8,,balanced,6,70,70,0.6666666666666666,0.6341463414634146,0.7015810276679842,45
27,400,log_loss,11,30,8,,balanced,6,71,71,0.5777777777777777,0.2962962962962963,0.8636363636363636,45
27,400,log_loss,11,30,8,,balanced,6,72,72,0.8444444444444444,0.8372093023255814,0.9446640316205533,45
27,400,log_loss,11,30,8,,balanced,6,73,73,0.6444444444444445,0.5294117647058824,0.7529644268774704,45
27,400,log_loss,11,30,8,,balanced,6,74,74,0.5333333333333333,0.3225806451612903,0.5297619047619048,45
27,400,log_loss,11,30,8,,balanced,6,75,75,0.8048780487804879,0.8,0.8547619047619047,41
27,400,log_loss,11,30,8,,balanced,6,76,76,0.6222222222222222,0.711864406779661,0.7035573122529645,45
27,400,log_loss,11,30,8,,balanced,6,77,77,0.5333333333333333,0.5882352941176471,0.5099206349206349,45
27,400,log_loss,11,30,8,,balanced,6,78,78,0.5555555555555556,0.6,0.6363636363636364,45
27,400,log_loss,11,30,8,,balanced,6,79,79,0.625,0.4827586206896552,0.6399999999999999,40
27,400,log_loss,11,30,8,,balanced,6,80,80,0.4888888888888889,0.0,0.5968379446640316,45
27,400,log_loss,11,30,8,,balanced,6,81,81,0.4888888888888889,0.0,0.7509881422924901,45
27,400,log_loss,11,30,8,,balanced,6,82,82,0.5333333333333333,0.6666666666666666,0.7134387351778656,45
27,400,log_loss,11,30,8,,balanced,6,83,83,0.5789473684210527,0.2727272727272727,0.7700831024930748,38
27,400,log_loss,11,30,8,,balanced,6,84,84,0.6818181818181818,0.6818181818181818,0.7287784679089027,44
27,400,log_loss,11,30,8,,balanced,6,85,85,0.6136363636363636,0.711864406779661,0.8902691511387163,44
27,400,log_loss,11,30,8,,balanced,6,86,86,0.7045454545454546,0.6486486486486487,0.7577639751552795,44
27,400,log_loss,11,30,8,,balanced,6,87,87,0.5555555555555556,0.6153846153846154,0.5948616600790514,45
27,400,log_loss,11,30,8,,balanced,6,88,88,0.4909090909090909,0.2222222222222222,0.4312169312169313,55
27,400,log_loss,11,30,8,,balanced,6,89,89,0.5777777777777777,0.6666666666666666,0.7738095238095238,45
27,400,log_loss,11,30,8,,balanced,6,90,90,0.5333333333333333,0.4878048780487805,0.43873517786561267,45
27,400,log_loss,11,30,8,,balanced,6,91,91,0.5909090909090909,0.6785714285714286,0.743801652892562,44
27,400,log_loss,11,30,8,,balanced,6,92,92,0.625,0.5116279069767442,0.6858974358974359,56
27,400,log_loss,11,30,8,,balanced,6,93,93,0.8222222222222222,0.8,0.875494071146245,45
27,400,log_loss,11,30,8,,balanced,6,94,94,0.8181818181818182,0.8518518518518519,0.979296066252588,44
27,400,log_loss,11,30,8,,balanced,6,95,95,0.32142857142857145,0.4864864864864865,0.46354166666666663,28
27,400,log_loss,11,30,8,,balanced,6,96,96,0.5,0.6557377049180327,0.49433106575963714,42
27,400,log_loss,11,30,8,,balanced,6,97,97,0.5,0.0,0.5268595041322315,44
27,400,log_loss,11,30,8,,balanced,6,98,98,0.6,0.6785714285714286,0.5869565217391304,45
27,400,log_loss,11,30,8,,balanced,6,99,99,0.5116279069767442,0.4,0.5216450216450217,43
27,400,log_loss,11,30,8,,balanced,6,100,100,0.5555555555555556,0.6,0.5771604938271605,36
27,400,log_loss,11,30,8,,balanced,6,101,101,0.5111111111111111,0.08333333333333333,0.5948616600790513,45
27,400,log_loss,11,30,8,,balanced,6,102,102,0.6444444444444445,0.5,0.7845849802371542,45
27,400,log_loss,11,30,8,,balanced,6,103,103,0.627906976744186,0.6,0.7207792207792207,43
27,400,log_loss,11,30,8,,balanced,6,104,104,0.46511627906976744,0.5490196078431373,0.4783549783549783,43
27,400,log_loss,11,30,8,,balanced,6,105,105,0.5111111111111111,0.35294117647058826,0.5,45
27,400,log_loss,11,30,8,,balanced,6,106,106,0.6222222222222222,0.5641025641025641,0.6964285714285714,45
27,400,log_loss,11,30,8,,balanced,6,107,107,0.5111111111111111,0.5416666666666666,0.5575396825396826,45
27,400,log_loss,11,30,8,,balanced,6,108,108,0.8,0.7692307692307693,0.8735177865612649,45
28,400,log_loss,10,30,6,,balanced,6,1,1,0.6,0.6785714285714286,0.758893280632411,45
28,400,log_loss,10,30,6,,balanced,6,2,2,0.6666666666666666,0.4827586206896552,0.899209486166008,45
28,400,log_loss,10,30,6,,balanced,6,3,3,0.5111111111111111,0.5,0.48023715415019763,45
28,400,log_loss,10,30,6,,balanced,6,4,4,0.5555555555555556,0.6774193548387096,0.7430830039525692,45
28,400,log_loss,10,30,6,,balanced,6,5,5,0.4,0.49056603773584906,0.3373015873015873,45
28,400,log_loss,10,30,6,,balanced,6,6,6,0.5333333333333333,0.0,0.45833333333333337,45
28,400,log_loss,10,30,6,,balanced,6,7,7,0.6444444444444445,0.7333333333333333,0.9525691699604744,45
28,400,log_loss,10,30,6,,balanced,6,8,8,0.6222222222222222,0.6046511627906976,0.6976284584980237,45
28,400,log_loss,10,30,6,,balanced,6,9,9,0.6,0.4,0.5892857142857143,45
28,400,log_loss,10,30,6,,balanced,6,10,10,0.6444444444444445,0.6666666666666666,0.7023809523809523,45
28,400,log_loss,10,30,6,,balanced,6,11,11,0.6,0.5714285714285714,0.5928853754940713,45
28,400,log_loss,10,30,6,,balanced,6,12,12,0.4666666666666667,0.2,0.6626984126984128,45
28,400,log_loss,10,30,6,,balanced,6,13,13,0.8,0.7586206896551724,0.8725490196078431,35
28,400,log_loss,10,30,6,,balanced,6,14,14,0.6444444444444445,0.6666666666666666,0.7134387351778656,45
28,400,log_loss,10,30,6,,balanced,6,15,15,0.5777777777777777,0.6984126984126984,0.9150197628458498,45
28,400,log_loss,10,30,6,,balanced,6,16,16,0.6222222222222222,0.6792452830188679,0.6699604743083003,45
28,400,log_loss,10,30,6,,balanced,6,17,17,0.5238095238095238,0.0,0.5249999999999999,42
28,400,log_loss,10,30,6,,balanced,6,18,18,0.4444444444444444,0.5901639344262295,0.43873517786561256,45
28,400,log_loss,10,30,6,,balanced,6,19,19,0.6,0.7,0.766798418972332,45
28,400,log_loss,10,30,6,,balanced,6,20,20,0.5111111111111111,0.0,0.4723320158102767,45
28,400,log_loss,10,30,6,,balanced,6,21,21,0.5555555555555556,0.6296296296296297,0.7103174603174603,45
28,400,log_loss,10,30,6,,balanced,6,22,22,0.6222222222222222,0.7213114754098361,0.6640316205533597,45
28,400,log_loss,10,30,6,,balanced,6,23,23,0.7045454545454546,0.7547169811320755,0.7975206611570248,44
28,400,log_loss,10,30,6,,balanced,6,24,24,0.5,0.3076923076923077,0.35064935064935066,18
28,400,log_loss,10,30,6,,balanced,6,25,25,0.6444444444444445,0.6,0.7015810276679841,45
28,400,log_loss,10,30,6,,balanced,6,26,26,0.7777777777777778,0.8076923076923077,0.7916666666666667,45
28,400,log_loss,10,30,6,,balanced,6,27,27,0.4888888888888889,0.6349206349206349,0.5731225296442688,45
28,400,log_loss,10,30,6,,balanced,6,28,28,0.5333333333333333,0.4878048780487805,0.49407114624505927,45
28,400,log_loss,10,30,6,,balanced,6,29,29,0.7777777777777778,0.8148148148148148,0.9802371541501976,45
28,400,log_loss,10,30,6,,balanced,6,30,30,0.5333333333333333,0.16,0.5873015873015873,45
28,400,log_loss,10,30,6,,balanced,6,31,31,0.8444444444444444,0.8571428571428571,0.9664031620553359,45
28,400,log_loss,10,30,6,,balanced,6,32,32,0.7954545454545454,0.8235294117647058,0.8923395445134575,44
28,400,log_loss,10,30,6,,balanced,6,33,33,0.7333333333333333,0.6666666666666666,0.8596837944664032,45
28,400,log_loss,10,30,6,,balanced,6,34,34,0.8888888888888888,0.9019607843137255,0.9722222222222222,45
28,400,log_loss,10,30,6,,balanced,6,35,35,0.6,0.35714285714285715,0.8260869565217391,45
28,400,log_loss,10,30,6,,balanced,6,36,36,0.38636363636363635,0.425531914893617,0.4338842975206612,44
28,400,log_loss,10,30,6,,balanced,6,37,37,0.5111111111111111,0.0,0.5098814229249012,45
28,400,log_loss,10,30,6,,balanced,6,38,38,0.6,0.5,0.5019762845849802,45
28,400,log_loss,10,30,6,,balanced,6,39,39,0.4090909090909091,0.4090909090909091,0.38716356107660455,44
28,400,log_loss,10,30,6,,balanced,6,40,40,0.4222222222222222,0.1875,0.37103174603174605,45
28,400,log_loss,10,30,6,,balanced,6,41,41,0.6,0.3076923076923077,0.7142857142857142,45
28,400,log_loss,10,30,6,,balanced,6,42,42,0.8888888888888888,0.8780487804878049,0.958498023715415,45
28,400,log_loss,10,30,6,,balanced,6,43,43,0.6222222222222222,0.45161290322580644,0.7727272727272727,45
28,400,log_loss,10,30,6,,balanced,6,44,44,0.6551724137931034,0.6153846153846154,0.7142857142857142,29
28,400,log_loss,10,30,6,,balanced,6,45,45,0.5777777777777777,0.24,0.6264822134387351,45
28,400,log_loss,10,30,6,,balanced,6,46,46,0.5333333333333333,0.43243243243243246,0.5276679841897234,45
28,400,log_loss,10,30,6,,balanced,6,47,47,0.5111111111111111,0.5769230769230769,0.5773809523809523,45
28,400,log_loss,10,30,6,,balanced,6,48,48,0.8823529411764706,0.8888888888888888,0.8285714285714286,17
28,400,log_loss,10,30,6,,balanced,6,49,49,0.7777777777777778,0.75,0.875494071146245,45
28,400,log_loss,10,30,6,,balanced,6,50,50,0.5333333333333333,0.08695652173913043,0.6383399209486166,45
28,400,log_loss,10,30,6,,balanced,6,51,51,0.5333333333333333,0.0,0.41865079365079366,45
28,400,log_loss,10,30,6,,balanced,6,52,52,0.7317073170731707,0.6206896551724138,0.8421052631578948,41
28,400,log_loss,10,30,6,,balanced,6,53,53,0.5581395348837209,0.42424242424242425,0.5735930735930735,43
28,400,log_loss,10,30,6,,balanced,6,54,54,0.6666666666666666,0.6976744186046512,0.8260869565217391,39
28,400,log_loss,10,30,6,,balanced,6,55,55,0.8444444444444444,0.8205128205128205,0.9644268774703557,45
28,400,log_loss,10,30,6,,balanced,6,56,56,0.8181818181818182,0.8,0.915289256198347,44
28,400,log_loss,10,30,6,,balanced,6,57,57,0.6,0.5714285714285714,0.7003968253968254,45
28,400,log_loss,10,30,6,,balanced,6,58,58,0.5777777777777777,0.45714285714285713,0.5317460317460317,45
28,400,log_loss,10,30,6,,balanced,6,59,59,0.4888888888888889,0.08,0.3869047619047619,45
28,400,log_loss,10,30,6,,balanced,6,60,60,0.8181818181818182,0.8181818181818182,0.9152892561983471,44
28,400,log_loss,10,30,6,,balanced,6,61,61,0.7441860465116279,0.717948717948718,0.854978354978355,43
28,400,log_loss,10,30,6,,balanced,6,62,62,0.8666666666666667,0.8571428571428571,0.958498023715415,45
28,400,log_loss,10,30,6,,balanced,6,63,63,0.5348837209302325,0.2857142857142857,0.5281385281385281,43
28,400,log_loss,10,30,6,,balanced,6,64,64,0.7111111111111111,0.7547169811320755,0.7114624505928854,45
28,400,log_loss,10,30,6,,balanced,6,65,65,0.7111111111111111,0.6060606060606061,0.7242063492063492,45
28,400,log_loss,10,30,6,,balanced,6,66,66,0.4,0.47058823529411764,0.4505928853754941,45
28,400,log_loss,10,30,6,,balanced,6,67,67,0.5333333333333333,0.27586206896551724,0.5948616600790514,45
28,400,log_loss,10,30,6,,balanced,6,68,68,0.4666666666666667,0.0,0.5652173913043478,45
28,400,log_loss,10,30,6,,balanced,6,69,69,0.4888888888888889,0.41025641025641024,0.6011904761904762,45
28,400,log_loss,10,30,6,,balanced,6,70,70,0.6888888888888889,0.65,0.717391304347826,45
28,400,log_loss,10,30,6,,balanced,6,71,71,0.5777777777777777,0.2962962962962963,0.8992094861660079,45
28,400,log_loss,10,30,6,,balanced,6,72,72,0.8,0.7906976744186046,0.9328063241106719,45
28,400,log_loss,10,30,6,,balanced,6,73,73,0.6444444444444445,0.5,0.7707509881422925,45
28,400,log_loss,10,30,6,,balanced,6,74,74,0.5555555555555556,0.3333333333333333,0.5476190476190477,45
28,400,log_loss,10,30,6,,balanced,6,75,75,0.7804878048780488,0.7804878048780488,0.8547619047619047,41
28,400,log_loss,10,30,6,,balanced,6,76,76,0.6,0.7,0.6897233201581028,45
28,400,log_loss,10,30,6,,balanced,6,77,77,0.5111111111111111,0.56,0.5119047619047619,45
28,400,log_loss,10,30,6,,balanced,6,78,78,0.5333333333333333,0.5882352941176471,0.6284584980237153,45
28,400,log_loss,10,30,6,,balanced,6,79,79,0.625,0.4827586206896552,0.635,40
28,400,log_loss,10,30,6,,balanced,6,80,80,0.4888888888888889,0.0,0.608695652173913,45
28,400,log_loss,10,30,6,,balanced,6,81,81,0.4888888888888889,0.0,0.7766798418972332,45
28,400,log_loss,10,30,6,,balanced,6,82,82,0.5555555555555556,0.6774193548387096,0.7154150197628458,45
28,400,log_loss,10,30,6,,balanced,6,83,83,0.5789473684210527,0.2727272727272727,0.7783933518005539,38
28,400,log_loss,10,30,6,,balanced,6,84,84,0.6818181818181818,0.6818181818181818,0.7349896480331263,44
28,400,log_loss,10,30,6,,balanced,6,85,85,0.5681818181818182,0.6885245901639344,0.8964803312629399,44
28,400,log_loss,10,30,6,,balanced,6,86,86,0.7272727272727273,0.6666666666666666,0.7784679089026915,44
28,400,log_loss,10,30,6,,balanced,6,87,87,0.5555555555555556,0.6153846153846154,0.5671936758893281,45
28,400,log_loss,10,30,6,,balanced,6,88,88,0.4909090909090909,0.2222222222222222,0.42724867724867727,55
28,400,log_loss,10,30,6,,balanced,6,89,89,0.6,0.6785714285714286,0.744047619047619,45
28,400,log_loss,10,30,6,,balanced,6,90,90,0.5111111111111111,0.5,0.4407114624505929,45
28,400,log_loss,10,30,6,,balanced,6,91,91,0.6363636363636364,0.7037037037037037,0.7582644628099173,44
28,400,log_loss,10,30,6,,balanced,6,92,92,0.625,0.5116279069767442,0.6871794871794872,56
28,400,log_loss,10,30,6,,balanced,6,93,93,0.8222222222222222,0.8,0.8675889328063241,45
28,400,log_loss,10,30,6,,balanced,6,94,94,0.8409090909090909,0.8679245283018868,0.979296066252588,44
28,400,log_loss,10,30,6,,balanced,6,95,95,0.32142857142857145,0.4864864864864865,0.484375,28
28,400,log_loss,10,30,6,,balanced,6,96,96,0.5238095238095238,0.6774193548387096,0.489795918367347,42
28,400,log_loss,10,30,6,,balanced,6,97,97,0.5,0.0,0.5371900826446281,44
28,400,log_loss,10,30,6,,balanced,6,98,98,0.6,0.6785714285714286,0.5869565217391305,45
28,400,log_loss,10,30,6,,balanced,6,99,99,0.5348837209302325,0.4117647058823529,0.5303030303030303,43
28,400,log_loss,10,30,6,,balanced,6,100,100,0.5,0.5714285714285714,0.5771604938271605,36
28,400,log_loss,10,30,6,,balanced,6,101,101,0.5333333333333333,0.16,0.6086956521739131,45
28,400,log_loss,10,30,6,,balanced,6,102,102,0.5777777777777777,0.3448275862068966,0.7924901185770751,45
28,400,log_loss,10,30,6,,balanced,6,103,103,0.627906976744186,0.6,0.722943722943723,43
28,400,log_loss,10,30,6,,balanced,6,104,104,0.4883720930232558,0.56,0.48701298701298706,43
28,400,log_loss,10,30,6,,balanced,6,105,105,0.5111111111111111,0.35294117647058826,0.5118577075098815,45
28,400,log_loss,10,30,6,,balanced,6,106,106,0.6666666666666666,0.6153846153846154,0.7142857142857143,45
28,400,log_loss,10,30,6,,balanced,6,107,107,0.5333333333333333,0.5714285714285714,0.5277777777777777,45
28,400,log_loss,10,30,6,,balanced,6,108,108,0.8,0.7692307692307693,0.8735177865612649,45
29,450,log_loss,10,10,8,,balanced,6,1,1,0.6222222222222222,0.6909090909090909,0.7549407114624507,45
29,450,log_loss,10,10,8,,balanced,6,2,2,0.6444444444444445,0.42857142857142855,0.8972332015810277,45
29,450,log_loss,10,10,8,,balanced,6,3,3,0.5111111111111111,0.5,0.48418972332015814,45
29,450,log_loss,10,10,8,,balanced,6,4,4,0.6222222222222222,0.711864406779661,0.7450592885375495,45
29,450,log_loss,10,10,8,,balanced,6,5,5,0.4,0.49056603773584906,0.34126984126984133,45
29,450,log_loss,10,10,8,,balanced,6,6,6,0.5333333333333333,0.0,0.45833333333333337,45
29,450,log_loss,10,10,8,,balanced,6,7,7,0.6444444444444445,0.7333333333333333,0.9486166007905138,45
29,450,log_loss,10,10,8,,balanced,6,8,8,0.6444444444444445,0.6363636363636364,0.7094861660079052,45
29,450,log_loss,10,10,8,,balanced,6,9,9,0.5555555555555556,0.3333333333333333,0.6031746031746031,45
29,450,log_loss,10,10,8,,balanced,6,10,10,0.6,0.625,0.6964285714285714,45
29,450,log_loss,10,10,8,,balanced,6,11,11,0.5777777777777777,0.5365853658536586,0.5988142292490118,45
29,450,log_loss,10,10,8,,balanced,6,12,12,0.4888888888888889,0.20689655172413793,0.6785714285714286,45
29,450,log_loss,10,10,8,,balanced,6,13,13,0.8285714285714286,0.8,0.8758169934640523,35
29,450,log_loss,10,10,8,,balanced,6,14,14,0.6222222222222222,0.6382978723404256,0.6798418972332017,45
29,450,log_loss,10,10,8,,balanced,6,15,15,0.5777777777777777,0.6984126984126984,0.9051383399209486,45
29,450,log_loss,10,10,8,,balanced,6,16,16,0.6444444444444445,0.6923076923076923,0.6857707509881422,45
29,450,log_loss,10,10,8,,balanced,6,17,17,0.5238095238095238,0.0,0.5113636363636364,42
29,450,log_loss,10,10,8,,balanced,6,18,18,0.4444444444444444,0.5901639344262295,0.44268774703557306,45
29,450,log_loss,10,10,8,,balanced,6,19,19,0.5777777777777777,0.6885245901639344,0.7766798418972333,45
29,450,log_loss,10,10,8,,balanced,6,20,20,0.5111111111111111,0.0,0.47233201581027673,45
29,450,log_loss,10,10,8,,balanced,6,21,21,0.5555555555555556,0.6296296296296297,0.7103174603174603,45
29,450,log_loss,10,10,8,,balanced,6,22,22,0.6222222222222222,0.7213114754098361,0.6284584980237153,45
29,450,log_loss,10,10,8,,balanced,6,23,23,0.6590909090909091,0.7169811320754716,0.7995867768595042,44
29,450,log_loss,10,10,8,,balanced,6,24,24,0.5,0.3076923076923077,0.33766233766233766,18
29,450,log_loss,10,10,8,,balanced,6,25,25,0.6444444444444445,0.6,0.6936758893280632,45
29,450,log_loss,10,10,8,,balanced,6,26,26,0.7777777777777778,0.8076923076923077,0.7876984126984128,45
29,450,log_loss,10,10,8,,balanced,6,27,27,0.4888888888888889,0.6349206349206349,0.5592885375494071,45
29,450,log_loss,10,10,8,,balanced,6,28,28,0.5111111111111111,0.45,0.5,45
29,450,log_loss,10,10,8,,balanced,6,29,29,0.7777777777777778,0.8148148148148148,0.9841897233201581,45
29,450,log_loss,10,10,8,,balanced,6,30,30,0.5333333333333333,0.16,0.5734126984126984,45
29,450,log_loss,10,10,8,,balanced,6,31,31,0.8444444444444444,0.8571428571428571,0.9644268774703557,45
29,450,log_loss,10,10,8,,balanced,6,32,32,0.8181818181818182,0.8461538461538461,0.8923395445134576,44
29,450,log_loss,10,10,8,,balanced,6,33,33,0.7333333333333333,0.6666666666666666,0.857707509881423,45
29,450,log_loss,10,10,8,,balanced,6,34,34,0.8666666666666667,0.88,0.9682539682539683,45
29,450,log_loss,10,10,8,,balanced,6,35,35,0.6,0.35714285714285715,0.8280632411067194,45
29,450,log_loss,10,10,8,,balanced,6,36,36,0.4318181818181818,0.46808510638297873,0.42561983471074377,44
29,450,log_loss,10,10,8,,balanced,6,37,37,0.5111111111111111,0.0,0.5217391304347826,45
29,450,log_loss,10,10,8,,balanced,6,38,38,0.6,0.5,0.5079051383399209,45
29,450,log_loss,10,10,8,,balanced,6,39,39,0.4090909090909091,0.4090909090909091,0.3726708074534161,44
29,450,log_loss,10,10,8,,balanced,6,40,40,0.4,0.18181818181818182,0.373015873015873,45
29,450,log_loss,10,10,8,,balanced,6,41,41,0.6,0.3076923076923077,0.7063492063492063,45
29,450,log_loss,10,10,8,,balanced,6,42,42,0.8888888888888888,0.8780487804878049,0.9565217391304348,45
29,450,log_loss,10,10,8,,balanced,6,43,43,0.6222222222222222,0.45161290322580644,0.7490118577075099,45
29,450,log_loss,10,10,8,,balanced,6,44,44,0.6896551724137931,0.64,0.7142857142857142,29
29,450,log_loss,10,10,8,,balanced,6,45,45,0.5555555555555556,0.23076923076923078,0.6106719367588933,45
29,450,log_loss,10,10,8,,balanced,6,46,46,0.5111111111111111,0.3888888888888889,0.5158102766798419,45
29,450,log_loss,10,10,8,,balanced,6,47,47,0.5333333333333333,0.6037735849056604,0.5694444444444444,45
29,450,log_loss,10,10,8,,balanced,6,48,48,0.7647058823529411,0.7777777777777778,0.8285714285714286,17
29,450,log_loss,10,10,8,,balanced,6,49,49,0.7555555555555555,0.717948717948718,0.8616600790513834,45
29,450,log_loss,10,10,8,,balanced,6,50,50,0.5333333333333333,0.08695652173913043,0.6640316205533596,45
29,450,log_loss,10,10,8,,balanced,6,51,51,0.5555555555555556,0.09090909090909091,0.41567460317460314,45
29,450,log_loss,10,10,8,,balanced,6,52,52,0.7317073170731707,0.6206896551724138,0.8492822966507177,41
29,450,log_loss,10,10,8,,balanced,6,53,53,0.5348837209302325,0.4117647058823529,0.5735930735930737,43
29,450,log_loss,10,10,8,,balanced,6,54,54,0.717948717948718,0.7317073170731707,0.8396739130434783,39
29,450,log_loss,10,10,8,,balanced,6,55,55,0.8222222222222222,0.7777777777777778,0.966403162055336,45
29,450,log_loss,10,10,8,,balanced,6,56,56,0.7727272727272727,0.75,0.9090909090909092,44
29,450,log_loss,10,10,8,,balanced,6,57,57,0.6,0.5714285714285714,0.6964285714285714,45
29,450,log_loss,10,10,8,,balanced,6,58,58,0.5333333333333333,0.43243243243243246,0.5178571428571428,45
29,450,log_loss,10,10,8,,balanced,6,59,59,0.4888888888888889,0.08,0.3968253968253968,45
29,450,log_loss,10,10,8,,balanced,6,60,60,0.8181818181818182,0.8181818181818182,0.9090909090909091,44
29,450,log_loss,10,10,8,,balanced,6,61,61,0.7441860465116279,0.717948717948718,0.8376623376623377,43
29,450,log_loss,10,10,8,,balanced,6,62,62,0.8444444444444444,0.8292682926829268,0.9565217391304348,45
29,450,log_loss,10,10,8,,balanced,6,63,63,0.5581395348837209,0.2962962962962963,0.5281385281385282,43
29,450,log_loss,10,10,8,,balanced,6,64,64,0.7111111111111111,0.7547169811320755,0.7134387351778656,45
29,450,log_loss,10,10,8,,balanced,6,65,65,0.7111111111111111,0.6060606060606061,0.740079365079365,45
29,450,log_loss,10,10,8,,balanced,6,66,66,0.4,0.47058823529411764,0.4762845849802371,45
29,450,log_loss,10,10,8,,balanced,6,67,67,0.5333333333333333,0.27586206896551724,0.5968379446640316,45
29,450,log_loss,10,10,8,,balanced,6,68,68,0.4666666666666667,0.0,0.5731225296442687,45
29,450,log_loss,10,10,8,,balanced,6,69,69,0.5111111111111111,0.45,0.5932539682539681,45
29,450,log_loss,10,10,8,,balanced,6,70,70,0.6888888888888889,0.65,0.7193675889328063,45
29,450,log_loss,10,10,8,,balanced,6,71,71,0.5777777777777777,0.2962962962962963,0.875494071146245,45
29,450,log_loss,10,10,8,,balanced,6,72,72,0.8222222222222222,0.8181818181818182,0.9367588932806323,45
29,450,log_loss,10,10,8,,balanced,6,73,73,0.6666666666666666,0.5454545454545454,0.7450592885375494,45
29,450,log_loss,10,10,8,,balanced,6,74,74,0.5555555555555556,0.3333333333333333,0.5257936507936507,45
29,450,log_loss,10,10,8,,balanced,6,75,75,0.7317073170731707,0.7555555555555555,0.8452380952380952,41
29,450,log_loss,10,10,8,,balanced,6,76,76,0.5333333333333333,0.6440677966101694,0.6600790513833992,45
29,450,log_loss,10,10,8,,balanced,6,77,77,0.5333333333333333,0.5882352941176471,0.5218253968253969,45
29,450,log_loss,10,10,8,,balanced,6,78,78,0.5555555555555556,0.6,0.6343873517786561,45
29,450,log_loss,10,10,8,,balanced,6,79,79,0.625,0.4827586206896552,0.64,40
29,450,log_loss,10,10,8,,balanced,6,80,80,0.4888888888888889,0.0,0.6106719367588933,45
29,450,log_loss,10,10,8,,balanced,6,81,81,0.4888888888888889,0.0,0.7450592885375494,45
29,450,log_loss,10,10,8,,balanced,6,82,82,0.5555555555555556,0.6774193548387096,0.7114624505928854,45
29,450,log_loss,10,10,8,,balanced,6,83,83,0.5789473684210527,0.2727272727272727,0.7783933518005541,38
29,450,log_loss,10,10,8,,balanced,6,84,84,0.7045454545454546,0.7111111111111111,0.7349896480331263,44
29,450,log_loss,10,10,8,,balanced,6,85,85,0.5909090909090909,0.7,0.8861283643892339,44
29,450,log_loss,10,10,8,,balanced,6,86,86,0.7272727272727273,0.6666666666666666,0.7763975155279503,44
29,450,log_loss,10,10,8,,balanced,6,87,87,0.5555555555555556,0.6153846153846154,0.5849802371541502,45
29,450,log_loss,10,10,8,,balanced,6,88,88,0.4909090909090909,0.2222222222222222,0.414021164021164,55
29,450,log_loss,10,10,8,,balanced,6,89,89,0.6444444444444445,0.6923076923076923,0.7281746031746031,45
29,450,log_loss,10,10,8,,balanced,6,90,90,0.4666666666666667,0.45454545454545453,0.4367588932806324,45
29,450,log_loss,10,10,8,,balanced,6,91,91,0.6136363636363636,0.7017543859649122,0.743801652892562,44
29,450,log_loss,10,10,8,,balanced,6,92,92,0.625,0.5116279069767442,0.6897435897435897,56
29,450,log_loss,10,10,8,,balanced,6,93,93,0.8222222222222222,0.8,0.8735177865612648,45
29,450,log_loss,10,10,8,,balanced,6,94,94,0.8181818181818182,0.8518518518518519,0.9730848861283644,44
29,450,log_loss,10,10,8,,balanced,6,95,95,0.32142857142857145,0.4864864864864865,0.4270833333333333,28
29,450,log_loss,10,10,8,,balanced,6,96,96,0.5,0.6557377049180327,0.5034013605442177,42
29,450,log_loss,10,10,8,,balanced,6,97,97,0.5,0.0,0.5454545454545454,44
29,450,log_loss,10,10,8,,balanced,6,98,98,0.6,0.6785714285714286,0.575098814229249,45
29,450,log_loss,10,10,8,,balanced,6,99,99,0.5116279069767442,0.4,0.5303030303030303,43
29,450,log_loss,10,10,8,,balanced,6,100,100,0.5277777777777778,0.5853658536585366,0.5771604938271604,36
29,450,log_loss,10,10,8,,balanced,6,101,101,0.4888888888888889,0.0,0.5948616600790515,45
29,450,log_loss,10,10,8,,balanced,6,102,102,0.6,0.4,0.7845849802371542,45
29,450,log_loss,10,10,8,,balanced,6,103,103,0.627906976744186,0.6,0.7077922077922079,43
29,450,log_loss,10,10,8,,balanced,6,104,104,0.4883720930232558,0.56,0.4826839826839827,43
29,450,log_loss,10,10,8,,balanced,6,105,105,0.5333333333333333,0.36363636363636365,0.5059288537549407,45
29,450,log_loss,10,10,8,,balanced,6,106,106,0.6444444444444445,0.5789473684210527,0.7142857142857143,45
29,450,log_loss,10,10,8,,balanced,6,107,107,0.5111111111111111,0.5416666666666666,0.5476190476190477,45
29,450,log_loss,10,10,8,,balanced,6,108,108,0.8,0.7692307692307693,0.8616600790513834,45
