parameter_name,parameter_value,fold,subject,epoch,train_loss,val_loss,learning_rate,hidden_size,num_layers,dropout_rate,bidirectional,batch_size,epochs,weight_decay,validation_fraction,early_stopping_patience,lr_scheduler_patience,lr_scheduler_factor,use_class_weight,seed
weight_decay,0.0,1,1,1,0.6934223707878229,0.6929583032925923,0.001,64,2,0.3,False,32,75,0.0,0.1,10,5,0.5,True,42
weight_decay,0.0,1,1,2,0.6914641753290639,0.6920946836471558,0.001,64,2,0.3,False,32,75,0.0,0.1,10,5,0.5,True,42
weight_decay,0.0,1,1,3,0.6889836855910041,0.702755085627238,0.001,64,2,0.3,False,32,75,0.0,0.1,10,5,0.5,True,42
weight_decay,0.0,1,1,4,0.6877037715731245,0.6985421061515809,0.001,64,2,0.3,False,32,75,0.0,0.1,10,5,0.5,True,42
weight_decay,0.0,1,1,5,0.6836810893181599,0.70562211672465,0.001,64,2,0.3,False,32,75,0.0,0.1,10,5,0.5,True,42
weight_decay,0.0,1,1,6,0.6802052011092504,0.7145780285199483,0.001,64,2,0.3,False,32,75,0.0,0.1,10,5,0.5,True,42
weight_decay,0.0,1,1,7,0.6755933251344797,0.720140798886617,0.001,64,2,0.3,False,32,75,0.0,0.1,10,5,0.5,True,42
weight_decay,0.0,1,1,8,0.6694023595614866,0.7370005488395691,0.001,64,2,0.3,False,32,75,0.0,0.1,10,5,0.5,True,42
weight_decay,0.0,1,1,9,0.6543788715745463,0.7503142555554708,0.001,64,2,0.3,False,32,75,0.0,0.1,10,5,0.5,True,42
weight_decay,0.0,1,1,10,0.6468866146875151,0.754524298508962,0.001,64,2,0.3,False,32,75,0.0,0.1,10,5,0.5,True,42
weight_decay,0.0,1,1,11,0.6375683731201923,0.7533655484517415,0.001,64,2,0.3,False,32,75,0.0,0.1,10,5,0.5,True,42
weight_decay,0.0,1,1,12,0.6273802261460911,0.7773165742556254,0.001,64,2,0.3,False,32,75,0.0,0.1,10,5,0.5,True,42
weight_decay,0.0,2,2,1,0.6935212436047468,0.6937450528144836,0.001,64,2,0.3,False,32,75,0.0,0.1,10,5,0.5,True,42
weight_decay,0.0,2,2,2,0.6931043646552346,0.6920946995417278,0.001,64,2,0.3,False,32,75,0.0,0.1,10,5,0.5,True,42
weight_decay,0.0,2,2,3,0.6909326143337019,0.691766357421875,0.001,64,2,0.3,False,32,75,0.0,0.1,10,5,0.5,True,42
weight_decay,0.0,2,2,4,0.6892101299582105,0.6933170318603515,0.001,64,2,0.3,False,32,75,0.0,0.1,10,5,0.5,True,42
weight_decay,0.0,2,2,5,0.6878959504943906,0.6946451942125956,0.001,64,2,0.3,False,32,75,0.0,0.1,10,5,0.5,True,42
weight_decay,0.0,2,2,6,0.684111036586039,0.7080748637517293,0.001,64,2,0.3,False,32,75,0.0,0.1,10,5,0.5,True,42
weight_decay,0.0,2,2,7,0.6801914685603344,0.7058538715044658,0.001,64,2,0.3,False,32,75,0.0,0.1,10,5,0.5,True,42
weight_decay,0.0,2,2,8,0.6748718289714871,0.706421148777008,0.001,64,2,0.3,False,32,75,0.0,0.1,10,5,0.5,True,42
weight_decay,0.0,2,2,9,0.6692926161216967,0.7323239723841349,0.001,64,2,0.3,False,32,75,0.0,0.1,10,5,0.5,True,42
weight_decay,0.0,2,2,10,0.6513631551554708,0.7444362759590148,0.001,64,2,0.3,False,32,75,0.0,0.1,10,5,0.5,True,42
weight_decay,0.0,2,2,11,0.6366805091048732,0.7532552679379781,0.001,64,2,0.3,False,32,75,0.0,0.1,10,5,0.5,True,42
weight_decay,0.0,2,2,12,0.6307078315453096,0.7941591103871664,0.001,64,2,0.3,False,32,75,0.0,0.1,10,5,0.5,True,42
weight_decay,0.0,2,2,13,0.6194177651495645,0.7860074003537496,0.001,64,2,0.3,False,32,75,0.0,0.1,10,5,0.5,True,42
weight_decay,0.0,3,3,1,0.6932754196000822,0.6924290378888448,0.001,64,2,0.3,False,32,75,0.0,0.1,10,5,0.5,True,42
weight_decay,0.0,3,3,2,0.6922350480700984,0.69135981798172,0.001,64,2,0.3,False,32,75,0.0,0.1,10,5,0.5,True,42
weight_decay,0.0,3,3,3,0.6896872692035906,0.6933389782905579,0.001,64,2,0.3,False,32,75,0.0,0.1,10,5,0.5,True,42
weight_decay,0.0,3,3,4,0.6862751742204031,0.6988614439964295,0.001,64,2,0.3,False,32,75,0.0,0.1,10,5,0.5,True,42
weight_decay,0.0,3,3,5,0.6829317871368292,0.7046198685963948,0.001,64,2,0.3,False,32,75,0.0,0.1,10,5,0.5,True,42
weight_decay,0.0,3,3,6,0.6772078727230881,0.7413963754971822,0.001,64,2,0.3,False,32,75,0.0,0.1,10,5,0.5,True,42
weight_decay,0.0,3,3,7,0.6708462464086937,0.7180471738179525,0.001,64,2,0.3,False,32,75,0.0,0.1,10,5,0.5,True,42
weight_decay,0.0,3,3,8,0.6601517656535814,0.7287634571393331,0.001,64,2,0.3,False,32,75,0.0,0.1,10,5,0.5,True,42
weight_decay,0.0,3,3,9,0.6414973821603891,0.7600887417793274,0.001,64,2,0.3,False,32,75,0.0,0.1,10,5,0.5,True,42
weight_decay,0.0,3,3,10,0.6331569584030093,0.7617096265157064,0.001,64,2,0.3,False,32,75,0.0,0.1,10,5,0.5,True,42
weight_decay,0.0,3,3,11,0.6213741819515373,0.7724055767059326,0.001,64,2,0.3,False,32,75,0.0,0.1,10,5,0.5,True,42
weight_decay,0.0,3,3,12,0.6092790078484651,0.7927291075388591,0.001,64,2,0.3,False,32,75,0.0,0.1,10,5,0.5,True,42
weight_decay,0.0,4,4,1,0.6937563053586266,0.6921484589576721,0.001,64,2,0.3,False,32,75,0.0,0.1,10,5,0.5,True,42
weight_decay,0.0,4,4,2,0.6931671265399817,0.6927923003832499,0.001,64,2,0.3,False,32,75,0.0,0.1,10,5,0.5,True,42
weight_decay,0.0,4,4,3,0.6913147875756929,0.693242609500885,0.001,64,2,0.3,False,32,75,0.0,0.1,10,5,0.5,True,42
weight_decay,0.0,4,4,4,0.6892593372048754,0.6995721260706583,0.001,64,2,0.3,False,32,75,0.0,0.1,10,5,0.5,True,42
weight_decay,0.0,4,4,5,0.6856521295778679,0.7003638585408528,0.001,64,2,0.3,False,32,75,0.0,0.1,10,5,0.5,True,42
weight_decay,0.0,4,4,6,0.679745561245716,0.7266950925191243,0.001,64,2,0.3,False,32,75,0.0,0.1,10,5,0.5,True,42
weight_decay,0.0,4,4,7,0.6758398607824788,0.7045661528905233,0.001,64,2,0.3,False,32,75,0.0,0.1,10,5,0.5,True,42
weight_decay,0.0,4,4,8,0.6685983326398965,0.7427043358484904,0.001,64,2,0.3,False,32,75,0.0,0.1,10,5,0.5,True,42
weight_decay,0.0,4,4,9,0.6600780220645847,0.7434138059616089,0.001,64,2,0.3,False,32,75,0.0,0.1,10,5,0.5,True,42
weight_decay,0.0,4,4,10,0.6522292119987083,0.7505105495452881,0.001,64,2,0.3,False,32,75,0.0,0.1,10,5,0.5,True,42
weight_decay,0.0,4,4,11,0.6433064797610948,0.7916933417320251,0.001,64,2,0.3,False,32,75,0.0,0.1,10,5,0.5,True,42
weight_decay,0.0,5,5,1,0.6946111619472504,0.691385809580485,0.001,64,2,0.3,False,32,75,0.0,0.1,10,5,0.5,True,42
weight_decay,0.0,5,5,2,0.6925872198560021,0.6900024771690368,0.001,64,2,0.3,False,32,75,0.0,0.1,10,5,0.5,True,42
weight_decay,0.0,5,5,3,0.6911893044457291,0.6888672749201457,0.001,64,2,0.3,False,32,75,0.0,0.1,10,5,0.5,True,42
weight_decay,0.0,5,5,4,0.6878986453468149,0.6907337864240011,0.001,64,2,0.3,False,32,75,0.0,0.1,10,5,0.5,True,42
weight_decay,0.0,5,5,5,0.687242511546973,0.6912239551544189,0.001,64,2,0.3,False,32,75,0.0,0.1,10,5,0.5,True,42
weight_decay,0.0,5,5,6,0.6814900027080015,0.6974608699480692,0.001,64,2,0.3,False,32,75,0.0,0.1,10,5,0.5,True,42
weight_decay,0.0,5,5,7,0.6755767116943995,0.697934643427531,0.001,64,2,0.3,False,32,75,0.0,0.1,10,5,0.5,True,42
weight_decay,0.0,5,5,8,0.6652367954904382,0.6937612652778625,0.001,64,2,0.3,False,32,75,0.0,0.1,10,5,0.5,True,42
weight_decay,0.0,5,5,9,0.6735746481201865,0.70246395667394,0.001,64,2,0.3,False,32,75,0.0,0.1,10,5,0.5,True,42
weight_decay,0.0,5,5,10,0.6575149528004907,0.7120271801948548,0.001,64,2,0.3,False,32,75,0.0,0.1,10,5,0.5,True,42
weight_decay,0.0,5,5,11,0.6498850213758873,0.7148998498916626,0.001,64,2,0.3,False,32,75,0.0,0.1,10,5,0.5,True,42
weight_decay,0.0,5,5,12,0.6405121494423259,0.7209303776423136,0.001,64,2,0.3,False,32,75,0.0,0.1,10,5,0.5,True,42
weight_decay,0.0,5,5,13,0.6337511571067752,0.7498781283696493,0.001,64,2,0.3,False,32,75,0.0,0.1,10,5,0.5,True,42
weight_decay,0.0,6,6,1,0.6944422825719371,0.6932820081710815,0.001,64,2,0.3,False,32,75,0.0,0.1,10,5,0.5,True,42
weight_decay,0.0,6,6,2,0.6931118662610198,0.6922725478808085,0.001,64,2,0.3,False,32,75,0.0,0.1,10,5,0.5,True,42
weight_decay,0.0,6,6,3,0.6918648463307004,0.6920681158701579,0.001,64,2,0.3,False,32,75,0.0,0.1,10,5,0.5,True,42
weight_decay,0.0,6,6,4,0.6905311675685825,0.6922649502754211,0.001,64,2,0.3,False,32,75,0.0,0.1,10,5,0.5,True,42
weight_decay,0.0,6,6,5,0.6872084231087656,0.6949796239535014,0.001,64,2,0.3,False,32,75,0.0,0.1,10,5,0.5,True,42
weight_decay,0.0,6,6,6,0.6843529862887932,0.6933343529701232,0.001,64,2,0.3,False,32,75,0.0,0.1,10,5,0.5,True,42
weight_decay,0.0,6,6,7,0.6807696674809312,0.7058221181233724,0.001,64,2,0.3,False,32,75,0.0,0.1,10,5,0.5,True,42
weight_decay,0.0,6,6,8,0.6732998314228925,0.7087538838386536,0.001,64,2,0.3,False,32,75,0.0,0.1,10,5,0.5,True,42
weight_decay,0.0,6,6,9,0.6677821323727117,0.723368748029073,0.001,64,2,0.3,False,32,75,0.0,0.1,10,5,0.5,True,42
weight_decay,0.0,6,6,10,0.6529995442339869,0.735491943359375,0.001,64,2,0.3,False,32,75,0.0,0.1,10,5,0.5,True,42
weight_decay,0.0,6,6,11,0.6416955648949652,0.7591498533884684,0.001,64,2,0.3,False,32,75,0.0,0.1,10,5,0.5,True,42
weight_decay,0.0,6,6,12,0.6379877626895905,0.748542328675588,0.001,64,2,0.3,False,32,75,0.0,0.1,10,5,0.5,True,42
weight_decay,0.0,6,6,13,0.6277178288860754,0.7626986145973206,0.001,64,2,0.3,False,32,75,0.0,0.1,10,5,0.5,True,42
weight_decay,0.0,7,7,1,0.6939250095324083,0.6925721486409505,0.001,64,2,0.3,False,32,75,0.0,0.1,10,5,0.5,True,42
weight_decay,0.0,7,7,2,0.6923322149298408,0.6919473528861999,0.001,64,2,0.3,False,32,75,0.0,0.1,10,5,0.5,True,42
weight_decay,0.0,7,7,3,0.6915920530304764,0.6920319239298502,0.001,64,2,0.3,False,32,75,0.0,0.1,10,5,0.5,True,42
weight_decay,0.0,7,7,4,0.6883959381869345,0.6933796922365825,0.001,64,2,0.3,False,32,75,0.0,0.1,10,5,0.5,True,42
weight_decay,0.0,7,7,5,0.6860447426637014,0.6994816899299622,0.001,64,2,0.3,False,32,75,0.0,0.1,10,5,0.5,True,42
weight_decay,0.0,7,7,6,0.6845871819691225,0.6993416349093119,0.001,64,2,0.3,False,32,75,0.0,0.1,10,5,0.5,True,42
weight_decay,0.0,7,7,7,0.6787635774323435,0.7024917085965474,0.001,64,2,0.3,False,32,75,0.0,0.1,10,5,0.5,True,42
weight_decay,0.0,7,7,8,0.6721815037907977,0.7122739712397258,0.001,64,2,0.3,False,32,75,0.0,0.1,10,5,0.5,True,42
weight_decay,0.0,7,7,9,0.6554536020213907,0.7299235701560974,0.001,64,2,0.3,False,32,75,0.0,0.1,10,5,0.5,True,42
weight_decay,0.0,7,7,10,0.6473576918695912,0.7381125450134277,0.001,64,2,0.3,False,32,75,0.0,0.1,10,5,0.5,True,42
weight_decay,0.0,7,7,11,0.6300897415388714,0.7547972361246745,0.001,64,2,0.3,False,32,75,0.0,0.1,10,5,0.5,True,42
weight_decay,0.0,7,7,12,0.6240602736220215,0.7625560243924459,0.001,64,2,0.3,False,32,75,0.0,0.1,10,5,0.5,True,42
weight_decay,0.0,8,8,1,0.6943504747116205,0.6937673807144165,0.001,64,2,0.3,False,32,75,0.0,0.1,10,5,0.5,True,42
weight_decay,0.0,8,8,2,0.6926564926450903,0.6929468075434367,0.001,64,2,0.3,False,32,75,0.0,0.1,10,5,0.5,True,42
weight_decay,0.0,8,8,3,0.6912924182234388,0.6917335073153178,0.001,64,2,0.3,False,32,75,0.0,0.1,10,5,0.5,True,42
weight_decay,0.0,8,8,4,0.6901549629189752,0.6909107247988383,0.001,64,2,0.3,False,32,75,0.0,0.1,10,5,0.5,True,42
weight_decay,0.0,8,8,5,0.6863754391670227,0.6904994567235311,0.001,64,2,0.3,False,32,75,0.0,0.1,10,5,0.5,True,42
weight_decay,0.0,8,8,6,0.6826375501625466,0.6954426288604736,0.001,64,2,0.3,False,32,75,0.0,0.1,10,5,0.5,True,42
weight_decay,0.0,8,8,7,0.6779576251001069,0.7017752289772033,0.001,64,2,0.3,False,32,75,0.0,0.1,10,5,0.5,True,42
weight_decay,0.0,8,8,8,0.6699466050574274,0.7011843721071879,0.001,64,2,0.3,False,32,75,0.0,0.1,10,5,0.5,True,42
weight_decay,0.0,8,8,9,0.6615139909765937,0.7337307135264078,0.001,64,2,0.3,False,32,75,0.0,0.1,10,5,0.5,True,42
weight_decay,0.0,8,8,10,0.6533739986744794,0.738988745212555,0.001,64,2,0.3,False,32,75,0.0,0.1,10,5,0.5,True,42
weight_decay,0.0,8,8,11,0.6409140992345232,0.7241529901822408,0.001,64,2,0.3,False,32,75,0.0,0.1,10,5,0.5,True,42
weight_decay,0.0,8,8,12,0.6135244075999116,0.7897566000620524,0.001,64,2,0.3,False,32,75,0.0,0.1,10,5,0.5,True,42
weight_decay,0.0,8,8,13,0.5927303783369787,0.8363923827807108,0.001,64,2,0.3,False,32,75,0.0,0.1,10,5,0.5,True,42
weight_decay,0.0,8,8,14,0.5866437631122994,0.8311408400535584,0.001,64,2,0.3,False,32,75,0.0,0.1,10,5,0.5,True,42
weight_decay,0.0,8,8,15,0.5647975037043745,0.84625217517217,0.001,64,2,0.3,False,32,75,0.0,0.1,10,5,0.5,True,42
weight_decay,0.0,9,9,1,0.6942895610224117,0.6933648626009623,0.001,64,2,0.3,False,32,75,0.0,0.1,10,5,0.5,True,42
weight_decay,0.0,9,9,2,0.6923532535632452,0.6918994506200155,0.001,64,2,0.3,False,32,75,0.0,0.1,10,5,0.5,True,42
weight_decay,0.0,9,9,3,0.6905339315082087,0.6922861735026041,0.001,64,2,0.3,False,32,75,0.0,0.1,10,5,0.5,True,42
weight_decay,0.0,9,9,4,0.6874647176626957,0.691816492875417,0.001,64,2,0.3,False,32,75,0.0,0.1,10,5,0.5,True,42
weight_decay,0.0,9,9,5,0.6849943485223886,0.6967995842297872,0.001,64,2,0.3,False,32,75,0.0,0.1,10,5,0.5,True,42
weight_decay,0.0,9,9,6,0.6784507176189711,0.7165342450141907,0.001,64,2,0.3,False,32,75,0.0,0.1,10,5,0.5,True,42
weight_decay,0.0,9,9,7,0.6752158873008959,0.7191300233205159,0.001,64,2,0.3,False,32,75,0.0,0.1,10,5,0.5,True,42
weight_decay,0.0,9,9,8,0.6690548956394196,0.7281467914581299,0.001,64,2,0.3,False,32,75,0.0,0.1,10,5,0.5,True,42
weight_decay,0.0,9,9,9,0.6696601333943281,0.716471529006958,0.001,64,2,0.3,False,32,75,0.0,0.1,10,5,0.5,True,42
weight_decay,0.0,9,9,10,0.6558071939331113,0.7349544326464336,0.001,64,2,0.3,False,32,75,0.0,0.1,10,5,0.5,True,42
weight_decay,0.0,9,9,11,0.6382624114101584,0.7504688660303752,0.001,64,2,0.3,False,32,75,0.0,0.1,10,5,0.5,True,42
weight_decay,0.0,9,9,12,0.6314502349405577,0.7703146457672119,0.001,64,2,0.3,False,32,75,0.0,0.1,10,5,0.5,True,42
weight_decay,0.0,9,9,13,0.6239140101454475,0.7773844957351684,0.001,64,2,0.3,False,32,75,0.0,0.1,10,5,0.5,True,42
weight_decay,0.0,9,9,14,0.6127816574140028,0.8109209736188253,0.001,64,2,0.3,False,32,75,0.0,0.1,10,5,0.5,True,42
weight_decay,0.0,10,10,1,0.6940674966934955,0.6929762959480286,0.001,64,2,0.3,False,32,75,0.0,0.1,10,5,0.5,True,42
weight_decay,0.0,10,10,2,0.6923478390231277,0.6936151385307312,0.001,64,2,0.3,False,32,75,0.0,0.1,10,5,0.5,True,42
weight_decay,0.0,10,10,3,0.6917038690863233,0.6934195796648661,0.001,64,2,0.3,False,32,75,0.0,0.1,10,5,0.5,True,42
weight_decay,0.0,10,10,4,0.6890798712318594,0.6935618837674459,0.001,64,2,0.3,False,32,75,0.0,0.1,10,5,0.5,True,42
weight_decay,0.0,10,10,5,0.6872485483234579,0.6979439735412598,0.001,64,2,0.3,False,32,75,0.0,0.1,10,5,0.5,True,42
weight_decay,0.0,10,10,6,0.6817145871393608,0.6997238278388977,0.001,64,2,0.3,False,32,75,0.0,0.1,10,5,0.5,True,42
weight_decay,0.0,10,10,7,0.6779626138282545,0.7099033315976461,0.001,64,2,0.3,False,32,75,0.0,0.1,10,5,0.5,True,42
weight_decay,0.0,10,10,8,0.668587245724418,0.7231170892715454,0.001,64,2,0.3,False,32,75,0.0,0.1,10,5,0.5,True,42
weight_decay,0.0,10,10,9,0.6584965139627457,0.7471651077270508,0.001,64,2,0.3,False,32,75,0.0,0.1,10,5,0.5,True,42
weight_decay,0.0,10,10,10,0.6516444421175754,0.74308260679245,0.001,64,2,0.3,False,32,75,0.0,0.1,10,5,0.5,True,42
weight_decay,0.0,10,10,11,0.6449415733416876,0.7371862212816874,0.001,64,2,0.3,False,32,75,0.0,0.1,10,5,0.5,True,42
weight_decay,0.0,11,11,1,0.693443036440647,0.6966392159461975,0.001,64,2,0.3,False,32,75,0.0,0.1,10,5,0.5,True,42
weight_decay,0.0,11,11,2,0.6932104794364987,0.6931416630744934,0.001,64,2,0.3,False,32,75,0.0,0.1,10,5,0.5,True,42
weight_decay,0.0,11,11,3,0.6919410653186567,0.6935917139053345,0.001,64,2,0.3,False,32,75,0.0,0.1,10,5,0.5,True,42
weight_decay,0.0,11,11,4,0.6895330986290267,0.6955324093500773,0.001,64,2,0.3,False,32,75,0.0,0.1,10,5,0.5,True,42
weight_decay,0.0,11,11,5,0.6873175533431949,0.7003663698832194,0.001,64,2,0.3,False,32,75,0.0,0.1,10,5,0.5,True,42
weight_decay,0.0,11,11,6,0.6818049261064241,0.7048264543215433,0.001,64,2,0.3,False,32,75,0.0,0.1,10,5,0.5,True,42
weight_decay,0.0,11,11,7,0.6802512786605142,0.7083353082338969,0.001,64,2,0.3,False,32,75,0.0,0.1,10,5,0.5,True,42
weight_decay,0.0,11,11,8,0.6734003180807288,0.7150259455045064,0.001,64,2,0.3,False,32,75,0.0,0.1,10,5,0.5,True,42
weight_decay,0.0,11,11,9,0.6625880481618823,0.7179464975992839,0.001,64,2,0.3,False,32,75,0.0,0.1,10,5,0.5,True,42
weight_decay,0.0,11,11,10,0.6552133804017847,0.7319565614064535,0.001,64,2,0.3,False,32,75,0.0,0.1,10,5,0.5,True,42
weight_decay,0.0,11,11,11,0.6468744300531618,0.7437680800755818,0.001,64,2,0.3,False,32,75,0.0,0.1,10,5,0.5,True,42
weight_decay,0.0,11,11,12,0.6414419940926812,0.743497629960378,0.001,64,2,0.3,False,32,75,0.0,0.1,10,5,0.5,True,42
weight_decay,0.0,12,12,1,0.6939692027641066,0.692832064628601,0.001,64,2,0.3,False,32,75,0.0,0.1,10,5,0.5,True,42
weight_decay,0.0,12,12,2,0.6936098711960244,0.6907830516497294,0.001,64,2,0.3,False,32,75,0.0,0.1,10,5,0.5,True,42
weight_decay,0.0,12,12,3,0.6921305123603705,0.6907607555389405,0.001,64,2,0.3,False,32,75,0.0,0.1,10,5,0.5,True,42
weight_decay,0.0,12,12,4,0.6905354514266505,0.6903512517611186,0.001,64,2,0.3,False,32,75,0.0,0.1,10,5,0.5,True,42
weight_decay,0.0,12,12,5,0.688285436594125,0.689914325873057,0.001,64,2,0.3,False,32,75,0.0,0.1,10,5,0.5,True,42
weight_decay,0.0,12,12,6,0.6845226441368912,0.6907713969548543,0.001,64,2,0.3,False,32,75,0.0,0.1,10,5,0.5,True,42
weight_decay,0.0,12,12,7,0.6802301781647133,0.6940032283465067,0.001,64,2,0.3,False,32,75,0.0,0.1,10,5,0.5,True,42
weight_decay,0.0,12,12,8,0.6774833703582938,0.704496435324351,0.001,64,2,0.3,False,32,75,0.0,0.1,10,5,0.5,True,42
weight_decay,0.0,12,12,9,0.6677535352381793,0.713776417573293,0.001,64,2,0.3,False,32,75,0.0,0.1,10,5,0.5,True,42
weight_decay,0.0,12,12,10,0.6550945567362236,0.7174628973007202,0.001,64,2,0.3,False,32,75,0.0,0.1,10,5,0.5,True,42
weight_decay,0.0,12,12,11,0.6445166572476878,0.7519454638163249,0.001,64,2,0.3,False,32,75,0.0,0.1,10,5,0.5,True,42
weight_decay,0.0,12,12,12,0.622403166510842,0.7605673511823018,0.001,64,2,0.3,False,32,75,0.0,0.1,10,5,0.5,True,42
weight_decay,0.0,12,12,13,0.6062257849808895,0.7940794189771017,0.001,64,2,0.3,False,32,75,0.0,0.1,10,5,0.5,True,42
weight_decay,0.0,12,12,14,0.5935013384530039,0.7913039247194926,0.001,64,2,0.3,False,32,75,0.0,0.1,10,5,0.5,True,42
weight_decay,0.0,12,12,15,0.5799108350818808,0.8128482858339946,0.001,64,2,0.3,False,32,75,0.0,0.1,10,5,0.5,True,42
weight_decay,0.0,13,13,1,0.6951538974588568,0.6957233905792236,0.001,64,2,0.3,False,32,75,0.0,0.1,10,5,0.5,True,42
weight_decay,0.0,13,13,2,0.6916151782779982,0.6966546217600504,0.001,64,2,0.3,False,32,75,0.0,0.1,10,5,0.5,True,42
weight_decay,0.0,13,13,3,0.6927326235807303,0.6933303912480672,0.001,64,2,0.3,False,32,75,0.0,0.1,10,5,0.5,True,42
weight_decay,0.0,13,13,4,0.6892811944990447,0.6941701610883076,0.001,64,2,0.3,False,32,75,0.0,0.1,10,5,0.5,True,42
weight_decay,0.0,13,13,5,0.6863021082950361,0.6914060433705648,0.001,64,2,0.3,False,32,75,0.0,0.1,10,5,0.5,True,42
weight_decay,0.0,13,13,6,0.6851167999433748,0.692755417029063,0.001,64,2,0.3,False,32,75,0.0,0.1,10,5,0.5,True,42
weight_decay,0.0,13,13,7,0.6820879939830664,0.6922179261843363,0.001,64,2,0.3,False,32,75,0.0,0.1,10,5,0.5,True,42
weight_decay,0.0,13,13,8,0.6748565128355315,0.6987993439038594,0.001,64,2,0.3,False,32,75,0.0,0.1,10,5,0.5,True,42
weight_decay,0.0,13,13,9,0.6709449878244689,0.7039302984873453,0.001,64,2,0.3,False,32,75,0.0,0.1,10,5,0.5,True,42
weight_decay,0.0,13,13,10,0.6619807323723128,0.7022351106007894,0.001,64,2,0.3,False,32,75,0.0,0.1,10,5,0.5,True,42
weight_decay,0.0,13,13,11,0.6512164627060746,0.710775891939799,0.001,64,2,0.3,False,32,75,0.0,0.1,10,5,0.5,True,42
weight_decay,0.0,13,13,12,0.6337156042908177,0.7340790152549743,0.001,64,2,0.3,False,32,75,0.0,0.1,10,5,0.5,True,42
weight_decay,0.0,13,13,13,0.6149283462401592,0.7528990228970845,0.001,64,2,0.3,False,32,75,0.0,0.1,10,5,0.5,True,42
weight_decay,0.0,13,13,14,0.6065294209754828,0.7474563161532084,0.001,64,2,0.3,False,32,75,0.0,0.1,10,5,0.5,True,42
weight_decay,0.0,13,13,15,0.5928642521753456,0.7719218730926514,0.001,64,2,0.3,False,32,75,0.0,0.1,10,5,0.5,True,42
weight_decay,0.0,14,14,1,0.6935540058396079,0.6931405941645304,0.001,64,2,0.3,False,32,75,0.0,0.1,10,5,0.5,True,42
weight_decay,0.0,14,14,2,0.6927203287680944,0.6938965479532878,0.001,64,2,0.3,False,32,75,0.0,0.1,10,5,0.5,True,42
weight_decay,0.0,14,14,3,0.6911580404548934,0.6906919201215108,0.001,64,2,0.3,False,32,75,0.0,0.1,10,5,0.5,True,42
weight_decay,0.0,14,14,4,0.689848749926596,0.6903374036153157,0.001,64,2,0.3,False,32,75,0.0,0.1,10,5,0.5,True,42
weight_decay,0.0,14,14,5,0.6856254239877065,0.690480891863505,0.001,64,2,0.3,False,32,75,0.0,0.1,10,5,0.5,True,42
weight_decay,0.0,14,14,6,0.6845120882446115,0.6929675022761027,0.001,64,2,0.3,False,32,75,0.0,0.1,10,5,0.5,True,42
weight_decay,0.0,14,14,7,0.677244038292856,0.6908825914065043,0.001,64,2,0.3,False,32,75,0.0,0.1,10,5,0.5,True,42
weight_decay,0.0,14,14,8,0.6720013243682457,0.6937483032544454,0.001,64,2,0.3,False,32,75,0.0,0.1,10,5,0.5,True,42
weight_decay,0.0,14,14,9,0.6627678559585051,0.7024476965268452,0.001,64,2,0.3,False,32,75,0.0,0.1,10,5,0.5,True,42
weight_decay,0.0,14,14,10,0.6495941258741148,0.7438313126564026,0.001,64,2,0.3,False,32,75,0.0,0.1,10,5,0.5,True,42
weight_decay,0.0,14,14,11,0.6338352583574526,0.7361585179964701,0.001,64,2,0.3,False,32,75,0.0,0.1,10,5,0.5,True,42
weight_decay,0.0,14,14,12,0.620294652653463,0.7532651623090109,0.001,64,2,0.3,False,32,75,0.0,0.1,10,5,0.5,True,42
weight_decay,0.0,14,14,13,0.6083804463798349,0.7665322264035542,0.001,64,2,0.3,False,32,75,0.0,0.1,10,5,0.5,True,42
weight_decay,0.0,14,14,14,0.5978466906782353,0.7712833245595296,0.001,64,2,0.3,False,32,75,0.0,0.1,10,5,0.5,True,42
weight_decay,0.0,15,15,1,0.6942896237879088,0.6922946214675904,0.001,64,2,0.3,False,32,75,0.0,0.1,10,5,0.5,True,42
weight_decay,0.0,15,15,2,0.6927605984788953,0.6928560018539429,0.001,64,2,0.3,False,32,75,0.0,0.1,10,5,0.5,True,42
weight_decay,0.0,15,15,3,0.6912546225569465,0.69361732006073,0.001,64,2,0.3,False,32,75,0.0,0.1,10,5,0.5,True,42
weight_decay,0.0,15,15,4,0.690279246731238,0.6953635970751445,0.001,64,2,0.3,False,32,75,0.0,0.1,10,5,0.5,True,42
weight_decay,0.0,15,15,5,0.6872916731870535,0.6942706147829691,0.001,64,2,0.3,False,32,75,0.0,0.1,10,5,0.5,True,42
weight_decay,0.0,15,15,6,0.6845746090014776,0.6948273380597433,0.001,64,2,0.3,False,32,75,0.0,0.1,10,5,0.5,True,42
weight_decay,0.0,15,15,7,0.6806208784833099,0.703103776772817,0.001,64,2,0.3,False,32,75,0.0,0.1,10,5,0.5,True,42
weight_decay,0.0,15,15,8,0.6697348487196546,0.735002585252126,0.001,64,2,0.3,False,32,75,0.0,0.1,10,5,0.5,True,42
weight_decay,0.0,15,15,9,0.6627440050695882,0.7231026371320088,0.001,64,2,0.3,False,32,75,0.0,0.1,10,5,0.5,True,42
weight_decay,0.0,15,15,10,0.6533745915600748,0.7342938184738159,0.001,64,2,0.3,False,32,75,0.0,0.1,10,5,0.5,True,42
weight_decay,0.0,15,15,11,0.6442173299464312,0.7459186275800069,0.001,64,2,0.3,False,32,75,0.0,0.1,10,5,0.5,True,42
weight_decay,0.0,16,16,1,0.6941349854071935,0.6936789512634277,0.001,64,2,0.3,False,32,75,0.0,0.1,10,5,0.5,True,42
weight_decay,0.0,16,16,2,0.6928719286665772,0.6930435776710511,0.001,64,2,0.3,False,32,75,0.0,0.1,10,5,0.5,True,42
weight_decay,0.0,16,16,3,0.6911167226957552,0.6947539409001668,0.001,64,2,0.3,False,32,75,0.0,0.1,10,5,0.5,True,42
weight_decay,0.0,16,16,4,0.690827697967038,0.6926866094271342,0.001,64,2,0.3,False,32,75,0.0,0.1,10,5,0.5,True,42
weight_decay,0.0,16,16,5,0.6888229449590048,0.6914864540100097,0.001,64,2,0.3,False,32,75,0.0,0.1,10,5,0.5,True,42
weight_decay,0.0,16,16,6,0.685032563679146,0.6931756734848022,0.001,64,2,0.3,False,32,75,0.0,0.1,10,5,0.5,True,42
weight_decay,0.0,16,16,7,0.6818893470547416,0.7042309761047363,0.001,64,2,0.3,False,32,75,0.0,0.1,10,5,0.5,True,42
weight_decay,0.0,16,16,8,0.6728601067355184,0.7101527492205302,0.001,64,2,0.3,False,32,75,0.0,0.1,10,5,0.5,True,42
weight_decay,0.0,16,16,9,0.6670568449930712,0.709506074587504,0.001,64,2,0.3,False,32,75,0.0,0.1,10,5,0.5,True,42
weight_decay,0.0,16,16,10,0.6578755771571939,0.7135412931442261,0.001,64,2,0.3,False,32,75,0.0,0.1,10,5,0.5,True,42
weight_decay,0.0,16,16,11,0.6483336531303145,0.7337993462880452,0.001,64,2,0.3,False,32,75,0.0,0.1,10,5,0.5,True,42
weight_decay,0.0,16,16,12,0.623315005139871,0.7481709917386373,0.001,64,2,0.3,False,32,75,0.0,0.1,10,5,0.5,True,42
weight_decay,0.0,16,16,13,0.606143939901482,0.7933100740114848,0.001,64,2,0.3,False,32,75,0.0,0.1,10,5,0.5,True,42
weight_decay,0.0,16,16,14,0.5963440898692969,0.8280386408170064,0.001,64,2,0.3,False,32,75,0.0,0.1,10,5,0.5,True,42
weight_decay,0.0,16,16,15,0.5780002041296526,0.8321357210477193,0.001,64,2,0.3,False,32,75,0.0,0.1,10,5,0.5,True,42
weight_decay,0.0,17,17,1,0.6936638459111705,0.6927887638409932,0.001,64,2,0.3,False,32,75,0.0,0.1,10,5,0.5,True,42
weight_decay,0.0,17,17,2,0.6929588263685053,0.6918750882148743,0.001,64,2,0.3,False,32,75,0.0,0.1,10,5,0.5,True,42
weight_decay,0.0,17,17,3,0.6920036447770668,0.6889170368512472,0.001,64,2,0.3,False,32,75,0.0,0.1,10,5,0.5,True,42
weight_decay,0.0,17,17,4,0.6905556578527797,0.6882233142852783,0.001,64,2,0.3,False,32,75,0.0,0.1,10,5,0.5,True,42
weight_decay,0.0,17,17,5,0.6869339446226755,0.6907389998435974,0.001,64,2,0.3,False,32,75,0.0,0.1,10,5,0.5,True,42
weight_decay,0.0,17,17,6,0.6843203992554636,0.6847630739212036,0.001,64,2,0.3,False,32,75,0.0,0.1,10,5,0.5,True,42
weight_decay,0.0,17,17,7,0.6804012602025812,0.6860480586687724,0.001,64,2,0.3,False,32,75,0.0,0.1,10,5,0.5,True,42
weight_decay,0.0,17,17,8,0.6708022356033325,0.6952380537986755,0.001,64,2,0.3,False,32,75,0.0,0.1,10,5,0.5,True,42
weight_decay,0.0,17,17,9,0.6638778642271504,0.6903613726298015,0.001,64,2,0.3,False,32,75,0.0,0.1,10,5,0.5,True,42
weight_decay,0.0,17,17,10,0.6527132671890836,0.7071703791618347,0.001,64,2,0.3,False,32,75,0.0,0.1,10,5,0.5,True,42
weight_decay,0.0,17,17,11,0.6455939610799154,0.7058605790138245,0.001,64,2,0.3,False,32,75,0.0,0.1,10,5,0.5,True,42
weight_decay,0.0,17,17,12,0.6338703140164866,0.7347439130147299,0.001,64,2,0.3,False,32,75,0.0,0.1,10,5,0.5,True,42
weight_decay,0.0,17,17,13,0.6086941770080364,0.7489523887634277,0.001,64,2,0.3,False,32,75,0.0,0.1,10,5,0.5,True,42
weight_decay,0.0,17,17,14,0.5956226675347849,0.7822342276573181,0.001,64,2,0.3,False,32,75,0.0,0.1,10,5,0.5,True,42
weight_decay,0.0,17,17,15,0.5771657219438842,0.8216645916302999,0.001,64,2,0.3,False,32,75,0.0,0.1,10,5,0.5,True,42
weight_decay,0.0,17,17,16,0.5725249499082565,0.7904873172442118,0.001,64,2,0.3,False,32,75,0.0,0.1,10,5,0.5,True,42
weight_decay,0.0,18,18,1,0.6940733289176767,0.6943878372510274,0.001,64,2,0.3,False,32,75,0.0,0.1,10,5,0.5,True,42
weight_decay,0.0,18,18,2,0.6928711501937924,0.6924655357996623,0.001,64,2,0.3,False,32,75,0.0,0.1,10,5,0.5,True,42
weight_decay,0.0,18,18,3,0.6916373950062376,0.6915053606033326,0.001,64,2,0.3,False,32,75,0.0,0.1,10,5,0.5,True,42
weight_decay,0.0,18,18,4,0.69085460404555,0.690557583173116,0.001,64,2,0.3,False,32,75,0.0,0.1,10,5,0.5,True,42
weight_decay,0.0,18,18,5,0.687166021177263,0.6974801182746887,0.001,64,2,0.3,False,32,75,0.0,0.1,10,5,0.5,True,42
weight_decay,0.0,18,18,6,0.6848508625319509,0.6903012911478679,0.001,64,2,0.3,False,32,75,0.0,0.1,10,5,0.5,True,42
weight_decay,0.0,18,18,7,0.6807320727543398,0.693017856280009,0.001,64,2,0.3,False,32,75,0.0,0.1,10,5,0.5,True,42
weight_decay,0.0,18,18,8,0.6749530831972758,0.7104060967763265,0.001,64,2,0.3,False,32,75,0.0,0.1,10,5,0.5,True,42
weight_decay,0.0,18,18,9,0.669285611672835,0.7118180871009827,0.001,64,2,0.3,False,32,75,0.0,0.1,10,5,0.5,True,42
weight_decay,0.0,18,18,10,0.6649905998598445,0.7205456058184306,0.001,64,2,0.3,False,32,75,0.0,0.1,10,5,0.5,True,42
weight_decay,0.0,18,18,11,0.6512883111382975,0.7369817733764649,0.001,64,2,0.3,False,32,75,0.0,0.1,10,5,0.5,True,42
weight_decay,0.0,18,18,12,0.6399784410993258,0.7368289709091187,0.001,64,2,0.3,False,32,75,0.0,0.1,10,5,0.5,True,42
weight_decay,0.0,18,18,13,0.61735984953967,0.7935479482014974,0.001,64,2,0.3,False,32,75,0.0,0.1,10,5,0.5,True,42
weight_decay,0.0,18,18,14,0.5968641155596935,0.8111079692840576,0.001,64,2,0.3,False,32,75,0.0,0.1,10,5,0.5,True,42
weight_decay,0.0,18,18,15,0.5855634614373698,0.8760010361671448,0.001,64,2,0.3,False,32,75,0.0,0.1,10,5,0.5,True,42
weight_decay,0.0,18,18,16,0.5699853122685895,0.8865413029988607,0.001,64,2,0.3,False,32,75,0.0,0.1,10,5,0.5,True,42
weight_decay,0.0,19,19,1,0.6933975648699384,0.6919427434603374,0.001,64,2,0.3,False,32,75,0.0,0.1,10,5,0.5,True,42
weight_decay,0.0,19,19,2,0.6923669883699128,0.6938642779986064,0.001,64,2,0.3,False,32,75,0.0,0.1,10,5,0.5,True,42
weight_decay,0.0,19,19,3,0.6910936087369919,0.6923711935679118,0.001,64,2,0.3,False,32,75,0.0,0.1,10,5,0.5,True,42
weight_decay,0.0,19,19,4,0.6892200577439684,0.6985859632492065,0.001,64,2,0.3,False,32,75,0.0,0.1,10,5,0.5,True,42
weight_decay,0.0,19,19,5,0.685222813577363,0.6932728091875712,0.001,64,2,0.3,False,32,75,0.0,0.1,10,5,0.5,True,42
weight_decay,0.0,19,19,6,0.6783451821767923,0.7087643702824911,0.001,64,2,0.3,False,32,75,0.0,0.1,10,5,0.5,True,42
weight_decay,0.0,19,19,7,0.6770050701769915,0.6980541427930196,0.001,64,2,0.3,False,32,75,0.0,0.1,10,5,0.5,True,42
weight_decay,0.0,19,19,8,0.6651418001362772,0.7182237346967061,0.001,64,2,0.3,False,32,75,0.0,0.1,10,5,0.5,True,42
weight_decay,0.0,19,19,9,0.6569341317270742,0.7254488547643025,0.001,64,2,0.3,False,32,75,0.0,0.1,10,5,0.5,True,42
weight_decay,0.0,19,19,10,0.6487877034779751,0.7314235846201579,0.001,64,2,0.3,False,32,75,0.0,0.1,10,5,0.5,True,42
weight_decay,0.0,19,19,11,0.6485051131158164,0.7400120258331299,0.001,64,2,0.3,False,32,75,0.0,0.1,10,5,0.5,True,42
weight_decay,0.0,20,20,1,0.6940959533958724,0.6935390194257101,0.001,64,2,0.3,False,32,75,0.0,0.1,10,5,0.5,True,42
weight_decay,0.0,20,20,2,0.6926901742364421,0.6943195263544718,0.001,64,2,0.3,False,32,75,0.0,0.1,10,5,0.5,True,42
weight_decay,0.0,20,20,3,0.6920287256891077,0.6925999005635579,0.001,64,2,0.3,False,32,75,0.0,0.1,10,5,0.5,True,42
weight_decay,0.0,20,20,4,0.6905928940484019,0.6961151520411174,0.001,64,2,0.3,False,32,75,0.0,0.1,10,5,0.5,True,42
weight_decay,0.0,20,20,5,0.688621332248052,0.6973766326904297,0.001,64,2,0.3,False,32,75,0.0,0.1,10,5,0.5,True,42
weight_decay,0.0,20,20,6,0.6845434962800054,0.7094021956125895,0.001,64,2,0.3,False,32,75,0.0,0.1,10,5,0.5,True,42
weight_decay,0.0,20,20,7,0.6804252664248148,0.7117077112197876,0.001,64,2,0.3,False,32,75,0.0,0.1,10,5,0.5,True,42
weight_decay,0.0,20,20,8,0.6764513836665587,0.7123025417327881,0.001,64,2,0.3,False,32,75,0.0,0.1,10,5,0.5,True,42
weight_decay,0.0,20,20,9,0.6707180657170035,0.7230570475260417,0.001,64,2,0.3,False,32,75,0.0,0.1,10,5,0.5,True,42
weight_decay,0.0,20,20,10,0.6539959636601534,0.7381472905476888,0.001,64,2,0.3,False,32,75,0.0,0.1,10,5,0.5,True,42
weight_decay,0.0,20,20,11,0.6441191561294325,0.7463716427485149,0.001,64,2,0.3,False,32,75,0.0,0.1,10,5,0.5,True,42
weight_decay,0.0,20,20,12,0.6348906796086918,0.7569514989852906,0.001,64,2,0.3,False,32,75,0.0,0.1,10,5,0.5,True,42
weight_decay,0.0,20,20,13,0.6258539205247705,0.7731176773707072,0.001,64,2,0.3,False,32,75,0.0,0.1,10,5,0.5,True,42
weight_decay,0.0,21,21,1,0.6942689170440038,0.693419086933136,0.001,64,2,0.3,False,32,75,0.0,0.1,10,5,0.5,True,42
weight_decay,0.0,21,21,2,0.6930618850570737,0.6929311275482177,0.001,64,2,0.3,False,32,75,0.0,0.1,10,5,0.5,True,42
weight_decay,0.0,21,21,3,0.6908967598821177,0.6940871834754944,0.001,64,2,0.3,False,32,75,0.0,0.1,10,5,0.5,True,42
weight_decay,0.0,21,21,4,0.6894492809519623,0.6967765808105468,0.001,64,2,0.3,False,32,75,0.0,0.1,10,5,0.5,True,42
weight_decay,0.0,21,21,5,0.6869847399718834,0.6941165526707967,0.001,64,2,0.3,False,32,75,0.0,0.1,10,5,0.5,True,42
weight_decay,0.0,21,21,6,0.6822426558443995,0.7055537025133769,0.001,64,2,0.3,False,32,75,0.0,0.1,10,5,0.5,True,42
weight_decay,0.0,21,21,7,0.6771882293802319,0.7037212332089742,0.001,64,2,0.3,False,32,75,0.0,0.1,10,5,0.5,True,42
weight_decay,0.0,21,21,8,0.6683273938569155,0.7121108134587606,0.001,64,2,0.3,False,32,75,0.0,0.1,10,5,0.5,True,42
weight_decay,0.0,21,21,9,0.6564725285226648,0.7285238146781922,0.001,64,2,0.3,False,32,75,0.0,0.1,10,5,0.5,True,42
weight_decay,0.0,21,21,10,0.6488246845476555,0.7384950955708821,0.001,64,2,0.3,False,32,75,0.0,0.1,10,5,0.5,True,42
weight_decay,0.0,21,21,11,0.6411120968334603,0.7727020104726156,0.001,64,2,0.3,False,32,75,0.0,0.1,10,5,0.5,True,42
weight_decay,0.0,21,21,12,0.6363818550651724,0.7838706612586975,0.001,64,2,0.3,False,32,75,0.0,0.1,10,5,0.5,True,42
weight_decay,0.0,22,22,1,0.6941578230171492,0.6936781605084738,0.001,64,2,0.3,False,32,75,0.0,0.1,10,5,0.5,True,42
weight_decay,0.0,22,22,2,0.6926594566215168,0.6941877563794454,0.001,64,2,0.3,False,32,75,0.0,0.1,10,5,0.5,True,42
weight_decay,0.0,22,22,3,0.6910753304308112,0.6916599829991659,0.001,64,2,0.3,False,32,75,0.0,0.1,10,5,0.5,True,42
weight_decay,0.0,22,22,4,0.6893320219083265,0.6925876259803772,0.001,64,2,0.3,False,32,75,0.0,0.1,10,5,0.5,True,42
weight_decay,0.0,22,22,5,0.6884350952776995,0.6893242319424947,0.001,64,2,0.3,False,32,75,0.0,0.1,10,5,0.5,True,42
weight_decay,0.0,22,22,6,0.6860613412026203,0.6927632649739583,0.001,64,2,0.3,False,32,75,0.0,0.1,10,5,0.5,True,42
weight_decay,0.0,22,22,7,0.6828411253112735,0.6900999665260314,0.001,64,2,0.3,False,32,75,0.0,0.1,10,5,0.5,True,42
weight_decay,0.0,22,22,8,0.6758555300307997,0.7017951846122742,0.001,64,2,0.3,False,32,75,0.0,0.1,10,5,0.5,True,42
weight_decay,0.0,22,22,9,0.6662397163383889,0.706289267539978,0.001,64,2,0.3,False,32,75,0.0,0.1,10,5,0.5,True,42
weight_decay,0.0,22,22,10,0.6584425889181368,0.7170537789662679,0.001,64,2,0.3,False,32,75,0.0,0.1,10,5,0.5,True,42
weight_decay,0.0,22,22,11,0.6479973885597605,0.7216348687807719,0.001,64,2,0.3,False,32,75,0.0,0.1,10,5,0.5,True,42
weight_decay,0.0,22,22,12,0.6260012735923132,0.7351997653643291,0.001,64,2,0.3,False,32,75,0.0,0.1,10,5,0.5,True,42
weight_decay,0.0,22,22,13,0.61034501976136,0.7595263997713725,0.001,64,2,0.3,False,32,75,0.0,0.1,10,5,0.5,True,42
weight_decay,0.0,22,22,14,0.5992614687843756,0.7794845660527547,0.001,64,2,0.3,False,32,75,0.0,0.1,10,5,0.5,True,42
weight_decay,0.0,22,22,15,0.5858831717209383,0.796816619237264,0.001,64,2,0.3,False,32,75,0.0,0.1,10,5,0.5,True,42
weight_decay,0.0,23,23,1,0.6938580879659364,0.6932714343070984,0.001,64,2,0.3,False,32,75,0.0,0.1,10,5,0.5,True,42
weight_decay,0.0,23,23,2,0.6924880481127537,0.6921079516410827,0.001,64,2,0.3,False,32,75,0.0,0.1,10,5,0.5,True,42
weight_decay,0.0,23,23,3,0.6915907141837206,0.6905024329821269,0.001,64,2,0.3,False,32,75,0.0,0.1,10,5,0.5,True,42
weight_decay,0.0,23,23,4,0.6912066773934797,0.6902328729629517,0.001,64,2,0.3,False,32,75,0.0,0.1,10,5,0.5,True,42
weight_decay,0.0,23,23,5,0.6891571378166025,0.6891582568486532,0.001,64,2,0.3,False,32,75,0.0,0.1,10,5,0.5,True,42
weight_decay,0.0,23,23,6,0.6853958557952534,0.6895345489184062,0.001,64,2,0.3,False,32,75,0.0,0.1,10,5,0.5,True,42
weight_decay,0.0,23,23,7,0.6819837156570319,0.6897000471750895,0.001,64,2,0.3,False,32,75,0.0,0.1,10,5,0.5,True,42
weight_decay,0.0,23,23,8,0.6750639500943098,0.6983595609664917,0.001,64,2,0.3,False,32,75,0.0,0.1,10,5,0.5,True,42
weight_decay,0.0,23,23,9,0.6690674369985407,0.7014840960502624,0.001,64,2,0.3,False,32,75,0.0,0.1,10,5,0.5,True,42
weight_decay,0.0,23,23,10,0.659321617899519,0.7192102034886678,0.001,64,2,0.3,False,32,75,0.0,0.1,10,5,0.5,True,42
weight_decay,0.0,23,23,11,0.6530248753049157,0.7224424759546916,0.001,64,2,0.3,False,32,75,0.0,0.1,10,5,0.5,True,42
weight_decay,0.0,23,23,12,0.6332337723085375,0.7498688062032064,0.001,64,2,0.3,False,32,75,0.0,0.1,10,5,0.5,True,42
weight_decay,0.0,23,23,13,0.6189273103620067,0.756017820040385,0.001,64,2,0.3,False,32,75,0.0,0.1,10,5,0.5,True,42
weight_decay,0.0,23,23,14,0.6159646693955768,0.7634760459264119,0.001,64,2,0.3,False,32,75,0.0,0.1,10,5,0.5,True,42
weight_decay,0.0,23,23,15,0.5954359532757239,0.7805904587109883,0.001,64,2,0.3,False,32,75,0.0,0.1,10,5,0.5,True,42
weight_decay,0.0,24,24,1,0.6941317064421517,0.6931088685989379,0.001,64,2,0.3,False,32,75,0.0,0.1,10,5,0.5,True,42
weight_decay,0.0,24,24,2,0.6933156139868543,0.6915741125742595,0.001,64,2,0.3,False,32,75,0.0,0.1,10,5,0.5,True,42
weight_decay,0.0,24,24,3,0.6916083169162721,0.6914443691571553,0.001,64,2,0.3,False,32,75,0.0,0.1,10,5,0.5,True,42
weight_decay,0.0,24,24,4,0.6895188922272589,0.688476808865865,0.001,64,2,0.3,False,32,75,0.0,0.1,10,5,0.5,True,42
weight_decay,0.0,24,24,5,0.6883403080746644,0.694414210319519,0.001,64,2,0.3,False,32,75,0.0,0.1,10,5,0.5,True,42
weight_decay,0.0,24,24,6,0.6850163483978214,0.6929697076479594,0.001,64,2,0.3,False,32,75,0.0,0.1,10,5,0.5,True,42
weight_decay,0.0,24,24,7,0.6794414408224866,0.6928898692131042,0.001,64,2,0.3,False,32,75,0.0,0.1,10,5,0.5,True,42
weight_decay,0.0,24,24,8,0.6819425592745157,0.6903076847394307,0.001,64,2,0.3,False,32,75,0.0,0.1,10,5,0.5,True,42
weight_decay,0.0,24,24,9,0.6695868220544399,0.6937249541282654,0.001,64,2,0.3,False,32,75,0.0,0.1,10,5,0.5,True,42
weight_decay,0.0,24,24,10,0.6594817194723546,0.7067731658617655,0.001,64,2,0.3,False,32,75,0.0,0.1,10,5,0.5,True,42
weight_decay,0.0,24,24,11,0.642978048414216,0.7145203312238058,0.001,64,2,0.3,False,32,75,0.0,0.1,10,5,0.5,True,42
weight_decay,0.0,24,24,12,0.6370759843883658,0.7182949622472127,0.001,64,2,0.3,False,32,75,0.0,0.1,10,5,0.5,True,42
weight_decay,0.0,24,24,13,0.621717606944249,0.7225583791732788,0.001,64,2,0.3,False,32,75,0.0,0.1,10,5,0.5,True,42
weight_decay,0.0,24,24,14,0.6143156433463993,0.7290265440940857,0.001,64,2,0.3,False,32,75,0.0,0.1,10,5,0.5,True,42
weight_decay,0.0,25,25,1,0.6941653015938672,0.693484381834666,0.001,64,2,0.3,False,32,75,0.0,0.1,10,5,0.5,True,42
weight_decay,0.0,25,25,2,0.6927357623071382,0.6930644432703654,0.001,64,2,0.3,False,32,75,0.0,0.1,10,5,0.5,True,42
weight_decay,0.0,25,25,3,0.6919226086500919,0.6940241893132527,0.001,64,2,0.3,False,32,75,0.0,0.1,10,5,0.5,True,42
weight_decay,0.0,25,25,4,0.6900728959025759,0.6898924668629964,0.001,64,2,0.3,False,32,75,0.0,0.1,10,5,0.5,True,42
weight_decay,0.0,25,25,5,0.6890286401365743,0.6899483601252238,0.001,64,2,0.3,False,32,75,0.0,0.1,10,5,0.5,True,42
weight_decay,0.0,25,25,6,0.6863791333003477,0.6863050778706868,0.001,64,2,0.3,False,32,75,0.0,0.1,10,5,0.5,True,42
weight_decay,0.0,25,25,7,0.6808953140721177,0.6911764740943909,0.001,64,2,0.3,False,32,75,0.0,0.1,10,5,0.5,True,42
weight_decay,0.0,25,25,8,0.6724864136088978,0.7113852143287659,0.001,64,2,0.3,False,32,75,0.0,0.1,10,5,0.5,True,42
weight_decay,0.0,25,25,9,0.6687168722802942,0.742696742216746,0.001,64,2,0.3,False,32,75,0.0,0.1,10,5,0.5,True,42
weight_decay,0.0,25,25,10,0.6622247086329893,0.7170123378435771,0.001,64,2,0.3,False,32,75,0.0,0.1,10,5,0.5,True,42
weight_decay,0.0,25,25,11,0.6499149763222897,0.7179492910703024,0.001,64,2,0.3,False,32,75,0.0,0.1,10,5,0.5,True,42
weight_decay,0.0,25,25,12,0.6414335379094789,0.7488130450248718,0.001,64,2,0.3,False,32,75,0.0,0.1,10,5,0.5,True,42
weight_decay,0.0,25,25,13,0.6242426629319335,0.7687974611918131,0.001,64,2,0.3,False,32,75,0.0,0.1,10,5,0.5,True,42
weight_decay,0.0,25,25,14,0.6034467653794722,0.81432679494222,0.001,64,2,0.3,False,32,75,0.0,0.1,10,5,0.5,True,42
weight_decay,0.0,25,25,15,0.5958441719412804,0.8254869858423869,0.001,64,2,0.3,False,32,75,0.0,0.1,10,5,0.5,True,42
weight_decay,0.0,25,25,16,0.5817425018458655,0.8121906995773316,0.001,64,2,0.3,False,32,75,0.0,0.1,10,5,0.5,True,42
weight_decay,0.0,26,26,1,0.6941507395469781,0.693661383787791,0.001,64,2,0.3,False,32,75,0.0,0.1,10,5,0.5,True,42
weight_decay,0.0,26,26,2,0.6924999351754333,0.6924921949704488,0.001,64,2,0.3,False,32,75,0.0,0.1,10,5,0.5,True,42
weight_decay,0.0,26,26,3,0.691414651094061,0.6911220550537109,0.001,64,2,0.3,False,32,75,0.0,0.1,10,5,0.5,True,42
weight_decay,0.0,26,26,4,0.6890127929774198,0.6907666444778442,0.001,64,2,0.3,False,32,75,0.0,0.1,10,5,0.5,True,42
weight_decay,0.0,26,26,5,0.6871772959376826,0.6984659989674886,0.001,64,2,0.3,False,32,75,0.0,0.1,10,5,0.5,True,42
weight_decay,0.0,26,26,6,0.6835826594721187,0.69606853723526,0.001,64,2,0.3,False,32,75,0.0,0.1,10,5,0.5,True,42
weight_decay,0.0,26,26,7,0.6770508867321592,0.7029303153355916,0.001,64,2,0.3,False,32,75,0.0,0.1,10,5,0.5,True,42
weight_decay,0.0,26,26,8,0.6726155579090118,0.723937459786733,0.001,64,2,0.3,False,32,75,0.0,0.1,10,5,0.5,True,42
weight_decay,0.0,26,26,9,0.6636323721119852,0.7243529836336772,0.001,64,2,0.3,False,32,75,0.0,0.1,10,5,0.5,True,42
weight_decay,0.0,26,26,10,0.6553783041961265,0.7206743439038594,0.001,64,2,0.3,False,32,75,0.0,0.1,10,5,0.5,True,42
weight_decay,0.0,26,26,11,0.6361120916677244,0.7704711476961772,0.001,64,2,0.3,False,32,75,0.0,0.1,10,5,0.5,True,42
weight_decay,0.0,26,26,12,0.6237353400299044,0.8051783442497253,0.001,64,2,0.3,False,32,75,0.0,0.1,10,5,0.5,True,42
weight_decay,0.0,26,26,13,0.6104889437556267,0.795266842842102,0.001,64,2,0.3,False,32,75,0.0,0.1,10,5,0.5,True,42
weight_decay,0.0,26,26,14,0.6033311314655073,0.8167090892791748,0.001,64,2,0.3,False,32,75,0.0,0.1,10,5,0.5,True,42
weight_decay,0.0,27,27,1,0.6946899452895829,0.6940799196561177,0.001,64,2,0.3,False,32,75,0.0,0.1,10,5,0.5,True,42
weight_decay,0.0,27,27,2,0.6929824379357424,0.694391926129659,0.001,64,2,0.3,False,32,75,0.0,0.1,10,5,0.5,True,42
weight_decay,0.0,27,27,3,0.6921504776586186,0.6933876395225524,0.001,64,2,0.3,False,32,75,0.0,0.1,10,5,0.5,True,42
weight_decay,0.0,27,27,4,0.6897404857657172,0.6931083758672079,0.001,64,2,0.3,False,32,75,0.0,0.1,10,5,0.5,True,42
weight_decay,0.0,27,27,5,0.6852517073804681,0.69813578526179,0.001,64,2,0.3,False,32,75,0.0,0.1,10,5,0.5,True,42
weight_decay,0.0,27,27,6,0.6873578478892645,0.6997645417849223,0.001,64,2,0.3,False,32,75,0.0,0.1,10,5,0.5,True,42
weight_decay,0.0,27,27,7,0.6788810708306052,0.70801287094752,0.001,64,2,0.3,False,32,75,0.0,0.1,10,5,0.5,True,42
weight_decay,0.0,27,27,8,0.6735895546999845,0.7113284111022949,0.001,64,2,0.3,False,32,75,0.0,0.1,10,5,0.5,True,42
weight_decay,0.0,27,27,9,0.6697857745669105,0.7162172317504882,0.001,64,2,0.3,False,32,75,0.0,0.1,10,5,0.5,True,42
weight_decay,0.0,27,27,10,0.662920122796839,0.7255324006080628,0.001,64,2,0.3,False,32,75,0.0,0.1,10,5,0.5,True,42
weight_decay,0.0,27,27,11,0.6497835562084661,0.7569418549537659,0.001,64,2,0.3,False,32,75,0.0,0.1,10,5,0.5,True,42
weight_decay,0.0,27,27,12,0.6439747498794035,0.7623215715090433,0.001,64,2,0.3,False,32,75,0.0,0.1,10,5,0.5,True,42
weight_decay,0.0,27,27,13,0.6368427254033812,0.7771728873252869,0.001,64,2,0.3,False,32,75,0.0,0.1,10,5,0.5,True,42
weight_decay,0.0,27,27,14,0.6282489146247054,0.779242467880249,0.001,64,2,0.3,False,32,75,0.0,0.1,10,5,0.5,True,42
weight_decay,0.0,28,28,1,0.6937852772799405,0.693761658668518,0.001,64,2,0.3,False,32,75,0.0,0.1,10,5,0.5,True,42
weight_decay,0.0,28,28,2,0.6923880342281226,0.693835977713267,0.001,64,2,0.3,False,32,75,0.0,0.1,10,5,0.5,True,42
weight_decay,0.0,28,28,3,0.6912900114601309,0.6933639685312907,0.001,64,2,0.3,False,32,75,0.0,0.1,10,5,0.5,True,42
weight_decay,0.0,28,28,4,0.6894137281360049,0.6945808927218119,0.001,64,2,0.3,False,32,75,0.0,0.1,10,5,0.5,True,42
weight_decay,0.0,28,28,5,0.6864022409374063,0.696127188205719,0.001,64,2,0.3,False,32,75,0.0,0.1,10,5,0.5,True,42
weight_decay,0.0,28,28,6,0.6834613102855105,0.6956198215484619,0.001,64,2,0.3,False,32,75,0.0,0.1,10,5,0.5,True,42
weight_decay,0.0,28,28,7,0.6785076256051208,0.7016963243484498,0.001,64,2,0.3,False,32,75,0.0,0.1,10,5,0.5,True,42
weight_decay,0.0,28,28,8,0.671490264209834,0.7114222486813863,0.001,64,2,0.3,False,32,75,0.0,0.1,10,5,0.5,True,42
weight_decay,0.0,28,28,9,0.6644927787058281,0.7484956026077271,0.001,64,2,0.3,False,32,75,0.0,0.1,10,5,0.5,True,42
weight_decay,0.0,28,28,10,0.6471060365438461,0.7476269960403442,0.001,64,2,0.3,False,32,75,0.0,0.1,10,5,0.5,True,42
weight_decay,0.0,28,28,11,0.6374586603858254,0.7570990403493245,0.001,64,2,0.3,False,32,75,0.0,0.1,10,5,0.5,True,42
weight_decay,0.0,28,28,12,0.6282793592774507,0.7584873080253601,0.001,64,2,0.3,False,32,75,0.0,0.1,10,5,0.5,True,42
weight_decay,0.0,28,28,13,0.6148291914300485,0.8015527566274007,0.001,64,2,0.3,False,32,75,0.0,0.1,10,5,0.5,True,42
weight_decay,0.0,29,29,1,0.693592113978935,0.6917932709058126,0.001,64,2,0.3,False,32,75,0.0,0.1,10,5,0.5,True,42
weight_decay,0.0,29,29,2,0.6930248814098763,0.6932950774828593,0.001,64,2,0.3,False,32,75,0.0,0.1,10,5,0.5,True,42
weight_decay,0.0,29,29,3,0.6913539293137464,0.6909262975056966,0.001,64,2,0.3,False,32,75,0.0,0.1,10,5,0.5,True,42
weight_decay,0.0,29,29,4,0.6892791318170952,0.6896236697832744,0.001,64,2,0.3,False,32,75,0.0,0.1,10,5,0.5,True,42
weight_decay,0.0,29,29,5,0.686572887229197,0.6923080285390218,0.001,64,2,0.3,False,32,75,0.0,0.1,10,5,0.5,True,42
weight_decay,0.0,29,29,6,0.6819245282447699,0.7011004288991293,0.001,64,2,0.3,False,32,75,0.0,0.1,10,5,0.5,True,42
weight_decay,0.0,29,29,7,0.6817036871657227,0.6969157854715983,0.001,64,2,0.3,False,32,75,0.0,0.1,10,5,0.5,True,42
weight_decay,0.0,29,29,8,0.6708004041151567,0.7091036001841228,0.001,64,2,0.3,False,32,75,0.0,0.1,10,5,0.5,True,42
weight_decay,0.0,29,29,9,0.661531563058044,0.7171701947848003,0.001,64,2,0.3,False,32,75,0.0,0.1,10,5,0.5,True,42
weight_decay,0.0,29,29,10,0.6530180478637869,0.7348860661188762,0.001,64,2,0.3,False,32,75,0.0,0.1,10,5,0.5,True,42
weight_decay,0.0,29,29,11,0.6369363295309471,0.7385352929433187,0.001,64,2,0.3,False,32,75,0.0,0.1,10,5,0.5,True,42
weight_decay,0.0,29,29,12,0.6284725688623659,0.7553379098574321,0.001,64,2,0.3,False,32,75,0.0,0.1,10,5,0.5,True,42
weight_decay,0.0,29,29,13,0.6159015862327634,0.7773648540178935,0.001,64,2,0.3,False,32,75,0.0,0.1,10,5,0.5,True,42
weight_decay,0.0,29,29,14,0.610160874597954,0.7800774057706197,0.001,64,2,0.3,False,32,75,0.0,0.1,10,5,0.5,True,42
weight_decay,0.0,30,30,1,0.6946292058988051,0.693078088760376,0.001,64,2,0.3,False,32,75,0.0,0.1,10,5,0.5,True,42
weight_decay,0.0,30,30,2,0.6928690333258022,0.6930872162183126,0.001,64,2,0.3,False,32,75,0.0,0.1,10,5,0.5,True,42
weight_decay,0.0,30,30,3,0.6918367066166617,0.6919924934705098,0.001,64,2,0.3,False,32,75,0.0,0.1,10,5,0.5,True,42
weight_decay,0.0,30,30,4,0.6895970417694612,0.691750947634379,0.001,64,2,0.3,False,32,75,0.0,0.1,10,5,0.5,True,42
weight_decay,0.0,30,30,5,0.6876471841877158,0.690740172068278,0.001,64,2,0.3,False,32,75,0.0,0.1,10,5,0.5,True,42
weight_decay,0.0,30,30,6,0.6849185675382614,0.6957429488499959,0.001,64,2,0.3,False,32,75,0.0,0.1,10,5,0.5,True,42
weight_decay,0.0,30,30,7,0.6797821864937291,0.7013386964797974,0.001,64,2,0.3,False,32,75,0.0,0.1,10,5,0.5,True,42
weight_decay,0.0,30,30,8,0.6710402288220145,0.7082268397013346,0.001,64,2,0.3,False,32,75,0.0,0.1,10,5,0.5,True,42
weight_decay,0.0,30,30,9,0.6610684566425554,0.7355060458183289,0.001,64,2,0.3,False,32,75,0.0,0.1,10,5,0.5,True,42
weight_decay,0.0,30,30,10,0.6584529529015223,0.733582858244578,0.001,64,2,0.3,False,32,75,0.0,0.1,10,5,0.5,True,42
weight_decay,0.0,30,30,11,0.6461804902011697,0.7629395286242168,0.001,64,2,0.3,False,32,75,0.0,0.1,10,5,0.5,True,42
weight_decay,0.0,30,30,12,0.6258246645782933,0.7729105075200399,0.001,64,2,0.3,False,32,75,0.0,0.1,10,5,0.5,True,42
weight_decay,0.0,30,30,13,0.61344517970627,0.7942188103993734,0.001,64,2,0.3,False,32,75,0.0,0.1,10,5,0.5,True,42
weight_decay,0.0,30,30,14,0.598738381356904,0.826588797569275,0.001,64,2,0.3,False,32,75,0.0,0.1,10,5,0.5,True,42
weight_decay,0.0,30,30,15,0.5881920025655718,0.8354451735814412,0.001,64,2,0.3,False,32,75,0.0,0.1,10,5,0.5,True,42
weight_decay,0.0,31,31,1,0.6934146772731434,0.6948735833168029,0.001,64,2,0.3,False,32,75,0.0,0.1,10,5,0.5,True,42
weight_decay,0.0,31,31,2,0.6929722992759763,0.6948696414629618,0.001,64,2,0.3,False,32,75,0.0,0.1,10,5,0.5,True,42
weight_decay,0.0,31,31,3,0.6907528855583884,0.6938596804936726,0.001,64,2,0.3,False,32,75,0.0,0.1,10,5,0.5,True,42
weight_decay,0.0,31,31,4,0.6901112523945895,0.6914400776227315,0.001,64,2,0.3,False,32,75,0.0,0.1,10,5,0.5,True,42
weight_decay,0.0,31,31,5,0.6886810917745937,0.6908225019772848,0.001,64,2,0.3,False,32,75,0.0,0.1,10,5,0.5,True,42
weight_decay,0.0,31,31,6,0.6864724804957708,0.6944019714991252,0.001,64,2,0.3,False,32,75,0.0,0.1,10,5,0.5,True,42
weight_decay,0.0,31,31,7,0.6821442783781977,0.6922350486119588,0.001,64,2,0.3,False,32,75,0.0,0.1,10,5,0.5,True,42
weight_decay,0.0,31,31,8,0.6747928659121195,0.698685363928477,0.001,64,2,0.3,False,32,75,0.0,0.1,10,5,0.5,True,42
weight_decay,0.0,31,31,9,0.6685837877519203,0.7179613908131918,0.001,64,2,0.3,False,32,75,0.0,0.1,10,5,0.5,True,42
weight_decay,0.0,31,31,10,0.6639441585902012,0.7042537450790405,0.001,64,2,0.3,False,32,75,0.0,0.1,10,5,0.5,True,42
weight_decay,0.0,31,31,11,0.6493887296228698,0.7281178593635559,0.001,64,2,0.3,False,32,75,0.0,0.1,10,5,0.5,True,42
weight_decay,0.0,31,31,12,0.6318858080741131,0.7650741616884867,0.001,64,2,0.3,False,32,75,0.0,0.1,10,5,0.5,True,42
weight_decay,0.0,31,31,13,0.6185470914298837,0.7712781310081482,0.001,64,2,0.3,False,32,75,0.0,0.1,10,5,0.5,True,42
weight_decay,0.0,31,31,14,0.6049496793385708,0.8011712352434794,0.001,64,2,0.3,False,32,75,0.0,0.1,10,5,0.5,True,42
weight_decay,0.0,31,31,15,0.5947884361852299,0.8134097933769227,0.001,64,2,0.3,False,32,75,0.0,0.1,10,5,0.5,True,42
weight_decay,0.0,32,32,1,0.6945080892606215,0.6927830815315247,0.001,64,2,0.3,False,32,75,0.0,0.1,10,5,0.5,True,42
weight_decay,0.0,32,32,2,0.6927052515022682,0.6925416469573975,0.001,64,2,0.3,False,32,75,0.0,0.1,10,5,0.5,True,42
weight_decay,0.0,32,32,3,0.6915895293156306,0.6921352108319601,0.001,64,2,0.3,False,32,75,0.0,0.1,10,5,0.5,True,42
weight_decay,0.0,32,32,4,0.6890883165778536,0.6939950863520304,0.001,64,2,0.3,False,32,75,0.0,0.1,10,5,0.5,True,42
weight_decay,0.0,32,32,5,0.6870516403154894,0.6964972694714864,0.001,64,2,0.3,False,32,75,0.0,0.1,10,5,0.5,True,42
weight_decay,0.0,32,32,6,0.6828627667643807,0.6979153116544088,0.001,64,2,0.3,False,32,75,0.0,0.1,10,5,0.5,True,42
weight_decay,0.0,32,32,7,0.680607079556494,0.6999744455019633,0.001,64,2,0.3,False,32,75,0.0,0.1,10,5,0.5,True,42
weight_decay,0.0,32,32,8,0.6735606356100603,0.7122805674870809,0.001,64,2,0.3,False,32,75,0.0,0.1,10,5,0.5,True,42
weight_decay,0.0,32,32,9,0.6643724563446912,0.7199590524037679,0.001,64,2,0.3,False,32,75,0.0,0.1,10,5,0.5,True,42
weight_decay,0.0,32,32,10,0.6548288730960904,0.7377635757128398,0.001,64,2,0.3,False,32,75,0.0,0.1,10,5,0.5,True,42
weight_decay,0.0,32,32,11,0.638212974550146,0.7642801443735758,0.001,64,2,0.3,False,32,75,0.0,0.1,10,5,0.5,True,42
weight_decay,0.0,32,32,12,0.6320496680158557,0.737394654750824,0.001,64,2,0.3,False,32,75,0.0,0.1,10,5,0.5,True,42
weight_decay,0.0,32,32,13,0.6227800893512639,0.7650154232978821,0.001,64,2,0.3,False,32,75,0.0,0.1,10,5,0.5,True,42
weight_decay,0.0,33,33,1,0.6947888939669637,0.6921150167783101,0.001,64,2,0.3,False,32,75,0.0,0.1,10,5,0.5,True,42
weight_decay,0.0,33,33,2,0.6926979987007199,0.6922935485839844,0.001,64,2,0.3,False,32,75,0.0,0.1,10,5,0.5,True,42
weight_decay,0.0,33,33,3,0.690912891517986,0.691660447915395,0.001,64,2,0.3,False,32,75,0.0,0.1,10,5,0.5,True,42
weight_decay,0.0,33,33,4,0.6897861487937696,0.6927262067794799,0.001,64,2,0.3,False,32,75,0.0,0.1,10,5,0.5,True,42
weight_decay,0.0,33,33,5,0.6869475958925305,0.6924721678098043,0.001,64,2,0.3,False,32,75,0.0,0.1,10,5,0.5,True,42
weight_decay,0.0,33,33,6,0.6894367134029215,0.6930617570877076,0.001,64,2,0.3,False,32,75,0.0,0.1,10,5,0.5,True,42
weight_decay,0.0,33,33,7,0.6933862887548677,0.6930487434069316,0.001,64,2,0.3,False,32,75,0.0,0.1,10,5,0.5,True,42
weight_decay,0.0,33,33,8,0.691991262363665,0.6921385963757832,0.001,64,2,0.3,False,32,75,0.0,0.1,10,5,0.5,True,42
weight_decay,0.0,33,33,9,0.6888022616957173,0.697572124004364,0.001,64,2,0.3,False,32,75,0.0,0.1,10,5,0.5,True,42
weight_decay,0.0,33,33,10,0.6783310012383894,0.702788245677948,0.001,64,2,0.3,False,32,75,0.0,0.1,10,5,0.5,True,42
weight_decay,0.0,33,33,11,0.6753203074137369,0.7053773800532023,0.001,64,2,0.3,False,32,75,0.0,0.1,10,5,0.5,True,42
weight_decay,0.0,33,33,12,0.6689524993751989,0.7203229109446208,0.001,64,2,0.3,False,32,75,0.0,0.1,10,5,0.5,True,42
weight_decay,0.0,33,33,13,0.6626670030933438,0.7246180971463522,0.001,64,2,0.3,False,32,75,0.0,0.1,10,5,0.5,True,42
weight_decay,0.0,34,34,1,0.6946711156404379,0.6923430999120076,0.001,64,2,0.3,False,32,75,0.0,0.1,10,5,0.5,True,42
weight_decay,0.0,34,34,2,0.6927074794516419,0.6916918476422628,0.001,64,2,0.3,False,32,75,0.0,0.1,10,5,0.5,True,42
weight_decay,0.0,34,34,3,0.6918326322779511,0.6901357014973958,0.001,64,2,0.3,False,32,75,0.0,0.1,10,5,0.5,True,42
weight_decay,0.0,34,34,4,0.6903265154722965,0.6907861749331157,0.001,64,2,0.3,False,32,75,0.0,0.1,10,5,0.5,True,42
weight_decay,0.0,34,34,5,0.686771730130369,0.6914439876874288,0.001,64,2,0.3,False,32,75,0.0,0.1,10,5,0.5,True,42
weight_decay,0.0,34,34,6,0.6857651264378519,0.6929767886797588,0.001,64,2,0.3,False,32,75,0.0,0.1,10,5,0.5,True,42
weight_decay,0.0,34,34,7,0.6791223888144349,0.7120758414268493,0.001,64,2,0.3,False,32,75,0.0,0.1,10,5,0.5,True,42
weight_decay,0.0,34,34,8,0.6751899466370092,0.6976863384246826,0.001,64,2,0.3,False,32,75,0.0,0.1,10,5,0.5,True,42
weight_decay,0.0,34,34,9,0.6659260658603726,0.7210104107856751,0.001,64,2,0.3,False,32,75,0.0,0.1,10,5,0.5,True,42
weight_decay,0.0,34,34,10,0.6480584212324836,0.7461586833000183,0.001,64,2,0.3,False,32,75,0.0,0.1,10,5,0.5,True,42
weight_decay,0.0,34,34,11,0.6404640421722875,0.7404771288235982,0.001,64,2,0.3,False,32,75,0.0,0.1,10,5,0.5,True,42
weight_decay,0.0,34,34,12,0.6325158427158991,0.7776248216629028,0.001,64,2,0.3,False,32,75,0.0,0.1,10,5,0.5,True,42
weight_decay,0.0,34,34,13,0.6203072202025037,0.7831904133160908,0.001,64,2,0.3,False,32,75,0.0,0.1,10,5,0.5,True,42
weight_decay,0.0,35,35,1,0.6937068502108256,0.6935592651367187,0.001,64,2,0.3,False,32,75,0.0,0.1,10,5,0.5,True,42
weight_decay,0.0,35,35,2,0.6931380336031769,0.6921237866083781,0.001,64,2,0.3,False,32,75,0.0,0.1,10,5,0.5,True,42
weight_decay,0.0,35,35,3,0.691798749295148,0.6926942547162374,0.001,64,2,0.3,False,32,75,0.0,0.1,10,5,0.5,True,42
weight_decay,0.0,35,35,4,0.6902185687513063,0.6932665427525838,0.001,64,2,0.3,False,32,75,0.0,0.1,10,5,0.5,True,42
weight_decay,0.0,35,35,5,0.688009132941564,0.6935447573661804,0.001,64,2,0.3,False,32,75,0.0,0.1,10,5,0.5,True,42
weight_decay,0.0,35,35,6,0.6830357480229754,0.6981515924135844,0.001,64,2,0.3,False,32,75,0.0,0.1,10,5,0.5,True,42
weight_decay,0.0,35,35,7,0.6777845277930751,0.7061375816663106,0.001,64,2,0.3,False,32,75,0.0,0.1,10,5,0.5,True,42
weight_decay,0.0,35,35,8,0.6716915052948575,0.7143455982208252,0.001,64,2,0.3,False,32,75,0.0,0.1,10,5,0.5,True,42
weight_decay,0.0,35,35,9,0.652587430043654,0.7156534910202026,0.001,64,2,0.3,False,32,75,0.0,0.1,10,5,0.5,True,42
weight_decay,0.0,35,35,10,0.644203923191085,0.7448936780293782,0.001,64,2,0.3,False,32,75,0.0,0.1,10,5,0.5,True,42
weight_decay,0.0,35,35,11,0.6404063329100609,0.7430187741915385,0.001,64,2,0.3,False,32,75,0.0,0.1,10,5,0.5,True,42
weight_decay,0.0,35,35,12,0.633970909949505,0.7434443195660909,0.001,64,2,0.3,False,32,75,0.0,0.1,10,5,0.5,True,42
weight_decay,0.0,36,36,1,0.694411420009353,0.6922474861145019,0.001,64,2,0.3,False,32,75,0.0,0.1,10,5,0.5,True,42
weight_decay,0.0,36,36,2,0.6916746817754976,0.6901098489761353,0.001,64,2,0.3,False,32,75,0.0,0.1,10,5,0.5,True,42
weight_decay,0.0,36,36,3,0.6910327397512667,0.6892500797907511,0.001,64,2,0.3,False,32,75,0.0,0.1,10,5,0.5,True,42
weight_decay,0.0,36,36,4,0.6894559119686936,0.6905676364898682,0.001,64,2,0.3,False,32,75,0.0,0.1,10,5,0.5,True,42
weight_decay,0.0,36,36,5,0.6871840172644818,0.6898518562316894,0.001,64,2,0.3,False,32,75,0.0,0.1,10,5,0.5,True,42
weight_decay,0.0,36,36,6,0.6822200760696874,0.696236519018809,0.001,64,2,0.3,False,32,75,0.0,0.1,10,5,0.5,True,42
weight_decay,0.0,36,36,7,0.6760785642898444,0.7011631846427917,0.001,64,2,0.3,False,32,75,0.0,0.1,10,5,0.5,True,42
weight_decay,0.0,36,36,8,0.6724508422793765,0.7064586242039999,0.001,64,2,0.3,False,32,75,0.0,0.1,10,5,0.5,True,42
weight_decay,0.0,36,36,9,0.6637596000324596,0.7114716450373332,0.001,64,2,0.3,False,32,75,0.0,0.1,10,5,0.5,True,42
weight_decay,0.0,36,36,10,0.6471329683607275,0.7372950275739034,0.001,64,2,0.3,False,32,75,0.0,0.1,10,5,0.5,True,42
weight_decay,0.0,36,36,11,0.6370813643390482,0.7326234936714172,0.001,64,2,0.3,False,32,75,0.0,0.1,10,5,0.5,True,42
weight_decay,0.0,36,36,12,0.6311147804513122,0.7359753290812174,0.001,64,2,0.3,False,32,75,0.0,0.1,10,5,0.5,True,42
weight_decay,0.0,36,36,13,0.6211400880958095,0.7766734401384989,0.001,64,2,0.3,False,32,75,0.0,0.1,10,5,0.5,True,42
weight_decay,0.0,37,37,1,0.6938186369159005,0.6927942593892416,0.001,64,2,0.3,False,32,75,0.0,0.1,10,5,0.5,True,42
weight_decay,0.0,37,37,2,0.6928405933307878,0.6917871356010437,0.001,64,2,0.3,False,32,75,0.0,0.1,10,5,0.5,True,42
weight_decay,0.0,37,37,3,0.6914251306743333,0.6916457295417786,0.001,64,2,0.3,False,32,75,0.0,0.1,10,5,0.5,True,42
weight_decay,0.0,37,37,4,0.6884786775617888,0.697477126121521,0.001,64,2,0.3,False,32,75,0.0,0.1,10,5,0.5,True,42
weight_decay,0.0,37,37,5,0.6857729373556195,0.6950326085090637,0.001,64,2,0.3,False,32,75,0.0,0.1,10,5,0.5,True,42
weight_decay,0.0,37,37,6,0.6822529837037578,0.7049193898836772,0.001,64,2,0.3,False,32,75,0.0,0.1,10,5,0.5,True,42
weight_decay,0.0,37,37,7,0.6756763169259736,0.7143452803293864,0.001,64,2,0.3,False,32,75,0.0,0.1,10,5,0.5,True,42
weight_decay,0.0,37,37,8,0.6660951985554262,0.7277052521705627,0.001,64,2,0.3,False,32,75,0.0,0.1,10,5,0.5,True,42
weight_decay,0.0,37,37,9,0.663023847973708,0.7434643268585205,0.001,64,2,0.3,False,32,75,0.0,0.1,10,5,0.5,True,42
weight_decay,0.0,37,37,10,0.6441666050390764,0.7476437052090963,0.001,64,2,0.3,False,32,75,0.0,0.1,10,5,0.5,True,42
weight_decay,0.0,37,37,11,0.6315900931755701,0.7735423405965169,0.001,64,2,0.3,False,32,75,0.0,0.1,10,5,0.5,True,42
weight_decay,0.0,37,37,12,0.6243308750968991,0.7793470064798991,0.001,64,2,0.3,False,32,75,0.0,0.1,10,5,0.5,True,42
weight_decay,0.0,37,37,13,0.6117443232373758,0.8281482497851054,0.001,64,2,0.3,False,32,75,0.0,0.1,10,5,0.5,True,42
weight_decay,0.0,38,38,1,0.6942112387129755,0.691641342639923,0.001,64,2,0.3,False,32,75,0.0,0.1,10,5,0.5,True,42
weight_decay,0.0,38,38,2,0.6918357606187011,0.6901627977689108,0.001,64,2,0.3,False,32,75,0.0,0.1,10,5,0.5,True,42
weight_decay,0.0,38,38,3,0.6904005941116449,0.6935911178588867,0.001,64,2,0.3,False,32,75,0.0,0.1,10,5,0.5,True,42
weight_decay,0.0,38,38,4,0.688261738780773,0.693828554948171,0.001,64,2,0.3,False,32,75,0.0,0.1,10,5,0.5,True,42
weight_decay,0.0,38,38,5,0.68561846650008,0.694466789563497,0.001,64,2,0.3,False,32,75,0.0,0.1,10,5,0.5,True,42
weight_decay,0.0,38,38,6,0.6797611636645866,0.6995336055755615,0.001,64,2,0.3,False,32,75,0.0,0.1,10,5,0.5,True,42
weight_decay,0.0,38,38,7,0.6772070775429407,0.707489550113678,0.001,64,2,0.3,False,32,75,0.0,0.1,10,5,0.5,True,42
weight_decay,0.0,38,38,8,0.6690500888860587,0.712774133682251,0.001,64,2,0.3,False,32,75,0.0,0.1,10,5,0.5,True,42
weight_decay,0.0,38,38,9,0.6561935173742699,0.724794618288676,0.001,64,2,0.3,False,32,75,0.0,0.1,10,5,0.5,True,42
weight_decay,0.0,38,38,10,0.6464724247202729,0.7296631693840027,0.001,64,2,0.3,False,32,75,0.0,0.1,10,5,0.5,True,42
weight_decay,0.0,38,38,11,0.6354161938934615,0.7570190350214641,0.001,64,2,0.3,False,32,75,0.0,0.1,10,5,0.5,True,42
weight_decay,0.0,38,38,12,0.6291623296159686,0.7862708091735839,0.001,64,2,0.3,False,32,75,0.0,0.1,10,5,0.5,True,42
weight_decay,0.0,39,39,1,0.6942700563055096,0.6927720586458842,0.001,64,2,0.3,False,32,75,0.0,0.1,10,5,0.5,True,42
weight_decay,0.0,39,39,2,0.6926924635966619,0.6916384140650431,0.001,64,2,0.3,False,32,75,0.0,0.1,10,5,0.5,True,42
weight_decay,0.0,39,39,3,0.6921839546976667,0.6892365137736003,0.001,64,2,0.3,False,32,75,0.0,0.1,10,5,0.5,True,42
weight_decay,0.0,39,39,4,0.6898082801789949,0.6889164884885152,0.001,64,2,0.3,False,32,75,0.0,0.1,10,5,0.5,True,42
weight_decay,0.0,39,39,5,0.6852577450600538,0.6927569746971131,0.001,64,2,0.3,False,32,75,0.0,0.1,10,5,0.5,True,42
weight_decay,0.0,39,39,6,0.6798627281730826,0.6990218083063762,0.001,64,2,0.3,False,32,75,0.0,0.1,10,5,0.5,True,42
weight_decay,0.0,39,39,7,0.6725117961565653,0.733085020383199,0.001,64,2,0.3,False,32,75,0.0,0.1,10,5,0.5,True,42
weight_decay,0.0,39,39,8,0.6689770257834232,0.7252296964327495,0.001,64,2,0.3,False,32,75,0.0,0.1,10,5,0.5,True,42
weight_decay,0.0,39,39,9,0.6616148357138489,0.7275601506233216,0.001,64,2,0.3,False,32,75,0.0,0.1,10,5,0.5,True,42
weight_decay,0.0,39,39,10,0.6525434788429376,0.7545323888460795,0.001,64,2,0.3,False,32,75,0.0,0.1,10,5,0.5,True,42
weight_decay,0.0,39,39,11,0.6310993168841709,0.778806201616923,0.001,64,2,0.3,False,32,75,0.0,0.1,10,5,0.5,True,42
weight_decay,0.0,39,39,12,0.6263529694441593,0.7867570042610168,0.001,64,2,0.3,False,32,75,0.0,0.1,10,5,0.5,True,42
weight_decay,0.0,39,39,13,0.6128728834517074,0.7946143905321758,0.001,64,2,0.3,False,32,75,0.0,0.1,10,5,0.5,True,42
weight_decay,0.0,39,39,14,0.6012550014438052,0.8397494633992513,0.001,64,2,0.3,False,32,75,0.0,0.1,10,5,0.5,True,42
weight_decay,0.0,40,40,1,0.6937706380179434,0.6917075077692668,0.001,64,2,0.3,False,32,75,0.0,0.1,10,5,0.5,True,42
weight_decay,0.0,40,40,2,0.693063425746831,0.6919142405192057,0.001,64,2,0.3,False,32,75,0.0,0.1,10,5,0.5,True,42
weight_decay,0.0,40,40,3,0.6917312538081949,0.6924267888069153,0.001,64,2,0.3,False,32,75,0.0,0.1,10,5,0.5,True,42
weight_decay,0.0,40,40,4,0.689041431203033,0.6939830978711446,0.001,64,2,0.3,False,32,75,0.0,0.1,10,5,0.5,True,42
weight_decay,0.0,40,40,5,0.6892193754514059,0.6918245077133178,0.001,64,2,0.3,False,32,75,0.0,0.1,10,5,0.5,True,42
weight_decay,0.0,40,40,6,0.6858664692351313,0.697986654440562,0.001,64,2,0.3,False,32,75,0.0,0.1,10,5,0.5,True,42
weight_decay,0.0,40,40,7,0.6807639395648782,0.6961811900138855,0.001,64,2,0.3,False,32,75,0.0,0.1,10,5,0.5,True,42
weight_decay,0.0,40,40,8,0.6699844341386448,0.7083498358726501,0.001,64,2,0.3,False,32,75,0.0,0.1,10,5,0.5,True,42
weight_decay,0.0,40,40,9,0.662958563728766,0.7145002166430156,0.001,64,2,0.3,False,32,75,0.0,0.1,10,5,0.5,True,42
weight_decay,0.0,40,40,10,0.6531939176899014,0.7305713494618734,0.001,64,2,0.3,False,32,75,0.0,0.1,10,5,0.5,True,42
weight_decay,0.0,40,40,11,0.6475915592728239,0.7221655408541362,0.001,64,2,0.3,False,32,75,0.0,0.1,10,5,0.5,True,42
weight_decay,0.0,41,41,1,0.6939569824572765,0.6928175528844197,0.001,64,2,0.3,False,32,75,0.0,0.1,10,5,0.5,True,42
weight_decay,0.0,41,41,2,0.6927852030053283,0.6923410137494405,0.001,64,2,0.3,False,32,75,0.0,0.1,10,5,0.5,True,42
weight_decay,0.0,41,41,3,0.6922199400988492,0.6902653177579244,0.001,64,2,0.3,False,32,75,0.0,0.1,10,5,0.5,True,42
weight_decay,0.0,41,41,4,0.6898831594170947,0.6906421860059102,0.001,64,2,0.3,False,32,75,0.0,0.1,10,5,0.5,True,42
weight_decay,0.0,41,41,5,0.6877493063608805,0.6926363627115886,0.001,64,2,0.3,False,32,75,0.0,0.1,10,5,0.5,True,42
weight_decay,0.0,41,41,6,0.6818388546958114,0.7020769397417704,0.001,64,2,0.3,False,32,75,0.0,0.1,10,5,0.5,True,42
weight_decay,0.0,41,41,7,0.677461078672698,0.7012835741043091,0.001,64,2,0.3,False,32,75,0.0,0.1,10,5,0.5,True,42
weight_decay,0.0,41,41,8,0.6742983817151098,0.7086811463038126,0.001,64,2,0.3,False,32,75,0.0,0.1,10,5,0.5,True,42
weight_decay,0.0,41,41,9,0.6633630814877424,0.7182924707730611,0.001,64,2,0.3,False,32,75,0.0,0.1,10,5,0.5,True,42
weight_decay,0.0,41,41,10,0.6468042424230864,0.7396356105804444,0.001,64,2,0.3,False,32,75,0.0,0.1,10,5,0.5,True,42
weight_decay,0.0,41,41,11,0.635709975253452,0.75103387037913,0.001,64,2,0.3,False,32,75,0.0,0.1,10,5,0.5,True,42
weight_decay,0.0,41,41,12,0.6293555559082464,0.7809109290440878,0.001,64,2,0.3,False,32,75,0.0,0.1,10,5,0.5,True,42
weight_decay,0.0,41,41,13,0.6183738545937971,0.7755727370580038,0.001,64,2,0.3,False,32,75,0.0,0.1,10,5,0.5,True,42
weight_decay,0.0,42,42,1,0.6943560269745913,0.6934022227923076,0.001,64,2,0.3,False,32,75,0.0,0.1,10,5,0.5,True,42
weight_decay,0.0,42,42,2,0.6928768185052004,0.6940856019655863,0.001,64,2,0.3,False,32,75,0.0,0.1,10,5,0.5,True,42
weight_decay,0.0,42,42,3,0.6916746601010814,0.6926467935244243,0.001,64,2,0.3,False,32,75,0.0,0.1,10,5,0.5,True,42
weight_decay,0.0,42,42,4,0.6895803014437357,0.6954840938250224,0.001,64,2,0.3,False,32,75,0.0,0.1,10,5,0.5,True,42
weight_decay,0.0,42,42,5,0.6870352801951495,0.6942585388819377,0.001,64,2,0.3,False,32,75,0.0,0.1,10,5,0.5,True,42
weight_decay,0.0,42,42,6,0.6842608867269574,0.6950249950091044,0.001,64,2,0.3,False,32,75,0.0,0.1,10,5,0.5,True,42
weight_decay,0.0,42,42,7,0.6810247428489454,0.6958819031715393,0.001,64,2,0.3,False,32,75,0.0,0.1,10,5,0.5,True,42
weight_decay,0.0,42,42,8,0.6757292115327084,0.7008755564689636,0.001,64,2,0.3,False,32,75,0.0,0.1,10,5,0.5,True,42
weight_decay,0.0,42,42,9,0.667678668643489,0.7099553386370341,0.001,64,2,0.3,False,32,75,0.0,0.1,10,5,0.5,True,42
weight_decay,0.0,42,42,10,0.6523176260066755,0.7153802235921224,0.001,64,2,0.3,False,32,75,0.0,0.1,10,5,0.5,True,42
weight_decay,0.0,42,42,11,0.6409443260142298,0.7396827260653178,0.001,64,2,0.3,False,32,75,0.0,0.1,10,5,0.5,True,42
weight_decay,0.0,42,42,12,0.627543640407649,0.7589972615242004,0.001,64,2,0.3,False,32,75,0.0,0.1,10,5,0.5,True,42
weight_decay,0.0,42,42,13,0.6179009452462196,0.7578327973683675,0.001,64,2,0.3,False,32,75,0.0,0.1,10,5,0.5,True,42
weight_decay,0.0,43,43,1,0.6949223803751396,0.6919708927472432,0.001,64,2,0.3,False,32,75,0.0,0.1,10,5,0.5,True,42
weight_decay,0.0,43,43,2,0.6924059296196158,0.6913680156071981,0.001,64,2,0.3,False,32,75,0.0,0.1,10,5,0.5,True,42
weight_decay,0.0,43,43,3,0.6918180837775721,0.6912123719851176,0.001,64,2,0.3,False,32,75,0.0,0.1,10,5,0.5,True,42
weight_decay,0.0,43,43,4,0.6897759469169559,0.6945504347483317,0.001,64,2,0.3,False,32,75,0.0,0.1,10,5,0.5,True,42
weight_decay,0.0,43,43,5,0.6856648750377424,0.6959583600362141,0.001,64,2,0.3,False,32,75,0.0,0.1,10,5,0.5,True,42
weight_decay,0.0,43,43,6,0.6823203541112669,0.7014780561129252,0.001,64,2,0.3,False,32,75,0.0,0.1,10,5,0.5,True,42
weight_decay,0.0,43,43,7,0.6766177659684961,0.7050052523612976,0.001,64,2,0.3,False,32,75,0.0,0.1,10,5,0.5,True,42
weight_decay,0.0,43,43,8,0.6706118254047452,0.7133742888768514,0.001,64,2,0.3,False,32,75,0.0,0.1,10,5,0.5,True,42
weight_decay,0.0,43,43,9,0.661207890420249,0.7283812403678894,0.001,64,2,0.3,False,32,75,0.0,0.1,10,5,0.5,True,42
weight_decay,0.0,43,43,10,0.6502027850259434,0.7516574501991272,0.001,64,2,0.3,False,32,75,0.0,0.1,10,5,0.5,True,42
weight_decay,0.0,43,43,11,0.6350801438093185,0.7468637824058533,0.001,64,2,0.3,False,32,75,0.0,0.1,10,5,0.5,True,42
weight_decay,0.0,43,43,12,0.6287631347323909,0.7573654333750407,0.001,64,2,0.3,False,32,75,0.0,0.1,10,5,0.5,True,42
weight_decay,0.0,43,43,13,0.6210454478859901,0.771294089158376,0.001,64,2,0.3,False,32,75,0.0,0.1,10,5,0.5,True,42
weight_decay,0.0,44,44,1,0.6934193873947317,0.692283821105957,0.001,64,2,0.3,False,32,75,0.0,0.1,10,5,0.5,True,42
weight_decay,0.0,44,44,2,0.6930474842136557,0.6936807990074157,0.001,64,2,0.3,False,32,75,0.0,0.1,10,5,0.5,True,42
weight_decay,0.0,44,44,3,0.6913034486951251,0.6931576291720073,0.001,64,2,0.3,False,32,75,0.0,0.1,10,5,0.5,True,42
weight_decay,0.0,44,44,4,0.6897614074475837,0.6969935377438863,0.001,64,2,0.3,False,32,75,0.0,0.1,10,5,0.5,True,42
weight_decay,0.0,44,44,5,0.6871428914142378,0.7002805948257447,0.001,64,2,0.3,False,32,75,0.0,0.1,10,5,0.5,True,42
weight_decay,0.0,44,44,6,0.683760745507298,0.7007522861162822,0.001,64,2,0.3,False,32,75,0.0,0.1,10,5,0.5,True,42
weight_decay,0.0,44,44,7,0.6789700826912215,0.6989078839619954,0.001,64,2,0.3,False,32,75,0.0,0.1,10,5,0.5,True,42
weight_decay,0.0,44,44,8,0.6668248664249073,0.7269841273625691,0.001,64,2,0.3,False,32,75,0.0,0.1,10,5,0.5,True,42
weight_decay,0.0,44,44,9,0.6603754153757384,0.7195732553799947,0.001,64,2,0.3,False,32,75,0.0,0.1,10,5,0.5,True,42
weight_decay,0.0,44,44,10,0.6524103997331677,0.708054780960083,0.001,64,2,0.3,False,32,75,0.0,0.1,10,5,0.5,True,42
weight_decay,0.0,44,44,11,0.643296939405528,0.7348785201708475,0.001,64,2,0.3,False,32,75,0.0,0.1,10,5,0.5,True,42
weight_decay,0.0,45,45,1,0.6943579605131438,0.6928235054016113,0.001,64,2,0.3,False,32,75,0.0,0.1,10,5,0.5,True,42
weight_decay,0.0,45,45,2,0.6923439105351766,0.6927548090616862,0.001,64,2,0.3,False,32,75,0.0,0.1,10,5,0.5,True,42
weight_decay,0.0,45,45,3,0.6907141628590497,0.6925318956375122,0.001,64,2,0.3,False,32,75,0.0,0.1,10,5,0.5,True,42
weight_decay,0.0,45,45,4,0.6886002552328687,0.6939726869265238,0.001,64,2,0.3,False,32,75,0.0,0.1,10,5,0.5,True,42
weight_decay,0.0,45,45,5,0.6851041172489976,0.7019387404123942,0.001,64,2,0.3,False,32,75,0.0,0.1,10,5,0.5,True,42
weight_decay,0.0,45,45,6,0.6799728098240766,0.7006317218144734,0.001,64,2,0.3,False,32,75,0.0,0.1,10,5,0.5,True,42
weight_decay,0.0,45,45,7,0.6769176211320993,0.7086649139722189,0.001,64,2,0.3,False,32,75,0.0,0.1,10,5,0.5,True,42
weight_decay,0.0,45,45,8,0.6668876657883326,0.720401140054067,0.001,64,2,0.3,False,32,75,0.0,0.1,10,5,0.5,True,42
weight_decay,0.0,45,45,9,0.6578135797471711,0.7476447224617004,0.001,64,2,0.3,False,32,75,0.0,0.1,10,5,0.5,True,42
weight_decay,0.0,45,45,10,0.6390499224265417,0.7869230389595032,0.001,64,2,0.3,False,32,75,0.0,0.1,10,5,0.5,True,42
weight_decay,0.0,45,45,11,0.6251547867150018,0.7801191131273906,0.001,64,2,0.3,False,32,75,0.0,0.1,10,5,0.5,True,42
weight_decay,0.0,45,45,12,0.6138937712618799,0.8164568742116293,0.001,64,2,0.3,False,32,75,0.0,0.1,10,5,0.5,True,42
weight_decay,0.0,45,45,13,0.6042240666169109,0.8236278653144836,0.001,64,2,0.3,False,32,75,0.0,0.1,10,5,0.5,True,42
weight_decay,0.0,46,46,1,0.694164924549334,0.6912416497866313,0.001,64,2,0.3,False,32,75,0.0,0.1,10,5,0.5,True,42
weight_decay,0.0,46,46,2,0.6926066572919036,0.6925423264503479,0.001,64,2,0.3,False,32,75,0.0,0.1,10,5,0.5,True,42
weight_decay,0.0,46,46,3,0.6911348741162907,0.691748301188151,0.001,64,2,0.3,False,32,75,0.0,0.1,10,5,0.5,True,42
weight_decay,0.0,46,46,4,0.690600699096015,0.6906303803126017,0.001,64,2,0.3,False,32,75,0.0,0.1,10,5,0.5,True,42
weight_decay,0.0,46,46,5,0.6873834607276049,0.6945371150970459,0.001,64,2,0.3,False,32,75,0.0,0.1,10,5,0.5,True,42
weight_decay,0.0,46,46,6,0.6852003272735712,0.7018694122632344,0.001,64,2,0.3,False,32,75,0.0,0.1,10,5,0.5,True,42
weight_decay,0.0,46,46,7,0.6795565820101536,0.7066746632258097,0.001,64,2,0.3,False,32,75,0.0,0.1,10,5,0.5,True,42
weight_decay,0.0,46,46,8,0.6737492228999282,0.7143831809361776,0.001,64,2,0.3,False,32,75,0.0,0.1,10,5,0.5,True,42
weight_decay,0.0,46,46,9,0.6668354394760999,0.7058841149012248,0.001,64,2,0.3,False,32,75,0.0,0.1,10,5,0.5,True,42
weight_decay,0.0,46,46,10,0.6582920853838776,0.7441214919090271,0.001,64,2,0.3,False,32,75,0.0,0.1,10,5,0.5,True,42
weight_decay,0.0,46,46,11,0.6402797942811792,0.7462383945782979,0.001,64,2,0.3,False,32,75,0.0,0.1,10,5,0.5,True,42
weight_decay,0.0,46,46,12,0.6268168633634393,0.7624450246493022,0.001,64,2,0.3,False,32,75,0.0,0.1,10,5,0.5,True,42
weight_decay,0.0,46,46,13,0.6201289883165648,0.7670410871505737,0.001,64,2,0.3,False,32,75,0.0,0.1,10,5,0.5,True,42
weight_decay,0.0,46,46,14,0.6055614033883269,0.7924027442932129,0.001,64,2,0.3,False,32,75,0.0,0.1,10,5,0.5,True,42
weight_decay,0.0,47,47,1,0.6935619079705441,0.693497880299886,0.001,64,2,0.3,False,32,75,0.0,0.1,10,5,0.5,True,42
weight_decay,0.0,47,47,2,0.6921034410144343,0.6968558430671692,0.001,64,2,0.3,False,32,75,0.0,0.1,10,5,0.5,True,42
weight_decay,0.0,47,47,3,0.6904818654963465,0.6987648010253906,0.001,64,2,0.3,False,32,75,0.0,0.1,10,5,0.5,True,42
weight_decay,0.0,47,47,4,0.6871037447091305,0.7039810061454773,0.001,64,2,0.3,False,32,75,0.0,0.1,10,5,0.5,True,42
weight_decay,0.0,47,47,5,0.6833840152530959,0.7030490318934123,0.001,64,2,0.3,False,32,75,0.0,0.1,10,5,0.5,True,42
weight_decay,0.0,47,47,6,0.6805794807997617,0.7058380484580994,0.001,64,2,0.3,False,32,75,0.0,0.1,10,5,0.5,True,42
weight_decay,0.0,47,47,7,0.6721832996064966,0.7114717642466227,0.001,64,2,0.3,False,32,75,0.0,0.1,10,5,0.5,True,42
weight_decay,0.0,47,47,8,0.662525059598865,0.7295764088630676,0.001,64,2,0.3,False,32,75,0.0,0.1,10,5,0.5,True,42
weight_decay,0.0,47,47,9,0.6512581105485107,0.7426995555559794,0.001,64,2,0.3,False,32,75,0.0,0.1,10,5,0.5,True,42
weight_decay,0.0,47,47,10,0.6485394302642706,0.7597591241200765,0.001,64,2,0.3,False,32,75,0.0,0.1,10,5,0.5,True,42
weight_decay,0.0,47,47,11,0.6377653127366846,0.7578662037849426,0.001,64,2,0.3,False,32,75,0.0,0.1,10,5,0.5,True,42
weight_decay,0.0,48,48,1,0.6943015236603586,0.6933352867762248,0.001,64,2,0.3,False,32,75,0.0,0.1,10,5,0.5,True,42
weight_decay,0.0,48,48,2,0.692236049730975,0.6928980747858683,0.001,64,2,0.3,False,32,75,0.0,0.1,10,5,0.5,True,42
weight_decay,0.0,48,48,3,0.6911442898269883,0.6919771711031596,0.001,64,2,0.3,False,32,75,0.0,0.1,10,5,0.5,True,42
weight_decay,0.0,48,48,4,0.6899681526019161,0.6941175778706868,0.001,64,2,0.3,False,32,75,0.0,0.1,10,5,0.5,True,42
weight_decay,0.0,48,48,5,0.6850431081943942,0.6943331042925517,0.001,64,2,0.3,False,32,75,0.0,0.1,10,5,0.5,True,42
weight_decay,0.0,48,48,6,0.6825540267435232,0.6933361132939656,0.001,64,2,0.3,False,32,75,0.0,0.1,10,5,0.5,True,42
weight_decay,0.0,48,48,7,0.675282295037033,0.7061367551485698,0.001,64,2,0.3,False,32,75,0.0,0.1,10,5,0.5,True,42
weight_decay,0.0,48,48,8,0.6679421743952242,0.7045396049817403,0.001,64,2,0.3,False,32,75,0.0,0.1,10,5,0.5,True,42
weight_decay,0.0,48,48,9,0.6599421931388683,0.72021990219752,0.001,64,2,0.3,False,32,75,0.0,0.1,10,5,0.5,True,42
weight_decay,0.0,48,48,10,0.6383714631087798,0.7539244492848715,0.001,64,2,0.3,False,32,75,0.0,0.1,10,5,0.5,True,42
weight_decay,0.0,48,48,11,0.6265356253860588,0.7572118957837423,0.001,64,2,0.3,False,32,75,0.0,0.1,10,5,0.5,True,42
weight_decay,0.0,48,48,12,0.6166490898992782,0.7498379349708557,0.001,64,2,0.3,False,32,75,0.0,0.1,10,5,0.5,True,42
weight_decay,0.0,48,48,13,0.6057115562428209,0.7900758504867553,0.001,64,2,0.3,False,32,75,0.0,0.1,10,5,0.5,True,42
weight_decay,0.0,49,49,1,0.6936028175281755,0.6906843066215516,0.001,64,2,0.3,False,32,75,0.0,0.1,10,5,0.5,True,42
weight_decay,0.0,49,49,2,0.6923433641592661,0.6919818123181661,0.001,64,2,0.3,False,32,75,0.0,0.1,10,5,0.5,True,42
weight_decay,0.0,49,49,3,0.6905106726017866,0.6899495681126913,0.001,64,2,0.3,False,32,75,0.0,0.1,10,5,0.5,True,42
weight_decay,0.0,49,49,4,0.6878127293153242,0.6911235253016154,0.001,64,2,0.3,False,32,75,0.0,0.1,10,5,0.5,True,42
weight_decay,0.0,49,49,5,0.683538501461347,0.6960383256276449,0.001,64,2,0.3,False,32,75,0.0,0.1,10,5,0.5,True,42
weight_decay,0.0,49,49,6,0.6809542021065047,0.6989414612452189,0.001,64,2,0.3,False,32,75,0.0,0.1,10,5,0.5,True,42
weight_decay,0.0,49,49,7,0.6735531005895499,0.7146971742312114,0.001,64,2,0.3,False,32,75,0.0,0.1,10,5,0.5,True,42
weight_decay,0.0,49,49,8,0.6675220633094961,0.7115641474723816,0.001,64,2,0.3,False,32,75,0.0,0.1,10,5,0.5,True,42
weight_decay,0.0,49,49,9,0.6610918808164019,0.758714105685552,0.001,64,2,0.3,False,32,75,0.0,0.1,10,5,0.5,True,42
weight_decay,0.0,49,49,10,0.6490342111298533,0.7405743797620138,0.001,64,2,0.3,False,32,75,0.0,0.1,10,5,0.5,True,42
weight_decay,0.0,49,49,11,0.6416862119327892,0.7467788020769756,0.001,64,2,0.3,False,32,75,0.0,0.1,10,5,0.5,True,42
weight_decay,0.0,49,49,12,0.6345812188404979,0.7453079342842102,0.001,64,2,0.3,False,32,75,0.0,0.1,10,5,0.5,True,42
weight_decay,0.0,49,49,13,0.622166737462535,0.7934946497281392,0.001,64,2,0.3,False,32,75,0.0,0.1,10,5,0.5,True,42
weight_decay,0.0,50,50,1,0.6938747546889565,0.6921658515930176,0.001,64,2,0.3,False,32,75,0.0,0.1,10,5,0.5,True,42
weight_decay,0.0,50,50,2,0.6928519927191011,0.6921964526176453,0.001,64,2,0.3,False,32,75,0.0,0.1,10,5,0.5,True,42
weight_decay,0.0,50,50,3,0.6914566123124325,0.6930832743644715,0.001,64,2,0.3,False,32,75,0.0,0.1,10,5,0.5,True,42
weight_decay,0.0,50,50,4,0.6890315530878125,0.6946498632431031,0.001,64,2,0.3,False,32,75,0.0,0.1,10,5,0.5,True,42
weight_decay,0.0,50,50,5,0.6845629933205518,0.6942835410435995,0.001,64,2,0.3,False,32,75,0.0,0.1,10,5,0.5,True,42
weight_decay,0.0,50,50,6,0.6829533378283182,0.7067799011866251,0.001,64,2,0.3,False,32,75,0.0,0.1,10,5,0.5,True,42
weight_decay,0.0,50,50,7,0.6762372494646998,0.7296146670977275,0.001,64,2,0.3,False,32,75,0.0,0.1,10,5,0.5,True,42
weight_decay,0.0,50,50,8,0.6652049187457922,0.7189291040102641,0.001,64,2,0.3,False,32,75,0.0,0.1,10,5,0.5,True,42
weight_decay,0.0,50,50,9,0.6583188699953484,0.7336527903874716,0.001,64,2,0.3,False,32,75,0.0,0.1,10,5,0.5,True,42
weight_decay,0.0,50,50,10,0.6530113391803972,0.7325936992963155,0.001,64,2,0.3,False,32,75,0.0,0.1,10,5,0.5,True,42
weight_decay,0.0,50,50,11,0.6459967484979918,0.7651323000590007,0.001,64,2,0.3,False,32,75,0.0,0.1,10,5,0.5,True,42
weight_decay,0.0,51,51,1,0.6941186135465448,0.6938155690828959,0.001,64,2,0.3,False,32,75,0.0,0.1,10,5,0.5,True,42
weight_decay,0.0,51,51,2,0.6927826151703343,0.6937140623728434,0.001,64,2,0.3,False,32,75,0.0,0.1,10,5,0.5,True,42
weight_decay,0.0,51,51,3,0.6915545002980665,0.69296236038208,0.001,64,2,0.3,False,32,75,0.0,0.1,10,5,0.5,True,42
weight_decay,0.0,51,51,4,0.6897990401044036,0.6911841233571371,0.001,64,2,0.3,False,32,75,0.0,0.1,10,5,0.5,True,42
weight_decay,0.0,51,51,5,0.6867776278293494,0.6910859068234761,0.001,64,2,0.3,False,32,75,0.0,0.1,10,5,0.5,True,42
weight_decay,0.0,51,51,6,0.6824300433650161,0.6972524364789326,0.001,64,2,0.3,False,32,75,0.0,0.1,10,5,0.5,True,42
weight_decay,0.0,51,51,7,0.6845689379807675,0.6949929753939311,0.001,64,2,0.3,False,32,75,0.0,0.1,10,5,0.5,True,42
weight_decay,0.0,51,51,8,0.6800734667163907,0.7070805271466573,0.001,64,2,0.3,False,32,75,0.0,0.1,10,5,0.5,True,42
weight_decay,0.0,51,51,9,0.6750025789846074,0.7068468570709229,0.001,64,2,0.3,False,32,75,0.0,0.1,10,5,0.5,True,42
weight_decay,0.0,51,51,10,0.6629457157669645,0.7128084897994995,0.001,64,2,0.3,False,32,75,0.0,0.1,10,5,0.5,True,42
weight_decay,0.0,51,51,11,0.659887126900933,0.7290801326433818,0.001,64,2,0.3,False,32,75,0.0,0.1,10,5,0.5,True,42
weight_decay,0.0,51,51,12,0.6392908168561531,0.7348918040593465,0.001,64,2,0.3,False,32,75,0.0,0.1,10,5,0.5,True,42
weight_decay,0.0,51,51,13,0.6240904261216973,0.7660563866297404,0.001,64,2,0.3,False,32,75,0.0,0.1,10,5,0.5,True,42
weight_decay,0.0,51,51,14,0.6132546304301782,0.7920129378636678,0.001,64,2,0.3,False,32,75,0.0,0.1,10,5,0.5,True,42
weight_decay,0.0,51,51,15,0.6061343677116163,0.8256181319554646,0.001,64,2,0.3,False,32,75,0.0,0.1,10,5,0.5,True,42
weight_decay,0.0,52,52,1,0.6940835587906115,0.6952935377756755,0.001,64,2,0.3,False,32,75,0.0,0.1,10,5,0.5,True,42
weight_decay,0.0,52,52,2,0.6936534123890328,0.695819632212321,0.001,64,2,0.3,False,32,75,0.0,0.1,10,5,0.5,True,42
weight_decay,0.0,52,52,3,0.6918090654141975,0.6952295184135437,0.001,64,2,0.3,False,32,75,0.0,0.1,10,5,0.5,True,42
weight_decay,0.0,52,52,4,0.6903600259260698,0.6951669812202453,0.001,64,2,0.3,False,32,75,0.0,0.1,10,5,0.5,True,42
weight_decay,0.0,52,52,5,0.688056820269787,0.6971041043599446,0.001,64,2,0.3,False,32,75,0.0,0.1,10,5,0.5,True,42
weight_decay,0.0,52,52,6,0.6850757680156014,0.6990321755409241,0.001,64,2,0.3,False,32,75,0.0,0.1,10,5,0.5,True,42
weight_decay,0.0,52,52,7,0.679811927856821,0.7040302991867066,0.001,64,2,0.3,False,32,75,0.0,0.1,10,5,0.5,True,42
weight_decay,0.0,52,52,8,0.6759660921313546,0.6934179663658142,0.001,64,2,0.3,False,32,75,0.0,0.1,10,5,0.5,True,42
weight_decay,0.0,52,52,9,0.667017585400379,0.700870954990387,0.001,64,2,0.3,False,32,75,0.0,0.1,10,5,0.5,True,42
weight_decay,0.0,52,52,10,0.6578310917724263,0.7300528566042582,0.001,64,2,0.3,False,32,75,0.0,0.1,10,5,0.5,True,42
weight_decay,0.0,52,52,11,0.6457693396192609,0.720023246606191,0.001,64,2,0.3,False,32,75,0.0,0.1,10,5,0.5,True,42
weight_decay,0.0,52,52,12,0.6307505509167006,0.741530160109202,0.001,64,2,0.3,False,32,75,0.0,0.1,10,5,0.5,True,42
weight_decay,0.0,52,52,13,0.6184566436391888,0.7709428826967876,0.001,64,2,0.3,False,32,75,0.0,0.1,10,5,0.5,True,42
weight_decay,0.0,52,52,14,0.6002121847687345,0.7867798527081807,0.001,64,2,0.3,False,32,75,0.0,0.1,10,5,0.5,True,42
weight_decay,0.0,52,52,15,0.5723205251675664,0.8480879624684652,0.001,64,2,0.3,False,32,75,0.0,0.1,10,5,0.5,True,42
weight_decay,0.0,52,52,16,0.5498517200802312,0.9375206311543782,0.001,64,2,0.3,False,32,75,0.0,0.1,10,5,0.5,True,42
weight_decay,0.0,52,52,17,0.5349243784492667,0.9738775372505188,0.001,64,2,0.3,False,32,75,0.0,0.1,10,5,0.5,True,42
weight_decay,0.0,52,52,18,0.5151269991289485,0.9632901867230733,0.001,64,2,0.3,False,32,75,0.0,0.1,10,5,0.5,True,42
weight_decay,0.0,53,53,1,0.6944622492248361,0.691759459177653,0.001,64,2,0.3,False,32,75,0.0,0.1,10,5,0.5,True,42
weight_decay,0.0,53,53,2,0.6922913103392629,0.6920457681020101,0.001,64,2,0.3,False,32,75,0.0,0.1,10,5,0.5,True,42
weight_decay,0.0,53,53,3,0.6912981393662366,0.6897805492083232,0.001,64,2,0.3,False,32,75,0.0,0.1,10,5,0.5,True,42
weight_decay,0.0,53,53,4,0.6891161794915344,0.6909098466237386,0.001,64,2,0.3,False,32,75,0.0,0.1,10,5,0.5,True,42
weight_decay,0.0,53,53,5,0.6859657701217767,0.6928574522336324,0.001,64,2,0.3,False,32,75,0.0,0.1,10,5,0.5,True,42
weight_decay,0.0,53,53,6,0.6823543883634337,0.6963833212852478,0.001,64,2,0.3,False,32,75,0.0,0.1,10,5,0.5,True,42
weight_decay,0.0,53,53,7,0.6770867718891664,0.7088513851165772,0.001,64,2,0.3,False,32,75,0.0,0.1,10,5,0.5,True,42
weight_decay,0.0,53,53,8,0.6701254659529888,0.707930080095927,0.001,64,2,0.3,False,32,75,0.0,0.1,10,5,0.5,True,42
weight_decay,0.0,53,53,9,0.6647110929091772,0.71213485399882,0.001,64,2,0.3,False,32,75,0.0,0.1,10,5,0.5,True,42
weight_decay,0.0,53,53,10,0.6474980576471849,0.7415078798929851,0.001,64,2,0.3,False,32,75,0.0,0.1,10,5,0.5,True,42
weight_decay,0.0,53,53,11,0.6348748992789875,0.7470055977503459,0.001,64,2,0.3,False,32,75,0.0,0.1,10,5,0.5,True,42
weight_decay,0.0,53,53,12,0.6260871799154715,0.7718496044476827,0.001,64,2,0.3,False,32,75,0.0,0.1,10,5,0.5,True,42
weight_decay,0.0,53,53,13,0.616966705882188,0.7896412571271261,0.001,64,2,0.3,False,32,75,0.0,0.1,10,5,0.5,True,42
weight_decay,0.0,54,54,1,0.6932637601187734,0.6970561345418295,0.001,64,2,0.3,False,32,75,0.0,0.1,10,5,0.5,True,42
weight_decay,0.0,54,54,2,0.6918866878206079,0.6974153677622478,0.001,64,2,0.3,False,32,75,0.0,0.1,10,5,0.5,True,42
weight_decay,0.0,54,54,3,0.6902072036808188,0.6968421856562297,0.001,64,2,0.3,False,32,75,0.0,0.1,10,5,0.5,True,42
weight_decay,0.0,54,54,4,0.688794572244991,0.6956765651702881,0.001,64,2,0.3,False,32,75,0.0,0.1,10,5,0.5,True,42
weight_decay,0.0,54,54,5,0.6843702797636841,0.7059759736061096,0.001,64,2,0.3,False,32,75,0.0,0.1,10,5,0.5,True,42
weight_decay,0.0,54,54,6,0.6804422993551601,0.7119312445322673,0.001,64,2,0.3,False,32,75,0.0,0.1,10,5,0.5,True,42
weight_decay,0.0,54,54,7,0.6737862125490651,0.7257128874460856,0.001,64,2,0.3,False,32,75,0.0,0.1,10,5,0.5,True,42
weight_decay,0.0,54,54,8,0.6694714892091174,0.7146177768707276,0.001,64,2,0.3,False,32,75,0.0,0.1,10,5,0.5,True,42
weight_decay,0.0,54,54,9,0.6627675042007909,0.7457800149917603,0.001,64,2,0.3,False,32,75,0.0,0.1,10,5,0.5,True,42
weight_decay,0.0,54,54,10,0.6482749342015295,0.7399960239728292,0.001,64,2,0.3,False,32,75,0.0,0.1,10,5,0.5,True,42
weight_decay,0.0,54,54,11,0.6326742985031821,0.7656697750091552,0.001,64,2,0.3,False,32,75,0.0,0.1,10,5,0.5,True,42
weight_decay,0.0,54,54,12,0.6186799894679677,0.7815327882766724,0.001,64,2,0.3,False,32,75,0.0,0.1,10,5,0.5,True,42
weight_decay,0.0,54,54,13,0.6062829535115849,0.7980060736338298,0.001,64,2,0.3,False,32,75,0.0,0.1,10,5,0.5,True,42
weight_decay,0.0,54,54,14,0.5930399587660125,0.8166128079096476,0.001,64,2,0.3,False,32,75,0.0,0.1,10,5,0.5,True,42
weight_decay,0.0,55,55,1,0.6938783327738444,0.692571492989858,0.001,64,2,0.3,False,32,75,0.0,0.1,10,5,0.5,True,42
weight_decay,0.0,55,55,2,0.6928859456922069,0.6914577762285868,0.001,64,2,0.3,False,32,75,0.0,0.1,10,5,0.5,True,42
weight_decay,0.0,55,55,3,0.6914112283424898,0.6922670602798462,0.001,64,2,0.3,False,32,75,0.0,0.1,10,5,0.5,True,42
weight_decay,0.0,55,55,4,0.6885135051879016,0.6961205919583638,0.001,64,2,0.3,False,32,75,0.0,0.1,10,5,0.5,True,42
weight_decay,0.0,55,55,5,0.6825423249692628,0.7038641651471456,0.001,64,2,0.3,False,32,75,0.0,0.1,10,5,0.5,True,42
weight_decay,0.0,55,55,6,0.6773740427963661,0.7114118933677673,0.001,64,2,0.3,False,32,75,0.0,0.1,10,5,0.5,True,42
weight_decay,0.0,55,55,7,0.6708480900887287,0.7158491651217143,0.001,64,2,0.3,False,32,75,0.0,0.1,10,5,0.5,True,42
weight_decay,0.0,55,55,8,0.6635298299970049,0.7308433294296265,0.001,64,2,0.3,False,32,75,0.0,0.1,10,5,0.5,True,42
weight_decay,0.0,55,55,9,0.6518539994051962,0.7307605544726054,0.001,64,2,0.3,False,32,75,0.0,0.1,10,5,0.5,True,42
weight_decay,0.0,55,55,10,0.641525743134094,0.7507216294606527,0.001,64,2,0.3,False,32,75,0.0,0.1,10,5,0.5,True,42
weight_decay,0.0,55,55,11,0.631333277984099,0.7646491527557373,0.001,64,2,0.3,False,32,75,0.0,0.1,10,5,0.5,True,42
weight_decay,0.0,55,55,12,0.6261886798522689,0.7679946740468343,0.001,64,2,0.3,False,32,75,0.0,0.1,10,5,0.5,True,42
weight_decay,0.0,56,56,1,0.6940025822682814,0.6924730181694031,0.001,64,2,0.3,False,32,75,0.0,0.1,10,5,0.5,True,42
weight_decay,0.0,56,56,2,0.6930228602705579,0.6929378986358643,0.001,64,2,0.3,False,32,75,0.0,0.1,10,5,0.5,True,42
weight_decay,0.0,56,56,3,0.6911179075638453,0.6922524770100912,0.001,64,2,0.3,False,32,75,0.0,0.1,10,5,0.5,True,42
weight_decay,0.0,56,56,4,0.6898759779604998,0.6910353620847066,0.001,64,2,0.3,False,32,75,0.0,0.1,10,5,0.5,True,42
weight_decay,0.0,56,56,5,0.6868952530803103,0.6912450671195984,0.001,64,2,0.3,False,32,75,0.0,0.1,10,5,0.5,True,42
weight_decay,0.0,56,56,6,0.6857992347442743,0.6928940892219544,0.001,64,2,0.3,False,32,75,0.0,0.1,10,5,0.5,True,42
weight_decay,0.0,56,56,7,0.6833530709599004,0.6954380512237549,0.001,64,2,0.3,False,32,75,0.0,0.1,10,5,0.5,True,42
weight_decay,0.0,56,56,8,0.6753163987940008,0.695910906791687,0.001,64,2,0.3,False,32,75,0.0,0.1,10,5,0.5,True,42
weight_decay,0.0,56,56,9,0.6683636407057444,0.7033784508705139,0.001,64,2,0.3,False,32,75,0.0,0.1,10,5,0.5,True,42
weight_decay,0.0,56,56,10,0.6565158385218997,0.7056574940681457,0.001,64,2,0.3,False,32,75,0.0,0.1,10,5,0.5,True,42
weight_decay,0.0,56,56,11,0.6430072490916108,0.7159355243047079,0.001,64,2,0.3,False,32,75,0.0,0.1,10,5,0.5,True,42
weight_decay,0.0,56,56,12,0.6286755892815012,0.7302602529525757,0.001,64,2,0.3,False,32,75,0.0,0.1,10,5,0.5,True,42
weight_decay,0.0,56,56,13,0.6179096405253266,0.7757069706916809,0.001,64,2,0.3,False,32,75,0.0,0.1,10,5,0.5,True,42
weight_decay,0.0,56,56,14,0.6072711949095582,0.7737899899482727,0.001,64,2,0.3,False,32,75,0.0,0.1,10,5,0.5,True,42
weight_decay,0.0,57,57,1,0.6927980893489086,0.696123743057251,0.001,64,2,0.3,False,32,75,0.0,0.1,10,5,0.5,True,42
weight_decay,0.0,57,57,2,0.6923295801336115,0.693376898765564,0.001,64,2,0.3,False,32,75,0.0,0.1,10,5,0.5,True,42
weight_decay,0.0,57,57,3,0.6902751082723791,0.6934542020161947,0.001,64,2,0.3,False,32,75,0.0,0.1,10,5,0.5,True,42
weight_decay,0.0,57,57,4,0.6891587534637162,0.7022137880325318,0.001,64,2,0.3,False,32,75,0.0,0.1,10,5,0.5,True,42
weight_decay,0.0,57,57,5,0.6845142471067833,0.7066714922587077,0.001,64,2,0.3,False,32,75,0.0,0.1,10,5,0.5,True,42
weight_decay,0.0,57,57,6,0.6810826072187135,0.6965830564498902,0.001,64,2,0.3,False,32,75,0.0,0.1,10,5,0.5,True,42
weight_decay,0.0,57,57,7,0.6746392019770362,0.7206978281339009,0.001,64,2,0.3,False,32,75,0.0,0.1,10,5,0.5,True,42
weight_decay,0.0,57,57,8,0.6685351435885285,0.7124688307444255,0.001,64,2,0.3,False,32,75,0.0,0.1,10,5,0.5,True,42
weight_decay,0.0,57,57,9,0.6520744101567701,0.730541737874349,0.001,64,2,0.3,False,32,75,0.0,0.1,10,5,0.5,True,42
weight_decay,0.0,57,57,10,0.645291728052226,0.7295025229454041,0.001,64,2,0.3,False,32,75,0.0,0.1,10,5,0.5,True,42
weight_decay,0.0,57,57,11,0.6365439060962561,0.753706423441569,0.001,64,2,0.3,False,32,75,0.0,0.1,10,5,0.5,True,42
weight_decay,0.0,57,57,12,0.6280263535904161,0.7896309852600097,0.001,64,2,0.3,False,32,75,0.0,0.1,10,5,0.5,True,42
weight_decay,0.0,58,58,1,0.6944967341242414,0.6933889587720236,0.001,64,2,0.3,False,32,75,0.0,0.1,10,5,0.5,True,42
weight_decay,0.0,58,58,2,0.69293799951221,0.693623685836792,0.001,64,2,0.3,False,32,75,0.0,0.1,10,5,0.5,True,42
weight_decay,0.0,58,58,3,0.6915298162987737,0.6934885621070862,0.001,64,2,0.3,False,32,75,0.0,0.1,10,5,0.5,True,42
weight_decay,0.0,58,58,4,0.6901203466184211,0.6903261542320251,0.001,64,2,0.3,False,32,75,0.0,0.1,10,5,0.5,True,42
weight_decay,0.0,58,58,5,0.6857552438071279,0.6921469330787658,0.001,64,2,0.3,False,32,75,0.0,0.1,10,5,0.5,True,42
weight_decay,0.0,58,58,6,0.6832964221636454,0.6990768671035766,0.001,64,2,0.3,False,32,75,0.0,0.1,10,5,0.5,True,42
weight_decay,0.0,58,58,7,0.6768305802887137,0.7039766152699788,0.001,64,2,0.3,False,32,75,0.0,0.1,10,5,0.5,True,42
weight_decay,0.0,58,58,8,0.6721932522275231,0.7124612053235372,0.001,64,2,0.3,False,32,75,0.0,0.1,10,5,0.5,True,42
weight_decay,0.0,58,58,9,0.6629177842176321,0.7228884220123291,0.001,64,2,0.3,False,32,75,0.0,0.1,10,5,0.5,True,42
weight_decay,0.0,58,58,10,0.6521580512776519,0.7363551100095113,0.001,64,2,0.3,False,32,75,0.0,0.1,10,5,0.5,True,42
weight_decay,0.0,58,58,11,0.6349054462078846,0.7429578979810079,0.001,64,2,0.3,False,32,75,0.0,0.1,10,5,0.5,True,42
weight_decay,0.0,58,58,12,0.6226810061118819,0.7536486784617106,0.001,64,2,0.3,False,32,75,0.0,0.1,10,5,0.5,True,42
weight_decay,0.0,58,58,13,0.6089544528813073,0.7873685240745545,0.001,64,2,0.3,False,32,75,0.0,0.1,10,5,0.5,True,42
weight_decay,0.0,58,58,14,0.6037964816346313,0.7775848825772603,0.001,64,2,0.3,False,32,75,0.0,0.1,10,5,0.5,True,42
weight_decay,0.0,59,59,1,0.6943981055960511,0.6927630623181661,0.001,64,2,0.3,False,32,75,0.0,0.1,10,5,0.5,True,42
weight_decay,0.0,59,59,2,0.6932439808592652,0.6944839517275493,0.001,64,2,0.3,False,32,75,0.0,0.1,10,5,0.5,True,42
weight_decay,0.0,59,59,3,0.692037535887776,0.693215525150299,0.001,64,2,0.3,False,32,75,0.0,0.1,10,5,0.5,True,42
weight_decay,0.0,59,59,4,0.6906259525002856,0.694674281279246,0.001,64,2,0.3,False,32,75,0.0,0.1,10,5,0.5,True,42
weight_decay,0.0,59,59,5,0.6876686346350294,0.6947954575220744,0.001,64,2,0.3,False,32,75,0.0,0.1,10,5,0.5,True,42
weight_decay,0.0,59,59,6,0.6826673529364846,0.7072707414627075,0.001,64,2,0.3,False,32,75,0.0,0.1,10,5,0.5,True,42
weight_decay,0.0,59,59,7,0.6799481917511333,0.7022844274838765,0.001,64,2,0.3,False,32,75,0.0,0.1,10,5,0.5,True,42
weight_decay,0.0,59,59,8,0.669154710390351,0.7118782718976339,0.001,64,2,0.3,False,32,75,0.0,0.1,10,5,0.5,True,42
weight_decay,0.0,59,59,9,0.6623000385183276,0.7185100158055623,0.001,64,2,0.3,False,32,75,0.0,0.1,10,5,0.5,True,42
weight_decay,0.0,59,59,10,0.6532905864896197,0.7218090415000915,0.001,64,2,0.3,False,32,75,0.0,0.1,10,5,0.5,True,42
weight_decay,0.0,59,59,11,0.6462103313568867,0.721806263923645,0.001,64,2,0.3,False,32,75,0.0,0.1,10,5,0.5,True,42
weight_decay,0.0,60,60,1,0.693721176999988,0.6942147850990296,0.001,64,2,0.3,False,32,75,0.0,0.1,10,5,0.5,True,42
weight_decay,0.0,60,60,2,0.6928148283199831,0.6951971133550008,0.001,64,2,0.3,False,32,75,0.0,0.1,10,5,0.5,True,42
weight_decay,0.0,60,60,3,0.6910304273619796,0.6939182360967,0.001,64,2,0.3,False,32,75,0.0,0.1,10,5,0.5,True,42
weight_decay,0.0,60,60,4,0.6907777759161863,0.6930273294448852,0.001,64,2,0.3,False,32,75,0.0,0.1,10,5,0.5,True,42
weight_decay,0.0,60,60,5,0.6863814204028158,0.6938724795977275,0.001,64,2,0.3,False,32,75,0.0,0.1,10,5,0.5,True,42
weight_decay,0.0,60,60,6,0.6851399549932191,0.6929656624794006,0.001,64,2,0.3,False,32,75,0.0,0.1,10,5,0.5,True,42
weight_decay,0.0,60,60,7,0.678424470352404,0.697765588760376,0.001,64,2,0.3,False,32,75,0.0,0.1,10,5,0.5,True,42
weight_decay,0.0,60,60,8,0.6734051830840834,0.7031016707420349,0.001,64,2,0.3,False,32,75,0.0,0.1,10,5,0.5,True,42
weight_decay,0.0,60,60,9,0.669416736924287,0.6970574855804443,0.001,64,2,0.3,False,32,75,0.0,0.1,10,5,0.5,True,42
weight_decay,0.0,60,60,10,0.6595392412308491,0.7149494568506877,0.001,64,2,0.3,False,32,75,0.0,0.1,10,5,0.5,True,42
weight_decay,0.0,60,60,11,0.6436538933352991,0.7229618072509766,0.001,64,2,0.3,False,32,75,0.0,0.1,10,5,0.5,True,42
weight_decay,0.0,60,60,12,0.6336142012115681,0.7450536489486694,0.001,64,2,0.3,False,32,75,0.0,0.1,10,5,0.5,True,42
weight_decay,0.0,60,60,13,0.6260796956943743,0.734658678372701,0.001,64,2,0.3,False,32,75,0.0,0.1,10,5,0.5,True,42
weight_decay,0.0,60,60,14,0.6148287601994745,0.7539934436480205,0.001,64,2,0.3,False,32,75,0.0,0.1,10,5,0.5,True,42
weight_decay,0.0,60,60,15,0.6034157495155479,0.7815918485323589,0.001,64,2,0.3,False,32,75,0.0,0.1,10,5,0.5,True,42
weight_decay,0.0,60,60,16,0.5926509998512991,0.7876521348953247,0.001,64,2,0.3,False,32,75,0.0,0.1,10,5,0.5,True,42
weight_decay,0.0,61,61,1,0.6935582300930312,0.6932368357976277,0.001,64,2,0.3,False,32,75,0.0,0.1,10,5,0.5,True,42
weight_decay,0.0,61,61,2,0.6916160470608509,0.6933648467063904,0.001,64,2,0.3,False,32,75,0.0,0.1,10,5,0.5,True,42
weight_decay,0.0,61,61,3,0.6904740888964046,0.6940311710039775,0.001,64,2,0.3,False,32,75,0.0,0.1,10,5,0.5,True,42
weight_decay,0.0,61,61,4,0.6895687774275289,0.6923139929771424,0.001,64,2,0.3,False,32,75,0.0,0.1,10,5,0.5,True,42
weight_decay,0.0,61,61,5,0.6872107693643281,0.6931970159212748,0.001,64,2,0.3,False,32,75,0.0,0.1,10,5,0.5,True,42
weight_decay,0.0,61,61,6,0.6812014055974556,0.694536546866099,0.001,64,2,0.3,False,32,75,0.0,0.1,10,5,0.5,True,42
weight_decay,0.0,61,61,7,0.6766500134359706,0.6916374405225117,0.001,64,2,0.3,False,32,75,0.0,0.1,10,5,0.5,True,42
weight_decay,0.0,61,61,8,0.6719401898709211,0.7063851078351339,0.001,64,2,0.3,False,32,75,0.0,0.1,10,5,0.5,True,42
weight_decay,0.0,61,61,9,0.6622738991722916,0.7039390842119853,0.001,64,2,0.3,False,32,75,0.0,0.1,10,5,0.5,True,42
weight_decay,0.0,61,61,10,0.6541759195652875,0.7248495817184448,0.001,64,2,0.3,False,32,75,0.0,0.1,10,5,0.5,True,42
weight_decay,0.0,61,61,11,0.6440312699838118,0.7128408948580424,0.001,64,2,0.3,False,32,75,0.0,0.1,10,5,0.5,True,42
weight_decay,0.0,61,61,12,0.6289435954708041,0.7654565533002218,0.001,64,2,0.3,False,32,75,0.0,0.1,10,5,0.5,True,42
weight_decay,0.0,61,61,13,0.6966000547011694,0.6928810795148214,0.001,64,2,0.3,False,32,75,0.0,0.1,10,5,0.5,True,42
weight_decay,0.0,61,61,14,0.6925318579782139,0.6930116295814515,0.001,64,2,0.3,False,32,75,0.0,0.1,10,5,0.5,True,42
weight_decay,0.0,61,61,15,0.6925207096518893,0.6921732425689697,0.001,64,2,0.3,False,32,75,0.0,0.1,10,5,0.5,True,42
weight_decay,0.0,61,61,16,0.6919695427923491,0.691928772131602,0.001,64,2,0.3,False,32,75,0.0,0.1,10,5,0.5,True,42
weight_decay,0.0,61,61,17,0.691140376257174,0.6935827692349752,0.001,64,2,0.3,False,32,75,0.0,0.1,10,5,0.5,True,42
weight_decay,0.0,62,62,1,0.6937366498239113,0.6933260957400004,0.001,64,2,0.3,False,32,75,0.0,0.1,10,5,0.5,True,42
weight_decay,0.0,62,62,2,0.6931128646388198,0.6925313115119934,0.001,64,2,0.3,False,32,75,0.0,0.1,10,5,0.5,True,42
weight_decay,0.0,62,62,3,0.6906410789850986,0.6926470398902893,0.001,64,2,0.3,False,32,75,0.0,0.1,10,5,0.5,True,42
weight_decay,0.0,62,62,4,0.6887290829961951,0.6938450415929158,0.001,64,2,0.3,False,32,75,0.0,0.1,10,5,0.5,True,42
weight_decay,0.0,62,62,5,0.6863698972897097,0.6953317403793335,0.001,64,2,0.3,False,32,75,0.0,0.1,10,5,0.5,True,42
weight_decay,0.0,62,62,6,0.6838930912993171,0.7021291971206665,0.001,64,2,0.3,False,32,75,0.0,0.1,10,5,0.5,True,42
weight_decay,0.0,62,62,7,0.6762143490892468,0.7097004930178324,0.001,64,2,0.3,False,32,75,0.0,0.1,10,5,0.5,True,42
weight_decay,0.0,62,62,8,0.6700383871793747,0.7148610194524129,0.001,64,2,0.3,False,32,75,0.0,0.1,10,5,0.5,True,42
weight_decay,0.0,62,62,9,0.6603728745019797,0.7299826502799988,0.001,64,2,0.3,False,32,75,0.0,0.1,10,5,0.5,True,42
weight_decay,0.0,62,62,10,0.6502913891366033,0.7478370785713195,0.001,64,2,0.3,False,32,75,0.0,0.1,10,5,0.5,True,42
weight_decay,0.0,62,62,11,0.6444639057824106,0.7526156187057496,0.001,64,2,0.3,False,32,75,0.0,0.1,10,5,0.5,True,42
weight_decay,0.0,62,62,12,0.6393552968899409,0.7453013181686401,0.001,64,2,0.3,False,32,75,0.0,0.1,10,5,0.5,True,42
weight_decay,0.0,63,63,1,0.6940173289992593,0.6935454726219177,0.001,64,2,0.3,False,32,75,0.0,0.1,10,5,0.5,True,42
weight_decay,0.0,63,63,2,0.6924710883335634,0.6933741768201193,0.001,64,2,0.3,False,32,75,0.0,0.1,10,5,0.5,True,42
weight_decay,0.0,63,63,3,0.6912510327317498,0.6968617041905721,0.001,64,2,0.3,False,32,75,0.0,0.1,10,5,0.5,True,42
weight_decay,0.0,63,63,4,0.6880835014762301,0.7006548762321472,0.001,64,2,0.3,False,32,75,0.0,0.1,10,5,0.5,True,42
weight_decay,0.0,63,63,5,0.6829695724176638,0.7016534646352132,0.001,64,2,0.3,False,32,75,0.0,0.1,10,5,0.5,True,42
weight_decay,0.0,63,63,6,0.6803647803537773,0.7044121066729228,0.001,64,2,0.3,False,32,75,0.0,0.1,10,5,0.5,True,42
weight_decay,0.0,63,63,7,0.6741388954899528,0.7199719309806824,0.001,64,2,0.3,False,32,75,0.0,0.1,10,5,0.5,True,42
weight_decay,0.0,63,63,8,0.6712283663677446,0.7067146976788838,0.001,64,2,0.3,False,32,75,0.0,0.1,10,5,0.5,True,42
weight_decay,0.0,63,63,9,0.6598642224615271,0.7270167509714762,0.001,64,2,0.3,False,32,75,0.0,0.1,10,5,0.5,True,42
weight_decay,0.0,63,63,10,0.6552877963492365,0.7308621605237325,0.001,64,2,0.3,False,32,75,0.0,0.1,10,5,0.5,True,42
weight_decay,0.0,63,63,11,0.6435352812210718,0.7526599486668905,0.001,64,2,0.3,False,32,75,0.0,0.1,10,5,0.5,True,42
weight_decay,0.0,63,63,12,0.637295051054521,0.7596589207649231,0.001,64,2,0.3,False,32,75,0.0,0.1,10,5,0.5,True,42
weight_decay,0.0,64,64,1,0.6941558416142608,0.6919263958930969,0.001,64,2,0.3,False,32,75,0.0,0.1,10,5,0.5,True,42
weight_decay,0.0,64,64,2,0.6923703334548257,0.6947219252586365,0.001,64,2,0.3,False,32,75,0.0,0.1,10,5,0.5,True,42
weight_decay,0.0,64,64,3,0.6912922782428337,0.6917444348335267,0.001,64,2,0.3,False,32,75,0.0,0.1,10,5,0.5,True,42
weight_decay,0.0,64,64,4,0.689122274518013,0.6919469714164734,0.001,64,2,0.3,False,32,75,0.0,0.1,10,5,0.5,True,42
weight_decay,0.0,64,64,5,0.6863780121008555,0.6941886226336161,0.001,64,2,0.3,False,32,75,0.0,0.1,10,5,0.5,True,42
weight_decay,0.0,64,64,6,0.6826195739435427,0.6971774339675904,0.001,64,2,0.3,False,32,75,0.0,0.1,10,5,0.5,True,42
weight_decay,0.0,64,64,7,0.6760874882791982,0.7028651436169943,0.001,64,2,0.3,False,32,75,0.0,0.1,10,5,0.5,True,42
weight_decay,0.0,64,64,8,0.6683274295293924,0.7152570724487305,0.001,64,2,0.3,False,32,75,0.0,0.1,10,5,0.5,True,42
weight_decay,0.0,64,64,9,0.6615837464729944,0.7261439085006713,0.001,64,2,0.3,False,32,75,0.0,0.1,10,5,0.5,True,42
weight_decay,0.0,64,64,10,0.6428445252505216,0.7410964091618856,0.001,64,2,0.3,False,32,75,0.0,0.1,10,5,0.5,True,42
weight_decay,0.0,64,64,11,0.6330726968519615,0.7478301525115967,0.001,64,2,0.3,False,32,75,0.0,0.1,10,5,0.5,True,42
weight_decay,0.0,64,64,12,0.625036517327482,0.7778510371843974,0.001,64,2,0.3,False,32,75,0.0,0.1,10,5,0.5,True,42
weight_decay,0.0,64,64,13,0.6146124294309905,0.7794569849967956,0.001,64,2,0.3,False,32,75,0.0,0.1,10,5,0.5,True,42
weight_decay,0.0,65,65,1,0.6933706307953055,0.6958384831746419,0.001,64,2,0.3,False,32,75,0.0,0.1,10,5,0.5,True,42
weight_decay,0.0,65,65,2,0.6930068555203351,0.6922337253888448,0.001,64,2,0.3,False,32,75,0.0,0.1,10,5,0.5,True,42
weight_decay,0.0,65,65,3,0.6921880674181562,0.6917080720265706,0.001,64,2,0.3,False,32,75,0.0,0.1,10,5,0.5,True,42
weight_decay,0.0,65,65,4,0.6898736768599713,0.6909307956695556,0.001,64,2,0.3,False,32,75,0.0,0.1,10,5,0.5,True,42
weight_decay,0.0,65,65,5,0.6862787342432773,0.6950554807980855,0.001,64,2,0.3,False,32,75,0.0,0.1,10,5,0.5,True,42
weight_decay,0.0,65,65,6,0.6835578314282678,0.6956779360771179,0.001,64,2,0.3,False,32,75,0.0,0.1,10,5,0.5,True,42
weight_decay,0.0,65,65,7,0.6786195789322709,0.7026411970456441,0.001,64,2,0.3,False,32,75,0.0,0.1,10,5,0.5,True,42
weight_decay,0.0,65,65,8,0.672532730030291,0.7005842765172322,0.001,64,2,0.3,False,32,75,0.0,0.1,10,5,0.5,True,42
weight_decay,0.0,65,65,9,0.6647763112277696,0.7152580300966899,0.001,64,2,0.3,False,32,75,0.0,0.1,10,5,0.5,True,42
weight_decay,0.0,65,65,10,0.6588789310419199,0.7339887062708537,0.001,64,2,0.3,False,32,75,0.0,0.1,10,5,0.5,True,42
weight_decay,0.0,65,65,11,0.6380907802870779,0.7432607173919678,0.001,64,2,0.3,False,32,75,0.0,0.1,10,5,0.5,True,42
weight_decay,0.0,65,65,12,0.6294543517358375,0.745844030380249,0.001,64,2,0.3,False,32,75,0.0,0.1,10,5,0.5,True,42
weight_decay,0.0,65,65,13,0.6181001518711899,0.7730815132459005,0.001,64,2,0.3,False,32,75,0.0,0.1,10,5,0.5,True,42
weight_decay,0.0,65,65,14,0.6096022110996824,0.8218491872151693,0.001,64,2,0.3,False,32,75,0.0,0.1,10,5,0.5,True,42
weight_decay,0.0,66,66,1,0.6936941160397097,0.696051545937856,0.001,64,2,0.3,False,32,75,0.0,0.1,10,5,0.5,True,42
weight_decay,0.0,66,66,2,0.6922679141615377,0.6952099124590556,0.001,64,2,0.3,False,32,75,0.0,0.1,10,5,0.5,True,42
weight_decay,0.0,66,66,3,0.6912408024072647,0.6944504221280415,0.001,64,2,0.3,False,32,75,0.0,0.1,10,5,0.5,True,42
weight_decay,0.0,66,66,4,0.6881711022420363,0.7002320051193237,0.001,64,2,0.3,False,32,75,0.0,0.1,10,5,0.5,True,42
weight_decay,0.0,66,66,5,0.6850545153473363,0.696201479434967,0.001,64,2,0.3,False,32,75,0.0,0.1,10,5,0.5,True,42
weight_decay,0.0,66,66,6,0.6817006279121746,0.6966006636619568,0.001,64,2,0.3,False,32,75,0.0,0.1,10,5,0.5,True,42
weight_decay,0.0,66,66,7,0.6765383500041384,0.704522430896759,0.001,64,2,0.3,False,32,75,0.0,0.1,10,5,0.5,True,42
weight_decay,0.0,66,66,8,0.6727454576528433,0.7138285716374715,0.001,64,2,0.3,False,32,75,0.0,0.1,10,5,0.5,True,42
weight_decay,0.0,66,66,9,0.6636351568229271,0.7286131223042805,0.001,64,2,0.3,False,32,75,0.0,0.1,10,5,0.5,True,42
weight_decay,0.0,66,66,10,0.6450367642171455,0.737112033367157,0.001,64,2,0.3,False,32,75,0.0,0.1,10,5,0.5,True,42
weight_decay,0.0,66,66,11,0.6344561204314232,0.7482141892115275,0.001,64,2,0.3,False,32,75,0.0,0.1,10,5,0.5,True,42
weight_decay,0.0,66,66,12,0.6215731418042472,0.7796217481295268,0.001,64,2,0.3,False,32,75,0.0,0.1,10,5,0.5,True,42
weight_decay,0.0,66,66,13,0.6169318240700346,0.7701124628384908,0.001,64,2,0.3,False,32,75,0.0,0.1,10,5,0.5,True,42
weight_decay,0.0,67,67,1,0.693464504498424,0.6943893194198608,0.001,64,2,0.3,False,32,75,0.0,0.1,10,5,0.5,True,42
weight_decay,0.0,67,67,2,0.6922160359946165,0.6940709749857584,0.001,64,2,0.3,False,32,75,0.0,0.1,10,5,0.5,True,42
weight_decay,0.0,67,67,3,0.6901808782960429,0.6949483513832092,0.001,64,2,0.3,False,32,75,0.0,0.1,10,5,0.5,True,42
weight_decay,0.0,67,67,4,0.6883642921845118,0.6942472577095031,0.001,64,2,0.3,False,32,75,0.0,0.1,10,5,0.5,True,42
weight_decay,0.0,67,67,5,0.6871799912416574,0.694680678844452,0.001,64,2,0.3,False,32,75,0.0,0.1,10,5,0.5,True,42
weight_decay,0.0,67,67,6,0.6840455328876321,0.6993750691413879,0.001,64,2,0.3,False,32,75,0.0,0.1,10,5,0.5,True,42
weight_decay,0.0,67,67,7,0.6788888704596143,0.7012073238690694,0.001,64,2,0.3,False,32,75,0.0,0.1,10,5,0.5,True,42
weight_decay,0.0,67,67,8,0.6734075519171628,0.7249496658643086,0.001,64,2,0.3,False,32,75,0.0,0.1,10,5,0.5,True,42
weight_decay,0.0,67,67,9,0.6610696433168469,0.724268635114034,0.001,64,2,0.3,False,32,75,0.0,0.1,10,5,0.5,True,42
weight_decay,0.0,67,67,10,0.6547039092490168,0.7270098646481832,0.001,64,2,0.3,False,32,75,0.0,0.1,10,5,0.5,True,42
weight_decay,0.0,67,67,11,0.6433340216224844,0.7362873991330464,0.001,64,2,0.3,False,32,75,0.0,0.1,10,5,0.5,True,42
weight_decay,0.0,67,67,12,0.6394908712668852,0.7385026534398397,0.001,64,2,0.3,False,32,75,0.0,0.1,10,5,0.5,True,42
weight_decay,0.0,68,68,1,0.6935395101706187,0.6937562783559164,0.001,64,2,0.3,False,32,75,0.0,0.1,10,5,0.5,True,42
weight_decay,0.0,68,68,2,0.6919281338200425,0.6952036579449972,0.001,64,2,0.3,False,32,75,0.0,0.1,10,5,0.5,True,42
weight_decay,0.0,68,68,3,0.6898960570494334,0.6945752143859864,0.001,64,2,0.3,False,32,75,0.0,0.1,10,5,0.5,True,42
weight_decay,0.0,68,68,4,0.6892377345850973,0.6935722907384236,0.001,64,2,0.3,False,32,75,0.0,0.1,10,5,0.5,True,42
weight_decay,0.0,68,68,5,0.6848660617163687,0.6940102775891622,0.001,64,2,0.3,False,32,75,0.0,0.1,10,5,0.5,True,42
weight_decay,0.0,68,68,6,0.6812045790932395,0.6902973612149557,0.001,64,2,0.3,False,32,75,0.0,0.1,10,5,0.5,True,42
weight_decay,0.0,68,68,7,0.6750563997210879,0.6999151905377706,0.001,64,2,0.3,False,32,75,0.0,0.1,10,5,0.5,True,42
weight_decay,0.0,68,68,8,0.6682743154691927,0.7063525875409444,0.001,64,2,0.3,False,32,75,0.0,0.1,10,5,0.5,True,42
weight_decay,0.0,68,68,9,0.6604483001159899,0.7200471599896748,0.001,64,2,0.3,False,32,75,0.0,0.1,10,5,0.5,True,42
weight_decay,0.0,68,68,10,0.64864227717573,0.7785833160082499,0.001,64,2,0.3,False,32,75,0.0,0.1,10,5,0.5,True,42
weight_decay,0.0,68,68,11,0.639405219392343,0.7648283004760742,0.001,64,2,0.3,False,32,75,0.0,0.1,10,5,0.5,True,42
weight_decay,0.0,68,68,12,0.6323178670171535,0.7582425912221272,0.001,64,2,0.3,False,32,75,0.0,0.1,10,5,0.5,True,42
weight_decay,0.0,68,68,13,0.6039698044910575,0.8066132148106893,0.001,64,2,0.3,False,32,75,0.0,0.1,10,5,0.5,True,42
weight_decay,0.0,68,68,14,0.5908618833531033,0.8288251956303915,0.001,64,2,0.3,False,32,75,0.0,0.1,10,5,0.5,True,42
weight_decay,0.0,68,68,15,0.5797479622291796,0.8813072323799134,0.001,64,2,0.3,False,32,75,0.0,0.1,10,5,0.5,True,42
weight_decay,0.0,68,68,16,0.5701682228933681,0.8690000255902608,0.001,64,2,0.3,False,32,75,0.0,0.1,10,5,0.5,True,42
weight_decay,0.0,69,69,1,0.6938388004447474,0.6926298459370931,0.001,64,2,0.3,False,32,75,0.0,0.1,10,5,0.5,True,42
weight_decay,0.0,69,69,2,0.6929530031753309,0.6909584442774455,0.001,64,2,0.3,False,32,75,0.0,0.1,10,5,0.5,True,42
weight_decay,0.0,69,69,3,0.691387056852832,0.6900363167126974,0.001,64,2,0.3,False,32,75,0.0,0.1,10,5,0.5,True,42
weight_decay,0.0,69,69,4,0.6894865424344034,0.6896356026331584,0.001,64,2,0.3,False,32,75,0.0,0.1,10,5,0.5,True,42
weight_decay,0.0,69,69,5,0.6889517099568339,0.6905356605847677,0.001,64,2,0.3,False,32,75,0.0,0.1,10,5,0.5,True,42
weight_decay,0.0,69,69,6,0.6857297357284662,0.6913341085116068,0.001,64,2,0.3,False,32,75,0.0,0.1,10,5,0.5,True,42
weight_decay,0.0,69,69,7,0.6818353913047097,0.6983102639516194,0.001,64,2,0.3,False,32,75,0.0,0.1,10,5,0.5,True,42
weight_decay,0.0,69,69,8,0.6759112617283156,0.6947207729021708,0.001,64,2,0.3,False,32,75,0.0,0.1,10,5,0.5,True,42
weight_decay,0.0,69,69,9,0.6669056126565645,0.7020695090293885,0.001,64,2,0.3,False,32,75,0.0,0.1,10,5,0.5,True,42
weight_decay,0.0,69,69,10,0.6584104389855356,0.7147676904996236,0.001,64,2,0.3,False,32,75,0.0,0.1,10,5,0.5,True,42
weight_decay,0.0,69,69,11,0.6429902378356818,0.7388162056605021,0.001,64,2,0.3,False,32,75,0.0,0.1,10,5,0.5,True,42
weight_decay,0.0,69,69,12,0.6278032637906797,0.7517778436342876,0.001,64,2,0.3,False,32,75,0.0,0.1,10,5,0.5,True,42
weight_decay,0.0,69,69,13,0.6185293513717074,0.7464342673619588,0.001,64,2,0.3,False,32,75,0.0,0.1,10,5,0.5,True,42
weight_decay,0.0,69,69,14,0.607917086418831,0.7836620847384135,0.001,64,2,0.3,False,32,75,0.0,0.1,10,5,0.5,True,42
weight_decay,0.0,70,70,1,0.6936300794283549,0.6939465165138244,0.001,64,2,0.3,False,32,75,0.0,0.1,10,5,0.5,True,42
weight_decay,0.0,70,70,2,0.6925286000425165,0.6940251628557841,0.001,64,2,0.3,False,32,75,0.0,0.1,10,5,0.5,True,42
weight_decay,0.0,70,70,3,0.6908374997702512,0.6931947032610576,0.001,64,2,0.3,False,32,75,0.0,0.1,10,5,0.5,True,42
weight_decay,0.0,70,70,4,0.688969355189439,0.6912769039471944,0.001,64,2,0.3,False,32,75,0.0,0.1,10,5,0.5,True,42
weight_decay,0.0,70,70,5,0.6870712999141577,0.6907191435496013,0.001,64,2,0.3,False,32,75,0.0,0.1,10,5,0.5,True,42
weight_decay,0.0,70,70,6,0.6824361722577702,0.6950451016426087,0.001,64,2,0.3,False,32,75,0.0,0.1,10,5,0.5,True,42
weight_decay,0.0,70,70,7,0.6801033462538864,0.69601495663325,0.001,64,2,0.3,False,32,75,0.0,0.1,10,5,0.5,True,42
weight_decay,0.0,70,70,8,0.6710793710116184,0.7018422722816468,0.001,64,2,0.3,False,32,75,0.0,0.1,10,5,0.5,True,42
weight_decay,0.0,70,70,9,0.6649014249895558,0.7260583877563477,0.001,64,2,0.3,False,32,75,0.0,0.1,10,5,0.5,True,42
weight_decay,0.0,70,70,10,0.6538898840998159,0.7089614907900492,0.001,64,2,0.3,False,32,75,0.0,0.1,10,5,0.5,True,42
weight_decay,0.0,70,70,11,0.6438015749057134,0.7246270219484965,0.001,64,2,0.3,False,32,75,0.0,0.1,10,5,0.5,True,42
weight_decay,0.0,70,70,12,0.6200624126376528,0.771100656191508,0.001,64,2,0.3,False,32,75,0.0,0.1,10,5,0.5,True,42
weight_decay,0.0,70,70,13,0.6069883241346388,0.7763686736424764,0.001,64,2,0.3,False,32,75,0.0,0.1,10,5,0.5,True,42
weight_decay,0.0,70,70,14,0.5968706081762458,0.7810105284055074,0.001,64,2,0.3,False,32,75,0.0,0.1,10,5,0.5,True,42
weight_decay,0.0,70,70,15,0.5803598741238768,0.8132424434026082,0.001,64,2,0.3,False,32,75,0.0,0.1,10,5,0.5,True,42
weight_decay,0.0,71,71,1,0.6938288866570501,0.694374394416809,0.001,64,2,0.3,False,32,75,0.0,0.1,10,5,0.5,True,42
weight_decay,0.0,71,71,2,0.6931411614923766,0.6942480405171713,0.001,64,2,0.3,False,32,75,0.0,0.1,10,5,0.5,True,42
weight_decay,0.0,71,71,3,0.6916413686492227,0.6933139761288961,0.001,64,2,0.3,False,32,75,0.0,0.1,10,5,0.5,True,42
weight_decay,0.0,71,71,4,0.6910229171767379,0.6934276382128398,0.001,64,2,0.3,False,32,75,0.0,0.1,10,5,0.5,True,42
weight_decay,0.0,71,71,5,0.6875713237307288,0.6959536671638489,0.001,64,2,0.3,False,32,75,0.0,0.1,10,5,0.5,True,42
weight_decay,0.0,71,71,6,0.6851516384066958,0.698823094367981,0.001,64,2,0.3,False,32,75,0.0,0.1,10,5,0.5,True,42
weight_decay,0.0,71,71,7,0.6792800006541339,0.6947742303212484,0.001,64,2,0.3,False,32,75,0.0,0.1,10,5,0.5,True,42
weight_decay,0.0,71,71,8,0.6754556393081491,0.6947600404421489,0.001,64,2,0.3,False,32,75,0.0,0.1,10,5,0.5,True,42
weight_decay,0.0,71,71,9,0.663899996063926,0.7118044296900431,0.001,64,2,0.3,False,32,75,0.0,0.1,10,5,0.5,True,42
weight_decay,0.0,71,71,10,0.6472547063321779,0.7330615719159445,0.001,64,2,0.3,False,32,75,0.0,0.1,10,5,0.5,True,42
weight_decay,0.0,71,71,11,0.6434978621475624,0.7574618915716808,0.001,64,2,0.3,False,32,75,0.0,0.1,10,5,0.5,True,42
weight_decay,0.0,71,71,12,0.6379074571710645,0.7371139566103617,0.001,64,2,0.3,False,32,75,0.0,0.1,10,5,0.5,True,42
weight_decay,0.0,71,71,13,0.6265223590713559,0.7375212073326111,0.001,64,2,0.3,False,32,75,0.0,0.1,10,5,0.5,True,42
weight_decay,0.0,72,72,1,0.6944626321395239,0.6943546454111735,0.001,64,2,0.3,False,32,75,0.0,0.1,10,5,0.5,True,42
weight_decay,0.0,72,72,2,0.6920016823392926,0.6957162181536357,0.001,64,2,0.3,False,32,75,0.0,0.1,10,5,0.5,True,42
weight_decay,0.0,72,72,3,0.6904716071757403,0.6953394770622253,0.001,64,2,0.3,False,32,75,0.0,0.1,10,5,0.5,True,42
weight_decay,0.0,72,72,4,0.6902292099866,0.6919830520947774,0.001,64,2,0.3,False,32,75,0.0,0.1,10,5,0.5,True,42
weight_decay,0.0,72,72,5,0.6881950971755114,0.6940678437550862,0.001,64,2,0.3,False,32,75,0.0,0.1,10,5,0.5,True,42
weight_decay,0.0,72,72,6,0.6818126408439694,0.6916759411493937,0.001,64,2,0.3,False,32,75,0.0,0.1,10,5,0.5,True,42
weight_decay,0.0,72,72,7,0.6866067363457247,0.6965856870015462,0.001,64,2,0.3,False,32,75,0.0,0.1,10,5,0.5,True,42
weight_decay,0.0,72,72,8,0.6774868138811805,0.7003658056259155,0.001,64,2,0.3,False,32,75,0.0,0.1,10,5,0.5,True,42
weight_decay,0.0,72,72,9,0.6714407300407236,0.7043408354123434,0.001,64,2,0.3,False,32,75,0.0,0.1,10,5,0.5,True,42
weight_decay,0.0,72,72,10,0.6603008323546612,0.7217119375864665,0.001,64,2,0.3,False,32,75,0.0,0.1,10,5,0.5,True,42
weight_decay,0.0,72,72,11,0.656121450843233,0.7379664182662964,0.001,64,2,0.3,False,32,75,0.0,0.1,10,5,0.5,True,42
weight_decay,0.0,72,72,12,0.6467891010371122,0.7424891114234924,0.001,64,2,0.3,False,32,75,0.0,0.1,10,5,0.5,True,42
weight_decay,0.0,72,72,13,0.6253972938566497,0.7631593346595764,0.001,64,2,0.3,False,32,75,0.0,0.1,10,5,0.5,True,42
weight_decay,0.0,72,72,14,0.6212810043132666,0.7531737844149272,0.001,64,2,0.3,False,32,75,0.0,0.1,10,5,0.5,True,42
weight_decay,0.0,72,72,15,0.6079534730224898,0.7998296658198039,0.001,64,2,0.3,False,32,75,0.0,0.1,10,5,0.5,True,42
weight_decay,0.0,72,72,16,0.5926474867896601,0.8323919773101807,0.001,64,2,0.3,False,32,75,0.0,0.1,10,5,0.5,True,42
weight_decay,0.0,73,73,1,0.6940899712569786,0.6925817926724752,0.001,64,2,0.3,False,32,75,0.0,0.1,10,5,0.5,True,42
weight_decay,0.0,73,73,2,0.6925171076348333,0.6925513744354248,0.001,64,2,0.3,False,32,75,0.0,0.1,10,5,0.5,True,42
weight_decay,0.0,73,73,3,0.6907600462436676,0.6906479994455973,0.001,64,2,0.3,False,32,75,0.0,0.1,10,5,0.5,True,42
weight_decay,0.0,73,73,4,0.6895520226521925,0.6907835125923156,0.001,64,2,0.3,False,32,75,0.0,0.1,10,5,0.5,True,42
weight_decay,0.0,73,73,5,0.6875349120660261,0.6928642352422079,0.001,64,2,0.3,False,32,75,0.0,0.1,10,5,0.5,True,42
weight_decay,0.0,73,73,6,0.6851201513499925,0.6942121068636576,0.001,64,2,0.3,False,32,75,0.0,0.1,10,5,0.5,True,42
weight_decay,0.0,73,73,7,0.677203532872778,0.7204068144162495,0.001,64,2,0.3,False,32,75,0.0,0.1,10,5,0.5,True,42
weight_decay,0.0,73,73,8,0.6740283193913373,0.7101955533027648,0.001,64,2,0.3,False,32,75,0.0,0.1,10,5,0.5,True,42
weight_decay,0.0,73,73,9,0.6656874716281891,0.717143960793813,0.001,64,2,0.3,False,32,75,0.0,0.1,10,5,0.5,True,42
weight_decay,0.0,73,73,10,0.6495827472571171,0.7424476067225139,0.001,64,2,0.3,False,32,75,0.0,0.1,10,5,0.5,True,42
weight_decay,0.0,73,73,11,0.6412359381263907,0.7407670934995015,0.001,64,2,0.3,False,32,75,0.0,0.1,10,5,0.5,True,42
weight_decay,0.0,73,73,12,0.6279962383436434,0.7795567115147909,0.001,64,2,0.3,False,32,75,0.0,0.1,10,5,0.5,True,42
weight_decay,0.0,73,73,13,0.627329739205765,0.7866072217623393,0.001,64,2,0.3,False,32,75,0.0,0.1,10,5,0.5,True,42
weight_decay,0.0,74,74,1,0.6934395193150549,0.6926495234171549,0.001,64,2,0.3,False,32,75,0.0,0.1,10,5,0.5,True,42
weight_decay,0.0,74,74,2,0.6926084224021796,0.6918511589368185,0.001,64,2,0.3,False,32,75,0.0,0.1,10,5,0.5,True,42
weight_decay,0.0,74,74,3,0.6915329681201414,0.6934966921806336,0.001,64,2,0.3,False,32,75,0.0,0.1,10,5,0.5,True,42
weight_decay,0.0,74,74,4,0.6891928283554135,0.6920416514078777,0.001,64,2,0.3,False,32,75,0.0,0.1,10,5,0.5,True,42
weight_decay,0.0,74,74,5,0.6871446307861444,0.6915793657302857,0.001,64,2,0.3,False,32,75,0.0,0.1,10,5,0.5,True,42
weight_decay,0.0,74,74,6,0.6843296614560214,0.6941301465034485,0.001,64,2,0.3,False,32,75,0.0,0.1,10,5,0.5,True,42
weight_decay,0.0,74,74,7,0.6782197983879031,0.7020885348320007,0.001,64,2,0.3,False,32,75,0.0,0.1,10,5,0.5,True,42
weight_decay,0.0,74,74,8,0.6725093541723309,0.7131974260012309,0.001,64,2,0.3,False,32,75,0.0,0.1,10,5,0.5,True,42
weight_decay,0.0,74,74,9,0.6654153696515344,0.7118811170260112,0.001,64,2,0.3,False,32,75,0.0,0.1,10,5,0.5,True,42
weight_decay,0.0,74,74,10,0.6559613938584472,0.7329701503117879,0.001,64,2,0.3,False,32,75,0.0,0.1,10,5,0.5,True,42
weight_decay,0.0,74,74,11,0.6463547628937345,0.7235751152038574,0.001,64,2,0.3,False,32,75,0.0,0.1,10,5,0.5,True,42
weight_decay,0.0,74,74,12,0.6284972679885951,0.762476913134257,0.001,64,2,0.3,False,32,75,0.0,0.1,10,5,0.5,True,42
weight_decay,0.0,74,74,13,0.613885723054409,0.7759949644406636,0.001,64,2,0.3,False,32,75,0.0,0.1,10,5,0.5,True,42
weight_decay,0.0,74,74,14,0.6037957968585419,0.7639307777086893,0.001,64,2,0.3,False,32,75,0.0,0.1,10,5,0.5,True,42
weight_decay,0.0,74,74,15,0.5907304318565311,0.8068502147992452,0.001,64,2,0.3,False,32,75,0.0,0.1,10,5,0.5,True,42
weight_decay,0.0,75,75,1,0.6950197915236155,0.6929061730702718,0.001,64,2,0.3,False,32,75,0.0,0.1,10,5,0.5,True,42
weight_decay,0.0,75,75,2,0.6921356171369553,0.6953170379002889,0.001,64,2,0.3,False,32,75,0.0,0.1,10,5,0.5,True,42
weight_decay,0.0,75,75,3,0.69189168241891,0.6954631368319194,0.001,64,2,0.3,False,32,75,0.0,0.1,10,5,0.5,True,42
weight_decay,0.0,75,75,4,0.6904192359158488,0.6950817982355754,0.001,64,2,0.3,False,32,75,0.0,0.1,10,5,0.5,True,42
weight_decay,0.0,75,75,5,0.6898676455020905,0.6948052446047465,0.001,64,2,0.3,False,32,75,0.0,0.1,10,5,0.5,True,42
weight_decay,0.0,75,75,6,0.6847041231213193,0.6983667612075806,0.001,64,2,0.3,False,32,75,0.0,0.1,10,5,0.5,True,42
weight_decay,0.0,75,75,7,0.6783368555885373,0.7004449327786764,0.001,64,2,0.3,False,32,75,0.0,0.1,10,5,0.5,True,42
weight_decay,0.0,75,75,8,0.6680598335735726,0.7091495235761006,0.001,64,2,0.3,False,32,75,0.0,0.1,10,5,0.5,True,42
weight_decay,0.0,75,75,9,0.6644896982294141,0.7028921564420064,0.001,64,2,0.3,False,32,75,0.0,0.1,10,5,0.5,True,42
weight_decay,0.0,75,75,10,0.6567890761476575,0.7091223955154419,0.001,64,2,0.3,False,32,75,0.0,0.1,10,5,0.5,True,42
weight_decay,0.0,75,75,11,0.64931866932999,0.7218288898468017,0.001,64,2,0.3,False,32,75,0.0,0.1,10,5,0.5,True,42
weight_decay,0.0,76,76,1,0.6939356963742863,0.6928521712621053,0.001,64,2,0.3,False,32,75,0.0,0.1,10,5,0.5,True,42
weight_decay,0.0,76,76,2,0.6920888830314983,0.6927485148111979,0.001,64,2,0.3,False,32,75,0.0,0.1,10,5,0.5,True,42
weight_decay,0.0,76,76,3,0.6911709439573865,0.6910800933837891,0.001,64,2,0.3,False,32,75,0.0,0.1,10,5,0.5,True,42
weight_decay,0.0,76,76,4,0.6899429017847235,0.6936174790064494,0.001,64,2,0.3,False,32,75,0.0,0.1,10,5,0.5,True,42
weight_decay,0.0,76,76,5,0.686344527837002,0.6912150859832764,0.001,64,2,0.3,False,32,75,0.0,0.1,10,5,0.5,True,42
weight_decay,0.0,76,76,6,0.6832571910186247,0.7006349205970764,0.001,64,2,0.3,False,32,75,0.0,0.1,10,5,0.5,True,42
weight_decay,0.0,76,76,7,0.6783852667519541,0.7091752092043558,0.001,64,2,0.3,False,32,75,0.0,0.1,10,5,0.5,True,42
weight_decay,0.0,76,76,8,0.6698525204803004,0.7145732045173645,0.001,64,2,0.3,False,32,75,0.0,0.1,10,5,0.5,True,42
weight_decay,0.0,76,76,9,0.6714472608132795,0.7104628761609395,0.001,64,2,0.3,False,32,75,0.0,0.1,10,5,0.5,True,42
weight_decay,0.0,76,76,10,0.6536815329031511,0.7420861045519511,0.001,64,2,0.3,False,32,75,0.0,0.1,10,5,0.5,True,42
weight_decay,0.0,76,76,11,0.6420237047202659,0.7368269880612691,0.001,64,2,0.3,False,32,75,0.0,0.1,10,5,0.5,True,42
weight_decay,0.0,76,76,12,0.6279904713684862,0.7607120911280314,0.001,64,2,0.3,False,32,75,0.0,0.1,10,5,0.5,True,42
weight_decay,0.0,76,76,13,0.6164131780916994,0.7943569421768188,0.001,64,2,0.3,False,32,75,0.0,0.1,10,5,0.5,True,42
weight_decay,0.0,77,77,1,0.6940236430276524,0.6938331365585327,0.001,64,2,0.3,False,32,75,0.0,0.1,10,5,0.5,True,42
weight_decay,0.0,77,77,2,0.6925225555896759,0.6934686223665874,0.001,64,2,0.3,False,32,75,0.0,0.1,10,5,0.5,True,42
weight_decay,0.0,77,77,3,0.6911297639211019,0.696878178914388,0.001,64,2,0.3,False,32,75,0.0,0.1,10,5,0.5,True,42
weight_decay,0.0,77,77,4,0.6888768433621435,0.693274978796641,0.001,64,2,0.3,False,32,75,0.0,0.1,10,5,0.5,True,42
weight_decay,0.0,77,77,5,0.6863585751165043,0.6944677114486695,0.001,64,2,0.3,False,32,75,0.0,0.1,10,5,0.5,True,42
weight_decay,0.0,77,77,6,0.6835278602260532,0.7040751218795777,0.001,64,2,0.3,False,32,75,0.0,0.1,10,5,0.5,True,42
weight_decay,0.0,77,77,7,0.6777806607159701,0.712988801797231,0.001,64,2,0.3,False,32,75,0.0,0.1,10,5,0.5,True,42
weight_decay,0.0,77,77,8,0.6696139510833856,0.7183998107910157,0.001,64,2,0.3,False,32,75,0.0,0.1,10,5,0.5,True,42
weight_decay,0.0,77,77,9,0.6613903357224031,0.7113301555315653,0.001,64,2,0.3,False,32,75,0.0,0.1,10,5,0.5,True,42
weight_decay,0.0,77,77,10,0.6526622013612227,0.7354882558186849,0.001,64,2,0.3,False,32,75,0.0,0.1,10,5,0.5,True,42
weight_decay,0.0,77,77,11,0.632636211586721,0.7919492403666178,0.001,64,2,0.3,False,32,75,0.0,0.1,10,5,0.5,True,42
weight_decay,0.0,77,77,12,0.6248754538369902,0.7579153299331665,0.001,64,2,0.3,False,32,75,0.0,0.1,10,5,0.5,True,42
weight_decay,0.0,77,77,13,0.6078080593636541,0.7831609924634297,0.001,64,2,0.3,False,32,75,0.0,0.1,10,5,0.5,True,42
weight_decay,0.0,77,77,14,0.6032064320011572,0.8186927556991577,0.001,64,2,0.3,False,32,75,0.0,0.1,10,5,0.5,True,42
weight_decay,0.0,78,78,1,0.6937629892067476,0.6929447134335835,0.001,64,2,0.3,False,32,75,0.0,0.1,10,5,0.5,True,42
weight_decay,0.0,78,78,2,0.6926852536923958,0.693439245223999,0.001,64,2,0.3,False,32,75,0.0,0.1,10,5,0.5,True,42
weight_decay,0.0,78,78,3,0.6922974577455809,0.6928752263387045,0.001,64,2,0.3,False,32,75,0.0,0.1,10,5,0.5,True,42
weight_decay,0.0,78,78,4,0.6902874337904381,0.6913938164710999,0.001,64,2,0.3,False,32,75,0.0,0.1,10,5,0.5,True,42
weight_decay,0.0,78,78,5,0.6864246540900433,0.6946097413698832,0.001,64,2,0.3,False,32,75,0.0,0.1,10,5,0.5,True,42
weight_decay,0.0,78,78,6,0.6830297943317529,0.7049598375956218,0.001,64,2,0.3,False,32,75,0.0,0.1,10,5,0.5,True,42
weight_decay,0.0,78,78,7,0.6759342835708098,0.7139925281206767,0.001,64,2,0.3,False,32,75,0.0,0.1,10,5,0.5,True,42
weight_decay,0.0,78,78,8,0.6704812514962573,0.746593157450358,0.001,64,2,0.3,False,32,75,0.0,0.1,10,5,0.5,True,42
weight_decay,0.0,78,78,9,0.6624004673777204,0.7233401695887248,0.001,64,2,0.3,False,32,75,0.0,0.1,10,5,0.5,True,42
weight_decay,0.0,78,78,10,0.652471248850678,0.7691620786984762,0.001,64,2,0.3,False,32,75,0.0,0.1,10,5,0.5,True,42
weight_decay,0.0,78,78,11,0.6382389244708148,0.7767878929773967,0.001,64,2,0.3,False,32,75,0.0,0.1,10,5,0.5,True,42
weight_decay,0.0,78,78,12,0.6301520159750273,0.7858583768208821,0.001,64,2,0.3,False,32,75,0.0,0.1,10,5,0.5,True,42
weight_decay,0.0,78,78,13,0.6163711001475652,0.8113427996635437,0.001,64,2,0.3,False,32,75,0.0,0.1,10,5,0.5,True,42
weight_decay,0.0,78,78,14,0.6057126454331658,0.8098558942476909,0.001,64,2,0.3,False,32,75,0.0,0.1,10,5,0.5,True,42
weight_decay,0.0,79,79,1,0.6937491275144346,0.6935481190681457,0.001,64,2,0.3,False,32,75,0.0,0.1,10,5,0.5,True,42
weight_decay,0.0,79,79,2,0.6919338712186525,0.693959899743398,0.001,64,2,0.3,False,32,75,0.0,0.1,10,5,0.5,True,42
weight_decay,0.0,79,79,3,0.6916229363643762,0.6938941995302836,0.001,64,2,0.3,False,32,75,0.0,0.1,10,5,0.5,True,42
weight_decay,0.0,79,79,4,0.6890692945682642,0.6936832110087077,0.001,64,2,0.3,False,32,75,0.0,0.1,10,5,0.5,True,42
weight_decay,0.0,79,79,5,0.686803302078536,0.6993469715118408,0.001,64,2,0.3,False,32,75,0.0,0.1,10,5,0.5,True,42
weight_decay,0.0,79,79,6,0.6851616691459309,0.6942774454752604,0.001,64,2,0.3,False,32,75,0.0,0.1,10,5,0.5,True,42
weight_decay,0.0,79,79,7,0.6778585012211944,0.708571175734202,0.001,64,2,0.3,False,32,75,0.0,0.1,10,5,0.5,True,42
weight_decay,0.0,79,79,8,0.6651409241286191,0.712870458761851,0.001,64,2,0.3,False,32,75,0.0,0.1,10,5,0.5,True,42
weight_decay,0.0,79,79,9,0.654221899581678,0.7123367468516032,0.001,64,2,0.3,False,32,75,0.0,0.1,10,5,0.5,True,42
weight_decay,0.0,79,79,10,0.6465604969046332,0.7261119961738587,0.001,64,2,0.3,False,32,75,0.0,0.1,10,5,0.5,True,42
weight_decay,0.0,79,79,11,0.6362434187621782,0.7423079172770183,0.001,64,2,0.3,False,32,75,0.0,0.1,10,5,0.5,True,42
weight_decay,0.0,80,80,1,0.6945319753704648,0.6919685522715251,0.001,64,2,0.3,False,32,75,0.0,0.1,10,5,0.5,True,42
weight_decay,0.0,80,80,2,0.6927586297194163,0.6928873459498087,0.001,64,2,0.3,False,32,75,0.0,0.1,10,5,0.5,True,42
weight_decay,0.0,80,80,3,0.6903404561859189,0.6924261848131815,0.001,64,2,0.3,False,32,75,0.0,0.1,10,5,0.5,True,42
weight_decay,0.0,80,80,4,0.6889401529774521,0.6942879875500997,0.001,64,2,0.3,False,32,75,0.0,0.1,10,5,0.5,True,42
weight_decay,0.0,80,80,5,0.6870871926798965,0.6954575856526692,0.001,64,2,0.3,False,32,75,0.0,0.1,10,5,0.5,True,42
weight_decay,0.0,80,80,6,0.681619303244533,0.6982428272565205,0.001,64,2,0.3,False,32,75,0.0,0.1,10,5,0.5,True,42
weight_decay,0.0,80,80,7,0.6774000186811794,0.7040295640627543,0.001,64,2,0.3,False,32,75,0.0,0.1,10,5,0.5,True,42
weight_decay,0.0,80,80,8,0.6631017828529532,0.7182273348172505,0.001,64,2,0.3,False,32,75,0.0,0.1,10,5,0.5,True,42
weight_decay,0.0,80,80,9,0.6571465509407448,0.7389944593111674,0.001,64,2,0.3,False,32,75,0.0,0.1,10,5,0.5,True,42
weight_decay,0.0,80,80,10,0.6496403217315674,0.7323576609293619,0.001,64,2,0.3,False,32,75,0.0,0.1,10,5,0.5,True,42
weight_decay,0.0,80,80,11,0.6412501226771962,0.7394212047259013,0.001,64,2,0.3,False,32,75,0.0,0.1,10,5,0.5,True,42
weight_decay,0.0,81,81,1,0.6940393104697719,0.6926063100496928,0.001,64,2,0.3,False,32,75,0.0,0.1,10,5,0.5,True,42
weight_decay,0.0,81,81,2,0.6927068481842676,0.6910872459411621,0.001,64,2,0.3,False,32,75,0.0,0.1,10,5,0.5,True,42
weight_decay,0.0,81,81,3,0.6904717751524665,0.6936836798985799,0.001,64,2,0.3,False,32,75,0.0,0.1,10,5,0.5,True,42
weight_decay,0.0,81,81,4,0.6886023766163624,0.6885905305544535,0.001,64,2,0.3,False,32,75,0.0,0.1,10,5,0.5,True,42
weight_decay,0.0,81,81,5,0.6862646454211437,0.6898811419804891,0.001,64,2,0.3,False,32,75,0.0,0.1,10,5,0.5,True,42
weight_decay,0.0,81,81,6,0.6798202481233713,0.6957830786705017,0.001,64,2,0.3,False,32,75,0.0,0.1,10,5,0.5,True,42
weight_decay,0.0,81,81,7,0.677135068358797,0.6967460155487061,0.001,64,2,0.3,False,32,75,0.0,0.1,10,5,0.5,True,42
weight_decay,0.0,81,81,8,0.670703066569386,0.7033095200856526,0.001,64,2,0.3,False,32,75,0.0,0.1,10,5,0.5,True,42
weight_decay,0.0,81,81,9,0.6564622566555486,0.7072182774543763,0.001,64,2,0.3,False,32,75,0.0,0.1,10,5,0.5,True,42
weight_decay,0.0,81,81,10,0.6523957500855128,0.7287544369697571,0.001,64,2,0.3,False,32,75,0.0,0.1,10,5,0.5,True,42
weight_decay,0.0,81,81,11,0.6346168014587779,0.7618753393491109,0.001,64,2,0.3,False,32,75,0.0,0.1,10,5,0.5,True,42
weight_decay,0.0,81,81,12,0.6206475462425839,0.7545954823493958,0.001,64,2,0.3,False,32,75,0.0,0.1,10,5,0.5,True,42
weight_decay,0.0,81,81,13,0.6097973138093948,0.7717798630396525,0.001,64,2,0.3,False,32,75,0.0,0.1,10,5,0.5,True,42
weight_decay,0.0,81,81,14,0.6022528525103222,0.7773305018742879,0.001,64,2,0.3,False,32,75,0.0,0.1,10,5,0.5,True,42
weight_decay,0.0,82,82,1,0.6935671098304518,0.6917752186457317,0.001,64,2,0.3,False,32,75,0.0,0.1,10,5,0.5,True,42
weight_decay,0.0,82,82,2,0.6918450462998766,0.6910927931467692,0.001,64,2,0.3,False,32,75,0.0,0.1,10,5,0.5,True,42
weight_decay,0.0,82,82,3,0.6901597814126448,0.694960884253184,0.001,64,2,0.3,False,32,75,0.0,0.1,10,5,0.5,True,42
weight_decay,0.0,82,82,4,0.6874117878350344,0.6917528986930848,0.001,64,2,0.3,False,32,75,0.0,0.1,10,5,0.5,True,42
weight_decay,0.0,82,82,5,0.6882373189384287,0.6946249802907308,0.001,64,2,0.3,False,32,75,0.0,0.1,10,5,0.5,True,42
weight_decay,0.0,82,82,6,0.6813929293191794,0.6952043135960897,0.001,64,2,0.3,False,32,75,0.0,0.1,10,5,0.5,True,42
weight_decay,0.0,82,82,7,0.6752905777909539,0.7036885857582093,0.001,64,2,0.3,False,32,75,0.0,0.1,10,5,0.5,True,42
weight_decay,0.0,82,82,8,0.6684018761822672,0.7110974987347921,0.001,64,2,0.3,False,32,75,0.0,0.1,10,5,0.5,True,42
weight_decay,0.0,82,82,9,0.6552093783111284,0.7236830790837606,0.001,64,2,0.3,False,32,75,0.0,0.1,10,5,0.5,True,42
weight_decay,0.0,82,82,10,0.6434523000410108,0.7382632414499919,0.001,64,2,0.3,False,32,75,0.0,0.1,10,5,0.5,True,42
weight_decay,0.0,82,82,11,0.638051217252558,0.7502268155415853,0.001,64,2,0.3,False,32,75,0.0,0.1,10,5,0.5,True,42
weight_decay,0.0,82,82,12,0.6245172080216985,0.7689925909042359,0.001,64,2,0.3,False,32,75,0.0,0.1,10,5,0.5,True,42
weight_decay,0.0,83,83,1,0.6942523898500385,0.6936188062032064,0.001,64,2,0.3,False,32,75,0.0,0.1,10,5,0.5,True,42
weight_decay,0.0,83,83,2,0.6927355234370087,0.6948057770729065,0.001,64,2,0.3,False,32,75,0.0,0.1,10,5,0.5,True,42
weight_decay,0.0,83,83,3,0.6910236351417772,0.6944049159685771,0.001,64,2,0.3,False,32,75,0.0,0.1,10,5,0.5,True,42
weight_decay,0.0,83,83,4,0.6895661150867288,0.6946322202682496,0.001,64,2,0.3,False,32,75,0.0,0.1,10,5,0.5,True,42
weight_decay,0.0,83,83,5,0.6886870007623326,0.693440318107605,0.001,64,2,0.3,False,32,75,0.0,0.1,10,5,0.5,True,42
weight_decay,0.0,83,83,6,0.6864855077230569,0.6968837340672811,0.001,64,2,0.3,False,32,75,0.0,0.1,10,5,0.5,True,42
weight_decay,0.0,83,83,7,0.6812873184680939,0.7007657488187155,0.001,64,2,0.3,False,32,75,0.0,0.1,10,5,0.5,True,42
weight_decay,0.0,83,83,8,0.6769722767851569,0.6921923398971558,0.001,64,2,0.3,False,32,75,0.0,0.1,10,5,0.5,True,42
weight_decay,0.0,83,83,9,0.6800533564704837,0.7028074065844218,0.001,64,2,0.3,False,32,75,0.0,0.1,10,5,0.5,True,42
weight_decay,0.0,83,83,10,0.6642478722514529,0.7085241794586181,0.001,64,2,0.3,False,32,75,0.0,0.1,10,5,0.5,True,42
weight_decay,0.0,83,83,11,0.6559555837602327,0.7069054365158081,0.001,64,2,0.3,False,32,75,0.0,0.1,10,5,0.5,True,42
weight_decay,0.0,83,83,12,0.6515819114266019,0.7157528122266134,0.001,64,2,0.3,False,32,75,0.0,0.1,10,5,0.5,True,42
weight_decay,0.0,83,83,13,0.6383811384439468,0.7183066566785177,0.001,64,2,0.3,False,32,75,0.0,0.1,10,5,0.5,True,42
weight_decay,0.0,83,83,14,0.6197752891616388,0.7623916029930115,0.001,64,2,0.3,False,32,75,0.0,0.1,10,5,0.5,True,42
weight_decay,0.0,83,83,15,0.6007100558190634,0.7765898029009501,0.001,64,2,0.3,False,32,75,0.0,0.1,10,5,0.5,True,42
weight_decay,0.0,83,83,16,0.5800653303211386,0.8126542011896769,0.001,64,2,0.3,False,32,75,0.0,0.1,10,5,0.5,True,42
weight_decay,0.0,83,83,17,0.5689863499366876,0.8312013705571493,0.001,64,2,0.3,False,32,75,0.0,0.1,10,5,0.5,True,42
weight_decay,0.0,83,83,18,0.5628581911777005,0.8366461316744487,0.001,64,2,0.3,False,32,75,0.0,0.1,10,5,0.5,True,42
weight_decay,0.0,84,84,1,0.6943306688106421,0.6929632425308228,0.001,64,2,0.3,False,32,75,0.0,0.1,10,5,0.5,True,42
weight_decay,0.0,84,84,2,0.6929565939036283,0.693601659933726,0.001,64,2,0.3,False,32,75,0.0,0.1,10,5,0.5,True,42
weight_decay,0.0,84,84,3,0.691579435359348,0.6948290228843689,0.001,64,2,0.3,False,32,75,0.0,0.1,10,5,0.5,True,42
weight_decay,0.0,84,84,4,0.6886141896247864,0.6940418640772502,0.001,64,2,0.3,False,32,75,0.0,0.1,10,5,0.5,True,42
weight_decay,0.0,84,84,5,0.6847237556269674,0.714094607035319,0.001,64,2,0.3,False,32,75,0.0,0.1,10,5,0.5,True,42
weight_decay,0.0,84,84,6,0.6819718105323387,0.7055280208587646,0.001,64,2,0.3,False,32,75,0.0,0.1,10,5,0.5,True,42
weight_decay,0.0,84,84,7,0.6766260690761335,0.7104827006657918,0.001,64,2,0.3,False,32,75,0.0,0.1,10,5,0.5,True,42
weight_decay,0.0,84,84,8,0.6648868611364653,0.7185356497764588,0.001,64,2,0.3,False,32,75,0.0,0.1,10,5,0.5,True,42
weight_decay,0.0,84,84,9,0.66082148660313,0.7249321540196737,0.001,64,2,0.3,False,32,75,0.0,0.1,10,5,0.5,True,42
weight_decay,0.0,84,84,10,0.6537291972023068,0.7251842856407166,0.001,64,2,0.3,False,32,75,0.0,0.1,10,5,0.5,True,42
weight_decay,0.0,84,84,11,0.6464605584289088,0.7432210206985473,0.001,64,2,0.3,False,32,75,0.0,0.1,10,5,0.5,True,42
weight_decay,0.0,85,85,1,0.6939802359450947,0.6938737193743388,0.001,64,2,0.3,False,32,75,0.0,0.1,10,5,0.5,True,42
weight_decay,0.0,85,85,2,0.6927923754309163,0.6941582798957825,0.001,64,2,0.3,False,32,75,0.0,0.1,10,5,0.5,True,42
weight_decay,0.0,85,85,3,0.6928807456385006,0.6924550016721089,0.001,64,2,0.3,False,32,75,0.0,0.1,10,5,0.5,True,42
weight_decay,0.0,85,85,4,0.6906561865047975,0.6931058724721273,0.001,64,2,0.3,False,32,75,0.0,0.1,10,5,0.5,True,42
weight_decay,0.0,85,85,5,0.6878708041075504,0.6930725932121277,0.001,64,2,0.3,False,32,75,0.0,0.1,10,5,0.5,True,42
weight_decay,0.0,85,85,6,0.6856831221869497,0.6945076624552409,0.001,64,2,0.3,False,32,75,0.0,0.1,10,5,0.5,True,42
weight_decay,0.0,85,85,7,0.6806766959753904,0.6979098002115885,0.001,64,2,0.3,False,32,75,0.0,0.1,10,5,0.5,True,42
weight_decay,0.0,85,85,8,0.6751963184638456,0.708631698290507,0.001,64,2,0.3,False,32,75,0.0,0.1,10,5,0.5,True,42
weight_decay,0.0,85,85,9,0.6679310125835014,0.7115119695663452,0.001,64,2,0.3,False,32,75,0.0,0.1,10,5,0.5,True,42
weight_decay,0.0,85,85,10,0.649693788452582,0.7391410787900289,0.001,64,2,0.3,False,32,75,0.0,0.1,10,5,0.5,True,42
weight_decay,0.0,85,85,11,0.6367510868744417,0.7312548796335856,0.001,64,2,0.3,False,32,75,0.0,0.1,10,5,0.5,True,42
weight_decay,0.0,85,85,12,0.6271292269229889,0.7810994863510132,0.001,64,2,0.3,False,32,75,0.0,0.1,10,5,0.5,True,42
weight_decay,0.0,85,85,13,0.6177871439493063,0.7779911001523335,0.001,64,2,0.3,False,32,75,0.0,0.1,10,5,0.5,True,42
weight_decay,0.0,86,86,1,0.6939114905668028,0.6922790090243022,0.001,64,2,0.3,False,32,75,0.0,0.1,10,5,0.5,True,42
weight_decay,0.0,86,86,2,0.6924703039906241,0.6912554065386455,0.001,64,2,0.3,False,32,75,0.0,0.1,10,5,0.5,True,42
weight_decay,0.0,86,86,3,0.6918175211458495,0.6920894026756287,0.001,64,2,0.3,False,32,75,0.0,0.1,10,5,0.5,True,42
weight_decay,0.0,86,86,4,0.6891997479128115,0.6916004101435343,0.001,64,2,0.3,False,32,75,0.0,0.1,10,5,0.5,True,42
weight_decay,0.0,86,86,5,0.6875737268816341,0.6900107542673747,0.001,64,2,0.3,False,32,75,0.0,0.1,10,5,0.5,True,42
weight_decay,0.0,86,86,6,0.684481969385436,0.6931222637494405,0.001,64,2,0.3,False,32,75,0.0,0.1,10,5,0.5,True,42
weight_decay,0.0,86,86,7,0.6805499489560272,0.6986123919487,0.001,64,2,0.3,False,32,75,0.0,0.1,10,5,0.5,True,42
weight_decay,0.0,86,86,8,0.6753728877414357,0.7238894740740458,0.001,64,2,0.3,False,32,75,0.0,0.1,10,5,0.5,True,42
weight_decay,0.0,86,86,9,0.6685501305442868,0.704026174545288,0.001,64,2,0.3,False,32,75,0.0,0.1,10,5,0.5,True,42
weight_decay,0.0,86,86,10,0.6617940470124736,0.7135027527809144,0.001,64,2,0.3,False,32,75,0.0,0.1,10,5,0.5,True,42
weight_decay,0.0,86,86,11,0.651050715283914,0.7312104026476542,0.001,64,2,0.3,False,32,75,0.0,0.1,10,5,0.5,True,42
weight_decay,0.0,86,86,12,0.6281047079599265,0.7477218826611837,0.001,64,2,0.3,False,32,75,0.0,0.1,10,5,0.5,True,42
weight_decay,0.0,86,86,13,0.6183880048267769,0.7515528082847596,0.001,64,2,0.3,False,32,75,0.0,0.1,10,5,0.5,True,42
weight_decay,0.0,86,86,14,0.6079743179407987,0.8086989601453145,0.001,64,2,0.3,False,32,75,0.0,0.1,10,5,0.5,True,42
weight_decay,0.0,86,86,15,0.5925227322361686,0.8255667964617411,0.001,64,2,0.3,False,32,75,0.0,0.1,10,5,0.5,True,42
weight_decay,0.0,87,87,1,0.6938932845086763,0.693191130956014,0.001,64,2,0.3,False,32,75,0.0,0.1,10,5,0.5,True,42
weight_decay,0.0,87,87,2,0.6926038906429753,0.6933704415957133,0.001,64,2,0.3,False,32,75,0.0,0.1,10,5,0.5,True,42
weight_decay,0.0,87,87,3,0.6910590574596868,0.6906562089920044,0.001,64,2,0.3,False,32,75,0.0,0.1,10,5,0.5,True,42
weight_decay,0.0,87,87,4,0.6889349339586316,0.6890738050142924,0.001,64,2,0.3,False,32,75,0.0,0.1,10,5,0.5,True,42
weight_decay,0.0,87,87,5,0.6862553177457867,0.6922261516253153,0.001,64,2,0.3,False,32,75,0.0,0.1,10,5,0.5,True,42
weight_decay,0.0,87,87,6,0.6837534601941253,0.6899476130803426,0.001,64,2,0.3,False,32,75,0.0,0.1,10,5,0.5,True,42
weight_decay,0.0,87,87,7,0.6783741279081865,0.6960056066513062,0.001,64,2,0.3,False,32,75,0.0,0.1,10,5,0.5,True,42
weight_decay,0.0,87,87,8,0.6715327469688473,0.6981855909029643,0.001,64,2,0.3,False,32,75,0.0,0.1,10,5,0.5,True,42
weight_decay,0.0,87,87,9,0.6653781695799394,0.70133003393809,0.001,64,2,0.3,False,32,75,0.0,0.1,10,5,0.5,True,42
weight_decay,0.0,87,87,10,0.657286781704787,0.7016930262247721,0.001,64,2,0.3,False,32,75,0.0,0.1,10,5,0.5,True,42
weight_decay,0.0,87,87,11,0.6453705384875789,0.7205444653828939,0.001,64,2,0.3,False,32,75,0.0,0.1,10,5,0.5,True,42
weight_decay,0.0,87,87,12,0.6395423127846285,0.7284722924232483,0.001,64,2,0.3,False,32,75,0.0,0.1,10,5,0.5,True,42
weight_decay,0.0,87,87,13,0.6225920256340143,0.7532158931096394,0.001,64,2,0.3,False,32,75,0.0,0.1,10,5,0.5,True,42
weight_decay,0.0,87,87,14,0.6109784017458106,0.7383057594299316,0.001,64,2,0.3,False,32,75,0.0,0.1,10,5,0.5,True,42
weight_decay,0.0,88,88,1,0.6945230414470037,0.6928076823552449,0.001,64,2,0.3,False,32,75,0.0,0.1,10,5,0.5,True,42
weight_decay,0.0,88,88,2,0.6923295336239266,0.692471194267273,0.001,64,2,0.3,False,32,75,0.0,0.1,10,5,0.5,True,42
weight_decay,0.0,88,88,3,0.69044472999645,0.6933191855748494,0.001,64,2,0.3,False,32,75,0.0,0.1,10,5,0.5,True,42
weight_decay,0.0,88,88,4,0.688642551501592,0.6934482256571451,0.001,64,2,0.3,False,32,75,0.0,0.1,10,5,0.5,True,42
weight_decay,0.0,88,88,5,0.687770279971036,0.6991440653800964,0.001,64,2,0.3,False,32,75,0.0,0.1,10,5,0.5,True,42
weight_decay,0.0,88,88,6,0.6828322568626115,0.7011602322260538,0.001,64,2,0.3,False,32,75,0.0,0.1,10,5,0.5,True,42
weight_decay,0.0,88,88,7,0.6777138434576265,0.7067976037661234,0.001,64,2,0.3,False,32,75,0.0,0.1,10,5,0.5,True,42
weight_decay,0.0,88,88,8,0.6713912067088214,0.7102936426798503,0.001,64,2,0.3,False,32,75,0.0,0.1,10,5,0.5,True,42
weight_decay,0.0,88,88,9,0.6582729839014284,0.7213492274284363,0.001,64,2,0.3,False,32,75,0.0,0.1,10,5,0.5,True,42
weight_decay,0.0,88,88,10,0.6476175103223685,0.7169708172480266,0.001,64,2,0.3,False,32,75,0.0,0.1,10,5,0.5,True,42
weight_decay,0.0,88,88,11,0.6468626102714827,0.7346691449483236,0.001,64,2,0.3,False,32,75,0.0,0.1,10,5,0.5,True,42
weight_decay,0.0,88,88,12,0.6333771993716558,0.7150057514508565,0.001,64,2,0.3,False,32,75,0.0,0.1,10,5,0.5,True,42
weight_decay,0.0,89,89,1,0.6944678660595056,0.6936522642771403,0.001,64,2,0.3,False,32,75,0.0,0.1,10,5,0.5,True,42
weight_decay,0.0,89,89,2,0.6921928777839198,0.6952379266421,0.001,64,2,0.3,False,32,75,0.0,0.1,10,5,0.5,True,42
weight_decay,0.0,89,89,3,0.690865288178126,0.6933499415715535,0.001,64,2,0.3,False,32,75,0.0,0.1,10,5,0.5,True,42
weight_decay,0.0,89,89,4,0.6888853501189839,0.6963122288386027,0.001,64,2,0.3,False,32,75,0.0,0.1,10,5,0.5,True,42
weight_decay,0.0,89,89,5,0.6880976042964242,0.7007776260375976,0.001,64,2,0.3,False,32,75,0.0,0.1,10,5,0.5,True,42
weight_decay,0.0,89,89,6,0.6854148552273259,0.6938521941502889,0.001,64,2,0.3,False,32,75,0.0,0.1,10,5,0.5,True,42
weight_decay,0.0,89,89,7,0.6797237134341038,0.6997649908065796,0.001,64,2,0.3,False,32,75,0.0,0.1,10,5,0.5,True,42
weight_decay,0.0,89,89,8,0.6761328496716239,0.7065099318822224,0.001,64,2,0.3,False,32,75,0.0,0.1,10,5,0.5,True,42
weight_decay,0.0,89,89,9,0.6679020397590868,0.7105995217959086,0.001,64,2,0.3,False,32,75,0.0,0.1,10,5,0.5,True,42
weight_decay,0.0,89,89,10,0.6533976752649654,0.7177019913991293,0.001,64,2,0.3,False,32,75,0.0,0.1,10,5,0.5,True,42
weight_decay,0.0,89,89,11,0.6436464357556719,0.7315458456675211,0.001,64,2,0.3,False,32,75,0.0,0.1,10,5,0.5,True,42
weight_decay,0.0,89,89,12,0.6353168054060503,0.7398281097412109,0.001,64,2,0.3,False,32,75,0.0,0.1,10,5,0.5,True,42
weight_decay,0.0,89,89,13,0.6248532172405359,0.784363055229187,0.001,64,2,0.3,False,32,75,0.0,0.1,10,5,0.5,True,42
weight_decay,0.0,90,90,1,0.6940660142537319,0.6925748984018961,0.001,64,2,0.3,False,32,75,0.0,0.1,10,5,0.5,True,42
weight_decay,0.0,90,90,2,0.6927741382158163,0.6922471404075623,0.001,64,2,0.3,False,32,75,0.0,0.1,10,5,0.5,True,42
weight_decay,0.0,90,90,3,0.6921847151084379,0.6920337835947673,0.001,64,2,0.3,False,32,75,0.0,0.1,10,5,0.5,True,42
weight_decay,0.0,90,90,4,0.6898721262361064,0.6868701259295146,0.001,64,2,0.3,False,32,75,0.0,0.1,10,5,0.5,True,42
weight_decay,0.0,90,90,5,0.6888346626903071,0.687411121527354,0.001,64,2,0.3,False,32,75,0.0,0.1,10,5,0.5,True,42
weight_decay,0.0,90,90,6,0.6850202584808524,0.6871771732966105,0.001,64,2,0.3,False,32,75,0.0,0.1,10,5,0.5,True,42
weight_decay,0.0,90,90,7,0.6823249251553507,0.6859452247619628,0.001,64,2,0.3,False,32,75,0.0,0.1,10,5,0.5,True,42
weight_decay,0.0,90,90,8,0.6781783785783884,0.6934459487597148,0.001,64,2,0.3,False,32,75,0.0,0.1,10,5,0.5,True,42
weight_decay,0.0,90,90,9,0.670867998491634,0.6887266476949055,0.001,64,2,0.3,False,32,75,0.0,0.1,10,5,0.5,True,42
weight_decay,0.0,90,90,10,0.6632980013435538,0.6988951961199442,0.001,64,2,0.3,False,32,75,0.0,0.1,10,5,0.5,True,42
weight_decay,0.0,90,90,11,0.6501269895922054,0.7022573630015055,0.001,64,2,0.3,False,32,75,0.0,0.1,10,5,0.5,True,42
weight_decay,0.0,90,90,12,0.6455064912637075,0.7075184384981791,0.001,64,2,0.3,False,32,75,0.0,0.1,10,5,0.5,True,42
weight_decay,0.0,90,90,13,0.63437502673178,0.7128724932670594,0.001,64,2,0.3,False,32,75,0.0,0.1,10,5,0.5,True,42
weight_decay,0.0,90,90,14,0.6026922597578077,0.7509836117426555,0.001,64,2,0.3,False,32,75,0.0,0.1,10,5,0.5,True,42
weight_decay,0.0,90,90,15,0.5839863428563783,0.7716483354568482,0.001,64,2,0.3,False,32,75,0.0,0.1,10,5,0.5,True,42
weight_decay,0.0,90,90,16,0.5700181472030553,0.7838111996650696,0.001,64,2,0.3,False,32,75,0.0,0.1,10,5,0.5,True,42
weight_decay,0.0,90,90,17,0.5591382289474661,0.7955754995346069,0.001,64,2,0.3,False,32,75,0.0,0.1,10,5,0.5,True,42
weight_decay,0.0,91,91,1,0.694030378352512,0.6928549885749817,0.001,64,2,0.3,False,32,75,0.0,0.1,10,5,0.5,True,42
weight_decay,0.0,91,91,2,0.6926206892186945,0.6921610275904337,0.001,64,2,0.3,False,32,75,0.0,0.1,10,5,0.5,True,42
weight_decay,0.0,91,91,3,0.6913696780349269,0.690231196085612,0.001,64,2,0.3,False,32,75,0.0,0.1,10,5,0.5,True,42
weight_decay,0.0,91,91,4,0.6897596044070793,0.6876672108968099,0.001,64,2,0.3,False,32,75,0.0,0.1,10,5,0.5,True,42
weight_decay,0.0,91,91,5,0.6877164565252535,0.6861515084902445,0.001,64,2,0.3,False,32,75,0.0,0.1,10,5,0.5,True,42
weight_decay,0.0,91,91,6,0.6829233756571105,0.6904912710189819,0.001,64,2,0.3,False,32,75,0.0,0.1,10,5,0.5,True,42
weight_decay,0.0,91,91,7,0.6803586595889294,0.6858216404914856,0.001,64,2,0.3,False,32,75,0.0,0.1,10,5,0.5,True,42
weight_decay,0.0,91,91,8,0.6726691555796247,0.6884596625963847,0.001,64,2,0.3,False,32,75,0.0,0.1,10,5,0.5,True,42
weight_decay,0.0,91,91,9,0.6640596028530237,0.6950424114863077,0.001,64,2,0.3,False,32,75,0.0,0.1,10,5,0.5,True,42
weight_decay,0.0,91,91,10,0.6570813524903674,0.6924572825431824,0.001,64,2,0.3,False,32,75,0.0,0.1,10,5,0.5,True,42
weight_decay,0.0,91,91,11,0.6436515495632634,0.7269660989443462,0.001,64,2,0.3,False,32,75,0.0,0.1,10,5,0.5,True,42
weight_decay,0.0,91,91,12,0.6315906436154337,0.717271339893341,0.001,64,2,0.3,False,32,75,0.0,0.1,10,5,0.5,True,42
weight_decay,0.0,91,91,13,0.6208877186432029,0.7355794747670491,0.001,64,2,0.3,False,32,75,0.0,0.1,10,5,0.5,True,42
weight_decay,0.0,91,91,14,0.5920581657326582,0.7662389397621154,0.001,64,2,0.3,False,32,75,0.0,0.1,10,5,0.5,True,42
weight_decay,0.0,91,91,15,0.5764544689745614,0.7622632304827373,0.001,64,2,0.3,False,32,75,0.0,0.1,10,5,0.5,True,42
weight_decay,0.0,91,91,16,0.5752179925188874,0.7659756739934286,0.001,64,2,0.3,False,32,75,0.0,0.1,10,5,0.5,True,42
weight_decay,0.0,91,91,17,0.5515706439812978,0.8155830065409343,0.001,64,2,0.3,False,32,75,0.0,0.1,10,5,0.5,True,42
weight_decay,0.0,92,92,1,0.6940428664286932,0.6969570636749267,0.001,64,2,0.3,False,32,75,0.0,0.1,10,5,0.5,True,42
weight_decay,0.0,92,92,2,0.6915047692530083,0.6995072484016418,0.001,64,2,0.3,False,32,75,0.0,0.1,10,5,0.5,True,42
weight_decay,0.0,92,92,3,0.6901897146846309,0.6947640260060628,0.001,64,2,0.3,False,32,75,0.0,0.1,10,5,0.5,True,42
weight_decay,0.0,92,92,4,0.6872360719875856,0.6979725917180379,0.001,64,2,0.3,False,32,75,0.0,0.1,10,5,0.5,True,42
weight_decay,0.0,92,92,5,0.6859839477322318,0.6960797270139059,0.001,64,2,0.3,False,32,75,0.0,0.1,10,5,0.5,True,42
weight_decay,0.0,92,92,6,0.6831989487012228,0.7025870641072591,0.001,64,2,0.3,False,32,75,0.0,0.1,10,5,0.5,True,42
weight_decay,0.0,92,92,7,0.6772273778915405,0.7098496278127034,0.001,64,2,0.3,False,32,75,0.0,0.1,10,5,0.5,True,42
weight_decay,0.0,92,92,8,0.6685476181181994,0.7309463779131572,0.001,64,2,0.3,False,32,75,0.0,0.1,10,5,0.5,True,42
weight_decay,0.0,92,92,9,0.6647904334646283,0.7086697856585185,0.001,64,2,0.3,False,32,75,0.0,0.1,10,5,0.5,True,42
weight_decay,0.0,92,92,10,0.6483066727717718,0.7293711225191752,0.001,64,2,0.3,False,32,75,0.0,0.1,10,5,0.5,True,42
weight_decay,0.0,92,92,11,0.6371430804332098,0.7418700853983561,0.001,64,2,0.3,False,32,75,0.0,0.1,10,5,0.5,True,42
weight_decay,0.0,92,92,12,0.6226379322734746,0.7586400349934895,0.001,64,2,0.3,False,32,75,0.0,0.1,10,5,0.5,True,42
weight_decay,0.0,92,92,13,0.6152694735563162,0.7528310736020406,0.001,64,2,0.3,False,32,75,0.0,0.1,10,5,0.5,True,42
weight_decay,0.0,93,93,1,0.6939315114057425,0.6945594986279805,0.001,64,2,0.3,False,32,75,0.0,0.1,10,5,0.5,True,42
weight_decay,0.0,93,93,2,0.6922646070068533,0.6933843453725179,0.001,64,2,0.3,False,32,75,0.0,0.1,10,5,0.5,True,42
weight_decay,0.0,93,93,3,0.6911034891099641,0.693321677049001,0.001,64,2,0.3,False,32,75,0.0,0.1,10,5,0.5,True,42
weight_decay,0.0,93,93,4,0.6887069615450773,0.694789723555247,0.001,64,2,0.3,False,32,75,0.0,0.1,10,5,0.5,True,42
weight_decay,0.0,93,93,5,0.684178345582702,0.7050032297770182,0.001,64,2,0.3,False,32,75,0.0,0.1,10,5,0.5,True,42
weight_decay,0.0,93,93,6,0.6783716227069045,0.7086377302805583,0.001,64,2,0.3,False,32,75,0.0,0.1,10,5,0.5,True,42
weight_decay,0.0,93,93,7,0.6753686634880124,0.708186145623525,0.001,64,2,0.3,False,32,75,0.0,0.1,10,5,0.5,True,42
weight_decay,0.0,93,93,8,0.6662613076694084,0.7085209767023722,0.001,64,2,0.3,False,32,75,0.0,0.1,10,5,0.5,True,42
weight_decay,0.0,93,93,9,0.6479524274667104,0.7336969614028931,0.001,64,2,0.3,False,32,75,0.0,0.1,10,5,0.5,True,42
weight_decay,0.0,93,93,10,0.6403868559635046,0.7429698864618938,0.001,64,2,0.3,False,32,75,0.0,0.1,10,5,0.5,True,42
weight_decay,0.0,93,93,11,0.6296465360757076,0.7621896386146545,0.001,64,2,0.3,False,32,75,0.0,0.1,10,5,0.5,True,42
weight_decay,0.0,93,93,12,0.6208977877642169,0.7565083225568136,0.001,64,2,0.3,False,32,75,0.0,0.1,10,5,0.5,True,42
weight_decay,0.0,93,93,13,0.6116243257667079,0.81340438524882,0.001,64,2,0.3,False,32,75,0.0,0.1,10,5,0.5,True,42
weight_decay,0.0,94,94,1,0.6937171672329758,0.6933198571205139,0.001,64,2,0.3,False,32,75,0.0,0.1,10,5,0.5,True,42
weight_decay,0.0,94,94,2,0.6921139296257135,0.693776297569275,0.001,64,2,0.3,False,32,75,0.0,0.1,10,5,0.5,True,42
weight_decay,0.0,94,94,3,0.6917009168502056,0.6947420835494995,0.001,64,2,0.3,False,32,75,0.0,0.1,10,5,0.5,True,42
weight_decay,0.0,94,94,4,0.6886103374488426,0.6904793222745259,0.001,64,2,0.3,False,32,75,0.0,0.1,10,5,0.5,True,42
weight_decay,0.0,94,94,5,0.68799903717908,0.6932407855987549,0.001,64,2,0.3,False,32,75,0.0,0.1,10,5,0.5,True,42
weight_decay,0.0,94,94,6,0.6827512017705224,0.6946959932645161,0.001,64,2,0.3,False,32,75,0.0,0.1,10,5,0.5,True,42
weight_decay,0.0,94,94,7,0.679811465920824,0.7027631004651388,0.001,64,2,0.3,False,32,75,0.0,0.1,10,5,0.5,True,42
weight_decay,0.0,94,94,8,0.6733079891313206,0.7065327684084575,0.001,64,2,0.3,False,32,75,0.0,0.1,10,5,0.5,True,42
weight_decay,0.0,94,94,9,0.6659288144472874,0.6990753769874573,0.001,64,2,0.3,False,32,75,0.0,0.1,10,5,0.5,True,42
weight_decay,0.0,94,94,10,0.6571736575076075,0.7107172727584838,0.001,64,2,0.3,False,32,75,0.0,0.1,10,5,0.5,True,42
weight_decay,0.0,94,94,11,0.6352670100150686,0.7273472865422567,0.001,64,2,0.3,False,32,75,0.0,0.1,10,5,0.5,True,42
weight_decay,0.0,94,94,12,0.6260282541766311,0.7483189344406128,0.001,64,2,0.3,False,32,75,0.0,0.1,10,5,0.5,True,42
weight_decay,0.0,94,94,13,0.6157937555602102,0.7329055349032084,0.001,64,2,0.3,False,32,75,0.0,0.1,10,5,0.5,True,42
weight_decay,0.0,94,94,14,0.6023455492474816,0.7955522537231445,0.001,64,2,0.3,False,32,75,0.0,0.1,10,5,0.5,True,42
weight_decay,0.0,95,95,1,0.6938373022007219,0.6932374238967896,0.001,64,2,0.3,False,32,75,0.0,0.1,10,5,0.5,True,42
weight_decay,0.0,95,95,2,0.6922980321176124,0.6925393621126811,0.001,64,2,0.3,False,32,75,0.0,0.1,10,5,0.5,True,42
weight_decay,0.0,95,95,3,0.691260785315976,0.6939020951588949,0.001,64,2,0.3,False,32,75,0.0,0.1,10,5,0.5,True,42
weight_decay,0.0,95,95,4,0.6892225340460286,0.6949287970860799,0.001,64,2,0.3,False,32,75,0.0,0.1,10,5,0.5,True,42
weight_decay,0.0,95,95,5,0.6844490165963317,0.6962338447570801,0.001,64,2,0.3,False,32,75,0.0,0.1,10,5,0.5,True,42
weight_decay,0.0,95,95,6,0.681093539703976,0.7035190860430399,0.001,64,2,0.3,False,32,75,0.0,0.1,10,5,0.5,True,42
weight_decay,0.0,95,95,7,0.6760888469941688,0.7034005125363668,0.001,64,2,0.3,False,32,75,0.0,0.1,10,5,0.5,True,42
weight_decay,0.0,95,95,8,0.6682613284298868,0.7100491086641948,0.001,64,2,0.3,False,32,75,0.0,0.1,10,5,0.5,True,42
weight_decay,0.0,95,95,9,0.6539682637561451,0.7317193071047465,0.001,64,2,0.3,False,32,75,0.0,0.1,10,5,0.5,True,42
weight_decay,0.0,95,95,10,0.6468323627204606,0.7261086781819661,0.001,64,2,0.3,False,32,75,0.0,0.1,10,5,0.5,True,42
weight_decay,0.0,95,95,11,0.6391126301252481,0.7291320204734802,0.001,64,2,0.3,False,32,75,0.0,0.1,10,5,0.5,True,42
weight_decay,0.0,95,95,12,0.6273671885331472,0.7459002494812011,0.001,64,2,0.3,False,32,75,0.0,0.1,10,5,0.5,True,42
weight_decay,0.0,96,96,1,0.693358653422558,0.6948570847511292,0.001,64,2,0.3,False,32,75,0.0,0.1,10,5,0.5,True,42
weight_decay,0.0,96,96,2,0.691705890677192,0.6935040394465128,0.001,64,2,0.3,False,32,75,0.0,0.1,10,5,0.5,True,42
weight_decay,0.0,96,96,3,0.690863825155027,0.6934950550397238,0.001,64,2,0.3,False,32,75,0.0,0.1,10,5,0.5,True,42
weight_decay,0.0,96,96,4,0.6899101639335806,0.6940670053164164,0.001,64,2,0.3,False,32,75,0.0,0.1,10,5,0.5,True,42
weight_decay,0.0,96,96,5,0.6884020779168967,0.7005297978719075,0.001,64,2,0.3,False,32,75,0.0,0.1,10,5,0.5,True,42
weight_decay,0.0,96,96,6,0.6851859932596033,0.6930168151855469,0.001,64,2,0.3,False,32,75,0.0,0.1,10,5,0.5,True,42
weight_decay,0.0,96,96,7,0.6790973819566496,0.6984211444854737,0.001,64,2,0.3,False,32,75,0.0,0.1,10,5,0.5,True,42
weight_decay,0.0,96,96,8,0.6754182346842506,0.7004479805628459,0.001,64,2,0.3,False,32,75,0.0,0.1,10,5,0.5,True,42
weight_decay,0.0,96,96,9,0.6719286974632379,0.7218477567036946,0.001,64,2,0.3,False,32,75,0.0,0.1,10,5,0.5,True,42
weight_decay,0.0,96,96,10,0.6614742468703877,0.7075442870457967,0.001,64,2,0.3,False,32,75,0.0,0.1,10,5,0.5,True,42
weight_decay,0.0,96,96,11,0.6490084113496722,0.7318582773208618,0.001,64,2,0.3,False,32,75,0.0,0.1,10,5,0.5,True,42
weight_decay,0.0,96,96,12,0.6364591221014658,0.7480628331502278,0.001,64,2,0.3,False,32,75,0.0,0.1,10,5,0.5,True,42
weight_decay,0.0,96,96,13,0.6117605675350536,0.7806974887847901,0.001,64,2,0.3,False,32,75,0.0,0.1,10,5,0.5,True,42
weight_decay,0.0,96,96,14,0.5940178266980431,0.8232837001482646,0.001,64,2,0.3,False,32,75,0.0,0.1,10,5,0.5,True,42
weight_decay,0.0,96,96,15,0.579659282709613,0.8494955937067667,0.001,64,2,0.3,False,32,75,0.0,0.1,10,5,0.5,True,42
weight_decay,0.0,96,96,16,0.563276702707464,0.8799570520718892,0.001,64,2,0.3,False,32,75,0.0,0.1,10,5,0.5,True,42
weight_decay,0.0,97,97,1,0.6942723194758097,0.6928369204203287,0.001,64,2,0.3,False,32,75,0.0,0.1,10,5,0.5,True,42
weight_decay,0.0,97,97,2,0.6927466844067429,0.6934932827949524,0.001,64,2,0.3,False,32,75,0.0,0.1,10,5,0.5,True,42
weight_decay,0.0,97,97,3,0.6908507491603042,0.6921197255452474,0.001,64,2,0.3,False,32,75,0.0,0.1,10,5,0.5,True,42
weight_decay,0.0,97,97,4,0.6899563706282413,0.6911257068316142,0.001,64,2,0.3,False,32,75,0.0,0.1,10,5,0.5,True,42
weight_decay,0.0,97,97,5,0.6876799988024163,0.6922919352849325,0.001,64,2,0.3,False,32,75,0.0,0.1,10,5,0.5,True,42
weight_decay,0.0,97,97,6,0.6856386309320276,0.6896969079971313,0.001,64,2,0.3,False,32,75,0.0,0.1,10,5,0.5,True,42
weight_decay,0.0,97,97,7,0.6821189247297518,0.6912519176801045,0.001,64,2,0.3,False,32,75,0.0,0.1,10,5,0.5,True,42
weight_decay,0.0,97,97,8,0.6727312432997155,0.6997765024503072,0.001,64,2,0.3,False,32,75,0.0,0.1,10,5,0.5,True,42
weight_decay,0.0,97,97,9,0.666895912903728,0.7021787484486898,0.001,64,2,0.3,False,32,75,0.0,0.1,10,5,0.5,True,42
weight_decay,0.0,97,97,10,0.657193478309747,0.7132044355074565,0.001,64,2,0.3,False,32,75,0.0,0.1,10,5,0.5,True,42
weight_decay,0.0,97,97,11,0.6495674058343425,0.7086805582046509,0.001,64,2,0.3,False,32,75,0.0,0.1,10,5,0.5,True,42
weight_decay,0.0,97,97,12,0.6349736533381722,0.7257107257843017,0.001,64,2,0.3,False,32,75,0.0,0.1,10,5,0.5,True,42
weight_decay,0.0,97,97,13,0.6064514727755026,0.7520998318990072,0.001,64,2,0.3,False,32,75,0.0,0.1,10,5,0.5,True,42
weight_decay,0.0,97,97,14,0.588633990649021,0.7859691619873047,0.001,64,2,0.3,False,32,75,0.0,0.1,10,5,0.5,True,42
weight_decay,0.0,97,97,15,0.5738662573875803,0.7892536401748658,0.001,64,2,0.3,False,32,75,0.0,0.1,10,5,0.5,True,42
weight_decay,0.0,97,97,16,0.5599144918448997,0.801503066221873,0.001,64,2,0.3,False,32,75,0.0,0.1,10,5,0.5,True,42
weight_decay,0.0,98,98,1,0.6939713823975939,0.6924628059069315,0.001,64,2,0.3,False,32,75,0.0,0.1,10,5,0.5,True,42
weight_decay,0.0,98,98,2,0.6919738867066123,0.6940155227979025,0.001,64,2,0.3,False,32,75,0.0,0.1,10,5,0.5,True,42
weight_decay,0.0,98,98,3,0.6922188952113643,0.6921063979466756,0.001,64,2,0.3,False,32,75,0.0,0.1,10,5,0.5,True,42
weight_decay,0.0,98,98,4,0.6892865959442023,0.6967907508214315,0.001,64,2,0.3,False,32,75,0.0,0.1,10,5,0.5,True,42
weight_decay,0.0,98,98,5,0.6875859182892423,0.6939291755358378,0.001,64,2,0.3,False,32,75,0.0,0.1,10,5,0.5,True,42
weight_decay,0.0,98,98,6,0.682264912760619,0.7034788966178894,0.001,64,2,0.3,False,32,75,0.0,0.1,10,5,0.5,True,42
weight_decay,0.0,98,98,7,0.6817174450014577,0.7009947299957275,0.001,64,2,0.3,False,32,75,0.0,0.1,10,5,0.5,True,42
weight_decay,0.0,98,98,8,0.6730512100638766,0.6971794247627259,0.001,64,2,0.3,False,32,75,0.0,0.1,10,5,0.5,True,42
weight_decay,0.0,98,98,9,0.6710836557727872,0.7105765302975973,0.001,64,2,0.3,False,32,75,0.0,0.1,10,5,0.5,True,42
weight_decay,0.0,98,98,10,0.6574082333933223,0.7292145053545634,0.001,64,2,0.3,False,32,75,0.0,0.1,10,5,0.5,True,42
weight_decay,0.0,98,98,11,0.6446975745034941,0.7372470657030742,0.001,64,2,0.3,False,32,75,0.0,0.1,10,5,0.5,True,42
weight_decay,0.0,98,98,12,0.634293413975022,0.7458789308865865,0.001,64,2,0.3,False,32,75,0.0,0.1,10,5,0.5,True,42
weight_decay,0.0,98,98,13,0.6306076149145762,0.7477215806643168,0.001,64,2,0.3,False,32,75,0.0,0.1,10,5,0.5,True,42
weight_decay,0.0,99,99,1,0.6940354736465396,0.6928021311759949,0.001,64,2,0.3,False,32,75,0.0,0.1,10,5,0.5,True,42
weight_decay,0.0,99,99,2,0.6932177904880408,0.6942952871322632,0.001,64,2,0.3,False,32,75,0.0,0.1,10,5,0.5,True,42
weight_decay,0.0,99,99,3,0.6906356612841288,0.6939352711041769,0.001,64,2,0.3,False,32,75,0.0,0.1,10,5,0.5,True,42
weight_decay,0.0,99,99,4,0.68933784374685,0.6957720756530762,0.001,64,2,0.3,False,32,75,0.0,0.1,10,5,0.5,True,42
weight_decay,0.0,99,99,5,0.6863617544824426,0.6928903977076213,0.001,64,2,0.3,False,32,75,0.0,0.1,10,5,0.5,True,42
weight_decay,0.0,99,99,6,0.6839777253793947,0.7033147533734639,0.001,64,2,0.3,False,32,75,0.0,0.1,10,5,0.5,True,42
weight_decay,0.0,99,99,7,0.6780829429626465,0.7028406341870626,0.001,64,2,0.3,False,32,75,0.0,0.1,10,5,0.5,True,42
weight_decay,0.0,99,99,8,0.669877167000915,0.7050225893656413,0.001,64,2,0.3,False,32,75,0.0,0.1,10,5,0.5,True,42
weight_decay,0.0,99,99,9,0.6599069291895087,0.7156262477238973,0.001,64,2,0.3,False,32,75,0.0,0.1,10,5,0.5,True,42
weight_decay,0.0,99,99,10,0.6549861471761357,0.7182812690734863,0.001,64,2,0.3,False,32,75,0.0,0.1,10,5,0.5,True,42
weight_decay,0.0,99,99,11,0.6433731087229468,0.7331040819485982,0.001,64,2,0.3,False,32,75,0.0,0.1,10,5,0.5,True,42
weight_decay,0.0,100,100,1,0.6941464850396821,0.6940507054328918,0.001,64,2,0.3,False,32,75,0.0,0.1,10,5,0.5,True,42
weight_decay,0.0,100,100,2,0.6924509406089783,0.693595842520396,0.001,64,2,0.3,False,32,75,0.0,0.1,10,5,0.5,True,42
weight_decay,0.0,100,100,3,0.6901781726064105,0.6944752057393392,0.001,64,2,0.3,False,32,75,0.0,0.1,10,5,0.5,True,42
weight_decay,0.0,100,100,4,0.6879977430358077,0.6960087100664775,0.001,64,2,0.3,False,32,75,0.0,0.1,10,5,0.5,True,42
weight_decay,0.0,100,100,5,0.6852528240644571,0.6969967603683471,0.001,64,2,0.3,False,32,75,0.0,0.1,10,5,0.5,True,42
weight_decay,0.0,100,100,6,0.6814025211514849,0.7004569888114929,0.001,64,2,0.3,False,32,75,0.0,0.1,10,5,0.5,True,42
weight_decay,0.0,100,100,7,0.6784140675356893,0.7066338857014974,0.001,64,2,0.3,False,32,75,0.0,0.1,10,5,0.5,True,42
weight_decay,0.0,100,100,8,0.6698113165118478,0.7149425546328226,0.001,64,2,0.3,False,32,75,0.0,0.1,10,5,0.5,True,42
weight_decay,0.0,100,100,9,0.6586081060496244,0.7200562834739686,0.001,64,2,0.3,False,32,75,0.0,0.1,10,5,0.5,True,42
weight_decay,0.0,100,100,10,0.6466857962536089,0.7297940929730733,0.001,64,2,0.3,False,32,75,0.0,0.1,10,5,0.5,True,42
weight_decay,0.0,100,100,11,0.6369272041501421,0.7369345903396607,0.001,64,2,0.3,False,32,75,0.0,0.1,10,5,0.5,True,42
weight_decay,0.0,100,100,12,0.6312063921130064,0.7509386102358501,0.001,64,2,0.3,False,32,75,0.0,0.1,10,5,0.5,True,42
weight_decay,0.0,101,101,1,0.693974596081358,0.6940283417701721,0.001,64,2,0.3,False,32,75,0.0,0.1,10,5,0.5,True,42
weight_decay,0.0,101,101,2,0.6928912270249743,0.6933876713116963,0.001,64,2,0.3,False,32,75,0.0,0.1,10,5,0.5,True,42
weight_decay,0.0,101,101,3,0.6914513404622222,0.6920973459879557,0.001,64,2,0.3,False,32,75,0.0,0.1,10,5,0.5,True,42
weight_decay,0.0,101,101,4,0.6904215519175385,0.6928612311681112,0.001,64,2,0.3,False,32,75,0.0,0.1,10,5,0.5,True,42
weight_decay,0.0,101,101,5,0.6884043699864185,0.6924586097399393,0.001,64,2,0.3,False,32,75,0.0,0.1,10,5,0.5,True,42
weight_decay,0.0,101,101,6,0.6855624932231326,0.6923150738080343,0.001,64,2,0.3,False,32,75,0.0,0.1,10,5,0.5,True,42
weight_decay,0.0,101,101,7,0.6814695163206621,0.693189795811971,0.001,64,2,0.3,False,32,75,0.0,0.1,10,5,0.5,True,42
weight_decay,0.0,101,101,8,0.6751987369674625,0.6953831990559896,0.001,64,2,0.3,False,32,75,0.0,0.1,10,5,0.5,True,42
weight_decay,0.0,101,101,9,0.6696571265206193,0.7085764129956563,0.001,64,2,0.3,False,32,75,0.0,0.1,10,5,0.5,True,42
weight_decay,0.0,101,101,10,0.6544945443218405,0.716393784681956,0.001,64,2,0.3,False,32,75,0.0,0.1,10,5,0.5,True,42
weight_decay,0.0,101,101,11,0.6458823428009496,0.7222722411155701,0.001,64,2,0.3,False,32,75,0.0,0.1,10,5,0.5,True,42
weight_decay,0.0,101,101,12,0.6313445590662233,0.7319984475771586,0.001,64,2,0.3,False,32,75,0.0,0.1,10,5,0.5,True,42
weight_decay,0.0,101,101,13,0.6227612028067763,0.7428776184717815,0.001,64,2,0.3,False,32,75,0.0,0.1,10,5,0.5,True,42
weight_decay,0.0,102,102,1,0.6939807231679107,0.6936331391334534,0.001,64,2,0.3,False,32,75,0.0,0.1,10,5,0.5,True,42
weight_decay,0.0,102,102,2,0.6924892478820049,0.692669129371643,0.001,64,2,0.3,False,32,75,0.0,0.1,10,5,0.5,True,42
weight_decay,0.0,102,102,3,0.6918979485829672,0.6913153409957886,0.001,64,2,0.3,False,32,75,0.0,0.1,10,5,0.5,True,42
weight_decay,0.0,102,102,4,0.6897364489056848,0.6913104971249898,0.001,64,2,0.3,False,32,75,0.0,0.1,10,5,0.5,True,42
weight_decay,0.0,102,102,5,0.6886109917452841,0.6895454009373982,0.001,64,2,0.3,False,32,75,0.0,0.1,10,5,0.5,True,42
weight_decay,0.0,102,102,6,0.682739486748522,0.716375720500946,0.001,64,2,0.3,False,32,75,0.0,0.1,10,5,0.5,True,42
weight_decay,0.0,102,102,7,0.6795396371321245,0.6873463074366252,0.001,64,2,0.3,False,32,75,0.0,0.1,10,5,0.5,True,42
weight_decay,0.0,102,102,8,0.6755551822257765,0.6886786182721456,0.001,64,2,0.3,False,32,75,0.0,0.1,10,5,0.5,True,42
weight_decay,0.0,102,102,9,0.669712049943028,0.6982189059257508,0.001,64,2,0.3,False,32,75,0.0,0.1,10,5,0.5,True,42
weight_decay,0.0,102,102,10,0.6647311295523788,0.6992474516232808,0.001,64,2,0.3,False,32,75,0.0,0.1,10,5,0.5,True,42
weight_decay,0.0,102,102,11,0.6554830002062249,0.7049956480662029,0.001,64,2,0.3,False,32,75,0.0,0.1,10,5,0.5,True,42
weight_decay,0.0,102,102,12,0.6426001407883384,0.7418424050013225,0.001,64,2,0.3,False,32,75,0.0,0.1,10,5,0.5,True,42
weight_decay,0.0,102,102,13,0.6369390320597272,0.7287295500437418,0.001,64,2,0.3,False,32,75,0.0,0.1,10,5,0.5,True,42
weight_decay,0.0,102,102,14,0.6104931029858012,0.7665738066037496,0.001,64,2,0.3,False,32,75,0.0,0.1,10,5,0.5,True,42
weight_decay,0.0,102,102,15,0.5950392572717234,0.750232477982839,0.001,64,2,0.3,False,32,75,0.0,0.1,10,5,0.5,True,42
weight_decay,0.0,102,102,16,0.5854979078426505,0.7851620197296143,0.001,64,2,0.3,False,32,75,0.0,0.1,10,5,0.5,True,42
weight_decay,0.0,102,102,17,0.5754279722318505,0.8166956543922425,0.001,64,2,0.3,False,32,75,0.0,0.1,10,5,0.5,True,42
weight_decay,0.0,103,103,1,0.6936139473409364,0.6936699708302816,0.001,64,2,0.3,False,32,75,0.0,0.1,10,5,0.5,True,42
weight_decay,0.0,103,103,2,0.69258708393935,0.694308626651764,0.001,64,2,0.3,False,32,75,0.0,0.1,10,5,0.5,True,42
weight_decay,0.0,103,103,3,0.6915874657305804,0.6939427336057027,0.001,64,2,0.3,False,32,75,0.0,0.1,10,5,0.5,True,42
weight_decay,0.0,103,103,4,0.690236335902503,0.6970974882443746,0.001,64,2,0.3,False,32,75,0.0,0.1,10,5,0.5,True,42
weight_decay,0.0,103,103,5,0.6880891237295035,0.6918317516644795,0.001,64,2,0.3,False,32,75,0.0,0.1,10,5,0.5,True,42
weight_decay,0.0,103,103,6,0.6837979360963359,0.6955483118693034,0.001,64,2,0.3,False,32,75,0.0,0.1,10,5,0.5,True,42
weight_decay,0.0,103,103,7,0.6808201932545864,0.6962020715077718,0.001,64,2,0.3,False,32,75,0.0,0.1,10,5,0.5,True,42
weight_decay,0.0,103,103,8,0.6716433849298593,0.7195153951644897,0.001,64,2,0.3,False,32,75,0.0,0.1,10,5,0.5,True,42
weight_decay,0.0,103,103,9,0.6624115813862194,0.7007458408673605,0.001,64,2,0.3,False,32,75,0.0,0.1,10,5,0.5,True,42
weight_decay,0.0,103,103,10,0.6535772527709152,0.7232880592346191,0.001,64,2,0.3,False,32,75,0.0,0.1,10,5,0.5,True,42
weight_decay,0.0,103,103,11,0.6451996068159739,0.7241625507672628,0.001,64,2,0.3,False,32,75,0.0,0.1,10,5,0.5,True,42
weight_decay,0.0,103,103,12,0.6181401203979145,0.7845509052276611,0.001,64,2,0.3,False,32,75,0.0,0.1,10,5,0.5,True,42
weight_decay,0.0,103,103,13,0.6058806497039217,0.7839530269304912,0.001,64,2,0.3,False,32,75,0.0,0.1,10,5,0.5,True,42
weight_decay,0.0,103,103,14,0.5909673354842446,0.7979918479919433,0.001,64,2,0.3,False,32,75,0.0,0.1,10,5,0.5,True,42
weight_decay,0.0,103,103,15,0.5817958139108889,0.810120968023936,0.001,64,2,0.3,False,32,75,0.0,0.1,10,5,0.5,True,42
weight_decay,0.0,104,104,1,0.6934631110140772,0.6944753607114156,0.001,64,2,0.3,False,32,75,0.0,0.1,10,5,0.5,True,42
weight_decay,0.0,104,104,2,0.6922120402256647,0.6946664492289225,0.001,64,2,0.3,False,32,75,0.0,0.1,10,5,0.5,True,42
weight_decay,0.0,104,104,3,0.6913503011067709,0.6939297159512837,0.001,64,2,0.3,False,32,75,0.0,0.1,10,5,0.5,True,42
weight_decay,0.0,104,104,4,0.6900335125850908,0.6914552370707194,0.001,64,2,0.3,False,32,75,0.0,0.1,10,5,0.5,True,42
weight_decay,0.0,104,104,5,0.6883960330125057,0.6908183336257935,0.001,64,2,0.3,False,32,75,0.0,0.1,10,5,0.5,True,42
weight_decay,0.0,104,104,6,0.6836026446385817,0.6930424968401591,0.001,64,2,0.3,False,32,75,0.0,0.1,10,5,0.5,True,42
weight_decay,0.0,104,104,7,0.6769435446370732,0.6958849906921387,0.001,64,2,0.3,False,32,75,0.0,0.1,10,5,0.5,True,42
weight_decay,0.0,104,104,8,0.6715149933641608,0.7046812852223714,0.001,64,2,0.3,False,32,75,0.0,0.1,10,5,0.5,True,42
weight_decay,0.0,104,104,9,0.6631429078000964,0.7171233534812927,0.001,64,2,0.3,False,32,75,0.0,0.1,10,5,0.5,True,42
weight_decay,0.0,104,104,10,0.6552413417534395,0.714293638865153,0.001,64,2,0.3,False,32,75,0.0,0.1,10,5,0.5,True,42
weight_decay,0.0,104,104,11,0.6395529662117814,0.7241551438967387,0.001,64,2,0.3,False,32,75,0.0,0.1,10,5,0.5,True,42
weight_decay,0.0,104,104,12,0.6174574194080902,0.7437180678049723,0.001,64,2,0.3,False,32,75,0.0,0.1,10,5,0.5,True,42
weight_decay,0.0,104,104,13,0.6057039420261527,0.7763892571131389,0.001,64,2,0.3,False,32,75,0.0,0.1,10,5,0.5,True,42
weight_decay,0.0,104,104,14,0.5888197417512084,0.7896679043769836,0.001,64,2,0.3,False,32,75,0.0,0.1,10,5,0.5,True,42
weight_decay,0.0,104,104,15,0.5777315321293744,0.7996595144271851,0.001,64,2,0.3,False,32,75,0.0,0.1,10,5,0.5,True,42
weight_decay,0.0,105,105,1,0.6950260409803102,0.6925580302874247,0.001,64,2,0.3,False,32,75,0.0,0.1,10,5,0.5,True,42
weight_decay,0.0,105,105,2,0.6927522091251431,0.6932244221369426,0.001,64,2,0.3,False,32,75,0.0,0.1,10,5,0.5,True,42
weight_decay,0.0,105,105,3,0.692369925253319,0.692581295967102,0.001,64,2,0.3,False,32,75,0.0,0.1,10,5,0.5,True,42
weight_decay,0.0,105,105,4,0.6893021360491262,0.69288330078125,0.001,64,2,0.3,False,32,75,0.0,0.1,10,5,0.5,True,42
weight_decay,0.0,105,105,5,0.6873675210006309,0.6951902389526368,0.001,64,2,0.3,False,32,75,0.0,0.1,10,5,0.5,True,42
weight_decay,0.0,105,105,6,0.6823076614827821,0.6962378184000652,0.001,64,2,0.3,False,32,75,0.0,0.1,10,5,0.5,True,42
weight_decay,0.0,105,105,7,0.6798595908013257,0.7057706673940023,0.001,64,2,0.3,False,32,75,0.0,0.1,10,5,0.5,True,42
weight_decay,0.0,105,105,8,0.6664009888966879,0.7112169623374939,0.001,64,2,0.3,False,32,75,0.0,0.1,10,5,0.5,True,42
weight_decay,0.0,105,105,9,0.6594442359425805,0.7227250893910726,0.001,64,2,0.3,False,32,75,0.0,0.1,10,5,0.5,True,42
weight_decay,0.0,105,105,10,0.6521966791514194,0.7311217665672303,0.001,64,2,0.3,False,32,75,0.0,0.1,10,5,0.5,True,42
weight_decay,0.0,105,105,11,0.6433342749422247,0.7312380234400432,0.001,64,2,0.3,False,32,75,0.0,0.1,10,5,0.5,True,42
weight_decay,0.0,106,106,1,0.6937647353519093,0.6932265082995097,0.001,64,2,0.3,False,32,75,0.0,0.1,10,5,0.5,True,42
weight_decay,0.0,106,106,2,0.6926976997743953,0.6957773725191753,0.001,64,2,0.3,False,32,75,0.0,0.1,10,5,0.5,True,42
weight_decay,0.0,106,106,3,0.6914853042725361,0.6926143964131674,0.001,64,2,0.3,False,32,75,0.0,0.1,10,5,0.5,True,42
weight_decay,0.0,106,106,4,0.6880501106832967,0.6928609530131022,0.001,64,2,0.3,False,32,75,0.0,0.1,10,5,0.5,True,42
weight_decay,0.0,106,106,5,0.6859936407118132,0.698151457309723,0.001,64,2,0.3,False,32,75,0.0,0.1,10,5,0.5,True,42
weight_decay,0.0,106,106,6,0.6801802619840159,0.6996891379356385,0.001,64,2,0.3,False,32,75,0.0,0.1,10,5,0.5,True,42
weight_decay,0.0,106,106,7,0.6750143256151315,0.7035982052485148,0.001,64,2,0.3,False,32,75,0.0,0.1,10,5,0.5,True,42
weight_decay,0.0,106,106,8,0.672292331402952,0.7028517285982768,0.001,64,2,0.3,False,32,75,0.0,0.1,10,5,0.5,True,42
weight_decay,0.0,106,106,9,0.6610617086742864,0.7194094022115072,0.001,64,2,0.3,False,32,75,0.0,0.1,10,5,0.5,True,42
weight_decay,0.0,106,106,10,0.64225834608078,0.7321228305498759,0.001,64,2,0.3,False,32,75,0.0,0.1,10,5,0.5,True,42
weight_decay,0.0,106,106,11,0.6290859525853937,0.7775040825208028,0.001,64,2,0.3,False,32,75,0.0,0.1,10,5,0.5,True,42
weight_decay,0.0,106,106,12,0.6261706483183485,0.7575345714886983,0.001,64,2,0.3,False,32,75,0.0,0.1,10,5,0.5,True,42
weight_decay,0.0,106,106,13,0.6134808774698864,0.7590480883916219,0.001,64,2,0.3,False,32,75,0.0,0.1,10,5,0.5,True,42
weight_decay,0.0,107,107,1,0.6926474056460641,0.6934413115183512,0.001,64,2,0.3,False,32,75,0.0,0.1,10,5,0.5,True,42
weight_decay,0.0,107,107,2,0.6928308574539243,0.6929816563924154,0.001,64,2,0.3,False,32,75,0.0,0.1,10,5,0.5,True,42
weight_decay,0.0,107,107,3,0.6908528001019449,0.6925452510515849,0.001,64,2,0.3,False,32,75,0.0,0.1,10,5,0.5,True,42
weight_decay,0.0,107,107,4,0.6885924754720746,0.6931869983673096,0.001,64,2,0.3,False,32,75,0.0,0.1,10,5,0.5,True,42
weight_decay,0.0,107,107,5,0.6864618713205511,0.6987690607706706,0.001,64,2,0.3,False,32,75,0.0,0.1,10,5,0.5,True,42
weight_decay,0.0,107,107,6,0.6827256282170614,0.6944564938545227,0.001,64,2,0.3,False,32,75,0.0,0.1,10,5,0.5,True,42
weight_decay,0.0,107,107,7,0.6785205724564466,0.6958445151646931,0.001,64,2,0.3,False,32,75,0.0,0.1,10,5,0.5,True,42
weight_decay,0.0,107,107,8,0.6713269976052371,0.7015275359153748,0.001,64,2,0.3,False,32,75,0.0,0.1,10,5,0.5,True,42
weight_decay,0.0,107,107,9,0.6651285778392445,0.7083992640177409,0.001,64,2,0.3,False,32,75,0.0,0.1,10,5,0.5,True,42
weight_decay,0.0,107,107,10,0.6485121557206819,0.7118604779243469,0.001,64,2,0.3,False,32,75,0.0,0.1,10,5,0.5,True,42
weight_decay,0.0,107,107,11,0.6407111977989023,0.7208200534184773,0.001,64,2,0.3,False,32,75,0.0,0.1,10,5,0.5,True,42
weight_decay,0.0,107,107,12,0.6329564677946495,0.7334837675094604,0.001,64,2,0.3,False,32,75,0.0,0.1,10,5,0.5,True,42
weight_decay,0.0,107,107,13,0.6236340548052932,0.7548955202102661,0.001,64,2,0.3,False,32,75,0.0,0.1,10,5,0.5,True,42
weight_decay,0.0,108,108,1,0.6944434841473898,0.6933698455492655,0.001,64,2,0.3,False,32,75,0.0,0.1,10,5,0.5,True,42
weight_decay,0.0,108,108,2,0.6922657124020837,0.6940001368522644,0.001,64,2,0.3,False,32,75,0.0,0.1,10,5,0.5,True,42
weight_decay,0.0,108,108,3,0.6918421712788668,0.6923147797584533,0.001,64,2,0.3,False,32,75,0.0,0.1,10,5,0.5,True,42
weight_decay,0.0,108,108,4,0.6895975271860758,0.6926241874694824,0.001,64,2,0.3,False,32,75,0.0,0.1,10,5,0.5,True,42
weight_decay,0.0,108,108,5,0.6871220469474792,0.6918519099553426,0.001,64,2,0.3,False,32,75,0.0,0.1,10,5,0.5,True,42
weight_decay,0.0,108,108,6,0.6854515644637021,0.6935290892918905,0.001,64,2,0.3,False,32,75,0.0,0.1,10,5,0.5,True,42
weight_decay,0.0,108,108,7,0.6813907320752288,0.6969029029210408,0.001,64,2,0.3,False,32,75,0.0,0.1,10,5,0.5,True,42
weight_decay,0.0,108,108,8,0.674969676769141,0.6948920766512553,0.001,64,2,0.3,False,32,75,0.0,0.1,10,5,0.5,True,42
weight_decay,0.0,108,108,9,0.6695377217097715,0.7097200512886047,0.001,64,2,0.3,False,32,75,0.0,0.1,10,5,0.5,True,42
weight_decay,0.0,108,108,10,0.6580468538132581,0.7228202025095621,0.001,64,2,0.3,False,32,75,0.0,0.1,10,5,0.5,True,42
weight_decay,0.0,108,108,11,0.6494569037899827,0.7121877352396647,0.001,64,2,0.3,False,32,75,0.0,0.1,10,5,0.5,True,42
weight_decay,0.0,108,108,12,0.6274255493825133,0.7618236502011617,0.001,64,2,0.3,False,32,75,0.0,0.1,10,5,0.5,True,42
weight_decay,0.0,108,108,13,0.6118818557623661,0.7976208249727885,0.001,64,2,0.3,False,32,75,0.0,0.1,10,5,0.5,True,42
weight_decay,0.0,108,108,14,0.598269689941045,0.790730889638265,0.001,64,2,0.3,False,32,75,0.0,0.1,10,5,0.5,True,42
weight_decay,0.0,108,108,15,0.5848008051063075,0.8018341700236002,0.001,64,2,0.3,False,32,75,0.0,0.1,10,5,0.5,True,42
weight_decay,0.0001,1,1,1,0.6942093814864303,0.6923192620277405,0.001,64,2,0.3,False,32,75,0.0001,0.1,10,5,0.5,True,42
weight_decay,0.0001,1,1,2,0.6927827321218721,0.6908823887507121,0.001,64,2,0.3,False,32,75,0.0001,0.1,10,5,0.5,True,42
weight_decay,0.0001,1,1,3,0.6916797463641022,0.6915204326311747,0.001,64,2,0.3,False,32,75,0.0001,0.1,10,5,0.5,True,42
weight_decay,0.0001,1,1,4,0.6906164103385174,0.6939873695373535,0.001,64,2,0.3,False,32,75,0.0001,0.1,10,5,0.5,True,42
weight_decay,0.0001,1,1,5,0.6905100575902245,0.6915184656778971,0.001,64,2,0.3,False,32,75,0.0001,0.1,10,5,0.5,True,42
weight_decay,0.0001,1,1,6,0.6864380818424802,0.6945709784825643,0.001,64,2,0.3,False,32,75,0.0001,0.1,10,5,0.5,True,42
weight_decay,0.0001,1,1,7,0.6848436323079196,0.6948470791180928,0.001,64,2,0.3,False,32,75,0.0001,0.1,10,5,0.5,True,42
weight_decay,0.0001,1,1,8,0.6824819603652665,0.7015953103701273,0.001,64,2,0.3,False,32,75,0.0001,0.1,10,5,0.5,True,42
weight_decay,0.0001,1,1,9,0.6754959875887091,0.7062250812848408,0.001,64,2,0.3,False,32,75,0.0001,0.1,10,5,0.5,True,42
weight_decay,0.0001,1,1,10,0.6689254862792564,0.7103626887003581,0.001,64,2,0.3,False,32,75,0.0001,0.1,10,5,0.5,True,42
weight_decay,0.0001,1,1,11,0.6674149280244653,0.7255075017611186,0.001,64,2,0.3,False,32,75,0.0001,0.1,10,5,0.5,True,42
weight_decay,0.0001,1,1,12,0.6603253686969931,0.73077339331309,0.001,64,2,0.3,False,32,75,0.0001,0.1,10,5,0.5,True,42
weight_decay,0.0001,2,2,1,0.6936574081579844,0.6934032718340556,0.001,64,2,0.3,False,32,75,0.0001,0.1,10,5,0.5,True,42
weight_decay,0.0001,2,2,2,0.6927393065257506,0.6931937376658122,0.001,64,2,0.3,False,32,75,0.0001,0.1,10,5,0.5,True,42
weight_decay,0.0001,2,2,3,0.6918447532437064,0.6944114605585734,0.001,64,2,0.3,False,32,75,0.0001,0.1,10,5,0.5,True,42
weight_decay,0.0001,2,2,4,0.6897340114369537,0.700081741809845,0.001,64,2,0.3,False,32,75,0.0001,0.1,10,5,0.5,True,42
weight_decay,0.0001,2,2,5,0.6904715353792364,0.6958269437154134,0.001,64,2,0.3,False,32,75,0.0001,0.1,10,5,0.5,True,42
weight_decay,0.0001,2,2,6,0.687477534919074,0.6937073866526285,0.001,64,2,0.3,False,32,75,0.0001,0.1,10,5,0.5,True,42
weight_decay,0.0001,2,2,7,0.6847052131638383,0.6981769879659017,0.001,64,2,0.3,False,32,75,0.0001,0.1,10,5,0.5,True,42
weight_decay,0.0001,2,2,8,0.6829602447423068,0.6953810413678487,0.001,64,2,0.3,False,32,75,0.0001,0.1,10,5,0.5,True,42
weight_decay,0.0001,2,2,9,0.6767516980568568,0.7062447667121887,0.001,64,2,0.3,False,32,75,0.0001,0.1,10,5,0.5,True,42
weight_decay,0.0001,2,2,10,0.6748475856853254,0.7062777558962504,0.001,64,2,0.3,False,32,75,0.0001,0.1,10,5,0.5,True,42
weight_decay,0.0001,2,2,11,0.6702670007944107,0.7071738203366598,0.001,64,2,0.3,False,32,75,0.0001,0.1,10,5,0.5,True,42
weight_decay,0.0001,2,2,12,0.6617815476475339,0.7210735400517782,0.001,64,2,0.3,False,32,75,0.0001,0.1,10,5,0.5,True,42
weight_decay,0.0001,3,3,1,0.6944900407935634,0.6927959521611532,0.001,64,2,0.3,False,32,75,0.0001,0.1,10,5,0.5,True,42
weight_decay,0.0001,3,3,2,0.6920824376019564,0.6943901896476745,0.001,64,2,0.3,False,32,75,0.0001,0.1,10,5,0.5,True,42
weight_decay,0.0001,3,3,3,0.690972109635671,0.690822422504425,0.001,64,2,0.3,False,32,75,0.0001,0.1,10,5,0.5,True,42
weight_decay,0.0001,3,3,4,0.6899338685201876,0.6943266153335571,0.001,64,2,0.3,False,32,75,0.0001,0.1,10,5,0.5,True,42
weight_decay,0.0001,3,3,5,0.6883958623264775,0.7066155950228373,0.001,64,2,0.3,False,32,75,0.0001,0.1,10,5,0.5,True,42
weight_decay,0.0001,3,3,6,0.6869672171094201,0.6958281914393107,0.001,64,2,0.3,False,32,75,0.0001,0.1,10,5,0.5,True,42
weight_decay,0.0001,3,3,7,0.6847967559641058,0.7003960450490315,0.001,64,2,0.3,False,32,75,0.0001,0.1,10,5,0.5,True,42
weight_decay,0.0001,3,3,8,0.6817433644424785,0.6991110682487488,0.001,64,2,0.3,False,32,75,0.0001,0.1,10,5,0.5,True,42
weight_decay,0.0001,3,3,9,0.6766849182771913,0.7008970181147257,0.001,64,2,0.3,False,32,75,0.0001,0.1,10,5,0.5,True,42
weight_decay,0.0001,3,3,10,0.668548811565746,0.7157271424929301,0.001,64,2,0.3,False,32,75,0.0001,0.1,10,5,0.5,True,42
weight_decay,0.0001,3,3,11,0.6649056921402613,0.7344999313354492,0.001,64,2,0.3,False,32,75,0.0001,0.1,10,5,0.5,True,42
weight_decay,0.0001,3,3,12,0.6586394373214606,0.7292066653569539,0.001,64,2,0.3,False,32,75,0.0001,0.1,10,5,0.5,True,42
weight_decay,0.0001,3,3,13,0.6528152827963685,0.7231455564498901,0.001,64,2,0.3,False,32,75,0.0001,0.1,10,5,0.5,True,42
weight_decay,0.0001,4,4,1,0.6941693912852894,0.6927311857541402,0.001,64,2,0.3,False,32,75,0.0001,0.1,10,5,0.5,True,42
weight_decay,0.0001,4,4,2,0.6922503393707853,0.6920424620310466,0.001,64,2,0.3,False,32,75,0.0001,0.1,10,5,0.5,True,42
weight_decay,0.0001,4,4,3,0.6905897589343967,0.6937951366106669,0.001,64,2,0.3,False,32,75,0.0001,0.1,10,5,0.5,True,42
weight_decay,0.0001,4,4,4,0.6895120441913605,0.6937116702397664,0.001,64,2,0.3,False,32,75,0.0001,0.1,10,5,0.5,True,42
weight_decay,0.0001,4,4,5,0.6881480045390852,0.6964007258415222,0.001,64,2,0.3,False,32,75,0.0001,0.1,10,5,0.5,True,42
weight_decay,0.0001,4,4,6,0.6858092406482408,0.6964565555254618,0.001,64,2,0.3,False,32,75,0.0001,0.1,10,5,0.5,True,42
weight_decay,0.0001,4,4,7,0.6831393467657494,0.7012620568275452,0.001,64,2,0.3,False,32,75,0.0001,0.1,10,5,0.5,True,42
weight_decay,0.0001,4,4,8,0.6791915554891933,0.7008985598882039,0.001,64,2,0.3,False,32,75,0.0001,0.1,10,5,0.5,True,42
weight_decay,0.0001,4,4,9,0.6734545655322798,0.7105029344558715,0.001,64,2,0.3,False,32,75,0.0001,0.1,10,5,0.5,True,42
weight_decay,0.0001,4,4,10,0.6702903834256259,0.7202066103617351,0.001,64,2,0.3,False,32,75,0.0001,0.1,10,5,0.5,True,42
weight_decay,0.0001,4,4,11,0.664085940881209,0.7272479057312011,0.001,64,2,0.3,False,32,75,0.0001,0.1,10,5,0.5,True,42
weight_decay,0.0001,4,4,12,0.6619276711435029,0.7345800677935282,0.001,64,2,0.3,False,32,75,0.0001,0.1,10,5,0.5,True,42
weight_decay,0.0001,5,5,1,0.6947778449817137,0.6926517049471538,0.001,64,2,0.3,False,32,75,0.0001,0.1,10,5,0.5,True,42
weight_decay,0.0001,5,5,2,0.6925138898871162,0.6913235704104106,0.001,64,2,0.3,False,32,75,0.0001,0.1,10,5,0.5,True,42
weight_decay,0.0001,5,5,3,0.6914811856818922,0.6900421023368836,0.001,64,2,0.3,False,32,75,0.0001,0.1,10,5,0.5,True,42
weight_decay,0.0001,5,5,4,0.6909825147101374,0.6917396744092306,0.001,64,2,0.3,False,32,75,0.0001,0.1,10,5,0.5,True,42
weight_decay,0.0001,5,5,5,0.6894723560773965,0.6892927209536235,0.001,64,2,0.3,False,32,75,0.0001,0.1,10,5,0.5,True,42
weight_decay,0.0001,5,5,6,0.687330629789468,0.6925229827562968,0.001,64,2,0.3,False,32,75,0.0001,0.1,10,5,0.5,True,42
weight_decay,0.0001,5,5,7,0.6832516410134055,0.6892102519671123,0.001,64,2,0.3,False,32,75,0.0001,0.1,10,5,0.5,True,42
weight_decay,0.0001,5,5,8,0.6836729943752289,0.6959704558054606,0.001,64,2,0.3,False,32,75,0.0001,0.1,10,5,0.5,True,42
weight_decay,0.0001,5,5,9,0.6782218606183024,0.6964730103810628,0.001,64,2,0.3,False,32,75,0.0001,0.1,10,5,0.5,True,42
weight_decay,0.0001,5,5,10,0.675438046003833,0.6976694981257121,0.001,64,2,0.3,False,32,75,0.0001,0.1,10,5,0.5,True,42
weight_decay,0.0001,5,5,11,0.6708479609453317,0.7094980080922445,0.001,64,2,0.3,False,32,75,0.0001,0.1,10,5,0.5,True,42
weight_decay,0.0001,5,5,12,0.6648060209823378,0.7098259091377258,0.001,64,2,0.3,False,32,75,0.0001,0.1,10,5,0.5,True,42
weight_decay,0.0001,5,5,13,0.6605617711038301,0.7307970285415649,0.001,64,2,0.3,False,32,75,0.0001,0.1,10,5,0.5,True,42
weight_decay,0.0001,5,5,14,0.6482209874825045,0.7232191324234009,0.001,64,2,0.3,False,32,75,0.0001,0.1,10,5,0.5,True,42
weight_decay,0.0001,5,5,15,0.6379494201956373,0.7263107339541117,0.001,64,2,0.3,False,32,75,0.0001,0.1,10,5,0.5,True,42
weight_decay,0.0001,5,5,16,0.6328674252286102,0.7859482049942017,0.001,64,2,0.3,False,32,75,0.0001,0.1,10,5,0.5,True,42
weight_decay,0.0001,5,5,17,0.6243573481386359,0.7850920359293619,0.001,64,2,0.3,False,32,75,0.0001,0.1,10,5,0.5,True,42
weight_decay,0.0001,6,6,1,0.6940965828570452,0.6931537230809529,0.001,64,2,0.3,False,32,75,0.0001,0.1,10,5,0.5,True,42
weight_decay,0.0001,6,6,2,0.6929561369346849,0.6924148400624593,0.001,64,2,0.3,False,32,75,0.0001,0.1,10,5,0.5,True,42
weight_decay,0.0001,6,6,3,0.6918664019216191,0.6935633937517802,0.001,64,2,0.3,False,32,75,0.0001,0.1,10,5,0.5,True,42
weight_decay,0.0001,6,6,4,0.6916423521258614,0.6906885703404745,0.001,64,2,0.3,False,32,75,0.0001,0.1,10,5,0.5,True,42
weight_decay,0.0001,6,6,5,0.6896026143521974,0.6901168743769328,0.001,64,2,0.3,False,32,75,0.0001,0.1,10,5,0.5,True,42
weight_decay,0.0001,6,6,6,0.6874802654439752,0.6930965582529703,0.001,64,2,0.3,False,32,75,0.0001,0.1,10,5,0.5,True,42
weight_decay,0.0001,6,6,7,0.6853496766451633,0.6960508465766907,0.001,64,2,0.3,False,32,75,0.0001,0.1,10,5,0.5,True,42
weight_decay,0.0001,6,6,8,0.6828802905299447,0.6938620249430338,0.001,64,2,0.3,False,32,75,0.0001,0.1,10,5,0.5,True,42
weight_decay,0.0001,6,6,9,0.6792511623917203,0.6957627495129903,0.001,64,2,0.3,False,32,75,0.0001,0.1,10,5,0.5,True,42
weight_decay,0.0001,6,6,10,0.6750880384987051,0.7028480331103008,0.001,64,2,0.3,False,32,75,0.0001,0.1,10,5,0.5,True,42
weight_decay,0.0001,6,6,11,0.6700937860842907,0.7133673866589864,0.001,64,2,0.3,False,32,75,0.0001,0.1,10,5,0.5,True,42
weight_decay,0.0001,6,6,12,0.6617942402760187,0.7169066309928894,0.001,64,2,0.3,False,32,75,0.0001,0.1,10,5,0.5,True,42
weight_decay,0.0001,6,6,13,0.6542537898728342,0.7177806973457337,0.001,64,2,0.3,False,32,75,0.0001,0.1,10,5,0.5,True,42
weight_decay,0.0001,6,6,14,0.6477933991135973,0.7271964192390442,0.001,64,2,0.3,False,32,75,0.0001,0.1,10,5,0.5,True,42
weight_decay,0.0001,6,6,15,0.6453322411486597,0.7284584164619445,0.001,64,2,0.3,False,32,75,0.0001,0.1,10,5,0.5,True,42
weight_decay,0.0001,7,7,1,0.6940499941507975,0.6927175760269165,0.001,64,2,0.3,False,32,75,0.0001,0.1,10,5,0.5,True,42
weight_decay,0.0001,7,7,2,0.6923867084763267,0.6917341391245524,0.001,64,2,0.3,False,32,75,0.0001,0.1,10,5,0.5,True,42
weight_decay,0.0001,7,7,3,0.6913767881465681,0.6934656540552775,0.001,64,2,0.3,False,32,75,0.0001,0.1,10,5,0.5,True,42
weight_decay,0.0001,7,7,4,0.6906694047378771,0.6932770729064941,0.001,64,2,0.3,False,32,75,0.0001,0.1,10,5,0.5,True,42
weight_decay,0.0001,7,7,5,0.6887142599532099,0.6947300632794698,0.001,64,2,0.3,False,32,75,0.0001,0.1,10,5,0.5,True,42
weight_decay,0.0001,7,7,6,0.6854550423044147,0.6970059752464295,0.001,64,2,0.3,False,32,75,0.0001,0.1,10,5,0.5,True,42
weight_decay,0.0001,7,7,7,0.6855023444601984,0.6992823084195455,0.001,64,2,0.3,False,32,75,0.0001,0.1,10,5,0.5,True,42
weight_decay,0.0001,7,7,8,0.6814907373804034,0.6981217702229817,0.001,64,2,0.3,False,32,75,0.0001,0.1,10,5,0.5,True,42
weight_decay,0.0001,7,7,9,0.6744968909205813,0.7188649733861288,0.001,64,2,0.3,False,32,75,0.0001,0.1,10,5,0.5,True,42
weight_decay,0.0001,7,7,10,0.671711368542729,0.7124953667322794,0.001,64,2,0.3,False,32,75,0.0001,0.1,10,5,0.5,True,42
weight_decay,0.0001,7,7,11,0.6647068560123444,0.7139074762662252,0.001,64,2,0.3,False,32,75,0.0001,0.1,10,5,0.5,True,42
weight_decay,0.0001,7,7,12,0.6623651132439122,0.7107664744059244,0.001,64,2,0.3,False,32,75,0.0001,0.1,10,5,0.5,True,42
weight_decay,0.0001,8,8,1,0.6934112098180887,0.6935643911361694,0.001,64,2,0.3,False,32,75,0.0001,0.1,10,5,0.5,True,42
weight_decay,0.0001,8,8,2,0.6926716697035413,0.693073054154714,0.001,64,2,0.3,False,32,75,0.0001,0.1,10,5,0.5,True,42
weight_decay,0.0001,8,8,3,0.691708458643971,0.6908290465672811,0.001,64,2,0.3,False,32,75,0.0001,0.1,10,5,0.5,True,42
weight_decay,0.0001,8,8,4,0.6902634212464998,0.6907760540644328,0.001,64,2,0.3,False,32,75,0.0001,0.1,10,5,0.5,True,42
weight_decay,0.0001,8,8,5,0.6889951843203921,0.6922680179278056,0.001,64,2,0.3,False,32,75,0.0001,0.1,10,5,0.5,True,42
weight_decay,0.0001,8,8,6,0.6874829196568691,0.6954546372095743,0.001,64,2,0.3,False,32,75,0.0001,0.1,10,5,0.5,True,42
weight_decay,0.0001,8,8,7,0.6857213116053379,0.6999697089195251,0.001,64,2,0.3,False,32,75,0.0001,0.1,10,5,0.5,True,42
weight_decay,0.0001,8,8,8,0.6831324895222982,0.6957300623257955,0.001,64,2,0.3,False,32,75,0.0001,0.1,10,5,0.5,True,42
weight_decay,0.0001,8,8,9,0.6802364858714017,0.6989978233973185,0.001,64,2,0.3,False,32,75,0.0001,0.1,10,5,0.5,True,42
weight_decay,0.0001,8,8,10,0.6738152472358762,0.7190470218658447,0.001,64,2,0.3,False,32,75,0.0001,0.1,10,5,0.5,True,42
weight_decay,0.0001,8,8,11,0.6673705726861954,0.7028493483861288,0.001,64,2,0.3,False,32,75,0.0001,0.1,10,5,0.5,True,42
weight_decay,0.0001,8,8,12,0.6596129405679125,0.7083326180775961,0.001,64,2,0.3,False,32,75,0.0001,0.1,10,5,0.5,True,42
weight_decay,0.0001,8,8,13,0.6567991777802958,0.7155934373537699,0.001,64,2,0.3,False,32,75,0.0001,0.1,10,5,0.5,True,42
weight_decay,0.0001,8,8,14,0.6491082125540936,0.7481266895929972,0.001,64,2,0.3,False,32,75,0.0001,0.1,10,5,0.5,True,42
weight_decay,0.0001,9,9,1,0.6940343659935575,0.6938483794530232,0.001,64,2,0.3,False,32,75,0.0001,0.1,10,5,0.5,True,42
weight_decay,0.0001,9,9,2,0.6925948384133253,0.6950615008672079,0.001,64,2,0.3,False,32,75,0.0001,0.1,10,5,0.5,True,42
weight_decay,0.0001,9,9,3,0.6909727372906425,0.6926016449928284,0.001,64,2,0.3,False,32,75,0.0001,0.1,10,5,0.5,True,42
weight_decay,0.0001,9,9,4,0.6909484791033196,0.692575999101003,0.001,64,2,0.3,False,32,75,0.0001,0.1,10,5,0.5,True,42
weight_decay,0.0001,9,9,5,0.688379401510412,0.693199102083842,0.001,64,2,0.3,False,32,75,0.0001,0.1,10,5,0.5,True,42
weight_decay,0.0001,9,9,6,0.6861580772833391,0.6974904298782348,0.001,64,2,0.3,False,32,75,0.0001,0.1,10,5,0.5,True,42
weight_decay,0.0001,9,9,7,0.6829035363414071,0.6965995868047078,0.001,64,2,0.3,False,32,75,0.0001,0.1,10,5,0.5,True,42
weight_decay,0.0001,9,9,8,0.6793971219749162,0.6999578356742859,0.001,64,2,0.3,False,32,75,0.0001,0.1,10,5,0.5,True,42
weight_decay,0.0001,9,9,9,0.6775122059114052,0.7052503188451131,0.001,64,2,0.3,False,32,75,0.0001,0.1,10,5,0.5,True,42
weight_decay,0.0001,9,9,10,0.6647139706394889,0.7248143315315246,0.001,64,2,0.3,False,32,75,0.0001,0.1,10,5,0.5,True,42
weight_decay,0.0001,9,9,11,0.6595104756680402,0.718616537253062,0.001,64,2,0.3,False,32,75,0.0001,0.1,10,5,0.5,True,42
weight_decay,0.0001,9,9,12,0.6569750381238533,0.7328806598981221,0.001,64,2,0.3,False,32,75,0.0001,0.1,10,5,0.5,True,42
weight_decay,0.0001,9,9,13,0.6519338177009062,0.74106498559316,0.001,64,2,0.3,False,32,75,0.0001,0.1,10,5,0.5,True,42
weight_decay,0.0001,9,9,14,0.6479990762291532,0.7337570707003276,0.001,64,2,0.3,False,32,75,0.0001,0.1,10,5,0.5,True,42
weight_decay,0.0001,10,10,1,0.6943787246039419,0.692972997824351,0.001,64,2,0.3,False,32,75,0.0001,0.1,10,5,0.5,True,42
weight_decay,0.0001,10,10,2,0.6926809088750319,0.6924955447514852,0.001,64,2,0.3,False,32,75,0.0001,0.1,10,5,0.5,True,42
weight_decay,0.0001,10,10,3,0.6915021249742219,0.6928275227546692,0.001,64,2,0.3,False,32,75,0.0001,0.1,10,5,0.5,True,42
weight_decay,0.0001,10,10,4,0.6911587155226505,0.6933108448982239,0.001,64,2,0.3,False,32,75,0.0001,0.1,10,5,0.5,True,42
weight_decay,0.0001,10,10,5,0.688758287917484,0.6918675939242045,0.001,64,2,0.3,False,32,75,0.0001,0.1,10,5,0.5,True,42
weight_decay,0.0001,10,10,6,0.6869192642695976,0.6933621048927308,0.001,64,2,0.3,False,32,75,0.0001,0.1,10,5,0.5,True,42
weight_decay,0.0001,10,10,7,0.6833860774834951,0.6963933944702149,0.001,64,2,0.3,False,32,75,0.0001,0.1,10,5,0.5,True,42
weight_decay,0.0001,10,10,8,0.6790862295663718,0.7008590737978617,0.001,64,2,0.3,False,32,75,0.0001,0.1,10,5,0.5,True,42
weight_decay,0.0001,10,10,9,0.6755491179047208,0.7059877157211304,0.001,64,2,0.3,False,32,75,0.0001,0.1,10,5,0.5,True,42
weight_decay,0.0001,10,10,10,0.6710777652986122,0.703222644329071,0.001,64,2,0.3,False,32,75,0.0001,0.1,10,5,0.5,True,42
weight_decay,0.0001,10,10,11,0.6667842386346875,0.7139629046122233,0.001,64,2,0.3,False,32,75,0.0001,0.1,10,5,0.5,True,42
weight_decay,0.0001,10,10,12,0.6529275567242594,0.7176807204882304,0.001,64,2,0.3,False,32,75,0.0001,0.1,10,5,0.5,True,42
weight_decay,0.0001,10,10,13,0.6475542485713959,0.7309670329093934,0.001,64,2,0.3,False,32,75,0.0001,0.1,10,5,0.5,True,42
weight_decay,0.0001,10,10,14,0.6413854067072724,0.7368204315503438,0.001,64,2,0.3,False,32,75,0.0001,0.1,10,5,0.5,True,42
weight_decay,0.0001,10,10,15,0.6364933062683452,0.749757711092631,0.001,64,2,0.3,False,32,75,0.0001,0.1,10,5,0.5,True,42
weight_decay,0.0001,11,11,1,0.6938250114520391,0.6975248694419861,0.001,64,2,0.3,False,32,75,0.0001,0.1,10,5,0.5,True,42
weight_decay,0.0001,11,11,2,0.6928690139091376,0.6929582635561625,0.001,64,2,0.3,False,32,75,0.0001,0.1,10,5,0.5,True,42
weight_decay,0.0001,11,11,3,0.6916955461104711,0.6933609406153362,0.001,64,2,0.3,False,32,75,0.0001,0.1,10,5,0.5,True,42
weight_decay,0.0001,11,11,4,0.6901216511473511,0.6974907437960307,0.001,64,2,0.3,False,32,75,0.0001,0.1,10,5,0.5,True,42
weight_decay,0.0001,11,11,5,0.6889209955027609,0.6956155300140381,0.001,64,2,0.3,False,32,75,0.0001,0.1,10,5,0.5,True,42
weight_decay,0.0001,11,11,6,0.6860363686626608,0.7083330750465393,0.001,64,2,0.3,False,32,75,0.0001,0.1,10,5,0.5,True,42
weight_decay,0.0001,11,11,7,0.6822998370185043,0.703501292069753,0.001,64,2,0.3,False,32,75,0.0001,0.1,10,5,0.5,True,42
weight_decay,0.0001,11,11,8,0.6787185727646856,0.7178682009379069,0.001,64,2,0.3,False,32,75,0.0001,0.1,10,5,0.5,True,42
weight_decay,0.0001,11,11,9,0.6723001292257598,0.7182091633478801,0.001,64,2,0.3,False,32,75,0.0001,0.1,10,5,0.5,True,42
weight_decay,0.0001,11,11,10,0.6653609176476797,0.7289164543151856,0.001,64,2,0.3,False,32,75,0.0001,0.1,10,5,0.5,True,42
weight_decay,0.0001,11,11,11,0.662905651511568,0.7212694168090821,0.001,64,2,0.3,False,32,75,0.0001,0.1,10,5,0.5,True,42
weight_decay,0.0001,11,11,12,0.6538086763837121,0.7348190307617187,0.001,64,2,0.3,False,32,75,0.0001,0.1,10,5,0.5,True,42
weight_decay,0.0001,12,12,1,0.6937939664631179,0.692365825176239,0.001,64,2,0.3,False,32,75,0.0001,0.1,10,5,0.5,True,42
weight_decay,0.0001,12,12,2,0.6930510428818789,0.6914374152819316,0.001,64,2,0.3,False,32,75,0.0001,0.1,10,5,0.5,True,42
weight_decay,0.0001,12,12,3,0.6923990890835271,0.6906448483467102,0.001,64,2,0.3,False,32,75,0.0001,0.1,10,5,0.5,True,42
weight_decay,0.0001,12,12,4,0.6906614326166384,0.6900745709737142,0.001,64,2,0.3,False,32,75,0.0001,0.1,10,5,0.5,True,42
weight_decay,0.0001,12,12,5,0.6884354479385145,0.6930012265841167,0.001,64,2,0.3,False,32,75,0.0001,0.1,10,5,0.5,True,42
weight_decay,0.0001,12,12,6,0.688613796324441,0.6896150906880697,0.001,64,2,0.3,False,32,75,0.0001,0.1,10,5,0.5,True,42
weight_decay,0.0001,12,12,7,0.6854202851201548,0.6917509833971659,0.001,64,2,0.3,False,32,75,0.0001,0.1,10,5,0.5,True,42
weight_decay,0.0001,12,12,8,0.6841201931238174,0.6925857265790304,0.001,64,2,0.3,False,32,75,0.0001,0.1,10,5,0.5,True,42
weight_decay,0.0001,12,12,9,0.682352675632997,0.6950791438420614,0.001,64,2,0.3,False,32,75,0.0001,0.1,10,5,0.5,True,42
weight_decay,0.0001,12,12,10,0.6789653012246797,0.6919091820716858,0.001,64,2,0.3,False,32,75,0.0001,0.1,10,5,0.5,True,42
weight_decay,0.0001,12,12,11,0.6745820397680456,0.6927926898002624,0.001,64,2,0.3,False,32,75,0.0001,0.1,10,5,0.5,True,42
weight_decay,0.0001,12,12,12,0.670082248973124,0.7055170138676962,0.001,64,2,0.3,False,32,75,0.0001,0.1,10,5,0.5,True,42
weight_decay,0.0001,12,12,13,0.6573909773971095,0.7095593293507894,0.001,64,2,0.3,False,32,75,0.0001,0.1,10,5,0.5,True,42
weight_decay,0.0001,12,12,14,0.6483955396847292,0.7260216037432353,0.001,64,2,0.3,False,32,75,0.0001,0.1,10,5,0.5,True,42
weight_decay,0.0001,12,12,15,0.6404443821220687,0.7478125691413879,0.001,64,2,0.3,False,32,75,0.0001,0.1,10,5,0.5,True,42
weight_decay,0.0001,12,12,16,0.6305837545431021,0.7429257114728292,0.001,64,2,0.3,False,32,75,0.0001,0.1,10,5,0.5,True,42
weight_decay,0.0001,13,13,1,0.6938519112088464,0.6952062129974366,0.001,64,2,0.3,False,32,75,0.0001,0.1,10,5,0.5,True,42
weight_decay,0.0001,13,13,2,0.6919173778909625,0.6962390979131062,0.001,64,2,0.3,False,32,75,0.0001,0.1,10,5,0.5,True,42
weight_decay,0.0001,13,13,3,0.6913891213409828,0.6961276133855184,0.001,64,2,0.3,False,32,75,0.0001,0.1,10,5,0.5,True,42
weight_decay,0.0001,13,13,4,0.6906046880917116,0.6929679910341898,0.001,64,2,0.3,False,32,75,0.0001,0.1,10,5,0.5,True,42
weight_decay,0.0001,13,13,5,0.6891179039622798,0.6924162228902181,0.001,64,2,0.3,False,32,75,0.0001,0.1,10,5,0.5,True,42
weight_decay,0.0001,13,13,6,0.6879870918664065,0.6941509882609049,0.001,64,2,0.3,False,32,75,0.0001,0.1,10,5,0.5,True,42
weight_decay,0.0001,13,13,7,0.6862608433672877,0.701138150691986,0.001,64,2,0.3,False,32,75,0.0001,0.1,10,5,0.5,True,42
weight_decay,0.0001,13,13,8,0.6836200013305201,0.7062102317810058,0.001,64,2,0.3,False,32,75,0.0001,0.1,10,5,0.5,True,42
weight_decay,0.0001,13,13,9,0.6818381073800001,0.694669508934021,0.001,64,2,0.3,False,32,75,0.0001,0.1,10,5,0.5,True,42
weight_decay,0.0001,13,13,10,0.6783992711341742,0.6945629914601644,0.001,64,2,0.3,False,32,75,0.0001,0.1,10,5,0.5,True,42
weight_decay,0.0001,13,13,11,0.6719287408120704,0.702777894337972,0.001,64,2,0.3,False,32,75,0.0001,0.1,10,5,0.5,True,42
weight_decay,0.0001,13,13,12,0.6622937411972971,0.7098506093025208,0.001,64,2,0.3,False,32,75,0.0001,0.1,10,5,0.5,True,42
weight_decay,0.0001,13,13,13,0.6534462584690615,0.7112358609835306,0.001,64,2,0.3,False,32,75,0.0001,0.1,10,5,0.5,True,42
weight_decay,0.0001,13,13,14,0.6476924031069784,0.7130729953447977,0.001,64,2,0.3,False,32,75,0.0001,0.1,10,5,0.5,True,42
weight_decay,0.0001,13,13,15,0.6407079750841315,0.7298010309537252,0.001,64,2,0.3,False,32,75,0.0001,0.1,10,5,0.5,True,42
weight_decay,0.0001,14,14,1,0.6938783977970933,0.6938509901364645,0.001,64,2,0.3,False,32,75,0.0001,0.1,10,5,0.5,True,42
weight_decay,0.0001,14,14,2,0.69279188775655,0.694289767742157,0.001,64,2,0.3,False,32,75,0.0001,0.1,10,5,0.5,True,42
weight_decay,0.0001,14,14,3,0.6922564249147068,0.6923099040985108,0.001,64,2,0.3,False,32,75,0.0001,0.1,10,5,0.5,True,42
weight_decay,0.0001,14,14,4,0.6904849252014449,0.6890475551287333,0.001,64,2,0.3,False,32,75,0.0001,0.1,10,5,0.5,True,42
weight_decay,0.0001,14,14,5,0.6902054846286774,0.6912643154462178,0.001,64,2,0.3,False,32,75,0.0001,0.1,10,5,0.5,True,42
weight_decay,0.0001,14,14,6,0.6885330216451124,0.6924230734507243,0.001,64,2,0.3,False,32,75,0.0001,0.1,10,5,0.5,True,42
weight_decay,0.0001,14,14,7,0.6866938078945334,0.6925819714864095,0.001,64,2,0.3,False,32,75,0.0001,0.1,10,5,0.5,True,42
weight_decay,0.0001,14,14,8,0.6832528209144418,0.6981193780899048,0.001,64,2,0.3,False,32,75,0.0001,0.1,10,5,0.5,True,42
weight_decay,0.0001,14,14,9,0.6785218778884772,0.6917728265126546,0.001,64,2,0.3,False,32,75,0.0001,0.1,10,5,0.5,True,42
weight_decay,0.0001,14,14,10,0.6757299927147952,0.6956378579139709,0.001,64,2,0.3,False,32,75,0.0001,0.1,10,5,0.5,True,42
weight_decay,0.0001,14,14,11,0.6656270876075282,0.7023860971132915,0.001,64,2,0.3,False,32,75,0.0001,0.1,10,5,0.5,True,42
weight_decay,0.0001,14,14,12,0.6600297725561893,0.7172546784083048,0.001,64,2,0.3,False,32,75,0.0001,0.1,10,5,0.5,True,42
weight_decay,0.0001,14,14,13,0.6538969860835508,0.7074540813763937,0.001,64,2,0.3,False,32,75,0.0001,0.1,10,5,0.5,True,42
weight_decay,0.0001,14,14,14,0.6506135400497552,0.7154428879419963,0.001,64,2,0.3,False,32,75,0.0001,0.1,10,5,0.5,True,42
weight_decay,0.0001,15,15,1,0.6940679225054655,0.6923695087432862,0.001,64,2,0.3,False,32,75,0.0001,0.1,10,5,0.5,True,42
weight_decay,0.0001,15,15,2,0.6928781442569963,0.693674115339915,0.001,64,2,0.3,False,32,75,0.0001,0.1,10,5,0.5,True,42
weight_decay,0.0001,15,15,3,0.6911106949502771,0.6917679746945699,0.001,64,2,0.3,False,32,75,0.0001,0.1,10,5,0.5,True,42
weight_decay,0.0001,15,15,4,0.690447492129875,0.6926805138587951,0.001,64,2,0.3,False,32,75,0.0001,0.1,10,5,0.5,True,42
weight_decay,0.0001,15,15,5,0.6885730457125288,0.6957367738087972,0.001,64,2,0.3,False,32,75,0.0001,0.1,10,5,0.5,True,42
weight_decay,0.0001,15,15,6,0.6873789971525018,0.699403727054596,0.001,64,2,0.3,False,32,75,0.0001,0.1,10,5,0.5,True,42
weight_decay,0.0001,15,15,7,0.6847156642964392,0.7019541462262472,0.001,64,2,0.3,False,32,75,0.0001,0.1,10,5,0.5,True,42
weight_decay,0.0001,15,15,8,0.6804929840745348,0.7095269401868184,0.001,64,2,0.3,False,32,75,0.0001,0.1,10,5,0.5,True,42
weight_decay,0.0001,15,15,9,0.6785581590551318,0.7278506994247437,0.001,64,2,0.3,False,32,75,0.0001,0.1,10,5,0.5,True,42
weight_decay,0.0001,15,15,10,0.667575839342493,0.7271211743354797,0.001,64,2,0.3,False,32,75,0.0001,0.1,10,5,0.5,True,42
weight_decay,0.0001,15,15,11,0.660339611046242,0.7315692265828451,0.001,64,2,0.3,False,32,75,0.0001,0.1,10,5,0.5,True,42
weight_decay,0.0001,15,15,12,0.6555140984780861,0.7509034951527913,0.001,64,2,0.3,False,32,75,0.0001,0.1,10,5,0.5,True,42
weight_decay,0.0001,15,15,13,0.6489903172760298,0.7567863464355469,0.001,64,2,0.3,False,32,75,0.0001,0.1,10,5,0.5,True,42
weight_decay,0.0001,16,16,1,0.6936056216557821,0.6930089990297953,0.001,64,2,0.3,False,32,75,0.0001,0.1,10,5,0.5,True,42
weight_decay,0.0001,16,16,2,0.6925998415910837,0.6930706183115641,0.001,64,2,0.3,False,32,75,0.0001,0.1,10,5,0.5,True,42
weight_decay,0.0001,16,16,3,0.6924558737964341,0.6926407138506572,0.001,64,2,0.3,False,32,75,0.0001,0.1,10,5,0.5,True,42
weight_decay,0.0001,16,16,4,0.6910515003132097,0.6911536256472269,0.001,64,2,0.3,False,32,75,0.0001,0.1,10,5,0.5,True,42
weight_decay,0.0001,16,16,5,0.689770421295455,0.6902751684188843,0.001,64,2,0.3,False,32,75,0.0001,0.1,10,5,0.5,True,42
weight_decay,0.0001,16,16,6,0.6881198250886166,0.6881278991699219,0.001,64,2,0.3,False,32,75,0.0001,0.1,10,5,0.5,True,42
weight_decay,0.0001,16,16,7,0.6877735076528607,0.6894094705581665,0.001,64,2,0.3,False,32,75,0.0001,0.1,10,5,0.5,True,42
weight_decay,0.0001,16,16,8,0.6836123362635121,0.6974620421727499,0.001,64,2,0.3,False,32,75,0.0001,0.1,10,5,0.5,True,42
weight_decay,0.0001,16,16,9,0.6824977203752055,0.691799787680308,0.001,64,2,0.3,False,32,75,0.0001,0.1,10,5,0.5,True,42
weight_decay,0.0001,16,16,10,0.6773413794510292,0.6907140294710795,0.001,64,2,0.3,False,32,75,0.0001,0.1,10,5,0.5,True,42
weight_decay,0.0001,16,16,11,0.6706978764497873,0.711505655447642,0.001,64,2,0.3,False,32,75,0.0001,0.1,10,5,0.5,True,42
weight_decay,0.0001,16,16,12,0.6661023890430277,0.6992287079493205,0.001,64,2,0.3,False,32,75,0.0001,0.1,10,5,0.5,True,42
weight_decay,0.0001,16,16,13,0.654510888186368,0.7253435254096985,0.001,64,2,0.3,False,32,75,0.0001,0.1,10,5,0.5,True,42
weight_decay,0.0001,16,16,14,0.6495131787025568,0.7287029186884563,0.001,64,2,0.3,False,32,75,0.0001,0.1,10,5,0.5,True,42
weight_decay,0.0001,16,16,15,0.6402802029342363,0.7313670595486959,0.001,64,2,0.3,False,32,75,0.0001,0.1,10,5,0.5,True,42
weight_decay,0.0001,16,16,16,0.6342091388774641,0.7343715747197469,0.001,64,2,0.3,False,32,75,0.0001,0.1,10,5,0.5,True,42
weight_decay,0.0001,17,17,1,0.6936560702143293,0.6928173065185547,0.001,64,2,0.3,False,32,75,0.0001,0.1,10,5,0.5,True,42
weight_decay,0.0001,17,17,2,0.6926554789145788,0.6918058077494303,0.001,64,2,0.3,False,32,75,0.0001,0.1,10,5,0.5,True,42
weight_decay,0.0001,17,17,3,0.6930373464569901,0.6911687572797139,0.001,64,2,0.3,False,32,75,0.0001,0.1,10,5,0.5,True,42
weight_decay,0.0001,17,17,4,0.6914842643521049,0.6892679174741109,0.001,64,2,0.3,False,32,75,0.0001,0.1,10,5,0.5,True,42
weight_decay,0.0001,17,17,5,0.6912947947328741,0.6887701392173767,0.001,64,2,0.3,False,32,75,0.0001,0.1,10,5,0.5,True,42
weight_decay,0.0001,17,17,6,0.690053355513197,0.687317955493927,0.001,64,2,0.3,False,32,75,0.0001,0.1,10,5,0.5,True,42
weight_decay,0.0001,17,17,7,0.6895913824890599,0.6879176060358684,0.001,64,2,0.3,False,32,75,0.0001,0.1,10,5,0.5,True,42
weight_decay,0.0001,17,17,8,0.6883748110496637,0.6856574058532715,0.001,64,2,0.3,False,32,75,0.0001,0.1,10,5,0.5,True,42
weight_decay,0.0001,17,17,9,0.6861093793854569,0.6883099555969239,0.001,64,2,0.3,False,32,75,0.0001,0.1,10,5,0.5,True,42
weight_decay,0.0001,17,17,10,0.6817609238805193,0.6891974687576294,0.001,64,2,0.3,False,32,75,0.0001,0.1,10,5,0.5,True,42
weight_decay,0.0001,17,17,11,0.6790768350615646,0.6905586878458659,0.001,64,2,0.3,False,32,75,0.0001,0.1,10,5,0.5,True,42
weight_decay,0.0001,17,17,12,0.6740036904811859,0.6930356383323669,0.001,64,2,0.3,False,32,75,0.0001,0.1,10,5,0.5,True,42
weight_decay,0.0001,17,17,13,0.6715389142433802,0.687748384475708,0.001,64,2,0.3,False,32,75,0.0001,0.1,10,5,0.5,True,42
weight_decay,0.0001,17,17,14,0.6643569771990632,0.6917798519134521,0.001,64,2,0.3,False,32,75,0.0001,0.1,10,5,0.5,True,42
weight_decay,0.0001,17,17,15,0.6501217931509018,0.6961966951688131,0.001,64,2,0.3,False,32,75,0.0001,0.1,10,5,0.5,True,42
weight_decay,0.0001,17,17,16,0.6459148639079296,0.7055539687474569,0.001,64,2,0.3,False,32,75,0.0001,0.1,10,5,0.5,True,42
weight_decay,0.0001,17,17,17,0.6407872122345548,0.7060212175051371,0.001,64,2,0.3,False,32,75,0.0001,0.1,10,5,0.5,True,42
weight_decay,0.0001,17,17,18,0.6332740485668182,0.7156996369361878,0.001,64,2,0.3,False,32,75,0.0001,0.1,10,5,0.5,True,42
weight_decay,0.0001,18,18,1,0.6944514065980911,0.6939621686935424,0.001,64,2,0.3,False,32,75,0.0001,0.1,10,5,0.5,True,42
weight_decay,0.0001,18,18,2,0.6925104093371015,0.6932510733604431,0.001,64,2,0.3,False,32,75,0.0001,0.1,10,5,0.5,True,42
weight_decay,0.0001,18,18,3,0.6917468146844343,0.6907767057418823,0.001,64,2,0.3,False,32,75,0.0001,0.1,10,5,0.5,True,42
weight_decay,0.0001,18,18,4,0.6912618938720587,0.690180492401123,0.001,64,2,0.3,False,32,75,0.0001,0.1,10,5,0.5,True,42
weight_decay,0.0001,18,18,5,0.6894484004288008,0.694522742430369,0.001,64,2,0.3,False,32,75,0.0001,0.1,10,5,0.5,True,42
weight_decay,0.0001,18,18,6,0.6880179946169709,0.691808553536733,0.001,64,2,0.3,False,32,75,0.0001,0.1,10,5,0.5,True,42
weight_decay,0.0001,18,18,7,0.6861077930891153,0.693557620048523,0.001,64,2,0.3,False,32,75,0.0001,0.1,10,5,0.5,True,42
weight_decay,0.0001,18,18,8,0.6829009823726885,0.6924178004264832,0.001,64,2,0.3,False,32,75,0.0001,0.1,10,5,0.5,True,42
weight_decay,0.0001,18,18,9,0.6781762097821091,0.7012210607528686,0.001,64,2,0.3,False,32,75,0.0001,0.1,10,5,0.5,True,42
weight_decay,0.0001,18,18,10,0.676938919858499,0.7120559374491374,0.001,64,2,0.3,False,32,75,0.0001,0.1,10,5,0.5,True,42
weight_decay,0.0001,18,18,11,0.6631405281298088,0.7047249476114908,0.001,64,2,0.3,False,32,75,0.0001,0.1,10,5,0.5,True,42
weight_decay,0.0001,18,18,12,0.6617029097044107,0.71509716908137,0.001,64,2,0.3,False,32,75,0.0001,0.1,10,5,0.5,True,42
weight_decay,0.0001,18,18,13,0.6560069381287603,0.7205483039220174,0.001,64,2,0.3,False,32,75,0.0001,0.1,10,5,0.5,True,42
weight_decay,0.0001,18,18,14,0.6500940494465105,0.7264705022176107,0.001,64,2,0.3,False,32,75,0.0001,0.1,10,5,0.5,True,42
weight_decay,0.0001,19,19,1,0.6947100537292885,0.6915468533833822,0.001,64,2,0.3,False,32,75,0.0001,0.1,10,5,0.5,True,42
weight_decay,0.0001,19,19,2,0.6926297111944719,0.6918019413948059,0.001,64,2,0.3,False,32,75,0.0001,0.1,10,5,0.5,True,42
weight_decay,0.0001,19,19,3,0.6916701563379981,0.6947249492009481,0.001,64,2,0.3,False,32,75,0.0001,0.1,10,5,0.5,True,42
weight_decay,0.0001,19,19,4,0.6890777150789896,0.6956332166989644,0.001,64,2,0.3,False,32,75,0.0001,0.1,10,5,0.5,True,42
weight_decay,0.0001,19,19,5,0.6869872912312999,0.6967524131139119,0.001,64,2,0.3,False,32,75,0.0001,0.1,10,5,0.5,True,42
weight_decay,0.0001,19,19,6,0.6834471573432287,0.7103864153226217,0.001,64,2,0.3,False,32,75,0.0001,0.1,10,5,0.5,True,42
weight_decay,0.0001,19,19,7,0.680908427997069,0.7125400145848592,0.001,64,2,0.3,False,32,75,0.0001,0.1,10,5,0.5,True,42
weight_decay,0.0001,19,19,8,0.6734382997859608,0.7236382047335307,0.001,64,2,0.3,False,32,75,0.0001,0.1,10,5,0.5,True,42
weight_decay,0.0001,19,19,9,0.6679791230143923,0.7263733108838399,0.001,64,2,0.3,False,32,75,0.0001,0.1,10,5,0.5,True,42
weight_decay,0.0001,19,19,10,0.6619543139681672,0.722412649790446,0.001,64,2,0.3,False,32,75,0.0001,0.1,10,5,0.5,True,42
weight_decay,0.0001,19,19,11,0.6581760541056142,0.7199581782023112,0.001,64,2,0.3,False,32,75,0.0001,0.1,10,5,0.5,True,42
weight_decay,0.0001,20,20,1,0.6939649712858778,0.6927476366360982,0.001,64,2,0.3,False,32,75,0.0001,0.1,10,5,0.5,True,42
weight_decay,0.0001,20,20,2,0.6929556655161309,0.6926327427228292,0.001,64,2,0.3,False,32,75,0.0001,0.1,10,5,0.5,True,42
weight_decay,0.0001,20,20,3,0.692432111862934,0.6924769560496012,0.001,64,2,0.3,False,32,75,0.0001,0.1,10,5,0.5,True,42
weight_decay,0.0001,20,20,4,0.6912000048341174,0.6938891053199768,0.001,64,2,0.3,False,32,75,0.0001,0.1,10,5,0.5,True,42
weight_decay,0.0001,20,20,5,0.6905750966433323,0.6957823753356933,0.001,64,2,0.3,False,32,75,0.0001,0.1,10,5,0.5,True,42
weight_decay,0.0001,20,20,6,0.6878808583274032,0.6989302039146423,0.001,64,2,0.3,False,32,75,0.0001,0.1,10,5,0.5,True,42
weight_decay,0.0001,20,20,7,0.6859085550813964,0.702867348988851,0.001,64,2,0.3,False,32,75,0.0001,0.1,10,5,0.5,True,42
weight_decay,0.0001,20,20,8,0.6826642273050366,0.7055582165718078,0.001,64,2,0.3,False,32,75,0.0001,0.1,10,5,0.5,True,42
weight_decay,0.0001,20,20,9,0.6801534845973506,0.704562246799469,0.001,64,2,0.3,False,32,75,0.0001,0.1,10,5,0.5,True,42
weight_decay,0.0001,20,20,10,0.6703906461144938,0.7307237029075623,0.001,64,2,0.3,False,32,75,0.0001,0.1,10,5,0.5,True,42
weight_decay,0.0001,20,20,11,0.6683573876366471,0.7141210476557414,0.001,64,2,0.3,False,32,75,0.0001,0.1,10,5,0.5,True,42
weight_decay,0.0001,20,20,12,0.6627785942771218,0.7200398802757263,0.001,64,2,0.3,False,32,75,0.0001,0.1,10,5,0.5,True,42
weight_decay,0.0001,20,20,13,0.6573387036720911,0.7297817587852478,0.001,64,2,0.3,False,32,75,0.0001,0.1,10,5,0.5,True,42
weight_decay,0.0001,21,21,1,0.6937440186738968,0.6925737857818604,0.001,64,2,0.3,False,32,75,0.0001,0.1,10,5,0.5,True,42
weight_decay,0.0001,21,21,2,0.6924039865985061,0.6921740094820659,0.001,64,2,0.3,False,32,75,0.0001,0.1,10,5,0.5,True,42
weight_decay,0.0001,21,21,3,0.6913145672191273,0.6931020855903626,0.001,64,2,0.3,False,32,75,0.0001,0.1,10,5,0.5,True,42
weight_decay,0.0001,21,21,4,0.6915415475765864,0.6924806197484334,0.001,64,2,0.3,False,32,75,0.0001,0.1,10,5,0.5,True,42
weight_decay,0.0001,21,21,5,0.6880111292456136,0.6944858988126119,0.001,64,2,0.3,False,32,75,0.0001,0.1,10,5,0.5,True,42
weight_decay,0.0001,21,21,6,0.6868482471415491,0.6938568631807963,0.001,64,2,0.3,False,32,75,0.0001,0.1,10,5,0.5,True,42
weight_decay,0.0001,21,21,7,0.6831054335290735,0.7021405180295308,0.001,64,2,0.3,False,32,75,0.0001,0.1,10,5,0.5,True,42
weight_decay,0.0001,21,21,8,0.6772928016655373,0.7133650660514832,0.001,64,2,0.3,False,32,75,0.0001,0.1,10,5,0.5,True,42
weight_decay,0.0001,21,21,9,0.672918569409486,0.7175736665725708,0.001,64,2,0.3,False,32,75,0.0001,0.1,10,5,0.5,True,42
weight_decay,0.0001,21,21,10,0.6671014175270543,0.7333380778630575,0.001,64,2,0.3,False,32,75,0.0001,0.1,10,5,0.5,True,42
weight_decay,0.0001,21,21,11,0.6655253740874204,0.7392421921094259,0.001,64,2,0.3,False,32,75,0.0001,0.1,10,5,0.5,True,42
weight_decay,0.0001,21,21,12,0.6579890738834034,0.7359542727470398,0.001,64,2,0.3,False,32,75,0.0001,0.1,10,5,0.5,True,42
weight_decay,0.0001,22,22,1,0.6938538068171703,0.6927060127258301,0.001,64,2,0.3,False,32,75,0.0001,0.1,10,5,0.5,True,42
weight_decay,0.0001,22,22,2,0.6918375117309166,0.6941986560821534,0.001,64,2,0.3,False,32,75,0.0001,0.1,10,5,0.5,True,42
weight_decay,0.0001,22,22,3,0.6916295578985503,0.6906503121058146,0.001,64,2,0.3,False,32,75,0.0001,0.1,10,5,0.5,True,42
weight_decay,0.0001,22,22,4,0.6906630825815778,0.6897043347358703,0.001,64,2,0.3,False,32,75,0.0001,0.1,10,5,0.5,True,42
weight_decay,0.0001,22,22,5,0.6882751218297265,0.6929096142450969,0.001,64,2,0.3,False,32,75,0.0001,0.1,10,5,0.5,True,42
weight_decay,0.0001,22,22,6,0.6861390227621252,0.6906660914421081,0.001,64,2,0.3,False,32,75,0.0001,0.1,10,5,0.5,True,42
weight_decay,0.0001,22,22,7,0.6824277765823134,0.6972932457923889,0.001,64,2,0.3,False,32,75,0.0001,0.1,10,5,0.5,True,42
weight_decay,0.0001,22,22,8,0.6853342963890596,0.6936801791191101,0.001,64,2,0.3,False,32,75,0.0001,0.1,10,5,0.5,True,42
weight_decay,0.0001,22,22,9,0.6778707883574746,0.710904598236084,0.001,64,2,0.3,False,32,75,0.0001,0.1,10,5,0.5,True,42
weight_decay,0.0001,22,22,10,0.6758467360879435,0.6954134901364645,0.001,64,2,0.3,False,32,75,0.0001,0.1,10,5,0.5,True,42
weight_decay,0.0001,22,22,11,0.6683538619315985,0.6990236004193624,0.001,64,2,0.3,False,32,75,0.0001,0.1,10,5,0.5,True,42
weight_decay,0.0001,22,22,12,0.6607290136091637,0.7091747045516967,0.001,64,2,0.3,False,32,75,0.0001,0.1,10,5,0.5,True,42
weight_decay,0.0001,22,22,13,0.6559510637413372,0.7134568929672241,0.001,64,2,0.3,False,32,75,0.0001,0.1,10,5,0.5,True,42
weight_decay,0.0001,22,22,14,0.6510598113139471,0.7343930602073669,0.001,64,2,0.3,False,32,75,0.0001,0.1,10,5,0.5,True,42
weight_decay,0.0001,23,23,1,0.6940697192242651,0.6923815886179606,0.001,64,2,0.3,False,32,75,0.0001,0.1,10,5,0.5,True,42
weight_decay,0.0001,23,23,2,0.6927174993536689,0.6920393625895183,0.001,64,2,0.3,False,32,75,0.0001,0.1,10,5,0.5,True,42
weight_decay,0.0001,23,23,3,0.6914751936088909,0.6918387492497762,0.001,64,2,0.3,False,32,75,0.0001,0.1,10,5,0.5,True,42
weight_decay,0.0001,23,23,4,0.6896883854360292,0.6900270660718282,0.001,64,2,0.3,False,32,75,0.0001,0.1,10,5,0.5,True,42
weight_decay,0.0001,23,23,5,0.6890925936626665,0.691207472483317,0.001,64,2,0.3,False,32,75,0.0001,0.1,10,5,0.5,True,42
weight_decay,0.0001,23,23,6,0.6865690422780586,0.6912545879681905,0.001,64,2,0.3,False,32,75,0.0001,0.1,10,5,0.5,True,42
weight_decay,0.0001,23,23,7,0.6866251456015038,0.6919775247573853,0.001,64,2,0.3,False,32,75,0.0001,0.1,10,5,0.5,True,42
weight_decay,0.0001,23,23,8,0.6814332062547858,0.7034925103187561,0.001,64,2,0.3,False,32,75,0.0001,0.1,10,5,0.5,True,42
weight_decay,0.0001,23,23,9,0.6798417712702896,0.6980350971221924,0.001,64,2,0.3,False,32,75,0.0001,0.1,10,5,0.5,True,42
weight_decay,0.0001,23,23,10,0.6738501633658553,0.6962988257408143,0.001,64,2,0.3,False,32,75,0.0001,0.1,10,5,0.5,True,42
weight_decay,0.0001,23,23,11,0.6651251135450421,0.7024809757868449,0.001,64,2,0.3,False,32,75,0.0001,0.1,10,5,0.5,True,42
weight_decay,0.0001,23,23,12,0.6598581784602368,0.7122347752253214,0.001,64,2,0.3,False,32,75,0.0001,0.1,10,5,0.5,True,42
weight_decay,0.0001,23,23,13,0.6542562408880754,0.7143622318903605,0.001,64,2,0.3,False,32,75,0.0001,0.1,10,5,0.5,True,42
weight_decay,0.0001,23,23,14,0.6488489373163744,0.7216706434885661,0.001,64,2,0.3,False,32,75,0.0001,0.1,10,5,0.5,True,42
weight_decay,0.0001,24,24,1,0.6946801798684257,0.69195503393809,0.001,64,2,0.3,False,32,75,0.0001,0.1,10,5,0.5,True,42
weight_decay,0.0001,24,24,2,0.6925780634234723,0.6905038118362427,0.001,64,2,0.3,False,32,75,0.0001,0.1,10,5,0.5,True,42
weight_decay,0.0001,24,24,3,0.6921773364669398,0.6898451725641886,0.001,64,2,0.3,False,32,75,0.0001,0.1,10,5,0.5,True,42
weight_decay,0.0001,24,24,4,0.6899570509007102,0.6909886082013448,0.001,64,2,0.3,False,32,75,0.0001,0.1,10,5,0.5,True,42
weight_decay,0.0001,24,24,5,0.6888412550876015,0.6920809864997863,0.001,64,2,0.3,False,32,75,0.0001,0.1,10,5,0.5,True,42
weight_decay,0.0001,24,24,6,0.685289778655633,0.6987552324930827,0.001,64,2,0.3,False,32,75,0.0001,0.1,10,5,0.5,True,42
weight_decay,0.0001,24,24,7,0.683273046088398,0.6948148767153423,0.001,64,2,0.3,False,32,75,0.0001,0.1,10,5,0.5,True,42
weight_decay,0.0001,24,24,8,0.6780389636979067,0.6985650658607483,0.001,64,2,0.3,False,32,75,0.0001,0.1,10,5,0.5,True,42
weight_decay,0.0001,24,24,9,0.6747510688645499,0.7077237685521444,0.001,64,2,0.3,False,32,75,0.0001,0.1,10,5,0.5,True,42
weight_decay,0.0001,24,24,10,0.6651373622112704,0.7119760950406392,0.001,64,2,0.3,False,32,75,0.0001,0.1,10,5,0.5,True,42
weight_decay,0.0001,24,24,11,0.6614197022036502,0.7205462614695232,0.001,64,2,0.3,False,32,75,0.0001,0.1,10,5,0.5,True,42
weight_decay,0.0001,24,24,12,0.6526427215203306,0.732450795173645,0.001,64,2,0.3,False,32,75,0.0001,0.1,10,5,0.5,True,42
weight_decay,0.0001,24,24,13,0.6509529827232647,0.7376024087270101,0.001,64,2,0.3,False,32,75,0.0001,0.1,10,5,0.5,True,42
weight_decay,0.0001,25,25,1,0.6941805423209162,0.696375560760498,0.001,64,2,0.3,False,32,75,0.0001,0.1,10,5,0.5,True,42
weight_decay,0.0001,25,25,2,0.6931279026197664,0.6930440068244934,0.001,64,2,0.3,False,32,75,0.0001,0.1,10,5,0.5,True,42
weight_decay,0.0001,25,25,3,0.6922535494421468,0.6955588817596435,0.001,64,2,0.3,False,32,75,0.0001,0.1,10,5,0.5,True,42
weight_decay,0.0001,25,25,4,0.691407405517318,0.6919208844502767,0.001,64,2,0.3,False,32,75,0.0001,0.1,10,5,0.5,True,42
weight_decay,0.0001,25,25,5,0.6892138724074219,0.6966646869977315,0.001,64,2,0.3,False,32,75,0.0001,0.1,10,5,0.5,True,42
weight_decay,0.0001,25,25,6,0.687753240718986,0.6917148868242899,0.001,64,2,0.3,False,32,75,0.0001,0.1,10,5,0.5,True,42
weight_decay,0.0001,25,25,7,0.6861501480593826,0.6942730188369751,0.001,64,2,0.3,False,32,75,0.0001,0.1,10,5,0.5,True,42
weight_decay,0.0001,25,25,8,0.6844004704193636,0.6929759740829468,0.001,64,2,0.3,False,32,75,0.0001,0.1,10,5,0.5,True,42
weight_decay,0.0001,25,25,9,0.6825941850741705,0.6972621083259583,0.001,64,2,0.3,False,32,75,0.0001,0.1,10,5,0.5,True,42
weight_decay,0.0001,25,25,10,0.6778898383631851,0.7278371771176656,0.001,64,2,0.3,False,32,75,0.0001,0.1,10,5,0.5,True,42
weight_decay,0.0001,25,25,11,0.6745615913109346,0.7154989202817281,0.001,64,2,0.3,False,32,75,0.0001,0.1,10,5,0.5,True,42
weight_decay,0.0001,25,25,12,0.6678734823609843,0.7050503532091776,0.001,64,2,0.3,False,32,75,0.0001,0.1,10,5,0.5,True,42
weight_decay,0.0001,25,25,13,0.6631150810104428,0.712195877234141,0.001,64,2,0.3,False,32,75,0.0001,0.1,10,5,0.5,True,42
weight_decay,0.0001,25,25,14,0.6505045750827501,0.7339169303576152,0.001,64,2,0.3,False,32,75,0.0001,0.1,10,5,0.5,True,42
weight_decay,0.0001,25,25,15,0.6453067809343338,0.741477640469869,0.001,64,2,0.3,False,32,75,0.0001,0.1,10,5,0.5,True,42
weight_decay,0.0001,25,25,16,0.63989789625912,0.7389276345570882,0.001,64,2,0.3,False,32,75,0.0001,0.1,10,5,0.5,True,42
weight_decay,0.0001,26,26,1,0.6934026104934288,0.6944898843765259,0.001,64,2,0.3,False,32,75,0.0001,0.1,10,5,0.5,True,42
weight_decay,0.0001,26,26,2,0.6927488915848009,0.6929469982783,0.001,64,2,0.3,False,32,75,0.0001,0.1,10,5,0.5,True,42
weight_decay,0.0001,26,26,3,0.6909536692229185,0.6933858593304952,0.001,64,2,0.3,False,32,75,0.0001,0.1,10,5,0.5,True,42
weight_decay,0.0001,26,26,4,0.690332400076317,0.6918378154436747,0.001,64,2,0.3,False,32,75,0.0001,0.1,10,5,0.5,True,42
weight_decay,0.0001,26,26,5,0.6884556755875096,0.6954384922981263,0.001,64,2,0.3,False,32,75,0.0001,0.1,10,5,0.5,True,42
weight_decay,0.0001,26,26,6,0.6867603339029081,0.698903250694275,0.001,64,2,0.3,False,32,75,0.0001,0.1,10,5,0.5,True,42
weight_decay,0.0001,26,26,7,0.6816935110272784,0.7024555961290996,0.001,64,2,0.3,False,32,75,0.0001,0.1,10,5,0.5,True,42
weight_decay,0.0001,26,26,8,0.680319061333483,0.6974161863327026,0.001,64,2,0.3,False,32,75,0.0001,0.1,10,5,0.5,True,42
weight_decay,0.0001,26,26,9,0.6732200289314444,0.703908367951711,0.001,64,2,0.3,False,32,75,0.0001,0.1,10,5,0.5,True,42
weight_decay,0.0001,26,26,10,0.6710645475170829,0.7062626083691915,0.001,64,2,0.3,False,32,75,0.0001,0.1,10,5,0.5,True,42
weight_decay,0.0001,26,26,11,0.6606092019514604,0.7298469384511311,0.001,64,2,0.3,False,32,75,0.0001,0.1,10,5,0.5,True,42
weight_decay,0.0001,26,26,12,0.6547083412155961,0.7213083426157634,0.001,64,2,0.3,False,32,75,0.0001,0.1,10,5,0.5,True,42
weight_decay,0.0001,26,26,13,0.6518808788422382,0.7380553166071574,0.001,64,2,0.3,False,32,75,0.0001,0.1,10,5,0.5,True,42
weight_decay,0.0001,26,26,14,0.6457480413444114,0.7440861145655314,0.001,64,2,0.3,False,32,75,0.0001,0.1,10,5,0.5,True,42
weight_decay,0.0001,27,27,1,0.694024695591493,0.6927384257316589,0.001,64,2,0.3,False,32,75,0.0001,0.1,10,5,0.5,True,42
weight_decay,0.0001,27,27,2,0.6926004471200885,0.6935465812683106,0.001,64,2,0.3,False,32,75,0.0001,0.1,10,5,0.5,True,42
weight_decay,0.0001,27,27,3,0.6915891838796211,0.6929896235466003,0.001,64,2,0.3,False,32,75,0.0001,0.1,10,5,0.5,True,42
weight_decay,0.0001,27,27,4,0.6906253984480193,0.6945544521013896,0.001,64,2,0.3,False,32,75,0.0001,0.1,10,5,0.5,True,42
weight_decay,0.0001,27,27,5,0.6887670010328293,0.693173615137736,0.001,64,2,0.3,False,32,75,0.0001,0.1,10,5,0.5,True,42
weight_decay,0.0001,27,27,6,0.6868989413434808,0.7007878462473551,0.001,64,2,0.3,False,32,75,0.0001,0.1,10,5,0.5,True,42
weight_decay,0.0001,27,27,7,0.6847640637195471,0.7045852224032084,0.001,64,2,0.3,False,32,75,0.0001,0.1,10,5,0.5,True,42
weight_decay,0.0001,27,27,8,0.6763975042285342,0.7080195705095927,0.001,64,2,0.3,False,32,75,0.0001,0.1,10,5,0.5,True,42
weight_decay,0.0001,27,27,9,0.6744250695813786,0.7086373408635457,0.001,64,2,0.3,False,32,75,0.0001,0.1,10,5,0.5,True,42
weight_decay,0.0001,27,27,10,0.6710243541182894,0.7114802678426106,0.001,64,2,0.3,False,32,75,0.0001,0.1,10,5,0.5,True,42
weight_decay,0.0001,27,27,11,0.6659382346904639,0.7184040983517964,0.001,64,2,0.3,False,32,75,0.0001,0.1,10,5,0.5,True,42
weight_decay,0.0001,28,28,1,0.6938775732661738,0.6949538469314576,0.001,64,2,0.3,False,32,75,0.0001,0.1,10,5,0.5,True,42
weight_decay,0.0001,28,28,2,0.6926104751500216,0.6924832304318745,0.001,64,2,0.3,False,32,75,0.0001,0.1,10,5,0.5,True,42
weight_decay,0.0001,28,28,3,0.6912412611824094,0.693628478050232,0.001,64,2,0.3,False,32,75,0.0001,0.1,10,5,0.5,True,42
weight_decay,0.0001,28,28,4,0.6910929088339661,0.6930963158607483,0.001,64,2,0.3,False,32,75,0.0001,0.1,10,5,0.5,True,42
weight_decay,0.0001,28,28,5,0.6892965607570879,0.6909114321072897,0.001,64,2,0.3,False,32,75,0.0001,0.1,10,5,0.5,True,42
weight_decay,0.0001,28,28,6,0.6861571430256872,0.6896616339683532,0.001,64,2,0.3,False,32,75,0.0001,0.1,10,5,0.5,True,42
weight_decay,0.0001,28,28,7,0.6857209702332815,0.6929915507634481,0.001,64,2,0.3,False,32,75,0.0001,0.1,10,5,0.5,True,42
weight_decay,0.0001,28,28,8,0.6839717278877894,0.6916231314341227,0.001,64,2,0.3,False,32,75,0.0001,0.1,10,5,0.5,True,42
weight_decay,0.0001,28,28,9,0.6779533985889319,0.6888459761937459,0.001,64,2,0.3,False,32,75,0.0001,0.1,10,5,0.5,True,42
weight_decay,0.0001,28,28,10,0.6754259399392388,0.7223474383354187,0.001,64,2,0.3,False,32,75,0.0001,0.1,10,5,0.5,True,42
weight_decay,0.0001,28,28,11,0.6676906270511223,0.7018312811851501,0.001,64,2,0.3,False,32,75,0.0001,0.1,10,5,0.5,True,42
weight_decay,0.0001,28,28,12,0.6652232756217321,0.7123785177866618,0.001,64,2,0.3,False,32,75,0.0001,0.1,10,5,0.5,True,42
weight_decay,0.0001,28,28,13,0.6596427358912699,0.7207493344942729,0.001,64,2,0.3,False,32,75,0.0001,0.1,10,5,0.5,True,42
weight_decay,0.0001,28,28,14,0.6524170122363351,0.7700429717699687,0.001,64,2,0.3,False,32,75,0.0001,0.1,10,5,0.5,True,42
weight_decay,0.0001,28,28,15,0.6414512305548696,0.7369321584701538,0.001,64,2,0.3,False,32,75,0.0001,0.1,10,5,0.5,True,42
weight_decay,0.0001,28,28,16,0.6225471011165417,0.7521796623865763,0.001,64,2,0.3,False,32,75,0.0001,0.1,10,5,0.5,True,42
weight_decay,0.0001,28,28,17,0.6146914487083753,0.7910459876060486,0.001,64,2,0.3,False,32,75,0.0001,0.1,10,5,0.5,True,42
weight_decay,0.0001,28,28,18,0.605856079043764,0.7880375027656555,0.001,64,2,0.3,False,32,75,0.0001,0.1,10,5,0.5,True,42
weight_decay,0.0001,28,28,19,0.5983890642722448,0.7766912261644999,0.001,64,2,0.3,False,32,75,0.0001,0.1,10,5,0.5,True,42
weight_decay,0.0001,29,29,1,0.6934489896803191,0.692039982477824,0.001,64,2,0.3,False,32,75,0.0001,0.1,10,5,0.5,True,42
weight_decay,0.0001,29,29,2,0.6931725081169244,0.6930411020914714,0.001,64,2,0.3,False,32,75,0.0001,0.1,10,5,0.5,True,42
weight_decay,0.0001,29,29,3,0.691928093180512,0.6937267661094666,0.001,64,2,0.3,False,32,75,0.0001,0.1,10,5,0.5,True,42
weight_decay,0.0001,29,29,4,0.6905600040247946,0.6936533570289611,0.001,64,2,0.3,False,32,75,0.0001,0.1,10,5,0.5,True,42
weight_decay,0.0001,29,29,5,0.6883211677724664,0.694106415907542,0.001,64,2,0.3,False,32,75,0.0001,0.1,10,5,0.5,True,42
weight_decay,0.0001,29,29,6,0.6869615781487841,0.6968941609064738,0.001,64,2,0.3,False,32,75,0.0001,0.1,10,5,0.5,True,42
weight_decay,0.0001,29,29,7,0.681511870839379,0.7059260527292888,0.001,64,2,0.3,False,32,75,0.0001,0.1,10,5,0.5,True,42
weight_decay,0.0001,29,29,8,0.6794334636493162,0.7072554230690002,0.001,64,2,0.3,False,32,75,0.0001,0.1,10,5,0.5,True,42
weight_decay,0.0001,29,29,9,0.6756733136646675,0.7069991072018941,0.001,64,2,0.3,False,32,75,0.0001,0.1,10,5,0.5,True,42
weight_decay,0.0001,29,29,10,0.6710157015106895,0.7142806053161621,0.001,64,2,0.3,False,32,75,0.0001,0.1,10,5,0.5,True,42
weight_decay,0.0001,29,29,11,0.6637338968840513,0.7198825518290202,0.001,64,2,0.3,False,32,75,0.0001,0.1,10,5,0.5,True,42
weight_decay,0.0001,30,30,1,0.6943591169335626,0.6943145394325256,0.001,64,2,0.3,False,32,75,0.0001,0.1,10,5,0.5,True,42
weight_decay,0.0001,30,30,2,0.6923928752993093,0.6976678808530171,0.001,64,2,0.3,False,32,75,0.0001,0.1,10,5,0.5,True,42
weight_decay,0.0001,30,30,3,0.692670314149423,0.6926531354586284,0.001,64,2,0.3,False,32,75,0.0001,0.1,10,5,0.5,True,42
weight_decay,0.0001,30,30,4,0.6912716414892313,0.6938138484954834,0.001,64,2,0.3,False,32,75,0.0001,0.1,10,5,0.5,True,42
weight_decay,0.0001,30,30,5,0.6892632995591019,0.6928914825121562,0.001,64,2,0.3,False,32,75,0.0001,0.1,10,5,0.5,True,42
weight_decay,0.0001,30,30,6,0.6872614924654816,0.6926650603612264,0.001,64,2,0.3,False,32,75,0.0001,0.1,10,5,0.5,True,42
weight_decay,0.0001,30,30,7,0.6843481425083044,0.6979242523511251,0.001,64,2,0.3,False,32,75,0.0001,0.1,10,5,0.5,True,42
weight_decay,0.0001,30,30,8,0.681890194163178,0.6971788962682088,0.001,64,2,0.3,False,32,75,0.0001,0.1,10,5,0.5,True,42
weight_decay,0.0001,30,30,9,0.6800014850768176,0.7042022188504536,0.001,64,2,0.3,False,32,75,0.0001,0.1,10,5,0.5,True,42
weight_decay,0.0001,30,30,10,0.668277714288596,0.7122226039568583,0.001,64,2,0.3,False,32,75,0.0001,0.1,10,5,0.5,True,42
weight_decay,0.0001,30,30,11,0.6625592369924892,0.7252512137095134,0.001,64,2,0.3,False,32,75,0.0001,0.1,10,5,0.5,True,42
weight_decay,0.0001,30,30,12,0.6598384976387024,0.720116933186849,0.001,64,2,0.3,False,32,75,0.0001,0.1,10,5,0.5,True,42
weight_decay,0.0001,30,30,13,0.6554045076623107,0.735592496395111,0.001,64,2,0.3,False,32,75,0.0001,0.1,10,5,0.5,True,42
weight_decay,0.0001,31,31,1,0.6940093482985641,0.6932992974917094,0.001,64,2,0.3,False,32,75,0.0001,0.1,10,5,0.5,True,42
weight_decay,0.0001,31,31,2,0.6928049592357693,0.6929676413536072,0.001,64,2,0.3,False,32,75,0.0001,0.1,10,5,0.5,True,42
weight_decay,0.0001,31,31,3,0.6916079155423425,0.6939236164093018,0.001,64,2,0.3,False,32,75,0.0001,0.1,10,5,0.5,True,42
weight_decay,0.0001,31,31,4,0.6909670423377644,0.6942866166432698,0.001,64,2,0.3,False,32,75,0.0001,0.1,10,5,0.5,True,42
weight_decay,0.0001,31,31,5,0.6899115081989404,0.6907377441724142,0.001,64,2,0.3,False,32,75,0.0001,0.1,10,5,0.5,True,42
weight_decay,0.0001,31,31,6,0.6890358080466589,0.6906214237213135,0.001,64,2,0.3,False,32,75,0.0001,0.1,10,5,0.5,True,42
weight_decay,0.0001,31,31,7,0.6854333570509246,0.6957533836364747,0.001,64,2,0.3,False,32,75,0.0001,0.1,10,5,0.5,True,42
weight_decay,0.0001,31,31,8,0.6851678630619338,0.6938092986742656,0.001,64,2,0.3,False,32,75,0.0001,0.1,10,5,0.5,True,42
weight_decay,0.0001,31,31,9,0.6808829018563936,0.6942336956659952,0.001,64,2,0.3,False,32,75,0.0001,0.1,10,5,0.5,True,42
weight_decay,0.0001,31,31,10,0.677975082487771,0.6959364930788676,0.001,64,2,0.3,False,32,75,0.0001,0.1,10,5,0.5,True,42
weight_decay,0.0001,31,31,11,0.6746627643252864,0.6964552521705627,0.001,64,2,0.3,False,32,75,0.0001,0.1,10,5,0.5,True,42
weight_decay,0.0001,31,31,12,0.6700636089751215,0.6986400723457337,0.001,64,2,0.3,False,32,75,0.0001,0.1,10,5,0.5,True,42
weight_decay,0.0001,31,31,13,0.6571728921297825,0.7086614012718201,0.001,64,2,0.3,False,32,75,0.0001,0.1,10,5,0.5,True,42
weight_decay,0.0001,31,31,14,0.6492106435876904,0.7208793083826701,0.001,64,2,0.3,False,32,75,0.0001,0.1,10,5,0.5,True,42
weight_decay,0.0001,31,31,15,0.6422908080346657,0.747331706682841,0.001,64,2,0.3,False,32,75,0.0001,0.1,10,5,0.5,True,42
weight_decay,0.0001,31,31,16,0.6345256467660269,0.7636695702870687,0.001,64,2,0.3,False,32,75,0.0001,0.1,10,5,0.5,True,42
weight_decay,0.0001,32,32,1,0.6937605625752247,0.6927933732668559,0.001,64,2,0.3,False,32,75,0.0001,0.1,10,5,0.5,True,42
weight_decay,0.0001,32,32,2,0.6922104819254442,0.6936976710955302,0.001,64,2,0.3,False,32,75,0.0001,0.1,10,5,0.5,True,42
weight_decay,0.0001,32,32,3,0.6915890858931975,0.6931824286778768,0.001,64,2,0.3,False,32,75,0.0001,0.1,10,5,0.5,True,42
weight_decay,0.0001,32,32,4,0.6900459667949965,0.6926982084910075,0.001,64,2,0.3,False,32,75,0.0001,0.1,10,5,0.5,True,42
weight_decay,0.0001,32,32,5,0.6893844636100711,0.6935073375701905,0.001,64,2,0.3,False,32,75,0.0001,0.1,10,5,0.5,True,42
weight_decay,0.0001,32,32,6,0.6877387441468962,0.6971948385238648,0.001,64,2,0.3,False,32,75,0.0001,0.1,10,5,0.5,True,42
weight_decay,0.0001,32,32,7,0.6873229371778893,0.6950708031654358,0.001,64,2,0.3,False,32,75,0.0001,0.1,10,5,0.5,True,42
weight_decay,0.0001,32,32,8,0.6841275204311718,0.702746597925822,0.001,64,2,0.3,False,32,75,0.0001,0.1,10,5,0.5,True,42
weight_decay,0.0001,32,32,9,0.6840342215516351,0.6967258016268413,0.001,64,2,0.3,False,32,75,0.0001,0.1,10,5,0.5,True,42
weight_decay,0.0001,32,32,10,0.6809610024546132,0.7091848810513814,0.001,64,2,0.3,False,32,75,0.0001,0.1,10,5,0.5,True,42
weight_decay,0.0001,32,32,11,0.6733055597904957,0.7036749283472697,0.001,64,2,0.3,False,32,75,0.0001,0.1,10,5,0.5,True,42
weight_decay,0.0001,32,32,12,0.6687994996706644,0.7098494887351989,0.001,64,2,0.3,False,32,75,0.0001,0.1,10,5,0.5,True,42
weight_decay,0.0001,32,32,13,0.6615229131597461,0.727044387658437,0.001,64,2,0.3,False,32,75,0.0001,0.1,10,5,0.5,True,42
weight_decay,0.0001,32,32,14,0.6574648609667113,0.7178497195243836,0.001,64,2,0.3,False,32,75,0.0001,0.1,10,5,0.5,True,42
weight_decay,0.0001,33,33,1,0.6940922728090575,0.6931852142016093,0.001,64,2,0.3,False,32,75,0.0001,0.1,10,5,0.5,True,42
weight_decay,0.0001,33,33,2,0.6927658612980987,0.6920998016993205,0.001,64,2,0.3,False,32,75,0.0001,0.1,10,5,0.5,True,42
weight_decay,0.0001,33,33,3,0.691735536311612,0.6930929064750672,0.001,64,2,0.3,False,32,75,0.0001,0.1,10,5,0.5,True,42
weight_decay,0.0001,33,33,4,0.6902283403006467,0.692446748415629,0.001,64,2,0.3,False,32,75,0.0001,0.1,10,5,0.5,True,42
weight_decay,0.0001,33,33,5,0.6896533568700155,0.6935425043106079,0.001,64,2,0.3,False,32,75,0.0001,0.1,10,5,0.5,True,42
weight_decay,0.0001,33,33,6,0.6877379471605475,0.6945313771565755,0.001,64,2,0.3,False,32,75,0.0001,0.1,10,5,0.5,True,42
weight_decay,0.0001,33,33,7,0.6861204915877545,0.6946945985158285,0.001,64,2,0.3,False,32,75,0.0001,0.1,10,5,0.5,True,42
weight_decay,0.0001,33,33,8,0.6840286430987444,0.6980583667755127,0.001,64,2,0.3,False,32,75,0.0001,0.1,10,5,0.5,True,42
weight_decay,0.0001,33,33,9,0.6776777189789396,0.7012933850288391,0.001,64,2,0.3,False,32,75,0.0001,0.1,10,5,0.5,True,42
weight_decay,0.0001,33,33,10,0.6740331180167921,0.7062086462974548,0.001,64,2,0.3,False,32,75,0.0001,0.1,10,5,0.5,True,42
weight_decay,0.0001,33,33,11,0.6716592135754499,0.7149714509646098,0.001,64,2,0.3,False,32,75,0.0001,0.1,10,5,0.5,True,42
weight_decay,0.0001,33,33,12,0.6652409000830217,0.7135090867678324,0.001,64,2,0.3,False,32,75,0.0001,0.1,10,5,0.5,True,42
weight_decay,0.0001,34,34,1,0.6947050622918389,0.6939761082331339,0.001,64,2,0.3,False,32,75,0.0001,0.1,10,5,0.5,True,42
weight_decay,0.0001,34,34,2,0.6934894002748259,0.6915697574615478,0.001,64,2,0.3,False,32,75,0.0001,0.1,10,5,0.5,True,42
weight_decay,0.0001,34,34,3,0.6924223019318148,0.6909832795461018,0.001,64,2,0.3,False,32,75,0.0001,0.1,10,5,0.5,True,42
weight_decay,0.0001,34,34,4,0.6928409247687368,0.6928280671437581,0.001,64,2,0.3,False,32,75,0.0001,0.1,10,5,0.5,True,42
weight_decay,0.0001,34,34,5,0.6907149345585795,0.690324087937673,0.001,64,2,0.3,False,32,75,0.0001,0.1,10,5,0.5,True,42
weight_decay,0.0001,34,34,6,0.6898082241867528,0.6910063942273458,0.001,64,2,0.3,False,32,75,0.0001,0.1,10,5,0.5,True,42
weight_decay,0.0001,34,34,7,0.6871746760426145,0.6921406507492065,0.001,64,2,0.3,False,32,75,0.0001,0.1,10,5,0.5,True,42
weight_decay,0.0001,34,34,8,0.6862867461009459,0.6910064975420634,0.001,64,2,0.3,False,32,75,0.0001,0.1,10,5,0.5,True,42
weight_decay,0.0001,34,34,9,0.6847461900024703,0.6968530297279358,0.001,64,2,0.3,False,32,75,0.0001,0.1,10,5,0.5,True,42
weight_decay,0.0001,34,34,10,0.6798590177839453,0.7012016495068868,0.001,64,2,0.3,False,32,75,0.0001,0.1,10,5,0.5,True,42
weight_decay,0.0001,34,34,11,0.6776337564894648,0.7028452396392822,0.001,64,2,0.3,False,32,75,0.0001,0.1,10,5,0.5,True,42
weight_decay,0.0001,34,34,12,0.6672956586787195,0.7092155814170837,0.001,64,2,0.3,False,32,75,0.0001,0.1,10,5,0.5,True,42
weight_decay,0.0001,34,34,13,0.6642098201043678,0.7290318886439006,0.001,64,2,0.3,False,32,75,0.0001,0.1,10,5,0.5,True,42
weight_decay,0.0001,34,34,14,0.6591105750112822,0.7273059765497843,0.001,64,2,0.3,False,32,75,0.0001,0.1,10,5,0.5,True,42
weight_decay,0.0001,34,34,15,0.6582517750335463,0.722494117418925,0.001,64,2,0.3,False,32,75,0.0001,0.1,10,5,0.5,True,42
weight_decay,0.0001,35,35,1,0.6932995066498265,0.6936986207962036,0.001,64,2,0.3,False,32,75,0.0001,0.1,10,5,0.5,True,42
weight_decay,0.0001,35,35,2,0.6921103795369467,0.693442722161611,0.001,64,2,0.3,False,32,75,0.0001,0.1,10,5,0.5,True,42
weight_decay,0.0001,35,35,3,0.6923918128013611,0.6915822505950928,0.001,64,2,0.3,False,32,75,0.0001,0.1,10,5,0.5,True,42
weight_decay,0.0001,35,35,4,0.6901762268759988,0.6933343251546223,0.001,64,2,0.3,False,32,75,0.0001,0.1,10,5,0.5,True,42
weight_decay,0.0001,35,35,5,0.6890986841736417,0.6956215659777324,0.001,64,2,0.3,False,32,75,0.0001,0.1,10,5,0.5,True,42
weight_decay,0.0001,35,35,6,0.6879696380911451,0.6902296662330627,0.001,64,2,0.3,False,32,75,0.0001,0.1,10,5,0.5,True,42
weight_decay,0.0001,35,35,7,0.6863755935972388,0.6946074446042378,0.001,64,2,0.3,False,32,75,0.0001,0.1,10,5,0.5,True,42
weight_decay,0.0001,35,35,8,0.6829431124708869,0.6883397897084554,0.001,64,2,0.3,False,32,75,0.0001,0.1,10,5,0.5,True,42
weight_decay,0.0001,35,35,9,0.6822216546896732,0.6967655857404073,0.001,64,2,0.3,False,32,75,0.0001,0.1,10,5,0.5,True,42
weight_decay,0.0001,35,35,10,0.6774760200218721,0.6980991323788961,0.001,64,2,0.3,False,32,75,0.0001,0.1,10,5,0.5,True,42
weight_decay,0.0001,35,35,11,0.6735633711020151,0.7176212430000305,0.001,64,2,0.3,False,32,75,0.0001,0.1,10,5,0.5,True,42
weight_decay,0.0001,35,35,12,0.6660798444892421,0.7268093665440877,0.001,64,2,0.3,False,32,75,0.0001,0.1,10,5,0.5,True,42
weight_decay,0.0001,35,35,13,0.6621512156544309,0.715908964474996,0.001,64,2,0.3,False,32,75,0.0001,0.1,10,5,0.5,True,42
weight_decay,0.0001,35,35,14,0.6504675958192709,0.724895974000295,0.001,64,2,0.3,False,32,75,0.0001,0.1,10,5,0.5,True,42
weight_decay,0.0001,35,35,15,0.6369293517235554,0.7483978231747945,0.001,64,2,0.3,False,32,75,0.0001,0.1,10,5,0.5,True,42
weight_decay,0.0001,35,35,16,0.6278156091769537,0.7562994877497355,0.001,64,2,0.3,False,32,75,0.0001,0.1,10,5,0.5,True,42
weight_decay,0.0001,35,35,17,0.620450432779211,0.7607603867848715,0.001,64,2,0.3,False,32,75,0.0001,0.1,10,5,0.5,True,42
weight_decay,0.0001,35,35,18,0.6084957118287231,0.7964934428532918,0.001,64,2,0.3,False,32,75,0.0001,0.1,10,5,0.5,True,42
weight_decay,0.0001,36,36,1,0.694249810594501,0.6926423748334248,0.001,64,2,0.3,False,32,75,0.0001,0.1,10,5,0.5,True,42
weight_decay,0.0001,36,36,2,0.6931583551746426,0.6926995476086935,0.001,64,2,0.3,False,32,75,0.0001,0.1,10,5,0.5,True,42
weight_decay,0.0001,36,36,3,0.6915403450980331,0.6914435863494873,0.001,64,2,0.3,False,32,75,0.0001,0.1,10,5,0.5,True,42
weight_decay,0.0001,36,36,4,0.6902799208958944,0.6916534026463826,0.001,64,2,0.3,False,32,75,0.0001,0.1,10,5,0.5,True,42
weight_decay,0.0001,36,36,5,0.6892863805546905,0.688803760210673,0.001,64,2,0.3,False,32,75,0.0001,0.1,10,5,0.5,True,42
weight_decay,0.0001,36,36,6,0.6869695723959894,0.6910667618115743,0.001,64,2,0.3,False,32,75,0.0001,0.1,10,5,0.5,True,42
weight_decay,0.0001,36,36,7,0.6796608964602152,0.6897100528081258,0.001,64,2,0.3,False,32,75,0.0001,0.1,10,5,0.5,True,42
weight_decay,0.0001,36,36,8,0.6792669314326663,0.6959848086039225,0.001,64,2,0.3,False,32,75,0.0001,0.1,10,5,0.5,True,42
weight_decay,0.0001,36,36,9,0.6734441726496725,0.7060092846552531,0.001,64,2,0.3,False,32,75,0.0001,0.1,10,5,0.5,True,42
weight_decay,0.0001,36,36,10,0.6698873444940104,0.7012491067250569,0.001,64,2,0.3,False,32,75,0.0001,0.1,10,5,0.5,True,42
weight_decay,0.0001,36,36,11,0.6629686161424174,0.7163101236025492,0.001,64,2,0.3,False,32,75,0.0001,0.1,10,5,0.5,True,42
weight_decay,0.0001,36,36,12,0.658871440724893,0.7156470100084941,0.001,64,2,0.3,False,32,75,0.0001,0.1,10,5,0.5,True,42
weight_decay,0.0001,36,36,13,0.6588584080790029,0.7201986273129781,0.001,64,2,0.3,False,32,75,0.0001,0.1,10,5,0.5,True,42
weight_decay,0.0001,36,36,14,0.6466903338829676,0.7322185715039571,0.001,64,2,0.3,False,32,75,0.0001,0.1,10,5,0.5,True,42
weight_decay,0.0001,36,36,15,0.6412065029144287,0.7370524446169535,0.001,64,2,0.3,False,32,75,0.0001,0.1,10,5,0.5,True,42
weight_decay,0.0001,37,37,1,0.6941778574025992,0.6936046679814657,0.001,64,2,0.3,False,32,75,0.0001,0.1,10,5,0.5,True,42
weight_decay,0.0001,37,37,2,0.6927986646240408,0.6931388815244038,0.001,64,2,0.3,False,32,75,0.0001,0.1,10,5,0.5,True,42
weight_decay,0.0001,37,37,3,0.6923150754336155,0.6906696518262228,0.001,64,2,0.3,False,32,75,0.0001,0.1,10,5,0.5,True,42
weight_decay,0.0001,37,37,4,0.6913144507191398,0.6907577912012736,0.001,64,2,0.3,False,32,75,0.0001,0.1,10,5,0.5,True,42
weight_decay,0.0001,37,37,5,0.6892545796705015,0.6932702859242758,0.001,64,2,0.3,False,32,75,0.0001,0.1,10,5,0.5,True,42
weight_decay,0.0001,37,37,6,0.687996099392573,0.6930853803952535,0.001,64,2,0.3,False,32,75,0.0001,0.1,10,5,0.5,True,42
weight_decay,0.0001,37,37,7,0.6864735289956584,0.6967603882153829,0.001,64,2,0.3,False,32,75,0.0001,0.1,10,5,0.5,True,42
weight_decay,0.0001,37,37,8,0.6806082377831141,0.7051317493120829,0.001,64,2,0.3,False,32,75,0.0001,0.1,10,5,0.5,True,42
weight_decay,0.0001,37,37,9,0.6789340399431459,0.7056472261746725,0.001,64,2,0.3,False,32,75,0.0001,0.1,10,5,0.5,True,42
weight_decay,0.0001,37,37,10,0.6698432655045481,0.7134267727533976,0.001,64,2,0.3,False,32,75,0.0001,0.1,10,5,0.5,True,42
weight_decay,0.0001,37,37,11,0.6631580975019571,0.7249277989069621,0.001,64,2,0.3,False,32,75,0.0001,0.1,10,5,0.5,True,42
weight_decay,0.0001,37,37,12,0.6571257453073155,0.7232265949249268,0.001,64,2,0.3,False,32,75,0.0001,0.1,10,5,0.5,True,42
weight_decay,0.0001,37,37,13,0.6519590372389014,0.7328095873196919,0.001,64,2,0.3,False,32,75,0.0001,0.1,10,5,0.5,True,42
weight_decay,0.0001,38,38,1,0.6943181504805883,0.6918687502543132,0.001,64,2,0.3,False,32,75,0.0001,0.1,10,5,0.5,True,42
weight_decay,0.0001,38,38,2,0.6930138233936194,0.6913074533144633,0.001,64,2,0.3,False,32,75,0.0001,0.1,10,5,0.5,True,42
weight_decay,0.0001,38,38,3,0.6913952655864485,0.6923116286595662,0.001,64,2,0.3,False,32,75,0.0001,0.1,10,5,0.5,True,42
weight_decay,0.0001,38,38,4,0.6904781835548806,0.6928877353668212,0.001,64,2,0.3,False,32,75,0.0001,0.1,10,5,0.5,True,42
weight_decay,0.0001,38,38,5,0.6877802244641564,0.6941755930582683,0.001,64,2,0.3,False,32,75,0.0001,0.1,10,5,0.5,True,42
weight_decay,0.0001,38,38,6,0.6855924278497696,0.6977891842524211,0.001,64,2,0.3,False,32,75,0.0001,0.1,10,5,0.5,True,42
weight_decay,0.0001,38,38,7,0.6829376568396887,0.6937357584635416,0.001,64,2,0.3,False,32,75,0.0001,0.1,10,5,0.5,True,42
weight_decay,0.0001,38,38,8,0.6799116098519528,0.7014864722887675,0.001,64,2,0.3,False,32,75,0.0001,0.1,10,5,0.5,True,42
weight_decay,0.0001,38,38,9,0.6685990086107543,0.7105717420578003,0.001,64,2,0.3,False,32,75,0.0001,0.1,10,5,0.5,True,42
weight_decay,0.0001,38,38,10,0.6638980467211116,0.7346978823343913,0.001,64,2,0.3,False,32,75,0.0001,0.1,10,5,0.5,True,42
weight_decay,0.0001,38,38,11,0.6590287969871,0.7354707916577657,0.001,64,2,0.3,False,32,75,0.0001,0.1,10,5,0.5,True,42
weight_decay,0.0001,38,38,12,0.6546737655545726,0.725731082757314,0.001,64,2,0.3,False,32,75,0.0001,0.1,10,5,0.5,True,42
weight_decay,0.0001,39,39,1,0.693896882461779,0.6916422645250956,0.001,64,2,0.3,False,32,75,0.0001,0.1,10,5,0.5,True,42
weight_decay,0.0001,39,39,2,0.6932167320540457,0.6914477944374084,0.001,64,2,0.3,False,32,75,0.0001,0.1,10,5,0.5,True,42
weight_decay,0.0001,39,39,3,0.6928000490773808,0.69033123254776,0.001,64,2,0.3,False,32,75,0.0001,0.1,10,5,0.5,True,42
weight_decay,0.0001,39,39,4,0.691167186607014,0.688768720626831,0.001,64,2,0.3,False,32,75,0.0001,0.1,10,5,0.5,True,42
weight_decay,0.0001,39,39,5,0.689402184251583,0.6898031870524088,0.001,64,2,0.3,False,32,75,0.0001,0.1,10,5,0.5,True,42
weight_decay,0.0001,39,39,6,0.6876433283993693,0.6917684594790141,0.001,64,2,0.3,False,32,75,0.0001,0.1,10,5,0.5,True,42
weight_decay,0.0001,39,39,7,0.6843897456472571,0.6956227938334147,0.001,64,2,0.3,False,32,75,0.0001,0.1,10,5,0.5,True,42
weight_decay,0.0001,39,39,8,0.6824564468680006,0.7045244415601094,0.001,64,2,0.3,False,32,75,0.0001,0.1,10,5,0.5,True,42
weight_decay,0.0001,39,39,9,0.6779373170751514,0.7014318943023682,0.001,64,2,0.3,False,32,75,0.0001,0.1,10,5,0.5,True,42
weight_decay,0.0001,39,39,10,0.673327269427704,0.7100475231806437,0.001,64,2,0.3,False,32,75,0.0001,0.1,10,5,0.5,True,42
weight_decay,0.0001,39,39,11,0.6634833338585767,0.7327569325764974,0.001,64,2,0.3,False,32,75,0.0001,0.1,10,5,0.5,True,42
weight_decay,0.0001,39,39,12,0.654217137983351,0.7335349241892497,0.001,64,2,0.3,False,32,75,0.0001,0.1,10,5,0.5,True,42
weight_decay,0.0001,39,39,13,0.6496460577755263,0.7560170491536459,0.001,64,2,0.3,False,32,75,0.0001,0.1,10,5,0.5,True,42
weight_decay,0.0001,39,39,14,0.6407752759528883,0.7458377877871195,0.001,64,2,0.3,False,32,75,0.0001,0.1,10,5,0.5,True,42
weight_decay,0.0001,40,40,1,0.6943377355734507,0.6927195310592651,0.001,64,2,0.3,False,32,75,0.0001,0.1,10,5,0.5,True,42
weight_decay,0.0001,40,40,2,0.6932746510614048,0.6916613499323527,0.001,64,2,0.3,False,32,75,0.0001,0.1,10,5,0.5,True,42
weight_decay,0.0001,40,40,3,0.6930250864137303,0.6910830020904541,0.001,64,2,0.3,False,32,75,0.0001,0.1,10,5,0.5,True,42
weight_decay,0.0001,40,40,4,0.6918045178507314,0.690743871529897,0.001,64,2,0.3,False,32,75,0.0001,0.1,10,5,0.5,True,42
weight_decay,0.0001,40,40,5,0.6908942045587482,0.6946861306826274,0.001,64,2,0.3,False,32,75,0.0001,0.1,10,5,0.5,True,42
weight_decay,0.0001,40,40,6,0.6884318612741701,0.6901793917020161,0.001,64,2,0.3,False,32,75,0.0001,0.1,10,5,0.5,True,42
weight_decay,0.0001,40,40,7,0.6867221652558355,0.6993030269940694,0.001,64,2,0.3,False,32,75,0.0001,0.1,10,5,0.5,True,42
weight_decay,0.0001,40,40,8,0.6849403200727521,0.6930036067962646,0.001,64,2,0.3,False,32,75,0.0001,0.1,10,5,0.5,True,42
weight_decay,0.0001,40,40,9,0.6807975769042969,0.7030036528905232,0.001,64,2,0.3,False,32,75,0.0001,0.1,10,5,0.5,True,42
weight_decay,0.0001,40,40,10,0.6770631269072042,0.7001466155052185,0.001,64,2,0.3,False,32,75,0.0001,0.1,10,5,0.5,True,42
weight_decay,0.0001,40,40,11,0.6724430480689714,0.7086029251416525,0.001,64,2,0.3,False,32,75,0.0001,0.1,10,5,0.5,True,42
weight_decay,0.0001,40,40,12,0.6686879247426987,0.7224432150522868,0.001,64,2,0.3,False,32,75,0.0001,0.1,10,5,0.5,True,42
weight_decay,0.0001,40,40,13,0.6573719531297684,0.7134332180023193,0.001,64,2,0.3,False,32,75,0.0001,0.1,10,5,0.5,True,42
weight_decay,0.0001,40,40,14,0.6522793512452733,0.7349456866582235,0.001,64,2,0.3,False,32,75,0.0001,0.1,10,5,0.5,True,42
weight_decay,0.0001,40,40,15,0.6432655706550136,0.7915738224983215,0.001,64,2,0.3,False,32,75,0.0001,0.1,10,5,0.5,True,42
weight_decay,0.0001,40,40,16,0.6393239949688767,0.7356666247049968,0.001,64,2,0.3,False,32,75,0.0001,0.1,10,5,0.5,True,42
weight_decay,0.0001,41,41,1,0.6938644051551819,0.6939837058385213,0.001,64,2,0.3,False,32,75,0.0001,0.1,10,5,0.5,True,42
weight_decay,0.0001,41,41,2,0.692265352064913,0.6912179907162984,0.001,64,2,0.3,False,32,75,0.0001,0.1,10,5,0.5,True,42
weight_decay,0.0001,41,41,3,0.6928963471542705,0.6906218091646831,0.001,64,2,0.3,False,32,75,0.0001,0.1,10,5,0.5,True,42
weight_decay,0.0001,41,41,4,0.6907889287580143,0.6935634811719259,0.001,64,2,0.3,False,32,75,0.0001,0.1,10,5,0.5,True,42
weight_decay,0.0001,41,41,5,0.6890664470918251,0.6891764640808106,0.001,64,2,0.3,False,32,75,0.0001,0.1,10,5,0.5,True,42
weight_decay,0.0001,41,41,6,0.6887044725996075,0.6893436352411906,0.001,64,2,0.3,False,32,75,0.0001,0.1,10,5,0.5,True,42
weight_decay,0.0001,41,41,7,0.685894690228231,0.6898334304491679,0.001,64,2,0.3,False,32,75,0.0001,0.1,10,5,0.5,True,42
weight_decay,0.0001,41,41,8,0.6812666370110079,0.6892672141393026,0.001,64,2,0.3,False,32,75,0.0001,0.1,10,5,0.5,True,42
weight_decay,0.0001,41,41,9,0.6799424913796511,0.6912674744923909,0.001,64,2,0.3,False,32,75,0.0001,0.1,10,5,0.5,True,42
weight_decay,0.0001,41,41,10,0.6745803527759783,0.7054326812426249,0.001,64,2,0.3,False,32,75,0.0001,0.1,10,5,0.5,True,42
weight_decay,0.0001,41,41,11,0.670005202293396,0.7135544300079346,0.001,64,2,0.3,False,32,75,0.0001,0.1,10,5,0.5,True,42
weight_decay,0.0001,41,41,12,0.6571512926708568,0.7158522566159566,0.001,64,2,0.3,False,32,75,0.0001,0.1,10,5,0.5,True,42
weight_decay,0.0001,41,41,13,0.6516298317548,0.716192364692688,0.001,64,2,0.3,False,32,75,0.0001,0.1,10,5,0.5,True,42
weight_decay,0.0001,41,41,14,0.6475923761273875,0.7356207331021627,0.001,64,2,0.3,False,32,75,0.0001,0.1,10,5,0.5,True,42
weight_decay,0.0001,41,41,15,0.6429049284620718,0.7362112045288086,0.001,64,2,0.3,False,32,75,0.0001,0.1,10,5,0.5,True,42
weight_decay,0.0001,42,42,1,0.693271175478444,0.6956941405932109,0.001,64,2,0.3,False,32,75,0.0001,0.1,10,5,0.5,True,42
weight_decay,0.0001,42,42,2,0.6924151353763811,0.6938137849171956,0.001,64,2,0.3,False,32,75,0.0001,0.1,10,5,0.5,True,42
weight_decay,0.0001,42,42,3,0.6914531114426526,0.692447014649709,0.001,64,2,0.3,False,32,75,0.0001,0.1,10,5,0.5,True,42
weight_decay,0.0001,42,42,4,0.6905248205770146,0.6943002502123515,0.001,64,2,0.3,False,32,75,0.0001,0.1,10,5,0.5,True,42
weight_decay,0.0001,42,42,5,0.6899881340337523,0.6939130862553914,0.001,64,2,0.3,False,32,75,0.0001,0.1,10,5,0.5,True,42
weight_decay,0.0001,42,42,6,0.689309145916592,0.68911741177241,0.001,64,2,0.3,False,32,75,0.0001,0.1,10,5,0.5,True,42
weight_decay,0.0001,42,42,7,0.6867071290810903,0.6908854365348815,0.001,64,2,0.3,False,32,75,0.0001,0.1,10,5,0.5,True,42
weight_decay,0.0001,42,42,8,0.684830083991542,0.695148499806722,0.001,64,2,0.3,False,32,75,0.0001,0.1,10,5,0.5,True,42
weight_decay,0.0001,42,42,9,0.6805415934685505,0.6930213530858358,0.001,64,2,0.3,False,32,75,0.0001,0.1,10,5,0.5,True,42
weight_decay,0.0001,42,42,10,0.674300163081198,0.7107626120249431,0.001,64,2,0.3,False,32,75,0.0001,0.1,10,5,0.5,True,42
weight_decay,0.0001,42,42,11,0.6685740992878423,0.7081940015157063,0.001,64,2,0.3,False,32,75,0.0001,0.1,10,5,0.5,True,42
weight_decay,0.0001,42,42,12,0.662515380617344,0.7092008193333944,0.001,64,2,0.3,False,32,75,0.0001,0.1,10,5,0.5,True,42
weight_decay,0.0001,42,42,13,0.6480954628099095,0.7215689420700073,0.001,64,2,0.3,False,32,75,0.0001,0.1,10,5,0.5,True,42
weight_decay,0.0001,42,42,14,0.6388443473613623,0.7344270706176758,0.001,64,2,0.3,False,32,75,0.0001,0.1,10,5,0.5,True,42
weight_decay,0.0001,42,42,15,0.6366342789295948,0.7333317081133525,0.001,64,2,0.3,False,32,75,0.0001,0.1,10,5,0.5,True,42
weight_decay,0.0001,42,42,16,0.6287909980976221,0.7682084361712138,0.001,64,2,0.3,False,32,75,0.0001,0.1,10,5,0.5,True,42
weight_decay,0.0001,43,43,1,0.6942639847596487,0.6920912265777588,0.001,64,2,0.3,False,32,75,0.0001,0.1,10,5,0.5,True,42
weight_decay,0.0001,43,43,2,0.6933836431214304,0.6916186054547627,0.001,64,2,0.3,False,32,75,0.0001,0.1,10,5,0.5,True,42
weight_decay,0.0001,43,43,3,0.691123181220257,0.6929856896400451,0.001,64,2,0.3,False,32,75,0.0001,0.1,10,5,0.5,True,42
weight_decay,0.0001,43,43,4,0.691397894060973,0.6937340060869853,0.001,64,2,0.3,False,32,75,0.0001,0.1,10,5,0.5,True,42
weight_decay,0.0001,43,43,5,0.6896277806072524,0.6947558959325154,0.001,64,2,0.3,False,32,75,0.0001,0.1,10,5,0.5,True,42
weight_decay,0.0001,43,43,6,0.6881697376569113,0.7000100533167521,0.001,64,2,0.3,False,32,75,0.0001,0.1,10,5,0.5,True,42
weight_decay,0.0001,43,43,7,0.6852331865917553,0.6989552855491639,0.001,64,2,0.3,False,32,75,0.0001,0.1,10,5,0.5,True,42
weight_decay,0.0001,43,43,8,0.6819318582614263,0.706303079922994,0.001,64,2,0.3,False,32,75,0.0001,0.1,10,5,0.5,True,42
weight_decay,0.0001,43,43,9,0.6735386866511721,0.7211040417353313,0.001,64,2,0.3,False,32,75,0.0001,0.1,10,5,0.5,True,42
weight_decay,0.0001,43,43,10,0.6692823839910103,0.7208240071932475,0.001,64,2,0.3,False,32,75,0.0001,0.1,10,5,0.5,True,42
weight_decay,0.0001,43,43,11,0.6625849293036894,0.7341758569081624,0.001,64,2,0.3,False,32,75,0.0001,0.1,10,5,0.5,True,42
weight_decay,0.0001,43,43,12,0.660039330070669,0.7328550378481548,0.001,64,2,0.3,False,32,75,0.0001,0.1,10,5,0.5,True,42
weight_decay,0.0001,44,44,1,0.6941277109312288,0.6925655841827393,0.001,64,2,0.3,False,32,75,0.0001,0.1,10,5,0.5,True,42
weight_decay,0.0001,44,44,2,0.6923472994204724,0.6935694217681885,0.001,64,2,0.3,False,32,75,0.0001,0.1,10,5,0.5,True,42
weight_decay,0.0001,44,44,3,0.6907335072755814,0.6930486877759298,0.001,64,2,0.3,False,32,75,0.0001,0.1,10,5,0.5,True,42
weight_decay,0.0001,44,44,4,0.6886664692199591,0.6953096270561219,0.001,64,2,0.3,False,32,75,0.0001,0.1,10,5,0.5,True,42
weight_decay,0.0001,44,44,5,0.6878309859470888,0.6976442933082581,0.001,64,2,0.3,False,32,75,0.0001,0.1,10,5,0.5,True,42
weight_decay,0.0001,44,44,6,0.6846001175316897,0.6980650107065837,0.001,64,2,0.3,False,32,75,0.0001,0.1,10,5,0.5,True,42
weight_decay,0.0001,44,44,7,0.6819753682974613,0.7036315162976583,0.001,64,2,0.3,False,32,75,0.0001,0.1,10,5,0.5,True,42
weight_decay,0.0001,44,44,8,0.6738444178393392,0.6993273814519246,0.001,64,2,0.3,False,32,75,0.0001,0.1,10,5,0.5,True,42
weight_decay,0.0001,44,44,9,0.6708427152850411,0.7168579936027527,0.001,64,2,0.3,False,32,75,0.0001,0.1,10,5,0.5,True,42
weight_decay,0.0001,44,44,10,0.6652016012054501,0.7197824875513713,0.001,64,2,0.3,False,32,75,0.0001,0.1,10,5,0.5,True,42
weight_decay,0.0001,44,44,11,0.6593913318532886,0.7146966377894084,0.001,64,2,0.3,False,32,75,0.0001,0.1,10,5,0.5,True,42
weight_decay,0.0001,45,45,1,0.6943302538358804,0.6922474225362142,0.001,64,2,0.3,False,32,75,0.0001,0.1,10,5,0.5,True,42
weight_decay,0.0001,45,45,2,0.692909195116072,0.6913070638974508,0.001,64,2,0.3,False,32,75,0.0001,0.1,10,5,0.5,True,42
weight_decay,0.0001,45,45,3,0.6914794666297508,0.6916343013445536,0.001,64,2,0.3,False,32,75,0.0001,0.1,10,5,0.5,True,42
weight_decay,0.0001,45,45,4,0.6905917845892183,0.693028716246287,0.001,64,2,0.3,False,32,75,0.0001,0.1,10,5,0.5,True,42
weight_decay,0.0001,45,45,5,0.6876719083749887,0.6942553202311198,0.001,64,2,0.3,False,32,75,0.0001,0.1,10,5,0.5,True,42
weight_decay,0.0001,45,45,6,0.6849420138380744,0.6985744118690491,0.001,64,2,0.3,False,32,75,0.0001,0.1,10,5,0.5,True,42
weight_decay,0.0001,45,45,7,0.6817884368426872,0.7012127637863159,0.001,64,2,0.3,False,32,75,0.0001,0.1,10,5,0.5,True,42
weight_decay,0.0001,45,45,8,0.67745033854788,0.7022438804308574,0.001,64,2,0.3,False,32,75,0.0001,0.1,10,5,0.5,True,42
weight_decay,0.0001,45,45,9,0.6693761402910406,0.7129265983899434,0.001,64,2,0.3,False,32,75,0.0001,0.1,10,5,0.5,True,42
weight_decay,0.0001,45,45,10,0.6614634737823949,0.7214794794718424,0.001,64,2,0.3,False,32,75,0.0001,0.1,10,5,0.5,True,42
weight_decay,0.0001,45,45,11,0.6596498480348876,0.7323101917902629,0.001,64,2,0.3,False,32,75,0.0001,0.1,10,5,0.5,True,42
weight_decay,0.0001,45,45,12,0.6553326858715578,0.7366795818010966,0.001,64,2,0.3,False,32,75,0.0001,0.1,10,5,0.5,True,42
weight_decay,0.0001,46,46,1,0.6935521454522104,0.6929969310760498,0.001,64,2,0.3,False,32,75,0.0001,0.1,10,5,0.5,True,42
weight_decay,0.0001,46,46,2,0.6928492685159048,0.6923568964004516,0.001,64,2,0.3,False,32,75,0.0001,0.1,10,5,0.5,True,42
weight_decay,0.0001,46,46,3,0.6922472426385591,0.6919126113255819,0.001,64,2,0.3,False,32,75,0.0001,0.1,10,5,0.5,True,42
weight_decay,0.0001,46,46,4,0.6909770825595567,0.6924416542053222,0.001,64,2,0.3,False,32,75,0.0001,0.1,10,5,0.5,True,42
weight_decay,0.0001,46,46,5,0.6889601923299559,0.6973583539326985,0.001,64,2,0.3,False,32,75,0.0001,0.1,10,5,0.5,True,42
weight_decay,0.0001,46,46,6,0.6870507363117102,0.6916351199150086,0.001,64,2,0.3,False,32,75,0.0001,0.1,10,5,0.5,True,42
weight_decay,0.0001,46,46,7,0.6852206921938694,0.6976159453392029,0.001,64,2,0.3,False,32,75,0.0001,0.1,10,5,0.5,True,42
weight_decay,0.0001,46,46,8,0.6812906093669661,0.7001226663589477,0.001,64,2,0.3,False,32,75,0.0001,0.1,10,5,0.5,True,42
weight_decay,0.0001,46,46,9,0.6786812485167475,0.6998335878054301,0.001,64,2,0.3,False,32,75,0.0001,0.1,10,5,0.5,True,42
weight_decay,0.0001,46,46,10,0.6729118209896665,0.7046496589978536,0.001,64,2,0.3,False,32,75,0.0001,0.1,10,5,0.5,True,42
weight_decay,0.0001,46,46,11,0.6679386270768715,0.715328323841095,0.001,64,2,0.3,False,32,75,0.0001,0.1,10,5,0.5,True,42
weight_decay,0.0001,46,46,12,0.6627973200696887,0.7218489646911621,0.001,64,2,0.3,False,32,75,0.0001,0.1,10,5,0.5,True,42
weight_decay,0.0001,46,46,13,0.6448691117041039,0.7314067204793294,0.001,64,2,0.3,False,32,75,0.0001,0.1,10,5,0.5,True,42
weight_decay,0.0001,46,46,14,0.6399143825877797,0.7513676683108012,0.001,64,2,0.3,False,32,75,0.0001,0.1,10,5,0.5,True,42
weight_decay,0.0001,46,46,15,0.628363186211297,0.7546981652577718,0.001,64,2,0.3,False,32,75,0.0001,0.1,10,5,0.5,True,42
weight_decay,0.0001,46,46,16,0.6247543692588806,0.764354920387268,0.001,64,2,0.3,False,32,75,0.0001,0.1,10,5,0.5,True,42
weight_decay,0.0001,47,47,1,0.6930034052241932,0.6961453755696615,0.001,64,2,0.3,False,32,75,0.0001,0.1,10,5,0.5,True,42
weight_decay,0.0001,47,47,2,0.693227902506337,0.69546586672465,0.001,64,2,0.3,False,32,75,0.0001,0.1,10,5,0.5,True,42
weight_decay,0.0001,47,47,3,0.69201621548696,0.6962135076522827,0.001,64,2,0.3,False,32,75,0.0001,0.1,10,5,0.5,True,42
weight_decay,0.0001,47,47,4,0.6909790698325995,0.6916338602701823,0.001,64,2,0.3,False,32,75,0.0001,0.1,10,5,0.5,True,42
weight_decay,0.0001,47,47,5,0.6892562946586898,0.6952825744946798,0.001,64,2,0.3,False,32,75,0.0001,0.1,10,5,0.5,True,42
weight_decay,0.0001,47,47,6,0.6884898191148584,0.6938244223594665,0.001,64,2,0.3,False,32,75,0.0001,0.1,10,5,0.5,True,42
weight_decay,0.0001,47,47,7,0.6850269093657985,0.6928559184074402,0.001,64,2,0.3,False,32,75,0.0001,0.1,10,5,0.5,True,42
weight_decay,0.0001,47,47,8,0.6836706417979617,0.6953522046407064,0.001,64,2,0.3,False,32,75,0.0001,0.1,10,5,0.5,True,42
weight_decay,0.0001,47,47,9,0.6815541323387262,0.7034485499064128,0.001,64,2,0.3,False,32,75,0.0001,0.1,10,5,0.5,True,42
weight_decay,0.0001,47,47,10,0.6799002298803041,0.7019441246986389,0.001,64,2,0.3,False,32,75,0.0001,0.1,10,5,0.5,True,42
weight_decay,0.0001,47,47,11,0.6684654061541413,0.7147076765696208,0.001,64,2,0.3,False,32,75,0.0001,0.1,10,5,0.5,True,42
weight_decay,0.0001,47,47,12,0.6653830269069383,0.7177368561426799,0.001,64,2,0.3,False,32,75,0.0001,0.1,10,5,0.5,True,42
weight_decay,0.0001,47,47,13,0.6586968745246078,0.7173697074254354,0.001,64,2,0.3,False,32,75,0.0001,0.1,10,5,0.5,True,42
weight_decay,0.0001,47,47,14,0.6503836503534606,0.7384718696276347,0.001,64,2,0.3,False,32,75,0.0001,0.1,10,5,0.5,True,42
weight_decay,0.0001,48,48,1,0.6940549145963856,0.6919213891029358,0.001,64,2,0.3,False,32,75,0.0001,0.1,10,5,0.5,True,42
weight_decay,0.0001,48,48,2,0.6925168826167745,0.6933986822764079,0.001,64,2,0.3,False,32,75,0.0001,0.1,10,5,0.5,True,42
weight_decay,0.0001,48,48,3,0.6916478769223493,0.6925022204717001,0.001,64,2,0.3,False,32,75,0.0001,0.1,10,5,0.5,True,42
weight_decay,0.0001,48,48,4,0.6894123872419945,0.6933616677920024,0.001,64,2,0.3,False,32,75,0.0001,0.1,10,5,0.5,True,42
weight_decay,0.0001,48,48,5,0.6894239859473437,0.6919558763504028,0.001,64,2,0.3,False,32,75,0.0001,0.1,10,5,0.5,True,42
weight_decay,0.0001,48,48,6,0.6863236857536144,0.6939600467681885,0.001,64,2,0.3,False,32,75,0.0001,0.1,10,5,0.5,True,42
weight_decay,0.0001,48,48,7,0.6845583588557136,0.6929442167282105,0.001,64,2,0.3,False,32,75,0.0001,0.1,10,5,0.5,True,42
weight_decay,0.0001,48,48,8,0.6765310024856624,0.702655291557312,0.001,64,2,0.3,False,32,75,0.0001,0.1,10,5,0.5,True,42
weight_decay,0.0001,48,48,9,0.6780977760042463,0.7510401248931885,0.001,64,2,0.3,False,32,75,0.0001,0.1,10,5,0.5,True,42
weight_decay,0.0001,48,48,10,0.6762507893985376,0.6954374472300212,0.001,64,2,0.3,False,32,75,0.0001,0.1,10,5,0.5,True,42
weight_decay,0.0001,48,48,11,0.6707636902206823,0.6948038816452027,0.001,64,2,0.3,False,32,75,0.0001,0.1,10,5,0.5,True,42
weight_decay,0.0001,49,49,1,0.6943658161343951,0.6926581780115764,0.001,64,2,0.3,False,32,75,0.0001,0.1,10,5,0.5,True,42
weight_decay,0.0001,49,49,2,0.6926771984858946,0.6912435332934062,0.001,64,2,0.3,False,32,75,0.0001,0.1,10,5,0.5,True,42
weight_decay,0.0001,49,49,3,0.6923354719624375,0.690675409634908,0.001,64,2,0.3,False,32,75,0.0001,0.1,10,5,0.5,True,42
weight_decay,0.0001,49,49,4,0.6904771589871609,0.691453758875529,0.001,64,2,0.3,False,32,75,0.0001,0.1,10,5,0.5,True,42
weight_decay,0.0001,49,49,5,0.6886642367550821,0.6928011854489644,0.001,64,2,0.3,False,32,75,0.0001,0.1,10,5,0.5,True,42
weight_decay,0.0001,49,49,6,0.6848154609853571,0.6967148900032043,0.001,64,2,0.3,False,32,75,0.0001,0.1,10,5,0.5,True,42
weight_decay,0.0001,49,49,7,0.6801730344692866,0.702393380800883,0.001,64,2,0.3,False,32,75,0.0001,0.1,10,5,0.5,True,42
weight_decay,0.0001,49,49,8,0.674029370600527,0.710815703868866,0.001,64,2,0.3,False,32,75,0.0001,0.1,10,5,0.5,True,42
weight_decay,0.0001,49,49,9,0.6708691756833683,0.7277596155802409,0.001,64,2,0.3,False,32,75,0.0001,0.1,10,5,0.5,True,42
weight_decay,0.0001,49,49,10,0.6624122871593996,0.7203660885492961,0.001,64,2,0.3,False,32,75,0.0001,0.1,10,5,0.5,True,42
weight_decay,0.0001,49,49,11,0.6558082501093546,0.7242851932843526,0.001,64,2,0.3,False,32,75,0.0001,0.1,10,5,0.5,True,42
weight_decay,0.0001,49,49,12,0.6508751209035064,0.7433523535728455,0.001,64,2,0.3,False,32,75,0.0001,0.1,10,5,0.5,True,42
weight_decay,0.0001,49,49,13,0.647705398951516,0.7478073477745056,0.001,64,2,0.3,False,32,75,0.0001,0.1,10,5,0.5,True,42
weight_decay,0.0001,50,50,1,0.69411140544848,0.692946728070577,0.001,64,2,0.3,False,32,75,0.0001,0.1,10,5,0.5,True,42
weight_decay,0.0001,50,50,2,0.6927896020087329,0.6938553214073181,0.001,64,2,0.3,False,32,75,0.0001,0.1,10,5,0.5,True,42
weight_decay,0.0001,50,50,3,0.6919453031185901,0.6905605077743531,0.001,64,2,0.3,False,32,75,0.0001,0.1,10,5,0.5,True,42
weight_decay,0.0001,50,50,4,0.6900401083808957,0.6904047012329102,0.001,64,2,0.3,False,32,75,0.0001,0.1,10,5,0.5,True,42
weight_decay,0.0001,50,50,5,0.6882165480743755,0.6919895688692729,0.001,64,2,0.3,False,32,75,0.0001,0.1,10,5,0.5,True,42
weight_decay,0.0001,50,50,6,0.6867815721215624,0.6922263423601787,0.001,64,2,0.3,False,32,75,0.0001,0.1,10,5,0.5,True,42
weight_decay,0.0001,50,50,7,0.6809226721525192,0.6989127079645793,0.001,64,2,0.3,False,32,75,0.0001,0.1,10,5,0.5,True,42
weight_decay,0.0001,50,50,8,0.6795533100763956,0.6996518135070801,0.001,64,2,0.3,False,32,75,0.0001,0.1,10,5,0.5,True,42
weight_decay,0.0001,50,50,9,0.675321151361321,0.7055734594662985,0.001,64,2,0.3,False,32,75,0.0001,0.1,10,5,0.5,True,42
weight_decay,0.0001,50,50,10,0.6699094122106378,0.716608218352,0.001,64,2,0.3,False,32,75,0.0001,0.1,10,5,0.5,True,42
weight_decay,0.0001,50,50,11,0.6606246178800409,0.7204764048258464,0.001,64,2,0.3,False,32,75,0.0001,0.1,10,5,0.5,True,42
weight_decay,0.0001,50,50,12,0.6515936932780526,0.7358700156211853,0.001,64,2,0.3,False,32,75,0.0001,0.1,10,5,0.5,True,42
weight_decay,0.0001,50,50,13,0.6459159318244818,0.7527249534924825,0.001,64,2,0.3,False,32,75,0.0001,0.1,10,5,0.5,True,42
weight_decay,0.0001,50,50,14,0.6397430774840441,0.7465634822845459,0.001,64,2,0.3,False,32,75,0.0001,0.1,10,5,0.5,True,42
weight_decay,0.0001,51,51,1,0.693895342223572,0.6928836305936178,0.001,64,2,0.3,False,32,75,0.0001,0.1,10,5,0.5,True,42
weight_decay,0.0001,51,51,2,0.692784774032506,0.6939312020937601,0.001,64,2,0.3,False,32,75,0.0001,0.1,10,5,0.5,True,42
weight_decay,0.0001,51,51,3,0.6918722919442437,0.6923555374145508,0.001,64,2,0.3,False,32,75,0.0001,0.1,10,5,0.5,True,42
weight_decay,0.0001,51,51,4,0.6909757360364451,0.6932332475980123,0.001,64,2,0.3,False,32,75,0.0001,0.1,10,5,0.5,True,42
weight_decay,0.0001,51,51,5,0.688940244642171,0.6919030745824178,0.001,64,2,0.3,False,32,75,0.0001,0.1,10,5,0.5,True,42
weight_decay,0.0001,51,51,6,0.6880870894952253,0.6925281842549642,0.001,64,2,0.3,False,32,75,0.0001,0.1,10,5,0.5,True,42
weight_decay,0.0001,51,51,7,0.6869820315729488,0.6916721383730571,0.001,64,2,0.3,False,32,75,0.0001,0.1,10,5,0.5,True,42
weight_decay,0.0001,51,51,8,0.6828545313892942,0.6967532316843669,0.001,64,2,0.3,False,32,75,0.0001,0.1,10,5,0.5,True,42
weight_decay,0.0001,51,51,9,0.6808521955302267,0.6966484030087788,0.001,64,2,0.3,False,32,75,0.0001,0.1,10,5,0.5,True,42
weight_decay,0.0001,51,51,10,0.6754910151163737,0.6957216461499532,0.001,64,2,0.3,False,32,75,0.0001,0.1,10,5,0.5,True,42
weight_decay,0.0001,51,51,11,0.6708252344167593,0.7125804344813029,0.001,64,2,0.3,False,32,75,0.0001,0.1,10,5,0.5,True,42
weight_decay,0.0001,51,51,12,0.6625361659310081,0.7250208338101705,0.001,64,2,0.3,False,32,75,0.0001,0.1,10,5,0.5,True,42
weight_decay,0.0001,51,51,13,0.6556494389519547,0.7300751010576884,0.001,64,2,0.3,False,32,75,0.0001,0.1,10,5,0.5,True,42
weight_decay,0.0001,51,51,14,0.6484453524603988,0.7351169109344482,0.001,64,2,0.3,False,32,75,0.0001,0.1,10,5,0.5,True,42
weight_decay,0.0001,51,51,15,0.6400002643014445,0.7357785860697429,0.001,64,2,0.3,False,32,75,0.0001,0.1,10,5,0.5,True,42
weight_decay,0.0001,51,51,16,0.6339644812273256,0.782853631178538,0.001,64,2,0.3,False,32,75,0.0001,0.1,10,5,0.5,True,42
weight_decay,0.0001,51,51,17,0.6308484526746201,0.7637091795603435,0.001,64,2,0.3,False,32,75,0.0001,0.1,10,5,0.5,True,42
weight_decay,0.0001,52,52,1,0.6938903914256529,0.6954888105392456,0.001,64,2,0.3,False,32,75,0.0001,0.1,10,5,0.5,True,42
weight_decay,0.0001,52,52,2,0.6925957622853193,0.6983092705408732,0.001,64,2,0.3,False,32,75,0.0001,0.1,10,5,0.5,True,42
weight_decay,0.0001,52,52,3,0.6907651167024266,0.6966782013575236,0.001,64,2,0.3,False,32,75,0.0001,0.1,10,5,0.5,True,42
weight_decay,0.0001,52,52,4,0.6906872387185241,0.6966532548268636,0.001,64,2,0.3,False,32,75,0.0001,0.1,10,5,0.5,True,42
weight_decay,0.0001,52,52,5,0.689492332664403,0.6963818550109864,0.001,64,2,0.3,False,32,75,0.0001,0.1,10,5,0.5,True,42
weight_decay,0.0001,52,52,6,0.688599862835624,0.6966502229372661,0.001,64,2,0.3,False,32,75,0.0001,0.1,10,5,0.5,True,42
weight_decay,0.0001,52,52,7,0.6863415200601924,0.6965678135553995,0.001,64,2,0.3,False,32,75,0.0001,0.1,10,5,0.5,True,42
weight_decay,0.0001,52,52,8,0.6831181035800413,0.6979852517445883,0.001,64,2,0.3,False,32,75,0.0001,0.1,10,5,0.5,True,42
weight_decay,0.0001,52,52,9,0.679667051542889,0.7014866511027018,0.001,64,2,0.3,False,32,75,0.0001,0.1,10,5,0.5,True,42
weight_decay,0.0001,52,52,10,0.6771415625557755,0.7023218989372253,0.001,64,2,0.3,False,32,75,0.0001,0.1,10,5,0.5,True,42
weight_decay,0.0001,52,52,11,0.6730884923176332,0.6978020429611206,0.001,64,2,0.3,False,32,75,0.0001,0.1,10,5,0.5,True,42
weight_decay,0.0001,53,53,1,0.6937158888939655,0.6930791735649109,0.001,64,2,0.3,False,32,75,0.0001,0.1,10,5,0.5,True,42
weight_decay,0.0001,53,53,2,0.6925572789076603,0.6930865526199341,0.001,64,2,0.3,False,32,75,0.0001,0.1,10,5,0.5,True,42
weight_decay,0.0001,53,53,3,0.6927911314097318,0.6912966807683308,0.001,64,2,0.3,False,32,75,0.0001,0.1,10,5,0.5,True,42
weight_decay,0.0001,53,53,4,0.6904386525804346,0.6913669029871623,0.001,64,2,0.3,False,32,75,0.0001,0.1,10,5,0.5,True,42
weight_decay,0.0001,53,53,5,0.6900352144783194,0.6905942837397258,0.001,64,2,0.3,False,32,75,0.0001,0.1,10,5,0.5,True,42
weight_decay,0.0001,53,53,6,0.6881428871190909,0.6926034490267435,0.001,64,2,0.3,False,32,75,0.0001,0.1,10,5,0.5,True,42
weight_decay,0.0001,53,53,7,0.6835171824151819,0.6945797284444173,0.001,64,2,0.3,False,32,75,0.0001,0.1,10,5,0.5,True,42
weight_decay,0.0001,53,53,8,0.6792413845206752,0.6984153389930725,0.001,64,2,0.3,False,32,75,0.0001,0.1,10,5,0.5,True,42
weight_decay,0.0001,53,53,9,0.675770894596071,0.7000577092170716,0.001,64,2,0.3,False,32,75,0.0001,0.1,10,5,0.5,True,42
weight_decay,0.0001,53,53,10,0.6721374825997786,0.7053952852884928,0.001,64,2,0.3,False,32,75,0.0001,0.1,10,5,0.5,True,42
weight_decay,0.0001,53,53,11,0.6654071189237364,0.7177690068880717,0.001,64,2,0.3,False,32,75,0.0001,0.1,10,5,0.5,True,42
weight_decay,0.0001,53,53,12,0.6572537544098768,0.7165803988774617,0.001,64,2,0.3,False,32,75,0.0001,0.1,10,5,0.5,True,42
weight_decay,0.0001,53,53,13,0.6504225306438677,0.7202478925387065,0.001,64,2,0.3,False,32,75,0.0001,0.1,10,5,0.5,True,42
weight_decay,0.0001,53,53,14,0.6435851964986685,0.7451012134552002,0.001,64,2,0.3,False,32,75,0.0001,0.1,10,5,0.5,True,42
weight_decay,0.0001,53,53,15,0.6403116723804763,0.7472458163897197,0.001,64,2,0.3,False,32,75,0.0001,0.1,10,5,0.5,True,42
weight_decay,0.0001,54,54,1,0.6933044118411613,0.6944412310918172,0.001,64,2,0.3,False,32,75,0.0001,0.1,10,5,0.5,True,42
weight_decay,0.0001,54,54,2,0.6923308106082858,0.6950639684995016,0.001,64,2,0.3,False,32,75,0.0001,0.1,10,5,0.5,True,42
weight_decay,0.0001,54,54,3,0.6912811150153478,0.6950522383054097,0.001,64,2,0.3,False,32,75,0.0001,0.1,10,5,0.5,True,42
weight_decay,0.0001,54,54,4,0.6871368713451155,0.6967347502708435,0.001,64,2,0.3,False,32,75,0.0001,0.1,10,5,0.5,True,42
weight_decay,0.0001,54,54,5,0.6875737250754328,0.6951404730478923,0.001,64,2,0.3,False,32,75,0.0001,0.1,10,5,0.5,True,42
weight_decay,0.0001,54,54,6,0.6840385672720996,0.6973780830701192,0.001,64,2,0.3,False,32,75,0.0001,0.1,10,5,0.5,True,42
weight_decay,0.0001,54,54,7,0.6822512908415361,0.7012646079063416,0.001,64,2,0.3,False,32,75,0.0001,0.1,10,5,0.5,True,42
weight_decay,0.0001,54,54,8,0.6760961002472675,0.7042436162630717,0.001,64,2,0.3,False,32,75,0.0001,0.1,10,5,0.5,True,42
weight_decay,0.0001,54,54,9,0.671300907478188,0.7248027642567952,0.001,64,2,0.3,False,32,75,0.0001,0.1,10,5,0.5,True,42
weight_decay,0.0001,54,54,10,0.6654528307192253,0.7098714947700501,0.001,64,2,0.3,False,32,75,0.0001,0.1,10,5,0.5,True,42
weight_decay,0.0001,54,54,11,0.6631672039176478,0.7167349457740784,0.001,64,2,0.3,False,32,75,0.0001,0.1,10,5,0.5,True,42
weight_decay,0.0001,55,55,1,0.6941084441813555,0.6922589818636576,0.001,64,2,0.3,False,32,75,0.0001,0.1,10,5,0.5,True,42
weight_decay,0.0001,55,55,2,0.6929504817182367,0.6912553230921428,0.001,64,2,0.3,False,32,75,0.0001,0.1,10,5,0.5,True,42
weight_decay,0.0001,55,55,3,0.6915052316405557,0.690297277768453,0.001,64,2,0.3,False,32,75,0.0001,0.1,10,5,0.5,True,42
weight_decay,0.0001,55,55,4,0.6893815330483697,0.6924697359402975,0.001,64,2,0.3,False,32,75,0.0001,0.1,10,5,0.5,True,42
weight_decay,0.0001,55,55,5,0.6883959729563106,0.6936023434003195,0.001,64,2,0.3,False,32,75,0.0001,0.1,10,5,0.5,True,42
weight_decay,0.0001,55,55,6,0.6857059019984622,0.699962834517161,0.001,64,2,0.3,False,32,75,0.0001,0.1,10,5,0.5,True,42
weight_decay,0.0001,55,55,7,0.6803076601389683,0.7137916604677836,0.001,64,2,0.3,False,32,75,0.0001,0.1,10,5,0.5,True,42
weight_decay,0.0001,55,55,8,0.6786084324121475,0.706607457002004,0.001,64,2,0.3,False,32,75,0.0001,0.1,10,5,0.5,True,42
weight_decay,0.0001,55,55,9,0.6747072298418392,0.7212228258450826,0.001,64,2,0.3,False,32,75,0.0001,0.1,10,5,0.5,True,42
weight_decay,0.0001,55,55,10,0.6629200081030527,0.7329362988471985,0.001,64,2,0.3,False,32,75,0.0001,0.1,10,5,0.5,True,42
weight_decay,0.0001,55,55,11,0.6586201606374799,0.7308768510818482,0.001,64,2,0.3,False,32,75,0.0001,0.1,10,5,0.5,True,42
weight_decay,0.0001,55,55,12,0.655565922910517,0.7271544694900512,0.001,64,2,0.3,False,32,75,0.0001,0.1,10,5,0.5,True,42
weight_decay,0.0001,55,55,13,0.6492674860990408,0.7470870892206828,0.001,64,2,0.3,False,32,75,0.0001,0.1,10,5,0.5,True,42
weight_decay,0.0001,56,56,1,0.693832127885385,0.6933400432268778,0.001,64,2,0.3,False,32,75,0.0001,0.1,10,5,0.5,True,42
weight_decay,0.0001,56,56,2,0.6927222916574189,0.69405597448349,0.001,64,2,0.3,False,32,75,0.0001,0.1,10,5,0.5,True,42
weight_decay,0.0001,56,56,3,0.6920179137677858,0.6941925644874573,0.001,64,2,0.3,False,32,75,0.0001,0.1,10,5,0.5,True,42
weight_decay,0.0001,56,56,4,0.691644907449231,0.6942542870839437,0.001,64,2,0.3,False,32,75,0.0001,0.1,10,5,0.5,True,42
weight_decay,0.0001,56,56,5,0.6907650372295668,0.6949246605237325,0.001,64,2,0.3,False,32,75,0.0001,0.1,10,5,0.5,True,42
weight_decay,0.0001,56,56,6,0.6901785654552055,0.6941357334454854,0.001,64,2,0.3,False,32,75,0.0001,0.1,10,5,0.5,True,42
weight_decay,0.0001,56,56,7,0.6866818047834166,0.6928329467773438,0.001,64,2,0.3,False,32,75,0.0001,0.1,10,5,0.5,True,42
weight_decay,0.0001,56,56,8,0.6864755668423392,0.692643960316976,0.001,64,2,0.3,False,32,75,0.0001,0.1,10,5,0.5,True,42
weight_decay,0.0001,56,56,9,0.6829987475366304,0.6956658482551574,0.001,64,2,0.3,False,32,75,0.0001,0.1,10,5,0.5,True,42
weight_decay,0.0001,56,56,10,0.6786989863171722,0.7011770407358805,0.001,64,2,0.3,False,32,75,0.0001,0.1,10,5,0.5,True,42
weight_decay,0.0001,56,56,11,0.6788039817051454,0.6966601093610127,0.001,64,2,0.3,False,32,75,0.0001,0.1,10,5,0.5,True,42
weight_decay,0.0001,56,56,12,0.6730840847347722,0.7028015613555908,0.001,64,2,0.3,False,32,75,0.0001,0.1,10,5,0.5,True,42
weight_decay,0.0001,56,56,13,0.6689806205756736,0.7092483123143514,0.001,64,2,0.3,False,32,75,0.0001,0.1,10,5,0.5,True,42
weight_decay,0.0001,56,56,14,0.6660849795196996,0.7146409432093302,0.001,64,2,0.3,False,32,75,0.0001,0.1,10,5,0.5,True,42
weight_decay,0.0001,56,56,15,0.6511725634336472,0.7318389614423116,0.001,64,2,0.3,False,32,75,0.0001,0.1,10,5,0.5,True,42
weight_decay,0.0001,56,56,16,0.6436096122770598,0.7272779822349549,0.001,64,2,0.3,False,32,75,0.0001,0.1,10,5,0.5,True,42
weight_decay,0.0001,56,56,17,0.6347510128310232,0.7619072556495666,0.001,64,2,0.3,False,32,75,0.0001,0.1,10,5,0.5,True,42
weight_decay,0.0001,56,56,18,0.6294384716135083,0.744308082262675,0.001,64,2,0.3,False,32,75,0.0001,0.1,10,5,0.5,True,42
weight_decay,0.0001,57,57,1,0.6939464283711982,0.6935318390528361,0.001,64,2,0.3,False,32,75,0.0001,0.1,10,5,0.5,True,42
weight_decay,0.0001,57,57,2,0.6928982432141448,0.695154090722402,0.001,64,2,0.3,False,32,75,0.0001,0.1,10,5,0.5,True,42
weight_decay,0.0001,57,57,3,0.6910429538199396,0.6954424858093262,0.001,64,2,0.3,False,32,75,0.0001,0.1,10,5,0.5,True,42
weight_decay,0.0001,57,57,4,0.6901039684360678,0.6940667271614075,0.001,64,2,0.3,False,32,75,0.0001,0.1,10,5,0.5,True,42
weight_decay,0.0001,57,57,5,0.6881979207197825,0.6948657711346944,0.001,64,2,0.3,False,32,75,0.0001,0.1,10,5,0.5,True,42
weight_decay,0.0001,57,57,6,0.6849069798534567,0.6979235212008158,0.001,64,2,0.3,False,32,75,0.0001,0.1,10,5,0.5,True,42
weight_decay,0.0001,57,57,7,0.6835617283076951,0.6945038954416911,0.001,64,2,0.3,False,32,75,0.0001,0.1,10,5,0.5,True,42
weight_decay,0.0001,57,57,8,0.677619425184799,0.7033308664957683,0.001,64,2,0.3,False,32,75,0.0001,0.1,10,5,0.5,True,42
weight_decay,0.0001,57,57,9,0.6725713154583266,0.7103198250134786,0.001,64,2,0.3,False,32,75,0.0001,0.1,10,5,0.5,True,42
weight_decay,0.0001,57,57,10,0.6656158846436124,0.7112629771232605,0.001,64,2,0.3,False,32,75,0.0001,0.1,10,5,0.5,True,42
weight_decay,0.0001,57,57,11,0.6634009846232154,0.7186023116111755,0.001,64,2,0.3,False,32,75,0.0001,0.1,10,5,0.5,True,42
weight_decay,0.0001,58,58,1,0.6942007713245623,0.6931758443514506,0.001,64,2,0.3,False,32,75,0.0001,0.1,10,5,0.5,True,42
weight_decay,0.0001,58,58,2,0.6921613017717997,0.6925866484642029,0.001,64,2,0.3,False,32,75,0.0001,0.1,10,5,0.5,True,42
weight_decay,0.0001,58,58,3,0.691623177040707,0.6917804718017578,0.001,64,2,0.3,False,32,75,0.0001,0.1,10,5,0.5,True,42
weight_decay,0.0001,58,58,4,0.6903259320692583,0.6914520025253296,0.001,64,2,0.3,False,32,75,0.0001,0.1,10,5,0.5,True,42
weight_decay,0.0001,58,58,5,0.6893286257982254,0.691630240281423,0.001,64,2,0.3,False,32,75,0.0001,0.1,10,5,0.5,True,42
weight_decay,0.0001,58,58,6,0.68832069319306,0.6940908432006836,0.001,64,2,0.3,False,32,75,0.0001,0.1,10,5,0.5,True,42
weight_decay,0.0001,58,58,7,0.6855355596000497,0.6958832224210103,0.001,64,2,0.3,False,32,75,0.0001,0.1,10,5,0.5,True,42
weight_decay,0.0001,58,58,8,0.6817076635180097,0.7007758617401123,0.001,64,2,0.3,False,32,75,0.0001,0.1,10,5,0.5,True,42
weight_decay,0.0001,58,58,9,0.6771395563176184,0.7046851634979248,0.001,64,2,0.3,False,32,75,0.0001,0.1,10,5,0.5,True,42
weight_decay,0.0001,58,58,10,0.6737204257285956,0.7027911822001139,0.001,64,2,0.3,False,32,75,0.0001,0.1,10,5,0.5,True,42
weight_decay,0.0001,58,58,11,0.6650363933859449,0.7095709323883057,0.001,64,2,0.3,False,32,75,0.0001,0.1,10,5,0.5,True,42
weight_decay,0.0001,58,58,12,0.6575895845890045,0.7281073093414306,0.001,64,2,0.3,False,32,75,0.0001,0.1,10,5,0.5,True,42
weight_decay,0.0001,58,58,13,0.6523712250319395,0.7323644518852234,0.001,64,2,0.3,False,32,75,0.0001,0.1,10,5,0.5,True,42
weight_decay,0.0001,58,58,14,0.6457327441735701,0.7308151920636495,0.001,64,2,0.3,False,32,75,0.0001,0.1,10,5,0.5,True,42
weight_decay,0.0001,59,59,1,0.6940890311291723,0.6934822916984558,0.001,64,2,0.3,False,32,75,0.0001,0.1,10,5,0.5,True,42
weight_decay,0.0001,59,59,2,0.6922624765923528,0.6925813476244609,0.001,64,2,0.3,False,32,75,0.0001,0.1,10,5,0.5,True,42
weight_decay,0.0001,59,59,3,0.6910712086793148,0.6934079130490621,0.001,64,2,0.3,False,32,75,0.0001,0.1,10,5,0.5,True,42
weight_decay,0.0001,59,59,4,0.6899398285331149,0.695720624923706,0.001,64,2,0.3,False,32,75,0.0001,0.1,10,5,0.5,True,42
weight_decay,0.0001,59,59,5,0.6886905147270723,0.694801394144694,0.001,64,2,0.3,False,32,75,0.0001,0.1,10,5,0.5,True,42
weight_decay,0.0001,59,59,6,0.6856562066258807,0.6910662015279134,0.001,64,2,0.3,False,32,75,0.0001,0.1,10,5,0.5,True,42
weight_decay,0.0001,59,59,7,0.6825859930479166,0.7047321875890096,0.001,64,2,0.3,False,32,75,0.0001,0.1,10,5,0.5,True,42
weight_decay,0.0001,59,59,8,0.6811689842831005,0.7016323407491049,0.001,64,2,0.3,False,32,75,0.0001,0.1,10,5,0.5,True,42
weight_decay,0.0001,59,59,9,0.6742216140934916,0.7184996445973714,0.001,64,2,0.3,False,32,75,0.0001,0.1,10,5,0.5,True,42
weight_decay,0.0001,59,59,10,0.6683618457931461,0.7352272073427836,0.001,64,2,0.3,False,32,75,0.0001,0.1,10,5,0.5,True,42
weight_decay,0.0001,59,59,11,0.6639306287873875,0.7102451880772909,0.001,64,2,0.3,False,32,75,0.0001,0.1,10,5,0.5,True,42
weight_decay,0.0001,59,59,12,0.6591148534507463,0.7274102369944254,0.001,64,2,0.3,False,32,75,0.0001,0.1,10,5,0.5,True,42
weight_decay,0.0001,59,59,13,0.6400543103615443,0.7603823979695638,0.001,64,2,0.3,False,32,75,0.0001,0.1,10,5,0.5,True,42
weight_decay,0.0001,59,59,14,0.6324921760595206,0.7499387462933859,0.001,64,2,0.3,False,32,75,0.0001,0.1,10,5,0.5,True,42
weight_decay,0.0001,59,59,15,0.6254057003693148,0.7737104058265686,0.001,64,2,0.3,False,32,75,0.0001,0.1,10,5,0.5,True,42
weight_decay,0.0001,59,59,16,0.616178830464681,0.8078372001647949,0.001,64,2,0.3,False,32,75,0.0001,0.1,10,5,0.5,True,42
weight_decay,0.0001,60,60,1,0.6933631784085071,0.6935534636179607,0.001,64,2,0.3,False,32,75,0.0001,0.1,10,5,0.5,True,42
weight_decay,0.0001,60,60,2,0.6925718906250867,0.6939909378687541,0.001,64,2,0.3,False,32,75,0.0001,0.1,10,5,0.5,True,42
weight_decay,0.0001,60,60,3,0.6921217215783668,0.6913832108179728,0.001,64,2,0.3,False,32,75,0.0001,0.1,10,5,0.5,True,42
weight_decay,0.0001,60,60,4,0.6903692014289625,0.6911259134610493,0.001,64,2,0.3,False,32,75,0.0001,0.1,10,5,0.5,True,42
weight_decay,0.0001,60,60,5,0.6887567937374115,0.6901263475418091,0.001,64,2,0.3,False,32,75,0.0001,0.1,10,5,0.5,True,42
weight_decay,0.0001,60,60,6,0.6858322272698084,0.6920864224433899,0.001,64,2,0.3,False,32,75,0.0001,0.1,10,5,0.5,True,42
weight_decay,0.0001,60,60,7,0.6827170848846436,0.6942617058753967,0.001,64,2,0.3,False,32,75,0.0001,0.1,10,5,0.5,True,42
weight_decay,0.0001,60,60,8,0.6830490150234916,0.6946886499722799,0.001,64,2,0.3,False,32,75,0.0001,0.1,10,5,0.5,True,42
weight_decay,0.0001,60,60,9,0.6790653683922507,0.7011921485265096,0.001,64,2,0.3,False,32,75,0.0001,0.1,10,5,0.5,True,42
weight_decay,0.0001,60,60,10,0.6748019194964207,0.7074518163998922,0.001,64,2,0.3,False,32,75,0.0001,0.1,10,5,0.5,True,42
weight_decay,0.0001,60,60,11,0.671376597700697,0.6904738346735636,0.001,64,2,0.3,False,32,75,0.0001,0.1,10,5,0.5,True,42
weight_decay,0.0001,60,60,12,0.6557234390215441,0.7165400902430217,0.001,64,2,0.3,False,32,75,0.0001,0.1,10,5,0.5,True,42
weight_decay,0.0001,60,60,13,0.6514324645201365,0.7192099889119467,0.001,64,2,0.3,False,32,75,0.0001,0.1,10,5,0.5,True,42
weight_decay,0.0001,60,60,14,0.64625099030408,0.7128733317057292,0.001,64,2,0.3,False,32,75,0.0001,0.1,10,5,0.5,True,42
weight_decay,0.0001,60,60,15,0.6415211463516409,0.7402093688646952,0.001,64,2,0.3,False,32,75,0.0001,0.1,10,5,0.5,True,42
weight_decay,0.0001,61,61,1,0.6941870554830089,0.6928277333577474,0.001,64,2,0.3,False,32,75,0.0001,0.1,10,5,0.5,True,42
weight_decay,0.0001,61,61,2,0.6927424994381991,0.6928946415583292,0.001,64,2,0.3,False,32,75,0.0001,0.1,10,5,0.5,True,42
weight_decay,0.0001,61,61,3,0.6914527434291262,0.6939503192901612,0.001,64,2,0.3,False,32,75,0.0001,0.1,10,5,0.5,True,42
weight_decay,0.0001,61,61,4,0.6901574974710291,0.692763606707255,0.001,64,2,0.3,False,32,75,0.0001,0.1,10,5,0.5,True,42
weight_decay,0.0001,61,61,5,0.6889506099802075,0.6945900201797486,0.001,64,2,0.3,False,32,75,0.0001,0.1,10,5,0.5,True,42
weight_decay,0.0001,61,61,6,0.6872014818769513,0.6953569293022156,0.001,64,2,0.3,False,32,75,0.0001,0.1,10,5,0.5,True,42
weight_decay,0.0001,61,61,7,0.6830807097933509,0.6969122330347697,0.001,64,2,0.3,False,32,75,0.0001,0.1,10,5,0.5,True,42
weight_decay,0.0001,61,61,8,0.6786658998691675,0.7046107490857442,0.001,64,2,0.3,False,32,75,0.0001,0.1,10,5,0.5,True,42
weight_decay,0.0001,61,61,9,0.674290702198491,0.7057461659113566,0.001,64,2,0.3,False,32,75,0.0001,0.1,10,5,0.5,True,42
weight_decay,0.0001,61,61,10,0.671539722066937,0.7032145539919535,0.001,64,2,0.3,False,32,75,0.0001,0.1,10,5,0.5,True,42
weight_decay,0.0001,61,61,11,0.6691668399355628,0.7054223378499349,0.001,64,2,0.3,False,32,75,0.0001,0.1,10,5,0.5,True,42
weight_decay,0.0001,61,61,12,0.6655414248957778,0.7111443996429443,0.001,64,2,0.3,False,32,75,0.0001,0.1,10,5,0.5,True,42
weight_decay,0.0001,61,61,13,0.6624968896309534,0.7142871340115865,0.001,64,2,0.3,False,32,75,0.0001,0.1,10,5,0.5,True,42
weight_decay,0.0001,61,61,14,0.6544199892968843,0.7285524487495423,0.001,64,2,0.3,False,32,75,0.0001,0.1,10,5,0.5,True,42
weight_decay,0.0001,62,62,1,0.6941022597479097,0.6927697698275248,0.001,64,2,0.3,False,32,75,0.0001,0.1,10,5,0.5,True,42
weight_decay,0.0001,62,62,2,0.6927154655709411,0.6929963072141011,0.001,64,2,0.3,False,32,75,0.0001,0.1,10,5,0.5,True,42
weight_decay,0.0001,62,62,3,0.6922233154376348,0.6923533757527669,0.001,64,2,0.3,False,32,75,0.0001,0.1,10,5,0.5,True,42
weight_decay,0.0001,62,62,4,0.689853282588901,0.6929796417554219,0.001,64,2,0.3,False,32,75,0.0001,0.1,10,5,0.5,True,42
weight_decay,0.0001,62,62,5,0.6874711906368082,0.6944371660550436,0.001,64,2,0.3,False,32,75,0.0001,0.1,10,5,0.5,True,42
weight_decay,0.0001,62,62,6,0.6858431141484868,0.6985150178273519,0.001,64,2,0.3,False,32,75,0.0001,0.1,10,5,0.5,True,42
weight_decay,0.0001,62,62,7,0.680576613906658,0.7059949159622192,0.001,64,2,0.3,False,32,75,0.0001,0.1,10,5,0.5,True,42
weight_decay,0.0001,62,62,8,0.6809227484645266,0.7112803856531779,0.001,64,2,0.3,False,32,75,0.0001,0.1,10,5,0.5,True,42
weight_decay,0.0001,62,62,9,0.6747129401474288,0.7103736201922098,0.001,64,2,0.3,False,32,75,0.0001,0.1,10,5,0.5,True,42
weight_decay,0.0001,62,62,10,0.6670492526256677,0.73364630540212,0.001,64,2,0.3,False,32,75,0.0001,0.1,10,5,0.5,True,42
weight_decay,0.0001,62,62,11,0.6642253556937883,0.7260933121045431,0.001,64,2,0.3,False,32,75,0.0001,0.1,10,5,0.5,True,42
weight_decay,0.0001,62,62,12,0.6580825118404446,0.7309372305870057,0.001,64,2,0.3,False,32,75,0.0001,0.1,10,5,0.5,True,42
weight_decay,0.0001,62,62,13,0.6561897916324211,0.7349517424901326,0.001,64,2,0.3,False,32,75,0.0001,0.1,10,5,0.5,True,42
weight_decay,0.0001,63,63,1,0.6939142946944092,0.6924116611480713,0.001,64,2,0.3,False,32,75,0.0001,0.1,10,5,0.5,True,42
weight_decay,0.0001,63,63,2,0.6930568448521874,0.6924097299575805,0.001,64,2,0.3,False,32,75,0.0001,0.1,10,5,0.5,True,42
weight_decay,0.0001,63,63,3,0.6915950897065076,0.6928682009379069,0.001,64,2,0.3,False,32,75,0.0001,0.1,10,5,0.5,True,42
weight_decay,0.0001,63,63,4,0.6898920364452131,0.6947685639063518,0.001,64,2,0.3,False,32,75,0.0001,0.1,10,5,0.5,True,42
weight_decay,0.0001,63,63,5,0.6884309640436461,0.6942833582560222,0.001,64,2,0.3,False,32,75,0.0001,0.1,10,5,0.5,True,42
weight_decay,0.0001,63,63,6,0.6878297608910184,0.6970153411229452,0.001,64,2,0.3,False,32,75,0.0001,0.1,10,5,0.5,True,42
weight_decay,0.0001,63,63,7,0.6846422250523712,0.6975455204645793,0.001,64,2,0.3,False,32,75,0.0001,0.1,10,5,0.5,True,42
weight_decay,0.0001,63,63,8,0.6814802392865672,0.70323779185613,0.001,64,2,0.3,False,32,75,0.0001,0.1,10,5,0.5,True,42
weight_decay,0.0001,63,63,9,0.677083846746069,0.7055411656697591,0.001,64,2,0.3,False,32,75,0.0001,0.1,10,5,0.5,True,42
weight_decay,0.0001,63,63,10,0.6714714693300652,0.7118864258130392,0.001,64,2,0.3,False,32,75,0.0001,0.1,10,5,0.5,True,42
weight_decay,0.0001,63,63,11,0.6669185983412194,0.7180382212003072,0.001,64,2,0.3,False,32,75,0.0001,0.1,10,5,0.5,True,42
weight_decay,0.0001,63,63,12,0.6623207384889777,0.7235541701316833,0.001,64,2,0.3,False,32,75,0.0001,0.1,10,5,0.5,True,42
weight_decay,0.0001,64,64,1,0.6943647852449706,0.6934374928474426,0.001,64,2,0.3,False,32,75,0.0001,0.1,10,5,0.5,True,42
weight_decay,0.0001,64,64,2,0.6922763572497801,0.6919029792149861,0.001,64,2,0.3,False,32,75,0.0001,0.1,10,5,0.5,True,42
weight_decay,0.0001,64,64,3,0.6909349298838413,0.6926435629526774,0.001,64,2,0.3,False,32,75,0.0001,0.1,10,5,0.5,True,42
weight_decay,0.0001,64,64,4,0.6900888234376907,0.6934193253517151,0.001,64,2,0.3,False,32,75,0.0001,0.1,10,5,0.5,True,42
weight_decay,0.0001,64,64,5,0.6880765652114694,0.6950054208437602,0.001,64,2,0.3,False,32,75,0.0001,0.1,10,5,0.5,True,42
weight_decay,0.0001,64,64,6,0.6854990210497018,0.6966660658518473,0.001,64,2,0.3,False,32,75,0.0001,0.1,10,5,0.5,True,42
weight_decay,0.0001,64,64,7,0.6835423843427137,0.7008083740870158,0.001,64,2,0.3,False,32,75,0.0001,0.1,10,5,0.5,True,42
weight_decay,0.0001,64,64,8,0.6791515214876696,0.7040881911913554,0.001,64,2,0.3,False,32,75,0.0001,0.1,10,5,0.5,True,42
weight_decay,0.0001,64,64,9,0.6689594144170935,0.713136104742686,0.001,64,2,0.3,False,32,75,0.0001,0.1,10,5,0.5,True,42
weight_decay,0.0001,64,64,10,0.6627334004098718,0.7238638043403626,0.001,64,2,0.3,False,32,75,0.0001,0.1,10,5,0.5,True,42
weight_decay,0.0001,64,64,11,0.6573417823423039,0.7327837745348612,0.001,64,2,0.3,False,32,75,0.0001,0.1,10,5,0.5,True,42
weight_decay,0.0001,64,64,12,0.651212134144523,0.7349130551020304,0.001,64,2,0.3,False,32,75,0.0001,0.1,10,5,0.5,True,42
weight_decay,0.0001,65,65,1,0.6940061549345652,0.6927949984868368,0.001,64,2,0.3,False,32,75,0.0001,0.1,10,5,0.5,True,42
weight_decay,0.0001,65,65,2,0.6930405231136264,0.6920354167620341,0.001,64,2,0.3,False,32,75,0.0001,0.1,10,5,0.5,True,42
weight_decay,0.0001,65,65,3,0.6923439782677274,0.6917910615603129,0.001,64,2,0.3,False,32,75,0.0001,0.1,10,5,0.5,True,42
weight_decay,0.0001,65,65,4,0.6912493705749512,0.6916228175163269,0.001,64,2,0.3,False,32,75,0.0001,0.1,10,5,0.5,True,42
weight_decay,0.0001,65,65,5,0.6911247187491619,0.6919147213300069,0.001,64,2,0.3,False,32,75,0.0001,0.1,10,5,0.5,True,42
weight_decay,0.0001,65,65,6,0.6880776213877129,0.6913261612256368,0.001,64,2,0.3,False,32,75,0.0001,0.1,10,5,0.5,True,42
weight_decay,0.0001,65,65,7,0.6865781676588636,0.6940765142440796,0.001,64,2,0.3,False,32,75,0.0001,0.1,10,5,0.5,True,42
weight_decay,0.0001,65,65,8,0.6850709441033277,0.6991204977035522,0.001,64,2,0.3,False,32,75,0.0001,0.1,10,5,0.5,True,42
weight_decay,0.0001,65,65,9,0.6798916436506041,0.6975773294766744,0.001,64,2,0.3,False,32,75,0.0001,0.1,10,5,0.5,True,42
weight_decay,0.0001,65,65,10,0.6757293379668033,0.7185652375221252,0.001,64,2,0.3,False,32,75,0.0001,0.1,10,5,0.5,True,42
weight_decay,0.0001,65,65,11,0.6694495763742563,0.7139884233474731,0.001,64,2,0.3,False,32,75,0.0001,0.1,10,5,0.5,True,42
weight_decay,0.0001,65,65,12,0.6619333304239042,0.712553075949351,0.001,64,2,0.3,False,32,75,0.0001,0.1,10,5,0.5,True,42
weight_decay,0.0001,65,65,13,0.6499522490934893,0.7364222685496012,0.001,64,2,0.3,False,32,75,0.0001,0.1,10,5,0.5,True,42
weight_decay,0.0001,65,65,14,0.6420554566112432,0.7416717092196147,0.001,64,2,0.3,False,32,75,0.0001,0.1,10,5,0.5,True,42
weight_decay,0.0001,65,65,15,0.6353495075847163,0.7497727553049723,0.001,64,2,0.3,False,32,75,0.0001,0.1,10,5,0.5,True,42
weight_decay,0.0001,65,65,16,0.6257202753966505,0.7597246964772543,0.001,64,2,0.3,False,32,75,0.0001,0.1,10,5,0.5,True,42
weight_decay,0.0001,66,66,1,0.6944697083848895,0.6946250398953756,0.001,64,2,0.3,False,32,75,0.0001,0.1,10,5,0.5,True,42
weight_decay,0.0001,66,66,2,0.692639433073275,0.695782744884491,0.001,64,2,0.3,False,32,75,0.0001,0.1,10,5,0.5,True,42
weight_decay,0.0001,66,66,3,0.6919770064679059,0.695183805624644,0.001,64,2,0.3,False,32,75,0.0001,0.1,10,5,0.5,True,42
weight_decay,0.0001,66,66,4,0.6917812914559336,0.6954838077227274,0.001,64,2,0.3,False,32,75,0.0001,0.1,10,5,0.5,True,42
weight_decay,0.0001,66,66,5,0.6900778503128977,0.6934142867724101,0.001,64,2,0.3,False,32,75,0.0001,0.1,10,5,0.5,True,42
weight_decay,0.0001,66,66,6,0.6890079961581663,0.6934538165728251,0.001,64,2,0.3,False,32,75,0.0001,0.1,10,5,0.5,True,42
weight_decay,0.0001,66,66,7,0.6869324499910529,0.6946608702341716,0.001,64,2,0.3,False,32,75,0.0001,0.1,10,5,0.5,True,42
weight_decay,0.0001,66,66,8,0.6853097898490501,0.6922992746035258,0.001,64,2,0.3,False,32,75,0.0001,0.1,10,5,0.5,True,42
weight_decay,0.0001,66,66,9,0.6815858862616799,0.6952185710271199,0.001,64,2,0.3,False,32,75,0.0001,0.1,10,5,0.5,True,42
weight_decay,0.0001,66,66,10,0.6762146218256517,0.6999173959096273,0.001,64,2,0.3,False,32,75,0.0001,0.1,10,5,0.5,True,42
weight_decay,0.0001,66,66,11,0.6750498364369074,0.7115716020266215,0.001,64,2,0.3,False,32,75,0.0001,0.1,10,5,0.5,True,42
weight_decay,0.0001,66,66,12,0.6672740348360755,0.7112155596415202,0.001,64,2,0.3,False,32,75,0.0001,0.1,10,5,0.5,True,42
weight_decay,0.0001,66,66,13,0.6587336605245416,0.7196521480878194,0.001,64,2,0.3,False,32,75,0.0001,0.1,10,5,0.5,True,42
weight_decay,0.0001,66,66,14,0.6505676882736611,0.7239458163579305,0.001,64,2,0.3,False,32,75,0.0001,0.1,10,5,0.5,True,42
weight_decay,0.0001,66,66,15,0.6382853217197187,0.7416630585988363,0.001,64,2,0.3,False,32,75,0.0001,0.1,10,5,0.5,True,42
weight_decay,0.0001,66,66,16,0.6294368225516696,0.7919217626253764,0.001,64,2,0.3,False,32,75,0.0001,0.1,10,5,0.5,True,42
weight_decay,0.0001,66,66,17,0.6173493789904045,0.7959696809450786,0.001,64,2,0.3,False,32,75,0.0001,0.1,10,5,0.5,True,42
weight_decay,0.0001,66,66,18,0.6098400322776852,0.8287427385648092,0.001,64,2,0.3,False,32,75,0.0001,0.1,10,5,0.5,True,42
weight_decay,0.0001,67,67,1,0.6936294323567188,0.6950114329655965,0.001,64,2,0.3,False,32,75,0.0001,0.1,10,5,0.5,True,42
weight_decay,0.0001,67,67,2,0.6919020080205166,0.6946467479070028,0.001,64,2,0.3,False,32,75,0.0001,0.1,10,5,0.5,True,42
weight_decay,0.0001,67,67,3,0.6914604924844973,0.6950019240379334,0.001,64,2,0.3,False,32,75,0.0001,0.1,10,5,0.5,True,42
weight_decay,0.0001,67,67,4,0.6900486706784277,0.6933396895726521,0.001,64,2,0.3,False,32,75,0.0001,0.1,10,5,0.5,True,42
weight_decay,0.0001,67,67,5,0.688999538620313,0.6919772982597351,0.001,64,2,0.3,False,32,75,0.0001,0.1,10,5,0.5,True,42
weight_decay,0.0001,67,67,6,0.6870375478809531,0.6916139761606852,0.001,64,2,0.3,False,32,75,0.0001,0.1,10,5,0.5,True,42
weight_decay,0.0001,67,67,7,0.6842950307058565,0.6975047667821248,0.001,64,2,0.3,False,32,75,0.0001,0.1,10,5,0.5,True,42
weight_decay,0.0001,67,67,8,0.6806533607569608,0.6954620997111003,0.001,64,2,0.3,False,32,75,0.0001,0.1,10,5,0.5,True,42
weight_decay,0.0001,67,67,9,0.6754134080626748,0.7096550305684407,0.001,64,2,0.3,False,32,75,0.0001,0.1,10,5,0.5,True,42
weight_decay,0.0001,67,67,10,0.6704719947143034,0.7110144297281901,0.001,64,2,0.3,False,32,75,0.0001,0.1,10,5,0.5,True,42
weight_decay,0.0001,67,67,11,0.6659460727012518,0.7040374795595805,0.001,64,2,0.3,False,32,75,0.0001,0.1,10,5,0.5,True,42
weight_decay,0.0001,67,67,12,0.6584357429634441,0.7381736278533936,0.001,64,2,0.3,False,32,75,0.0001,0.1,10,5,0.5,True,42
weight_decay,0.0001,67,67,13,0.6476997516371987,0.7408551891644796,0.001,64,2,0.3,False,32,75,0.0001,0.1,10,5,0.5,True,42
weight_decay,0.0001,67,67,14,0.6394457379073808,0.7429096659024557,0.001,64,2,0.3,False,32,75,0.0001,0.1,10,5,0.5,True,42
weight_decay,0.0001,67,67,15,0.6343921197183204,0.7425639828046163,0.001,64,2,0.3,False,32,75,0.0001,0.1,10,5,0.5,True,42
weight_decay,0.0001,67,67,16,0.628566507137183,0.764798088868459,0.001,64,2,0.3,False,32,75,0.0001,0.1,10,5,0.5,True,42
weight_decay,0.0001,68,68,1,0.6940878837397604,0.695839254061381,0.001,64,2,0.3,False,32,75,0.0001,0.1,10,5,0.5,True,42
weight_decay,0.0001,68,68,2,0.6934555927009294,0.6946620980898539,0.001,64,2,0.3,False,32,75,0.0001,0.1,10,5,0.5,True,42
weight_decay,0.0001,68,68,3,0.6912939354325786,0.6936885476112366,0.001,64,2,0.3,False,32,75,0.0001,0.1,10,5,0.5,True,42
weight_decay,0.0001,68,68,4,0.6910066229827476,0.6954785704612731,0.001,64,2,0.3,False,32,75,0.0001,0.1,10,5,0.5,True,42
weight_decay,0.0001,68,68,5,0.6902954483574087,0.6918450951576233,0.001,64,2,0.3,False,32,75,0.0001,0.1,10,5,0.5,True,42
weight_decay,0.0001,68,68,6,0.6875048510052941,0.6923811793327331,0.001,64,2,0.3,False,32,75,0.0001,0.1,10,5,0.5,True,42
weight_decay,0.0001,68,68,7,0.686933796062614,0.6920653303464254,0.001,64,2,0.3,False,32,75,0.0001,0.1,10,5,0.5,True,42
weight_decay,0.0001,68,68,8,0.6837757320115061,0.6974596341451009,0.001,64,2,0.3,False,32,75,0.0001,0.1,10,5,0.5,True,42
weight_decay,0.0001,68,68,9,0.6803553610137014,0.6875251491864522,0.001,64,2,0.3,False,32,75,0.0001,0.1,10,5,0.5,True,42
weight_decay,0.0001,68,68,10,0.6782846857200969,0.6997210383415222,0.001,64,2,0.3,False,32,75,0.0001,0.1,10,5,0.5,True,42
weight_decay,0.0001,68,68,11,0.6744453563834681,0.6982261021931966,0.001,64,2,0.3,False,32,75,0.0001,0.1,10,5,0.5,True,42
weight_decay,0.0001,68,68,12,0.6685291483546748,0.6931078751881917,0.001,64,2,0.3,False,32,75,0.0001,0.1,10,5,0.5,True,42
weight_decay,0.0001,68,68,13,0.6622380614280701,0.7157044092814128,0.001,64,2,0.3,False,32,75,0.0001,0.1,10,5,0.5,True,42
weight_decay,0.0001,68,68,14,0.6539750162399176,0.7274622281392416,0.001,64,2,0.3,False,32,75,0.0001,0.1,10,5,0.5,True,42
weight_decay,0.0001,68,68,15,0.6510943065990101,0.7199250777562459,0.001,64,2,0.3,False,32,75,0.0001,0.1,10,5,0.5,True,42
weight_decay,0.0001,68,68,16,0.6339643836924524,0.7335870583852132,0.001,64,2,0.3,False,32,75,0.0001,0.1,10,5,0.5,True,42
weight_decay,0.0001,68,68,17,0.6237415368809844,0.7469303369522095,0.001,64,2,0.3,False,32,75,0.0001,0.1,10,5,0.5,True,42
weight_decay,0.0001,68,68,18,0.6146784815372843,0.7544811844825745,0.001,64,2,0.3,False,32,75,0.0001,0.1,10,5,0.5,True,42
weight_decay,0.0001,68,68,19,0.6076499194358335,0.7813071529070537,0.001,64,2,0.3,False,32,75,0.0001,0.1,10,5,0.5,True,42
weight_decay,0.0001,69,69,1,0.693797888177814,0.6919609944025675,0.001,64,2,0.3,False,32,75,0.0001,0.1,10,5,0.5,True,42
weight_decay,0.0001,69,69,2,0.6921850497072394,0.6913988590240479,0.001,64,2,0.3,False,32,75,0.0001,0.1,10,5,0.5,True,42
weight_decay,0.0001,69,69,3,0.6914516714486209,0.6899250507354736,0.001,64,2,0.3,False,32,75,0.0001,0.1,10,5,0.5,True,42
weight_decay,0.0001,69,69,4,0.6897809365482042,0.6899456858634949,0.001,64,2,0.3,False,32,75,0.0001,0.1,10,5,0.5,True,42
weight_decay,0.0001,69,69,5,0.6863066323778846,0.6938571015993754,0.001,64,2,0.3,False,32,75,0.0001,0.1,10,5,0.5,True,42
weight_decay,0.0001,69,69,6,0.6831219738179987,0.6908198634783427,0.001,64,2,0.3,False,32,75,0.0001,0.1,10,5,0.5,True,42
weight_decay,0.0001,69,69,7,0.6811039949005301,0.6914167960484823,0.001,64,2,0.3,False,32,75,0.0001,0.1,10,5,0.5,True,42
weight_decay,0.0001,69,69,8,0.67835774566188,0.6958085298538208,0.001,64,2,0.3,False,32,75,0.0001,0.1,10,5,0.5,True,42
weight_decay,0.0001,69,69,9,0.6710579146941503,0.6966425140698751,0.001,64,2,0.3,False,32,75,0.0001,0.1,10,5,0.5,True,42
weight_decay,0.0001,69,69,10,0.6630434606111411,0.703950806458791,0.001,64,2,0.3,False,32,75,0.0001,0.1,10,5,0.5,True,42
weight_decay,0.0001,69,69,11,0.6561549594908049,0.7065266211827596,0.001,64,2,0.3,False,32,75,0.0001,0.1,10,5,0.5,True,42
weight_decay,0.0001,69,69,12,0.6621681862708294,0.7024784525235493,0.001,64,2,0.3,False,32,75,0.0001,0.1,10,5,0.5,True,42
weight_decay,0.0001,69,69,13,0.650808291904854,0.7082037011782328,0.001,64,2,0.3,False,32,75,0.0001,0.1,10,5,0.5,True,42
weight_decay,0.0001,70,70,1,0.6937937524282571,0.6938827037811279,0.001,64,2,0.3,False,32,75,0.0001,0.1,10,5,0.5,True,42
weight_decay,0.0001,70,70,2,0.6922544033238383,0.6943323651949564,0.001,64,2,0.3,False,32,75,0.0001,0.1,10,5,0.5,True,42
weight_decay,0.0001,70,70,3,0.6914180061130812,0.6956691940625509,0.001,64,2,0.3,False,32,75,0.0001,0.1,10,5,0.5,True,42
weight_decay,0.0001,70,70,4,0.690702374234344,0.6932246804237365,0.001,64,2,0.3,False,32,75,0.0001,0.1,10,5,0.5,True,42
weight_decay,0.0001,70,70,5,0.6887057780316381,0.691963775952657,0.001,64,2,0.3,False,32,75,0.0001,0.1,10,5,0.5,True,42
weight_decay,0.0001,70,70,6,0.6867150018612543,0.6928756912549336,0.001,64,2,0.3,False,32,75,0.0001,0.1,10,5,0.5,True,42
weight_decay,0.0001,70,70,7,0.6871155522989504,0.6932875156402588,0.001,64,2,0.3,False,32,75,0.0001,0.1,10,5,0.5,True,42
weight_decay,0.0001,70,70,8,0.6817432375568332,0.6934540232022604,0.001,64,2,0.3,False,32,75,0.0001,0.1,10,5,0.5,True,42
weight_decay,0.0001,70,70,9,0.6814730795043887,0.6946318070093791,0.001,64,2,0.3,False,32,75,0.0001,0.1,10,5,0.5,True,42
weight_decay,0.0001,70,70,10,0.6755906357006594,0.6986445824305216,0.001,64,2,0.3,False,32,75,0.0001,0.1,10,5,0.5,True,42
weight_decay,0.0001,70,70,11,0.6700904735110023,0.7026633977890014,0.001,64,2,0.3,False,32,75,0.0001,0.1,10,5,0.5,True,42
weight_decay,0.0001,70,70,12,0.6602167920632795,0.7150706966718038,0.001,64,2,0.3,False,32,75,0.0001,0.1,10,5,0.5,True,42
weight_decay,0.0001,70,70,13,0.6528676549593607,0.7227343877156576,0.001,64,2,0.3,False,32,75,0.0001,0.1,10,5,0.5,True,42
weight_decay,0.0001,70,70,14,0.6447568054903637,0.7283995429674784,0.001,64,2,0.3,False,32,75,0.0001,0.1,10,5,0.5,True,42
weight_decay,0.0001,70,70,15,0.639046046544205,0.7285667737325032,0.001,64,2,0.3,False,32,75,0.0001,0.1,10,5,0.5,True,42
weight_decay,0.0001,71,71,1,0.6933583883625088,0.6944100499153137,0.001,64,2,0.3,False,32,75,0.0001,0.1,10,5,0.5,True,42
weight_decay,0.0001,71,71,2,0.6928150044246153,0.6933125217755636,0.001,64,2,0.3,False,32,75,0.0001,0.1,10,5,0.5,True,42
weight_decay,0.0001,71,71,3,0.6921829996686993,0.6939580798149109,0.001,64,2,0.3,False,32,75,0.0001,0.1,10,5,0.5,True,42
weight_decay,0.0001,71,71,4,0.6914614402886593,0.6909230470657348,0.001,64,2,0.3,False,32,75,0.0001,0.1,10,5,0.5,True,42
weight_decay,0.0001,71,71,5,0.6902015710418875,0.6920249342918396,0.001,64,2,0.3,False,32,75,0.0001,0.1,10,5,0.5,True,42
weight_decay,0.0001,71,71,6,0.6869947783874742,0.691254997253418,0.001,64,2,0.3,False,32,75,0.0001,0.1,10,5,0.5,True,42
weight_decay,0.0001,71,71,7,0.6870456184401657,0.6893206715583802,0.001,64,2,0.3,False,32,75,0.0001,0.1,10,5,0.5,True,42
weight_decay,0.0001,71,71,8,0.6846150986172936,0.6909216165542602,0.001,64,2,0.3,False,32,75,0.0001,0.1,10,5,0.5,True,42
weight_decay,0.0001,71,71,9,0.6798642923434576,0.6899547378222147,0.001,64,2,0.3,False,32,75,0.0001,0.1,10,5,0.5,True,42
weight_decay,0.0001,71,71,10,0.6762762458035441,0.6933529416720072,0.001,64,2,0.3,False,32,75,0.0001,0.1,10,5,0.5,True,42
weight_decay,0.0001,71,71,11,0.6731122158693544,0.6960417111714681,0.001,64,2,0.3,False,32,75,0.0001,0.1,10,5,0.5,True,42
weight_decay,0.0001,71,71,12,0.6699860263051409,0.7034938772519429,0.001,64,2,0.3,False,32,75,0.0001,0.1,10,5,0.5,True,42
weight_decay,0.0001,71,71,13,0.6632759954893228,0.7023037234942119,0.001,64,2,0.3,False,32,75,0.0001,0.1,10,5,0.5,True,42
weight_decay,0.0001,71,71,14,0.6480866065531066,0.7307540496190389,0.001,64,2,0.3,False,32,75,0.0001,0.1,10,5,0.5,True,42
weight_decay,0.0001,71,71,15,0.6414813719915621,0.7478970289230347,0.001,64,2,0.3,False,32,75,0.0001,0.1,10,5,0.5,True,42
weight_decay,0.0001,71,71,16,0.6361076705383532,0.7414825558662415,0.001,64,2,0.3,False,32,75,0.0001,0.1,10,5,0.5,True,42
weight_decay,0.0001,71,71,17,0.6298636170950803,0.7623871644337972,0.001,64,2,0.3,False,32,75,0.0001,0.1,10,5,0.5,True,42
weight_decay,0.0001,72,72,1,0.6935468943733157,0.6940916538238525,0.001,64,2,0.3,False,32,75,0.0001,0.1,10,5,0.5,True,42
weight_decay,0.0001,72,72,2,0.6929842120770252,0.6939571897188822,0.001,64,2,0.3,False,32,75,0.0001,0.1,10,5,0.5,True,42
weight_decay,0.0001,72,72,3,0.6920409229668704,0.6933060050010681,0.001,64,2,0.3,False,32,75,0.0001,0.1,10,5,0.5,True,42
weight_decay,0.0001,72,72,4,0.6907511475411329,0.6940036336580913,0.001,64,2,0.3,False,32,75,0.0001,0.1,10,5,0.5,True,42
weight_decay,0.0001,72,72,5,0.6911766890323523,0.6928279439608256,0.001,64,2,0.3,False,32,75,0.0001,0.1,10,5,0.5,True,42
weight_decay,0.0001,72,72,6,0.688909520705541,0.690329388777415,0.001,64,2,0.3,False,32,75,0.0001,0.1,10,5,0.5,True,42
weight_decay,0.0001,72,72,7,0.6870993872483572,0.6926129817962646,0.001,64,2,0.3,False,32,75,0.0001,0.1,10,5,0.5,True,42
weight_decay,0.0001,72,72,8,0.6857174350456758,0.6917147874832154,0.001,64,2,0.3,False,32,75,0.0001,0.1,10,5,0.5,True,42
weight_decay,0.0001,72,72,9,0.6818744707288165,0.7032245635986328,0.001,64,2,0.3,False,32,75,0.0001,0.1,10,5,0.5,True,42
weight_decay,0.0001,72,72,10,0.6797749215003216,0.7059276898701986,0.001,64,2,0.3,False,32,75,0.0001,0.1,10,5,0.5,True,42
weight_decay,0.0001,72,72,11,0.6729682972936919,0.6966209292411805,0.001,64,2,0.3,False,32,75,0.0001,0.1,10,5,0.5,True,42
weight_decay,0.0001,72,72,12,0.6694822492021503,0.7082764665285747,0.001,64,2,0.3,False,32,75,0.0001,0.1,10,5,0.5,True,42
weight_decay,0.0001,72,72,13,0.6569913666356694,0.7157172799110413,0.001,64,2,0.3,False,32,75,0.0001,0.1,10,5,0.5,True,42
weight_decay,0.0001,72,72,14,0.649242362741268,0.7310301979382833,0.001,64,2,0.3,False,32,75,0.0001,0.1,10,5,0.5,True,42
weight_decay,0.0001,72,72,15,0.6401375279282079,0.732817530632019,0.001,64,2,0.3,False,32,75,0.0001,0.1,10,5,0.5,True,42
weight_decay,0.0001,72,72,16,0.6339803712837624,0.7283691724141439,0.001,64,2,0.3,False,32,75,0.0001,0.1,10,5,0.5,True,42
weight_decay,0.0001,73,73,1,0.6940140841585217,0.6922770818074544,0.001,64,2,0.3,False,32,75,0.0001,0.1,10,5,0.5,True,42
weight_decay,0.0001,73,73,2,0.6933118895147786,0.6915648063023885,0.001,64,2,0.3,False,32,75,0.0001,0.1,10,5,0.5,True,42
weight_decay,0.0001,73,73,3,0.6914758889964132,0.691636331876119,0.001,64,2,0.3,False,32,75,0.0001,0.1,10,5,0.5,True,42
weight_decay,0.0001,73,73,4,0.6905917385310838,0.6952716668446859,0.001,64,2,0.3,False,32,75,0.0001,0.1,10,5,0.5,True,42
weight_decay,0.0001,73,73,5,0.6885819218375466,0.6997479478518168,0.001,64,2,0.3,False,32,75,0.0001,0.1,10,5,0.5,True,42
weight_decay,0.0001,73,73,6,0.6852923514265002,0.6973984917004903,0.001,64,2,0.3,False,32,75,0.0001,0.1,10,5,0.5,True,42
weight_decay,0.0001,73,73,7,0.6815833909945055,0.7025880972544353,0.001,64,2,0.3,False,32,75,0.0001,0.1,10,5,0.5,True,42
weight_decay,0.0001,73,73,8,0.680178985451207,0.7129833658536275,0.001,64,2,0.3,False,32,75,0.0001,0.1,10,5,0.5,True,42
weight_decay,0.0001,73,73,9,0.6684746399070277,0.7146552284558614,0.001,64,2,0.3,False,32,75,0.0001,0.1,10,5,0.5,True,42
weight_decay,0.0001,73,73,10,0.6628856482830915,0.716681710879008,0.001,64,2,0.3,False,32,75,0.0001,0.1,10,5,0.5,True,42
weight_decay,0.0001,73,73,11,0.6573281455220599,0.7199196298917134,0.001,64,2,0.3,False,32,75,0.0001,0.1,10,5,0.5,True,42
weight_decay,0.0001,73,73,12,0.6536341286969908,0.7309904813766479,0.001,64,2,0.3,False,32,75,0.0001,0.1,10,5,0.5,True,42
weight_decay,0.0001,74,74,1,0.6948793665929274,0.6919918100039164,0.001,64,2,0.3,False,32,75,0.0001,0.1,10,5,0.5,True,42
weight_decay,0.0001,74,74,2,0.6930397468985934,0.6908638954162598,0.001,64,2,0.3,False,32,75,0.0001,0.1,10,5,0.5,True,42
weight_decay,0.0001,74,74,3,0.691789324536468,0.6891843795776367,0.001,64,2,0.3,False,32,75,0.0001,0.1,10,5,0.5,True,42
weight_decay,0.0001,74,74,4,0.6910666177670161,0.6890334208806356,0.001,64,2,0.3,False,32,75,0.0001,0.1,10,5,0.5,True,42
weight_decay,0.0001,74,74,5,0.6896514030116977,0.6897142410278321,0.001,64,2,0.3,False,32,75,0.0001,0.1,10,5,0.5,True,42
weight_decay,0.0001,74,74,6,0.6889342322494044,0.6910139759381612,0.001,64,2,0.3,False,32,75,0.0001,0.1,10,5,0.5,True,42
weight_decay,0.0001,74,74,7,0.6864494523315718,0.6891113638877868,0.001,64,2,0.3,False,32,75,0.0001,0.1,10,5,0.5,True,42
weight_decay,0.0001,74,74,8,0.6834517947652123,0.6910544594128927,0.001,64,2,0.3,False,32,75,0.0001,0.1,10,5,0.5,True,42
weight_decay,0.0001,74,74,9,0.6810222602251804,0.6912757198015849,0.001,64,2,0.3,False,32,75,0.0001,0.1,10,5,0.5,True,42
weight_decay,0.0001,74,74,10,0.6766301280621326,0.7017325242360433,0.001,64,2,0.3,False,32,75,0.0001,0.1,10,5,0.5,True,42
weight_decay,0.0001,74,74,11,0.6668230678999063,0.7066454728444417,0.001,64,2,0.3,False,32,75,0.0001,0.1,10,5,0.5,True,42
weight_decay,0.0001,74,74,12,0.6628352105617523,0.7024032274881998,0.001,64,2,0.3,False,32,75,0.0001,0.1,10,5,0.5,True,42
weight_decay,0.0001,74,74,13,0.6558639678088102,0.7188122789065043,0.001,64,2,0.3,False,32,75,0.0001,0.1,10,5,0.5,True,42
weight_decay,0.0001,74,74,14,0.6490199452999866,0.7211236476898193,0.001,64,2,0.3,False,32,75,0.0001,0.1,10,5,0.5,True,42
weight_decay,0.0001,75,75,1,0.6938243287079262,0.6934521039326985,0.001,64,2,0.3,False,32,75,0.0001,0.1,10,5,0.5,True,42
weight_decay,0.0001,75,75,2,0.6926072718519153,0.6937891006469726,0.001,64,2,0.3,False,32,75,0.0001,0.1,10,5,0.5,True,42
weight_decay,0.0001,75,75,3,0.6917493379477299,0.6947791377703348,0.001,64,2,0.3,False,32,75,0.0001,0.1,10,5,0.5,True,42
weight_decay,0.0001,75,75,4,0.68803740225055,0.6942210872968038,0.001,64,2,0.3,False,32,75,0.0001,0.1,10,5,0.5,True,42
weight_decay,0.0001,75,75,5,0.6870577077973973,0.6935467561086018,0.001,64,2,0.3,False,32,75,0.0001,0.1,10,5,0.5,True,42
weight_decay,0.0001,75,75,6,0.6855141145713401,0.6947306474049886,0.001,64,2,0.3,False,32,75,0.0001,0.1,10,5,0.5,True,42
weight_decay,0.0001,75,75,7,0.6848530191363711,0.6965196371078491,0.001,64,2,0.3,False,32,75,0.0001,0.1,10,5,0.5,True,42
weight_decay,0.0001,75,75,8,0.6781141663139517,0.7010477264722188,0.001,64,2,0.3,False,32,75,0.0001,0.1,10,5,0.5,True,42
weight_decay,0.0001,75,75,9,0.6755619220661394,0.7086538513501485,0.001,64,2,0.3,False,32,75,0.0001,0.1,10,5,0.5,True,42
weight_decay,0.0001,75,75,10,0.6735881652795908,0.7087261239687602,0.001,64,2,0.3,False,32,75,0.0001,0.1,10,5,0.5,True,42
weight_decay,0.0001,75,75,11,0.6684935101957032,0.7034253795941671,0.001,64,2,0.3,False,32,75,0.0001,0.1,10,5,0.5,True,42
weight_decay,0.0001,76,76,1,0.6939969816894243,0.6924100637435913,0.001,64,2,0.3,False,32,75,0.0001,0.1,10,5,0.5,True,42
weight_decay,0.0001,76,76,2,0.6925124200907621,0.693307622273763,0.001,64,2,0.3,False,32,75,0.0001,0.1,10,5,0.5,True,42
weight_decay,0.0001,76,76,3,0.6906864227670612,0.6913923581441244,0.001,64,2,0.3,False,32,75,0.0001,0.1,10,5,0.5,True,42
weight_decay,0.0001,76,76,4,0.6900252058650508,0.6943057735761007,0.001,64,2,0.3,False,32,75,0.0001,0.1,10,5,0.5,True,42
weight_decay,0.0001,76,76,5,0.6876047827077635,0.6959798534711202,0.001,64,2,0.3,False,32,75,0.0001,0.1,10,5,0.5,True,42
weight_decay,0.0001,76,76,6,0.6862941497203076,0.6949883699417114,0.001,64,2,0.3,False,32,75,0.0001,0.1,10,5,0.5,True,42
weight_decay,0.0001,76,76,7,0.681812142332395,0.7027278502782186,0.001,64,2,0.3,False,32,75,0.0001,0.1,10,5,0.5,True,42
weight_decay,0.0001,76,76,8,0.6812555767369993,0.7001426418622335,0.001,64,2,0.3,False,32,75,0.0001,0.1,10,5,0.5,True,42
weight_decay,0.0001,76,76,9,0.6763526187701658,0.7016927242279053,0.001,64,2,0.3,False,32,75,0.0001,0.1,10,5,0.5,True,42
weight_decay,0.0001,76,76,10,0.6704311402458133,0.7138763864835104,0.001,64,2,0.3,False,32,75,0.0001,0.1,10,5,0.5,True,42
weight_decay,0.0001,76,76,11,0.6643606266289046,0.7148946324984232,0.001,64,2,0.3,False,32,75,0.0001,0.1,10,5,0.5,True,42
weight_decay,0.0001,76,76,12,0.6611059746055892,0.721762764453888,0.001,64,2,0.3,False,32,75,0.0001,0.1,10,5,0.5,True,42
weight_decay,0.0001,76,76,13,0.6526584133054271,0.7479572812716166,0.001,64,2,0.3,False,32,75,0.0001,0.1,10,5,0.5,True,42
weight_decay,0.0001,77,77,1,0.694487475084536,0.6927664717038472,0.001,64,2,0.3,False,32,75,0.0001,0.1,10,5,0.5,True,42
weight_decay,0.0001,77,77,2,0.6929127921660742,0.6934627612431844,0.001,64,2,0.3,False,32,75,0.0001,0.1,10,5,0.5,True,42
weight_decay,0.0001,77,77,3,0.6918630979277871,0.6942826310793558,0.001,64,2,0.3,False,32,75,0.0001,0.1,10,5,0.5,True,42
weight_decay,0.0001,77,77,4,0.6900072526751142,0.6944287260373433,0.001,64,2,0.3,False,32,75,0.0001,0.1,10,5,0.5,True,42
weight_decay,0.0001,77,77,5,0.690796613241687,0.6921555757522583,0.001,64,2,0.3,False,32,75,0.0001,0.1,10,5,0.5,True,42
weight_decay,0.0001,77,77,6,0.688451683882511,0.6962855776151021,0.001,64,2,0.3,False,32,75,0.0001,0.1,10,5,0.5,True,42
weight_decay,0.0001,77,77,7,0.6871258801583088,0.6991818666458129,0.001,64,2,0.3,False,32,75,0.0001,0.1,10,5,0.5,True,42
weight_decay,0.0001,77,77,8,0.6866787139213446,0.6966755469640096,0.001,64,2,0.3,False,32,75,0.0001,0.1,10,5,0.5,True,42
weight_decay,0.0001,77,77,9,0.6823493684783126,0.7096234321594238,0.001,64,2,0.3,False,32,75,0.0001,0.1,10,5,0.5,True,42
weight_decay,0.0001,77,77,10,0.681490117853338,0.7063552419344584,0.001,64,2,0.3,False,32,75,0.0001,0.1,10,5,0.5,True,42
weight_decay,0.0001,77,77,11,0.6757733216791442,0.7139699180920919,0.001,64,2,0.3,False,32,75,0.0001,0.1,10,5,0.5,True,42
weight_decay,0.0001,77,77,12,0.6661835502494465,0.7203463474909465,0.001,64,2,0.3,False,32,75,0.0001,0.1,10,5,0.5,True,42
weight_decay,0.0001,77,77,13,0.6573783606290817,0.7281480471293131,0.001,64,2,0.3,False,32,75,0.0001,0.1,10,5,0.5,True,42
weight_decay,0.0001,77,77,14,0.6557396018143856,0.7341988205909729,0.001,64,2,0.3,False,32,75,0.0001,0.1,10,5,0.5,True,42
weight_decay,0.0001,77,77,15,0.6479839804497632,0.7466408650080363,0.001,64,2,0.3,False,32,75,0.0001,0.1,10,5,0.5,True,42
weight_decay,0.0001,78,78,1,0.6933008816206094,0.6924231727917989,0.001,64,2,0.3,False,32,75,0.0001,0.1,10,5,0.5,True,42
weight_decay,0.0001,78,78,2,0.692419096827507,0.6918670217196147,0.001,64,2,0.3,False,32,75,0.0001,0.1,10,5,0.5,True,42
weight_decay,0.0001,78,78,3,0.6917491216551174,0.6920763770739238,0.001,64,2,0.3,False,32,75,0.0001,0.1,10,5,0.5,True,42
weight_decay,0.0001,78,78,4,0.6909622157161887,0.6930452823638916,0.001,64,2,0.3,False,32,75,0.0001,0.1,10,5,0.5,True,42
weight_decay,0.0001,78,78,5,0.6875137366128691,0.6949678381284078,0.001,64,2,0.3,False,32,75,0.0001,0.1,10,5,0.5,True,42
weight_decay,0.0001,78,78,6,0.6855897564779628,0.6975044727325439,0.001,64,2,0.3,False,32,75,0.0001,0.1,10,5,0.5,True,42
weight_decay,0.0001,78,78,7,0.6828321489420804,0.7048799395561218,0.001,64,2,0.3,False,32,75,0.0001,0.1,10,5,0.5,True,42
weight_decay,0.0001,78,78,8,0.6789024946364489,0.7079742829004924,0.001,64,2,0.3,False,32,75,0.0001,0.1,10,5,0.5,True,42
weight_decay,0.0001,78,78,9,0.6699088780265866,0.7088248411814372,0.001,64,2,0.3,False,32,75,0.0001,0.1,10,5,0.5,True,42
weight_decay,0.0001,78,78,10,0.6662141676201965,0.7266645828882853,0.001,64,2,0.3,False,32,75,0.0001,0.1,10,5,0.5,True,42
weight_decay,0.0001,78,78,11,0.6585138991023555,0.724623707930247,0.001,64,2,0.3,False,32,75,0.0001,0.1,10,5,0.5,True,42
weight_decay,0.0001,78,78,12,0.6569662243127823,0.7542917013168335,0.001,64,2,0.3,False,32,75,0.0001,0.1,10,5,0.5,True,42
weight_decay,0.0001,79,79,1,0.6934744115128662,0.693221926689148,0.001,64,2,0.3,False,32,75,0.0001,0.1,10,5,0.5,True,42
weight_decay,0.0001,79,79,2,0.6924615610729564,0.6943197290102641,0.001,64,2,0.3,False,32,75,0.0001,0.1,10,5,0.5,True,42
weight_decay,0.0001,79,79,3,0.6904611876516631,0.6930868784586589,0.001,64,2,0.3,False,32,75,0.0001,0.1,10,5,0.5,True,42
weight_decay,0.0001,79,79,4,0.6867677293943636,0.6929777463277181,0.001,64,2,0.3,False,32,75,0.0001,0.1,10,5,0.5,True,42
weight_decay,0.0001,79,79,5,0.6858033881042943,0.6913715918858846,0.001,64,2,0.3,False,32,75,0.0001,0.1,10,5,0.5,True,42
weight_decay,0.0001,79,79,6,0.683212597713326,0.7052754004796346,0.001,64,2,0.3,False,32,75,0.0001,0.1,10,5,0.5,True,42
weight_decay,0.0001,79,79,7,0.6818531056245168,0.6939118345578511,0.001,64,2,0.3,False,32,75,0.0001,0.1,10,5,0.5,True,42
weight_decay,0.0001,79,79,8,0.6770678194183292,0.7077059785525004,0.001,64,2,0.3,False,32,75,0.0001,0.1,10,5,0.5,True,42
weight_decay,0.0001,79,79,9,0.6696874390948903,0.7089263121287028,0.001,64,2,0.3,False,32,75,0.0001,0.1,10,5,0.5,True,42
weight_decay,0.0001,79,79,10,0.6699468470884092,0.7118912736574808,0.001,64,2,0.3,False,32,75,0.0001,0.1,10,5,0.5,True,42
weight_decay,0.0001,79,79,11,0.6603381222847736,0.7058613777160645,0.001,64,2,0.3,False,32,75,0.0001,0.1,10,5,0.5,True,42
weight_decay,0.0001,79,79,12,0.6476859490979802,0.7319505691528321,0.001,64,2,0.3,False,32,75,0.0001,0.1,10,5,0.5,True,42
weight_decay,0.0001,79,79,13,0.6422986094698762,0.726064403851827,0.001,64,2,0.3,False,32,75,0.0001,0.1,10,5,0.5,True,42
weight_decay,0.0001,79,79,14,0.6360001521128597,0.732845397790273,0.001,64,2,0.3,False,32,75,0.0001,0.1,10,5,0.5,True,42
weight_decay,0.0001,79,79,15,0.6296518476623477,0.7499061743418376,0.001,64,2,0.3,False,32,75,0.0001,0.1,10,5,0.5,True,42
weight_decay,0.0001,80,80,1,0.694205563176762,0.6921864946683248,0.001,64,2,0.3,False,32,75,0.0001,0.1,10,5,0.5,True,42
weight_decay,0.0001,80,80,2,0.6925500586177363,0.6919296741485595,0.001,64,2,0.3,False,32,75,0.0001,0.1,10,5,0.5,True,42
weight_decay,0.0001,80,80,3,0.6914965420058279,0.6921502709388733,0.001,64,2,0.3,False,32,75,0.0001,0.1,10,5,0.5,True,42
weight_decay,0.0001,80,80,4,0.6899483009721293,0.6920707662900288,0.001,64,2,0.3,False,32,75,0.0001,0.1,10,5,0.5,True,42
weight_decay,0.0001,80,80,5,0.6881921471971454,0.6930366476376851,0.001,64,2,0.3,False,32,75,0.0001,0.1,10,5,0.5,True,42
weight_decay,0.0001,80,80,6,0.6851381980108492,0.7026156584421793,0.001,64,2,0.3,False,32,75,0.0001,0.1,10,5,0.5,True,42
weight_decay,0.0001,80,80,7,0.6862122637755943,0.6966455062230428,0.001,64,2,0.3,False,32,75,0.0001,0.1,10,5,0.5,True,42
weight_decay,0.0001,80,80,8,0.6793274703350934,0.700137190024058,0.001,64,2,0.3,False,32,75,0.0001,0.1,10,5,0.5,True,42
weight_decay,0.0001,80,80,9,0.6688031102671768,0.7157425840695699,0.001,64,2,0.3,False,32,75,0.0001,0.1,10,5,0.5,True,42
weight_decay,0.0001,80,80,10,0.6650529047756484,0.7106982866923014,0.001,64,2,0.3,False,32,75,0.0001,0.1,10,5,0.5,True,42
weight_decay,0.0001,80,80,11,0.6569723622365431,0.7247323910395305,0.001,64,2,0.3,False,32,75,0.0001,0.1,10,5,0.5,True,42
weight_decay,0.0001,80,80,12,0.6531643086310589,0.726581092675527,0.001,64,2,0.3,False,32,75,0.0001,0.1,10,5,0.5,True,42
weight_decay,0.0001,81,81,1,0.6939165063879706,0.6933301011721293,0.001,64,2,0.3,False,32,75,0.0001,0.1,10,5,0.5,True,42
weight_decay,0.0001,81,81,2,0.6926056670420098,0.6932082811991374,0.001,64,2,0.3,False,32,75,0.0001,0.1,10,5,0.5,True,42
weight_decay,0.0001,81,81,3,0.6920001452619379,0.6929996093114217,0.001,64,2,0.3,False,32,75,0.0001,0.1,10,5,0.5,True,42
weight_decay,0.0001,81,81,4,0.6907525062561035,0.6921728769938151,0.001,64,2,0.3,False,32,75,0.0001,0.1,10,5,0.5,True,42
weight_decay,0.0001,81,81,5,0.6895029603531866,0.6902807593345642,0.001,64,2,0.3,False,32,75,0.0001,0.1,10,5,0.5,True,42
weight_decay,0.0001,81,81,6,0.6881002142573848,0.6891322493553161,0.001,64,2,0.3,False,32,75,0.0001,0.1,10,5,0.5,True,42
weight_decay,0.0001,81,81,7,0.6867489710901723,0.6911105235417684,0.001,64,2,0.3,False,32,75,0.0001,0.1,10,5,0.5,True,42
weight_decay,0.0001,81,81,8,0.682911036140991,0.6885334332784017,0.001,64,2,0.3,False,32,75,0.0001,0.1,10,5,0.5,True,42
weight_decay,0.0001,81,81,9,0.6793185364116322,0.6947515765825908,0.001,64,2,0.3,False,32,75,0.0001,0.1,10,5,0.5,True,42
weight_decay,0.0001,81,81,10,0.6767461069605567,0.696138075987498,0.001,64,2,0.3,False,32,75,0.0001,0.1,10,5,0.5,True,42
weight_decay,0.0001,81,81,11,0.6720711986223856,0.699325422445933,0.001,64,2,0.3,False,32,75,0.0001,0.1,10,5,0.5,True,42
weight_decay,0.0001,81,81,12,0.6658742906469287,0.7083626230557759,0.001,64,2,0.3,False,32,75,0.0001,0.1,10,5,0.5,True,42
weight_decay,0.0001,81,81,13,0.6598258135896741,0.707830007870992,0.001,64,2,0.3,False,32,75,0.0001,0.1,10,5,0.5,True,42
weight_decay,0.0001,81,81,14,0.6535170444033362,0.7075583537419637,0.001,64,2,0.3,False,32,75,0.0001,0.1,10,5,0.5,True,42
weight_decay,0.0001,81,81,15,0.638322238669251,0.7417344729105632,0.001,64,2,0.3,False,32,75,0.0001,0.1,10,5,0.5,True,42
weight_decay,0.0001,81,81,16,0.6311189110080401,0.7707863608996074,0.001,64,2,0.3,False,32,75,0.0001,0.1,10,5,0.5,True,42
weight_decay,0.0001,81,81,17,0.6198406476866115,0.7705834587415059,0.001,64,2,0.3,False,32,75,0.0001,0.1,10,5,0.5,True,42
weight_decay,0.0001,81,81,18,0.6151957669944474,0.7700149893760682,0.001,64,2,0.3,False,32,75,0.0001,0.1,10,5,0.5,True,42
weight_decay,0.0001,82,82,1,0.6939884500973152,0.6918417493502299,0.001,64,2,0.3,False,32,75,0.0001,0.1,10,5,0.5,True,42
weight_decay,0.0001,82,82,2,0.6929250960097169,0.6914319396018982,0.001,64,2,0.3,False,32,75,0.0001,0.1,10,5,0.5,True,42
weight_decay,0.0001,82,82,3,0.6921525453076218,0.6903262694676717,0.001,64,2,0.3,False,32,75,0.0001,0.1,10,5,0.5,True,42
weight_decay,0.0001,82,82,4,0.6910233642115737,0.6901822606722514,0.001,64,2,0.3,False,32,75,0.0001,0.1,10,5,0.5,True,42
weight_decay,0.0001,82,82,5,0.6889040208224094,0.6908202966054281,0.001,64,2,0.3,False,32,75,0.0001,0.1,10,5,0.5,True,42
weight_decay,0.0001,82,82,6,0.6876135062087666,0.6917091329892476,0.001,64,2,0.3,False,32,75,0.0001,0.1,10,5,0.5,True,42
weight_decay,0.0001,82,82,7,0.6859431469982321,0.6936543226242066,0.001,64,2,0.3,False,32,75,0.0001,0.1,10,5,0.5,True,42
weight_decay,0.0001,82,82,8,0.6816389082056103,0.7042838136355082,0.001,64,2,0.3,False,32,75,0.0001,0.1,10,5,0.5,True,42
weight_decay,0.0001,82,82,9,0.6799597126064878,0.701414946715037,0.001,64,2,0.3,False,32,75,0.0001,0.1,10,5,0.5,True,42
weight_decay,0.0001,82,82,10,0.6745026021292715,0.7071904937426249,0.001,64,2,0.3,False,32,75,0.0001,0.1,10,5,0.5,True,42
weight_decay,0.0001,82,82,11,0.6639272624796088,0.7340603907903035,0.001,64,2,0.3,False,32,75,0.0001,0.1,10,5,0.5,True,42
weight_decay,0.0001,82,82,12,0.6588034674976812,0.7196068644523621,0.001,64,2,0.3,False,32,75,0.0001,0.1,10,5,0.5,True,42
weight_decay,0.0001,82,82,13,0.6517510102553801,0.7231359521547953,0.001,64,2,0.3,False,32,75,0.0001,0.1,10,5,0.5,True,42
weight_decay,0.0001,82,82,14,0.6465790222088496,0.7511327306429545,0.001,64,2,0.3,False,32,75,0.0001,0.1,10,5,0.5,True,42
weight_decay,0.0001,83,83,1,0.6931411994226051,0.6939060727755229,0.001,64,2,0.3,False,32,75,0.0001,0.1,10,5,0.5,True,42
weight_decay,0.0001,83,83,2,0.6922769302671606,0.6959916234016419,0.001,64,2,0.3,False,32,75,0.0001,0.1,10,5,0.5,True,42
weight_decay,0.0001,83,83,3,0.6920657826192451,0.6919687310854594,0.001,64,2,0.3,False,32,75,0.0001,0.1,10,5,0.5,True,42
weight_decay,0.0001,83,83,4,0.6898586790670048,0.690981916586558,0.001,64,2,0.3,False,32,75,0.0001,0.1,10,5,0.5,True,42
weight_decay,0.0001,83,83,5,0.6883141430038394,0.6959354360898335,0.001,64,2,0.3,False,32,75,0.0001,0.1,10,5,0.5,True,42
weight_decay,0.0001,83,83,6,0.6870911979314053,0.6899438540140788,0.001,64,2,0.3,False,32,75,0.0001,0.1,10,5,0.5,True,42
weight_decay,0.0001,83,83,7,0.6853897101951368,0.6924802581469218,0.001,64,2,0.3,False,32,75,0.0001,0.1,10,5,0.5,True,42
weight_decay,0.0001,83,83,8,0.6812524980667866,0.6886589964230855,0.001,64,2,0.3,False,32,75,0.0001,0.1,10,5,0.5,True,42
weight_decay,0.0001,83,83,9,0.676049575661168,0.6944960435231526,0.001,64,2,0.3,False,32,75,0.0001,0.1,10,5,0.5,True,42
weight_decay,0.0001,83,83,10,0.6693164670106136,0.6968804597854614,0.001,64,2,0.3,False,32,75,0.0001,0.1,10,5,0.5,True,42
weight_decay,0.0001,83,83,11,0.6639336072134249,0.7116891940434774,0.001,64,2,0.3,False,32,75,0.0001,0.1,10,5,0.5,True,42
weight_decay,0.0001,83,83,12,0.6557361339077805,0.7124521692593893,0.001,64,2,0.3,False,32,75,0.0001,0.1,10,5,0.5,True,42
weight_decay,0.0001,83,83,13,0.6456417310418505,0.7082916776339213,0.001,64,2,0.3,False,32,75,0.0001,0.1,10,5,0.5,True,42
weight_decay,0.0001,83,83,14,0.6385338563810695,0.7274561047554016,0.001,64,2,0.3,False,32,75,0.0001,0.1,10,5,0.5,True,42
weight_decay,0.0001,83,83,15,0.6169194732651566,0.7622051278750102,0.001,64,2,0.3,False,32,75,0.0001,0.1,10,5,0.5,True,42
weight_decay,0.0001,83,83,16,0.6046151383356615,0.7762666702270508,0.001,64,2,0.3,False,32,75,0.0001,0.1,10,5,0.5,True,42
weight_decay,0.0001,83,83,17,0.5932850447116476,0.7741378545761108,0.001,64,2,0.3,False,32,75,0.0001,0.1,10,5,0.5,True,42
weight_decay,0.0001,83,83,18,0.5861761468377981,0.8135745882987976,0.001,64,2,0.3,False,32,75,0.0001,0.1,10,5,0.5,True,42
weight_decay,0.0001,84,84,1,0.6934501438429861,0.6938756585121155,0.001,64,2,0.3,False,32,75,0.0001,0.1,10,5,0.5,True,42
weight_decay,0.0001,84,84,2,0.693058477658214,0.6939475138982137,0.001,64,2,0.3,False,32,75,0.0001,0.1,10,5,0.5,True,42
weight_decay,0.0001,84,84,3,0.6917778745745168,0.6953574260075887,0.001,64,2,0.3,False,32,75,0.0001,0.1,10,5,0.5,True,42
weight_decay,0.0001,84,84,4,0.6912413451707724,0.6927304108937581,0.001,64,2,0.3,False,32,75,0.0001,0.1,10,5,0.5,True,42
weight_decay,0.0001,84,84,5,0.6888304167624676,0.6927836219469706,0.001,64,2,0.3,False,32,75,0.0001,0.1,10,5,0.5,True,42
weight_decay,0.0001,84,84,6,0.6864856093218832,0.6925207893053691,0.001,64,2,0.3,False,32,75,0.0001,0.1,10,5,0.5,True,42
weight_decay,0.0001,84,84,7,0.6846765875816345,0.6989629189173381,0.001,64,2,0.3,False,32,75,0.0001,0.1,10,5,0.5,True,42
weight_decay,0.0001,84,84,8,0.6820979289936296,0.6978487571080526,0.001,64,2,0.3,False,32,75,0.0001,0.1,10,5,0.5,True,42
weight_decay,0.0001,84,84,9,0.6773108903205756,0.7086896498998007,0.001,64,2,0.3,False,32,75,0.0001,0.1,10,5,0.5,True,42
weight_decay,0.0001,84,84,10,0.6728180222439043,0.7104409535725912,0.001,64,2,0.3,False,32,75,0.0001,0.1,10,5,0.5,True,42
weight_decay,0.0001,84,84,11,0.6696931363055201,0.7161988576253255,0.001,64,2,0.3,False,32,75,0.0001,0.1,10,5,0.5,True,42
weight_decay,0.0001,84,84,12,0.6611262343146584,0.7228331367174784,0.001,64,2,0.3,False,32,75,0.0001,0.1,10,5,0.5,True,42
weight_decay,0.0001,84,84,13,0.6522331179091425,0.7259753584861756,0.001,64,2,0.3,False,32,75,0.0001,0.1,10,5,0.5,True,42
weight_decay,0.0001,84,84,14,0.6459578334382086,0.746796449025472,0.001,64,2,0.3,False,32,75,0.0001,0.1,10,5,0.5,True,42
weight_decay,0.0001,84,84,15,0.6407818927457838,0.7405017018318176,0.001,64,2,0.3,False,32,75,0.0001,0.1,10,5,0.5,True,42
weight_decay,0.0001,84,84,16,0.6311958563147169,0.7598852435747783,0.001,64,2,0.3,False,32,75,0.0001,0.1,10,5,0.5,True,42
weight_decay,0.0001,85,85,1,0.6941905784787554,0.6931190967559815,0.001,64,2,0.3,False,32,75,0.0001,0.1,10,5,0.5,True,42
weight_decay,0.0001,85,85,2,0.6928814021926938,0.6925499200820923,0.001,64,2,0.3,False,32,75,0.0001,0.1,10,5,0.5,True,42
weight_decay,0.0001,85,85,3,0.6911308801535404,0.6935020168622335,0.001,64,2,0.3,False,32,75,0.0001,0.1,10,5,0.5,True,42
weight_decay,0.0001,85,85,4,0.6905473204273166,0.6941654801368713,0.001,64,2,0.3,False,32,75,0.0001,0.1,10,5,0.5,True,42
weight_decay,0.0001,85,85,5,0.6897039580525774,0.6948727329572042,0.001,64,2,0.3,False,32,75,0.0001,0.1,10,5,0.5,True,42
weight_decay,0.0001,85,85,6,0.6857009317838785,0.6975174148877462,0.001,64,2,0.3,False,32,75,0.0001,0.1,10,5,0.5,True,42
weight_decay,0.0001,85,85,7,0.6829879794156912,0.7028078158696492,0.001,64,2,0.3,False,32,75,0.0001,0.1,10,5,0.5,True,42
weight_decay,0.0001,85,85,8,0.6790018009416985,0.7015879631042481,0.001,64,2,0.3,False,32,75,0.0001,0.1,10,5,0.5,True,42
weight_decay,0.0001,85,85,9,0.6690501950003884,0.7137051542599996,0.001,64,2,0.3,False,32,75,0.0001,0.1,10,5,0.5,True,42
weight_decay,0.0001,85,85,10,0.6623151442318251,0.7240952690442403,0.001,64,2,0.3,False,32,75,0.0001,0.1,10,5,0.5,True,42
weight_decay,0.0001,85,85,11,0.6582648727026853,0.7219828923543294,0.001,64,2,0.3,False,32,75,0.0001,0.1,10,5,0.5,True,42
weight_decay,0.0001,85,85,12,0.6505978265495012,0.7365464886029561,0.001,64,2,0.3,False,32,75,0.0001,0.1,10,5,0.5,True,42
weight_decay,0.0001,86,86,1,0.6940192065455697,0.6922731558481853,0.001,64,2,0.3,False,32,75,0.0001,0.1,10,5,0.5,True,42
weight_decay,0.0001,86,86,2,0.6928817923321868,0.6921263575553894,0.001,64,2,0.3,False,32,75,0.0001,0.1,10,5,0.5,True,42
weight_decay,0.0001,86,86,3,0.6921581323399688,0.6922959129015605,0.001,64,2,0.3,False,32,75,0.0001,0.1,10,5,0.5,True,42
weight_decay,0.0001,86,86,4,0.6915052506056699,0.6904104113578796,0.001,64,2,0.3,False,32,75,0.0001,0.1,10,5,0.5,True,42
weight_decay,0.0001,86,86,5,0.6897927761980982,0.6913393378257752,0.001,64,2,0.3,False,32,75,0.0001,0.1,10,5,0.5,True,42
weight_decay,0.0001,86,86,6,0.6870841451666572,0.6920050740242004,0.001,64,2,0.3,False,32,75,0.0001,0.1,10,5,0.5,True,42
weight_decay,0.0001,86,86,7,0.6850571510466662,0.6898043751716614,0.001,64,2,0.3,False,32,75,0.0001,0.1,10,5,0.5,True,42
weight_decay,0.0001,86,86,8,0.6852473359216343,0.6907273729642233,0.001,64,2,0.3,False,32,75,0.0001,0.1,10,5,0.5,True,42
weight_decay,0.0001,86,86,9,0.6813583631407131,0.6946456074714661,0.001,64,2,0.3,False,32,75,0.0001,0.1,10,5,0.5,True,42
weight_decay,0.0001,86,86,10,0.6758980082743096,0.7049256602923075,0.001,64,2,0.3,False,32,75,0.0001,0.1,10,5,0.5,True,42
weight_decay,0.0001,86,86,11,0.6739028154900579,0.7105007171630859,0.001,64,2,0.3,False,32,75,0.0001,0.1,10,5,0.5,True,42
weight_decay,0.0001,86,86,12,0.6678469117843744,0.7192454894383749,0.001,64,2,0.3,False,32,75,0.0001,0.1,10,5,0.5,True,42
weight_decay,0.0001,86,86,13,0.6617829822229616,0.7165903846422831,0.001,64,2,0.3,False,32,75,0.0001,0.1,10,5,0.5,True,42
weight_decay,0.0001,86,86,14,0.6493259374842499,0.7311981598536174,0.001,64,2,0.3,False,32,75,0.0001,0.1,10,5,0.5,True,42
weight_decay,0.0001,86,86,15,0.640136107802391,0.7449567635854085,0.001,64,2,0.3,False,32,75,0.0001,0.1,10,5,0.5,True,42
weight_decay,0.0001,86,86,16,0.6339310371514523,0.7642361680666606,0.001,64,2,0.3,False,32,75,0.0001,0.1,10,5,0.5,True,42
weight_decay,0.0001,86,86,17,0.6280398547197833,0.7716780185699463,0.001,64,2,0.3,False,32,75,0.0001,0.1,10,5,0.5,True,42
weight_decay,0.0001,87,87,1,0.6939095985708814,0.6923257311185201,0.001,64,2,0.3,False,32,75,0.0001,0.1,10,5,0.5,True,42
weight_decay,0.0001,87,87,2,0.6931129305651693,0.6921508391698201,0.001,64,2,0.3,False,32,75,0.0001,0.1,10,5,0.5,True,42
weight_decay,0.0001,87,87,3,0.6916295556407986,0.6901580810546875,0.001,64,2,0.3,False,32,75,0.0001,0.1,10,5,0.5,True,42
weight_decay,0.0001,87,87,4,0.6898981405026985,0.6892138838768005,0.001,64,2,0.3,False,32,75,0.0001,0.1,10,5,0.5,True,42
weight_decay,0.0001,87,87,5,0.6892901333895597,0.6885090947151185,0.001,64,2,0.3,False,32,75,0.0001,0.1,10,5,0.5,True,42
weight_decay,0.0001,87,87,6,0.6871015072771998,0.6871685067812602,0.001,64,2,0.3,False,32,75,0.0001,0.1,10,5,0.5,True,42
weight_decay,0.0001,87,87,7,0.6837731482404651,0.6915603001912435,0.001,64,2,0.3,False,32,75,0.0001,0.1,10,5,0.5,True,42
weight_decay,0.0001,87,87,8,0.6802971674637361,0.6909087260564168,0.001,64,2,0.3,False,32,75,0.0001,0.1,10,5,0.5,True,42
weight_decay,0.0001,87,87,9,0.6765673941735065,0.6885222792625427,0.001,64,2,0.3,False,32,75,0.0001,0.1,10,5,0.5,True,42
weight_decay,0.0001,87,87,10,0.6726193220326395,0.6903941472371419,0.001,64,2,0.3,False,32,75,0.0001,0.1,10,5,0.5,True,42
weight_decay,0.0001,87,87,11,0.6676131337881088,0.6995325048764547,0.001,64,2,0.3,False,32,75,0.0001,0.1,10,5,0.5,True,42
weight_decay,0.0001,87,87,12,0.6657307753057191,0.7018923600514729,0.001,64,2,0.3,False,32,75,0.0001,0.1,10,5,0.5,True,42
weight_decay,0.0001,87,87,13,0.6486583912011349,0.7017889777819316,0.001,64,2,0.3,False,32,75,0.0001,0.1,10,5,0.5,True,42
weight_decay,0.0001,87,87,14,0.6429491034059813,0.7184035897254943,0.001,64,2,0.3,False,32,75,0.0001,0.1,10,5,0.5,True,42
weight_decay,0.0001,87,87,15,0.6342451107321363,0.7141950805981954,0.001,64,2,0.3,False,32,75,0.0001,0.1,10,5,0.5,True,42
weight_decay,0.0001,87,87,16,0.6259655550573812,0.7192960222562154,0.001,64,2,0.3,False,32,75,0.0001,0.1,10,5,0.5,True,42
weight_decay,0.0001,88,88,1,0.694020229307088,0.6933900753657023,0.001,64,2,0.3,False,32,75,0.0001,0.1,10,5,0.5,True,42
weight_decay,0.0001,88,88,2,0.6930386356332086,0.6926863749821981,0.001,64,2,0.3,False,32,75,0.0001,0.1,10,5,0.5,True,42
weight_decay,0.0001,88,88,3,0.6918104692842021,0.6923041423161824,0.001,64,2,0.3,False,32,75,0.0001,0.1,10,5,0.5,True,42
weight_decay,0.0001,88,88,4,0.6903776300675941,0.6931236863136292,0.001,64,2,0.3,False,32,75,0.0001,0.1,10,5,0.5,True,42
weight_decay,0.0001,88,88,5,0.6878343906366464,0.6921875874201456,0.001,64,2,0.3,False,32,75,0.0001,0.1,10,5,0.5,True,42
weight_decay,0.0001,88,88,6,0.6868860464204442,0.693366805712382,0.001,64,2,0.3,False,32,75,0.0001,0.1,10,5,0.5,True,42
weight_decay,0.0001,88,88,7,0.6856960947766448,0.6954510569572449,0.001,64,2,0.3,False,32,75,0.0001,0.1,10,5,0.5,True,42
weight_decay,0.0001,88,88,8,0.6817479657404351,0.693507178624471,0.001,64,2,0.3,False,32,75,0.0001,0.1,10,5,0.5,True,42
weight_decay,0.0001,88,88,9,0.6798176327438066,0.6979206601778666,0.001,64,2,0.3,False,32,75,0.0001,0.1,10,5,0.5,True,42
weight_decay,0.0001,88,88,10,0.673815002044042,0.7025606671969096,0.001,64,2,0.3,False,32,75,0.0001,0.1,10,5,0.5,True,42
weight_decay,0.0001,88,88,11,0.6691267686811361,0.705118469397227,0.001,64,2,0.3,False,32,75,0.0001,0.1,10,5,0.5,True,42
weight_decay,0.0001,88,88,12,0.6605096021384904,0.712138811747233,0.001,64,2,0.3,False,32,75,0.0001,0.1,10,5,0.5,True,42
weight_decay,0.0001,88,88,13,0.653697435151447,0.7074126879374186,0.001,64,2,0.3,False,32,75,0.0001,0.1,10,5,0.5,True,42
weight_decay,0.0001,88,88,14,0.649316700570511,0.7200046062469483,0.001,64,2,0.3,False,32,75,0.0001,0.1,10,5,0.5,True,42
weight_decay,0.0001,88,88,15,0.643608678019408,0.7177389899889628,0.001,64,2,0.3,False,32,75,0.0001,0.1,10,5,0.5,True,42
weight_decay,0.0001,89,89,1,0.6939910763140881,0.6938876827557882,0.001,64,2,0.3,False,32,75,0.0001,0.1,10,5,0.5,True,42
weight_decay,0.0001,89,89,2,0.6928230194431363,0.6931563059488932,0.001,64,2,0.3,False,32,75,0.0001,0.1,10,5,0.5,True,42
weight_decay,0.0001,89,89,3,0.6915537136973757,0.6944118420283,0.001,64,2,0.3,False,32,75,0.0001,0.1,10,5,0.5,True,42
weight_decay,0.0001,89,89,4,0.6905212790677042,0.6947597901026408,0.001,64,2,0.3,False,32,75,0.0001,0.1,10,5,0.5,True,42
weight_decay,0.0001,89,89,5,0.6893763266729586,0.6931057453155518,0.001,64,2,0.3,False,32,75,0.0001,0.1,10,5,0.5,True,42
weight_decay,0.0001,89,89,6,0.6879044798287478,0.6926982442537943,0.001,64,2,0.3,False,32,75,0.0001,0.1,10,5,0.5,True,42
weight_decay,0.0001,89,89,7,0.6850814661293319,0.7007780392964681,0.001,64,2,0.3,False,32,75,0.0001,0.1,10,5,0.5,True,42
weight_decay,0.0001,89,89,8,0.6892269592393528,0.6936435302098592,0.001,64,2,0.3,False,32,75,0.0001,0.1,10,5,0.5,True,42
weight_decay,0.0001,89,89,9,0.6835089980652838,0.6980841437975566,0.001,64,2,0.3,False,32,75,0.0001,0.1,10,5,0.5,True,42
weight_decay,0.0001,89,89,10,0.6803896783879309,0.7078213691711426,0.001,64,2,0.3,False,32,75,0.0001,0.1,10,5,0.5,True,42
weight_decay,0.0001,89,89,11,0.6737489149425969,0.6987100005149841,0.001,64,2,0.3,False,32,75,0.0001,0.1,10,5,0.5,True,42
weight_decay,0.0001,89,89,12,0.6700550371950323,0.7160319209098815,0.001,64,2,0.3,False,32,75,0.0001,0.1,10,5,0.5,True,42
weight_decay,0.0001,89,89,13,0.6635740850910996,0.7215993960698446,0.001,64,2,0.3,False,32,75,0.0001,0.1,10,5,0.5,True,42
weight_decay,0.0001,89,89,14,0.6604420763976646,0.7193922996520996,0.001,64,2,0.3,False,32,75,0.0001,0.1,10,5,0.5,True,42
weight_decay,0.0001,89,89,15,0.655509436672384,0.7325421015421549,0.001,64,2,0.3,False,32,75,0.0001,0.1,10,5,0.5,True,42
weight_decay,0.0001,89,89,16,0.652585943088387,0.7399036010106405,0.001,64,2,0.3,False,32,75,0.0001,0.1,10,5,0.5,True,42
weight_decay,0.0001,90,90,1,0.6936320192886122,0.694840943813324,0.001,64,2,0.3,False,32,75,0.0001,0.1,10,5,0.5,True,42
weight_decay,0.0001,90,90,2,0.6926852062796102,0.6930950999259948,0.001,64,2,0.3,False,32,75,0.0001,0.1,10,5,0.5,True,42
weight_decay,0.0001,90,90,3,0.6922060413794084,0.6925705154736836,0.001,64,2,0.3,False,32,75,0.0001,0.1,10,5,0.5,True,42
weight_decay,0.0001,90,90,4,0.691447322567304,0.689870297908783,0.001,64,2,0.3,False,32,75,0.0001,0.1,10,5,0.5,True,42
weight_decay,0.0001,90,90,5,0.6900564639857321,0.6873295982678731,0.001,64,2,0.3,False,32,75,0.0001,0.1,10,5,0.5,True,42
weight_decay,0.0001,90,90,6,0.68912788819183,0.6892109076182048,0.001,64,2,0.3,False,32,75,0.0001,0.1,10,5,0.5,True,42
weight_decay,0.0001,90,90,7,0.6878531855164152,0.6876831968625386,0.001,64,2,0.3,False,32,75,0.0001,0.1,10,5,0.5,True,42
weight_decay,0.0001,90,90,8,0.6862269021344908,0.6866473952929179,0.001,64,2,0.3,False,32,75,0.0001,0.1,10,5,0.5,True,42
weight_decay,0.0001,90,90,9,0.6829179240898653,0.6874852776527405,0.001,64,2,0.3,False,32,75,0.0001,0.1,10,5,0.5,True,42
weight_decay,0.0001,90,90,10,0.6808298907496713,0.6845377127329508,0.001,64,2,0.3,False,32,75,0.0001,0.1,10,5,0.5,True,42
weight_decay,0.0001,90,90,11,0.6770638520970489,0.687596861521403,0.001,64,2,0.3,False,32,75,0.0001,0.1,10,5,0.5,True,42
weight_decay,0.0001,90,90,12,0.6717803139578212,0.7002888043721517,0.001,64,2,0.3,False,32,75,0.0001,0.1,10,5,0.5,True,42
weight_decay,0.0001,90,90,13,0.6699478693983771,0.6865209857622783,0.001,64,2,0.3,False,32,75,0.0001,0.1,10,5,0.5,True,42
weight_decay,0.0001,90,90,14,0.6616800996390256,0.6928030053774515,0.001,64,2,0.3,False,32,75,0.0001,0.1,10,5,0.5,True,42
weight_decay,0.0001,90,90,15,0.658562002308441,0.6977169275283813,0.001,64,2,0.3,False,32,75,0.0001,0.1,10,5,0.5,True,42
weight_decay,0.0001,90,90,16,0.6468725516037508,0.7160154302914937,0.001,64,2,0.3,False,32,75,0.0001,0.1,10,5,0.5,True,42
weight_decay,0.0001,90,90,17,0.6335881325331602,0.7137995004653931,0.001,64,2,0.3,False,32,75,0.0001,0.1,10,5,0.5,True,42
weight_decay,0.0001,90,90,18,0.6221916255625811,0.734888478120168,0.001,64,2,0.3,False,32,75,0.0001,0.1,10,5,0.5,True,42
weight_decay,0.0001,90,90,19,0.6134598609624486,0.7400476972262064,0.001,64,2,0.3,False,32,75,0.0001,0.1,10,5,0.5,True,42
weight_decay,0.0001,90,90,20,0.6054062479824731,0.7585742990175883,0.001,64,2,0.3,False,32,75,0.0001,0.1,10,5,0.5,True,42
weight_decay,0.0001,91,91,1,0.6940757492274949,0.6942033290863037,0.001,64,2,0.3,False,32,75,0.0001,0.1,10,5,0.5,True,42
weight_decay,0.0001,91,91,2,0.6928102699193087,0.6930364847183228,0.001,64,2,0.3,False,32,75,0.0001,0.1,10,5,0.5,True,42
weight_decay,0.0001,91,91,3,0.6910741058262911,0.6917031526565551,0.001,64,2,0.3,False,32,75,0.0001,0.1,10,5,0.5,True,42
weight_decay,0.0001,91,91,4,0.6912369723572875,0.6912539601325989,0.001,64,2,0.3,False,32,75,0.0001,0.1,10,5,0.5,True,42
weight_decay,0.0001,91,91,5,0.6899046265717709,0.6910775423049926,0.001,64,2,0.3,False,32,75,0.0001,0.1,10,5,0.5,True,42
weight_decay,0.0001,91,91,6,0.6881597728440256,0.6886791030565897,0.001,64,2,0.3,False,32,75,0.0001,0.1,10,5,0.5,True,42
weight_decay,0.0001,91,91,7,0.6873995372743318,0.6901710629463196,0.001,64,2,0.3,False,32,75,0.0001,0.1,10,5,0.5,True,42
weight_decay,0.0001,91,91,8,0.6849775178865953,0.6904460271199544,0.001,64,2,0.3,False,32,75,0.0001,0.1,10,5,0.5,True,42
weight_decay,0.0001,91,91,9,0.6818761947480115,0.6911769151687622,0.001,64,2,0.3,False,32,75,0.0001,0.1,10,5,0.5,True,42
weight_decay,0.0001,91,91,10,0.6794168669165987,0.6940125068028767,0.001,64,2,0.3,False,32,75,0.0001,0.1,10,5,0.5,True,42
weight_decay,0.0001,91,91,11,0.6762272981983243,0.6966386715571086,0.001,64,2,0.3,False,32,75,0.0001,0.1,10,5,0.5,True,42
weight_decay,0.0001,91,91,12,0.6726946767532465,0.712293271223704,0.001,64,2,0.3,False,32,75,0.0001,0.1,10,5,0.5,True,42
weight_decay,0.0001,91,91,13,0.6626296937465668,0.7104255040486653,0.001,64,2,0.3,False,32,75,0.0001,0.1,10,5,0.5,True,42
weight_decay,0.0001,91,91,14,0.6571816318865978,0.7045337597529093,0.001,64,2,0.3,False,32,75,0.0001,0.1,10,5,0.5,True,42
weight_decay,0.0001,91,91,15,0.6520296678398595,0.7335086186726888,0.001,64,2,0.3,False,32,75,0.0001,0.1,10,5,0.5,True,42
weight_decay,0.0001,91,91,16,0.6464970739501895,0.7178591092427572,0.001,64,2,0.3,False,32,75,0.0001,0.1,10,5,0.5,True,42
weight_decay,0.0001,92,92,1,0.6936453368627664,0.6942972620328267,0.001,64,2,0.3,False,32,75,0.0001,0.1,10,5,0.5,True,42
weight_decay,0.0001,92,92,2,0.6924355106823372,0.6952224055926005,0.001,64,2,0.3,False,32,75,0.0001,0.1,10,5,0.5,True,42
weight_decay,0.0001,92,92,3,0.691182840051073,0.6965283314387004,0.001,64,2,0.3,False,32,75,0.0001,0.1,10,5,0.5,True,42
weight_decay,0.0001,92,92,4,0.6900460986476956,0.6972614089647929,0.001,64,2,0.3,False,32,75,0.0001,0.1,10,5,0.5,True,42
weight_decay,0.0001,92,92,5,0.6890734258023176,0.699759328365326,0.001,64,2,0.3,False,32,75,0.0001,0.1,10,5,0.5,True,42
weight_decay,0.0001,92,92,6,0.6870483417402614,0.696367335319519,0.001,64,2,0.3,False,32,75,0.0001,0.1,10,5,0.5,True,42
weight_decay,0.0001,92,92,7,0.6856282199874069,0.6992407878239949,0.001,64,2,0.3,False,32,75,0.0001,0.1,10,5,0.5,True,42
weight_decay,0.0001,92,92,8,0.6825548396869139,0.6998376488685608,0.001,64,2,0.3,False,32,75,0.0001,0.1,10,5,0.5,True,42
weight_decay,0.0001,92,92,9,0.6793824366547845,0.7036951382954916,0.001,64,2,0.3,False,32,75,0.0001,0.1,10,5,0.5,True,42
weight_decay,0.0001,92,92,10,0.6757994962461067,0.7070303678512573,0.001,64,2,0.3,False,32,75,0.0001,0.1,10,5,0.5,True,42
weight_decay,0.0001,92,92,11,0.6720747658700654,0.7060092210769653,0.001,64,2,0.3,False,32,75,0.0001,0.1,10,5,0.5,True,42
weight_decay,0.0001,93,93,1,0.6940473372286017,0.693146558602651,0.001,64,2,0.3,False,32,75,0.0001,0.1,10,5,0.5,True,42
weight_decay,0.0001,93,93,2,0.6925257819168495,0.6934192299842834,0.001,64,2,0.3,False,32,75,0.0001,0.1,10,5,0.5,True,42
weight_decay,0.0001,93,93,3,0.6911527966008042,0.6932787378629048,0.001,64,2,0.3,False,32,75,0.0001,0.1,10,5,0.5,True,42
weight_decay,0.0001,93,93,4,0.6909786932396166,0.6924752910931905,0.001,64,2,0.3,False,32,75,0.0001,0.1,10,5,0.5,True,42
weight_decay,0.0001,93,93,5,0.6890072836117311,0.6929599165916442,0.001,64,2,0.3,False,32,75,0.0001,0.1,10,5,0.5,True,42
weight_decay,0.0001,93,93,6,0.6864283423532139,0.6939499974250793,0.001,64,2,0.3,False,32,75,0.0001,0.1,10,5,0.5,True,42
weight_decay,0.0001,93,93,7,0.6850610009648583,0.696563450495402,0.001,64,2,0.3,False,32,75,0.0001,0.1,10,5,0.5,True,42
weight_decay,0.0001,93,93,8,0.6813931072300131,0.6959569573402404,0.001,64,2,0.3,False,32,75,0.0001,0.1,10,5,0.5,True,42
weight_decay,0.0001,93,93,9,0.6763198574384054,0.7043722748756409,0.001,64,2,0.3,False,32,75,0.0001,0.1,10,5,0.5,True,42
weight_decay,0.0001,93,93,10,0.6736170875303673,0.7017908891042074,0.001,64,2,0.3,False,32,75,0.0001,0.1,10,5,0.5,True,42
weight_decay,0.0001,93,93,11,0.663590977137739,0.7114038070042928,0.001,64,2,0.3,False,32,75,0.0001,0.1,10,5,0.5,True,42
weight_decay,0.0001,93,93,12,0.6561027223413641,0.7131611108779907,0.001,64,2,0.3,False,32,75,0.0001,0.1,10,5,0.5,True,42
weight_decay,0.0001,93,93,13,0.6556978392781634,0.7251257499059042,0.001,64,2,0.3,False,32,75,0.0001,0.1,10,5,0.5,True,42
weight_decay,0.0001,93,93,14,0.6484917492577524,0.7345279653867086,0.001,64,2,0.3,False,32,75,0.0001,0.1,10,5,0.5,True,42
weight_decay,0.0001,94,94,1,0.6938843885154435,0.6929579019546509,0.001,64,2,0.3,False,32,75,0.0001,0.1,10,5,0.5,True,42
weight_decay,0.0001,94,94,2,0.6927897609544523,0.6930886069933574,0.001,64,2,0.3,False,32,75,0.0001,0.1,10,5,0.5,True,42
weight_decay,0.0001,94,94,3,0.6914397681301291,0.6942190210024516,0.001,64,2,0.3,False,32,75,0.0001,0.1,10,5,0.5,True,42
weight_decay,0.0001,94,94,4,0.690643874984799,0.6934258063634237,0.001,64,2,0.3,False,32,75,0.0001,0.1,10,5,0.5,True,42
weight_decay,0.0001,94,94,5,0.6899077287226012,0.6917758742968242,0.001,64,2,0.3,False,32,75,0.0001,0.1,10,5,0.5,True,42
weight_decay,0.0001,94,94,6,0.6873252689838409,0.6941348592440287,0.001,64,2,0.3,False,32,75,0.0001,0.1,10,5,0.5,True,42
weight_decay,0.0001,94,94,7,0.6854142795006434,0.6947250088055928,0.001,64,2,0.3,False,32,75,0.0001,0.1,10,5,0.5,True,42
weight_decay,0.0001,94,94,8,0.6848186385450941,0.6978400111198425,0.001,64,2,0.3,False,32,75,0.0001,0.1,10,5,0.5,True,42
weight_decay,0.0001,94,94,9,0.6785492246801202,0.7006643692652385,0.001,64,2,0.3,False,32,75,0.0001,0.1,10,5,0.5,True,42
weight_decay,0.0001,94,94,10,0.674779502731381,0.7035732467969259,0.001,64,2,0.3,False,32,75,0.0001,0.1,10,5,0.5,True,42
weight_decay,0.0001,94,94,11,0.6703749904126832,0.7036609530448914,0.001,64,2,0.3,False,32,75,0.0001,0.1,10,5,0.5,True,42
weight_decay,0.0001,94,94,12,0.656501751054417,0.7208681265513103,0.001,64,2,0.3,False,32,75,0.0001,0.1,10,5,0.5,True,42
weight_decay,0.0001,94,94,13,0.6509254114194349,0.7174909432729085,0.001,64,2,0.3,False,32,75,0.0001,0.1,10,5,0.5,True,42
weight_decay,0.0001,94,94,14,0.6412277289412238,0.7260048866271973,0.001,64,2,0.3,False,32,75,0.0001,0.1,10,5,0.5,True,42
weight_decay,0.0001,94,94,15,0.6384886376785509,0.7580697774887085,0.001,64,2,0.3,False,32,75,0.0001,0.1,10,5,0.5,True,42
weight_decay,0.0001,95,95,1,0.694032908840613,0.6932272871335348,0.001,64,2,0.3,False,32,75,0.0001,0.1,10,5,0.5,True,42
weight_decay,0.0001,95,95,2,0.6927505645788077,0.6935125907262166,0.001,64,2,0.3,False,32,75,0.0001,0.1,10,5,0.5,True,42
weight_decay,0.0001,95,95,3,0.6913913732225244,0.6941139618555705,0.001,64,2,0.3,False,32,75,0.0001,0.1,10,5,0.5,True,42
weight_decay,0.0001,95,95,4,0.6892898963256315,0.692891526222229,0.001,64,2,0.3,False,32,75,0.0001,0.1,10,5,0.5,True,42
weight_decay,0.0001,95,95,5,0.6881302134557203,0.6929358720779419,0.001,64,2,0.3,False,32,75,0.0001,0.1,10,5,0.5,True,42
weight_decay,0.0001,95,95,6,0.6846639802961638,0.6987332860628764,0.001,64,2,0.3,False,32,75,0.0001,0.1,10,5,0.5,True,42
weight_decay,0.0001,95,95,7,0.6812974006840677,0.7018008589744568,0.001,64,2,0.3,False,32,75,0.0001,0.1,10,5,0.5,True,42
weight_decay,0.0001,95,95,8,0.6760160119244547,0.7123408198356629,0.001,64,2,0.3,False,32,75,0.0001,0.1,10,5,0.5,True,42
weight_decay,0.0001,95,95,9,0.6716380548296552,0.7064850767453511,0.001,64,2,0.3,False,32,75,0.0001,0.1,10,5,0.5,True,42
weight_decay,0.0001,95,95,10,0.6690934372670723,0.6994669159253438,0.001,64,2,0.3,False,32,75,0.0001,0.1,10,5,0.5,True,42
weight_decay,0.0001,95,95,11,0.6570650686820348,0.7171449343363444,0.001,64,2,0.3,False,32,75,0.0001,0.1,10,5,0.5,True,42
weight_decay,0.0001,95,95,12,0.649708198778557,0.7254539887110393,0.001,64,2,0.3,False,32,75,0.0001,0.1,10,5,0.5,True,42
weight_decay,0.0001,95,95,13,0.6410682792916442,0.7458925088246663,0.001,64,2,0.3,False,32,75,0.0001,0.1,10,5,0.5,True,42
weight_decay,0.0001,95,95,14,0.6361102908849716,0.7438265323638916,0.001,64,2,0.3,False,32,75,0.0001,0.1,10,5,0.5,True,42
weight_decay,0.0001,96,96,1,0.6936466883529316,0.693827227751414,0.001,64,2,0.3,False,32,75,0.0001,0.1,10,5,0.5,True,42
weight_decay,0.0001,96,96,2,0.6920699084346945,0.6958398262659709,0.001,64,2,0.3,False,32,75,0.0001,0.1,10,5,0.5,True,42
weight_decay,0.0001,96,96,3,0.6900199701388677,0.6976614475250245,0.001,64,2,0.3,False,32,75,0.0001,0.1,10,5,0.5,True,42
weight_decay,0.0001,96,96,4,0.6891686658967625,0.6934653838475545,0.001,64,2,0.3,False,32,75,0.0001,0.1,10,5,0.5,True,42
weight_decay,0.0001,96,96,5,0.6873292895880613,0.6967830061912537,0.001,64,2,0.3,False,32,75,0.0001,0.1,10,5,0.5,True,42
weight_decay,0.0001,96,96,6,0.6846594160253351,0.6971564014752706,0.001,64,2,0.3,False,32,75,0.0001,0.1,10,5,0.5,True,42
weight_decay,0.0001,96,96,7,0.6851575383634279,0.6981972654660543,0.001,64,2,0.3,False,32,75,0.0001,0.1,10,5,0.5,True,42
weight_decay,0.0001,96,96,8,0.6811370276140444,0.7016273856163024,0.001,64,2,0.3,False,32,75,0.0001,0.1,10,5,0.5,True,42
weight_decay,0.0001,96,96,9,0.6783053482120688,0.6946827014287312,0.001,64,2,0.3,False,32,75,0.0001,0.1,10,5,0.5,True,42
weight_decay,0.0001,96,96,10,0.6737505025935896,0.7027532776196798,0.001,64,2,0.3,False,32,75,0.0001,0.1,10,5,0.5,True,42
weight_decay,0.0001,96,96,11,0.6633907990022139,0.7052512963612875,0.001,64,2,0.3,False,32,75,0.0001,0.1,10,5,0.5,True,42
weight_decay,0.0001,96,96,12,0.656976064046224,0.7151551763216655,0.001,64,2,0.3,False,32,75,0.0001,0.1,10,5,0.5,True,42
weight_decay,0.0001,96,96,13,0.6514681139678666,0.7190852602322896,0.001,64,2,0.3,False,32,75,0.0001,0.1,10,5,0.5,True,42
weight_decay,0.0001,96,96,14,0.6474367348533688,0.7151034752527873,0.001,64,2,0.3,False,32,75,0.0001,0.1,10,5,0.5,True,42
weight_decay,0.0001,97,97,1,0.6941805667046345,0.6932982961336772,0.001,64,2,0.3,False,32,75,0.0001,0.1,10,5,0.5,True,42
weight_decay,0.0001,97,97,2,0.6921261287096775,0.6941109418869018,0.001,64,2,0.3,False,32,75,0.0001,0.1,10,5,0.5,True,42
weight_decay,0.0001,97,97,3,0.6918622896526799,0.6924923102060954,0.001,64,2,0.3,False,32,75,0.0001,0.1,10,5,0.5,True,42
weight_decay,0.0001,97,97,4,0.6905093965205279,0.6928968747456868,0.001,64,2,0.3,False,32,75,0.0001,0.1,10,5,0.5,True,42
weight_decay,0.0001,97,97,5,0.6896202663580576,0.6907931486765544,0.001,64,2,0.3,False,32,75,0.0001,0.1,10,5,0.5,True,42
weight_decay,0.0001,97,97,6,0.6876404019016208,0.689644185702006,0.001,64,2,0.3,False,32,75,0.0001,0.1,10,5,0.5,True,42
weight_decay,0.0001,97,97,7,0.6861743520606648,0.6913379669189453,0.001,64,2,0.3,False,32,75,0.0001,0.1,10,5,0.5,True,42
weight_decay,0.0001,97,97,8,0.6836699617631508,0.6954466621081035,0.001,64,2,0.3,False,32,75,0.0001,0.1,10,5,0.5,True,42
weight_decay,0.0001,97,97,9,0.6798674988024163,0.6941780765851339,0.001,64,2,0.3,False,32,75,0.0001,0.1,10,5,0.5,True,42
weight_decay,0.0001,97,97,10,0.6736128741141522,0.6967536489168803,0.001,64,2,0.3,False,32,75,0.0001,0.1,10,5,0.5,True,42
weight_decay,0.0001,97,97,11,0.6731124271949133,0.6958016673723857,0.001,64,2,0.3,False,32,75,0.0001,0.1,10,5,0.5,True,42
weight_decay,0.0001,97,97,12,0.6674010744600585,0.6996964335441589,0.001,64,2,0.3,False,32,75,0.0001,0.1,10,5,0.5,True,42
weight_decay,0.0001,97,97,13,0.6513479252656301,0.7140324274698894,0.001,64,2,0.3,False,32,75,0.0001,0.1,10,5,0.5,True,42
weight_decay,0.0001,97,97,14,0.6460641401283669,0.7171992937723796,0.001,64,2,0.3,False,32,75,0.0001,0.1,10,5,0.5,True,42
weight_decay,0.0001,97,97,15,0.6361674734137275,0.7170810143152873,0.001,64,2,0.3,False,32,75,0.0001,0.1,10,5,0.5,True,42
weight_decay,0.0001,97,97,16,0.6306193498047915,0.7387405117352803,0.001,64,2,0.3,False,32,75,0.0001,0.1,10,5,0.5,True,42
weight_decay,0.0001,98,98,1,0.6940349746834148,0.6923502087593079,0.001,64,2,0.3,False,32,75,0.0001,0.1,10,5,0.5,True,42
weight_decay,0.0001,98,98,2,0.693329499074907,0.692271622021993,0.001,64,2,0.3,False,32,75,0.0001,0.1,10,5,0.5,True,42
weight_decay,0.0001,98,98,3,0.691509334878488,0.6931063612302144,0.001,64,2,0.3,False,32,75,0.0001,0.1,10,5,0.5,True,42
weight_decay,0.0001,98,98,4,0.689710919604157,0.6927984833717347,0.001,64,2,0.3,False,32,75,0.0001,0.1,10,5,0.5,True,42
weight_decay,0.0001,98,98,5,0.688556299516649,0.6941993395487468,0.001,64,2,0.3,False,32,75,0.0001,0.1,10,5,0.5,True,42
weight_decay,0.0001,98,98,6,0.6867125165281873,0.6954525033632915,0.001,64,2,0.3,False,32,75,0.0001,0.1,10,5,0.5,True,42
weight_decay,0.0001,98,98,7,0.6825581125237725,0.7011698603630065,0.001,64,2,0.3,False,32,75,0.0001,0.1,10,5,0.5,True,42
weight_decay,0.0001,98,98,8,0.6800650737502358,0.6965580463409424,0.001,64,2,0.3,False,32,75,0.0001,0.1,10,5,0.5,True,42
weight_decay,0.0001,98,98,9,0.6709872728044336,0.7088475426038107,0.001,64,2,0.3,False,32,75,0.0001,0.1,10,5,0.5,True,42
weight_decay,0.0001,98,98,10,0.6668521278735363,0.7094781001408895,0.001,64,2,0.3,False,32,75,0.0001,0.1,10,5,0.5,True,42
weight_decay,0.0001,98,98,11,0.6626685243664365,0.7116755048433939,0.001,64,2,0.3,False,32,75,0.0001,0.1,10,5,0.5,True,42
weight_decay,0.0001,98,98,12,0.6554464752023871,0.7269978324572245,0.001,64,2,0.3,False,32,75,0.0001,0.1,10,5,0.5,True,42
weight_decay,0.0001,99,99,1,0.6934647049867746,0.6929667313893636,0.001,64,2,0.3,False,32,75,0.0001,0.1,10,5,0.5,True,42
weight_decay,0.0001,99,99,2,0.6926389625578215,0.6939811468124389,0.001,64,2,0.3,False,32,75,0.0001,0.1,10,5,0.5,True,42
weight_decay,0.0001,99,99,3,0.6913832182233984,0.6934732278188069,0.001,64,2,0.3,False,32,75,0.0001,0.1,10,5,0.5,True,42
weight_decay,0.0001,99,99,4,0.6895281478311076,0.6943541049957276,0.001,64,2,0.3,False,32,75,0.0001,0.1,10,5,0.5,True,42
weight_decay,0.0001,99,99,5,0.6895366613612031,0.6965123732884725,0.001,64,2,0.3,False,32,75,0.0001,0.1,10,5,0.5,True,42
weight_decay,0.0001,99,99,6,0.6860936988483776,0.6973936001459757,0.001,64,2,0.3,False,32,75,0.0001,0.1,10,5,0.5,True,42
weight_decay,0.0001,99,99,7,0.685484969254696,0.6967008789380391,0.001,64,2,0.3,False,32,75,0.0001,0.1,10,5,0.5,True,42
weight_decay,0.0001,99,99,8,0.677790082765348,0.7129476229349773,0.001,64,2,0.3,False,32,75,0.0001,0.1,10,5,0.5,True,42
weight_decay,0.0001,99,99,9,0.6752136011015285,0.7029467344284057,0.001,64,2,0.3,False,32,75,0.0001,0.1,10,5,0.5,True,42
weight_decay,0.0001,99,99,10,0.6715135271802093,0.7131436626116435,0.001,64,2,0.3,False,32,75,0.0001,0.1,10,5,0.5,True,42
weight_decay,0.0001,99,99,11,0.6660501577637412,0.7090835531552633,0.001,64,2,0.3,False,32,75,0.0001,0.1,10,5,0.5,True,42
weight_decay,0.0001,100,100,1,0.6941770012631561,0.6950453797976176,0.001,64,2,0.3,False,32,75,0.0001,0.1,10,5,0.5,True,42
weight_decay,0.0001,100,100,2,0.692601359703324,0.6944391369819641,0.001,64,2,0.3,False,32,75,0.0001,0.1,10,5,0.5,True,42
weight_decay,0.0001,100,100,3,0.6904929122238448,0.6973556280136108,0.001,64,2,0.3,False,32,75,0.0001,0.1,10,5,0.5,True,42
weight_decay,0.0001,100,100,4,0.6908132682243983,0.6939412037531535,0.001,64,2,0.3,False,32,75,0.0001,0.1,10,5,0.5,True,42
weight_decay,0.0001,100,100,5,0.6886176932038683,0.6952105442682902,0.001,64,2,0.3,False,32,75,0.0001,0.1,10,5,0.5,True,42
weight_decay,0.0001,100,100,6,0.686849904331294,0.6969624241193135,0.001,64,2,0.3,False,32,75,0.0001,0.1,10,5,0.5,True,42
weight_decay,0.0001,100,100,7,0.6840697030226389,0.6948532183965047,0.001,64,2,0.3,False,32,75,0.0001,0.1,10,5,0.5,True,42
weight_decay,0.0001,100,100,8,0.6806893845399221,0.6977838198343913,0.001,64,2,0.3,False,32,75,0.0001,0.1,10,5,0.5,True,42
weight_decay,0.0001,100,100,9,0.6774170516115247,0.7130417982737224,0.001,64,2,0.3,False,32,75,0.0001,0.1,10,5,0.5,True,42
weight_decay,0.0001,100,100,10,0.6764525184125612,0.6925183773040772,0.001,64,2,0.3,False,32,75,0.0001,0.1,10,5,0.5,True,42
weight_decay,0.0001,100,100,11,0.669041117032369,0.6933637857437134,0.001,64,2,0.3,False,32,75,0.0001,0.1,10,5,0.5,True,42
weight_decay,0.0001,100,100,12,0.6645987300258694,0.6929741223653157,0.001,64,2,0.3,False,32,75,0.0001,0.1,10,5,0.5,True,42
weight_decay,0.0001,100,100,13,0.6600958903630575,0.7081133484840393,0.001,64,2,0.3,False,32,75,0.0001,0.1,10,5,0.5,True,42
weight_decay,0.0001,100,100,14,0.6553968583995645,0.7289522647857666,0.001,64,2,0.3,False,32,75,0.0001,0.1,10,5,0.5,True,42
weight_decay,0.0001,100,100,15,0.6471285327817454,0.7096569140752157,0.001,64,2,0.3,False,32,75,0.0001,0.1,10,5,0.5,True,42
weight_decay,0.0001,100,100,16,0.6356625107653213,0.7270651539166768,0.001,64,2,0.3,False,32,75,0.0001,0.1,10,5,0.5,True,42
weight_decay,0.0001,100,100,17,0.6204814479658098,0.7618502497673034,0.001,64,2,0.3,False,32,75,0.0001,0.1,10,5,0.5,True,42
weight_decay,0.0001,100,100,18,0.6049251075495373,0.7702057123184204,0.001,64,2,0.3,False,32,75,0.0001,0.1,10,5,0.5,True,42
weight_decay,0.0001,100,100,19,0.5952045551755212,0.760265854994456,0.001,64,2,0.3,False,32,75,0.0001,0.1,10,5,0.5,True,42
weight_decay,0.0001,100,100,20,0.5821152643272371,0.7991166075070699,0.001,64,2,0.3,False,32,75,0.0001,0.1,10,5,0.5,True,42
weight_decay,0.0001,101,101,1,0.6941975517706438,0.6932728489240011,0.001,64,2,0.3,False,32,75,0.0001,0.1,10,5,0.5,True,42
weight_decay,0.0001,101,101,2,0.6924042335965417,0.6930550336837769,0.001,64,2,0.3,False,32,75,0.0001,0.1,10,5,0.5,True,42
weight_decay,0.0001,101,101,3,0.6919303694457719,0.6917990406354269,0.001,64,2,0.3,False,32,75,0.0001,0.1,10,5,0.5,True,42
weight_decay,0.0001,101,101,4,0.691089108134761,0.6914825002352397,0.001,64,2,0.3,False,32,75,0.0001,0.1,10,5,0.5,True,42
weight_decay,0.0001,101,101,5,0.6897430501200936,0.6898459474245707,0.001,64,2,0.3,False,32,75,0.0001,0.1,10,5,0.5,True,42
weight_decay,0.0001,101,101,6,0.6890993985262784,0.6899010459582011,0.001,64,2,0.3,False,32,75,0.0001,0.1,10,5,0.5,True,42
weight_decay,0.0001,101,101,7,0.685960558779312,0.6920016606648763,0.001,64,2,0.3,False,32,75,0.0001,0.1,10,5,0.5,True,42
weight_decay,0.0001,101,101,8,0.6844868705128179,0.6939258535703023,0.001,64,2,0.3,False,32,75,0.0001,0.1,10,5,0.5,True,42
weight_decay,0.0001,101,101,9,0.6819732040166855,0.6906768639882406,0.001,64,2,0.3,False,32,75,0.0001,0.1,10,5,0.5,True,42
weight_decay,0.0001,101,101,10,0.6748892520413254,0.6955138603846233,0.001,64,2,0.3,False,32,75,0.0001,0.1,10,5,0.5,True,42
weight_decay,0.0001,101,101,11,0.67288336473884,0.6929805358250936,0.001,64,2,0.3,False,32,75,0.0001,0.1,10,5,0.5,True,42
weight_decay,0.0001,101,101,12,0.6599777173815351,0.7044423580169678,0.001,64,2,0.3,False,32,75,0.0001,0.1,10,5,0.5,True,42
weight_decay,0.0001,101,101,13,0.6544048908081922,0.70634818871816,0.001,64,2,0.3,False,32,75,0.0001,0.1,10,5,0.5,True,42
weight_decay,0.0001,101,101,14,0.6453424502502788,0.7128716945648194,0.001,64,2,0.3,False,32,75,0.0001,0.1,10,5,0.5,True,42
weight_decay,0.0001,101,101,15,0.6383570270104841,0.7316062013308208,0.001,64,2,0.3,False,32,75,0.0001,0.1,10,5,0.5,True,42
weight_decay,0.0001,102,102,1,0.6934511584765983,0.6929915388425191,0.001,64,2,0.3,False,32,75,0.0001,0.1,10,5,0.5,True,42
weight_decay,0.0001,102,102,2,0.6926265548576008,0.6929585456848144,0.001,64,2,0.3,False,32,75,0.0001,0.1,10,5,0.5,True,42
weight_decay,0.0001,102,102,3,0.6912606480446729,0.6916316588719685,0.001,64,2,0.3,False,32,75,0.0001,0.1,10,5,0.5,True,42
weight_decay,0.0001,102,102,4,0.6906105564399199,0.6901714920997619,0.001,64,2,0.3,False,32,75,0.0001,0.1,10,5,0.5,True,42
weight_decay,0.0001,102,102,5,0.6890317698319753,0.689708948135376,0.001,64,2,0.3,False,32,75,0.0001,0.1,10,5,0.5,True,42
weight_decay,0.0001,102,102,6,0.6858021653059757,0.6871349573135376,0.001,64,2,0.3,False,32,75,0.0001,0.1,10,5,0.5,True,42
weight_decay,0.0001,102,102,7,0.6861880466793523,0.6880664825439453,0.001,64,2,0.3,False,32,75,0.0001,0.1,10,5,0.5,True,42
weight_decay,0.0001,102,102,8,0.6808396406245955,0.6863402128219604,0.001,64,2,0.3,False,32,75,0.0001,0.1,10,5,0.5,True,42
weight_decay,0.0001,102,102,9,0.6787572286345742,0.6898073593775431,0.001,64,2,0.3,False,32,75,0.0001,0.1,10,5,0.5,True,42
weight_decay,0.0001,102,102,10,0.6746961393139579,0.6903244773546855,0.001,64,2,0.3,False,32,75,0.0001,0.1,10,5,0.5,True,42
weight_decay,0.0001,102,102,11,0.6682451037746487,0.7009517947832743,0.001,64,2,0.3,False,32,75,0.0001,0.1,10,5,0.5,True,42
weight_decay,0.0001,102,102,12,0.6652859164909883,0.6994272907574971,0.001,64,2,0.3,False,32,75,0.0001,0.1,10,5,0.5,True,42
weight_decay,0.0001,102,102,13,0.6598465614246599,0.6983958601951599,0.001,64,2,0.3,False,32,75,0.0001,0.1,10,5,0.5,True,42
weight_decay,0.0001,102,102,14,0.6548077716971888,0.7145075122515361,0.001,64,2,0.3,False,32,75,0.0001,0.1,10,5,0.5,True,42
weight_decay,0.0001,102,102,15,0.6389273425394838,0.7323880275090535,0.001,64,2,0.3,False,32,75,0.0001,0.1,10,5,0.5,True,42
weight_decay,0.0001,102,102,16,0.6314752964359341,0.7357565402984619,0.001,64,2,0.3,False,32,75,0.0001,0.1,10,5,0.5,True,42
weight_decay,0.0001,102,102,17,0.6238735729094708,0.7564088543256123,0.001,64,2,0.3,False,32,75,0.0001,0.1,10,5,0.5,True,42
weight_decay,0.0001,102,102,18,0.6155106050498558,0.7734827280044556,0.001,64,2,0.3,False,32,75,0.0001,0.1,10,5,0.5,True,42
weight_decay,0.0001,103,103,1,0.6940364060979901,0.6955786387125651,0.001,64,2,0.3,False,32,75,0.0001,0.1,10,5,0.5,True,42
weight_decay,0.0001,103,103,2,0.693245920267972,0.6934013168017069,0.001,64,2,0.3,False,32,75,0.0001,0.1,10,5,0.5,True,42
weight_decay,0.0001,103,103,3,0.6918574521938959,0.6923828879992168,0.001,64,2,0.3,False,32,75,0.0001,0.1,10,5,0.5,True,42
weight_decay,0.0001,103,103,4,0.6908369831966631,0.6913948257764181,0.001,64,2,0.3,False,32,75,0.0001,0.1,10,5,0.5,True,42
weight_decay,0.0001,103,103,5,0.6889641244303096,0.6927985111872356,0.001,64,2,0.3,False,32,75,0.0001,0.1,10,5,0.5,True,42
weight_decay,0.0001,103,103,6,0.6862940174160581,0.6960785349210104,0.001,64,2,0.3,False,32,75,0.0001,0.1,10,5,0.5,True,42
weight_decay,0.0001,103,103,7,0.6852820840748873,0.6911458293596904,0.001,64,2,0.3,False,32,75,0.0001,0.1,10,5,0.5,True,42
weight_decay,0.0001,103,103,8,0.6819502327478293,0.6926499009132385,0.001,64,2,0.3,False,32,75,0.0001,0.1,10,5,0.5,True,42
weight_decay,0.0001,103,103,9,0.6782124516638842,0.6954583883285522,0.001,64,2,0.3,False,32,75,0.0001,0.1,10,5,0.5,True,42
weight_decay,0.0001,103,103,10,0.6738529105981191,0.6948793490727743,0.001,64,2,0.3,False,32,75,0.0001,0.1,10,5,0.5,True,42
weight_decay,0.0001,103,103,11,0.6726182184436105,0.6990146319071452,0.001,64,2,0.3,False,32,75,0.0001,0.1,10,5,0.5,True,42
weight_decay,0.0001,103,103,12,0.6669314946189071,0.7065480907758077,0.001,64,2,0.3,False,32,75,0.0001,0.1,10,5,0.5,True,42
weight_decay,0.0001,103,103,13,0.6586061165188298,0.7153200189272563,0.001,64,2,0.3,False,32,75,0.0001,0.1,10,5,0.5,True,42
weight_decay,0.0001,103,103,14,0.6463385301105904,0.7194901784261067,0.001,64,2,0.3,False,32,75,0.0001,0.1,10,5,0.5,True,42
weight_decay,0.0001,103,103,15,0.6372165788303722,0.7397949457168579,0.001,64,2,0.3,False,32,75,0.0001,0.1,10,5,0.5,True,42
weight_decay,0.0001,103,103,16,0.6257953842480978,0.7401011228561402,0.001,64,2,0.3,False,32,75,0.0001,0.1,10,5,0.5,True,42
weight_decay,0.0001,103,103,17,0.6219536140561104,0.7661489605903625,0.001,64,2,0.3,False,32,75,0.0001,0.1,10,5,0.5,True,42
weight_decay,0.0001,104,104,1,0.6938807743065285,0.6943332950274149,0.001,64,2,0.3,False,32,75,0.0001,0.1,10,5,0.5,True,42
weight_decay,0.0001,104,104,2,0.6925929477720549,0.6946630040804546,0.001,64,2,0.3,False,32,75,0.0001,0.1,10,5,0.5,True,42
weight_decay,0.0001,104,104,3,0.6913544567245425,0.6962643980979919,0.001,64,2,0.3,False,32,75,0.0001,0.1,10,5,0.5,True,42
weight_decay,0.0001,104,104,4,0.6912825694589904,0.6923151453336079,0.001,64,2,0.3,False,32,75,0.0001,0.1,10,5,0.5,True,42
weight_decay,0.0001,104,104,5,0.6896688360156435,0.6909403522809346,0.001,64,2,0.3,False,32,75,0.0001,0.1,10,5,0.5,True,42
weight_decay,0.0001,104,104,6,0.6888924651976788,0.6911263902982075,0.001,64,2,0.3,False,32,75,0.0001,0.1,10,5,0.5,True,42
weight_decay,0.0001,104,104,7,0.6868692388137182,0.6906748652458191,0.001,64,2,0.3,False,32,75,0.0001,0.1,10,5,0.5,True,42
weight_decay,0.0001,104,104,8,0.6845102201808583,0.6884739875793457,0.001,64,2,0.3,False,32,75,0.0001,0.1,10,5,0.5,True,42
weight_decay,0.0001,104,104,9,0.6811778351212993,0.6948953588803609,0.001,64,2,0.3,False,32,75,0.0001,0.1,10,5,0.5,True,42
weight_decay,0.0001,104,104,10,0.679759914224798,0.696067742506663,0.001,64,2,0.3,False,32,75,0.0001,0.1,10,5,0.5,True,42
weight_decay,0.0001,104,104,11,0.6752538387522553,0.7005647977193197,0.001,64,2,0.3,False,32,75,0.0001,0.1,10,5,0.5,True,42
weight_decay,0.0001,104,104,12,0.6698392471580794,0.6962230642636617,0.001,64,2,0.3,False,32,75,0.0001,0.1,10,5,0.5,True,42
weight_decay,0.0001,104,104,13,0.6637091261870933,0.7108516534169514,0.001,64,2,0.3,False,32,75,0.0001,0.1,10,5,0.5,True,42
weight_decay,0.0001,104,104,14,0.6575712371956218,0.7006767670313517,0.001,64,2,0.3,False,32,75,0.0001,0.1,10,5,0.5,True,42
weight_decay,0.0001,104,104,15,0.6469531524361987,0.7124940554300944,0.001,64,2,0.3,False,32,75,0.0001,0.1,10,5,0.5,True,42
weight_decay,0.0001,104,104,16,0.6366638026454232,0.7351660966873169,0.001,64,2,0.3,False,32,75,0.0001,0.1,10,5,0.5,True,42
weight_decay,0.0001,104,104,17,0.6303886333198259,0.741481335957845,0.001,64,2,0.3,False,32,75,0.0001,0.1,10,5,0.5,True,42
weight_decay,0.0001,104,104,18,0.6256952692161907,0.7563915848731995,0.001,64,2,0.3,False,32,75,0.0001,0.1,10,5,0.5,True,42
weight_decay,0.0001,105,105,1,0.6932858057094343,0.6919923226038615,0.001,64,2,0.3,False,32,75,0.0001,0.1,10,5,0.5,True,42
weight_decay,0.0001,105,105,2,0.6922072384393576,0.6926243305206299,0.001,64,2,0.3,False,32,75,0.0001,0.1,10,5,0.5,True,42
weight_decay,0.0001,105,105,3,0.6903801135944597,0.6937589685122172,0.001,64,2,0.3,False,32,75,0.0001,0.1,10,5,0.5,True,42
weight_decay,0.0001,105,105,4,0.6889303633660981,0.6915965755780538,0.001,64,2,0.3,False,32,75,0.0001,0.1,10,5,0.5,True,42
weight_decay,0.0001,105,105,5,0.6875910993778345,0.6909541765848796,0.001,64,2,0.3,False,32,75,0.0001,0.1,10,5,0.5,True,42
weight_decay,0.0001,105,105,6,0.6835762099786238,0.6937885880470276,0.001,64,2,0.3,False,32,75,0.0001,0.1,10,5,0.5,True,42
weight_decay,0.0001,105,105,7,0.6806897448770928,0.6976225892702739,0.001,64,2,0.3,False,32,75,0.0001,0.1,10,5,0.5,True,42
weight_decay,0.0001,105,105,8,0.6745337776162408,0.7058198690414429,0.001,64,2,0.3,False,32,75,0.0001,0.1,10,5,0.5,True,42
weight_decay,0.0001,105,105,9,0.6738221780820326,0.7025339961051941,0.001,64,2,0.3,False,32,75,0.0001,0.1,10,5,0.5,True,42
weight_decay,0.0001,105,105,10,0.6703196154399351,0.7064178665479024,0.001,64,2,0.3,False,32,75,0.0001,0.1,10,5,0.5,True,42
weight_decay,0.0001,105,105,11,0.6641141989014365,0.7109818816184997,0.001,64,2,0.3,False,32,75,0.0001,0.1,10,5,0.5,True,42
weight_decay,0.0001,105,105,12,0.654017988931049,0.7117343823115031,0.001,64,2,0.3,False,32,75,0.0001,0.1,10,5,0.5,True,42
weight_decay,0.0001,105,105,13,0.6433930433157719,0.7267453908920288,0.001,64,2,0.3,False,32,75,0.0001,0.1,10,5,0.5,True,42
weight_decay,0.0001,105,105,14,0.6376375077348767,0.7279778361320496,0.001,64,2,0.3,False,32,75,0.0001,0.1,10,5,0.5,True,42
weight_decay,0.0001,105,105,15,0.6315653073516759,0.7461512605349223,0.001,64,2,0.3,False,32,75,0.0001,0.1,10,5,0.5,True,42
weight_decay,0.0001,106,106,1,0.6939611114335783,0.6934044837951661,0.001,64,2,0.3,False,32,75,0.0001,0.1,10,5,0.5,True,42
weight_decay,0.0001,106,106,2,0.6921416841673128,0.694667379061381,0.001,64,2,0.3,False,32,75,0.0001,0.1,10,5,0.5,True,42
weight_decay,0.0001,106,106,3,0.691838007533189,0.6949255545934041,0.001,64,2,0.3,False,32,75,0.0001,0.1,10,5,0.5,True,42
weight_decay,0.0001,106,106,4,0.6899798250559604,0.6913685242335001,0.001,64,2,0.3,False,32,75,0.0001,0.1,10,5,0.5,True,42
weight_decay,0.0001,106,106,5,0.68811250816692,0.6972224871317546,0.001,64,2,0.3,False,32,75,0.0001,0.1,10,5,0.5,True,42
weight_decay,0.0001,106,106,6,0.6867999998909055,0.6950455943743388,0.001,64,2,0.3,False,32,75,0.0001,0.1,10,5,0.5,True,42
weight_decay,0.0001,106,106,7,0.6841332948569095,0.6932612101236979,0.001,64,2,0.3,False,32,75,0.0001,0.1,10,5,0.5,True,42
weight_decay,0.0001,106,106,8,0.6804763399290316,0.7069708267847697,0.001,64,2,0.3,False,32,75,0.0001,0.1,10,5,0.5,True,42
weight_decay,0.0001,106,106,9,0.6762778194564761,0.7014214475949605,0.001,64,2,0.3,False,32,75,0.0001,0.1,10,5,0.5,True,42
weight_decay,0.0001,106,106,10,0.673192073449944,0.7199286142985026,0.001,64,2,0.3,False,32,75,0.0001,0.1,10,5,0.5,True,42
weight_decay,0.0001,106,106,11,0.6675828668204221,0.7115033626556396,0.001,64,2,0.3,False,32,75,0.0001,0.1,10,5,0.5,True,42
weight_decay,0.0001,106,106,12,0.6569495634599165,0.7172484556833904,0.001,64,2,0.3,False,32,75,0.0001,0.1,10,5,0.5,True,42
weight_decay,0.0001,106,106,13,0.6540273491180304,0.735811463991801,0.001,64,2,0.3,False,32,75,0.0001,0.1,10,5,0.5,True,42
weight_decay,0.0001,106,106,14,0.6467377484747858,0.7254932761192322,0.001,64,2,0.3,False,32,75,0.0001,0.1,10,5,0.5,True,42
weight_decay,0.0001,107,107,1,0.6942085190252825,0.6931404034296672,0.001,64,2,0.3,False,32,75,0.0001,0.1,10,5,0.5,True,42
weight_decay,0.0001,107,107,2,0.6925644752654162,0.6943666259447734,0.001,64,2,0.3,False,32,75,0.0001,0.1,10,5,0.5,True,42
weight_decay,0.0001,107,107,3,0.691277085831671,0.6935470143953959,0.001,64,2,0.3,False,32,75,0.0001,0.1,10,5,0.5,True,42
weight_decay,0.0001,107,107,4,0.6896947306213956,0.6930832743644715,0.001,64,2,0.3,False,32,75,0.0001,0.1,10,5,0.5,True,42
weight_decay,0.0001,107,107,5,0.6879526679262971,0.6967979828516643,0.001,64,2,0.3,False,32,75,0.0001,0.1,10,5,0.5,True,42
weight_decay,0.0001,107,107,6,0.6868346170945601,0.693960173924764,0.001,64,2,0.3,False,32,75,0.0001,0.1,10,5,0.5,True,42
weight_decay,0.0001,107,107,7,0.6845414656581301,0.6947396834691365,0.001,64,2,0.3,False,32,75,0.0001,0.1,10,5,0.5,True,42
weight_decay,0.0001,107,107,8,0.6775763215440692,0.7014316439628601,0.001,64,2,0.3,False,32,75,0.0001,0.1,10,5,0.5,True,42
weight_decay,0.0001,107,107,9,0.6745069338516756,0.7039899388949077,0.001,64,2,0.3,False,32,75,0.0001,0.1,10,5,0.5,True,42
weight_decay,0.0001,107,107,10,0.6711536894241968,0.7109500845273335,0.001,64,2,0.3,False,32,75,0.0001,0.1,10,5,0.5,True,42
weight_decay,0.0001,107,107,11,0.6666560159488157,0.6985235134760539,0.001,64,2,0.3,False,32,75,0.0001,0.1,10,5,0.5,True,42
weight_decay,0.0001,107,107,12,0.6645331278894887,0.7010086139043172,0.001,64,2,0.3,False,32,75,0.0001,0.1,10,5,0.5,True,42
weight_decay,0.0001,107,107,13,0.6603060017029444,0.7027236739794414,0.001,64,2,0.3,False,32,75,0.0001,0.1,10,5,0.5,True,42
weight_decay,0.0001,107,107,14,0.6519433445099628,0.7220525622367859,0.001,64,2,0.3,False,32,75,0.0001,0.1,10,5,0.5,True,42
weight_decay,0.0001,108,108,1,0.6943770010362972,0.6920963168144226,0.001,64,2,0.3,False,32,75,0.0001,0.1,10,5,0.5,True,42
weight_decay,0.0001,108,108,2,0.6930741134918097,0.6921073079109192,0.001,64,2,0.3,False,32,75,0.0001,0.1,10,5,0.5,True,42
weight_decay,0.0001,108,108,3,0.6917995354442885,0.6925535996754965,0.001,64,2,0.3,False,32,75,0.0001,0.1,10,5,0.5,True,42
weight_decay,0.0001,108,108,4,0.6912056446978541,0.6914122223854064,0.001,64,2,0.3,False,32,75,0.0001,0.1,10,5,0.5,True,42
weight_decay,0.0001,108,108,5,0.6895049950390151,0.6915458083152771,0.001,64,2,0.3,False,32,75,0.0001,0.1,10,5,0.5,True,42
weight_decay,0.0001,108,108,6,0.6886943285212372,0.6899010141690572,0.001,64,2,0.3,False,32,75,0.0001,0.1,10,5,0.5,True,42
weight_decay,0.0001,108,108,7,0.6859100104281397,0.6934848268826802,0.001,64,2,0.3,False,32,75,0.0001,0.1,10,5,0.5,True,42
weight_decay,0.0001,108,108,8,0.6825803283489111,0.6954047044118246,0.001,64,2,0.3,False,32,75,0.0001,0.1,10,5,0.5,True,42
weight_decay,0.0001,108,108,9,0.6803425148581014,0.6983797629674275,0.001,64,2,0.3,False,32,75,0.0001,0.1,10,5,0.5,True,42
weight_decay,0.0001,108,108,10,0.6761927482756701,0.694482437769572,0.001,64,2,0.3,False,32,75,0.0001,0.1,10,5,0.5,True,42
weight_decay,0.0001,108,108,11,0.6745225791678284,0.6974231958389282,0.001,64,2,0.3,False,32,75,0.0001,0.1,10,5,0.5,True,42
weight_decay,0.0001,108,108,12,0.6659250336162972,0.7087910532951355,0.001,64,2,0.3,False,32,75,0.0001,0.1,10,5,0.5,True,42
weight_decay,0.0001,108,108,13,0.6540640777710712,0.7145377198855082,0.001,64,2,0.3,False,32,75,0.0001,0.1,10,5,0.5,True,42
weight_decay,0.0001,108,108,14,0.6482116760629596,0.7180185397466023,0.001,64,2,0.3,False,32,75,0.0001,0.1,10,5,0.5,True,42
weight_decay,0.0001,108,108,15,0.6406312846776211,0.7470419446627299,0.001,64,2,0.3,False,32,75,0.0001,0.1,10,5,0.5,True,42
weight_decay,0.0001,108,108,16,0.6335757939201413,0.7502290368080139,0.001,64,2,0.3,False,32,75,0.0001,0.1,10,5,0.5,True,42
weight_decay,0.001,1,1,1,0.6937308451443007,0.6923543969790141,0.001,64,2,0.3,False,32,75,0.001,0.1,10,5,0.5,True,42
weight_decay,0.001,1,1,2,0.6928691990447767,0.6918826500574747,0.001,64,2,0.3,False,32,75,0.001,0.1,10,5,0.5,True,42
weight_decay,0.001,1,1,3,0.6926236387455103,0.6927936991055806,0.001,64,2,0.3,False,32,75,0.001,0.1,10,5,0.5,True,42
weight_decay,0.001,1,1,4,0.6910582496361299,0.6933030803998311,0.001,64,2,0.3,False,32,75,0.001,0.1,10,5,0.5,True,42
weight_decay,0.001,1,1,5,0.6918712998881484,0.692957345644633,0.001,64,2,0.3,False,32,75,0.001,0.1,10,5,0.5,True,42
weight_decay,0.001,1,1,6,0.6909859008861311,0.6936562140782674,0.001,64,2,0.3,False,32,75,0.001,0.1,10,5,0.5,True,42
weight_decay,0.001,1,1,7,0.6909921530521277,0.6921562075614929,0.001,64,2,0.3,False,32,75,0.001,0.1,10,5,0.5,True,42
weight_decay,0.001,1,1,8,0.6912591028394122,0.6922606428464254,0.001,64,2,0.3,False,32,75,0.001,0.1,10,5,0.5,True,42
weight_decay,0.001,1,1,9,0.6895852084412719,0.6929141839345296,0.001,64,2,0.3,False,32,75,0.001,0.1,10,5,0.5,True,42
weight_decay,0.001,1,1,10,0.6885573389855298,0.6927998145421346,0.001,64,2,0.3,False,32,75,0.001,0.1,10,5,0.5,True,42
weight_decay,0.001,1,1,11,0.6897584990118489,0.6933685938517252,0.001,64,2,0.3,False,32,75,0.001,0.1,10,5,0.5,True,42
weight_decay,0.001,1,1,12,0.6882349153359731,0.6940406481424968,0.001,64,2,0.3,False,32,75,0.001,0.1,10,5,0.5,True,42
weight_decay,0.001,2,2,1,0.6939771514047276,0.6930805166562398,0.001,64,2,0.3,False,32,75,0.001,0.1,10,5,0.5,True,42
weight_decay,0.001,2,2,2,0.6926739626761639,0.6923967123031616,0.001,64,2,0.3,False,32,75,0.001,0.1,10,5,0.5,True,42
weight_decay,0.001,2,2,3,0.6929292299530723,0.6920233090718587,0.001,64,2,0.3,False,32,75,0.001,0.1,10,5,0.5,True,42
weight_decay,0.001,2,2,4,0.6914730555180347,0.6917072733243307,0.001,64,2,0.3,False,32,75,0.001,0.1,10,5,0.5,True,42
weight_decay,0.001,2,2,5,0.6914141002026472,0.6920958280563354,0.001,64,2,0.3,False,32,75,0.001,0.1,10,5,0.5,True,42
weight_decay,0.001,2,2,6,0.6907813336813089,0.6925552407900493,0.001,64,2,0.3,False,32,75,0.001,0.1,10,5,0.5,True,42
weight_decay,0.001,2,2,7,0.6908154934644699,0.6926419099171957,0.001,64,2,0.3,False,32,75,0.001,0.1,10,5,0.5,True,42
weight_decay,0.001,2,2,8,0.6907724900679155,0.6922672351201375,0.001,64,2,0.3,False,32,75,0.001,0.1,10,5,0.5,True,42
weight_decay,0.001,2,2,9,0.6902525975848689,0.6938673218091329,0.001,64,2,0.3,False,32,75,0.001,0.1,10,5,0.5,True,42
weight_decay,0.001,2,2,10,0.6894735450094397,0.693235186735789,0.001,64,2,0.3,False,32,75,0.001,0.1,10,5,0.5,True,42
weight_decay,0.001,2,2,11,0.6898398995399475,0.6925861875216166,0.001,64,2,0.3,False,32,75,0.001,0.1,10,5,0.5,True,42
weight_decay,0.001,2,2,12,0.6886250056100615,0.6928508758544922,0.001,64,2,0.3,False,32,75,0.001,0.1,10,5,0.5,True,42
weight_decay,0.001,2,2,13,0.6880625730211084,0.6929953972498576,0.001,64,2,0.3,False,32,75,0.001,0.1,10,5,0.5,True,42
weight_decay,0.001,2,2,14,0.6891043448086941,0.6929798086484273,0.001,64,2,0.3,False,32,75,0.001,0.1,10,5,0.5,True,42
weight_decay,0.001,3,3,1,0.6936825251940525,0.6935571471850077,0.001,64,2,0.3,False,32,75,0.001,0.1,10,5,0.5,True,42
weight_decay,0.001,3,3,2,0.6925629476706187,0.6934679587682088,0.001,64,2,0.3,False,32,75,0.001,0.1,10,5,0.5,True,42
weight_decay,0.001,3,3,3,0.6922399157827551,0.6932009379069011,0.001,64,2,0.3,False,32,75,0.001,0.1,10,5,0.5,True,42
weight_decay,0.001,3,3,4,0.6912176229737022,0.693375806013743,0.001,64,2,0.3,False,32,75,0.001,0.1,10,5,0.5,True,42
weight_decay,0.001,3,3,5,0.6920045149145704,0.692950439453125,0.001,64,2,0.3,False,32,75,0.001,0.1,10,5,0.5,True,42
weight_decay,0.001,3,3,6,0.6908307549628344,0.6924494703610738,0.001,64,2,0.3,False,32,75,0.001,0.1,10,5,0.5,True,42
weight_decay,0.001,3,3,7,0.6901705716595505,0.6945215662320455,0.001,64,2,0.3,False,32,75,0.001,0.1,10,5,0.5,True,42
weight_decay,0.001,3,3,8,0.6907000175931237,0.6935302535692851,0.001,64,2,0.3,False,32,75,0.001,0.1,10,5,0.5,True,42
weight_decay,0.001,3,3,9,0.6903386125058839,0.6926374673843384,0.001,64,2,0.3,False,32,75,0.001,0.1,10,5,0.5,True,42
weight_decay,0.001,3,3,10,0.6891490004279397,0.6938085476557414,0.001,64,2,0.3,False,32,75,0.001,0.1,10,5,0.5,True,42
weight_decay,0.001,3,3,11,0.6889751833496671,0.6946791927019755,0.001,64,2,0.3,False,32,75,0.001,0.1,10,5,0.5,True,42
weight_decay,0.001,3,3,12,0.6883461917891647,0.6952983419100444,0.001,64,2,0.3,False,32,75,0.001,0.1,10,5,0.5,True,42
weight_decay,0.001,3,3,13,0.6872654927499366,0.6944857676823933,0.001,64,2,0.3,False,32,75,0.001,0.1,10,5,0.5,True,42
weight_decay,0.001,3,3,14,0.6876074035059322,0.6950011293093363,0.001,64,2,0.3,False,32,75,0.001,0.1,10,5,0.5,True,42
weight_decay,0.001,3,3,15,0.6869156157428568,0.6960737824440002,0.001,64,2,0.3,False,32,75,0.001,0.1,10,5,0.5,True,42
weight_decay,0.001,3,3,16,0.6869126639582894,0.6959985971450806,0.001,64,2,0.3,False,32,75,0.001,0.1,10,5,0.5,True,42
weight_decay,0.001,4,4,1,0.6940369362180884,0.6937819679578145,0.001,64,2,0.3,False,32,75,0.001,0.1,10,5,0.5,True,42
weight_decay,0.001,4,4,2,0.6933757635680112,0.6930272181828817,0.001,64,2,0.3,False,32,75,0.001,0.1,10,5,0.5,True,42
weight_decay,0.001,4,4,3,0.6932011684685042,0.6933416803677876,0.001,64,2,0.3,False,32,75,0.001,0.1,10,5,0.5,True,42
weight_decay,0.001,4,4,4,0.6923204086946718,0.6928023815155029,0.001,64,2,0.3,False,32,75,0.001,0.1,10,5,0.5,True,42
weight_decay,0.001,4,4,5,0.6923250059286753,0.692558475335439,0.001,64,2,0.3,False,32,75,0.001,0.1,10,5,0.5,True,42
weight_decay,0.001,4,4,6,0.6915564780885523,0.6933653314908346,0.001,64,2,0.3,False,32,75,0.001,0.1,10,5,0.5,True,42
weight_decay,0.001,4,4,7,0.6912834775267225,0.6928749561309815,0.001,64,2,0.3,False,32,75,0.001,0.1,10,5,0.5,True,42
weight_decay,0.001,4,4,8,0.6908131435965047,0.6930622816085815,0.001,64,2,0.3,False,32,75,0.001,0.1,10,5,0.5,True,42
weight_decay,0.001,4,4,9,0.6906779733571139,0.6933063944180806,0.001,64,2,0.3,False,32,75,0.001,0.1,10,5,0.5,True,42
weight_decay,0.001,4,4,10,0.6904928517160993,0.6932910084724426,0.001,64,2,0.3,False,32,75,0.001,0.1,10,5,0.5,True,42
weight_decay,0.001,4,4,11,0.690434172297969,0.6938323179880778,0.001,64,2,0.3,False,32,75,0.001,0.1,10,5,0.5,True,42
weight_decay,0.001,4,4,12,0.6893631937828931,0.6939856131871541,0.001,64,2,0.3,False,32,75,0.001,0.1,10,5,0.5,True,42
weight_decay,0.001,4,4,13,0.6885975224502159,0.6945314486821492,0.001,64,2,0.3,False,32,75,0.001,0.1,10,5,0.5,True,42
weight_decay,0.001,4,4,14,0.6891755497816837,0.6946294943491618,0.001,64,2,0.3,False,32,75,0.001,0.1,10,5,0.5,True,42
weight_decay,0.001,4,4,15,0.6880789855212877,0.6957159280776978,0.001,64,2,0.3,False,32,75,0.001,0.1,10,5,0.5,True,42
weight_decay,0.001,5,5,1,0.6935733922503211,0.6928311665852864,0.001,64,2,0.3,False,32,75,0.001,0.1,10,5,0.5,True,42
weight_decay,0.001,5,5,2,0.6932117121689247,0.6921028017997741,0.001,64,2,0.3,False,32,75,0.001,0.1,10,5,0.5,True,42
weight_decay,0.001,5,5,3,0.6925859848658243,0.6917561570803324,0.001,64,2,0.3,False,32,75,0.001,0.1,10,5,0.5,True,42
weight_decay,0.001,5,5,4,0.6920735989556168,0.692646590868632,0.001,64,2,0.3,False,32,75,0.001,0.1,10,5,0.5,True,42
weight_decay,0.001,5,5,5,0.6921465767152382,0.6908378203709921,0.001,64,2,0.3,False,32,75,0.001,0.1,10,5,0.5,True,42
weight_decay,0.001,5,5,6,0.691897780606241,0.6903783798217773,0.001,64,2,0.3,False,32,75,0.001,0.1,10,5,0.5,True,42
weight_decay,0.001,5,5,7,0.6916531631440828,0.6912913282712301,0.001,64,2,0.3,False,32,75,0.001,0.1,10,5,0.5,True,42
weight_decay,0.001,5,5,8,0.6913985731926832,0.6902321974436442,0.001,64,2,0.3,False,32,75,0.001,0.1,10,5,0.5,True,42
weight_decay,0.001,5,5,9,0.6912683356891979,0.6908602555592854,0.001,64,2,0.3,False,32,75,0.001,0.1,10,5,0.5,True,42
weight_decay,0.001,5,5,10,0.6904326505733259,0.6899205764134725,0.001,64,2,0.3,False,32,75,0.001,0.1,10,5,0.5,True,42
weight_decay,0.001,5,5,11,0.690129994894519,0.6908799211184183,0.001,64,2,0.3,False,32,75,0.001,0.1,10,5,0.5,True,42
weight_decay,0.001,5,5,12,0.6905779545054291,0.6904843091964722,0.001,64,2,0.3,False,32,75,0.001,0.1,10,5,0.5,True,42
weight_decay,0.001,5,5,13,0.69018782314026,0.689401376247406,0.001,64,2,0.3,False,32,75,0.001,0.1,10,5,0.5,True,42
weight_decay,0.001,5,5,14,0.6896281499754299,0.6897654970486958,0.001,64,2,0.3,False,32,75,0.001,0.1,10,5,0.5,True,42
weight_decay,0.001,5,5,15,0.6900836554440585,0.6899389068285624,0.001,64,2,0.3,False,32,75,0.001,0.1,10,5,0.5,True,42
weight_decay,0.001,5,5,16,0.6886508374503164,0.6912415663401286,0.001,64,2,0.3,False,32,75,0.001,0.1,10,5,0.5,True,42
weight_decay,0.001,5,5,17,0.688708532037157,0.6907503366470337,0.001,64,2,0.3,False,32,75,0.001,0.1,10,5,0.5,True,42
weight_decay,0.001,5,5,18,0.6875859200954437,0.6886178374290466,0.001,64,2,0.3,False,32,75,0.001,0.1,10,5,0.5,True,42
weight_decay,0.001,5,5,19,0.6876207513339592,0.6891763925552368,0.001,64,2,0.3,False,32,75,0.001,0.1,10,5,0.5,True,42
weight_decay,0.001,5,5,20,0.6878448620890126,0.6908873558044434,0.001,64,2,0.3,False,32,75,0.001,0.1,10,5,0.5,True,42
weight_decay,0.001,5,5,21,0.6878924265955434,0.6884526173273723,0.001,64,2,0.3,False,32,75,0.001,0.1,10,5,0.5,True,42
weight_decay,0.001,5,5,22,0.6884551721088814,0.6886735836664836,0.001,64,2,0.3,False,32,75,0.001,0.1,10,5,0.5,True,42
weight_decay,0.001,5,5,23,0.688098613059882,0.6891138990720113,0.001,64,2,0.3,False,32,75,0.001,0.1,10,5,0.5,True,42
weight_decay,0.001,5,5,24,0.6882298322338046,0.6877311905225117,0.001,64,2,0.3,False,32,75,0.001,0.1,10,5,0.5,True,42
weight_decay,0.001,5,5,25,0.6879927502437071,0.6886599580446879,0.001,64,2,0.3,False,32,75,0.001,0.1,10,5,0.5,True,42
weight_decay,0.001,5,5,26,0.6866987067641634,0.6878026405970256,0.001,64,2,0.3,False,32,75,0.001,0.1,10,5,0.5,True,42
weight_decay,0.001,5,5,27,0.6874373035900521,0.6884417692820232,0.001,64,2,0.3,False,32,75,0.001,0.1,10,5,0.5,True,42
weight_decay,0.001,5,5,28,0.686986247698466,0.690135395526886,0.001,64,2,0.3,False,32,75,0.001,0.1,10,5,0.5,True,42
weight_decay,0.001,5,5,29,0.6868222527431719,0.6921296795209249,0.001,64,2,0.3,False,32,75,0.001,0.1,10,5,0.5,True,42
weight_decay,0.001,5,5,30,0.686251830422517,0.689784562587738,0.001,64,2,0.3,False,32,75,0.001,0.1,10,5,0.5,True,42
weight_decay,0.001,5,5,31,0.6839759151140848,0.6897400101025899,0.001,64,2,0.3,False,32,75,0.001,0.1,10,5,0.5,True,42
weight_decay,0.001,5,5,32,0.6835474986018557,0.6903739174207052,0.001,64,2,0.3,False,32,75,0.001,0.1,10,5,0.5,True,42
weight_decay,0.001,5,5,33,0.6850868400299188,0.6902127583821615,0.001,64,2,0.3,False,32,75,0.001,0.1,10,5,0.5,True,42
weight_decay,0.001,5,5,34,0.6834735572338104,0.6898163278897603,0.001,64,2,0.3,False,32,75,0.001,0.1,10,5,0.5,True,42
weight_decay,0.001,6,6,1,0.6938110788663229,0.6931715846061707,0.001,64,2,0.3,False,32,75,0.001,0.1,10,5,0.5,True,42
weight_decay,0.001,6,6,2,0.6936372342434797,0.6929425756136577,0.001,64,2,0.3,False,32,75,0.001,0.1,10,5,0.5,True,42
weight_decay,0.001,6,6,3,0.6926269115823688,0.6930767297744751,0.001,64,2,0.3,False,32,75,0.001,0.1,10,5,0.5,True,42
weight_decay,0.001,6,6,4,0.6928243388732275,0.6928852876027425,0.001,64,2,0.3,False,32,75,0.001,0.1,10,5,0.5,True,42
weight_decay,0.001,6,6,5,0.6921087458278193,0.6933033227920532,0.001,64,2,0.3,False,32,75,0.001,0.1,10,5,0.5,True,42
weight_decay,0.001,6,6,6,0.6921619660023487,0.6928000251452128,0.001,64,2,0.3,False,32,75,0.001,0.1,10,5,0.5,True,42
weight_decay,0.001,6,6,7,0.6920612133813627,0.6930016080538431,0.001,64,2,0.3,False,32,75,0.001,0.1,10,5,0.5,True,42
weight_decay,0.001,6,6,8,0.6920955474629547,0.6922252893447876,0.001,64,2,0.3,False,32,75,0.001,0.1,10,5,0.5,True,42
weight_decay,0.001,6,6,9,0.691867750250932,0.6924423138300578,0.001,64,2,0.3,False,32,75,0.001,0.1,10,5,0.5,True,42
weight_decay,0.001,6,6,10,0.691272978981336,0.6923243403434753,0.001,64,2,0.3,False,32,75,0.001,0.1,10,5,0.5,True,42
weight_decay,0.001,6,6,11,0.6912489294102697,0.6921913305918376,0.001,64,2,0.3,False,32,75,0.001,0.1,10,5,0.5,True,42
weight_decay,0.001,6,6,12,0.6910921407468391,0.6921330650647481,0.001,64,2,0.3,False,32,75,0.001,0.1,10,5,0.5,True,42
weight_decay,0.001,6,6,13,0.690750929442319,0.6922136267026265,0.001,64,2,0.3,False,32,75,0.001,0.1,10,5,0.5,True,42
weight_decay,0.001,6,6,14,0.6917225032141714,0.6912769476572672,0.001,64,2,0.3,False,32,75,0.001,0.1,10,5,0.5,True,42
weight_decay,0.001,6,6,15,0.6917477313316229,0.6911643703778585,0.001,64,2,0.3,False,32,75,0.001,0.1,10,5,0.5,True,42
weight_decay,0.001,6,6,16,0.6909257137414181,0.6908119956652323,0.001,64,2,0.3,False,32,75,0.001,0.1,10,5,0.5,True,42
weight_decay,0.001,6,6,17,0.6908171912937453,0.6909850160280864,0.001,64,2,0.3,False,32,75,0.001,0.1,10,5,0.5,True,42
weight_decay,0.001,6,6,18,0.6903584238254663,0.6906524340311686,0.001,64,2,0.3,False,32,75,0.001,0.1,10,5,0.5,True,42
weight_decay,0.001,6,6,19,0.689799652858214,0.6902132391929626,0.001,64,2,0.3,False,32,75,0.001,0.1,10,5,0.5,True,42
weight_decay,0.001,6,6,20,0.6899696570454221,0.691089125474294,0.001,64,2,0.3,False,32,75,0.001,0.1,10,5,0.5,True,42
weight_decay,0.001,6,6,21,0.6897792342034254,0.6922884345054626,0.001,64,2,0.3,False,32,75,0.001,0.1,10,5,0.5,True,42
weight_decay,0.001,6,6,22,0.6899996034123681,0.6903423428535461,0.001,64,2,0.3,False,32,75,0.001,0.1,10,5,0.5,True,42
weight_decay,0.001,6,6,23,0.6893507486039941,0.6908578713734944,0.001,64,2,0.3,False,32,75,0.001,0.1,10,5,0.5,True,42
weight_decay,0.001,6,6,24,0.689940610166752,0.6894940853118896,0.001,64,2,0.3,False,32,75,0.001,0.1,10,5,0.5,True,42
weight_decay,0.001,6,6,25,0.6896878932461594,0.6908138831456502,0.001,64,2,0.3,False,32,75,0.001,0.1,10,5,0.5,True,42
weight_decay,0.001,6,6,26,0.6896114629326444,0.6909445921579996,0.001,64,2,0.3,False,32,75,0.001,0.1,10,5,0.5,True,42
weight_decay,0.001,6,6,27,0.6896181431683627,0.6902420401573182,0.001,64,2,0.3,False,32,75,0.001,0.1,10,5,0.5,True,42
weight_decay,0.001,6,6,28,0.6883522488854148,0.6919367512067159,0.001,64,2,0.3,False,32,75,0.001,0.1,10,5,0.5,True,42
weight_decay,0.001,6,6,29,0.6886998703985503,0.6892703255017598,0.001,64,2,0.3,False,32,75,0.001,0.1,10,5,0.5,True,42
weight_decay,0.001,6,6,30,0.6887642583160689,0.690392792224884,0.001,64,2,0.3,False,32,75,0.001,0.1,10,5,0.5,True,42
weight_decay,0.001,6,6,31,0.6890611436330911,0.6898969014485677,0.001,64,2,0.3,False,32,75,0.001,0.1,10,5,0.5,True,42
weight_decay,0.001,6,6,32,0.6890300426519278,0.6893513679504395,0.001,64,2,0.3,False,32,75,0.001,0.1,10,5,0.5,True,42
weight_decay,0.001,6,6,33,0.6878340587471471,0.6886630614598592,0.001,64,2,0.3,False,32,75,0.001,0.1,10,5,0.5,True,42
weight_decay,0.001,6,6,34,0.6881683085000876,0.6891765197118124,0.001,64,2,0.3,False,32,75,0.001,0.1,10,5,0.5,True,42
weight_decay,0.001,6,6,35,0.6881941579508059,0.6893687844276428,0.001,64,2,0.3,False,32,75,0.001,0.1,10,5,0.5,True,42
weight_decay,0.001,6,6,36,0.6876238598064943,0.6886028329531352,0.001,64,2,0.3,False,32,75,0.001,0.1,10,5,0.5,True,42
weight_decay,0.001,6,6,37,0.6872770551479224,0.6907985846201579,0.001,64,2,0.3,False,32,75,0.001,0.1,10,5,0.5,True,42
weight_decay,0.001,6,6,38,0.688020600062428,0.6890941858291626,0.001,64,2,0.3,False,32,75,0.001,0.1,10,5,0.5,True,42
weight_decay,0.001,6,6,39,0.6870391495300062,0.6883496801058452,0.001,64,2,0.3,False,32,75,0.001,0.1,10,5,0.5,True,42
weight_decay,0.001,6,6,40,0.6873542521939133,0.6889469981193542,0.001,64,2,0.3,False,32,75,0.001,0.1,10,5,0.5,True,42
weight_decay,0.001,6,6,41,0.6870408469077313,0.6894802252451578,0.001,64,2,0.3,False,32,75,0.001,0.1,10,5,0.5,True,42
weight_decay,0.001,6,6,42,0.6859546773361437,0.6878584186236064,0.001,64,2,0.3,False,32,75,0.001,0.1,10,5,0.5,True,42
weight_decay,0.001,6,6,43,0.6868930373227957,0.6930744608243307,0.001,64,2,0.3,False,32,75,0.001,0.1,10,5,0.5,True,42
weight_decay,0.001,6,6,44,0.6838384758342396,0.6893475810686748,0.001,64,2,0.3,False,32,75,0.001,0.1,10,5,0.5,True,42
weight_decay,0.001,6,6,45,0.6852342594753612,0.6892973065376282,0.001,64,2,0.3,False,32,75,0.001,0.1,10,5,0.5,True,42
weight_decay,0.001,6,6,46,0.686168093121413,0.6946595748265584,0.001,64,2,0.3,False,32,75,0.001,0.1,10,5,0.5,True,42
weight_decay,0.001,6,6,47,0.6836547657395854,0.6905610640843709,0.001,64,2,0.3,False,32,75,0.001,0.1,10,5,0.5,True,42
weight_decay,0.001,6,6,48,0.6835444443153612,0.6897500475247701,0.001,64,2,0.3,False,32,75,0.001,0.1,10,5,0.5,True,42
weight_decay,0.001,6,6,49,0.6807798901290605,0.6900858720143636,0.001,64,2,0.3,False,32,75,0.001,0.1,10,5,0.5,True,42
weight_decay,0.001,6,6,50,0.6825215541052095,0.6896026770273844,0.001,64,2,0.3,False,32,75,0.001,0.1,10,5,0.5,True,42
weight_decay,0.001,6,6,51,0.6800040855552211,0.6916956504185995,0.001,64,2,0.3,False,32,75,0.001,0.1,10,5,0.5,True,42
weight_decay,0.001,6,6,52,0.6805572405909047,0.6916850884755452,0.001,64,2,0.3,False,32,75,0.001,0.1,10,5,0.5,True,42
weight_decay,0.001,7,7,1,0.6940824484283273,0.6937192598978679,0.001,64,2,0.3,False,32,75,0.001,0.1,10,5,0.5,True,42
weight_decay,0.001,7,7,2,0.6927941107388699,0.6957051873207092,0.001,64,2,0.3,False,32,75,0.001,0.1,10,5,0.5,True,42
weight_decay,0.001,7,7,3,0.6928387794530753,0.6926339705785115,0.001,64,2,0.3,False,32,75,0.001,0.1,10,5,0.5,True,42
weight_decay,0.001,7,7,4,0.6925681946855603,0.6923686464627584,0.001,64,2,0.3,False,32,75,0.001,0.1,10,5,0.5,True,42
weight_decay,0.001,7,7,5,0.692775365078088,0.6925649046897888,0.001,64,2,0.3,False,32,75,0.001,0.1,10,5,0.5,True,42
weight_decay,0.001,7,7,6,0.6921950185840781,0.6930973529815674,0.001,64,2,0.3,False,32,75,0.001,0.1,10,5,0.5,True,42
weight_decay,0.001,7,7,7,0.6921317866354277,0.6926261782646179,0.001,64,2,0.3,False,32,75,0.001,0.1,10,5,0.5,True,42
weight_decay,0.001,7,7,8,0.691480915203239,0.693514370918274,0.001,64,2,0.3,False,32,75,0.001,0.1,10,5,0.5,True,42
weight_decay,0.001,7,7,9,0.6912812689940134,0.692274252573649,0.001,64,2,0.3,False,32,75,0.001,0.1,10,5,0.5,True,42
weight_decay,0.001,7,7,10,0.6903462834430464,0.6925466338793437,0.001,64,2,0.3,False,32,75,0.001,0.1,10,5,0.5,True,42
weight_decay,0.001,7,7,11,0.6914182842680903,0.6925727526346842,0.001,64,2,0.3,False,32,75,0.001,0.1,10,5,0.5,True,42
weight_decay,0.001,7,7,12,0.6906097075252822,0.6927131017049154,0.001,64,2,0.3,False,32,75,0.001,0.1,10,5,0.5,True,42
weight_decay,0.001,7,7,13,0.6892648221868457,0.6931069095929464,0.001,64,2,0.3,False,32,75,0.001,0.1,10,5,0.5,True,42
weight_decay,0.001,7,7,14,0.6895182900356523,0.6954605738321941,0.001,64,2,0.3,False,32,75,0.001,0.1,10,5,0.5,True,42
weight_decay,0.001,7,7,15,0.6898721704880396,0.6940557599067688,0.001,64,2,0.3,False,32,75,0.001,0.1,10,5,0.5,True,42
weight_decay,0.001,7,7,16,0.6887824594071417,0.69481494029363,0.001,64,2,0.3,False,32,75,0.001,0.1,10,5,0.5,True,42
weight_decay,0.001,7,7,17,0.6888711497639165,0.6948117891947428,0.001,64,2,0.3,False,32,75,0.001,0.1,10,5,0.5,True,42
weight_decay,0.001,7,7,18,0.6878744016091028,0.6959327936172486,0.001,64,2,0.3,False,32,75,0.001,0.1,10,5,0.5,True,42
weight_decay,0.001,7,7,19,0.6884805790402673,0.6956883231798808,0.001,64,2,0.3,False,32,75,0.001,0.1,10,5,0.5,True,42
weight_decay,0.001,8,8,1,0.6933528821576725,0.6953476627667745,0.001,64,2,0.3,False,32,75,0.001,0.1,10,5,0.5,True,42
weight_decay,0.001,8,8,2,0.6933408578236898,0.6937800765037536,0.001,64,2,0.3,False,32,75,0.001,0.1,10,5,0.5,True,42
weight_decay,0.001,8,8,3,0.692696931235718,0.6935146808624267,0.001,64,2,0.3,False,32,75,0.001,0.1,10,5,0.5,True,42
weight_decay,0.001,8,8,4,0.6920010167540926,0.6938351074854533,0.001,64,2,0.3,False,32,75,0.001,0.1,10,5,0.5,True,42
weight_decay,0.001,8,8,5,0.6917131764419151,0.6927687843640645,0.001,64,2,0.3,False,32,75,0.001,0.1,10,5,0.5,True,42
weight_decay,0.001,8,8,6,0.6911682838743384,0.6941105643908183,0.001,64,2,0.3,False,32,75,0.001,0.1,10,5,0.5,True,42
weight_decay,0.001,8,8,7,0.6912958969672521,0.6934688568115235,0.001,64,2,0.3,False,32,75,0.001,0.1,10,5,0.5,True,42
weight_decay,0.001,8,8,8,0.690976313569329,0.6929338415463765,0.001,64,2,0.3,False,32,75,0.001,0.1,10,5,0.5,True,42
weight_decay,0.001,8,8,9,0.6901170209501729,0.6922805229822795,0.001,64,2,0.3,False,32,75,0.001,0.1,10,5,0.5,True,42
weight_decay,0.001,8,8,10,0.6904283053044117,0.6925622582435608,0.001,64,2,0.3,False,32,75,0.001,0.1,10,5,0.5,True,42
weight_decay,0.001,8,8,11,0.6902781720414306,0.6919643918673197,0.001,64,2,0.3,False,32,75,0.001,0.1,10,5,0.5,True,42
weight_decay,0.001,8,8,12,0.6887811440410037,0.6937109629313151,0.001,64,2,0.3,False,32,75,0.001,0.1,10,5,0.5,True,42
weight_decay,0.001,8,8,13,0.6889780588222273,0.6933238744735718,0.001,64,2,0.3,False,32,75,0.001,0.1,10,5,0.5,True,42
weight_decay,0.001,8,8,14,0.6888121045900114,0.6916295687357584,0.001,64,2,0.3,False,32,75,0.001,0.1,10,5,0.5,True,42
weight_decay,0.001,8,8,15,0.6886630107959112,0.691582961877187,0.001,64,2,0.3,False,32,75,0.001,0.1,10,5,0.5,True,42
weight_decay,0.001,8,8,16,0.6885607730258595,0.6909354964892069,0.001,64,2,0.3,False,32,75,0.001,0.1,10,5,0.5,True,42
weight_decay,0.001,8,8,17,0.6885950913031896,0.6916166464487712,0.001,64,2,0.3,False,32,75,0.001,0.1,10,5,0.5,True,42
weight_decay,0.001,8,8,18,0.6878392362233364,0.6921154022216797,0.001,64,2,0.3,False,32,75,0.001,0.1,10,5,0.5,True,42
weight_decay,0.001,8,8,19,0.686678770365137,0.6902156432469686,0.001,64,2,0.3,False,32,75,0.001,0.1,10,5,0.5,True,42
weight_decay,0.001,8,8,20,0.6872102780775591,0.691909921169281,0.001,64,2,0.3,False,32,75,0.001,0.1,10,5,0.5,True,42
weight_decay,0.001,8,8,21,0.6871145724347143,0.691789178053538,0.001,64,2,0.3,False,32,75,0.001,0.1,10,5,0.5,True,42
weight_decay,0.001,8,8,22,0.6875232137513884,0.6922505299250284,0.001,64,2,0.3,False,32,75,0.001,0.1,10,5,0.5,True,42
weight_decay,0.001,8,8,23,0.6866539391604337,0.6931411663691203,0.001,64,2,0.3,False,32,75,0.001,0.1,10,5,0.5,True,42
weight_decay,0.001,8,8,24,0.6869047071897623,0.692124319076538,0.001,64,2,0.3,False,32,75,0.001,0.1,10,5,0.5,True,42
weight_decay,0.001,8,8,25,0.6855721234372167,0.6941319346427918,0.001,64,2,0.3,False,32,75,0.001,0.1,10,5,0.5,True,42
weight_decay,0.001,8,8,26,0.6855290771433802,0.693968665599823,0.001,64,2,0.3,False,32,75,0.001,0.1,10,5,0.5,True,42
weight_decay,0.001,8,8,27,0.6838727191542134,0.6933801968892416,0.001,64,2,0.3,False,32,75,0.001,0.1,10,5,0.5,True,42
weight_decay,0.001,8,8,28,0.6841780209180081,0.6928735812505086,0.001,64,2,0.3,False,32,75,0.001,0.1,10,5,0.5,True,42
weight_decay,0.001,8,8,29,0.6853483495387164,0.6942264755566915,0.001,64,2,0.3,False,32,75,0.001,0.1,10,5,0.5,True,42
weight_decay,0.001,9,9,1,0.6933923882968498,0.6931336879730224,0.001,64,2,0.3,False,32,75,0.001,0.1,10,5,0.5,True,42
weight_decay,0.001,9,9,2,0.6929442579999114,0.6923650979995728,0.001,64,2,0.3,False,32,75,0.001,0.1,10,5,0.5,True,42
weight_decay,0.001,9,9,3,0.6927995406316988,0.6924980044364929,0.001,64,2,0.3,False,32,75,0.001,0.1,10,5,0.5,True,42
weight_decay,0.001,9,9,4,0.6925312429666519,0.6929144144058228,0.001,64,2,0.3,False,32,75,0.001,0.1,10,5,0.5,True,42
weight_decay,0.001,9,9,5,0.6933015255313931,0.6930853247642517,0.001,64,2,0.3,False,32,75,0.001,0.1,10,5,0.5,True,42
weight_decay,0.001,9,9,6,0.6920582290851709,0.6928167382876078,0.001,64,2,0.3,False,32,75,0.001,0.1,10,5,0.5,True,42
weight_decay,0.001,9,9,7,0.6921637293064233,0.6917858997980754,0.001,64,2,0.3,False,32,75,0.001,0.1,10,5,0.5,True,42
weight_decay,0.001,9,9,8,0.6915320266376842,0.6927414099375407,0.001,64,2,0.3,False,32,75,0.001,0.1,10,5,0.5,True,42
weight_decay,0.001,9,9,9,0.6914507259022106,0.6917826294898987,0.001,64,2,0.3,False,32,75,0.001,0.1,10,5,0.5,True,42
weight_decay,0.001,9,9,10,0.6903013031591069,0.6936112880706787,0.001,64,2,0.3,False,32,75,0.001,0.1,10,5,0.5,True,42
weight_decay,0.001,9,9,11,0.6908573332158002,0.6916537523269654,0.001,64,2,0.3,False,32,75,0.001,0.1,10,5,0.5,True,42
weight_decay,0.001,9,9,12,0.6899312210805488,0.6926018118858337,0.001,64,2,0.3,False,32,75,0.001,0.1,10,5,0.5,True,42
weight_decay,0.001,9,9,13,0.6890016974824847,0.6924094637235005,0.001,64,2,0.3,False,32,75,0.001,0.1,10,5,0.5,True,42
weight_decay,0.001,9,9,14,0.6883859345407197,0.6952103813489278,0.001,64,2,0.3,False,32,75,0.001,0.1,10,5,0.5,True,42
weight_decay,0.001,9,9,15,0.6898470259074009,0.6930373827616374,0.001,64,2,0.3,False,32,75,0.001,0.1,10,5,0.5,True,42
weight_decay,0.001,9,9,16,0.6885501701723445,0.6928254127502441,0.001,64,2,0.3,False,32,75,0.001,0.1,10,5,0.5,True,42
weight_decay,0.001,9,9,17,0.6877489284132466,0.6926091591517131,0.001,64,2,0.3,False,32,75,0.001,0.1,10,5,0.5,True,42
weight_decay,0.001,9,9,18,0.6867066716605966,0.6932859460512797,0.001,64,2,0.3,False,32,75,0.001,0.1,10,5,0.5,True,42
weight_decay,0.001,9,9,19,0.6870785608436122,0.6936871488889058,0.001,64,2,0.3,False,32,75,0.001,0.1,10,5,0.5,True,42
weight_decay,0.001,9,9,20,0.6862634515220468,0.6932319243748982,0.001,64,2,0.3,False,32,75,0.001,0.1,10,5,0.5,True,42
weight_decay,0.001,9,9,21,0.6861927595102426,0.6936296184857687,0.001,64,2,0.3,False,32,75,0.001,0.1,10,5,0.5,True,42
weight_decay,0.001,10,10,1,0.6939206665212457,0.6933683911959331,0.001,64,2,0.3,False,32,75,0.001,0.1,10,5,0.5,True,42
weight_decay,0.001,10,10,2,0.6931749085585276,0.6935916344324747,0.001,64,2,0.3,False,32,75,0.001,0.1,10,5,0.5,True,42
weight_decay,0.001,10,10,3,0.6928810793342013,0.6941007296244304,0.001,64,2,0.3,False,32,75,0.001,0.1,10,5,0.5,True,42
weight_decay,0.001,10,10,4,0.6922444854721879,0.6926044185956319,0.001,64,2,0.3,False,32,75,0.001,0.1,10,5,0.5,True,42
weight_decay,0.001,10,10,5,0.6922667586442196,0.6918827931086222,0.001,64,2,0.3,False,32,75,0.001,0.1,10,5,0.5,True,42
weight_decay,0.001,10,10,6,0.6920765308719693,0.6917463580767313,0.001,64,2,0.3,False,32,75,0.001,0.1,10,5,0.5,True,42
weight_decay,0.001,10,10,7,0.6915402520786632,0.6924232880274455,0.001,64,2,0.3,False,32,75,0.001,0.1,10,5,0.5,True,42
weight_decay,0.001,10,10,8,0.6915583691813729,0.6912965973218282,0.001,64,2,0.3,False,32,75,0.001,0.1,10,5,0.5,True,42
weight_decay,0.001,10,10,9,0.69094063883478,0.6908409237861634,0.001,64,2,0.3,False,32,75,0.001,0.1,10,5,0.5,True,42
weight_decay,0.001,10,10,10,0.6908860820712466,0.6912423888842265,0.001,64,2,0.3,False,32,75,0.001,0.1,10,5,0.5,True,42
weight_decay,0.001,10,10,11,0.6912939656864513,0.6908862233161926,0.001,64,2,0.3,False,32,75,0.001,0.1,10,5,0.5,True,42
weight_decay,0.001,10,10,12,0.6902643993045344,0.6910006642341614,0.001,64,2,0.3,False,32,75,0.001,0.1,10,5,0.5,True,42
weight_decay,0.001,10,10,13,0.6903430697592822,0.689437468846639,0.001,64,2,0.3,False,32,75,0.001,0.1,10,5,0.5,True,42
weight_decay,0.001,10,10,14,0.6897287874510794,0.6895892262458801,0.001,64,2,0.3,False,32,75,0.001,0.1,10,5,0.5,True,42
weight_decay,0.001,10,10,15,0.6897015404520612,0.689563536643982,0.001,64,2,0.3,False,32,75,0.001,0.1,10,5,0.5,True,42
weight_decay,0.001,10,10,16,0.6893657179492892,0.6892571687698364,0.001,64,2,0.3,False,32,75,0.001,0.1,10,5,0.5,True,42
weight_decay,0.001,10,10,17,0.68929712248571,0.6884819785753886,0.001,64,2,0.3,False,32,75,0.001,0.1,10,5,0.5,True,42
weight_decay,0.001,10,10,18,0.6896625806887945,0.6888943473498027,0.001,64,2,0.3,False,32,75,0.001,0.1,10,5,0.5,True,42
weight_decay,0.001,10,10,19,0.6889241391962225,0.6886366844177246,0.001,64,2,0.3,False,32,75,0.001,0.1,10,5,0.5,True,42
weight_decay,0.001,10,10,20,0.6880101981488141,0.6890892505645752,0.001,64,2,0.3,False,32,75,0.001,0.1,10,5,0.5,True,42
weight_decay,0.001,10,10,21,0.6883795008514867,0.689045254389445,0.001,64,2,0.3,False,32,75,0.001,0.1,10,5,0.5,True,42
weight_decay,0.001,10,10,22,0.6880576687328743,0.6904877026875814,0.001,64,2,0.3,False,32,75,0.001,0.1,10,5,0.5,True,42
weight_decay,0.001,10,10,23,0.687818063027931,0.6881238142649333,0.001,64,2,0.3,False,32,75,0.001,0.1,10,5,0.5,True,42
weight_decay,0.001,10,10,24,0.6872503933581439,0.6931896289189656,0.001,64,2,0.3,False,32,75,0.001,0.1,10,5,0.5,True,42
weight_decay,0.001,10,10,25,0.6871081477764881,0.6877544681231181,0.001,64,2,0.3,False,32,75,0.001,0.1,10,5,0.5,True,42
weight_decay,0.001,10,10,26,0.6880744844675064,0.6901461839675903,0.001,64,2,0.3,False,32,75,0.001,0.1,10,5,0.5,True,42
weight_decay,0.001,10,10,27,0.6880772086707029,0.6886685689290365,0.001,64,2,0.3,False,32,75,0.001,0.1,10,5,0.5,True,42
weight_decay,0.001,10,10,28,0.6872219881325057,0.6906132380167643,0.001,64,2,0.3,False,32,75,0.001,0.1,10,5,0.5,True,42
weight_decay,0.001,10,10,29,0.6867174781633146,0.6917169411977132,0.001,64,2,0.3,False,32,75,0.001,0.1,10,5,0.5,True,42
weight_decay,0.001,10,10,30,0.6864476601282755,0.6913547952969868,0.001,64,2,0.3,False,32,75,0.001,0.1,10,5,0.5,True,42
weight_decay,0.001,10,10,31,0.686666625918764,0.6906330466270447,0.001,64,2,0.3,False,32,75,0.001,0.1,10,5,0.5,True,42
weight_decay,0.001,10,10,32,0.6852648371096813,0.6910595814387004,0.001,64,2,0.3,False,32,75,0.001,0.1,10,5,0.5,True,42
weight_decay,0.001,10,10,33,0.6859248799808098,0.6917716900507609,0.001,64,2,0.3,False,32,75,0.001,0.1,10,5,0.5,True,42
weight_decay,0.001,10,10,34,0.6849488611474182,0.6925449291865031,0.001,64,2,0.3,False,32,75,0.001,0.1,10,5,0.5,True,42
weight_decay,0.001,10,10,35,0.6846043106281396,0.6922695398330688,0.001,64,2,0.3,False,32,75,0.001,0.1,10,5,0.5,True,42
weight_decay,0.001,11,11,1,0.6943871676921844,0.6925893783569336,0.001,64,2,0.3,False,32,75,0.001,0.1,10,5,0.5,True,42
weight_decay,0.001,11,11,2,0.6929241314981923,0.692724597454071,0.001,64,2,0.3,False,32,75,0.001,0.1,10,5,0.5,True,42
weight_decay,0.001,11,11,3,0.6929695294661955,0.6929831981658936,0.001,64,2,0.3,False,32,75,0.001,0.1,10,5,0.5,True,42
weight_decay,0.001,11,11,4,0.6924466319156416,0.6933897892634074,0.001,64,2,0.3,False,32,75,0.001,0.1,10,5,0.5,True,42
weight_decay,0.001,11,11,5,0.6921080152193705,0.6933845241864522,0.001,64,2,0.3,False,32,75,0.001,0.1,10,5,0.5,True,42
weight_decay,0.001,11,11,6,0.6920079132824233,0.6932361125946045,0.001,64,2,0.3,False,32,75,0.001,0.1,10,5,0.5,True,42
weight_decay,0.001,11,11,7,0.6921245618300005,0.693798053264618,0.001,64,2,0.3,False,32,75,0.001,0.1,10,5,0.5,True,42
weight_decay,0.001,11,11,8,0.6908849450674924,0.6936933716138204,0.001,64,2,0.3,False,32,75,0.001,0.1,10,5,0.5,True,42
weight_decay,0.001,11,11,9,0.6903639219023965,0.6938422838846843,0.001,64,2,0.3,False,32,75,0.001,0.1,10,5,0.5,True,42
weight_decay,0.001,11,11,10,0.6900363040692878,0.6946279525756835,0.001,64,2,0.3,False,32,75,0.001,0.1,10,5,0.5,True,42
weight_decay,0.001,11,11,11,0.6901200359517877,0.6949334422747294,0.001,64,2,0.3,False,32,75,0.001,0.1,10,5,0.5,True,42
weight_decay,0.001,12,12,1,0.6938701190731742,0.692313281695048,0.001,64,2,0.3,False,32,75,0.001,0.1,10,5,0.5,True,42
weight_decay,0.001,12,12,2,0.6929541352120313,0.6920217037200928,0.001,64,2,0.3,False,32,75,0.001,0.1,10,5,0.5,True,42
weight_decay,0.001,12,12,3,0.6929950506398173,0.6916241884231568,0.001,64,2,0.3,False,32,75,0.001,0.1,10,5,0.5,True,42
weight_decay,0.001,12,12,4,0.6923839391180964,0.6923805753389994,0.001,64,2,0.3,False,32,75,0.001,0.1,10,5,0.5,True,42
weight_decay,0.001,12,12,5,0.6920365754402045,0.691677180926005,0.001,64,2,0.3,False,32,75,0.001,0.1,10,5,0.5,True,42
weight_decay,0.001,12,12,6,0.6918515386906537,0.691353980700175,0.001,64,2,0.3,False,32,75,0.001,0.1,10,5,0.5,True,42
weight_decay,0.001,12,12,7,0.6921301949204821,0.6911465207735698,0.001,64,2,0.3,False,32,75,0.001,0.1,10,5,0.5,True,42
weight_decay,0.001,12,12,8,0.6914776450756824,0.691522494951884,0.001,64,2,0.3,False,32,75,0.001,0.1,10,5,0.5,True,42
weight_decay,0.001,12,12,9,0.6916658530632654,0.6901777942975362,0.001,64,2,0.3,False,32,75,0.001,0.1,10,5,0.5,True,42
weight_decay,0.001,12,12,10,0.691046621763345,0.690727702776591,0.001,64,2,0.3,False,32,75,0.001,0.1,10,5,0.5,True,42
weight_decay,0.001,12,12,11,0.6904941368283648,0.6924136956532796,0.001,64,2,0.3,False,32,75,0.001,0.1,10,5,0.5,True,42
weight_decay,0.001,12,12,12,0.6905612832669056,0.6933820525805156,0.001,64,2,0.3,False,32,75,0.001,0.1,10,5,0.5,True,42
weight_decay,0.001,12,12,13,0.6907066120342775,0.6923941691716512,0.001,64,2,0.3,False,32,75,0.001,0.1,10,5,0.5,True,42
weight_decay,0.001,12,12,14,0.6899953177480986,0.6893499652544658,0.001,64,2,0.3,False,32,75,0.001,0.1,10,5,0.5,True,42
weight_decay,0.001,12,12,15,0.6893772049383684,0.6901459177335103,0.001,64,2,0.3,False,32,75,0.001,0.1,10,5,0.5,True,42
weight_decay,0.001,12,12,16,0.6899284327572043,0.6913424770037333,0.001,64,2,0.3,False,32,75,0.001,0.1,10,5,0.5,True,42
weight_decay,0.001,12,12,17,0.6896864053877917,0.6897759397824605,0.001,64,2,0.3,False,32,75,0.001,0.1,10,5,0.5,True,42
weight_decay,0.001,12,12,18,0.6887927588188287,0.6897165417671204,0.001,64,2,0.3,False,32,75,0.001,0.1,10,5,0.5,True,42
weight_decay,0.001,12,12,19,0.6882109045982361,0.6899398684501648,0.001,64,2,0.3,False,32,75,0.001,0.1,10,5,0.5,True,42
weight_decay,0.001,12,12,20,0.6884218657558615,0.6901947776476542,0.001,64,2,0.3,False,32,75,0.001,0.1,10,5,0.5,True,42
weight_decay,0.001,12,12,21,0.6880640545577714,0.690222422281901,0.001,64,2,0.3,False,32,75,0.001,0.1,10,5,0.5,True,42
weight_decay,0.001,12,12,22,0.6881215730399797,0.6905311266581218,0.001,64,2,0.3,False,32,75,0.001,0.1,10,5,0.5,True,42
weight_decay,0.001,12,12,23,0.6880302826563517,0.6893373568852742,0.001,64,2,0.3,False,32,75,0.001,0.1,10,5,0.5,True,42
weight_decay,0.001,12,12,24,0.6869989764509778,0.6897074739138286,0.001,64,2,0.3,False,32,75,0.001,0.1,10,5,0.5,True,42
weight_decay,0.001,12,12,25,0.6876629812247825,0.6897032976150512,0.001,64,2,0.3,False,32,75,0.001,0.1,10,5,0.5,True,42
weight_decay,0.001,12,12,26,0.6879771744663065,0.6893192966779073,0.001,64,2,0.3,False,32,75,0.001,0.1,10,5,0.5,True,42
weight_decay,0.001,12,12,27,0.6863888362140367,0.6896565596262614,0.001,64,2,0.3,False,32,75,0.001,0.1,10,5,0.5,True,42
weight_decay,0.001,12,12,28,0.6869305164525004,0.6895469665527344,0.001,64,2,0.3,False,32,75,0.001,0.1,10,5,0.5,True,42
weight_decay,0.001,12,12,29,0.6867109315864968,0.6902302304903666,0.001,64,2,0.3,False,32,75,0.001,0.1,10,5,0.5,True,42
weight_decay,0.001,12,12,30,0.6864080415530638,0.6897094249725342,0.001,64,2,0.3,False,32,75,0.001,0.1,10,5,0.5,True,42
weight_decay,0.001,12,12,31,0.6864038737434329,0.6903258363405863,0.001,64,2,0.3,False,32,75,0.001,0.1,10,5,0.5,True,42
weight_decay,0.001,12,12,32,0.6857910783904971,0.6896419723828634,0.001,64,2,0.3,False,32,75,0.001,0.1,10,5,0.5,True,42
weight_decay,0.001,12,12,33,0.6861847228173054,0.6897819916407267,0.001,64,2,0.3,False,32,75,0.001,0.1,10,5,0.5,True,42
weight_decay,0.001,12,12,34,0.6853052617022486,0.6897873441378276,0.001,64,2,0.3,False,32,75,0.001,0.1,10,5,0.5,True,42
weight_decay,0.001,12,12,35,0.6853657518372391,0.6899102568626404,0.001,64,2,0.3,False,32,75,0.001,0.1,10,5,0.5,True,42
weight_decay,0.001,12,12,36,0.6855295869437131,0.6899424433708191,0.001,64,2,0.3,False,32,75,0.001,0.1,10,5,0.5,True,42
weight_decay,0.001,13,13,1,0.6934498860077425,0.6950661619504293,0.001,64,2,0.3,False,32,75,0.001,0.1,10,5,0.5,True,42
weight_decay,0.001,13,13,2,0.6924089640378952,0.6943795720736186,0.001,64,2,0.3,False,32,75,0.001,0.1,10,5,0.5,True,42
weight_decay,0.001,13,13,3,0.6922822996522441,0.6939228455225627,0.001,64,2,0.3,False,32,75,0.001,0.1,10,5,0.5,True,42
weight_decay,0.001,13,13,4,0.6921493591684283,0.6942750056584676,0.001,64,2,0.3,False,32,75,0.001,0.1,10,5,0.5,True,42
weight_decay,0.001,13,13,5,0.6919949659795472,0.6933862209320069,0.001,64,2,0.3,False,32,75,0.001,0.1,10,5,0.5,True,42
weight_decay,0.001,13,13,6,0.6915997370625987,0.6931699713071188,0.001,64,2,0.3,False,32,75,0.001,0.1,10,5,0.5,True,42
weight_decay,0.001,13,13,7,0.6907819735281395,0.6943760752677918,0.001,64,2,0.3,False,32,75,0.001,0.1,10,5,0.5,True,42
weight_decay,0.001,13,13,8,0.6914381646748745,0.6928805828094482,0.001,64,2,0.3,False,32,75,0.001,0.1,10,5,0.5,True,42
weight_decay,0.001,13,13,9,0.6911447833884846,0.6934217770894369,0.001,64,2,0.3,False,32,75,0.001,0.1,10,5,0.5,True,42
weight_decay,0.001,13,13,10,0.6900438413475499,0.6930370330810547,0.001,64,2,0.3,False,32,75,0.001,0.1,10,5,0.5,True,42
weight_decay,0.001,13,13,11,0.6900651680700707,0.6935632228851318,0.001,64,2,0.3,False,32,75,0.001,0.1,10,5,0.5,True,42
weight_decay,0.001,13,13,12,0.6906545320243547,0.6925065398216248,0.001,64,2,0.3,False,32,75,0.001,0.1,10,5,0.5,True,42
weight_decay,0.001,13,13,13,0.690182755390803,0.6929922580718995,0.001,64,2,0.3,False,32,75,0.001,0.1,10,5,0.5,True,42
weight_decay,0.001,13,13,14,0.6891146595730926,0.6925908009211222,0.001,64,2,0.3,False,32,75,0.001,0.1,10,5,0.5,True,42
weight_decay,0.001,13,13,15,0.6897163887818655,0.6943759361902873,0.001,64,2,0.3,False,32,75,0.001,0.1,10,5,0.5,True,42
weight_decay,0.001,13,13,16,0.6887058069308599,0.6919497847557068,0.001,64,2,0.3,False,32,75,0.001,0.1,10,5,0.5,True,42
weight_decay,0.001,13,13,17,0.6899007631070686,0.6921552936236064,0.001,64,2,0.3,False,32,75,0.001,0.1,10,5,0.5,True,42
weight_decay,0.001,13,13,18,0.6896710246801376,0.6924748460451762,0.001,64,2,0.3,False,32,75,0.001,0.1,10,5,0.5,True,42
weight_decay,0.001,13,13,19,0.6889377177664728,0.6928959846496582,0.001,64,2,0.3,False,32,75,0.001,0.1,10,5,0.5,True,42
weight_decay,0.001,13,13,20,0.6889134148756663,0.6923217693964641,0.001,64,2,0.3,False,32,75,0.001,0.1,10,5,0.5,True,42
weight_decay,0.001,13,13,21,0.6891042228901025,0.6922317226727803,0.001,64,2,0.3,False,32,75,0.001,0.1,10,5,0.5,True,42
weight_decay,0.001,13,13,22,0.6884898832350066,0.69210338195165,0.001,64,2,0.3,False,32,75,0.001,0.1,10,5,0.5,True,42
weight_decay,0.001,13,13,23,0.687905084454652,0.6929482420285543,0.001,64,2,0.3,False,32,75,0.001,0.1,10,5,0.5,True,42
weight_decay,0.001,13,13,24,0.6872159734819875,0.692363687356313,0.001,64,2,0.3,False,32,75,0.001,0.1,10,5,0.5,True,42
weight_decay,0.001,13,13,25,0.6870953544522777,0.6928752342859904,0.001,64,2,0.3,False,32,75,0.001,0.1,10,5,0.5,True,42
weight_decay,0.001,13,13,26,0.6870077767155387,0.6926718910535177,0.001,64,2,0.3,False,32,75,0.001,0.1,10,5,0.5,True,42
weight_decay,0.001,14,14,1,0.6941499818455089,0.6932695825894674,0.001,64,2,0.3,False,32,75,0.001,0.1,10,5,0.5,True,42
weight_decay,0.001,14,14,2,0.6928359690037641,0.6929204384485881,0.001,64,2,0.3,False,32,75,0.001,0.1,10,5,0.5,True,42
weight_decay,0.001,14,14,3,0.6934070903243441,0.6928878267606099,0.001,64,2,0.3,False,32,75,0.001,0.1,10,5,0.5,True,42
weight_decay,0.001,14,14,4,0.6924025357672663,0.6925231575965881,0.001,64,2,0.3,False,32,75,0.001,0.1,10,5,0.5,True,42
weight_decay,0.001,14,14,5,0.6926848491032919,0.6924026171366374,0.001,64,2,0.3,False,32,75,0.001,0.1,10,5,0.5,True,42
weight_decay,0.001,14,14,6,0.6922274846019167,0.6924458543459574,0.001,64,2,0.3,False,32,75,0.001,0.1,10,5,0.5,True,42
weight_decay,0.001,14,14,7,0.6915985508398577,0.6914756298065186,0.001,64,2,0.3,False,32,75,0.001,0.1,10,5,0.5,True,42
weight_decay,0.001,14,14,8,0.6916916749694131,0.6922314961751302,0.001,64,2,0.3,False,32,75,0.001,0.1,10,5,0.5,True,42
weight_decay,0.001,14,14,9,0.6912104094570334,0.6917654712994893,0.001,64,2,0.3,False,32,75,0.001,0.1,10,5,0.5,True,42
weight_decay,0.001,14,14,10,0.6912745539889191,0.6912586013476054,0.001,64,2,0.3,False,32,75,0.001,0.1,10,5,0.5,True,42
weight_decay,0.001,14,14,11,0.6910691879915468,0.6910189112027486,0.001,64,2,0.3,False,32,75,0.001,0.1,10,5,0.5,True,42
weight_decay,0.001,14,14,12,0.6911944033521594,0.6918721516927083,0.001,64,2,0.3,False,32,75,0.001,0.1,10,5,0.5,True,42
weight_decay,0.001,14,14,13,0.6907742316975738,0.6917823115984599,0.001,64,2,0.3,False,32,75,0.001,0.1,10,5,0.5,True,42
weight_decay,0.001,14,14,14,0.6903792827418356,0.6908426642417907,0.001,64,2,0.3,False,32,75,0.001,0.1,10,5,0.5,True,42
weight_decay,0.001,14,14,15,0.6899679799874624,0.6919235984484354,0.001,64,2,0.3,False,32,75,0.001,0.1,10,5,0.5,True,42
weight_decay,0.001,14,14,16,0.690577789238005,0.690829050540924,0.001,64,2,0.3,False,32,75,0.001,0.1,10,5,0.5,True,42
weight_decay,0.001,14,14,17,0.6897818581624464,0.6917017300923666,0.001,64,2,0.3,False,32,75,0.001,0.1,10,5,0.5,True,42
weight_decay,0.001,14,14,18,0.6907080989895444,0.69127064148585,0.001,64,2,0.3,False,32,75,0.001,0.1,10,5,0.5,True,42
weight_decay,0.001,14,14,19,0.6899637123852065,0.6902231653531392,0.001,64,2,0.3,False,32,75,0.001,0.1,10,5,0.5,True,42
weight_decay,0.001,14,14,20,0.6893757206924034,0.6937683542569478,0.001,64,2,0.3,False,32,75,0.001,0.1,10,5,0.5,True,42
weight_decay,0.001,14,14,21,0.6897317952278889,0.6933862845102946,0.001,64,2,0.3,False,32,75,0.001,0.1,10,5,0.5,True,42
weight_decay,0.001,14,14,22,0.6888481586268453,0.6898812095324198,0.001,64,2,0.3,False,32,75,0.001,0.1,10,5,0.5,True,42
weight_decay,0.001,14,14,23,0.6885829757560383,0.6910375674565633,0.001,64,2,0.3,False,32,75,0.001,0.1,10,5,0.5,True,42
weight_decay,0.001,14,14,24,0.6886969917651379,0.6924156069755554,0.001,64,2,0.3,False,32,75,0.001,0.1,10,5,0.5,True,42
weight_decay,0.001,14,14,25,0.6879769775903586,0.6928932150204976,0.001,64,2,0.3,False,32,75,0.001,0.1,10,5,0.5,True,42
weight_decay,0.001,14,14,26,0.6882078317981778,0.6941036939620971,0.001,64,2,0.3,False,32,75,0.001,0.1,10,5,0.5,True,42
weight_decay,0.001,14,14,27,0.6881335138371496,0.6923645734786987,0.001,64,2,0.3,False,32,75,0.001,0.1,10,5,0.5,True,42
weight_decay,0.001,14,14,28,0.6876839846372604,0.691805116335551,0.001,64,2,0.3,False,32,75,0.001,0.1,10,5,0.5,True,42
weight_decay,0.001,14,14,29,0.687560726295818,0.6926930665969848,0.001,64,2,0.3,False,32,75,0.001,0.1,10,5,0.5,True,42
weight_decay,0.001,14,14,30,0.687014671437668,0.6915714025497437,0.001,64,2,0.3,False,32,75,0.001,0.1,10,5,0.5,True,42
weight_decay,0.001,14,14,31,0.6864779117432508,0.6926643093427022,0.001,64,2,0.3,False,32,75,0.001,0.1,10,5,0.5,True,42
weight_decay,0.001,14,14,32,0.6879861494808486,0.6928402622540791,0.001,64,2,0.3,False,32,75,0.001,0.1,10,5,0.5,True,42
weight_decay,0.001,15,15,1,0.6943606467861118,0.6919582605361938,0.001,64,2,0.3,False,32,75,0.001,0.1,10,5,0.5,True,42
weight_decay,0.001,15,15,2,0.6937826691251813,0.6932188630104065,0.001,64,2,0.3,False,32,75,0.001,0.1,10,5,0.5,True,42
weight_decay,0.001,15,15,3,0.6923417999888911,0.6933292468388875,0.001,64,2,0.3,False,32,75,0.001,0.1,10,5,0.5,True,42
weight_decay,0.001,15,15,4,0.6922697975780024,0.6932062109311422,0.001,64,2,0.3,False,32,75,0.001,0.1,10,5,0.5,True,42
weight_decay,0.001,15,15,5,0.691686856024193,0.69243350426356,0.001,64,2,0.3,False,32,75,0.001,0.1,10,5,0.5,True,42
weight_decay,0.001,15,15,6,0.6917902000925757,0.6928606947263082,0.001,64,2,0.3,False,32,75,0.001,0.1,10,5,0.5,True,42
weight_decay,0.001,15,15,7,0.6913906787381028,0.6932558536529541,0.001,64,2,0.3,False,32,75,0.001,0.1,10,5,0.5,True,42
weight_decay,0.001,15,15,8,0.6904130952827858,0.69326810836792,0.001,64,2,0.3,False,32,75,0.001,0.1,10,5,0.5,True,42
weight_decay,0.001,15,15,9,0.6898163060347239,0.693384571870168,0.001,64,2,0.3,False,32,75,0.001,0.1,10,5,0.5,True,42
weight_decay,0.001,15,15,10,0.6899405252752882,0.6935526808102925,0.001,64,2,0.3,False,32,75,0.001,0.1,10,5,0.5,True,42
weight_decay,0.001,15,15,11,0.6894123978687056,0.6935347398122151,0.001,64,2,0.3,False,32,75,0.001,0.1,10,5,0.5,True,42
weight_decay,0.001,16,16,1,0.69388422415112,0.6928160429000855,0.001,64,2,0.3,False,32,75,0.001,0.1,10,5,0.5,True,42
weight_decay,0.001,16,16,2,0.6930565689549302,0.693695851167043,0.001,64,2,0.3,False,32,75,0.001,0.1,10,5,0.5,True,42
weight_decay,0.001,16,16,3,0.6930343757073084,0.6930287520090739,0.001,64,2,0.3,False,32,75,0.001,0.1,10,5,0.5,True,42
weight_decay,0.001,16,16,4,0.6921849327557015,0.6933539072672527,0.001,64,2,0.3,False,32,75,0.001,0.1,10,5,0.5,True,42
weight_decay,0.001,16,16,5,0.6925073446649493,0.6931559801101684,0.001,64,2,0.3,False,32,75,0.001,0.1,10,5,0.5,True,42
weight_decay,0.001,16,16,6,0.691722139264598,0.6922677357991537,0.001,64,2,0.3,False,32,75,0.001,0.1,10,5,0.5,True,42
weight_decay,0.001,16,16,7,0.6920803049297044,0.6922683080037435,0.001,64,2,0.3,False,32,75,0.001,0.1,10,5,0.5,True,42
weight_decay,0.001,16,16,8,0.6919852811278719,0.6935133298238119,0.001,64,2,0.3,False,32,75,0.001,0.1,10,5,0.5,True,42
weight_decay,0.001,16,16,9,0.6907802458965417,0.6920837918917339,0.001,64,2,0.3,False,32,75,0.001,0.1,10,5,0.5,True,42
weight_decay,0.001,16,16,10,0.6911954148249193,0.6923843264579773,0.001,64,2,0.3,False,32,75,0.001,0.1,10,5,0.5,True,42
weight_decay,0.001,16,16,11,0.6904472315853293,0.6919139345486959,0.001,64,2,0.3,False,32,75,0.001,0.1,10,5,0.5,True,42
weight_decay,0.001,16,16,12,0.6910611183354349,0.6913095474243164,0.001,64,2,0.3,False,32,75,0.001,0.1,10,5,0.5,True,42
weight_decay,0.001,16,16,13,0.6908307238058611,0.6921116193135579,0.001,64,2,0.3,False,32,75,0.001,0.1,10,5,0.5,True,42
weight_decay,0.001,16,16,14,0.6903089628075109,0.6913666645685832,0.001,64,2,0.3,False,32,75,0.001,0.1,10,5,0.5,True,42
weight_decay,0.001,16,16,15,0.690080365448287,0.6918471177419027,0.001,64,2,0.3,False,32,75,0.001,0.1,10,5,0.5,True,42
weight_decay,0.001,16,16,16,0.6898149920232368,0.6909899989763896,0.001,64,2,0.3,False,32,75,0.001,0.1,10,5,0.5,True,42
weight_decay,0.001,16,16,17,0.689863972140081,0.6906347751617432,0.001,64,2,0.3,False,32,75,0.001,0.1,10,5,0.5,True,42
weight_decay,0.001,16,16,18,0.6897966301802433,0.6909980336825053,0.001,64,2,0.3,False,32,75,0.001,0.1,10,5,0.5,True,42
weight_decay,0.001,16,16,19,0.6902957969542706,0.6924208958943685,0.001,64,2,0.3,False,32,75,0.001,0.1,10,5,0.5,True,42
weight_decay,0.001,16,16,20,0.6895031612930875,0.6909465988477071,0.001,64,2,0.3,False,32,75,0.001,0.1,10,5,0.5,True,42
weight_decay,0.001,16,16,21,0.6891389647216508,0.6910285631815593,0.001,64,2,0.3,False,32,75,0.001,0.1,10,5,0.5,True,42
weight_decay,0.001,16,16,22,0.6890372557170463,0.6920116186141968,0.001,64,2,0.3,False,32,75,0.001,0.1,10,5,0.5,True,42
weight_decay,0.001,16,16,23,0.6886281569798788,0.6934895992279053,0.001,64,2,0.3,False,32,75,0.001,0.1,10,5,0.5,True,42
weight_decay,0.001,16,16,24,0.6893643362052513,0.6914742509524028,0.001,64,2,0.3,False,32,75,0.001,0.1,10,5,0.5,True,42
weight_decay,0.001,16,16,25,0.6877637771946011,0.6926157315572102,0.001,64,2,0.3,False,32,75,0.001,0.1,10,5,0.5,True,42
weight_decay,0.001,16,16,26,0.6881543452089484,0.6934256911277771,0.001,64,2,0.3,False,32,75,0.001,0.1,10,5,0.5,True,42
weight_decay,0.001,16,16,27,0.6884435153368748,0.6929825226465861,0.001,64,2,0.3,False,32,75,0.001,0.1,10,5,0.5,True,42
weight_decay,0.001,17,17,1,0.6942310482263565,0.6932526469230652,0.001,64,2,0.3,False,32,75,0.001,0.1,10,5,0.5,True,42
weight_decay,0.001,17,17,2,0.6927769427949731,0.6934740781784058,0.001,64,2,0.3,False,32,75,0.001,0.1,10,5,0.5,True,42
weight_decay,0.001,17,17,3,0.6930046749837471,0.6922931909561157,0.001,64,2,0.3,False,32,75,0.001,0.1,10,5,0.5,True,42
weight_decay,0.001,17,17,4,0.6926242365981593,0.6924688259760539,0.001,64,2,0.3,False,32,75,0.001,0.1,10,5,0.5,True,42
weight_decay,0.001,17,17,5,0.6922335078318914,0.6915779709815979,0.001,64,2,0.3,False,32,75,0.001,0.1,10,5,0.5,True,42
weight_decay,0.001,17,17,6,0.6924675364385952,0.6917901873588562,0.001,64,2,0.3,False,32,75,0.001,0.1,10,5,0.5,True,42
weight_decay,0.001,17,17,7,0.6920825956445752,0.6914843916893005,0.001,64,2,0.3,False,32,75,0.001,0.1,10,5,0.5,True,42
weight_decay,0.001,17,17,8,0.6921203560901411,0.6907540480295817,0.001,64,2,0.3,False,32,75,0.001,0.1,10,5,0.5,True,42
weight_decay,0.001,17,17,9,0.6915906189065991,0.6904961983362834,0.001,64,2,0.3,False,32,75,0.001,0.1,10,5,0.5,True,42
weight_decay,0.001,17,17,10,0.6914624382149089,0.6900966723759969,0.001,64,2,0.3,False,32,75,0.001,0.1,10,5,0.5,True,42
weight_decay,0.001,17,17,11,0.6918869844891808,0.6905756950378418,0.001,64,2,0.3,False,32,75,0.001,0.1,10,5,0.5,True,42
weight_decay,0.001,17,17,12,0.6916039581551696,0.6900798042615255,0.001,64,2,0.3,False,32,75,0.001,0.1,10,5,0.5,True,42
weight_decay,0.001,17,17,13,0.690977546301755,0.6904557228088379,0.001,64,2,0.3,False,32,75,0.001,0.1,10,5,0.5,True,42
weight_decay,0.001,17,17,14,0.6909453683730328,0.6893648664156596,0.001,64,2,0.3,False,32,75,0.001,0.1,10,5,0.5,True,42
weight_decay,0.001,17,17,15,0.6907079269488653,0.6890179912249247,0.001,64,2,0.3,False,32,75,0.001,0.1,10,5,0.5,True,42
weight_decay,0.001,17,17,16,0.6914170705007784,0.690847126642863,0.001,64,2,0.3,False,32,75,0.001,0.1,10,5,0.5,True,42
weight_decay,0.001,17,17,17,0.6902787717002811,0.6892974257469178,0.001,64,2,0.3,False,32,75,0.001,0.1,10,5,0.5,True,42
weight_decay,0.001,17,17,18,0.6910046605449734,0.6894736170768738,0.001,64,2,0.3,False,32,75,0.001,0.1,10,5,0.5,True,42
weight_decay,0.001,17,17,19,0.6900077827952125,0.689500606060028,0.001,64,2,0.3,False,32,75,0.001,0.1,10,5,0.5,True,42
weight_decay,0.001,17,17,20,0.6898670214595217,0.6891378283500671,0.001,64,2,0.3,False,32,75,0.001,0.1,10,5,0.5,True,42
weight_decay,0.001,17,17,21,0.6896404691717841,0.6898503263791402,0.001,64,2,0.3,False,32,75,0.001,0.1,10,5,0.5,True,42
weight_decay,0.001,17,17,22,0.6894478626323469,0.6884179910024008,0.001,64,2,0.3,False,32,75,0.001,0.1,10,5,0.5,True,42
weight_decay,0.001,17,17,23,0.68904363702644,0.6881366610527039,0.001,64,2,0.3,False,32,75,0.001,0.1,10,5,0.5,True,42
weight_decay,0.001,17,17,24,0.6883776476888945,0.6884493470191956,0.001,64,2,0.3,False,32,75,0.001,0.1,10,5,0.5,True,42
weight_decay,0.001,17,17,25,0.6895675483075056,0.6883267005284627,0.001,64,2,0.3,False,32,75,0.001,0.1,10,5,0.5,True,42
weight_decay,0.001,17,17,26,0.6885413694562335,0.6886199076970418,0.001,64,2,0.3,False,32,75,0.001,0.1,10,5,0.5,True,42
weight_decay,0.001,17,17,27,0.6881698934417783,0.6879955649375915,0.001,64,2,0.3,False,32,75,0.001,0.1,10,5,0.5,True,42
weight_decay,0.001,17,17,28,0.6882531123630928,0.6884398778279622,0.001,64,2,0.3,False,32,75,0.001,0.1,10,5,0.5,True,42
weight_decay,0.001,17,17,29,0.6895641630346124,0.6881820400555928,0.001,64,2,0.3,False,32,75,0.001,0.1,10,5,0.5,True,42
weight_decay,0.001,17,17,30,0.688766649275115,0.6878688176472981,0.001,64,2,0.3,False,32,75,0.001,0.1,10,5,0.5,True,42
weight_decay,0.001,17,17,31,0.6889419117660234,0.6887845635414124,0.001,64,2,0.3,False,32,75,0.001,0.1,10,5,0.5,True,42
weight_decay,0.001,17,17,32,0.6882400413354238,0.687461523214976,0.001,64,2,0.3,False,32,75,0.001,0.1,10,5,0.5,True,42
weight_decay,0.001,17,17,33,0.6890798432357383,0.6881375114123026,0.001,64,2,0.3,False,32,75,0.001,0.1,10,5,0.5,True,42
weight_decay,0.001,17,17,34,0.6883023101272006,0.6878688097000122,0.001,64,2,0.3,False,32,75,0.001,0.1,10,5,0.5,True,42
weight_decay,0.001,17,17,35,0.6881676415602366,0.6883260170618694,0.001,64,2,0.3,False,32,75,0.001,0.1,10,5,0.5,True,42
weight_decay,0.001,17,17,36,0.68856985234853,0.6881732622782389,0.001,64,2,0.3,False,32,75,0.001,0.1,10,5,0.5,True,42
weight_decay,0.001,17,17,37,0.68809502955639,0.6882571299870809,0.001,64,2,0.3,False,32,75,0.001,0.1,10,5,0.5,True,42
weight_decay,0.001,17,17,38,0.6878006507953008,0.6878574371337891,0.001,64,2,0.3,False,32,75,0.001,0.1,10,5,0.5,True,42
weight_decay,0.001,17,17,39,0.6877591795090473,0.6872598210970561,0.001,64,2,0.3,False,32,75,0.001,0.1,10,5,0.5,True,42
weight_decay,0.001,17,17,40,0.6877972948731799,0.6872019131978353,0.001,64,2,0.3,False,32,75,0.001,0.1,10,5,0.5,True,42
weight_decay,0.001,17,17,41,0.6867756500388636,0.6874340534210205,0.001,64,2,0.3,False,32,75,0.001,0.1,10,5,0.5,True,42
weight_decay,0.001,17,17,42,0.6868410927779747,0.6871868530909221,0.001,64,2,0.3,False,32,75,0.001,0.1,10,5,0.5,True,42
weight_decay,0.001,17,17,43,0.6871434048269734,0.6869216283162435,0.001,64,2,0.3,False,32,75,0.001,0.1,10,5,0.5,True,42
weight_decay,0.001,17,17,44,0.68700116240617,0.687264347076416,0.001,64,2,0.3,False,32,75,0.001,0.1,10,5,0.5,True,42
weight_decay,0.001,17,17,45,0.6864007977825223,0.6870090206464131,0.001,64,2,0.3,False,32,75,0.001,0.1,10,5,0.5,True,42
weight_decay,0.001,17,17,46,0.6866557747125626,0.6872767130533854,0.001,64,2,0.3,False,32,75,0.001,0.1,10,5,0.5,True,42
weight_decay,0.001,17,17,47,0.6871539462696422,0.6874863743782044,0.001,64,2,0.3,False,32,75,0.001,0.1,10,5,0.5,True,42
weight_decay,0.001,17,17,48,0.6864312363393379,0.6875183622042338,0.001,64,2,0.3,False,32,75,0.001,0.1,10,5,0.5,True,42
weight_decay,0.001,17,17,49,0.6862784470572616,0.6869563897450764,0.001,64,2,0.3,False,32,75,0.001,0.1,10,5,0.5,True,42
weight_decay,0.001,17,17,50,0.6869880394502119,0.6870919267336527,0.001,64,2,0.3,False,32,75,0.001,0.1,10,5,0.5,True,42
weight_decay,0.001,17,17,51,0.6857399624405485,0.6871422290802002,0.001,64,2,0.3,False,32,75,0.001,0.1,10,5,0.5,True,42
weight_decay,0.001,17,17,52,0.6859923054774603,0.6870458245277404,0.001,64,2,0.3,False,32,75,0.001,0.1,10,5,0.5,True,42
weight_decay,0.001,17,17,53,0.6861362082488609,0.6872132301330567,0.001,64,2,0.3,False,32,75,0.001,0.1,10,5,0.5,True,42
weight_decay,0.001,18,18,1,0.6938334283503619,0.6928604404131572,0.001,64,2,0.3,False,32,75,0.001,0.1,10,5,0.5,True,42
weight_decay,0.001,18,18,2,0.6927367146268035,0.6940683643023173,0.001,64,2,0.3,False,32,75,0.001,0.1,10,5,0.5,True,42
weight_decay,0.001,18,18,3,0.6924217081431187,0.6927100857098897,0.001,64,2,0.3,False,32,75,0.001,0.1,10,5,0.5,True,42
weight_decay,0.001,18,18,4,0.692464012539748,0.692609186967214,0.001,64,2,0.3,False,32,75,0.001,0.1,10,5,0.5,True,42
weight_decay,0.001,18,18,5,0.69181961182392,0.6928888996442158,0.001,64,2,0.3,False,32,75,0.001,0.1,10,5,0.5,True,42
weight_decay,0.001,18,18,6,0.6916329847140745,0.6925837953885396,0.001,64,2,0.3,False,32,75,0.001,0.1,10,5,0.5,True,42
weight_decay,0.001,18,18,7,0.6917834774111257,0.6921040137608846,0.001,64,2,0.3,False,32,75,0.001,0.1,10,5,0.5,True,42
weight_decay,0.001,18,18,8,0.6919704544724841,0.6916989048322042,0.001,64,2,0.3,False,32,75,0.001,0.1,10,5,0.5,True,42
weight_decay,0.001,18,18,9,0.6912238611416384,0.6915782372156779,0.001,64,2,0.3,False,32,75,0.001,0.1,10,5,0.5,True,42
weight_decay,0.001,18,18,10,0.6910036540392673,0.6922568519910176,0.001,64,2,0.3,False,32,75,0.001,0.1,10,5,0.5,True,42
weight_decay,0.001,18,18,11,0.6909491862311508,0.6914222160975139,0.001,64,2,0.3,False,32,75,0.001,0.1,10,5,0.5,True,42
weight_decay,0.001,18,18,12,0.6909410456816355,0.6910764932632446,0.001,64,2,0.3,False,32,75,0.001,0.1,10,5,0.5,True,42
weight_decay,0.001,18,18,13,0.6906028538942337,0.6917972962061564,0.001,64,2,0.3,False,32,75,0.001,0.1,10,5,0.5,True,42
weight_decay,0.001,18,18,14,0.6899925908356002,0.6923516035079956,0.001,64,2,0.3,False,32,75,0.001,0.1,10,5,0.5,True,42
weight_decay,0.001,18,18,15,0.6900970890666499,0.6911993066469828,0.001,64,2,0.3,False,32,75,0.001,0.1,10,5,0.5,True,42
weight_decay,0.001,18,18,16,0.6898006598154703,0.6916173696517944,0.001,64,2,0.3,False,32,75,0.001,0.1,10,5,0.5,True,42
weight_decay,0.001,18,18,17,0.6898483972657811,0.6919701894124349,0.001,64,2,0.3,False,32,75,0.001,0.1,10,5,0.5,True,42
weight_decay,0.001,18,18,18,0.6897270024725886,0.6910534699757894,0.001,64,2,0.3,False,32,75,0.001,0.1,10,5,0.5,True,42
weight_decay,0.001,18,18,19,0.6889322070461331,0.6916070342063904,0.001,64,2,0.3,False,32,75,0.001,0.1,10,5,0.5,True,42
weight_decay,0.001,18,18,20,0.688626843419942,0.6921504775683085,0.001,64,2,0.3,False,32,75,0.001,0.1,10,5,0.5,True,42
weight_decay,0.001,18,18,21,0.6892859904151974,0.690885579586029,0.001,64,2,0.3,False,32,75,0.001,0.1,10,5,0.5,True,42
weight_decay,0.001,18,18,22,0.6887268284053514,0.6909268339474995,0.001,64,2,0.3,False,32,75,0.001,0.1,10,5,0.5,True,42
weight_decay,0.001,18,18,23,0.6883417891733574,0.6906275153160095,0.001,64,2,0.3,False,32,75,0.001,0.1,10,5,0.5,True,42
weight_decay,0.001,18,18,24,0.6882247021704009,0.6910272280375163,0.001,64,2,0.3,False,32,75,0.001,0.1,10,5,0.5,True,42
weight_decay,0.001,18,18,25,0.6881817299308199,0.6915632526079813,0.001,64,2,0.3,False,32,75,0.001,0.1,10,5,0.5,True,42
weight_decay,0.001,18,18,26,0.6881148052034955,0.6909557739893596,0.001,64,2,0.3,False,32,75,0.001,0.1,10,5,0.5,True,42
weight_decay,0.001,18,18,27,0.6874026701305852,0.690316355228424,0.001,64,2,0.3,False,32,75,0.001,0.1,10,5,0.5,True,42
weight_decay,0.001,18,18,28,0.6879824332215569,0.6909145394961039,0.001,64,2,0.3,False,32,75,0.001,0.1,10,5,0.5,True,42
weight_decay,0.001,18,18,29,0.6869236479202906,0.6943336923917135,0.001,64,2,0.3,False,32,75,0.001,0.1,10,5,0.5,True,42
weight_decay,0.001,18,18,30,0.6875499337911606,0.6909649292627971,0.001,64,2,0.3,False,32,75,0.001,0.1,10,5,0.5,True,42
weight_decay,0.001,18,18,31,0.6870085375778603,0.6904560208320618,0.001,64,2,0.3,False,32,75,0.001,0.1,10,5,0.5,True,42
weight_decay,0.001,18,18,32,0.6872092986648733,0.6899765412012736,0.001,64,2,0.3,False,32,75,0.001,0.1,10,5,0.5,True,42
weight_decay,0.001,18,18,33,0.6872989196668972,0.6910756349563598,0.001,64,2,0.3,False,32,75,0.001,0.1,10,5,0.5,True,42
weight_decay,0.001,18,18,34,0.6866489499807358,0.6905340552330017,0.001,64,2,0.3,False,32,75,0.001,0.1,10,5,0.5,True,42
weight_decay,0.001,18,18,35,0.6863662803714926,0.6926390329996744,0.001,64,2,0.3,False,32,75,0.001,0.1,10,5,0.5,True,42
weight_decay,0.001,18,18,36,0.6857681825305476,0.6920389334360758,0.001,64,2,0.3,False,32,75,0.001,0.1,10,5,0.5,True,42
weight_decay,0.001,18,18,37,0.686445899533503,0.6910842061042786,0.001,64,2,0.3,False,32,75,0.001,0.1,10,5,0.5,True,42
weight_decay,0.001,18,18,38,0.6858531462423729,0.6928023775418599,0.001,64,2,0.3,False,32,75,0.001,0.1,10,5,0.5,True,42
weight_decay,0.001,18,18,39,0.6857516688830925,0.6921600977579753,0.001,64,2,0.3,False,32,75,0.001,0.1,10,5,0.5,True,42
weight_decay,0.001,18,18,40,0.6852679695143844,0.6915616154670715,0.001,64,2,0.3,False,32,75,0.001,0.1,10,5,0.5,True,42
weight_decay,0.001,18,18,41,0.6857438782850901,0.6915057738622029,0.001,64,2,0.3,False,32,75,0.001,0.1,10,5,0.5,True,42
weight_decay,0.001,18,18,42,0.6848925451437632,0.6915264407793681,0.001,64,2,0.3,False,32,75,0.001,0.1,10,5,0.5,True,42
weight_decay,0.001,19,19,1,0.694671401923353,0.693158483505249,0.001,64,2,0.3,False,32,75,0.001,0.1,10,5,0.5,True,42
weight_decay,0.001,19,19,2,0.6933097044626871,0.6920815507570902,0.001,64,2,0.3,False,32,75,0.001,0.1,10,5,0.5,True,42
weight_decay,0.001,19,19,3,0.6933700853224957,0.6930506547292073,0.001,64,2,0.3,False,32,75,0.001,0.1,10,5,0.5,True,42
weight_decay,0.001,19,19,4,0.6925855771158681,0.6932408134142558,0.001,64,2,0.3,False,32,75,0.001,0.1,10,5,0.5,True,42
weight_decay,0.001,19,19,5,0.6919842687520114,0.6932135939598083,0.001,64,2,0.3,False,32,75,0.001,0.1,10,5,0.5,True,42
weight_decay,0.001,19,19,6,0.69256032687245,0.6930858135223389,0.001,64,2,0.3,False,32,75,0.001,0.1,10,5,0.5,True,42
weight_decay,0.001,19,19,7,0.691402585217447,0.6924822568893433,0.001,64,2,0.3,False,32,75,0.001,0.1,10,5,0.5,True,42
weight_decay,0.001,19,19,8,0.6913634001305609,0.6933024644851684,0.001,64,2,0.3,False,32,75,0.001,0.1,10,5,0.5,True,42
weight_decay,0.001,19,19,9,0.6901498450474306,0.6923192938168844,0.001,64,2,0.3,False,32,75,0.001,0.1,10,5,0.5,True,42
weight_decay,0.001,19,19,10,0.6899056565580945,0.6925530036290487,0.001,64,2,0.3,False,32,75,0.001,0.1,10,5,0.5,True,42
weight_decay,0.001,19,19,11,0.6894502093394598,0.6930616060892741,0.001,64,2,0.3,False,32,75,0.001,0.1,10,5,0.5,True,42
weight_decay,0.001,19,19,12,0.6889427922891848,0.6933238824208577,0.001,64,2,0.3,False,32,75,0.001,0.1,10,5,0.5,True,42
weight_decay,0.001,20,20,1,0.6940512910033717,0.693024754524231,0.001,64,2,0.3,False,32,75,0.001,0.1,10,5,0.5,True,42
weight_decay,0.001,20,20,2,0.6930252607121612,0.6925445238749186,0.001,64,2,0.3,False,32,75,0.001,0.1,10,5,0.5,True,42
weight_decay,0.001,20,20,3,0.6932612923961697,0.6929380695025126,0.001,64,2,0.3,False,32,75,0.001,0.1,10,5,0.5,True,42
weight_decay,0.001,20,20,4,0.6928282131751379,0.6928309917449951,0.001,64,2,0.3,False,32,75,0.001,0.1,10,5,0.5,True,42
weight_decay,0.001,20,20,5,0.6917765980417078,0.692035726706187,0.001,64,2,0.3,False,32,75,0.001,0.1,10,5,0.5,True,42
weight_decay,0.001,20,20,6,0.6919919866504092,0.6917699933052063,0.001,64,2,0.3,False,32,75,0.001,0.1,10,5,0.5,True,42
weight_decay,0.001,20,20,7,0.6914731860160828,0.694137434164683,0.001,64,2,0.3,False,32,75,0.001,0.1,10,5,0.5,True,42
weight_decay,0.001,20,20,8,0.6907671270045367,0.6924251794815064,0.001,64,2,0.3,False,32,75,0.001,0.1,10,5,0.5,True,42
weight_decay,0.001,20,20,9,0.6911433989351446,0.692636760075887,0.001,64,2,0.3,False,32,75,0.001,0.1,10,5,0.5,True,42
weight_decay,0.001,20,20,10,0.6911237808791074,0.6928032914797465,0.001,64,2,0.3,False,32,75,0.001,0.1,10,5,0.5,True,42
weight_decay,0.001,20,20,11,0.6901636706157164,0.6920914133389791,0.001,64,2,0.3,False,32,75,0.001,0.1,10,5,0.5,True,42
weight_decay,0.001,20,20,12,0.6904314268719066,0.6939561287562053,0.001,64,2,0.3,False,32,75,0.001,0.1,10,5,0.5,True,42
weight_decay,0.001,20,20,13,0.688751143488017,0.6930721044540405,0.001,64,2,0.3,False,32,75,0.001,0.1,10,5,0.5,True,42
weight_decay,0.001,20,20,14,0.6881690820058187,0.693993357817332,0.001,64,2,0.3,False,32,75,0.001,0.1,10,5,0.5,True,42
weight_decay,0.001,20,20,15,0.6881724437980941,0.693569831053416,0.001,64,2,0.3,False,32,75,0.001,0.1,10,5,0.5,True,42
weight_decay,0.001,20,20,16,0.6881275046052355,0.6941352685292562,0.001,64,2,0.3,False,32,75,0.001,0.1,10,5,0.5,True,42
weight_decay,0.001,21,21,1,0.6937814824508898,0.6939447561899821,0.001,64,2,0.3,False,32,75,0.001,0.1,10,5,0.5,True,42
weight_decay,0.001,21,21,2,0.6928774145516482,0.6937493920326233,0.001,64,2,0.3,False,32,75,0.001,0.1,10,5,0.5,True,42
weight_decay,0.001,21,21,3,0.6928251340533748,0.6933416604995728,0.001,64,2,0.3,False,32,75,0.001,0.1,10,5,0.5,True,42
weight_decay,0.001,21,21,4,0.6926372755657543,0.6933447400728862,0.001,64,2,0.3,False,32,75,0.001,0.1,10,5,0.5,True,42
weight_decay,0.001,21,21,5,0.6920917589556087,0.6933328906695048,0.001,64,2,0.3,False,32,75,0.001,0.1,10,5,0.5,True,42
weight_decay,0.001,21,21,6,0.6912699906211911,0.6932605266571045,0.001,64,2,0.3,False,32,75,0.001,0.1,10,5,0.5,True,42
weight_decay,0.001,21,21,7,0.6916661890167178,0.6924041469891866,0.001,64,2,0.3,False,32,75,0.001,0.1,10,5,0.5,True,42
weight_decay,0.001,21,21,8,0.6914804094668591,0.6928409814834595,0.001,64,2,0.3,False,32,75,0.001,0.1,10,5,0.5,True,42
weight_decay,0.001,21,21,9,0.6916251963738239,0.6932698488235474,0.001,64,2,0.3,False,32,75,0.001,0.1,10,5,0.5,True,42
weight_decay,0.001,21,21,10,0.691200085661628,0.6932290712992351,0.001,64,2,0.3,False,32,75,0.001,0.1,10,5,0.5,True,42
weight_decay,0.001,21,21,11,0.6914946612986651,0.6924230813980102,0.001,64,2,0.3,False,32,75,0.001,0.1,10,5,0.5,True,42
weight_decay,0.001,21,21,12,0.6907614017977859,0.6928017179171244,0.001,64,2,0.3,False,32,75,0.001,0.1,10,5,0.5,True,42
weight_decay,0.001,21,21,13,0.6910168180863062,0.6921179533004761,0.001,64,2,0.3,False,32,75,0.001,0.1,10,5,0.5,True,42
weight_decay,0.001,21,21,14,0.6903031662558065,0.6918560306231181,0.001,64,2,0.3,False,32,75,0.001,0.1,10,5,0.5,True,42
weight_decay,0.001,21,21,15,0.6897665609916052,0.6932246009508769,0.001,64,2,0.3,False,32,75,0.001,0.1,10,5,0.5,True,42
weight_decay,0.001,21,21,16,0.6902599063786593,0.6948262810707092,0.001,64,2,0.3,False,32,75,0.001,0.1,10,5,0.5,True,42
weight_decay,0.001,21,21,17,0.6893714467684428,0.6913784265518188,0.001,64,2,0.3,False,32,75,0.001,0.1,10,5,0.5,True,42
weight_decay,0.001,21,21,18,0.6892622646057245,0.6925924102465312,0.001,64,2,0.3,False,32,75,0.001,0.1,10,5,0.5,True,42
weight_decay,0.001,21,21,19,0.6892631126172615,0.6969333569208781,0.001,64,2,0.3,False,32,75,0.001,0.1,10,5,0.5,True,42
weight_decay,0.001,21,21,20,0.6893519163131714,0.6935710946718852,0.001,64,2,0.3,False,32,75,0.001,0.1,10,5,0.5,True,42
weight_decay,0.001,21,21,21,0.6875127797777002,0.6940439422925313,0.001,64,2,0.3,False,32,75,0.001,0.1,10,5,0.5,True,42
weight_decay,0.001,21,21,22,0.687648410598437,0.6933017571767172,0.001,64,2,0.3,False,32,75,0.001,0.1,10,5,0.5,True,42
weight_decay,0.001,21,21,23,0.6875622182181387,0.6936217586199442,0.001,64,2,0.3,False,32,75,0.001,0.1,10,5,0.5,True,42
weight_decay,0.001,21,21,24,0.6864747879180041,0.6943329334259033,0.001,64,2,0.3,False,32,75,0.001,0.1,10,5,0.5,True,42
weight_decay,0.001,21,21,25,0.6861043653704904,0.6952655831972758,0.001,64,2,0.3,False,32,75,0.001,0.1,10,5,0.5,True,42
weight_decay,0.001,21,21,26,0.6855777199521209,0.6940298676490784,0.001,64,2,0.3,False,32,75,0.001,0.1,10,5,0.5,True,42
weight_decay,0.001,21,21,27,0.6843686243801406,0.6975877205530803,0.001,64,2,0.3,False,32,75,0.001,0.1,10,5,0.5,True,42
weight_decay,0.001,22,22,1,0.6935134819059661,0.6933818459510803,0.001,64,2,0.3,False,32,75,0.001,0.1,10,5,0.5,True,42
weight_decay,0.001,22,22,2,0.6929003104115977,0.6941766778628031,0.001,64,2,0.3,False,32,75,0.001,0.1,10,5,0.5,True,42
weight_decay,0.001,22,22,3,0.6923480918913176,0.693090558052063,0.001,64,2,0.3,False,32,75,0.001,0.1,10,5,0.5,True,42
weight_decay,0.001,22,22,4,0.692664460702376,0.6932270725568136,0.001,64,2,0.3,False,32,75,0.001,0.1,10,5,0.5,True,42
weight_decay,0.001,22,22,5,0.6924407269918558,0.6930284023284912,0.001,64,2,0.3,False,32,75,0.001,0.1,10,5,0.5,True,42
weight_decay,0.001,22,22,6,0.6917590408614187,0.6921356360117594,0.001,64,2,0.3,False,32,75,0.001,0.1,10,5,0.5,True,42
weight_decay,0.001,22,22,7,0.6918380770719412,0.6922895232836406,0.001,64,2,0.3,False,32,75,0.001,0.1,10,5,0.5,True,42
weight_decay,0.001,22,22,8,0.6916801310849913,0.6918512423833211,0.001,64,2,0.3,False,32,75,0.001,0.1,10,5,0.5,True,42
weight_decay,0.001,22,22,9,0.6917639966263915,0.6916345516840617,0.001,64,2,0.3,False,32,75,0.001,0.1,10,5,0.5,True,42
weight_decay,0.001,22,22,10,0.6912359554659236,0.6915134350458781,0.001,64,2,0.3,False,32,75,0.001,0.1,10,5,0.5,True,42
weight_decay,0.001,22,22,11,0.6915127589847102,0.691241713364919,0.001,64,2,0.3,False,32,75,0.001,0.1,10,5,0.5,True,42
weight_decay,0.001,22,22,12,0.690831100398844,0.6909550547599792,0.001,64,2,0.3,False,32,75,0.001,0.1,10,5,0.5,True,42
weight_decay,0.001,22,22,13,0.6912240241513108,0.6912815491358439,0.001,64,2,0.3,False,32,75,0.001,0.1,10,5,0.5,True,42
weight_decay,0.001,22,22,14,0.6901227037111918,0.6907410144805908,0.001,64,2,0.3,False,32,75,0.001,0.1,10,5,0.5,True,42
weight_decay,0.001,22,22,15,0.6906730650049268,0.6912959257761637,0.001,64,2,0.3,False,32,75,0.001,0.1,10,5,0.5,True,42
weight_decay,0.001,22,22,16,0.6900484778664329,0.692289404074351,0.001,64,2,0.3,False,32,75,0.001,0.1,10,5,0.5,True,42
weight_decay,0.001,22,22,17,0.6895710527896881,0.6918003956476847,0.001,64,2,0.3,False,32,75,0.001,0.1,10,5,0.5,True,42
weight_decay,0.001,22,22,18,0.6895706107219061,0.690717625617981,0.001,64,2,0.3,False,32,75,0.001,0.1,10,5,0.5,True,42
weight_decay,0.001,22,22,19,0.6896769855961655,0.6908091942469279,0.001,64,2,0.3,False,32,75,0.001,0.1,10,5,0.5,True,42
weight_decay,0.001,22,22,20,0.6895125259955724,0.6907937010129293,0.001,64,2,0.3,False,32,75,0.001,0.1,10,5,0.5,True,42
weight_decay,0.001,22,22,21,0.6887873573736711,0.6911879340807597,0.001,64,2,0.3,False,32,75,0.001,0.1,10,5,0.5,True,42
weight_decay,0.001,22,22,22,0.6888692302234245,0.6906932314236959,0.001,64,2,0.3,False,32,75,0.001,0.1,10,5,0.5,True,42
weight_decay,0.001,22,22,23,0.6886276516950491,0.6919835964838664,0.001,64,2,0.3,False,32,75,0.001,0.1,10,5,0.5,True,42
weight_decay,0.001,22,22,24,0.6881617334755984,0.6913976073265076,0.001,64,2,0.3,False,32,75,0.001,0.1,10,5,0.5,True,42
weight_decay,0.001,22,22,25,0.6871153513590494,0.6917883674303691,0.001,64,2,0.3,False,32,75,0.001,0.1,10,5,0.5,True,42
weight_decay,0.001,22,22,26,0.687807762261593,0.6919981638590494,0.001,64,2,0.3,False,32,75,0.001,0.1,10,5,0.5,True,42
weight_decay,0.001,22,22,27,0.6878590809576439,0.6919031182924906,0.001,64,2,0.3,False,32,75,0.001,0.1,10,5,0.5,True,42
weight_decay,0.001,22,22,28,0.6869198589613943,0.6920174678166707,0.001,64,2,0.3,False,32,75,0.001,0.1,10,5,0.5,True,42
weight_decay,0.001,22,22,29,0.6870504437070905,0.6919536352157593,0.001,64,2,0.3,False,32,75,0.001,0.1,10,5,0.5,True,42
weight_decay,0.001,22,22,30,0.6875920259591305,0.6919689734776815,0.001,64,2,0.3,False,32,75,0.001,0.1,10,5,0.5,True,42
weight_decay,0.001,22,22,31,0.6869207534826163,0.6918305357297262,0.001,64,2,0.3,False,32,75,0.001,0.1,10,5,0.5,True,42
weight_decay,0.001,22,22,32,0.6867997799858903,0.6923820932706197,0.001,64,2,0.3,False,32,75,0.001,0.1,10,5,0.5,True,42
weight_decay,0.001,23,23,1,0.6941574265559515,0.6936527252197265,0.001,64,2,0.3,False,32,75,0.001,0.1,10,5,0.5,True,42
weight_decay,0.001,23,23,2,0.6927801993760195,0.6930374185244242,0.001,64,2,0.3,False,32,75,0.001,0.1,10,5,0.5,True,42
weight_decay,0.001,23,23,3,0.6927728779388197,0.693104608853658,0.001,64,2,0.3,False,32,75,0.001,0.1,10,5,0.5,True,42
weight_decay,0.001,23,23,4,0.6927173751773257,0.6935134490331014,0.001,64,2,0.3,False,32,75,0.001,0.1,10,5,0.5,True,42
weight_decay,0.001,23,23,5,0.6923187230572556,0.6947607874870301,0.001,64,2,0.3,False,32,75,0.001,0.1,10,5,0.5,True,42
weight_decay,0.001,23,23,6,0.6920259730382399,0.6926063497861227,0.001,64,2,0.3,False,32,75,0.001,0.1,10,5,0.5,True,42
weight_decay,0.001,23,23,7,0.6913625159949968,0.6927670319875081,0.001,64,2,0.3,False,32,75,0.001,0.1,10,5,0.5,True,42
weight_decay,0.001,23,23,8,0.6924643421714957,0.6920634547869364,0.001,64,2,0.3,False,32,75,0.001,0.1,10,5,0.5,True,42
weight_decay,0.001,23,23,9,0.6916174920219363,0.6917647600173951,0.001,64,2,0.3,False,32,75,0.001,0.1,10,5,0.5,True,42
weight_decay,0.001,23,23,10,0.6913512520717852,0.6927099466323853,0.001,64,2,0.3,False,32,75,0.001,0.1,10,5,0.5,True,42
weight_decay,0.001,23,23,11,0.691524651465994,0.6912502686182658,0.001,64,2,0.3,False,32,75,0.001,0.1,10,5,0.5,True,42
weight_decay,0.001,23,23,12,0.6908204505840937,0.6913968165715535,0.001,64,2,0.3,False,32,75,0.001,0.1,10,5,0.5,True,42
weight_decay,0.001,23,23,13,0.6907101332238226,0.6909469683965047,0.001,64,2,0.3,False,32,75,0.001,0.1,10,5,0.5,True,42
weight_decay,0.001,23,23,14,0.6903072685906382,0.6920870184898377,0.001,64,2,0.3,False,32,75,0.001,0.1,10,5,0.5,True,42
weight_decay,0.001,23,23,15,0.6899157464504242,0.6907952706019084,0.001,64,2,0.3,False,32,75,0.001,0.1,10,5,0.5,True,42
weight_decay,0.001,23,23,16,0.6897602514787153,0.6925478140513103,0.001,64,2,0.3,False,32,75,0.001,0.1,10,5,0.5,True,42
weight_decay,0.001,23,23,17,0.688712042389494,0.6941222031911214,0.001,64,2,0.3,False,32,75,0.001,0.1,10,5,0.5,True,42
weight_decay,0.001,23,23,18,0.6897606691627791,0.6918057004610697,0.001,64,2,0.3,False,32,75,0.001,0.1,10,5,0.5,True,42
weight_decay,0.001,23,23,19,0.6891277342131643,0.6928878267606099,0.001,64,2,0.3,False,32,75,0.001,0.1,10,5,0.5,True,42
weight_decay,0.001,23,23,20,0.6900556999625582,0.6912839571634929,0.001,64,2,0.3,False,32,75,0.001,0.1,10,5,0.5,True,42
weight_decay,0.001,23,23,21,0.6893160717956948,0.6916833837827047,0.001,64,2,0.3,False,32,75,0.001,0.1,10,5,0.5,True,42
weight_decay,0.001,23,23,22,0.6882285963405262,0.6921804547309875,0.001,64,2,0.3,False,32,75,0.001,0.1,10,5,0.5,True,42
weight_decay,0.001,23,23,23,0.687877250440193,0.6926291942596435,0.001,64,2,0.3,False,32,75,0.001,0.1,10,5,0.5,True,42
weight_decay,0.001,23,23,24,0.6877503246068954,0.6930021047592163,0.001,64,2,0.3,False,32,75,0.001,0.1,10,5,0.5,True,42
weight_decay,0.001,23,23,25,0.6873993304642764,0.6925224622090658,0.001,64,2,0.3,False,32,75,0.001,0.1,10,5,0.5,True,42
weight_decay,0.001,24,24,1,0.6935097758931325,0.6921227773030599,0.001,64,2,0.3,False,32,75,0.001,0.1,10,5,0.5,True,42
weight_decay,0.001,24,24,2,0.6931171874354657,0.6921416044235229,0.001,64,2,0.3,False,32,75,0.001,0.1,10,5,0.5,True,42
weight_decay,0.001,24,24,3,0.69319826947119,0.6920464754104614,0.001,64,2,0.3,False,32,75,0.001,0.1,10,5,0.5,True,42
weight_decay,0.001,24,24,4,0.6926636404560921,0.6916448036829631,0.001,64,2,0.3,False,32,75,0.001,0.1,10,5,0.5,True,42
weight_decay,0.001,24,24,5,0.6922758804228073,0.6907538771629333,0.001,64,2,0.3,False,32,75,0.001,0.1,10,5,0.5,True,42
weight_decay,0.001,24,24,6,0.6916909468801398,0.6901795069376627,0.001,64,2,0.3,False,32,75,0.001,0.1,10,5,0.5,True,42
weight_decay,0.001,24,24,7,0.6917825784898342,0.6907543301582336,0.001,64,2,0.3,False,32,75,0.001,0.1,10,5,0.5,True,42
weight_decay,0.001,24,24,8,0.6914008421109135,0.6908394734064738,0.001,64,2,0.3,False,32,75,0.001,0.1,10,5,0.5,True,42
weight_decay,0.001,24,24,9,0.6909053590064659,0.6907927036285401,0.001,64,2,0.3,False,32,75,0.001,0.1,10,5,0.5,True,42
weight_decay,0.001,24,24,10,0.6904488730251341,0.6911784688631694,0.001,64,2,0.3,False,32,75,0.001,0.1,10,5,0.5,True,42
weight_decay,0.001,24,24,11,0.6911812850407192,0.6897726019223531,0.001,64,2,0.3,False,32,75,0.001,0.1,10,5,0.5,True,42
weight_decay,0.001,24,24,12,0.6904575726143399,0.689685340722402,0.001,64,2,0.3,False,32,75,0.001,0.1,10,5,0.5,True,42
weight_decay,0.001,24,24,13,0.6891922529478719,0.6897416114807129,0.001,64,2,0.3,False,32,75,0.001,0.1,10,5,0.5,True,42
weight_decay,0.001,24,24,14,0.6898167572523418,0.6891082247098287,0.001,64,2,0.3,False,32,75,0.001,0.1,10,5,0.5,True,42
weight_decay,0.001,24,24,15,0.6901497639211497,0.6900083978970846,0.001,64,2,0.3,False,32,75,0.001,0.1,10,5,0.5,True,42
weight_decay,0.001,24,24,16,0.6892893471215901,0.6905996561050415,0.001,64,2,0.3,False,32,75,0.001,0.1,10,5,0.5,True,42
weight_decay,0.001,24,24,17,0.6891281600285294,0.6896888216336569,0.001,64,2,0.3,False,32,75,0.001,0.1,10,5,0.5,True,42
weight_decay,0.001,24,24,18,0.6887208420531195,0.6908080101013183,0.001,64,2,0.3,False,32,75,0.001,0.1,10,5,0.5,True,42
weight_decay,0.001,24,24,19,0.6890511230418557,0.6902780334154764,0.001,64,2,0.3,False,32,75,0.001,0.1,10,5,0.5,True,42
weight_decay,0.001,24,24,20,0.6885155013629368,0.6901555736859639,0.001,64,2,0.3,False,32,75,0.001,0.1,10,5,0.5,True,42
weight_decay,0.001,24,24,21,0.6881914497318125,0.6904581507047017,0.001,64,2,0.3,False,32,75,0.001,0.1,10,5,0.5,True,42
weight_decay,0.001,24,24,22,0.6870270770295221,0.6909574151039124,0.001,64,2,0.3,False,32,75,0.001,0.1,10,5,0.5,True,42
weight_decay,0.001,24,24,23,0.6865920442387574,0.6902024229367574,0.001,64,2,0.3,False,32,75,0.001,0.1,10,5,0.5,True,42
weight_decay,0.001,24,24,24,0.6872484988736031,0.6899290720621745,0.001,64,2,0.3,False,32,75,0.001,0.1,10,5,0.5,True,42
weight_decay,0.001,25,25,1,0.6937308063109716,0.6936343471209209,0.001,64,2,0.3,False,32,75,0.001,0.1,10,5,0.5,True,42
weight_decay,0.001,25,25,2,0.692723733457652,0.694282595316569,0.001,64,2,0.3,False,32,75,0.001,0.1,10,5,0.5,True,42
weight_decay,0.001,25,25,3,0.6923854892904108,0.6936269839604695,0.001,64,2,0.3,False,32,75,0.001,0.1,10,5,0.5,True,42
weight_decay,0.001,25,25,4,0.6924488806363308,0.6935959498087565,0.001,64,2,0.3,False,32,75,0.001,0.1,10,5,0.5,True,42
weight_decay,0.001,25,25,5,0.6920924385388693,0.6932326594988505,0.001,64,2,0.3,False,32,75,0.001,0.1,10,5,0.5,True,42
weight_decay,0.001,25,25,6,0.6916031507831631,0.6922655661900838,0.001,64,2,0.3,False,32,75,0.001,0.1,10,5,0.5,True,42
weight_decay,0.001,25,25,7,0.6915857669982043,0.6923608819643656,0.001,64,2,0.3,False,32,75,0.001,0.1,10,5,0.5,True,42
weight_decay,0.001,25,25,8,0.6908970502289858,0.6916112661361694,0.001,64,2,0.3,False,32,75,0.001,0.1,10,5,0.5,True,42
weight_decay,0.001,25,25,9,0.6909097266016584,0.6927944342295329,0.001,64,2,0.3,False,32,75,0.001,0.1,10,5,0.5,True,42
weight_decay,0.001,25,25,10,0.690691941615307,0.6925959467887879,0.001,64,2,0.3,False,32,75,0.001,0.1,10,5,0.5,True,42
weight_decay,0.001,25,25,11,0.6907153125062133,0.6924280643463134,0.001,64,2,0.3,False,32,75,0.001,0.1,10,5,0.5,True,42
weight_decay,0.001,25,25,12,0.6900811922369581,0.6935097734133403,0.001,64,2,0.3,False,32,75,0.001,0.1,10,5,0.5,True,42
weight_decay,0.001,25,25,13,0.6908837678757581,0.6919758200645447,0.001,64,2,0.3,False,32,75,0.001,0.1,10,5,0.5,True,42
weight_decay,0.001,25,25,14,0.6896381924549738,0.6932132601737976,0.001,64,2,0.3,False,32,75,0.001,0.1,10,5,0.5,True,42
weight_decay,0.001,25,25,15,0.6891521454760523,0.6918643275896709,0.001,64,2,0.3,False,32,75,0.001,0.1,10,5,0.5,True,42
weight_decay,0.001,25,25,16,0.6893747083165429,0.6923453132311503,0.001,64,2,0.3,False,32,75,0.001,0.1,10,5,0.5,True,42
weight_decay,0.001,25,25,17,0.6893439423857313,0.6920694231986999,0.001,64,2,0.3,False,32,75,0.001,0.1,10,5,0.5,True,42
weight_decay,0.001,25,25,18,0.6883321291569507,0.6914671818415324,0.001,64,2,0.3,False,32,75,0.001,0.1,10,5,0.5,True,42
weight_decay,0.001,25,25,19,0.6882500264680746,0.6915154139200846,0.001,64,2,0.3,False,32,75,0.001,0.1,10,5,0.5,True,42
weight_decay,0.001,25,25,20,0.6886147152293812,0.6922124187151592,0.001,64,2,0.3,False,32,75,0.001,0.1,10,5,0.5,True,42
weight_decay,0.001,25,25,21,0.6880221868103201,0.6918598612149557,0.001,64,2,0.3,False,32,75,0.001,0.1,10,5,0.5,True,42
weight_decay,0.001,25,25,22,0.6876067166978662,0.6925084312756856,0.001,64,2,0.3,False,32,75,0.001,0.1,10,5,0.5,True,42
weight_decay,0.001,25,25,23,0.6879300502213564,0.6912723263104756,0.001,64,2,0.3,False,32,75,0.001,0.1,10,5,0.5,True,42
weight_decay,0.001,25,25,24,0.6883658771262025,0.692218561967214,0.001,64,2,0.3,False,32,75,0.001,0.1,10,5,0.5,True,42
weight_decay,0.001,25,25,25,0.687448572028767,0.6926394422849019,0.001,64,2,0.3,False,32,75,0.001,0.1,10,5,0.5,True,42
weight_decay,0.001,25,25,26,0.6875143349170685,0.6929546236991883,0.001,64,2,0.3,False,32,75,0.001,0.1,10,5,0.5,True,42
weight_decay,0.001,25,25,27,0.6877982435804425,0.6919317285219828,0.001,64,2,0.3,False,32,75,0.001,0.1,10,5,0.5,True,42
weight_decay,0.001,25,25,28,0.6875827727895795,0.6921921690305074,0.001,64,2,0.3,False,32,75,0.001,0.1,10,5,0.5,True,42
weight_decay,0.001,25,25,29,0.6874594801303112,0.6918346365292867,0.001,64,2,0.3,False,32,75,0.001,0.1,10,5,0.5,True,42
weight_decay,0.001,25,25,30,0.6867713165102582,0.692469580968221,0.001,64,2,0.3,False,32,75,0.001,0.1,10,5,0.5,True,42
weight_decay,0.001,25,25,31,0.6861728673631494,0.6925800204277038,0.001,64,2,0.3,False,32,75,0.001,0.1,10,5,0.5,True,42
weight_decay,0.001,25,25,32,0.6861813646374326,0.6930384516716004,0.001,64,2,0.3,False,32,75,0.001,0.1,10,5,0.5,True,42
weight_decay,0.001,25,25,33,0.6866085682854508,0.6927789807319641,0.001,64,2,0.3,False,32,75,0.001,0.1,10,5,0.5,True,42
weight_decay,0.001,26,26,1,0.6933127867453026,0.6968564867973328,0.001,64,2,0.3,False,32,75,0.001,0.1,10,5,0.5,True,42
weight_decay,0.001,26,26,2,0.693699092575998,0.6933008154233297,0.001,64,2,0.3,False,32,75,0.001,0.1,10,5,0.5,True,42
weight_decay,0.001,26,26,3,0.6921761112682747,0.6938003659248352,0.001,64,2,0.3,False,32,75,0.001,0.1,10,5,0.5,True,42
weight_decay,0.001,26,26,4,0.6928892505891395,0.6959989547729493,0.001,64,2,0.3,False,32,75,0.001,0.1,10,5,0.5,True,42
weight_decay,0.001,26,26,5,0.6919599351557818,0.6925546566645304,0.001,64,2,0.3,False,32,75,0.001,0.1,10,5,0.5,True,42
weight_decay,0.001,26,26,6,0.691892020630114,0.6929615696271261,0.001,64,2,0.3,False,32,75,0.001,0.1,10,5,0.5,True,42
weight_decay,0.001,26,26,7,0.6914744151361061,0.6921062111854553,0.001,64,2,0.3,False,32,75,0.001,0.1,10,5,0.5,True,42
weight_decay,0.001,26,26,8,0.6909986571832136,0.6927586833635966,0.001,64,2,0.3,False,32,75,0.001,0.1,10,5,0.5,True,42
weight_decay,0.001,26,26,9,0.6909011945579991,0.6941410223642985,0.001,64,2,0.3,False,32,75,0.001,0.1,10,5,0.5,True,42
weight_decay,0.001,26,26,10,0.6905380062984697,0.6921366771062215,0.001,64,2,0.3,False,32,75,0.001,0.1,10,5,0.5,True,42
weight_decay,0.001,26,26,11,0.6900161789222197,0.6946408232053121,0.001,64,2,0.3,False,32,75,0.001,0.1,10,5,0.5,True,42
weight_decay,0.001,26,26,12,0.6893501877784729,0.6928460836410523,0.001,64,2,0.3,False,32,75,0.001,0.1,10,5,0.5,True,42
weight_decay,0.001,26,26,13,0.6886552238103115,0.6936563134193421,0.001,64,2,0.3,False,32,75,0.001,0.1,10,5,0.5,True,42
weight_decay,0.001,26,26,14,0.6879484725720955,0.6926685412724812,0.001,64,2,0.3,False,32,75,0.001,0.1,10,5,0.5,True,42
weight_decay,0.001,26,26,15,0.6879525694883231,0.6955680092175801,0.001,64,2,0.3,False,32,75,0.001,0.1,10,5,0.5,True,42
weight_decay,0.001,26,26,16,0.6883067687352499,0.6934114217758178,0.001,64,2,0.3,False,32,75,0.001,0.1,10,5,0.5,True,42
weight_decay,0.001,26,26,17,0.6873318774230552,0.6933577458063761,0.001,64,2,0.3,False,32,75,0.001,0.1,10,5,0.5,True,42
weight_decay,0.001,27,27,1,0.6943140016360716,0.6928944667180379,0.001,64,2,0.3,False,32,75,0.001,0.1,10,5,0.5,True,42
weight_decay,0.001,27,27,2,0.693248171246413,0.6927814284960429,0.001,64,2,0.3,False,32,75,0.001,0.1,10,5,0.5,True,42
weight_decay,0.001,27,27,3,0.6928478181362152,0.6928046147028605,0.001,64,2,0.3,False,32,75,0.001,0.1,10,5,0.5,True,42
weight_decay,0.001,27,27,4,0.6922136346499125,0.6940108100573222,0.001,64,2,0.3,False,32,75,0.001,0.1,10,5,0.5,True,42
weight_decay,0.001,27,27,5,0.6918510686267506,0.6929118394851684,0.001,64,2,0.3,False,32,75,0.001,0.1,10,5,0.5,True,42
weight_decay,0.001,27,27,6,0.6915038363500075,0.6933995564778646,0.001,64,2,0.3,False,32,75,0.001,0.1,10,5,0.5,True,42
weight_decay,0.001,27,27,7,0.6916545263745568,0.6944458683331808,0.001,64,2,0.3,False,32,75,0.001,0.1,10,5,0.5,True,42
weight_decay,0.001,27,27,8,0.6909613017783021,0.6937609990437825,0.001,64,2,0.3,False,32,75,0.001,0.1,10,5,0.5,True,42
weight_decay,0.001,27,27,9,0.6899494388789842,0.6937980691591898,0.001,64,2,0.3,False,32,75,0.001,0.1,10,5,0.5,True,42
weight_decay,0.001,27,27,10,0.6896298970236923,0.6950721542040507,0.001,64,2,0.3,False,32,75,0.001,0.1,10,5,0.5,True,42
weight_decay,0.001,27,27,11,0.689578271724961,0.6952023307482401,0.001,64,2,0.3,False,32,75,0.001,0.1,10,5,0.5,True,42
weight_decay,0.001,27,27,12,0.68902011486617,0.6951472322146098,0.001,64,2,0.3,False,32,75,0.001,0.1,10,5,0.5,True,42
weight_decay,0.001,28,28,1,0.6934699709668304,0.6945816198984782,0.001,64,2,0.3,False,32,75,0.001,0.1,10,5,0.5,True,42
weight_decay,0.001,28,28,2,0.6931264540462783,0.6930683414141338,0.001,64,2,0.3,False,32,75,0.001,0.1,10,5,0.5,True,42
weight_decay,0.001,28,28,3,0.6932384444005562,0.6937439362208049,0.001,64,2,0.3,False,32,75,0.001,0.1,10,5,0.5,True,42
weight_decay,0.001,28,28,4,0.6925683897553068,0.6931066473325094,0.001,64,2,0.3,False,32,75,0.001,0.1,10,5,0.5,True,42
weight_decay,0.001,28,28,5,0.6919428977099332,0.6928155581156413,0.001,64,2,0.3,False,32,75,0.001,0.1,10,5,0.5,True,42
weight_decay,0.001,28,28,6,0.6922669234600934,0.6927830855051677,0.001,64,2,0.3,False,32,75,0.001,0.1,10,5,0.5,True,42
weight_decay,0.001,28,28,7,0.6922943700443615,0.6940035025278727,0.001,64,2,0.3,False,32,75,0.001,0.1,10,5,0.5,True,42
weight_decay,0.001,28,28,8,0.6918958339727286,0.6927193641662598,0.001,64,2,0.3,False,32,75,0.001,0.1,10,5,0.5,True,42
weight_decay,0.001,28,28,9,0.6912781989032571,0.6923854907353719,0.001,64,2,0.3,False,32,75,0.001,0.1,10,5,0.5,True,42
weight_decay,0.001,28,28,10,0.6910316966699831,0.6920564850171407,0.001,64,2,0.3,False,32,75,0.001,0.1,10,5,0.5,True,42
weight_decay,0.001,28,28,11,0.6904217000260497,0.6925174315770467,0.001,64,2,0.3,False,32,75,0.001,0.1,10,5,0.5,True,42
weight_decay,0.001,28,28,12,0.6907301766402794,0.6921916007995605,0.001,64,2,0.3,False,32,75,0.001,0.1,10,5,0.5,True,42
weight_decay,0.001,28,28,13,0.6904596799250805,0.6947931766510009,0.001,64,2,0.3,False,32,75,0.001,0.1,10,5,0.5,True,42
weight_decay,0.001,28,28,14,0.6908537564855634,0.6926920692125956,0.001,64,2,0.3,False,32,75,0.001,0.1,10,5,0.5,True,42
weight_decay,0.001,28,28,15,0.6904584729310238,0.6927146236101787,0.001,64,2,0.3,False,32,75,0.001,0.1,10,5,0.5,True,42
weight_decay,0.001,28,28,16,0.6902033921444055,0.6920587182044983,0.001,64,2,0.3,False,32,75,0.001,0.1,10,5,0.5,True,42
weight_decay,0.001,28,28,17,0.6894746910442006,0.692120107014974,0.001,64,2,0.3,False,32,75,0.001,0.1,10,5,0.5,True,42
weight_decay,0.001,28,28,18,0.6889382686578867,0.6924545049667359,0.001,64,2,0.3,False,32,75,0.001,0.1,10,5,0.5,True,42
weight_decay,0.001,28,28,19,0.6886303709311918,0.6920215288798014,0.001,64,2,0.3,False,32,75,0.001,0.1,10,5,0.5,True,42
weight_decay,0.001,28,28,20,0.6879818109851895,0.692995278040568,0.001,64,2,0.3,False,32,75,0.001,0.1,10,5,0.5,True,42
weight_decay,0.001,28,28,21,0.6876381965297641,0.6931389888127645,0.001,64,2,0.3,False,32,75,0.001,0.1,10,5,0.5,True,42
weight_decay,0.001,28,28,22,0.687914281631961,0.6922390341758728,0.001,64,2,0.3,False,32,75,0.001,0.1,10,5,0.5,True,42
weight_decay,0.001,28,28,23,0.6870857030153275,0.6922448992729187,0.001,64,2,0.3,False,32,75,0.001,0.1,10,5,0.5,True,42
weight_decay,0.001,28,28,24,0.6872175372008121,0.6927590449651082,0.001,64,2,0.3,False,32,75,0.001,0.1,10,5,0.5,True,42
weight_decay,0.001,28,28,25,0.6866821723453926,0.6933469176292419,0.001,64,2,0.3,False,32,75,0.001,0.1,10,5,0.5,True,42
weight_decay,0.001,28,28,26,0.6869739930738102,0.6931019465128581,0.001,64,2,0.3,False,32,75,0.001,0.1,10,5,0.5,True,42
weight_decay,0.001,28,28,27,0.6867547784790848,0.693856132030487,0.001,64,2,0.3,False,32,75,0.001,0.1,10,5,0.5,True,42
weight_decay,0.001,28,28,28,0.686424677570661,0.6936383684476216,0.001,64,2,0.3,False,32,75,0.001,0.1,10,5,0.5,True,42
weight_decay,0.001,28,28,29,0.6871327234036995,0.6937168161074321,0.001,64,2,0.3,False,32,75,0.001,0.1,10,5,0.5,True,42
weight_decay,0.001,29,29,1,0.6938992752270265,0.6924023747444152,0.001,64,2,0.3,False,32,75,0.001,0.1,10,5,0.5,True,42
weight_decay,0.001,29,29,2,0.6927801930543148,0.6926973581314086,0.001,64,2,0.3,False,32,75,0.001,0.1,10,5,0.5,True,42
weight_decay,0.001,29,29,3,0.6923063370314512,0.6935408711433411,0.001,64,2,0.3,False,32,75,0.001,0.1,10,5,0.5,True,42
weight_decay,0.001,29,29,4,0.6916475806272391,0.6926334738731384,0.001,64,2,0.3,False,32,75,0.001,0.1,10,5,0.5,True,42
weight_decay,0.001,29,29,5,0.6913835036032128,0.6934129357337951,0.001,64,2,0.3,False,32,75,0.001,0.1,10,5,0.5,True,42
weight_decay,0.001,29,29,6,0.6904112466356971,0.694369355837504,0.001,64,2,0.3,False,32,75,0.001,0.1,10,5,0.5,True,42
weight_decay,0.001,29,29,7,0.6905657770958814,0.6925897677739461,0.001,64,2,0.3,False,32,75,0.001,0.1,10,5,0.5,True,42
weight_decay,0.001,29,29,8,0.6900455649151946,0.6941335678100586,0.001,64,2,0.3,False,32,75,0.001,0.1,10,5,0.5,True,42
weight_decay,0.001,29,29,9,0.6897049613974311,0.693580683072408,0.001,64,2,0.3,False,32,75,0.001,0.1,10,5,0.5,True,42
weight_decay,0.001,29,29,10,0.6887028217315674,0.6944261391957601,0.001,64,2,0.3,False,32,75,0.001,0.1,10,5,0.5,True,42
weight_decay,0.001,29,29,11,0.6886657178401947,0.6952536980311076,0.001,64,2,0.3,False,32,75,0.001,0.1,10,5,0.5,True,42
weight_decay,0.001,30,30,1,0.6937259273095564,0.6935852607091267,0.001,64,2,0.3,False,32,75,0.001,0.1,10,5,0.5,True,42
weight_decay,0.001,30,30,2,0.6930590402899366,0.6932801961898803,0.001,64,2,0.3,False,32,75,0.001,0.1,10,5,0.5,True,42
weight_decay,0.001,30,30,3,0.6931347824407347,0.6939277569452922,0.001,64,2,0.3,False,32,75,0.001,0.1,10,5,0.5,True,42
weight_decay,0.001,30,30,4,0.6922859188282129,0.6934944311777751,0.001,64,2,0.3,False,32,75,0.001,0.1,10,5,0.5,True,42
weight_decay,0.001,30,30,5,0.6924408660693602,0.6928757230440775,0.001,64,2,0.3,False,32,75,0.001,0.1,10,5,0.5,True,42
weight_decay,0.001,30,30,6,0.6923341606602524,0.6931880513827006,0.001,64,2,0.3,False,32,75,0.001,0.1,10,5,0.5,True,42
weight_decay,0.001,30,30,7,0.6915639584714716,0.6929632067680359,0.001,64,2,0.3,False,32,75,0.001,0.1,10,5,0.5,True,42
weight_decay,0.001,30,30,8,0.6918389350175858,0.6923346559206645,0.001,64,2,0.3,False,32,75,0.001,0.1,10,5,0.5,True,42
weight_decay,0.001,30,30,9,0.6918351130955147,0.6921298424402873,0.001,64,2,0.3,False,32,75,0.001,0.1,10,5,0.5,True,42
weight_decay,0.001,30,30,10,0.69139481493921,0.6930664976437887,0.001,64,2,0.3,False,32,75,0.001,0.1,10,5,0.5,True,42
weight_decay,0.001,30,30,11,0.6914060878934283,0.6917228619257609,0.001,64,2,0.3,False,32,75,0.001,0.1,10,5,0.5,True,42
weight_decay,0.001,30,30,12,0.6908687863386038,0.6916073163350424,0.001,64,2,0.3,False,32,75,0.001,0.1,10,5,0.5,True,42
weight_decay,0.001,30,30,13,0.6908005670164571,0.6914199392000834,0.001,64,2,0.3,False,32,75,0.001,0.1,10,5,0.5,True,42
weight_decay,0.001,30,30,14,0.6904772131732015,0.6912769357363383,0.001,64,2,0.3,False,32,75,0.001,0.1,10,5,0.5,True,42
weight_decay,0.001,30,30,15,0.6897365107680812,0.6910261988639832,0.001,64,2,0.3,False,32,75,0.001,0.1,10,5,0.5,True,42
weight_decay,0.001,30,30,16,0.6897348332585711,0.6928271253903707,0.001,64,2,0.3,False,32,75,0.001,0.1,10,5,0.5,True,42
weight_decay,0.001,30,30,17,0.6900108018607805,0.6908951838811238,0.001,64,2,0.3,False,32,75,0.001,0.1,10,5,0.5,True,42
weight_decay,0.001,30,30,18,0.6900343416315137,0.6907380223274231,0.001,64,2,0.3,False,32,75,0.001,0.1,10,5,0.5,True,42
weight_decay,0.001,30,30,19,0.689329239003586,0.6900999347368876,0.001,64,2,0.3,False,32,75,0.001,0.1,10,5,0.5,True,42
weight_decay,0.001,30,30,20,0.6898232942277734,0.6903734922409057,0.001,64,2,0.3,False,32,75,0.001,0.1,10,5,0.5,True,42
weight_decay,0.001,30,30,21,0.688612081787803,0.6912171045939127,0.001,64,2,0.3,False,32,75,0.001,0.1,10,5,0.5,True,42
weight_decay,0.001,30,30,22,0.689312756061554,0.6906770984331767,0.001,64,2,0.3,False,32,75,0.001,0.1,10,5,0.5,True,42
weight_decay,0.001,30,30,23,0.6886413106412599,0.691475510597229,0.001,64,2,0.3,False,32,75,0.001,0.1,10,5,0.5,True,42
weight_decay,0.001,30,30,24,0.6883510242808949,0.690627106030782,0.001,64,2,0.3,False,32,75,0.001,0.1,10,5,0.5,True,42
weight_decay,0.001,30,30,25,0.6884885714812712,0.6908442258834839,0.001,64,2,0.3,False,32,75,0.001,0.1,10,5,0.5,True,42
weight_decay,0.001,30,30,26,0.6882030449130319,0.6909720420837402,0.001,64,2,0.3,False,32,75,0.001,0.1,10,5,0.5,True,42
weight_decay,0.001,30,30,27,0.6886644693035068,0.6907799243927002,0.001,64,2,0.3,False,32,75,0.001,0.1,10,5,0.5,True,42
weight_decay,0.001,30,30,28,0.6881630809018107,0.6914678414662679,0.001,64,2,0.3,False,32,75,0.001,0.1,10,5,0.5,True,42
weight_decay,0.001,30,30,29,0.6865620549881097,0.6925996383031209,0.001,64,2,0.3,False,32,75,0.001,0.1,10,5,0.5,True,42
weight_decay,0.001,31,31,1,0.6945077040881822,0.6936256607373555,0.001,64,2,0.3,False,32,75,0.001,0.1,10,5,0.5,True,42
weight_decay,0.001,31,31,2,0.6929724564154943,0.6943943460782369,0.001,64,2,0.3,False,32,75,0.001,0.1,10,5,0.5,True,42
weight_decay,0.001,31,31,3,0.6925569465666106,0.6935806751251221,0.001,64,2,0.3,False,32,75,0.001,0.1,10,5,0.5,True,42
weight_decay,0.001,31,31,4,0.6917112013607314,0.6934581995010376,0.001,64,2,0.3,False,32,75,0.001,0.1,10,5,0.5,True,42
weight_decay,0.001,31,31,5,0.6919938425223032,0.6933370033899943,0.001,64,2,0.3,False,32,75,0.001,0.1,10,5,0.5,True,42
weight_decay,0.001,31,31,6,0.6919840140776201,0.6926502744356792,0.001,64,2,0.3,False,32,75,0.001,0.1,10,5,0.5,True,42
weight_decay,0.001,31,31,7,0.6913289788997534,0.6937226017316183,0.001,64,2,0.3,False,32,75,0.001,0.1,10,5,0.5,True,42
weight_decay,0.001,31,31,8,0.6909739867304311,0.6956696708997091,0.001,64,2,0.3,False,32,75,0.001,0.1,10,5,0.5,True,42
weight_decay,0.001,31,31,9,0.6906050023707476,0.6937561988830566,0.001,64,2,0.3,False,32,75,0.001,0.1,10,5,0.5,True,42
weight_decay,0.001,31,31,10,0.691262505271218,0.6955904046694438,0.001,64,2,0.3,False,32,75,0.001,0.1,10,5,0.5,True,42
weight_decay,0.001,31,31,11,0.6908178311405759,0.6927216053009033,0.001,64,2,0.3,False,32,75,0.001,0.1,10,5,0.5,True,42
weight_decay,0.001,31,31,12,0.6903805506951881,0.6933389902114868,0.001,64,2,0.3,False,32,75,0.001,0.1,10,5,0.5,True,42
weight_decay,0.001,31,31,13,0.6899178407408975,0.6930795232454936,0.001,64,2,0.3,False,32,75,0.001,0.1,10,5,0.5,True,42
weight_decay,0.001,31,31,14,0.6896641502777735,0.6927469293276469,0.001,64,2,0.3,False,32,75,0.001,0.1,10,5,0.5,True,42
weight_decay,0.001,31,31,15,0.6895377514037219,0.6926141778628031,0.001,64,2,0.3,False,32,75,0.001,0.1,10,5,0.5,True,42
weight_decay,0.001,31,31,16,0.688934018666094,0.6924817681312561,0.001,64,2,0.3,False,32,75,0.001,0.1,10,5,0.5,True,42
weight_decay,0.001,31,31,17,0.6889512611157966,0.6915235400199891,0.001,64,2,0.3,False,32,75,0.001,0.1,10,5,0.5,True,42
weight_decay,0.001,31,31,18,0.6898565929044377,0.6914479533831278,0.001,64,2,0.3,False,32,75,0.001,0.1,10,5,0.5,True,42
weight_decay,0.001,31,31,19,0.6892582480654572,0.6922370950380962,0.001,64,2,0.3,False,32,75,0.001,0.1,10,5,0.5,True,42
weight_decay,0.001,31,31,20,0.6889652253100367,0.6926536003748576,0.001,64,2,0.3,False,32,75,0.001,0.1,10,5,0.5,True,42
weight_decay,0.001,31,31,21,0.6882735599171032,0.6918831864992777,0.001,64,2,0.3,False,32,75,0.001,0.1,10,5,0.5,True,42
weight_decay,0.001,31,31,22,0.6883965929349264,0.6917883555094401,0.001,64,2,0.3,False,32,75,0.001,0.1,10,5,0.5,True,42
weight_decay,0.001,31,31,23,0.6874469536723513,0.6913714528083801,0.001,64,2,0.3,False,32,75,0.001,0.1,10,5,0.5,True,42
weight_decay,0.001,31,31,24,0.6880455712477366,0.6921199599901835,0.001,64,2,0.3,False,32,75,0.001,0.1,10,5,0.5,True,42
weight_decay,0.001,31,31,25,0.6888372694904153,0.6924012978871663,0.001,64,2,0.3,False,32,75,0.001,0.1,10,5,0.5,True,42
weight_decay,0.001,31,31,26,0.6880208308046515,0.692016887664795,0.001,64,2,0.3,False,32,75,0.001,0.1,10,5,0.5,True,42
weight_decay,0.001,31,31,27,0.686723510424296,0.6922934015591939,0.001,64,2,0.3,False,32,75,0.001,0.1,10,5,0.5,True,42
weight_decay,0.001,31,31,28,0.6873786864858685,0.691949462890625,0.001,64,2,0.3,False,32,75,0.001,0.1,10,5,0.5,True,42
weight_decay,0.001,31,31,29,0.6866740877881194,0.6969446937243143,0.001,64,2,0.3,False,32,75,0.001,0.1,10,5,0.5,True,42
weight_decay,0.001,31,31,30,0.6873283422354496,0.6931872089703878,0.001,64,2,0.3,False,32,75,0.001,0.1,10,5,0.5,True,42
weight_decay,0.001,31,31,31,0.6867804427941641,0.6923624316851298,0.001,64,2,0.3,False,32,75,0.001,0.1,10,5,0.5,True,42
weight_decay,0.001,31,31,32,0.6859632324088704,0.6922639966011047,0.001,64,2,0.3,False,32,75,0.001,0.1,10,5,0.5,True,42
weight_decay,0.001,31,31,33,0.6868408674543555,0.6922882715861003,0.001,64,2,0.3,False,32,75,0.001,0.1,10,5,0.5,True,42
weight_decay,0.001,32,32,1,0.6938895894722505,0.6937289476394654,0.001,64,2,0.3,False,32,75,0.001,0.1,10,5,0.5,True,42
weight_decay,0.001,32,32,2,0.6932231544545202,0.6926429549853007,0.001,64,2,0.3,False,32,75,0.001,0.1,10,5,0.5,True,42
weight_decay,0.001,32,32,3,0.6924882928530375,0.6925400694211324,0.001,64,2,0.3,False,32,75,0.001,0.1,10,5,0.5,True,42
weight_decay,0.001,32,32,4,0.6922658532857895,0.6930589278539022,0.001,64,2,0.3,False,32,75,0.001,0.1,10,5,0.5,True,42
weight_decay,0.001,32,32,5,0.6914655638463569,0.695809829235077,0.001,64,2,0.3,False,32,75,0.001,0.1,10,5,0.5,True,42
weight_decay,0.001,32,32,6,0.691112554434574,0.6926009019215902,0.001,64,2,0.3,False,32,75,0.001,0.1,10,5,0.5,True,42
weight_decay,0.001,32,32,7,0.6911055174740878,0.6930782477060954,0.001,64,2,0.3,False,32,75,0.001,0.1,10,5,0.5,True,42
weight_decay,0.001,32,32,8,0.6909153655622945,0.692454198996226,0.001,64,2,0.3,False,32,75,0.001,0.1,10,5,0.5,True,42
weight_decay,0.001,32,32,9,0.6903231803214911,0.6936288277308146,0.001,64,2,0.3,False,32,75,0.001,0.1,10,5,0.5,True,42
weight_decay,0.001,32,32,10,0.6894090229814703,0.692525323232015,0.001,64,2,0.3,False,32,75,0.001,0.1,10,5,0.5,True,42
weight_decay,0.001,32,32,11,0.6897792278817205,0.693910547097524,0.001,64,2,0.3,False,32,75,0.001,0.1,10,5,0.5,True,42
weight_decay,0.001,32,32,12,0.6886770111141782,0.6939178546269734,0.001,64,2,0.3,False,32,75,0.001,0.1,10,5,0.5,True,42
weight_decay,0.001,32,32,13,0.6897724478533773,0.6928001602490743,0.001,64,2,0.3,False,32,75,0.001,0.1,10,5,0.5,True,42
weight_decay,0.001,32,32,14,0.6879456580588312,0.6962276657422384,0.001,64,2,0.3,False,32,75,0.001,0.1,10,5,0.5,True,42
weight_decay,0.001,32,32,15,0.6882025030526248,0.6931200623512268,0.001,64,2,0.3,False,32,75,0.001,0.1,10,5,0.5,True,42
weight_decay,0.001,32,32,16,0.6867330616170709,0.693851371606191,0.001,64,2,0.3,False,32,75,0.001,0.1,10,5,0.5,True,42
weight_decay,0.001,32,32,17,0.6875743432478472,0.6938084125518799,0.001,64,2,0.3,False,32,75,0.001,0.1,10,5,0.5,True,42
weight_decay,0.001,32,32,18,0.6869530375256683,0.6944606105486552,0.001,64,2,0.3,False,32,75,0.001,0.1,10,5,0.5,True,42
weight_decay,0.001,33,33,1,0.694549283746517,0.6933931668599447,0.001,64,2,0.3,False,32,75,0.001,0.1,10,5,0.5,True,42
weight_decay,0.001,33,33,2,0.6930573370420572,0.6933842380841573,0.001,64,2,0.3,False,32,75,0.001,0.1,10,5,0.5,True,42
weight_decay,0.001,33,33,3,0.6928735596664024,0.6927229642868042,0.001,64,2,0.3,False,32,75,0.001,0.1,10,5,0.5,True,42
weight_decay,0.001,33,33,4,0.692327132730773,0.6930989940961202,0.001,64,2,0.3,False,32,75,0.001,0.1,10,5,0.5,True,42
weight_decay,0.001,33,33,5,0.692625060225978,0.6929881970087687,0.001,64,2,0.3,False,32,75,0.001,0.1,10,5,0.5,True,42
weight_decay,0.001,33,33,6,0.6916428099979054,0.6935400644938151,0.001,64,2,0.3,False,32,75,0.001,0.1,10,5,0.5,True,42
weight_decay,0.001,33,33,7,0.6912299177863381,0.6920091311136881,0.001,64,2,0.3,False,32,75,0.001,0.1,10,5,0.5,True,42
weight_decay,0.001,33,33,8,0.6913355769533099,0.6928816278775533,0.001,64,2,0.3,False,32,75,0.001,0.1,10,5,0.5,True,42
weight_decay,0.001,33,33,9,0.6911347138159203,0.6911728620529175,0.001,64,2,0.3,False,32,75,0.001,0.1,10,5,0.5,True,42
weight_decay,0.001,33,33,10,0.6905652225920649,0.6921484271685282,0.001,64,2,0.3,False,32,75,0.001,0.1,10,5,0.5,True,42
weight_decay,0.001,33,33,11,0.6902053857391531,0.6932384292284648,0.001,64,2,0.3,False,32,75,0.001,0.1,10,5,0.5,True,42
weight_decay,0.001,33,33,12,0.6903757769050021,0.6918587366739909,0.001,64,2,0.3,False,32,75,0.001,0.1,10,5,0.5,True,42
weight_decay,0.001,33,33,13,0.689709768150792,0.6918336669603984,0.001,64,2,0.3,False,32,75,0.001,0.1,10,5,0.5,True,42
weight_decay,0.001,33,33,14,0.689487561583519,0.691993256409963,0.001,64,2,0.3,False,32,75,0.001,0.1,10,5,0.5,True,42
weight_decay,0.001,33,33,15,0.6891385149775129,0.6917843103408814,0.001,64,2,0.3,False,32,75,0.001,0.1,10,5,0.5,True,42
weight_decay,0.001,33,33,16,0.6882214324943947,0.6920987764994303,0.001,64,2,0.3,False,32,75,0.001,0.1,10,5,0.5,True,42
weight_decay,0.001,33,33,17,0.6875093976656595,0.6929742654164632,0.001,64,2,0.3,False,32,75,0.001,0.1,10,5,0.5,True,42
weight_decay,0.001,33,33,18,0.6878065019845963,0.6930412729581197,0.001,64,2,0.3,False,32,75,0.001,0.1,10,5,0.5,True,42
weight_decay,0.001,33,33,19,0.6870243644172495,0.6933106104532878,0.001,64,2,0.3,False,32,75,0.001,0.1,10,5,0.5,True,42
weight_decay,0.001,34,34,1,0.6935227951317122,0.6921266833941142,0.001,64,2,0.3,False,32,75,0.001,0.1,10,5,0.5,True,42
weight_decay,0.001,34,34,2,0.6934570349527128,0.6918918450673421,0.001,64,2,0.3,False,32,75,0.001,0.1,10,5,0.5,True,42
weight_decay,0.001,34,34,3,0.6926528806939269,0.6919865409533182,0.001,64,2,0.3,False,32,75,0.001,0.1,10,5,0.5,True,42
weight_decay,0.001,34,34,4,0.6930098903901649,0.6918838898340861,0.001,64,2,0.3,False,32,75,0.001,0.1,10,5,0.5,True,42
weight_decay,0.001,34,34,5,0.6927433203567158,0.6913992603619893,0.001,64,2,0.3,False,32,75,0.001,0.1,10,5,0.5,True,42
weight_decay,0.001,34,34,6,0.6926927801334497,0.6910071651140849,0.001,64,2,0.3,False,32,75,0.001,0.1,10,5,0.5,True,42
weight_decay,0.001,34,34,7,0.6921869909221475,0.6914315183957418,0.001,64,2,0.3,False,32,75,0.001,0.1,10,5,0.5,True,42
weight_decay,0.001,34,34,8,0.6920022630330288,0.6907314538955689,0.001,64,2,0.3,False,32,75,0.001,0.1,10,5,0.5,True,42
weight_decay,0.001,34,34,9,0.6917506420251095,0.6910396655400594,0.001,64,2,0.3,False,32,75,0.001,0.1,10,5,0.5,True,42
weight_decay,0.001,34,34,10,0.6916613371083231,0.6897612929344177,0.001,64,2,0.3,False,32,75,0.001,0.1,10,5,0.5,True,42
weight_decay,0.001,34,34,11,0.6912966149322914,0.6917939901351928,0.001,64,2,0.3,False,32,75,0.001,0.1,10,5,0.5,True,42
weight_decay,0.001,34,34,12,0.6907781633463773,0.6895359635353089,0.001,64,2,0.3,False,32,75,0.001,0.1,10,5,0.5,True,42
weight_decay,0.001,34,34,13,0.69071008987499,0.6914501547813415,0.001,64,2,0.3,False,32,75,0.001,0.1,10,5,0.5,True,42
weight_decay,0.001,34,34,14,0.6902533941196672,0.6886258403460185,0.001,64,2,0.3,False,32,75,0.001,0.1,10,5,0.5,True,42
weight_decay,0.001,34,34,15,0.6905475583943453,0.689194655418396,0.001,64,2,0.3,False,32,75,0.001,0.1,10,5,0.5,True,42
weight_decay,0.001,34,34,16,0.6899768791415475,0.6896819035212199,0.001,64,2,0.3,False,32,75,0.001,0.1,10,5,0.5,True,42
weight_decay,0.001,34,34,17,0.690177578366164,0.6898653268814087,0.001,64,2,0.3,False,32,75,0.001,0.1,10,5,0.5,True,42
weight_decay,0.001,34,34,18,0.6903768732692256,0.6894038160641988,0.001,64,2,0.3,False,32,75,0.001,0.1,10,5,0.5,True,42
weight_decay,0.001,34,34,19,0.6896250559525057,0.6897601405779521,0.001,64,2,0.3,False,32,75,0.001,0.1,10,5,0.5,True,42
weight_decay,0.001,34,34,20,0.6897728244463602,0.69027312596639,0.001,64,2,0.3,False,32,75,0.001,0.1,10,5,0.5,True,42
weight_decay,0.001,34,34,21,0.6886157497312083,0.6901574611663819,0.001,64,2,0.3,False,32,75,0.001,0.1,10,5,0.5,True,42
weight_decay,0.001,34,34,22,0.6878966743295843,0.6898607770601909,0.001,64,2,0.3,False,32,75,0.001,0.1,10,5,0.5,True,42
weight_decay,0.001,34,34,23,0.6875643919814717,0.6894258379936218,0.001,64,2,0.3,False,32,75,0.001,0.1,10,5,0.5,True,42
weight_decay,0.001,34,34,24,0.6871743626666792,0.690378204981486,0.001,64,2,0.3,False,32,75,0.001,0.1,10,5,0.5,True,42
weight_decay,0.001,35,35,1,0.6936381919817491,0.6946022272109985,0.001,64,2,0.3,False,32,75,0.001,0.1,10,5,0.5,True,42
weight_decay,0.001,35,35,2,0.6930557439724604,0.6936677893002828,0.001,64,2,0.3,False,32,75,0.001,0.1,10,5,0.5,True,42
weight_decay,0.001,35,35,3,0.6926598043152781,0.6938587148984273,0.001,64,2,0.3,False,32,75,0.001,0.1,10,5,0.5,True,42
weight_decay,0.001,35,35,4,0.6922024393623526,0.6935965061187744,0.001,64,2,0.3,False,32,75,0.001,0.1,10,5,0.5,True,42
weight_decay,0.001,35,35,5,0.6917768865823746,0.6930807193120321,0.001,64,2,0.3,False,32,75,0.001,0.1,10,5,0.5,True,42
weight_decay,0.001,35,35,6,0.6918807255499291,0.6935617327690125,0.001,64,2,0.3,False,32,75,0.001,0.1,10,5,0.5,True,42
weight_decay,0.001,35,35,7,0.6916900399056348,0.6929868578910827,0.001,64,2,0.3,False,32,75,0.001,0.1,10,5,0.5,True,42
weight_decay,0.001,35,35,8,0.6915960226095084,0.6931471228599548,0.001,64,2,0.3,False,32,75,0.001,0.1,10,5,0.5,True,42
weight_decay,0.001,35,35,9,0.6911335063703132,0.6940133849779765,0.001,64,2,0.3,False,32,75,0.001,0.1,10,5,0.5,True,42
weight_decay,0.001,35,35,10,0.6909434199333191,0.6925926804542542,0.001,64,2,0.3,False,32,75,0.001,0.1,10,5,0.5,True,42
weight_decay,0.001,35,35,11,0.6901984485712919,0.6928643902142843,0.001,64,2,0.3,False,32,75,0.001,0.1,10,5,0.5,True,42
weight_decay,0.001,35,35,12,0.6897622635870269,0.6935715675354004,0.001,64,2,0.3,False,32,75,0.001,0.1,10,5,0.5,True,42
weight_decay,0.001,35,35,13,0.6904334227244059,0.6927064577738444,0.001,64,2,0.3,False,32,75,0.001,0.1,10,5,0.5,True,42
weight_decay,0.001,35,35,14,0.6901597204533491,0.6928920865058898,0.001,64,2,0.3,False,32,75,0.001,0.1,10,5,0.5,True,42
weight_decay,0.001,35,35,15,0.6898653150507899,0.6936474919319153,0.001,64,2,0.3,False,32,75,0.001,0.1,10,5,0.5,True,42
weight_decay,0.001,35,35,16,0.6896947888713895,0.6949547926584879,0.001,64,2,0.3,False,32,75,0.001,0.1,10,5,0.5,True,42
weight_decay,0.001,35,35,17,0.6891980017676498,0.692690110206604,0.001,64,2,0.3,False,32,75,0.001,0.1,10,5,0.5,True,42
weight_decay,0.001,35,35,18,0.6887593413844253,0.6944756150245667,0.001,64,2,0.3,False,32,75,0.001,0.1,10,5,0.5,True,42
weight_decay,0.001,35,35,19,0.6887623654170469,0.6925686518351237,0.001,64,2,0.3,False,32,75,0.001,0.1,10,5,0.5,True,42
weight_decay,0.001,35,35,20,0.6877031994588447,0.6920134027798971,0.001,64,2,0.3,False,32,75,0.001,0.1,10,5,0.5,True,42
weight_decay,0.001,35,35,21,0.687649277123538,0.6918652534484864,0.001,64,2,0.3,False,32,75,0.001,0.1,10,5,0.5,True,42
weight_decay,0.001,35,35,22,0.687014105645093,0.6945264299710592,0.001,64,2,0.3,False,32,75,0.001,0.1,10,5,0.5,True,42
weight_decay,0.001,35,35,23,0.687880354848775,0.6927758614222209,0.001,64,2,0.3,False,32,75,0.001,0.1,10,5,0.5,True,42
weight_decay,0.001,35,35,24,0.6869542214906577,0.6924383401870727,0.001,64,2,0.3,False,32,75,0.001,0.1,10,5,0.5,True,42
weight_decay,0.001,35,35,25,0.6871744471065926,0.6928370793660482,0.001,64,2,0.3,False,32,75,0.001,0.1,10,5,0.5,True,42
weight_decay,0.001,35,35,26,0.6860705970814733,0.6928245067596436,0.001,64,2,0.3,False,32,75,0.001,0.1,10,5,0.5,True,42
weight_decay,0.001,35,35,27,0.6863339389815475,0.6915799856185914,0.001,64,2,0.3,False,32,75,0.001,0.1,10,5,0.5,True,42
weight_decay,0.001,35,35,28,0.6860096481713381,0.6923209627469381,0.001,64,2,0.3,False,32,75,0.001,0.1,10,5,0.5,True,42
weight_decay,0.001,35,35,29,0.6859323355284604,0.693700114885966,0.001,64,2,0.3,False,32,75,0.001,0.1,10,5,0.5,True,42
weight_decay,0.001,35,35,30,0.6852704173687733,0.6930164297421774,0.001,64,2,0.3,False,32,75,0.001,0.1,10,5,0.5,True,42
weight_decay,0.001,35,35,31,0.6845744450887045,0.6928678194681803,0.001,64,2,0.3,False,32,75,0.001,0.1,10,5,0.5,True,42
weight_decay,0.001,35,35,32,0.6847584784934015,0.6919094284375509,0.001,64,2,0.3,False,32,75,0.001,0.1,10,5,0.5,True,42
weight_decay,0.001,35,35,33,0.6846113575227333,0.6898772637049357,0.001,64,2,0.3,False,32,75,0.001,0.1,10,5,0.5,True,42
weight_decay,0.001,35,35,34,0.6847138951222101,0.6920497337977092,0.001,64,2,0.3,False,32,75,0.001,0.1,10,5,0.5,True,42
weight_decay,0.001,35,35,35,0.6849038727355726,0.6924186746279398,0.001,64,2,0.3,False,32,75,0.001,0.1,10,5,0.5,True,42
weight_decay,0.001,35,35,36,0.683684759519317,0.6916792313257853,0.001,64,2,0.3,False,32,75,0.001,0.1,10,5,0.5,True,42
weight_decay,0.001,35,35,37,0.6839457980611108,0.6918857375780741,0.001,64,2,0.3,False,32,75,0.001,0.1,10,5,0.5,True,42
weight_decay,0.001,35,35,38,0.6839227798310193,0.6908677816390991,0.001,64,2,0.3,False,32,75,0.001,0.1,10,5,0.5,True,42
weight_decay,0.001,35,35,39,0.6839119164329587,0.6922169725100199,0.001,64,2,0.3,False,32,75,0.001,0.1,10,5,0.5,True,42
weight_decay,0.001,35,35,40,0.6828381816546122,0.6928636590639751,0.001,64,2,0.3,False,32,75,0.001,0.1,10,5,0.5,True,42
weight_decay,0.001,35,35,41,0.6816843332666339,0.6917077382405599,0.001,64,2,0.3,False,32,75,0.001,0.1,10,5,0.5,True,42
weight_decay,0.001,35,35,42,0.6837294688730529,0.6926666855812073,0.001,64,2,0.3,False,32,75,0.001,0.1,10,5,0.5,True,42
weight_decay,0.001,35,35,43,0.6827414618297056,0.6930211861928304,0.001,64,2,0.3,False,32,75,0.001,0.1,10,5,0.5,True,42
weight_decay,0.001,36,36,1,0.6941596039316871,0.6930708130200703,0.001,64,2,0.3,False,32,75,0.001,0.1,10,5,0.5,True,42
weight_decay,0.001,36,36,2,0.6930814046751369,0.6940117120742798,0.001,64,2,0.3,False,32,75,0.001,0.1,10,5,0.5,True,42
weight_decay,0.001,36,36,3,0.6925668540326032,0.6927399039268494,0.001,64,2,0.3,False,32,75,0.001,0.1,10,5,0.5,True,42
weight_decay,0.001,36,36,4,0.6925638236782767,0.6926286300023397,0.001,64,2,0.3,False,32,75,0.001,0.1,10,5,0.5,True,42
weight_decay,0.001,36,36,5,0.6918097454490084,0.6925435662269592,0.001,64,2,0.3,False,32,75,0.001,0.1,10,5,0.5,True,42
weight_decay,0.001,36,36,6,0.6925930394367739,0.6917568325996399,0.001,64,2,0.3,False,32,75,0.001,0.1,10,5,0.5,True,42
weight_decay,0.001,36,36,7,0.6916913968144041,0.6914319435755412,0.001,64,2,0.3,False,32,75,0.001,0.1,10,5,0.5,True,42
weight_decay,0.001,36,36,8,0.6915890010017337,0.6909972667694092,0.001,64,2,0.3,False,32,75,0.001,0.1,10,5,0.5,True,42
weight_decay,0.001,36,36,9,0.6911602548577569,0.6912408471107483,0.001,64,2,0.3,False,32,75,0.001,0.1,10,5,0.5,True,42
weight_decay,0.001,36,36,10,0.6910993501995549,0.6917010108629863,0.001,64,2,0.3,False,32,75,0.001,0.1,10,5,0.5,True,42
weight_decay,0.001,36,36,11,0.6914097454511758,0.691240151723226,0.001,64,2,0.3,False,32,75,0.001,0.1,10,5,0.5,True,42
weight_decay,0.001,36,36,12,0.6903193958780982,0.6921893874804179,0.001,64,2,0.3,False,32,75,0.001,0.1,10,5,0.5,True,42
weight_decay,0.001,36,36,13,0.6898644191749168,0.6901199261347453,0.001,64,2,0.3,False,32,75,0.001,0.1,10,5,0.5,True,42
weight_decay,0.001,36,36,14,0.6904639931339206,0.6905855496724447,0.001,64,2,0.3,False,32,75,0.001,0.1,10,5,0.5,True,42
weight_decay,0.001,36,36,15,0.6900581157568729,0.6912666956583658,0.001,64,2,0.3,False,32,75,0.001,0.1,10,5,0.5,True,42
weight_decay,0.001,36,36,16,0.6901779545075966,0.6892713268597921,0.001,64,2,0.3,False,32,75,0.001,0.1,10,5,0.5,True,42
weight_decay,0.001,36,36,17,0.690671290863644,0.6903292218844096,0.001,64,2,0.3,False,32,75,0.001,0.1,10,5,0.5,True,42
weight_decay,0.001,36,36,18,0.6893345225941051,0.6884971261024475,0.001,64,2,0.3,False,32,75,0.001,0.1,10,5,0.5,True,42
weight_decay,0.001,36,36,19,0.6884833465922963,0.6883143226305644,0.001,64,2,0.3,False,32,75,0.001,0.1,10,5,0.5,True,42
weight_decay,0.001,36,36,20,0.6877790048266902,0.6897699713706971,0.001,64,2,0.3,False,32,75,0.001,0.1,10,5,0.5,True,42
weight_decay,0.001,36,36,21,0.6893394241730372,0.6894263744354248,0.001,64,2,0.3,False,32,75,0.001,0.1,10,5,0.5,True,42
weight_decay,0.001,36,36,22,0.6880173421267307,0.6900053739547729,0.001,64,2,0.3,False,32,75,0.001,0.1,10,5,0.5,True,42
weight_decay,0.001,36,36,23,0.6867053499727538,0.6901204466819764,0.001,64,2,0.3,False,32,75,0.001,0.1,10,5,0.5,True,42
weight_decay,0.001,36,36,24,0.6869506443088705,0.6909850358963012,0.001,64,2,0.3,False,32,75,0.001,0.1,10,5,0.5,True,42
weight_decay,0.001,36,36,25,0.6867336093476324,0.6913616140683492,0.001,64,2,0.3,False,32,75,0.001,0.1,10,5,0.5,True,42
weight_decay,0.001,36,36,26,0.6851472403063918,0.691010860602061,0.001,64,2,0.3,False,32,75,0.001,0.1,10,5,0.5,True,42
weight_decay,0.001,36,36,27,0.6828560413736285,0.6917998870213826,0.001,64,2,0.3,False,32,75,0.001,0.1,10,5,0.5,True,42
weight_decay,0.001,36,36,28,0.683163398143017,0.6971479415893554,0.001,64,2,0.3,False,32,75,0.001,0.1,10,5,0.5,True,42
weight_decay,0.001,36,36,29,0.6816043090639692,0.6919269998868306,0.001,64,2,0.3,False,32,75,0.001,0.1,10,5,0.5,True,42
weight_decay,0.001,37,37,1,0.6942437747211168,0.6922093669573466,0.001,64,2,0.3,False,32,75,0.001,0.1,10,5,0.5,True,42
weight_decay,0.001,37,37,2,0.6929524689912796,0.691962480545044,0.001,64,2,0.3,False,32,75,0.001,0.1,10,5,0.5,True,42
weight_decay,0.001,37,37,3,0.6926318063880458,0.6924820065498352,0.001,64,2,0.3,False,32,75,0.001,0.1,10,5,0.5,True,42
weight_decay,0.001,37,37,4,0.691779713287498,0.6921986738840739,0.001,64,2,0.3,False,32,75,0.001,0.1,10,5,0.5,True,42
weight_decay,0.001,37,37,5,0.6919004849412225,0.6940343022346497,0.001,64,2,0.3,False,32,75,0.001,0.1,10,5,0.5,True,42
weight_decay,0.001,37,37,6,0.6917054924097928,0.6916025718053181,0.001,64,2,0.3,False,32,75,0.001,0.1,10,5,0.5,True,42
weight_decay,0.001,37,37,7,0.6915626778747096,0.6921841939290364,0.001,64,2,0.3,False,32,75,0.001,0.1,10,5,0.5,True,42
weight_decay,0.001,37,37,8,0.6905569199359778,0.6919652382532756,0.001,64,2,0.3,False,32,75,0.001,0.1,10,5,0.5,True,42
weight_decay,0.001,37,37,9,0.6910405759558533,0.6914079705874125,0.001,64,2,0.3,False,32,75,0.001,0.1,10,5,0.5,True,42
weight_decay,0.001,37,37,10,0.6904482624747537,0.6918445785840353,0.001,64,2,0.3,False,32,75,0.001,0.1,10,5,0.5,True,42
weight_decay,0.001,37,37,11,0.690332807374723,0.6915447950363159,0.001,64,2,0.3,False,32,75,0.001,0.1,10,5,0.5,True,42
weight_decay,0.001,37,37,12,0.6902629602136034,0.6923653562863668,0.001,64,2,0.3,False,32,75,0.001,0.1,10,5,0.5,True,42
weight_decay,0.001,37,37,13,0.6900475553490899,0.6929452776908874,0.001,64,2,0.3,False,32,75,0.001,0.1,10,5,0.5,True,42
weight_decay,0.001,37,37,14,0.6896338205445897,0.6930948535601298,0.001,64,2,0.3,False,32,75,0.001,0.1,10,5,0.5,True,42
weight_decay,0.001,37,37,15,0.6899605691432953,0.6932127912839253,0.001,64,2,0.3,False,32,75,0.001,0.1,10,5,0.5,True,42
weight_decay,0.001,37,37,16,0.6880381048628779,0.693610954284668,0.001,64,2,0.3,False,32,75,0.001,0.1,10,5,0.5,True,42
weight_decay,0.001,37,37,17,0.6883907977378729,0.6935519417126973,0.001,64,2,0.3,False,32,75,0.001,0.1,10,5,0.5,True,42
weight_decay,0.001,37,37,18,0.6875819816733851,0.6945134957631429,0.001,64,2,0.3,False,32,75,0.001,0.1,10,5,0.5,True,42
weight_decay,0.001,37,37,19,0.6873061015750422,0.6948077797889709,0.001,64,2,0.3,False,32,75,0.001,0.1,10,5,0.5,True,42
weight_decay,0.001,38,38,1,0.6938796969074191,0.6922352393468221,0.001,64,2,0.3,False,32,75,0.001,0.1,10,5,0.5,True,42
weight_decay,0.001,38,38,2,0.6929326260631735,0.6921863873799642,0.001,64,2,0.3,False,32,75,0.001,0.1,10,5,0.5,True,42
weight_decay,0.001,38,38,3,0.692893509611939,0.6914885958035787,0.001,64,2,0.3,False,32,75,0.001,0.1,10,5,0.5,True,42
weight_decay,0.001,38,38,4,0.6921403055841272,0.6906543413798014,0.001,64,2,0.3,False,32,75,0.001,0.1,10,5,0.5,True,42
weight_decay,0.001,38,38,5,0.6920392115910848,0.6923270106315613,0.001,64,2,0.3,False,32,75,0.001,0.1,10,5,0.5,True,42
weight_decay,0.001,38,38,6,0.6918567974459041,0.6914191643397013,0.001,64,2,0.3,False,32,75,0.001,0.1,10,5,0.5,True,42
weight_decay,0.001,38,38,7,0.691542722510569,0.6909085551897685,0.001,64,2,0.3,False,32,75,0.001,0.1,10,5,0.5,True,42
weight_decay,0.001,38,38,8,0.6905787243987574,0.6926605502764384,0.001,64,2,0.3,False,32,75,0.001,0.1,10,5,0.5,True,42
weight_decay,0.001,38,38,9,0.6903514848514036,0.6916633208592733,0.001,64,2,0.3,False,32,75,0.001,0.1,10,5,0.5,True,42
weight_decay,0.001,38,38,10,0.6906679155248584,0.6917713602383931,0.001,64,2,0.3,False,32,75,0.001,0.1,10,5,0.5,True,42
weight_decay,0.001,38,38,11,0.6897229759982137,0.6910093426704407,0.001,64,2,0.3,False,32,75,0.001,0.1,10,5,0.5,True,42
weight_decay,0.001,38,38,12,0.6891338265303409,0.6912150224049886,0.001,64,2,0.3,False,32,75,0.001,0.1,10,5,0.5,True,42
weight_decay,0.001,38,38,13,0.6891534572297876,0.6925900896390279,0.001,64,2,0.3,False,32,75,0.001,0.1,10,5,0.5,True,42
weight_decay,0.001,38,38,14,0.6889489469203082,0.691761298974355,0.001,64,2,0.3,False,32,75,0.001,0.1,10,5,0.5,True,42
weight_decay,0.001,39,39,1,0.6935422415986205,0.6920369823773702,0.001,64,2,0.3,False,32,75,0.001,0.1,10,5,0.5,True,42
weight_decay,0.001,39,39,2,0.6929168737295902,0.6918691158294678,0.001,64,2,0.3,False,32,75,0.001,0.1,10,5,0.5,True,42
weight_decay,0.001,39,39,3,0.693421589605736,0.6913119196891785,0.001,64,2,0.3,False,32,75,0.001,0.1,10,5,0.5,True,42
weight_decay,0.001,39,39,4,0.6931350402759783,0.6908451596895854,0.001,64,2,0.3,False,32,75,0.001,0.1,10,5,0.5,True,42
weight_decay,0.001,39,39,5,0.6923493119803342,0.690600558121999,0.001,64,2,0.3,False,32,75,0.001,0.1,10,5,0.5,True,42
weight_decay,0.001,39,39,6,0.6925982006571509,0.6897275805473327,0.001,64,2,0.3,False,32,75,0.001,0.1,10,5,0.5,True,42
weight_decay,0.001,39,39,7,0.6921177321311199,0.6899890859921773,0.001,64,2,0.3,False,32,75,0.001,0.1,10,5,0.5,True,42
weight_decay,0.001,39,39,8,0.692398722876202,0.6895201126734416,0.001,64,2,0.3,False,32,75,0.001,0.1,10,5,0.5,True,42
weight_decay,0.001,39,39,9,0.6915342405889974,0.6900580962498982,0.001,64,2,0.3,False,32,75,0.001,0.1,10,5,0.5,True,42
weight_decay,0.001,39,39,10,0.6914967307538697,0.6876516898473104,0.001,64,2,0.3,False,32,75,0.001,0.1,10,5,0.5,True,42
weight_decay,0.001,39,39,11,0.690289630131288,0.6857720335324605,0.001,64,2,0.3,False,32,75,0.001,0.1,10,5,0.5,True,42
weight_decay,0.001,39,39,12,0.6901076390887751,0.6891876657803854,0.001,64,2,0.3,False,32,75,0.001,0.1,10,5,0.5,True,42
weight_decay,0.001,39,39,13,0.6900213049216704,0.6859969178835551,0.001,64,2,0.3,False,32,75,0.001,0.1,10,5,0.5,True,42
weight_decay,0.001,39,39,14,0.6897803815928373,0.6886990706125895,0.001,64,2,0.3,False,32,75,0.001,0.1,10,5,0.5,True,42
weight_decay,0.001,39,39,15,0.6907205811955712,0.6867605328559876,0.001,64,2,0.3,False,32,75,0.001,0.1,10,5,0.5,True,42
weight_decay,0.001,39,39,16,0.6897611076181586,0.6866066217422485,0.001,64,2,0.3,False,32,75,0.001,0.1,10,5,0.5,True,42
weight_decay,0.001,39,39,17,0.6881800564852628,0.6874520421028137,0.001,64,2,0.3,False,32,75,0.001,0.1,10,5,0.5,True,42
weight_decay,0.001,39,39,18,0.6880260895599019,0.6861975789070129,0.001,64,2,0.3,False,32,75,0.001,0.1,10,5,0.5,True,42
weight_decay,0.001,39,39,19,0.6879261745647951,0.6865219871203104,0.001,64,2,0.3,False,32,75,0.001,0.1,10,5,0.5,True,42
weight_decay,0.001,39,39,20,0.6884965124455366,0.6864016930262248,0.001,64,2,0.3,False,32,75,0.001,0.1,10,5,0.5,True,42
weight_decay,0.001,39,39,21,0.6882153848807017,0.6865623792012533,0.001,64,2,0.3,False,32,75,0.001,0.1,10,5,0.5,True,42
weight_decay,0.001,40,40,1,0.6938284680698857,0.6913277824719747,0.001,64,2,0.3,False,32,75,0.001,0.1,10,5,0.5,True,42
weight_decay,0.001,40,40,2,0.6938807345700987,0.6912492831548055,0.001,64,2,0.3,False,32,75,0.001,0.1,10,5,0.5,True,42
weight_decay,0.001,40,40,3,0.6931380584384456,0.6917199571927388,0.001,64,2,0.3,False,32,75,0.001,0.1,10,5,0.5,True,42
weight_decay,0.001,40,40,4,0.6928058167298635,0.6924633820851643,0.001,64,2,0.3,False,32,75,0.001,0.1,10,5,0.5,True,42
weight_decay,0.001,40,40,5,0.6923356968345065,0.6922050674756368,0.001,64,2,0.3,False,32,75,0.001,0.1,10,5,0.5,True,42
weight_decay,0.001,40,40,6,0.692596559271668,0.6910796244939168,0.001,64,2,0.3,False,32,75,0.001,0.1,10,5,0.5,True,42
weight_decay,0.001,40,40,7,0.692553955948714,0.6907292246818543,0.001,64,2,0.3,False,32,75,0.001,0.1,10,5,0.5,True,42
weight_decay,0.001,40,40,8,0.6926004818894647,0.6915103197097778,0.001,64,2,0.3,False,32,75,0.001,0.1,10,5,0.5,True,42
weight_decay,0.001,40,40,9,0.692119839516553,0.6910576343536377,0.001,64,2,0.3,False,32,75,0.001,0.1,10,5,0.5,True,42
weight_decay,0.001,40,40,10,0.6917530478853168,0.6898988564809163,0.001,64,2,0.3,False,32,75,0.001,0.1,10,5,0.5,True,42
weight_decay,0.001,40,40,11,0.6919569707278049,0.6916790882746379,0.001,64,2,0.3,False,32,75,0.001,0.1,10,5,0.5,True,42
weight_decay,0.001,40,40,12,0.6910821339397719,0.6901664853096008,0.001,64,2,0.3,False,32,75,0.001,0.1,10,5,0.5,True,42
weight_decay,0.001,40,40,13,0.6911315610914519,0.690190585454305,0.001,64,2,0.3,False,32,75,0.001,0.1,10,5,0.5,True,42
weight_decay,0.001,40,40,14,0.6907837431539189,0.6919869184494019,0.001,64,2,0.3,False,32,75,0.001,0.1,10,5,0.5,True,42
weight_decay,0.001,40,40,15,0.6916130036115646,0.6903169949849447,0.001,64,2,0.3,False,32,75,0.001,0.1,10,5,0.5,True,42
weight_decay,0.001,40,40,16,0.6906899868538885,0.6893827199935914,0.001,64,2,0.3,False,32,75,0.001,0.1,10,5,0.5,True,42
weight_decay,0.001,40,40,17,0.6905933103778146,0.6916216413180033,0.001,64,2,0.3,False,32,75,0.001,0.1,10,5,0.5,True,42
weight_decay,0.001,40,40,18,0.6910651515830647,0.6904547969500224,0.001,64,2,0.3,False,32,75,0.001,0.1,10,5,0.5,True,42
weight_decay,0.001,40,40,19,0.6902045151500991,0.690652867158254,0.001,64,2,0.3,False,32,75,0.001,0.1,10,5,0.5,True,42
weight_decay,0.001,40,40,20,0.6899570465990992,0.6918753584225973,0.001,64,2,0.3,False,32,75,0.001,0.1,10,5,0.5,True,42
weight_decay,0.001,40,40,21,0.6897311969236894,0.6933270295461019,0.001,64,2,0.3,False,32,75,0.001,0.1,10,5,0.5,True,42
weight_decay,0.001,40,40,22,0.6898251049446337,0.6920501550038656,0.001,64,2,0.3,False,32,75,0.001,0.1,10,5,0.5,True,42
weight_decay,0.001,40,40,23,0.6881664034092065,0.6904093066851298,0.001,64,2,0.3,False,32,75,0.001,0.1,10,5,0.5,True,42
weight_decay,0.001,40,40,24,0.6878917433998801,0.691142984231313,0.001,64,2,0.3,False,32,75,0.001,0.1,10,5,0.5,True,42
weight_decay,0.001,40,40,25,0.688392152840441,0.6921234210332234,0.001,64,2,0.3,False,32,75,0.001,0.1,10,5,0.5,True,42
weight_decay,0.001,40,40,26,0.6881242263497729,0.6908673882484436,0.001,64,2,0.3,False,32,75,0.001,0.1,10,5,0.5,True,42
weight_decay,0.001,41,41,1,0.6936294526764841,0.6928800503412883,0.001,64,2,0.3,False,32,75,0.001,0.1,10,5,0.5,True,42
weight_decay,0.001,41,41,2,0.6935325942256234,0.6931905468304952,0.001,64,2,0.3,False,32,75,0.001,0.1,10,5,0.5,True,42
weight_decay,0.001,41,41,3,0.692631255496632,0.6927610596021017,0.001,64,2,0.3,False,32,75,0.001,0.1,10,5,0.5,True,42
weight_decay,0.001,41,41,4,0.6929274169784604,0.6925816297531128,0.001,64,2,0.3,False,32,75,0.001,0.1,10,5,0.5,True,42
weight_decay,0.001,41,41,5,0.6918519563747175,0.6924023230870565,0.001,64,2,0.3,False,32,75,0.001,0.1,10,5,0.5,True,42
weight_decay,0.001,41,41,6,0.6922542678587364,0.6924085021018982,0.001,64,2,0.3,False,32,75,0.001,0.1,10,5,0.5,True,42
weight_decay,0.001,41,41,7,0.6919431054230892,0.6915737311045329,0.001,64,2,0.3,False,32,75,0.001,0.1,10,5,0.5,True,42
weight_decay,0.001,41,41,8,0.691563238700231,0.6908613761266073,0.001,64,2,0.3,False,32,75,0.001,0.1,10,5,0.5,True,42
weight_decay,0.001,41,41,9,0.6913101059017759,0.6911509712537129,0.001,64,2,0.3,False,32,75,0.001,0.1,10,5,0.5,True,42
weight_decay,0.001,41,41,10,0.6912945206418182,0.6910402297973632,0.001,64,2,0.3,False,32,75,0.001,0.1,10,5,0.5,True,42
weight_decay,0.001,41,41,11,0.6905071848269665,0.6902889211972555,0.001,64,2,0.3,False,32,75,0.001,0.1,10,5,0.5,True,42
weight_decay,0.001,41,41,12,0.6913437188574763,0.6908371567726135,0.001,64,2,0.3,False,32,75,0.001,0.1,10,5,0.5,True,42
weight_decay,0.001,41,41,13,0.6904229043108044,0.6914723952611287,0.001,64,2,0.3,False,32,75,0.001,0.1,10,5,0.5,True,42
weight_decay,0.001,41,41,14,0.6905585405501452,0.6910759806632996,0.001,64,2,0.3,False,32,75,0.001,0.1,10,5,0.5,True,42
weight_decay,0.001,41,41,15,0.6897530099659255,0.6894819021224976,0.001,64,2,0.3,False,32,75,0.001,0.1,10,5,0.5,True,42
weight_decay,0.001,41,41,16,0.689564178387324,0.6891895413398743,0.001,64,2,0.3,False,32,75,0.001,0.1,10,5,0.5,True,42
weight_decay,0.001,41,41,17,0.6899664821949872,0.6919052282969157,0.001,64,2,0.3,False,32,75,0.001,0.1,10,5,0.5,True,42
weight_decay,0.001,41,41,18,0.68970641087402,0.6895745595296224,0.001,64,2,0.3,False,32,75,0.001,0.1,10,5,0.5,True,42
weight_decay,0.001,41,41,19,0.6881135300253377,0.6929255406061808,0.001,64,2,0.3,False,32,75,0.001,0.1,10,5,0.5,True,42
weight_decay,0.001,41,41,20,0.6884916962096186,0.6910775979359944,0.001,64,2,0.3,False,32,75,0.001,0.1,10,5,0.5,True,42
weight_decay,0.001,41,41,21,0.6886623253424963,0.6897995193799337,0.001,64,2,0.3,False,32,75,0.001,0.1,10,5,0.5,True,42
weight_decay,0.001,41,41,22,0.6875490821672209,0.6883350094159444,0.001,64,2,0.3,False,32,75,0.001,0.1,10,5,0.5,True,42
weight_decay,0.001,41,41,23,0.6887213799989584,0.6893398960431417,0.001,64,2,0.3,False,32,75,0.001,0.1,10,5,0.5,True,42
weight_decay,0.001,41,41,24,0.6877167775775447,0.6902178168296814,0.001,64,2,0.3,False,32,75,0.001,0.1,10,5,0.5,True,42
weight_decay,0.001,41,41,25,0.6876426628141692,0.6926117857297261,0.001,64,2,0.3,False,32,75,0.001,0.1,10,5,0.5,True,42
weight_decay,0.001,41,41,26,0.6879862781726953,0.6903227130572002,0.001,64,2,0.3,False,32,75,0.001,0.1,10,5,0.5,True,42
weight_decay,0.001,41,41,27,0.686715664285602,0.6938784877459209,0.001,64,2,0.3,False,32,75,0.001,0.1,10,5,0.5,True,42
weight_decay,0.001,41,41,28,0.6866666895873619,0.6937933365503947,0.001,64,2,0.3,False,32,75,0.001,0.1,10,5,0.5,True,42
weight_decay,0.001,41,41,29,0.685395517132499,0.6942213296890258,0.001,64,2,0.3,False,32,75,0.001,0.1,10,5,0.5,True,42
weight_decay,0.001,41,41,30,0.6835907331921838,0.6953234950701396,0.001,64,2,0.3,False,32,75,0.001,0.1,10,5,0.5,True,42
weight_decay,0.001,41,41,31,0.6822969791564074,0.6939863801002503,0.001,64,2,0.3,False,32,75,0.001,0.1,10,5,0.5,True,42
weight_decay,0.001,41,41,32,0.68341095068238,0.6954979300498962,0.001,64,2,0.3,False,32,75,0.001,0.1,10,5,0.5,True,42
weight_decay,0.001,42,42,1,0.6941033005714417,0.6941483934720357,0.001,64,2,0.3,False,32,75,0.001,0.1,10,5,0.5,True,42
weight_decay,0.001,42,42,2,0.6921719651330601,0.6948362191518148,0.001,64,2,0.3,False,32,75,0.001,0.1,10,5,0.5,True,42
weight_decay,0.001,42,42,3,0.6921653842384164,0.6944349964459737,0.001,64,2,0.3,False,32,75,0.001,0.1,10,5,0.5,True,42
weight_decay,0.001,42,42,4,0.6924584498911193,0.6943089326222738,0.001,64,2,0.3,False,32,75,0.001,0.1,10,5,0.5,True,42
weight_decay,0.001,42,42,5,0.6923580657352101,0.6938960472742717,0.001,64,2,0.3,False,32,75,0.001,0.1,10,5,0.5,True,42
weight_decay,0.001,42,42,6,0.6922305759155389,0.6936648766199748,0.001,64,2,0.3,False,32,75,0.001,0.1,10,5,0.5,True,42
weight_decay,0.001,42,42,7,0.6920687100200942,0.6937785387039185,0.001,64,2,0.3,False,32,75,0.001,0.1,10,5,0.5,True,42
weight_decay,0.001,42,42,8,0.6916139414816191,0.6941540479660034,0.001,64,2,0.3,False,32,75,0.001,0.1,10,5,0.5,True,42
weight_decay,0.001,42,42,9,0.6914759743394274,0.6928109685579936,0.001,64,2,0.3,False,32,75,0.001,0.1,10,5,0.5,True,42
weight_decay,0.001,42,42,10,0.6907833615938822,0.6934438029925029,0.001,64,2,0.3,False,32,75,0.001,0.1,10,5,0.5,True,42
weight_decay,0.001,42,42,11,0.6912594478238713,0.6933439612388611,0.001,64,2,0.3,False,32,75,0.001,0.1,10,5,0.5,True,42
weight_decay,0.001,42,42,12,0.6899927691979841,0.6947179555892944,0.001,64,2,0.3,False,32,75,0.001,0.1,10,5,0.5,True,42
weight_decay,0.001,42,42,13,0.6907348971475255,0.6940632343292237,0.001,64,2,0.3,False,32,75,0.001,0.1,10,5,0.5,True,42
weight_decay,0.001,42,42,14,0.6904249584132974,0.6924643993377686,0.001,64,2,0.3,False,32,75,0.001,0.1,10,5,0.5,True,42
weight_decay,0.001,42,42,15,0.6907163203665705,0.6924635251363118,0.001,64,2,0.3,False,32,75,0.001,0.1,10,5,0.5,True,42
weight_decay,0.001,42,42,16,0.6902905404567719,0.6921596050262451,0.001,64,2,0.3,False,32,75,0.001,0.1,10,5,0.5,True,42
weight_decay,0.001,42,42,17,0.6904460358800311,0.6923033515612285,0.001,64,2,0.3,False,32,75,0.001,0.1,10,5,0.5,True,42
weight_decay,0.001,42,42,18,0.689953554760326,0.6923012137413025,0.001,64,2,0.3,False,32,75,0.001,0.1,10,5,0.5,True,42
weight_decay,0.001,42,42,19,0.6895946300390995,0.6922724564870198,0.001,64,2,0.3,False,32,75,0.001,0.1,10,5,0.5,True,42
weight_decay,0.001,42,42,20,0.6891416672504309,0.6918136278788248,0.001,64,2,0.3,False,32,75,0.001,0.1,10,5,0.5,True,42
weight_decay,0.001,42,42,21,0.6894160676183123,0.6915770610173543,0.001,64,2,0.3,False,32,75,0.001,0.1,10,5,0.5,True,42
weight_decay,0.001,42,42,22,0.6891707394159201,0.6932930787404378,0.001,64,2,0.3,False,32,75,0.001,0.1,10,5,0.5,True,42
weight_decay,0.001,42,42,23,0.6903399847673647,0.6931557099024455,0.001,64,2,0.3,False,32,75,0.001,0.1,10,5,0.5,True,42
weight_decay,0.001,42,42,24,0.689696910254883,0.6914876937866211,0.001,64,2,0.3,False,32,75,0.001,0.1,10,5,0.5,True,42
weight_decay,0.001,42,42,25,0.689107102878166,0.6912548740704855,0.001,64,2,0.3,False,32,75,0.001,0.1,10,5,0.5,True,42
weight_decay,0.001,42,42,26,0.6895294365557757,0.694512403011322,0.001,64,2,0.3,False,32,75,0.001,0.1,10,5,0.5,True,42
weight_decay,0.001,42,42,27,0.6890026452866468,0.6916838566462199,0.001,64,2,0.3,False,32,75,0.001,0.1,10,5,0.5,True,42
weight_decay,0.001,42,42,28,0.6887877046158819,0.6920913457870483,0.001,64,2,0.3,False,32,75,0.001,0.1,10,5,0.5,True,42
weight_decay,0.001,42,42,29,0.6882562388976415,0.6920951128005981,0.001,64,2,0.3,False,32,75,0.001,0.1,10,5,0.5,True,42
weight_decay,0.001,42,42,30,0.6876763132485476,0.6910848339398702,0.001,64,2,0.3,False,32,75,0.001,0.1,10,5,0.5,True,42
weight_decay,0.001,42,42,31,0.68743660865408,0.692523741722107,0.001,64,2,0.3,False,32,75,0.001,0.1,10,5,0.5,True,42
weight_decay,0.001,42,42,32,0.6878719505938616,0.6921270291010538,0.001,64,2,0.3,False,32,75,0.001,0.1,10,5,0.5,True,42
weight_decay,0.001,42,42,33,0.6888749626549807,0.6925255139668782,0.001,64,2,0.3,False,32,75,0.001,0.1,10,5,0.5,True,42
weight_decay,0.001,42,42,34,0.6878198412331668,0.6928064664204915,0.001,64,2,0.3,False,32,75,0.001,0.1,10,5,0.5,True,42
weight_decay,0.001,42,42,35,0.6873588796817895,0.6919453461964925,0.001,64,2,0.3,False,32,75,0.001,0.1,10,5,0.5,True,42
weight_decay,0.001,42,42,36,0.6869477169080214,0.6907970706621805,0.001,64,2,0.3,False,32,75,0.001,0.1,10,5,0.5,True,42
weight_decay,0.001,42,42,37,0.6876987792325743,0.693928329149882,0.001,64,2,0.3,False,32,75,0.001,0.1,10,5,0.5,True,42
weight_decay,0.001,42,42,38,0.6866728153192636,0.6921724716822306,0.001,64,2,0.3,False,32,75,0.001,0.1,10,5,0.5,True,42
weight_decay,0.001,42,42,39,0.6858392840985096,0.6929965933163961,0.001,64,2,0.3,False,32,75,0.001,0.1,10,5,0.5,True,42
weight_decay,0.001,42,42,40,0.6876223904616905,0.6919628659884135,0.001,64,2,0.3,False,32,75,0.001,0.1,10,5,0.5,True,42
weight_decay,0.001,42,42,41,0.6853000806136564,0.6917370676994323,0.001,64,2,0.3,False,32,75,0.001,0.1,10,5,0.5,True,42
weight_decay,0.001,42,42,42,0.6850988160480153,0.6902635931968689,0.001,64,2,0.3,False,32,75,0.001,0.1,10,5,0.5,True,42
weight_decay,0.001,42,42,43,0.6857719877452562,0.6918992400169373,0.001,64,2,0.3,False,32,75,0.001,0.1,10,5,0.5,True,42
weight_decay,0.001,42,42,44,0.6865515654737299,0.694307804107666,0.001,64,2,0.3,False,32,75,0.001,0.1,10,5,0.5,True,42
weight_decay,0.001,42,42,45,0.6855786627892292,0.6925942341486613,0.001,64,2,0.3,False,32,75,0.001,0.1,10,5,0.5,True,42
weight_decay,0.001,42,42,46,0.6855470623933908,0.6932823737462361,0.001,64,2,0.3,False,32,75,0.001,0.1,10,5,0.5,True,42
weight_decay,0.001,42,42,47,0.6849207589120576,0.6942998607953389,0.001,64,2,0.3,False,32,75,0.001,0.1,10,5,0.5,True,42
weight_decay,0.001,42,42,48,0.6858140175992792,0.6915896892547607,0.001,64,2,0.3,False,32,75,0.001,0.1,10,5,0.5,True,42
weight_decay,0.001,42,42,49,0.6838072913162636,0.6923540592193603,0.001,64,2,0.3,False,32,75,0.001,0.1,10,5,0.5,True,42
weight_decay,0.001,42,42,50,0.6820164304791074,0.6908238371213277,0.001,64,2,0.3,False,32,75,0.001,0.1,10,5,0.5,True,42
weight_decay,0.001,42,42,51,0.6830888837575912,0.6940771698951721,0.001,64,2,0.3,False,32,75,0.001,0.1,10,5,0.5,True,42
weight_decay,0.001,42,42,52,0.6833327791907571,0.6945947011311849,0.001,64,2,0.3,False,32,75,0.001,0.1,10,5,0.5,True,42
weight_decay,0.001,43,43,1,0.6941747981490511,0.692254372437795,0.001,64,2,0.3,False,32,75,0.001,0.1,10,5,0.5,True,42
weight_decay,0.001,43,43,2,0.6933327240474296,0.6923918803532918,0.001,64,2,0.3,False,32,75,0.001,0.1,10,5,0.5,True,42
weight_decay,0.001,43,43,3,0.6930110490683353,0.6923338015874226,0.001,64,2,0.3,False,32,75,0.001,0.1,10,5,0.5,True,42
weight_decay,0.001,43,43,4,0.6930104670199481,0.692599618434906,0.001,64,2,0.3,False,32,75,0.001,0.1,10,5,0.5,True,42
weight_decay,0.001,43,43,5,0.6928849915663401,0.6926137447357178,0.001,64,2,0.3,False,32,75,0.001,0.1,10,5,0.5,True,42
weight_decay,0.001,43,43,6,0.6927219019694761,0.6922507603963216,0.001,64,2,0.3,False,32,75,0.001,0.1,10,5,0.5,True,42
weight_decay,0.001,43,43,7,0.692952091495196,0.6926162799199422,0.001,64,2,0.3,False,32,75,0.001,0.1,10,5,0.5,True,42
weight_decay,0.001,43,43,8,0.6925974799828096,0.6925003449122111,0.001,64,2,0.3,False,32,75,0.001,0.1,10,5,0.5,True,42
weight_decay,0.001,43,43,9,0.6923403961188865,0.6921209534009297,0.001,64,2,0.3,False,32,75,0.001,0.1,10,5,0.5,True,42
weight_decay,0.001,43,43,10,0.6919420515045975,0.6919512947400411,0.001,64,2,0.3,False,32,75,0.001,0.1,10,5,0.5,True,42
weight_decay,0.001,43,43,11,0.6916268237612464,0.6920423944791158,0.001,64,2,0.3,False,32,75,0.001,0.1,10,5,0.5,True,42
weight_decay,0.001,43,43,12,0.6919066373145941,0.6919153491655986,0.001,64,2,0.3,False,32,75,0.001,0.1,10,5,0.5,True,42
weight_decay,0.001,43,43,13,0.6912988433332155,0.6918002088864644,0.001,64,2,0.3,False,32,75,0.001,0.1,10,5,0.5,True,42
weight_decay,0.001,43,43,14,0.6914155505823366,0.6917474587758382,0.001,64,2,0.3,False,32,75,0.001,0.1,10,5,0.5,True,42
weight_decay,0.001,43,43,15,0.6910107790520696,0.692069677511851,0.001,64,2,0.3,False,32,75,0.001,0.1,10,5,0.5,True,42
weight_decay,0.001,43,43,16,0.6909069021542867,0.6927240093549093,0.001,64,2,0.3,False,32,75,0.001,0.1,10,5,0.5,True,42
weight_decay,0.001,43,43,17,0.6899822959394166,0.6920906027158101,0.001,64,2,0.3,False,32,75,0.001,0.1,10,5,0.5,True,42
weight_decay,0.001,43,43,18,0.6903741869962576,0.6924197951952616,0.001,64,2,0.3,False,32,75,0.001,0.1,10,5,0.5,True,42
weight_decay,0.001,43,43,19,0.6900041947762171,0.6925386667251587,0.001,64,2,0.3,False,32,75,0.001,0.1,10,5,0.5,True,42
weight_decay,0.001,43,43,20,0.6896276699774193,0.6927815159161885,0.001,64,2,0.3,False,32,75,0.001,0.1,10,5,0.5,True,42
weight_decay,0.001,43,43,21,0.6895024198474307,0.6930159489313762,0.001,64,2,0.3,False,32,75,0.001,0.1,10,5,0.5,True,42
weight_decay,0.001,43,43,22,0.6893970921184077,0.6930621345837911,0.001,64,2,0.3,False,32,75,0.001,0.1,10,5,0.5,True,42
weight_decay,0.001,43,43,23,0.6894078092141585,0.6930996100107829,0.001,64,2,0.3,False,32,75,0.001,0.1,10,5,0.5,True,42
weight_decay,0.001,43,43,24,0.6892039229472479,0.6931905349095663,0.001,64,2,0.3,False,32,75,0.001,0.1,10,5,0.5,True,42
weight_decay,0.001,44,44,1,0.6943169633547465,0.6932342131932576,0.001,64,2,0.3,False,32,75,0.001,0.1,10,5,0.5,True,42
weight_decay,0.001,44,44,2,0.6926525655117902,0.6937924702962239,0.001,64,2,0.3,False,32,75,0.001,0.1,10,5,0.5,True,42
weight_decay,0.001,44,44,3,0.6920256709510629,0.6941970467567444,0.001,64,2,0.3,False,32,75,0.001,0.1,10,5,0.5,True,42
weight_decay,0.001,44,44,4,0.6915960627974886,0.6938908735911051,0.001,64,2,0.3,False,32,75,0.001,0.1,10,5,0.5,True,42
weight_decay,0.001,44,44,5,0.6914958190737348,0.6941975196202596,0.001,64,2,0.3,False,32,75,0.001,0.1,10,5,0.5,True,42
weight_decay,0.001,44,44,6,0.6914679430650942,0.6949856003125509,0.001,64,2,0.3,False,32,75,0.001,0.1,10,5,0.5,True,42
weight_decay,0.001,44,44,7,0.6903356674945715,0.6958285291989644,0.001,64,2,0.3,False,32,75,0.001,0.1,10,5,0.5,True,42
weight_decay,0.001,44,44,8,0.6898694557674003,0.694586976369222,0.001,64,2,0.3,False,32,75,0.001,0.1,10,5,0.5,True,42
weight_decay,0.001,44,44,9,0.689217082027233,0.6956544915835062,0.001,64,2,0.3,False,32,75,0.001,0.1,10,5,0.5,True,42
weight_decay,0.001,44,44,10,0.6885651670622103,0.6952378193537394,0.001,64,2,0.3,False,32,75,0.001,0.1,10,5,0.5,True,42
weight_decay,0.001,44,44,11,0.6884090092146036,0.6950611352920533,0.001,64,2,0.3,False,32,75,0.001,0.1,10,5,0.5,True,42
weight_decay,0.001,45,45,1,0.694348414738973,0.6929661870002747,0.001,64,2,0.3,False,32,75,0.001,0.1,10,5,0.5,True,42
weight_decay,0.001,45,45,2,0.6934640714616487,0.6923999031384785,0.001,64,2,0.3,False,32,75,0.001,0.1,10,5,0.5,True,42
weight_decay,0.001,45,45,3,0.6925390606576746,0.693230132261912,0.001,64,2,0.3,False,32,75,0.001,0.1,10,5,0.5,True,42
weight_decay,0.001,45,45,4,0.6925687437707727,0.6918602148691814,0.001,64,2,0.3,False,32,75,0.001,0.1,10,5,0.5,True,42
weight_decay,0.001,45,45,5,0.6921233607060981,0.6913712541262309,0.001,64,2,0.3,False,32,75,0.001,0.1,10,5,0.5,True,42
weight_decay,0.001,45,45,6,0.6920058772419438,0.6921176592508952,0.001,64,2,0.3,False,32,75,0.001,0.1,10,5,0.5,True,42
weight_decay,0.001,45,45,7,0.6917311395659591,0.6920657396316529,0.001,64,2,0.3,False,32,75,0.001,0.1,10,5,0.5,True,42
weight_decay,0.001,45,45,8,0.6912890555280627,0.6917659163475036,0.001,64,2,0.3,False,32,75,0.001,0.1,10,5,0.5,True,42
weight_decay,0.001,45,45,9,0.6914873547626265,0.6917299866676331,0.001,64,2,0.3,False,32,75,0.001,0.1,10,5,0.5,True,42
weight_decay,0.001,45,45,10,0.6911284991286017,0.6921658515930176,0.001,64,2,0.3,False,32,75,0.001,0.1,10,5,0.5,True,42
weight_decay,0.001,45,45,11,0.6907692095547011,0.6916880965232849,0.001,64,2,0.3,False,32,75,0.001,0.1,10,5,0.5,True,42
weight_decay,0.001,45,45,12,0.6900407306172631,0.6911945819854737,0.001,64,2,0.3,False,32,75,0.001,0.1,10,5,0.5,True,42
weight_decay,0.001,45,45,13,0.6893386389269973,0.6911065498987834,0.001,64,2,0.3,False,32,75,0.001,0.1,10,5,0.5,True,42
weight_decay,0.001,45,45,14,0.6897173514871886,0.6914167165756225,0.001,64,2,0.3,False,32,75,0.001,0.1,10,5,0.5,True,42
weight_decay,0.001,45,45,15,0.688977193200227,0.693198041121165,0.001,64,2,0.3,False,32,75,0.001,0.1,10,5,0.5,True,42
weight_decay,0.001,45,45,16,0.6883205816601262,0.6918625195821126,0.001,64,2,0.3,False,32,75,0.001,0.1,10,5,0.5,True,42
weight_decay,0.001,45,45,17,0.6890457317684636,0.6922821044921875,0.001,64,2,0.3,False,32,75,0.001,0.1,10,5,0.5,True,42
weight_decay,0.001,45,45,18,0.6880542026324705,0.6919788400332133,0.001,64,2,0.3,False,32,75,0.001,0.1,10,5,0.5,True,42
weight_decay,0.001,45,45,19,0.6886712448163466,0.6924692948659261,0.001,64,2,0.3,False,32,75,0.001,0.1,10,5,0.5,True,42
weight_decay,0.001,45,45,20,0.687999459378647,0.692688516775767,0.001,64,2,0.3,False,32,75,0.001,0.1,10,5,0.5,True,42
weight_decay,0.001,45,45,21,0.6873908336415435,0.6928439060846965,0.001,64,2,0.3,False,32,75,0.001,0.1,10,5,0.5,True,42
weight_decay,0.001,45,45,22,0.6872733646270001,0.6928432981173197,0.001,64,2,0.3,False,32,75,0.001,0.1,10,5,0.5,True,42
weight_decay,0.001,45,45,23,0.6871709602348732,0.6927832762400309,0.001,64,2,0.3,False,32,75,0.001,0.1,10,5,0.5,True,42
weight_decay,0.001,46,46,1,0.6920304009408662,0.6924310326576233,0.001,64,2,0.3,False,32,75,0.001,0.1,10,5,0.5,True,42
weight_decay,0.001,46,46,2,0.6937747674457955,0.6941353360811869,0.001,64,2,0.3,False,32,75,0.001,0.1,10,5,0.5,True,42
weight_decay,0.001,46,46,3,0.692498752565095,0.6927731275558472,0.001,64,2,0.3,False,32,75,0.001,0.1,10,5,0.5,True,42
weight_decay,0.001,46,46,4,0.6924071289373167,0.6924262603123983,0.001,64,2,0.3,False,32,75,0.001,0.1,10,5,0.5,True,42
weight_decay,0.001,46,46,5,0.6914037091262413,0.6912953694661458,0.001,64,2,0.3,False,32,75,0.001,0.1,10,5,0.5,True,42
weight_decay,0.001,46,46,6,0.6927964637676874,0.6915698925654093,0.001,64,2,0.3,False,32,75,0.001,0.1,10,5,0.5,True,42
weight_decay,0.001,46,46,7,0.6916845377647516,0.6914991974830628,0.001,64,2,0.3,False,32,75,0.001,0.1,10,5,0.5,True,42
weight_decay,0.001,46,46,8,0.6909242258830504,0.6918304125467937,0.001,64,2,0.3,False,32,75,0.001,0.1,10,5,0.5,True,42
weight_decay,0.001,46,46,9,0.691478714798436,0.6907336751619975,0.001,64,2,0.3,False,32,75,0.001,0.1,10,5,0.5,True,42
weight_decay,0.001,46,46,10,0.6913460876905557,0.6909226338068645,0.001,64,2,0.3,False,32,75,0.001,0.1,10,5,0.5,True,42
weight_decay,0.001,46,46,11,0.6907495106711532,0.6911786794662476,0.001,64,2,0.3,False,32,75,0.001,0.1,10,5,0.5,True,42
weight_decay,0.001,46,46,12,0.6905303493593679,0.6915330012639364,0.001,64,2,0.3,False,32,75,0.001,0.1,10,5,0.5,True,42
weight_decay,0.001,46,46,13,0.6898204878424153,0.692589545249939,0.001,64,2,0.3,False,32,75,0.001,0.1,10,5,0.5,True,42
weight_decay,0.001,46,46,14,0.6902349333871495,0.6907011349995931,0.001,64,2,0.3,False,32,75,0.001,0.1,10,5,0.5,True,42
weight_decay,0.001,46,46,15,0.6890353379827557,0.6919078548749288,0.001,64,2,0.3,False,32,75,0.001,0.1,10,5,0.5,True,42
weight_decay,0.001,46,46,16,0.6884496663555955,0.6920614004135132,0.001,64,2,0.3,False,32,75,0.001,0.1,10,5,0.5,True,42
weight_decay,0.001,46,46,17,0.6878278133544055,0.6919307033220927,0.001,64,2,0.3,False,32,75,0.001,0.1,10,5,0.5,True,42
weight_decay,0.001,46,46,18,0.688289745739012,0.6924371798833211,0.001,64,2,0.3,False,32,75,0.001,0.1,10,5,0.5,True,42
weight_decay,0.001,46,46,19,0.6873126522158132,0.6926149090131124,0.001,64,2,0.3,False,32,75,0.001,0.1,10,5,0.5,True,42
weight_decay,0.001,46,46,20,0.6867472682938431,0.6927385886510213,0.001,64,2,0.3,False,32,75,0.001,0.1,10,5,0.5,True,42
weight_decay,0.001,46,46,21,0.6866624612699855,0.6931580225626628,0.001,64,2,0.3,False,32,75,0.001,0.1,10,5,0.5,True,42
weight_decay,0.001,46,46,22,0.6860202808271755,0.69430011510849,0.001,64,2,0.3,False,32,75,0.001,0.1,10,5,0.5,True,42
weight_decay,0.001,46,46,23,0.6861306862397627,0.6940127452214558,0.001,64,2,0.3,False,32,75,0.001,0.1,10,5,0.5,True,42
weight_decay,0.001,46,46,24,0.6859477139783628,0.6941308975219727,0.001,64,2,0.3,False,32,75,0.001,0.1,10,5,0.5,True,42
weight_decay,0.001,47,47,1,0.6940810477191751,0.6959442456563314,0.001,64,2,0.3,False,32,75,0.001,0.1,10,5,0.5,True,42
weight_decay,0.001,47,47,2,0.6930077744252754,0.6945705652236939,0.001,64,2,0.3,False,32,75,0.001,0.1,10,5,0.5,True,42
weight_decay,0.001,47,47,3,0.6927439299496737,0.693825626373291,0.001,64,2,0.3,False,32,75,0.001,0.1,10,5,0.5,True,42
weight_decay,0.001,47,47,4,0.6918291386329767,0.6936823924382528,0.001,64,2,0.3,False,32,75,0.001,0.1,10,5,0.5,True,42
weight_decay,0.001,47,47,5,0.6918206716125662,0.693794846534729,0.001,64,2,0.3,False,32,75,0.001,0.1,10,5,0.5,True,42
weight_decay,0.001,47,47,6,0.6920058501489235,0.6933051824569703,0.001,64,2,0.3,False,32,75,0.001,0.1,10,5,0.5,True,42
weight_decay,0.001,47,47,7,0.6914393305778503,0.692357846101125,0.001,64,2,0.3,False,32,75,0.001,0.1,10,5,0.5,True,42
weight_decay,0.001,47,47,8,0.6915662532502954,0.6921843409538269,0.001,64,2,0.3,False,32,75,0.001,0.1,10,5,0.5,True,42
weight_decay,0.001,47,47,9,0.690742389722304,0.6924997448921204,0.001,64,2,0.3,False,32,75,0.001,0.1,10,5,0.5,True,42
weight_decay,0.001,47,47,10,0.6913761365594286,0.690884510676066,0.001,64,2,0.3,False,32,75,0.001,0.1,10,5,0.5,True,42
weight_decay,0.001,47,47,11,0.6911133672251846,0.692738926410675,0.001,64,2,0.3,False,32,75,0.001,0.1,10,5,0.5,True,42
weight_decay,0.001,47,47,12,0.6906364943945047,0.6911158323287964,0.001,64,2,0.3,False,32,75,0.001,0.1,10,5,0.5,True,42
weight_decay,0.001,47,47,13,0.6890613883733749,0.6909955024719239,0.001,64,2,0.3,False,32,75,0.001,0.1,10,5,0.5,True,42
weight_decay,0.001,47,47,14,0.689883655219367,0.6907251358032227,0.001,64,2,0.3,False,32,75,0.001,0.1,10,5,0.5,True,42
weight_decay,0.001,47,47,15,0.6897152422955541,0.6906681736310323,0.001,64,2,0.3,False,32,75,0.001,0.1,10,5,0.5,True,42
weight_decay,0.001,47,47,16,0.6899504955067779,0.6948370536168417,0.001,64,2,0.3,False,32,75,0.001,0.1,10,5,0.5,True,42
weight_decay,0.001,47,47,17,0.6889361201813726,0.691082243124644,0.001,64,2,0.3,False,32,75,0.001,0.1,10,5,0.5,True,42
weight_decay,0.001,47,47,18,0.6894694882811923,0.6906793872515361,0.001,64,2,0.3,False,32,75,0.001,0.1,10,5,0.5,True,42
weight_decay,0.001,47,47,19,0.6881766861135309,0.6901912252108257,0.001,64,2,0.3,False,32,75,0.001,0.1,10,5,0.5,True,42
weight_decay,0.001,47,47,20,0.6876486774646875,0.6923872709274292,0.001,64,2,0.3,False,32,75,0.001,0.1,10,5,0.5,True,42
weight_decay,0.001,47,47,21,0.6893133530111024,0.6905447959899902,0.001,64,2,0.3,False,32,75,0.001,0.1,10,5,0.5,True,42
weight_decay,0.001,47,47,22,0.6880240232655497,0.6892700751622518,0.001,64,2,0.3,False,32,75,0.001,0.1,10,5,0.5,True,42
weight_decay,0.001,47,47,23,0.6874995556744662,0.6911059896151225,0.001,64,2,0.3,False,32,75,0.001,0.1,10,5,0.5,True,42
weight_decay,0.001,47,47,24,0.6879064671017907,0.6918020606040954,0.001,64,2,0.3,False,32,75,0.001,0.1,10,5,0.5,True,42
weight_decay,0.001,47,47,25,0.6858076313228318,0.6927302241325378,0.001,64,2,0.3,False,32,75,0.001,0.1,10,5,0.5,True,42
weight_decay,0.001,47,47,26,0.6867495066288746,0.6927571892738342,0.001,64,2,0.3,False,32,75,0.001,0.1,10,5,0.5,True,42
weight_decay,0.001,47,47,27,0.6851082028764667,0.6903820157051086,0.001,64,2,0.3,False,32,75,0.001,0.1,10,5,0.5,True,42
weight_decay,0.001,47,47,28,0.6868528380538478,0.6921588023503621,0.001,64,2,0.3,False,32,75,0.001,0.1,10,5,0.5,True,42
weight_decay,0.001,47,47,29,0.6849174192457488,0.6920302788416545,0.001,64,2,0.3,False,32,75,0.001,0.1,10,5,0.5,True,42
weight_decay,0.001,47,47,30,0.6836588138883765,0.6927042166392009,0.001,64,2,0.3,False,32,75,0.001,0.1,10,5,0.5,True,42
weight_decay,0.001,47,47,31,0.6848964515057477,0.6935591697692871,0.001,64,2,0.3,False,32,75,0.001,0.1,10,5,0.5,True,42
weight_decay,0.001,47,47,32,0.6845974867994135,0.6912007093429565,0.001,64,2,0.3,False,32,75,0.001,0.1,10,5,0.5,True,42
weight_decay,0.001,48,48,1,0.6944197868942318,0.6928179144859314,0.001,64,2,0.3,False,32,75,0.001,0.1,10,5,0.5,True,42
weight_decay,0.001,48,48,2,0.6934112382114381,0.6926912784576416,0.001,64,2,0.3,False,32,75,0.001,0.1,10,5,0.5,True,42
weight_decay,0.001,48,48,3,0.6927062205802229,0.6926163077354431,0.001,64,2,0.3,False,32,75,0.001,0.1,10,5,0.5,True,42
weight_decay,0.001,48,48,4,0.6929817526860345,0.6924324115117391,0.001,64,2,0.3,False,32,75,0.001,0.1,10,5,0.5,True,42
weight_decay,0.001,48,48,5,0.6922151791421991,0.692190682888031,0.001,64,2,0.3,False,32,75,0.001,0.1,10,5,0.5,True,42
weight_decay,0.001,48,48,6,0.6911861905477997,0.6920410672823588,0.001,64,2,0.3,False,32,75,0.001,0.1,10,5,0.5,True,42
weight_decay,0.001,48,48,7,0.6919939509011749,0.6919232050577799,0.001,64,2,0.3,False,32,75,0.001,0.1,10,5,0.5,True,42
weight_decay,0.001,48,48,8,0.6913929976018748,0.6920478741327921,0.001,64,2,0.3,False,32,75,0.001,0.1,10,5,0.5,True,42
weight_decay,0.001,48,48,9,0.6908273441450936,0.6910128712654113,0.001,64,2,0.3,False,32,75,0.001,0.1,10,5,0.5,True,42
weight_decay,0.001,48,48,10,0.6910328703715389,0.6911141832669576,0.001,64,2,0.3,False,32,75,0.001,0.1,10,5,0.5,True,42
weight_decay,0.001,48,48,11,0.6901435323227617,0.6905938625335694,0.001,64,2,0.3,False,32,75,0.001,0.1,10,5,0.5,True,42
weight_decay,0.001,48,48,12,0.6901405848058543,0.6906306982040405,0.001,64,2,0.3,False,32,75,0.001,0.1,10,5,0.5,True,42
weight_decay,0.001,48,48,13,0.6901655775263793,0.6908453543980916,0.001,64,2,0.3,False,32,75,0.001,0.1,10,5,0.5,True,42
weight_decay,0.001,48,48,14,0.6892724615290649,0.6903948307037353,0.001,64,2,0.3,False,32,75,0.001,0.1,10,5,0.5,True,42
weight_decay,0.001,48,48,15,0.690070977336482,0.6912535945574443,0.001,64,2,0.3,False,32,75,0.001,0.1,10,5,0.5,True,42
weight_decay,0.001,48,48,16,0.6891711892041945,0.6921318570772806,0.001,64,2,0.3,False,32,75,0.001,0.1,10,5,0.5,True,42
weight_decay,0.001,48,48,17,0.6885574038763692,0.6912032127380371,0.001,64,2,0.3,False,32,75,0.001,0.1,10,5,0.5,True,42
weight_decay,0.001,48,48,18,0.6887634929857755,0.6909365773200988,0.001,64,2,0.3,False,32,75,0.001,0.1,10,5,0.5,True,42
weight_decay,0.001,48,48,19,0.6880618262111693,0.6938534180323283,0.001,64,2,0.3,False,32,75,0.001,0.1,10,5,0.5,True,42
weight_decay,0.001,48,48,20,0.6883563686134224,0.6923218727111816,0.001,64,2,0.3,False,32,75,0.001,0.1,10,5,0.5,True,42
weight_decay,0.001,48,48,21,0.6869535907766873,0.6920054276784261,0.001,64,2,0.3,False,32,75,0.001,0.1,10,5,0.5,True,42
weight_decay,0.001,48,48,22,0.6870004498868957,0.6920141061147054,0.001,64,2,0.3,False,32,75,0.001,0.1,10,5,0.5,True,42
weight_decay,0.001,48,48,23,0.6862726897225344,0.6915908892949422,0.001,64,2,0.3,False,32,75,0.001,0.1,10,5,0.5,True,42
weight_decay,0.001,48,48,24,0.6860308530635404,0.6926483631134033,0.001,64,2,0.3,False,32,75,0.001,0.1,10,5,0.5,True,42
weight_decay,0.001,49,49,1,0.694140527736057,0.6920976559321086,0.001,64,2,0.3,False,32,75,0.001,0.1,10,5,0.5,True,42
weight_decay,0.001,49,49,2,0.6934133546821999,0.6915941675504048,0.001,64,2,0.3,False,32,75,0.001,0.1,10,5,0.5,True,42
weight_decay,0.001,49,49,3,0.6929846049258204,0.6920238773028056,0.001,64,2,0.3,False,32,75,0.001,0.1,10,5,0.5,True,42
weight_decay,0.001,49,49,4,0.6926522607153113,0.6911896586418151,0.001,64,2,0.3,False,32,75,0.001,0.1,10,5,0.5,True,42
weight_decay,0.001,49,49,5,0.6917516304688021,0.6918573021888733,0.001,64,2,0.3,False,32,75,0.001,0.1,10,5,0.5,True,42
weight_decay,0.001,49,49,6,0.691803825172511,0.6919618288675944,0.001,64,2,0.3,False,32,75,0.001,0.1,10,5,0.5,True,42
weight_decay,0.001,49,49,7,0.6917984476595214,0.6909557501475017,0.001,64,2,0.3,False,32,75,0.001,0.1,10,5,0.5,True,42
weight_decay,0.001,49,49,8,0.6909937429608721,0.6914846658706665,0.001,64,2,0.3,False,32,75,0.001,0.1,10,5,0.5,True,42
weight_decay,0.001,49,49,9,0.6906575551538756,0.6900068362553914,0.001,64,2,0.3,False,32,75,0.001,0.1,10,5,0.5,True,42
weight_decay,0.001,49,49,10,0.6902404973904291,0.6913620471954346,0.001,64,2,0.3,False,32,75,0.001,0.1,10,5,0.5,True,42
weight_decay,0.001,49,49,11,0.6902020275592804,0.6912345329920451,0.001,64,2,0.3,False,32,75,0.001,0.1,10,5,0.5,True,42
weight_decay,0.001,49,49,12,0.6898060915145007,0.6903349916140239,0.001,64,2,0.3,False,32,75,0.001,0.1,10,5,0.5,True,42
weight_decay,0.001,49,49,13,0.6891479094823202,0.690980835755666,0.001,64,2,0.3,False,32,75,0.001,0.1,10,5,0.5,True,42
weight_decay,0.001,49,49,14,0.6884200749072161,0.6922438661257426,0.001,64,2,0.3,False,32,75,0.001,0.1,10,5,0.5,True,42
weight_decay,0.001,49,49,15,0.6890847281073079,0.6912035425504048,0.001,64,2,0.3,False,32,75,0.001,0.1,10,5,0.5,True,42
weight_decay,0.001,49,49,16,0.6871064734278303,0.6912841041882832,0.001,64,2,0.3,False,32,75,0.001,0.1,10,5,0.5,True,42
weight_decay,0.001,49,49,17,0.6870621293783188,0.6916139125823975,0.001,64,2,0.3,False,32,75,0.001,0.1,10,5,0.5,True,42
weight_decay,0.001,49,49,18,0.6862644426750414,0.6915010333061218,0.001,64,2,0.3,False,32,75,0.001,0.1,10,5,0.5,True,42
weight_decay,0.001,49,49,19,0.6855122428951841,0.692332128683726,0.001,64,2,0.3,False,32,75,0.001,0.1,10,5,0.5,True,42
weight_decay,0.001,50,50,1,0.6947362806760904,0.6924227078755697,0.001,64,2,0.3,False,32,75,0.001,0.1,10,5,0.5,True,42
weight_decay,0.001,50,50,2,0.6931322298266671,0.6927496274312337,0.001,64,2,0.3,False,32,75,0.001,0.1,10,5,0.5,True,42
weight_decay,0.001,50,50,3,0.6932763678557945,0.6920651117960612,0.001,64,2,0.3,False,32,75,0.001,0.1,10,5,0.5,True,42
weight_decay,0.001,50,50,4,0.6928806846792047,0.6924896160761516,0.001,64,2,0.3,False,32,75,0.001,0.1,10,5,0.5,True,42
weight_decay,0.001,50,50,5,0.6923292076045816,0.6915819009145101,0.001,64,2,0.3,False,32,75,0.001,0.1,10,5,0.5,True,42
weight_decay,0.001,50,50,6,0.6912527973904754,0.6917162299156189,0.001,64,2,0.3,False,32,75,0.001,0.1,10,5,0.5,True,42
weight_decay,0.001,50,50,7,0.6914406450408878,0.691073727607727,0.001,64,2,0.3,False,32,75,0.001,0.1,10,5,0.5,True,42
weight_decay,0.001,50,50,8,0.6911982297897339,0.6923852324485779,0.001,64,2,0.3,False,32,75,0.001,0.1,10,5,0.5,True,42
weight_decay,0.001,50,50,9,0.6910382427952506,0.6916480461756388,0.001,64,2,0.3,False,32,75,0.001,0.1,10,5,0.5,True,42
weight_decay,0.001,50,50,10,0.6913460393746694,0.691464380423228,0.001,64,2,0.3,False,32,75,0.001,0.1,10,5,0.5,True,42
weight_decay,0.001,50,50,11,0.691290891531742,0.6926507234573365,0.001,64,2,0.3,False,32,75,0.001,0.1,10,5,0.5,True,42
weight_decay,0.001,50,50,12,0.6901072566256379,0.6920978188514709,0.001,64,2,0.3,False,32,75,0.001,0.1,10,5,0.5,True,42
weight_decay,0.001,50,50,13,0.690057358506954,0.6918292164802551,0.001,64,2,0.3,False,32,75,0.001,0.1,10,5,0.5,True,42
weight_decay,0.001,50,50,14,0.6893276910890233,0.6915251612663269,0.001,64,2,0.3,False,32,75,0.001,0.1,10,5,0.5,True,42
weight_decay,0.001,50,50,15,0.6896441511132501,0.6925871173540751,0.001,64,2,0.3,False,32,75,0.001,0.1,10,5,0.5,True,42
weight_decay,0.001,50,50,16,0.6886548603122885,0.692426880200704,0.001,64,2,0.3,False,32,75,0.001,0.1,10,5,0.5,True,42
weight_decay,0.001,50,50,17,0.6890016080755176,0.6921716888745626,0.001,64,2,0.3,False,32,75,0.001,0.1,10,5,0.5,True,42
weight_decay,0.001,51,51,1,0.6938506703485142,0.6944076697031657,0.001,64,2,0.3,False,32,75,0.001,0.1,10,5,0.5,True,42
weight_decay,0.001,51,51,2,0.6937379028761026,0.6931755701700847,0.001,64,2,0.3,False,32,75,0.001,0.1,10,5,0.5,True,42
weight_decay,0.001,51,51,3,0.6924965038444056,0.6929316957791646,0.001,64,2,0.3,False,32,75,0.001,0.1,10,5,0.5,True,42
weight_decay,0.001,51,51,4,0.6924321886264917,0.6931236068407695,0.001,64,2,0.3,False,32,75,0.001,0.1,10,5,0.5,True,42
weight_decay,0.001,51,51,5,0.6925340972163461,0.6928743759791056,0.001,64,2,0.3,False,32,75,0.001,0.1,10,5,0.5,True,42
weight_decay,0.001,51,51,6,0.6924753586451212,0.6917262633641561,0.001,64,2,0.3,False,32,75,0.001,0.1,10,5,0.5,True,42
weight_decay,0.001,51,51,7,0.6913074069853985,0.6920748631159465,0.001,64,2,0.3,False,32,75,0.001,0.1,10,5,0.5,True,42
weight_decay,0.001,51,51,8,0.6918401293682329,0.6915021737416586,0.001,64,2,0.3,False,32,75,0.001,0.1,10,5,0.5,True,42
weight_decay,0.001,51,51,9,0.6910990354689684,0.6932844797770182,0.001,64,2,0.3,False,32,75,0.001,0.1,10,5,0.5,True,42
weight_decay,0.001,51,51,10,0.689496965119333,0.6912417968114217,0.001,64,2,0.3,False,32,75,0.001,0.1,10,5,0.5,True,42
weight_decay,0.001,51,51,11,0.6884932472850337,0.6979440927505494,0.001,64,2,0.3,False,32,75,0.001,0.1,10,5,0.5,True,42
weight_decay,0.001,51,51,12,0.6899535606304804,0.693074377377828,0.001,64,2,0.3,False,32,75,0.001,0.1,10,5,0.5,True,42
weight_decay,0.001,51,51,13,0.6901719389539777,0.6910033742586772,0.001,64,2,0.3,False,32,75,0.001,0.1,10,5,0.5,True,42
weight_decay,0.001,51,51,14,0.6893863998579256,0.6914777318636577,0.001,64,2,0.3,False,32,75,0.001,0.1,10,5,0.5,True,42
weight_decay,0.001,51,51,15,0.6892877767483393,0.6921802639961243,0.001,64,2,0.3,False,32,75,0.001,0.1,10,5,0.5,True,42
weight_decay,0.001,51,51,16,0.6884933068896785,0.6941445271174113,0.001,64,2,0.3,False,32,75,0.001,0.1,10,5,0.5,True,42
weight_decay,0.001,51,51,17,0.6885221081249642,0.6946827371915182,0.001,64,2,0.3,False,32,75,0.001,0.1,10,5,0.5,True,42
weight_decay,0.001,51,51,18,0.687493111148025,0.6912534912427266,0.001,64,2,0.3,False,32,75,0.001,0.1,10,5,0.5,True,42
weight_decay,0.001,51,51,19,0.6872155386390109,0.6932985107103984,0.001,64,2,0.3,False,32,75,0.001,0.1,10,5,0.5,True,42
weight_decay,0.001,51,51,20,0.68486160401142,0.6926243782043457,0.001,64,2,0.3,False,32,75,0.001,0.1,10,5,0.5,True,42
weight_decay,0.001,51,51,21,0.68549972411358,0.6926894386609396,0.001,64,2,0.3,False,32,75,0.001,0.1,10,5,0.5,True,42
weight_decay,0.001,51,51,22,0.6860063423713049,0.6930766781171163,0.001,64,2,0.3,False,32,75,0.001,0.1,10,5,0.5,True,42
weight_decay,0.001,51,51,23,0.685015980944489,0.6944751063982646,0.001,64,2,0.3,False,32,75,0.001,0.1,10,5,0.5,True,42
weight_decay,0.001,52,52,1,0.6934485394846309,0.6953168272972107,0.001,64,2,0.3,False,32,75,0.001,0.1,10,5,0.5,True,42
weight_decay,0.001,52,52,2,0.6929396052252162,0.6951024174690247,0.001,64,2,0.3,False,32,75,0.001,0.1,10,5,0.5,True,42
weight_decay,0.001,52,52,3,0.6919148487575126,0.6975351611773173,0.001,64,2,0.3,False,32,75,0.001,0.1,10,5,0.5,True,42
weight_decay,0.001,52,52,4,0.691914770639304,0.6960391799608866,0.001,64,2,0.3,False,32,75,0.001,0.1,10,5,0.5,True,42
weight_decay,0.001,52,52,5,0.6920131092721765,0.6958829601605733,0.001,64,2,0.3,False,32,75,0.001,0.1,10,5,0.5,True,42
weight_decay,0.001,52,52,6,0.6914617839184675,0.6955216487248739,0.001,64,2,0.3,False,32,75,0.001,0.1,10,5,0.5,True,42
weight_decay,0.001,52,52,7,0.6913493957483408,0.6961541334788005,0.001,64,2,0.3,False,32,75,0.001,0.1,10,5,0.5,True,42
weight_decay,0.001,52,52,8,0.691122036540147,0.6957464774449666,0.001,64,2,0.3,False,32,75,0.001,0.1,10,5,0.5,True,42
weight_decay,0.001,52,52,9,0.691084954774741,0.6958050529162089,0.001,64,2,0.3,False,32,75,0.001,0.1,10,5,0.5,True,42
weight_decay,0.001,52,52,10,0.6906338559858727,0.6959519863128663,0.001,64,2,0.3,False,32,75,0.001,0.1,10,5,0.5,True,42
weight_decay,0.001,52,52,11,0.6904218269116951,0.6954811414082845,0.001,64,2,0.3,False,32,75,0.001,0.1,10,5,0.5,True,42
weight_decay,0.001,52,52,12,0.6904868280345743,0.6954748868942261,0.001,64,2,0.3,False,32,75,0.001,0.1,10,5,0.5,True,42
weight_decay,0.001,53,53,1,0.6936272825255538,0.6932981967926025,0.001,64,2,0.3,False,32,75,0.001,0.1,10,5,0.5,True,42
weight_decay,0.001,53,53,2,0.6925293667749925,0.691946542263031,0.001,64,2,0.3,False,32,75,0.001,0.1,10,5,0.5,True,42
weight_decay,0.001,53,53,3,0.6924713398471023,0.6917848587036133,0.001,64,2,0.3,False,32,75,0.001,0.1,10,5,0.5,True,42
weight_decay,0.001,53,53,4,0.6921098241300294,0.6907729387283326,0.001,64,2,0.3,False,32,75,0.001,0.1,10,5,0.5,True,42
weight_decay,0.001,53,53,5,0.6922735454458179,0.6922653754552205,0.001,64,2,0.3,False,32,75,0.001,0.1,10,5,0.5,True,42
weight_decay,0.001,53,53,6,0.6912427070465955,0.6913361310958862,0.001,64,2,0.3,False,32,75,0.001,0.1,10,5,0.5,True,42
weight_decay,0.001,53,53,7,0.6912313555226182,0.6904220104217529,0.001,64,2,0.3,False,32,75,0.001,0.1,10,5,0.5,True,42
weight_decay,0.001,53,53,8,0.6911742750442389,0.6910077770551045,0.001,64,2,0.3,False,32,75,0.001,0.1,10,5,0.5,True,42
weight_decay,0.001,53,53,9,0.6909489839365988,0.690536892414093,0.001,64,2,0.3,False,32,75,0.001,0.1,10,5,0.5,True,42
weight_decay,0.001,53,53,10,0.6906456527384844,0.6910028576850891,0.001,64,2,0.3,False,32,75,0.001,0.1,10,5,0.5,True,42
weight_decay,0.001,53,53,11,0.6904733334526871,0.6908710281054179,0.001,64,2,0.3,False,32,75,0.001,0.1,10,5,0.5,True,42
weight_decay,0.001,53,53,12,0.6901083931778417,0.6911543806393942,0.001,64,2,0.3,False,32,75,0.001,0.1,10,5,0.5,True,42
weight_decay,0.001,53,53,13,0.6893853215557156,0.6911147117614747,0.001,64,2,0.3,False,32,75,0.001,0.1,10,5,0.5,True,42
weight_decay,0.001,53,53,14,0.6886218027635054,0.6911732832590739,0.001,64,2,0.3,False,32,75,0.001,0.1,10,5,0.5,True,42
weight_decay,0.001,53,53,15,0.6884014014944886,0.6910347938537598,0.001,64,2,0.3,False,32,75,0.001,0.1,10,5,0.5,True,42
weight_decay,0.001,53,53,16,0.6881444707061305,0.6912637988726298,0.001,64,2,0.3,False,32,75,0.001,0.1,10,5,0.5,True,42
weight_decay,0.001,53,53,17,0.687101482441931,0.6907400131225586,0.001,64,2,0.3,False,32,75,0.001,0.1,10,5,0.5,True,42
weight_decay,0.001,54,54,1,0.694645214712981,0.6938615759213765,0.001,64,2,0.3,False,32,75,0.001,0.1,10,5,0.5,True,42
weight_decay,0.001,54,54,2,0.6921735753615698,0.6969581365585327,0.001,64,2,0.3,False,32,75,0.001,0.1,10,5,0.5,True,42
weight_decay,0.001,54,54,3,0.6926581620266943,0.6950819532076518,0.001,64,2,0.3,False,32,75,0.001,0.1,10,5,0.5,True,42
weight_decay,0.001,54,54,4,0.6919462662754636,0.6934258222579956,0.001,64,2,0.3,False,32,75,0.001,0.1,10,5,0.5,True,42
weight_decay,0.001,54,54,5,0.6915753817919529,0.6935564676920573,0.001,64,2,0.3,False,32,75,0.001,0.1,10,5,0.5,True,42
weight_decay,0.001,54,54,6,0.6908436440157167,0.6927880207697551,0.001,64,2,0.3,False,32,75,0.001,0.1,10,5,0.5,True,42
weight_decay,0.001,54,54,7,0.6910898938323512,0.6931559602419536,0.001,64,2,0.3,False,32,75,0.001,0.1,10,5,0.5,True,42
weight_decay,0.001,54,54,8,0.6906030038089463,0.6950399359067281,0.001,64,2,0.3,False,32,75,0.001,0.1,10,5,0.5,True,42
weight_decay,0.001,54,54,9,0.6900294274091721,0.6930972735087076,0.001,64,2,0.3,False,32,75,0.001,0.1,10,5,0.5,True,42
weight_decay,0.001,54,54,10,0.689854157241908,0.6949034492174785,0.001,64,2,0.3,False,32,75,0.001,0.1,10,5,0.5,True,42
weight_decay,0.001,54,54,11,0.6886062278892054,0.6938215812047323,0.001,64,2,0.3,False,32,75,0.001,0.1,10,5,0.5,True,42
weight_decay,0.001,54,54,12,0.6887615892020139,0.6947876930236816,0.001,64,2,0.3,False,32,75,0.001,0.1,10,5,0.5,True,42
weight_decay,0.001,54,54,13,0.6869114903789578,0.6946432193120321,0.001,64,2,0.3,False,32,75,0.001,0.1,10,5,0.5,True,42
weight_decay,0.001,54,54,14,0.6868490441278978,0.6948549667994182,0.001,64,2,0.3,False,32,75,0.001,0.1,10,5,0.5,True,42
weight_decay,0.001,54,54,15,0.6858837735472303,0.6945237795511882,0.001,64,2,0.3,False,32,75,0.001,0.1,10,5,0.5,True,42
weight_decay,0.001,54,54,16,0.6856829948497541,0.6970416744550069,0.001,64,2,0.3,False,32,75,0.001,0.1,10,5,0.5,True,42
weight_decay,0.001,55,55,1,0.6936920781930288,0.6924643278121948,0.001,64,2,0.3,False,32,75,0.001,0.1,10,5,0.5,True,42
weight_decay,0.001,55,55,2,0.6932613014271765,0.6926655729611715,0.001,64,2,0.3,False,32,75,0.001,0.1,10,5,0.5,True,42
weight_decay,0.001,55,55,3,0.6931376344326771,0.6916208227475484,0.001,64,2,0.3,False,32,75,0.001,0.1,10,5,0.5,True,42
weight_decay,0.001,55,55,4,0.6925690083792715,0.6917381604512532,0.001,64,2,0.3,False,32,75,0.001,0.1,10,5,0.5,True,42
weight_decay,0.001,55,55,5,0.6928129128434442,0.6918536106745402,0.001,64,2,0.3,False,32,75,0.001,0.1,10,5,0.5,True,42
weight_decay,0.001,55,55,6,0.6920250916119778,0.6923943877220153,0.001,64,2,0.3,False,32,75,0.001,0.1,10,5,0.5,True,42
weight_decay,0.001,55,55,7,0.6919122126066324,0.6918842355410258,0.001,64,2,0.3,False,32,75,0.001,0.1,10,5,0.5,True,42
weight_decay,0.001,55,55,8,0.6917442119482792,0.6927408099174499,0.001,64,2,0.3,False,32,75,0.001,0.1,10,5,0.5,True,42
weight_decay,0.001,55,55,9,0.6914317824623801,0.6914707779884338,0.001,64,2,0.3,False,32,75,0.001,0.1,10,5,0.5,True,42
weight_decay,0.001,55,55,10,0.6905482551365187,0.6919554551442464,0.001,64,2,0.3,False,32,75,0.001,0.1,10,5,0.5,True,42
weight_decay,0.001,55,55,11,0.6911031486410083,0.6911336501439412,0.001,64,2,0.3,False,32,75,0.001,0.1,10,5,0.5,True,42
weight_decay,0.001,55,55,12,0.6905917651725538,0.6919698158899943,0.001,64,2,0.3,False,32,75,0.001,0.1,10,5,0.5,True,42
weight_decay,0.001,55,55,13,0.6899379952387377,0.6923881093660991,0.001,64,2,0.3,False,32,75,0.001,0.1,10,5,0.5,True,42
weight_decay,0.001,55,55,14,0.689900203184648,0.6923647205034892,0.001,64,2,0.3,False,32,75,0.001,0.1,10,5,0.5,True,42
weight_decay,0.001,55,55,15,0.6896020801681461,0.6947802106539408,0.001,64,2,0.3,False,32,75,0.001,0.1,10,5,0.5,True,42
weight_decay,0.001,55,55,16,0.690360886129466,0.691946800549825,0.001,64,2,0.3,False,32,75,0.001,0.1,10,5,0.5,True,42
weight_decay,0.001,55,55,17,0.6890907070853494,0.6924529314041138,0.001,64,2,0.3,False,32,75,0.001,0.1,10,5,0.5,True,42
weight_decay,0.001,55,55,18,0.6880161333264727,0.6923382957776387,0.001,64,2,0.3,False,32,75,0.001,0.1,10,5,0.5,True,42
weight_decay,0.001,55,55,19,0.6882959960988073,0.6923949599266053,0.001,64,2,0.3,False,32,75,0.001,0.1,10,5,0.5,True,42
weight_decay,0.001,55,55,20,0.6872579157352448,0.6937111934026082,0.001,64,2,0.3,False,32,75,0.001,0.1,10,5,0.5,True,42
weight_decay,0.001,55,55,21,0.6867794222903975,0.6936270276705424,0.001,64,2,0.3,False,32,75,0.001,0.1,10,5,0.5,True,42
weight_decay,0.001,56,56,1,0.6935739729440573,0.6932804067929585,0.001,64,2,0.3,False,32,75,0.001,0.1,10,5,0.5,True,42
weight_decay,0.001,56,56,2,0.6925834047071862,0.6937076926231385,0.001,64,2,0.3,False,32,75,0.001,0.1,10,5,0.5,True,42
weight_decay,0.001,56,56,3,0.6927994092305502,0.6934823711713155,0.001,64,2,0.3,False,32,75,0.001,0.1,10,5,0.5,True,42
weight_decay,0.001,56,56,4,0.6923865328232447,0.6933594385782877,0.001,64,2,0.3,False,32,75,0.001,0.1,10,5,0.5,True,42
weight_decay,0.001,56,56,5,0.6921620974034974,0.6932235916455587,0.001,64,2,0.3,False,32,75,0.001,0.1,10,5,0.5,True,42
weight_decay,0.001,56,56,6,0.691666581865513,0.6933464845021565,0.001,64,2,0.3,False,32,75,0.001,0.1,10,5,0.5,True,42
weight_decay,0.001,56,56,7,0.6919506544416602,0.6927328705787659,0.001,64,2,0.3,False,32,75,0.001,0.1,10,5,0.5,True,42
weight_decay,0.001,56,56,8,0.6909894473624952,0.6929324388504028,0.001,64,2,0.3,False,32,75,0.001,0.1,10,5,0.5,True,42
weight_decay,0.001,56,56,9,0.691057176752524,0.6941371440887452,0.001,64,2,0.3,False,32,75,0.001,0.1,10,5,0.5,True,42
weight_decay,0.001,56,56,10,0.6910699502085195,0.6929717540740967,0.001,64,2,0.3,False,32,75,0.001,0.1,10,5,0.5,True,42
weight_decay,0.001,56,56,11,0.6907294893806631,0.692951230208079,0.001,64,2,0.3,False,32,75,0.001,0.1,10,5,0.5,True,42
weight_decay,0.001,56,56,12,0.6910875367395806,0.6927359104156494,0.001,64,2,0.3,False,32,75,0.001,0.1,10,5,0.5,True,42
weight_decay,0.001,56,56,13,0.6903268139470707,0.6920181194941203,0.001,64,2,0.3,False,32,75,0.001,0.1,10,5,0.5,True,42
weight_decay,0.001,56,56,14,0.6904497268525037,0.6915818929672242,0.001,64,2,0.3,False,32,75,0.001,0.1,10,5,0.5,True,42
weight_decay,0.001,56,56,15,0.6903347233028123,0.6920112450917562,0.001,64,2,0.3,False,32,75,0.001,0.1,10,5,0.5,True,42
weight_decay,0.001,56,56,16,0.6897620752905355,0.6915027022361755,0.001,64,2,0.3,False,32,75,0.001,0.1,10,5,0.5,True,42
weight_decay,0.001,56,56,17,0.6909789271426924,0.6912474155426025,0.001,64,2,0.3,False,32,75,0.001,0.1,10,5,0.5,True,42
weight_decay,0.001,56,56,18,0.6904075168298952,0.6911971251169841,0.001,64,2,0.3,False,32,75,0.001,0.1,10,5,0.5,True,42
weight_decay,0.001,56,56,19,0.6899568406921445,0.6921783089637756,0.001,64,2,0.3,False,32,75,0.001,0.1,10,5,0.5,True,42
weight_decay,0.001,56,56,20,0.6899683340029283,0.6915134906768798,0.001,64,2,0.3,False,32,75,0.001,0.1,10,5,0.5,True,42
weight_decay,0.001,56,56,21,0.68962616676634,0.6940256675084432,0.001,64,2,0.3,False,32,75,0.001,0.1,10,5,0.5,True,42
weight_decay,0.001,56,56,22,0.6892074856794241,0.6914565126101176,0.001,64,2,0.3,False,32,75,0.001,0.1,10,5,0.5,True,42
weight_decay,0.001,56,56,23,0.689727451765176,0.6908005634943645,0.001,64,2,0.3,False,32,75,0.001,0.1,10,5,0.5,True,42
weight_decay,0.001,56,56,24,0.6885859167033975,0.6911916335423788,0.001,64,2,0.3,False,32,75,0.001,0.1,10,5,0.5,True,42
weight_decay,0.001,56,56,25,0.6887410671421976,0.6903450091679891,0.001,64,2,0.3,False,32,75,0.001,0.1,10,5,0.5,True,42
weight_decay,0.001,56,56,26,0.6888533984169816,0.6917806982994079,0.001,64,2,0.3,False,32,75,0.001,0.1,10,5,0.5,True,42
weight_decay,0.001,56,56,27,0.6878235692327673,0.6905754407246908,0.001,64,2,0.3,False,32,75,0.001,0.1,10,5,0.5,True,42
weight_decay,0.001,56,56,28,0.6876744140278209,0.6905322074890137,0.001,64,2,0.3,False,32,75,0.001,0.1,10,5,0.5,True,42
weight_decay,0.001,56,56,29,0.6879418225902499,0.6903221050898234,0.001,64,2,0.3,False,32,75,0.001,0.1,10,5,0.5,True,42
weight_decay,0.001,56,56,30,0.6879889075503205,0.6910825769106547,0.001,64,2,0.3,False,32,75,0.001,0.1,10,5,0.5,True,42
weight_decay,0.001,56,56,31,0.6882579118916483,0.6915574391682943,0.001,64,2,0.3,False,32,75,0.001,0.1,10,5,0.5,True,42
weight_decay,0.001,56,56,32,0.6866020293849887,0.6911281863848369,0.001,64,2,0.3,False,32,75,0.001,0.1,10,5,0.5,True,42
weight_decay,0.001,56,56,33,0.6861748587001454,0.6905540625254313,0.001,64,2,0.3,False,32,75,0.001,0.1,10,5,0.5,True,42
weight_decay,0.001,56,56,34,0.6861558240471464,0.6910263776779175,0.001,64,2,0.3,False,32,75,0.001,0.1,10,5,0.5,True,42
weight_decay,0.001,56,56,35,0.685957674275745,0.6903825600941976,0.001,64,2,0.3,False,32,75,0.001,0.1,10,5,0.5,True,42
weight_decay,0.001,56,56,36,0.687094845103495,0.6903862118721008,0.001,64,2,0.3,False,32,75,0.001,0.1,10,5,0.5,True,42
weight_decay,0.001,56,56,37,0.6851732017415942,0.6912343859672546,0.001,64,2,0.3,False,32,75,0.001,0.1,10,5,0.5,True,42
weight_decay,0.001,56,56,38,0.6834565238519148,0.6905754884084065,0.001,64,2,0.3,False,32,75,0.001,0.1,10,5,0.5,True,42
weight_decay,0.001,56,56,39,0.6830463048183557,0.6908971945444743,0.001,64,2,0.3,False,32,75,0.001,0.1,10,5,0.5,True,42
weight_decay,0.001,57,57,1,0.6934073481595877,0.6934387763341268,0.001,64,2,0.3,False,32,75,0.001,0.1,10,5,0.5,True,42
weight_decay,0.001,57,57,2,0.6927134232087568,0.6930888613065084,0.001,64,2,0.3,False,32,75,0.001,0.1,10,5,0.5,True,42
weight_decay,0.001,57,57,3,0.6928055200612906,0.6937373399734497,0.001,64,2,0.3,False,32,75,0.001,0.1,10,5,0.5,True,42
weight_decay,0.001,57,57,4,0.6920012118238391,0.6933610558509826,0.001,64,2,0.3,False,32,75,0.001,0.1,10,5,0.5,True,42
weight_decay,0.001,57,57,5,0.6921474653663058,0.6933714826901753,0.001,64,2,0.3,False,32,75,0.001,0.1,10,5,0.5,True,42
weight_decay,0.001,57,57,6,0.691870009357279,0.6928751707077027,0.001,64,2,0.3,False,32,75,0.001,0.1,10,5,0.5,True,42
weight_decay,0.001,57,57,7,0.6917723322456534,0.6923638661702474,0.001,64,2,0.3,False,32,75,0.001,0.1,10,5,0.5,True,42
weight_decay,0.001,57,57,8,0.6910249545718684,0.6924765626589457,0.001,64,2,0.3,False,32,75,0.001,0.1,10,5,0.5,True,42
weight_decay,0.001,57,57,9,0.6911750697728359,0.6934616128603618,0.001,64,2,0.3,False,32,75,0.001,0.1,10,5,0.5,True,42
weight_decay,0.001,57,57,10,0.6909796703945507,0.6938610951105754,0.001,64,2,0.3,False,32,75,0.001,0.1,10,5,0.5,True,42
weight_decay,0.001,57,57,11,0.69059060197888,0.6923943519592285,0.001,64,2,0.3,False,32,75,0.001,0.1,10,5,0.5,True,42
weight_decay,0.001,57,57,12,0.6908623612288273,0.6920363267262777,0.001,64,2,0.3,False,32,75,0.001,0.1,10,5,0.5,True,42
weight_decay,0.001,57,57,13,0.6901842495708754,0.6927025119463602,0.001,64,2,0.3,False,32,75,0.001,0.1,10,5,0.5,True,42
weight_decay,0.001,57,57,14,0.6895958456126127,0.6933694283167521,0.001,64,2,0.3,False,32,75,0.001,0.1,10,5,0.5,True,42
weight_decay,0.001,57,57,15,0.6900596284505093,0.6922417203585307,0.001,64,2,0.3,False,32,75,0.001,0.1,10,5,0.5,True,42
weight_decay,0.001,57,57,16,0.6893068664904797,0.6929683844248454,0.001,64,2,0.3,False,32,75,0.001,0.1,10,5,0.5,True,42
weight_decay,0.001,57,57,17,0.689266381390167,0.6918444196383159,0.001,64,2,0.3,False,32,75,0.001,0.1,10,5,0.5,True,42
weight_decay,0.001,57,57,18,0.689096140590581,0.6929707288742065,0.001,64,2,0.3,False,32,75,0.001,0.1,10,5,0.5,True,42
weight_decay,0.001,57,57,19,0.6892236385381583,0.6905230045318603,0.001,64,2,0.3,False,32,75,0.001,0.1,10,5,0.5,True,42
weight_decay,0.001,57,57,20,0.6888229752128775,0.6919711112976075,0.001,64,2,0.3,False,32,75,0.001,0.1,10,5,0.5,True,42
weight_decay,0.001,57,57,21,0.6888462675340248,0.6939150571823121,0.001,64,2,0.3,False,32,75,0.001,0.1,10,5,0.5,True,42
weight_decay,0.001,57,57,22,0.6884899970256921,0.6931750178337097,0.001,64,2,0.3,False,32,75,0.001,0.1,10,5,0.5,True,42
weight_decay,0.001,57,57,23,0.6882112044276614,0.6923495888710022,0.001,64,2,0.3,False,32,75,0.001,0.1,10,5,0.5,True,42
weight_decay,0.001,57,57,24,0.6874284802964239,0.6902273853619894,0.001,64,2,0.3,False,32,75,0.001,0.1,10,5,0.5,True,42
weight_decay,0.001,57,57,25,0.6876684707222562,0.6912017703056336,0.001,64,2,0.3,False,32,75,0.001,0.1,10,5,0.5,True,42
weight_decay,0.001,57,57,26,0.6879735918659152,0.691644287109375,0.001,64,2,0.3,False,32,75,0.001,0.1,10,5,0.5,True,42
weight_decay,0.001,57,57,27,0.687377469106154,0.6943396965662638,0.001,64,2,0.3,False,32,75,0.001,0.1,10,5,0.5,True,42
weight_decay,0.001,57,57,28,0.686931386590004,0.6918921033541362,0.001,64,2,0.3,False,32,75,0.001,0.1,10,5,0.5,True,42
weight_decay,0.001,57,57,29,0.6863997957923196,0.6918376088142395,0.001,64,2,0.3,False,32,75,0.001,0.1,10,5,0.5,True,42
weight_decay,0.001,57,57,30,0.6874035362041357,0.6926745017369588,0.001,64,2,0.3,False,32,75,0.001,0.1,10,5,0.5,True,42
weight_decay,0.001,57,57,31,0.6859870679450758,0.6934096693992615,0.001,64,2,0.3,False,32,75,0.001,0.1,10,5,0.5,True,42
weight_decay,0.001,57,57,32,0.6855126628369996,0.6937461455663045,0.001,64,2,0.3,False,32,75,0.001,0.1,10,5,0.5,True,42
weight_decay,0.001,57,57,33,0.6842400494850043,0.6931983629862467,0.001,64,2,0.3,False,32,75,0.001,0.1,10,5,0.5,True,42
weight_decay,0.001,57,57,34,0.684818915345452,0.6928093353907268,0.001,64,2,0.3,False,32,75,0.001,0.1,10,5,0.5,True,42
weight_decay,0.001,58,58,1,0.6934648973472191,0.6926518281300863,0.001,64,2,0.3,False,32,75,0.001,0.1,10,5,0.5,True,42
weight_decay,0.001,58,58,2,0.6926962927435384,0.6931046366691589,0.001,64,2,0.3,False,32,75,0.001,0.1,10,5,0.5,True,42
weight_decay,0.001,58,58,3,0.6925807676532052,0.6930239955584209,0.001,64,2,0.3,False,32,75,0.001,0.1,10,5,0.5,True,42
weight_decay,0.001,58,58,4,0.6922589522419553,0.6924113233884176,0.001,64,2,0.3,False,32,75,0.001,0.1,10,5,0.5,True,42
weight_decay,0.001,58,58,5,0.6924041265791113,0.6934638539950053,0.001,64,2,0.3,False,32,75,0.001,0.1,10,5,0.5,True,42
weight_decay,0.001,58,58,6,0.6917822595798608,0.6933333476384481,0.001,64,2,0.3,False,32,75,0.001,0.1,10,5,0.5,True,42
weight_decay,0.001,58,58,7,0.6913968378847296,0.6929835478464762,0.001,64,2,0.3,False,32,75,0.001,0.1,10,5,0.5,True,42
weight_decay,0.001,58,58,8,0.691194316202944,0.6929760416348775,0.001,64,2,0.3,False,32,75,0.001,0.1,10,5,0.5,True,42
weight_decay,0.001,58,58,9,0.6914734795238032,0.6925084789594015,0.001,64,2,0.3,False,32,75,0.001,0.1,10,5,0.5,True,42
weight_decay,0.001,58,58,10,0.6912939128550616,0.6929127335548401,0.001,64,2,0.3,False,32,75,0.001,0.1,10,5,0.5,True,42
weight_decay,0.001,58,58,11,0.6905157760237203,0.6925256848335266,0.001,64,2,0.3,False,32,75,0.001,0.1,10,5,0.5,True,42
weight_decay,0.001,58,58,12,0.6900251778689298,0.6920950849850972,0.001,64,2,0.3,False,32,75,0.001,0.1,10,5,0.5,True,42
weight_decay,0.001,58,58,13,0.6902640570293773,0.6926169951756795,0.001,64,2,0.3,False,32,75,0.001,0.1,10,5,0.5,True,42
weight_decay,0.001,58,58,14,0.6900774109544177,0.6925838152567546,0.001,64,2,0.3,False,32,75,0.001,0.1,10,5,0.5,True,42
weight_decay,0.001,58,58,15,0.6897934178511301,0.6924552162488301,0.001,64,2,0.3,False,32,75,0.001,0.1,10,5,0.5,True,42
weight_decay,0.001,58,58,16,0.688614498033668,0.6931589444478353,0.001,64,2,0.3,False,32,75,0.001,0.1,10,5,0.5,True,42
weight_decay,0.001,58,58,17,0.6886707950722087,0.6930930932362874,0.001,64,2,0.3,False,32,75,0.001,0.1,10,5,0.5,True,42
weight_decay,0.001,58,58,18,0.688333374081236,0.6930800636609395,0.001,64,2,0.3,False,32,75,0.001,0.1,10,5,0.5,True,42
weight_decay,0.001,58,58,19,0.6881587175708829,0.6929095029830933,0.001,64,2,0.3,False,32,75,0.001,0.1,10,5,0.5,True,42
weight_decay,0.001,58,58,20,0.687721875129324,0.692609167098999,0.001,64,2,0.3,False,32,75,0.001,0.1,10,5,0.5,True,42
weight_decay,0.001,58,58,21,0.6877351308410818,0.6922750075658163,0.001,64,2,0.3,False,32,75,0.001,0.1,10,5,0.5,True,42
weight_decay,0.001,58,58,22,0.6876217483571081,0.6921435991923014,0.001,64,2,0.3,False,32,75,0.001,0.1,10,5,0.5,True,42
weight_decay,0.001,59,59,1,0.6943142671476711,0.6935185035069783,0.001,64,2,0.3,False,32,75,0.001,0.1,10,5,0.5,True,42
weight_decay,0.001,59,59,2,0.6929818301489858,0.6936735232671102,0.001,64,2,0.3,False,32,75,0.001,0.1,10,5,0.5,True,42
weight_decay,0.001,59,59,3,0.6925426446127169,0.693071162700653,0.001,64,2,0.3,False,32,75,0.001,0.1,10,5,0.5,True,42
weight_decay,0.001,59,59,4,0.6917155100540682,0.6932123303413391,0.001,64,2,0.3,False,32,75,0.001,0.1,10,5,0.5,True,42
weight_decay,0.001,59,59,5,0.6924582340500571,0.6921945691108704,0.001,64,2,0.3,False,32,75,0.001,0.1,10,5,0.5,True,42
weight_decay,0.001,59,59,6,0.6916088186430208,0.6931605497996013,0.001,64,2,0.3,False,32,75,0.001,0.1,10,5,0.5,True,42
weight_decay,0.001,59,59,7,0.6915829759655576,0.693019433816274,0.001,64,2,0.3,False,32,75,0.001,0.1,10,5,0.5,True,42
weight_decay,0.001,59,59,8,0.6911814863031561,0.6917653123537699,0.001,64,2,0.3,False,32,75,0.001,0.1,10,5,0.5,True,42
weight_decay,0.001,59,59,9,0.6906153627417304,0.690898334980011,0.001,64,2,0.3,False,32,75,0.001,0.1,10,5,0.5,True,42
weight_decay,0.001,59,59,10,0.6907155793724638,0.6908393303553263,0.001,64,2,0.3,False,32,75,0.001,0.1,10,5,0.5,True,42
weight_decay,0.001,59,59,11,0.6904950819232247,0.6909487247467041,0.001,64,2,0.3,False,32,75,0.001,0.1,10,5,0.5,True,42
weight_decay,0.001,59,59,12,0.6901443966410377,0.6906960765520732,0.001,64,2,0.3,False,32,75,0.001,0.1,10,5,0.5,True,42
weight_decay,0.001,59,59,13,0.6888517868338209,0.6938608328501383,0.001,64,2,0.3,False,32,75,0.001,0.1,10,5,0.5,True,42
weight_decay,0.001,59,59,14,0.689044916268551,0.691640043258667,0.001,64,2,0.3,False,32,75,0.001,0.1,10,5,0.5,True,42
weight_decay,0.001,59,59,15,0.689196581641833,0.6927325805028279,0.001,64,2,0.3,False,32,75,0.001,0.1,10,5,0.5,True,42
weight_decay,0.001,59,59,16,0.6887898138075164,0.6927195310592651,0.001,64,2,0.3,False,32,75,0.001,0.1,10,5,0.5,True,42
weight_decay,0.001,59,59,17,0.6892517353549148,0.6915776371955872,0.001,64,2,0.3,False,32,75,0.001,0.1,10,5,0.5,True,42
weight_decay,0.001,59,59,18,0.6891089655233152,0.6928280552228292,0.001,64,2,0.3,False,32,75,0.001,0.1,10,5,0.5,True,42
weight_decay,0.001,59,59,19,0.6881446215239438,0.6912516792615254,0.001,64,2,0.3,False,32,75,0.001,0.1,10,5,0.5,True,42
weight_decay,0.001,59,59,20,0.6876242165312623,0.6919237812360127,0.001,64,2,0.3,False,32,75,0.001,0.1,10,5,0.5,True,42
weight_decay,0.001,59,59,21,0.6875639621055487,0.6927129467328389,0.001,64,2,0.3,False,32,75,0.001,0.1,10,5,0.5,True,42
weight_decay,0.001,59,59,22,0.687492675853498,0.690654452641805,0.001,64,2,0.3,False,32,75,0.001,0.1,10,5,0.5,True,42
weight_decay,0.001,59,59,23,0.6863994580326658,0.6915394584337871,0.001,64,2,0.3,False,32,75,0.001,0.1,10,5,0.5,True,42
weight_decay,0.001,59,59,24,0.6862735323833696,0.6923300703366597,0.001,64,2,0.3,False,32,75,0.001,0.1,10,5,0.5,True,42
weight_decay,0.001,59,59,25,0.6855865102825742,0.6931532939275106,0.001,64,2,0.3,False,32,75,0.001,0.1,10,5,0.5,True,42
weight_decay,0.001,59,59,26,0.6853838915174658,0.6922844449679056,0.001,64,2,0.3,False,32,75,0.001,0.1,10,5,0.5,True,42
weight_decay,0.001,59,59,27,0.6842291224183459,0.6929412802060445,0.001,64,2,0.3,False,32,75,0.001,0.1,10,5,0.5,True,42
weight_decay,0.001,59,59,28,0.6851510866121813,0.6924960494041443,0.001,64,2,0.3,False,32,75,0.001,0.1,10,5,0.5,True,42
weight_decay,0.001,59,59,29,0.6851282747405948,0.6932880719502766,0.001,64,2,0.3,False,32,75,0.001,0.1,10,5,0.5,True,42
weight_decay,0.001,59,59,30,0.684980729764158,0.6930065870285034,0.001,64,2,0.3,False,32,75,0.001,0.1,10,5,0.5,True,42
weight_decay,0.001,59,59,31,0.6842988697868405,0.6927984277407329,0.001,64,2,0.3,False,32,75,0.001,0.1,10,5,0.5,True,42
weight_decay,0.001,59,59,32,0.6844781709439827,0.6929520487785339,0.001,64,2,0.3,False,32,75,0.001,0.1,10,5,0.5,True,42
weight_decay,0.001,60,60,1,0.6931840479373932,0.6932482401529948,0.001,64,2,0.3,False,32,75,0.001,0.1,10,5,0.5,True,42
weight_decay,0.001,60,60,2,0.6931778495058869,0.6929472843805949,0.001,64,2,0.3,False,32,75,0.001,0.1,10,5,0.5,True,42
weight_decay,0.001,60,60,3,0.6923968146244684,0.6930938124656677,0.001,64,2,0.3,False,32,75,0.001,0.1,10,5,0.5,True,42
weight_decay,0.001,60,60,4,0.6922993619333614,0.6929080764452616,0.001,64,2,0.3,False,32,75,0.001,0.1,10,5,0.5,True,42
weight_decay,0.001,60,60,5,0.69201272771214,0.6929320295651754,0.001,64,2,0.3,False,32,75,0.001,0.1,10,5,0.5,True,42
weight_decay,0.001,60,60,6,0.6917487762191079,0.6923699418703715,0.001,64,2,0.3,False,32,75,0.001,0.1,10,5,0.5,True,42
weight_decay,0.001,60,60,7,0.6917547863541227,0.6928267200787862,0.001,64,2,0.3,False,32,75,0.001,0.1,10,5,0.5,True,42
weight_decay,0.001,60,60,8,0.6910411494247841,0.692369834582011,0.001,64,2,0.3,False,32,75,0.001,0.1,10,5,0.5,True,42
weight_decay,0.001,60,60,9,0.6907612667842344,0.6919774492581685,0.001,64,2,0.3,False,32,75,0.001,0.1,10,5,0.5,True,42
weight_decay,0.001,60,60,10,0.6904537352648649,0.6917252143224081,0.001,64,2,0.3,False,32,75,0.001,0.1,10,5,0.5,True,42
weight_decay,0.001,60,60,11,0.6900920858888915,0.6914155721664429,0.001,64,2,0.3,False,32,75,0.001,0.1,10,5,0.5,True,42
weight_decay,0.001,60,60,12,0.689729934388941,0.691372005144755,0.001,64,2,0.3,False,32,75,0.001,0.1,10,5,0.5,True,42
weight_decay,0.001,60,60,13,0.6905882814616868,0.691021728515625,0.001,64,2,0.3,False,32,75,0.001,0.1,10,5,0.5,True,42
weight_decay,0.001,60,60,14,0.6895153332840313,0.6907653530438741,0.001,64,2,0.3,False,32,75,0.001,0.1,10,5,0.5,True,42
weight_decay,0.001,60,60,15,0.6902880862806783,0.6907513777414958,0.001,64,2,0.3,False,32,75,0.001,0.1,10,5,0.5,True,42
weight_decay,0.001,60,60,16,0.6895776508432446,0.6913824160893758,0.001,64,2,0.3,False,32,75,0.001,0.1,10,5,0.5,True,42
weight_decay,0.001,60,60,17,0.6890966634858738,0.6910706837972005,0.001,64,2,0.3,False,32,75,0.001,0.1,10,5,0.5,True,42
weight_decay,0.001,60,60,18,0.6897199330004778,0.690527367591858,0.001,64,2,0.3,False,32,75,0.001,0.1,10,5,0.5,True,42
weight_decay,0.001,60,60,19,0.6890934159358343,0.6909213582674663,0.001,64,2,0.3,False,32,75,0.001,0.1,10,5,0.5,True,42
weight_decay,0.001,60,60,20,0.6882361923203324,0.6910217642784119,0.001,64,2,0.3,False,32,75,0.001,0.1,10,5,0.5,True,42
weight_decay,0.001,60,60,21,0.6886270443598429,0.6917234182357788,0.001,64,2,0.3,False,32,75,0.001,0.1,10,5,0.5,True,42
weight_decay,0.001,60,60,22,0.6881118872852037,0.6913742105166117,0.001,64,2,0.3,False,32,75,0.001,0.1,10,5,0.5,True,42
weight_decay,0.001,60,60,23,0.6876253002520764,0.6917412439982097,0.001,64,2,0.3,False,32,75,0.001,0.1,10,5,0.5,True,42
weight_decay,0.001,60,60,24,0.6869919850970759,0.6924176851908366,0.001,64,2,0.3,False,32,75,0.001,0.1,10,5,0.5,True,42
weight_decay,0.001,60,60,25,0.6863157956889181,0.6923225959142049,0.001,64,2,0.3,False,32,75,0.001,0.1,10,5,0.5,True,42
weight_decay,0.001,60,60,26,0.6849041725649978,0.6916637420654297,0.001,64,2,0.3,False,32,75,0.001,0.1,10,5,0.5,True,42
weight_decay,0.001,60,60,27,0.6859153829740755,0.6911891341209412,0.001,64,2,0.3,False,32,75,0.001,0.1,10,5,0.5,True,42
weight_decay,0.001,60,60,28,0.6848012881748604,0.6922096967697143,0.001,64,2,0.3,False,32,75,0.001,0.1,10,5,0.5,True,42
weight_decay,0.001,61,61,1,0.6934420791539279,0.6934611519177755,0.001,64,2,0.3,False,32,75,0.001,0.1,10,5,0.5,True,42
weight_decay,0.001,61,61,2,0.6928890663566012,0.6924802660942078,0.001,64,2,0.3,False,32,75,0.001,0.1,10,5,0.5,True,42
weight_decay,0.001,61,61,3,0.6918313823866121,0.6931251366933187,0.001,64,2,0.3,False,32,75,0.001,0.1,10,5,0.5,True,42
weight_decay,0.001,61,61,4,0.6921344282049121,0.6921860059102376,0.001,64,2,0.3,False,32,75,0.001,0.1,10,5,0.5,True,42
weight_decay,0.001,61,61,5,0.6914700576753328,0.6917755564053854,0.001,64,2,0.3,False,32,75,0.001,0.1,10,5,0.5,True,42
weight_decay,0.001,61,61,6,0.691072529464057,0.6927642504374186,0.001,64,2,0.3,False,32,75,0.001,0.1,10,5,0.5,True,42
weight_decay,0.001,61,61,7,0.6908863421642419,0.6921962022781372,0.001,64,2,0.3,False,32,75,0.001,0.1,10,5,0.5,True,42
weight_decay,0.001,61,61,8,0.6911158092094191,0.6926830212275187,0.001,64,2,0.3,False,32,75,0.001,0.1,10,5,0.5,True,42
weight_decay,0.001,61,61,9,0.691070018844171,0.6922521948814392,0.001,64,2,0.3,False,32,75,0.001,0.1,10,5,0.5,True,42
weight_decay,0.001,61,61,10,0.6904223362604777,0.6930413047472636,0.001,64,2,0.3,False,32,75,0.001,0.1,10,5,0.5,True,42
weight_decay,0.001,61,61,11,0.69076799669049,0.6934885621070862,0.001,64,2,0.3,False,32,75,0.001,0.1,10,5,0.5,True,42
weight_decay,0.001,61,61,12,0.6895626124107477,0.6935956080754598,0.001,64,2,0.3,False,32,75,0.001,0.1,10,5,0.5,True,42
weight_decay,0.001,61,61,13,0.6895336292006753,0.6927107652028401,0.001,64,2,0.3,False,32,75,0.001,0.1,10,5,0.5,True,42
weight_decay,0.001,61,61,14,0.6890344719092051,0.6930572350819906,0.001,64,2,0.3,False,32,75,0.001,0.1,10,5,0.5,True,42
weight_decay,0.001,61,61,15,0.689119692101623,0.6922442793846131,0.001,64,2,0.3,False,32,75,0.001,0.1,10,5,0.5,True,42
weight_decay,0.001,62,62,1,0.6943530629981648,0.6929142077763876,0.001,64,2,0.3,False,32,75,0.001,0.1,10,5,0.5,True,42
weight_decay,0.001,62,62,2,0.6928250988324484,0.6922317266464233,0.001,64,2,0.3,False,32,75,0.001,0.1,10,5,0.5,True,42
weight_decay,0.001,62,62,3,0.6919969216440663,0.6927903016408284,0.001,64,2,0.3,False,32,75,0.001,0.1,10,5,0.5,True,42
weight_decay,0.001,62,62,4,0.6921642589749712,0.6918249050776164,0.001,64,2,0.3,False,32,75,0.001,0.1,10,5,0.5,True,42
weight_decay,0.001,62,62,5,0.6911306168996927,0.6916862607002259,0.001,64,2,0.3,False,32,75,0.001,0.1,10,5,0.5,True,42
weight_decay,0.001,62,62,6,0.6913950334895741,0.6920018990834554,0.001,64,2,0.3,False,32,75,0.001,0.1,10,5,0.5,True,42
weight_decay,0.001,62,62,7,0.6914215593627004,0.6921945095062256,0.001,64,2,0.3,False,32,75,0.001,0.1,10,5,0.5,True,42
weight_decay,0.001,62,62,8,0.6910130575750814,0.6917757312456767,0.001,64,2,0.3,False,32,75,0.001,0.1,10,5,0.5,True,42
weight_decay,0.001,62,62,9,0.6907616352493112,0.6919021805127462,0.001,64,2,0.3,False,32,75,0.001,0.1,10,5,0.5,True,42
weight_decay,0.001,62,62,10,0.6907011460174214,0.692026968797048,0.001,64,2,0.3,False,32,75,0.001,0.1,10,5,0.5,True,42
weight_decay,0.001,62,62,11,0.6903140612623908,0.6920342445373535,0.001,64,2,0.3,False,32,75,0.001,0.1,10,5,0.5,True,42
weight_decay,0.001,62,62,12,0.6894278706926288,0.6919233560562134,0.001,64,2,0.3,False,32,75,0.001,0.1,10,5,0.5,True,42
weight_decay,0.001,62,62,13,0.6892456398768858,0.6927473823229472,0.001,64,2,0.3,False,32,75,0.001,0.1,10,5,0.5,True,42
weight_decay,0.001,62,62,14,0.6890233989917871,0.6924728393554688,0.001,64,2,0.3,False,32,75,0.001,0.1,10,5,0.5,True,42
weight_decay,0.001,62,62,15,0.688059410814083,0.6921470284461975,0.001,64,2,0.3,False,32,75,0.001,0.1,10,5,0.5,True,42
weight_decay,0.001,63,63,1,0.6941780795653661,0.69354061683019,0.001,64,2,0.3,False,32,75,0.001,0.1,10,5,0.5,True,42
weight_decay,0.001,63,63,2,0.693262976678935,0.6928621252377828,0.001,64,2,0.3,False,32,75,0.001,0.1,10,5,0.5,True,42
weight_decay,0.001,63,63,3,0.6931863517472239,0.6926928639411927,0.001,64,2,0.3,False,32,75,0.001,0.1,10,5,0.5,True,42
weight_decay,0.001,63,63,4,0.6924905140291561,0.6924241741498312,0.001,64,2,0.3,False,32,75,0.001,0.1,10,5,0.5,True,42
weight_decay,0.001,63,63,5,0.6917461531631874,0.6934763034184773,0.001,64,2,0.3,False,32,75,0.001,0.1,10,5,0.5,True,42
weight_decay,0.001,63,63,6,0.6917191197474798,0.6932396252950033,0.001,64,2,0.3,False,32,75,0.001,0.1,10,5,0.5,True,42
weight_decay,0.001,63,63,7,0.691060054934386,0.6923757354418437,0.001,64,2,0.3,False,32,75,0.001,0.1,10,5,0.5,True,42
weight_decay,0.001,63,63,8,0.6913799277760766,0.6932452003161113,0.001,64,2,0.3,False,32,75,0.001,0.1,10,5,0.5,True,42
weight_decay,0.001,63,63,9,0.6907716822443586,0.693134880065918,0.001,64,2,0.3,False,32,75,0.001,0.1,10,5,0.5,True,42
weight_decay,0.001,63,63,10,0.6892799238363901,0.6960125048955281,0.001,64,2,0.3,False,32,75,0.001,0.1,10,5,0.5,True,42
weight_decay,0.001,63,63,11,0.6886884859113982,0.6948387225468954,0.001,64,2,0.3,False,32,75,0.001,0.1,10,5,0.5,True,42
weight_decay,0.001,63,63,12,0.6880777658838214,0.6948391874631246,0.001,64,2,0.3,False,32,75,0.001,0.1,10,5,0.5,True,42
weight_decay,0.001,63,63,13,0.6875047245711992,0.6955833951632182,0.001,64,2,0.3,False,32,75,0.001,0.1,10,5,0.5,True,42
weight_decay,0.001,63,63,14,0.6877203755306475,0.6960421284039815,0.001,64,2,0.3,False,32,75,0.001,0.1,10,5,0.5,True,42
weight_decay,0.001,63,63,15,0.6868226559776248,0.6982943892478943,0.001,64,2,0.3,False,32,75,0.001,0.1,10,5,0.5,True,42
weight_decay,0.001,63,63,16,0.6867096424102783,0.6953739841779073,0.001,64,2,0.3,False,32,75,0.001,0.1,10,5,0.5,True,42
weight_decay,0.001,63,63,17,0.6860643259503625,0.6963428060213724,0.001,64,2,0.3,False,32,75,0.001,0.1,10,5,0.5,True,42
weight_decay,0.001,64,64,1,0.6939566699844418,0.6931456247965495,0.001,64,2,0.3,False,32,75,0.001,0.1,10,5,0.5,True,42
weight_decay,0.001,64,64,2,0.6929384537718513,0.6921327908833822,0.001,64,2,0.3,False,32,75,0.001,0.1,10,5,0.5,True,42
weight_decay,0.001,64,64,3,0.6927353243033091,0.6925813833872477,0.001,64,2,0.3,False,32,75,0.001,0.1,10,5,0.5,True,42
weight_decay,0.001,64,64,4,0.692248692115148,0.6920581777890523,0.001,64,2,0.3,False,32,75,0.001,0.1,10,5,0.5,True,42
weight_decay,0.001,64,64,5,0.6918231763622977,0.691828187306722,0.001,64,2,0.3,False,32,75,0.001,0.1,10,5,0.5,True,42
weight_decay,0.001,64,64,6,0.6913898822033044,0.6921684145927429,0.001,64,2,0.3,False,32,75,0.001,0.1,10,5,0.5,True,42
weight_decay,0.001,64,64,7,0.6917031303499684,0.6924871524175008,0.001,64,2,0.3,False,32,75,0.001,0.1,10,5,0.5,True,42
weight_decay,0.001,64,64,8,0.6912522365649542,0.6920020937919616,0.001,64,2,0.3,False,32,75,0.001,0.1,10,5,0.5,True,42
weight_decay,0.001,64,64,9,0.6912648140481024,0.6916671792666117,0.001,64,2,0.3,False,32,75,0.001,0.1,10,5,0.5,True,42
weight_decay,0.001,64,64,10,0.6905252012339506,0.6917811632156372,0.001,64,2,0.3,False,32,75,0.001,0.1,10,5,0.5,True,42
weight_decay,0.001,64,64,11,0.6907489877758604,0.6911401430765788,0.001,64,2,0.3,False,32,75,0.001,0.1,10,5,0.5,True,42
weight_decay,0.001,64,64,12,0.6904896746079127,0.6923591335614522,0.001,64,2,0.3,False,32,75,0.001,0.1,10,5,0.5,True,42
weight_decay,0.001,64,64,13,0.6897736742640986,0.6916491866111756,0.001,64,2,0.3,False,32,75,0.001,0.1,10,5,0.5,True,42
weight_decay,0.001,64,64,14,0.6897284867185535,0.6923357526461283,0.001,64,2,0.3,False,32,75,0.001,0.1,10,5,0.5,True,42
weight_decay,0.001,64,64,15,0.6896270247119846,0.692004934946696,0.001,64,2,0.3,False,32,75,0.001,0.1,10,5,0.5,True,42
weight_decay,0.001,64,64,16,0.689241476131208,0.6918828209241231,0.001,64,2,0.3,False,32,75,0.001,0.1,10,5,0.5,True,42
weight_decay,0.001,64,64,17,0.6891616081649606,0.6932070811589559,0.001,64,2,0.3,False,32,75,0.001,0.1,10,5,0.5,True,42
weight_decay,0.001,64,64,18,0.6881378780711781,0.6924853801727295,0.001,64,2,0.3,False,32,75,0.001,0.1,10,5,0.5,True,42
weight_decay,0.001,64,64,19,0.687997277487408,0.6929273645083109,0.001,64,2,0.3,False,32,75,0.001,0.1,10,5,0.5,True,42
weight_decay,0.001,64,64,20,0.6874769713842508,0.6927892565727234,0.001,64,2,0.3,False,32,75,0.001,0.1,10,5,0.5,True,42
weight_decay,0.001,64,64,21,0.6870846283255201,0.693352480729421,0.001,64,2,0.3,False,32,75,0.001,0.1,10,5,0.5,True,42
weight_decay,0.001,65,65,1,0.6939663182605397,0.6923073331514994,0.001,64,2,0.3,False,32,75,0.001,0.1,10,5,0.5,True,42
weight_decay,0.001,65,65,2,0.6933761166803765,0.692766273021698,0.001,64,2,0.3,False,32,75,0.001,0.1,10,5,0.5,True,42
weight_decay,0.001,65,65,3,0.6926507994984136,0.6921112457911174,0.001,64,2,0.3,False,32,75,0.001,0.1,10,5,0.5,True,42
weight_decay,0.001,65,65,4,0.692303891434814,0.6918886462847392,0.001,64,2,0.3,False,32,75,0.001,0.1,10,5,0.5,True,42
weight_decay,0.001,65,65,5,0.6925476721741937,0.6918153762817383,0.001,64,2,0.3,False,32,75,0.001,0.1,10,5,0.5,True,42
weight_decay,0.001,65,65,6,0.6923434576301863,0.6924449602762858,0.001,64,2,0.3,False,32,75,0.001,0.1,10,5,0.5,True,42
weight_decay,0.001,65,65,7,0.6919673848332781,0.6915324727694193,0.001,64,2,0.3,False,32,75,0.001,0.1,10,5,0.5,True,42
weight_decay,0.001,65,65,8,0.6910992029941443,0.6918069998423259,0.001,64,2,0.3,False,32,75,0.001,0.1,10,5,0.5,True,42
weight_decay,0.001,65,65,9,0.6913052788286498,0.6923311392466227,0.001,64,2,0.3,False,32,75,0.001,0.1,10,5,0.5,True,42
weight_decay,0.001,65,65,10,0.6914756203239615,0.6913491249084472,0.001,64,2,0.3,False,32,75,0.001,0.1,10,5,0.5,True,42
weight_decay,0.001,65,65,11,0.6912012226653822,0.6915234168370564,0.001,64,2,0.3,False,32,75,0.001,0.1,10,5,0.5,True,42
weight_decay,0.001,65,65,12,0.6910636280522202,0.6919918616612752,0.001,64,2,0.3,False,32,75,0.001,0.1,10,5,0.5,True,42
weight_decay,0.001,65,65,13,0.6906648589806124,0.6914197444915772,0.001,64,2,0.3,False,32,75,0.001,0.1,10,5,0.5,True,42
weight_decay,0.001,65,65,14,0.6905241716991771,0.6922171910603842,0.001,64,2,0.3,False,32,75,0.001,0.1,10,5,0.5,True,42
weight_decay,0.001,65,65,15,0.6903822720050812,0.6922918438911438,0.001,64,2,0.3,False,32,75,0.001,0.1,10,5,0.5,True,42
weight_decay,0.001,65,65,16,0.6902919416174744,0.6930597464243571,0.001,64,2,0.3,False,32,75,0.001,0.1,10,5,0.5,True,42
weight_decay,0.001,65,65,17,0.6901453047087698,0.691690468788147,0.001,64,2,0.3,False,32,75,0.001,0.1,10,5,0.5,True,42
weight_decay,0.001,65,65,18,0.6898756496834032,0.6915916482607524,0.001,64,2,0.3,False,32,75,0.001,0.1,10,5,0.5,True,42
weight_decay,0.001,65,65,19,0.6907013681801882,0.6918009678522746,0.001,64,2,0.3,False,32,75,0.001,0.1,10,5,0.5,True,42
weight_decay,0.001,65,65,20,0.6892673477078929,0.6912953933080037,0.001,64,2,0.3,False,32,75,0.001,0.1,10,5,0.5,True,42
weight_decay,0.001,65,65,21,0.688910857294545,0.6912440816561382,0.001,64,2,0.3,False,32,75,0.001,0.1,10,5,0.5,True,42
weight_decay,0.001,65,65,22,0.6894011976140918,0.6911894758542378,0.001,64,2,0.3,False,32,75,0.001,0.1,10,5,0.5,True,42
weight_decay,0.001,65,65,23,0.6899221390485764,0.690811546643575,0.001,64,2,0.3,False,32,75,0.001,0.1,10,5,0.5,True,42
weight_decay,0.001,65,65,24,0.6897993665752988,0.6909608205159505,0.001,64,2,0.3,False,32,75,0.001,0.1,10,5,0.5,True,42
weight_decay,0.001,65,65,25,0.6886223261103486,0.6909902373949687,0.001,64,2,0.3,False,32,75,0.001,0.1,10,5,0.5,True,42
weight_decay,0.001,65,65,26,0.6890753290869973,0.6909050345420837,0.001,64,2,0.3,False,32,75,0.001,0.1,10,5,0.5,True,42
weight_decay,0.001,65,65,27,0.6883775519602227,0.6913873473803203,0.001,64,2,0.3,False,32,75,0.001,0.1,10,5,0.5,True,42
weight_decay,0.001,65,65,28,0.6891653311975074,0.6904232343037923,0.001,64,2,0.3,False,32,75,0.001,0.1,10,5,0.5,True,42
weight_decay,0.001,65,65,29,0.6886577782305804,0.6914856274922688,0.001,64,2,0.3,False,32,75,0.001,0.1,10,5,0.5,True,42
weight_decay,0.001,65,65,30,0.6881832670081746,0.6906294862429301,0.001,64,2,0.3,False,32,75,0.001,0.1,10,5,0.5,True,42
weight_decay,0.001,65,65,31,0.6886618634064993,0.69072185754776,0.001,64,2,0.3,False,32,75,0.001,0.1,10,5,0.5,True,42
weight_decay,0.001,65,65,32,0.6879057360417915,0.690600593884786,0.001,64,2,0.3,False,32,75,0.001,0.1,10,5,0.5,True,42
weight_decay,0.001,65,65,33,0.6872308918020942,0.6911202311515808,0.001,64,2,0.3,False,32,75,0.001,0.1,10,5,0.5,True,42
weight_decay,0.001,65,65,34,0.688114149552403,0.6916466395060221,0.001,64,2,0.3,False,32,75,0.001,0.1,10,5,0.5,True,42
weight_decay,0.001,65,65,35,0.6874250742522153,0.6913624922434489,0.001,64,2,0.3,False,32,75,0.001,0.1,10,5,0.5,True,42
weight_decay,0.001,65,65,36,0.6881265418999123,0.6914440115292867,0.001,64,2,0.3,False,32,75,0.001,0.1,10,5,0.5,True,42
weight_decay,0.001,65,65,37,0.6862528283487667,0.6915230949719747,0.001,64,2,0.3,False,32,75,0.001,0.1,10,5,0.5,True,42
weight_decay,0.001,65,65,38,0.6872135974241026,0.6913099567095439,0.001,64,2,0.3,False,32,75,0.001,0.1,10,5,0.5,True,42
weight_decay,0.001,66,66,1,0.6938420854734652,0.6945344686508179,0.001,64,2,0.3,False,32,75,0.001,0.1,10,5,0.5,True,42
weight_decay,0.001,66,66,2,0.692869400436228,0.6945385495821635,0.001,64,2,0.3,False,32,75,0.001,0.1,10,5,0.5,True,42
weight_decay,0.001,66,66,3,0.6923150921409781,0.6953731616338094,0.001,64,2,0.3,False,32,75,0.001,0.1,10,5,0.5,True,42
weight_decay,0.001,66,66,4,0.6921859564203204,0.6946018457412719,0.001,64,2,0.3,False,32,75,0.001,0.1,10,5,0.5,True,42
weight_decay,0.001,66,66,5,0.6922399984164671,0.6943743189175924,0.001,64,2,0.3,False,32,75,0.001,0.1,10,5,0.5,True,42
weight_decay,0.001,66,66,6,0.6920891160314734,0.6939754803975423,0.001,64,2,0.3,False,32,75,0.001,0.1,10,5,0.5,True,42
weight_decay,0.001,66,66,7,0.6916916885159232,0.6943889816602071,0.001,64,2,0.3,False,32,75,0.001,0.1,10,5,0.5,True,42
weight_decay,0.001,66,66,8,0.6912504439101075,0.693588109811147,0.001,64,2,0.3,False,32,75,0.001,0.1,10,5,0.5,True,42
weight_decay,0.001,66,66,9,0.6910804212093353,0.6937191685040792,0.001,64,2,0.3,False,32,75,0.001,0.1,10,5,0.5,True,42
weight_decay,0.001,66,66,10,0.6909776912494139,0.6937474727630615,0.001,64,2,0.3,False,32,75,0.001,0.1,10,5,0.5,True,42
weight_decay,0.001,66,66,11,0.6901478713208978,0.6955944776535035,0.001,64,2,0.3,False,32,75,0.001,0.1,10,5,0.5,True,42
weight_decay,0.001,66,66,12,0.6910240185080152,0.693075712521871,0.001,64,2,0.3,False,32,75,0.001,0.1,10,5,0.5,True,42
weight_decay,0.001,66,66,13,0.6899828563133875,0.6919525305430094,0.001,64,2,0.3,False,32,75,0.001,0.1,10,5,0.5,True,42
weight_decay,0.001,66,66,14,0.6903243362903595,0.6940849383672079,0.001,64,2,0.3,False,32,75,0.001,0.1,10,5,0.5,True,42
weight_decay,0.001,66,66,15,0.6907960212591923,0.6923954168955485,0.001,64,2,0.3,False,32,75,0.001,0.1,10,5,0.5,True,42
weight_decay,0.001,66,66,16,0.6901531011769266,0.6920579274495443,0.001,64,2,0.3,False,32,75,0.001,0.1,10,5,0.5,True,42
weight_decay,0.001,66,66,17,0.6902193842512189,0.6939329743385315,0.001,64,2,0.3,False,32,75,0.001,0.1,10,5,0.5,True,42
weight_decay,0.001,66,66,18,0.6904043790065881,0.6934643109639486,0.001,64,2,0.3,False,32,75,0.001,0.1,10,5,0.5,True,42
weight_decay,0.001,66,66,19,0.6905607201836326,0.6931250850359599,0.001,64,2,0.3,False,32,75,0.001,0.1,10,5,0.5,True,42
weight_decay,0.001,66,66,20,0.6894471749211802,0.6925671935081482,0.001,64,2,0.3,False,32,75,0.001,0.1,10,5,0.5,True,42
weight_decay,0.001,66,66,21,0.6896218233036272,0.691974143187205,0.001,64,2,0.3,False,32,75,0.001,0.1,10,5,0.5,True,42
weight_decay,0.001,66,66,22,0.6899122266155301,0.6920358935991923,0.001,64,2,0.3,False,32,75,0.001,0.1,10,5,0.5,True,42
weight_decay,0.001,66,66,23,0.6896451801964731,0.6917791684468587,0.001,64,2,0.3,False,32,75,0.001,0.1,10,5,0.5,True,42
weight_decay,0.001,66,66,24,0.6895777515389703,0.6924443920453389,0.001,64,2,0.3,False,32,75,0.001,0.1,10,5,0.5,True,42
weight_decay,0.001,66,66,25,0.6888647675514221,0.6916232943534851,0.001,64,2,0.3,False,32,75,0.001,0.1,10,5,0.5,True,42
weight_decay,0.001,66,66,26,0.6884653365070169,0.6913576126098633,0.001,64,2,0.3,False,32,75,0.001,0.1,10,5,0.5,True,42
weight_decay,0.001,66,66,27,0.6881509477441962,0.6920862396558126,0.001,64,2,0.3,False,32,75,0.001,0.1,10,5,0.5,True,42
weight_decay,0.001,66,66,28,0.6882713003592058,0.6907862623532613,0.001,64,2,0.3,False,32,75,0.001,0.1,10,5,0.5,True,42
weight_decay,0.001,66,66,29,0.6885614232583479,0.6903545379638671,0.001,64,2,0.3,False,32,75,0.001,0.1,10,5,0.5,True,42
weight_decay,0.001,66,66,30,0.6875486730626135,0.6902948498725892,0.001,64,2,0.3,False,32,75,0.001,0.1,10,5,0.5,True,42
weight_decay,0.001,66,66,31,0.6883740388985836,0.6901299039522807,0.001,64,2,0.3,False,32,75,0.001,0.1,10,5,0.5,True,42
weight_decay,0.001,66,66,32,0.6873941620190939,0.6901322841644287,0.001,64,2,0.3,False,32,75,0.001,0.1,10,5,0.5,True,42
weight_decay,0.001,66,66,33,0.6883648105643012,0.6905996759732564,0.001,64,2,0.3,False,32,75,0.001,0.1,10,5,0.5,True,42
weight_decay,0.001,66,66,34,0.687816084785895,0.6901341716448466,0.001,64,2,0.3,False,32,75,0.001,0.1,10,5,0.5,True,42
weight_decay,0.001,66,66,35,0.6878283231547384,0.690114148457845,0.001,64,2,0.3,False,32,75,0.001,0.1,10,5,0.5,True,42
weight_decay,0.001,66,66,36,0.6874980678160986,0.6904533783594767,0.001,64,2,0.3,False,32,75,0.001,0.1,10,5,0.5,True,42
weight_decay,0.001,66,66,37,0.6878962710951314,0.6905051827430725,0.001,64,2,0.3,False,32,75,0.001,0.1,10,5,0.5,True,42
weight_decay,0.001,66,66,38,0.6863111347863169,0.6903234124183655,0.001,64,2,0.3,False,32,75,0.001,0.1,10,5,0.5,True,42
weight_decay,0.001,66,66,39,0.6866621736324194,0.6899911165237427,0.001,64,2,0.3,False,32,75,0.001,0.1,10,5,0.5,True,42
weight_decay,0.001,66,66,40,0.6870354016621908,0.6901987791061401,0.001,64,2,0.3,False,32,75,0.001,0.1,10,5,0.5,True,42
weight_decay,0.001,66,66,41,0.6869450735323357,0.689888079961141,0.001,64,2,0.3,False,32,75,0.001,0.1,10,5,0.5,True,42
weight_decay,0.001,66,66,42,0.6862247103091442,0.6900239825248718,0.001,64,2,0.3,False,32,75,0.001,0.1,10,5,0.5,True,42
weight_decay,0.001,66,66,43,0.6869199935233954,0.6900495886802673,0.001,64,2,0.3,False,32,75,0.001,0.1,10,5,0.5,True,42
weight_decay,0.001,66,66,44,0.6862844124887929,0.6897104382514954,0.001,64,2,0.3,False,32,75,0.001,0.1,10,5,0.5,True,42
weight_decay,0.001,66,66,45,0.6869506099910447,0.6896424492200216,0.001,64,2,0.3,False,32,75,0.001,0.1,10,5,0.5,True,42
weight_decay,0.001,66,66,46,0.6863262116005926,0.6897166728973388,0.001,64,2,0.3,False,32,75,0.001,0.1,10,5,0.5,True,42
weight_decay,0.001,66,66,47,0.6872048743746497,0.689795704682668,0.001,64,2,0.3,False,32,75,0.001,0.1,10,5,0.5,True,42
weight_decay,0.001,66,66,48,0.6862627331054572,0.6899784286816915,0.001,64,2,0.3,False,32,75,0.001,0.1,10,5,0.5,True,42
weight_decay,0.001,66,66,49,0.6860436368169207,0.6898883819580078,0.001,64,2,0.3,False,32,75,0.001,0.1,10,5,0.5,True,42
weight_decay,0.001,66,66,50,0.6860701653993491,0.6898824016253153,0.001,64,2,0.3,False,32,75,0.001,0.1,10,5,0.5,True,42
weight_decay,0.001,66,66,51,0.6852100333481124,0.6896806677182515,0.001,64,2,0.3,False,32,75,0.001,0.1,10,5,0.5,True,42
weight_decay,0.001,66,66,52,0.6853992686127172,0.6894936521848043,0.001,64,2,0.3,False,32,75,0.001,0.1,10,5,0.5,True,42
weight_decay,0.001,66,66,53,0.6848609912576098,0.6897045890490214,0.001,64,2,0.3,False,32,75,0.001,0.1,10,5,0.5,True,42
weight_decay,0.001,66,66,54,0.6861291279395422,0.689640208085378,0.001,64,2,0.3,False,32,75,0.001,0.1,10,5,0.5,True,42
weight_decay,0.001,66,66,55,0.6850294249527382,0.6896163145701091,0.001,64,2,0.3,False,32,75,0.001,0.1,10,5,0.5,True,42
weight_decay,0.001,66,66,56,0.6855676147070798,0.689523712793986,0.001,64,2,0.3,False,32,75,0.001,0.1,10,5,0.5,True,42
weight_decay,0.001,66,66,57,0.685192040421746,0.6900179346402486,0.001,64,2,0.3,False,32,75,0.001,0.1,10,5,0.5,True,42
weight_decay,0.001,66,66,58,0.6841279186985709,0.6897571603457133,0.001,64,2,0.3,False,32,75,0.001,0.1,10,5,0.5,True,42
weight_decay,0.001,66,66,59,0.6851596913554452,0.6899262388547261,0.001,64,2,0.3,False,32,75,0.001,0.1,10,5,0.5,True,42
weight_decay,0.001,66,66,60,0.6844035933415095,0.6898517370223999,0.001,64,2,0.3,False,32,75,0.001,0.1,10,5,0.5,True,42
weight_decay,0.001,66,66,61,0.6836128456122947,0.6897995591163635,0.001,64,2,0.3,False,32,75,0.001,0.1,10,5,0.5,True,42
weight_decay,0.001,66,66,62,0.6839793798598376,0.6899742285410563,0.001,64,2,0.3,False,32,75,0.001,0.1,10,5,0.5,True,42
weight_decay,0.001,67,67,1,0.6938401370337515,0.6934989253679912,0.001,64,2,0.3,False,32,75,0.001,0.1,10,5,0.5,True,42
weight_decay,0.001,67,67,2,0.6924535912094694,0.6950421174367268,0.001,64,2,0.3,False,32,75,0.001,0.1,10,5,0.5,True,42
weight_decay,0.001,67,67,3,0.69253053493572,0.6940584699312846,0.001,64,2,0.3,False,32,75,0.001,0.1,10,5,0.5,True,42
weight_decay,0.001,67,67,4,0.691447483770775,0.6954344749450684,0.001,64,2,0.3,False,32,75,0.001,0.1,10,5,0.5,True,42
weight_decay,0.001,67,67,5,0.6920904422348196,0.6940319856007894,0.001,64,2,0.3,False,32,75,0.001,0.1,10,5,0.5,True,42
weight_decay,0.001,67,67,6,0.6912259016976212,0.6933249274889628,0.001,64,2,0.3,False,32,75,0.001,0.1,10,5,0.5,True,42
weight_decay,0.001,67,67,7,0.6907041619221369,0.6926172415415446,0.001,64,2,0.3,False,32,75,0.001,0.1,10,5,0.5,True,42
weight_decay,0.001,67,67,8,0.6914864326968337,0.693080457051595,0.001,64,2,0.3,False,32,75,0.001,0.1,10,5,0.5,True,42
weight_decay,0.001,67,67,9,0.6910814769340284,0.6931216796239217,0.001,64,2,0.3,False,32,75,0.001,0.1,10,5,0.5,True,42
weight_decay,0.001,67,67,10,0.6904849748719822,0.6922000368436177,0.001,64,2,0.3,False,32,75,0.001,0.1,10,5,0.5,True,42
weight_decay,0.001,67,67,11,0.6906826437422724,0.6916803995768229,0.001,64,2,0.3,False,32,75,0.001,0.1,10,5,0.5,True,42
weight_decay,0.001,67,67,12,0.6907338644518997,0.6919232805569967,0.001,64,2,0.3,False,32,75,0.001,0.1,10,5,0.5,True,42
weight_decay,0.001,67,67,13,0.6901197681824366,0.6920008619626363,0.001,64,2,0.3,False,32,75,0.001,0.1,10,5,0.5,True,42
weight_decay,0.001,67,67,14,0.6905708371689825,0.6925833145777385,0.001,64,2,0.3,False,32,75,0.001,0.1,10,5,0.5,True,42
weight_decay,0.001,67,67,15,0.6898481434944904,0.6913954655329386,0.001,64,2,0.3,False,32,75,0.001,0.1,10,5,0.5,True,42
weight_decay,0.001,67,67,16,0.6898097630703088,0.6918803373972575,0.001,64,2,0.3,False,32,75,0.001,0.1,10,5,0.5,True,42
weight_decay,0.001,67,67,17,0.6897035245642518,0.6924713015556335,0.001,64,2,0.3,False,32,75,0.001,0.1,10,5,0.5,True,42
weight_decay,0.001,67,67,18,0.6888682309425238,0.6912042180697123,0.001,64,2,0.3,False,32,75,0.001,0.1,10,5,0.5,True,42
weight_decay,0.001,67,67,19,0.6890380518002943,0.6923000613848368,0.001,64,2,0.3,False,32,75,0.001,0.1,10,5,0.5,True,42
weight_decay,0.001,67,67,20,0.6894065299720475,0.6917502522468567,0.001,64,2,0.3,False,32,75,0.001,0.1,10,5,0.5,True,42
weight_decay,0.001,67,67,21,0.6891874648404844,0.6925509015719096,0.001,64,2,0.3,False,32,75,0.001,0.1,10,5,0.5,True,42
weight_decay,0.001,67,67,22,0.6875567133679534,0.6907560785611471,0.001,64,2,0.3,False,32,75,0.001,0.1,10,5,0.5,True,42
weight_decay,0.001,67,67,23,0.688249493187124,0.6914255181948344,0.001,64,2,0.3,False,32,75,0.001,0.1,10,5,0.5,True,42
weight_decay,0.001,67,67,24,0.6888787624510851,0.6906530141830445,0.001,64,2,0.3,False,32,75,0.001,0.1,10,5,0.5,True,42
weight_decay,0.001,67,67,25,0.6877549272595029,0.6915247837702433,0.001,64,2,0.3,False,32,75,0.001,0.1,10,5,0.5,True,42
weight_decay,0.001,67,67,26,0.6871399852362546,0.6924205144246419,0.001,64,2,0.3,False,32,75,0.001,0.1,10,5,0.5,True,42
weight_decay,0.001,67,67,27,0.6860621490261771,0.6928465247154236,0.001,64,2,0.3,False,32,75,0.001,0.1,10,5,0.5,True,42
weight_decay,0.001,67,67,28,0.6873823350126093,0.6922827243804932,0.001,64,2,0.3,False,32,75,0.001,0.1,10,5,0.5,True,42
weight_decay,0.001,67,67,29,0.687081411932454,0.6950101137161255,0.001,64,2,0.3,False,32,75,0.001,0.1,10,5,0.5,True,42
weight_decay,0.001,67,67,30,0.6863678337046595,0.691394050916036,0.001,64,2,0.3,False,32,75,0.001,0.1,10,5,0.5,True,42
weight_decay,0.001,67,67,31,0.6847955038150152,0.6927865942319235,0.001,64,2,0.3,False,32,75,0.001,0.1,10,5,0.5,True,42
weight_decay,0.001,67,67,32,0.6848942669052066,0.6938555836677551,0.001,64,2,0.3,False,32,75,0.001,0.1,10,5,0.5,True,42
weight_decay,0.001,67,67,33,0.6833611424222137,0.692578935623169,0.001,64,2,0.3,False,32,75,0.001,0.1,10,5,0.5,True,42
weight_decay,0.001,67,67,34,0.684496898542751,0.6933229168256124,0.001,64,2,0.3,False,32,75,0.001,0.1,10,5,0.5,True,42
weight_decay,0.001,68,68,1,0.6933688792315397,0.6973339200019837,0.001,64,2,0.3,False,32,75,0.001,0.1,10,5,0.5,True,42
weight_decay,0.001,68,68,2,0.692741210713531,0.6940848271052042,0.001,64,2,0.3,False,32,75,0.001,0.1,10,5,0.5,True,42
weight_decay,0.001,68,68,3,0.6923808807676489,0.6952059308687846,0.001,64,2,0.3,False,32,75,0.001,0.1,10,5,0.5,True,42
weight_decay,0.001,68,68,4,0.692091165618463,0.6943332195281983,0.001,64,2,0.3,False,32,75,0.001,0.1,10,5,0.5,True,42
weight_decay,0.001,68,68,5,0.6923451279148911,0.6940055966377259,0.001,64,2,0.3,False,32,75,0.001,0.1,10,5,0.5,True,42
weight_decay,0.001,68,68,6,0.6914124628811171,0.6939039429028829,0.001,64,2,0.3,False,32,75,0.001,0.1,10,5,0.5,True,42
weight_decay,0.001,68,68,7,0.6914771235350406,0.6948105374972026,0.001,64,2,0.3,False,32,75,0.001,0.1,10,5,0.5,True,42
weight_decay,0.001,68,68,8,0.6914189155354644,0.6942393859227498,0.001,64,2,0.3,False,32,75,0.001,0.1,10,5,0.5,True,42
weight_decay,0.001,68,68,9,0.6913700830755811,0.6939858317375183,0.001,64,2,0.3,False,32,75,0.001,0.1,10,5,0.5,True,42
weight_decay,0.001,68,68,10,0.690975416338805,0.6939579208691915,0.001,64,2,0.3,False,32,75,0.001,0.1,10,5,0.5,True,42
weight_decay,0.001,68,68,11,0.6910537738691677,0.6928216218948364,0.001,64,2,0.3,False,32,75,0.001,0.1,10,5,0.5,True,42
weight_decay,0.001,68,68,12,0.6913949919469429,0.6929642399152119,0.001,64,2,0.3,False,32,75,0.001,0.1,10,5,0.5,True,42
weight_decay,0.001,68,68,13,0.6911311705004085,0.6936467210451762,0.001,64,2,0.3,False,32,75,0.001,0.1,10,5,0.5,True,42
weight_decay,0.001,68,68,14,0.6903262287378311,0.6929240822792053,0.001,64,2,0.3,False,32,75,0.001,0.1,10,5,0.5,True,42
weight_decay,0.001,68,68,15,0.6905591943950364,0.6929360667864481,0.001,64,2,0.3,False,32,75,0.001,0.1,10,5,0.5,True,42
weight_decay,0.001,68,68,16,0.6906050488804326,0.6928686141967774,0.001,64,2,0.3,False,32,75,0.001,0.1,10,5,0.5,True,42
weight_decay,0.001,68,68,17,0.6905634159391577,0.6925769766171773,0.001,64,2,0.3,False,32,75,0.001,0.1,10,5,0.5,True,42
weight_decay,0.001,68,68,18,0.6905579354726907,0.6921905398368835,0.001,64,2,0.3,False,32,75,0.001,0.1,10,5,0.5,True,42
weight_decay,0.001,68,68,19,0.6899628869511865,0.6920271317164103,0.001,64,2,0.3,False,32,75,0.001,0.1,10,5,0.5,True,42
weight_decay,0.001,68,68,20,0.6899202375700979,0.691825290520986,0.001,64,2,0.3,False,32,75,0.001,0.1,10,5,0.5,True,42
weight_decay,0.001,68,68,21,0.6904668473836147,0.6917475700378418,0.001,64,2,0.3,False,32,75,0.001,0.1,10,5,0.5,True,42
weight_decay,0.001,68,68,22,0.6902490267247865,0.6913415352503459,0.001,64,2,0.3,False,32,75,0.001,0.1,10,5,0.5,True,42
weight_decay,0.001,68,68,23,0.6901645953908111,0.6922996719678243,0.001,64,2,0.3,False,32,75,0.001,0.1,10,5,0.5,True,42
weight_decay,0.001,68,68,24,0.6896154248353207,0.6914398550987244,0.001,64,2,0.3,False,32,75,0.001,0.1,10,5,0.5,True,42
weight_decay,0.001,68,68,25,0.6897667939915801,0.6911986986796061,0.001,64,2,0.3,False,32,75,0.001,0.1,10,5,0.5,True,42
weight_decay,0.001,68,68,26,0.6890052954355875,0.6907241741816202,0.001,64,2,0.3,False,32,75,0.001,0.1,10,5,0.5,True,42
weight_decay,0.001,68,68,27,0.6901734353918018,0.6908616065979004,0.001,64,2,0.3,False,32,75,0.001,0.1,10,5,0.5,True,42
weight_decay,0.001,68,68,28,0.6890239092436704,0.6908935149510701,0.001,64,2,0.3,False,32,75,0.001,0.1,10,5,0.5,True,42
weight_decay,0.001,68,68,29,0.6884901225566864,0.6917550285657247,0.001,64,2,0.3,False,32,75,0.001,0.1,10,5,0.5,True,42
weight_decay,0.001,68,68,30,0.6884188132755684,0.6908021132151286,0.001,64,2,0.3,False,32,75,0.001,0.1,10,5,0.5,True,42
weight_decay,0.001,68,68,31,0.6886086883870038,0.6897692879041036,0.001,64,2,0.3,False,32,75,0.001,0.1,10,5,0.5,True,42
weight_decay,0.001,68,68,32,0.6871278258887205,0.6910879174868266,0.001,64,2,0.3,False,32,75,0.001,0.1,10,5,0.5,True,42
weight_decay,0.001,68,68,33,0.6885366186951146,0.6908781250317891,0.001,64,2,0.3,False,32,75,0.001,0.1,10,5,0.5,True,42
weight_decay,0.001,68,68,34,0.6879341913895174,0.6898690819740295,0.001,64,2,0.3,False,32,75,0.001,0.1,10,5,0.5,True,42
weight_decay,0.001,68,68,35,0.688365716825832,0.6903577129046122,0.001,64,2,0.3,False,32,75,0.001,0.1,10,5,0.5,True,42
weight_decay,0.001,68,68,36,0.6874518141602025,0.6914971629778545,0.001,64,2,0.3,False,32,75,0.001,0.1,10,5,0.5,True,42
weight_decay,0.001,68,68,37,0.6868900480595502,0.6909338116645813,0.001,64,2,0.3,False,32,75,0.001,0.1,10,5,0.5,True,42
weight_decay,0.001,68,68,38,0.6866498133449843,0.6916455944379171,0.001,64,2,0.3,False,32,75,0.001,0.1,10,5,0.5,True,42
weight_decay,0.001,68,68,39,0.6862692182714288,0.6913076122601827,0.001,64,2,0.3,False,32,75,0.001,0.1,10,5,0.5,True,42
weight_decay,0.001,68,68,40,0.6863731534192057,0.6913431366284688,0.001,64,2,0.3,False,32,75,0.001,0.1,10,5,0.5,True,42
weight_decay,0.001,68,68,41,0.6861800876530734,0.6913780927658081,0.001,64,2,0.3,False,32,75,0.001,0.1,10,5,0.5,True,42
weight_decay,0.001,69,69,1,0.6936581925009236,0.6928837855656942,0.001,64,2,0.3,False,32,75,0.001,0.1,10,5,0.5,True,42
weight_decay,0.001,69,69,2,0.6932956088672985,0.6927080273628234,0.001,64,2,0.3,False,32,75,0.001,0.1,10,5,0.5,True,42
weight_decay,0.001,69,69,3,0.6931397314324523,0.692539115746816,0.001,64,2,0.3,False,32,75,0.001,0.1,10,5,0.5,True,42
weight_decay,0.001,69,69,4,0.6927498998967084,0.6917817274729411,0.001,64,2,0.3,False,32,75,0.001,0.1,10,5,0.5,True,42
weight_decay,0.001,69,69,5,0.6929958647850788,0.6924513975779215,0.001,64,2,0.3,False,32,75,0.001,0.1,10,5,0.5,True,42
weight_decay,0.001,69,69,6,0.6927846462437601,0.6921215295791626,0.001,64,2,0.3,False,32,75,0.001,0.1,10,5,0.5,True,42
weight_decay,0.001,69,69,7,0.6926183258042191,0.69247358640035,0.001,64,2,0.3,False,32,75,0.001,0.1,10,5,0.5,True,42
weight_decay,0.001,69,69,8,0.6925067860971797,0.6918893337249756,0.001,64,2,0.3,False,32,75,0.001,0.1,10,5,0.5,True,42
weight_decay,0.001,69,69,9,0.6923793423356432,0.6914124886194865,0.001,64,2,0.3,False,32,75,0.001,0.1,10,5,0.5,True,42
weight_decay,0.001,69,69,10,0.692100907365481,0.6910078684488933,0.001,64,2,0.3,False,32,75,0.001,0.1,10,5,0.5,True,42
weight_decay,0.001,69,69,11,0.6918621627670346,0.6912516991297404,0.001,64,2,0.3,False,32,75,0.001,0.1,10,5,0.5,True,42
weight_decay,0.001,69,69,12,0.691353134133599,0.6901575446128845,0.001,64,2,0.3,False,32,75,0.001,0.1,10,5,0.5,True,42
weight_decay,0.001,69,69,13,0.69205821463556,0.6902471303939819,0.001,64,2,0.3,False,32,75,0.001,0.1,10,5,0.5,True,42
weight_decay,0.001,69,69,14,0.6914383471012115,0.6904325842857361,0.001,64,2,0.3,False,32,75,0.001,0.1,10,5,0.5,True,42
weight_decay,0.001,69,69,15,0.6912966198993452,0.6909243981043498,0.001,64,2,0.3,False,32,75,0.001,0.1,10,5,0.5,True,42
weight_decay,0.001,69,69,16,0.6912111418716835,0.6899416089057923,0.001,64,2,0.3,False,32,75,0.001,0.1,10,5,0.5,True,42
weight_decay,0.001,69,69,17,0.6908647160638463,0.6906325777371725,0.001,64,2,0.3,False,32,75,0.001,0.1,10,5,0.5,True,42
weight_decay,0.001,69,69,18,0.6908326081254266,0.6904206236203512,0.001,64,2,0.3,False,32,75,0.001,0.1,10,5,0.5,True,42
weight_decay,0.001,69,69,19,0.690277951684865,0.6897330085436503,0.001,64,2,0.3,False,32,75,0.001,0.1,10,5,0.5,True,42
weight_decay,0.001,69,69,20,0.6903014332056046,0.6898946324984233,0.001,64,2,0.3,False,32,75,0.001,0.1,10,5,0.5,True,42
weight_decay,0.001,69,69,21,0.6898613454717578,0.6898960789044698,0.001,64,2,0.3,False,32,75,0.001,0.1,10,5,0.5,True,42
weight_decay,0.001,69,69,22,0.6885391184777925,0.6899673859278361,0.001,64,2,0.3,False,32,75,0.001,0.1,10,5,0.5,True,42
weight_decay,0.001,69,69,23,0.690537950757778,0.6915344874064128,0.001,64,2,0.3,False,32,75,0.001,0.1,10,5,0.5,True,42
weight_decay,0.001,69,69,24,0.6902552865671389,0.6896364410718282,0.001,64,2,0.3,False,32,75,0.001,0.1,10,5,0.5,True,42
weight_decay,0.001,69,69,25,0.6895791247035518,0.689886474609375,0.001,64,2,0.3,False,32,75,0.001,0.1,10,5,0.5,True,42
weight_decay,0.001,69,69,26,0.6890781237320467,0.688729711373647,0.001,64,2,0.3,False,32,75,0.001,0.1,10,5,0.5,True,42
weight_decay,0.001,69,69,27,0.6893991520910552,0.6889019012451172,0.001,64,2,0.3,False,32,75,0.001,0.1,10,5,0.5,True,42
weight_decay,0.001,69,69,28,0.6887253604151986,0.6897808670997619,0.001,64,2,0.3,False,32,75,0.001,0.1,10,5,0.5,True,42
weight_decay,0.001,69,69,29,0.6882041096687317,0.6898650964101155,0.001,64,2,0.3,False,32,75,0.001,0.1,10,5,0.5,True,42
weight_decay,0.001,69,69,30,0.688598735314427,0.6898282965024313,0.001,64,2,0.3,False,32,75,0.001,0.1,10,5,0.5,True,42
weight_decay,0.001,69,69,31,0.6874642864321218,0.690677551428477,0.001,64,2,0.3,False,32,75,0.001,0.1,10,5,0.5,True,42
weight_decay,0.001,69,69,32,0.6880137428189769,0.6896868745485941,0.001,64,2,0.3,False,32,75,0.001,0.1,10,5,0.5,True,42
weight_decay,0.001,69,69,33,0.6867973827051393,0.6899508515993754,0.001,64,2,0.3,False,32,75,0.001,0.1,10,5,0.5,True,42
weight_decay,0.001,69,69,34,0.6879315024072473,0.6898936629295349,0.001,64,2,0.3,False,32,75,0.001,0.1,10,5,0.5,True,42
weight_decay,0.001,69,69,35,0.6865965367266627,0.6895515481630962,0.001,64,2,0.3,False,32,75,0.001,0.1,10,5,0.5,True,42
weight_decay,0.001,69,69,36,0.6869475389971877,0.6898105422655741,0.001,64,2,0.3,False,32,75,0.001,0.1,10,5,0.5,True,42
weight_decay,0.001,70,70,1,0.6935418699726914,0.6962281823158264,0.001,64,2,0.3,False,32,75,0.001,0.1,10,5,0.5,True,42
weight_decay,0.001,70,70,2,0.6934459146225092,0.6942187666893005,0.001,64,2,0.3,False,32,75,0.001,0.1,10,5,0.5,True,42
weight_decay,0.001,70,70,3,0.6924634928053076,0.6943654298782349,0.001,64,2,0.3,False,32,75,0.001,0.1,10,5,0.5,True,42
weight_decay,0.001,70,70,4,0.6926376088099047,0.6937270045280457,0.001,64,2,0.3,False,32,75,0.001,0.1,10,5,0.5,True,42
weight_decay,0.001,70,70,5,0.6923281676841505,0.6938392758369446,0.001,64,2,0.3,False,32,75,0.001,0.1,10,5,0.5,True,42
weight_decay,0.001,70,70,6,0.692204474048181,0.693611188729604,0.001,64,2,0.3,False,32,75,0.001,0.1,10,5,0.5,True,42
weight_decay,0.001,70,70,7,0.6919863802013975,0.6935852289199829,0.001,64,2,0.3,False,32,75,0.001,0.1,10,5,0.5,True,42
weight_decay,0.001,70,70,8,0.6910953783627712,0.6935213327407836,0.001,64,2,0.3,False,32,75,0.001,0.1,10,5,0.5,True,42
weight_decay,0.001,70,70,9,0.6910329862977519,0.6935943245887757,0.001,64,2,0.3,False,32,75,0.001,0.1,10,5,0.5,True,42
weight_decay,0.001,70,70,10,0.6909866947116274,0.6934534629185994,0.001,64,2,0.3,False,32,75,0.001,0.1,10,5,0.5,True,42
weight_decay,0.001,70,70,11,0.6914021323124567,0.6933463414510092,0.001,64,2,0.3,False,32,75,0.001,0.1,10,5,0.5,True,42
weight_decay,0.001,70,70,12,0.690668673677878,0.6932108680407206,0.001,64,2,0.3,False,32,75,0.001,0.1,10,5,0.5,True,42
weight_decay,0.001,70,70,13,0.6910470186760931,0.6928725878397624,0.001,64,2,0.3,False,32,75,0.001,0.1,10,5,0.5,True,42
weight_decay,0.001,70,70,14,0.6904149601856867,0.6931768854459127,0.001,64,2,0.3,False,32,75,0.001,0.1,10,5,0.5,True,42
weight_decay,0.001,70,70,15,0.6911974486076471,0.6942279418309529,0.001,64,2,0.3,False,32,75,0.001,0.1,10,5,0.5,True,42
weight_decay,0.001,70,70,16,0.6902510623137156,0.692636779944102,0.001,64,2,0.3,False,32,75,0.001,0.1,10,5,0.5,True,42
weight_decay,0.001,70,70,17,0.6899762081377434,0.6927626093228658,0.001,64,2,0.3,False,32,75,0.001,0.1,10,5,0.5,True,42
weight_decay,0.001,70,70,18,0.690882121071671,0.6925487438837687,0.001,64,2,0.3,False,32,75,0.001,0.1,10,5,0.5,True,42
weight_decay,0.001,70,70,19,0.6914414397694848,0.6933418194452922,0.001,64,2,0.3,False,32,75,0.001,0.1,10,5,0.5,True,42
weight_decay,0.001,70,70,20,0.69011320986531,0.6920445521672567,0.001,64,2,0.3,False,32,75,0.001,0.1,10,5,0.5,True,42
weight_decay,0.001,70,70,21,0.6901340760064848,0.6926963051160177,0.001,64,2,0.3,False,32,75,0.001,0.1,10,5,0.5,True,42
weight_decay,0.001,70,70,22,0.6898247586055235,0.6908431967099508,0.001,64,2,0.3,False,32,75,0.001,0.1,10,5,0.5,True,42
weight_decay,0.001,70,70,23,0.6904715832435724,0.693081279595693,0.001,64,2,0.3,False,32,75,0.001,0.1,10,5,0.5,True,42
weight_decay,0.001,70,70,24,0.6896825071537134,0.6896949211756388,0.001,64,2,0.3,False,32,75,0.001,0.1,10,5,0.5,True,42
weight_decay,0.001,70,70,25,0.6894672820062349,0.6900511384010315,0.001,64,2,0.3,False,32,75,0.001,0.1,10,5,0.5,True,42
weight_decay,0.001,70,70,26,0.6886353122465538,0.689628517627716,0.001,64,2,0.3,False,32,75,0.001,0.1,10,5,0.5,True,42
weight_decay,0.001,70,70,27,0.6883551261641763,0.6932172894477844,0.001,64,2,0.3,False,32,75,0.001,0.1,10,5,0.5,True,42
weight_decay,0.001,70,70,28,0.6888433012998465,0.6885229150454203,0.001,64,2,0.3,False,32,75,0.001,0.1,10,5,0.5,True,42
weight_decay,0.001,70,70,29,0.6886974532495845,0.6903055826822917,0.001,64,2,0.3,False,32,75,0.001,0.1,10,5,0.5,True,42
weight_decay,0.001,70,70,30,0.6883296623374476,0.6878527204195658,0.001,64,2,0.3,False,32,75,0.001,0.1,10,5,0.5,True,42
weight_decay,0.001,70,70,31,0.6888487271287225,0.6883450071016948,0.001,64,2,0.3,False,32,75,0.001,0.1,10,5,0.5,True,42
weight_decay,0.001,70,70,32,0.6888515696381078,0.6898887395858765,0.001,64,2,0.3,False,32,75,0.001,0.1,10,5,0.5,True,42
weight_decay,0.001,70,70,33,0.6880418879516197,0.6902872959772746,0.001,64,2,0.3,False,32,75,0.001,0.1,10,5,0.5,True,42
weight_decay,0.001,70,70,34,0.6869536597620357,0.690899403889974,0.001,64,2,0.3,False,32,75,0.001,0.1,10,5,0.5,True,42
weight_decay,0.001,70,70,35,0.6869623390111056,0.689292315642039,0.001,64,2,0.3,False,32,75,0.001,0.1,10,5,0.5,True,42
weight_decay,0.001,70,70,36,0.6874829318487283,0.6892706195513407,0.001,64,2,0.3,False,32,75,0.001,0.1,10,5,0.5,True,42
weight_decay,0.001,70,70,37,0.6864761809508005,0.6901578982671102,0.001,64,2,0.3,False,32,75,0.001,0.1,10,5,0.5,True,42
weight_decay,0.001,70,70,38,0.6857744328903429,0.6888529141743978,0.001,64,2,0.3,False,32,75,0.001,0.1,10,5,0.5,True,42
weight_decay,0.001,70,70,39,0.6853030251734185,0.6886085549990336,0.001,64,2,0.3,False,32,75,0.001,0.1,10,5,0.5,True,42
weight_decay,0.001,70,70,40,0.6860034718657985,0.688470737139384,0.001,64,2,0.3,False,32,75,0.001,0.1,10,5,0.5,True,42
weight_decay,0.001,71,71,1,0.6939727248567523,0.6941412766774495,0.001,64,2,0.3,False,32,75,0.001,0.1,10,5,0.5,True,42
weight_decay,0.001,71,71,2,0.6928381346391909,0.695786714553833,0.001,64,2,0.3,False,32,75,0.001,0.1,10,5,0.5,True,42
weight_decay,0.001,71,71,3,0.6923925253477964,0.6947263360023499,0.001,64,2,0.3,False,32,75,0.001,0.1,10,5,0.5,True,42
weight_decay,0.001,71,71,4,0.6926036707379601,0.6934741775194804,0.001,64,2,0.3,False,32,75,0.001,0.1,10,5,0.5,True,42
weight_decay,0.001,71,71,5,0.6922875620198973,0.6940220634142558,0.001,64,2,0.3,False,32,75,0.001,0.1,10,5,0.5,True,42
weight_decay,0.001,71,71,6,0.6921261770255638,0.6931650082270304,0.001,64,2,0.3,False,32,75,0.001,0.1,10,5,0.5,True,42
weight_decay,0.001,71,71,7,0.6919868353641394,0.6931106090545655,0.001,64,2,0.3,False,32,75,0.001,0.1,10,5,0.5,True,42
weight_decay,0.001,71,71,8,0.6919941351269231,0.6929545323053996,0.001,64,2,0.3,False,32,75,0.001,0.1,10,5,0.5,True,42
weight_decay,0.001,71,71,9,0.691683782321034,0.6933343489964803,0.001,64,2,0.3,False,32,75,0.001,0.1,10,5,0.5,True,42
weight_decay,0.001,71,71,10,0.6911862131321069,0.6924018899599711,0.001,64,2,0.3,False,32,75,0.001,0.1,10,5,0.5,True,42
weight_decay,0.001,71,71,11,0.6911782206911029,0.6926699916521708,0.001,64,2,0.3,False,32,75,0.001,0.1,10,5,0.5,True,42
weight_decay,0.001,71,71,12,0.6913450992468632,0.6924000819524129,0.001,64,2,0.3,False,32,75,0.001,0.1,10,5,0.5,True,42
weight_decay,0.001,71,71,13,0.691548413399494,0.6925023992856344,0.001,64,2,0.3,False,32,75,0.001,0.1,10,5,0.5,True,42
weight_decay,0.001,71,71,14,0.691201905409495,0.6925915837287903,0.001,64,2,0.3,False,32,75,0.001,0.1,10,5,0.5,True,42
weight_decay,0.001,71,71,15,0.6906997615640814,0.6919484217961629,0.001,64,2,0.3,False,32,75,0.001,0.1,10,5,0.5,True,42
weight_decay,0.001,71,71,16,0.6907794737454617,0.6919116775194804,0.001,64,2,0.3,False,32,75,0.001,0.1,10,5,0.5,True,42
weight_decay,0.001,71,71,17,0.6908829740502618,0.6933705766995748,0.001,64,2,0.3,False,32,75,0.001,0.1,10,5,0.5,True,42
weight_decay,0.001,71,71,18,0.6903445829044689,0.6919491251309713,0.001,64,2,0.3,False,32,75,0.001,0.1,10,5,0.5,True,42
weight_decay,0.001,71,71,19,0.6905822049487721,0.691810933748881,0.001,64,2,0.3,False,32,75,0.001,0.1,10,5,0.5,True,42
weight_decay,0.001,71,71,20,0.6909788449605306,0.6912420113881429,0.001,64,2,0.3,False,32,75,0.001,0.1,10,5,0.5,True,42
weight_decay,0.001,71,71,21,0.6904256235469471,0.6909913619359335,0.001,64,2,0.3,False,32,75,0.001,0.1,10,5,0.5,True,42
weight_decay,0.001,71,71,22,0.6906460645523939,0.6910122394561767,0.001,64,2,0.3,False,32,75,0.001,0.1,10,5,0.5,True,42
weight_decay,0.001,71,71,23,0.689891101736011,0.6912855386734009,0.001,64,2,0.3,False,32,75,0.001,0.1,10,5,0.5,True,42
weight_decay,0.001,71,71,24,0.6910114405733166,0.6912912885348003,0.001,64,2,0.3,False,32,75,0.001,0.1,10,5,0.5,True,42
weight_decay,0.001,71,71,25,0.6897767131978815,0.6901829242706299,0.001,64,2,0.3,False,32,75,0.001,0.1,10,5,0.5,True,42
weight_decay,0.001,71,71,26,0.6901473199779337,0.6904444416364034,0.001,64,2,0.3,False,32,75,0.001,0.1,10,5,0.5,True,42
weight_decay,0.001,71,71,27,0.6898365860635584,0.6896343429883321,0.001,64,2,0.3,False,32,75,0.001,0.1,10,5,0.5,True,42
weight_decay,0.001,71,71,28,0.6893454442421595,0.6902134458223979,0.001,64,2,0.3,False,32,75,0.001,0.1,10,5,0.5,True,42
weight_decay,0.001,71,71,29,0.6896408538926732,0.6897527535756429,0.001,64,2,0.3,False,32,75,0.001,0.1,10,5,0.5,True,42
weight_decay,0.001,71,71,30,0.6887063122156895,0.6887729008992513,0.001,64,2,0.3,False,32,75,0.001,0.1,10,5,0.5,True,42
weight_decay,0.001,71,71,31,0.6891314771139261,0.6893312652905782,0.001,64,2,0.3,False,32,75,0.001,0.1,10,5,0.5,True,42
weight_decay,0.001,71,71,32,0.6892256217472481,0.6896078149477641,0.001,64,2,0.3,False,32,75,0.001,0.1,10,5,0.5,True,42
weight_decay,0.001,71,71,33,0.6889906792026578,0.6901418209075928,0.001,64,2,0.3,False,32,75,0.001,0.1,10,5,0.5,True,42
weight_decay,0.001,71,71,34,0.688551049340855,0.6911824345588684,0.001,64,2,0.3,False,32,75,0.001,0.1,10,5,0.5,True,42
weight_decay,0.001,71,71,35,0.6884163559386225,0.689569350083669,0.001,64,2,0.3,False,32,75,0.001,0.1,10,5,0.5,True,42
weight_decay,0.001,71,71,36,0.6885888314608372,0.6898499886194865,0.001,64,2,0.3,False,32,75,0.001,0.1,10,5,0.5,True,42
weight_decay,0.001,71,71,37,0.687053157524629,0.6888904174168905,0.001,64,2,0.3,False,32,75,0.001,0.1,10,5,0.5,True,42
weight_decay,0.001,71,71,38,0.6855607208880511,0.6883249878883362,0.001,64,2,0.3,False,32,75,0.001,0.1,10,5,0.5,True,42
weight_decay,0.001,71,71,39,0.6869605215209903,0.6892016728719076,0.001,64,2,0.3,False,32,75,0.001,0.1,10,5,0.5,True,42
weight_decay,0.001,71,71,40,0.6869004544886675,0.6893542925516765,0.001,64,2,0.3,False,32,75,0.001,0.1,10,5,0.5,True,42
weight_decay,0.001,71,71,41,0.6865055786840843,0.6890937566757203,0.001,64,2,0.3,False,32,75,0.001,0.1,10,5,0.5,True,42
weight_decay,0.001,71,71,42,0.685218196926695,0.6893688122431437,0.001,64,2,0.3,False,32,75,0.001,0.1,10,5,0.5,True,42
weight_decay,0.001,71,71,43,0.686011455727346,0.6890955924987793,0.001,64,2,0.3,False,32,75,0.001,0.1,10,5,0.5,True,42
weight_decay,0.001,71,71,44,0.6848969653700338,0.6894832173983256,0.001,64,2,0.3,False,32,75,0.001,0.1,10,5,0.5,True,42
weight_decay,0.001,71,71,45,0.6848815652457151,0.6892907977104187,0.001,64,2,0.3,False,32,75,0.001,0.1,10,5,0.5,True,42
weight_decay,0.001,71,71,46,0.6844431310892105,0.6895391503969829,0.001,64,2,0.3,False,32,75,0.001,0.1,10,5,0.5,True,42
weight_decay,0.001,71,71,47,0.6842209367137967,0.6898024797439575,0.001,64,2,0.3,False,32,75,0.001,0.1,10,5,0.5,True,42
weight_decay,0.001,71,71,48,0.6838015868808284,0.6896116654078166,0.001,64,2,0.3,False,32,75,0.001,0.1,10,5,0.5,True,42
weight_decay,0.001,72,72,1,0.6933200499325087,0.6947116573651632,0.001,64,2,0.3,False,32,75,0.001,0.1,10,5,0.5,True,42
weight_decay,0.001,72,72,2,0.6928429495204579,0.6939651290575664,0.001,64,2,0.3,False,32,75,0.001,0.1,10,5,0.5,True,42
weight_decay,0.001,72,72,3,0.6925978218064164,0.6943880955378214,0.001,64,2,0.3,False,32,75,0.001,0.1,10,5,0.5,True,42
weight_decay,0.001,72,72,4,0.6922958348736619,0.6939640363057454,0.001,64,2,0.3,False,32,75,0.001,0.1,10,5,0.5,True,42
weight_decay,0.001,72,72,5,0.6918507281577948,0.6951905488967896,0.001,64,2,0.3,False,32,75,0.001,0.1,10,5,0.5,True,42
weight_decay,0.001,72,72,6,0.6916118602861058,0.6941045840581258,0.001,64,2,0.3,False,32,75,0.001,0.1,10,5,0.5,True,42
weight_decay,0.001,72,72,7,0.6919209383653872,0.6935708483060201,0.001,64,2,0.3,False,32,75,0.001,0.1,10,5,0.5,True,42
weight_decay,0.001,72,72,8,0.6915235998052539,0.694066830476125,0.001,64,2,0.3,False,32,75,0.001,0.1,10,5,0.5,True,42
weight_decay,0.001,72,72,9,0.6911793996890386,0.6928487698237101,0.001,64,2,0.3,False,32,75,0.001,0.1,10,5,0.5,True,42
weight_decay,0.001,72,72,10,0.6910021011576508,0.6928998311360677,0.001,64,2,0.3,False,32,75,0.001,0.1,10,5,0.5,True,42
weight_decay,0.001,72,72,11,0.6911083432761106,0.6927547375361125,0.001,64,2,0.3,False,32,75,0.001,0.1,10,5,0.5,True,42
weight_decay,0.001,72,72,12,0.6911452615802939,0.6928804238637288,0.001,64,2,0.3,False,32,75,0.001,0.1,10,5,0.5,True,42
weight_decay,0.001,72,72,13,0.6910769822019519,0.6926976124445597,0.001,64,2,0.3,False,32,75,0.001,0.1,10,5,0.5,True,42
weight_decay,0.001,72,72,14,0.6905403394590724,0.6925916552543641,0.001,64,2,0.3,False,32,75,0.001,0.1,10,5,0.5,True,42
weight_decay,0.001,72,72,15,0.690570978955789,0.6927165548006694,0.001,64,2,0.3,False,32,75,0.001,0.1,10,5,0.5,True,42
weight_decay,0.001,72,72,16,0.6903238707419598,0.6917762517929077,0.001,64,2,0.3,False,32,75,0.001,0.1,10,5,0.5,True,42
weight_decay,0.001,72,72,17,0.6902849728410895,0.6921774943669637,0.001,64,2,0.3,False,32,75,0.001,0.1,10,5,0.5,True,42
weight_decay,0.001,72,72,18,0.6887028506307891,0.6921678026517232,0.001,64,2,0.3,False,32,75,0.001,0.1,10,5,0.5,True,42
weight_decay,0.001,72,72,19,0.6894786655902863,0.6922082980473836,0.001,64,2,0.3,False,32,75,0.001,0.1,10,5,0.5,True,42
weight_decay,0.001,72,72,20,0.6899806283640139,0.6928924282391866,0.001,64,2,0.3,False,32,75,0.001,0.1,10,5,0.5,True,42
weight_decay,0.001,72,72,21,0.690106450156732,0.6926211516062418,0.001,64,2,0.3,False,32,75,0.001,0.1,10,5,0.5,True,42
weight_decay,0.001,72,72,22,0.6903971614259662,0.691148579120636,0.001,64,2,0.3,False,32,75,0.001,0.1,10,5,0.5,True,42
weight_decay,0.001,72,72,23,0.6901684565977617,0.6914874831835429,0.001,64,2,0.3,False,32,75,0.001,0.1,10,5,0.5,True,42
weight_decay,0.001,72,72,24,0.6900077584114942,0.6912587364514668,0.001,64,2,0.3,False,32,75,0.001,0.1,10,5,0.5,True,42
weight_decay,0.001,72,72,25,0.6895205374016906,0.6914951006571451,0.001,64,2,0.3,False,32,75,0.001,0.1,10,5,0.5,True,42
weight_decay,0.001,72,72,26,0.689670768199545,0.6916042804718018,0.001,64,2,0.3,False,32,75,0.001,0.1,10,5,0.5,True,42
weight_decay,0.001,72,72,27,0.6898100073590423,0.6903600891431173,0.001,64,2,0.3,False,32,75,0.001,0.1,10,5,0.5,True,42
weight_decay,0.001,72,72,28,0.6901606357458866,0.6912151535352071,0.001,64,2,0.3,False,32,75,0.001,0.1,10,5,0.5,True,42
weight_decay,0.001,72,72,29,0.6900816302407872,0.6905953486760458,0.001,64,2,0.3,False,32,75,0.001,0.1,10,5,0.5,True,42
weight_decay,0.001,72,72,30,0.6891512956583139,0.6905721306800843,0.001,64,2,0.3,False,32,75,0.001,0.1,10,5,0.5,True,42
weight_decay,0.001,72,72,31,0.6887244085470835,0.6904407858848571,0.001,64,2,0.3,False,32,75,0.001,0.1,10,5,0.5,True,42
weight_decay,0.001,72,72,32,0.6892626357801033,0.6906609495480855,0.001,64,2,0.3,False,32,75,0.001,0.1,10,5,0.5,True,42
weight_decay,0.001,72,72,33,0.6891316748929747,0.6907105088233948,0.001,64,2,0.3,False,32,75,0.001,0.1,10,5,0.5,True,42
weight_decay,0.001,72,72,34,0.6891550150784579,0.6904076735178629,0.001,64,2,0.3,False,32,75,0.001,0.1,10,5,0.5,True,42
weight_decay,0.001,72,72,35,0.6881379354180712,0.6896609743436177,0.001,64,2,0.3,False,32,75,0.001,0.1,10,5,0.5,True,42
weight_decay,0.001,72,72,36,0.6874272493701993,0.6894204020500183,0.001,64,2,0.3,False,32,75,0.001,0.1,10,5,0.5,True,42
weight_decay,0.001,72,72,37,0.6885396373091321,0.6899768710136414,0.001,64,2,0.3,False,32,75,0.001,0.1,10,5,0.5,True,42
weight_decay,0.001,72,72,38,0.6884274825905309,0.6897154331207276,0.001,64,2,0.3,False,32,75,0.001,0.1,10,5,0.5,True,42
weight_decay,0.001,72,72,39,0.687670600233656,0.6893187959988912,0.001,64,2,0.3,False,32,75,0.001,0.1,10,5,0.5,True,42
weight_decay,0.001,72,72,40,0.6871607791293751,0.6889835278193156,0.001,64,2,0.3,False,32,75,0.001,0.1,10,5,0.5,True,42
weight_decay,0.001,72,72,41,0.6881722469221462,0.6890093008677165,0.001,64,2,0.3,False,32,75,0.001,0.1,10,5,0.5,True,42
weight_decay,0.001,72,72,42,0.6878999896121748,0.6894520481427511,0.001,64,2,0.3,False,32,75,0.001,0.1,10,5,0.5,True,42
weight_decay,0.001,72,72,43,0.6874170565243923,0.6895668625831604,0.001,64,2,0.3,False,32,75,0.001,0.1,10,5,0.5,True,42
weight_decay,0.001,72,72,44,0.6878136983423522,0.6891005555788676,0.001,64,2,0.3,False,32,75,0.001,0.1,10,5,0.5,True,42
weight_decay,0.001,72,72,45,0.6868253399928411,0.6894781470298768,0.001,64,2,0.3,False,32,75,0.001,0.1,10,5,0.5,True,42
weight_decay,0.001,72,72,46,0.6870395748904257,0.6889995416005452,0.001,64,2,0.3,False,32,75,0.001,0.1,10,5,0.5,True,42
weight_decay,0.001,72,72,47,0.6858794327938196,0.688773798942566,0.001,64,2,0.3,False,32,75,0.001,0.1,10,5,0.5,True,42
weight_decay,0.001,72,72,48,0.6856584007089789,0.6882877826690674,0.001,64,2,0.3,False,32,75,0.001,0.1,10,5,0.5,True,42
weight_decay,0.001,72,72,49,0.6866218655398397,0.6884319464365641,0.001,64,2,0.3,False,32,75,0.001,0.1,10,5,0.5,True,42
weight_decay,0.001,72,72,50,0.6865749770041668,0.6886105060577392,0.001,64,2,0.3,False,32,75,0.001,0.1,10,5,0.5,True,42
weight_decay,0.001,72,72,51,0.6865549909346031,0.688621445496877,0.001,64,2,0.3,False,32,75,0.001,0.1,10,5,0.5,True,42
weight_decay,0.001,72,72,52,0.6870851056142286,0.688392440478007,0.001,64,2,0.3,False,32,75,0.001,0.1,10,5,0.5,True,42
weight_decay,0.001,72,72,53,0.6854501912991205,0.6883106430371603,0.001,64,2,0.3,False,32,75,0.001,0.1,10,5,0.5,True,42
weight_decay,0.001,72,72,54,0.6850688760027741,0.6883270700772604,0.001,64,2,0.3,False,32,75,0.001,0.1,10,5,0.5,True,42
weight_decay,0.001,72,72,55,0.685743434862657,0.6883036295572916,0.001,64,2,0.3,False,32,75,0.001,0.1,10,5,0.5,True,42
weight_decay,0.001,72,72,56,0.6853737144759207,0.6883565187454224,0.001,64,2,0.3,False,32,75,0.001,0.1,10,5,0.5,True,42
weight_decay,0.001,72,72,57,0.6861262077634985,0.6883614460627238,0.001,64,2,0.3,False,32,75,0.001,0.1,10,5,0.5,True,42
weight_decay,0.001,72,72,58,0.6855525509877638,0.6882107098897298,0.001,64,2,0.3,False,32,75,0.001,0.1,10,5,0.5,True,42
weight_decay,0.001,72,72,59,0.6852366332754944,0.6881054441134135,0.001,64,2,0.3,False,32,75,0.001,0.1,10,5,0.5,True,42
weight_decay,0.001,72,72,60,0.6857765822699575,0.6881190697352092,0.001,64,2,0.3,False,32,75,0.001,0.1,10,5,0.5,True,42
weight_decay,0.001,72,72,61,0.6851015817938428,0.6881354769070943,0.001,64,2,0.3,False,32,75,0.001,0.1,10,5,0.5,True,42
weight_decay,0.001,72,72,62,0.6857751196984089,0.6882129788398743,0.001,64,2,0.3,False,32,75,0.001,0.1,10,5,0.5,True,42
weight_decay,0.001,72,72,63,0.6852793232961134,0.6882389545440674,0.001,64,2,0.3,False,32,75,0.001,0.1,10,5,0.5,True,42
weight_decay,0.001,72,72,64,0.6847897641586534,0.6882246255874633,0.001,64,2,0.3,False,32,75,0.001,0.1,10,5,0.5,True,42
weight_decay,0.001,72,72,65,0.6837014998450424,0.6883701721827189,0.001,64,2,0.3,False,32,75,0.001,0.1,10,5,0.5,True,42
weight_decay,0.001,72,72,66,0.6846594110582814,0.6882881760597229,0.001,64,2,0.3,False,32,75,0.001,0.1,10,5,0.5,True,42
weight_decay,0.001,72,72,67,0.6845771936756192,0.6881702860196431,0.001,64,2,0.3,False,32,75,0.001,0.1,10,5,0.5,True,42
weight_decay,0.001,72,72,68,0.684946206482974,0.6881571809450785,0.001,64,2,0.3,False,32,75,0.001,0.1,10,5,0.5,True,42
weight_decay,0.001,72,72,69,0.6844806842731707,0.688186240196228,0.001,64,2,0.3,False,32,75,0.001,0.1,10,5,0.5,True,42
weight_decay,0.001,73,73,1,0.6935146125880155,0.6934173305829366,0.001,64,2,0.3,False,32,75,0.001,0.1,10,5,0.5,True,42
weight_decay,0.001,73,73,2,0.6930704640619683,0.6930374542872111,0.001,64,2,0.3,False,32,75,0.001,0.1,10,5,0.5,True,42
weight_decay,0.001,73,73,3,0.6933933541630254,0.6922096411387125,0.001,64,2,0.3,False,32,75,0.001,0.1,10,5,0.5,True,42
weight_decay,0.001,73,73,4,0.6918915103782307,0.6917367299397786,0.001,64,2,0.3,False,32,75,0.001,0.1,10,5,0.5,True,42
weight_decay,0.001,73,73,5,0.6920933741511721,0.6916503469149272,0.001,64,2,0.3,False,32,75,0.001,0.1,10,5,0.5,True,42
weight_decay,0.001,73,73,6,0.6922092577724746,0.6920509656270345,0.001,64,2,0.3,False,32,75,0.001,0.1,10,5,0.5,True,42
weight_decay,0.001,73,73,7,0.6915098451303713,0.691642677783966,0.001,64,2,0.3,False,32,75,0.001,0.1,10,5,0.5,True,42
weight_decay,0.001,73,73,8,0.6904918465650443,0.6934897383054097,0.001,64,2,0.3,False,32,75,0.001,0.1,10,5,0.5,True,42
weight_decay,0.001,73,73,9,0.691362921035651,0.6910289525985718,0.001,64,2,0.3,False,32,75,0.001,0.1,10,5,0.5,True,42
weight_decay,0.001,73,73,10,0.689667051488703,0.6915629665056865,0.001,64,2,0.3,False,32,75,0.001,0.1,10,5,0.5,True,42
weight_decay,0.001,73,73,11,0.6904476032112584,0.6911794384320576,0.001,64,2,0.3,False,32,75,0.001,0.1,10,5,0.5,True,42
weight_decay,0.001,73,73,12,0.6902821520061204,0.6915388186772664,0.001,64,2,0.3,False,32,75,0.001,0.1,10,5,0.5,True,42
weight_decay,0.001,73,73,13,0.6896749938076193,0.6910144527753194,0.001,64,2,0.3,False,32,75,0.001,0.1,10,5,0.5,True,42
weight_decay,0.001,73,73,14,0.6895481212572618,0.6914463877677918,0.001,64,2,0.3,False,32,75,0.001,0.1,10,5,0.5,True,42
weight_decay,0.001,73,73,15,0.6892687998937838,0.6920214295387268,0.001,64,2,0.3,False,32,75,0.001,0.1,10,5,0.5,True,42
weight_decay,0.001,73,73,16,0.6875145701747952,0.6915530840555827,0.001,64,2,0.3,False,32,75,0.001,0.1,10,5,0.5,True,42
weight_decay,0.001,73,73,17,0.6874679810169971,0.6921645959218343,0.001,64,2,0.3,False,32,75,0.001,0.1,10,5,0.5,True,42
weight_decay,0.001,73,73,18,0.6867161668611296,0.6922380566596985,0.001,64,2,0.3,False,32,75,0.001,0.1,10,5,0.5,True,42
weight_decay,0.001,73,73,19,0.6863713129000231,0.692998731136322,0.001,64,2,0.3,False,32,75,0.001,0.1,10,5,0.5,True,42
weight_decay,0.001,73,73,20,0.6865128793499686,0.6930726408958435,0.001,64,2,0.3,False,32,75,0.001,0.1,10,5,0.5,True,42
weight_decay,0.001,73,73,21,0.6850317463730321,0.6948752323786418,0.001,64,2,0.3,False,32,75,0.001,0.1,10,5,0.5,True,42
weight_decay,0.001,73,73,22,0.685235831322092,0.6943799495697022,0.001,64,2,0.3,False,32,75,0.001,0.1,10,5,0.5,True,42
weight_decay,0.001,73,73,23,0.6845573462320097,0.6947655042012533,0.001,64,2,0.3,False,32,75,0.001,0.1,10,5,0.5,True,42
weight_decay,0.001,74,74,1,0.6938426462989865,0.6931052088737488,0.001,64,2,0.3,False,32,75,0.001,0.1,10,5,0.5,True,42
weight_decay,0.001,74,74,2,0.6932867485465426,0.692472533384959,0.001,64,2,0.3,False,32,75,0.001,0.1,10,5,0.5,True,42
weight_decay,0.001,74,74,3,0.692756431572365,0.6918635845184327,0.001,64,2,0.3,False,32,75,0.001,0.1,10,5,0.5,True,42
weight_decay,0.001,74,74,4,0.6928034916971669,0.692038094997406,0.001,64,2,0.3,False,32,75,0.001,0.1,10,5,0.5,True,42
weight_decay,0.001,74,74,5,0.6928815326907418,0.6920074025789896,0.001,64,2,0.3,False,32,75,0.001,0.1,10,5,0.5,True,42
weight_decay,0.001,74,74,6,0.6930952315980737,0.6915269255638122,0.001,64,2,0.3,False,32,75,0.001,0.1,10,5,0.5,True,42
weight_decay,0.001,74,74,7,0.6922335376342138,0.6913590987523397,0.001,64,2,0.3,False,32,75,0.001,0.1,10,5,0.5,True,42
weight_decay,0.001,74,74,8,0.6915295991030607,0.6935909350713094,0.001,64,2,0.3,False,32,75,0.001,0.1,10,5,0.5,True,42
weight_decay,0.001,74,74,9,0.6921042443224878,0.6911676168441773,0.001,64,2,0.3,False,32,75,0.001,0.1,10,5,0.5,True,42
weight_decay,0.001,74,74,10,0.6916865620649222,0.6902679443359375,0.001,64,2,0.3,False,32,75,0.001,0.1,10,5,0.5,True,42
weight_decay,0.001,74,74,11,0.6921779689463702,0.6907565236091614,0.001,64,2,0.3,False,32,75,0.001,0.1,10,5,0.5,True,42
weight_decay,0.001,74,74,12,0.6908833041335597,0.6898512840270996,0.001,64,2,0.3,False,32,75,0.001,0.1,10,5,0.5,True,42
weight_decay,0.001,74,74,13,0.6905078517668175,0.6898420333862305,0.001,64,2,0.3,False,32,75,0.001,0.1,10,5,0.5,True,42
weight_decay,0.001,74,74,14,0.6910073409477869,0.6892536123593648,0.001,64,2,0.3,False,32,75,0.001,0.1,10,5,0.5,True,42
weight_decay,0.001,74,74,15,0.6906561530900724,0.6912442684173584,0.001,64,2,0.3,False,32,75,0.001,0.1,10,5,0.5,True,42
weight_decay,0.001,74,74,16,0.6901807256720283,0.6903514345486959,0.001,64,2,0.3,False,32,75,0.001,0.1,10,5,0.5,True,42
weight_decay,0.001,74,74,17,0.6909104901732821,0.6897320111592611,0.001,64,2,0.3,False,32,75,0.001,0.1,10,5,0.5,True,42
weight_decay,0.001,74,74,18,0.6901850722955934,0.6899351398150126,0.001,64,2,0.3,False,32,75,0.001,0.1,10,5,0.5,True,42
weight_decay,0.001,74,74,19,0.6890913094535018,0.6906338651974996,0.001,64,2,0.3,False,32,75,0.001,0.1,10,5,0.5,True,42
weight_decay,0.001,74,74,20,0.6889369117491173,0.6894029219945271,0.001,64,2,0.3,False,32,75,0.001,0.1,10,5,0.5,True,42
weight_decay,0.001,74,74,21,0.688155316493728,0.6888961553573608,0.001,64,2,0.3,False,32,75,0.001,0.1,10,5,0.5,True,42
weight_decay,0.001,74,74,22,0.6874013245105743,0.6901186625162761,0.001,64,2,0.3,False,32,75,0.001,0.1,10,5,0.5,True,42
weight_decay,0.001,74,74,23,0.6872932522585897,0.689541757106781,0.001,64,2,0.3,False,32,75,0.001,0.1,10,5,0.5,True,42
weight_decay,0.001,74,74,24,0.6869854069117344,0.6899616320927938,0.001,64,2,0.3,False,32,75,0.001,0.1,10,5,0.5,True,42
weight_decay,0.001,74,74,25,0.6872339600866492,0.690190867582957,0.001,64,2,0.3,False,32,75,0.001,0.1,10,5,0.5,True,42
weight_decay,0.001,74,74,26,0.6864433238903681,0.6888034502665202,0.001,64,2,0.3,False,32,75,0.001,0.1,10,5,0.5,True,42
weight_decay,0.001,74,74,27,0.6858846667138013,0.6897359410921733,0.001,64,2,0.3,False,32,75,0.001,0.1,10,5,0.5,True,42
weight_decay,0.001,74,74,28,0.6865728461381161,0.6899622718493144,0.001,64,2,0.3,False,32,75,0.001,0.1,10,5,0.5,True,42
weight_decay,0.001,74,74,29,0.6853969950567592,0.6895633379618327,0.001,64,2,0.3,False,32,75,0.001,0.1,10,5,0.5,True,42
weight_decay,0.001,74,74,30,0.6859367453690731,0.6893333792686462,0.001,64,2,0.3,False,32,75,0.001,0.1,10,5,0.5,True,42
weight_decay,0.001,74,74,31,0.6862494430758737,0.6894864439964294,0.001,64,2,0.3,False,32,75,0.001,0.1,10,5,0.5,True,42
weight_decay,0.001,74,74,32,0.6857599661205754,0.690109912554423,0.001,64,2,0.3,False,32,75,0.001,0.1,10,5,0.5,True,42
weight_decay,0.001,74,74,33,0.6847941712899641,0.68993954261144,0.001,64,2,0.3,False,32,75,0.001,0.1,10,5,0.5,True,42
weight_decay,0.001,74,74,34,0.684985615087278,0.6896847486495972,0.001,64,2,0.3,False,32,75,0.001,0.1,10,5,0.5,True,42
weight_decay,0.001,74,74,35,0.6839167249925209,0.6901067892710367,0.001,64,2,0.3,False,32,75,0.001,0.1,10,5,0.5,True,42
weight_decay,0.001,74,74,36,0.6844420478199468,0.6897837082544963,0.001,64,2,0.3,False,32,75,0.001,0.1,10,5,0.5,True,42
weight_decay,0.001,75,75,1,0.6933152318903895,0.6941871841748556,0.001,64,2,0.3,False,32,75,0.001,0.1,10,5,0.5,True,42
weight_decay,0.001,75,75,2,0.6927605045564247,0.6934210340181987,0.001,64,2,0.3,False,32,75,0.001,0.1,10,5,0.5,True,42
weight_decay,0.001,75,75,3,0.6919282119382512,0.6938216288884481,0.001,64,2,0.3,False,32,75,0.001,0.1,10,5,0.5,True,42
weight_decay,0.001,75,75,4,0.6926362166802088,0.6929638306299846,0.001,64,2,0.3,False,32,75,0.001,0.1,10,5,0.5,True,42
weight_decay,0.001,75,75,5,0.6921094800486709,0.6926483631134033,0.001,64,2,0.3,False,32,75,0.001,0.1,10,5,0.5,True,42
weight_decay,0.001,75,75,6,0.6922706934538755,0.6921662807464599,0.001,64,2,0.3,False,32,75,0.001,0.1,10,5,0.5,True,42
weight_decay,0.001,75,75,7,0.6922285683227308,0.6925885796546936,0.001,64,2,0.3,False,32,75,0.001,0.1,10,5,0.5,True,42
weight_decay,0.001,75,75,8,0.6913377963232271,0.6922667900721232,0.001,64,2,0.3,False,32,75,0.001,0.1,10,5,0.5,True,42
weight_decay,0.001,75,75,9,0.6911291547796943,0.6924999833106995,0.001,64,2,0.3,False,32,75,0.001,0.1,10,5,0.5,True,42
weight_decay,0.001,75,75,10,0.6909523064439947,0.6931644201278686,0.001,64,2,0.3,False,32,75,0.001,0.1,10,5,0.5,True,42
weight_decay,0.001,75,75,11,0.690667832439596,0.6935167709986368,0.001,64,2,0.3,False,32,75,0.001,0.1,10,5,0.5,True,42
weight_decay,0.001,75,75,12,0.6905757829998479,0.6928781151771546,0.001,64,2,0.3,False,32,75,0.001,0.1,10,5,0.5,True,42
weight_decay,0.001,75,75,13,0.6900324144146659,0.692913810412089,0.001,64,2,0.3,False,32,75,0.001,0.1,10,5,0.5,True,42
weight_decay,0.001,75,75,14,0.6888239785577311,0.6925341924031575,0.001,64,2,0.3,False,32,75,0.001,0.1,10,5,0.5,True,42
weight_decay,0.001,75,75,15,0.6897964635581681,0.6931862155596415,0.001,64,2,0.3,False,32,75,0.001,0.1,10,5,0.5,True,42
weight_decay,0.001,75,75,16,0.6885804114016619,0.6932901938756307,0.001,64,2,0.3,False,32,75,0.001,0.1,10,5,0.5,True,42
weight_decay,0.001,76,76,1,0.6935988506584456,0.6926168044408162,0.001,64,2,0.3,False,32,75,0.001,0.1,10,5,0.5,True,42
weight_decay,0.001,76,76,2,0.6935577117132418,0.6921077013015747,0.001,64,2,0.3,False,32,75,0.001,0.1,10,5,0.5,True,42
weight_decay,0.001,76,76,3,0.6931053300698599,0.6922749876976013,0.001,64,2,0.3,False,32,75,0.001,0.1,10,5,0.5,True,42
weight_decay,0.001,76,76,4,0.6921101636958845,0.6923191507657369,0.001,64,2,0.3,False,32,75,0.001,0.1,10,5,0.5,True,42
weight_decay,0.001,76,76,5,0.6920800886370919,0.6916616241137187,0.001,64,2,0.3,False,32,75,0.001,0.1,10,5,0.5,True,42
weight_decay,0.001,76,76,6,0.6919213154099204,0.6913696924845377,0.001,64,2,0.3,False,32,75,0.001,0.1,10,5,0.5,True,42
weight_decay,0.001,76,76,7,0.6910614294536186,0.6913987517356872,0.001,64,2,0.3,False,32,75,0.001,0.1,10,5,0.5,True,42
weight_decay,0.001,76,76,8,0.6910243811029376,0.6911853313446045,0.001,64,2,0.3,False,32,75,0.001,0.1,10,5,0.5,True,42
weight_decay,0.001,76,76,9,0.6901381973064307,0.6916438221931458,0.001,64,2,0.3,False,32,75,0.001,0.1,10,5,0.5,True,42
weight_decay,0.001,76,76,10,0.6905781495751757,0.6912392616271973,0.001,64,2,0.3,False,32,75,0.001,0.1,10,5,0.5,True,42
weight_decay,0.001,76,76,11,0.6909539356376185,0.6912347594896953,0.001,64,2,0.3,False,32,75,0.001,0.1,10,5,0.5,True,42
weight_decay,0.001,76,76,12,0.6900707149144375,0.6904039700826009,0.001,64,2,0.3,False,32,75,0.001,0.1,10,5,0.5,True,42
weight_decay,0.001,76,76,13,0.689245144977714,0.6909339984258016,0.001,64,2,0.3,False,32,75,0.001,0.1,10,5,0.5,True,42
weight_decay,0.001,76,76,14,0.6888794054587682,0.691044807434082,0.001,64,2,0.3,False,32,75,0.001,0.1,10,5,0.5,True,42
weight_decay,0.001,76,76,15,0.6895974246841489,0.6908754189809163,0.001,64,2,0.3,False,32,75,0.001,0.1,10,5,0.5,True,42
weight_decay,0.001,76,76,16,0.6878179221442251,0.6907120625178019,0.001,64,2,0.3,False,32,75,0.001,0.1,10,5,0.5,True,42
weight_decay,0.001,76,76,17,0.6894030692902479,0.6914779424667359,0.001,64,2,0.3,False,32,75,0.001,0.1,10,5,0.5,True,42
weight_decay,0.001,76,76,18,0.6885320693254471,0.6915866533915201,0.001,64,2,0.3,False,32,75,0.001,0.1,10,5,0.5,True,42
weight_decay,0.001,76,76,19,0.6880136895360369,0.6915729403495788,0.001,64,2,0.3,False,32,75,0.001,0.1,10,5,0.5,True,42
weight_decay,0.001,76,76,20,0.6863012851187678,0.6926347494125367,0.001,64,2,0.3,False,32,75,0.001,0.1,10,5,0.5,True,42
weight_decay,0.001,76,76,21,0.6868773911035422,0.6926549553871155,0.001,64,2,0.3,False,32,75,0.001,0.1,10,5,0.5,True,42
weight_decay,0.001,76,76,22,0.6871572520696756,0.692620845635732,0.001,64,2,0.3,False,32,75,0.001,0.1,10,5,0.5,True,42
weight_decay,0.001,77,77,1,0.6933017178918376,0.6935597101847331,0.001,64,2,0.3,False,32,75,0.001,0.1,10,5,0.5,True,42
weight_decay,0.001,77,77,2,0.6931015971032056,0.693297024567922,0.001,64,2,0.3,False,32,75,0.001,0.1,10,5,0.5,True,42
weight_decay,0.001,77,77,3,0.6928422062685995,0.6933796167373657,0.001,64,2,0.3,False,32,75,0.001,0.1,10,5,0.5,True,42
weight_decay,0.001,77,77,4,0.692223793629444,0.6937169432640076,0.001,64,2,0.3,False,32,75,0.001,0.1,10,5,0.5,True,42
weight_decay,0.001,77,77,5,0.6921881577282241,0.6925534804662069,0.001,64,2,0.3,False,32,75,0.001,0.1,10,5,0.5,True,42
weight_decay,0.001,77,77,6,0.6917406993381905,0.6929811954498291,0.001,64,2,0.3,False,32,75,0.001,0.1,10,5,0.5,True,42
weight_decay,0.001,77,77,7,0.6912885565649379,0.6921748479207357,0.001,64,2,0.3,False,32,75,0.001,0.1,10,5,0.5,True,42
weight_decay,0.001,77,77,8,0.6915663236921484,0.6933319807052613,0.001,64,2,0.3,False,32,75,0.001,0.1,10,5,0.5,True,42
weight_decay,0.001,77,77,9,0.6908229914578524,0.6925653497378031,0.001,64,2,0.3,False,32,75,0.001,0.1,10,5,0.5,True,42
weight_decay,0.001,77,77,10,0.6906585621111321,0.6924070278803508,0.001,64,2,0.3,False,32,75,0.001,0.1,10,5,0.5,True,42
weight_decay,0.001,77,77,11,0.6907527500932867,0.6933465878168742,0.001,64,2,0.3,False,32,75,0.001,0.1,10,5,0.5,True,42
weight_decay,0.001,77,77,12,0.6902214835087458,0.6930815776189169,0.001,64,2,0.3,False,32,75,0.001,0.1,10,5,0.5,True,42
weight_decay,0.001,77,77,13,0.690323914993893,0.6925844033559163,0.001,64,2,0.3,False,32,75,0.001,0.1,10,5,0.5,True,42
weight_decay,0.001,77,77,14,0.6895497621911945,0.6922913511594136,0.001,64,2,0.3,False,32,75,0.001,0.1,10,5,0.5,True,42
weight_decay,0.001,77,77,15,0.6885371483636625,0.6925108154614766,0.001,64,2,0.3,False,32,75,0.001,0.1,10,5,0.5,True,42
weight_decay,0.001,77,77,16,0.6886959504900556,0.6927781144777934,0.001,64,2,0.3,False,32,75,0.001,0.1,10,5,0.5,True,42
weight_decay,0.001,77,77,17,0.6888913178082668,0.6929297327995301,0.001,64,2,0.3,False,32,75,0.001,0.1,10,5,0.5,True,42
weight_decay,0.001,78,78,1,0.6930623203516006,0.692096491654714,0.001,64,2,0.3,False,32,75,0.001,0.1,10,5,0.5,True,42
weight_decay,0.001,78,78,2,0.692988956064889,0.6923952301343282,0.001,64,2,0.3,False,32,75,0.001,0.1,10,5,0.5,True,42
weight_decay,0.001,78,78,3,0.6929826275868849,0.6922147353490193,0.001,64,2,0.3,False,32,75,0.001,0.1,10,5,0.5,True,42
weight_decay,0.001,78,78,4,0.6927660771391608,0.6919353326161702,0.001,64,2,0.3,False,32,75,0.001,0.1,10,5,0.5,True,42
weight_decay,0.001,78,78,5,0.6920349232175134,0.6925001621246338,0.001,64,2,0.3,False,32,75,0.001,0.1,10,5,0.5,True,42
weight_decay,0.001,78,78,6,0.6915628733960065,0.6922856370608012,0.001,64,2,0.3,False,32,75,0.001,0.1,10,5,0.5,True,42
weight_decay,0.001,78,78,7,0.6920204970872763,0.6918002327283224,0.001,64,2,0.3,False,32,75,0.001,0.1,10,5,0.5,True,42
weight_decay,0.001,78,78,8,0.6919134196006891,0.6920614242553711,0.001,64,2,0.3,False,32,75,0.001,0.1,10,5,0.5,True,42
weight_decay,0.001,78,78,9,0.6901632592533574,0.6931348164876302,0.001,64,2,0.3,False,32,75,0.001,0.1,10,5,0.5,True,42
weight_decay,0.001,78,78,10,0.6909636737722339,0.6921911597251892,0.001,64,2,0.3,False,32,75,0.001,0.1,10,5,0.5,True,42
weight_decay,0.001,78,78,11,0.6905440177881357,0.6921885927518209,0.001,64,2,0.3,False,32,75,0.001,0.1,10,5,0.5,True,42
weight_decay,0.001,78,78,12,0.6902980628338727,0.6922133406003316,0.001,64,2,0.3,False,32,75,0.001,0.1,10,5,0.5,True,42
weight_decay,0.001,78,78,13,0.6899728246710517,0.6929882963498434,0.001,64,2,0.3,False,32,75,0.001,0.1,10,5,0.5,True,42
weight_decay,0.001,78,78,14,0.6887342929840088,0.6927858312924703,0.001,64,2,0.3,False,32,75,0.001,0.1,10,5,0.5,True,42
weight_decay,0.001,78,78,15,0.688751681284471,0.692873768011729,0.001,64,2,0.3,False,32,75,0.001,0.1,10,5,0.5,True,42
weight_decay,0.001,78,78,16,0.6886552472909292,0.6932375272115071,0.001,64,2,0.3,False,32,75,0.001,0.1,10,5,0.5,True,42
weight_decay,0.001,78,78,17,0.6881257182720936,0.6938497265179951,0.001,64,2,0.3,False,32,75,0.001,0.1,10,5,0.5,True,42
weight_decay,0.001,79,79,1,0.6938967469966772,0.6932233452796936,0.001,64,2,0.3,False,32,75,0.001,0.1,10,5,0.5,True,42
weight_decay,0.001,79,79,2,0.693103135083661,0.6932372768719991,0.001,64,2,0.3,False,32,75,0.001,0.1,10,5,0.5,True,42
weight_decay,0.001,79,79,3,0.6925324883424875,0.6925294756889343,0.001,64,2,0.3,False,32,75,0.001,0.1,10,5,0.5,True,42
weight_decay,0.001,79,79,4,0.6921611486962347,0.6930438915888468,0.001,64,2,0.3,False,32,75,0.001,0.1,10,5,0.5,True,42
weight_decay,0.001,79,79,5,0.6917637211806846,0.6924272139867147,0.001,64,2,0.3,False,32,75,0.001,0.1,10,5,0.5,True,42
weight_decay,0.001,79,79,6,0.6914865139758948,0.6930550813674927,0.001,64,2,0.3,False,32,75,0.001,0.1,10,5,0.5,True,42
weight_decay,0.001,79,79,7,0.6911821645317655,0.6930758436520894,0.001,64,2,0.3,False,32,75,0.001,0.1,10,5,0.5,True,42
weight_decay,0.001,79,79,8,0.6909110379038435,0.692639414469401,0.001,64,2,0.3,False,32,75,0.001,0.1,10,5,0.5,True,42
weight_decay,0.001,79,79,9,0.6908534747181516,0.6916946967442831,0.001,64,2,0.3,False,32,75,0.001,0.1,10,5,0.5,True,42
weight_decay,0.001,79,79,10,0.6903278421271931,0.6932281653086344,0.001,64,2,0.3,False,32,75,0.001,0.1,10,5,0.5,True,42
weight_decay,0.001,79,79,11,0.690319175973083,0.6937296628952027,0.001,64,2,0.3,False,32,75,0.001,0.1,10,5,0.5,True,42
weight_decay,0.001,79,79,12,0.6900699996587002,0.6919143080711365,0.001,64,2,0.3,False,32,75,0.001,0.1,10,5,0.5,True,42
weight_decay,0.001,79,79,13,0.6897225054827604,0.6928166190783183,0.001,64,2,0.3,False,32,75,0.001,0.1,10,5,0.5,True,42
weight_decay,0.001,79,79,14,0.6893401958725669,0.6916446407636007,0.001,64,2,0.3,False,32,75,0.001,0.1,10,5,0.5,True,42
weight_decay,0.001,79,79,15,0.6895292866410632,0.6935010751088461,0.001,64,2,0.3,False,32,75,0.001,0.1,10,5,0.5,True,42
weight_decay,0.001,79,79,16,0.6884520311247219,0.6925803025563558,0.001,64,2,0.3,False,32,75,0.001,0.1,10,5,0.5,True,42
weight_decay,0.001,79,79,17,0.6881884828661428,0.6922583977381388,0.001,64,2,0.3,False,32,75,0.001,0.1,10,5,0.5,True,42
weight_decay,0.001,79,79,18,0.6876768424655452,0.6946728547414144,0.001,64,2,0.3,False,32,75,0.001,0.1,10,5,0.5,True,42
weight_decay,0.001,79,79,19,0.687474036307046,0.6940942684809367,0.001,64,2,0.3,False,32,75,0.001,0.1,10,5,0.5,True,42
weight_decay,0.001,79,79,20,0.6877474495858857,0.6951414982477824,0.001,64,2,0.3,False,32,75,0.001,0.1,10,5,0.5,True,42
weight_decay,0.001,79,79,21,0.6864885647188533,0.6945778528849283,0.001,64,2,0.3,False,32,75,0.001,0.1,10,5,0.5,True,42
weight_decay,0.001,79,79,22,0.6864476890274973,0.6946345845858256,0.001,64,2,0.3,False,32,75,0.001,0.1,10,5,0.5,True,42
weight_decay,0.001,79,79,23,0.6858686497717192,0.6943374752998352,0.001,64,2,0.3,False,32,75,0.001,0.1,10,5,0.5,True,42
weight_decay,0.001,79,79,24,0.6866145720987609,0.6947289784749349,0.001,64,2,0.3,False,32,75,0.001,0.1,10,5,0.5,True,42
weight_decay,0.001,80,80,1,0.693110726999514,0.6923033118247985,0.001,64,2,0.3,False,32,75,0.001,0.1,10,5,0.5,True,42
weight_decay,0.001,80,80,2,0.6932393985264229,0.6928149938583374,0.001,64,2,0.3,False,32,75,0.001,0.1,10,5,0.5,True,42
weight_decay,0.001,80,80,3,0.6931182033184803,0.6927507956822713,0.001,64,2,0.3,False,32,75,0.001,0.1,10,5,0.5,True,42
weight_decay,0.001,80,80,4,0.6922859648863474,0.6916115999221801,0.001,64,2,0.3,False,32,75,0.001,0.1,10,5,0.5,True,42
weight_decay,0.001,80,80,5,0.6924825577121793,0.691480835278829,0.001,64,2,0.3,False,32,75,0.001,0.1,10,5,0.5,True,42
weight_decay,0.001,80,80,6,0.6921091635118831,0.691960608959198,0.001,64,2,0.3,False,32,75,0.001,0.1,10,5,0.5,True,42
weight_decay,0.001,80,80,7,0.6917631544850089,0.6918569366137187,0.001,64,2,0.3,False,32,75,0.001,0.1,10,5,0.5,True,42
weight_decay,0.001,80,80,8,0.6917821737852964,0.6917630791664123,0.001,64,2,0.3,False,32,75,0.001,0.1,10,5,0.5,True,42
weight_decay,0.001,80,80,9,0.6909221753929601,0.6917355060577393,0.001,64,2,0.3,False,32,75,0.001,0.1,10,5,0.5,True,42
weight_decay,0.001,80,80,10,0.691662352645036,0.691672162214915,0.001,64,2,0.3,False,32,75,0.001,0.1,10,5,0.5,True,42
weight_decay,0.001,80,80,11,0.6904887417049119,0.6920297503471374,0.001,64,2,0.3,False,32,75,0.001,0.1,10,5,0.5,True,42
weight_decay,0.001,80,80,12,0.6899072157614159,0.6918210705121358,0.001,64,2,0.3,False,32,75,0.001,0.1,10,5,0.5,True,42
weight_decay,0.001,80,80,13,0.6902579471017375,0.6919382532437642,0.001,64,2,0.3,False,32,75,0.001,0.1,10,5,0.5,True,42
weight_decay,0.001,80,80,14,0.6896073407295978,0.6925015568733215,0.001,64,2,0.3,False,32,75,0.001,0.1,10,5,0.5,True,42
weight_decay,0.001,80,80,15,0.6884510295860695,0.692436957359314,0.001,64,2,0.3,False,32,75,0.001,0.1,10,5,0.5,True,42
weight_decay,0.001,81,81,1,0.693820599805225,0.69378236134847,0.001,64,2,0.3,False,32,75,0.001,0.1,10,5,0.5,True,42
weight_decay,0.001,81,81,2,0.6927983237035347,0.6928305745124816,0.001,64,2,0.3,False,32,75,0.001,0.1,10,5,0.5,True,42
weight_decay,0.001,81,81,3,0.6928888965736736,0.6930134892463684,0.001,64,2,0.3,False,32,75,0.001,0.1,10,5,0.5,True,42
weight_decay,0.001,81,81,4,0.6927269769437385,0.6924689372380575,0.001,64,2,0.3,False,32,75,0.001,0.1,10,5,0.5,True,42
weight_decay,0.001,81,81,5,0.6921004937453703,0.6934728622436523,0.001,64,2,0.3,False,32,75,0.001,0.1,10,5,0.5,True,42
weight_decay,0.001,81,81,6,0.6923172916426803,0.6925626754760742,0.001,64,2,0.3,False,32,75,0.001,0.1,10,5,0.5,True,42
weight_decay,0.001,81,81,7,0.6922808406930981,0.6918139735857646,0.001,64,2,0.3,False,32,75,0.001,0.1,10,5,0.5,True,42
weight_decay,0.001,81,81,8,0.6918056471781298,0.6918858329455058,0.001,64,2,0.3,False,32,75,0.001,0.1,10,5,0.5,True,42
weight_decay,0.001,81,81,9,0.6920869675549594,0.6915414810180665,0.001,64,2,0.3,False,32,75,0.001,0.1,10,5,0.5,True,42
weight_decay,0.001,81,81,10,0.6918193670836362,0.6919137597084045,0.001,64,2,0.3,False,32,75,0.001,0.1,10,5,0.5,True,42
weight_decay,0.001,81,81,11,0.6914051789225955,0.691481371720632,0.001,64,2,0.3,False,32,75,0.001,0.1,10,5,0.5,True,42
weight_decay,0.001,81,81,12,0.6913227055108908,0.6905350486437479,0.001,64,2,0.3,False,32,75,0.001,0.1,10,5,0.5,True,42
weight_decay,0.001,81,81,13,0.690711929491072,0.6910380363464356,0.001,64,2,0.3,False,32,75,0.001,0.1,10,5,0.5,True,42
weight_decay,0.001,81,81,14,0.6910738218011279,0.690585732460022,0.001,64,2,0.3,False,32,75,0.001,0.1,10,5,0.5,True,42
weight_decay,0.001,81,81,15,0.6908832025347333,0.6904117902119954,0.001,64,2,0.3,False,32,75,0.001,0.1,10,5,0.5,True,42
weight_decay,0.001,81,81,16,0.6908190516811429,0.6902276754379273,0.001,64,2,0.3,False,32,75,0.001,0.1,10,5,0.5,True,42
weight_decay,0.001,81,81,17,0.6907589480732427,0.6900106390317281,0.001,64,2,0.3,False,32,75,0.001,0.1,10,5,0.5,True,42
weight_decay,0.001,81,81,18,0.6906902898441661,0.6900144696235657,0.001,64,2,0.3,False,32,75,0.001,0.1,10,5,0.5,True,42
weight_decay,0.001,81,81,19,0.6904009083906809,0.6896382212638855,0.001,64,2,0.3,False,32,75,0.001,0.1,10,5,0.5,True,42
weight_decay,0.001,81,81,20,0.6903081834316254,0.689921760559082,0.001,64,2,0.3,False,32,75,0.001,0.1,10,5,0.5,True,42
weight_decay,0.001,81,81,21,0.6904573837916056,0.690699569384257,0.001,64,2,0.3,False,32,75,0.001,0.1,10,5,0.5,True,42
weight_decay,0.001,81,81,22,0.6904695530732473,0.6894145051638285,0.001,64,2,0.3,False,32,75,0.001,0.1,10,5,0.5,True,42
weight_decay,0.001,81,81,23,0.6907193800716689,0.69218670129776,0.001,64,2,0.3,False,32,75,0.001,0.1,10,5,0.5,True,42
weight_decay,0.001,81,81,24,0.6901396729729392,0.6888491034507751,0.001,64,2,0.3,False,32,75,0.001,0.1,10,5,0.5,True,42
weight_decay,0.001,81,81,25,0.68984643889196,0.6887165864308675,0.001,64,2,0.3,False,32,75,0.001,0.1,10,5,0.5,True,42
weight_decay,0.001,81,81,26,0.6897271781256704,0.6882886290550232,0.001,64,2,0.3,False,32,75,0.001,0.1,10,5,0.5,True,42
weight_decay,0.001,81,81,27,0.689733903967973,0.6882745901743571,0.001,64,2,0.3,False,32,75,0.001,0.1,10,5,0.5,True,42
weight_decay,0.001,81,81,28,0.689425605264577,0.6873470743497213,0.001,64,2,0.3,False,32,75,0.001,0.1,10,5,0.5,True,42
weight_decay,0.001,81,81,29,0.6898438772468856,0.6879918535550436,0.001,64,2,0.3,False,32,75,0.001,0.1,10,5,0.5,True,42
weight_decay,0.001,81,81,30,0.6897299772862232,0.6869202693303426,0.001,64,2,0.3,False,32,75,0.001,0.1,10,5,0.5,True,42
weight_decay,0.001,81,81,31,0.6902300164555059,0.6883718689282735,0.001,64,2,0.3,False,32,75,0.001,0.1,10,5,0.5,True,42
weight_decay,0.001,81,81,32,0.689886595715176,0.6881628314654032,0.001,64,2,0.3,False,32,75,0.001,0.1,10,5,0.5,True,42
weight_decay,0.001,81,81,33,0.6896121899286906,0.6878238916397095,0.001,64,2,0.3,False,32,75,0.001,0.1,10,5,0.5,True,42
weight_decay,0.001,81,81,34,0.6891258173819744,0.6877502640088399,0.001,64,2,0.3,False,32,75,0.001,0.1,10,5,0.5,True,42
weight_decay,0.001,81,81,35,0.6889592643940088,0.6877668539683024,0.001,64,2,0.3,False,32,75,0.001,0.1,10,5,0.5,True,42
weight_decay,0.001,81,81,36,0.6895697970281948,0.6874897162119548,0.001,64,2,0.3,False,32,75,0.001,0.1,10,5,0.5,True,42
weight_decay,0.001,81,81,37,0.6888591024008665,0.6868880947430929,0.001,64,2,0.3,False,32,75,0.001,0.1,10,5,0.5,True,42
weight_decay,0.001,81,81,38,0.6877456935066165,0.6874890804290772,0.001,64,2,0.3,False,32,75,0.001,0.1,10,5,0.5,True,42
weight_decay,0.001,81,81,39,0.6885659337946863,0.6863009532292684,0.001,64,2,0.3,False,32,75,0.001,0.1,10,5,0.5,True,42
weight_decay,0.001,81,81,40,0.6882474210226175,0.6859944383303325,0.001,64,2,0.3,False,32,75,0.001,0.1,10,5,0.5,True,42
weight_decay,0.001,81,81,41,0.6884161378398086,0.686470627784729,0.001,64,2,0.3,False,32,75,0.001,0.1,10,5,0.5,True,42
weight_decay,0.001,81,81,42,0.6879384964704514,0.685740609963735,0.001,64,2,0.3,False,32,75,0.001,0.1,10,5,0.5,True,42
weight_decay,0.001,81,81,43,0.6889890206582618,0.685312275091807,0.001,64,2,0.3,False,32,75,0.001,0.1,10,5,0.5,True,42
weight_decay,0.001,81,81,44,0.6885527476216807,0.6865717609723408,0.001,64,2,0.3,False,32,75,0.001,0.1,10,5,0.5,True,42
weight_decay,0.001,81,81,45,0.6886263033657363,0.6856214125951131,0.001,64,2,0.3,False,32,75,0.001,0.1,10,5,0.5,True,42
weight_decay,0.001,81,81,46,0.6888096206115953,0.6855008999506632,0.001,64,2,0.3,False,32,75,0.001,0.1,10,5,0.5,True,42
weight_decay,0.001,81,81,47,0.6870560411250952,0.6849349101384481,0.001,64,2,0.3,False,32,75,0.001,0.1,10,5,0.5,True,42
weight_decay,0.001,81,81,48,0.687387642083746,0.6845228791236877,0.001,64,2,0.3,False,32,75,0.001,0.1,10,5,0.5,True,42
weight_decay,0.001,81,81,49,0.6877909654920752,0.6851980884869894,0.001,64,2,0.3,False,32,75,0.001,0.1,10,5,0.5,True,42
weight_decay,0.001,81,81,50,0.6879449969891346,0.6851786812146504,0.001,64,2,0.3,False,32,75,0.001,0.1,10,5,0.5,True,42
weight_decay,0.001,81,81,51,0.6878805851394479,0.6856302857398987,0.001,64,2,0.3,False,32,75,0.001,0.1,10,5,0.5,True,42
weight_decay,0.001,81,81,52,0.688178656227661,0.6852162718772888,0.001,64,2,0.3,False,32,75,0.001,0.1,10,5,0.5,True,42
weight_decay,0.001,81,81,53,0.6883024388190472,0.6860353151957194,0.001,64,2,0.3,False,32,75,0.001,0.1,10,5,0.5,True,42
weight_decay,0.001,81,81,54,0.6871394058971694,0.6856274485588074,0.001,64,2,0.3,False,32,75,0.001,0.1,10,5,0.5,True,42
weight_decay,0.001,81,81,55,0.6870726884314509,0.6855012734731039,0.001,64,2,0.3,False,32,75,0.001,0.1,10,5,0.5,True,42
weight_decay,0.001,81,81,56,0.6866121296629761,0.6854623397191365,0.001,64,2,0.3,False,32,75,0.001,0.1,10,5,0.5,True,42
weight_decay,0.001,81,81,57,0.6862727746819005,0.6855254968007406,0.001,64,2,0.3,False,32,75,0.001,0.1,10,5,0.5,True,42
weight_decay,0.001,81,81,58,0.6856923017537955,0.6848083972930908,0.001,64,2,0.3,False,32,75,0.001,0.1,10,5,0.5,True,42
weight_decay,0.001,82,82,1,0.693907539952885,0.6937401056289673,0.001,64,2,0.3,False,32,75,0.001,0.1,10,5,0.5,True,42
weight_decay,0.001,82,82,2,0.6930470340179674,0.6924755096435546,0.001,64,2,0.3,False,32,75,0.001,0.1,10,5,0.5,True,42
weight_decay,0.001,82,82,3,0.6929689311619961,0.6923141082127889,0.001,64,2,0.3,False,32,75,0.001,0.1,10,5,0.5,True,42
weight_decay,0.001,82,82,4,0.6928716965697028,0.6925453901290893,0.001,64,2,0.3,False,32,75,0.001,0.1,10,5,0.5,True,42
weight_decay,0.001,82,82,5,0.6922670891790679,0.6920787572860718,0.001,64,2,0.3,False,32,75,0.001,0.1,10,5,0.5,True,42
weight_decay,0.001,82,82,6,0.6918531850431905,0.6919903079668681,0.001,64,2,0.3,False,32,75,0.001,0.1,10,5,0.5,True,42
weight_decay,0.001,82,82,7,0.6922726215738239,0.6918211181958517,0.001,64,2,0.3,False,32,75,0.001,0.1,10,5,0.5,True,42
weight_decay,0.001,82,82,8,0.6916039170640887,0.6918100635210673,0.001,64,2,0.3,False,32,75,0.001,0.1,10,5,0.5,True,42
weight_decay,0.001,82,82,9,0.6912467570015879,0.6916566212972005,0.001,64,2,0.3,False,32,75,0.001,0.1,10,5,0.5,True,42
weight_decay,0.001,82,82,10,0.6917052973400463,0.6920921842257182,0.001,64,2,0.3,False,32,75,0.001,0.1,10,5,0.5,True,42
weight_decay,0.001,82,82,11,0.6907752621354479,0.6920668641726176,0.001,64,2,0.3,False,32,75,0.001,0.1,10,5,0.5,True,42
weight_decay,0.001,82,82,12,0.6907996404351611,0.6923494656880697,0.001,64,2,0.3,False,32,75,0.001,0.1,10,5,0.5,True,42
weight_decay,0.001,82,82,13,0.690509275505037,0.6934657136599223,0.001,64,2,0.3,False,32,75,0.001,0.1,10,5,0.5,True,42
weight_decay,0.001,82,82,14,0.6901444919181593,0.6926361242930095,0.001,64,2,0.3,False,32,75,0.001,0.1,10,5,0.5,True,42
weight_decay,0.001,82,82,15,0.690188113487128,0.6918286363283793,0.001,64,2,0.3,False,32,75,0.001,0.1,10,5,0.5,True,42
weight_decay,0.001,82,82,16,0.6890607729102626,0.692768931388855,0.001,64,2,0.3,False,32,75,0.001,0.1,10,5,0.5,True,42
weight_decay,0.001,82,82,17,0.6890606279626037,0.6929526686668396,0.001,64,2,0.3,False,32,75,0.001,0.1,10,5,0.5,True,42
weight_decay,0.001,82,82,18,0.6885480524012537,0.6928194284439086,0.001,64,2,0.3,False,32,75,0.001,0.1,10,5,0.5,True,42
weight_decay,0.001,82,82,19,0.6892122626304626,0.6926622192064921,0.001,64,2,0.3,False,32,75,0.001,0.1,10,5,0.5,True,42
weight_decay,0.001,83,83,1,0.6941818680727121,0.6934095184008281,0.001,64,2,0.3,False,32,75,0.001,0.1,10,5,0.5,True,42
weight_decay,0.001,83,83,2,0.6933495582956256,0.6943306922912598,0.001,64,2,0.3,False,32,75,0.001,0.1,10,5,0.5,True,42
weight_decay,0.001,83,83,3,0.6924144368280064,0.6947950085004171,0.001,64,2,0.3,False,32,75,0.001,0.1,10,5,0.5,True,42
weight_decay,0.001,83,83,4,0.6921006612705461,0.6934849580128988,0.001,64,2,0.3,False,32,75,0.001,0.1,10,5,0.5,True,42
weight_decay,0.001,83,83,5,0.6918543924887975,0.6949465473492941,0.001,64,2,0.3,False,32,75,0.001,0.1,10,5,0.5,True,42
weight_decay,0.001,83,83,6,0.6915583425399029,0.6942792932192484,0.001,64,2,0.3,False,32,75,0.001,0.1,10,5,0.5,True,42
weight_decay,0.001,83,83,7,0.6918607363195131,0.6929758270581563,0.001,64,2,0.3,False,32,75,0.001,0.1,10,5,0.5,True,42
weight_decay,0.001,83,83,8,0.6915887002692078,0.6955560564994812,0.001,64,2,0.3,False,32,75,0.001,0.1,10,5,0.5,True,42
weight_decay,0.001,83,83,9,0.6910622774651556,0.6966691533724467,0.001,64,2,0.3,False,32,75,0.001,0.1,10,5,0.5,True,42
weight_decay,0.001,83,83,10,0.6910827873331128,0.6922714789708455,0.001,64,2,0.3,False,32,75,0.001,0.1,10,5,0.5,True,42
weight_decay,0.001,83,83,11,0.6904604042118246,0.6933305064837137,0.001,64,2,0.3,False,32,75,0.001,0.1,10,5,0.5,True,42
weight_decay,0.001,83,83,12,0.6903448235807996,0.6937935034434001,0.001,64,2,0.3,False,32,75,0.001,0.1,10,5,0.5,True,42
weight_decay,0.001,83,83,13,0.6890801141659418,0.6929517785708109,0.001,64,2,0.3,False,32,75,0.001,0.1,10,5,0.5,True,42
weight_decay,0.001,83,83,14,0.6895260034185468,0.693071703116099,0.001,64,2,0.3,False,32,75,0.001,0.1,10,5,0.5,True,42
weight_decay,0.001,83,83,15,0.6890974031253294,0.6917050282160441,0.001,64,2,0.3,False,32,75,0.001,0.1,10,5,0.5,True,42
weight_decay,0.001,83,83,16,0.6882272019530787,0.6921678384145101,0.001,64,2,0.3,False,32,75,0.001,0.1,10,5,0.5,True,42
weight_decay,0.001,83,83,17,0.6892537131454005,0.6923428217569987,0.001,64,2,0.3,False,32,75,0.001,0.1,10,5,0.5,True,42
weight_decay,0.001,83,83,18,0.6885046904737299,0.6941196958223979,0.001,64,2,0.3,False,32,75,0.001,0.1,10,5,0.5,True,42
weight_decay,0.001,83,83,19,0.6880447223330989,0.6911275386810303,0.001,64,2,0.3,False,32,75,0.001,0.1,10,5,0.5,True,42
weight_decay,0.001,83,83,20,0.6879924002921942,0.6946036100387574,0.001,64,2,0.3,False,32,75,0.001,0.1,10,5,0.5,True,42
weight_decay,0.001,83,83,21,0.6879047864314282,0.6926065405209859,0.001,64,2,0.3,False,32,75,0.001,0.1,10,5,0.5,True,42
weight_decay,0.001,83,83,22,0.6881141450368997,0.6940921862920125,0.001,64,2,0.3,False,32,75,0.001,0.1,10,5,0.5,True,42
weight_decay,0.001,83,83,23,0.6874092591531349,0.6946529110272726,0.001,64,2,0.3,False,32,75,0.001,0.1,10,5,0.5,True,42
weight_decay,0.001,83,83,24,0.6871717648975777,0.6930939594904582,0.001,64,2,0.3,False,32,75,0.001,0.1,10,5,0.5,True,42
weight_decay,0.001,83,83,25,0.6880761737173254,0.6930016120274861,0.001,64,2,0.3,False,32,75,0.001,0.1,10,5,0.5,True,42
weight_decay,0.001,83,83,26,0.6861689379720977,0.691814911365509,0.001,64,2,0.3,False,32,75,0.001,0.1,10,5,0.5,True,42
weight_decay,0.001,83,83,27,0.684737740592523,0.6929747064908346,0.001,64,2,0.3,False,32,75,0.001,0.1,10,5,0.5,True,42
weight_decay,0.001,83,83,28,0.6853125009572867,0.6920183897018433,0.001,64,2,0.3,False,32,75,0.001,0.1,10,5,0.5,True,42
weight_decay,0.001,83,83,29,0.685385856664542,0.691420316696167,0.001,64,2,0.3,False,32,75,0.001,0.1,10,5,0.5,True,42
weight_decay,0.001,84,84,1,0.6937658691948111,0.6934374729792278,0.001,64,2,0.3,False,32,75,0.001,0.1,10,5,0.5,True,42
weight_decay,0.001,84,84,2,0.693043748086149,0.6930396517117818,0.001,64,2,0.3,False,32,75,0.001,0.1,10,5,0.5,True,42
weight_decay,0.001,84,84,3,0.692819415619879,0.6930545369784037,0.001,64,2,0.3,False,32,75,0.001,0.1,10,5,0.5,True,42
weight_decay,0.001,84,84,4,0.6925774063124801,0.6930350065231323,0.001,64,2,0.3,False,32,75,0.001,0.1,10,5,0.5,True,42
weight_decay,0.001,84,84,5,0.6919638338414106,0.6933809757232666,0.001,64,2,0.3,False,32,75,0.001,0.1,10,5,0.5,True,42
weight_decay,0.001,84,84,6,0.6920916627753865,0.6932720502217611,0.001,64,2,0.3,False,32,75,0.001,0.1,10,5,0.5,True,42
weight_decay,0.001,84,84,7,0.6913801499388434,0.6928432822227478,0.001,64,2,0.3,False,32,75,0.001,0.1,10,5,0.5,True,42
weight_decay,0.001,84,84,8,0.6917052178671865,0.6927925030390422,0.001,64,2,0.3,False,32,75,0.001,0.1,10,5,0.5,True,42
weight_decay,0.001,84,84,9,0.6912660734219984,0.6929341554641724,0.001,64,2,0.3,False,32,75,0.001,0.1,10,5,0.5,True,42
weight_decay,0.001,84,84,10,0.6901113047744288,0.6926652987798055,0.001,64,2,0.3,False,32,75,0.001,0.1,10,5,0.5,True,42
weight_decay,0.001,84,84,11,0.6903547960700411,0.6931754986445109,0.001,64,2,0.3,False,32,75,0.001,0.1,10,5,0.5,True,42
weight_decay,0.001,84,84,12,0.6899472122842615,0.695322056611379,0.001,64,2,0.3,False,32,75,0.001,0.1,10,5,0.5,True,42
weight_decay,0.001,84,84,13,0.6897010735490106,0.6931252996126811,0.001,64,2,0.3,False,32,75,0.001,0.1,10,5,0.5,True,42
weight_decay,0.001,84,84,14,0.6894617640610897,0.6930019736289978,0.001,64,2,0.3,False,32,75,0.001,0.1,10,5,0.5,True,42
weight_decay,0.001,84,84,15,0.6906115453351628,0.6929447491963704,0.001,64,2,0.3,False,32,75,0.001,0.1,10,5,0.5,True,42
weight_decay,0.001,84,84,16,0.6899571360060663,0.6929624478022257,0.001,64,2,0.3,False,32,75,0.001,0.1,10,5,0.5,True,42
weight_decay,0.001,84,84,17,0.6898207181330883,0.6928830107053121,0.001,64,2,0.3,False,32,75,0.001,0.1,10,5,0.5,True,42
weight_decay,0.001,84,84,18,0.6885447619539319,0.6929282546043396,0.001,64,2,0.3,False,32,75,0.001,0.1,10,5,0.5,True,42
weight_decay,0.001,84,84,19,0.6885479968605619,0.6927465796470642,0.001,64,2,0.3,False,32,75,0.001,0.1,10,5,0.5,True,42
weight_decay,0.001,84,84,20,0.6876036606051705,0.6936761736869812,0.001,64,2,0.3,False,32,75,0.001,0.1,10,5,0.5,True,42
weight_decay,0.001,85,85,1,0.6944578479636799,0.6936033089955648,0.001,64,2,0.3,False,32,75,0.001,0.1,10,5,0.5,True,42
weight_decay,0.001,85,85,2,0.6929637600075115,0.6932316939036052,0.001,64,2,0.3,False,32,75,0.001,0.1,10,5,0.5,True,42
weight_decay,0.001,85,85,3,0.6930767889275695,0.6940041025479634,0.001,64,2,0.3,False,32,75,0.001,0.1,10,5,0.5,True,42
weight_decay,0.001,85,85,4,0.69246360253204,0.692936917146047,0.001,64,2,0.3,False,32,75,0.001,0.1,10,5,0.5,True,42
weight_decay,0.001,85,85,5,0.6916949514186743,0.6926178415616353,0.001,64,2,0.3,False,32,75,0.001,0.1,10,5,0.5,True,42
weight_decay,0.001,85,85,6,0.6920148509018349,0.6924326936403911,0.001,64,2,0.3,False,32,75,0.001,0.1,10,5,0.5,True,42
weight_decay,0.001,85,85,7,0.6920947071277734,0.6919862230618795,0.001,64,2,0.3,False,32,75,0.001,0.1,10,5,0.5,True,42
weight_decay,0.001,85,85,8,0.6914277573426565,0.691776450475057,0.001,64,2,0.3,False,32,75,0.001,0.1,10,5,0.5,True,42
weight_decay,0.001,85,85,9,0.691080262263616,0.6909895817438761,0.001,64,2,0.3,False,32,75,0.001,0.1,10,5,0.5,True,42
weight_decay,0.001,85,85,10,0.6915683362520102,0.6916397213935852,0.001,64,2,0.3,False,32,75,0.001,0.1,10,5,0.5,True,42
weight_decay,0.001,85,85,11,0.6902460103685205,0.6916803081830343,0.001,64,2,0.3,False,32,75,0.001,0.1,10,5,0.5,True,42
weight_decay,0.001,85,85,12,0.6906103505329653,0.6909092585245769,0.001,64,2,0.3,False,32,75,0.001,0.1,10,5,0.5,True,42
weight_decay,0.001,85,85,13,0.6900210172841044,0.6911929249763489,0.001,64,2,0.3,False,32,75,0.001,0.1,10,5,0.5,True,42
weight_decay,0.001,85,85,14,0.6890128887060917,0.6929191708564758,0.001,64,2,0.3,False,32,75,0.001,0.1,10,5,0.5,True,42
weight_decay,0.001,85,85,15,0.6888265438152082,0.6903168638547261,0.001,64,2,0.3,False,32,75,0.001,0.1,10,5,0.5,True,42
weight_decay,0.001,85,85,16,0.689100187384721,0.6920647899309794,0.001,64,2,0.3,False,32,75,0.001,0.1,10,5,0.5,True,42
weight_decay,0.001,85,85,17,0.6893433684652502,0.689892029762268,0.001,64,2,0.3,False,32,75,0.001,0.1,10,5,0.5,True,42
weight_decay,0.001,85,85,18,0.6892063997008584,0.6911409338315327,0.001,64,2,0.3,False,32,75,0.001,0.1,10,5,0.5,True,42
weight_decay,0.001,85,85,19,0.6886963054086223,0.6921452005704244,0.001,64,2,0.3,False,32,75,0.001,0.1,10,5,0.5,True,42
weight_decay,0.001,85,85,20,0.6878552007855792,0.6898921608924866,0.001,64,2,0.3,False,32,75,0.001,0.1,10,5,0.5,True,42
weight_decay,0.001,85,85,21,0.6880511749874462,0.6914174596468607,0.001,64,2,0.3,False,32,75,0.001,0.1,10,5,0.5,True,42
weight_decay,0.001,85,85,22,0.6867688393050974,0.6915985902150472,0.001,64,2,0.3,False,32,75,0.001,0.1,10,5,0.5,True,42
weight_decay,0.001,85,85,23,0.6867295462976802,0.6954244494438171,0.001,64,2,0.3,False,32,75,0.001,0.1,10,5,0.5,True,42
weight_decay,0.001,85,85,24,0.6857574202797629,0.6921544114748637,0.001,64,2,0.3,False,32,75,0.001,0.1,10,5,0.5,True,42
weight_decay,0.001,85,85,25,0.6856719255447388,0.6932831009229025,0.001,64,2,0.3,False,32,75,0.001,0.1,10,5,0.5,True,42
weight_decay,0.001,85,85,26,0.6845128211108121,0.6944786826769511,0.001,64,2,0.3,False,32,75,0.001,0.1,10,5,0.5,True,42
weight_decay,0.001,85,85,27,0.6839696259209604,0.6934611201286316,0.001,64,2,0.3,False,32,75,0.001,0.1,10,5,0.5,True,42
weight_decay,0.001,86,86,1,0.6931014778939161,0.6917957425117492,0.001,64,2,0.3,False,32,75,0.001,0.1,10,5,0.5,True,42
weight_decay,0.001,86,86,2,0.6926533444361254,0.6937845627466838,0.001,64,2,0.3,False,32,75,0.001,0.1,10,5,0.5,True,42
weight_decay,0.001,86,86,3,0.6928447439815059,0.6921589930852254,0.001,64,2,0.3,False,32,75,0.001,0.1,10,5,0.5,True,42
weight_decay,0.001,86,86,4,0.6920585776820327,0.6915271162986756,0.001,64,2,0.3,False,32,75,0.001,0.1,10,5,0.5,True,42
weight_decay,0.001,86,86,5,0.6918445283716376,0.6920869867006938,0.001,64,2,0.3,False,32,75,0.001,0.1,10,5,0.5,True,42
weight_decay,0.001,86,86,6,0.6915641463164127,0.6920899073282878,0.001,64,2,0.3,False,32,75,0.001,0.1,10,5,0.5,True,42
weight_decay,0.001,86,86,7,0.6909063666155844,0.6936860164006551,0.001,64,2,0.3,False,32,75,0.001,0.1,10,5,0.5,True,42
weight_decay,0.001,86,86,8,0.6915226542588436,0.6921939134597779,0.001,64,2,0.3,False,32,75,0.001,0.1,10,5,0.5,True,42
weight_decay,0.001,86,86,9,0.6911086711016569,0.6918667634328206,0.001,64,2,0.3,False,32,75,0.001,0.1,10,5,0.5,True,42
weight_decay,0.001,86,86,10,0.6904353345885421,0.6910773634910583,0.001,64,2,0.3,False,32,75,0.001,0.1,10,5,0.5,True,42
weight_decay,0.001,86,86,11,0.6907707344401967,0.6916948159535726,0.001,64,2,0.3,False,32,75,0.001,0.1,10,5,0.5,True,42
weight_decay,0.001,86,86,12,0.6905767506722248,0.6914063930511475,0.001,64,2,0.3,False,32,75,0.001,0.1,10,5,0.5,True,42
weight_decay,0.001,86,86,13,0.6904411315917969,0.6909864385922749,0.001,64,2,0.3,False,32,75,0.001,0.1,10,5,0.5,True,42
weight_decay,0.001,86,86,14,0.6903233668117812,0.6915061752001445,0.001,64,2,0.3,False,32,75,0.001,0.1,10,5,0.5,True,42
weight_decay,0.001,86,86,15,0.6902486361337431,0.6909218311309815,0.001,64,2,0.3,False,32,75,0.001,0.1,10,5,0.5,True,42
weight_decay,0.001,86,86,16,0.6903366229750894,0.6920031865437826,0.001,64,2,0.3,False,32,75,0.001,0.1,10,5,0.5,True,42
weight_decay,0.001,86,86,17,0.6901389044342618,0.6913422385851542,0.001,64,2,0.3,False,32,75,0.001,0.1,10,5,0.5,True,42
weight_decay,0.001,86,86,18,0.6900582471580217,0.691447373231252,0.001,64,2,0.3,False,32,75,0.001,0.1,10,5,0.5,True,42
weight_decay,0.001,86,86,19,0.690282584139795,0.6907413840293884,0.001,64,2,0.3,False,32,75,0.001,0.1,10,5,0.5,True,42
weight_decay,0.001,86,86,20,0.6894855431535027,0.6905195236206054,0.001,64,2,0.3,False,32,75,0.001,0.1,10,5,0.5,True,42
weight_decay,0.001,86,86,21,0.6889265789227053,0.6908245086669922,0.001,64,2,0.3,False,32,75,0.001,0.1,10,5,0.5,True,42
weight_decay,0.001,86,86,22,0.6893828520269105,0.6895508249600728,0.001,64,2,0.3,False,32,75,0.001,0.1,10,5,0.5,True,42
weight_decay,0.001,86,86,23,0.6900472058491274,0.6902199387550354,0.001,64,2,0.3,False,32,75,0.001,0.1,10,5,0.5,True,42
weight_decay,0.001,86,86,24,0.6889907342917991,0.6906150778134664,0.001,64,2,0.3,False,32,75,0.001,0.1,10,5,0.5,True,42
weight_decay,0.001,86,86,25,0.6887790899385106,0.6907645106315613,0.001,64,2,0.3,False,32,75,0.001,0.1,10,5,0.5,True,42
weight_decay,0.001,86,86,26,0.6884422695094888,0.6909418026606242,0.001,64,2,0.3,False,32,75,0.001,0.1,10,5,0.5,True,42
weight_decay,0.001,86,86,27,0.6887095719575882,0.6898119966189067,0.001,64,2,0.3,False,32,75,0.001,0.1,10,5,0.5,True,42
weight_decay,0.001,86,86,28,0.6891837228428234,0.6995169599850972,0.001,64,2,0.3,False,32,75,0.001,0.1,10,5,0.5,True,42
weight_decay,0.001,86,86,29,0.6892570713252733,0.6901341994603475,0.001,64,2,0.3,False,32,75,0.001,0.1,10,5,0.5,True,42
weight_decay,0.001,86,86,30,0.6878340817762144,0.6901915272076925,0.001,64,2,0.3,False,32,75,0.001,0.1,10,5,0.5,True,42
weight_decay,0.001,86,86,31,0.6871286558382439,0.6906302094459533,0.001,64,2,0.3,False,32,75,0.001,0.1,10,5,0.5,True,42
weight_decay,0.001,86,86,32,0.6872193948789076,0.6899108330408732,0.001,64,2,0.3,False,32,75,0.001,0.1,10,5,0.5,True,42
weight_decay,0.001,87,87,1,0.6942824721336365,0.6926133036613464,0.001,64,2,0.3,False,32,75,0.001,0.1,10,5,0.5,True,42
weight_decay,0.001,87,87,2,0.6928744198697986,0.692797327041626,0.001,64,2,0.3,False,32,75,0.001,0.1,10,5,0.5,True,42
weight_decay,0.001,87,87,3,0.6922754830483234,0.692574965953827,0.001,64,2,0.3,False,32,75,0.001,0.1,10,5,0.5,True,42
weight_decay,0.001,87,87,4,0.6923658820715818,0.6925379037857056,0.001,64,2,0.3,False,32,75,0.001,0.1,10,5,0.5,True,42
weight_decay,0.001,87,87,5,0.6924635144797239,0.692019788424174,0.001,64,2,0.3,False,32,75,0.001,0.1,10,5,0.5,True,42
weight_decay,0.001,87,87,6,0.6921295379147385,0.6924425760904948,0.001,64,2,0.3,False,32,75,0.001,0.1,10,5,0.5,True,42
weight_decay,0.001,87,87,7,0.6921365170767813,0.6918329040209452,0.001,64,2,0.3,False,32,75,0.001,0.1,10,5,0.5,True,42
weight_decay,0.001,87,87,8,0.6918603588234294,0.6925891836484274,0.001,64,2,0.3,False,32,75,0.001,0.1,10,5,0.5,True,42
weight_decay,0.001,87,87,9,0.6919632653395335,0.6919706424077352,0.001,64,2,0.3,False,32,75,0.001,0.1,10,5,0.5,True,42
weight_decay,0.001,87,87,10,0.691656667174715,0.6916197578112284,0.001,64,2,0.3,False,32,75,0.001,0.1,10,5,0.5,True,42
weight_decay,0.001,87,87,11,0.6910997904611357,0.6920997738838196,0.001,64,2,0.3,False,32,75,0.001,0.1,10,5,0.5,True,42
weight_decay,0.001,87,87,12,0.6911811968593886,0.6906302531560262,0.001,64,2,0.3,False,32,75,0.001,0.1,10,5,0.5,True,42
weight_decay,0.001,87,87,13,0.6907578760927374,0.6904998977979024,0.001,64,2,0.3,False,32,75,0.001,0.1,10,5,0.5,True,42
weight_decay,0.001,87,87,14,0.6909429426446105,0.6903149048487346,0.001,64,2,0.3,False,32,75,0.001,0.1,10,5,0.5,True,42
weight_decay,0.001,87,87,15,0.6908795567172946,0.6901310761769612,0.001,64,2,0.3,False,32,75,0.001,0.1,10,5,0.5,True,42
weight_decay,0.001,87,87,16,0.6909758746623993,0.6904419382413228,0.001,64,2,0.3,False,32,75,0.001,0.1,10,5,0.5,True,42
weight_decay,0.001,87,87,17,0.6912205368280411,0.6894333084424337,0.001,64,2,0.3,False,32,75,0.001,0.1,10,5,0.5,True,42
weight_decay,0.001,87,87,18,0.6911982410784924,0.6890563130378723,0.001,64,2,0.3,False,32,75,0.001,0.1,10,5,0.5,True,42
weight_decay,0.001,87,87,19,0.6907378146142671,0.6887786308924357,0.001,64,2,0.3,False,32,75,0.001,0.1,10,5,0.5,True,42
weight_decay,0.001,87,87,20,0.6900693995482994,0.6891501585642497,0.001,64,2,0.3,False,32,75,0.001,0.1,10,5,0.5,True,42
weight_decay,0.001,87,87,21,0.6903786252845417,0.6892634669939677,0.001,64,2,0.3,False,32,75,0.001,0.1,10,5,0.5,True,42
weight_decay,0.001,87,87,22,0.6892549246549606,0.6888031482696533,0.001,64,2,0.3,False,32,75,0.001,0.1,10,5,0.5,True,42
weight_decay,0.001,87,87,23,0.690031570467082,0.6893453955650329,0.001,64,2,0.3,False,32,75,0.001,0.1,10,5,0.5,True,42
weight_decay,0.001,87,87,24,0.6896441303419344,0.6871084570884705,0.001,64,2,0.3,False,32,75,0.001,0.1,10,5,0.5,True,42
weight_decay,0.001,87,87,25,0.6897960661938696,0.6870671510696411,0.001,64,2,0.3,False,32,75,0.001,0.1,10,5,0.5,True,42
weight_decay,0.001,87,87,26,0.6895492849024859,0.687345556418101,0.001,64,2,0.3,False,32,75,0.001,0.1,10,5,0.5,True,42
weight_decay,0.001,87,87,27,0.688483757503105,0.6853620648384094,0.001,64,2,0.3,False,32,75,0.001,0.1,10,5,0.5,True,42
weight_decay,0.001,87,87,28,0.690812853701187,0.6872733910878499,0.001,64,2,0.3,False,32,75,0.001,0.1,10,5,0.5,True,42
weight_decay,0.001,87,87,29,0.6878306536060391,0.6867876450220743,0.001,64,2,0.3,False,32,75,0.001,0.1,10,5,0.5,True,42
weight_decay,0.001,87,87,30,0.690156304475033,0.6862155834833781,0.001,64,2,0.3,False,32,75,0.001,0.1,10,5,0.5,True,42
weight_decay,0.001,87,87,31,0.6884020232793057,0.6870238105456035,0.001,64,2,0.3,False,32,75,0.001,0.1,10,5,0.5,True,42
weight_decay,0.001,87,87,32,0.6884396374225616,0.6861823399861654,0.001,64,2,0.3,False,32,75,0.001,0.1,10,5,0.5,True,42
weight_decay,0.001,87,87,33,0.688352745590788,0.6864016691843668,0.001,64,2,0.3,False,32,75,0.001,0.1,10,5,0.5,True,42
weight_decay,0.001,87,87,34,0.6871758004029592,0.6852575778961182,0.001,64,2,0.3,False,32,75,0.001,0.1,10,5,0.5,True,42
weight_decay,0.001,87,87,35,0.688067094394655,0.6863859256108602,0.001,64,2,0.3,False,32,75,0.001,0.1,10,5,0.5,True,42
weight_decay,0.001,87,87,36,0.6860660192641345,0.6865014354387919,0.001,64,2,0.3,False,32,75,0.001,0.1,10,5,0.5,True,42
weight_decay,0.001,87,87,37,0.6857536394487728,0.6860885898272197,0.001,64,2,0.3,False,32,75,0.001,0.1,10,5,0.5,True,42
weight_decay,0.001,87,87,38,0.6861299140886827,0.6862013538678488,0.001,64,2,0.3,False,32,75,0.001,0.1,10,5,0.5,True,42
weight_decay,0.001,87,87,39,0.6862844942194043,0.6856777747472127,0.001,64,2,0.3,False,32,75,0.001,0.1,10,5,0.5,True,42
weight_decay,0.001,87,87,40,0.6863989468776819,0.6866668542226155,0.001,64,2,0.3,False,32,75,0.001,0.1,10,5,0.5,True,42
weight_decay,0.001,87,87,41,0.6861507079818032,0.6857913812001546,0.001,64,2,0.3,False,32,75,0.001,0.1,10,5,0.5,True,42
weight_decay,0.001,87,87,42,0.6871154556671778,0.6864433368047078,0.001,64,2,0.3,False,32,75,0.001,0.1,10,5,0.5,True,42
weight_decay,0.001,87,87,43,0.6852330389347944,0.685913626352946,0.001,64,2,0.3,False,32,75,0.001,0.1,10,5,0.5,True,42
weight_decay,0.001,87,87,44,0.6860885814283834,0.6859697500864664,0.001,64,2,0.3,False,32,75,0.001,0.1,10,5,0.5,True,42
weight_decay,0.001,88,88,1,0.6937799187320651,0.6937421679496765,0.001,64,2,0.3,False,32,75,0.001,0.1,10,5,0.5,True,42
weight_decay,0.001,88,88,2,0.6930401632280061,0.694080384572347,0.001,64,2,0.3,False,32,75,0.001,0.1,10,5,0.5,True,42
weight_decay,0.001,88,88,3,0.6928746650616328,0.6932561000188192,0.001,64,2,0.3,False,32,75,0.001,0.1,10,5,0.5,True,42
weight_decay,0.001,88,88,4,0.6922850215976889,0.6928888400395711,0.001,64,2,0.3,False,32,75,0.001,0.1,10,5,0.5,True,42
weight_decay,0.001,88,88,5,0.6916829297939936,0.6931102474530538,0.001,64,2,0.3,False,32,75,0.001,0.1,10,5,0.5,True,42
weight_decay,0.001,88,88,6,0.6913642878785278,0.6925171931584676,0.001,64,2,0.3,False,32,75,0.001,0.1,10,5,0.5,True,42
weight_decay,0.001,88,88,7,0.6912859000942924,0.693136191368103,0.001,64,2,0.3,False,32,75,0.001,0.1,10,5,0.5,True,42
weight_decay,0.001,88,88,8,0.6915193543289647,0.6930838108062745,0.001,64,2,0.3,False,32,75,0.001,0.1,10,5,0.5,True,42
weight_decay,0.001,88,88,9,0.6909246787880406,0.6923467636108398,0.001,64,2,0.3,False,32,75,0.001,0.1,10,5,0.5,True,42
weight_decay,0.001,88,88,10,0.6902914476214033,0.6942246238390605,0.001,64,2,0.3,False,32,75,0.001,0.1,10,5,0.5,True,42
weight_decay,0.001,88,88,11,0.6902916846853314,0.6949357628822327,0.001,64,2,0.3,False,32,75,0.001,0.1,10,5,0.5,True,42
weight_decay,0.001,88,88,12,0.689917989300959,0.6937605301539104,0.001,64,2,0.3,False,32,75,0.001,0.1,10,5,0.5,True,42
weight_decay,0.001,88,88,13,0.6896351530696406,0.6942784070968628,0.001,64,2,0.3,False,32,75,0.001,0.1,10,5,0.5,True,42
weight_decay,0.001,88,88,14,0.6896530358177243,0.6944526394208272,0.001,64,2,0.3,False,32,75,0.001,0.1,10,5,0.5,True,42
weight_decay,0.001,88,88,15,0.6891016093167391,0.6937796950340271,0.001,64,2,0.3,False,32,75,0.001,0.1,10,5,0.5,True,42
weight_decay,0.001,88,88,16,0.6892554895444349,0.6934579571088155,0.001,64,2,0.3,False,32,75,0.001,0.1,10,5,0.5,True,42
weight_decay,0.001,88,88,17,0.6886629742203336,0.6941119591395061,0.001,64,2,0.3,False,32,75,0.001,0.1,10,5,0.5,True,42
weight_decay,0.001,88,88,18,0.688180513454206,0.6937126278877258,0.001,64,2,0.3,False,32,75,0.001,0.1,10,5,0.5,True,42
weight_decay,0.001,88,88,19,0.6876001787005048,0.6939446290334066,0.001,64,2,0.3,False,32,75,0.001,0.1,10,5,0.5,True,42
weight_decay,0.001,89,89,1,0.6932586973363702,0.695545740922292,0.001,64,2,0.3,False,32,75,0.001,0.1,10,5,0.5,True,42
weight_decay,0.001,89,89,2,0.6930162820852164,0.6933940450350443,0.001,64,2,0.3,False,32,75,0.001,0.1,10,5,0.5,True,42
weight_decay,0.001,89,89,3,0.6925227845256979,0.6936540126800537,0.001,64,2,0.3,False,32,75,0.001,0.1,10,5,0.5,True,42
weight_decay,0.001,89,89,4,0.6918405186046254,0.6931143999099731,0.001,64,2,0.3,False,32,75,0.001,0.1,10,5,0.5,True,42
weight_decay,0.001,89,89,5,0.6917316841356682,0.6940105636914571,0.001,64,2,0.3,False,32,75,0.001,0.1,10,5,0.5,True,42
weight_decay,0.001,89,89,6,0.6918592895522262,0.6938744266827901,0.001,64,2,0.3,False,32,75,0.001,0.1,10,5,0.5,True,42
weight_decay,0.001,89,89,7,0.6908962017658985,0.6931115031242371,0.001,64,2,0.3,False,32,75,0.001,0.1,10,5,0.5,True,42
weight_decay,0.001,89,89,8,0.6911260873982401,0.6944015781084697,0.001,64,2,0.3,False,32,75,0.001,0.1,10,5,0.5,True,42
weight_decay,0.001,89,89,9,0.6908836604067774,0.6933120727539063,0.001,64,2,0.3,False,32,75,0.001,0.1,10,5,0.5,True,42
weight_decay,0.001,89,89,10,0.6907593684666085,0.6943138678868611,0.001,64,2,0.3,False,32,75,0.001,0.1,10,5,0.5,True,42
weight_decay,0.001,89,89,11,0.6902509611664396,0.6941657781600952,0.001,64,2,0.3,False,32,75,0.001,0.1,10,5,0.5,True,42
weight_decay,0.001,89,89,12,0.6890720923741659,0.6941713611284892,0.001,64,2,0.3,False,32,75,0.001,0.1,10,5,0.5,True,42
weight_decay,0.001,89,89,13,0.6888640283635168,0.6944490750630696,0.001,64,2,0.3,False,32,75,0.001,0.1,10,5,0.5,True,42
weight_decay,0.001,89,89,14,0.6886716941089341,0.6939966479937235,0.001,64,2,0.3,False,32,75,0.001,0.1,10,5,0.5,True,42
weight_decay,0.001,89,89,15,0.6889755120783141,0.6934763471285502,0.001,64,2,0.3,False,32,75,0.001,0.1,10,5,0.5,True,42
weight_decay,0.001,89,89,16,0.687963738134413,0.6942264318466187,0.001,64,2,0.3,False,32,75,0.001,0.1,10,5,0.5,True,42
weight_decay,0.001,89,89,17,0.6877144222909753,0.693890376885732,0.001,64,2,0.3,False,32,75,0.001,0.1,10,5,0.5,True,42
weight_decay,0.001,90,90,1,0.6936302054108996,0.6934439818064372,0.001,64,2,0.3,False,32,75,0.001,0.1,10,5,0.5,True,42
weight_decay,0.001,90,90,2,0.692864888996789,0.6947661916414897,0.001,64,2,0.3,False,32,75,0.001,0.1,10,5,0.5,True,42
weight_decay,0.001,90,90,3,0.6924063527222836,0.6929680307706197,0.001,64,2,0.3,False,32,75,0.001,0.1,10,5,0.5,True,42
weight_decay,0.001,90,90,4,0.6920400839863401,0.6921595533688863,0.001,64,2,0.3,False,32,75,0.001,0.1,10,5,0.5,True,42
weight_decay,0.001,90,90,5,0.6919745699022756,0.6928296407063802,0.001,64,2,0.3,False,32,75,0.001,0.1,10,5,0.5,True,42
weight_decay,0.001,90,90,6,0.6922786226778319,0.6919337352116902,0.001,64,2,0.3,False,32,75,0.001,0.1,10,5,0.5,True,42
weight_decay,0.001,90,90,7,0.6917069039561532,0.6912839492162068,0.001,64,2,0.3,False,32,75,0.001,0.1,10,5,0.5,True,42
weight_decay,0.001,90,90,8,0.691541561574647,0.691823943456014,0.001,64,2,0.3,False,32,75,0.001,0.1,10,5,0.5,True,42
weight_decay,0.001,90,90,9,0.6909788688926986,0.6923295815785726,0.001,64,2,0.3,False,32,75,0.001,0.1,10,5,0.5,True,42
weight_decay,0.001,90,90,10,0.6913690765698751,0.6903431653976441,0.001,64,2,0.3,False,32,75,0.001,0.1,10,5,0.5,True,42
weight_decay,0.001,90,90,11,0.6912139414837866,0.6904191851615906,0.001,64,2,0.3,False,32,75,0.001,0.1,10,5,0.5,True,42
weight_decay,0.001,90,90,12,0.6909331205216321,0.6904778401056926,0.001,64,2,0.3,False,32,75,0.001,0.1,10,5,0.5,True,42
weight_decay,0.001,90,90,13,0.6908460480697227,0.6926426609357198,0.001,64,2,0.3,False,32,75,0.001,0.1,10,5,0.5,True,42
weight_decay,0.001,90,90,14,0.690602368477619,0.6904689908027649,0.001,64,2,0.3,False,32,75,0.001,0.1,10,5,0.5,True,42
weight_decay,0.001,90,90,15,0.6908787227038181,0.6901693979899088,0.001,64,2,0.3,False,32,75,0.001,0.1,10,5,0.5,True,42
weight_decay,0.001,90,90,16,0.6905314123088663,0.690050466855367,0.001,64,2,0.3,False,32,75,0.001,0.1,10,5,0.5,True,42
weight_decay,0.001,90,90,17,0.6909653986945297,0.6900355497996012,0.001,64,2,0.3,False,32,75,0.001,0.1,10,5,0.5,True,42
weight_decay,0.001,90,90,18,0.6895441823836529,0.6907083670298259,0.001,64,2,0.3,False,32,75,0.001,0.1,10,5,0.5,True,42
weight_decay,0.001,90,90,19,0.6901700361208483,0.6897416591644288,0.001,64,2,0.3,False,32,75,0.001,0.1,10,5,0.5,True,42
weight_decay,0.001,90,90,20,0.6906353813229185,0.6895305116971334,0.001,64,2,0.3,False,32,75,0.001,0.1,10,5,0.5,True,42
weight_decay,0.001,90,90,21,0.6904527558521791,0.6895577232042949,0.001,64,2,0.3,False,32,75,0.001,0.1,10,5,0.5,True,42
weight_decay,0.001,90,90,22,0.6897958024884715,0.6903509895006815,0.001,64,2,0.3,False,32,75,0.001,0.1,10,5,0.5,True,42
weight_decay,0.001,90,90,23,0.6894642913883383,0.6882338603337605,0.001,64,2,0.3,False,32,75,0.001,0.1,10,5,0.5,True,42
weight_decay,0.001,90,90,24,0.6889369736115137,0.688972290356954,0.001,64,2,0.3,False,32,75,0.001,0.1,10,5,0.5,True,42
weight_decay,0.001,90,90,25,0.6899552498802994,0.6881907264391581,0.001,64,2,0.3,False,32,75,0.001,0.1,10,5,0.5,True,42
weight_decay,0.001,90,90,26,0.6881197984471465,0.6871185461680095,0.001,64,2,0.3,False,32,75,0.001,0.1,10,5,0.5,True,42
weight_decay,0.001,90,90,27,0.688807998642777,0.686918830871582,0.001,64,2,0.3,False,32,75,0.001,0.1,10,5,0.5,True,42
weight_decay,0.001,90,90,28,0.6888589538408049,0.6861830870310466,0.001,64,2,0.3,False,32,75,0.001,0.1,10,5,0.5,True,42
weight_decay,0.001,90,90,29,0.6883913477261862,0.6873727838198344,0.001,64,2,0.3,False,32,75,0.001,0.1,10,5,0.5,True,42
weight_decay,0.001,90,90,30,0.6881620716868024,0.6868466774622599,0.001,64,2,0.3,False,32,75,0.001,0.1,10,5,0.5,True,42
weight_decay,0.001,90,90,31,0.6864392323927446,0.6875315070152282,0.001,64,2,0.3,False,32,75,0.001,0.1,10,5,0.5,True,42
weight_decay,0.001,90,90,32,0.6865945273276531,0.6860871553421021,0.001,64,2,0.3,False,32,75,0.001,0.1,10,5,0.5,True,42
weight_decay,0.001,90,90,33,0.6858806023091981,0.6868755181630453,0.001,64,2,0.3,False,32,75,0.001,0.1,10,5,0.5,True,42
weight_decay,0.001,90,90,34,0.6859127585635041,0.6880004445711771,0.001,64,2,0.3,False,32,75,0.001,0.1,10,5,0.5,True,42
weight_decay,0.001,90,90,35,0.6846696662180352,0.6883590459823609,0.001,64,2,0.3,False,32,75,0.001,0.1,10,5,0.5,True,42
weight_decay,0.001,90,90,36,0.6861559008107041,0.6872391661008199,0.001,64,2,0.3,False,32,75,0.001,0.1,10,5,0.5,True,42
weight_decay,0.001,90,90,37,0.6854265941814943,0.6877957423528035,0.001,64,2,0.3,False,32,75,0.001,0.1,10,5,0.5,True,42
weight_decay,0.001,90,90,38,0.6841899978392052,0.6857717474301656,0.001,64,2,0.3,False,32,75,0.001,0.1,10,5,0.5,True,42
weight_decay,0.001,90,90,39,0.68230912315123,0.6890678922335307,0.001,64,2,0.3,False,32,75,0.001,0.1,10,5,0.5,True,42
weight_decay,0.001,90,90,40,0.682972119161577,0.6932968378067017,0.001,64,2,0.3,False,32,75,0.001,0.1,10,5,0.5,True,42
weight_decay,0.001,90,90,41,0.682702160242832,0.6871875961621602,0.001,64,2,0.3,False,32,75,0.001,0.1,10,5,0.5,True,42
weight_decay,0.001,90,90,42,0.6806871778134144,0.6915307601292928,0.001,64,2,0.3,False,32,75,0.001,0.1,10,5,0.5,True,42
weight_decay,0.001,90,90,43,0.6819696512186166,0.6933083017667134,0.001,64,2,0.3,False,32,75,0.001,0.1,10,5,0.5,True,42
weight_decay,0.001,90,90,44,0.6810707034486713,0.6898385326067606,0.001,64,2,0.3,False,32,75,0.001,0.1,10,5,0.5,True,42
weight_decay,0.001,90,90,45,0.678262420224421,0.6910236716270447,0.001,64,2,0.3,False,32,75,0.001,0.1,10,5,0.5,True,42
weight_decay,0.001,90,90,46,0.6749374040148475,0.6912229975064595,0.001,64,2,0.3,False,32,75,0.001,0.1,10,5,0.5,True,42
weight_decay,0.001,90,90,47,0.6760133893200846,0.6919156034787496,0.001,64,2,0.3,False,32,75,0.001,0.1,10,5,0.5,True,42
weight_decay,0.001,90,90,48,0.6735195517539978,0.6918178717295329,0.001,64,2,0.3,False,32,75,0.001,0.1,10,5,0.5,True,42
weight_decay,0.001,91,91,1,0.6937307399330717,0.6933270772298177,0.001,64,2,0.3,False,32,75,0.001,0.1,10,5,0.5,True,42
weight_decay,0.001,91,91,2,0.6924984676368309,0.6929279168446859,0.001,64,2,0.3,False,32,75,0.001,0.1,10,5,0.5,True,42
weight_decay,0.001,91,91,3,0.6924934883912405,0.6944698015848796,0.001,64,2,0.3,False,32,75,0.001,0.1,10,5,0.5,True,42
weight_decay,0.001,91,91,4,0.6922623483520566,0.6927140831947327,0.001,64,2,0.3,False,32,75,0.001,0.1,10,5,0.5,True,42
weight_decay,0.001,91,91,5,0.6919422668941093,0.6925130724906922,0.001,64,2,0.3,False,32,75,0.001,0.1,10,5,0.5,True,42
weight_decay,0.001,91,91,6,0.6920856309659553,0.6940194765726725,0.001,64,2,0.3,False,32,75,0.001,0.1,10,5,0.5,True,42
weight_decay,0.001,91,91,7,0.6921198986696474,0.692208711306254,0.001,64,2,0.3,False,32,75,0.001,0.1,10,5,0.5,True,42
weight_decay,0.001,91,91,8,0.6913890951510632,0.6917148152987163,0.001,64,2,0.3,False,32,75,0.001,0.1,10,5,0.5,True,42
weight_decay,0.001,91,91,9,0.691929023825761,0.6914141972859701,0.001,64,2,0.3,False,32,75,0.001,0.1,10,5,0.5,True,42
weight_decay,0.001,91,91,10,0.6913324346144994,0.6911881605784098,0.001,64,2,0.3,False,32,75,0.001,0.1,10,5,0.5,True,42
weight_decay,0.001,91,91,11,0.6911160241473805,0.6927819013595581,0.001,64,2,0.3,False,32,75,0.001,0.1,10,5,0.5,True,42
weight_decay,0.001,91,91,12,0.6912954973452019,0.6918901443481446,0.001,64,2,0.3,False,32,75,0.001,0.1,10,5,0.5,True,42
weight_decay,0.001,91,91,13,0.6907591300480294,0.6917876998583475,0.001,64,2,0.3,False,32,75,0.001,0.1,10,5,0.5,True,42
weight_decay,0.001,91,91,14,0.690789951971083,0.6911432981491089,0.001,64,2,0.3,False,32,75,0.001,0.1,10,5,0.5,True,42
weight_decay,0.001,91,91,15,0.690674061124975,0.6901546875635783,0.001,64,2,0.3,False,32,75,0.001,0.1,10,5,0.5,True,42
weight_decay,0.001,91,91,16,0.6909733834591779,0.6906772573788961,0.001,64,2,0.3,False,32,75,0.001,0.1,10,5,0.5,True,42
weight_decay,0.001,91,91,17,0.6901488715048992,0.6908001899719238,0.001,64,2,0.3,False,32,75,0.001,0.1,10,5,0.5,True,42
weight_decay,0.001,91,91,18,0.689972721266024,0.689068063100179,0.001,64,2,0.3,False,32,75,0.001,0.1,10,5,0.5,True,42
weight_decay,0.001,91,91,19,0.68969216717012,0.6889190276463827,0.001,64,2,0.3,False,32,75,0.001,0.1,10,5,0.5,True,42
weight_decay,0.001,91,91,20,0.6890385322498552,0.6873629053433736,0.001,64,2,0.3,False,32,75,0.001,0.1,10,5,0.5,True,42
weight_decay,0.001,91,91,21,0.6890954610073206,0.6900420745213827,0.001,64,2,0.3,False,32,75,0.001,0.1,10,5,0.5,True,42
weight_decay,0.001,91,91,22,0.6889672970229929,0.6894187529881796,0.001,64,2,0.3,False,32,75,0.001,0.1,10,5,0.5,True,42
weight_decay,0.001,91,91,23,0.6893725684194854,0.6886701782544454,0.001,64,2,0.3,False,32,75,0.001,0.1,10,5,0.5,True,42
weight_decay,0.001,91,91,24,0.6888035589998419,0.6877552032470703,0.001,64,2,0.3,False,32,75,0.001,0.1,10,5,0.5,True,42
weight_decay,0.001,91,91,25,0.6879727443059286,0.6881777326265971,0.001,64,2,0.3,False,32,75,0.001,0.1,10,5,0.5,True,42
weight_decay,0.001,91,91,26,0.6881926317106594,0.6882599115371704,0.001,64,2,0.3,False,32,75,0.001,0.1,10,5,0.5,True,42
weight_decay,0.001,91,91,27,0.6873906349593942,0.6894261797269186,0.001,64,2,0.3,False,32,75,0.001,0.1,10,5,0.5,True,42
weight_decay,0.001,91,91,28,0.6870974442272475,0.6892298340797425,0.001,64,2,0.3,False,32,75,0.001,0.1,10,5,0.5,True,42
weight_decay,0.001,91,91,29,0.68644990252726,0.6890926281611125,0.001,64,2,0.3,False,32,75,0.001,0.1,10,5,0.5,True,42
weight_decay,0.001,91,91,30,0.6853714260188016,0.6900520761807759,0.001,64,2,0.3,False,32,75,0.001,0.1,10,5,0.5,True,42
weight_decay,0.001,92,92,1,0.6931040914672794,0.6942383130391439,0.001,64,2,0.3,False,32,75,0.001,0.1,10,5,0.5,True,42
weight_decay,0.001,92,92,2,0.6924703604344166,0.6953155279159546,0.001,64,2,0.3,False,32,75,0.001,0.1,10,5,0.5,True,42
weight_decay,0.001,92,92,3,0.6916724393765131,0.6952883005142212,0.001,64,2,0.3,False,32,75,0.001,0.1,10,5,0.5,True,42
weight_decay,0.001,92,92,4,0.6913608100378152,0.6955978155136109,0.001,64,2,0.3,False,32,75,0.001,0.1,10,5,0.5,True,42
weight_decay,0.001,92,92,5,0.6911068328402259,0.6958539724349976,0.001,64,2,0.3,False,32,75,0.001,0.1,10,5,0.5,True,42
weight_decay,0.001,92,92,6,0.6906317445364866,0.695488182703654,0.001,64,2,0.3,False,32,75,0.001,0.1,10,5,0.5,True,42
weight_decay,0.001,92,92,7,0.6903266405517404,0.6980410774548849,0.001,64,2,0.3,False,32,75,0.001,0.1,10,5,0.5,True,42
weight_decay,0.001,92,92,8,0.6894898748759067,0.6987171411514282,0.001,64,2,0.3,False,32,75,0.001,0.1,10,5,0.5,True,42
weight_decay,0.001,92,92,9,0.690340726664572,0.6989007592201233,0.001,64,2,0.3,False,32,75,0.001,0.1,10,5,0.5,True,42
weight_decay,0.001,92,92,10,0.6888329206090985,0.6974770863850911,0.001,64,2,0.3,False,32,75,0.001,0.1,10,5,0.5,True,42
weight_decay,0.001,92,92,11,0.6890108729853774,0.6988610784212749,0.001,64,2,0.3,False,32,75,0.001,0.1,10,5,0.5,True,42
weight_decay,0.001,93,93,1,0.6935035360581947,0.6929798086484273,0.001,64,2,0.3,False,32,75,0.001,0.1,10,5,0.5,True,42
weight_decay,0.001,93,93,2,0.6927641517285145,0.6932818373044332,0.001,64,2,0.3,False,32,75,0.001,0.1,10,5,0.5,True,42
weight_decay,0.001,93,93,3,0.6924486837603829,0.6926029165585835,0.001,64,2,0.3,False,32,75,0.001,0.1,10,5,0.5,True,42
weight_decay,0.001,93,93,4,0.6921298765774929,0.6932196140289306,0.001,64,2,0.3,False,32,75,0.001,0.1,10,5,0.5,True,42
weight_decay,0.001,93,93,5,0.6917875603292928,0.6920886198679607,0.001,64,2,0.3,False,32,75,0.001,0.1,10,5,0.5,True,42
weight_decay,0.001,93,93,6,0.6912476316545949,0.6930407961209615,0.001,64,2,0.3,False,32,75,0.001,0.1,10,5,0.5,True,42
weight_decay,0.001,93,93,7,0.690365757002975,0.693013048171997,0.001,64,2,0.3,False,32,75,0.001,0.1,10,5,0.5,True,42
weight_decay,0.001,93,93,8,0.6911079260435972,0.692174224058787,0.001,64,2,0.3,False,32,75,0.001,0.1,10,5,0.5,True,42
weight_decay,0.001,93,93,9,0.6906275365388754,0.6916808446248373,0.001,64,2,0.3,False,32,75,0.001,0.1,10,5,0.5,True,42
weight_decay,0.001,93,93,10,0.6897862598751531,0.6914632161458333,0.001,64,2,0.3,False,32,75,0.001,0.1,10,5,0.5,True,42
weight_decay,0.001,93,93,11,0.6897082477807999,0.6915844082832336,0.001,64,2,0.3,False,32,75,0.001,0.1,10,5,0.5,True,42
weight_decay,0.001,93,93,12,0.6894354860890995,0.692408275604248,0.001,64,2,0.3,False,32,75,0.001,0.1,10,5,0.5,True,42
weight_decay,0.001,93,93,13,0.6896784409429088,0.6909979820251465,0.001,64,2,0.3,False,32,75,0.001,0.1,10,5,0.5,True,42
weight_decay,0.001,93,93,14,0.6886682930317792,0.6924615581830342,0.001,64,2,0.3,False,32,75,0.001,0.1,10,5,0.5,True,42
weight_decay,0.001,93,93,15,0.6888748267383287,0.6944148818651835,0.001,64,2,0.3,False,32,75,0.001,0.1,10,5,0.5,True,42
weight_decay,0.001,93,93,16,0.6884067505598068,0.6915402054786682,0.001,64,2,0.3,False,32,75,0.001,0.1,10,5,0.5,True,42
weight_decay,0.001,93,93,17,0.68802033635703,0.6918888807296752,0.001,64,2,0.3,False,32,75,0.001,0.1,10,5,0.5,True,42
weight_decay,0.001,93,93,18,0.6880547327525688,0.6937019467353821,0.001,64,2,0.3,False,32,75,0.001,0.1,10,5,0.5,True,42
weight_decay,0.001,93,93,19,0.6877193821199012,0.6945222655932108,0.001,64,2,0.3,False,32,75,0.001,0.1,10,5,0.5,True,42
weight_decay,0.001,93,93,20,0.6859345693479885,0.6949464122454325,0.001,64,2,0.3,False,32,75,0.001,0.1,10,5,0.5,True,42
weight_decay,0.001,93,93,21,0.6861856864257292,0.6956519405047099,0.001,64,2,0.3,False,32,75,0.001,0.1,10,5,0.5,True,42
weight_decay,0.001,93,93,22,0.6853677219513691,0.6957755088806152,0.001,64,2,0.3,False,32,75,0.001,0.1,10,5,0.5,True,42
weight_decay,0.001,93,93,23,0.6842341034701376,0.6961491187413533,0.001,64,2,0.3,False,32,75,0.001,0.1,10,5,0.5,True,42
weight_decay,0.001,94,94,1,0.6940745268807267,0.6929933826128641,0.001,64,2,0.3,False,32,75,0.001,0.1,10,5,0.5,True,42
weight_decay,0.001,94,94,2,0.6934795817642501,0.6933802684148153,0.001,64,2,0.3,False,32,75,0.001,0.1,10,5,0.5,True,42
weight_decay,0.001,94,94,3,0.6929229375990954,0.6930381576220195,0.001,64,2,0.3,False,32,75,0.001,0.1,10,5,0.5,True,42
weight_decay,0.001,94,94,4,0.6923012747005983,0.69322243531545,0.001,64,2,0.3,False,32,75,0.001,0.1,10,5,0.5,True,42
weight_decay,0.001,94,94,5,0.6917050643400713,0.6930265267690022,0.001,64,2,0.3,False,32,75,0.001,0.1,10,5,0.5,True,42
weight_decay,0.001,94,94,6,0.6913057737278215,0.6928384900093079,0.001,64,2,0.3,False,32,75,0.001,0.1,10,5,0.5,True,42
weight_decay,0.001,94,94,7,0.6908806761105856,0.6935466488202413,0.001,64,2,0.3,False,32,75,0.001,0.1,10,5,0.5,True,42
weight_decay,0.001,94,94,8,0.6907241674083652,0.6938804189364115,0.001,64,2,0.3,False,32,75,0.001,0.1,10,5,0.5,True,42
weight_decay,0.001,94,94,9,0.6904472130717654,0.6921196818351746,0.001,64,2,0.3,False,32,75,0.001,0.1,10,5,0.5,True,42
weight_decay,0.001,94,94,10,0.6906381244912292,0.6926180958747864,0.001,64,2,0.3,False,32,75,0.001,0.1,10,5,0.5,True,42
weight_decay,0.001,94,94,11,0.6893878850069913,0.6937402208646138,0.001,64,2,0.3,False,32,75,0.001,0.1,10,5,0.5,True,42
weight_decay,0.001,94,94,12,0.6895026921322851,0.6925754229227702,0.001,64,2,0.3,False,32,75,0.001,0.1,10,5,0.5,True,42
weight_decay,0.001,94,94,13,0.690274052547686,0.6933816909790039,0.001,64,2,0.3,False,32,75,0.001,0.1,10,5,0.5,True,42
weight_decay,0.001,94,94,14,0.6889681003310464,0.6947251876195272,0.001,64,2,0.3,False,32,75,0.001,0.1,10,5,0.5,True,42
weight_decay,0.001,94,94,15,0.688851818893895,0.6935329874356587,0.001,64,2,0.3,False,32,75,0.001,0.1,10,5,0.5,True,42
weight_decay,0.001,94,94,16,0.6881533323815374,0.6933506727218628,0.001,64,2,0.3,False,32,75,0.001,0.1,10,5,0.5,True,42
weight_decay,0.001,94,94,17,0.6878040857387312,0.6926826357841491,0.001,64,2,0.3,False,32,75,0.001,0.1,10,5,0.5,True,42
weight_decay,0.001,94,94,18,0.6877692554033163,0.6929913918177287,0.001,64,2,0.3,False,32,75,0.001,0.1,10,5,0.5,True,42
weight_decay,0.001,94,94,19,0.6875506707213141,0.6932629982630412,0.001,64,2,0.3,False,32,75,0.001,0.1,10,5,0.5,True,42
weight_decay,0.001,95,95,1,0.6935753709439075,0.6928531924883524,0.001,64,2,0.3,False,32,75,0.001,0.1,10,5,0.5,True,42
weight_decay,0.001,95,95,2,0.6931359140258847,0.6927451531092326,0.001,64,2,0.3,False,32,75,0.001,0.1,10,5,0.5,True,42
weight_decay,0.001,95,95,3,0.6925524450612791,0.6930540323257446,0.001,64,2,0.3,False,32,75,0.001,0.1,10,5,0.5,True,42
weight_decay,0.001,95,95,4,0.692876762061408,0.6926526029904684,0.001,64,2,0.3,False,32,75,0.001,0.1,10,5,0.5,True,42
weight_decay,0.001,95,95,5,0.6917679946530949,0.6926457762718201,0.001,64,2,0.3,False,32,75,0.001,0.1,10,5,0.5,True,42
weight_decay,0.001,95,95,6,0.6914077617905356,0.692774220307668,0.001,64,2,0.3,False,32,75,0.001,0.1,10,5,0.5,True,42
weight_decay,0.001,95,95,7,0.6914103622689391,0.692324145634969,0.001,64,2,0.3,False,32,75,0.001,0.1,10,5,0.5,True,42
weight_decay,0.001,95,95,8,0.6913185083504879,0.6925031224886576,0.001,64,2,0.3,False,32,75,0.001,0.1,10,5,0.5,True,42
weight_decay,0.001,95,95,9,0.6910766923066342,0.6924840847651164,0.001,64,2,0.3,False,32,75,0.001,0.1,10,5,0.5,True,42
weight_decay,0.001,95,95,10,0.6899690442916119,0.6930141925811768,0.001,64,2,0.3,False,32,75,0.001,0.1,10,5,0.5,True,42
weight_decay,0.001,95,95,11,0.6901691262469147,0.6924721678098043,0.001,64,2,0.3,False,32,75,0.001,0.1,10,5,0.5,True,42
weight_decay,0.001,95,95,12,0.6899926992076816,0.6929542541503906,0.001,64,2,0.3,False,32,75,0.001,0.1,10,5,0.5,True,42
weight_decay,0.001,95,95,13,0.6895860623229634,0.693196177482605,0.001,64,2,0.3,False,32,75,0.001,0.1,10,5,0.5,True,42
weight_decay,0.001,95,95,14,0.6890701213569352,0.693367350101471,0.001,64,2,0.3,False,32,75,0.001,0.1,10,5,0.5,True,42
weight_decay,0.001,95,95,15,0.6884056645812411,0.6936630527178447,0.001,64,2,0.3,False,32,75,0.001,0.1,10,5,0.5,True,42
weight_decay,0.001,95,95,16,0.68772194963513,0.6941235423088074,0.001,64,2,0.3,False,32,75,0.001,0.1,10,5,0.5,True,42
weight_decay,0.001,95,95,17,0.6877593759334448,0.6942388375600179,0.001,64,2,0.3,False,32,75,0.001,0.1,10,5,0.5,True,42
weight_decay,0.001,96,96,1,0.6935925388878043,0.6939940492312113,0.001,64,2,0.3,False,32,75,0.001,0.1,10,5,0.5,True,42
weight_decay,0.001,96,96,2,0.6926842756343611,0.6940939982732137,0.001,64,2,0.3,False,32,75,0.001,0.1,10,5,0.5,True,42
weight_decay,0.001,96,96,3,0.6923963319171559,0.695045018196106,0.001,64,2,0.3,False,32,75,0.001,0.1,10,5,0.5,True,42
weight_decay,0.001,96,96,4,0.6910732036287134,0.6950998504956564,0.001,64,2,0.3,False,32,75,0.001,0.1,10,5,0.5,True,42
weight_decay,0.001,96,96,5,0.6915200890013666,0.6944732308387757,0.001,64,2,0.3,False,32,75,0.001,0.1,10,5,0.5,True,42
weight_decay,0.001,96,96,6,0.6907071335749193,0.6948460300763448,0.001,64,2,0.3,False,32,75,0.001,0.1,10,5,0.5,True,42
weight_decay,0.001,96,96,7,0.6903223679824309,0.6935086131095887,0.001,64,2,0.3,False,32,75,0.001,0.1,10,5,0.5,True,42
weight_decay,0.001,96,96,8,0.6910063470854904,0.6951339483261109,0.001,64,2,0.3,False,32,75,0.001,0.1,10,5,0.5,True,42
weight_decay,0.001,96,96,9,0.6901244033466686,0.6939252893129985,0.001,64,2,0.3,False,32,75,0.001,0.1,10,5,0.5,True,42
weight_decay,0.001,96,96,10,0.6903656761754643,0.6945667743682862,0.001,64,2,0.3,False,32,75,0.001,0.1,10,5,0.5,True,42
weight_decay,0.001,96,96,11,0.6893796993024421,0.6942883451779683,0.001,64,2,0.3,False,32,75,0.001,0.1,10,5,0.5,True,42
weight_decay,0.001,96,96,12,0.6894704749186834,0.694149132569631,0.001,64,2,0.3,False,32,75,0.001,0.1,10,5,0.5,True,42
weight_decay,0.001,96,96,13,0.6891107884320345,0.6951029777526856,0.001,64,2,0.3,False,32,75,0.001,0.1,10,5,0.5,True,42
weight_decay,0.001,96,96,14,0.6877339554555488,0.6951029300689697,0.001,64,2,0.3,False,32,75,0.001,0.1,10,5,0.5,True,42
weight_decay,0.001,96,96,15,0.6872892090768525,0.6944095373153687,0.001,64,2,0.3,False,32,75,0.001,0.1,10,5,0.5,True,42
weight_decay,0.001,96,96,16,0.6880759501999075,0.694389545917511,0.001,64,2,0.3,False,32,75,0.001,0.1,10,5,0.5,True,42
weight_decay,0.001,96,96,17,0.6873452559565053,0.6949745814005533,0.001,64,2,0.3,False,32,75,0.001,0.1,10,5,0.5,True,42
weight_decay,0.001,97,97,1,0.6932746582862103,0.6933225671450297,0.001,64,2,0.3,False,32,75,0.001,0.1,10,5,0.5,True,42
weight_decay,0.001,97,97,2,0.693145082303972,0.6933632254600525,0.001,64,2,0.3,False,32,75,0.001,0.1,10,5,0.5,True,42
weight_decay,0.001,97,97,3,0.692784917625514,0.6932748436927796,0.001,64,2,0.3,False,32,75,0.001,0.1,10,5,0.5,True,42
weight_decay,0.001,97,97,4,0.6922653660629735,0.6935877720514934,0.001,64,2,0.3,False,32,75,0.001,0.1,10,5,0.5,True,42
weight_decay,0.001,97,97,5,0.6918483954487424,0.6934925595919291,0.001,64,2,0.3,False,32,75,0.001,0.1,10,5,0.5,True,42
weight_decay,0.001,97,97,6,0.6915793518225352,0.6923574805259705,0.001,64,2,0.3,False,32,75,0.001,0.1,10,5,0.5,True,42
weight_decay,0.001,97,97,7,0.6909988590262153,0.6930813789367676,0.001,64,2,0.3,False,32,75,0.001,0.1,10,5,0.5,True,42
weight_decay,0.001,97,97,8,0.6912227552948575,0.6930017948150635,0.001,64,2,0.3,False,32,75,0.001,0.1,10,5,0.5,True,42
weight_decay,0.001,97,97,9,0.6909505006941882,0.6935007333755493,0.001,64,2,0.3,False,32,75,0.001,0.1,10,5,0.5,True,42
weight_decay,0.001,97,97,10,0.6911857177813848,0.6936070839564006,0.001,64,2,0.3,False,32,75,0.001,0.1,10,5,0.5,True,42
weight_decay,0.001,97,97,11,0.6903022180000941,0.6924937446912129,0.001,64,2,0.3,False,32,75,0.001,0.1,10,5,0.5,True,42
weight_decay,0.001,97,97,12,0.6908655925230547,0.6922735810279846,0.001,64,2,0.3,False,32,75,0.001,0.1,10,5,0.5,True,42
weight_decay,0.001,97,97,13,0.6907993342840311,0.6928528070449829,0.001,64,2,0.3,False,32,75,0.001,0.1,10,5,0.5,True,42
weight_decay,0.001,97,97,14,0.6907355496377656,0.6921097477277119,0.001,64,2,0.3,False,32,75,0.001,0.1,10,5,0.5,True,42
weight_decay,0.001,97,97,15,0.690507966912154,0.6915397087732951,0.001,64,2,0.3,False,32,75,0.001,0.1,10,5,0.5,True,42
weight_decay,0.001,97,97,16,0.6901131561308196,0.6916256507237752,0.001,64,2,0.3,False,32,75,0.001,0.1,10,5,0.5,True,42
weight_decay,0.001,97,97,17,0.6906034034309965,0.6920083045959473,0.001,64,2,0.3,False,32,75,0.001,0.1,10,5,0.5,True,42
weight_decay,0.001,97,97,18,0.6895896602760662,0.691726815700531,0.001,64,2,0.3,False,32,75,0.001,0.1,10,5,0.5,True,42
weight_decay,0.001,97,97,19,0.6899131351348126,0.6920813719431559,0.001,64,2,0.3,False,32,75,0.001,0.1,10,5,0.5,True,42
weight_decay,0.001,97,97,20,0.6903211022868301,0.6914106806119283,0.001,64,2,0.3,False,32,75,0.001,0.1,10,5,0.5,True,42
weight_decay,0.001,97,97,21,0.690336343013879,0.6916507403055827,0.001,64,2,0.3,False,32,75,0.001,0.1,10,5,0.5,True,42
weight_decay,0.001,97,97,22,0.6899586247675347,0.6920607924461365,0.001,64,2,0.3,False,32,75,0.001,0.1,10,5,0.5,True,42
weight_decay,0.001,97,97,23,0.6903697419347186,0.6914106369018554,0.001,64,2,0.3,False,32,75,0.001,0.1,10,5,0.5,True,42
weight_decay,0.001,97,97,24,0.68943034834934,0.691598117351532,0.001,64,2,0.3,False,32,75,0.001,0.1,10,5,0.5,True,42
weight_decay,0.001,97,97,25,0.6899457948677468,0.692139474550883,0.001,64,2,0.3,False,32,75,0.001,0.1,10,5,0.5,True,42
weight_decay,0.001,97,97,26,0.6902607850956194,0.691274360815684,0.001,64,2,0.3,False,32,75,0.001,0.1,10,5,0.5,True,42
weight_decay,0.001,97,97,27,0.689923700058099,0.6903367519378663,0.001,64,2,0.3,False,32,75,0.001,0.1,10,5,0.5,True,42
weight_decay,0.001,97,97,28,0.6896956648790475,0.692222285270691,0.001,64,2,0.3,False,32,75,0.001,0.1,10,5,0.5,True,42
weight_decay,0.001,97,97,29,0.6895525017471025,0.6911653796831767,0.001,64,2,0.3,False,32,75,0.001,0.1,10,5,0.5,True,42
weight_decay,0.001,97,97,30,0.6893238989692746,0.6923332055409749,0.001,64,2,0.3,False,32,75,0.001,0.1,10,5,0.5,True,42
weight_decay,0.001,97,97,31,0.6897822370131811,0.6897442062695821,0.001,64,2,0.3,False,32,75,0.001,0.1,10,5,0.5,True,42
weight_decay,0.001,97,97,32,0.6895735602487217,0.6905959248542786,0.001,64,2,0.3,False,32,75,0.001,0.1,10,5,0.5,True,42
weight_decay,0.001,97,97,33,0.6896450790491971,0.690815269947052,0.001,64,2,0.3,False,32,75,0.001,0.1,10,5,0.5,True,42
weight_decay,0.001,97,97,34,0.6888748646685572,0.6914128502209981,0.001,64,2,0.3,False,32,75,0.001,0.1,10,5,0.5,True,42
weight_decay,0.001,97,97,35,0.6886352341283452,0.6903407494227092,0.001,64,2,0.3,False,32,75,0.001,0.1,10,5,0.5,True,42
weight_decay,0.001,97,97,36,0.6886704686013135,0.6887217998504639,0.001,64,2,0.3,False,32,75,0.001,0.1,10,5,0.5,True,42
weight_decay,0.001,97,97,37,0.6877030576720382,0.6888129512468973,0.001,64,2,0.3,False,32,75,0.001,0.1,10,5,0.5,True,42
weight_decay,0.001,97,97,38,0.6876816270929395,0.6867794275283814,0.001,64,2,0.3,False,32,75,0.001,0.1,10,5,0.5,True,42
weight_decay,0.001,97,97,39,0.6874271568023798,0.6900752941767375,0.001,64,2,0.3,False,32,75,0.001,0.1,10,5,0.5,True,42
weight_decay,0.001,97,97,40,0.6873713022831714,0.6887510180473327,0.001,64,2,0.3,False,32,75,0.001,0.1,10,5,0.5,True,42
weight_decay,0.001,97,97,41,0.6867057961044889,0.6881525715192159,0.001,64,2,0.3,False,32,75,0.001,0.1,10,5,0.5,True,42
weight_decay,0.001,97,97,42,0.6864475856224695,0.6911172111829121,0.001,64,2,0.3,False,32,75,0.001,0.1,10,5,0.5,True,42
weight_decay,0.001,97,97,43,0.6863882591327032,0.687915583451589,0.001,64,2,0.3,False,32,75,0.001,0.1,10,5,0.5,True,42
weight_decay,0.001,97,97,44,0.6858608745264284,0.6881138841311137,0.001,64,2,0.3,False,32,75,0.001,0.1,10,5,0.5,True,42
weight_decay,0.001,97,97,45,0.68447115204551,0.6888832290967305,0.001,64,2,0.3,False,32,75,0.001,0.1,10,5,0.5,True,42
weight_decay,0.001,97,97,46,0.6845106143843044,0.6885950287183126,0.001,64,2,0.3,False,32,75,0.001,0.1,10,5,0.5,True,42
weight_decay,0.001,97,97,47,0.683514059493036,0.6906020204226176,0.001,64,2,0.3,False,32,75,0.001,0.1,10,5,0.5,True,42
weight_decay,0.001,97,97,48,0.6833833767609163,0.6899642745653788,0.001,64,2,0.3,False,32,75,0.001,0.1,10,5,0.5,True,42
weight_decay,0.001,98,98,1,0.693301976630182,0.6925063292185466,0.001,64,2,0.3,False,32,75,0.001,0.1,10,5,0.5,True,42
weight_decay,0.001,98,98,2,0.6925568734154557,0.6924143552780151,0.001,64,2,0.3,False,32,75,0.001,0.1,10,5,0.5,True,42
weight_decay,0.001,98,98,3,0.6929017237641595,0.6922441800435384,0.001,64,2,0.3,False,32,75,0.001,0.1,10,5,0.5,True,42
weight_decay,0.001,98,98,4,0.692439844662493,0.6928300023078918,0.001,64,2,0.3,False,32,75,0.001,0.1,10,5,0.5,True,42
weight_decay,0.001,98,98,5,0.6910928700006369,0.6926369071006775,0.001,64,2,0.3,False,32,75,0.001,0.1,10,5,0.5,True,42
weight_decay,0.001,98,98,6,0.6913087643457182,0.6926805893580119,0.001,64,2,0.3,False,32,75,0.001,0.1,10,5,0.5,True,42
weight_decay,0.001,98,98,7,0.6911380318078127,0.6916512727737427,0.001,64,2,0.3,False,32,75,0.001,0.1,10,5,0.5,True,42
weight_decay,0.001,98,98,8,0.6903719333085147,0.692547595500946,0.001,64,2,0.3,False,32,75,0.001,0.1,10,5,0.5,True,42
weight_decay,0.001,98,98,9,0.6900560463016684,0.6938209374745686,0.001,64,2,0.3,False,32,75,0.001,0.1,10,5,0.5,True,42
weight_decay,0.001,98,98,10,0.6902510266412388,0.6929987112681071,0.001,64,2,0.3,False,32,75,0.001,0.1,10,5,0.5,True,42
weight_decay,0.001,98,98,11,0.6896887891220324,0.6922848463058472,0.001,64,2,0.3,False,32,75,0.001,0.1,10,5,0.5,True,42
weight_decay,0.001,98,98,12,0.6899687968420259,0.6923277616500855,0.001,64,2,0.3,False,32,75,0.001,0.1,10,5,0.5,True,42
weight_decay,0.001,98,98,13,0.6889876407204252,0.6915644566218059,0.001,64,2,0.3,False,32,75,0.001,0.1,10,5,0.5,True,42
weight_decay,0.001,98,98,14,0.6895257202964841,0.6927487055460612,0.001,64,2,0.3,False,32,75,0.001,0.1,10,5,0.5,True,42
weight_decay,0.001,98,98,15,0.6882628730752252,0.6923510313034058,0.001,64,2,0.3,False,32,75,0.001,0.1,10,5,0.5,True,42
weight_decay,0.001,98,98,16,0.6886519356207415,0.6934616128603618,0.001,64,2,0.3,False,32,75,0.001,0.1,10,5,0.5,True,42
weight_decay,0.001,98,98,17,0.6878117711255045,0.6942404786745707,0.001,64,2,0.3,False,32,75,0.001,0.1,10,5,0.5,True,42
weight_decay,0.001,98,98,18,0.6880866817452691,0.6934247930844625,0.001,64,2,0.3,False,32,75,0.001,0.1,10,5,0.5,True,42
weight_decay,0.001,98,98,19,0.6875085379138137,0.6932684501012166,0.001,64,2,0.3,False,32,75,0.001,0.1,10,5,0.5,True,42
weight_decay,0.001,98,98,20,0.6867878820860025,0.6944510579109192,0.001,64,2,0.3,False,32,75,0.001,0.1,10,5,0.5,True,42
weight_decay,0.001,98,98,21,0.6856541751009045,0.6948115189870199,0.001,64,2,0.3,False,32,75,0.001,0.1,10,5,0.5,True,42
weight_decay,0.001,98,98,22,0.6845761054393017,0.6952686905860901,0.001,64,2,0.3,False,32,75,0.001,0.1,10,5,0.5,True,42
weight_decay,0.001,98,98,23,0.6852250279802264,0.6954617897669474,0.001,64,2,0.3,False,32,75,0.001,0.1,10,5,0.5,True,42
weight_decay,0.001,99,99,1,0.6938178652163708,0.6930367867151896,0.001,64,2,0.3,False,32,75,0.001,0.1,10,5,0.5,True,42
weight_decay,0.001,99,99,2,0.6929034653938178,0.6926350990931193,0.001,64,2,0.3,False,32,75,0.001,0.1,10,5,0.5,True,42
weight_decay,0.001,99,99,3,0.6920026892965491,0.6935042619705201,0.001,64,2,0.3,False,32,75,0.001,0.1,10,5,0.5,True,42
weight_decay,0.001,99,99,4,0.6919743314836965,0.6929171999295552,0.001,64,2,0.3,False,32,75,0.001,0.1,10,5,0.5,True,42
weight_decay,0.001,99,99,5,0.6911936190092203,0.6925517916679382,0.001,64,2,0.3,False,32,75,0.001,0.1,10,5,0.5,True,42
weight_decay,0.001,99,99,6,0.6905893168666146,0.6936563809712728,0.001,64,2,0.3,False,32,75,0.001,0.1,10,5,0.5,True,42
weight_decay,0.001,99,99,7,0.6906337914141741,0.6927945256233216,0.001,64,2,0.3,False,32,75,0.001,0.1,10,5,0.5,True,42
weight_decay,0.001,99,99,8,0.6899970241568305,0.6939547141393025,0.001,64,2,0.3,False,32,75,0.001,0.1,10,5,0.5,True,42
weight_decay,0.001,99,99,9,0.6893545863303271,0.6925098856290182,0.001,64,2,0.3,False,32,75,0.001,0.1,10,5,0.5,True,42
weight_decay,0.001,99,99,10,0.6890415346080606,0.6934971849123637,0.001,64,2,0.3,False,32,75,0.001,0.1,10,5,0.5,True,42
weight_decay,0.001,99,99,11,0.6895636080792455,0.6932608922322591,0.001,64,2,0.3,False,32,75,0.001,0.1,10,5,0.5,True,42
weight_decay,0.001,99,99,12,0.6882228747461782,0.6926246682802836,0.001,64,2,0.3,False,32,75,0.001,0.1,10,5,0.5,True,42
weight_decay,0.001,99,99,13,0.6876105946121793,0.6929777344067891,0.001,64,2,0.3,False,32,75,0.001,0.1,10,5,0.5,True,42
weight_decay,0.001,99,99,14,0.6873138786265345,0.6941892623901367,0.001,64,2,0.3,False,32,75,0.001,0.1,10,5,0.5,True,42
weight_decay,0.001,99,99,15,0.687914843360583,0.6925255139668782,0.001,64,2,0.3,False,32,75,0.001,0.1,10,5,0.5,True,42
weight_decay,0.001,99,99,16,0.6878441870212555,0.69310302734375,0.001,64,2,0.3,False,32,75,0.001,0.1,10,5,0.5,True,42
weight_decay,0.001,99,99,17,0.686574480750344,0.6927738467852275,0.001,64,2,0.3,False,32,75,0.001,0.1,10,5,0.5,True,42
weight_decay,0.001,99,99,18,0.6858546178449284,0.6933827837308247,0.001,64,2,0.3,False,32,75,0.001,0.1,10,5,0.5,True,42
weight_decay,0.001,99,99,19,0.6860998485124472,0.6940803209940593,0.001,64,2,0.3,False,32,75,0.001,0.1,10,5,0.5,True,42
weight_decay,0.001,100,100,1,0.6936024486115484,0.6950434525807698,0.001,64,2,0.3,False,32,75,0.001,0.1,10,5,0.5,True,42
weight_decay,0.001,100,100,2,0.6926032729221113,0.6943583369255066,0.001,64,2,0.3,False,32,75,0.001,0.1,10,5,0.5,True,42
weight_decay,0.001,100,100,3,0.6921788300528671,0.6946888327598572,0.001,64,2,0.3,False,32,75,0.001,0.1,10,5,0.5,True,42
weight_decay,0.001,100,100,4,0.6918695013631474,0.6946764945983886,0.001,64,2,0.3,False,32,75,0.001,0.1,10,5,0.5,True,42
weight_decay,0.001,100,100,5,0.6915292739868164,0.6937682032585144,0.001,64,2,0.3,False,32,75,0.001,0.1,10,5,0.5,True,42
weight_decay,0.001,100,100,6,0.6913806335492567,0.6934808333714803,0.001,64,2,0.3,False,32,75,0.001,0.1,10,5,0.5,True,42
weight_decay,0.001,100,100,7,0.6910622445019808,0.6933590491612752,0.001,64,2,0.3,False,32,75,0.001,0.1,10,5,0.5,True,42
weight_decay,0.001,100,100,8,0.6912195172273752,0.6947292606035869,0.001,64,2,0.3,False,32,75,0.001,0.1,10,5,0.5,True,42
weight_decay,0.001,100,100,9,0.6914660122358438,0.6932798226674398,0.001,64,2,0.3,False,32,75,0.001,0.1,10,5,0.5,True,42
weight_decay,0.001,100,100,10,0.6901472070903489,0.6950628797213236,0.001,64,2,0.3,False,32,75,0.001,0.1,10,5,0.5,True,42
weight_decay,0.001,100,100,11,0.6904195994138718,0.6943042476971945,0.001,64,2,0.3,False,32,75,0.001,0.1,10,5,0.5,True,42
weight_decay,0.001,100,100,12,0.6901611776062937,0.6946907838185629,0.001,64,2,0.3,False,32,75,0.001,0.1,10,5,0.5,True,42
weight_decay,0.001,100,100,13,0.689973796858932,0.6952666997909546,0.001,64,2,0.3,False,32,75,0.001,0.1,10,5,0.5,True,42
weight_decay,0.001,100,100,14,0.6895805014805361,0.6923954765001933,0.001,64,2,0.3,False,32,75,0.001,0.1,10,5,0.5,True,42
weight_decay,0.001,100,100,15,0.6888783005150881,0.6954489151636759,0.001,64,2,0.3,False,32,75,0.001,0.1,10,5,0.5,True,42
weight_decay,0.001,100,100,16,0.6886368068781766,0.6935670057932536,0.001,64,2,0.3,False,32,75,0.001,0.1,10,5,0.5,True,42
weight_decay,0.001,100,100,17,0.6891007206656716,0.6970097740491231,0.001,64,2,0.3,False,32,75,0.001,0.1,10,5,0.5,True,42
weight_decay,0.001,100,100,18,0.6884681749524493,0.6961026271184285,0.001,64,2,0.3,False,32,75,0.001,0.1,10,5,0.5,True,42
weight_decay,0.001,100,100,19,0.6880978056878755,0.695371683438619,0.001,64,2,0.3,False,32,75,0.001,0.1,10,5,0.5,True,42
weight_decay,0.001,100,100,20,0.687066322926319,0.6977695107460022,0.001,64,2,0.3,False,32,75,0.001,0.1,10,5,0.5,True,42
weight_decay,0.001,100,100,21,0.6884953424786077,0.6966301719347636,0.001,64,2,0.3,False,32,75,0.001,0.1,10,5,0.5,True,42
weight_decay,0.001,100,100,22,0.6872762360356071,0.6969464818636576,0.001,64,2,0.3,False,32,75,0.001,0.1,10,5,0.5,True,42
weight_decay,0.001,100,100,23,0.687185037316698,0.6970913688341777,0.001,64,2,0.3,False,32,75,0.001,0.1,10,5,0.5,True,42
weight_decay,0.001,100,100,24,0.6864523232886286,0.6968918641408285,0.001,64,2,0.3,False,32,75,0.001,0.1,10,5,0.5,True,42
weight_decay,0.001,101,101,1,0.6941974424954617,0.6933109839757283,0.001,64,2,0.3,False,32,75,0.001,0.1,10,5,0.5,True,42
weight_decay,0.001,101,101,2,0.6927588112426527,0.692873752117157,0.001,64,2,0.3,False,32,75,0.001,0.1,10,5,0.5,True,42
weight_decay,0.001,101,101,3,0.6925370788032358,0.6930151343345642,0.001,64,2,0.3,False,32,75,0.001,0.1,10,5,0.5,True,42
weight_decay,0.001,101,101,4,0.6927819721626512,0.6926323811213175,0.001,64,2,0.3,False,32,75,0.001,0.1,10,5,0.5,True,42
weight_decay,0.001,101,101,5,0.6923452651861942,0.6928115566571553,0.001,64,2,0.3,False,32,75,0.001,0.1,10,5,0.5,True,42
weight_decay,0.001,101,101,6,0.6921123771956472,0.6934442043304443,0.001,64,2,0.3,False,32,75,0.001,0.1,10,5,0.5,True,42
weight_decay,0.001,101,101,7,0.6921568526463076,0.6927215933799744,0.001,64,2,0.3,False,32,75,0.001,0.1,10,5,0.5,True,42
weight_decay,0.001,101,101,8,0.6921354640613903,0.6919021129608154,0.001,64,2,0.3,False,32,75,0.001,0.1,10,5,0.5,True,42
weight_decay,0.001,101,101,9,0.6914247030561621,0.6934909820556641,0.001,64,2,0.3,False,32,75,0.001,0.1,10,5,0.5,True,42
weight_decay,0.001,101,101,10,0.6918609476450718,0.6919724822044373,0.001,64,2,0.3,False,32,75,0.001,0.1,10,5,0.5,True,42
weight_decay,0.001,101,101,11,0.6916671381755308,0.6912534077962239,0.001,64,2,0.3,False,32,75,0.001,0.1,10,5,0.5,True,42
weight_decay,0.001,101,101,12,0.6910623000426726,0.691759216785431,0.001,64,2,0.3,False,32,75,0.001,0.1,10,5,0.5,True,42
weight_decay,0.001,101,101,13,0.6918333154736143,0.6915009458859761,0.001,64,2,0.3,False,32,75,0.001,0.1,10,5,0.5,True,42
weight_decay,0.001,101,101,14,0.6909418873714678,0.6923568964004516,0.001,64,2,0.3,False,32,75,0.001,0.1,10,5,0.5,True,42
weight_decay,0.001,101,101,15,0.6911518275737762,0.6902691165606181,0.001,64,2,0.3,False,32,75,0.001,0.1,10,5,0.5,True,42
weight_decay,0.001,101,101,16,0.6904554502530531,0.6900094270706176,0.001,64,2,0.3,False,32,75,0.001,0.1,10,5,0.5,True,42
weight_decay,0.001,101,101,17,0.6900558972900565,0.6895618677139282,0.001,64,2,0.3,False,32,75,0.001,0.1,10,5,0.5,True,42
weight_decay,0.001,101,101,18,0.6899927204305475,0.6892903208732605,0.001,64,2,0.3,False,32,75,0.001,0.1,10,5,0.5,True,42
weight_decay,0.001,101,101,19,0.6906767094677145,0.6901074806849162,0.001,64,2,0.3,False,32,75,0.001,0.1,10,5,0.5,True,42
weight_decay,0.001,101,101,20,0.6892839092196841,0.6889807184537252,0.001,64,2,0.3,False,32,75,0.001,0.1,10,5,0.5,True,42
weight_decay,0.001,101,101,21,0.689284392378547,0.6890833735466003,0.001,64,2,0.3,False,32,75,0.001,0.1,10,5,0.5,True,42
weight_decay,0.001,101,101,22,0.6892799310611956,0.6878783464431762,0.001,64,2,0.3,False,32,75,0.001,0.1,10,5,0.5,True,42
weight_decay,0.001,101,101,23,0.6895729885859923,0.6897327144940694,0.001,64,2,0.3,False,32,75,0.001,0.1,10,5,0.5,True,42
weight_decay,0.001,101,101,24,0.6885446842872736,0.6891331434249878,0.001,64,2,0.3,False,32,75,0.001,0.1,10,5,0.5,True,42
weight_decay,0.001,101,101,25,0.6890749403021552,0.6882287502288819,0.001,64,2,0.3,False,32,75,0.001,0.1,10,5,0.5,True,42
weight_decay,0.001,101,101,26,0.6891963816050327,0.6880768060684204,0.001,64,2,0.3,False,32,75,0.001,0.1,10,5,0.5,True,42
weight_decay,0.001,101,101,27,0.6887541237202558,0.6883334279060364,0.001,64,2,0.3,False,32,75,0.001,0.1,10,5,0.5,True,42
weight_decay,0.001,101,101,28,0.688190477363991,0.6902194023132324,0.001,64,2,0.3,False,32,75,0.001,0.1,10,5,0.5,True,42
weight_decay,0.001,101,101,29,0.6870730632182324,0.6861171762148539,0.001,64,2,0.3,False,32,75,0.001,0.1,10,5,0.5,True,42
weight_decay,0.001,101,101,30,0.6864328226356795,0.6857763767242432,0.001,64,2,0.3,False,32,75,0.001,0.1,10,5,0.5,True,42
weight_decay,0.001,101,101,31,0.6867835020477121,0.6857996503512065,0.001,64,2,0.3,False,32,75,0.001,0.1,10,5,0.5,True,42
weight_decay,0.001,101,101,32,0.6866893172264099,0.6874669035275777,0.001,64,2,0.3,False,32,75,0.001,0.1,10,5,0.5,True,42
weight_decay,0.001,101,101,33,0.6869645525108684,0.6870650927225749,0.001,64,2,0.3,False,32,75,0.001,0.1,10,5,0.5,True,42
weight_decay,0.001,101,101,34,0.6864967481656508,0.6861680944760641,0.001,64,2,0.3,False,32,75,0.001,0.1,10,5,0.5,True,42
weight_decay,0.001,101,101,35,0.6874032896576505,0.6860142111778259,0.001,64,2,0.3,False,32,75,0.001,0.1,10,5,0.5,True,42
weight_decay,0.001,101,101,36,0.6866329082033851,0.6853679736455282,0.001,64,2,0.3,False,32,75,0.001,0.1,10,5,0.5,True,42
weight_decay,0.001,101,101,37,0.6859335881291013,0.6864218314488729,0.001,64,2,0.3,False,32,75,0.001,0.1,10,5,0.5,True,42
weight_decay,0.001,101,101,38,0.684236975330295,0.6858669837315877,0.001,64,2,0.3,False,32,75,0.001,0.1,10,5,0.5,True,42
weight_decay,0.001,101,101,39,0.6852748502384532,0.6855304916699727,0.001,64,2,0.3,False,32,75,0.001,0.1,10,5,0.5,True,42
weight_decay,0.001,101,101,40,0.6839675004735137,0.6859017332394918,0.001,64,2,0.3,False,32,75,0.001,0.1,10,5,0.5,True,42
weight_decay,0.001,101,101,41,0.6849934494856632,0.6856101830800374,0.001,64,2,0.3,False,32,75,0.001,0.1,10,5,0.5,True,42
weight_decay,0.001,101,101,42,0.6850704514619076,0.6857465863227844,0.001,64,2,0.3,False,32,75,0.001,0.1,10,5,0.5,True,42
weight_decay,0.001,101,101,43,0.6840183129816344,0.6856826146443685,0.001,64,2,0.3,False,32,75,0.001,0.1,10,5,0.5,True,42
weight_decay,0.001,101,101,44,0.6838183583635272,0.6852376222610473,0.001,64,2,0.3,False,32,75,0.001,0.1,10,5,0.5,True,42
weight_decay,0.001,101,101,45,0.684414238189206,0.6852877974510193,0.001,64,2,0.3,False,32,75,0.001,0.1,10,5,0.5,True,42
weight_decay,0.001,101,101,46,0.6848588102694714,0.6849594712257385,0.001,64,2,0.3,False,32,75,0.001,0.1,10,5,0.5,True,42
weight_decay,0.001,101,101,47,0.6836971739927927,0.6849695881207783,0.001,64,2,0.3,False,32,75,0.001,0.1,10,5,0.5,True,42
weight_decay,0.001,101,101,48,0.6842278318874764,0.6862784624099731,0.001,64,2,0.3,False,32,75,0.001,0.1,10,5,0.5,True,42
weight_decay,0.001,101,101,49,0.684545202237187,0.6860611955324809,0.001,64,2,0.3,False,32,75,0.001,0.1,10,5,0.5,True,42
weight_decay,0.001,101,101,50,0.682915630214142,0.6854510426521301,0.001,64,2,0.3,False,32,75,0.001,0.1,10,5,0.5,True,42
weight_decay,0.001,101,101,51,0.6836607632311907,0.6850587964057923,0.001,64,2,0.3,False,32,75,0.001,0.1,10,5,0.5,True,42
weight_decay,0.001,101,101,52,0.6842951006961592,0.68591867685318,0.001,64,2,0.3,False,32,75,0.001,0.1,10,5,0.5,True,42
weight_decay,0.001,101,101,53,0.6822685301303864,0.6857456644376119,0.001,64,2,0.3,False,32,75,0.001,0.1,10,5,0.5,True,42
weight_decay,0.001,101,101,54,0.68342560710329,0.6859611908594767,0.001,64,2,0.3,False,32,75,0.001,0.1,10,5,0.5,True,42
weight_decay,0.001,101,101,55,0.6836961769696438,0.6858862797419231,0.001,64,2,0.3,False,32,75,0.001,0.1,10,5,0.5,True,42
weight_decay,0.001,101,101,56,0.682648731452046,0.6859601895014446,0.001,64,2,0.3,False,32,75,0.001,0.1,10,5,0.5,True,42
weight_decay,0.001,102,102,1,0.6942985012675776,0.6931944092114767,0.001,64,2,0.3,False,32,75,0.001,0.1,10,5,0.5,True,42
weight_decay,0.001,102,102,2,0.6929840084278223,0.693006964524587,0.001,64,2,0.3,False,32,75,0.001,0.1,10,5,0.5,True,42
weight_decay,0.001,102,102,3,0.6923078307599733,0.6933427294095357,0.001,64,2,0.3,False,32,75,0.001,0.1,10,5,0.5,True,42
weight_decay,0.001,102,102,4,0.6927034326575019,0.6935662229855856,0.001,64,2,0.3,False,32,75,0.001,0.1,10,5,0.5,True,42
weight_decay,0.001,102,102,5,0.6916210692037236,0.6924109578132629,0.001,64,2,0.3,False,32,75,0.001,0.1,10,5,0.5,True,42
weight_decay,0.001,102,102,6,0.6918810872417508,0.6916230479876201,0.001,64,2,0.3,False,32,75,0.001,0.1,10,5,0.5,True,42
weight_decay,0.001,102,102,7,0.6917960201248978,0.6919333616892497,0.001,64,2,0.3,False,32,75,0.001,0.1,10,5,0.5,True,42
weight_decay,0.001,102,102,8,0.6908860418832663,0.6923000534375509,0.001,64,2,0.3,False,32,75,0.001,0.1,10,5,0.5,True,42
weight_decay,0.001,102,102,9,0.6903788135810331,0.6941409667332967,0.001,64,2,0.3,False,32,75,0.001,0.1,10,5,0.5,True,42
weight_decay,0.001,102,102,10,0.6915420352509527,0.6922555685043335,0.001,64,2,0.3,False,32,75,0.001,0.1,10,5,0.5,True,42
weight_decay,0.001,102,102,11,0.6908947039734233,0.6903880119323731,0.001,64,2,0.3,False,32,75,0.001,0.1,10,5,0.5,True,42
weight_decay,0.001,102,102,12,0.6905015530911359,0.6897875467936198,0.001,64,2,0.3,False,32,75,0.001,0.1,10,5,0.5,True,42
weight_decay,0.001,102,102,13,0.6908456805077466,0.6897886792818705,0.001,64,2,0.3,False,32,75,0.001,0.1,10,5,0.5,True,42
weight_decay,0.001,102,102,14,0.6902489350600676,0.6890297015508016,0.001,64,2,0.3,False,32,75,0.001,0.1,10,5,0.5,True,42
weight_decay,0.001,102,102,15,0.6896544965830717,0.688646920522054,0.001,64,2,0.3,False,32,75,0.001,0.1,10,5,0.5,True,42
weight_decay,0.001,102,102,16,0.6894016581954379,0.6885825673739115,0.001,64,2,0.3,False,32,75,0.001,0.1,10,5,0.5,True,42
weight_decay,0.001,102,102,17,0.6893300233465253,0.6890619794527689,0.001,64,2,0.3,False,32,75,0.001,0.1,10,5,0.5,True,42
weight_decay,0.001,102,102,18,0.6893361824931521,0.6896945556004842,0.001,64,2,0.3,False,32,75,0.001,0.1,10,5,0.5,True,42
weight_decay,0.001,102,102,19,0.6895248555775845,0.6885152101516724,0.001,64,2,0.3,False,32,75,0.001,0.1,10,5,0.5,True,42
weight_decay,0.001,102,102,20,0.6889287522344878,0.6877910534540812,0.001,64,2,0.3,False,32,75,0.001,0.1,10,5,0.5,True,42
weight_decay,0.001,102,102,21,0.6901675702044459,0.6885483105977376,0.001,64,2,0.3,False,32,75,0.001,0.1,10,5,0.5,True,42
weight_decay,0.001,102,102,22,0.6883547206719717,0.6896647334098815,0.001,64,2,0.3,False,32,75,0.001,0.1,10,5,0.5,True,42
weight_decay,0.001,102,102,23,0.6890613219954751,0.6880471150080363,0.001,64,2,0.3,False,32,75,0.001,0.1,10,5,0.5,True,42
weight_decay,0.001,102,102,24,0.6882545442292185,0.6877741654713948,0.001,64,2,0.3,False,32,75,0.001,0.1,10,5,0.5,True,42
weight_decay,0.001,102,102,25,0.6886698301091339,0.687294069925944,0.001,64,2,0.3,False,32,75,0.001,0.1,10,5,0.5,True,42
weight_decay,0.001,102,102,26,0.6877279918302189,0.6864253282546997,0.001,64,2,0.3,False,32,75,0.001,0.1,10,5,0.5,True,42
weight_decay,0.001,102,102,27,0.6880332692102953,0.6875726103782653,0.001,64,2,0.3,False,32,75,0.001,0.1,10,5,0.5,True,42
weight_decay,0.001,102,102,28,0.6881596942742666,0.6886395454406739,0.001,64,2,0.3,False,32,75,0.001,0.1,10,5,0.5,True,42
weight_decay,0.001,102,102,29,0.6872330186041918,0.6869301557540893,0.001,64,2,0.3,False,32,75,0.001,0.1,10,5,0.5,True,42
weight_decay,0.001,102,102,30,0.6874912796598492,0.6877647201220195,0.001,64,2,0.3,False,32,75,0.001,0.1,10,5,0.5,True,42
weight_decay,0.001,102,102,31,0.6875729660193125,0.6888195633888244,0.001,64,2,0.3,False,32,75,0.001,0.1,10,5,0.5,True,42
weight_decay,0.001,102,102,32,0.6871028343836466,0.6872621734937032,0.001,64,2,0.3,False,32,75,0.001,0.1,10,5,0.5,True,42
weight_decay,0.001,102,102,33,0.6861057340195684,0.6871291915575664,0.001,64,2,0.3,False,32,75,0.001,0.1,10,5,0.5,True,42
weight_decay,0.001,102,102,34,0.6855353798830148,0.686994711558024,0.001,64,2,0.3,False,32,75,0.001,0.1,10,5,0.5,True,42
weight_decay,0.001,102,102,35,0.6849563162435185,0.6870401859283447,0.001,64,2,0.3,False,32,75,0.001,0.1,10,5,0.5,True,42
weight_decay,0.001,102,102,36,0.6850874627178366,0.6870140631993612,0.001,64,2,0.3,False,32,75,0.001,0.1,10,5,0.5,True,42
weight_decay,0.001,103,103,1,0.6935432697787429,0.6945151011149089,0.001,64,2,0.3,False,32,75,0.001,0.1,10,5,0.5,True,42
weight_decay,0.001,103,103,2,0.6925525719469244,0.6949421445528666,0.001,64,2,0.3,False,32,75,0.001,0.1,10,5,0.5,True,42
weight_decay,0.001,103,103,3,0.6923209726810455,0.6939964373906453,0.001,64,2,0.3,False,32,75,0.001,0.1,10,5,0.5,True,42
weight_decay,0.001,103,103,4,0.6924480899716868,0.6930365959803263,0.001,64,2,0.3,False,32,75,0.001,0.1,10,5,0.5,True,42
weight_decay,0.001,103,103,5,0.6921909686290857,0.6934163451194764,0.001,64,2,0.3,False,32,75,0.001,0.1,10,5,0.5,True,42
weight_decay,0.001,103,103,6,0.6913600342743325,0.6932300925254822,0.001,64,2,0.3,False,32,75,0.001,0.1,10,5,0.5,True,42
weight_decay,0.001,103,103,7,0.6917508054863323,0.6925784826278687,0.001,64,2,0.3,False,32,75,0.001,0.1,10,5,0.5,True,42
weight_decay,0.001,103,103,8,0.6910552946907101,0.6929819583892822,0.001,64,2,0.3,False,32,75,0.001,0.1,10,5,0.5,True,42
weight_decay,0.001,103,103,9,0.6913009723930648,0.6917041142781576,0.001,64,2,0.3,False,32,75,0.001,0.1,10,5,0.5,True,42
weight_decay,0.001,103,103,10,0.6908443434671923,0.6910675446192424,0.001,64,2,0.3,False,32,75,0.001,0.1,10,5,0.5,True,42
weight_decay,0.001,103,103,11,0.690811985821435,0.6915562073389689,0.001,64,2,0.3,False,32,75,0.001,0.1,10,5,0.5,True,42
weight_decay,0.001,103,103,12,0.6907850029793653,0.6915187517801921,0.001,64,2,0.3,False,32,75,0.001,0.1,10,5,0.5,True,42
weight_decay,0.001,103,103,13,0.6903095696911667,0.6910045822461446,0.001,64,2,0.3,False,32,75,0.001,0.1,10,5,0.5,True,42
weight_decay,0.001,103,103,14,0.6907219326857365,0.6908726453781128,0.001,64,2,0.3,False,32,75,0.001,0.1,10,5,0.5,True,42
weight_decay,0.001,103,103,15,0.6901337779832609,0.6917727788289388,0.001,64,2,0.3,False,32,75,0.001,0.1,10,5,0.5,True,42
weight_decay,0.001,103,103,16,0.6904191767627542,0.6914009690284729,0.001,64,2,0.3,False,32,75,0.001,0.1,10,5,0.5,True,42
weight_decay,0.001,103,103,17,0.6904380904002623,0.6913748780886332,0.001,64,2,0.3,False,32,75,0.001,0.1,10,5,0.5,True,42
weight_decay,0.001,103,103,18,0.6898702071471647,0.6907347997029623,0.001,64,2,0.3,False,32,75,0.001,0.1,10,5,0.5,True,42
weight_decay,0.001,103,103,19,0.6900591922528816,0.6906192262967428,0.001,64,2,0.3,False,32,75,0.001,0.1,10,5,0.5,True,42
weight_decay,0.001,103,103,20,0.690386222618999,0.6901794075965881,0.001,64,2,0.3,False,32,75,0.001,0.1,10,5,0.5,True,42
weight_decay,0.001,103,103,21,0.6895749031594305,0.6909954071044921,0.001,64,2,0.3,False,32,75,0.001,0.1,10,5,0.5,True,42
weight_decay,0.001,103,103,22,0.6901298120166316,0.6903108437856038,0.001,64,2,0.3,False,32,75,0.001,0.1,10,5,0.5,True,42
weight_decay,0.001,103,103,23,0.6901111304759979,0.6910385092099508,0.001,64,2,0.3,False,32,75,0.001,0.1,10,5,0.5,True,42
weight_decay,0.001,103,103,24,0.689809670050939,0.6911613821983338,0.001,64,2,0.3,False,32,75,0.001,0.1,10,5,0.5,True,42
weight_decay,0.001,103,103,25,0.6902754004254485,0.6909585158030193,0.001,64,2,0.3,False,32,75,0.001,0.1,10,5,0.5,True,42
weight_decay,0.001,103,103,26,0.6893778718782194,0.6907005548477173,0.001,64,2,0.3,False,32,75,0.001,0.1,10,5,0.5,True,42
weight_decay,0.001,103,103,27,0.6888938496510187,0.6895329038302104,0.001,64,2,0.3,False,32,75,0.001,0.1,10,5,0.5,True,42
weight_decay,0.001,103,103,28,0.6885180179819916,0.68956378698349,0.001,64,2,0.3,False,32,75,0.001,0.1,10,5,0.5,True,42
weight_decay,0.001,103,103,29,0.6884832680225372,0.6886432528495788,0.001,64,2,0.3,False,32,75,0.001,0.1,10,5,0.5,True,42
weight_decay,0.001,103,103,30,0.6883752978209293,0.6892225901285808,0.001,64,2,0.3,False,32,75,0.001,0.1,10,5,0.5,True,42
weight_decay,0.001,103,103,31,0.6887654183488904,0.6888152639071147,0.001,64,2,0.3,False,32,75,0.001,0.1,10,5,0.5,True,42
weight_decay,0.001,103,103,32,0.6891666894609277,0.6883109132448832,0.001,64,2,0.3,False,32,75,0.001,0.1,10,5,0.5,True,42
weight_decay,0.001,103,103,33,0.6880054835117224,0.6883642156918843,0.001,64,2,0.3,False,32,75,0.001,0.1,10,5,0.5,True,42
weight_decay,0.001,103,103,34,0.6881775734099475,0.6883825222651164,0.001,64,2,0.3,False,32,75,0.001,0.1,10,5,0.5,True,42
weight_decay,0.001,103,103,35,0.6882467278928468,0.6886791586875916,0.001,64,2,0.3,False,32,75,0.001,0.1,10,5,0.5,True,42
weight_decay,0.001,103,103,36,0.6882619324958685,0.6886694550514221,0.001,64,2,0.3,False,32,75,0.001,0.1,10,5,0.5,True,42
weight_decay,0.001,103,103,37,0.6880864771929655,0.6889439940452575,0.001,64,2,0.3,False,32,75,0.001,0.1,10,5,0.5,True,42
weight_decay,0.001,103,103,38,0.6876914636655287,0.6878680984179179,0.001,64,2,0.3,False,32,75,0.001,0.1,10,5,0.5,True,42
weight_decay,0.001,103,103,39,0.6877756782553412,0.688107959429423,0.001,64,2,0.3,False,32,75,0.001,0.1,10,5,0.5,True,42
weight_decay,0.001,103,103,40,0.6881269988688555,0.6881746649742126,0.001,64,2,0.3,False,32,75,0.001,0.1,10,5,0.5,True,42
weight_decay,0.001,103,103,41,0.6875961463559758,0.6880472739537556,0.001,64,2,0.3,False,32,75,0.001,0.1,10,5,0.5,True,42
weight_decay,0.001,103,103,42,0.6889847792459257,0.6877307057380676,0.001,64,2,0.3,False,32,75,0.001,0.1,10,5,0.5,True,42
weight_decay,0.001,103,103,43,0.6878050055467722,0.6876688718795776,0.001,64,2,0.3,False,32,75,0.001,0.1,10,5,0.5,True,42
weight_decay,0.001,103,103,44,0.6877519718625329,0.6877036849657695,0.001,64,2,0.3,False,32,75,0.001,0.1,10,5,0.5,True,42
weight_decay,0.001,103,103,45,0.6881713501431725,0.6871973911921183,0.001,64,2,0.3,False,32,75,0.001,0.1,10,5,0.5,True,42
weight_decay,0.001,103,103,46,0.6880646614414273,0.6872972687085469,0.001,64,2,0.3,False,32,75,0.001,0.1,10,5,0.5,True,42
weight_decay,0.001,103,103,47,0.6875258435805639,0.6881925662358602,0.001,64,2,0.3,False,32,75,0.001,0.1,10,5,0.5,True,42
weight_decay,0.001,103,103,48,0.6874740028923209,0.6890099763870239,0.001,64,2,0.3,False,32,75,0.001,0.1,10,5,0.5,True,42
weight_decay,0.001,103,103,49,0.6874365860765631,0.6872506737709045,0.001,64,2,0.3,False,32,75,0.001,0.1,10,5,0.5,True,42
weight_decay,0.001,103,103,50,0.6870558600534092,0.687685513496399,0.001,64,2,0.3,False,32,75,0.001,0.1,10,5,0.5,True,42
weight_decay,0.001,103,103,51,0.6865680637684736,0.6872975786526998,0.001,64,2,0.3,False,32,75,0.001,0.1,10,5,0.5,True,42
weight_decay,0.001,103,103,52,0.6865323289777293,0.6878145098686218,0.001,64,2,0.3,False,32,75,0.001,0.1,10,5,0.5,True,42
weight_decay,0.001,103,103,53,0.6864786875067335,0.6874995549519857,0.001,64,2,0.3,False,32,75,0.001,0.1,10,5,0.5,True,42
weight_decay,0.001,103,103,54,0.6868404831850168,0.6881362040837605,0.001,64,2,0.3,False,32,75,0.001,0.1,10,5,0.5,True,42
weight_decay,0.001,103,103,55,0.6860476863203626,0.6869961063067118,0.001,64,2,0.3,False,32,75,0.001,0.1,10,5,0.5,True,42
weight_decay,0.001,103,103,56,0.6863329658905665,0.6866041223208109,0.001,64,2,0.3,False,32,75,0.001,0.1,10,5,0.5,True,42
weight_decay,0.001,103,103,57,0.6859367652372881,0.6863357941309611,0.001,64,2,0.3,False,32,75,0.001,0.1,10,5,0.5,True,42
weight_decay,0.001,103,103,58,0.6866412980086876,0.686225152015686,0.001,64,2,0.3,False,32,75,0.001,0.1,10,5,0.5,True,42
weight_decay,0.001,103,103,59,0.6854857314716686,0.6871926784515381,0.001,64,2,0.3,False,32,75,0.001,0.1,10,5,0.5,True,42
weight_decay,0.001,103,103,60,0.685552949255163,0.6866087039311727,0.001,64,2,0.3,False,32,75,0.001,0.1,10,5,0.5,True,42
weight_decay,0.001,103,103,61,0.6853328320113096,0.6864848931630453,0.001,64,2,0.3,False,32,75,0.001,0.1,10,5,0.5,True,42
weight_decay,0.001,103,103,62,0.6856677148378256,0.6858482122421264,0.001,64,2,0.3,False,32,75,0.001,0.1,10,5,0.5,True,42
weight_decay,0.001,103,103,63,0.6844741891730916,0.6869705597559611,0.001,64,2,0.3,False,32,75,0.001,0.1,10,5,0.5,True,42
weight_decay,0.001,103,103,64,0.6840401413765821,0.6861626307169596,0.001,64,2,0.3,False,32,75,0.001,0.1,10,5,0.5,True,42
weight_decay,0.001,103,103,65,0.6854478897470416,0.6868626356124878,0.001,64,2,0.3,False,32,75,0.001,0.1,10,5,0.5,True,42
weight_decay,0.001,103,103,66,0.6855312554222165,0.6869088610013326,0.001,64,2,0.3,False,32,75,0.001,0.1,10,5,0.5,True,42
weight_decay,0.001,103,103,67,0.6846384347388239,0.6863560398419698,0.001,64,2,0.3,False,32,75,0.001,0.1,10,5,0.5,True,42
weight_decay,0.001,103,103,68,0.6847615363922986,0.6862467726071676,0.001,64,2,0.3,False,32,75,0.001,0.1,10,5,0.5,True,42
weight_decay,0.001,103,103,69,0.6848251738331534,0.686188801129659,0.001,64,2,0.3,False,32,75,0.001,0.1,10,5,0.5,True,42
weight_decay,0.001,103,103,70,0.6841767489007025,0.6861296892166138,0.001,64,2,0.3,False,32,75,0.001,0.1,10,5,0.5,True,42
weight_decay,0.001,103,103,71,0.6830280021284566,0.6864792863527934,0.001,64,2,0.3,False,32,75,0.001,0.1,10,5,0.5,True,42
weight_decay,0.001,103,103,72,0.6844926797079317,0.6862072587013245,0.001,64,2,0.3,False,32,75,0.001,0.1,10,5,0.5,True,42
weight_decay,0.001,104,104,1,0.6937728867386327,0.6946253816286723,0.001,64,2,0.3,False,32,75,0.001,0.1,10,5,0.5,True,42
weight_decay,0.001,104,104,2,0.6927072189070962,0.6945587595303854,0.001,64,2,0.3,False,32,75,0.001,0.1,10,5,0.5,True,42
weight_decay,0.001,104,104,3,0.6926712750485449,0.6942763288815816,0.001,64,2,0.3,False,32,75,0.001,0.1,10,5,0.5,True,42
weight_decay,0.001,104,104,4,0.6921573452877275,0.6936166206995646,0.001,64,2,0.3,False,32,75,0.001,0.1,10,5,0.5,True,42
weight_decay,0.001,104,104,5,0.6922707955042521,0.6933565179506938,0.001,64,2,0.3,False,32,75,0.001,0.1,10,5,0.5,True,42
weight_decay,0.001,104,104,6,0.6923258173646349,0.6938369154930115,0.001,64,2,0.3,False,32,75,0.001,0.1,10,5,0.5,True,42
weight_decay,0.001,104,104,7,0.6917148087963914,0.6935259064038595,0.001,64,2,0.3,False,32,75,0.001,0.1,10,5,0.5,True,42
weight_decay,0.001,104,104,8,0.6917987967079336,0.6928904533386231,0.001,64,2,0.3,False,32,75,0.001,0.1,10,5,0.5,True,42
weight_decay,0.001,104,104,9,0.6917946821812427,0.6937192757924397,0.001,64,2,0.3,False,32,75,0.001,0.1,10,5,0.5,True,42
weight_decay,0.001,104,104,10,0.6919523035034989,0.6928675929705302,0.001,64,2,0.3,False,32,75,0.001,0.1,10,5,0.5,True,42
weight_decay,0.001,104,104,11,0.6919057649193388,0.6935634255409241,0.001,64,2,0.3,False,32,75,0.001,0.1,10,5,0.5,True,42
weight_decay,0.001,104,104,12,0.6915804974057458,0.6930694937705993,0.001,64,2,0.3,False,32,75,0.001,0.1,10,5,0.5,True,42
weight_decay,0.001,104,104,13,0.6914081112904982,0.6921896735827128,0.001,64,2,0.3,False,32,75,0.001,0.1,10,5,0.5,True,42
weight_decay,0.001,104,104,14,0.6910515946872307,0.6924589236577352,0.001,64,2,0.3,False,32,75,0.001,0.1,10,5,0.5,True,42
weight_decay,0.001,104,104,15,0.6908914175900546,0.6918718059857686,0.001,64,2,0.3,False,32,75,0.001,0.1,10,5,0.5,True,42
weight_decay,0.001,104,104,16,0.6907305577487657,0.6921202421188355,0.001,64,2,0.3,False,32,75,0.001,0.1,10,5,0.5,True,42
weight_decay,0.001,104,104,17,0.6911040296157202,0.6919826030731201,0.001,64,2,0.3,False,32,75,0.001,0.1,10,5,0.5,True,42
weight_decay,0.001,104,104,18,0.6900211315263401,0.6919435501098633,0.001,64,2,0.3,False,32,75,0.001,0.1,10,5,0.5,True,42
weight_decay,0.001,104,104,19,0.690592959523201,0.6921716213226319,0.001,64,2,0.3,False,32,75,0.001,0.1,10,5,0.5,True,42
weight_decay,0.001,104,104,20,0.6906077884363405,0.6910276611646017,0.001,64,2,0.3,False,32,75,0.001,0.1,10,5,0.5,True,42
weight_decay,0.001,104,104,21,0.6902553809411598,0.6916573246320089,0.001,64,2,0.3,False,32,75,0.001,0.1,10,5,0.5,True,42
weight_decay,0.001,104,104,22,0.6902258183920023,0.6900724172592163,0.001,64,2,0.3,False,32,75,0.001,0.1,10,5,0.5,True,42
weight_decay,0.001,104,104,23,0.6899235546588898,0.6907485047976176,0.001,64,2,0.3,False,32,75,0.001,0.1,10,5,0.5,True,42
weight_decay,0.001,104,104,24,0.6895638866858049,0.6900108178456624,0.001,64,2,0.3,False,32,75,0.001,0.1,10,5,0.5,True,42
weight_decay,0.001,104,104,25,0.6900492951725469,0.6912417848904927,0.001,64,2,0.3,False,32,75,0.001,0.1,10,5,0.5,True,42
weight_decay,0.001,104,104,26,0.6888987968365351,0.6895357012748718,0.001,64,2,0.3,False,32,75,0.001,0.1,10,5,0.5,True,42
weight_decay,0.001,104,104,27,0.6892648005124294,0.6902073939641317,0.001,64,2,0.3,False,32,75,0.001,0.1,10,5,0.5,True,42
weight_decay,0.001,104,104,28,0.6886745849342057,0.6900048693021138,0.001,64,2,0.3,False,32,75,0.001,0.1,10,5,0.5,True,42
weight_decay,0.001,104,104,29,0.6900026206717347,0.6901638944943745,0.001,64,2,0.3,False,32,75,0.001,0.1,10,5,0.5,True,42
weight_decay,0.001,104,104,30,0.6887737575805548,0.6895590464274088,0.001,64,2,0.3,False,32,75,0.001,0.1,10,5,0.5,True,42
weight_decay,0.001,104,104,31,0.6881982205492078,0.6881204009056091,0.001,64,2,0.3,False,32,75,0.001,0.1,10,5,0.5,True,42
weight_decay,0.001,104,104,32,0.6892303025180643,0.6880382895469666,0.001,64,2,0.3,False,32,75,0.001,0.1,10,5,0.5,True,42
weight_decay,0.001,104,104,33,0.6884838559410789,0.6891356348991394,0.001,64,2,0.3,False,32,75,0.001,0.1,10,5,0.5,True,42
weight_decay,0.001,104,104,34,0.6877888323682727,0.6889564990997314,0.001,64,2,0.3,False,32,75,0.001,0.1,10,5,0.5,True,42
weight_decay,0.001,104,104,35,0.6887606134017309,0.6898578484853108,0.001,64,2,0.3,False,32,75,0.001,0.1,10,5,0.5,True,42
weight_decay,0.001,104,104,36,0.6882329244505275,0.6870711286862691,0.001,64,2,0.3,False,32,75,0.001,0.1,10,5,0.5,True,42
weight_decay,0.001,104,104,37,0.6874971881960378,0.6877377152442932,0.001,64,2,0.3,False,32,75,0.001,0.1,10,5,0.5,True,42
weight_decay,0.001,104,104,38,0.6869807717475024,0.6890375097592671,0.001,64,2,0.3,False,32,75,0.001,0.1,10,5,0.5,True,42
weight_decay,0.001,104,104,39,0.6881796816984812,0.6904998381932577,0.001,64,2,0.3,False,32,75,0.001,0.1,10,5,0.5,True,42
weight_decay,0.001,104,104,40,0.6864612978516202,0.6916820844014485,0.001,64,2,0.3,False,32,75,0.001,0.1,10,5,0.5,True,42
weight_decay,0.001,104,104,41,0.6853897567048217,0.686775533358256,0.001,64,2,0.3,False,32,75,0.001,0.1,10,5,0.5,True,42
weight_decay,0.001,104,104,42,0.6861048449169506,0.689854101339976,0.001,64,2,0.3,False,32,75,0.001,0.1,10,5,0.5,True,42
weight_decay,0.001,104,104,43,0.6858231258211713,0.6873629927635193,0.001,64,2,0.3,False,32,75,0.001,0.1,10,5,0.5,True,42
weight_decay,0.001,104,104,44,0.6848659994024219,0.6864834944407145,0.001,64,2,0.3,False,32,75,0.001,0.1,10,5,0.5,True,42
weight_decay,0.001,104,104,45,0.6859101093176639,0.687897551059723,0.001,64,2,0.3,False,32,75,0.001,0.1,10,5,0.5,True,42
weight_decay,0.001,104,104,46,0.6852067239356764,0.6888505379358928,0.001,64,2,0.3,False,32,75,0.001,0.1,10,5,0.5,True,42
weight_decay,0.001,104,104,47,0.6854151785373688,0.6881592353185018,0.001,64,2,0.3,False,32,75,0.001,0.1,10,5,0.5,True,42
weight_decay,0.001,104,104,48,0.6845819814638658,0.6940012574195862,0.001,64,2,0.3,False,32,75,0.001,0.1,10,5,0.5,True,42
weight_decay,0.001,104,104,49,0.6849324612906484,0.690743621190389,0.001,64,2,0.3,False,32,75,0.001,0.1,10,5,0.5,True,42
weight_decay,0.001,104,104,50,0.6833370413744089,0.689643144607544,0.001,64,2,0.3,False,32,75,0.001,0.1,10,5,0.5,True,42
weight_decay,0.001,104,104,51,0.6809204410422932,0.6913749138514201,0.001,64,2,0.3,False,32,75,0.001,0.1,10,5,0.5,True,42
weight_decay,0.001,104,104,52,0.6826048565633369,0.6900776425997416,0.001,64,2,0.3,False,32,75,0.001,0.1,10,5,0.5,True,42
weight_decay,0.001,104,104,53,0.6817701002865126,0.691113559405009,0.001,64,2,0.3,False,32,75,0.001,0.1,10,5,0.5,True,42
weight_decay,0.001,104,104,54,0.6815499500794844,0.694003180662791,0.001,64,2,0.3,False,32,75,0.001,0.1,10,5,0.5,True,42
weight_decay,0.001,105,105,1,0.6936917286930662,0.6933175365130106,0.001,64,2,0.3,False,32,75,0.001,0.1,10,5,0.5,True,42
weight_decay,0.001,105,105,2,0.6929232717463465,0.6931307514508566,0.001,64,2,0.3,False,32,75,0.001,0.1,10,5,0.5,True,42
weight_decay,0.001,105,105,3,0.6921904701175112,0.6929775357246399,0.001,64,2,0.3,False,32,75,0.001,0.1,10,5,0.5,True,42
weight_decay,0.001,105,105,4,0.6918258748271249,0.6931765715281168,0.001,64,2,0.3,False,32,75,0.001,0.1,10,5,0.5,True,42
weight_decay,0.001,105,105,5,0.6912959448315881,0.6922324180603028,0.001,64,2,0.3,False,32,75,0.001,0.1,10,5,0.5,True,42
weight_decay,0.001,105,105,6,0.6912226193782055,0.6921388030052185,0.001,64,2,0.3,False,32,75,0.001,0.1,10,5,0.5,True,42
weight_decay,0.001,105,105,7,0.6903684970104333,0.6925114274024964,0.001,64,2,0.3,False,32,75,0.001,0.1,10,5,0.5,True,42
weight_decay,0.001,105,105,8,0.6906231316653165,0.69283181031545,0.001,64,2,0.3,False,32,75,0.001,0.1,10,5,0.5,True,42
weight_decay,0.001,105,105,9,0.689935327930884,0.6926149487495422,0.001,64,2,0.3,False,32,75,0.001,0.1,10,5,0.5,True,42
weight_decay,0.001,105,105,10,0.6895739770296848,0.6923096696535747,0.001,64,2,0.3,False,32,75,0.001,0.1,10,5,0.5,True,42
weight_decay,0.001,105,105,11,0.689681634758458,0.6926292538642883,0.001,64,2,0.3,False,32,75,0.001,0.1,10,5,0.5,True,42
weight_decay,0.001,105,105,12,0.6894723610444502,0.6928927818934123,0.001,64,2,0.3,False,32,75,0.001,0.1,10,5,0.5,True,42
weight_decay,0.001,105,105,13,0.6886157357331478,0.6931172966957092,0.001,64,2,0.3,False,32,75,0.001,0.1,10,5,0.5,True,42
weight_decay,0.001,105,105,14,0.6879855593045553,0.6921621084213256,0.001,64,2,0.3,False,32,75,0.001,0.1,10,5,0.5,True,42
weight_decay,0.001,105,105,15,0.6884030835195021,0.6927329778671265,0.001,64,2,0.3,False,32,75,0.001,0.1,10,5,0.5,True,42
weight_decay,0.001,105,105,16,0.6880399259653959,0.6932370622952779,0.001,64,2,0.3,False,32,75,0.001,0.1,10,5,0.5,True,42
weight_decay,0.001,106,106,1,0.6941772568406481,0.6934165596961975,0.001,64,2,0.3,False,32,75,0.001,0.1,10,5,0.5,True,42
weight_decay,0.001,106,106,2,0.6928195262497122,0.6932820081710815,0.001,64,2,0.3,False,32,75,0.001,0.1,10,5,0.5,True,42
weight_decay,0.001,106,106,3,0.6924436372337919,0.6933826565742492,0.001,64,2,0.3,False,32,75,0.001,0.1,10,5,0.5,True,42
weight_decay,0.001,106,106,4,0.6922983888423804,0.6934236486752828,0.001,64,2,0.3,False,32,75,0.001,0.1,10,5,0.5,True,42
weight_decay,0.001,106,106,5,0.6922915591434999,0.6937575658162435,0.001,64,2,0.3,False,32,75,0.001,0.1,10,5,0.5,True,42
weight_decay,0.001,106,106,6,0.6922329158493967,0.6927046259244283,0.001,64,2,0.3,False,32,75,0.001,0.1,10,5,0.5,True,42
weight_decay,0.001,106,106,7,0.6911278516054153,0.6931605815887452,0.001,64,2,0.3,False,32,75,0.001,0.1,10,5,0.5,True,42
weight_decay,0.001,106,106,8,0.6911640027255723,0.6923936804135641,0.001,64,2,0.3,False,32,75,0.001,0.1,10,5,0.5,True,42
weight_decay,0.001,106,106,9,0.6908588468125372,0.6919777393341064,0.001,64,2,0.3,False,32,75,0.001,0.1,10,5,0.5,True,42
weight_decay,0.001,106,106,10,0.6918934001164003,0.6923428376515707,0.001,64,2,0.3,False,32,75,0.001,0.1,10,5,0.5,True,42
weight_decay,0.001,106,106,11,0.6909758389899225,0.692052419980367,0.001,64,2,0.3,False,32,75,0.001,0.1,10,5,0.5,True,42
weight_decay,0.001,106,106,12,0.6912653861623822,0.6923766811688741,0.001,64,2,0.3,False,32,75,0.001,0.1,10,5,0.5,True,42
weight_decay,0.001,106,106,13,0.6902355194994898,0.6921729564666748,0.001,64,2,0.3,False,32,75,0.001,0.1,10,5,0.5,True,42
weight_decay,0.001,106,106,14,0.6902744110786554,0.6920907417933146,0.001,64,2,0.3,False,32,75,0.001,0.1,10,5,0.5,True,42
weight_decay,0.001,106,106,15,0.689595899347103,0.6925427317619324,0.001,64,2,0.3,False,32,75,0.001,0.1,10,5,0.5,True,42
weight_decay,0.001,106,106,16,0.6895758577368476,0.6918257395426433,0.001,64,2,0.3,False,32,75,0.001,0.1,10,5,0.5,True,42
weight_decay,0.001,106,106,17,0.6891656504435972,0.6915312051773072,0.001,64,2,0.3,False,32,75,0.001,0.1,10,5,0.5,True,42
weight_decay,0.001,106,106,18,0.6881373687223955,0.6916165550549825,0.001,64,2,0.3,False,32,75,0.001,0.1,10,5,0.5,True,42
weight_decay,0.001,106,106,19,0.6881933239373293,0.6911996881167094,0.001,64,2,0.3,False,32,75,0.001,0.1,10,5,0.5,True,42
weight_decay,0.001,106,106,20,0.6882312388131113,0.6921776493390401,0.001,64,2,0.3,False,32,75,0.001,0.1,10,5,0.5,True,42
weight_decay,0.001,106,106,21,0.6875100763458194,0.6917202989260356,0.001,64,2,0.3,False,32,75,0.001,0.1,10,5,0.5,True,42
weight_decay,0.001,106,106,22,0.6870447302406485,0.6936395168304443,0.001,64,2,0.3,False,32,75,0.001,0.1,10,5,0.5,True,42
weight_decay,0.001,106,106,23,0.6864186575015386,0.692432435353597,0.001,64,2,0.3,False,32,75,0.001,0.1,10,5,0.5,True,42
weight_decay,0.001,106,106,24,0.6872319294647737,0.6919643521308899,0.001,64,2,0.3,False,32,75,0.001,0.1,10,5,0.5,True,42
weight_decay,0.001,106,106,25,0.6869044001355316,0.6922672549883525,0.001,64,2,0.3,False,32,75,0.001,0.1,10,5,0.5,True,42
weight_decay,0.001,106,106,26,0.6863594163547863,0.6925267815589905,0.001,64,2,0.3,False,32,75,0.001,0.1,10,5,0.5,True,42
weight_decay,0.001,106,106,27,0.6852728327115377,0.6923794269561767,0.001,64,2,0.3,False,32,75,0.001,0.1,10,5,0.5,True,42
weight_decay,0.001,106,106,28,0.6853962030374643,0.6925188938776652,0.001,64,2,0.3,False,32,75,0.001,0.1,10,5,0.5,True,42
weight_decay,0.001,106,106,29,0.6852561962423902,0.6925450762112936,0.001,64,2,0.3,False,32,75,0.001,0.1,10,5,0.5,True,42
weight_decay,0.001,107,107,1,0.6933875747702338,0.6931334972381592,0.001,64,2,0.3,False,32,75,0.001,0.1,10,5,0.5,True,42
weight_decay,0.001,107,107,2,0.6930743044976032,0.6929901003837585,0.001,64,2,0.3,False,32,75,0.001,0.1,10,5,0.5,True,42
weight_decay,0.001,107,107,3,0.6919434951110319,0.69303005139033,0.001,64,2,0.3,False,32,75,0.001,0.1,10,5,0.5,True,42
weight_decay,0.001,107,107,4,0.6918455520362565,0.6927959124247233,0.001,64,2,0.3,False,32,75,0.001,0.1,10,5,0.5,True,42
weight_decay,0.001,107,107,5,0.6915165000792706,0.6924802541732789,0.001,64,2,0.3,False,32,75,0.001,0.1,10,5,0.5,True,42
weight_decay,0.001,107,107,6,0.6916117559779774,0.6922510782877604,0.001,64,2,0.3,False,32,75,0.001,0.1,10,5,0.5,True,42
weight_decay,0.001,107,107,7,0.6912256655367938,0.6919772068659464,0.001,64,2,0.3,False,32,75,0.001,0.1,10,5,0.5,True,42
weight_decay,0.001,107,107,8,0.6904724926659556,0.6928755044937134,0.001,64,2,0.3,False,32,75,0.001,0.1,10,5,0.5,True,42
weight_decay,0.001,107,107,9,0.691240830854936,0.6919131795565288,0.001,64,2,0.3,False,32,75,0.001,0.1,10,5,0.5,True,42
weight_decay,0.001,107,107,10,0.6904405716693762,0.6919668714205424,0.001,64,2,0.3,False,32,75,0.001,0.1,10,5,0.5,True,42
weight_decay,0.001,107,107,11,0.690590062827775,0.6930271069208781,0.001,64,2,0.3,False,32,75,0.001,0.1,10,5,0.5,True,42
weight_decay,0.001,107,107,12,0.6891315326546178,0.6921825925509135,0.001,64,2,0.3,False,32,75,0.001,0.1,10,5,0.5,True,42
weight_decay,0.001,107,107,13,0.6897509590242848,0.6919225414594015,0.001,64,2,0.3,False,32,75,0.001,0.1,10,5,0.5,True,42
weight_decay,0.001,107,107,14,0.6891989947268458,0.6924728989601135,0.001,64,2,0.3,False,32,75,0.001,0.1,10,5,0.5,True,42
weight_decay,0.001,107,107,15,0.6880931055003946,0.6922152280807495,0.001,64,2,0.3,False,32,75,0.001,0.1,10,5,0.5,True,42
weight_decay,0.001,107,107,16,0.6878268524552836,0.6925621509552002,0.001,64,2,0.3,False,32,75,0.001,0.1,10,5,0.5,True,42
weight_decay,0.001,107,107,17,0.6879750747572292,0.6929261167844136,0.001,64,2,0.3,False,32,75,0.001,0.1,10,5,0.5,True,42
weight_decay,0.001,107,107,18,0.6870135348854642,0.6930558244387309,0.001,64,2,0.3,False,32,75,0.001,0.1,10,5,0.5,True,42
weight_decay,0.001,107,107,19,0.6875870155565666,0.6927752614021301,0.001,64,2,0.3,False,32,75,0.001,0.1,10,5,0.5,True,42
weight_decay,0.001,108,108,1,0.6941587202476732,0.6928607622782389,0.001,64,2,0.3,False,32,75,0.001,0.1,10,5,0.5,True,42
weight_decay,0.001,108,108,2,0.6932903726895651,0.6923130989074707,0.001,64,2,0.3,False,32,75,0.001,0.1,10,5,0.5,True,42
weight_decay,0.001,108,108,3,0.6927392383416494,0.6922948241233826,0.001,64,2,0.3,False,32,75,0.001,0.1,10,5,0.5,True,42
weight_decay,0.001,108,108,4,0.6928331851959229,0.6917624195416768,0.001,64,2,0.3,False,32,75,0.001,0.1,10,5,0.5,True,42
weight_decay,0.001,108,108,5,0.691867519960259,0.6921444455782573,0.001,64,2,0.3,False,32,75,0.001,0.1,10,5,0.5,True,42
weight_decay,0.001,108,108,6,0.6917038316076453,0.6913200418154398,0.001,64,2,0.3,False,32,75,0.001,0.1,10,5,0.5,True,42
weight_decay,0.001,108,108,7,0.6919326475172332,0.691168753306071,0.001,64,2,0.3,False,32,75,0.001,0.1,10,5,0.5,True,42
weight_decay,0.001,108,108,8,0.6915656594615994,0.6915975530942281,0.001,64,2,0.3,False,32,75,0.001,0.1,10,5,0.5,True,42
weight_decay,0.001,108,108,9,0.6914073982925126,0.6904892206192017,0.001,64,2,0.3,False,32,75,0.001,0.1,10,5,0.5,True,42
weight_decay,0.001,108,108,10,0.6911512301726774,0.6905367056528727,0.001,64,2,0.3,False,32,75,0.001,0.1,10,5,0.5,True,42
weight_decay,0.001,108,108,11,0.6917223027258208,0.690925129254659,0.001,64,2,0.3,False,32,75,0.001,0.1,10,5,0.5,True,42
weight_decay,0.001,108,108,12,0.6909650568709229,0.6903022845586141,0.001,64,2,0.3,False,32,75,0.001,0.1,10,5,0.5,True,42
weight_decay,0.001,108,108,13,0.691095457835631,0.6912283579508464,0.001,64,2,0.3,False,32,75,0.001,0.1,10,5,0.5,True,42
weight_decay,0.001,108,108,14,0.6907291213671366,0.6899999459584554,0.001,64,2,0.3,False,32,75,0.001,0.1,10,5,0.5,True,42
weight_decay,0.001,108,108,15,0.6905345383918646,0.6912756204605103,0.001,64,2,0.3,False,32,75,0.001,0.1,10,5,0.5,True,42
weight_decay,0.001,108,108,16,0.690576615207123,0.6896993160247803,0.001,64,2,0.3,False,32,75,0.001,0.1,10,5,0.5,True,42
weight_decay,0.001,108,108,17,0.6907856744347196,0.6900482773780823,0.001,64,2,0.3,False,32,75,0.001,0.1,10,5,0.5,True,42
weight_decay,0.001,108,108,18,0.6897934797135267,0.6911512056986491,0.001,64,2,0.3,False,32,75,0.001,0.1,10,5,0.5,True,42
weight_decay,0.001,108,108,19,0.6901842838887012,0.6894508997599283,0.001,64,2,0.3,False,32,75,0.001,0.1,10,5,0.5,True,42
weight_decay,0.001,108,108,20,0.6897378879966158,0.6891796549161275,0.001,64,2,0.3,False,32,75,0.001,0.1,10,5,0.5,True,42
weight_decay,0.001,108,108,21,0.6898097061749661,0.6907000303268432,0.001,64,2,0.3,False,32,75,0.001,0.1,10,5,0.5,True,42
weight_decay,0.001,108,108,22,0.6900320613023007,0.6897889415423075,0.001,64,2,0.3,False,32,75,0.001,0.1,10,5,0.5,True,42
weight_decay,0.001,108,108,23,0.6898816995548479,0.6885230422019959,0.001,64,2,0.3,False,32,75,0.001,0.1,10,5,0.5,True,42
weight_decay,0.001,108,108,24,0.6889284573721163,0.6887001395225525,0.001,64,2,0.3,False,32,75,0.001,0.1,10,5,0.5,True,42
weight_decay,0.001,108,108,25,0.6890948608969197,0.6883989016215006,0.001,64,2,0.3,False,32,75,0.001,0.1,10,5,0.5,True,42
weight_decay,0.001,108,108,26,0.6890879991379651,0.6882132927576701,0.001,64,2,0.3,False,32,75,0.001,0.1,10,5,0.5,True,42
weight_decay,0.001,108,108,27,0.6883388635787097,0.6885406970977783,0.001,64,2,0.3,False,32,75,0.001,0.1,10,5,0.5,True,42
weight_decay,0.001,108,108,28,0.6882974103544698,0.6869215091069539,0.001,64,2,0.3,False,32,75,0.001,0.1,10,5,0.5,True,42
weight_decay,0.001,108,108,29,0.6888547693238114,0.6879694938659668,0.001,64,2,0.3,False,32,75,0.001,0.1,10,5,0.5,True,42
weight_decay,0.001,108,108,30,0.6873013345581113,0.6880758285522461,0.001,64,2,0.3,False,32,75,0.001,0.1,10,5,0.5,True,42
weight_decay,0.001,108,108,31,0.6883332602905504,0.689743971824646,0.001,64,2,0.3,False,32,75,0.001,0.1,10,5,0.5,True,42
weight_decay,0.001,108,108,32,0.6878623163158243,0.689504341284434,0.001,64,2,0.3,False,32,75,0.001,0.1,10,5,0.5,True,42
weight_decay,0.001,108,108,33,0.6872704065207279,0.6872523506482442,0.001,64,2,0.3,False,32,75,0.001,0.1,10,5,0.5,True,42
weight_decay,0.001,108,108,34,0.6878388817563201,0.6878160635630289,0.001,64,2,0.3,False,32,75,0.001,0.1,10,5,0.5,True,42
weight_decay,0.001,108,108,35,0.6870071766051379,0.687773855527242,0.001,64,2,0.3,False,32,75,0.001,0.1,10,5,0.5,True,42
weight_decay,0.001,108,108,36,0.6860299959327235,0.68793123960495,0.001,64,2,0.3,False,32,75,0.001,0.1,10,5,0.5,True,42
weight_decay,0.001,108,108,37,0.6863112061312704,0.6878363649050395,0.001,64,2,0.3,False,32,75,0.001,0.1,10,5,0.5,True,42
weight_decay,0.001,108,108,38,0.68576377946319,0.687615966796875,0.001,64,2,0.3,False,32,75,0.001,0.1,10,5,0.5,True,42
