parameter_name,parameter_value,fold,subject,epoch,train_loss,val_loss,learning_rate,hidden_size,num_layers,dropout_rate,bidirectional,batch_size,epochs,weight_decay,validation_fraction,early_stopping_patience,lr_scheduler_patience,lr_scheduler_factor,use_class_weight,seed
batch_size,16,1,1,1,0.6936546831529856,0.6924163182576497,0.001,64,2,0.3,False,16,75,0.0,0.1,10,5,0.5,True,42
batch_size,16,1,1,2,0.6921654552107981,0.6899453739325205,0.001,64,2,0.3,False,16,75,0.0,0.1,10,5,0.5,True,42
batch_size,16,1,1,3,0.6902463651428657,0.6923188805580139,0.001,64,2,0.3,False,16,75,0.0,0.1,10,5,0.5,True,42
batch_size,16,1,1,4,0.6869340097042997,0.6918157716592153,0.001,64,2,0.3,False,16,75,0.0,0.1,10,5,0.5,True,42
batch_size,16,1,1,5,0.6846623985033071,0.7069648345311482,0.001,64,2,0.3,False,16,75,0.0,0.1,10,5,0.5,True,42
batch_size,16,1,1,6,0.679534731255738,0.7020648221174876,0.001,64,2,0.3,False,16,75,0.0,0.1,10,5,0.5,True,42
batch_size,16,1,1,7,0.6725408035992669,0.7139698565006256,0.001,64,2,0.3,False,16,75,0.0,0.1,10,5,0.5,True,42
batch_size,16,1,1,8,0.6628864174106729,0.7218949447075526,0.001,64,2,0.3,False,16,75,0.0,0.1,10,5,0.5,True,42
batch_size,16,1,1,9,0.6481129978092904,0.7411023696263631,0.001,64,2,0.3,False,16,75,0.0,0.1,10,5,0.5,True,42
batch_size,16,1,1,10,0.6395227410494148,0.7518527746200562,0.001,64,2,0.3,False,16,75,0.0,0.1,10,5,0.5,True,42
batch_size,16,1,1,11,0.6235279193849165,0.757897824048996,0.001,64,2,0.3,False,16,75,0.0,0.1,10,5,0.5,True,42
batch_size,16,1,1,12,0.6133820849679722,0.7860200723012288,0.001,64,2,0.3,False,16,75,0.0,0.1,10,5,0.5,True,42
batch_size,16,2,2,1,0.6943617583227701,0.6931932687759399,0.001,64,2,0.3,False,16,75,0.0,0.1,10,5,0.5,True,42
batch_size,16,2,2,2,0.6929565969528807,0.6938653727372487,0.001,64,2,0.3,False,16,75,0.0,0.1,10,5,0.5,True,42
batch_size,16,2,2,3,0.6914762251730654,0.6915038605531056,0.001,64,2,0.3,False,16,75,0.0,0.1,10,5,0.5,True,42
batch_size,16,2,2,4,0.6880000555469963,0.6978972276051839,0.001,64,2,0.3,False,16,75,0.0,0.1,10,5,0.5,True,42
batch_size,16,2,2,5,0.686246266383182,0.7015270213286082,0.001,64,2,0.3,False,16,75,0.0,0.1,10,5,0.5,True,42
batch_size,16,2,2,6,0.6823530528028655,0.7066036403179169,0.001,64,2,0.3,False,16,75,0.0,0.1,10,5,0.5,True,42
batch_size,16,2,2,7,0.675453033510723,0.7087562700112661,0.001,64,2,0.3,False,16,75,0.0,0.1,10,5,0.5,True,42
batch_size,16,2,2,8,0.6681862191328984,0.7229393899440766,0.001,64,2,0.3,False,16,75,0.0,0.1,10,5,0.5,True,42
batch_size,16,2,2,9,0.6617799582590168,0.7232452511787415,0.001,64,2,0.3,False,16,75,0.0,0.1,10,5,0.5,True,42
batch_size,16,2,2,10,0.6389822368386128,0.7527348875999451,0.001,64,2,0.3,False,16,75,0.0,0.1,10,5,0.5,True,42
batch_size,16,2,2,11,0.6291718780994415,0.7552738865216573,0.001,64,2,0.3,False,16,75,0.0,0.1,10,5,0.5,True,42
batch_size,16,2,2,12,0.6129359132663379,0.7939782261848449,0.001,64,2,0.3,False,16,75,0.0,0.1,10,5,0.5,True,42
batch_size,16,2,2,13,0.6011278740353457,0.814398197333018,0.001,64,2,0.3,False,16,75,0.0,0.1,10,5,0.5,True,42
batch_size,16,3,3,1,0.6946364206053005,0.6920189042886098,0.001,64,2,0.3,False,16,75,0.0,0.1,10,5,0.5,True,42
batch_size,16,3,3,2,0.6926344488056894,0.6922650297482809,0.001,64,2,0.3,False,16,75,0.0,0.1,10,5,0.5,True,42
batch_size,16,3,3,3,0.691413575478833,0.6929389039675394,0.001,64,2,0.3,False,16,75,0.0,0.1,10,5,0.5,True,42
batch_size,16,3,3,4,0.6884786407303901,0.6902191082636515,0.001,64,2,0.3,False,16,75,0.0,0.1,10,5,0.5,True,42
batch_size,16,3,3,5,0.6865608093856406,0.6927344659964244,0.001,64,2,0.3,False,16,75,0.0,0.1,10,5,0.5,True,42
batch_size,16,3,3,6,0.6828755292149098,0.7002170662085215,0.001,64,2,0.3,False,16,75,0.0,0.1,10,5,0.5,True,42
batch_size,16,3,3,7,0.6751085469931251,0.7061748067537944,0.001,64,2,0.3,False,16,75,0.0,0.1,10,5,0.5,True,42
batch_size,16,3,3,8,0.668683357565122,0.7136362353960674,0.001,64,2,0.3,False,16,75,0.0,0.1,10,5,0.5,True,42
batch_size,16,3,3,9,0.6532546485784843,0.7182258029778799,0.001,64,2,0.3,False,16,75,0.0,0.1,10,5,0.5,True,42
batch_size,16,3,3,10,0.6475760713502935,0.7363344848155975,0.001,64,2,0.3,False,16,75,0.0,0.1,10,5,0.5,True,42
batch_size,16,3,3,11,0.6214683620195425,0.780990195274353,0.001,64,2,0.3,False,16,75,0.0,0.1,10,5,0.5,True,42
batch_size,16,3,3,12,0.6013754986991448,0.7861653864383698,0.001,64,2,0.3,False,16,75,0.0,0.1,10,5,0.5,True,42
batch_size,16,3,3,13,0.5890105953687951,0.7953167974948883,0.001,64,2,0.3,False,16,75,0.0,0.1,10,5,0.5,True,42
batch_size,16,3,3,14,0.5756498824507564,0.829598460594813,0.001,64,2,0.3,False,16,75,0.0,0.1,10,5,0.5,True,42
batch_size,16,4,4,1,0.6940424784508041,0.6920369247595469,0.001,64,2,0.3,False,16,75,0.0,0.1,10,5,0.5,True,42
batch_size,16,4,4,2,0.6929246225737801,0.6943208754062653,0.001,64,2,0.3,False,16,75,0.0,0.1,10,5,0.5,True,42
batch_size,16,4,4,3,0.6922652664746621,0.6906124929587046,0.001,64,2,0.3,False,16,75,0.0,0.1,10,5,0.5,True,42
batch_size,16,4,4,4,0.6894971565148676,0.6963223616282145,0.001,64,2,0.3,False,16,75,0.0,0.1,10,5,0.5,True,42
batch_size,16,4,4,5,0.6835798979258809,0.6973483900229136,0.001,64,2,0.3,False,16,75,0.0,0.1,10,5,0.5,True,42
batch_size,16,4,4,6,0.6832763011011334,0.7029794832070668,0.001,64,2,0.3,False,16,75,0.0,0.1,10,5,0.5,True,42
batch_size,16,4,4,7,0.6752801310880102,0.7006669104099273,0.001,64,2,0.3,False,16,75,0.0,0.1,10,5,0.5,True,42
batch_size,16,4,4,8,0.6669751621017891,0.718535468975703,0.001,64,2,0.3,False,16,75,0.0,0.1,10,5,0.5,True,42
batch_size,16,4,4,9,0.6602993872682404,0.7394083539644877,0.001,64,2,0.3,False,16,75,0.0,0.1,10,5,0.5,True,42
batch_size,16,4,4,10,0.6325999838317755,0.778933854897817,0.001,64,2,0.3,False,16,75,0.0,0.1,10,5,0.5,True,42
batch_size,16,4,4,11,0.6225349466836951,0.7799085736274719,0.001,64,2,0.3,False,16,75,0.0,0.1,10,5,0.5,True,42
batch_size,16,4,4,12,0.6065505514126767,0.7799187183380127,0.001,64,2,0.3,False,16,75,0.0,0.1,10,5,0.5,True,42
batch_size,16,4,4,13,0.5919334634628586,0.8462291419506073,0.001,64,2,0.3,False,16,75,0.0,0.1,10,5,0.5,True,42
batch_size,16,5,5,1,0.6937610273578775,0.6919766545295716,0.001,64,2,0.3,False,16,75,0.0,0.1,10,5,0.5,True,42
batch_size,16,5,5,2,0.6932954493584288,0.6899961988131206,0.001,64,2,0.3,False,16,75,0.0,0.1,10,5,0.5,True,42
batch_size,16,5,5,3,0.6909307606319964,0.6887298583984375,0.001,64,2,0.3,False,16,75,0.0,0.1,10,5,0.5,True,42
batch_size,16,5,5,4,0.6903230425522808,0.6891978065172831,0.001,64,2,0.3,False,16,75,0.0,0.1,10,5,0.5,True,42
batch_size,16,5,5,5,0.685244283295403,0.6911055425802867,0.001,64,2,0.3,False,16,75,0.0,0.1,10,5,0.5,True,42
batch_size,16,5,5,6,0.682766397416365,0.6939298888047536,0.001,64,2,0.3,False,16,75,0.0,0.1,10,5,0.5,True,42
batch_size,16,5,5,7,0.677459882919326,0.6929336667060852,0.001,64,2,0.3,False,16,75,0.0,0.1,10,5,0.5,True,42
batch_size,16,5,5,8,0.6689390552587835,0.7017220973968505,0.001,64,2,0.3,False,16,75,0.0,0.1,10,5,0.5,True,42
batch_size,16,5,5,9,0.6625716914015578,0.6956387142340342,0.001,64,2,0.3,False,16,75,0.0,0.1,10,5,0.5,True,42
batch_size,16,5,5,10,0.6424636851018826,0.7398343761761983,0.001,64,2,0.3,False,16,75,0.0,0.1,10,5,0.5,True,42
batch_size,16,5,5,11,0.6282600700401988,0.8134100238482157,0.001,64,2,0.3,False,16,75,0.0,0.1,10,5,0.5,True,42
batch_size,16,5,5,12,0.614076297886018,0.8358421544233958,0.001,64,2,0.3,False,16,75,0.0,0.1,10,5,0.5,True,42
batch_size,16,5,5,13,0.6024721477874785,0.8125084499518077,0.001,64,2,0.3,False,16,75,0.0,0.1,10,5,0.5,True,42
batch_size,16,6,6,1,0.6946750484945203,0.6919741173585255,0.001,64,2,0.3,False,16,75,0.0,0.1,10,5,0.5,True,42
batch_size,16,6,6,2,0.6927502017057441,0.6927636623382568,0.001,64,2,0.3,False,16,75,0.0,0.1,10,5,0.5,True,42
batch_size,16,6,6,3,0.6924605077210488,0.692683215936025,0.001,64,2,0.3,False,16,75,0.0,0.1,10,5,0.5,True,42
batch_size,16,6,6,4,0.6899987051242205,0.6949845492839813,0.001,64,2,0.3,False,16,75,0.0,0.1,10,5,0.5,True,42
batch_size,16,6,6,5,0.6882413684641907,0.6939372460047404,0.001,64,2,0.3,False,16,75,0.0,0.1,10,5,0.5,True,42
batch_size,16,6,6,6,0.6830828874283417,0.7015634735425313,0.001,64,2,0.3,False,16,75,0.0,0.1,10,5,0.5,True,42
batch_size,16,6,6,7,0.6754086998932262,0.7125676949818929,0.001,64,2,0.3,False,16,75,0.0,0.1,10,5,0.5,True,42
batch_size,16,6,6,8,0.6578324899474024,0.7326018850008646,0.001,64,2,0.3,False,16,75,0.0,0.1,10,5,0.5,True,42
batch_size,16,6,6,9,0.6463574205061329,0.7475983947515488,0.001,64,2,0.3,False,16,75,0.0,0.1,10,5,0.5,True,42
batch_size,16,6,6,10,0.6352282578954225,0.7658316522836686,0.001,64,2,0.3,False,16,75,0.0,0.1,10,5,0.5,True,42
batch_size,16,6,6,11,0.619804021636796,0.8074082950750987,0.001,64,2,0.3,False,16,75,0.0,0.1,10,5,0.5,True,42
batch_size,16,7,7,1,0.6942490688294966,0.6924401601155599,0.001,64,2,0.3,False,16,75,0.0,0.1,10,5,0.5,True,42
batch_size,16,7,7,2,0.6934001259930687,0.6909114162127177,0.001,64,2,0.3,False,16,75,0.0,0.1,10,5,0.5,True,42
batch_size,16,7,7,3,0.6916575121335657,0.6930915792783101,0.001,64,2,0.3,False,16,75,0.0,0.1,10,5,0.5,True,42
batch_size,16,7,7,4,0.6890407215959672,0.6946480631828308,0.001,64,2,0.3,False,16,75,0.0,0.1,10,5,0.5,True,42
batch_size,16,7,7,5,0.6860074042820659,0.6963050047556559,0.001,64,2,0.3,False,16,75,0.0,0.1,10,5,0.5,True,42
batch_size,16,7,7,6,0.6805634410209076,0.7078124443689983,0.001,64,2,0.3,False,16,75,0.0,0.1,10,5,0.5,True,42
batch_size,16,7,7,7,0.6744584631557247,0.713453757762909,0.001,64,2,0.3,False,16,75,0.0,0.1,10,5,0.5,True,42
batch_size,16,7,7,8,0.6660631352277763,0.7449407994747161,0.001,64,2,0.3,False,16,75,0.0,0.1,10,5,0.5,True,42
batch_size,16,7,7,9,0.6449891649498233,0.7471884032090504,0.001,64,2,0.3,False,16,75,0.0,0.1,10,5,0.5,True,42
batch_size,16,7,7,10,0.6313177905835127,0.7570254822572072,0.001,64,2,0.3,False,16,75,0.0,0.1,10,5,0.5,True,42
batch_size,16,7,7,11,0.6132517403749459,0.8034587740898133,0.001,64,2,0.3,False,16,75,0.0,0.1,10,5,0.5,True,42
batch_size,16,7,7,12,0.6004754636904133,0.8097570240497589,0.001,64,2,0.3,False,16,75,0.0,0.1,10,5,0.5,True,42
batch_size,16,8,8,1,0.6941749063734772,0.6941909849643707,0.001,64,2,0.3,False,16,75,0.0,0.1,10,5,0.5,True,42
batch_size,16,8,8,2,0.6932038793998979,0.6933278322219849,0.001,64,2,0.3,False,16,75,0.0,0.1,10,5,0.5,True,42
batch_size,16,8,8,3,0.6915103770480863,0.6904821276664734,0.001,64,2,0.3,False,16,75,0.0,0.1,10,5,0.5,True,42
batch_size,16,8,8,4,0.6896421000531417,0.6871418456236521,0.001,64,2,0.3,False,16,75,0.0,0.1,10,5,0.5,True,42
batch_size,16,8,8,5,0.6877056006696287,0.6902381201585134,0.001,64,2,0.3,False,16,75,0.0,0.1,10,5,0.5,True,42
batch_size,16,8,8,6,0.6833635616211837,0.698604142665863,0.001,64,2,0.3,False,16,75,0.0,0.1,10,5,0.5,True,42
batch_size,16,8,8,7,0.6764305016387098,0.6975146293640136,0.001,64,2,0.3,False,16,75,0.0,0.1,10,5,0.5,True,42
batch_size,16,8,8,8,0.6779958832399927,0.6920185347398122,0.001,64,2,0.3,False,16,75,0.0,0.1,10,5,0.5,True,42
batch_size,16,8,8,9,0.6949486159099826,0.6930304388205211,0.001,64,2,0.3,False,16,75,0.0,0.1,10,5,0.5,True,42
batch_size,16,8,8,10,0.6934844473015673,0.6932249804337819,0.001,64,2,0.3,False,16,75,0.0,0.1,10,5,0.5,True,42
batch_size,16,8,8,11,0.6927183723721667,0.6931065638860067,0.001,64,2,0.3,False,16,75,0.0,0.1,10,5,0.5,True,42
batch_size,16,8,8,12,0.6928538650614228,0.6931816458702087,0.001,64,2,0.3,False,16,75,0.0,0.1,10,5,0.5,True,42
batch_size,16,8,8,13,0.6925099179318649,0.6934117992719014,0.001,64,2,0.3,False,16,75,0.0,0.1,10,5,0.5,True,42
batch_size,16,8,8,14,0.6922021648729709,0.693455837170283,0.001,64,2,0.3,False,16,75,0.0,0.1,10,5,0.5,True,42
batch_size,16,9,9,1,0.6942098732230327,0.6931166668732961,0.001,64,2,0.3,False,16,75,0.0,0.1,10,5,0.5,True,42
batch_size,16,9,9,2,0.6925725995814392,0.69392964442571,0.001,64,2,0.3,False,16,75,0.0,0.1,10,5,0.5,True,42
batch_size,16,9,9,3,0.6915990660399085,0.695092362165451,0.001,64,2,0.3,False,16,75,0.0,0.1,10,5,0.5,True,42
batch_size,16,9,9,4,0.6893487074075996,0.6978979309399923,0.001,64,2,0.3,False,16,75,0.0,0.1,10,5,0.5,True,42
batch_size,16,9,9,5,0.6870848375581516,0.6960614760716756,0.001,64,2,0.3,False,16,75,0.0,0.1,10,5,0.5,True,42
batch_size,16,9,9,6,0.6816472383959665,0.7101565341154734,0.001,64,2,0.3,False,16,75,0.0,0.1,10,5,0.5,True,42
batch_size,16,9,9,7,0.6745659795097525,0.7221441845099131,0.001,64,2,0.3,False,16,75,0.0,0.1,10,5,0.5,True,42
batch_size,16,9,9,8,0.6596382636534397,0.7394661128520965,0.001,64,2,0.3,False,16,75,0.0,0.1,10,5,0.5,True,42
batch_size,16,9,9,9,0.6475986514254668,0.7614746888478597,0.001,64,2,0.3,False,16,75,0.0,0.1,10,5,0.5,True,42
batch_size,16,9,9,10,0.6413288612782728,0.7693962295850117,0.001,64,2,0.3,False,16,75,0.0,0.1,10,5,0.5,True,42
batch_size,16,9,9,11,0.6269998728322439,0.8210350016752879,0.001,64,2,0.3,False,16,75,0.0,0.1,10,5,0.5,True,42
batch_size,16,10,10,1,0.6949524911184275,0.6926921864350637,0.001,64,2,0.3,False,16,75,0.0,0.1,10,5,0.5,True,42
batch_size,16,10,10,2,0.6928448765450104,0.6927251378695171,0.001,64,2,0.3,False,16,75,0.0,0.1,10,5,0.5,True,42
batch_size,16,10,10,3,0.6913182277643182,0.6923629105091095,0.001,64,2,0.3,False,16,75,0.0,0.1,10,5,0.5,True,42
batch_size,16,10,10,4,0.6893390806908843,0.6953251858552297,0.001,64,2,0.3,False,16,75,0.0,0.1,10,5,0.5,True,42
batch_size,16,10,10,5,0.6869234601354418,0.6943764289220175,0.001,64,2,0.3,False,16,75,0.0,0.1,10,5,0.5,True,42
batch_size,16,10,10,6,0.6821115302495631,0.71153431336085,0.001,64,2,0.3,False,16,75,0.0,0.1,10,5,0.5,True,42
batch_size,16,10,10,7,0.6778220509394947,0.7115585684776307,0.001,64,2,0.3,False,16,75,0.0,0.1,10,5,0.5,True,42
batch_size,16,10,10,8,0.6662194835369125,0.7326342622439067,0.001,64,2,0.3,False,16,75,0.0,0.1,10,5,0.5,True,42
batch_size,16,10,10,9,0.6581304344160929,0.7209790885448456,0.001,64,2,0.3,False,16,75,0.0,0.1,10,5,0.5,True,42
batch_size,16,10,10,10,0.6302076417230381,0.7853339036305745,0.001,64,2,0.3,False,16,75,0.0,0.1,10,5,0.5,True,42
batch_size,16,10,10,11,0.6188442490626651,0.7822525183359782,0.001,64,2,0.3,False,16,75,0.0,0.1,10,5,0.5,True,42
batch_size,16,10,10,12,0.5981091554400585,0.8051150540510813,0.001,64,2,0.3,False,16,75,0.0,0.1,10,5,0.5,True,42
batch_size,16,10,10,13,0.5821129426983372,0.8491425057252248,0.001,64,2,0.3,False,16,75,0.0,0.1,10,5,0.5,True,42
batch_size,16,11,11,1,0.6939635177075636,0.6921195328235626,0.001,64,2,0.3,False,16,75,0.0,0.1,10,5,0.5,True,42
batch_size,16,11,11,2,0.6925042919786257,0.6933644771575928,0.001,64,2,0.3,False,16,75,0.0,0.1,10,5,0.5,True,42
batch_size,16,11,11,3,0.6913356862593967,0.694654373327891,0.001,64,2,0.3,False,16,75,0.0,0.1,10,5,0.5,True,42
batch_size,16,11,11,4,0.689290738604368,0.6962524493535359,0.001,64,2,0.3,False,16,75,0.0,0.1,10,5,0.5,True,42
batch_size,16,11,11,5,0.6864148765915701,0.6973468323548635,0.001,64,2,0.3,False,16,75,0.0,0.1,10,5,0.5,True,42
batch_size,16,11,11,6,0.6813516979435098,0.7068564136823018,0.001,64,2,0.3,False,16,75,0.0,0.1,10,5,0.5,True,42
batch_size,16,11,11,7,0.6757251547769901,0.7082593142986298,0.001,64,2,0.3,False,16,75,0.0,0.1,10,5,0.5,True,42
batch_size,16,11,11,8,0.6586466028209875,0.7244912505149841,0.001,64,2,0.3,False,16,75,0.0,0.1,10,5,0.5,True,42
batch_size,16,11,11,9,0.6464537297138243,0.7287101169427236,0.001,64,2,0.3,False,16,75,0.0,0.1,10,5,0.5,True,42
batch_size,16,11,11,10,0.6383764594226735,0.745108824968338,0.001,64,2,0.3,False,16,75,0.0,0.1,10,5,0.5,True,42
batch_size,16,11,11,11,0.6246029609963014,0.7589880804220835,0.001,64,2,0.3,False,16,75,0.0,0.1,10,5,0.5,True,42
batch_size,16,12,12,1,0.6943513071129077,0.6923701624075572,0.001,64,2,0.3,False,16,75,0.0,0.1,10,5,0.5,True,42
batch_size,16,12,12,2,0.6932424123296266,0.6919761935869853,0.001,64,2,0.3,False,16,75,0.0,0.1,10,5,0.5,True,42
batch_size,16,12,12,3,0.6921428455599361,0.6904410362243653,0.001,64,2,0.3,False,16,75,0.0,0.1,10,5,0.5,True,42
batch_size,16,12,12,4,0.6909597044661925,0.6907578567663829,0.001,64,2,0.3,False,16,75,0.0,0.1,10,5,0.5,True,42
batch_size,16,12,12,5,0.6881547468243443,0.6955356597900391,0.001,64,2,0.3,False,16,75,0.0,0.1,10,5,0.5,True,42
batch_size,16,12,12,6,0.6827760356913954,0.6980134626229604,0.001,64,2,0.3,False,16,75,0.0,0.1,10,5,0.5,True,42
batch_size,16,12,12,7,0.6753436141141014,0.6927361945311229,0.001,64,2,0.3,False,16,75,0.0,0.1,10,5,0.5,True,42
batch_size,16,12,12,8,0.669373627171317,0.7129504760106404,0.001,64,2,0.3,False,16,75,0.0,0.1,10,5,0.5,True,42
batch_size,16,12,12,9,0.6589835190954317,0.7153459171454112,0.001,64,2,0.3,False,16,75,0.0,0.1,10,5,0.5,True,42
batch_size,16,12,12,10,0.6402327250618445,0.7434264838695526,0.001,64,2,0.3,False,16,75,0.0,0.1,10,5,0.5,True,42
batch_size,16,12,12,11,0.6276389537202088,0.7292703449726105,0.001,64,2,0.3,False,16,75,0.0,0.1,10,5,0.5,True,42
batch_size,16,12,12,12,0.6162833663220642,0.7697446922461192,0.001,64,2,0.3,False,16,75,0.0,0.1,10,5,0.5,True,42
batch_size,16,12,12,13,0.6023204919276582,0.7824281573295593,0.001,64,2,0.3,False,16,75,0.0,0.1,10,5,0.5,True,42
batch_size,16,13,13,1,0.694028750287764,0.6956601520379384,0.001,64,2,0.3,False,16,75,0.0,0.1,10,5,0.5,True,42
batch_size,16,13,13,2,0.6925396767981125,0.6933390239874522,0.001,64,2,0.3,False,16,75,0.0,0.1,10,5,0.5,True,42
batch_size,16,13,13,3,0.6917622407728975,0.6933013260364532,0.001,64,2,0.3,False,16,75,0.0,0.1,10,5,0.5,True,42
batch_size,16,13,13,4,0.6894347107771671,0.6945151170094808,0.001,64,2,0.3,False,16,75,0.0,0.1,10,5,0.5,True,42
batch_size,16,13,13,5,0.6879998917380968,0.6935719430446625,0.001,64,2,0.3,False,16,75,0.0,0.1,10,5,0.5,True,42
batch_size,16,13,13,6,0.6835395515416608,0.7020986874898275,0.001,64,2,0.3,False,16,75,0.0,0.1,10,5,0.5,True,42
batch_size,16,13,13,7,0.6774718555988688,0.703938607374827,0.001,64,2,0.3,False,16,75,0.0,0.1,10,5,0.5,True,42
batch_size,16,13,13,8,0.6709094033999876,0.7060516814390818,0.001,64,2,0.3,False,16,75,0.0,0.1,10,5,0.5,True,42
batch_size,16,13,13,9,0.6544004238464616,0.7200926641623179,0.001,64,2,0.3,False,16,75,0.0,0.1,10,5,0.5,True,42
batch_size,16,13,13,10,0.6428693689857469,0.7473525702953339,0.001,64,2,0.3,False,16,75,0.0,0.1,10,5,0.5,True,42
batch_size,16,13,13,11,0.6292328455231406,0.747091801961263,0.001,64,2,0.3,False,16,75,0.0,0.1,10,5,0.5,True,42
batch_size,16,13,13,12,0.6177340330499591,0.8022267282009125,0.001,64,2,0.3,False,16,75,0.0,0.1,10,5,0.5,True,42
batch_size,16,13,13,13,0.6042328073897145,0.8176916261514028,0.001,64,2,0.3,False,16,75,0.0,0.1,10,5,0.5,True,42
batch_size,16,14,14,1,0.6940186803331847,0.6954181591669718,0.001,64,2,0.3,False,16,75,0.0,0.1,10,5,0.5,True,42
batch_size,16,14,14,2,0.692835934715126,0.6916009604930877,0.001,64,2,0.3,False,16,75,0.0,0.1,10,5,0.5,True,42
batch_size,16,14,14,3,0.6915010812164712,0.6910334308942159,0.001,64,2,0.3,False,16,75,0.0,0.1,10,5,0.5,True,42
batch_size,16,14,14,4,0.6899157574421553,0.6920916577180226,0.001,64,2,0.3,False,16,75,0.0,0.1,10,5,0.5,True,42
batch_size,16,14,14,5,0.6875284119250656,0.6945335408051808,0.001,64,2,0.3,False,16,75,0.0,0.1,10,5,0.5,True,42
batch_size,16,14,14,6,0.6843288418457989,0.6976325194040934,0.001,64,2,0.3,False,16,75,0.0,0.1,10,5,0.5,True,42
batch_size,16,14,14,7,0.6790276836079789,0.6984877566496531,0.001,64,2,0.3,False,16,75,0.0,0.1,10,5,0.5,True,42
batch_size,16,14,14,8,0.6699012574587485,0.7142549594243367,0.001,64,2,0.3,False,16,75,0.0,0.1,10,5,0.5,True,42
batch_size,16,14,14,9,0.6647453129064901,0.7202817022800445,0.001,64,2,0.3,False,16,75,0.0,0.1,10,5,0.5,True,42
batch_size,16,14,14,10,0.6452592312156474,0.7368887384732564,0.001,64,2,0.3,False,16,75,0.0,0.1,10,5,0.5,True,42
batch_size,16,14,14,11,0.6357691707266601,0.740633620818456,0.001,64,2,0.3,False,16,75,0.0,0.1,10,5,0.5,True,42
batch_size,16,14,14,12,0.6225082265786799,0.7494624932607015,0.001,64,2,0.3,False,16,75,0.0,0.1,10,5,0.5,True,42
batch_size,16,14,14,13,0.612647691607022,0.7835144499937693,0.001,64,2,0.3,False,16,75,0.0,0.1,10,5,0.5,True,42
batch_size,16,15,15,1,0.6944201683816801,0.6934708476066589,0.001,64,2,0.3,False,16,75,0.0,0.1,10,5,0.5,True,42
batch_size,16,15,15,2,0.6927767119480177,0.6925812284151713,0.001,64,2,0.3,False,16,75,0.0,0.1,10,5,0.5,True,42
batch_size,16,15,15,3,0.6906124299016743,0.6953212877114614,0.001,64,2,0.3,False,16,75,0.0,0.1,10,5,0.5,True,42
batch_size,16,15,15,4,0.6884359531529503,0.7033572594324747,0.001,64,2,0.3,False,16,75,0.0,0.1,10,5,0.5,True,42
batch_size,16,15,15,5,0.6845945466607243,0.705218623081843,0.001,64,2,0.3,False,16,75,0.0,0.1,10,5,0.5,True,42
batch_size,16,15,15,6,0.6814310219804597,0.7005034148693084,0.001,64,2,0.3,False,16,75,0.0,0.1,10,5,0.5,True,42
batch_size,16,15,15,7,0.6731499741739193,0.7214977025985718,0.001,64,2,0.3,False,16,75,0.0,0.1,10,5,0.5,True,42
batch_size,16,15,15,8,0.6668649318100381,0.7318374653657277,0.001,64,2,0.3,False,16,75,0.0,0.1,10,5,0.5,True,42
batch_size,16,15,15,9,0.6472339621061608,0.7636140326658885,0.001,64,2,0.3,False,16,75,0.0,0.1,10,5,0.5,True,42
batch_size,16,15,15,10,0.6318493387998284,0.8119938989480336,0.001,64,2,0.3,False,16,75,0.0,0.1,10,5,0.5,True,42
batch_size,16,15,15,11,0.6189884248795164,0.7726197918256124,0.001,64,2,0.3,False,16,75,0.0,0.1,10,5,0.5,True,42
batch_size,16,15,15,12,0.6030981834170482,0.8271685898303985,0.001,64,2,0.3,False,16,75,0.0,0.1,10,5,0.5,True,42
batch_size,16,16,16,1,0.6940868755257175,0.6933137198289235,0.001,64,2,0.3,False,16,75,0.0,0.1,10,5,0.5,True,42
batch_size,16,16,16,2,0.693347765465653,0.6917367736498515,0.001,64,2,0.3,False,16,75,0.0,0.1,10,5,0.5,True,42
batch_size,16,16,16,3,0.6926344997982562,0.692847321430842,0.001,64,2,0.3,False,16,75,0.0,0.1,10,5,0.5,True,42
batch_size,16,16,16,4,0.6908609563406882,0.6942323466142019,0.001,64,2,0.3,False,16,75,0.0,0.1,10,5,0.5,True,42
batch_size,16,16,16,5,0.6887239580371988,0.6909158746401469,0.001,64,2,0.3,False,16,75,0.0,0.1,10,5,0.5,True,42
batch_size,16,16,16,6,0.686615364179865,0.694300377368927,0.001,64,2,0.3,False,16,75,0.0,0.1,10,5,0.5,True,42
batch_size,16,16,16,7,0.6821822170522276,0.6995488325754802,0.001,64,2,0.3,False,16,75,0.0,0.1,10,5,0.5,True,42
batch_size,16,16,16,8,0.6767220508463029,0.7067819197972616,0.001,64,2,0.3,False,16,75,0.0,0.1,10,5,0.5,True,42
batch_size,16,16,16,9,0.6693738594707881,0.750075896581014,0.001,64,2,0.3,False,16,75,0.0,0.1,10,5,0.5,True,42
batch_size,16,16,16,10,0.6663026485606292,0.7134380062421163,0.001,64,2,0.3,False,16,75,0.0,0.1,10,5,0.5,True,42
batch_size,16,16,16,11,0.6503884645016021,0.736243724822998,0.001,64,2,0.3,False,16,75,0.0,0.1,10,5,0.5,True,42
batch_size,16,16,16,12,0.6262961911611231,0.7641411205132802,0.001,64,2,0.3,False,16,75,0.0,0.1,10,5,0.5,True,42
batch_size,16,16,16,13,0.6065918068922065,0.7722356696923574,0.001,64,2,0.3,False,16,75,0.0,0.1,10,5,0.5,True,42
batch_size,16,16,16,14,0.589826276547102,0.8223604659239451,0.001,64,2,0.3,False,16,75,0.0,0.1,10,5,0.5,True,42
batch_size,16,16,16,15,0.577851200738334,0.8675314128398895,0.001,64,2,0.3,False,16,75,0.0,0.1,10,5,0.5,True,42
batch_size,16,17,17,1,0.6938815103335814,0.6924500087896983,0.001,64,2,0.3,False,16,75,0.0,0.1,10,5,0.5,True,42
batch_size,16,17,17,2,0.6926863599907268,0.691396192709605,0.001,64,2,0.3,False,16,75,0.0,0.1,10,5,0.5,True,42
batch_size,16,17,17,3,0.6908842354561343,0.6908846398194631,0.001,64,2,0.3,False,16,75,0.0,0.1,10,5,0.5,True,42
batch_size,16,17,17,4,0.6895567765741637,0.6914269467194875,0.001,64,2,0.3,False,16,75,0.0,0.1,10,5,0.5,True,42
batch_size,16,17,17,5,0.6876679026719296,0.6931358794371287,0.001,64,2,0.3,False,16,75,0.0,0.1,10,5,0.5,True,42
batch_size,16,17,17,6,0.6859598997415919,0.6940011123816172,0.001,64,2,0.3,False,16,75,0.0,0.1,10,5,0.5,True,42
batch_size,16,17,17,7,0.6782094621748636,0.69685231645902,0.001,64,2,0.3,False,16,75,0.0,0.1,10,5,0.5,True,42
batch_size,16,17,17,8,0.6717646851232557,0.7049526949723561,0.001,64,2,0.3,False,16,75,0.0,0.1,10,5,0.5,True,42
batch_size,16,17,17,9,0.6660410531542518,0.7046554942925771,0.001,64,2,0.3,False,16,75,0.0,0.1,10,5,0.5,True,42
batch_size,16,17,17,10,0.6464273405797554,0.7208666821320852,0.001,64,2,0.3,False,16,75,0.0,0.1,10,5,0.5,True,42
batch_size,16,17,17,11,0.6368874078898719,0.7309323767820994,0.001,64,2,0.3,False,16,75,0.0,0.1,10,5,0.5,True,42
batch_size,16,17,17,12,0.617727246474136,0.7553453246752421,0.001,64,2,0.3,False,16,75,0.0,0.1,10,5,0.5,True,42
batch_size,16,17,17,13,0.6049888478874257,0.7760377844174703,0.001,64,2,0.3,False,16,75,0.0,0.1,10,5,0.5,True,42
batch_size,16,18,18,1,0.694301638539753,0.6944387137889863,0.001,64,2,0.3,False,16,75,0.0,0.1,10,5,0.5,True,42
batch_size,16,18,18,2,0.6932834287106764,0.6919657826423645,0.001,64,2,0.3,False,16,75,0.0,0.1,10,5,0.5,True,42
batch_size,16,18,18,3,0.6918330693426241,0.6908385415871938,0.001,64,2,0.3,False,16,75,0.0,0.1,10,5,0.5,True,42
batch_size,16,18,18,4,0.6899392156093292,0.692452746629715,0.001,64,2,0.3,False,16,75,0.0,0.1,10,5,0.5,True,42
batch_size,16,18,18,5,0.6880728532152938,0.689395918448766,0.001,64,2,0.3,False,16,75,0.0,0.1,10,5,0.5,True,42
batch_size,16,18,18,6,0.6847391491153848,0.7033961315949758,0.001,64,2,0.3,False,16,75,0.0,0.1,10,5,0.5,True,42
batch_size,16,18,18,7,0.6802044726143318,0.7130429744720459,0.001,64,2,0.3,False,16,75,0.0,0.1,10,5,0.5,True,42
batch_size,16,18,18,8,0.6694900259772181,0.7003657321135203,0.001,64,2,0.3,False,16,75,0.0,0.1,10,5,0.5,True,42
batch_size,16,18,18,9,0.6623548951439078,0.7146650592486063,0.001,64,2,0.3,False,16,75,0.0,0.1,10,5,0.5,True,42
batch_size,16,18,18,10,0.6493584969197842,0.7430223921934763,0.001,64,2,0.3,False,16,75,0.0,0.1,10,5,0.5,True,42
batch_size,16,18,18,11,0.6379662872267313,0.7429383436838786,0.001,64,2,0.3,False,16,75,0.0,0.1,10,5,0.5,True,42
batch_size,16,18,18,12,0.6154410912736741,0.7723594586054484,0.001,64,2,0.3,False,16,75,0.0,0.1,10,5,0.5,True,42
batch_size,16,18,18,13,0.5936290255744194,0.8291473428408305,0.001,64,2,0.3,False,16,75,0.0,0.1,10,5,0.5,True,42
batch_size,16,18,18,14,0.5749184413327917,0.7927344838778178,0.001,64,2,0.3,False,16,75,0.0,0.1,10,5,0.5,True,42
batch_size,16,18,18,15,0.5621006085392187,0.885353281100591,0.001,64,2,0.3,False,16,75,0.0,0.1,10,5,0.5,True,42
batch_size,16,19,19,1,0.6939425787998243,0.6913515647252401,0.001,64,2,0.3,False,16,75,0.0,0.1,10,5,0.5,True,42
batch_size,16,19,19,2,0.6923024248714229,0.6942929764588673,0.001,64,2,0.3,False,16,75,0.0,0.1,10,5,0.5,True,42
batch_size,16,19,19,3,0.6902967172430495,0.6924001812934876,0.001,64,2,0.3,False,16,75,0.0,0.1,10,5,0.5,True,42
batch_size,16,19,19,4,0.6877676971511696,0.6963751137256622,0.001,64,2,0.3,False,16,75,0.0,0.1,10,5,0.5,True,42
batch_size,16,19,19,5,0.6850767586621042,0.7005632440249125,0.001,64,2,0.3,False,16,75,0.0,0.1,10,5,0.5,True,42
batch_size,16,19,19,6,0.6815396690096692,0.6986386179924011,0.001,64,2,0.3,False,16,75,0.0,0.1,10,5,0.5,True,42
batch_size,16,19,19,7,0.6740590664823699,0.7133621156215668,0.001,64,2,0.3,False,16,75,0.0,0.1,10,5,0.5,True,42
batch_size,16,19,19,8,0.6573944420415639,0.7279455403486887,0.001,64,2,0.3,False,16,75,0.0,0.1,10,5,0.5,True,42
batch_size,16,19,19,9,0.651347455529659,0.7323423862457276,0.001,64,2,0.3,False,16,75,0.0,0.1,10,5,0.5,True,42
batch_size,16,19,19,10,0.63958318752481,0.7531833589076996,0.001,64,2,0.3,False,16,75,0.0,0.1,10,5,0.5,True,42
batch_size,16,19,19,11,0.6295655440015031,0.7657217144966125,0.001,64,2,0.3,False,16,75,0.0,0.1,10,5,0.5,True,42
batch_size,16,20,20,1,0.6933029182963498,0.6949471851189931,0.001,64,2,0.3,False,16,75,0.0,0.1,10,5,0.5,True,42
batch_size,16,20,20,2,0.6926706023089333,0.6938273727893829,0.001,64,2,0.3,False,16,75,0.0,0.1,10,5,0.5,True,42
batch_size,16,20,20,3,0.6911819162477558,0.6918567617734274,0.001,64,2,0.3,False,16,75,0.0,0.1,10,5,0.5,True,42
batch_size,16,20,20,4,0.6888811712935851,0.6946194509665171,0.001,64,2,0.3,False,16,75,0.0,0.1,10,5,0.5,True,42
batch_size,16,20,20,5,0.6849267102013069,0.702501646677653,0.001,64,2,0.3,False,16,75,0.0,0.1,10,5,0.5,True,42
batch_size,16,20,20,6,0.6810684951992543,0.7061383724212646,0.001,64,2,0.3,False,16,75,0.0,0.1,10,5,0.5,True,42
batch_size,16,20,20,7,0.6747138130800806,0.7162376125653585,0.001,64,2,0.3,False,16,75,0.0,0.1,10,5,0.5,True,42
batch_size,16,20,20,8,0.6640444055709549,0.7302335878213246,0.001,64,2,0.3,False,16,75,0.0,0.1,10,5,0.5,True,42
batch_size,16,20,20,9,0.6525497671089245,0.7212540924549102,0.001,64,2,0.3,False,16,75,0.0,0.1,10,5,0.5,True,42
batch_size,16,20,20,10,0.6317325234413147,0.7550472795963288,0.001,64,2,0.3,False,16,75,0.0,0.1,10,5,0.5,True,42
batch_size,16,20,20,11,0.6181193190155827,0.7710763057072957,0.001,64,2,0.3,False,16,75,0.0,0.1,10,5,0.5,True,42
batch_size,16,20,20,12,0.6001289996810739,0.7961817940076192,0.001,64,2,0.3,False,16,75,0.0,0.1,10,5,0.5,True,42
batch_size,16,20,20,13,0.5846672050173292,0.821259742975235,0.001,64,2,0.3,False,16,75,0.0,0.1,10,5,0.5,True,42
batch_size,16,21,21,1,0.6947350477084461,0.6927285671234131,0.001,64,2,0.3,False,16,75,0.0,0.1,10,5,0.5,True,42
batch_size,16,21,21,2,0.6929444713737575,0.6941144367059072,0.001,64,2,0.3,False,16,75,0.0,0.1,10,5,0.5,True,42
batch_size,16,21,21,3,0.6908749949342851,0.6926708281040191,0.001,64,2,0.3,False,16,75,0.0,0.1,10,5,0.5,True,42
batch_size,16,21,21,4,0.6895686469603854,0.6946983019510905,0.001,64,2,0.3,False,16,75,0.0,0.1,10,5,0.5,True,42
batch_size,16,21,21,5,0.6870609685042058,0.6988126695156097,0.001,64,2,0.3,False,16,75,0.0,0.1,10,5,0.5,True,42
batch_size,16,21,21,6,0.6828387996089775,0.7040849765141804,0.001,64,2,0.3,False,16,75,0.0,0.1,10,5,0.5,True,42
batch_size,16,21,21,7,0.6775584669620819,0.7132863024870555,0.001,64,2,0.3,False,16,75,0.0,0.1,10,5,0.5,True,42
batch_size,16,21,21,8,0.6635206706623614,0.7216640869776408,0.001,64,2,0.3,False,16,75,0.0,0.1,10,5,0.5,True,42
batch_size,16,21,21,9,0.6513560485703863,0.7344828804334005,0.001,64,2,0.3,False,16,75,0.0,0.1,10,5,0.5,True,42
batch_size,16,21,21,10,0.6396758092900193,0.7675519486268362,0.001,64,2,0.3,False,16,75,0.0,0.1,10,5,0.5,True,42
batch_size,16,21,21,11,0.63001491497678,0.789085578918457,0.001,64,2,0.3,False,16,75,0.0,0.1,10,5,0.5,True,42
batch_size,16,21,21,12,0.6187040582582525,0.7920410633087158,0.001,64,2,0.3,False,16,75,0.0,0.1,10,5,0.5,True,42
batch_size,16,21,21,13,0.6084224692768924,0.797667936484019,0.001,64,2,0.3,False,16,75,0.0,0.1,10,5,0.5,True,42
batch_size,16,22,22,1,0.6940615591894085,0.6933608591556549,0.001,64,2,0.3,False,16,75,0.0,0.1,10,5,0.5,True,42
batch_size,16,22,22,2,0.693222350267403,0.6933886110782623,0.001,64,2,0.3,False,16,75,0.0,0.1,10,5,0.5,True,42
batch_size,16,22,22,3,0.6917100943086718,0.6919719338417053,0.001,64,2,0.3,False,16,75,0.0,0.1,10,5,0.5,True,42
batch_size,16,22,22,4,0.6885896399900487,0.6970170358816783,0.001,64,2,0.3,False,16,75,0.0,0.1,10,5,0.5,True,42
batch_size,16,22,22,5,0.6863457311242253,0.6922189434369405,0.001,64,2,0.3,False,16,75,0.0,0.1,10,5,0.5,True,42
batch_size,16,22,22,6,0.6816525144268805,0.7024092356363932,0.001,64,2,0.3,False,16,75,0.0,0.1,10,5,0.5,True,42
batch_size,16,22,22,7,0.6784738034803152,0.7050726433595021,0.001,64,2,0.3,False,16,75,0.0,0.1,10,5,0.5,True,42
batch_size,16,22,22,8,0.6710566642619811,0.711298809448878,0.001,64,2,0.3,False,16,75,0.0,0.1,10,5,0.5,True,42
batch_size,16,22,22,9,0.660758534878379,0.7259204109509786,0.001,64,2,0.3,False,16,75,0.0,0.1,10,5,0.5,True,42
batch_size,16,22,22,10,0.6402983274523296,0.7317275126775106,0.001,64,2,0.3,False,16,75,0.0,0.1,10,5,0.5,True,42
batch_size,16,22,22,11,0.6253603277550904,0.7446610768636067,0.001,64,2,0.3,False,16,75,0.0,0.1,10,5,0.5,True,42
batch_size,16,22,22,12,0.6099216538010441,0.770044885079066,0.001,64,2,0.3,False,16,75,0.0,0.1,10,5,0.5,True,42
batch_size,16,22,22,13,0.6009450967320924,0.8101632197697958,0.001,64,2,0.3,False,16,75,0.0,0.1,10,5,0.5,True,42
batch_size,16,23,23,1,0.6937608650881981,0.6935772756735484,0.001,64,2,0.3,False,16,75,0.0,0.1,10,5,0.5,True,42
batch_size,16,23,23,2,0.6928858498656705,0.6911404669284821,0.001,64,2,0.3,False,16,75,0.0,0.1,10,5,0.5,True,42
batch_size,16,23,23,3,0.6915758542234907,0.6927829861640931,0.001,64,2,0.3,False,16,75,0.0,0.1,10,5,0.5,True,42
batch_size,16,23,23,4,0.6897236528052123,0.6933616518974304,0.001,64,2,0.3,False,16,75,0.0,0.1,10,5,0.5,True,42
batch_size,16,23,23,5,0.6874072164183787,0.6934200684229533,0.001,64,2,0.3,False,16,75,0.0,0.1,10,5,0.5,True,42
batch_size,16,23,23,6,0.6838057104625629,0.6910419662793478,0.001,64,2,0.3,False,16,75,0.0,0.1,10,5,0.5,True,42
batch_size,16,23,23,7,0.6780991520265209,0.6991982698440552,0.001,64,2,0.3,False,16,75,0.0,0.1,10,5,0.5,True,42
batch_size,16,23,23,8,0.6731683290050057,0.7010384639104207,0.001,64,2,0.3,False,16,75,0.0,0.1,10,5,0.5,True,42
batch_size,16,23,23,9,0.6619795116634877,0.7068937023480734,0.001,64,2,0.3,False,16,75,0.0,0.1,10,5,0.5,True,42
batch_size,16,23,23,10,0.6517097632694607,0.7178380151589712,0.001,64,2,0.3,False,16,75,0.0,0.1,10,5,0.5,True,42
batch_size,16,23,23,11,0.6384726310637514,0.7381965736548106,0.001,64,2,0.3,False,16,75,0.0,0.1,10,5,0.5,True,42
batch_size,16,23,23,12,0.618983475314347,0.7567749400933583,0.001,64,2,0.3,False,16,75,0.0,0.1,10,5,0.5,True,42
batch_size,16,23,23,13,0.5859323258409028,0.8261772235234578,0.001,64,2,0.3,False,16,75,0.0,0.1,10,5,0.5,True,42
batch_size,16,23,23,14,0.5648463643775693,0.8191585163275401,0.001,64,2,0.3,False,16,75,0.0,0.1,10,5,0.5,True,42
batch_size,16,23,23,15,0.5431615757851547,0.8842379927635193,0.001,64,2,0.3,False,16,75,0.0,0.1,10,5,0.5,True,42
batch_size,16,23,23,16,0.5240806015952005,0.8932904799779257,0.001,64,2,0.3,False,16,75,0.0,0.1,10,5,0.5,True,42
batch_size,16,24,24,1,0.6940983821760933,0.6920125524202982,0.001,64,2,0.3,False,16,75,0.0,0.1,10,5,0.5,True,42
batch_size,16,24,24,2,0.6922819832585893,0.6918159008026123,0.001,64,2,0.3,False,16,75,0.0,0.1,10,5,0.5,True,42
batch_size,16,24,24,3,0.6909196549991392,0.6944631079832713,0.001,64,2,0.3,False,16,75,0.0,0.1,10,5,0.5,True,42
batch_size,16,24,24,4,0.689124953072026,0.6923223912715912,0.001,64,2,0.3,False,16,75,0.0,0.1,10,5,0.5,True,42
batch_size,16,24,24,5,0.686456272512112,0.6931306878725688,0.001,64,2,0.3,False,16,75,0.0,0.1,10,5,0.5,True,42
batch_size,16,24,24,6,0.6823580172826659,0.7018502314885458,0.001,64,2,0.3,False,16,75,0.0,0.1,10,5,0.5,True,42
batch_size,16,24,24,7,0.6763318981764451,0.7060402433077494,0.001,64,2,0.3,False,16,75,0.0,0.1,10,5,0.5,True,42
batch_size,16,24,24,8,0.6668811049101487,0.7131999035676321,0.001,64,2,0.3,False,16,75,0.0,0.1,10,5,0.5,True,42
batch_size,16,24,24,9,0.6488082741791348,0.7245981156826019,0.001,64,2,0.3,False,16,75,0.0,0.1,10,5,0.5,True,42
batch_size,16,24,24,10,0.6333174280400546,0.7422367056210836,0.001,64,2,0.3,False,16,75,0.0,0.1,10,5,0.5,True,42
batch_size,16,24,24,11,0.6180655118429436,0.7477213084697724,0.001,64,2,0.3,False,16,75,0.0,0.1,10,5,0.5,True,42
batch_size,16,24,24,12,0.6020822917515377,0.7932912488778432,0.001,64,2,0.3,False,16,75,0.0,0.1,10,5,0.5,True,42
batch_size,16,25,25,1,0.6936661621463616,0.6944005231062571,0.001,64,2,0.3,False,16,75,0.0,0.1,10,5,0.5,True,42
batch_size,16,25,25,2,0.6925446252859138,0.6939286728700002,0.001,64,2,0.3,False,16,75,0.0,0.1,10,5,0.5,True,42
batch_size,16,25,25,3,0.6916652954123319,0.6970686912536621,0.001,64,2,0.3,False,16,75,0.0,0.1,10,5,0.5,True,42
batch_size,16,25,25,4,0.6901355116086314,0.699470595518748,0.001,64,2,0.3,False,16,75,0.0,0.1,10,5,0.5,True,42
batch_size,16,25,25,5,0.6866480157402531,0.7136679311593374,0.001,64,2,0.3,False,16,75,0.0,0.1,10,5,0.5,True,42
batch_size,16,25,25,6,0.6826912334663333,0.7017745594183604,0.001,64,2,0.3,False,16,75,0.0,0.1,10,5,0.5,True,42
batch_size,16,25,25,7,0.6775467923838829,0.7079939663410186,0.001,64,2,0.3,False,16,75,0.0,0.1,10,5,0.5,True,42
batch_size,16,25,25,8,0.6703989317661909,0.7145004451274872,0.001,64,2,0.3,False,16,75,0.0,0.1,10,5,0.5,True,42
batch_size,16,25,25,9,0.6505074095363399,0.7682898104190826,0.001,64,2,0.3,False,16,75,0.0,0.1,10,5,0.5,True,42
batch_size,16,25,25,10,0.6403377664633123,0.7460626622041067,0.001,64,2,0.3,False,16,75,0.0,0.1,10,5,0.5,True,42
batch_size,16,25,25,11,0.6244954742179624,0.8258554557959239,0.001,64,2,0.3,False,16,75,0.0,0.1,10,5,0.5,True,42
batch_size,16,25,25,12,0.6110887142188649,0.8085736334323883,0.001,64,2,0.3,False,16,75,0.0,0.1,10,5,0.5,True,42
batch_size,16,26,26,1,0.6940563763049166,0.6919121444225311,0.001,64,2,0.3,False,16,75,0.0,0.1,10,5,0.5,True,42
batch_size,16,26,26,2,0.693366729941205,0.6911504983901977,0.001,64,2,0.3,False,16,75,0.0,0.1,10,5,0.5,True,42
batch_size,16,26,26,3,0.6907570729237545,0.6894368489583333,0.001,64,2,0.3,False,16,75,0.0,0.1,10,5,0.5,True,42
batch_size,16,26,26,4,0.6885347615630001,0.6909128129482269,0.001,64,2,0.3,False,16,75,0.0,0.1,10,5,0.5,True,42
batch_size,16,26,26,5,0.6844651164210794,0.7060889601707458,0.001,64,2,0.3,False,16,75,0.0,0.1,10,5,0.5,True,42
batch_size,16,26,26,6,0.6782917858529907,0.7101251800855001,0.001,64,2,0.3,False,16,75,0.0,0.1,10,5,0.5,True,42
batch_size,16,26,26,7,0.6721592674690507,0.7140851219495138,0.001,64,2,0.3,False,16,75,0.0,0.1,10,5,0.5,True,42
batch_size,16,26,26,8,0.663033419008944,0.7241718292236328,0.001,64,2,0.3,False,16,75,0.0,0.1,10,5,0.5,True,42
batch_size,16,26,26,9,0.65556309182381,0.7192731976509095,0.001,64,2,0.3,False,16,75,0.0,0.1,10,5,0.5,True,42
batch_size,16,26,26,10,0.6362267314481191,0.7355374077955882,0.001,64,2,0.3,False,16,75,0.0,0.1,10,5,0.5,True,42
batch_size,16,26,26,11,0.6232639665612703,0.7574578205744426,0.001,64,2,0.3,False,16,75,0.0,0.1,10,5,0.5,True,42
batch_size,16,26,26,12,0.6095531682551134,0.7766515990098317,0.001,64,2,0.3,False,16,75,0.0,0.1,10,5,0.5,True,42
batch_size,16,26,26,13,0.5942017236589933,0.8323437392711639,0.001,64,2,0.3,False,16,75,0.0,0.1,10,5,0.5,True,42
batch_size,16,27,27,1,0.6942393806950674,0.6931940734386444,0.001,64,2,0.3,False,16,75,0.0,0.1,10,5,0.5,True,42
batch_size,16,27,27,2,0.6928802182465905,0.6903522789478302,0.001,64,2,0.3,False,16,75,0.0,0.1,10,5,0.5,True,42
batch_size,16,27,27,3,0.6908968585072361,0.6975061893463135,0.001,64,2,0.3,False,16,75,0.0,0.1,10,5,0.5,True,42
batch_size,16,27,27,4,0.6895106731712138,0.6975189745426178,0.001,64,2,0.3,False,16,75,0.0,0.1,10,5,0.5,True,42
batch_size,16,27,27,5,0.6851914515966698,0.6936546524365743,0.001,64,2,0.3,False,16,75,0.0,0.1,10,5,0.5,True,42
batch_size,16,27,27,6,0.6804345995754344,0.7174661040306092,0.001,64,2,0.3,False,16,75,0.0,0.1,10,5,0.5,True,42
batch_size,16,27,27,7,0.6741668806329879,0.7054386695226034,0.001,64,2,0.3,False,16,75,0.0,0.1,10,5,0.5,True,42
batch_size,16,27,27,8,0.669291528458831,0.7092997372150421,0.001,64,2,0.3,False,16,75,0.0,0.1,10,5,0.5,True,42
batch_size,16,27,27,9,0.6526145887465531,0.7294865032037099,0.001,64,2,0.3,False,16,75,0.0,0.1,10,5,0.5,True,42
batch_size,16,27,27,10,0.6381966104525577,0.7585820277531942,0.001,64,2,0.3,False,16,75,0.0,0.1,10,5,0.5,True,42
batch_size,16,27,27,11,0.6289134809726091,0.7541830897331238,0.001,64,2,0.3,False,16,75,0.0,0.1,10,5,0.5,True,42
batch_size,16,27,27,12,0.6120388391126698,0.7787635703881581,0.001,64,2,0.3,False,16,75,0.0,0.1,10,5,0.5,True,42
batch_size,16,28,28,1,0.6933648905826613,0.6929373880227406,0.001,64,2,0.3,False,16,75,0.0,0.1,10,5,0.5,True,42
batch_size,16,28,28,2,0.6925331494654087,0.6942516465981802,0.001,64,2,0.3,False,16,75,0.0,0.1,10,5,0.5,True,42
batch_size,16,28,28,3,0.6922081296434874,0.6914880752563477,0.001,64,2,0.3,False,16,75,0.0,0.1,10,5,0.5,True,42
batch_size,16,28,28,4,0.6894550012998255,0.6950996915499369,0.001,64,2,0.3,False,16,75,0.0,0.1,10,5,0.5,True,42
batch_size,16,28,28,5,0.686621335976024,0.6936081091562907,0.001,64,2,0.3,False,16,75,0.0,0.1,10,5,0.5,True,42
batch_size,16,28,28,6,0.6824440441657382,0.7057171920935313,0.001,64,2,0.3,False,16,75,0.0,0.1,10,5,0.5,True,42
batch_size,16,28,28,7,0.6787424860345094,0.7027082920074463,0.001,64,2,0.3,False,16,75,0.0,0.1,10,5,0.5,True,42
batch_size,16,28,28,8,0.671852899141638,0.7164789656798045,0.001,64,2,0.3,False,16,75,0.0,0.1,10,5,0.5,True,42
batch_size,16,28,28,9,0.6605024679985336,0.7153355240821838,0.001,64,2,0.3,False,16,75,0.0,0.1,10,5,0.5,True,42
batch_size,16,28,28,10,0.6397456369245914,0.7400416711966197,0.001,64,2,0.3,False,16,75,0.0,0.1,10,5,0.5,True,42
batch_size,16,28,28,11,0.6271279614007972,0.7583966513474782,0.001,64,2,0.3,False,16,75,0.0,0.1,10,5,0.5,True,42
batch_size,16,28,28,12,0.6092567397387763,0.8275496661663055,0.001,64,2,0.3,False,16,75,0.0,0.1,10,5,0.5,True,42
batch_size,16,28,28,13,0.5953375366250825,0.8068982541561127,0.001,64,2,0.3,False,16,75,0.0,0.1,10,5,0.5,True,42
batch_size,16,29,29,1,0.694429151005618,0.6924306114514669,0.001,64,2,0.3,False,16,75,0.0,0.1,10,5,0.5,True,42
batch_size,16,29,29,2,0.6921993333123936,0.693000735839208,0.001,64,2,0.3,False,16,75,0.0,0.1,10,5,0.5,True,42
batch_size,16,29,29,3,0.6903683248581541,0.6950178066889445,0.001,64,2,0.3,False,16,75,0.0,0.1,10,5,0.5,True,42
batch_size,16,29,29,4,0.6881817096539776,0.7073156028985977,0.001,64,2,0.3,False,16,75,0.0,0.1,10,5,0.5,True,42
batch_size,16,29,29,5,0.685303523966568,0.7005816916624705,0.001,64,2,0.3,False,16,75,0.0,0.1,10,5,0.5,True,42
batch_size,16,29,29,6,0.6807830728052233,0.7016404072443644,0.001,64,2,0.3,False,16,75,0.0,0.1,10,5,0.5,True,42
batch_size,16,29,29,7,0.6726271632506367,0.6956856886545817,0.001,64,2,0.3,False,16,75,0.0,0.1,10,5,0.5,True,42
batch_size,16,29,29,8,0.6586429406481551,0.7303322394688924,0.001,64,2,0.3,False,16,75,0.0,0.1,10,5,0.5,True,42
batch_size,16,29,29,9,0.6517335049553062,0.7273540675640107,0.001,64,2,0.3,False,16,75,0.0,0.1,10,5,0.5,True,42
batch_size,16,29,29,10,0.6364886001489009,0.7445161879062653,0.001,64,2,0.3,False,16,75,0.0,0.1,10,5,0.5,True,42
batch_size,16,29,29,11,0.6250682185357967,0.7464976668357849,0.001,64,2,0.3,False,16,75,0.0,0.1,10,5,0.5,True,42
batch_size,16,30,30,1,0.6944749679402253,0.6929844597975413,0.001,64,2,0.3,False,16,75,0.0,0.1,10,5,0.5,True,42
batch_size,16,30,30,2,0.6925854288579847,0.6929915229479472,0.001,64,2,0.3,False,16,75,0.0,0.1,10,5,0.5,True,42
batch_size,16,30,30,3,0.6916106014650584,0.6923878033955891,0.001,64,2,0.3,False,16,75,0.0,0.1,10,5,0.5,True,42
batch_size,16,30,30,4,0.6891448486440536,0.6943483869234721,0.001,64,2,0.3,False,16,75,0.0,0.1,10,5,0.5,True,42
batch_size,16,30,30,5,0.6841619894078476,0.7027438561121623,0.001,64,2,0.3,False,16,75,0.0,0.1,10,5,0.5,True,42
batch_size,16,30,30,6,0.6798152345668227,0.7091153065363566,0.001,64,2,0.3,False,16,75,0.0,0.1,10,5,0.5,True,42
batch_size,16,30,30,7,0.6820326325104717,0.6945065220197042,0.001,64,2,0.3,False,16,75,0.0,0.1,10,5,0.5,True,42
batch_size,16,30,30,8,0.6796502994493839,0.71158007979393,0.001,64,2,0.3,False,16,75,0.0,0.1,10,5,0.5,True,42
batch_size,16,30,30,9,0.6642318707908514,0.7444458186626435,0.001,64,2,0.3,False,16,75,0.0,0.1,10,5,0.5,True,42
batch_size,16,30,30,10,0.6485933847300454,0.7384227891763051,0.001,64,2,0.3,False,16,75,0.0,0.1,10,5,0.5,True,42
batch_size,16,30,30,11,0.6349821810260019,0.7378909111022949,0.001,64,2,0.3,False,16,75,0.0,0.1,10,5,0.5,True,42
batch_size,16,30,30,12,0.6269666279450116,0.7757199863592784,0.001,64,2,0.3,False,16,75,0.0,0.1,10,5,0.5,True,42
batch_size,16,30,30,13,0.6151870803008062,0.7945124268531799,0.001,64,2,0.3,False,16,75,0.0,0.1,10,5,0.5,True,42
batch_size,16,31,31,1,0.6940847383705835,0.6937281767527262,0.001,64,2,0.3,False,16,75,0.0,0.1,10,5,0.5,True,42
batch_size,16,31,31,2,0.6921451352395033,0.6939293603102367,0.001,64,2,0.3,False,16,75,0.0,0.1,10,5,0.5,True,42
batch_size,16,31,31,3,0.6918979815203881,0.6928944826126099,0.001,64,2,0.3,False,16,75,0.0,0.1,10,5,0.5,True,42
batch_size,16,31,31,4,0.6910706554528878,0.6960103909174601,0.001,64,2,0.3,False,16,75,0.0,0.1,10,5,0.5,True,42
batch_size,16,31,31,5,0.6879901058773578,0.6930678208669027,0.001,64,2,0.3,False,16,75,0.0,0.1,10,5,0.5,True,42
batch_size,16,31,31,6,0.6844021455869929,0.6951168974240621,0.001,64,2,0.3,False,16,75,0.0,0.1,10,5,0.5,True,42
batch_size,16,31,31,7,0.6789080715904671,0.7030124088128408,0.001,64,2,0.3,False,16,75,0.0,0.1,10,5,0.5,True,42
batch_size,16,31,31,8,0.6719447836676478,0.6980179230372111,0.001,64,2,0.3,False,16,75,0.0,0.1,10,5,0.5,True,42
batch_size,16,31,31,9,0.6635445040215104,0.7313804666201273,0.001,64,2,0.3,False,16,75,0.0,0.1,10,5,0.5,True,42
batch_size,16,31,31,10,0.647973309564953,0.7307509342829387,0.001,64,2,0.3,False,16,75,0.0,0.1,10,5,0.5,True,42
batch_size,16,31,31,11,0.6323267358564152,0.7555406272411347,0.001,64,2,0.3,False,16,75,0.0,0.1,10,5,0.5,True,42
batch_size,16,31,31,12,0.6229824556370652,0.7503520766894023,0.001,64,2,0.3,False,16,75,0.0,0.1,10,5,0.5,True,42
batch_size,16,31,31,13,0.6065580834680637,0.7598631123701731,0.001,64,2,0.3,False,16,75,0.0,0.1,10,5,0.5,True,42
batch_size,16,32,32,1,0.6944878176137975,0.6941064318021138,0.001,64,2,0.3,False,16,75,0.0,0.1,10,5,0.5,True,42
batch_size,16,32,32,2,0.6928904981214284,0.6935773054758708,0.001,64,2,0.3,False,16,75,0.0,0.1,10,5,0.5,True,42
batch_size,16,32,32,3,0.6916852262536836,0.6950408637523651,0.001,64,2,0.3,False,16,75,0.0,0.1,10,5,0.5,True,42
batch_size,16,32,32,4,0.6892968534063477,0.6929510911305745,0.001,64,2,0.3,False,16,75,0.0,0.1,10,5,0.5,True,42
batch_size,16,32,32,5,0.6848166553239858,0.6981748004754385,0.001,64,2,0.3,False,16,75,0.0,0.1,10,5,0.5,True,42
batch_size,16,32,32,6,0.681084908233396,0.697086344162623,0.001,64,2,0.3,False,16,75,0.0,0.1,10,5,0.5,True,42
batch_size,16,32,32,7,0.6745082285014395,0.7177584330240886,0.001,64,2,0.3,False,16,75,0.0,0.1,10,5,0.5,True,42
batch_size,16,32,32,8,0.6620816088674639,0.7234451989332835,0.001,64,2,0.3,False,16,75,0.0,0.1,10,5,0.5,True,42
batch_size,16,32,32,9,0.6526057449357138,0.7461246411005656,0.001,64,2,0.3,False,16,75,0.0,0.1,10,5,0.5,True,42
batch_size,16,32,32,10,0.6449244421244574,0.7578857044378916,0.001,64,2,0.3,False,16,75,0.0,0.1,10,5,0.5,True,42
batch_size,16,32,32,11,0.6198685170353139,0.7884075343608856,0.001,64,2,0.3,False,16,75,0.0,0.1,10,5,0.5,True,42
batch_size,16,32,32,12,0.604943350354075,0.8053203443686168,0.001,64,2,0.3,False,16,75,0.0,0.1,10,5,0.5,True,42
batch_size,16,32,32,13,0.5877195697546912,0.8050903757413228,0.001,64,2,0.3,False,16,75,0.0,0.1,10,5,0.5,True,42
batch_size,16,32,32,14,0.5766214825807868,0.8477380613485972,0.001,64,2,0.3,False,16,75,0.0,0.1,10,5,0.5,True,42
batch_size,16,33,33,1,0.6936650720385997,0.6933662434418996,0.001,64,2,0.3,False,16,75,0.0,0.1,10,5,0.5,True,42
batch_size,16,33,33,2,0.693325972375761,0.6925177176793417,0.001,64,2,0.3,False,16,75,0.0,0.1,10,5,0.5,True,42
batch_size,16,33,33,3,0.6914723100771015,0.6928864697615306,0.001,64,2,0.3,False,16,75,0.0,0.1,10,5,0.5,True,42
batch_size,16,33,33,4,0.6899152146546106,0.6980245133241018,0.001,64,2,0.3,False,16,75,0.0,0.1,10,5,0.5,True,42
batch_size,16,33,33,5,0.6864260899703313,0.7020204166571299,0.001,64,2,0.3,False,16,75,0.0,0.1,10,5,0.5,True,42
batch_size,16,33,33,6,0.6822666190422987,0.7123756229877471,0.001,64,2,0.3,False,16,75,0.0,0.1,10,5,0.5,True,42
batch_size,16,33,33,7,0.6785570602906521,0.7051769773165385,0.001,64,2,0.3,False,16,75,0.0,0.1,10,5,0.5,True,42
batch_size,16,33,33,8,0.6685282662794164,0.7311316708723704,0.001,64,2,0.3,False,16,75,0.0,0.1,10,5,0.5,True,42
batch_size,16,33,33,9,0.6490900977709447,0.7301632622877757,0.001,64,2,0.3,False,16,75,0.0,0.1,10,5,0.5,True,42
batch_size,16,33,33,10,0.6378123037262108,0.7803843041261037,0.001,64,2,0.3,False,16,75,0.0,0.1,10,5,0.5,True,42
batch_size,16,33,33,11,0.625621727550891,0.7945531090100606,0.001,64,2,0.3,False,16,75,0.0,0.1,10,5,0.5,True,42
batch_size,16,33,33,12,0.6141706465994904,0.7824838042259217,0.001,64,2,0.3,False,16,75,0.0,0.1,10,5,0.5,True,42
batch_size,16,34,34,1,0.6943939436977807,0.6919211308161418,0.001,64,2,0.3,False,16,75,0.0,0.1,10,5,0.5,True,42
batch_size,16,34,34,2,0.6929581604982964,0.6885669569174449,0.001,64,2,0.3,False,16,75,0.0,0.1,10,5,0.5,True,42
batch_size,16,34,34,3,0.6922353784847622,0.6902429421742757,0.001,64,2,0.3,False,16,75,0.0,0.1,10,5,0.5,True,42
batch_size,16,34,34,4,0.689734803406458,0.6865444699923198,0.001,64,2,0.3,False,16,75,0.0,0.1,10,5,0.5,True,42
batch_size,16,34,34,5,0.6880713846293692,0.689760665098826,0.001,64,2,0.3,False,16,75,0.0,0.1,10,5,0.5,True,42
batch_size,16,34,34,6,0.6828254699253764,0.6901694397131602,0.001,64,2,0.3,False,16,75,0.0,0.1,10,5,0.5,True,42
batch_size,16,34,34,7,0.6770475277882565,0.6949447751045227,0.001,64,2,0.3,False,16,75,0.0,0.1,10,5,0.5,True,42
batch_size,16,34,34,8,0.6704850180974025,0.7163524270057678,0.001,64,2,0.3,False,16,75,0.0,0.1,10,5,0.5,True,42
batch_size,16,34,34,9,0.6596736565742203,0.846866974234581,0.001,64,2,0.3,False,16,75,0.0,0.1,10,5,0.5,True,42
batch_size,16,34,34,10,0.646992354565247,0.719652936855952,0.001,64,2,0.3,False,16,75,0.0,0.1,10,5,0.5,True,42
batch_size,16,34,34,11,0.6251902079400907,0.7966388026873271,0.001,64,2,0.3,False,16,75,0.0,0.1,10,5,0.5,True,42
batch_size,16,34,34,12,0.6111636143673509,0.8201604068279267,0.001,64,2,0.3,False,16,75,0.0,0.1,10,5,0.5,True,42
batch_size,16,34,34,13,0.5932988734073059,0.8141571859518687,0.001,64,2,0.3,False,16,75,0.0,0.1,10,5,0.5,True,42
batch_size,16,34,34,14,0.577202226839138,0.784501600265503,0.001,64,2,0.3,False,16,75,0.0,0.1,10,5,0.5,True,42
batch_size,16,35,35,1,0.6933976491141228,0.6945262948671976,0.001,64,2,0.3,False,16,75,0.0,0.1,10,5,0.5,True,42
batch_size,16,35,35,2,0.6924910529484767,0.6960128565629323,0.001,64,2,0.3,False,16,75,0.0,0.1,10,5,0.5,True,42
batch_size,16,35,35,3,0.6911200046992574,0.6921193579832713,0.001,64,2,0.3,False,16,75,0.0,0.1,10,5,0.5,True,42
batch_size,16,35,35,4,0.6902921199798584,0.6956181049346923,0.001,64,2,0.3,False,16,75,0.0,0.1,10,5,0.5,True,42
batch_size,16,35,35,5,0.6870310077649106,0.6956463436285655,0.001,64,2,0.3,False,16,75,0.0,0.1,10,5,0.5,True,42
batch_size,16,35,35,6,0.6818624186425155,0.6968881507714589,0.001,64,2,0.3,False,16,75,0.0,0.1,10,5,0.5,True,42
batch_size,16,35,35,7,0.6739376341435392,0.699923845132192,0.001,64,2,0.3,False,16,75,0.0,0.1,10,5,0.5,True,42
batch_size,16,35,35,8,0.667536568732316,0.7176455756028494,0.001,64,2,0.3,False,16,75,0.0,0.1,10,5,0.5,True,42
batch_size,16,35,35,9,0.6539899022406952,0.7067475338776906,0.001,64,2,0.3,False,16,75,0.0,0.1,10,5,0.5,True,42
batch_size,16,35,35,10,0.6362405815958524,0.7325745642185211,0.001,64,2,0.3,False,16,75,0.0,0.1,10,5,0.5,True,42
batch_size,16,35,35,11,0.6200858548340236,0.7434697488943736,0.001,64,2,0.3,False,16,75,0.0,0.1,10,5,0.5,True,42
batch_size,16,35,35,12,0.6086975392733237,0.7601510127385457,0.001,64,2,0.3,False,16,75,0.0,0.1,10,5,0.5,True,42
batch_size,16,35,35,13,0.5937134128333045,0.7806880672772726,0.001,64,2,0.3,False,16,75,0.0,0.1,10,5,0.5,True,42
batch_size,16,36,36,1,0.6949147330490808,0.6931472977002462,0.001,64,2,0.3,False,16,75,0.0,0.1,10,5,0.5,True,42
batch_size,16,36,36,2,0.6931021381240381,0.6920363744099934,0.001,64,2,0.3,False,16,75,0.0,0.1,10,5,0.5,True,42
batch_size,16,36,36,3,0.6926630515562717,0.6900204559167226,0.001,64,2,0.3,False,16,75,0.0,0.1,10,5,0.5,True,42
batch_size,16,36,36,4,0.691552227214262,0.6904732326666514,0.001,64,2,0.3,False,16,75,0.0,0.1,10,5,0.5,True,42
batch_size,16,36,36,5,0.6886006779543801,0.6931815107663473,0.001,64,2,0.3,False,16,75,0.0,0.1,10,5,0.5,True,42
batch_size,16,36,36,6,0.68541965625132,0.6899785180886586,0.001,64,2,0.3,False,16,75,0.0,0.1,10,5,0.5,True,42
batch_size,16,36,36,7,0.6782350533362124,0.6908530135949452,0.001,64,2,0.3,False,16,75,0.0,0.1,10,5,0.5,True,42
batch_size,16,36,36,8,0.6700246365804636,0.7042760968208313,0.001,64,2,0.3,False,16,75,0.0,0.1,10,5,0.5,True,42
batch_size,16,36,36,9,0.6587493741466972,0.7131500740845998,0.001,64,2,0.3,False,16,75,0.0,0.1,10,5,0.5,True,42
batch_size,16,36,36,10,0.633270665833252,0.7299709717432658,0.001,64,2,0.3,False,16,75,0.0,0.1,10,5,0.5,True,42
batch_size,16,36,36,11,0.6150820161226584,0.7975911239782969,0.001,64,2,0.3,False,16,75,0.0,0.1,10,5,0.5,True,42
batch_size,16,36,36,12,0.6001782248455308,0.797894682486852,0.001,64,2,0.3,False,16,75,0.0,0.1,10,5,0.5,True,42
batch_size,16,36,36,13,0.5796231288647017,0.8956592818101247,0.001,64,2,0.3,False,16,75,0.0,0.1,10,5,0.5,True,42
batch_size,16,36,36,14,0.5689843514572985,0.8935254633426666,0.001,64,2,0.3,False,16,75,0.0,0.1,10,5,0.5,True,42
batch_size,16,36,36,15,0.5567457626074439,0.8940857430299123,0.001,64,2,0.3,False,16,75,0.0,0.1,10,5,0.5,True,42
batch_size,16,36,36,16,0.5322115595803061,0.9848931034406027,0.001,64,2,0.3,False,16,75,0.0,0.1,10,5,0.5,True,42
batch_size,16,37,37,1,0.6945083716976326,0.6932735522588094,0.001,64,2,0.3,False,16,75,0.0,0.1,10,5,0.5,True,42
batch_size,16,37,37,2,0.6932266422550941,0.690952072540919,0.001,64,2,0.3,False,16,75,0.0,0.1,10,5,0.5,True,42
batch_size,16,37,37,3,0.6906914273595629,0.6931519687175751,0.001,64,2,0.3,False,16,75,0.0,0.1,10,5,0.5,True,42
batch_size,16,37,37,4,0.6876314141904446,0.6993840197722118,0.001,64,2,0.3,False,16,75,0.0,0.1,10,5,0.5,True,42
batch_size,16,37,37,5,0.683824435159734,0.69843337337176,0.001,64,2,0.3,False,16,75,0.0,0.1,10,5,0.5,True,42
batch_size,16,37,37,6,0.6796748189418488,0.7028447786966959,0.001,64,2,0.3,False,16,75,0.0,0.1,10,5,0.5,True,42
batch_size,16,37,37,7,0.6730285011543521,0.7111944397290547,0.001,64,2,0.3,False,16,75,0.0,0.1,10,5,0.5,True,42
batch_size,16,37,37,8,0.6627212501070798,0.7222617050011952,0.001,64,2,0.3,False,16,75,0.0,0.1,10,5,0.5,True,42
batch_size,16,37,37,9,0.6501113520828943,0.7315628091494243,0.001,64,2,0.3,False,16,75,0.0,0.1,10,5,0.5,True,42
batch_size,16,37,37,10,0.6393000560568313,0.7569511989752452,0.001,64,2,0.3,False,16,75,0.0,0.1,10,5,0.5,True,42
batch_size,16,37,37,11,0.6273728107091592,0.7675656735897064,0.001,64,2,0.3,False,16,75,0.0,0.1,10,5,0.5,True,42
batch_size,16,37,37,12,0.6135112855144327,0.7715694586435954,0.001,64,2,0.3,False,16,75,0.0,0.1,10,5,0.5,True,42
batch_size,16,38,38,1,0.6938292298026865,0.6909563024838765,0.001,64,2,0.3,False,16,75,0.0,0.1,10,5,0.5,True,42
batch_size,16,38,38,2,0.6931739943562352,0.6903265953063965,0.001,64,2,0.3,False,16,75,0.0,0.1,10,5,0.5,True,42
batch_size,16,38,38,3,0.6917270229343225,0.6927951057751973,0.001,64,2,0.3,False,16,75,0.0,0.1,10,5,0.5,True,42
batch_size,16,38,38,4,0.6897018458906689,0.6924159208933512,0.001,64,2,0.3,False,16,75,0.0,0.1,10,5,0.5,True,42
batch_size,16,38,38,5,0.687165100538232,0.6907691021760305,0.001,64,2,0.3,False,16,75,0.0,0.1,10,5,0.5,True,42
batch_size,16,38,38,6,0.6822141331864854,0.7032736162344615,0.001,64,2,0.3,False,16,75,0.0,0.1,10,5,0.5,True,42
batch_size,16,38,38,7,0.6766080985504411,0.7049879093964895,0.001,64,2,0.3,False,16,75,0.0,0.1,10,5,0.5,True,42
batch_size,16,38,38,8,0.6709879568774437,0.7204694827397664,0.001,64,2,0.3,False,16,75,0.0,0.1,10,5,0.5,True,42
batch_size,16,38,38,9,0.6546979711989486,0.7360157211621602,0.001,64,2,0.3,False,16,75,0.0,0.1,10,5,0.5,True,42
batch_size,16,38,38,10,0.6411310762960195,0.7510963062445323,0.001,64,2,0.3,False,16,75,0.0,0.1,10,5,0.5,True,42
batch_size,16,38,38,11,0.6291237377168561,0.7779493669668833,0.001,64,2,0.3,False,16,75,0.0,0.1,10,5,0.5,True,42
batch_size,16,38,38,12,0.6218142880006435,0.7473697245121003,0.001,64,2,0.3,False,16,75,0.0,0.1,10,5,0.5,True,42
batch_size,16,39,39,1,0.694010608549807,0.6935235738754273,0.001,64,2,0.3,False,16,75,0.0,0.1,10,5,0.5,True,42
batch_size,16,39,39,2,0.693102560569125,0.6891911725203196,0.001,64,2,0.3,False,16,75,0.0,0.1,10,5,0.5,True,42
batch_size,16,39,39,3,0.6909620118231827,0.6887347579002381,0.001,64,2,0.3,False,16,75,0.0,0.1,10,5,0.5,True,42
batch_size,16,39,39,4,0.6893428711383515,0.6921066204706828,0.001,64,2,0.3,False,16,75,0.0,0.1,10,5,0.5,True,42
batch_size,16,39,39,5,0.6842904301650624,0.7011161824067433,0.001,64,2,0.3,False,16,75,0.0,0.1,10,5,0.5,True,42
batch_size,16,39,39,6,0.6776571806392743,0.7005394498507181,0.001,64,2,0.3,False,16,75,0.0,0.1,10,5,0.5,True,42
batch_size,16,39,39,7,0.6720160452131989,0.7071006735165913,0.001,64,2,0.3,False,16,75,0.0,0.1,10,5,0.5,True,42
batch_size,16,39,39,8,0.6604810805828399,0.7170666297276814,0.001,64,2,0.3,False,16,75,0.0,0.1,10,5,0.5,True,42
batch_size,16,39,39,9,0.6533814141732205,0.7366443594296773,0.001,64,2,0.3,False,16,75,0.0,0.1,10,5,0.5,True,42
batch_size,16,39,39,10,0.6324635416609253,0.7543434540430705,0.001,64,2,0.3,False,16,75,0.0,0.1,10,5,0.5,True,42
batch_size,16,39,39,11,0.619367972639577,0.804445191224416,0.001,64,2,0.3,False,16,75,0.0,0.1,10,5,0.5,True,42
batch_size,16,39,39,12,0.6082691596714715,0.8186114033063253,0.001,64,2,0.3,False,16,75,0.0,0.1,10,5,0.5,True,42
batch_size,16,39,39,13,0.5942445314655739,0.8463927030563354,0.001,64,2,0.3,False,16,75,0.0,0.1,10,5,0.5,True,42
batch_size,16,40,40,1,0.6941433544394634,0.6921677470207215,0.001,64,2,0.3,False,16,75,0.0,0.1,10,5,0.5,True,42
batch_size,16,40,40,2,0.6926792941619235,0.6935719768206279,0.001,64,2,0.3,False,16,75,0.0,0.1,10,5,0.5,True,42
batch_size,16,40,40,3,0.690995913947943,0.6906516273816427,0.001,64,2,0.3,False,16,75,0.0,0.1,10,5,0.5,True,42
batch_size,16,40,40,4,0.6892299364274899,0.6912353138128916,0.001,64,2,0.3,False,16,75,0.0,0.1,10,5,0.5,True,42
batch_size,16,40,40,5,0.6862699885785353,0.6956072747707367,0.001,64,2,0.3,False,16,75,0.0,0.1,10,5,0.5,True,42
batch_size,16,40,40,6,0.6800110614345101,0.6959787825743358,0.001,64,2,0.3,False,16,75,0.0,0.1,10,5,0.5,True,42
batch_size,16,40,40,7,0.6763332798907059,0.696328357855479,0.001,64,2,0.3,False,16,75,0.0,0.1,10,5,0.5,True,42
batch_size,16,40,40,8,0.6727792747573708,0.6985103130340576,0.001,64,2,0.3,False,16,75,0.0,0.1,10,5,0.5,True,42
batch_size,16,40,40,9,0.6605424543297336,0.7324858188629151,0.001,64,2,0.3,False,16,75,0.0,0.1,10,5,0.5,True,42
batch_size,16,40,40,10,0.6412319817470507,0.7464236746231715,0.001,64,2,0.3,False,16,75,0.0,0.1,10,5,0.5,True,42
batch_size,16,40,40,11,0.6284242891086825,0.7759967595338821,0.001,64,2,0.3,False,16,75,0.0,0.1,10,5,0.5,True,42
batch_size,16,40,40,12,0.618251459906763,0.7703419685363769,0.001,64,2,0.3,False,16,75,0.0,0.1,10,5,0.5,True,42
batch_size,16,40,40,13,0.6034699549239851,0.7997405171394348,0.001,64,2,0.3,False,16,75,0.0,0.1,10,5,0.5,True,42
batch_size,16,41,41,1,0.6946442866053418,0.6939547181129455,0.001,64,2,0.3,False,16,75,0.0,0.1,10,5,0.5,True,42
batch_size,16,41,41,2,0.6937637750640115,0.6918562471866607,0.001,64,2,0.3,False,16,75,0.0,0.1,10,5,0.5,True,42
batch_size,16,41,41,3,0.691547853638464,0.6910563011964163,0.001,64,2,0.3,False,16,75,0.0,0.1,10,5,0.5,True,42
batch_size,16,41,41,4,0.6913540657935487,0.6943151473999023,0.001,64,2,0.3,False,16,75,0.0,0.1,10,5,0.5,True,42
batch_size,16,41,41,5,0.6878321173073221,0.6995540142059327,0.001,64,2,0.3,False,16,75,0.0,0.1,10,5,0.5,True,42
batch_size,16,41,41,6,0.6814574977744214,0.6987082898616791,0.001,64,2,0.3,False,16,75,0.0,0.1,10,5,0.5,True,42
batch_size,16,41,41,7,0.6744160019852816,0.7035889565944672,0.001,64,2,0.3,False,16,75,0.0,0.1,10,5,0.5,True,42
batch_size,16,41,41,8,0.6666184002002382,0.722192664941152,0.001,64,2,0.3,False,16,75,0.0,0.1,10,5,0.5,True,42
batch_size,16,41,41,9,0.6565334751578792,0.7224501232306163,0.001,64,2,0.3,False,16,75,0.0,0.1,10,5,0.5,True,42
batch_size,16,41,41,10,0.6346857189678874,0.7596882005532583,0.001,64,2,0.3,False,16,75,0.0,0.1,10,5,0.5,True,42
batch_size,16,41,41,11,0.6163817895682593,0.7870243926843007,0.001,64,2,0.3,False,16,75,0.0,0.1,10,5,0.5,True,42
batch_size,16,41,41,12,0.604654849255493,0.8493600686391195,0.001,64,2,0.3,False,16,75,0.0,0.1,10,5,0.5,True,42
batch_size,16,41,41,13,0.5927543057688289,0.8774491051832835,0.001,64,2,0.3,False,16,75,0.0,0.1,10,5,0.5,True,42
batch_size,16,42,42,1,0.6944074818843218,0.6940744717915853,0.001,64,2,0.3,False,16,75,0.0,0.1,10,5,0.5,True,42
batch_size,16,42,42,2,0.6924614081364621,0.6971708079179127,0.001,64,2,0.3,False,16,75,0.0,0.1,10,5,0.5,True,42
batch_size,16,42,42,3,0.6922350185905572,0.6938116570313771,0.001,64,2,0.3,False,16,75,0.0,0.1,10,5,0.5,True,42
batch_size,16,42,42,4,0.6911645250628656,0.6945339620113373,0.001,64,2,0.3,False,16,75,0.0,0.1,10,5,0.5,True,42
batch_size,16,42,42,5,0.688249986661251,0.702629554271698,0.001,64,2,0.3,False,16,75,0.0,0.1,10,5,0.5,True,42
batch_size,16,42,42,6,0.685941869768353,0.6968996703624726,0.001,64,2,0.3,False,16,75,0.0,0.1,10,5,0.5,True,42
batch_size,16,42,42,7,0.6800552892141016,0.7036329706509908,0.001,64,2,0.3,False,16,75,0.0,0.1,10,5,0.5,True,42
batch_size,16,42,42,8,0.6718152190342602,0.7209895511468252,0.001,64,2,0.3,False,16,75,0.0,0.1,10,5,0.5,True,42
batch_size,16,42,42,9,0.6624918796490353,0.7109471619129181,0.001,64,2,0.3,False,16,75,0.0,0.1,10,5,0.5,True,42
batch_size,16,42,42,10,0.6419450542092776,0.7304086883862814,0.001,64,2,0.3,False,16,75,0.0,0.1,10,5,0.5,True,42
batch_size,16,42,42,11,0.6223360817921932,0.7408182084560394,0.001,64,2,0.3,False,16,75,0.0,0.1,10,5,0.5,True,42
batch_size,16,42,42,12,0.6100232179627219,0.7932841420173645,0.001,64,2,0.3,False,16,75,0.0,0.1,10,5,0.5,True,42
batch_size,16,42,42,13,0.5952704741474341,0.7894611060619354,0.001,64,2,0.3,False,16,75,0.0,0.1,10,5,0.5,True,42
batch_size,16,43,43,1,0.6937393079239152,0.6936439732710521,0.001,64,2,0.3,False,16,75,0.0,0.1,10,5,0.5,True,42
batch_size,16,43,43,2,0.6922362204286989,0.691646691163381,0.001,64,2,0.3,False,16,75,0.0,0.1,10,5,0.5,True,42
batch_size,16,43,43,3,0.6917739911677719,0.692473832766215,0.001,64,2,0.3,False,16,75,0.0,0.1,10,5,0.5,True,42
batch_size,16,43,43,4,0.6895420823260405,0.6997605383396148,0.001,64,2,0.3,False,16,75,0.0,0.1,10,5,0.5,True,42
batch_size,16,43,43,5,0.687178292428586,0.6982746521631876,0.001,64,2,0.3,False,16,75,0.0,0.1,10,5,0.5,True,42
batch_size,16,43,43,6,0.6795544075875228,0.7058274666468303,0.001,64,2,0.3,False,16,75,0.0,0.1,10,5,0.5,True,42
batch_size,16,43,43,7,0.6760421465558244,0.7164527436097463,0.001,64,2,0.3,False,16,75,0.0,0.1,10,5,0.5,True,42
batch_size,16,43,43,8,0.6677782315718357,0.7217171947161357,0.001,64,2,0.3,False,16,75,0.0,0.1,10,5,0.5,True,42
batch_size,16,43,43,9,0.6468695760226522,0.7471820553143819,0.001,64,2,0.3,False,16,75,0.0,0.1,10,5,0.5,True,42
batch_size,16,43,43,10,0.6344198900710494,0.7951725681622823,0.001,64,2,0.3,False,16,75,0.0,0.1,10,5,0.5,True,42
batch_size,16,43,43,11,0.6259595791423276,0.7697985410690308,0.001,64,2,0.3,False,16,75,0.0,0.1,10,5,0.5,True,42
batch_size,16,43,43,12,0.608019008949229,0.81065407594045,0.001,64,2,0.3,False,16,75,0.0,0.1,10,5,0.5,True,42
batch_size,16,44,44,1,0.6940561512654478,0.6958749969800313,0.001,64,2,0.3,False,16,75,0.0,0.1,10,5,0.5,True,42
batch_size,16,44,44,2,0.6922552689458384,0.6905289987723032,0.001,64,2,0.3,False,16,75,0.0,0.1,10,5,0.5,True,42
batch_size,16,44,44,3,0.6904281427462896,0.6935207227865855,0.001,64,2,0.3,False,16,75,0.0,0.1,10,5,0.5,True,42
batch_size,16,44,44,4,0.68802397043416,0.6943836033344268,0.001,64,2,0.3,False,16,75,0.0,0.1,10,5,0.5,True,42
batch_size,16,44,44,5,0.6857356966444941,0.6977133413155874,0.001,64,2,0.3,False,16,75,0.0,0.1,10,5,0.5,True,42
batch_size,16,44,44,6,0.6803754355871316,0.6949322481950124,0.001,64,2,0.3,False,16,75,0.0,0.1,10,5,0.5,True,42
batch_size,16,44,44,7,0.6735532796292594,0.7205515841643015,0.001,64,2,0.3,False,16,75,0.0,0.1,10,5,0.5,True,42
batch_size,16,44,44,8,0.6659694670727758,0.7185611029465994,0.001,64,2,0.3,False,16,75,0.0,0.1,10,5,0.5,True,42
batch_size,16,44,44,9,0.6452432892313509,0.7357360521952311,0.001,64,2,0.3,False,16,75,0.0,0.1,10,5,0.5,True,42
batch_size,16,44,44,10,0.6292990671865868,0.7589706301689148,0.001,64,2,0.3,False,16,75,0.0,0.1,10,5,0.5,True,42
batch_size,16,44,44,11,0.6190361900988853,0.7724129875500997,0.001,64,2,0.3,False,16,75,0.0,0.1,10,5,0.5,True,42
batch_size,16,44,44,12,0.604243582735459,0.7607698053121567,0.001,64,2,0.3,False,16,75,0.0,0.1,10,5,0.5,True,42
batch_size,16,45,45,1,0.6936969852266203,0.6931029558181763,0.001,64,2,0.3,False,16,75,0.0,0.1,10,5,0.5,True,42
batch_size,16,45,45,2,0.6932308642129934,0.6897879978020985,0.001,64,2,0.3,False,16,75,0.0,0.1,10,5,0.5,True,42
batch_size,16,45,45,3,0.6914976116822247,0.6936601678530375,0.001,64,2,0.3,False,16,75,0.0,0.1,10,5,0.5,True,42
batch_size,16,45,45,4,0.6885815049758882,0.6956730226675669,0.001,64,2,0.3,False,16,75,0.0,0.1,10,5,0.5,True,42
batch_size,16,45,45,5,0.685852102906985,0.6996879478295644,0.001,64,2,0.3,False,16,75,0.0,0.1,10,5,0.5,True,42
batch_size,16,45,45,6,0.6806795370442785,0.6981850862503052,0.001,64,2,0.3,False,16,75,0.0,0.1,10,5,0.5,True,42
batch_size,16,45,45,7,0.6739858735650212,0.7109695831934612,0.001,64,2,0.3,False,16,75,0.0,0.1,10,5,0.5,True,42
batch_size,16,45,45,8,0.6676052217247822,0.7207498689492543,0.001,64,2,0.3,False,16,75,0.0,0.1,10,5,0.5,True,42
batch_size,16,45,45,9,0.6508189602949773,0.7572399536768596,0.001,64,2,0.3,False,16,75,0.0,0.1,10,5,0.5,True,42
batch_size,16,45,45,10,0.6406603687842989,0.7533282339572906,0.001,64,2,0.3,False,16,75,0.0,0.1,10,5,0.5,True,42
batch_size,16,45,45,11,0.6268708375016999,0.8132737855116526,0.001,64,2,0.3,False,16,75,0.0,0.1,10,5,0.5,True,42
batch_size,16,45,45,12,0.6172411136980746,0.7806844035784404,0.001,64,2,0.3,False,16,75,0.0,0.1,10,5,0.5,True,42
batch_size,16,46,46,1,0.6939015207181866,0.6932369669278463,0.001,64,2,0.3,False,16,75,0.0,0.1,10,5,0.5,True,42
batch_size,16,46,46,2,0.6927449211421575,0.6905655125776927,0.001,64,2,0.3,False,16,75,0.0,0.1,10,5,0.5,True,42
batch_size,16,46,46,3,0.6915142298198018,0.6978636602560679,0.001,64,2,0.3,False,16,75,0.0,0.1,10,5,0.5,True,42
batch_size,16,46,46,4,0.68968341536395,0.6914656360944113,0.001,64,2,0.3,False,16,75,0.0,0.1,10,5,0.5,True,42
batch_size,16,46,46,5,0.6887561336669632,0.6960408429304759,0.001,64,2,0.3,False,16,75,0.0,0.1,10,5,0.5,True,42
batch_size,16,46,46,6,0.6833370114913911,0.7144624312718709,0.001,64,2,0.3,False,16,75,0.0,0.1,10,5,0.5,True,42
batch_size,16,46,46,7,0.6752002395604499,0.7413189808527628,0.001,64,2,0.3,False,16,75,0.0,0.1,10,5,0.5,True,42
batch_size,16,46,46,8,0.6682104860421823,0.7179811477661133,0.001,64,2,0.3,False,16,75,0.0,0.1,10,5,0.5,True,42
batch_size,16,46,46,9,0.6502704972776623,0.7387328584988911,0.001,64,2,0.3,False,16,75,0.0,0.1,10,5,0.5,True,42
batch_size,16,46,46,10,0.6369553711477794,0.7632160425186157,0.001,64,2,0.3,False,16,75,0.0,0.1,10,5,0.5,True,42
batch_size,16,46,46,11,0.6271742987995366,0.795330653587977,0.001,64,2,0.3,False,16,75,0.0,0.1,10,5,0.5,True,42
batch_size,16,46,46,12,0.6127834452649034,0.8069692273934682,0.001,64,2,0.3,False,16,75,0.0,0.1,10,5,0.5,True,42
batch_size,16,47,47,1,0.6942431260424422,0.6937113086382548,0.001,64,2,0.3,False,16,75,0.0,0.1,10,5,0.5,True,42
batch_size,16,47,47,2,0.6927527642522021,0.6953937272230785,0.001,64,2,0.3,False,16,75,0.0,0.1,10,5,0.5,True,42
batch_size,16,47,47,3,0.6914961000359103,0.6943266729513804,0.001,64,2,0.3,False,16,75,0.0,0.1,10,5,0.5,True,42
batch_size,16,47,47,4,0.6884046072289064,0.6946199595928192,0.001,64,2,0.3,False,16,75,0.0,0.1,10,5,0.5,True,42
batch_size,16,47,47,5,0.6860632876026314,0.6929200092951456,0.001,64,2,0.3,False,16,75,0.0,0.1,10,5,0.5,True,42
batch_size,16,47,47,6,0.6814830010834756,0.7060108621915181,0.001,64,2,0.3,False,16,75,0.0,0.1,10,5,0.5,True,42
batch_size,16,47,47,7,0.6761529758402604,0.7092574377854665,0.001,64,2,0.3,False,16,75,0.0,0.1,10,5,0.5,True,42
batch_size,16,47,47,8,0.6682476813802247,0.7205985407034556,0.001,64,2,0.3,False,16,75,0.0,0.1,10,5,0.5,True,42
batch_size,16,47,47,9,0.6572161358798865,0.7462603449821472,0.001,64,2,0.3,False,16,75,0.0,0.1,10,5,0.5,True,42
batch_size,16,47,47,10,0.644241596922675,0.7684752821922303,0.001,64,2,0.3,False,16,75,0.0,0.1,10,5,0.5,True,42
batch_size,16,47,47,11,0.6250911894406656,0.7792239248752594,0.001,64,2,0.3,False,16,75,0.0,0.1,10,5,0.5,True,42
batch_size,16,47,47,12,0.5925158088878081,0.8885252197583516,0.001,64,2,0.3,False,16,75,0.0,0.1,10,5,0.5,True,42
batch_size,16,47,47,13,0.5675131806629239,0.9145318567752838,0.001,64,2,0.3,False,16,75,0.0,0.1,10,5,0.5,True,42
batch_size,16,47,47,14,0.5542414937409158,0.9471996068954468,0.001,64,2,0.3,False,16,75,0.0,0.1,10,5,0.5,True,42
batch_size,16,47,47,15,0.5302029390298821,1.007399864991506,0.001,64,2,0.3,False,16,75,0.0,0.1,10,5,0.5,True,42
batch_size,16,48,48,1,0.6943578216264833,0.6923839608828227,0.001,64,2,0.3,False,16,75,0.0,0.1,10,5,0.5,True,42
batch_size,16,48,48,2,0.693218784512214,0.6910355488459269,0.001,64,2,0.3,False,16,75,0.0,0.1,10,5,0.5,True,42
batch_size,16,48,48,3,0.6908942382290678,0.6915905594825744,0.001,64,2,0.3,False,16,75,0.0,0.1,10,5,0.5,True,42
batch_size,16,48,48,4,0.6893509689367042,0.6917652050654094,0.001,64,2,0.3,False,16,75,0.0,0.1,10,5,0.5,True,42
batch_size,16,48,48,5,0.685978737417257,0.6897346675395966,0.001,64,2,0.3,False,16,75,0.0,0.1,10,5,0.5,True,42
batch_size,16,48,48,6,0.6834509748332905,0.6933533211549123,0.001,64,2,0.3,False,16,75,0.0,0.1,10,5,0.5,True,42
batch_size,16,48,48,7,0.67625495915143,0.6991726497809092,0.001,64,2,0.3,False,16,75,0.0,0.1,10,5,0.5,True,42
batch_size,16,48,48,8,0.6689194732117203,0.7075672288735707,0.001,64,2,0.3,False,16,75,0.0,0.1,10,5,0.5,True,42
batch_size,16,48,48,9,0.6589810724528331,0.7064629455407461,0.001,64,2,0.3,False,16,75,0.0,0.1,10,5,0.5,True,42
batch_size,16,48,48,10,0.644451341539059,0.7158734957377116,0.001,64,2,0.3,False,16,75,0.0,0.1,10,5,0.5,True,42
batch_size,16,48,48,11,0.6340472778059402,0.7254127363363901,0.001,64,2,0.3,False,16,75,0.0,0.1,10,5,0.5,True,42
batch_size,16,48,48,12,0.6034350670733541,0.7890432288249334,0.001,64,2,0.3,False,16,75,0.0,0.1,10,5,0.5,True,42
batch_size,16,48,48,13,0.5825770216168098,0.7804772833983104,0.001,64,2,0.3,False,16,75,0.0,0.1,10,5,0.5,True,42
batch_size,16,48,48,14,0.5698875122475174,0.7970994710922241,0.001,64,2,0.3,False,16,75,0.0,0.1,10,5,0.5,True,42
batch_size,16,48,48,15,0.5524019042275986,0.8666867444912593,0.001,64,2,0.3,False,16,75,0.0,0.1,10,5,0.5,True,42
batch_size,16,49,49,1,0.6948578493676711,0.6916092773278554,0.001,64,2,0.3,False,16,75,0.0,0.1,10,5,0.5,True,42
batch_size,16,49,49,2,0.6916769124255887,0.6925741811593373,0.001,64,2,0.3,False,16,75,0.0,0.1,10,5,0.5,True,42
batch_size,16,49,49,3,0.6910399579276604,0.6926262577374777,0.001,64,2,0.3,False,16,75,0.0,0.1,10,5,0.5,True,42
batch_size,16,49,49,4,0.686854004406657,0.6930844962596894,0.001,64,2,0.3,False,16,75,0.0,0.1,10,5,0.5,True,42
batch_size,16,49,49,5,0.680236357246515,0.7036426683266958,0.001,64,2,0.3,False,16,75,0.0,0.1,10,5,0.5,True,42
batch_size,16,49,49,6,0.6801859063340684,0.7076819737752279,0.001,64,2,0.3,False,16,75,0.0,0.1,10,5,0.5,True,42
batch_size,16,49,49,7,0.6736420123296092,0.7307810187339783,0.001,64,2,0.3,False,16,75,0.0,0.1,10,5,0.5,True,42
batch_size,16,49,49,8,0.6581934905777412,0.7520370006561279,0.001,64,2,0.3,False,16,75,0.0,0.1,10,5,0.5,True,42
batch_size,16,49,49,9,0.6453426641203152,0.7739250322182973,0.001,64,2,0.3,False,16,75,0.0,0.1,10,5,0.5,True,42
batch_size,16,49,49,10,0.6412518566098957,0.7766717036565145,0.001,64,2,0.3,False,16,75,0.0,0.1,10,5,0.5,True,42
batch_size,16,49,49,11,0.6310754881838881,0.8159387727578481,0.001,64,2,0.3,False,16,75,0.0,0.1,10,5,0.5,True,42
batch_size,16,50,50,1,0.6939493424538877,0.6913165092468262,0.001,64,2,0.3,False,16,75,0.0,0.1,10,5,0.5,True,42
batch_size,16,50,50,2,0.6926740698034772,0.6914339045683543,0.001,64,2,0.3,False,16,75,0.0,0.1,10,5,0.5,True,42
batch_size,16,50,50,3,0.6915285206566292,0.690728610754013,0.001,64,2,0.3,False,16,75,0.0,0.1,10,5,0.5,True,42
batch_size,16,50,50,4,0.6898356793951173,0.6912366847197214,0.001,64,2,0.3,False,16,75,0.0,0.1,10,5,0.5,True,42
batch_size,16,50,50,5,0.6859336334489597,0.6911640723546346,0.001,64,2,0.3,False,16,75,0.0,0.1,10,5,0.5,True,42
batch_size,16,50,50,6,0.6811943641180321,0.7049418032169342,0.001,64,2,0.3,False,16,75,0.0,0.1,10,5,0.5,True,42
batch_size,16,50,50,7,0.6766818573719648,0.7030225912729899,0.001,64,2,0.3,False,16,75,0.0,0.1,10,5,0.5,True,42
batch_size,16,50,50,8,0.6705292751127323,0.72660617629687,0.001,64,2,0.3,False,16,75,0.0,0.1,10,5,0.5,True,42
batch_size,16,50,50,9,0.6600844922401152,0.7214392264684041,0.001,64,2,0.3,False,16,75,0.0,0.1,10,5,0.5,True,42
batch_size,16,50,50,10,0.6388175384400009,0.774115381638209,0.001,64,2,0.3,False,16,75,0.0,0.1,10,5,0.5,True,42
batch_size,16,50,50,11,0.6268316733973108,0.7786944270133972,0.001,64,2,0.3,False,16,75,0.0,0.1,10,5,0.5,True,42
batch_size,16,50,50,12,0.6096994042849813,0.784621932109197,0.001,64,2,0.3,False,16,75,0.0,0.1,10,5,0.5,True,42
batch_size,16,50,50,13,0.5949630976403167,0.8258416871229808,0.001,64,2,0.3,False,16,75,0.0,0.1,10,5,0.5,True,42
batch_size,16,51,51,1,0.6950033755810089,0.6935683886210123,0.001,64,2,0.3,False,16,75,0.0,0.1,10,5,0.5,True,42
batch_size,16,51,51,2,0.6932798633104041,0.693768976132075,0.001,64,2,0.3,False,16,75,0.0,0.1,10,5,0.5,True,42
batch_size,16,51,51,3,0.692304555227548,0.6934288620948792,0.001,64,2,0.3,False,16,75,0.0,0.1,10,5,0.5,True,42
batch_size,16,51,51,4,0.6905636631037346,0.6913859864075979,0.001,64,2,0.3,False,16,75,0.0,0.1,10,5,0.5,True,42
batch_size,16,51,51,5,0.6877591621286515,0.701095191637675,0.001,64,2,0.3,False,16,75,0.0,0.1,10,5,0.5,True,42
batch_size,16,51,51,6,0.6832204399906637,0.6930466890335083,0.001,64,2,0.3,False,16,75,0.0,0.1,10,5,0.5,True,42
batch_size,16,51,51,7,0.6781604929115382,0.7033645868301391,0.001,64,2,0.3,False,16,75,0.0,0.1,10,5,0.5,True,42
batch_size,16,51,51,8,0.674605052054155,0.6995885153611501,0.001,64,2,0.3,False,16,75,0.0,0.1,10,5,0.5,True,42
batch_size,16,51,51,9,0.6736486241391403,0.7402420262495677,0.001,64,2,0.3,False,16,75,0.0,0.1,10,5,0.5,True,42
batch_size,16,51,51,10,0.6638543932156871,0.719080380598704,0.001,64,2,0.3,False,16,75,0.0,0.1,10,5,0.5,True,42
batch_size,16,51,51,11,0.6469013434852484,0.7535634994506836,0.001,64,2,0.3,False,16,75,0.0,0.1,10,5,0.5,True,42
batch_size,16,51,51,12,0.636847973549774,0.7672609825929005,0.001,64,2,0.3,False,16,75,0.0,0.1,10,5,0.5,True,42
batch_size,16,51,51,13,0.6270176419287127,0.7793655474980672,0.001,64,2,0.3,False,16,75,0.0,0.1,10,5,0.5,True,42
batch_size,16,51,51,14,0.613067589558576,0.7994488636652629,0.001,64,2,0.3,False,16,75,0.0,0.1,10,5,0.5,True,42
batch_size,16,52,52,1,0.6945432661609217,0.6959802210330963,0.001,64,2,0.3,False,16,75,0.0,0.1,10,5,0.5,True,42
batch_size,16,52,52,2,0.6930119070139799,0.698069037993749,0.001,64,2,0.3,False,16,75,0.0,0.1,10,5,0.5,True,42
batch_size,16,52,52,3,0.6915891351121844,0.6967164317766825,0.001,64,2,0.3,False,16,75,0.0,0.1,10,5,0.5,True,42
batch_size,16,52,52,4,0.6896073012189432,0.6964050134023031,0.001,64,2,0.3,False,16,75,0.0,0.1,10,5,0.5,True,42
batch_size,16,52,52,5,0.6872515737107305,0.6960927863915761,0.001,64,2,0.3,False,16,75,0.0,0.1,10,5,0.5,True,42
batch_size,16,52,52,6,0.6854589836615504,0.700110665957133,0.001,64,2,0.3,False,16,75,0.0,0.1,10,5,0.5,True,42
batch_size,16,52,52,7,0.6815799684687094,0.7026272197564443,0.001,64,2,0.3,False,16,75,0.0,0.1,10,5,0.5,True,42
batch_size,16,52,52,8,0.6692127155309374,0.7060934364795685,0.001,64,2,0.3,False,16,75,0.0,0.1,10,5,0.5,True,42
batch_size,16,52,52,9,0.6621756430602435,0.718869020541509,0.001,64,2,0.3,False,16,75,0.0,0.1,10,5,0.5,True,42
batch_size,16,52,52,10,0.6530511616305872,0.7138136684894562,0.001,64,2,0.3,False,16,75,0.0,0.1,10,5,0.5,True,42
batch_size,16,52,52,11,0.6396306671879508,0.7373008290926616,0.001,64,2,0.3,False,16,75,0.0,0.1,10,5,0.5,True,42
batch_size,16,53,53,1,0.6939907898921024,0.691120707988739,0.001,64,2,0.3,False,16,75,0.0,0.1,10,5,0.5,True,42
batch_size,16,53,53,2,0.6928688210679551,0.6898679435253143,0.001,64,2,0.3,False,16,75,0.0,0.1,10,5,0.5,True,42
batch_size,16,53,53,3,0.6913775819789321,0.6923286338647207,0.001,64,2,0.3,False,16,75,0.0,0.1,10,5,0.5,True,42
batch_size,16,53,53,4,0.6888795986828242,0.6926098545392354,0.001,64,2,0.3,False,16,75,0.0,0.1,10,5,0.5,True,42
batch_size,16,53,53,5,0.6847451839156931,0.6983466804027557,0.001,64,2,0.3,False,16,75,0.0,0.1,10,5,0.5,True,42
batch_size,16,53,53,6,0.6829403598045668,0.7107913633187611,0.001,64,2,0.3,False,16,75,0.0,0.1,10,5,0.5,True,42
batch_size,16,53,53,7,0.6764899682636043,0.7081153571605683,0.001,64,2,0.3,False,16,75,0.0,0.1,10,5,0.5,True,42
batch_size,16,53,53,8,0.6652631671256439,0.7086185097694397,0.001,64,2,0.3,False,16,75,0.0,0.1,10,5,0.5,True,42
batch_size,16,53,53,9,0.646009555334374,0.7381602903207143,0.001,64,2,0.3,False,16,75,0.0,0.1,10,5,0.5,True,42
batch_size,16,53,53,10,0.6333359586421982,0.7698155403137207,0.001,64,2,0.3,False,16,75,0.0,0.1,10,5,0.5,True,42
batch_size,16,53,53,11,0.6195069085735785,0.7744053463141124,0.001,64,2,0.3,False,16,75,0.0,0.1,10,5,0.5,True,42
batch_size,16,53,53,12,0.6073057028277292,0.7968011220296224,0.001,64,2,0.3,False,16,75,0.0,0.1,10,5,0.5,True,42
batch_size,16,54,54,1,0.6939575017401667,0.6955519437789917,0.001,64,2,0.3,False,16,75,0.0,0.1,10,5,0.5,True,42
batch_size,16,54,54,2,0.6924106474175598,0.698611706495285,0.001,64,2,0.3,False,16,75,0.0,0.1,10,5,0.5,True,42
batch_size,16,54,54,3,0.6918698370908246,0.6961222608884176,0.001,64,2,0.3,False,16,75,0.0,0.1,10,5,0.5,True,42
batch_size,16,54,54,4,0.6881269616159525,0.697569465637207,0.001,64,2,0.3,False,16,75,0.0,0.1,10,5,0.5,True,42
batch_size,16,54,54,5,0.6862244626337831,0.7015077292919158,0.001,64,2,0.3,False,16,75,0.0,0.1,10,5,0.5,True,42
batch_size,16,54,54,6,0.6813923380140102,0.6981411854426066,0.001,64,2,0.3,False,16,75,0.0,0.1,10,5,0.5,True,42
batch_size,16,54,54,7,0.6781526002468485,0.702441253264745,0.001,64,2,0.3,False,16,75,0.0,0.1,10,5,0.5,True,42
batch_size,16,54,54,8,0.6637196671782117,0.7319539666175843,0.001,64,2,0.3,False,16,75,0.0,0.1,10,5,0.5,True,42
batch_size,16,54,54,9,0.6518559277509198,0.7489305754502614,0.001,64,2,0.3,False,16,75,0.0,0.1,10,5,0.5,True,42
batch_size,16,54,54,10,0.635519847725377,0.7540784776210785,0.001,64,2,0.3,False,16,75,0.0,0.1,10,5,0.5,True,42
batch_size,16,54,54,11,0.6259344477545131,0.7768624444802602,0.001,64,2,0.3,False,16,75,0.0,0.1,10,5,0.5,True,42
batch_size,16,55,55,1,0.6939544641472994,0.6902369221051534,0.001,64,2,0.3,False,16,75,0.0,0.1,10,5,0.5,True,42
batch_size,16,55,55,2,0.6928956064434559,0.6924464364846548,0.001,64,2,0.3,False,16,75,0.0,0.1,10,5,0.5,True,42
batch_size,16,55,55,3,0.6913602318147289,0.6919598599274953,0.001,64,2,0.3,False,16,75,0.0,0.1,10,5,0.5,True,42
batch_size,16,55,55,4,0.6883094825218838,0.6962573925654093,0.001,64,2,0.3,False,16,75,0.0,0.1,10,5,0.5,True,42
batch_size,16,55,55,5,0.6850078312163117,0.7024423003196716,0.001,64,2,0.3,False,16,75,0.0,0.1,10,5,0.5,True,42
batch_size,16,55,55,6,0.6788022930631166,0.7113316297531128,0.001,64,2,0.3,False,16,75,0.0,0.1,10,5,0.5,True,42
batch_size,16,55,55,7,0.668480243633002,0.7289517343044281,0.001,64,2,0.3,False,16,75,0.0,0.1,10,5,0.5,True,42
batch_size,16,55,55,8,0.6525174974262035,0.749431989590327,0.001,64,2,0.3,False,16,75,0.0,0.1,10,5,0.5,True,42
batch_size,16,55,55,9,0.6415645473356936,0.7586975951989492,0.001,64,2,0.3,False,16,75,0.0,0.1,10,5,0.5,True,42
batch_size,16,55,55,10,0.6317950486003673,0.7898070454597473,0.001,64,2,0.3,False,16,75,0.0,0.1,10,5,0.5,True,42
batch_size,16,55,55,11,0.6220593667755562,0.7855144043763479,0.001,64,2,0.3,False,16,75,0.0,0.1,10,5,0.5,True,42
batch_size,16,56,56,1,0.6941366361121261,0.6932890176773071,0.001,64,2,0.3,False,16,75,0.0,0.1,10,5,0.5,True,42
batch_size,16,56,56,2,0.6929373009123276,0.692253706852595,0.001,64,2,0.3,False,16,75,0.0,0.1,10,5,0.5,True,42
batch_size,16,56,56,3,0.6909533662034532,0.693969213962555,0.001,64,2,0.3,False,16,75,0.0,0.1,10,5,0.5,True,42
batch_size,16,56,56,4,0.6900650559722697,0.6945653955141703,0.001,64,2,0.3,False,16,75,0.0,0.1,10,5,0.5,True,42
batch_size,16,56,56,5,0.6876908880676154,0.6953983505566915,0.001,64,2,0.3,False,16,75,0.0,0.1,10,5,0.5,True,42
batch_size,16,56,56,6,0.683544977309586,0.6973040163516998,0.001,64,2,0.3,False,16,75,0.0,0.1,10,5,0.5,True,42
batch_size,16,56,56,7,0.6791827893982368,0.7130868673324585,0.001,64,2,0.3,False,16,75,0.0,0.1,10,5,0.5,True,42
batch_size,16,56,56,8,0.6691869606083337,0.7139371911684672,0.001,64,2,0.3,False,16,75,0.0,0.1,10,5,0.5,True,42
batch_size,16,56,56,9,0.6495376672354941,0.7265946090221405,0.001,64,2,0.3,False,16,75,0.0,0.1,10,5,0.5,True,42
batch_size,16,56,56,10,0.6325337304361873,0.7605235517024994,0.001,64,2,0.3,False,16,75,0.0,0.1,10,5,0.5,True,42
batch_size,16,56,56,11,0.6205162408234048,0.7638792097568512,0.001,64,2,0.3,False,16,75,0.0,0.1,10,5,0.5,True,42
batch_size,16,56,56,12,0.6069931450225554,0.7623452782630921,0.001,64,2,0.3,False,16,75,0.0,0.1,10,5,0.5,True,42
batch_size,16,57,57,1,0.6944294596806225,0.6923862397670746,0.001,64,2,0.3,False,16,75,0.0,0.1,10,5,0.5,True,42
batch_size,16,57,57,2,0.6916325291753268,0.6922635972499848,0.001,64,2,0.3,False,16,75,0.0,0.1,10,5,0.5,True,42
batch_size,16,57,57,3,0.6903817010016495,0.6937537213166555,0.001,64,2,0.3,False,16,75,0.0,0.1,10,5,0.5,True,42
batch_size,16,57,57,4,0.6894812710838173,0.6920309762159983,0.001,64,2,0.3,False,16,75,0.0,0.1,10,5,0.5,True,42
batch_size,16,57,57,5,0.6841821212732293,0.6942063391208648,0.001,64,2,0.3,False,16,75,0.0,0.1,10,5,0.5,True,42
batch_size,16,57,57,6,0.6803502886920827,0.7094154357910156,0.001,64,2,0.3,False,16,75,0.0,0.1,10,5,0.5,True,42
batch_size,16,57,57,7,0.6734847759565926,0.705739559729894,0.001,64,2,0.3,False,16,75,0.0,0.1,10,5,0.5,True,42
batch_size,16,57,57,8,0.6657756974941877,0.7118058005968729,0.001,64,2,0.3,False,16,75,0.0,0.1,10,5,0.5,True,42
batch_size,16,57,57,9,0.6528230140644334,0.7267877638339997,0.001,64,2,0.3,False,16,75,0.0,0.1,10,5,0.5,True,42
batch_size,16,57,57,10,0.6408138907454313,0.7758297632137935,0.001,64,2,0.3,False,16,75,0.0,0.1,10,5,0.5,True,42
batch_size,16,57,57,11,0.6092697457895533,0.7823632041613261,0.001,64,2,0.3,False,16,75,0.0,0.1,10,5,0.5,True,42
batch_size,16,57,57,12,0.5936142464554355,0.8265245417753856,0.001,64,2,0.3,False,16,75,0.0,0.1,10,5,0.5,True,42
batch_size,16,57,57,13,0.5788702742681757,0.8494256923596064,0.001,64,2,0.3,False,16,75,0.0,0.1,10,5,0.5,True,42
batch_size,16,57,57,14,0.5614668817574534,0.8925376296043396,0.001,64,2,0.3,False,16,75,0.0,0.1,10,5,0.5,True,42
batch_size,16,58,58,1,0.6939079562067533,0.6929551164309183,0.001,64,2,0.3,False,16,75,0.0,0.1,10,5,0.5,True,42
batch_size,16,58,58,2,0.6925494167741261,0.6976676503817241,0.001,64,2,0.3,False,16,75,0.0,0.1,10,5,0.5,True,42
batch_size,16,58,58,3,0.6908660293078694,0.6968593716621398,0.001,64,2,0.3,False,16,75,0.0,0.1,10,5,0.5,True,42
batch_size,16,58,58,4,0.6890607514762154,0.6975078483422598,0.001,64,2,0.3,False,16,75,0.0,0.1,10,5,0.5,True,42
batch_size,16,58,58,5,0.6867502889252434,0.6975821475187938,0.001,64,2,0.3,False,16,75,0.0,0.1,10,5,0.5,True,42
batch_size,16,58,58,6,0.6821599004386496,0.6980209847291311,0.001,64,2,0.3,False,16,75,0.0,0.1,10,5,0.5,True,42
batch_size,16,58,58,7,0.6763827297624073,0.7037661770979563,0.001,64,2,0.3,False,16,75,0.0,0.1,10,5,0.5,True,42
batch_size,16,58,58,8,0.6615737055644336,0.7244393547375997,0.001,64,2,0.3,False,16,75,0.0,0.1,10,5,0.5,True,42
batch_size,16,58,58,9,0.6498996121348537,0.730989549557368,0.001,64,2,0.3,False,16,75,0.0,0.1,10,5,0.5,True,42
batch_size,16,58,58,10,0.6397278024443203,0.7340265889962514,0.001,64,2,0.3,False,16,75,0.0,0.1,10,5,0.5,True,42
batch_size,16,58,58,11,0.6302280436223904,0.7498362104098002,0.001,64,2,0.3,False,16,75,0.0,0.1,10,5,0.5,True,42
batch_size,16,59,59,1,0.6937848918791506,0.6941197017828623,0.001,64,2,0.3,False,16,75,0.0,0.1,10,5,0.5,True,42
batch_size,16,59,59,2,0.693011753912661,0.6928492903709411,0.001,64,2,0.3,False,16,75,0.0,0.1,10,5,0.5,True,42
batch_size,16,59,59,3,0.6910862378747744,0.6984687169392904,0.001,64,2,0.3,False,16,75,0.0,0.1,10,5,0.5,True,42
batch_size,16,59,59,4,0.6897898760585277,0.6955719391504923,0.001,64,2,0.3,False,16,75,0.0,0.1,10,5,0.5,True,42
batch_size,16,59,59,5,0.6874595472567888,0.6912592748800913,0.001,64,2,0.3,False,16,75,0.0,0.1,10,5,0.5,True,42
batch_size,16,59,59,6,0.6832232962543067,0.7094622711340587,0.001,64,2,0.3,False,16,75,0.0,0.1,10,5,0.5,True,42
batch_size,16,59,59,7,0.6780942775903999,0.703651120265325,0.001,64,2,0.3,False,16,75,0.0,0.1,10,5,0.5,True,42
batch_size,16,59,59,8,0.6687246545186061,0.7185419261455536,0.001,64,2,0.3,False,16,75,0.0,0.1,10,5,0.5,True,42
batch_size,16,59,59,9,0.6577435538116063,0.7537581404050191,0.001,64,2,0.3,False,16,75,0.0,0.1,10,5,0.5,True,42
batch_size,16,59,59,10,0.649059090777495,0.7411747515201569,0.001,64,2,0.3,False,16,75,0.0,0.1,10,5,0.5,True,42
batch_size,16,59,59,11,0.635981392951066,0.7492487072944641,0.001,64,2,0.3,False,16,75,0.0,0.1,10,5,0.5,True,42
batch_size,16,59,59,12,0.6062260850300807,0.79723006884257,0.001,64,2,0.3,False,16,75,0.0,0.1,10,5,0.5,True,42
batch_size,16,59,59,13,0.5882383535116797,0.7895911693572998,0.001,64,2,0.3,False,16,75,0.0,0.1,10,5,0.5,True,42
batch_size,16,59,59,14,0.5714249454523674,0.8505340735117595,0.001,64,2,0.3,False,16,75,0.0,0.1,10,5,0.5,True,42
batch_size,16,59,59,15,0.5599727903708759,0.8509255081415177,0.001,64,2,0.3,False,16,75,0.0,0.1,10,5,0.5,True,42
batch_size,16,60,60,1,0.6937461576987582,0.6935892780621846,0.001,64,2,0.3,False,16,75,0.0,0.1,10,5,0.5,True,42
batch_size,16,60,60,2,0.692798688157883,0.6934995512167613,0.001,64,2,0.3,False,16,75,0.0,0.1,10,5,0.5,True,42
batch_size,16,60,60,3,0.6913423243584288,0.6931270678838094,0.001,64,2,0.3,False,16,75,0.0,0.1,10,5,0.5,True,42
batch_size,16,60,60,4,0.6899397923919185,0.6937199850877126,0.001,64,2,0.3,False,16,75,0.0,0.1,10,5,0.5,True,42
batch_size,16,60,60,5,0.6868999271791697,0.6928941905498505,0.001,64,2,0.3,False,16,75,0.0,0.1,10,5,0.5,True,42
batch_size,16,60,60,6,0.6812614911862652,0.6969310164451599,0.001,64,2,0.3,False,16,75,0.0,0.1,10,5,0.5,True,42
batch_size,16,60,60,7,0.6757556009655217,0.7005100905895233,0.001,64,2,0.3,False,16,75,0.0,0.1,10,5,0.5,True,42
batch_size,16,60,60,8,0.6654139444401962,0.6990824351708095,0.001,64,2,0.3,False,16,75,0.0,0.1,10,5,0.5,True,42
batch_size,16,60,60,9,0.6558934734574742,0.7016418178876241,0.001,64,2,0.3,False,16,75,0.0,0.1,10,5,0.5,True,42
batch_size,16,60,60,10,0.639018729725718,0.7326558887958526,0.001,64,2,0.3,False,16,75,0.0,0.1,10,5,0.5,True,42
batch_size,16,60,60,11,0.6239763672814169,0.744215605656306,0.001,64,2,0.3,False,16,75,0.0,0.1,10,5,0.5,True,42
batch_size,16,60,60,12,0.5888978469507776,0.7877065420150757,0.001,64,2,0.3,False,16,75,0.0,0.1,10,5,0.5,True,42
batch_size,16,60,60,13,0.5740313868785539,0.8223302920659383,0.001,64,2,0.3,False,16,75,0.0,0.1,10,5,0.5,True,42
batch_size,16,60,60,14,0.5532328248477254,0.8672749539216359,0.001,64,2,0.3,False,16,75,0.0,0.1,10,5,0.5,True,42
batch_size,16,60,60,15,0.5409737714343198,0.9163565595944723,0.001,64,2,0.3,False,16,75,0.0,0.1,10,5,0.5,True,42
batch_size,16,61,61,1,0.6942827910071543,0.6938695967197418,0.001,64,2,0.3,False,16,75,0.0,0.1,10,5,0.5,True,42
batch_size,16,61,61,2,0.6929479155250375,0.6933616995811462,0.001,64,2,0.3,False,16,75,0.0,0.1,10,5,0.5,True,42
batch_size,16,61,61,3,0.6912715253721172,0.6963339527448018,0.001,64,2,0.3,False,16,75,0.0,0.1,10,5,0.5,True,42
batch_size,16,61,61,4,0.6897784711743489,0.6938576718171438,0.001,64,2,0.3,False,16,75,0.0,0.1,10,5,0.5,True,42
batch_size,16,61,61,5,0.6869836834900279,0.6953299740950266,0.001,64,2,0.3,False,16,75,0.0,0.1,10,5,0.5,True,42
batch_size,16,61,61,6,0.6844878339495496,0.7031523962815602,0.001,64,2,0.3,False,16,75,0.0,0.1,10,5,0.5,True,42
batch_size,16,61,61,7,0.6856722992635952,0.7007741570472718,0.001,64,2,0.3,False,16,75,0.0,0.1,10,5,0.5,True,42
batch_size,16,61,61,8,0.6917571226000333,0.6886588394641876,0.001,64,2,0.3,False,16,75,0.0,0.1,10,5,0.5,True,42
batch_size,16,61,61,9,0.6950580985373871,0.6944358090559641,0.001,64,2,0.3,False,16,75,0.0,0.1,10,5,0.5,True,42
batch_size,16,61,61,10,0.6916323084341709,0.6957033574581146,0.001,64,2,0.3,False,16,75,0.0,0.1,10,5,0.5,True,42
batch_size,16,61,61,11,0.6836945058728352,0.7037025531133015,0.001,64,2,0.3,False,16,75,0.0,0.1,10,5,0.5,True,42
batch_size,16,61,61,12,0.676151604026896,0.7045821944872538,0.001,64,2,0.3,False,16,75,0.0,0.1,10,5,0.5,True,42
batch_size,16,61,61,13,0.6675134838307312,0.7216621061166127,0.001,64,2,0.3,False,16,75,0.0,0.1,10,5,0.5,True,42
batch_size,16,61,61,14,0.6554291044351266,0.7337692101796468,0.001,64,2,0.3,False,16,75,0.0,0.1,10,5,0.5,True,42
batch_size,16,61,61,15,0.6313720831626268,0.7531075159708659,0.001,64,2,0.3,False,16,75,0.0,0.1,10,5,0.5,True,42
batch_size,16,61,61,16,0.6149676528267081,0.774934176603953,0.001,64,2,0.3,False,16,75,0.0,0.1,10,5,0.5,True,42
batch_size,16,61,61,17,0.5975274707654583,0.8195103903611501,0.001,64,2,0.3,False,16,75,0.0,0.1,10,5,0.5,True,42
batch_size,16,61,61,18,0.586391405687586,0.7988513271013896,0.001,64,2,0.3,False,16,75,0.0,0.1,10,5,0.5,True,42
batch_size,16,62,62,1,0.6945306157884489,0.6931077440579733,0.001,64,2,0.3,False,16,75,0.0,0.1,10,5,0.5,True,42
batch_size,16,62,62,2,0.6930468236538847,0.6922927896181742,0.001,64,2,0.3,False,16,75,0.0,0.1,10,5,0.5,True,42
batch_size,16,62,62,3,0.6902498786440368,0.6917195558547974,0.001,64,2,0.3,False,16,75,0.0,0.1,10,5,0.5,True,42
batch_size,16,62,62,4,0.6892825421724936,0.6936675250530243,0.001,64,2,0.3,False,16,75,0.0,0.1,10,5,0.5,True,42
batch_size,16,62,62,5,0.6858829887647593,0.6984709282716115,0.001,64,2,0.3,False,16,75,0.0,0.1,10,5,0.5,True,42
batch_size,16,62,62,6,0.6785839895785082,0.7003750721613566,0.001,64,2,0.3,False,16,75,0.0,0.1,10,5,0.5,True,42
batch_size,16,62,62,7,0.6709976858059263,0.7074459711710612,0.001,64,2,0.3,False,16,75,0.0,0.1,10,5,0.5,True,42
batch_size,16,62,62,8,0.6625591930101127,0.7155021945635478,0.001,64,2,0.3,False,16,75,0.0,0.1,10,5,0.5,True,42
batch_size,16,62,62,9,0.6513414607301864,0.7369653662045796,0.001,64,2,0.3,False,16,75,0.0,0.1,10,5,0.5,True,42
batch_size,16,62,62,10,0.6300388020480994,0.749232828617096,0.001,64,2,0.3,False,16,75,0.0,0.1,10,5,0.5,True,42
batch_size,16,62,62,11,0.6167799474621907,0.7732940236727397,0.001,64,2,0.3,False,16,75,0.0,0.1,10,5,0.5,True,42
batch_size,16,62,62,12,0.6046077508210229,0.7833141664663951,0.001,64,2,0.3,False,16,75,0.0,0.1,10,5,0.5,True,42
batch_size,16,62,62,13,0.5927567523921851,0.8254687786102295,0.001,64,2,0.3,False,16,75,0.0,0.1,10,5,0.5,True,42
batch_size,16,63,63,1,0.6939610718774252,0.6922259867191315,0.001,64,2,0.3,False,16,75,0.0,0.1,10,5,0.5,True,42
batch_size,16,63,63,2,0.6920959471296448,0.6926948467890421,0.001,64,2,0.3,False,16,75,0.0,0.1,10,5,0.5,True,42
batch_size,16,63,63,3,0.6905032869980816,0.6942722201347351,0.001,64,2,0.3,False,16,75,0.0,0.1,10,5,0.5,True,42
batch_size,16,63,63,4,0.689170896100454,0.6930133958657583,0.001,64,2,0.3,False,16,75,0.0,0.1,10,5,0.5,True,42
batch_size,16,63,63,5,0.6853636514551286,0.6940451800823212,0.001,64,2,0.3,False,16,75,0.0,0.1,10,5,0.5,True,42
batch_size,16,63,63,6,0.6830151799513813,0.6962897857030232,0.001,64,2,0.3,False,16,75,0.0,0.1,10,5,0.5,True,42
batch_size,16,63,63,7,0.677645599434131,0.7000503679116566,0.001,64,2,0.3,False,16,75,0.0,0.1,10,5,0.5,True,42
batch_size,16,63,63,8,0.665365684395054,0.7023404141267141,0.001,64,2,0.3,False,16,75,0.0,0.1,10,5,0.5,True,42
batch_size,16,63,63,9,0.6556299578101009,0.7201023101806641,0.001,64,2,0.3,False,16,75,0.0,0.1,10,5,0.5,True,42
batch_size,16,63,63,10,0.644279484739775,0.7227696557839711,0.001,64,2,0.3,False,16,75,0.0,0.1,10,5,0.5,True,42
batch_size,16,63,63,11,0.6381291226969019,0.720162562529246,0.001,64,2,0.3,False,16,75,0.0,0.1,10,5,0.5,True,42
batch_size,16,64,64,1,0.694342460469148,0.6921115795771281,0.001,64,2,0.3,False,16,75,0.0,0.1,10,5,0.5,True,42
batch_size,16,64,64,2,0.6929781319070678,0.6918411771456401,0.001,64,2,0.3,False,16,75,0.0,0.1,10,5,0.5,True,42
batch_size,16,64,64,3,0.6911866390659782,0.6906358778476716,0.001,64,2,0.3,False,16,75,0.0,0.1,10,5,0.5,True,42
batch_size,16,64,64,4,0.6883881028614117,0.6934265971183777,0.001,64,2,0.3,False,16,75,0.0,0.1,10,5,0.5,True,42
batch_size,16,64,64,5,0.6863910762076142,0.6964114864667257,0.001,64,2,0.3,False,16,75,0.0,0.1,10,5,0.5,True,42
batch_size,16,64,64,6,0.6832193396843885,0.7069170216719309,0.001,64,2,0.3,False,16,75,0.0,0.1,10,5,0.5,True,42
batch_size,16,64,64,7,0.6754007557045825,0.7080740193525951,0.001,64,2,0.3,False,16,75,0.0,0.1,10,5,0.5,True,42
batch_size,16,64,64,8,0.6688331129886351,0.7031310737133026,0.001,64,2,0.3,False,16,75,0.0,0.1,10,5,0.5,True,42
batch_size,16,64,64,9,0.6579660431060501,0.7304677128791809,0.001,64,2,0.3,False,16,75,0.0,0.1,10,5,0.5,True,42
batch_size,16,64,64,10,0.6440778575242699,0.7426785469055176,0.001,64,2,0.3,False,16,75,0.0,0.1,10,5,0.5,True,42
batch_size,16,64,64,11,0.6287754480603077,0.766523665189743,0.001,64,2,0.3,False,16,75,0.0,0.1,10,5,0.5,True,42
batch_size,16,64,64,12,0.6123159520979616,0.7741601914167404,0.001,64,2,0.3,False,16,75,0.0,0.1,10,5,0.5,True,42
batch_size,16,64,64,13,0.5995099104855903,0.8064105947812398,0.001,64,2,0.3,False,16,75,0.0,0.1,10,5,0.5,True,42
batch_size,16,65,65,1,0.693901607518867,0.6934208691120147,0.001,64,2,0.3,False,16,75,0.0,0.1,10,5,0.5,True,42
batch_size,16,65,65,2,0.692695199083466,0.692800231774648,0.001,64,2,0.3,False,16,75,0.0,0.1,10,5,0.5,True,42
batch_size,16,65,65,3,0.6911376726038102,0.6943448464075724,0.001,64,2,0.3,False,16,75,0.0,0.1,10,5,0.5,True,42
batch_size,16,65,65,4,0.689768176568325,0.7010670801003774,0.001,64,2,0.3,False,16,75,0.0,0.1,10,5,0.5,True,42
batch_size,16,65,65,5,0.6855968497551893,0.6994087338447571,0.001,64,2,0.3,False,16,75,0.0,0.1,10,5,0.5,True,42
batch_size,16,65,65,6,0.6809551468820173,0.7108450790246328,0.001,64,2,0.3,False,16,75,0.0,0.1,10,5,0.5,True,42
batch_size,16,65,65,7,0.673777242803755,0.7129642685254415,0.001,64,2,0.3,False,16,75,0.0,0.1,10,5,0.5,True,42
batch_size,16,65,65,8,0.6660773036824433,0.7498710324366887,0.001,64,2,0.3,False,16,75,0.0,0.1,10,5,0.5,True,42
batch_size,16,65,65,9,0.6452309575370963,0.7504216094811758,0.001,64,2,0.3,False,16,75,0.0,0.1,10,5,0.5,True,42
batch_size,16,65,65,10,0.6319315435768533,0.7571911791960398,0.001,64,2,0.3,False,16,75,0.0,0.1,10,5,0.5,True,42
batch_size,16,65,65,11,0.6177652587002221,0.7925133188565572,0.001,64,2,0.3,False,16,75,0.0,0.1,10,5,0.5,True,42
batch_size,16,65,65,12,0.6066687677069762,0.780488646030426,0.001,64,2,0.3,False,16,75,0.0,0.1,10,5,0.5,True,42
batch_size,16,66,66,1,0.6944738644610793,0.6942197481791178,0.001,64,2,0.3,False,16,75,0.0,0.1,10,5,0.5,True,42
batch_size,16,66,66,2,0.6917097829140638,0.6934504429499309,0.001,64,2,0.3,False,16,75,0.0,0.1,10,5,0.5,True,42
batch_size,16,66,66,3,0.6911156925411732,0.6950936575730642,0.001,64,2,0.3,False,16,75,0.0,0.1,10,5,0.5,True,42
batch_size,16,66,66,4,0.688883362387523,0.7062000572681427,0.001,64,2,0.3,False,16,75,0.0,0.1,10,5,0.5,True,42
batch_size,16,66,66,5,0.6872339380104732,0.6974560797214509,0.001,64,2,0.3,False,16,75,0.0,0.1,10,5,0.5,True,42
batch_size,16,66,66,6,0.6830723881721497,0.6933888057867686,0.001,64,2,0.3,False,16,75,0.0,0.1,10,5,0.5,True,42
batch_size,16,66,66,7,0.6747724577047979,0.7076250394185384,0.001,64,2,0.3,False,16,75,0.0,0.1,10,5,0.5,True,42
batch_size,16,66,66,8,0.6690511898396133,0.7041300197442373,0.001,64,2,0.3,False,16,75,0.0,0.1,10,5,0.5,True,42
batch_size,16,66,66,9,0.6463889180480754,0.7363367636998495,0.001,64,2,0.3,False,16,75,0.0,0.1,10,5,0.5,True,42
batch_size,16,66,66,10,0.6334448575746877,0.7510997076829274,0.001,64,2,0.3,False,16,75,0.0,0.1,10,5,0.5,True,42
batch_size,16,66,66,11,0.6224776624273438,0.7917838960886001,0.001,64,2,0.3,False,16,75,0.0,0.1,10,5,0.5,True,42
batch_size,16,66,66,12,0.6101010328463276,0.7775176723798116,0.001,64,2,0.3,False,16,75,0.0,0.1,10,5,0.5,True,42
batch_size,16,66,66,13,0.5949253459167118,0.8676607171694438,0.001,64,2,0.3,False,16,75,0.0,0.1,10,5,0.5,True,42
batch_size,16,66,66,14,0.5854584520307331,0.8687251518170039,0.001,64,2,0.3,False,16,75,0.0,0.1,10,5,0.5,True,42
batch_size,16,66,66,15,0.5601586246218518,0.9305704683065414,0.001,64,2,0.3,False,16,75,0.0,0.1,10,5,0.5,True,42
batch_size,16,66,66,16,0.5472072435422543,0.9715895195802052,0.001,64,2,0.3,False,16,75,0.0,0.1,10,5,0.5,True,42
batch_size,16,67,67,1,0.6942483327234653,0.6933951358000437,0.001,64,2,0.3,False,16,75,0.0,0.1,10,5,0.5,True,42
batch_size,16,67,67,2,0.6923528936879263,0.6914837618668874,0.001,64,2,0.3,False,16,75,0.0,0.1,10,5,0.5,True,42
batch_size,16,67,67,3,0.690318108511515,0.6923903445402781,0.001,64,2,0.3,False,16,75,0.0,0.1,10,5,0.5,True,42
batch_size,16,67,67,4,0.6877984189261955,0.6902529140313466,0.001,64,2,0.3,False,16,75,0.0,0.1,10,5,0.5,True,42
batch_size,16,67,67,5,0.6870575506424269,0.6873167594273885,0.001,64,2,0.3,False,16,75,0.0,0.1,10,5,0.5,True,42
batch_size,16,67,67,6,0.6822898605477221,0.6906253317991893,0.001,64,2,0.3,False,16,75,0.0,0.1,10,5,0.5,True,42
batch_size,16,67,67,7,0.6766987293392079,0.6918703019618988,0.001,64,2,0.3,False,16,75,0.0,0.1,10,5,0.5,True,42
batch_size,16,67,67,8,0.6655050144449386,0.6961089730262756,0.001,64,2,0.3,False,16,75,0.0,0.1,10,5,0.5,True,42
batch_size,16,67,67,9,0.6566093935712662,0.721006398399671,0.001,64,2,0.3,False,16,75,0.0,0.1,10,5,0.5,True,42
batch_size,16,67,67,10,0.6512205067016326,0.7242513000965118,0.001,64,2,0.3,False,16,75,0.0,0.1,10,5,0.5,True,42
batch_size,16,67,67,11,0.634633194584357,0.7402863224347432,0.001,64,2,0.3,False,16,75,0.0,0.1,10,5,0.5,True,42
batch_size,16,67,67,12,0.6053199824724814,0.8058776954809824,0.001,64,2,0.3,False,16,75,0.0,0.1,10,5,0.5,True,42
batch_size,16,67,67,13,0.5875903786135264,0.8411257664362589,0.001,64,2,0.3,False,16,75,0.0,0.1,10,5,0.5,True,42
batch_size,16,67,67,14,0.5693184130545351,0.9027434547742208,0.001,64,2,0.3,False,16,75,0.0,0.1,10,5,0.5,True,42
batch_size,16,67,67,15,0.5577941884786004,0.947695771853129,0.001,64,2,0.3,False,16,75,0.0,0.1,10,5,0.5,True,42
batch_size,16,68,68,1,0.6949589207145198,0.6946463326613108,0.001,64,2,0.3,False,16,75,0.0,0.1,10,5,0.5,True,42
batch_size,16,68,68,2,0.6927260668105499,0.6925496459007263,0.001,64,2,0.3,False,16,75,0.0,0.1,10,5,0.5,True,42
batch_size,16,68,68,3,0.6915131331396647,0.6923770407835642,0.001,64,2,0.3,False,16,75,0.0,0.1,10,5,0.5,True,42
batch_size,16,68,68,4,0.6902264231964662,0.6901838739713033,0.001,64,2,0.3,False,16,75,0.0,0.1,10,5,0.5,True,42
batch_size,16,68,68,5,0.687477537434364,0.6956117967764537,0.001,64,2,0.3,False,16,75,0.0,0.1,10,5,0.5,True,42
batch_size,16,68,68,6,0.6839043459511528,0.6937673449516296,0.001,64,2,0.3,False,16,75,0.0,0.1,10,5,0.5,True,42
batch_size,16,68,68,7,0.6814112178273074,0.6966273546218872,0.001,64,2,0.3,False,16,75,0.0,0.1,10,5,0.5,True,42
batch_size,16,68,68,8,0.673763184039765,0.6992130001386007,0.001,64,2,0.3,False,16,75,0.0,0.1,10,5,0.5,True,42
batch_size,16,68,68,9,0.668114099439106,0.7018587867418925,0.001,64,2,0.3,False,16,75,0.0,0.1,10,5,0.5,True,42
batch_size,16,68,68,10,0.6589577685290869,0.7325459957122803,0.001,64,2,0.3,False,16,75,0.0,0.1,10,5,0.5,True,42
batch_size,16,68,68,11,0.6354482388088458,0.7576176285743713,0.001,64,2,0.3,False,16,75,0.0,0.1,10,5,0.5,True,42
batch_size,16,68,68,12,0.6201680730957495,0.7756722847620646,0.001,64,2,0.3,False,16,75,0.0,0.1,10,5,0.5,True,42
batch_size,16,68,68,13,0.605104996790904,0.8025675396124522,0.001,64,2,0.3,False,16,75,0.0,0.1,10,5,0.5,True,42
batch_size,16,68,68,14,0.5966491370599986,0.7877088030179341,0.001,64,2,0.3,False,16,75,0.0,0.1,10,5,0.5,True,42
batch_size,16,69,69,1,0.6930784358724442,0.6920918424924215,0.001,64,2,0.3,False,16,75,0.0,0.1,10,5,0.5,True,42
batch_size,16,69,69,2,0.6928087588498801,0.6926088035106659,0.001,64,2,0.3,False,16,75,0.0,0.1,10,5,0.5,True,42
batch_size,16,69,69,3,0.6918572556836523,0.6918634593486785,0.001,64,2,0.3,False,16,75,0.0,0.1,10,5,0.5,True,42
batch_size,16,69,69,4,0.6886978527892225,0.6979343791802725,0.001,64,2,0.3,False,16,75,0.0,0.1,10,5,0.5,True,42
batch_size,16,69,69,5,0.687094333053995,0.6952330152193705,0.001,64,2,0.3,False,16,75,0.0,0.1,10,5,0.5,True,42
batch_size,16,69,69,6,0.6836108195917688,0.6970931053161621,0.001,64,2,0.3,False,16,75,0.0,0.1,10,5,0.5,True,42
batch_size,16,69,69,7,0.6788644348713835,0.7148183445135753,0.001,64,2,0.3,False,16,75,0.0,0.1,10,5,0.5,True,42
batch_size,16,69,69,8,0.6683483438800043,0.7336793998877208,0.001,64,2,0.3,False,16,75,0.0,0.1,10,5,0.5,True,42
batch_size,16,69,69,9,0.6559339626886999,0.7482744475205739,0.001,64,2,0.3,False,16,75,0.0,0.1,10,5,0.5,True,42
batch_size,16,69,69,10,0.6372890648053173,0.756761109828949,0.001,64,2,0.3,False,16,75,0.0,0.1,10,5,0.5,True,42
batch_size,16,69,69,11,0.6161848273794007,0.811901581287384,0.001,64,2,0.3,False,16,75,0.0,0.1,10,5,0.5,True,42
batch_size,16,69,69,12,0.5984731739238188,0.8332703550656636,0.001,64,2,0.3,False,16,75,0.0,0.1,10,5,0.5,True,42
batch_size,16,69,69,13,0.5832625669444922,0.8713482618331909,0.001,64,2,0.3,False,16,75,0.0,0.1,10,5,0.5,True,42
batch_size,16,70,70,1,0.693592456583741,0.6928998430569967,0.001,64,2,0.3,False,16,75,0.0,0.1,10,5,0.5,True,42
batch_size,16,70,70,2,0.6926929601698321,0.6935391465822855,0.001,64,2,0.3,False,16,75,0.0,0.1,10,5,0.5,True,42
batch_size,16,70,70,3,0.6909016454627759,0.6905818363030751,0.001,64,2,0.3,False,16,75,0.0,0.1,10,5,0.5,True,42
batch_size,16,70,70,4,0.6890466206427309,0.6947737117608388,0.001,64,2,0.3,False,16,75,0.0,0.1,10,5,0.5,True,42
batch_size,16,70,70,5,0.6832237406828557,0.695789510011673,0.001,64,2,0.3,False,16,75,0.0,0.1,10,5,0.5,True,42
batch_size,16,70,70,6,0.6781946547584389,0.6965322156747182,0.001,64,2,0.3,False,16,75,0.0,0.1,10,5,0.5,True,42
batch_size,16,70,70,7,0.67428723804851,0.7084668397903442,0.001,64,2,0.3,False,16,75,0.0,0.1,10,5,0.5,True,42
batch_size,16,70,70,8,0.6660929120538805,0.7016934255758921,0.001,64,2,0.3,False,16,75,0.0,0.1,10,5,0.5,True,42
batch_size,16,70,70,9,0.6574956195662683,0.7231674393018087,0.001,64,2,0.3,False,16,75,0.0,0.1,10,5,0.5,True,42
batch_size,16,70,70,10,0.6451776224850702,0.7205331484476726,0.001,64,2,0.3,False,16,75,0.0,0.1,10,5,0.5,True,42
batch_size,16,70,70,11,0.6460168318603429,0.7189641714096069,0.001,64,2,0.3,False,16,75,0.0,0.1,10,5,0.5,True,42
batch_size,16,70,70,12,0.6339050014662652,0.725821727514267,0.001,64,2,0.3,False,16,75,0.0,0.1,10,5,0.5,True,42
batch_size,16,70,70,13,0.6219332467467159,0.737104058265686,0.001,64,2,0.3,False,16,75,0.0,0.1,10,5,0.5,True,42
batch_size,16,71,71,1,0.6942881227899413,0.6940969089667003,0.001,64,2,0.3,False,16,75,0.0,0.1,10,5,0.5,True,42
batch_size,16,71,71,2,0.6926033175036934,0.6935823917388916,0.001,64,2,0.3,False,16,75,0.0,0.1,10,5,0.5,True,42
batch_size,16,71,71,3,0.6916430470154766,0.6929139912128448,0.001,64,2,0.3,False,16,75,0.0,0.1,10,5,0.5,True,42
batch_size,16,71,71,4,0.6901740760404348,0.6925809701283773,0.001,64,2,0.3,False,16,75,0.0,0.1,10,5,0.5,True,42
batch_size,16,71,71,5,0.6884038856274275,0.6929943124453227,0.001,64,2,0.3,False,16,75,0.0,0.1,10,5,0.5,True,42
batch_size,16,71,71,6,0.6843110526922538,0.6934412876764934,0.001,64,2,0.3,False,16,75,0.0,0.1,10,5,0.5,True,42
batch_size,16,71,71,7,0.680658065547508,0.7024395326773326,0.001,64,2,0.3,False,16,75,0.0,0.1,10,5,0.5,True,42
batch_size,16,71,71,8,0.6689761775074803,0.7247598022222519,0.001,64,2,0.3,False,16,75,0.0,0.1,10,5,0.5,True,42
batch_size,16,71,71,9,0.6657375308044057,0.7021182517210642,0.001,64,2,0.3,False,16,75,0.0,0.1,10,5,0.5,True,42
batch_size,16,71,71,10,0.6498620630217142,0.7215230862299601,0.001,64,2,0.3,False,16,75,0.0,0.1,10,5,0.5,True,42
batch_size,16,71,71,11,0.6286456141861673,0.7689485261837642,0.001,64,2,0.3,False,16,75,0.0,0.1,10,5,0.5,True,42
batch_size,16,71,71,12,0.6168500841117177,0.7930666188398997,0.001,64,2,0.3,False,16,75,0.0,0.1,10,5,0.5,True,42
batch_size,16,71,71,13,0.6060043694628509,0.7980716506640116,0.001,64,2,0.3,False,16,75,0.0,0.1,10,5,0.5,True,42
batch_size,16,71,71,14,0.5863385896265734,0.8427446961402894,0.001,64,2,0.3,False,16,75,0.0,0.1,10,5,0.5,True,42
batch_size,16,72,72,1,0.6942025697276619,0.694547837972641,0.001,64,2,0.3,False,16,75,0.0,0.1,10,5,0.5,True,42
batch_size,16,72,72,2,0.6926384334781778,0.6931622882684072,0.001,64,2,0.3,False,16,75,0.0,0.1,10,5,0.5,True,42
batch_size,16,72,72,3,0.691170983441429,0.6930687069892884,0.001,64,2,0.3,False,16,75,0.0,0.1,10,5,0.5,True,42
batch_size,16,72,72,4,0.689442213723868,0.6939337491989136,0.001,64,2,0.3,False,16,75,0.0,0.1,10,5,0.5,True,42
batch_size,16,72,72,5,0.6850748200380303,0.6928265929222107,0.001,64,2,0.3,False,16,75,0.0,0.1,10,5,0.5,True,42
batch_size,16,72,72,6,0.6812617001424724,0.6953491588433584,0.001,64,2,0.3,False,16,75,0.0,0.1,10,5,0.5,True,42
batch_size,16,72,72,7,0.6748713071355348,0.7297713498274485,0.001,64,2,0.3,False,16,75,0.0,0.1,10,5,0.5,True,42
batch_size,16,72,72,8,0.6677545041639089,0.7169462740421295,0.001,64,2,0.3,False,16,75,0.0,0.1,10,5,0.5,True,42
batch_size,16,72,72,9,0.6607829570316996,0.7223586539427439,0.001,64,2,0.3,False,16,75,0.0,0.1,10,5,0.5,True,42
batch_size,16,72,72,10,0.6487373067172308,0.7577642103036245,0.001,64,2,0.3,False,16,75,0.0,0.1,10,5,0.5,True,42
batch_size,16,72,72,11,0.6366290053487277,0.7585013647874196,0.001,64,2,0.3,False,16,75,0.0,0.1,10,5,0.5,True,42
batch_size,16,72,72,12,0.6048704926278654,0.8250807066758473,0.001,64,2,0.3,False,16,75,0.0,0.1,10,5,0.5,True,42
batch_size,16,72,72,13,0.5879102126047185,0.8891334136327108,0.001,64,2,0.3,False,16,75,0.0,0.1,10,5,0.5,True,42
batch_size,16,72,72,14,0.5764486823698414,0.8837861229976018,0.001,64,2,0.3,False,16,75,0.0,0.1,10,5,0.5,True,42
batch_size,16,72,72,15,0.5630337573276273,0.8974650760491689,0.001,64,2,0.3,False,16,75,0.0,0.1,10,5,0.5,True,42
batch_size,16,73,73,1,0.6941249302584862,0.6917799234390258,0.001,64,2,0.3,False,16,75,0.0,0.1,10,5,0.5,True,42
batch_size,16,73,73,2,0.6930736783792764,0.6921256681283315,0.001,64,2,0.3,False,16,75,0.0,0.1,10,5,0.5,True,42
batch_size,16,73,73,3,0.6907789763842246,0.6932582855224609,0.001,64,2,0.3,False,16,75,0.0,0.1,10,5,0.5,True,42
batch_size,16,73,73,4,0.68853582220839,0.6987648785114289,0.001,64,2,0.3,False,16,75,0.0,0.1,10,5,0.5,True,42
batch_size,16,73,73,5,0.6860715522512284,0.7021169463793436,0.001,64,2,0.3,False,16,75,0.0,0.1,10,5,0.5,True,42
batch_size,16,73,73,6,0.6820394734466031,0.7033340414365132,0.001,64,2,0.3,False,16,75,0.0,0.1,10,5,0.5,True,42
batch_size,16,73,73,7,0.6736323677088372,0.7157575031121571,0.001,64,2,0.3,False,16,75,0.0,0.1,10,5,0.5,True,42
batch_size,16,73,73,8,0.6621396029403455,0.7239522715409596,0.001,64,2,0.3,False,16,75,0.0,0.1,10,5,0.5,True,42
batch_size,16,73,73,9,0.645516563957635,0.7372124950091045,0.001,64,2,0.3,False,16,75,0.0,0.1,10,5,0.5,True,42
batch_size,16,73,73,10,0.6410211773426361,0.76113560795784,0.001,64,2,0.3,False,16,75,0.0,0.1,10,5,0.5,True,42
batch_size,16,73,73,11,0.6285382021969262,0.7644606630007426,0.001,64,2,0.3,False,16,75,0.0,0.1,10,5,0.5,True,42
batch_size,16,74,74,1,0.6948485902507042,0.6923686643441518,0.001,64,2,0.3,False,16,75,0.0,0.1,10,5,0.5,True,42
batch_size,16,74,74,2,0.6932418258017914,0.6912726759910583,0.001,64,2,0.3,False,16,75,0.0,0.1,10,5,0.5,True,42
batch_size,16,74,74,3,0.6924660348620252,0.6903346319993336,0.001,64,2,0.3,False,16,75,0.0,0.1,10,5,0.5,True,42
batch_size,16,74,74,4,0.6897880423658248,0.6950179000695547,0.001,64,2,0.3,False,16,75,0.0,0.1,10,5,0.5,True,42
batch_size,16,74,74,5,0.6890817540680048,0.6946092347304026,0.001,64,2,0.3,False,16,75,0.0,0.1,10,5,0.5,True,42
batch_size,16,74,74,6,0.6849059759437358,0.6974104285240174,0.001,64,2,0.3,False,16,75,0.0,0.1,10,5,0.5,True,42
batch_size,16,74,74,7,0.6832147925072296,0.6950038810571034,0.001,64,2,0.3,False,16,75,0.0,0.1,10,5,0.5,True,42
batch_size,16,74,74,8,0.6841023947349519,0.7012702624003092,0.001,64,2,0.3,False,16,75,0.0,0.1,10,5,0.5,True,42
batch_size,16,74,74,9,0.6713728700753854,0.7035468717416128,0.001,64,2,0.3,False,16,75,0.0,0.1,10,5,0.5,True,42
batch_size,16,74,74,10,0.6576550479397574,0.7166972080866496,0.001,64,2,0.3,False,16,75,0.0,0.1,10,5,0.5,True,42
batch_size,16,74,74,11,0.6475393409511435,0.7347847700119019,0.001,64,2,0.3,False,16,75,0.0,0.1,10,5,0.5,True,42
batch_size,16,74,74,12,0.6422203472132012,0.7557279666264852,0.001,64,2,0.3,False,16,75,0.0,0.1,10,5,0.5,True,42
batch_size,16,74,74,13,0.6320104899288583,0.7495084544022877,0.001,64,2,0.3,False,16,75,0.0,0.1,10,5,0.5,True,42
batch_size,16,75,75,1,0.6943253466125691,0.6943617204825083,0.001,64,2,0.3,False,16,75,0.0,0.1,10,5,0.5,True,42
batch_size,16,75,75,2,0.6922785581061335,0.6942698717117309,0.001,64,2,0.3,False,16,75,0.0,0.1,10,5,0.5,True,42
batch_size,16,75,75,3,0.6918289277589682,0.6950973471005758,0.001,64,2,0.3,False,16,75,0.0,0.1,10,5,0.5,True,42
batch_size,16,75,75,4,0.6898993267254396,0.693197758992513,0.001,64,2,0.3,False,16,75,0.0,0.1,10,5,0.5,True,42
batch_size,16,75,75,5,0.6866709079706308,0.6945893128712972,0.001,64,2,0.3,False,16,75,0.0,0.1,10,5,0.5,True,42
batch_size,16,75,75,6,0.6832270211342609,0.7032804330190022,0.001,64,2,0.3,False,16,75,0.0,0.1,10,5,0.5,True,42
batch_size,16,75,75,7,0.6723253912094868,0.7061063965161641,0.001,64,2,0.3,False,16,75,0.0,0.1,10,5,0.5,True,42
batch_size,16,75,75,8,0.6671614444842844,0.7130867818991343,0.001,64,2,0.3,False,16,75,0.0,0.1,10,5,0.5,True,42
batch_size,16,75,75,9,0.6561006094244394,0.7119084656238556,0.001,64,2,0.3,False,16,75,0.0,0.1,10,5,0.5,True,42
batch_size,16,75,75,10,0.645939553438714,0.7206688602765401,0.001,64,2,0.3,False,16,75,0.0,0.1,10,5,0.5,True,42
batch_size,16,75,75,11,0.6195525305740761,0.7445494771003723,0.001,64,2,0.3,False,16,75,0.0,0.1,10,5,0.5,True,42
batch_size,16,75,75,12,0.607888083792094,0.739707491795222,0.001,64,2,0.3,False,16,75,0.0,0.1,10,5,0.5,True,42
batch_size,16,75,75,13,0.5912668034434319,0.775184158484141,0.001,64,2,0.3,False,16,75,0.0,0.1,10,5,0.5,True,42
batch_size,16,75,75,14,0.5792121538384394,0.7806753079096477,0.001,64,2,0.3,False,16,75,0.0,0.1,10,5,0.5,True,42
batch_size,16,76,76,1,0.6941760023737135,0.6925035099188487,0.001,64,2,0.3,False,16,75,0.0,0.1,10,5,0.5,True,42
batch_size,16,76,76,2,0.692663638084107,0.691801905632019,0.001,64,2,0.3,False,16,75,0.0,0.1,10,5,0.5,True,42
batch_size,16,76,76,3,0.6923021132501812,0.6912114739418029,0.001,64,2,0.3,False,16,75,0.0,0.1,10,5,0.5,True,42
batch_size,16,76,76,4,0.689520533547202,0.6920224070549011,0.001,64,2,0.3,False,16,75,0.0,0.1,10,5,0.5,True,42
batch_size,16,76,76,5,0.6859125717057928,0.6994077901045481,0.001,64,2,0.3,False,16,75,0.0,0.1,10,5,0.5,True,42
batch_size,16,76,76,6,0.6829449724788448,0.7057712256908417,0.001,64,2,0.3,False,16,75,0.0,0.1,10,5,0.5,True,42
batch_size,16,76,76,7,0.6750829283275531,0.7021120270093282,0.001,64,2,0.3,False,16,75,0.0,0.1,10,5,0.5,True,42
batch_size,16,76,76,8,0.6668531937744228,0.7241951584815979,0.001,64,2,0.3,False,16,75,0.0,0.1,10,5,0.5,True,42
batch_size,16,76,76,9,0.6561205890242138,0.7268657644589742,0.001,64,2,0.3,False,16,75,0.0,0.1,10,5,0.5,True,42
batch_size,16,76,76,10,0.6380140140029414,0.750534075498581,0.001,64,2,0.3,False,16,75,0.0,0.1,10,5,0.5,True,42
batch_size,16,76,76,11,0.6211989992245068,0.7449577331542969,0.001,64,2,0.3,False,16,75,0.0,0.1,10,5,0.5,True,42
batch_size,16,76,76,12,0.6105883635948819,0.8091234743595124,0.001,64,2,0.3,False,16,75,0.0,0.1,10,5,0.5,True,42
batch_size,16,76,76,13,0.5943153214998571,0.8226287404696146,0.001,64,2,0.3,False,16,75,0.0,0.1,10,5,0.5,True,42
batch_size,16,77,77,1,0.6938687778244453,0.6939628978570302,0.001,64,2,0.3,False,16,75,0.0,0.1,10,5,0.5,True,42
batch_size,16,77,77,2,0.6921414880244904,0.6907143831253052,0.001,64,2,0.3,False,16,75,0.0,0.1,10,5,0.5,True,42
batch_size,16,77,77,3,0.6913935732478877,0.6934599936008453,0.001,64,2,0.3,False,16,75,0.0,0.1,10,5,0.5,True,42
batch_size,16,77,77,4,0.6885622916566102,0.6950075129667918,0.001,64,2,0.3,False,16,75,0.0,0.1,10,5,0.5,True,42
batch_size,16,77,77,5,0.6861408466168682,0.7039162337779998,0.001,64,2,0.3,False,16,75,0.0,0.1,10,5,0.5,True,42
batch_size,16,77,77,6,0.6834764738953159,0.7020450373490651,0.001,64,2,0.3,False,16,75,0.0,0.1,10,5,0.5,True,42
batch_size,16,77,77,7,0.6780989983689196,0.7101320803165436,0.001,64,2,0.3,False,16,75,0.0,0.1,10,5,0.5,True,42
batch_size,16,77,77,8,0.6693077343498346,0.7219670375188192,0.001,64,2,0.3,False,16,75,0.0,0.1,10,5,0.5,True,42
batch_size,16,77,77,9,0.6524997305960709,0.743965216477712,0.001,64,2,0.3,False,16,75,0.0,0.1,10,5,0.5,True,42
batch_size,16,77,77,10,0.6429776527809099,0.743865289290746,0.001,64,2,0.3,False,16,75,0.0,0.1,10,5,0.5,True,42
batch_size,16,77,77,11,0.6313151694522611,0.7511098166306813,0.001,64,2,0.3,False,16,75,0.0,0.1,10,5,0.5,True,42
batch_size,16,77,77,12,0.6180342444902137,0.8072651962439219,0.001,64,2,0.3,False,16,75,0.0,0.1,10,5,0.5,True,42
batch_size,16,78,78,1,0.6941894868480842,0.6923285027345022,0.001,64,2,0.3,False,16,75,0.0,0.1,10,5,0.5,True,42
batch_size,16,78,78,2,0.6930928126034175,0.6910593231519063,0.001,64,2,0.3,False,16,75,0.0,0.1,10,5,0.5,True,42
batch_size,16,78,78,3,0.6904604709193733,0.6956870396931966,0.001,64,2,0.3,False,16,75,0.0,0.1,10,5,0.5,True,42
batch_size,16,78,78,4,0.6886471190380052,0.6985200802485149,0.001,64,2,0.3,False,16,75,0.0,0.1,10,5,0.5,True,42
batch_size,16,78,78,5,0.6858319413525976,0.7148676574230194,0.001,64,2,0.3,False,16,75,0.0,0.1,10,5,0.5,True,42
batch_size,16,78,78,6,0.6816008582767878,0.7017159541447957,0.001,64,2,0.3,False,16,75,0.0,0.1,10,5,0.5,True,42
batch_size,16,78,78,7,0.675612051224074,0.7241069356600444,0.001,64,2,0.3,False,16,75,0.0,0.1,10,5,0.5,True,42
batch_size,16,78,78,8,0.6704131353490707,0.7219972272713979,0.001,64,2,0.3,False,16,75,0.0,0.1,10,5,0.5,True,42
batch_size,16,78,78,9,0.654308642724621,0.7377852360407512,0.001,64,2,0.3,False,16,75,0.0,0.1,10,5,0.5,True,42
batch_size,16,78,78,10,0.641432942999633,0.7504862467447917,0.001,64,2,0.3,False,16,75,0.0,0.1,10,5,0.5,True,42
batch_size,16,78,78,11,0.6286831225052533,0.7702402730782827,0.001,64,2,0.3,False,16,75,0.0,0.1,10,5,0.5,True,42
batch_size,16,78,78,12,0.61846510992304,0.7715911726156871,0.001,64,2,0.3,False,16,75,0.0,0.1,10,5,0.5,True,42
batch_size,16,79,79,1,0.6935133868546197,0.6947954038778941,0.001,64,2,0.3,False,16,75,0.0,0.1,10,5,0.5,True,42
batch_size,16,79,79,2,0.6926815697189533,0.6944113930066427,0.001,64,2,0.3,False,16,75,0.0,0.1,10,5,0.5,True,42
batch_size,16,79,79,3,0.6918486751841776,0.695349536339442,0.001,64,2,0.3,False,16,75,0.0,0.1,10,5,0.5,True,42
batch_size,16,79,79,4,0.6890523849111615,0.6977836529413859,0.001,64,2,0.3,False,16,75,0.0,0.1,10,5,0.5,True,42
batch_size,16,79,79,5,0.6880494618054592,0.6955588420232137,0.001,64,2,0.3,False,16,75,0.0,0.1,10,5,0.5,True,42
batch_size,16,79,79,6,0.6838553541085937,0.6910785535971323,0.001,64,2,0.3,False,16,75,0.0,0.1,10,5,0.5,True,42
batch_size,16,79,79,7,0.6769478601036649,0.7200080454349518,0.001,64,2,0.3,False,16,75,0.0,0.1,10,5,0.5,True,42
batch_size,16,79,79,8,0.6692502289784678,0.7086863954861958,0.001,64,2,0.3,False,16,75,0.0,0.1,10,5,0.5,True,42
batch_size,16,79,79,9,0.6578050212878169,0.7296822647253672,0.001,64,2,0.3,False,16,75,0.0,0.1,10,5,0.5,True,42
batch_size,16,79,79,10,0.6477924893525514,0.7384184539318085,0.001,64,2,0.3,False,16,75,0.0,0.1,10,5,0.5,True,42
batch_size,16,79,79,11,0.6330709846859629,0.742434032758077,0.001,64,2,0.3,False,16,75,0.0,0.1,10,5,0.5,True,42
batch_size,16,79,79,12,0.6142361077169577,0.7589588910341263,0.001,64,2,0.3,False,16,75,0.0,0.1,10,5,0.5,True,42
batch_size,16,79,79,13,0.5820012607357719,0.783314989010493,0.001,64,2,0.3,False,16,75,0.0,0.1,10,5,0.5,True,42
batch_size,16,79,79,14,0.55667498301376,0.8141724487145742,0.001,64,2,0.3,False,16,75,0.0,0.1,10,5,0.5,True,42
batch_size,16,79,79,15,0.5439439167579015,0.8445612261692683,0.001,64,2,0.3,False,16,75,0.0,0.1,10,5,0.5,True,42
batch_size,16,79,79,16,0.5220063385186773,0.8994642655054729,0.001,64,2,0.3,False,16,75,0.0,0.1,10,5,0.5,True,42
batch_size,16,80,80,1,0.6941442378573545,0.6924039741357167,0.001,64,2,0.3,False,16,75,0.0,0.1,10,5,0.5,True,42
batch_size,16,80,80,2,0.692068966169321,0.6923590997854868,0.001,64,2,0.3,False,16,75,0.0,0.1,10,5,0.5,True,42
batch_size,16,80,80,3,0.6901244924548914,0.6921051363150279,0.001,64,2,0.3,False,16,75,0.0,0.1,10,5,0.5,True,42
batch_size,16,80,80,4,0.6886798118457141,0.6918012817700704,0.001,64,2,0.3,False,16,75,0.0,0.1,10,5,0.5,True,42
batch_size,16,80,80,5,0.6869888235407637,0.6965510368347168,0.001,64,2,0.3,False,16,75,0.0,0.1,10,5,0.5,True,42
batch_size,16,80,80,6,0.6821257220474939,0.6994150598843892,0.001,64,2,0.3,False,16,75,0.0,0.1,10,5,0.5,True,42
batch_size,16,80,80,7,0.6766097035698111,0.7136836290359497,0.001,64,2,0.3,False,16,75,0.0,0.1,10,5,0.5,True,42
batch_size,16,80,80,8,0.668809878055587,0.7202286163965861,0.001,64,2,0.3,False,16,75,0.0,0.1,10,5,0.5,True,42
batch_size,16,80,80,9,0.6589900298263637,0.7320319294929505,0.001,64,2,0.3,False,16,75,0.0,0.1,10,5,0.5,True,42
batch_size,16,80,80,10,0.6467789516929437,0.7518163720766703,0.001,64,2,0.3,False,16,75,0.0,0.1,10,5,0.5,True,42
batch_size,16,80,80,11,0.6184455376160916,0.798205961783727,0.001,64,2,0.3,False,16,75,0.0,0.1,10,5,0.5,True,42
batch_size,16,80,80,12,0.6022269639678781,0.8164861877759297,0.001,64,2,0.3,False,16,75,0.0,0.1,10,5,0.5,True,42
batch_size,16,80,80,13,0.5871719708914086,0.8397577265898387,0.001,64,2,0.3,False,16,75,0.0,0.1,10,5,0.5,True,42
batch_size,16,80,80,14,0.5757437499077148,0.8598345935344696,0.001,64,2,0.3,False,16,75,0.0,0.1,10,5,0.5,True,42
batch_size,16,81,81,1,0.6942399386670652,0.6932492872079213,0.001,64,2,0.3,False,16,75,0.0,0.1,10,5,0.5,True,42
batch_size,16,81,81,2,0.693013244255414,0.6920351286729177,0.001,64,2,0.3,False,16,75,0.0,0.1,10,5,0.5,True,42
batch_size,16,81,81,3,0.6919591517502818,0.6911831200122833,0.001,64,2,0.3,False,16,75,0.0,0.1,10,5,0.5,True,42
batch_size,16,81,81,4,0.68975621756492,0.6886135101318359,0.001,64,2,0.3,False,16,75,0.0,0.1,10,5,0.5,True,42
batch_size,16,81,81,5,0.6864144308032192,0.6919183592001598,0.001,64,2,0.3,False,16,75,0.0,0.1,10,5,0.5,True,42
batch_size,16,81,81,6,0.6806183416580519,0.6930661201477051,0.001,64,2,0.3,False,16,75,0.0,0.1,10,5,0.5,True,42
batch_size,16,81,81,7,0.6797380084773886,0.6886109809080759,0.001,64,2,0.3,False,16,75,0.0,0.1,10,5,0.5,True,42
batch_size,16,81,81,8,0.671189262159877,0.6954825301965077,0.001,64,2,0.3,False,16,75,0.0,0.1,10,5,0.5,True,42
batch_size,16,81,81,9,0.6612602143686533,0.7117010116577148,0.001,64,2,0.3,False,16,75,0.0,0.1,10,5,0.5,True,42
batch_size,16,81,81,10,0.6519697160095317,0.7138933857282003,0.001,64,2,0.3,False,16,75,0.0,0.1,10,5,0.5,True,42
batch_size,16,81,81,11,0.623475471036969,0.7394107202688853,0.001,64,2,0.3,False,16,75,0.0,0.1,10,5,0.5,True,42
batch_size,16,81,81,12,0.6059872278015876,0.7861569643020629,0.001,64,2,0.3,False,16,75,0.0,0.1,10,5,0.5,True,42
batch_size,16,81,81,13,0.5952176770103295,0.7847530831893285,0.001,64,2,0.3,False,16,75,0.0,0.1,10,5,0.5,True,42
batch_size,16,81,81,14,0.5780933953736671,0.7820043245951335,0.001,64,2,0.3,False,16,75,0.0,0.1,10,5,0.5,True,42
batch_size,16,81,81,15,0.5633476651893369,0.8265414436658224,0.001,64,2,0.3,False,16,75,0.0,0.1,10,5,0.5,True,42
batch_size,16,81,81,16,0.5471013499983364,0.8801050961017609,0.001,64,2,0.3,False,16,75,0.0,0.1,10,5,0.5,True,42
batch_size,16,81,81,17,0.5169708353711625,0.8663574417432149,0.001,64,2,0.3,False,16,75,0.0,0.1,10,5,0.5,True,42
batch_size,16,82,82,1,0.6943844255385744,0.6926789939403534,0.001,64,2,0.3,False,16,75,0.0,0.1,10,5,0.5,True,42
batch_size,16,82,82,2,0.6923220350261877,0.6914173901081085,0.001,64,2,0.3,False,16,75,0.0,0.1,10,5,0.5,True,42
batch_size,16,82,82,3,0.6912087154479081,0.6922969539960225,0.001,64,2,0.3,False,16,75,0.0,0.1,10,5,0.5,True,42
batch_size,16,82,82,4,0.6891161024343831,0.6930275857448578,0.001,64,2,0.3,False,16,75,0.0,0.1,10,5,0.5,True,42
batch_size,16,82,82,5,0.6868617008847429,0.6938930153846741,0.001,64,2,0.3,False,16,75,0.0,0.1,10,5,0.5,True,42
batch_size,16,82,82,6,0.6839548854773488,0.697913392384847,0.001,64,2,0.3,False,16,75,0.0,0.1,10,5,0.5,True,42
batch_size,16,82,82,7,0.6764856842080903,0.7143581171830495,0.001,64,2,0.3,False,16,75,0.0,0.1,10,5,0.5,True,42
batch_size,16,82,82,8,0.6683945723812843,0.7123749216397604,0.001,64,2,0.3,False,16,75,0.0,0.1,10,5,0.5,True,42
batch_size,16,82,82,9,0.6529449377449746,0.7321683963139852,0.001,64,2,0.3,False,16,75,0.0,0.1,10,5,0.5,True,42
batch_size,16,82,82,10,0.6405165543347711,0.7504451433817546,0.001,64,2,0.3,False,16,75,0.0,0.1,10,5,0.5,True,42
batch_size,16,82,82,11,0.6290967990237044,0.7617028792699178,0.001,64,2,0.3,False,16,75,0.0,0.1,10,5,0.5,True,42
batch_size,16,82,82,12,0.6170128581641745,0.7673245072364807,0.001,64,2,0.3,False,16,75,0.0,0.1,10,5,0.5,True,42
batch_size,16,83,83,1,0.6939205093817278,0.6915052692095439,0.001,64,2,0.3,False,16,75,0.0,0.1,10,5,0.5,True,42
batch_size,16,83,83,2,0.6923001898509084,0.6934697270393372,0.001,64,2,0.3,False,16,75,0.0,0.1,10,5,0.5,True,42
batch_size,16,83,83,3,0.6919216716831381,0.6908129076162974,0.001,64,2,0.3,False,16,75,0.0,0.1,10,5,0.5,True,42
batch_size,16,83,83,4,0.6891721967946399,0.6888887683550516,0.001,64,2,0.3,False,16,75,0.0,0.1,10,5,0.5,True,42
batch_size,16,83,83,5,0.6871402916131597,0.6952051957448323,0.001,64,2,0.3,False,16,75,0.0,0.1,10,5,0.5,True,42
batch_size,16,83,83,6,0.6818079341090086,0.7006166776021322,0.001,64,2,0.3,False,16,75,0.0,0.1,10,5,0.5,True,42
batch_size,16,83,83,7,0.674635277327263,0.6946331083774566,0.001,64,2,0.3,False,16,75,0.0,0.1,10,5,0.5,True,42
batch_size,16,83,83,8,0.667849469817046,0.709646475315094,0.001,64,2,0.3,False,16,75,0.0,0.1,10,5,0.5,True,42
batch_size,16,83,83,9,0.6535479099009976,0.7217588424682617,0.001,64,2,0.3,False,16,75,0.0,0.1,10,5,0.5,True,42
batch_size,16,83,83,10,0.6418445189342354,0.725425906976064,0.001,64,2,0.3,False,16,75,0.0,0.1,10,5,0.5,True,42
batch_size,16,83,83,11,0.6112073561684652,0.7697047332922617,0.001,64,2,0.3,False,16,75,0.0,0.1,10,5,0.5,True,42
batch_size,16,83,83,12,0.5926697364810741,0.8153930952151617,0.001,64,2,0.3,False,16,75,0.0,0.1,10,5,0.5,True,42
batch_size,16,83,83,13,0.5802109380337325,0.8505445957183838,0.001,64,2,0.3,False,16,75,0.0,0.1,10,5,0.5,True,42
batch_size,16,83,83,14,0.5611358334620794,0.9028060535589854,0.001,64,2,0.3,False,16,75,0.0,0.1,10,5,0.5,True,42
batch_size,16,84,84,1,0.6943727937941315,0.692756861448288,0.001,64,2,0.3,False,16,75,0.0,0.1,10,5,0.5,True,42
batch_size,16,84,84,2,0.6920950637117538,0.6930546720822652,0.001,64,2,0.3,False,16,75,0.0,0.1,10,5,0.5,True,42
batch_size,16,84,84,3,0.6898269166058008,0.698533978064855,0.001,64,2,0.3,False,16,75,0.0,0.1,10,5,0.5,True,42
batch_size,16,84,84,4,0.6862798577932351,0.699060732126236,0.001,64,2,0.3,False,16,75,0.0,0.1,10,5,0.5,True,42
batch_size,16,84,84,5,0.6819534607713214,0.705897315343221,0.001,64,2,0.3,False,16,75,0.0,0.1,10,5,0.5,True,42
batch_size,16,84,84,6,0.6748497375064023,0.7105856796105703,0.001,64,2,0.3,False,16,75,0.0,0.1,10,5,0.5,True,42
batch_size,16,84,84,7,0.6707733704110063,0.720223867893219,0.001,64,2,0.3,False,16,75,0.0,0.1,10,5,0.5,True,42
batch_size,16,84,84,8,0.6524592941704812,0.7412252684434255,0.001,64,2,0.3,False,16,75,0.0,0.1,10,5,0.5,True,42
batch_size,16,84,84,9,0.642125377410265,0.7379439036051433,0.001,64,2,0.3,False,16,75,0.0,0.1,10,5,0.5,True,42
batch_size,16,84,84,10,0.6335506559324808,0.7759049892425537,0.001,64,2,0.3,False,16,75,0.0,0.1,10,5,0.5,True,42
batch_size,16,84,84,11,0.6220226122399247,0.7822355230649313,0.001,64,2,0.3,False,16,75,0.0,0.1,10,5,0.5,True,42
batch_size,16,85,85,1,0.6936677984411725,0.693495120604833,0.001,64,2,0.3,False,16,75,0.0,0.1,10,5,0.5,True,42
batch_size,16,85,85,2,0.6930902403117133,0.6925568620363871,0.001,64,2,0.3,False,16,75,0.0,0.1,10,5,0.5,True,42
batch_size,16,85,85,3,0.6920005400371189,0.6937312344710033,0.001,64,2,0.3,False,16,75,0.0,0.1,10,5,0.5,True,42
batch_size,16,85,85,4,0.6899249304383427,0.6933887978394826,0.001,64,2,0.3,False,16,75,0.0,0.1,10,5,0.5,True,42
batch_size,16,85,85,5,0.6863196997588125,0.6962657610575358,0.001,64,2,0.3,False,16,75,0.0,0.1,10,5,0.5,True,42
batch_size,16,85,85,6,0.6834077001071248,0.7027971486250559,0.001,64,2,0.3,False,16,75,0.0,0.1,10,5,0.5,True,42
batch_size,16,85,85,7,0.6771583371289329,0.7144020915031433,0.001,64,2,0.3,False,16,75,0.0,0.1,10,5,0.5,True,42
batch_size,16,85,85,8,0.669496065310199,0.7112526555856069,0.001,64,2,0.3,False,16,75,0.0,0.1,10,5,0.5,True,42
batch_size,16,85,85,9,0.6513304904159938,0.7497078776359558,0.001,64,2,0.3,False,16,75,0.0,0.1,10,5,0.5,True,42
batch_size,16,85,85,10,0.6384369218757397,0.7386390546957652,0.001,64,2,0.3,False,16,75,0.0,0.1,10,5,0.5,True,42
batch_size,16,85,85,11,0.6238473729715601,0.7590037822723389,0.001,64,2,0.3,False,16,75,0.0,0.1,10,5,0.5,True,42
batch_size,16,85,85,12,0.609118671131678,0.7912697891394297,0.001,64,2,0.3,False,16,75,0.0,0.1,10,5,0.5,True,42
batch_size,16,86,86,1,0.6941173452841465,0.6925425469875336,0.001,64,2,0.3,False,16,75,0.0,0.1,10,5,0.5,True,42
batch_size,16,86,86,2,0.6928238778059926,0.6919891993204753,0.001,64,2,0.3,False,16,75,0.0,0.1,10,5,0.5,True,42
batch_size,16,86,86,3,0.6918232536134611,0.6922613600889842,0.001,64,2,0.3,False,16,75,0.0,0.1,10,5,0.5,True,42
batch_size,16,86,86,4,0.6895822581229555,0.6893925487995147,0.001,64,2,0.3,False,16,75,0.0,0.1,10,5,0.5,True,42
batch_size,16,86,86,5,0.6892349398181465,0.6895362555980682,0.001,64,2,0.3,False,16,75,0.0,0.1,10,5,0.5,True,42
batch_size,16,86,86,6,0.6858054333766603,0.6938381512959798,0.001,64,2,0.3,False,16,75,0.0,0.1,10,5,0.5,True,42
batch_size,16,86,86,7,0.677693611315448,0.6994214296340943,0.001,64,2,0.3,False,16,75,0.0,0.1,10,5,0.5,True,42
batch_size,16,86,86,8,0.6702282381148392,0.6981535991032918,0.001,64,2,0.3,False,16,75,0.0,0.1,10,5,0.5,True,42
batch_size,16,86,86,9,0.6590085430743576,0.7226390480995178,0.001,64,2,0.3,False,16,75,0.0,0.1,10,5,0.5,True,42
batch_size,16,86,86,10,0.6511115836326614,0.7191307167212169,0.001,64,2,0.3,False,16,75,0.0,0.1,10,5,0.5,True,42
batch_size,16,86,86,11,0.6246965558130025,0.7357944349447886,0.001,64,2,0.3,False,16,75,0.0,0.1,10,5,0.5,True,42
batch_size,16,86,86,12,0.6065002772744618,0.7682925701141358,0.001,64,2,0.3,False,16,75,0.0,0.1,10,5,0.5,True,42
batch_size,16,86,86,13,0.5922878997634119,0.7821838835875193,0.001,64,2,0.3,False,16,75,0.0,0.1,10,5,0.5,True,42
batch_size,16,86,86,14,0.5799205754193063,0.790444427728653,0.001,64,2,0.3,False,16,75,0.0,0.1,10,5,0.5,True,42
batch_size,16,87,87,1,0.6945971295860783,0.6920288920402526,0.001,64,2,0.3,False,16,75,0.0,0.1,10,5,0.5,True,42
batch_size,16,87,87,2,0.6925105420808828,0.6937011877695719,0.001,64,2,0.3,False,16,75,0.0,0.1,10,5,0.5,True,42
batch_size,16,87,87,3,0.6918805348102585,0.6928089221318563,0.001,64,2,0.3,False,16,75,0.0,0.1,10,5,0.5,True,42
batch_size,16,87,87,4,0.6907317067280468,0.6897741933663686,0.001,64,2,0.3,False,16,75,0.0,0.1,10,5,0.5,True,42
batch_size,16,87,87,5,0.6873299846631039,0.6933448811372122,0.001,64,2,0.3,False,16,75,0.0,0.1,10,5,0.5,True,42
batch_size,16,87,87,6,0.6833689659267324,0.7043024281660716,0.001,64,2,0.3,False,16,75,0.0,0.1,10,5,0.5,True,42
batch_size,16,87,87,7,0.682450279763443,0.6903920849164327,0.001,64,2,0.3,False,16,75,0.0,0.1,10,5,0.5,True,42
batch_size,16,87,87,8,0.6774624422929133,0.69386501510938,0.001,64,2,0.3,False,16,75,0.0,0.1,10,5,0.5,True,42
batch_size,16,87,87,9,0.6739975161878782,0.6858665863672893,0.001,64,2,0.3,False,16,75,0.0,0.1,10,5,0.5,True,42
batch_size,16,87,87,10,0.674138391652488,0.6910537540912628,0.001,64,2,0.3,False,16,75,0.0,0.1,10,5,0.5,True,42
batch_size,16,87,87,11,0.6602298395262018,0.7085576911767324,0.001,64,2,0.3,False,16,75,0.0,0.1,10,5,0.5,True,42
batch_size,16,87,87,12,0.6559807777178152,0.7167927106221517,0.001,64,2,0.3,False,16,75,0.0,0.1,10,5,0.5,True,42
batch_size,16,87,87,13,0.644671492703514,0.7133461942275365,0.001,64,2,0.3,False,16,75,0.0,0.1,10,5,0.5,True,42
batch_size,16,87,87,14,0.632093479651462,0.7384099612633387,0.001,64,2,0.3,False,16,75,0.0,0.1,10,5,0.5,True,42
batch_size,16,87,87,15,0.619952295442951,0.736449251572291,0.001,64,2,0.3,False,16,75,0.0,0.1,10,5,0.5,True,42
batch_size,16,87,87,16,0.5994215411605037,0.7563306192557017,0.001,64,2,0.3,False,16,75,0.0,0.1,10,5,0.5,True,42
batch_size,16,87,87,17,0.5820784414675753,0.782408544421196,0.001,64,2,0.3,False,16,75,0.0,0.1,10,5,0.5,True,42
batch_size,16,87,87,18,0.5681381919084846,0.8085777590672175,0.001,64,2,0.3,False,16,75,0.0,0.1,10,5,0.5,True,42
batch_size,16,87,87,19,0.5515723923086667,0.8635936419169108,0.001,64,2,0.3,False,16,75,0.0,0.1,10,5,0.5,True,42
batch_size,16,88,88,1,0.6939918355796727,0.6922873576482137,0.001,64,2,0.3,False,16,75,0.0,0.1,10,5,0.5,True,42
batch_size,16,88,88,2,0.6923392360654621,0.6922649025917054,0.001,64,2,0.3,False,16,75,0.0,0.1,10,5,0.5,True,42
batch_size,16,88,88,3,0.6919641549143047,0.691169414917628,0.001,64,2,0.3,False,16,75,0.0,0.1,10,5,0.5,True,42
batch_size,16,88,88,4,0.6898258591332816,0.6964542090892791,0.001,64,2,0.3,False,16,75,0.0,0.1,10,5,0.5,True,42
batch_size,16,88,88,5,0.6874024761493668,0.6935987850030263,0.001,64,2,0.3,False,16,75,0.0,0.1,10,5,0.5,True,42
batch_size,16,88,88,6,0.6833622759285989,0.6972651839256286,0.001,64,2,0.3,False,16,75,0.0,0.1,10,5,0.5,True,42
batch_size,16,88,88,7,0.6793198741887458,0.7008438289165497,0.001,64,2,0.3,False,16,75,0.0,0.1,10,5,0.5,True,42
batch_size,16,88,88,8,0.6732009250401544,0.7192707697550456,0.001,64,2,0.3,False,16,75,0.0,0.1,10,5,0.5,True,42
batch_size,16,88,88,9,0.6633639095400676,0.7308488011360168,0.001,64,2,0.3,False,16,75,0.0,0.1,10,5,0.5,True,42
batch_size,16,88,88,10,0.6438540253122497,0.7400644779205322,0.001,64,2,0.3,False,16,75,0.0,0.1,10,5,0.5,True,42
batch_size,16,88,88,11,0.6312309025358338,0.756417457262675,0.001,64,2,0.3,False,16,75,0.0,0.1,10,5,0.5,True,42
batch_size,16,88,88,12,0.6195310597863941,0.7541213542222976,0.001,64,2,0.3,False,16,75,0.0,0.1,10,5,0.5,True,42
batch_size,16,88,88,13,0.6019897409944933,0.8001809815565745,0.001,64,2,0.3,False,16,75,0.0,0.1,10,5,0.5,True,42
batch_size,16,89,89,1,0.6939671218621867,0.6936652739842732,0.001,64,2,0.3,False,16,75,0.0,0.1,10,5,0.5,True,42
batch_size,16,89,89,2,0.6931882181095079,0.6937379082043965,0.001,64,2,0.3,False,16,75,0.0,0.1,10,5,0.5,True,42
batch_size,16,89,89,3,0.691270322627441,0.6934447586536407,0.001,64,2,0.3,False,16,75,0.0,0.1,10,5,0.5,True,42
batch_size,16,89,89,4,0.6886541113654017,0.6931498030821482,0.001,64,2,0.3,False,16,75,0.0,0.1,10,5,0.5,True,42
batch_size,16,89,89,5,0.6864065380604095,0.6954514026641846,0.001,64,2,0.3,False,16,75,0.0,0.1,10,5,0.5,True,42
batch_size,16,89,89,6,0.683006634050449,0.6991128365198771,0.001,64,2,0.3,False,16,75,0.0,0.1,10,5,0.5,True,42
batch_size,16,89,89,7,0.6773010399405041,0.7049177269140879,0.001,64,2,0.3,False,16,75,0.0,0.1,10,5,0.5,True,42
batch_size,16,89,89,8,0.6661320640333706,0.725964883963267,0.001,64,2,0.3,False,16,75,0.0,0.1,10,5,0.5,True,42
batch_size,16,89,89,9,0.6599773939118185,0.7122849722703298,0.001,64,2,0.3,False,16,75,0.0,0.1,10,5,0.5,True,42
batch_size,16,89,89,10,0.6441742123986378,0.7327856918176016,0.001,64,2,0.3,False,16,75,0.0,0.1,10,5,0.5,True,42
batch_size,16,89,89,11,0.6204049107919628,0.7492071171601613,0.001,64,2,0.3,False,16,75,0.0,0.1,10,5,0.5,True,42
batch_size,16,89,89,12,0.5979254364740713,0.7962827781836191,0.001,64,2,0.3,False,16,75,0.0,0.1,10,5,0.5,True,42
batch_size,16,89,89,13,0.5856820352857104,0.7907960991064708,0.001,64,2,0.3,False,16,75,0.0,0.1,10,5,0.5,True,42
batch_size,16,89,89,14,0.5697842479432037,0.8427073736985524,0.001,64,2,0.3,False,16,75,0.0,0.1,10,5,0.5,True,42
batch_size,16,90,90,1,0.694743618312444,0.6927125056584676,0.001,64,2,0.3,False,16,75,0.0,0.1,10,5,0.5,True,42
batch_size,16,90,90,2,0.6925660514559583,0.6922877192497253,0.001,64,2,0.3,False,16,75,0.0,0.1,10,5,0.5,True,42
batch_size,16,90,90,3,0.6915164227268088,0.6913649618625641,0.001,64,2,0.3,False,16,75,0.0,0.1,10,5,0.5,True,42
batch_size,16,90,90,4,0.6902029781740427,0.6891202628612518,0.001,64,2,0.3,False,16,75,0.0,0.1,10,5,0.5,True,42
batch_size,16,90,90,5,0.687734601388866,0.6899809797604879,0.001,64,2,0.3,False,16,75,0.0,0.1,10,5,0.5,True,42
batch_size,16,90,90,6,0.6843324158581491,0.6900408089160919,0.001,64,2,0.3,False,16,75,0.0,0.1,10,5,0.5,True,42
batch_size,16,90,90,7,0.6796285877209652,0.6947817444801331,0.001,64,2,0.3,False,16,75,0.0,0.1,10,5,0.5,True,42
batch_size,16,90,90,8,0.6731054445183322,0.6940208077430725,0.001,64,2,0.3,False,16,75,0.0,0.1,10,5,0.5,True,42
batch_size,16,90,90,9,0.6630456724094347,0.701770567893982,0.001,64,2,0.3,False,16,75,0.0,0.1,10,5,0.5,True,42
batch_size,16,90,90,10,0.6533249574695703,0.72527889808019,0.001,64,2,0.3,False,16,75,0.0,0.1,10,5,0.5,True,42
batch_size,16,90,90,11,0.6337710126044632,0.7291562686363856,0.001,64,2,0.3,False,16,75,0.0,0.1,10,5,0.5,True,42
batch_size,16,90,90,12,0.6146608192204522,0.7461758921543757,0.001,64,2,0.3,False,16,75,0.0,0.1,10,5,0.5,True,42
batch_size,16,90,90,13,0.5999809432165705,0.7919565439224243,0.001,64,2,0.3,False,16,75,0.0,0.1,10,5,0.5,True,42
batch_size,16,90,90,14,0.5821809035516964,0.7937822550535202,0.001,64,2,0.3,False,16,75,0.0,0.1,10,5,0.5,True,42
batch_size,16,91,91,1,0.6941759581801555,0.6923282047112783,0.001,64,2,0.3,False,16,75,0.0,0.1,10,5,0.5,True,42
batch_size,16,91,91,2,0.6926599947218659,0.696131952603658,0.001,64,2,0.3,False,16,75,0.0,0.1,10,5,0.5,True,42
batch_size,16,91,91,3,0.6913279381088431,0.6902582526206971,0.001,64,2,0.3,False,16,75,0.0,0.1,10,5,0.5,True,42
batch_size,16,91,91,4,0.6890136116811078,0.6875892877578735,0.001,64,2,0.3,False,16,75,0.0,0.1,10,5,0.5,True,42
batch_size,16,91,91,5,0.686814340575113,0.6927436908086141,0.001,64,2,0.3,False,16,75,0.0,0.1,10,5,0.5,True,42
batch_size,16,91,91,6,0.6822396605187042,0.6943679809570312,0.001,64,2,0.3,False,16,75,0.0,0.1,10,5,0.5,True,42
batch_size,16,91,91,7,0.6766689254303849,0.6886127253373464,0.001,64,2,0.3,False,16,75,0.0,0.1,10,5,0.5,True,42
batch_size,16,91,91,8,0.6720308124339173,0.6926308552424113,0.001,64,2,0.3,False,16,75,0.0,0.1,10,5,0.5,True,42
batch_size,16,91,91,9,0.6619922906273672,0.7001911282539368,0.001,64,2,0.3,False,16,75,0.0,0.1,10,5,0.5,True,42
batch_size,16,91,91,10,0.6518226471010723,0.706437744696935,0.001,64,2,0.3,False,16,75,0.0,0.1,10,5,0.5,True,42
batch_size,16,91,91,11,0.6274777862735574,0.7182754298051198,0.001,64,2,0.3,False,16,75,0.0,0.1,10,5,0.5,True,42
batch_size,16,91,91,12,0.6094624847740275,0.7295534878969192,0.001,64,2,0.3,False,16,75,0.0,0.1,10,5,0.5,True,42
batch_size,16,91,91,13,0.5902393506733636,0.7532540947198868,0.001,64,2,0.3,False,16,75,0.0,0.1,10,5,0.5,True,42
batch_size,16,91,91,14,0.5830801681194016,0.7727594921986262,0.001,64,2,0.3,False,16,75,0.0,0.1,10,5,0.5,True,42
batch_size,16,92,92,1,0.6939669913212156,0.695501693089803,0.001,64,2,0.3,False,16,75,0.0,0.1,10,5,0.5,True,42
batch_size,16,92,92,2,0.6914215810851906,0.7030504862467448,0.001,64,2,0.3,False,16,75,0.0,0.1,10,5,0.5,True,42
batch_size,16,92,92,3,0.6905983586728346,0.7020199378331502,0.001,64,2,0.3,False,16,75,0.0,0.1,10,5,0.5,True,42
batch_size,16,92,92,4,0.6888058509663484,0.6991161823272705,0.001,64,2,0.3,False,16,75,0.0,0.1,10,5,0.5,True,42
batch_size,16,92,92,5,0.6861567408866303,0.6964689592520396,0.001,64,2,0.3,False,16,75,0.0,0.1,10,5,0.5,True,42
batch_size,16,92,92,6,0.6835482678032646,0.6999494234720866,0.001,64,2,0.3,False,16,75,0.0,0.1,10,5,0.5,True,42
batch_size,16,92,92,7,0.677364160806054,0.701714833577474,0.001,64,2,0.3,False,16,75,0.0,0.1,10,5,0.5,True,42
batch_size,16,92,92,8,0.6659962281074814,0.732325937350591,0.001,64,2,0.3,False,16,75,0.0,0.1,10,5,0.5,True,42
batch_size,16,92,92,9,0.6569817129650043,0.7309885660807292,0.001,64,2,0.3,False,16,75,0.0,0.1,10,5,0.5,True,42
batch_size,16,92,92,10,0.6435689433219315,0.725987293322881,0.001,64,2,0.3,False,16,75,0.0,0.1,10,5,0.5,True,42
batch_size,16,92,92,11,0.6284021915365081,0.756049758195877,0.001,64,2,0.3,False,16,75,0.0,0.1,10,5,0.5,True,42
batch_size,16,93,93,1,0.694265849916654,0.6937983711560567,0.001,64,2,0.3,False,16,75,0.0,0.1,10,5,0.5,True,42
batch_size,16,93,93,2,0.6928046096413761,0.6926514705022176,0.001,64,2,0.3,False,16,75,0.0,0.1,10,5,0.5,True,42
batch_size,16,93,93,3,0.6902858746369075,0.695077532529831,0.001,64,2,0.3,False,16,75,0.0,0.1,10,5,0.5,True,42
batch_size,16,93,93,4,0.689723893943395,0.6962349832057952,0.001,64,2,0.3,False,16,75,0.0,0.1,10,5,0.5,True,42
batch_size,16,93,93,5,0.6849357370188027,0.697058896223704,0.001,64,2,0.3,False,16,75,0.0,0.1,10,5,0.5,True,42
batch_size,16,93,93,6,0.6816026756518694,0.7016144275665284,0.001,64,2,0.3,False,16,75,0.0,0.1,10,5,0.5,True,42
batch_size,16,93,93,7,0.6761703681583187,0.7050579905509948,0.001,64,2,0.3,False,16,75,0.0,0.1,10,5,0.5,True,42
batch_size,16,93,93,8,0.6675341195026732,0.7173745433489481,0.001,64,2,0.3,False,16,75,0.0,0.1,10,5,0.5,True,42
batch_size,16,93,93,9,0.6486555979279057,0.7314490715662638,0.001,64,2,0.3,False,16,75,0.0,0.1,10,5,0.5,True,42
batch_size,16,93,93,10,0.6345665401605599,0.740275118748347,0.001,64,2,0.3,False,16,75,0.0,0.1,10,5,0.5,True,42
batch_size,16,93,93,11,0.6218770775278258,0.7686142226060232,0.001,64,2,0.3,False,16,75,0.0,0.1,10,5,0.5,True,42
batch_size,16,93,93,12,0.6139111483731651,0.7723606367905934,0.001,64,2,0.3,False,16,75,0.0,0.1,10,5,0.5,True,42
batch_size,16,94,94,1,0.6940114912877972,0.6941149393717448,0.001,64,2,0.3,False,16,75,0.0,0.1,10,5,0.5,True,42
batch_size,16,94,94,2,0.6930524752167241,0.6941849092642466,0.001,64,2,0.3,False,16,75,0.0,0.1,10,5,0.5,True,42
batch_size,16,94,94,3,0.6916802903998487,0.692125012477239,0.001,64,2,0.3,False,16,75,0.0,0.1,10,5,0.5,True,42
batch_size,16,94,94,4,0.6898664136349928,0.6941585679848988,0.001,64,2,0.3,False,16,75,0.0,0.1,10,5,0.5,True,42
batch_size,16,94,94,5,0.6861831946971299,0.6975099901358287,0.001,64,2,0.3,False,16,75,0.0,0.1,10,5,0.5,True,42
batch_size,16,94,94,6,0.6809691832092778,0.704989484945933,0.001,64,2,0.3,False,16,75,0.0,0.1,10,5,0.5,True,42
batch_size,16,94,94,7,0.678247197725927,0.7251324037710826,0.001,64,2,0.3,False,16,75,0.0,0.1,10,5,0.5,True,42
batch_size,16,94,94,8,0.6691579333729617,0.7354415059089661,0.001,64,2,0.3,False,16,75,0.0,0.1,10,5,0.5,True,42
batch_size,16,94,94,9,0.6606500236027141,0.7120460311571757,0.001,64,2,0.3,False,16,75,0.0,0.1,10,5,0.5,True,42
batch_size,16,94,94,10,0.6408572557307921,0.7442157904307047,0.001,64,2,0.3,False,16,75,0.0,0.1,10,5,0.5,True,42
batch_size,16,94,94,11,0.626212302949492,0.7563778916994731,0.001,64,2,0.3,False,16,75,0.0,0.1,10,5,0.5,True,42
batch_size,16,94,94,12,0.6102952163935614,0.7694951434930165,0.001,64,2,0.3,False,16,75,0.0,0.1,10,5,0.5,True,42
batch_size,16,94,94,13,0.5982311562893509,0.8155875086784363,0.001,64,2,0.3,False,16,75,0.0,0.1,10,5,0.5,True,42
batch_size,16,95,95,1,0.6941263619245905,0.6949505925178527,0.001,64,2,0.3,False,16,75,0.0,0.1,10,5,0.5,True,42
batch_size,16,95,95,2,0.6928521439884648,0.6935660421848298,0.001,64,2,0.3,False,16,75,0.0,0.1,10,5,0.5,True,42
batch_size,16,95,95,3,0.6921127458864992,0.6943311154842376,0.001,64,2,0.3,False,16,75,0.0,0.1,10,5,0.5,True,42
batch_size,16,95,95,4,0.6887488848332203,0.7033182362715403,0.001,64,2,0.3,False,16,75,0.0,0.1,10,5,0.5,True,42
batch_size,16,95,95,5,0.6864159764213995,0.698000568151474,0.001,64,2,0.3,False,16,75,0.0,0.1,10,5,0.5,True,42
batch_size,16,95,95,6,0.6817298689574907,0.6982169330120087,0.001,64,2,0.3,False,16,75,0.0,0.1,10,5,0.5,True,42
batch_size,16,95,95,7,0.675679574861671,0.7048448244730632,0.001,64,2,0.3,False,16,75,0.0,0.1,10,5,0.5,True,42
batch_size,16,95,95,8,0.6698813677737208,0.6999172250429789,0.001,64,2,0.3,False,16,75,0.0,0.1,10,5,0.5,True,42
batch_size,16,95,95,9,0.6538820217053095,0.7324323356151581,0.001,64,2,0.3,False,16,75,0.0,0.1,10,5,0.5,True,42
batch_size,16,95,95,10,0.6375277676817143,0.7305980503559113,0.001,64,2,0.3,False,16,75,0.0,0.1,10,5,0.5,True,42
batch_size,16,95,95,11,0.6311999410390854,0.7547852039337158,0.001,64,2,0.3,False,16,75,0.0,0.1,10,5,0.5,True,42
batch_size,16,95,95,12,0.6150330615540346,0.7398160676161448,0.001,64,2,0.3,False,16,75,0.0,0.1,10,5,0.5,True,42
batch_size,16,96,96,1,0.6942547571026918,0.6932215293248495,0.001,64,2,0.3,False,16,75,0.0,0.1,10,5,0.5,True,42
batch_size,16,96,96,2,0.6921845478090373,0.6946994125843048,0.001,64,2,0.3,False,16,75,0.0,0.1,10,5,0.5,True,42
batch_size,16,96,96,3,0.6903379174570242,0.6936991751194,0.001,64,2,0.3,False,16,75,0.0,0.1,10,5,0.5,True,42
batch_size,16,96,96,4,0.691131097800804,0.6913909316062927,0.001,64,2,0.3,False,16,75,0.0,0.1,10,5,0.5,True,42
batch_size,16,96,96,5,0.6867928823286836,0.696179461479187,0.001,64,2,0.3,False,16,75,0.0,0.1,10,5,0.5,True,42
batch_size,16,96,96,6,0.6827370472478144,0.6965232412020366,0.001,64,2,0.3,False,16,75,0.0,0.1,10,5,0.5,True,42
batch_size,16,96,96,7,0.6771331905867114,0.6998502631982167,0.001,64,2,0.3,False,16,75,0.0,0.1,10,5,0.5,True,42
batch_size,16,96,96,8,0.6706543958774118,0.7117571592330932,0.001,64,2,0.3,False,16,75,0.0,0.1,10,5,0.5,True,42
batch_size,16,96,96,9,0.6595808304846287,0.7188584784666697,0.001,64,2,0.3,False,16,75,0.0,0.1,10,5,0.5,True,42
batch_size,16,96,96,10,0.6509096611178282,0.7222797552744548,0.001,64,2,0.3,False,16,75,0.0,0.1,10,5,0.5,True,42
batch_size,16,96,96,11,0.6195824892457688,0.7540741562843323,0.001,64,2,0.3,False,16,75,0.0,0.1,10,5,0.5,True,42
batch_size,16,96,96,12,0.6055731637911363,0.739761221408844,0.001,64,2,0.3,False,16,75,0.0,0.1,10,5,0.5,True,42
batch_size,16,96,96,13,0.5887078247738607,0.8289863506952921,0.001,64,2,0.3,False,16,75,0.0,0.1,10,5,0.5,True,42
batch_size,16,96,96,14,0.5717755624403557,0.8187273939450582,0.001,64,2,0.3,False,16,75,0.0,0.1,10,5,0.5,True,42
batch_size,16,97,97,1,0.6931234895049846,0.6939450740814209,0.001,64,2,0.3,False,16,75,0.0,0.1,10,5,0.5,True,42
batch_size,16,97,97,2,0.6928022914059715,0.695769731203715,0.001,64,2,0.3,False,16,75,0.0,0.1,10,5,0.5,True,42
batch_size,16,97,97,3,0.691310826363219,0.6935108800729116,0.001,64,2,0.3,False,16,75,0.0,0.1,10,5,0.5,True,42
batch_size,16,97,97,4,0.6909003835667222,0.6918969949086508,0.001,64,2,0.3,False,16,75,0.0,0.1,10,5,0.5,True,42
batch_size,16,97,97,5,0.6875193975724195,0.6922391911347707,0.001,64,2,0.3,False,16,75,0.0,0.1,10,5,0.5,True,42
batch_size,16,97,97,6,0.6857014504675629,0.6908666332562764,0.001,64,2,0.3,False,16,75,0.0,0.1,10,5,0.5,True,42
batch_size,16,97,97,7,0.6805856685674689,0.6932941138744354,0.001,64,2,0.3,False,16,75,0.0,0.1,10,5,0.5,True,42
batch_size,16,97,97,8,0.6697276001194131,0.699634071191152,0.001,64,2,0.3,False,16,75,0.0,0.1,10,5,0.5,True,42
batch_size,16,97,97,9,0.6586288177468478,0.7022020081679027,0.001,64,2,0.3,False,16,75,0.0,0.1,10,5,0.5,True,42
batch_size,16,97,97,10,0.6486226679481027,0.7040100693702698,0.001,64,2,0.3,False,16,75,0.0,0.1,10,5,0.5,True,42
batch_size,16,97,97,11,0.6298000346798407,0.7218031585216522,0.001,64,2,0.3,False,16,75,0.0,0.1,10,5,0.5,True,42
batch_size,16,97,97,12,0.609833388387477,0.7955667495727539,0.001,64,2,0.3,False,16,75,0.0,0.1,10,5,0.5,True,42
batch_size,16,97,97,13,0.5740722018956231,0.8546744644641876,0.001,64,2,0.3,False,16,75,0.0,0.1,10,5,0.5,True,42
batch_size,16,97,97,14,0.553444859079535,0.8666360914707184,0.001,64,2,0.3,False,16,75,0.0,0.1,10,5,0.5,True,42
batch_size,16,97,97,15,0.5407565811741035,0.9380237797896067,0.001,64,2,0.3,False,16,75,0.0,0.1,10,5,0.5,True,42
batch_size,16,97,97,16,0.5221270973238201,0.9234307905038198,0.001,64,2,0.3,False,16,75,0.0,0.1,10,5,0.5,True,42
batch_size,16,98,98,1,0.6942676548268858,0.693882018327713,0.001,64,2,0.3,False,16,75,0.0,0.1,10,5,0.5,True,42
batch_size,16,98,98,2,0.6932556692638324,0.6927659392356873,0.001,64,2,0.3,False,16,75,0.0,0.1,10,5,0.5,True,42
batch_size,16,98,98,3,0.6910020548127903,0.6928650756676992,0.001,64,2,0.3,False,16,75,0.0,0.1,10,5,0.5,True,42
batch_size,16,98,98,4,0.6887476756998795,0.7022686700026194,0.001,64,2,0.3,False,16,75,0.0,0.1,10,5,0.5,True,42
batch_size,16,98,98,5,0.6852399328362353,0.7001504023869832,0.001,64,2,0.3,False,16,75,0.0,0.1,10,5,0.5,True,42
batch_size,16,98,98,6,0.6801534823138451,0.7044848342736562,0.001,64,2,0.3,False,16,75,0.0,0.1,10,5,0.5,True,42
batch_size,16,98,98,7,0.673565284154261,0.711598688364029,0.001,64,2,0.3,False,16,75,0.0,0.1,10,5,0.5,True,42
batch_size,16,98,98,8,0.6670383525438635,0.7379069666067759,0.001,64,2,0.3,False,16,75,0.0,0.1,10,5,0.5,True,42
batch_size,16,98,98,9,0.6479478759457403,0.7242535571257274,0.001,64,2,0.3,False,16,75,0.0,0.1,10,5,0.5,True,42
batch_size,16,98,98,10,0.6327116050874325,0.736745935678482,0.001,64,2,0.3,False,16,75,0.0,0.1,10,5,0.5,True,42
batch_size,16,98,98,11,0.625862582781469,0.7596917092800141,0.001,64,2,0.3,False,16,75,0.0,0.1,10,5,0.5,True,42
batch_size,16,98,98,12,0.612709469215045,0.7732268035411834,0.001,64,2,0.3,False,16,75,0.0,0.1,10,5,0.5,True,42
batch_size,16,99,99,1,0.694165038745213,0.692576132218043,0.001,64,2,0.3,False,16,75,0.0,0.1,10,5,0.5,True,42
batch_size,16,99,99,2,0.692423706725523,0.693314113219579,0.001,64,2,0.3,False,16,75,0.0,0.1,10,5,0.5,True,42
batch_size,16,99,99,3,0.6916824354871598,0.6950108091036479,0.001,64,2,0.3,False,16,75,0.0,0.1,10,5,0.5,True,42
batch_size,16,99,99,4,0.6904240314044879,0.695933316151301,0.001,64,2,0.3,False,16,75,0.0,0.1,10,5,0.5,True,42
batch_size,16,99,99,5,0.6882670956872715,0.6967694938182831,0.001,64,2,0.3,False,16,75,0.0,0.1,10,5,0.5,True,42
batch_size,16,99,99,6,0.6851143549150387,0.694217856725057,0.001,64,2,0.3,False,16,75,0.0,0.1,10,5,0.5,True,42
batch_size,16,99,99,7,0.6816955517000118,0.7016515831152598,0.001,64,2,0.3,False,16,75,0.0,0.1,10,5,0.5,True,42
batch_size,16,99,99,8,0.6684820139816052,0.7166694939136505,0.001,64,2,0.3,False,16,75,0.0,0.1,10,5,0.5,True,42
batch_size,16,99,99,9,0.6595753323669216,0.7153331756591796,0.001,64,2,0.3,False,16,75,0.0,0.1,10,5,0.5,True,42
batch_size,16,99,99,10,0.650646193059225,0.7416722039381664,0.001,64,2,0.3,False,16,75,0.0,0.1,10,5,0.5,True,42
batch_size,16,99,99,11,0.6376909828911262,0.7335294167200724,0.001,64,2,0.3,False,16,75,0.0,0.1,10,5,0.5,True,42
batch_size,16,100,100,1,0.6943426470864903,0.6959056317806244,0.001,64,2,0.3,False,16,75,0.0,0.1,10,5,0.5,True,42
batch_size,16,100,100,2,0.6927554873806058,0.6975277463595072,0.001,64,2,0.3,False,16,75,0.0,0.1,10,5,0.5,True,42
batch_size,16,100,100,3,0.6917584935824076,0.6968643228212993,0.001,64,2,0.3,False,16,75,0.0,0.1,10,5,0.5,True,42
batch_size,16,100,100,4,0.6895197629928589,0.6953352669874827,0.001,64,2,0.3,False,16,75,0.0,0.1,10,5,0.5,True,42
batch_size,16,100,100,5,0.6879933541922858,0.6962166547775268,0.001,64,2,0.3,False,16,75,0.0,0.1,10,5,0.5,True,42
batch_size,16,100,100,6,0.682746021585031,0.705246901512146,0.001,64,2,0.3,False,16,75,0.0,0.1,10,5,0.5,True,42
batch_size,16,100,100,7,0.6793678863482042,0.7147934476534525,0.001,64,2,0.3,False,16,75,0.0,0.1,10,5,0.5,True,42
batch_size,16,100,100,8,0.672752652204398,0.7083995163440704,0.001,64,2,0.3,False,16,75,0.0,0.1,10,5,0.5,True,42
batch_size,16,100,100,9,0.6639004263913992,0.7288222591082255,0.001,64,2,0.3,False,16,75,0.0,0.1,10,5,0.5,True,42
batch_size,16,100,100,10,0.6531379412521016,0.7572481989860534,0.001,64,2,0.3,False,16,75,0.0,0.1,10,5,0.5,True,42
batch_size,16,100,100,11,0.6285734883312023,0.7620109637578328,0.001,64,2,0.3,False,16,75,0.0,0.1,10,5,0.5,True,42
batch_size,16,100,100,12,0.6117103742153356,0.7768488566080729,0.001,64,2,0.3,False,16,75,0.0,0.1,10,5,0.5,True,42
batch_size,16,100,100,13,0.5933007199430105,0.8100249032179515,0.001,64,2,0.3,False,16,75,0.0,0.1,10,5,0.5,True,42
batch_size,16,100,100,14,0.5814793481293953,0.854661234219869,0.001,64,2,0.3,False,16,75,0.0,0.1,10,5,0.5,True,42
batch_size,16,101,101,1,0.6935150317366132,0.6926920354366303,0.001,64,2,0.3,False,16,75,0.0,0.1,10,5,0.5,True,42
batch_size,16,101,101,2,0.6926095873230764,0.6945832908153534,0.001,64,2,0.3,False,16,75,0.0,0.1,10,5,0.5,True,42
batch_size,16,101,101,3,0.6922481773924012,0.6932040433088938,0.001,64,2,0.3,False,16,75,0.0,0.1,10,5,0.5,True,42
batch_size,16,101,101,4,0.6900064621134856,0.6921407183011373,0.001,64,2,0.3,False,16,75,0.0,0.1,10,5,0.5,True,42
batch_size,16,101,101,5,0.6871132399646048,0.6904666682084402,0.001,64,2,0.3,False,16,75,0.0,0.1,10,5,0.5,True,42
batch_size,16,101,101,6,0.6830671572413282,0.6924341062704722,0.001,64,2,0.3,False,16,75,0.0,0.1,10,5,0.5,True,42
batch_size,16,101,101,7,0.6771011352539062,0.6947986324628194,0.001,64,2,0.3,False,16,75,0.0,0.1,10,5,0.5,True,42
batch_size,16,101,101,8,0.6688995068970742,0.7061445991198222,0.001,64,2,0.3,False,16,75,0.0,0.1,10,5,0.5,True,42
batch_size,16,101,101,9,0.6646144653001212,0.7058668732643127,0.001,64,2,0.3,False,16,75,0.0,0.1,10,5,0.5,True,42
batch_size,16,101,101,10,0.6535123806489285,0.7112531860669454,0.001,64,2,0.3,False,16,75,0.0,0.1,10,5,0.5,True,42
batch_size,16,101,101,11,0.6390949031019392,0.7304362376530965,0.001,64,2,0.3,False,16,75,0.0,0.1,10,5,0.5,True,42
batch_size,16,101,101,12,0.6171706440104278,0.7578853269418081,0.001,64,2,0.3,False,16,75,0.0,0.1,10,5,0.5,True,42
batch_size,16,101,101,13,0.6012494499465811,0.7992293496926626,0.001,64,2,0.3,False,16,75,0.0,0.1,10,5,0.5,True,42
batch_size,16,101,101,14,0.5864007203297923,0.8097962280114491,0.001,64,2,0.3,False,16,75,0.0,0.1,10,5,0.5,True,42
batch_size,16,101,101,15,0.5841076784260826,0.8325859030087789,0.001,64,2,0.3,False,16,75,0.0,0.1,10,5,0.5,True,42
batch_size,16,102,102,1,0.6950373969150587,0.6942278981208801,0.001,64,2,0.3,False,16,75,0.0,0.1,10,5,0.5,True,42
batch_size,16,102,102,2,0.6929269881756134,0.6948673784732818,0.001,64,2,0.3,False,16,75,0.0,0.1,10,5,0.5,True,42
batch_size,16,102,102,3,0.6914449875798969,0.6942727327346802,0.001,64,2,0.3,False,16,75,0.0,0.1,10,5,0.5,True,42
batch_size,16,102,102,4,0.6904244919240248,0.695621919631958,0.001,64,2,0.3,False,16,75,0.0,0.1,10,5,0.5,True,42
batch_size,16,102,102,5,0.6896332923903665,0.6930553595225016,0.001,64,2,0.3,False,16,75,0.0,0.1,10,5,0.5,True,42
batch_size,16,102,102,6,0.6860137192015412,0.6967309574286144,0.001,64,2,0.3,False,16,75,0.0,0.1,10,5,0.5,True,42
batch_size,16,102,102,7,0.6819955294123168,0.6942514300346374,0.001,64,2,0.3,False,16,75,0.0,0.1,10,5,0.5,True,42
batch_size,16,102,102,8,0.6756170240191905,0.6997086445490519,0.001,64,2,0.3,False,16,75,0.0,0.1,10,5,0.5,True,42
batch_size,16,102,102,9,0.6659884353101027,0.7078499893347422,0.001,64,2,0.3,False,16,75,0.0,0.1,10,5,0.5,True,42
batch_size,16,102,102,10,0.6541199149287699,0.7056624929110209,0.001,64,2,0.3,False,16,75,0.0,0.1,10,5,0.5,True,42
batch_size,16,102,102,11,0.6382306788130858,0.7265584528446197,0.001,64,2,0.3,False,16,75,0.0,0.1,10,5,0.5,True,42
batch_size,16,102,102,12,0.6063486300267195,0.7686672548453013,0.001,64,2,0.3,False,16,75,0.0,0.1,10,5,0.5,True,42
batch_size,16,102,102,13,0.5905251713759999,0.7707383006811142,0.001,64,2,0.3,False,16,75,0.0,0.1,10,5,0.5,True,42
batch_size,16,102,102,14,0.5709688988701925,0.7882778167724609,0.001,64,2,0.3,False,16,75,0.0,0.1,10,5,0.5,True,42
batch_size,16,102,102,15,0.5498698447820352,0.8563655078411102,0.001,64,2,0.3,False,16,75,0.0,0.1,10,5,0.5,True,42
batch_size,16,103,103,1,0.6948097622439888,0.6955990016460418,0.001,64,2,0.3,False,16,75,0.0,0.1,10,5,0.5,True,42
batch_size,16,103,103,2,0.6931376559199489,0.6950388570626577,0.001,64,2,0.3,False,16,75,0.0,0.1,10,5,0.5,True,42
batch_size,16,103,103,3,0.6916877416603465,0.694966870546341,0.001,64,2,0.3,False,16,75,0.0,0.1,10,5,0.5,True,42
batch_size,16,103,103,4,0.6901827554285753,0.6970744013786316,0.001,64,2,0.3,False,16,75,0.0,0.1,10,5,0.5,True,42
batch_size,16,103,103,5,0.6883358028451753,0.6899307509263356,0.001,64,2,0.3,False,16,75,0.0,0.1,10,5,0.5,True,42
batch_size,16,103,103,6,0.684521205071714,0.6967856526374817,0.001,64,2,0.3,False,16,75,0.0,0.1,10,5,0.5,True,42
batch_size,16,103,103,7,0.6761589408374105,0.7001814067363739,0.001,64,2,0.3,False,16,75,0.0,0.1,10,5,0.5,True,42
batch_size,16,103,103,8,0.6754136720084419,0.7044395446777344,0.001,64,2,0.3,False,16,75,0.0,0.1,10,5,0.5,True,42
batch_size,16,103,103,9,0.6633049964678152,0.7055988947550456,0.001,64,2,0.3,False,16,75,0.0,0.1,10,5,0.5,True,42
batch_size,16,103,103,10,0.6525941009530549,0.716952790816625,0.001,64,2,0.3,False,16,75,0.0,0.1,10,5,0.5,True,42
batch_size,16,103,103,11,0.6412675778448809,0.7303065220514934,0.001,64,2,0.3,False,16,75,0.0,0.1,10,5,0.5,True,42
batch_size,16,103,103,12,0.6122767119579895,0.7349768201510112,0.001,64,2,0.3,False,16,75,0.0,0.1,10,5,0.5,True,42
batch_size,16,103,103,13,0.594500751209803,0.7829494973023733,0.001,64,2,0.3,False,16,75,0.0,0.1,10,5,0.5,True,42
batch_size,16,103,103,14,0.5777001437578818,0.798351134856542,0.001,64,2,0.3,False,16,75,0.0,0.1,10,5,0.5,True,42
batch_size,16,103,103,15,0.5593935336223573,0.8654855827490489,0.001,64,2,0.3,False,16,75,0.0,0.1,10,5,0.5,True,42
batch_size,16,104,104,1,0.6941184607748749,0.6936714251836141,0.001,64,2,0.3,False,16,75,0.0,0.1,10,5,0.5,True,42
batch_size,16,104,104,2,0.6924801695482813,0.692193998893102,0.001,64,2,0.3,False,16,75,0.0,0.1,10,5,0.5,True,42
batch_size,16,104,104,3,0.6919910465809782,0.6931288480758667,0.001,64,2,0.3,False,16,75,0.0,0.1,10,5,0.5,True,42
batch_size,16,104,104,4,0.6896762553276671,0.6922093510627747,0.001,64,2,0.3,False,16,75,0.0,0.1,10,5,0.5,True,42
batch_size,16,104,104,5,0.6870776437534579,0.6877585291862488,0.001,64,2,0.3,False,16,75,0.0,0.1,10,5,0.5,True,42
batch_size,16,104,104,6,0.6829337445955312,0.6954575459162394,0.001,64,2,0.3,False,16,75,0.0,0.1,10,5,0.5,True,42
batch_size,16,104,104,7,0.6780019264257453,0.6968856573104858,0.001,64,2,0.3,False,16,75,0.0,0.1,10,5,0.5,True,42
batch_size,16,104,104,8,0.6680916101307017,0.6977745811144511,0.001,64,2,0.3,False,16,75,0.0,0.1,10,5,0.5,True,42
batch_size,16,104,104,9,0.6585693562212099,0.707870997985204,0.001,64,2,0.3,False,16,75,0.0,0.1,10,5,0.5,True,42
batch_size,16,104,104,10,0.646238083168581,0.722240482767423,0.001,64,2,0.3,False,16,75,0.0,0.1,10,5,0.5,True,42
batch_size,16,104,104,11,0.6338120513089256,0.7566035171349843,0.001,64,2,0.3,False,16,75,0.0,0.1,10,5,0.5,True,42
batch_size,16,104,104,12,0.6043649528869658,0.7452527324358622,0.001,64,2,0.3,False,16,75,0.0,0.1,10,5,0.5,True,42
batch_size,16,104,104,13,0.5849823803276164,0.7727768421173096,0.001,64,2,0.3,False,16,75,0.0,0.1,10,5,0.5,True,42
batch_size,16,104,104,14,0.5707647880900495,0.7770440866549809,0.001,64,2,0.3,False,16,75,0.0,0.1,10,5,0.5,True,42
batch_size,16,104,104,15,0.5518342606694979,0.8202119310696919,0.001,64,2,0.3,False,16,75,0.0,0.1,10,5,0.5,True,42
batch_size,16,105,105,1,0.6939809945599661,0.6928658266862233,0.001,64,2,0.3,False,16,75,0.0,0.1,10,5,0.5,True,42
batch_size,16,105,105,2,0.6927146394896416,0.694519595305125,0.001,64,2,0.3,False,16,75,0.0,0.1,10,5,0.5,True,42
batch_size,16,105,105,3,0.6909809615675487,0.6946874558925629,0.001,64,2,0.3,False,16,75,0.0,0.1,10,5,0.5,True,42
batch_size,16,105,105,4,0.6894834458601339,0.6975891729195912,0.001,64,2,0.3,False,16,75,0.0,0.1,10,5,0.5,True,42
batch_size,16,105,105,5,0.6858226505069225,0.6961812694867452,0.001,64,2,0.3,False,16,75,0.0,0.1,10,5,0.5,True,42
batch_size,16,105,105,6,0.6835994088151156,0.6956275641918183,0.001,64,2,0.3,False,16,75,0.0,0.1,10,5,0.5,True,42
batch_size,16,105,105,7,0.6778749315910919,0.7057501872380575,0.001,64,2,0.3,False,16,75,0.0,0.1,10,5,0.5,True,42
batch_size,16,105,105,8,0.6652369281638257,0.7148605585098267,0.001,64,2,0.3,False,16,75,0.0,0.1,10,5,0.5,True,42
batch_size,16,105,105,9,0.6536065825038083,0.7150025347868602,0.001,64,2,0.3,False,16,75,0.0,0.1,10,5,0.5,True,42
batch_size,16,105,105,10,0.6426591857304591,0.7438865303993225,0.001,64,2,0.3,False,16,75,0.0,0.1,10,5,0.5,True,42
batch_size,16,105,105,11,0.6324376879762788,0.7310738662878672,0.001,64,2,0.3,False,16,75,0.0,0.1,10,5,0.5,True,42
batch_size,16,106,106,1,0.6943157371912619,0.692728590965271,0.001,64,2,0.3,False,16,75,0.0,0.1,10,5,0.5,True,42
batch_size,16,106,106,2,0.6928592278930171,0.6925051311651865,0.001,64,2,0.3,False,16,75,0.0,0.1,10,5,0.5,True,42
batch_size,16,106,106,3,0.6917720847256736,0.6920496185620626,0.001,64,2,0.3,False,16,75,0.0,0.1,10,5,0.5,True,42
batch_size,16,106,106,4,0.6907590682062359,0.6925561904907227,0.001,64,2,0.3,False,16,75,0.0,0.1,10,5,0.5,True,42
batch_size,16,106,106,5,0.6874441103336929,0.6902820309003194,0.001,64,2,0.3,False,16,75,0.0,0.1,10,5,0.5,True,42
batch_size,16,106,106,6,0.6841006093152122,0.6978767057259877,0.001,64,2,0.3,False,16,75,0.0,0.1,10,5,0.5,True,42
batch_size,16,106,106,7,0.6788020097710787,0.6978777190049489,0.001,64,2,0.3,False,16,75,0.0,0.1,10,5,0.5,True,42
batch_size,16,106,106,8,0.672569543916463,0.7000954469045003,0.001,64,2,0.3,False,16,75,0.0,0.1,10,5,0.5,True,42
batch_size,16,106,106,9,0.6601019452959865,0.700342305501302,0.001,64,2,0.3,False,16,75,0.0,0.1,10,5,0.5,True,42
batch_size,16,106,106,10,0.6482572166865316,0.7240486601988475,0.001,64,2,0.3,False,16,75,0.0,0.1,10,5,0.5,True,42
batch_size,16,106,106,11,0.6347081525244187,0.7140950043996175,0.001,64,2,0.3,False,16,75,0.0,0.1,10,5,0.5,True,42
batch_size,16,106,106,12,0.6029248449512308,0.7918065011501312,0.001,64,2,0.3,False,16,75,0.0,0.1,10,5,0.5,True,42
batch_size,16,106,106,13,0.5820633936744226,0.8605361859003703,0.001,64,2,0.3,False,16,75,0.0,0.1,10,5,0.5,True,42
batch_size,16,106,106,14,0.5651203634167805,0.8906753391027451,0.001,64,2,0.3,False,16,75,0.0,0.1,10,5,0.5,True,42
batch_size,16,106,106,15,0.55358233753266,0.8890415012836457,0.001,64,2,0.3,False,16,75,0.0,0.1,10,5,0.5,True,42
batch_size,16,107,107,1,0.6942816557993,0.6928145209948222,0.001,64,2,0.3,False,16,75,0.0,0.1,10,5,0.5,True,42
batch_size,16,107,107,2,0.6921005527782803,0.6927803556124369,0.001,64,2,0.3,False,16,75,0.0,0.1,10,5,0.5,True,42
batch_size,16,107,107,3,0.6916865080934967,0.692233947912852,0.001,64,2,0.3,False,16,75,0.0,0.1,10,5,0.5,True,42
batch_size,16,107,107,4,0.6883956116868516,0.6966602226098378,0.001,64,2,0.3,False,16,75,0.0,0.1,10,5,0.5,True,42
batch_size,16,107,107,5,0.687033740513225,0.693084196249644,0.001,64,2,0.3,False,16,75,0.0,0.1,10,5,0.5,True,42
batch_size,16,107,107,6,0.6822803215382217,0.6962950547536214,0.001,64,2,0.3,False,16,75,0.0,0.1,10,5,0.5,True,42
batch_size,16,107,107,7,0.6782395171121952,0.6982133865356446,0.001,64,2,0.3,False,16,75,0.0,0.1,10,5,0.5,True,42
batch_size,16,107,107,8,0.6720233464422335,0.7008716702461243,0.001,64,2,0.3,False,16,75,0.0,0.1,10,5,0.5,True,42
batch_size,16,107,107,9,0.6637098073052816,0.7140519817670187,0.001,64,2,0.3,False,16,75,0.0,0.1,10,5,0.5,True,42
batch_size,16,107,107,10,0.645419849302379,0.7338099300861358,0.001,64,2,0.3,False,16,75,0.0,0.1,10,5,0.5,True,42
batch_size,16,107,107,11,0.6313455751866895,0.7531077971061071,0.001,64,2,0.3,False,16,75,0.0,0.1,10,5,0.5,True,42
batch_size,16,107,107,12,0.6240529410059461,0.754377140601476,0.001,64,2,0.3,False,16,75,0.0,0.1,10,5,0.5,True,42
batch_size,16,107,107,13,0.609638951123894,0.8044391055901845,0.001,64,2,0.3,False,16,75,0.0,0.1,10,5,0.5,True,42
batch_size,16,108,108,1,0.6944924901193539,0.6927520076433817,0.001,64,2,0.3,False,16,75,0.0,0.1,10,5,0.5,True,42
batch_size,16,108,108,2,0.6922519952625377,0.6938844859600067,0.001,64,2,0.3,False,16,75,0.0,0.1,10,5,0.5,True,42
batch_size,16,108,108,3,0.6914270404627114,0.6940499484539032,0.001,64,2,0.3,False,16,75,0.0,0.1,10,5,0.5,True,42
batch_size,16,108,108,4,0.6896691612417707,0.6945310235023499,0.001,64,2,0.3,False,16,75,0.0,0.1,10,5,0.5,True,42
batch_size,16,108,108,5,0.6865309896124633,0.696969872713089,0.001,64,2,0.3,False,16,75,0.0,0.1,10,5,0.5,True,42
batch_size,16,108,108,6,0.6832148160771272,0.6962418615818023,0.001,64,2,0.3,False,16,75,0.0,0.1,10,5,0.5,True,42
batch_size,16,108,108,7,0.6792752939938592,0.7014482259750366,0.001,64,2,0.3,False,16,75,0.0,0.1,10,5,0.5,True,42
batch_size,16,108,108,8,0.6656274249345178,0.7022479951381684,0.001,64,2,0.3,False,16,75,0.0,0.1,10,5,0.5,True,42
batch_size,16,108,108,9,0.6570919085818099,0.7190527458985646,0.001,64,2,0.3,False,16,75,0.0,0.1,10,5,0.5,True,42
batch_size,16,108,108,10,0.6478358889034039,0.7207385301589966,0.001,64,2,0.3,False,16,75,0.0,0.1,10,5,0.5,True,42
batch_size,16,108,108,11,0.6345260631675502,0.7412266770998637,0.001,64,2,0.3,False,16,75,0.0,0.1,10,5,0.5,True,42
batch_size,32,1,1,1,0.6949070764310432,0.69344216187795,0.001,64,2,0.3,False,32,75,0.0,0.1,10,5,0.5,True,42
batch_size,32,1,1,2,0.6931717865394823,0.6954126715660095,0.001,64,2,0.3,False,32,75,0.0,0.1,10,5,0.5,True,42
batch_size,32,1,1,3,0.6916245353041273,0.6945725003878276,0.001,64,2,0.3,False,32,75,0.0,0.1,10,5,0.5,True,42
batch_size,32,1,1,4,0.6881305787599448,0.696305493513743,0.001,64,2,0.3,False,32,75,0.0,0.1,10,5,0.5,True,42
batch_size,32,1,1,5,0.6850556925390706,0.7033912221590678,0.001,64,2,0.3,False,32,75,0.0,0.1,10,5,0.5,True,42
batch_size,32,1,1,6,0.6811414591290734,0.7099807778994243,0.001,64,2,0.3,False,32,75,0.0,0.1,10,5,0.5,True,42
batch_size,32,1,1,7,0.6758206649260088,0.7044157067934672,0.001,64,2,0.3,False,32,75,0.0,0.1,10,5,0.5,True,42
batch_size,32,1,1,8,0.6656003684708567,0.7193821469942728,0.001,64,2,0.3,False,32,75,0.0,0.1,10,5,0.5,True,42
batch_size,32,1,1,9,0.6599052552924012,0.7400028586387635,0.001,64,2,0.3,False,32,75,0.0,0.1,10,5,0.5,True,42
batch_size,32,1,1,10,0.6493850747744242,0.7316651026407878,0.001,64,2,0.3,False,32,75,0.0,0.1,10,5,0.5,True,42
batch_size,32,1,1,11,0.6421006899891477,0.7543696443239848,0.001,64,2,0.3,False,32,75,0.0,0.1,10,5,0.5,True,42
batch_size,32,2,2,1,0.6934752265612284,0.6931933561960856,0.001,64,2,0.3,False,32,75,0.0,0.1,10,5,0.5,True,42
batch_size,32,2,2,2,0.692906531420621,0.6929378946622212,0.001,64,2,0.3,False,32,75,0.0,0.1,10,5,0.5,True,42
batch_size,32,2,2,3,0.6916079923059001,0.694222354888916,0.001,64,2,0.3,False,32,75,0.0,0.1,10,5,0.5,True,42
batch_size,32,2,2,4,0.6894797583421072,0.6957309524218241,0.001,64,2,0.3,False,32,75,0.0,0.1,10,5,0.5,True,42
batch_size,32,2,2,5,0.6875790551756368,0.6963400761286418,0.001,64,2,0.3,False,32,75,0.0,0.1,10,5,0.5,True,42
batch_size,32,2,2,6,0.6821163156718919,0.6997578660647075,0.001,64,2,0.3,False,32,75,0.0,0.1,10,5,0.5,True,42
batch_size,32,2,2,7,0.6755685779181394,0.7146503329277039,0.001,64,2,0.3,False,32,75,0.0,0.1,10,5,0.5,True,42
batch_size,32,2,2,8,0.6718908792192285,0.7234983841578165,0.001,64,2,0.3,False,32,75,0.0,0.1,10,5,0.5,True,42
batch_size,32,2,2,9,0.6582905108278448,0.7295329093933105,0.001,64,2,0.3,False,32,75,0.0,0.1,10,5,0.5,True,42
batch_size,32,2,2,10,0.648112332279032,0.7416720112164815,0.001,64,2,0.3,False,32,75,0.0,0.1,10,5,0.5,True,42
batch_size,32,2,2,11,0.6432954556111133,0.7329188744227092,0.001,64,2,0.3,False,32,75,0.0,0.1,10,5,0.5,True,42
batch_size,32,2,2,12,0.6320805775396752,0.7661581595738729,0.001,64,2,0.3,False,32,75,0.0,0.1,10,5,0.5,True,42
batch_size,32,3,3,1,0.6934243996034969,0.693057115872701,0.001,64,2,0.3,False,32,75,0.0,0.1,10,5,0.5,True,42
batch_size,32,3,3,2,0.6913783170960166,0.6940585414568583,0.001,64,2,0.3,False,32,75,0.0,0.1,10,5,0.5,True,42
batch_size,32,3,3,3,0.6897369587060177,0.6951455235481262,0.001,64,2,0.3,False,32,75,0.0,0.1,10,5,0.5,True,42
batch_size,32,3,3,4,0.6881987163514802,0.6989025115966797,0.001,64,2,0.3,False,32,75,0.0,0.1,10,5,0.5,True,42
batch_size,32,3,3,5,0.685366718154965,0.6983133395512898,0.001,64,2,0.3,False,32,75,0.0,0.1,10,5,0.5,True,42
batch_size,32,3,3,6,0.6796490739692341,0.7015022277832031,0.001,64,2,0.3,False,32,75,0.0,0.1,10,5,0.5,True,42
batch_size,32,3,3,7,0.6747951895901652,0.7076970060666402,0.001,64,2,0.3,False,32,75,0.0,0.1,10,5,0.5,True,42
batch_size,32,3,3,8,0.6601475183710908,0.7340950727462768,0.001,64,2,0.3,False,32,75,0.0,0.1,10,5,0.5,True,42
batch_size,32,3,3,9,0.653646836678187,0.7385614911715189,0.001,64,2,0.3,False,32,75,0.0,0.1,10,5,0.5,True,42
batch_size,32,3,3,10,0.643387600327983,0.7731881856918335,0.001,64,2,0.3,False,32,75,0.0,0.1,10,5,0.5,True,42
batch_size,32,3,3,11,0.6393758790059523,0.7478631456693013,0.001,64,2,0.3,False,32,75,0.0,0.1,10,5,0.5,True,42
batch_size,32,4,4,1,0.6941024751374216,0.6921673536300659,0.001,64,2,0.3,False,32,75,0.0,0.1,10,5,0.5,True,42
batch_size,32,4,4,2,0.6921348327940161,0.6925311803817749,0.001,64,2,0.3,False,32,75,0.0,0.1,10,5,0.5,True,42
batch_size,32,4,4,3,0.6904137373873682,0.6940971970558166,0.001,64,2,0.3,False,32,75,0.0,0.1,10,5,0.5,True,42
batch_size,32,4,4,4,0.6872376329971083,0.7003817995389302,0.001,64,2,0.3,False,32,75,0.0,0.1,10,5,0.5,True,42
batch_size,32,4,4,5,0.6836543101252932,0.7007424473762512,0.001,64,2,0.3,False,32,75,0.0,0.1,10,5,0.5,True,42
batch_size,32,4,4,6,0.6793388561768965,0.7109797437985738,0.001,64,2,0.3,False,32,75,0.0,0.1,10,5,0.5,True,42
batch_size,32,4,4,7,0.6725164091948307,0.7263644496599834,0.001,64,2,0.3,False,32,75,0.0,0.1,10,5,0.5,True,42
batch_size,32,4,4,8,0.6637705672870983,0.7270206292470296,0.001,64,2,0.3,False,32,75,0.0,0.1,10,5,0.5,True,42
batch_size,32,4,4,9,0.6500640421202688,0.7434316237767538,0.001,64,2,0.3,False,32,75,0.0,0.1,10,5,0.5,True,42
batch_size,32,4,4,10,0.6464473447113326,0.7413351575533549,0.001,64,2,0.3,False,32,75,0.0,0.1,10,5,0.5,True,42
batch_size,32,4,4,11,0.6346683610569347,0.7677708466847738,0.001,64,2,0.3,False,32,75,0.0,0.1,10,5,0.5,True,42
batch_size,32,5,5,1,0.6940354975787076,0.6920945604642232,0.001,64,2,0.3,False,32,75,0.0,0.1,10,5,0.5,True,42
batch_size,32,5,5,2,0.6929535978671276,0.6917800108591715,0.001,64,2,0.3,False,32,75,0.0,0.1,10,5,0.5,True,42
batch_size,32,5,5,3,0.6916343632972601,0.6929863452911377,0.001,64,2,0.3,False,32,75,0.0,0.1,10,5,0.5,True,42
batch_size,32,5,5,4,0.6903653316425554,0.6890408674875895,0.001,64,2,0.3,False,32,75,0.0,0.1,10,5,0.5,True,42
batch_size,32,5,5,5,0.6884764058120323,0.6950348893801371,0.001,64,2,0.3,False,32,75,0.0,0.1,10,5,0.5,True,42
batch_size,32,5,5,6,0.6843705425659815,0.6972603718439738,0.001,64,2,0.3,False,32,75,0.0,0.1,10,5,0.5,True,42
batch_size,32,5,5,7,0.680379642681642,0.6972472111384074,0.001,64,2,0.3,False,32,75,0.0,0.1,10,5,0.5,True,42
batch_size,32,5,5,8,0.6753803839286169,0.7000766396522522,0.001,64,2,0.3,False,32,75,0.0,0.1,10,5,0.5,True,42
batch_size,32,5,5,9,0.6640531935475089,0.7055675586064657,0.001,64,2,0.3,False,32,75,0.0,0.1,10,5,0.5,True,42
batch_size,32,5,5,10,0.6591620237538309,0.7127742012341817,0.001,64,2,0.3,False,32,75,0.0,0.1,10,5,0.5,True,42
batch_size,32,5,5,11,0.6343713714317842,0.7577252825101216,0.001,64,2,0.3,False,32,75,0.0,0.1,10,5,0.5,True,42
batch_size,32,5,5,12,0.6245352266864344,0.7748690406481425,0.001,64,2,0.3,False,32,75,0.0,0.1,10,5,0.5,True,42
batch_size,32,5,5,13,0.6179643194332267,0.7639026204744975,0.001,64,2,0.3,False,32,75,0.0,0.1,10,5,0.5,True,42
batch_size,32,5,5,14,0.6053726697961489,0.8450807571411133,0.001,64,2,0.3,False,32,75,0.0,0.1,10,5,0.5,True,42
batch_size,32,6,6,1,0.6938186048558264,0.6919458587964376,0.001,64,2,0.3,False,32,75,0.0,0.1,10,5,0.5,True,42
batch_size,32,6,6,2,0.6926831729484327,0.6917678872744243,0.001,64,2,0.3,False,32,75,0.0,0.1,10,5,0.5,True,42
batch_size,32,6,6,3,0.6913972081560077,0.6897086858749389,0.001,64,2,0.3,False,32,75,0.0,0.1,10,5,0.5,True,42
batch_size,32,6,6,4,0.6895913124987574,0.6902590910593669,0.001,64,2,0.3,False,32,75,0.0,0.1,10,5,0.5,True,42
batch_size,32,6,6,5,0.6848325639060049,0.7007275660832722,0.001,64,2,0.3,False,32,75,0.0,0.1,10,5,0.5,True,42
batch_size,32,6,6,6,0.6822095332723676,0.6958946506182353,0.001,64,2,0.3,False,32,75,0.0,0.1,10,5,0.5,True,42
batch_size,32,6,6,7,0.6761247727907065,0.7084756811459859,0.001,64,2,0.3,False,32,75,0.0,0.1,10,5,0.5,True,42
batch_size,32,6,6,8,0.6734782886324506,0.716703196366628,0.001,64,2,0.3,False,32,75,0.0,0.1,10,5,0.5,True,42
batch_size,32,6,6,9,0.6677651369210446,0.7367998560269674,0.001,64,2,0.3,False,32,75,0.0,0.1,10,5,0.5,True,42
batch_size,32,6,6,10,0.6525911928126307,0.7197590986887614,0.001,64,2,0.3,False,32,75,0.0,0.1,10,5,0.5,True,42
batch_size,32,6,6,11,0.6433754640095162,0.7400688052177429,0.001,64,2,0.3,False,32,75,0.0,0.1,10,5,0.5,True,42
batch_size,32,6,6,12,0.6299638522393776,0.7531604647636414,0.001,64,2,0.3,False,32,75,0.0,0.1,10,5,0.5,True,42
batch_size,32,6,6,13,0.6221892526655486,0.7769193013509115,0.001,64,2,0.3,False,32,75,0.0,0.1,10,5,0.5,True,42
batch_size,32,7,7,1,0.6948294377688206,0.6923166553179423,0.001,64,2,0.3,False,32,75,0.0,0.1,10,5,0.5,True,42
batch_size,32,7,7,2,0.69256481302507,0.6911038478215535,0.001,64,2,0.3,False,32,75,0.0,0.1,10,5,0.5,True,42
batch_size,32,7,7,3,0.6919589828361165,0.6934067447980244,0.001,64,2,0.3,False,32,75,0.0,0.1,10,5,0.5,True,42
batch_size,32,7,7,4,0.688879715222301,0.6990562677383423,0.001,64,2,0.3,False,32,75,0.0,0.1,10,5,0.5,True,42
batch_size,32,7,7,5,0.6851556599140167,0.7078474919001262,0.001,64,2,0.3,False,32,75,0.0,0.1,10,5,0.5,True,42
batch_size,32,7,7,6,0.6820561655543067,0.7136030673980713,0.001,64,2,0.3,False,32,75,0.0,0.1,10,5,0.5,True,42
batch_size,32,7,7,7,0.6756534228722254,0.7262155532836914,0.001,64,2,0.3,False,32,75,0.0,0.1,10,5,0.5,True,42
batch_size,32,7,7,8,0.672548613765023,0.7237259229024251,0.001,64,2,0.3,False,32,75,0.0,0.1,10,5,0.5,True,42
batch_size,32,7,7,9,0.6567765740734158,0.731145977973938,0.001,64,2,0.3,False,32,75,0.0,0.1,10,5,0.5,True,42
batch_size,32,7,7,10,0.6479572739565012,0.7480770707130432,0.001,64,2,0.3,False,32,75,0.0,0.1,10,5,0.5,True,42
batch_size,32,7,7,11,0.6396144637555787,0.7510354280471802,0.001,64,2,0.3,False,32,75,0.0,0.1,10,5,0.5,True,42
batch_size,32,7,7,12,0.6320523172616959,0.7877567529678344,0.001,64,2,0.3,False,32,75,0.0,0.1,10,5,0.5,True,42
batch_size,32,8,8,1,0.6941137589288481,0.6940861701965332,0.001,64,2,0.3,False,32,75,0.0,0.1,10,5,0.5,True,42
batch_size,32,8,8,2,0.6926008449359373,0.6947756012280782,0.001,64,2,0.3,False,32,75,0.0,0.1,10,5,0.5,True,42
batch_size,32,8,8,3,0.6909548671859683,0.6901877919832865,0.001,64,2,0.3,False,32,75,0.0,0.1,10,5,0.5,True,42
batch_size,32,8,8,4,0.6897866509177468,0.6882245381673177,0.001,64,2,0.3,False,32,75,0.0,0.1,10,5,0.5,True,42
batch_size,32,8,8,5,0.6874745230783116,0.6889465848604838,0.001,64,2,0.3,False,32,75,0.0,0.1,10,5,0.5,True,42
batch_size,32,8,8,6,0.6838008386619163,0.6960372964541117,0.001,64,2,0.3,False,32,75,0.0,0.1,10,5,0.5,True,42
batch_size,32,8,8,7,0.676890151518764,0.6875371932983398,0.001,64,2,0.3,False,32,75,0.0,0.1,10,5,0.5,True,42
batch_size,32,8,8,8,0.6708111252748605,0.6944932540257772,0.001,64,2,0.3,False,32,75,0.0,0.1,10,5,0.5,True,42
batch_size,32,8,8,9,0.6634450012987311,0.6964423338572184,0.001,64,2,0.3,False,32,75,0.0,0.1,10,5,0.5,True,42
batch_size,32,8,8,10,0.6547406668012793,0.7432268222173055,0.001,64,2,0.3,False,32,75,0.0,0.1,10,5,0.5,True,42
batch_size,32,8,8,11,0.6425952322103761,0.7583151817321777,0.001,64,2,0.3,False,32,75,0.0,0.1,10,5,0.5,True,42
batch_size,32,8,8,12,0.6324617871732423,0.7354153911272685,0.001,64,2,0.3,False,32,75,0.0,0.1,10,5,0.5,True,42
batch_size,32,8,8,13,0.6269138636011066,0.7910003066062927,0.001,64,2,0.3,False,32,75,0.0,0.1,10,5,0.5,True,42
batch_size,32,8,8,14,0.5931418041388193,0.8331502914428711,0.001,64,2,0.3,False,32,75,0.0,0.1,10,5,0.5,True,42
batch_size,32,8,8,15,0.583838701248169,0.8228621363639832,0.001,64,2,0.3,False,32,75,0.0,0.1,10,5,0.5,True,42
batch_size,32,8,8,16,0.5695048164237629,0.8619890173276266,0.001,64,2,0.3,False,32,75,0.0,0.1,10,5,0.5,True,42
batch_size,32,8,8,17,0.5504726939129106,0.9598725358645122,0.001,64,2,0.3,False,32,75,0.0,0.1,10,5,0.5,True,42
batch_size,32,9,9,1,0.6935794782457929,0.6939362446467082,0.001,64,2,0.3,False,32,75,0.0,0.1,10,5,0.5,True,42
batch_size,32,9,9,2,0.6921964138746262,0.6941816290219625,0.001,64,2,0.3,False,32,75,0.0,0.1,10,5,0.5,True,42
batch_size,32,9,9,3,0.6915641327699026,0.6928886930147807,0.001,64,2,0.3,False,32,75,0.0,0.1,10,5,0.5,True,42
batch_size,32,9,9,4,0.6889841172731284,0.6969268043835958,0.001,64,2,0.3,False,32,75,0.0,0.1,10,5,0.5,True,42
batch_size,32,9,9,5,0.6870984100934231,0.7056121587753296,0.001,64,2,0.3,False,32,75,0.0,0.1,10,5,0.5,True,42
batch_size,32,9,9,6,0.6798493103547529,0.7070399721463522,0.001,64,2,0.3,False,32,75,0.0,0.1,10,5,0.5,True,42
batch_size,32,9,9,7,0.6784296022220091,0.7175951679547627,0.001,64,2,0.3,False,32,75,0.0,0.1,10,5,0.5,True,42
batch_size,32,9,9,8,0.671749010682106,0.7003270228703816,0.001,64,2,0.3,False,32,75,0.0,0.1,10,5,0.5,True,42
batch_size,32,9,9,9,0.6613487989613505,0.7144402980804443,0.001,64,2,0.3,False,32,75,0.0,0.1,10,5,0.5,True,42
batch_size,32,9,9,10,0.6445519278446833,0.7479251742362976,0.001,64,2,0.3,False,32,75,0.0,0.1,10,5,0.5,True,42
batch_size,32,9,9,11,0.6324032319314552,0.7570820689201355,0.001,64,2,0.3,False,32,75,0.0,0.1,10,5,0.5,True,42
batch_size,32,9,9,12,0.6205235031066518,0.7558557311693828,0.001,64,2,0.3,False,32,75,0.0,0.1,10,5,0.5,True,42
batch_size,32,9,9,13,0.6113689042853586,0.7802152434984843,0.001,64,2,0.3,False,32,75,0.0,0.1,10,5,0.5,True,42
batch_size,32,10,10,1,0.6939927100232153,0.6931447903315227,0.001,64,2,0.3,False,32,75,0.0,0.1,10,5,0.5,True,42
batch_size,32,10,10,2,0.6924822768478682,0.6925411621729533,0.001,64,2,0.3,False,32,75,0.0,0.1,10,5,0.5,True,42
batch_size,32,10,10,3,0.6909532411531969,0.6921915451685587,0.001,64,2,0.3,False,32,75,0.0,0.1,10,5,0.5,True,42
batch_size,32,10,10,4,0.6888052003853249,0.6930722832679749,0.001,64,2,0.3,False,32,75,0.0,0.1,10,5,0.5,True,42
batch_size,32,10,10,5,0.6844711249524896,0.7089952866236369,0.001,64,2,0.3,False,32,75,0.0,0.1,10,5,0.5,True,42
batch_size,32,10,10,6,0.6825111178737698,0.7023093541463216,0.001,64,2,0.3,False,32,75,0.0,0.1,10,5,0.5,True,42
batch_size,32,10,10,7,0.678994517434727,0.6945297320683798,0.001,64,2,0.3,False,32,75,0.0,0.1,10,5,0.5,True,42
batch_size,32,10,10,8,0.671676620389476,0.7098296443621318,0.001,64,2,0.3,False,32,75,0.0,0.1,10,5,0.5,True,42
batch_size,32,10,10,9,0.6659881499680605,0.7133893887201945,0.001,64,2,0.3,False,32,75,0.0,0.1,10,5,0.5,True,42
batch_size,32,10,10,10,0.6516737676028049,0.7222718159357707,0.001,64,2,0.3,False,32,75,0.0,0.1,10,5,0.5,True,42
batch_size,32,10,10,11,0.6419453557693597,0.738198188940684,0.001,64,2,0.3,False,32,75,0.0,0.1,10,5,0.5,True,42
batch_size,32,10,10,12,0.6342515304233088,0.752508552869161,0.001,64,2,0.3,False,32,75,0.0,0.1,10,5,0.5,True,42
batch_size,32,10,10,13,0.6266407131245642,0.75157657066981,0.001,64,2,0.3,False,32,75,0.0,0.1,10,5,0.5,True,42
batch_size,32,11,11,1,0.6933343040220665,0.6937769373257955,0.001,64,2,0.3,False,32,75,0.0,0.1,10,5,0.5,True,42
batch_size,32,11,11,2,0.6922915008935061,0.6928013324737549,0.001,64,2,0.3,False,32,75,0.0,0.1,10,5,0.5,True,42
batch_size,32,11,11,3,0.6898339873913563,0.6970725297927857,0.001,64,2,0.3,False,32,75,0.0,0.1,10,5,0.5,True,42
batch_size,32,11,11,4,0.6895166242664511,0.6962269981702168,0.001,64,2,0.3,False,32,75,0.0,0.1,10,5,0.5,True,42
batch_size,32,11,11,5,0.6872190914370797,0.6969098607699077,0.001,64,2,0.3,False,32,75,0.0,0.1,10,5,0.5,True,42
batch_size,32,11,11,6,0.6836983588608828,0.6951644976933797,0.001,64,2,0.3,False,32,75,0.0,0.1,10,5,0.5,True,42
batch_size,32,11,11,7,0.6803578892440507,0.702025854587555,0.001,64,2,0.3,False,32,75,0.0,0.1,10,5,0.5,True,42
batch_size,32,11,11,8,0.6719068112698469,0.7220831473668416,0.001,64,2,0.3,False,32,75,0.0,0.1,10,5,0.5,True,42
batch_size,32,11,11,9,0.6592372542980945,0.7205041686693827,0.001,64,2,0.3,False,32,75,0.0,0.1,10,5,0.5,True,42
batch_size,32,11,11,10,0.6507521174622305,0.7257264296213786,0.001,64,2,0.3,False,32,75,0.0,0.1,10,5,0.5,True,42
batch_size,32,11,11,11,0.6417816014903964,0.7350992878278096,0.001,64,2,0.3,False,32,75,0.0,0.1,10,5,0.5,True,42
batch_size,32,11,11,12,0.636062480283506,0.7269108573595683,0.001,64,2,0.3,False,32,75,0.0,0.1,10,5,0.5,True,42
batch_size,32,12,12,1,0.6937949865153341,0.6934867103894552,0.001,64,2,0.3,False,32,75,0.0,0.1,10,5,0.5,True,42
batch_size,32,12,12,2,0.693005156787959,0.6912339091300964,0.001,64,2,0.3,False,32,75,0.0,0.1,10,5,0.5,True,42
batch_size,32,12,12,3,0.690646384250034,0.6884942332903544,0.001,64,2,0.3,False,32,75,0.0,0.1,10,5,0.5,True,42
batch_size,32,12,12,4,0.6891845387942863,0.6917709906895956,0.001,64,2,0.3,False,32,75,0.0,0.1,10,5,0.5,True,42
batch_size,32,12,12,5,0.6870303203662237,0.693087621529897,0.001,64,2,0.3,False,32,75,0.0,0.1,10,5,0.5,True,42
batch_size,32,12,12,6,0.6806966996554172,0.7011976202329,0.001,64,2,0.3,False,32,75,0.0,0.1,10,5,0.5,True,42
batch_size,32,12,12,7,0.6738175998131434,0.7228841741879781,0.001,64,2,0.3,False,32,75,0.0,0.1,10,5,0.5,True,42
batch_size,32,12,12,8,0.6718628402009155,0.7077535708745321,0.001,64,2,0.3,False,32,75,0.0,0.1,10,5,0.5,True,42
batch_size,32,12,12,9,0.6631322010900035,0.7320026993751526,0.001,64,2,0.3,False,32,75,0.0,0.1,10,5,0.5,True,42
batch_size,32,12,12,10,0.6460928618907928,0.7551840980847676,0.001,64,2,0.3,False,32,75,0.0,0.1,10,5,0.5,True,42
batch_size,32,12,12,11,0.6365952667864886,0.7679602146148682,0.001,64,2,0.3,False,32,75,0.0,0.1,10,5,0.5,True,42
batch_size,32,12,12,12,0.6327055670095213,0.7592074672381083,0.001,64,2,0.3,False,32,75,0.0,0.1,10,5,0.5,True,42
batch_size,32,12,12,13,0.6169155605814673,0.7947621782620747,0.001,64,2,0.3,False,32,75,0.0,0.1,10,5,0.5,True,42
batch_size,32,13,13,1,0.693864618286942,0.6943336804707845,0.001,64,2,0.3,False,32,75,0.0,0.1,10,5,0.5,True,42
batch_size,32,13,13,2,0.6918950067325071,0.6921646157900493,0.001,64,2,0.3,False,32,75,0.0,0.1,10,5,0.5,True,42
batch_size,32,13,13,3,0.6906095463218112,0.6921579837799072,0.001,64,2,0.3,False,32,75,0.0,0.1,10,5,0.5,True,42
batch_size,32,13,13,4,0.6884400054360881,0.6971459746360779,0.001,64,2,0.3,False,32,75,0.0,0.1,10,5,0.5,True,42
batch_size,32,13,13,5,0.6862269174872022,0.6939582387606303,0.001,64,2,0.3,False,32,75,0.0,0.1,10,5,0.5,True,42
batch_size,32,13,13,6,0.6830212315826705,0.6942456682523092,0.001,64,2,0.3,False,32,75,0.0,0.1,10,5,0.5,True,42
batch_size,32,13,13,7,0.6775205582380295,0.6952987949053446,0.001,64,2,0.3,False,32,75,0.0,0.1,10,5,0.5,True,42
batch_size,32,13,13,8,0.671587606271108,0.6955182512601217,0.001,64,2,0.3,False,32,75,0.0,0.1,10,5,0.5,True,42
batch_size,32,13,13,9,0.6584216703971227,0.7026295344034831,0.001,64,2,0.3,False,32,75,0.0,0.1,10,5,0.5,True,42
batch_size,32,13,13,10,0.6479986129385052,0.7240482648213704,0.001,64,2,0.3,False,32,75,0.0,0.1,10,5,0.5,True,42
batch_size,32,13,13,11,0.6384959636312543,0.7158240516980489,0.001,64,2,0.3,False,32,75,0.0,0.1,10,5,0.5,True,42
batch_size,32,13,13,12,0.6309420003583937,0.7318305730819702,0.001,64,2,0.3,False,32,75,0.0,0.1,10,5,0.5,True,42
batch_size,32,13,13,13,0.6194658812248346,0.7450020352999369,0.001,64,2,0.3,False,32,75,0.0,0.1,10,5,0.5,True,42
batch_size,32,14,14,1,0.6938944111267725,0.6925501306851705,0.001,64,2,0.3,False,32,75,0.0,0.1,10,5,0.5,True,42
batch_size,32,14,14,2,0.6919890908580838,0.6916887164115906,0.001,64,2,0.3,False,32,75,0.0,0.1,10,5,0.5,True,42
batch_size,32,14,14,3,0.692466006586046,0.692259426911672,0.001,64,2,0.3,False,32,75,0.0,0.1,10,5,0.5,True,42
batch_size,32,14,14,4,0.6901770739844351,0.6902308861414591,0.001,64,2,0.3,False,32,75,0.0,0.1,10,5,0.5,True,42
batch_size,32,14,14,5,0.6876518049023368,0.6911026279131571,0.001,64,2,0.3,False,32,75,0.0,0.1,10,5,0.5,True,42
batch_size,32,14,14,6,0.6853785510316039,0.7009106834729513,0.001,64,2,0.3,False,32,75,0.0,0.1,10,5,0.5,True,42
batch_size,32,14,14,7,0.6790187295639154,0.6952931602795919,0.001,64,2,0.3,False,32,75,0.0,0.1,10,5,0.5,True,42
batch_size,32,14,14,8,0.6741497015411203,0.6984385848045349,0.001,64,2,0.3,False,32,75,0.0,0.1,10,5,0.5,True,42
batch_size,32,14,14,9,0.6689899423808763,0.6998307744661967,0.001,64,2,0.3,False,32,75,0.0,0.1,10,5,0.5,True,42
batch_size,32,14,14,10,0.6563872279542865,0.699088986714681,0.001,64,2,0.3,False,32,75,0.0,0.1,10,5,0.5,True,42
batch_size,32,14,14,11,0.6433646457664894,0.7348299503326416,0.001,64,2,0.3,False,32,75,0.0,0.1,10,5,0.5,True,42
batch_size,32,14,14,12,0.6286799361308416,0.7378538846969604,0.001,64,2,0.3,False,32,75,0.0,0.1,10,5,0.5,True,42
batch_size,32,14,14,13,0.6149917366829786,0.7486847956975301,0.001,64,2,0.3,False,32,75,0.0,0.1,10,5,0.5,True,42
batch_size,32,14,14,14,0.6052575982881315,0.774721097946167,0.001,64,2,0.3,False,32,75,0.0,0.1,10,5,0.5,True,42
batch_size,32,15,15,1,0.6935597016955867,0.6941982269287109,0.001,64,2,0.3,False,32,75,0.0,0.1,10,5,0.5,True,42
batch_size,32,15,15,2,0.6920341149424062,0.6937028964360555,0.001,64,2,0.3,False,32,75,0.0,0.1,10,5,0.5,True,42
batch_size,32,15,15,3,0.6900949089816122,0.6936969995498657,0.001,64,2,0.3,False,32,75,0.0,0.1,10,5,0.5,True,42
batch_size,32,15,15,4,0.6858668196381945,0.6993902842203776,0.001,64,2,0.3,False,32,75,0.0,0.1,10,5,0.5,True,42
batch_size,32,15,15,5,0.6822005334225568,0.7154619534810384,0.001,64,2,0.3,False,32,75,0.0,0.1,10,5,0.5,True,42
batch_size,32,15,15,6,0.6823827515948903,0.7147075533866882,0.001,64,2,0.3,False,32,75,0.0,0.1,10,5,0.5,True,42
batch_size,32,15,15,7,0.6722633436773763,0.7276808977127075,0.001,64,2,0.3,False,32,75,0.0,0.1,10,5,0.5,True,42
batch_size,32,15,15,8,0.6665789250171545,0.720320467154185,0.001,64,2,0.3,False,32,75,0.0,0.1,10,5,0.5,True,42
batch_size,32,15,15,9,0.6538423959052924,0.7446053345998128,0.001,64,2,0.3,False,32,75,0.0,0.1,10,5,0.5,True,42
batch_size,32,15,15,10,0.6453302597457712,0.7579373836517334,0.001,64,2,0.3,False,32,75,0.0,0.1,10,5,0.5,True,42
batch_size,32,15,15,11,0.6356877020814202,0.784012238184611,0.001,64,2,0.3,False,32,75,0.0,0.1,10,5,0.5,True,42
batch_size,32,15,15,12,0.624860895854054,0.7883870879809062,0.001,64,2,0.3,False,32,75,0.0,0.1,10,5,0.5,True,42
batch_size,32,15,15,13,0.6199449689099283,0.8071270267168681,0.001,64,2,0.3,False,32,75,0.0,0.1,10,5,0.5,True,42
batch_size,32,16,16,1,0.6945853206244382,0.69375585714976,0.001,64,2,0.3,False,32,75,0.0,0.1,10,5,0.5,True,42
batch_size,32,16,16,2,0.6920084474664746,0.6918265064557393,0.001,64,2,0.3,False,32,75,0.0,0.1,10,5,0.5,True,42
batch_size,32,16,16,3,0.691683906045827,0.6914518117904663,0.001,64,2,0.3,False,32,75,0.0,0.1,10,5,0.5,True,42
batch_size,32,16,16,4,0.6898279122330926,0.6914748748143514,0.001,64,2,0.3,False,32,75,0.0,0.1,10,5,0.5,True,42
batch_size,32,16,16,5,0.6866545153386665,0.689350954691569,0.001,64,2,0.3,False,32,75,0.0,0.1,10,5,0.5,True,42
batch_size,32,16,16,6,0.6840472469727198,0.6955020586649577,0.001,64,2,0.3,False,32,75,0.0,0.1,10,5,0.5,True,42
batch_size,32,16,16,7,0.6811294153784261,0.6880920966466267,0.001,64,2,0.3,False,32,75,0.0,0.1,10,5,0.5,True,42
batch_size,32,16,16,8,0.6760322180661288,0.6936748822530111,0.001,64,2,0.3,False,32,75,0.0,0.1,10,5,0.5,True,42
batch_size,32,16,16,9,0.6635146989966884,0.7182809313138326,0.001,64,2,0.3,False,32,75,0.0,0.1,10,5,0.5,True,42
batch_size,32,16,16,10,0.6551161792242166,0.7214893341064453,0.001,64,2,0.3,False,32,75,0.0,0.1,10,5,0.5,True,42
batch_size,32,16,16,11,0.6475934241757249,0.7220156351725261,0.001,64,2,0.3,False,32,75,0.0,0.1,10,5,0.5,True,42
batch_size,32,16,16,12,0.6358776878226887,0.7316434979438782,0.001,64,2,0.3,False,32,75,0.0,0.1,10,5,0.5,True,42
batch_size,32,16,16,13,0.6319270395871365,0.7630571881930034,0.001,64,2,0.3,False,32,75,0.0,0.1,10,5,0.5,True,42
batch_size,32,16,16,14,0.607738063642473,0.7713465650876363,0.001,64,2,0.3,False,32,75,0.0,0.1,10,5,0.5,True,42
batch_size,32,16,16,15,0.5839201505437042,0.79952099720637,0.001,64,2,0.3,False,32,75,0.0,0.1,10,5,0.5,True,42
batch_size,32,16,16,16,0.5780356456384514,0.860362958908081,0.001,64,2,0.3,False,32,75,0.0,0.1,10,5,0.5,True,42
batch_size,32,16,16,17,0.5641898138053489,0.8440147797266643,0.001,64,2,0.3,False,32,75,0.0,0.1,10,5,0.5,True,42
batch_size,32,17,17,1,0.6945263084137079,0.692778472105662,0.001,64,2,0.3,False,32,75,0.0,0.1,10,5,0.5,True,42
batch_size,32,17,17,2,0.6925267685543407,0.693234646320343,0.001,64,2,0.3,False,32,75,0.0,0.1,10,5,0.5,True,42
batch_size,32,17,17,3,0.6916046553488934,0.6899450540542602,0.001,64,2,0.3,False,32,75,0.0,0.1,10,5,0.5,True,42
batch_size,32,17,17,4,0.6906335678967562,0.6875420411427816,0.001,64,2,0.3,False,32,75,0.0,0.1,10,5,0.5,True,42
batch_size,32,17,17,5,0.6880128117221774,0.6844414750734965,0.001,64,2,0.3,False,32,75,0.0,0.1,10,5,0.5,True,42
batch_size,32,17,17,6,0.6844640816702987,0.683612334728241,0.001,64,2,0.3,False,32,75,0.0,0.1,10,5,0.5,True,42
batch_size,32,17,17,7,0.6806092912500555,0.6848807692527771,0.001,64,2,0.3,False,32,75,0.0,0.1,10,5,0.5,True,42
batch_size,32,17,17,8,0.6742225271282773,0.6928925553957621,0.001,64,2,0.3,False,32,75,0.0,0.1,10,5,0.5,True,42
batch_size,32,17,17,9,0.6657022630626505,0.6941697756449382,0.001,64,2,0.3,False,32,75,0.0,0.1,10,5,0.5,True,42
batch_size,32,17,17,10,0.6560799931034897,0.698367178440094,0.001,64,2,0.3,False,32,75,0.0,0.1,10,5,0.5,True,42
batch_size,32,17,17,11,0.650635917078365,0.7246557553609212,0.001,64,2,0.3,False,32,75,0.0,0.1,10,5,0.5,True,42
batch_size,32,17,17,12,0.642353197390383,0.726635468006134,0.001,64,2,0.3,False,32,75,0.0,0.1,10,5,0.5,True,42
batch_size,32,17,17,13,0.6123682095697431,0.7488129893938701,0.001,64,2,0.3,False,32,75,0.0,0.1,10,5,0.5,True,42
batch_size,32,17,17,14,0.5993404837720322,0.7623035589853923,0.001,64,2,0.3,False,32,75,0.0,0.1,10,5,0.5,True,42
batch_size,32,17,17,15,0.5875051845655297,0.7941117525100708,0.001,64,2,0.3,False,32,75,0.0,0.1,10,5,0.5,True,42
batch_size,32,17,17,16,0.5749608544689236,0.8089740792910258,0.001,64,2,0.3,False,32,75,0.0,0.1,10,5,0.5,True,42
batch_size,32,18,18,1,0.69314969895464,0.6927614291508992,0.001,64,2,0.3,False,32,75,0.0,0.1,10,5,0.5,True,42
batch_size,32,18,18,2,0.6925161982124503,0.6912177085876465,0.001,64,2,0.3,False,32,75,0.0,0.1,10,5,0.5,True,42
batch_size,32,18,18,3,0.6918434130422997,0.6903804898262024,0.001,64,2,0.3,False,32,75,0.0,0.1,10,5,0.5,True,42
batch_size,32,18,18,4,0.6896761976408236,0.6902114192644755,0.001,64,2,0.3,False,32,75,0.0,0.1,10,5,0.5,True,42
batch_size,32,18,18,5,0.6873877007852901,0.6887242515881856,0.001,64,2,0.3,False,32,75,0.0,0.1,10,5,0.5,True,42
batch_size,32,18,18,6,0.6851494091026711,0.6990901350975036,0.001,64,2,0.3,False,32,75,0.0,0.1,10,5,0.5,True,42
batch_size,32,18,18,7,0.6802332270326037,0.6949258009592693,0.001,64,2,0.3,False,32,75,0.0,0.1,10,5,0.5,True,42
batch_size,32,18,18,8,0.6718453326911638,0.7032997290293376,0.001,64,2,0.3,False,32,75,0.0,0.1,10,5,0.5,True,42
batch_size,32,18,18,9,0.6645671156319705,0.7040215174357096,0.001,64,2,0.3,False,32,75,0.0,0.1,10,5,0.5,True,42
batch_size,32,18,18,10,0.6565407302343484,0.7257090409596761,0.001,64,2,0.3,False,32,75,0.0,0.1,10,5,0.5,True,42
batch_size,32,18,18,11,0.646831757643006,0.7383277336756389,0.001,64,2,0.3,False,32,75,0.0,0.1,10,5,0.5,True,42
batch_size,32,18,18,12,0.6226544804645308,0.7534217596054077,0.001,64,2,0.3,False,32,75,0.0,0.1,10,5,0.5,True,42
batch_size,32,18,18,13,0.6116384721615098,0.7694052775700887,0.001,64,2,0.3,False,32,75,0.0,0.1,10,5,0.5,True,42
batch_size,32,18,18,14,0.5980615143974622,0.7779025316238404,0.001,64,2,0.3,False,32,75,0.0,0.1,10,5,0.5,True,42
batch_size,32,18,18,15,0.5875381588032751,0.7936924378077189,0.001,64,2,0.3,False,32,75,0.0,0.1,10,5,0.5,True,42
batch_size,32,19,19,1,0.6948668256853566,0.6919341206550598,0.001,64,2,0.3,False,32,75,0.0,0.1,10,5,0.5,True,42
batch_size,32,19,19,2,0.6926253158034701,0.6916929046312968,0.001,64,2,0.3,False,32,75,0.0,0.1,10,5,0.5,True,42
batch_size,32,19,19,3,0.689530178452983,0.6919947902361552,0.001,64,2,0.3,False,32,75,0.0,0.1,10,5,0.5,True,42
batch_size,32,19,19,4,0.6888426632592173,0.693847672144572,0.001,64,2,0.3,False,32,75,0.0,0.1,10,5,0.5,True,42
batch_size,32,19,19,5,0.685497217557647,0.6950505177179972,0.001,64,2,0.3,False,32,75,0.0,0.1,10,5,0.5,True,42
batch_size,32,19,19,6,0.6825251525098627,0.6962308724721272,0.001,64,2,0.3,False,32,75,0.0,0.1,10,5,0.5,True,42
batch_size,32,19,19,7,0.6736994688258027,0.7030938982963562,0.001,64,2,0.3,False,32,75,0.0,0.1,10,5,0.5,True,42
batch_size,32,19,19,8,0.679140771428744,0.697916845480601,0.001,64,2,0.3,False,32,75,0.0,0.1,10,5,0.5,True,42
batch_size,32,19,19,9,0.6692959273403342,0.7021804849306742,0.001,64,2,0.3,False,32,75,0.0,0.1,10,5,0.5,True,42
batch_size,32,19,19,10,0.6610564697872509,0.7039854725201925,0.001,64,2,0.3,False,32,75,0.0,0.1,10,5,0.5,True,42
batch_size,32,19,19,11,0.6543082531654474,0.7313082178433736,0.001,64,2,0.3,False,32,75,0.0,0.1,10,5,0.5,True,42
batch_size,32,19,19,12,0.6458947396639622,0.7420590281486511,0.001,64,2,0.3,False,32,75,0.0,0.1,10,5,0.5,True,42
batch_size,32,20,20,1,0.6943585606235446,0.6927582899729411,0.001,64,2,0.3,False,32,75,0.0,0.1,10,5,0.5,True,42
batch_size,32,20,20,2,0.6925307936740644,0.6930522004763285,0.001,64,2,0.3,False,32,75,0.0,0.1,10,5,0.5,True,42
batch_size,32,20,20,3,0.6910741451111707,0.6941695809364319,0.001,64,2,0.3,False,32,75,0.0,0.1,10,5,0.5,True,42
batch_size,32,20,20,4,0.6876384489464037,0.6979189833005269,0.001,64,2,0.3,False,32,75,0.0,0.1,10,5,0.5,True,42
batch_size,32,20,20,5,0.6846126945632877,0.7000051299730937,0.001,64,2,0.3,False,32,75,0.0,0.1,10,5,0.5,True,42
batch_size,32,20,20,6,0.6780179251324047,0.7194334586461385,0.001,64,2,0.3,False,32,75,0.0,0.1,10,5,0.5,True,42
batch_size,32,20,20,7,0.6738465049050071,0.7143847664197286,0.001,64,2,0.3,False,32,75,0.0,0.1,10,5,0.5,True,42
batch_size,32,20,20,8,0.663097725221605,0.7237119277318319,0.001,64,2,0.3,False,32,75,0.0,0.1,10,5,0.5,True,42
batch_size,32,20,20,9,0.6558928449045528,0.7328551610310873,0.001,64,2,0.3,False,32,75,0.0,0.1,10,5,0.5,True,42
batch_size,32,20,20,10,0.6474466838619926,0.7395601908365885,0.001,64,2,0.3,False,32,75,0.0,0.1,10,5,0.5,True,42
batch_size,32,20,20,11,0.6397994158394409,0.7697721878687541,0.001,64,2,0.3,False,32,75,0.0,0.1,10,5,0.5,True,42
batch_size,32,21,21,1,0.6939190450039777,0.692574405670166,0.001,64,2,0.3,False,32,75,0.0,0.1,10,5,0.5,True,42
batch_size,32,21,21,2,0.6917186131079992,0.692276132106781,0.001,64,2,0.3,False,32,75,0.0,0.1,10,5,0.5,True,42
batch_size,32,21,21,3,0.6908296757575237,0.6938062071800232,0.001,64,2,0.3,False,32,75,0.0,0.1,10,5,0.5,True,42
batch_size,32,21,21,4,0.688577803698453,0.6949825207392375,0.001,64,2,0.3,False,32,75,0.0,0.1,10,5,0.5,True,42
batch_size,32,21,21,5,0.6868966984929461,0.6992593089739482,0.001,64,2,0.3,False,32,75,0.0,0.1,10,5,0.5,True,42
batch_size,32,21,21,6,0.6812583271301154,0.6970649321873983,0.001,64,2,0.3,False,32,75,0.0,0.1,10,5,0.5,True,42
batch_size,32,21,21,7,0.6763596778566187,0.7183136105537414,0.001,64,2,0.3,False,32,75,0.0,0.1,10,5,0.5,True,42
batch_size,32,21,21,8,0.6703810795690074,0.7376849889755249,0.001,64,2,0.3,False,32,75,0.0,0.1,10,5,0.5,True,42
batch_size,32,21,21,9,0.6582550632231163,0.7238034208615621,0.001,64,2,0.3,False,32,75,0.0,0.1,10,5,0.5,True,42
batch_size,32,21,21,10,0.6467903802792231,0.7602854331334432,0.001,64,2,0.3,False,32,75,0.0,0.1,10,5,0.5,True,42
batch_size,32,21,21,11,0.638336369259791,0.7655581355094909,0.001,64,2,0.3,False,32,75,0.0,0.1,10,5,0.5,True,42
batch_size,32,21,21,12,0.6317910317218665,0.7667397737503052,0.001,64,2,0.3,False,32,75,0.0,0.1,10,5,0.5,True,42
batch_size,32,22,22,1,0.693699808734836,0.6927137772242228,0.001,64,2,0.3,False,32,75,0.0,0.1,10,5,0.5,True,42
batch_size,32,22,22,2,0.692933079419714,0.6940890789031983,0.001,64,2,0.3,False,32,75,0.0,0.1,10,5,0.5,True,42
batch_size,32,22,22,3,0.6910107352516868,0.6917811830838522,0.001,64,2,0.3,False,32,75,0.0,0.1,10,5,0.5,True,42
batch_size,32,22,22,4,0.6891344451543057,0.6914269646008809,0.001,64,2,0.3,False,32,75,0.0,0.1,10,5,0.5,True,42
batch_size,32,22,22,5,0.6869019599574985,0.6933539112408956,0.001,64,2,0.3,False,32,75,0.0,0.1,10,5,0.5,True,42
batch_size,32,22,22,6,0.6857953107718265,0.6927755435307821,0.001,64,2,0.3,False,32,75,0.0,0.1,10,5,0.5,True,42
batch_size,32,22,22,7,0.6791964624867295,0.7015062252680461,0.001,64,2,0.3,False,32,75,0.0,0.1,10,5,0.5,True,42
batch_size,32,22,22,8,0.6710855003559228,0.7003872036933899,0.001,64,2,0.3,False,32,75,0.0,0.1,10,5,0.5,True,42
batch_size,32,22,22,9,0.6640946729616686,0.7173414707183838,0.001,64,2,0.3,False,32,75,0.0,0.1,10,5,0.5,True,42
batch_size,32,22,22,10,0.6565582291646437,0.7166198849678039,0.001,64,2,0.3,False,32,75,0.0,0.1,10,5,0.5,True,42
batch_size,32,22,22,11,0.6409811020800562,0.7306566119194031,0.001,64,2,0.3,False,32,75,0.0,0.1,10,5,0.5,True,42
batch_size,32,22,22,12,0.6293626574404312,0.7540737311045329,0.001,64,2,0.3,False,32,75,0.0,0.1,10,5,0.5,True,42
batch_size,32,22,22,13,0.6201348625349276,0.7704658349355061,0.001,64,2,0.3,False,32,75,0.0,0.1,10,5,0.5,True,42
batch_size,32,22,22,14,0.6082865361011389,0.769552747408549,0.001,64,2,0.3,False,32,75,0.0,0.1,10,5,0.5,True,42
batch_size,32,23,23,1,0.6944979460853519,0.6921777447064718,0.001,64,2,0.3,False,32,75,0.0,0.1,10,5,0.5,True,42
batch_size,32,23,23,2,0.6925221184889475,0.6926097273826599,0.001,64,2,0.3,False,32,75,0.0,0.1,10,5,0.5,True,42
batch_size,32,23,23,3,0.6919892633503134,0.6913335601488749,0.001,64,2,0.3,False,32,75,0.0,0.1,10,5,0.5,True,42
batch_size,32,23,23,4,0.6897721236402338,0.6920443018277486,0.001,64,2,0.3,False,32,75,0.0,0.1,10,5,0.5,True,42
batch_size,32,23,23,5,0.6874558997876716,0.696234921614329,0.001,64,2,0.3,False,32,75,0.0,0.1,10,5,0.5,True,42
batch_size,32,23,23,6,0.6855996932947275,0.693444287776947,0.001,64,2,0.3,False,32,75,0.0,0.1,10,5,0.5,True,42
batch_size,32,23,23,7,0.6804893779935259,0.6989753007888794,0.001,64,2,0.3,False,32,75,0.0,0.1,10,5,0.5,True,42
batch_size,32,23,23,8,0.6743039691990073,0.7169643759727478,0.001,64,2,0.3,False,32,75,0.0,0.1,10,5,0.5,True,42
batch_size,32,23,23,9,0.6705176572908055,0.7060008764266967,0.001,64,2,0.3,False,32,75,0.0,0.1,10,5,0.5,True,42
batch_size,32,23,23,10,0.6527844170729319,0.7183534105618795,0.001,64,2,0.3,False,32,75,0.0,0.1,10,5,0.5,True,42
batch_size,32,23,23,11,0.6427608091722835,0.7349361618359883,0.001,64,2,0.3,False,32,75,0.0,0.1,10,5,0.5,True,42
batch_size,32,23,23,12,0.6327820695710905,0.7594008485476176,0.001,64,2,0.3,False,32,75,0.0,0.1,10,5,0.5,True,42
batch_size,32,23,23,13,0.6210958560307821,0.753172500928243,0.001,64,2,0.3,False,32,75,0.0,0.1,10,5,0.5,True,42
batch_size,32,24,24,1,0.6934482567292407,0.691643226146698,0.001,64,2,0.3,False,32,75,0.0,0.1,10,5,0.5,True,42
batch_size,32,24,24,2,0.6927770349316131,0.6911048690478007,0.001,64,2,0.3,False,32,75,0.0,0.1,10,5,0.5,True,42
batch_size,32,24,24,3,0.6909707533685785,0.6934053818384807,0.001,64,2,0.3,False,32,75,0.0,0.1,10,5,0.5,True,42
batch_size,32,24,24,4,0.6890095252739755,0.6910314122835796,0.001,64,2,0.3,False,32,75,0.0,0.1,10,5,0.5,True,42
batch_size,32,24,24,5,0.6872936487197876,0.6988828341166179,0.001,64,2,0.3,False,32,75,0.0,0.1,10,5,0.5,True,42
batch_size,32,24,24,6,0.6823721487719313,0.6971327741940816,0.001,64,2,0.3,False,32,75,0.0,0.1,10,5,0.5,True,42
batch_size,32,24,24,7,0.6774178241428576,0.7030175844828288,0.001,64,2,0.3,False,32,75,0.0,0.1,10,5,0.5,True,42
batch_size,32,24,24,8,0.6680851233632941,0.707555874188741,0.001,64,2,0.3,False,32,75,0.0,0.1,10,5,0.5,True,42
batch_size,32,24,24,9,0.6602417109604168,0.715141483147939,0.001,64,2,0.3,False,32,75,0.0,0.1,10,5,0.5,True,42
batch_size,32,24,24,10,0.6523512763188297,0.7311769723892212,0.001,64,2,0.3,False,32,75,0.0,0.1,10,5,0.5,True,42
batch_size,32,24,24,11,0.6306838254283246,0.7506599823633829,0.001,64,2,0.3,False,32,75,0.0,0.1,10,5,0.5,True,42
batch_size,32,24,24,12,0.6154748817583672,0.7804272850354512,0.001,64,2,0.3,False,32,75,0.0,0.1,10,5,0.5,True,42
batch_size,32,24,24,13,0.603268281409615,0.7877868851025899,0.001,64,2,0.3,False,32,75,0.0,0.1,10,5,0.5,True,42
batch_size,32,24,24,14,0.5939966783039552,0.8181382815043131,0.001,64,2,0.3,False,32,75,0.0,0.1,10,5,0.5,True,42
batch_size,32,25,25,1,0.6944323308540113,0.6934860229492188,0.001,64,2,0.3,False,32,75,0.0,0.1,10,5,0.5,True,42
batch_size,32,25,25,2,0.6926974590980646,0.6923835118611653,0.001,64,2,0.3,False,32,75,0.0,0.1,10,5,0.5,True,42
batch_size,32,25,25,3,0.6919959313941725,0.6928347269694011,0.001,64,2,0.3,False,32,75,0.0,0.1,10,5,0.5,True,42
batch_size,32,25,25,4,0.6892158818064313,0.690591287612915,0.001,64,2,0.3,False,32,75,0.0,0.1,10,5,0.5,True,42
batch_size,32,25,25,5,0.6859633967731938,0.6938576817512512,0.001,64,2,0.3,False,32,75,0.0,0.1,10,5,0.5,True,42
batch_size,32,25,25,6,0.6836327011838104,0.6959546724955241,0.001,64,2,0.3,False,32,75,0.0,0.1,10,5,0.5,True,42
batch_size,32,25,25,7,0.679052039529338,0.7103335579236348,0.001,64,2,0.3,False,32,75,0.0,0.1,10,5,0.5,True,42
batch_size,32,25,25,8,0.6710366796363484,0.7332520405451457,0.001,64,2,0.3,False,32,75,0.0,0.1,10,5,0.5,True,42
batch_size,32,25,25,9,0.666218156615893,0.7221993048985799,0.001,64,2,0.3,False,32,75,0.0,0.1,10,5,0.5,True,42
batch_size,32,25,25,10,0.6589910053845608,0.7273478507995605,0.001,64,2,0.3,False,32,75,0.0,0.1,10,5,0.5,True,42
batch_size,32,25,25,11,0.6405150407191479,0.7438207427660625,0.001,64,2,0.3,False,32,75,0.0,0.1,10,5,0.5,True,42
batch_size,32,25,25,12,0.6279051240646478,0.7674312909444173,0.001,64,2,0.3,False,32,75,0.0,0.1,10,5,0.5,True,42
batch_size,32,25,25,13,0.6157698613224607,0.782638959089915,0.001,64,2,0.3,False,32,75,0.0,0.1,10,5,0.5,True,42
batch_size,32,25,25,14,0.6068933881593473,0.8051438132921854,0.001,64,2,0.3,False,32,75,0.0,0.1,10,5,0.5,True,42
batch_size,32,26,26,1,0.6943367864146377,0.6933804512023926,0.001,64,2,0.3,False,32,75,0.0,0.1,10,5,0.5,True,42
batch_size,32,26,26,2,0.6933446896798683,0.6925876855850219,0.001,64,2,0.3,False,32,75,0.0,0.1,10,5,0.5,True,42
batch_size,32,26,26,3,0.691885025212259,0.6914616982142131,0.001,64,2,0.3,False,32,75,0.0,0.1,10,5,0.5,True,42
batch_size,32,26,26,4,0.6905092863422452,0.6904679258664449,0.001,64,2,0.3,False,32,75,0.0,0.1,10,5,0.5,True,42
batch_size,32,26,26,5,0.6863757475759044,0.6941635688145955,0.001,64,2,0.3,False,32,75,0.0,0.1,10,5,0.5,True,42
batch_size,32,26,26,6,0.6833597412615111,0.694947628180186,0.001,64,2,0.3,False,32,75,0.0,0.1,10,5,0.5,True,42
batch_size,32,26,26,7,0.6777990717779506,0.6964827577273051,0.001,64,2,0.3,False,32,75,0.0,0.1,10,5,0.5,True,42
batch_size,32,26,26,8,0.6737716405680685,0.7048438429832459,0.001,64,2,0.3,False,32,75,0.0,0.1,10,5,0.5,True,42
batch_size,32,26,26,9,0.6640656847845424,0.7167613665262859,0.001,64,2,0.3,False,32,75,0.0,0.1,10,5,0.5,True,42
batch_size,32,26,26,10,0.6543674410292597,0.7273051222165425,0.001,64,2,0.3,False,32,75,0.0,0.1,10,5,0.5,True,42
batch_size,32,26,26,11,0.6346912826552535,0.7764166514078776,0.001,64,2,0.3,False,32,75,0.0,0.1,10,5,0.5,True,42
batch_size,32,26,26,12,0.621221606930097,0.7838726162910461,0.001,64,2,0.3,False,32,75,0.0,0.1,10,5,0.5,True,42
batch_size,32,26,26,13,0.6105635534181739,0.7836717208226521,0.001,64,2,0.3,False,32,75,0.0,0.1,10,5,0.5,True,42
batch_size,32,26,26,14,0.5973734887260379,0.8263196150461832,0.001,64,2,0.3,False,32,75,0.0,0.1,10,5,0.5,True,42
batch_size,32,27,27,1,0.6942264997597897,0.6929581165313721,0.001,64,2,0.3,False,32,75,0.0,0.1,10,5,0.5,True,42
batch_size,32,27,27,2,0.6931668542551271,0.6932743151982625,0.001,64,2,0.3,False,32,75,0.0,0.1,10,5,0.5,True,42
batch_size,32,27,27,3,0.690845968596863,0.6927678902943929,0.001,64,2,0.3,False,32,75,0.0,0.1,10,5,0.5,True,42
batch_size,32,27,27,4,0.6898825033144518,0.6945343176523845,0.001,64,2,0.3,False,32,75,0.0,0.1,10,5,0.5,True,42
batch_size,32,27,27,5,0.685665207378792,0.7004835486412049,0.001,64,2,0.3,False,32,75,0.0,0.1,10,5,0.5,True,42
batch_size,32,27,27,6,0.682291616544579,0.7026674946149191,0.001,64,2,0.3,False,32,75,0.0,0.1,10,5,0.5,True,42
batch_size,32,27,27,7,0.6802610673687675,0.7063315788904826,0.001,64,2,0.3,False,32,75,0.0,0.1,10,5,0.5,True,42
batch_size,32,27,27,8,0.6753635185234474,0.7066793600718181,0.001,64,2,0.3,False,32,75,0.0,0.1,10,5,0.5,True,42
batch_size,32,27,27,9,0.6655050371632432,0.7333856622378031,0.001,64,2,0.3,False,32,75,0.0,0.1,10,5,0.5,True,42
batch_size,32,27,27,10,0.6521522425340883,0.7427629311879476,0.001,64,2,0.3,False,32,75,0.0,0.1,10,5,0.5,True,42
batch_size,32,27,27,11,0.6461614988970034,0.7508264382680258,0.001,64,2,0.3,False,32,75,0.0,0.1,10,5,0.5,True,42
batch_size,32,27,27,12,0.6382290210687753,0.7878321369489034,0.001,64,2,0.3,False,32,75,0.0,0.1,10,5,0.5,True,42
batch_size,32,27,27,13,0.6291069318399285,0.7713883916536967,0.001,64,2,0.3,False,32,75,0.0,0.1,10,5,0.5,True,42
batch_size,32,28,28,1,0.6941998068130377,0.6930296977361043,0.001,64,2,0.3,False,32,75,0.0,0.1,10,5,0.5,True,42
batch_size,32,28,28,2,0.6925860973018588,0.6930906017621358,0.001,64,2,0.3,False,32,75,0.0,0.1,10,5,0.5,True,42
batch_size,32,28,28,3,0.6911931457844648,0.6913719216982523,0.001,64,2,0.3,False,32,75,0.0,0.1,10,5,0.5,True,42
batch_size,32,28,28,4,0.6885638742735891,0.6998719811439514,0.001,64,2,0.3,False,32,75,0.0,0.1,10,5,0.5,True,42
batch_size,32,28,28,5,0.6870615166245084,0.6935356855392456,0.001,64,2,0.3,False,32,75,0.0,0.1,10,5,0.5,True,42
batch_size,32,28,28,6,0.683795152740045,0.7094888011614482,0.001,64,2,0.3,False,32,75,0.0,0.1,10,5,0.5,True,42
batch_size,32,28,28,7,0.6805539952986168,0.6960635264714559,0.001,64,2,0.3,False,32,75,0.0,0.1,10,5,0.5,True,42
batch_size,32,28,28,8,0.6718915619633414,0.708457080523173,0.001,64,2,0.3,False,32,75,0.0,0.1,10,5,0.5,True,42
batch_size,32,28,28,9,0.6666707839026595,0.7163812398910523,0.001,64,2,0.3,False,32,75,0.0,0.1,10,5,0.5,True,42
batch_size,32,28,28,10,0.6560340541781802,0.7388985395431519,0.001,64,2,0.3,False,32,75,0.0,0.1,10,5,0.5,True,42
batch_size,32,28,28,11,0.6413594818476475,0.7523876428604126,0.001,64,2,0.3,False,32,75,0.0,0.1,10,5,0.5,True,42
batch_size,32,28,28,12,0.6361780385627891,0.7847251733144124,0.001,64,2,0.3,False,32,75,0.0,0.1,10,5,0.5,True,42
batch_size,32,28,28,13,0.6262359409169718,0.7632892608642579,0.001,64,2,0.3,False,32,75,0.0,0.1,10,5,0.5,True,42
batch_size,32,29,29,1,0.694720570788239,0.6924916267395019,0.001,64,2,0.3,False,32,75,0.0,0.1,10,5,0.5,True,42
batch_size,32,29,29,2,0.6928106600588019,0.6916775941848755,0.001,64,2,0.3,False,32,75,0.0,0.1,10,5,0.5,True,42
batch_size,32,29,29,3,0.6915254750938127,0.6913346171379089,0.001,64,2,0.3,False,32,75,0.0,0.1,10,5,0.5,True,42
batch_size,32,29,29,4,0.6903109351793925,0.6954488436381022,0.001,64,2,0.3,False,32,75,0.0,0.1,10,5,0.5,True,42
batch_size,32,29,29,5,0.6882912959113265,0.6967071612675985,0.001,64,2,0.3,False,32,75,0.0,0.1,10,5,0.5,True,42
batch_size,32,29,29,6,0.6834920834411274,0.7001046180725098,0.001,64,2,0.3,False,32,75,0.0,0.1,10,5,0.5,True,42
batch_size,32,29,29,7,0.6781927166563092,0.7057492136955261,0.001,64,2,0.3,False,32,75,0.0,0.1,10,5,0.5,True,42
batch_size,32,29,29,8,0.6708452466762427,0.7232604424158732,0.001,64,2,0.3,False,32,75,0.0,0.1,10,5,0.5,True,42
batch_size,32,29,29,9,0.6634350730614229,0.7318116068840027,0.001,64,2,0.3,False,32,75,0.0,0.1,10,5,0.5,True,42
batch_size,32,29,29,10,0.6478796809008627,0.730838934580485,0.001,64,2,0.3,False,32,75,0.0,0.1,10,5,0.5,True,42
batch_size,32,29,29,11,0.635489963898153,0.7494648536046346,0.001,64,2,0.3,False,32,75,0.0,0.1,10,5,0.5,True,42
batch_size,32,29,29,12,0.6277021896658521,0.7571891824404399,0.001,64,2,0.3,False,32,75,0.0,0.1,10,5,0.5,True,42
batch_size,32,29,29,13,0.6154141277074814,0.799512509504954,0.001,64,2,0.3,False,32,75,0.0,0.1,10,5,0.5,True,42
batch_size,32,30,30,1,0.6944481604027025,0.6936811566352844,0.001,64,2,0.3,False,32,75,0.0,0.1,10,5,0.5,True,42
batch_size,32,30,30,2,0.6930714854688356,0.6932414491971334,0.001,64,2,0.3,False,32,75,0.0,0.1,10,5,0.5,True,42
batch_size,32,30,30,3,0.6919986574035702,0.6925320108731587,0.001,64,2,0.3,False,32,75,0.0,0.1,10,5,0.5,True,42
batch_size,32,30,30,4,0.6896299358570215,0.6946149945259095,0.001,64,2,0.3,False,32,75,0.0,0.1,10,5,0.5,True,42
batch_size,32,30,30,5,0.686273687265136,0.6997486829757691,0.001,64,2,0.3,False,32,75,0.0,0.1,10,5,0.5,True,42
batch_size,32,30,30,6,0.682378965345296,0.6977841655413309,0.001,64,2,0.3,False,32,75,0.0,0.1,10,5,0.5,True,42
batch_size,32,30,30,7,0.6797059205445376,0.7048394759496053,0.001,64,2,0.3,False,32,75,0.0,0.1,10,5,0.5,True,42
batch_size,32,30,30,8,0.6708470781644186,0.7587656776110331,0.001,64,2,0.3,False,32,75,0.0,0.1,10,5,0.5,True,42
batch_size,32,30,30,9,0.6679696440696716,0.707740581035614,0.001,64,2,0.3,False,32,75,0.0,0.1,10,5,0.5,True,42
batch_size,32,30,30,10,0.6498200577316862,0.749573290348053,0.001,64,2,0.3,False,32,75,0.0,0.1,10,5,0.5,True,42
batch_size,32,30,30,11,0.6440233114090833,0.7516393343607585,0.001,64,2,0.3,False,32,75,0.0,0.1,10,5,0.5,True,42
batch_size,32,30,30,12,0.6334000076308395,0.7714039802551269,0.001,64,2,0.3,False,32,75,0.0,0.1,10,5,0.5,True,42
batch_size,32,30,30,13,0.6271898782614506,0.8154793858528138,0.001,64,2,0.3,False,32,75,0.0,0.1,10,5,0.5,True,42
batch_size,32,31,31,1,0.6934133591977033,0.6940995335578919,0.001,64,2,0.3,False,32,75,0.0,0.1,10,5,0.5,True,42
batch_size,32,31,31,2,0.6932016186641924,0.6934288462003072,0.001,64,2,0.3,False,32,75,0.0,0.1,10,5,0.5,True,42
batch_size,32,31,31,3,0.6912881727471496,0.6915035565694173,0.001,64,2,0.3,False,32,75,0.0,0.1,10,5,0.5,True,42
batch_size,32,31,31,4,0.6893392701943716,0.6956466158231099,0.001,64,2,0.3,False,32,75,0.0,0.1,10,5,0.5,True,42
batch_size,32,31,31,5,0.6876996222770575,0.6904664874076843,0.001,64,2,0.3,False,32,75,0.0,0.1,10,5,0.5,True,42
batch_size,32,31,31,6,0.684746736829931,0.6916324615478515,0.001,64,2,0.3,False,32,75,0.0,0.1,10,5,0.5,True,42
batch_size,32,31,31,7,0.6784021854400635,0.7145287712415059,0.001,64,2,0.3,False,32,75,0.0,0.1,10,5,0.5,True,42
batch_size,32,31,31,8,0.6766605435898809,0.6987956484158834,0.001,64,2,0.3,False,32,75,0.0,0.1,10,5,0.5,True,42
batch_size,32,31,31,9,0.6677077096520048,0.7094846328099569,0.001,64,2,0.3,False,32,75,0.0,0.1,10,5,0.5,True,42
batch_size,32,31,31,10,0.6621374316287764,0.7140319228172303,0.001,64,2,0.3,False,32,75,0.0,0.1,10,5,0.5,True,42
batch_size,32,31,31,11,0.6520264491890416,0.7290942668914795,0.001,64,2,0.3,False,32,75,0.0,0.1,10,5,0.5,True,42
batch_size,32,31,31,12,0.6320212230537877,0.746759561697642,0.001,64,2,0.3,False,32,75,0.0,0.1,10,5,0.5,True,42
batch_size,32,31,31,13,0.6168141721776037,0.7635364532470703,0.001,64,2,0.3,False,32,75,0.0,0.1,10,5,0.5,True,42
batch_size,32,31,31,14,0.6052064717267499,0.7846075137456258,0.001,64,2,0.3,False,32,75,0.0,0.1,10,5,0.5,True,42
batch_size,32,31,31,15,0.5969943435806216,0.817602292696635,0.001,64,2,0.3,False,32,75,0.0,0.1,10,5,0.5,True,42
batch_size,32,32,32,1,0.6942327609567931,0.6929929494857788,0.001,64,2,0.3,False,32,75,0.0,0.1,10,5,0.5,True,42
batch_size,32,32,32,2,0.6928955203655994,0.6923530419667562,0.001,64,2,0.3,False,32,75,0.0,0.1,10,5,0.5,True,42
batch_size,32,32,32,3,0.6913204753037655,0.6919857382774353,0.001,64,2,0.3,False,32,75,0.0,0.1,10,5,0.5,True,42
batch_size,32,32,32,4,0.689366465716651,0.6927797794342041,0.001,64,2,0.3,False,32,75,0.0,0.1,10,5,0.5,True,42
batch_size,32,32,32,5,0.6863354765104525,0.699594525496165,0.001,64,2,0.3,False,32,75,0.0,0.1,10,5,0.5,True,42
batch_size,32,32,32,6,0.6830834348996481,0.6966312289237976,0.001,64,2,0.3,False,32,75,0.0,0.1,10,5,0.5,True,42
batch_size,32,32,32,7,0.677133477546952,0.7019474466641744,0.001,64,2,0.3,False,32,75,0.0,0.1,10,5,0.5,True,42
batch_size,32,32,32,8,0.6696557402610779,0.7063843727111816,0.001,64,2,0.3,False,32,75,0.0,0.1,10,5,0.5,True,42
batch_size,32,32,32,9,0.660579322865515,0.710812517007192,0.001,64,2,0.3,False,32,75,0.0,0.1,10,5,0.5,True,42
batch_size,32,32,32,10,0.6428020783897602,0.7478442788124084,0.001,64,2,0.3,False,32,75,0.0,0.1,10,5,0.5,True,42
batch_size,32,32,32,11,0.6323718080917994,0.7409612496693929,0.001,64,2,0.3,False,32,75,0.0,0.1,10,5,0.5,True,42
batch_size,32,32,32,12,0.6186146180738102,0.7628025730450948,0.001,64,2,0.3,False,32,75,0.0,0.1,10,5,0.5,True,42
batch_size,32,32,32,13,0.6061462732878599,0.7801461140314738,0.001,64,2,0.3,False,32,75,0.0,0.1,10,5,0.5,True,42
batch_size,32,33,33,1,0.6938948717081186,0.6921839197476705,0.001,64,2,0.3,False,32,75,0.0,0.1,10,5,0.5,True,42
batch_size,32,33,33,2,0.6929069089167046,0.6924953937530518,0.001,64,2,0.3,False,32,75,0.0,0.1,10,5,0.5,True,42
batch_size,32,33,33,3,0.6912489781777064,0.6948070923487345,0.001,64,2,0.3,False,32,75,0.0,0.1,10,5,0.5,True,42
batch_size,32,33,33,4,0.6891758491595587,0.6947844306627909,0.001,64,2,0.3,False,32,75,0.0,0.1,10,5,0.5,True,42
batch_size,32,33,33,5,0.6862264654853127,0.7060189127922059,0.001,64,2,0.3,False,32,75,0.0,0.1,10,5,0.5,True,42
batch_size,32,33,33,6,0.6829859257647486,0.7022959311803182,0.001,64,2,0.3,False,32,75,0.0,0.1,10,5,0.5,True,42
batch_size,32,33,33,7,0.6758931694608746,0.7132607142130534,0.001,64,2,0.3,False,32,75,0.0,0.1,10,5,0.5,True,42
batch_size,32,33,33,8,0.6641951284625314,0.7247164726257325,0.001,64,2,0.3,False,32,75,0.0,0.1,10,5,0.5,True,42
batch_size,32,33,33,9,0.6546439993562121,0.744003681341807,0.001,64,2,0.3,False,32,75,0.0,0.1,10,5,0.5,True,42
batch_size,32,33,33,10,0.6487727363904318,0.7419936776161193,0.001,64,2,0.3,False,32,75,0.0,0.1,10,5,0.5,True,42
batch_size,32,33,33,11,0.6411991783163764,0.7600574056307475,0.001,64,2,0.3,False,32,75,0.0,0.1,10,5,0.5,True,42
batch_size,32,34,34,1,0.6947505004478224,0.6916813135147095,0.001,64,2,0.3,False,32,75,0.0,0.1,10,5,0.5,True,42
batch_size,32,34,34,2,0.6932661786223903,0.6909456849098206,0.001,64,2,0.3,False,32,75,0.0,0.1,10,5,0.5,True,42
batch_size,32,34,34,3,0.6916638508890615,0.6930920441945394,0.001,64,2,0.3,False,32,75,0.0,0.1,10,5,0.5,True,42
batch_size,32,34,34,4,0.6903229708021338,0.6895786643028259,0.001,64,2,0.3,False,32,75,0.0,0.1,10,5,0.5,True,42
batch_size,32,34,34,5,0.6862118939558665,0.6904094020525614,0.001,64,2,0.3,False,32,75,0.0,0.1,10,5,0.5,True,42
batch_size,32,34,34,6,0.6823986746145018,0.6930964628855387,0.001,64,2,0.3,False,32,75,0.0,0.1,10,5,0.5,True,42
batch_size,32,34,34,7,0.67525179503542,0.7021922866503397,0.001,64,2,0.3,False,32,75,0.0,0.1,10,5,0.5,True,42
batch_size,32,34,34,8,0.6683997150623437,0.7148338715235393,0.001,64,2,0.3,False,32,75,0.0,0.1,10,5,0.5,True,42
batch_size,32,34,34,9,0.6597130483750141,0.7113458395004273,0.001,64,2,0.3,False,32,75,0.0,0.1,10,5,0.5,True,42
batch_size,32,34,34,10,0.6519281999631361,0.7210496664047241,0.001,64,2,0.3,False,32,75,0.0,0.1,10,5,0.5,True,42
batch_size,32,34,34,11,0.6330823771881334,0.7411623915036519,0.001,64,2,0.3,False,32,75,0.0,0.1,10,5,0.5,True,42
batch_size,32,34,34,12,0.6196148054617824,0.7332258184750875,0.001,64,2,0.3,False,32,75,0.0,0.1,10,5,0.5,True,42
batch_size,32,34,34,13,0.6111814666426543,0.7704546650250753,0.001,64,2,0.3,False,32,75,0.0,0.1,10,5,0.5,True,42
batch_size,32,34,34,14,0.5999212628512671,0.7869962334632874,0.001,64,2,0.3,False,32,75,0.0,0.1,10,5,0.5,True,42
batch_size,32,35,35,1,0.6931854310360822,0.6936305244763692,0.001,64,2,0.3,False,32,75,0.0,0.1,10,5,0.5,True,42
batch_size,32,35,35,2,0.6931325951308915,0.6929611643155416,0.001,64,2,0.3,False,32,75,0.0,0.1,10,5,0.5,True,42
batch_size,32,35,35,3,0.6914210762038375,0.6919493754704793,0.001,64,2,0.3,False,32,75,0.0,0.1,10,5,0.5,True,42
batch_size,32,35,35,4,0.6902054417313952,0.6932303786277771,0.001,64,2,0.3,False,32,75,0.0,0.1,10,5,0.5,True,42
batch_size,32,35,35,5,0.6873611270478277,0.6908944408098857,0.001,64,2,0.3,False,32,75,0.0,0.1,10,5,0.5,True,42
batch_size,32,35,35,6,0.6852622655304995,0.6969566464424133,0.001,64,2,0.3,False,32,75,0.0,0.1,10,5,0.5,True,42
batch_size,32,35,35,7,0.6776497056989959,0.7059923887252808,0.001,64,2,0.3,False,32,75,0.0,0.1,10,5,0.5,True,42
batch_size,32,35,35,8,0.6724584477417397,0.698624312877655,0.001,64,2,0.3,False,32,75,0.0,0.1,10,5,0.5,True,42
batch_size,32,35,35,9,0.666862505403432,0.7085877696673075,0.001,64,2,0.3,False,32,75,0.0,0.1,10,5,0.5,True,42
batch_size,32,35,35,10,0.659157834721334,0.7509364366531373,0.001,64,2,0.3,False,32,75,0.0,0.1,10,5,0.5,True,42
batch_size,32,35,35,11,0.6508353343515685,0.7361907998720805,0.001,64,2,0.3,False,32,75,0.0,0.1,10,5,0.5,True,42
batch_size,32,35,35,12,0.6263002830021309,0.7790144284566244,0.001,64,2,0.3,False,32,75,0.0,0.1,10,5,0.5,True,42
batch_size,32,35,35,13,0.6161631476698499,0.795395040512085,0.001,64,2,0.3,False,32,75,0.0,0.1,10,5,0.5,True,42
batch_size,32,35,35,14,0.6020782772790302,0.8220727562904357,0.001,64,2,0.3,False,32,75,0.0,0.1,10,5,0.5,True,42
batch_size,32,35,35,15,0.5881388593803752,0.8602898875872295,0.001,64,2,0.3,False,32,75,0.0,0.1,10,5,0.5,True,42
batch_size,32,36,36,1,0.6938773610375144,0.6937367002169291,0.001,64,2,0.3,False,32,75,0.0,0.1,10,5,0.5,True,42
batch_size,32,36,36,2,0.6927857290614735,0.6919235269228617,0.001,64,2,0.3,False,32,75,0.0,0.1,10,5,0.5,True,42
batch_size,32,36,36,3,0.6918104534799402,0.692024827003479,0.001,64,2,0.3,False,32,75,0.0,0.1,10,5,0.5,True,42
batch_size,32,36,36,4,0.689603101123463,0.691357147693634,0.001,64,2,0.3,False,32,75,0.0,0.1,10,5,0.5,True,42
batch_size,32,36,36,5,0.6881480867212469,0.6930678367614747,0.001,64,2,0.3,False,32,75,0.0,0.1,10,5,0.5,True,42
batch_size,32,36,36,6,0.6856668708902417,0.7057141343752543,0.001,64,2,0.3,False,32,75,0.0,0.1,10,5,0.5,True,42
batch_size,32,36,36,7,0.6811023643522551,0.7103598316510519,0.001,64,2,0.3,False,32,75,0.0,0.1,10,5,0.5,True,42
batch_size,32,36,36,8,0.6741835276285807,0.7087224125862122,0.001,64,2,0.3,False,32,75,0.0,0.1,10,5,0.5,True,42
batch_size,32,36,36,9,0.668353697567275,0.7172369798024495,0.001,64,2,0.3,False,32,75,0.0,0.1,10,5,0.5,True,42
batch_size,32,36,36,10,0.6575406207279726,0.725091548760732,0.001,64,2,0.3,False,32,75,0.0,0.1,10,5,0.5,True,42
batch_size,32,36,36,11,0.6374437244552554,0.7493825753529867,0.001,64,2,0.3,False,32,75,0.0,0.1,10,5,0.5,True,42
batch_size,32,36,36,12,0.6216326008240382,0.7857102791468302,0.001,64,2,0.3,False,32,75,0.0,0.1,10,5,0.5,True,42
batch_size,32,36,36,13,0.6096183454448526,0.795399542649587,0.001,64,2,0.3,False,32,75,0.0,0.1,10,5,0.5,True,42
batch_size,32,36,36,14,0.593965310942043,0.8297956069310506,0.001,64,2,0.3,False,32,75,0.0,0.1,10,5,0.5,True,42
batch_size,32,37,37,1,0.6942327754064039,0.6917261918385823,0.001,64,2,0.3,False,32,75,0.0,0.1,10,5,0.5,True,42
batch_size,32,37,37,2,0.692743533488476,0.6917854428291321,0.001,64,2,0.3,False,32,75,0.0,0.1,10,5,0.5,True,42
batch_size,32,37,37,3,0.6910977747404214,0.6930058836936951,0.001,64,2,0.3,False,32,75,0.0,0.1,10,5,0.5,True,42
batch_size,32,37,37,4,0.6900616992603649,0.6931783040364583,0.001,64,2,0.3,False,32,75,0.0,0.1,10,5,0.5,True,42
batch_size,32,37,37,5,0.6874263729109908,0.6976919174194336,0.001,64,2,0.3,False,32,75,0.0,0.1,10,5,0.5,True,42
batch_size,32,37,37,6,0.683046862934575,0.7006965001424154,0.001,64,2,0.3,False,32,75,0.0,0.1,10,5,0.5,True,42
batch_size,32,37,37,7,0.677266365199378,0.7057170589764913,0.001,64,2,0.3,False,32,75,0.0,0.1,10,5,0.5,True,42
batch_size,32,37,37,8,0.6659458952419686,0.7209278861681621,0.001,64,2,0.3,False,32,75,0.0,0.1,10,5,0.5,True,42
batch_size,32,37,37,9,0.6583105781764695,0.7258979082107544,0.001,64,2,0.3,False,32,75,0.0,0.1,10,5,0.5,True,42
batch_size,32,37,37,10,0.6513457754344651,0.7377739747365316,0.001,64,2,0.3,False,32,75,0.0,0.1,10,5,0.5,True,42
batch_size,32,37,37,11,0.6450627969973015,0.7580425381660462,0.001,64,2,0.3,False,32,75,0.0,0.1,10,5,0.5,True,42
batch_size,32,38,38,1,0.694173895499923,0.6915625333786011,0.001,64,2,0.3,False,32,75,0.0,0.1,10,5,0.5,True,42
batch_size,32,38,38,2,0.69303754604224,0.6910134553909302,0.001,64,2,0.3,False,32,75,0.0,0.1,10,5,0.5,True,42
batch_size,32,38,38,3,0.6917223000165188,0.693255078792572,0.001,64,2,0.3,False,32,75,0.0,0.1,10,5,0.5,True,42
batch_size,32,38,38,4,0.6886442705537333,0.6933204849561055,0.001,64,2,0.3,False,32,75,0.0,0.1,10,5,0.5,True,42
batch_size,32,38,38,5,0.6840011418768854,0.6952451149622599,0.001,64,2,0.3,False,32,75,0.0,0.1,10,5,0.5,True,42
batch_size,32,38,38,6,0.6795000971266718,0.699681814511617,0.001,64,2,0.3,False,32,75,0.0,0.1,10,5,0.5,True,42
batch_size,32,38,38,7,0.6748854698556842,0.7054977695147197,0.001,64,2,0.3,False,32,75,0.0,0.1,10,5,0.5,True,42
batch_size,32,38,38,8,0.6666526071953051,0.7131739258766174,0.001,64,2,0.3,False,32,75,0.0,0.1,10,5,0.5,True,42
batch_size,32,38,38,9,0.6507077217102051,0.7247890353202819,0.001,64,2,0.3,False,32,75,0.0,0.1,10,5,0.5,True,42
batch_size,32,38,38,10,0.64059532772411,0.7697191834449768,0.001,64,2,0.3,False,32,75,0.0,0.1,10,5,0.5,True,42
batch_size,32,38,38,11,0.6324407119642604,0.765465497970581,0.001,64,2,0.3,False,32,75,0.0,0.1,10,5,0.5,True,42
batch_size,32,38,38,12,0.6197095262733373,0.7674534757932027,0.001,64,2,0.3,False,32,75,0.0,0.1,10,5,0.5,True,42
batch_size,32,39,39,1,0.6936383996949052,0.6914121985435486,0.001,64,2,0.3,False,32,75,0.0,0.1,10,5,0.5,True,42
batch_size,32,39,39,2,0.6929455589164387,0.6918859918912251,0.001,64,2,0.3,False,32,75,0.0,0.1,10,5,0.5,True,42
batch_size,32,39,39,3,0.6918027581590594,0.6935305595397949,0.001,64,2,0.3,False,32,75,0.0,0.1,10,5,0.5,True,42
batch_size,32,39,39,4,0.6894110874696211,0.6901387174924215,0.001,64,2,0.3,False,32,75,0.0,0.1,10,5,0.5,True,42
batch_size,32,39,39,5,0.687132713469592,0.6950579881668091,0.001,64,2,0.3,False,32,75,0.0,0.1,10,5,0.5,True,42
batch_size,32,39,39,6,0.681409275893009,0.6975781400998433,0.001,64,2,0.3,False,32,75,0.0,0.1,10,5,0.5,True,42
batch_size,32,39,39,7,0.677962370894172,0.707365338007609,0.001,64,2,0.3,False,32,75,0.0,0.1,10,5,0.5,True,42
batch_size,32,39,39,8,0.6698844536687388,0.7251622358957927,0.001,64,2,0.3,False,32,75,0.0,0.1,10,5,0.5,True,42
batch_size,32,39,39,9,0.6903876644192319,0.6985919753710429,0.001,64,2,0.3,False,32,75,0.0,0.1,10,5,0.5,True,42
batch_size,32,39,39,10,0.6874670399860903,0.6943945527076721,0.001,64,2,0.3,False,32,75,0.0,0.1,10,5,0.5,True,42
batch_size,32,39,39,11,0.6800212516929164,0.7020613352457682,0.001,64,2,0.3,False,32,75,0.0,0.1,10,5,0.5,True,42
batch_size,32,39,39,12,0.6705821102315729,0.7125130454699199,0.001,64,2,0.3,False,32,75,0.0,0.1,10,5,0.5,True,42
batch_size,32,39,39,13,0.65823169233221,0.735870627562205,0.001,64,2,0.3,False,32,75,0.0,0.1,10,5,0.5,True,42
batch_size,32,39,39,14,0.6533847916306872,0.7449187318483989,0.001,64,2,0.3,False,32,75,0.0,0.1,10,5,0.5,True,42
batch_size,32,40,40,1,0.6935644280729871,0.6912390947341919,0.001,64,2,0.3,False,32,75,0.0,0.1,10,5,0.5,True,42
batch_size,32,40,40,2,0.6933036013083025,0.6911426822344462,0.001,64,2,0.3,False,32,75,0.0,0.1,10,5,0.5,True,42
batch_size,32,40,40,3,0.6920136732585502,0.69034477074941,0.001,64,2,0.3,False,32,75,0.0,0.1,10,5,0.5,True,42
batch_size,32,40,40,4,0.6898393481969833,0.6899460832277934,0.001,64,2,0.3,False,32,75,0.0,0.1,10,5,0.5,True,42
batch_size,32,40,40,5,0.6870673343990789,0.6945743123690288,0.001,64,2,0.3,False,32,75,0.0,0.1,10,5,0.5,True,42
batch_size,32,40,40,6,0.6849970338922559,0.7019891619682312,0.001,64,2,0.3,False,32,75,0.0,0.1,10,5,0.5,True,42
batch_size,32,40,40,7,0.6795426566492427,0.6930550694465637,0.001,64,2,0.3,False,32,75,0.0,0.1,10,5,0.5,True,42
batch_size,32,40,40,8,0.6741989178187919,0.7109866182009379,0.001,64,2,0.3,False,32,75,0.0,0.1,10,5,0.5,True,42
batch_size,32,40,40,9,0.6684651257413806,0.7318961381912231,0.001,64,2,0.3,False,32,75,0.0,0.1,10,5,0.5,True,42
batch_size,32,40,40,10,0.6637092553304903,0.6982427676518758,0.001,64,2,0.3,False,32,75,0.0,0.1,10,5,0.5,True,42
batch_size,32,40,40,11,0.6437871781262484,0.7366156180699667,0.001,64,2,0.3,False,32,75,0.0,0.1,10,5,0.5,True,42
batch_size,32,40,40,12,0.6312472495165738,0.7623475154240926,0.001,64,2,0.3,False,32,75,0.0,0.1,10,5,0.5,True,42
batch_size,32,40,40,13,0.6197616243452737,0.7380181550979614,0.001,64,2,0.3,False,32,75,0.0,0.1,10,5,0.5,True,42
batch_size,32,40,40,14,0.6068856181068853,0.7735644976298014,0.001,64,2,0.3,False,32,75,0.0,0.1,10,5,0.5,True,42
batch_size,32,41,41,1,0.6940422568357352,0.6932633479436239,0.001,64,2,0.3,False,32,75,0.0,0.1,10,5,0.5,True,42
batch_size,32,41,41,2,0.6932783370668237,0.6923157652219136,0.001,64,2,0.3,False,32,75,0.0,0.1,10,5,0.5,True,42
batch_size,32,41,41,3,0.6922687034715306,0.6915298302968343,0.001,64,2,0.3,False,32,75,0.0,0.1,10,5,0.5,True,42
batch_size,32,41,41,4,0.690315304832025,0.6899585286776225,0.001,64,2,0.3,False,32,75,0.0,0.1,10,5,0.5,True,42
batch_size,32,41,41,5,0.6885043269757068,0.6882347663243612,0.001,64,2,0.3,False,32,75,0.0,0.1,10,5,0.5,True,42
batch_size,32,41,41,6,0.6841602799567309,0.690831462542216,0.001,64,2,0.3,False,32,75,0.0,0.1,10,5,0.5,True,42
batch_size,32,41,41,7,0.6788122121131781,0.6998656670252482,0.001,64,2,0.3,False,32,75,0.0,0.1,10,5,0.5,True,42
batch_size,32,41,41,8,0.6754825711250305,0.6983747124671936,0.001,64,2,0.3,False,32,75,0.0,0.1,10,5,0.5,True,42
batch_size,32,41,41,9,0.6684657669428623,0.7258283217748006,0.001,64,2,0.3,False,32,75,0.0,0.1,10,5,0.5,True,42
batch_size,32,41,41,10,0.6574601905815529,0.7297252694765727,0.001,64,2,0.3,False,32,75,0.0,0.1,10,5,0.5,True,42
batch_size,32,41,41,11,0.6547039273110303,0.7471269925435384,0.001,64,2,0.3,False,32,75,0.0,0.1,10,5,0.5,True,42
batch_size,32,41,41,12,0.6263040089697549,0.7885383566220602,0.001,64,2,0.3,False,32,75,0.0,0.1,10,5,0.5,True,42
batch_size,32,41,41,13,0.6163855587894266,0.8329857031504313,0.001,64,2,0.3,False,32,75,0.0,0.1,10,5,0.5,True,42
batch_size,32,41,41,14,0.6051958560040502,0.8748007734616597,0.001,64,2,0.3,False,32,75,0.0,0.1,10,5,0.5,True,42
batch_size,32,41,41,15,0.5911989223324892,0.855791183312734,0.001,64,2,0.3,False,32,75,0.0,0.1,10,5,0.5,True,42
batch_size,32,42,42,1,0.6937859853108724,0.693939737478892,0.001,64,2,0.3,False,32,75,0.0,0.1,10,5,0.5,True,42
batch_size,32,42,42,2,0.6926651366732337,0.6944242199261983,0.001,64,2,0.3,False,32,75,0.0,0.1,10,5,0.5,True,42
batch_size,32,42,42,3,0.6914277505694013,0.6914769093195597,0.001,64,2,0.3,False,32,75,0.0,0.1,10,5,0.5,True,42
batch_size,32,42,42,4,0.6899322406812147,0.6957395315170288,0.001,64,2,0.3,False,32,75,0.0,0.1,10,5,0.5,True,42
batch_size,32,42,42,5,0.6876495191545198,0.6905540704727173,0.001,64,2,0.3,False,32,75,0.0,0.1,10,5,0.5,True,42
batch_size,32,42,42,6,0.6834059389251651,0.6947722832361857,0.001,64,2,0.3,False,32,75,0.0,0.1,10,5,0.5,True,42
batch_size,32,42,42,7,0.6790990648847638,0.7011378169059753,0.001,64,2,0.3,False,32,75,0.0,0.1,10,5,0.5,True,42
batch_size,32,42,42,8,0.670091142708605,0.7049840768178304,0.001,64,2,0.3,False,32,75,0.0,0.1,10,5,0.5,True,42
batch_size,32,42,42,9,0.6673798845572905,0.715324878692627,0.001,64,2,0.3,False,32,75,0.0,0.1,10,5,0.5,True,42
batch_size,32,42,42,10,0.6618757369843397,0.7201349973678589,0.001,64,2,0.3,False,32,75,0.0,0.1,10,5,0.5,True,42
batch_size,32,42,42,11,0.6493666718403498,0.7169187823931377,0.001,64,2,0.3,False,32,75,0.0,0.1,10,5,0.5,True,42
batch_size,32,42,42,12,0.6326176253232089,0.7564332445462545,0.001,64,2,0.3,False,32,75,0.0,0.1,10,5,0.5,True,42
batch_size,32,42,42,13,0.6160397859233798,0.7660669008890788,0.001,64,2,0.3,False,32,75,0.0,0.1,10,5,0.5,True,42
batch_size,32,42,42,14,0.6035185600772048,0.7960095961888631,0.001,64,2,0.3,False,32,75,0.0,0.1,10,5,0.5,True,42
batch_size,32,42,42,15,0.593163593926213,0.7884221553802491,0.001,64,2,0.3,False,32,75,0.0,0.1,10,5,0.5,True,42
batch_size,32,43,43,1,0.6936355937610973,0.6931885242462158,0.001,64,2,0.3,False,32,75,0.0,0.1,10,5,0.5,True,42
batch_size,32,43,43,2,0.6930285985722686,0.6919031341870626,0.001,64,2,0.3,False,32,75,0.0,0.1,10,5,0.5,True,42
batch_size,32,43,43,3,0.6917456523938612,0.6936721165974935,0.001,64,2,0.3,False,32,75,0.0,0.1,10,5,0.5,True,42
batch_size,32,43,43,4,0.6903963919841882,0.6928898175557454,0.001,64,2,0.3,False,32,75,0.0,0.1,10,5,0.5,True,42
batch_size,32,43,43,5,0.6849541853774678,0.6974959929784139,0.001,64,2,0.3,False,32,75,0.0,0.1,10,5,0.5,True,42
batch_size,32,43,43,6,0.6831823095227733,0.7014289736747742,0.001,64,2,0.3,False,32,75,0.0,0.1,10,5,0.5,True,42
batch_size,32,43,43,7,0.6756419390439987,0.7088498671849569,0.001,64,2,0.3,False,32,75,0.0,0.1,10,5,0.5,True,42
batch_size,32,43,43,8,0.672375657341697,0.7162389953931173,0.001,64,2,0.3,False,32,75,0.0,0.1,10,5,0.5,True,42
batch_size,32,43,43,9,0.656670482321219,0.7456680099169414,0.001,64,2,0.3,False,32,75,0.0,0.1,10,5,0.5,True,42
batch_size,32,43,43,10,0.6488135037097064,0.7446787476539611,0.001,64,2,0.3,False,32,75,0.0,0.1,10,5,0.5,True,42
batch_size,32,43,43,11,0.6427636629704273,0.7528818647066752,0.001,64,2,0.3,False,32,75,0.0,0.1,10,5,0.5,True,42
batch_size,32,43,43,12,0.6331149788968491,0.794292672475179,0.001,64,2,0.3,False,32,75,0.0,0.1,10,5,0.5,True,42
batch_size,32,44,44,1,0.6937649349371592,0.6927839517593384,0.001,64,2,0.3,False,32,75,0.0,0.1,10,5,0.5,True,42
batch_size,32,44,44,2,0.692770447694894,0.6924628019332886,0.001,64,2,0.3,False,32,75,0.0,0.1,10,5,0.5,True,42
batch_size,32,44,44,3,0.6911258173711372,0.6962409218152364,0.001,64,2,0.3,False,32,75,0.0,0.1,10,5,0.5,True,42
batch_size,32,44,44,4,0.6884818095149416,0.6991448918978374,0.001,64,2,0.3,False,32,75,0.0,0.1,10,5,0.5,True,42
batch_size,32,44,44,5,0.6864068133361412,0.6947432398796082,0.001,64,2,0.3,False,32,75,0.0,0.1,10,5,0.5,True,42
batch_size,32,44,44,6,0.6816179535605691,0.7118445595105489,0.001,64,2,0.3,False,32,75,0.0,0.1,10,5,0.5,True,42
batch_size,32,44,44,7,0.678128084450057,0.7028020461400349,0.001,64,2,0.3,False,32,75,0.0,0.1,10,5,0.5,True,42
batch_size,32,44,44,8,0.6703067647688317,0.7131950616836548,0.001,64,2,0.3,False,32,75,0.0,0.1,10,5,0.5,True,42
batch_size,32,44,44,9,0.6528637278260607,0.7384448568026225,0.001,64,2,0.3,False,32,75,0.0,0.1,10,5,0.5,True,42
batch_size,32,44,44,10,0.6453240816340302,0.7400359710057577,0.001,64,2,0.3,False,32,75,0.0,0.1,10,5,0.5,True,42
batch_size,32,44,44,11,0.6331130733544176,0.7411073764165242,0.001,64,2,0.3,False,32,75,0.0,0.1,10,5,0.5,True,42
batch_size,32,44,44,12,0.6231751895763658,0.7290892362594604,0.001,64,2,0.3,False,32,75,0.0,0.1,10,5,0.5,True,42
batch_size,32,45,45,1,0.693938359618187,0.6926419615745545,0.001,64,2,0.3,False,32,75,0.0,0.1,10,5,0.5,True,42
batch_size,32,45,45,2,0.6924245651021148,0.6927627444267273,0.001,64,2,0.3,False,32,75,0.0,0.1,10,5,0.5,True,42
batch_size,32,45,45,3,0.6904993084343997,0.6937346657117208,0.001,64,2,0.3,False,32,75,0.0,0.1,10,5,0.5,True,42
batch_size,32,45,45,4,0.689662391037652,0.6920727610588073,0.001,64,2,0.3,False,32,75,0.0,0.1,10,5,0.5,True,42
batch_size,32,45,45,5,0.6875271792664672,0.6967651724815369,0.001,64,2,0.3,False,32,75,0.0,0.1,10,5,0.5,True,42
batch_size,32,45,45,6,0.683057680274501,0.71801784435908,0.001,64,2,0.3,False,32,75,0.0,0.1,10,5,0.5,True,42
batch_size,32,45,45,7,0.6794150282036174,0.701782747109731,0.001,64,2,0.3,False,32,75,0.0,0.1,10,5,0.5,True,42
batch_size,32,45,45,8,0.6758770960750002,0.6995471437772115,0.001,64,2,0.3,False,32,75,0.0,0.1,10,5,0.5,True,42
batch_size,32,45,45,9,0.6670437030719988,0.7175429026285808,0.001,64,2,0.3,False,32,75,0.0,0.1,10,5,0.5,True,42
batch_size,32,45,45,10,0.6606405865062367,0.7385132153828938,0.001,64,2,0.3,False,32,75,0.0,0.1,10,5,0.5,True,42
batch_size,32,45,45,11,0.6403756191333135,0.7654398639996847,0.001,64,2,0.3,False,32,75,0.0,0.1,10,5,0.5,True,42
batch_size,32,45,45,12,0.630260339966326,0.7640756209691365,0.001,64,2,0.3,False,32,75,0.0,0.1,10,5,0.5,True,42
batch_size,32,45,45,13,0.6185568792350364,0.7692886392275492,0.001,64,2,0.3,False,32,75,0.0,0.1,10,5,0.5,True,42
batch_size,32,45,45,14,0.6068052353732514,0.7778027216593425,0.001,64,2,0.3,False,32,75,0.0,0.1,10,5,0.5,True,42
batch_size,32,46,46,1,0.6937959618640669,0.6926559567451477,0.001,64,2,0.3,False,32,75,0.0,0.1,10,5,0.5,True,42
batch_size,32,46,46,2,0.6933096173134717,0.6930392821629842,0.001,64,2,0.3,False,32,75,0.0,0.1,10,5,0.5,True,42
batch_size,32,46,46,3,0.6915852413936094,0.6933244069417318,0.001,64,2,0.3,False,32,75,0.0,0.1,10,5,0.5,True,42
batch_size,32,46,46,4,0.6901389423644904,0.6938842296600342,0.001,64,2,0.3,False,32,75,0.0,0.1,10,5,0.5,True,42
batch_size,32,46,46,5,0.6864678462346395,0.6958729704221089,0.001,64,2,0.3,False,32,75,0.0,0.1,10,5,0.5,True,42
batch_size,32,46,46,6,0.6830787401307713,0.7002874294916789,0.001,64,2,0.3,False,32,75,0.0,0.1,10,5,0.5,True,42
batch_size,32,46,46,7,0.6776909214077573,0.7017840107282003,0.001,64,2,0.3,False,32,75,0.0,0.1,10,5,0.5,True,42
batch_size,32,46,46,8,0.6654674492099069,0.7175329327583313,0.001,64,2,0.3,False,32,75,0.0,0.1,10,5,0.5,True,42
batch_size,32,46,46,9,0.6596895925926439,0.7372644186019898,0.001,64,2,0.3,False,32,75,0.0,0.1,10,5,0.5,True,42
batch_size,32,46,46,10,0.6566003493287347,0.7166511376698812,0.001,64,2,0.3,False,32,75,0.0,0.1,10,5,0.5,True,42
batch_size,32,46,46,11,0.6474949839440259,0.7383903861045837,0.001,64,2,0.3,False,32,75,0.0,0.1,10,5,0.5,True,42
batch_size,32,47,47,1,0.694647984974312,0.6939782738685608,0.001,64,2,0.3,False,32,75,0.0,0.1,10,5,0.5,True,42
batch_size,32,47,47,2,0.6924801261136027,0.6938986301422119,0.001,64,2,0.3,False,32,75,0.0,0.1,10,5,0.5,True,42
batch_size,32,47,47,3,0.6908357427878813,0.6939929644266765,0.001,64,2,0.3,False,32,75,0.0,0.1,10,5,0.5,True,42
batch_size,32,47,47,4,0.6899257948001226,0.6929131507873535,0.001,64,2,0.3,False,32,75,0.0,0.1,10,5,0.5,True,42
batch_size,32,47,47,5,0.68576223516103,0.6960299253463745,0.001,64,2,0.3,False,32,75,0.0,0.1,10,5,0.5,True,42
batch_size,32,47,47,6,0.6828473368377397,0.705922023455302,0.001,64,2,0.3,False,32,75,0.0,0.1,10,5,0.5,True,42
batch_size,32,47,47,7,0.676289009325432,0.7108476559321085,0.001,64,2,0.3,False,32,75,0.0,0.1,10,5,0.5,True,42
batch_size,32,47,47,8,0.6679543202573602,0.7436295509338379,0.001,64,2,0.3,False,32,75,0.0,0.1,10,5,0.5,True,42
batch_size,32,47,47,9,0.6660806780511682,0.7383908232053121,0.001,64,2,0.3,False,32,75,0.0,0.1,10,5,0.5,True,42
batch_size,32,47,47,10,0.651172288891041,0.7531343181927999,0.001,64,2,0.3,False,32,75,0.0,0.1,10,5,0.5,True,42
batch_size,32,47,47,11,0.633877541531216,0.7550735235214233,0.001,64,2,0.3,False,32,75,0.0,0.1,10,5,0.5,True,42
batch_size,32,47,47,12,0.6232920853477536,0.8225199540456136,0.001,64,2,0.3,False,32,75,0.0,0.1,10,5,0.5,True,42
batch_size,32,47,47,13,0.61137500292424,0.7709128896395365,0.001,64,2,0.3,False,32,75,0.0,0.1,10,5,0.5,True,42
batch_size,32,47,47,14,0.6046853266430624,0.8380394498507182,0.001,64,2,0.3,False,32,75,0.0,0.1,10,5,0.5,True,42
batch_size,32,48,48,1,0.69349806021927,0.6940246264139811,0.001,64,2,0.3,False,32,75,0.0,0.1,10,5,0.5,True,42
batch_size,32,48,48,2,0.6924267030300054,0.6941268920898438,0.001,64,2,0.3,False,32,75,0.0,0.1,10,5,0.5,True,42
batch_size,32,48,48,3,0.6903737263571947,0.6910521626472473,0.001,64,2,0.3,False,32,75,0.0,0.1,10,5,0.5,True,42
batch_size,32,48,48,4,0.6905848200159862,0.6908279736836751,0.001,64,2,0.3,False,32,75,0.0,0.1,10,5,0.5,True,42
batch_size,32,48,48,5,0.6893396095225686,0.6909706989924113,0.001,64,2,0.3,False,32,75,0.0,0.1,10,5,0.5,True,42
batch_size,32,48,48,6,0.685799863553585,0.6924816211064656,0.001,64,2,0.3,False,32,75,0.0,0.1,10,5,0.5,True,42
batch_size,32,48,48,7,0.6819470887793634,0.7025367697079976,0.001,64,2,0.3,False,32,75,0.0,0.1,10,5,0.5,True,42
batch_size,32,48,48,8,0.6765542249930533,0.6996419310569764,0.001,64,2,0.3,False,32,75,0.0,0.1,10,5,0.5,True,42
batch_size,32,48,48,9,0.6698671386654216,0.7300427397092183,0.001,64,2,0.3,False,32,75,0.0,0.1,10,5,0.5,True,42
batch_size,32,48,48,10,0.661937559905805,0.7272660414377848,0.001,64,2,0.3,False,32,75,0.0,0.1,10,5,0.5,True,42
batch_size,32,48,48,11,0.6384555818443012,0.7341428200403849,0.001,64,2,0.3,False,32,75,0.0,0.1,10,5,0.5,True,42
batch_size,32,48,48,12,0.6244173103705385,0.7685503403345744,0.001,64,2,0.3,False,32,75,0.0,0.1,10,5,0.5,True,42
batch_size,32,48,48,13,0.6126907391655714,0.7549231131871541,0.001,64,2,0.3,False,32,75,0.0,0.1,10,5,0.5,True,42
batch_size,32,48,48,14,0.6004325751971481,0.78181125720342,0.001,64,2,0.3,False,32,75,0.0,0.1,10,5,0.5,True,42
batch_size,32,49,49,1,0.6940626055002213,0.692185393969218,0.001,64,2,0.3,False,32,75,0.0,0.1,10,5,0.5,True,42
batch_size,32,49,49,2,0.6930172565308484,0.6908948143323262,0.001,64,2,0.3,False,32,75,0.0,0.1,10,5,0.5,True,42
batch_size,32,49,49,3,0.6916287956815778,0.6905215223630269,0.001,64,2,0.3,False,32,75,0.0,0.1,10,5,0.5,True,42
batch_size,32,49,49,4,0.6889343031428077,0.6964910387992859,0.001,64,2,0.3,False,32,75,0.0,0.1,10,5,0.5,True,42
batch_size,32,49,49,5,0.683733959089626,0.6946065942446391,0.001,64,2,0.3,False,32,75,0.0,0.1,10,5,0.5,True,42
batch_size,32,49,49,6,0.680309917439114,0.7067590514818828,0.001,64,2,0.3,False,32,75,0.0,0.1,10,5,0.5,True,42
batch_size,32,49,49,7,0.6728485470468347,0.710151489575704,0.001,64,2,0.3,False,32,75,0.0,0.1,10,5,0.5,True,42
batch_size,32,49,49,8,0.667944023103425,0.7186710238456726,0.001,64,2,0.3,False,32,75,0.0,0.1,10,5,0.5,True,42
batch_size,32,49,49,9,0.6588208932768215,0.7222946643829345,0.001,64,2,0.3,False,32,75,0.0,0.1,10,5,0.5,True,42
batch_size,32,49,49,10,0.6428787252216628,0.7380218505859375,0.001,64,2,0.3,False,32,75,0.0,0.1,10,5,0.5,True,42
batch_size,32,49,49,11,0.6338312544605949,0.7390000502268473,0.001,64,2,0.3,False,32,75,0.0,0.1,10,5,0.5,True,42
batch_size,32,49,49,12,0.6238614968729742,0.7537271976470947,0.001,64,2,0.3,False,32,75,0.0,0.1,10,5,0.5,True,42
batch_size,32,49,49,13,0.6122873269698836,0.7738095760345459,0.001,64,2,0.3,False,32,75,0.0,0.1,10,5,0.5,True,42
batch_size,32,50,50,1,0.6934087420954849,0.6918891549110413,0.001,64,2,0.3,False,32,75,0.0,0.1,10,5,0.5,True,42
batch_size,32,50,50,2,0.6924816062956145,0.6908393065134685,0.001,64,2,0.3,False,32,75,0.0,0.1,10,5,0.5,True,42
batch_size,32,50,50,3,0.6911187628001878,0.6904045859972636,0.001,64,2,0.3,False,32,75,0.0,0.1,10,5,0.5,True,42
batch_size,32,50,50,4,0.6895458454435522,0.696704610188802,0.001,64,2,0.3,False,32,75,0.0,0.1,10,5,0.5,True,42
batch_size,32,50,50,5,0.6857290371800914,0.6967726230621338,0.001,64,2,0.3,False,32,75,0.0,0.1,10,5,0.5,True,42
batch_size,32,50,50,6,0.6813358384551425,0.6973379453023275,0.001,64,2,0.3,False,32,75,0.0,0.1,10,5,0.5,True,42
batch_size,32,50,50,7,0.6724727388584253,0.7098172187805176,0.001,64,2,0.3,False,32,75,0.0,0.1,10,5,0.5,True,42
batch_size,32,50,50,8,0.6688715689110033,0.7119351029396057,0.001,64,2,0.3,False,32,75,0.0,0.1,10,5,0.5,True,42
batch_size,32,50,50,9,0.6595020989576975,0.7082626064618428,0.001,64,2,0.3,False,32,75,0.0,0.1,10,5,0.5,True,42
batch_size,32,50,50,10,0.6410053155638955,0.7495884617169698,0.001,64,2,0.3,False,32,75,0.0,0.1,10,5,0.5,True,42
batch_size,32,50,50,11,0.6286438382936247,0.7610107978185018,0.001,64,2,0.3,False,32,75,0.0,0.1,10,5,0.5,True,42
batch_size,32,50,50,12,0.6226210609981508,0.7505274693171183,0.001,64,2,0.3,False,32,75,0.0,0.1,10,5,0.5,True,42
batch_size,32,50,50,13,0.6130626350641251,0.7777472376823426,0.001,64,2,0.3,False,32,75,0.0,0.1,10,5,0.5,True,42
batch_size,32,51,51,1,0.6931663114916194,0.6952047944068909,0.001,64,2,0.3,False,32,75,0.0,0.1,10,5,0.5,True,42
batch_size,32,51,51,2,0.6927576530160326,0.6934099594751993,0.001,64,2,0.3,False,32,75,0.0,0.1,10,5,0.5,True,42
batch_size,32,51,51,3,0.6913806308399547,0.6944553891817729,0.001,64,2,0.3,False,32,75,0.0,0.1,10,5,0.5,True,42
batch_size,32,51,51,4,0.6896086858980583,0.6971544663111369,0.001,64,2,0.3,False,32,75,0.0,0.1,10,5,0.5,True,42
batch_size,32,51,51,5,0.6877236659779693,0.6981474717458089,0.001,64,2,0.3,False,32,75,0.0,0.1,10,5,0.5,True,42
batch_size,32,51,51,6,0.6807255636562001,0.7017412543296814,0.001,64,2,0.3,False,32,75,0.0,0.1,10,5,0.5,True,42
batch_size,32,51,51,7,0.6777096837759018,0.710243535041809,0.001,64,2,0.3,False,32,75,0.0,0.1,10,5,0.5,True,42
batch_size,32,51,51,8,0.6697145555958604,0.7064192851384481,0.001,64,2,0.3,False,32,75,0.0,0.1,10,5,0.5,True,42
batch_size,32,51,51,9,0.6558212692087347,0.7356107393900554,0.001,64,2,0.3,False,32,75,0.0,0.1,10,5,0.5,True,42
batch_size,32,51,51,10,0.6491934779015455,0.7381788889567057,0.001,64,2,0.3,False,32,75,0.0,0.1,10,5,0.5,True,42
batch_size,32,51,51,11,0.6426695224010583,0.745857564608256,0.001,64,2,0.3,False,32,75,0.0,0.1,10,5,0.5,True,42
batch_size,32,51,51,12,0.6331369809129022,0.7519718766212463,0.001,64,2,0.3,False,32,75,0.0,0.1,10,5,0.5,True,42
batch_size,32,52,52,1,0.6933520856228742,0.6983609755833944,0.001,64,2,0.3,False,32,75,0.0,0.1,10,5,0.5,True,42
batch_size,32,52,52,2,0.6909206459919611,0.6970578948656718,0.001,64,2,0.3,False,32,75,0.0,0.1,10,5,0.5,True,42
batch_size,32,52,52,3,0.6917773083303914,0.6968626340230306,0.001,64,2,0.3,False,32,75,0.0,0.1,10,5,0.5,True,42
batch_size,32,52,52,4,0.6897877287684064,0.6945994575818379,0.001,64,2,0.3,False,32,75,0.0,0.1,10,5,0.5,True,42
batch_size,32,52,52,5,0.6878241359284429,0.7027115384737651,0.001,64,2,0.3,False,32,75,0.0,0.1,10,5,0.5,True,42
batch_size,32,52,52,6,0.685308907068137,0.6995288292566936,0.001,64,2,0.3,False,32,75,0.0,0.1,10,5,0.5,True,42
batch_size,32,52,52,7,0.6802542539256992,0.7002715826034546,0.001,64,2,0.3,False,32,75,0.0,0.1,10,5,0.5,True,42
batch_size,32,52,52,8,0.6767667292645483,0.7005990862846374,0.001,64,2,0.3,False,32,75,0.0,0.1,10,5,0.5,True,42
batch_size,32,52,52,9,0.6703019241491953,0.7082711060841879,0.001,64,2,0.3,False,32,75,0.0,0.1,10,5,0.5,True,42
batch_size,32,52,52,10,0.6662308226029078,0.7076474110285441,0.001,64,2,0.3,False,32,75,0.0,0.1,10,5,0.5,True,42
batch_size,32,52,52,11,0.6486875572890947,0.7132352550824483,0.001,64,2,0.3,False,32,75,0.0,0.1,10,5,0.5,True,42
batch_size,32,52,52,12,0.6354527033188127,0.7197851101557414,0.001,64,2,0.3,False,32,75,0.0,0.1,10,5,0.5,True,42
batch_size,32,52,52,13,0.6277038448236205,0.7389519373575847,0.001,64,2,0.3,False,32,75,0.0,0.1,10,5,0.5,True,42
batch_size,32,52,52,14,0.6135360713709485,0.7602524876594543,0.001,64,2,0.3,False,32,75,0.0,0.1,10,5,0.5,True,42
batch_size,32,53,53,1,0.6939669852003907,0.691509234905243,0.001,64,2,0.3,False,32,75,0.0,0.1,10,5,0.5,True,42
batch_size,32,53,53,2,0.6921635423645829,0.6916155179341634,0.001,64,2,0.3,False,32,75,0.0,0.1,10,5,0.5,True,42
batch_size,32,53,53,3,0.6906231140548532,0.6906069000562032,0.001,64,2,0.3,False,32,75,0.0,0.1,10,5,0.5,True,42
batch_size,32,53,53,4,0.6895769830002929,0.6937420725822449,0.001,64,2,0.3,False,32,75,0.0,0.1,10,5,0.5,True,42
batch_size,32,53,53,5,0.686557678562222,0.6968341509501139,0.001,64,2,0.3,False,32,75,0.0,0.1,10,5,0.5,True,42
batch_size,32,53,53,6,0.6806098687829394,0.697308095296224,0.001,64,2,0.3,False,32,75,0.0,0.1,10,5,0.5,True,42
batch_size,32,53,53,7,0.6750406717712228,0.706260104974111,0.001,64,2,0.3,False,32,75,0.0,0.1,10,5,0.5,True,42
batch_size,32,53,53,8,0.6695032038471915,0.7115464806556702,0.001,64,2,0.3,False,32,75,0.0,0.1,10,5,0.5,True,42
batch_size,32,53,53,9,0.6594283056981636,0.7489996631940206,0.001,64,2,0.3,False,32,75,0.0,0.1,10,5,0.5,True,42
batch_size,32,53,53,10,0.6423578402309706,0.7713669617970784,0.001,64,2,0.3,False,32,75,0.0,0.1,10,5,0.5,True,42
batch_size,32,53,53,11,0.6304902931054434,0.7707296053568522,0.001,64,2,0.3,False,32,75,0.0,0.1,10,5,0.5,True,42
batch_size,32,53,53,12,0.6172374231797276,0.8093609611193339,0.001,64,2,0.3,False,32,75,0.0,0.1,10,5,0.5,True,42
batch_size,32,53,53,13,0.6116208781798681,0.8008936683336894,0.001,64,2,0.3,False,32,75,0.0,0.1,10,5,0.5,True,42
batch_size,32,54,54,1,0.6936032966230855,0.6932981491088868,0.001,64,2,0.3,False,32,75,0.0,0.1,10,5,0.5,True,42
batch_size,32,54,54,2,0.6916690170764923,0.6928519050280253,0.001,64,2,0.3,False,32,75,0.0,0.1,10,5,0.5,True,42
batch_size,32,54,54,3,0.6899611498370315,0.6953580776850382,0.001,64,2,0.3,False,32,75,0.0,0.1,10,5,0.5,True,42
batch_size,32,54,54,4,0.6878099739551544,0.6950358033180237,0.001,64,2,0.3,False,32,75,0.0,0.1,10,5,0.5,True,42
batch_size,32,54,54,5,0.6855076732057513,0.7007996400197347,0.001,64,2,0.3,False,32,75,0.0,0.1,10,5,0.5,True,42
batch_size,32,54,54,6,0.6785462101300558,0.707297162214915,0.001,64,2,0.3,False,32,75,0.0,0.1,10,5,0.5,True,42
batch_size,32,54,54,7,0.6728232633886915,0.7097523291905721,0.001,64,2,0.3,False,32,75,0.0,0.1,10,5,0.5,True,42
batch_size,32,54,54,8,0.6689650615056356,0.7111247539520263,0.001,64,2,0.3,False,32,75,0.0,0.1,10,5,0.5,True,42
batch_size,32,54,54,9,0.6563238853758032,0.7467099070549011,0.001,64,2,0.3,False,32,75,0.0,0.1,10,5,0.5,True,42
batch_size,32,54,54,10,0.6494093085780288,0.7378684759140015,0.001,64,2,0.3,False,32,75,0.0,0.1,10,5,0.5,True,42
batch_size,32,54,54,11,0.6418575901876796,0.7364824612935384,0.001,64,2,0.3,False,32,75,0.0,0.1,10,5,0.5,True,42
batch_size,32,54,54,12,0.6324857952016772,0.7441023707389831,0.001,64,2,0.3,False,32,75,0.0,0.1,10,5,0.5,True,42
batch_size,32,55,55,1,0.695151634740107,0.6936519940694174,0.001,64,2,0.3,False,32,75,0.0,0.1,10,5,0.5,True,42
batch_size,32,55,55,2,0.6927294776295171,0.6908984184265137,0.001,64,2,0.3,False,32,75,0.0,0.1,10,5,0.5,True,42
batch_size,32,55,55,3,0.6909558127323786,0.6931291063626607,0.001,64,2,0.3,False,32,75,0.0,0.1,10,5,0.5,True,42
batch_size,32,55,55,4,0.6901856069311951,0.6963941772778829,0.001,64,2,0.3,False,32,75,0.0,0.1,10,5,0.5,True,42
batch_size,32,55,55,5,0.6868385053945311,0.6950361728668213,0.001,64,2,0.3,False,32,75,0.0,0.1,10,5,0.5,True,42
batch_size,32,55,55,6,0.6836051999619512,0.6974317153294881,0.001,64,2,0.3,False,32,75,0.0,0.1,10,5,0.5,True,42
batch_size,32,55,55,7,0.679109155680194,0.70739373366038,0.001,64,2,0.3,False,32,75,0.0,0.1,10,5,0.5,True,42
batch_size,32,55,55,8,0.6765002414132609,0.7083780407905579,0.001,64,2,0.3,False,32,75,0.0,0.1,10,5,0.5,True,42
batch_size,32,55,55,9,0.6639134360082222,0.7245195309321085,0.001,64,2,0.3,False,32,75,0.0,0.1,10,5,0.5,True,42
batch_size,32,55,55,10,0.6547709292534626,0.7365891019503276,0.001,64,2,0.3,False,32,75,0.0,0.1,10,5,0.5,True,42
batch_size,32,55,55,11,0.6476008625644626,0.7279238820075988,0.001,64,2,0.3,False,32,75,0.0,0.1,10,5,0.5,True,42
batch_size,32,55,55,12,0.6385261262908126,0.7554526646931966,0.001,64,2,0.3,False,32,75,0.0,0.1,10,5,0.5,True,42
batch_size,32,56,56,1,0.6939939445618427,0.6929427742958069,0.001,64,2,0.3,False,32,75,0.0,0.1,10,5,0.5,True,42
batch_size,32,56,56,2,0.6921124015793656,0.6923372705777486,0.001,64,2,0.3,False,32,75,0.0,0.1,10,5,0.5,True,42
batch_size,32,56,56,3,0.6907185045155612,0.6943956017494202,0.001,64,2,0.3,False,32,75,0.0,0.1,10,5,0.5,True,42
batch_size,32,56,56,4,0.689646072008393,0.6950870513916015,0.001,64,2,0.3,False,32,75,0.0,0.1,10,5,0.5,True,42
batch_size,32,56,56,5,0.6891553234873395,0.6942093213399251,0.001,64,2,0.3,False,32,75,0.0,0.1,10,5,0.5,True,42
batch_size,32,56,56,6,0.6870197143518564,0.6958044926325481,0.001,64,2,0.3,False,32,75,0.0,0.1,10,5,0.5,True,42
batch_size,32,56,56,7,0.6811651912602511,0.7037679791450501,0.001,64,2,0.3,False,32,75,0.0,0.1,10,5,0.5,True,42
batch_size,32,56,56,8,0.67765934900804,0.7111727158228557,0.001,64,2,0.3,False,32,75,0.0,0.1,10,5,0.5,True,42
batch_size,32,56,56,9,0.6633826697414572,0.7323657790819804,0.001,64,2,0.3,False,32,75,0.0,0.1,10,5,0.5,True,42
batch_size,32,56,56,10,0.653868838241606,0.7416747450828552,0.001,64,2,0.3,False,32,75,0.0,0.1,10,5,0.5,True,42
batch_size,32,56,56,11,0.6617942709814418,0.7249572197596232,0.001,64,2,0.3,False,32,75,0.0,0.1,10,5,0.5,True,42
batch_size,32,56,56,12,0.6478893156304504,0.7420781413714092,0.001,64,2,0.3,False,32,75,0.0,0.1,10,5,0.5,True,42
batch_size,32,57,57,1,0.6948720803766539,0.6933727860450745,0.001,64,2,0.3,False,32,75,0.0,0.1,10,5,0.5,True,42
batch_size,32,57,57,2,0.6928797720959692,0.693483304977417,0.001,64,2,0.3,False,32,75,0.0,0.1,10,5,0.5,True,42
batch_size,32,57,57,3,0.6919121444225311,0.6920043706893921,0.001,64,2,0.3,False,32,75,0.0,0.1,10,5,0.5,True,42
batch_size,32,57,57,4,0.689021576534618,0.7058837135632833,0.001,64,2,0.3,False,32,75,0.0,0.1,10,5,0.5,True,42
batch_size,32,57,57,5,0.6876095957828291,0.6943833072980244,0.001,64,2,0.3,False,32,75,0.0,0.1,10,5,0.5,True,42
batch_size,32,57,57,6,0.6843923939899965,0.6966240525245666,0.001,64,2,0.3,False,32,75,0.0,0.1,10,5,0.5,True,42
batch_size,32,57,57,7,0.6802694896856943,0.7014503916104634,0.001,64,2,0.3,False,32,75,0.0,0.1,10,5,0.5,True,42
batch_size,32,57,57,8,0.669919517455679,0.7204612493515015,0.001,64,2,0.3,False,32,75,0.0,0.1,10,5,0.5,True,42
batch_size,32,57,57,9,0.6633037003603849,0.7168089985847473,0.001,64,2,0.3,False,32,75,0.0,0.1,10,5,0.5,True,42
batch_size,32,57,57,10,0.6504567265510559,0.7407160043716431,0.001,64,2,0.3,False,32,75,0.0,0.1,10,5,0.5,True,42
batch_size,32,57,57,11,0.6394540577223806,0.7517499566078186,0.001,64,2,0.3,False,32,75,0.0,0.1,10,5,0.5,True,42
batch_size,32,57,57,12,0.6273378007339708,0.7757265726725261,0.001,64,2,0.3,False,32,75,0.0,0.1,10,5,0.5,True,42
batch_size,32,57,57,13,0.6224835772405971,0.7551605423291524,0.001,64,2,0.3,False,32,75,0.0,0.1,10,5,0.5,True,42
batch_size,32,58,58,1,0.6941290439078303,0.6947315136591593,0.001,64,2,0.3,False,32,75,0.0,0.1,10,5,0.5,True,42
batch_size,32,58,58,2,0.693101757403576,0.6933866143226624,0.001,64,2,0.3,False,32,75,0.0,0.1,10,5,0.5,True,42
batch_size,32,58,58,3,0.6910261276996497,0.6949630379676819,0.001,64,2,0.3,False,32,75,0.0,0.1,10,5,0.5,True,42
batch_size,32,58,58,4,0.688825783404437,0.6946083148320515,0.001,64,2,0.3,False,32,75,0.0,0.1,10,5,0.5,True,42
batch_size,32,58,58,5,0.6859523942976287,0.6964750051498413,0.001,64,2,0.3,False,32,75,0.0,0.1,10,5,0.5,True,42
batch_size,32,58,58,6,0.6841693475390925,0.6961922605832418,0.001,64,2,0.3,False,32,75,0.0,0.1,10,5,0.5,True,42
batch_size,32,58,58,7,0.6760493476282466,0.7151415506998698,0.001,64,2,0.3,False,32,75,0.0,0.1,10,5,0.5,True,42
batch_size,32,58,58,8,0.671682648134954,0.7165949622790019,0.001,64,2,0.3,False,32,75,0.0,0.1,10,5,0.5,True,42
batch_size,32,58,58,9,0.6573224094781008,0.7325447082519532,0.001,64,2,0.3,False,32,75,0.0,0.1,10,5,0.5,True,42
batch_size,32,58,58,10,0.649147121292172,0.7301338831583659,0.001,64,2,0.3,False,32,75,0.0,0.1,10,5,0.5,True,42
batch_size,32,58,58,11,0.6462403070746046,0.845969827969869,0.001,64,2,0.3,False,32,75,0.0,0.1,10,5,0.5,True,42
batch_size,32,58,58,12,0.693355836651542,0.7016535798708597,0.001,64,2,0.3,False,32,75,0.0,0.1,10,5,0.5,True,42
batch_size,32,59,59,1,0.6941582863077973,0.693082348505656,0.001,64,2,0.3,False,32,75,0.0,0.1,10,5,0.5,True,42
batch_size,32,59,59,2,0.6928759628173077,0.6922438144683838,0.001,64,2,0.3,False,32,75,0.0,0.1,10,5,0.5,True,42
batch_size,32,59,59,3,0.6904160168134805,0.6919171969095866,0.001,64,2,0.3,False,32,75,0.0,0.1,10,5,0.5,True,42
batch_size,32,59,59,4,0.6892220341798031,0.6926356196403504,0.001,64,2,0.3,False,32,75,0.0,0.1,10,5,0.5,True,42
batch_size,32,59,59,5,0.685258433674321,0.7036382794380188,0.001,64,2,0.3,False,32,75,0.0,0.1,10,5,0.5,True,42
batch_size,32,59,59,6,0.6818053749474612,0.700390116373698,0.001,64,2,0.3,False,32,75,0.0,0.1,10,5,0.5,True,42
batch_size,32,59,59,7,0.6732183879975117,0.7139022827148438,0.001,64,2,0.3,False,32,75,0.0,0.1,10,5,0.5,True,42
batch_size,32,59,59,8,0.6704382363593939,0.7169665773709615,0.001,64,2,0.3,False,32,75,0.0,0.1,10,5,0.5,True,42
batch_size,32,59,59,9,0.6599866038922108,0.7188278675079346,0.001,64,2,0.3,False,32,75,0.0,0.1,10,5,0.5,True,42
batch_size,32,59,59,10,0.642668034994241,0.7773633042971293,0.001,64,2,0.3,False,32,75,0.0,0.1,10,5,0.5,True,42
batch_size,32,59,59,11,0.6342020314751249,0.7787249128023783,0.001,64,2,0.3,False,32,75,0.0,0.1,10,5,0.5,True,42
batch_size,32,59,59,12,0.6254343038255518,0.7566609144210815,0.001,64,2,0.3,False,32,75,0.0,0.1,10,5,0.5,True,42
batch_size,32,59,59,13,0.6114004879738345,0.7858733892440796,0.001,64,2,0.3,False,32,75,0.0,0.1,10,5,0.5,True,42
batch_size,32,60,60,1,0.6938043995337053,0.6935655633608501,0.001,64,2,0.3,False,32,75,0.0,0.1,10,5,0.5,True,42
batch_size,32,60,60,2,0.6921809920758912,0.694192095597585,0.001,64,2,0.3,False,32,75,0.0,0.1,10,5,0.5,True,42
batch_size,32,60,60,3,0.6920287622646852,0.6936372637748718,0.001,64,2,0.3,False,32,75,0.0,0.1,10,5,0.5,True,42
batch_size,32,60,60,4,0.6897112094994747,0.6931249698003134,0.001,64,2,0.3,False,32,75,0.0,0.1,10,5,0.5,True,42
batch_size,32,60,60,5,0.6888204740755486,0.6943997104962667,0.001,64,2,0.3,False,32,75,0.0,0.1,10,5,0.5,True,42
batch_size,32,60,60,6,0.6851903173056516,0.6972071846326192,0.001,64,2,0.3,False,32,75,0.0,0.1,10,5,0.5,True,42
batch_size,32,60,60,7,0.6812730291576097,0.6979747136433919,0.001,64,2,0.3,False,32,75,0.0,0.1,10,5,0.5,True,42
batch_size,32,60,60,8,0.6741261960882129,0.6978463689486186,0.001,64,2,0.3,False,32,75,0.0,0.1,10,5,0.5,True,42
batch_size,32,60,60,9,0.6671549718488347,0.7047821203867595,0.001,64,2,0.3,False,32,75,0.0,0.1,10,5,0.5,True,42
batch_size,32,60,60,10,0.6586938075947039,0.720250113805135,0.001,64,2,0.3,False,32,75,0.0,0.1,10,5,0.5,True,42
batch_size,32,60,60,11,0.639806973211693,0.7327474991480509,0.001,64,2,0.3,False,32,75,0.0,0.1,10,5,0.5,True,42
batch_size,32,60,60,12,0.6259666369719938,0.780110651254654,0.001,64,2,0.3,False,32,75,0.0,0.1,10,5,0.5,True,42
batch_size,32,60,60,13,0.6224832126136982,0.7467360258102417,0.001,64,2,0.3,False,32,75,0.0,0.1,10,5,0.5,True,42
batch_size,32,60,60,14,0.6084187620065429,0.7489384214083353,0.001,64,2,0.3,False,32,75,0.0,0.1,10,5,0.5,True,42
batch_size,32,61,61,1,0.6943676607175306,0.6942127585411072,0.001,64,2,0.3,False,32,75,0.0,0.1,10,5,0.5,True,42
batch_size,32,61,61,2,0.6923785498647979,0.6962990005811055,0.001,64,2,0.3,False,32,75,0.0,0.1,10,5,0.5,True,42
batch_size,32,61,61,3,0.691271725026044,0.6949267546335857,0.001,64,2,0.3,False,32,75,0.0,0.1,10,5,0.5,True,42
batch_size,32,61,61,4,0.6896882522286791,0.6954490264256795,0.001,64,2,0.3,False,32,75,0.0,0.1,10,5,0.5,True,42
batch_size,32,61,61,5,0.6879141759691816,0.6985554019610087,0.001,64,2,0.3,False,32,75,0.0,0.1,10,5,0.5,True,42
batch_size,32,61,61,6,0.6854337336439075,0.6957084774971009,0.001,64,2,0.3,False,32,75,0.0,0.1,10,5,0.5,True,42
batch_size,32,61,61,7,0.6815053211017088,0.7001496990521748,0.001,64,2,0.3,False,32,75,0.0,0.1,10,5,0.5,True,42
batch_size,32,61,61,8,0.6719173102667837,0.706063449382782,0.001,64,2,0.3,False,32,75,0.0,0.1,10,5,0.5,True,42
batch_size,32,61,61,9,0.6661063441724488,0.7118552287419637,0.001,64,2,0.3,False,32,75,0.0,0.1,10,5,0.5,True,42
batch_size,32,61,61,10,0.6610698704466675,0.712105921904246,0.001,64,2,0.3,False,32,75,0.0,0.1,10,5,0.5,True,42
batch_size,32,61,61,11,0.6535926289630659,0.7186083356539409,0.001,64,2,0.3,False,32,75,0.0,0.1,10,5,0.5,True,42
batch_size,32,62,62,1,0.6937397433952852,0.6918704509735107,0.001,64,2,0.3,False,32,75,0.0,0.1,10,5,0.5,True,42
batch_size,32,62,62,2,0.6925435152017709,0.6914020895957946,0.001,64,2,0.3,False,32,75,0.0,0.1,10,5,0.5,True,42
batch_size,32,62,62,3,0.6915265746188887,0.6920743068059285,0.001,64,2,0.3,False,32,75,0.0,0.1,10,5,0.5,True,42
batch_size,32,62,62,4,0.6891867956428817,0.6941209395726522,0.001,64,2,0.3,False,32,75,0.0,0.1,10,5,0.5,True,42
batch_size,32,62,62,5,0.6870271762212118,0.6972737113634745,0.001,64,2,0.3,False,32,75,0.0,0.1,10,5,0.5,True,42
batch_size,32,62,62,6,0.6819547911485037,0.7004951397577922,0.001,64,2,0.3,False,32,75,0.0,0.1,10,5,0.5,True,42
batch_size,32,62,62,7,0.6779375658793882,0.7081545988718668,0.001,64,2,0.3,False,32,75,0.0,0.1,10,5,0.5,True,42
batch_size,32,62,62,8,0.6707097887992859,0.7090305407842,0.001,64,2,0.3,False,32,75,0.0,0.1,10,5,0.5,True,42
batch_size,32,62,62,9,0.6567819312666402,0.7397417267163594,0.001,64,2,0.3,False,32,75,0.0,0.1,10,5,0.5,True,42
batch_size,32,62,62,10,0.6506019261750308,0.7414475321769715,0.001,64,2,0.3,False,32,75,0.0,0.1,10,5,0.5,True,42
batch_size,32,62,62,11,0.6402201864755515,0.7559183239936829,0.001,64,2,0.3,False,32,75,0.0,0.1,10,5,0.5,True,42
batch_size,32,62,62,12,0.6278039099592151,0.7699037631352742,0.001,64,2,0.3,False,32,75,0.0,0.1,10,5,0.5,True,42
batch_size,32,63,63,1,0.6939394744959745,0.6938172181447347,0.001,64,2,0.3,False,32,75,0.0,0.1,10,5,0.5,True,42
batch_size,32,63,63,2,0.6926936015035167,0.6929161429405213,0.001,64,2,0.3,False,32,75,0.0,0.1,10,5,0.5,True,42
batch_size,32,63,63,3,0.6921368557395358,0.6932359019915263,0.001,64,2,0.3,False,32,75,0.0,0.1,10,5,0.5,True,42
batch_size,32,63,63,4,0.6886863604639516,0.6949990630149842,0.001,64,2,0.3,False,32,75,0.0,0.1,10,5,0.5,True,42
batch_size,32,63,63,5,0.6851850860949719,0.6938249468803406,0.001,64,2,0.3,False,32,75,0.0,0.1,10,5,0.5,True,42
batch_size,32,63,63,6,0.682678019007047,0.7034090121587118,0.001,64,2,0.3,False,32,75,0.0,0.1,10,5,0.5,True,42
batch_size,32,63,63,7,0.6775527397791544,0.7003824830055236,0.001,64,2,0.3,False,32,75,0.0,0.1,10,5,0.5,True,42
batch_size,32,63,63,8,0.6712982442342874,0.7009638388951619,0.001,64,2,0.3,False,32,75,0.0,0.1,10,5,0.5,True,42
batch_size,32,63,63,9,0.6561727614113779,0.7187941908836365,0.001,64,2,0.3,False,32,75,0.0,0.1,10,5,0.5,True,42
batch_size,32,63,63,10,0.6480865379174551,0.7207751949628194,0.001,64,2,0.3,False,32,75,0.0,0.1,10,5,0.5,True,42
batch_size,32,63,63,11,0.6375766491348093,0.7474904338518779,0.001,64,2,0.3,False,32,75,0.0,0.1,10,5,0.5,True,42
batch_size,32,63,63,12,0.6292127370834351,0.7403626521428426,0.001,64,2,0.3,False,32,75,0.0,0.1,10,5,0.5,True,42
batch_size,32,64,64,1,0.6953044298923376,0.692764155069987,0.001,64,2,0.3,False,32,75,0.0,0.1,10,5,0.5,True,42
batch_size,32,64,64,2,0.6929861140070539,0.6930030584335327,0.001,64,2,0.3,False,32,75,0.0,0.1,10,5,0.5,True,42
batch_size,32,64,64,3,0.6918034305175146,0.6939667661984762,0.001,64,2,0.3,False,32,75,0.0,0.1,10,5,0.5,True,42
batch_size,32,64,64,4,0.6904094079227159,0.6986284693082173,0.001,64,2,0.3,False,32,75,0.0,0.1,10,5,0.5,True,42
batch_size,32,64,64,5,0.687378898714528,0.6974016189575195,0.001,64,2,0.3,False,32,75,0.0,0.1,10,5,0.5,True,42
batch_size,32,64,64,6,0.6818754492384015,0.7017239014307658,0.001,64,2,0.3,False,32,75,0.0,0.1,10,5,0.5,True,42
batch_size,32,64,64,7,0.6802063349521521,0.708196226755778,0.001,64,2,0.3,False,32,75,0.0,0.1,10,5,0.5,True,42
batch_size,32,64,64,8,0.6682598306374117,0.7146721482276917,0.001,64,2,0.3,False,32,75,0.0,0.1,10,5,0.5,True,42
batch_size,32,64,64,9,0.6614383102366419,0.7271212061246236,0.001,64,2,0.3,False,32,75,0.0,0.1,10,5,0.5,True,42
batch_size,32,64,64,10,0.6544223987694943,0.728834863503774,0.001,64,2,0.3,False,32,75,0.0,0.1,10,5,0.5,True,42
batch_size,32,64,64,11,0.6458612648826657,0.736724336942037,0.001,64,2,0.3,False,32,75,0.0,0.1,10,5,0.5,True,42
batch_size,32,65,65,1,0.693812604654919,0.6928292314211527,0.001,64,2,0.3,False,32,75,0.0,0.1,10,5,0.5,True,42
batch_size,32,65,65,2,0.6931634933659525,0.6926122824350993,0.001,64,2,0.3,False,32,75,0.0,0.1,10,5,0.5,True,42
batch_size,32,65,65,3,0.692331771958958,0.6930246591567993,0.001,64,2,0.3,False,32,75,0.0,0.1,10,5,0.5,True,42
batch_size,32,65,65,4,0.690742248838598,0.6916455268859864,0.001,64,2,0.3,False,32,75,0.0,0.1,10,5,0.5,True,42
batch_size,32,65,65,5,0.6901841014623642,0.6916946212450663,0.001,64,2,0.3,False,32,75,0.0,0.1,10,5,0.5,True,42
batch_size,32,65,65,6,0.6851478277733831,0.7006747484207153,0.001,64,2,0.3,False,32,75,0.0,0.1,10,5,0.5,True,42
batch_size,32,65,65,7,0.6831679682840001,0.7053553819656372,0.001,64,2,0.3,False,32,75,0.0,0.1,10,5,0.5,True,42
batch_size,32,65,65,8,0.6759330865108606,0.7074406027793885,0.001,64,2,0.3,False,32,75,0.0,0.1,10,5,0.5,True,42
batch_size,32,65,65,9,0.6662238339583079,0.7173909385999043,0.001,64,2,0.3,False,32,75,0.0,0.1,10,5,0.5,True,42
batch_size,32,65,65,10,0.658778607393756,0.7340840657552083,0.001,64,2,0.3,False,32,75,0.0,0.1,10,5,0.5,True,42
batch_size,32,65,65,11,0.6429774065812429,0.7320650021235148,0.001,64,2,0.3,False,32,75,0.0,0.1,10,5,0.5,True,42
batch_size,32,65,65,12,0.6277265535159544,0.7580151836077372,0.001,64,2,0.3,False,32,75,0.0,0.1,10,5,0.5,True,42
batch_size,32,65,65,13,0.6139895527651815,0.7858535806337993,0.001,64,2,0.3,False,32,75,0.0,0.1,10,5,0.5,True,42
batch_size,32,65,65,14,0.6065559233679916,0.7867812434832255,0.001,64,2,0.3,False,32,75,0.0,0.1,10,5,0.5,True,42
batch_size,32,66,66,1,0.6942489377476952,0.6951328714688619,0.001,64,2,0.3,False,32,75,0.0,0.1,10,5,0.5,True,42
batch_size,32,66,66,2,0.6927729357372631,0.6951961914698283,0.001,64,2,0.3,False,32,75,0.0,0.1,10,5,0.5,True,42
batch_size,32,66,66,3,0.6920308877121318,0.6941473364830018,0.001,64,2,0.3,False,32,75,0.0,0.1,10,5,0.5,True,42
batch_size,32,66,66,4,0.6897778497500853,0.6949477950731914,0.001,64,2,0.3,False,32,75,0.0,0.1,10,5,0.5,True,42
batch_size,32,66,66,5,0.6900965435938402,0.6968740224838257,0.001,64,2,0.3,False,32,75,0.0,0.1,10,5,0.5,True,42
batch_size,32,66,66,6,0.6870332360267639,0.6924745996793111,0.001,64,2,0.3,False,32,75,0.0,0.1,10,5,0.5,True,42
batch_size,32,66,66,7,0.685288694320303,0.6928448836008708,0.001,64,2,0.3,False,32,75,0.0,0.1,10,5,0.5,True,42
batch_size,32,66,66,8,0.6793567669211011,0.6948162714640299,0.001,64,2,0.3,False,32,75,0.0,0.1,10,5,0.5,True,42
batch_size,32,66,66,9,0.6736764212449392,0.6929943561553955,0.001,64,2,0.3,False,32,75,0.0,0.1,10,5,0.5,True,42
batch_size,32,66,66,10,0.6656608852473173,0.7080659588177999,0.001,64,2,0.3,False,32,75,0.0,0.1,10,5,0.5,True,42
batch_size,32,66,66,11,0.6589183373884722,0.7255714098612468,0.001,64,2,0.3,False,32,75,0.0,0.1,10,5,0.5,True,42
batch_size,32,66,66,12,0.646505668759346,0.7313143412272135,0.001,64,2,0.3,False,32,75,0.0,0.1,10,5,0.5,True,42
batch_size,32,66,66,13,0.6267085310184595,0.7606749971707661,0.001,64,2,0.3,False,32,75,0.0,0.1,10,5,0.5,True,42
batch_size,32,66,66,14,0.6141768714243715,0.7776349147160848,0.001,64,2,0.3,False,32,75,0.0,0.1,10,5,0.5,True,42
batch_size,32,66,66,15,0.6067463565956462,0.788810686270396,0.001,64,2,0.3,False,32,75,0.0,0.1,10,5,0.5,True,42
batch_size,32,66,66,16,0.5903472340468204,0.8124104619026185,0.001,64,2,0.3,False,32,75,0.0,0.1,10,5,0.5,True,42
batch_size,32,67,67,1,0.6939738189632242,0.694919498761495,0.001,64,2,0.3,False,32,75,0.0,0.1,10,5,0.5,True,42
batch_size,32,67,67,2,0.6922786475131006,0.6951064586639404,0.001,64,2,0.3,False,32,75,0.0,0.1,10,5,0.5,True,42
batch_size,32,67,67,3,0.6913454541654298,0.693983006477356,0.001,64,2,0.3,False,32,75,0.0,0.1,10,5,0.5,True,42
batch_size,32,67,67,4,0.6904367669062181,0.6936098376909892,0.001,64,2,0.3,False,32,75,0.0,0.1,10,5,0.5,True,42
batch_size,32,67,67,5,0.6855709774024559,0.6963789224624634,0.001,64,2,0.3,False,32,75,0.0,0.1,10,5,0.5,True,42
batch_size,32,67,67,6,0.6849522766741839,0.697652276357015,0.001,64,2,0.3,False,32,75,0.0,0.1,10,5,0.5,True,42
batch_size,32,67,67,7,0.6880098522612543,0.6912729064623515,0.001,64,2,0.3,False,32,75,0.0,0.1,10,5,0.5,True,42
batch_size,32,67,67,8,0.6863694195494507,0.6979732394218445,0.001,64,2,0.3,False,32,75,0.0,0.1,10,5,0.5,True,42
batch_size,32,67,67,9,0.6818740367889404,0.7055650949478149,0.001,64,2,0.3,False,32,75,0.0,0.1,10,5,0.5,True,42
batch_size,32,67,67,10,0.6772284259398779,0.7053553263346354,0.001,64,2,0.3,False,32,75,0.0,0.1,10,5,0.5,True,42
batch_size,32,67,67,11,0.6699990693366888,0.704003616174062,0.001,64,2,0.3,False,32,75,0.0,0.1,10,5,0.5,True,42
batch_size,32,67,67,12,0.6650815380342079,0.7222776095072428,0.001,64,2,0.3,False,32,75,0.0,0.1,10,5,0.5,True,42
batch_size,32,67,67,13,0.6584795081254208,0.7311735391616822,0.001,64,2,0.3,False,32,75,0.0,0.1,10,5,0.5,True,42
batch_size,32,67,67,14,0.640592459024805,0.7469358682632447,0.001,64,2,0.3,False,32,75,0.0,0.1,10,5,0.5,True,42
batch_size,32,67,67,15,0.6311664766434467,0.7787192662556967,0.001,64,2,0.3,False,32,75,0.0,0.1,10,5,0.5,True,42
batch_size,32,67,67,16,0.6155164740753897,0.7892351309458415,0.001,64,2,0.3,False,32,75,0.0,0.1,10,5,0.5,True,42
batch_size,32,67,67,17,0.6055079725655642,0.8174443483352661,0.001,64,2,0.3,False,32,75,0.0,0.1,10,5,0.5,True,42
batch_size,32,68,68,1,0.6939944114648935,0.693465526898702,0.001,64,2,0.3,False,32,75,0.0,0.1,10,5,0.5,True,42
batch_size,32,68,68,2,0.6921743578983076,0.6928165793418884,0.001,64,2,0.3,False,32,75,0.0,0.1,10,5,0.5,True,42
batch_size,32,68,68,3,0.6913498003374446,0.6910261074701946,0.001,64,2,0.3,False,32,75,0.0,0.1,10,5,0.5,True,42
batch_size,32,68,68,4,0.6884145118070372,0.6890823046366373,0.001,64,2,0.3,False,32,75,0.0,0.1,10,5,0.5,True,42
batch_size,32,68,68,5,0.6863374195315621,0.6928868611653646,0.001,64,2,0.3,False,32,75,0.0,0.1,10,5,0.5,True,42
batch_size,32,68,68,6,0.683360987088897,0.6950436512629191,0.001,64,2,0.3,False,32,75,0.0,0.1,10,5,0.5,True,42
batch_size,32,68,68,7,0.6806671140771924,0.6914157152175904,0.001,64,2,0.3,False,32,75,0.0,0.1,10,5,0.5,True,42
batch_size,32,68,68,8,0.6726685717250361,0.7109123547871907,0.001,64,2,0.3,False,32,75,0.0,0.1,10,5,0.5,True,42
batch_size,32,68,68,9,0.6672420298511331,0.7141007463137309,0.001,64,2,0.3,False,32,75,0.0,0.1,10,5,0.5,True,42
batch_size,32,68,68,10,0.6574769403898355,0.7282886783281962,0.001,64,2,0.3,False,32,75,0.0,0.1,10,5,0.5,True,42
batch_size,32,68,68,11,0.6424644571362119,0.727653169631958,0.001,64,2,0.3,False,32,75,0.0,0.1,10,5,0.5,True,42
batch_size,32,68,68,12,0.62853914725058,0.7371465404828389,0.001,64,2,0.3,False,32,75,0.0,0.1,10,5,0.5,True,42
batch_size,32,68,68,13,0.6186656443910166,0.7508723775545756,0.001,64,2,0.3,False,32,75,0.0,0.1,10,5,0.5,True,42
batch_size,32,68,68,14,0.6090066807739662,0.7443331837654114,0.001,64,2,0.3,False,32,75,0.0,0.1,10,5,0.5,True,42
batch_size,32,69,69,1,0.694224652467352,0.6921016057332356,0.001,64,2,0.3,False,32,75,0.0,0.1,10,5,0.5,True,42
batch_size,32,69,69,2,0.6924505211187132,0.6917803088823954,0.001,64,2,0.3,False,32,75,0.0,0.1,10,5,0.5,True,42
batch_size,32,69,69,3,0.692050268704241,0.6919812162717184,0.001,64,2,0.3,False,32,75,0.0,0.1,10,5,0.5,True,42
batch_size,32,69,69,4,0.6895371761285898,0.6906622290611267,0.001,64,2,0.3,False,32,75,0.0,0.1,10,5,0.5,True,42
batch_size,32,69,69,5,0.6872783673532081,0.6955328901608785,0.001,64,2,0.3,False,32,75,0.0,0.1,10,5,0.5,True,42
batch_size,32,69,69,6,0.6843089872237408,0.6955194552739461,0.001,64,2,0.3,False,32,75,0.0,0.1,10,5,0.5,True,42
batch_size,32,69,69,7,0.6803275631232695,0.699358606338501,0.001,64,2,0.3,False,32,75,0.0,0.1,10,5,0.5,True,42
batch_size,32,69,69,8,0.6745457969831697,0.7084348718325297,0.001,64,2,0.3,False,32,75,0.0,0.1,10,5,0.5,True,42
batch_size,32,69,69,9,0.6673570017923008,0.7191025217374166,0.001,64,2,0.3,False,32,75,0.0,0.1,10,5,0.5,True,42
batch_size,32,69,69,10,0.660967101653417,0.711744483311971,0.001,64,2,0.3,False,32,75,0.0,0.1,10,5,0.5,True,42
batch_size,32,69,69,11,0.640703130400542,0.7298419594764709,0.001,64,2,0.3,False,32,75,0.0,0.1,10,5,0.5,True,42
batch_size,32,69,69,12,0.6301549849185076,0.7445269823074341,0.001,64,2,0.3,False,32,75,0.0,0.1,10,5,0.5,True,42
batch_size,32,69,69,13,0.620103600124518,0.7586193044980367,0.001,64,2,0.3,False,32,75,0.0,0.1,10,5,0.5,True,42
batch_size,32,69,69,14,0.6105045642365109,0.759208087126414,0.001,64,2,0.3,False,32,75,0.0,0.1,10,5,0.5,True,42
batch_size,32,70,70,1,0.6945683206572677,0.6947201053301494,0.001,64,2,0.3,False,32,75,0.0,0.1,10,5,0.5,True,42
batch_size,32,70,70,2,0.6923406634366873,0.694429628054301,0.001,64,2,0.3,False,32,75,0.0,0.1,10,5,0.5,True,42
batch_size,32,70,70,3,0.6916405301202427,0.6928736845652262,0.001,64,2,0.3,False,32,75,0.0,0.1,10,5,0.5,True,42
batch_size,32,70,70,4,0.6890590926914504,0.6929152210553488,0.001,64,2,0.3,False,32,75,0.0,0.1,10,5,0.5,True,42
batch_size,32,70,70,5,0.6869288737123663,0.6935217022895813,0.001,64,2,0.3,False,32,75,0.0,0.1,10,5,0.5,True,42
batch_size,32,70,70,6,0.6823161452105551,0.6918218970298767,0.001,64,2,0.3,False,32,75,0.0,0.1,10,5,0.5,True,42
batch_size,32,70,70,7,0.6774604970758612,0.6990081032117208,0.001,64,2,0.3,False,32,75,0.0,0.1,10,5,0.5,True,42
batch_size,32,70,70,8,0.6726426766677336,0.6944730202356975,0.001,64,2,0.3,False,32,75,0.0,0.1,10,5,0.5,True,42
batch_size,32,70,70,9,0.666313524499084,0.7016762773195903,0.001,64,2,0.3,False,32,75,0.0,0.1,10,5,0.5,True,42
batch_size,32,70,70,10,0.6562663528955344,0.7018996834754944,0.001,64,2,0.3,False,32,75,0.0,0.1,10,5,0.5,True,42
batch_size,32,70,70,11,0.6446090015498075,0.7151480714480082,0.001,64,2,0.3,False,32,75,0.0,0.1,10,5,0.5,True,42
batch_size,32,70,70,12,0.636408077722246,0.7323934316635132,0.001,64,2,0.3,False,32,75,0.0,0.1,10,5,0.5,True,42
batch_size,32,70,70,13,0.6112130706508955,0.7472948233286539,0.001,64,2,0.3,False,32,75,0.0,0.1,10,5,0.5,True,42
batch_size,32,70,70,14,0.5926423578551321,0.7559353828430175,0.001,64,2,0.3,False,32,75,0.0,0.1,10,5,0.5,True,42
batch_size,32,70,70,15,0.5830354340600244,0.7743896007537842,0.001,64,2,0.3,False,32,75,0.0,0.1,10,5,0.5,True,42
batch_size,32,70,70,16,0.5713790822209734,0.8056970596313476,0.001,64,2,0.3,False,32,75,0.0,0.1,10,5,0.5,True,42
batch_size,32,71,71,1,0.6944257156415419,0.6944962422053019,0.001,64,2,0.3,False,32,75,0.0,0.1,10,5,0.5,True,42
batch_size,32,71,71,2,0.6921519406817176,0.6929396907488505,0.001,64,2,0.3,False,32,75,0.0,0.1,10,5,0.5,True,42
batch_size,32,71,71,3,0.6915431121985117,0.6933701237042745,0.001,64,2,0.3,False,32,75,0.0,0.1,10,5,0.5,True,42
batch_size,32,71,71,4,0.6914227776455156,0.6922542929649353,0.001,64,2,0.3,False,32,75,0.0,0.1,10,5,0.5,True,42
batch_size,32,71,71,5,0.6876882522395162,0.6937878926595052,0.001,64,2,0.3,False,32,75,0.0,0.1,10,5,0.5,True,42
batch_size,32,71,71,6,0.6853640820040847,0.6989215890566508,0.001,64,2,0.3,False,32,75,0.0,0.1,10,5,0.5,True,42
batch_size,32,71,71,7,0.6802634569731626,0.7009377996126811,0.001,64,2,0.3,False,32,75,0.0,0.1,10,5,0.5,True,42
batch_size,32,71,71,8,0.6745875536492376,0.7103839596112569,0.001,64,2,0.3,False,32,75,0.0,0.1,10,5,0.5,True,42
batch_size,32,71,71,9,0.6677775527491714,0.7150032122929891,0.001,64,2,0.3,False,32,75,0.0,0.1,10,5,0.5,True,42
batch_size,32,71,71,10,0.6584663847179124,0.7117935180664062,0.001,64,2,0.3,False,32,75,0.0,0.1,10,5,0.5,True,42
batch_size,32,71,71,11,0.6431197415698658,0.7432586987813313,0.001,64,2,0.3,False,32,75,0.0,0.1,10,5,0.5,True,42
batch_size,32,71,71,12,0.6296916477607958,0.7408971707026164,0.001,64,2,0.3,False,32,75,0.0,0.1,10,5,0.5,True,42
batch_size,32,71,71,13,0.6213804819818699,0.7383333166440328,0.001,64,2,0.3,False,32,75,0.0,0.1,10,5,0.5,True,42
batch_size,32,71,71,14,0.6089743766369242,0.7741365353266398,0.001,64,2,0.3,False,32,75,0.0,0.1,10,5,0.5,True,42
batch_size,32,72,72,1,0.6935178741361155,0.6941894173622132,0.001,64,2,0.3,False,32,75,0.0,0.1,10,5,0.5,True,42
batch_size,32,72,72,2,0.6919557334798755,0.6937473177909851,0.001,64,2,0.3,False,32,75,0.0,0.1,10,5,0.5,True,42
batch_size,32,72,72,3,0.6904246784520872,0.6950068195660909,0.001,64,2,0.3,False,32,75,0.0,0.1,10,5,0.5,True,42
batch_size,32,72,72,4,0.6892903551007762,0.693376624584198,0.001,64,2,0.3,False,32,75,0.0,0.1,10,5,0.5,True,42
batch_size,32,72,72,5,0.6865011367833975,0.6955368439356486,0.001,64,2,0.3,False,32,75,0.0,0.1,10,5,0.5,True,42
batch_size,32,72,72,6,0.685646804896268,0.6965608676274617,0.001,64,2,0.3,False,32,75,0.0,0.1,10,5,0.5,True,42
batch_size,32,72,72,7,0.6788448140476689,0.7140492876370748,0.001,64,2,0.3,False,32,75,0.0,0.1,10,5,0.5,True,42
batch_size,32,72,72,8,0.6714186397465792,0.710976795355479,0.001,64,2,0.3,False,32,75,0.0,0.1,10,5,0.5,True,42
batch_size,32,72,72,9,0.6685232194987211,0.7112507263819376,0.001,64,2,0.3,False,32,75,0.0,0.1,10,5,0.5,True,42
batch_size,32,72,72,10,0.6578838775555292,0.7304315567016602,0.001,64,2,0.3,False,32,75,0.0,0.1,10,5,0.5,True,42
batch_size,32,72,72,11,0.6385341476310383,0.7327113191286723,0.001,64,2,0.3,False,32,75,0.0,0.1,10,5,0.5,True,42
batch_size,32,72,72,12,0.6214207485318184,0.7512144764264425,0.001,64,2,0.3,False,32,75,0.0,0.1,10,5,0.5,True,42
batch_size,32,72,72,13,0.6158061664212834,0.7834348559379578,0.001,64,2,0.3,False,32,75,0.0,0.1,10,5,0.5,True,42
batch_size,32,72,72,14,0.6077862424832402,0.7960439721743265,0.001,64,2,0.3,False,32,75,0.0,0.1,10,5,0.5,True,42
batch_size,32,73,73,1,0.6951542406371145,0.6925778190294901,0.001,64,2,0.3,False,32,75,0.0,0.1,10,5,0.5,True,42
batch_size,32,73,73,2,0.6925432320797082,0.6922359546025594,0.001,64,2,0.3,False,32,75,0.0,0.1,10,5,0.5,True,42
batch_size,32,73,73,3,0.6917506907925461,0.6944245338439942,0.001,64,2,0.3,False,32,75,0.0,0.1,10,5,0.5,True,42
batch_size,32,73,73,4,0.6890943619337949,0.6927076180775961,0.001,64,2,0.3,False,32,75,0.0,0.1,10,5,0.5,True,42
batch_size,32,73,73,5,0.6891650232401761,0.6937921404838562,0.001,64,2,0.3,False,32,75,0.0,0.1,10,5,0.5,True,42
batch_size,32,73,73,6,0.6841940766934193,0.6994593858718872,0.001,64,2,0.3,False,32,75,0.0,0.1,10,5,0.5,True,42
batch_size,32,73,73,7,0.6779105676846071,0.7020924647649129,0.001,64,2,0.3,False,32,75,0.0,0.1,10,5,0.5,True,42
batch_size,32,73,73,8,0.673968182368712,0.7061829288800557,0.001,64,2,0.3,False,32,75,0.0,0.1,10,5,0.5,True,42
batch_size,32,73,73,9,0.658182576750264,0.7242369532585144,0.001,64,2,0.3,False,32,75,0.0,0.1,10,5,0.5,True,42
batch_size,32,73,73,10,0.6519488109783693,0.7263631304105123,0.001,64,2,0.3,False,32,75,0.0,0.1,10,5,0.5,True,42
batch_size,32,73,73,11,0.6434764708533431,0.7311759273211161,0.001,64,2,0.3,False,32,75,0.0,0.1,10,5,0.5,True,42
batch_size,32,73,73,12,0.6376952212868314,0.7416735768318177,0.001,64,2,0.3,False,32,75,0.0,0.1,10,5,0.5,True,42
batch_size,32,74,74,1,0.6943207762458108,0.6917338927586874,0.001,64,2,0.3,False,32,75,0.0,0.1,10,5,0.5,True,42
batch_size,32,74,74,2,0.6923965924617016,0.6906396190325419,0.001,64,2,0.3,False,32,75,0.0,0.1,10,5,0.5,True,42
batch_size,32,74,74,3,0.6901204179633748,0.6898451844851176,0.001,64,2,0.3,False,32,75,0.0,0.1,10,5,0.5,True,42
batch_size,32,74,74,4,0.6900063206752142,0.6904645442962647,0.001,64,2,0.3,False,32,75,0.0,0.1,10,5,0.5,True,42
batch_size,32,74,74,5,0.68610669446714,0.6979472557703654,0.001,64,2,0.3,False,32,75,0.0,0.1,10,5,0.5,True,42
batch_size,32,74,74,6,0.6814590669942625,0.6933925946553549,0.001,64,2,0.3,False,32,75,0.0,0.1,10,5,0.5,True,42
batch_size,32,74,74,7,0.6763218912211332,0.7006553808848063,0.001,64,2,0.3,False,32,75,0.0,0.1,10,5,0.5,True,42
batch_size,32,74,74,8,0.6671139408241619,0.7167472004890442,0.001,64,2,0.3,False,32,75,0.0,0.1,10,5,0.5,True,42
batch_size,32,74,74,9,0.6617511447631952,0.7163739800453186,0.001,64,2,0.3,False,32,75,0.0,0.1,10,5,0.5,True,42
batch_size,32,74,74,10,0.6426226004506602,0.7397039055824279,0.001,64,2,0.3,False,32,75,0.0,0.1,10,5,0.5,True,42
batch_size,32,74,74,11,0.6369294664173415,0.7297666390736898,0.001,64,2,0.3,False,32,75,0.0,0.1,10,5,0.5,True,42
batch_size,32,74,74,12,0.6229315154028662,0.745800260702769,0.001,64,2,0.3,False,32,75,0.0,0.1,10,5,0.5,True,42
batch_size,32,74,74,13,0.6095822564128673,0.8041655381520589,0.001,64,2,0.3,False,32,75,0.0,0.1,10,5,0.5,True,42
batch_size,32,75,75,1,0.6940916659254016,0.6930512189865112,0.001,64,2,0.3,False,32,75,0.0,0.1,10,5,0.5,True,42
batch_size,32,75,75,2,0.6918244510889053,0.692934226989746,0.001,64,2,0.3,False,32,75,0.0,0.1,10,5,0.5,True,42
batch_size,32,75,75,3,0.6910442732500307,0.6922217845916748,0.001,64,2,0.3,False,32,75,0.0,0.1,10,5,0.5,True,42
batch_size,32,75,75,4,0.6896971793788852,0.6923905412356058,0.001,64,2,0.3,False,32,75,0.0,0.1,10,5,0.5,True,42
batch_size,32,75,75,5,0.6860356389573126,0.6926910122235616,0.001,64,2,0.3,False,32,75,0.0,0.1,10,5,0.5,True,42
batch_size,32,75,75,6,0.6825135445052927,0.6967538873354594,0.001,64,2,0.3,False,32,75,0.0,0.1,10,5,0.5,True,42
batch_size,32,75,75,7,0.6798743443055586,0.7021058718363444,0.001,64,2,0.3,False,32,75,0.0,0.1,10,5,0.5,True,42
batch_size,32,75,75,8,0.6747974297313979,0.7093378782272339,0.001,64,2,0.3,False,32,75,0.0,0.1,10,5,0.5,True,42
batch_size,32,75,75,9,0.6687864652185729,0.7005795915921529,0.001,64,2,0.3,False,32,75,0.0,0.1,10,5,0.5,True,42
batch_size,32,75,75,10,0.6531110329158378,0.7191394249598185,0.001,64,2,0.3,False,32,75,0.0,0.1,10,5,0.5,True,42
batch_size,32,75,75,11,0.642571952306863,0.7432426929473877,0.001,64,2,0.3,False,32,75,0.0,0.1,10,5,0.5,True,42
batch_size,32,75,75,12,0.6338585987687111,0.7522839466730754,0.001,64,2,0.3,False,32,75,0.0,0.1,10,5,0.5,True,42
batch_size,32,75,75,13,0.620753806197282,0.7743460774421692,0.001,64,2,0.3,False,32,75,0.0,0.1,10,5,0.5,True,42
batch_size,32,76,76,1,0.6947009509260004,0.6927177985509236,0.001,64,2,0.3,False,32,75,0.0,0.1,10,5,0.5,True,42
batch_size,32,76,76,2,0.6933400183916092,0.6929141203562419,0.001,64,2,0.3,False,32,75,0.0,0.1,10,5,0.5,True,42
batch_size,32,76,76,3,0.6910143232706821,0.6938966194788615,0.001,64,2,0.3,False,32,75,0.0,0.1,10,5,0.5,True,42
batch_size,32,76,76,4,0.688325690500664,0.6994625409444173,0.001,64,2,0.3,False,32,75,0.0,0.1,10,5,0.5,True,42
batch_size,32,76,76,5,0.6862807431907365,0.7146808862686157,0.001,64,2,0.3,False,32,75,0.0,0.1,10,5,0.5,True,42
batch_size,32,76,76,6,0.6812642004453775,0.7257420142491658,0.001,64,2,0.3,False,32,75,0.0,0.1,10,5,0.5,True,42
batch_size,32,76,76,7,0.6757780620546052,0.708849569161733,0.001,64,2,0.3,False,32,75,0.0,0.1,10,5,0.5,True,42
batch_size,32,76,76,8,0.6639614380670317,0.7242495973904928,0.001,64,2,0.3,False,32,75,0.0,0.1,10,5,0.5,True,42
batch_size,32,76,76,9,0.6534419366807649,0.7322007894515992,0.001,64,2,0.3,False,32,75,0.0,0.1,10,5,0.5,True,42
batch_size,32,76,76,10,0.6471573313077291,0.7552517334620158,0.001,64,2,0.3,False,32,75,0.0,0.1,10,5,0.5,True,42
batch_size,32,76,76,11,0.6414556846474156,0.7855830391248068,0.001,64,2,0.3,False,32,75,0.0,0.1,10,5,0.5,True,42
batch_size,32,77,77,1,0.6943879904169025,0.6938033143679301,0.001,64,2,0.3,False,32,75,0.0,0.1,10,5,0.5,True,42
batch_size,32,77,77,2,0.6929197324947878,0.6929650664329529,0.001,64,2,0.3,False,32,75,0.0,0.1,10,5,0.5,True,42
batch_size,32,77,77,3,0.6907536473238107,0.6971863389015198,0.001,64,2,0.3,False,32,75,0.0,0.1,10,5,0.5,True,42
batch_size,32,77,77,4,0.6889373682665102,0.6953455567359924,0.001,64,2,0.3,False,32,75,0.0,0.1,10,5,0.5,True,42
batch_size,32,77,77,5,0.6853156134937749,0.7004135092099507,0.001,64,2,0.3,False,32,75,0.0,0.1,10,5,0.5,True,42
batch_size,32,77,77,6,0.6812693074797139,0.7011346538861593,0.001,64,2,0.3,False,32,75,0.0,0.1,10,5,0.5,True,42
batch_size,32,77,77,7,0.6760935607281598,0.7167336304982503,0.001,64,2,0.3,False,32,75,0.0,0.1,10,5,0.5,True,42
batch_size,32,77,77,8,0.669987706523953,0.7501272479693095,0.001,64,2,0.3,False,32,75,0.0,0.1,10,5,0.5,True,42
batch_size,32,77,77,9,0.6565097972299113,0.7455847064654032,0.001,64,2,0.3,False,32,75,0.0,0.1,10,5,0.5,True,42
batch_size,32,77,77,10,0.6458938957163782,0.7377845366795858,0.001,64,2,0.3,False,32,75,0.0,0.1,10,5,0.5,True,42
batch_size,32,77,77,11,0.6399324084773208,0.7467468023300171,0.001,64,2,0.3,False,32,75,0.0,0.1,10,5,0.5,True,42
batch_size,32,77,77,12,0.6281270267385425,0.7811779816945393,0.001,64,2,0.3,False,32,75,0.0,0.1,10,5,0.5,True,42
batch_size,32,78,78,1,0.693630497563969,0.6929904659589131,0.001,64,2,0.3,False,32,75,0.0,0.1,10,5,0.5,True,42
batch_size,32,78,78,2,0.6928349214069771,0.6923714319864909,0.001,64,2,0.3,False,32,75,0.0,0.1,10,5,0.5,True,42
batch_size,32,78,78,3,0.6911846747001013,0.693021317323049,0.001,64,2,0.3,False,32,75,0.0,0.1,10,5,0.5,True,42
batch_size,32,78,78,4,0.6892938744841199,0.6937806487083436,0.001,64,2,0.3,False,32,75,0.0,0.1,10,5,0.5,True,42
batch_size,32,78,78,5,0.6844280429861762,0.698209536075592,0.001,64,2,0.3,False,32,75,0.0,0.1,10,5,0.5,True,42
batch_size,32,78,78,6,0.6835607123194318,0.6962790012359619,0.001,64,2,0.3,False,32,75,0.0,0.1,10,5,0.5,True,42
batch_size,32,78,78,7,0.677547906835874,0.7237181266148885,0.001,64,2,0.3,False,32,75,0.0,0.1,10,5,0.5,True,42
batch_size,32,78,78,8,0.6718821272705541,0.7173191666603088,0.001,64,2,0.3,False,32,75,0.0,0.1,10,5,0.5,True,42
batch_size,32,78,78,9,0.6580778139107155,0.7220400293668111,0.001,64,2,0.3,False,32,75,0.0,0.1,10,5,0.5,True,42
batch_size,32,78,78,10,0.6510134682510839,0.7380462050437927,0.001,64,2,0.3,False,32,75,0.0,0.1,10,5,0.5,True,42
batch_size,32,78,78,11,0.6403534981337461,0.7995299696922302,0.001,64,2,0.3,False,32,75,0.0,0.1,10,5,0.5,True,42
batch_size,32,78,78,12,0.6341507091666713,0.7746629357337952,0.001,64,2,0.3,False,32,75,0.0,0.1,10,5,0.5,True,42
batch_size,32,79,79,1,0.6933297623287548,0.6940782229105632,0.001,64,2,0.3,False,32,75,0.0,0.1,10,5,0.5,True,42
batch_size,32,79,79,2,0.6924246974063643,0.6928834915161133,0.001,64,2,0.3,False,32,75,0.0,0.1,10,5,0.5,True,42
batch_size,32,79,79,3,0.6908521015535701,0.6910065412521362,0.001,64,2,0.3,False,32,75,0.0,0.1,10,5,0.5,True,42
batch_size,32,79,79,4,0.6889310790733858,0.6913813511530559,0.001,64,2,0.3,False,32,75,0.0,0.1,10,5,0.5,True,42
batch_size,32,79,79,5,0.6857229827931433,0.693008808294932,0.001,64,2,0.3,False,32,75,0.0,0.1,10,5,0.5,True,42
batch_size,32,79,79,6,0.68252939527685,0.6971677343050638,0.001,64,2,0.3,False,32,75,0.0,0.1,10,5,0.5,True,42
batch_size,32,79,79,7,0.6785601725180944,0.6971499562263489,0.001,64,2,0.3,False,32,75,0.0,0.1,10,5,0.5,True,42
batch_size,32,79,79,8,0.6717041839252819,0.7072213927904765,0.001,64,2,0.3,False,32,75,0.0,0.1,10,5,0.5,True,42
batch_size,32,79,79,9,0.6642905365337025,0.715640119711558,0.001,64,2,0.3,False,32,75,0.0,0.1,10,5,0.5,True,42
batch_size,32,79,79,10,0.6440084260521513,0.7477313677469889,0.001,64,2,0.3,False,32,75,0.0,0.1,10,5,0.5,True,42
batch_size,32,79,79,11,0.6362169822960189,0.7330119927724202,0.001,64,2,0.3,False,32,75,0.0,0.1,10,5,0.5,True,42
batch_size,32,79,79,12,0.6214856022235119,0.767603353659312,0.001,64,2,0.3,False,32,75,0.0,0.1,10,5,0.5,True,42
batch_size,32,79,79,13,0.6121687363042976,0.7723478436470032,0.001,64,2,0.3,False,32,75,0.0,0.1,10,5,0.5,True,42
batch_size,32,80,80,1,0.6942080792152521,0.6925519943237305,0.001,64,2,0.3,False,32,75,0.0,0.1,10,5,0.5,True,42
batch_size,32,80,80,2,0.6930254616520621,0.6911024252573649,0.001,64,2,0.3,False,32,75,0.0,0.1,10,5,0.5,True,42
batch_size,32,80,80,3,0.6922536505894228,0.6911036690076192,0.001,64,2,0.3,False,32,75,0.0,0.1,10,5,0.5,True,42
batch_size,32,80,80,4,0.6897299018773165,0.6918095310529073,0.001,64,2,0.3,False,32,75,0.0,0.1,10,5,0.5,True,42
batch_size,32,80,80,5,0.685378214175051,0.6972608923912048,0.001,64,2,0.3,False,32,75,0.0,0.1,10,5,0.5,True,42
batch_size,32,80,80,6,0.6805513975295153,0.7002703507741292,0.001,64,2,0.3,False,32,75,0.0,0.1,10,5,0.5,True,42
batch_size,32,80,80,7,0.6767144320589124,0.703946848710378,0.001,64,2,0.3,False,32,75,0.0,0.1,10,5,0.5,True,42
batch_size,32,80,80,8,0.6680007852388151,0.717119558652242,0.001,64,2,0.3,False,32,75,0.0,0.1,10,5,0.5,True,42
batch_size,32,80,80,9,0.6498726723772107,0.7244246164957683,0.001,64,2,0.3,False,32,75,0.0,0.1,10,5,0.5,True,42
batch_size,32,80,80,10,0.6426485235040839,0.7283411820729574,0.001,64,2,0.3,False,32,75,0.0,0.1,10,5,0.5,True,42
batch_size,32,80,80,11,0.6373880236889377,0.7486395120620728,0.001,64,2,0.3,False,32,75,0.0,0.1,10,5,0.5,True,42
batch_size,32,80,80,12,0.629766496970798,0.7433801651000976,0.001,64,2,0.3,False,32,75,0.0,0.1,10,5,0.5,True,42
batch_size,32,81,81,1,0.69432676560951,0.6922813415527344,0.001,64,2,0.3,False,32,75,0.0,0.1,10,5,0.5,True,42
batch_size,32,81,81,2,0.692517079187162,0.6924311717351278,0.001,64,2,0.3,False,32,75,0.0,0.1,10,5,0.5,True,42
batch_size,32,81,81,3,0.6914754965991685,0.691679859161377,0.001,64,2,0.3,False,32,75,0.0,0.1,10,5,0.5,True,42
batch_size,32,81,81,4,0.6891956171303084,0.688623865445455,0.001,64,2,0.3,False,32,75,0.0,0.1,10,5,0.5,True,42
batch_size,32,81,81,5,0.6878511481212847,0.6891463120778402,0.001,64,2,0.3,False,32,75,0.0,0.1,10,5,0.5,True,42
batch_size,32,81,81,6,0.6834618842059915,0.6907408674558003,0.001,64,2,0.3,False,32,75,0.0,0.1,10,5,0.5,True,42
batch_size,32,81,81,7,0.6778318832317988,0.7029326876004537,0.001,64,2,0.3,False,32,75,0.0,0.1,10,5,0.5,True,42
batch_size,32,81,81,8,0.6716809083114971,0.6989901065826416,0.001,64,2,0.3,False,32,75,0.0,0.1,10,5,0.5,True,42
batch_size,32,81,81,9,0.6605102302450122,0.72795383532842,0.001,64,2,0.3,False,32,75,0.0,0.1,10,5,0.5,True,42
batch_size,32,81,81,10,0.6527455841953104,0.7300230741500855,0.001,64,2,0.3,False,32,75,0.0,0.1,10,5,0.5,True,42
batch_size,32,81,81,11,0.6341776518207608,0.7515268564224243,0.001,64,2,0.3,False,32,75,0.0,0.1,10,5,0.5,True,42
batch_size,32,81,81,12,0.6289821678038799,0.7355244795481364,0.001,64,2,0.3,False,32,75,0.0,0.1,10,5,0.5,True,42
batch_size,32,81,81,13,0.6381274956193838,0.7437488396962484,0.001,64,2,0.3,False,32,75,0.0,0.1,10,5,0.5,True,42
batch_size,32,81,81,14,0.6095468320629813,0.7745881120363871,0.001,64,2,0.3,False,32,75,0.0,0.1,10,5,0.5,True,42
batch_size,32,82,82,1,0.6937262623599081,0.6953042507171631,0.001,64,2,0.3,False,32,75,0.0,0.1,10,5,0.5,True,42
batch_size,32,82,82,2,0.6935062530365858,0.6914658665657043,0.001,64,2,0.3,False,32,75,0.0,0.1,10,5,0.5,True,42
batch_size,32,82,82,3,0.6920133345957958,0.6906100988388062,0.001,64,2,0.3,False,32,75,0.0,0.1,10,5,0.5,True,42
batch_size,32,82,82,4,0.6903807493773374,0.691391376654307,0.001,64,2,0.3,False,32,75,0.0,0.1,10,5,0.5,True,42
batch_size,32,82,82,5,0.6870782185684551,0.6960495511690775,0.001,64,2,0.3,False,32,75,0.0,0.1,10,5,0.5,True,42
batch_size,32,82,82,6,0.6844524036754261,0.6975100239117941,0.001,64,2,0.3,False,32,75,0.0,0.1,10,5,0.5,True,42
batch_size,32,82,82,7,0.6799240405812408,0.7033533175786336,0.001,64,2,0.3,False,32,75,0.0,0.1,10,5,0.5,True,42
batch_size,32,82,82,8,0.6736287628159379,0.7079952081044515,0.001,64,2,0.3,False,32,75,0.0,0.1,10,5,0.5,True,42
batch_size,32,82,82,9,0.6676200646342654,0.7188527345657348,0.001,64,2,0.3,False,32,75,0.0,0.1,10,5,0.5,True,42
batch_size,32,82,82,10,0.6523404667774836,0.739498496055603,0.001,64,2,0.3,False,32,75,0.0,0.1,10,5,0.5,True,42
batch_size,32,82,82,11,0.6471594924276526,0.7421607136726379,0.001,64,2,0.3,False,32,75,0.0,0.1,10,5,0.5,True,42
batch_size,32,82,82,12,0.6320298521807699,0.7583463946978252,0.001,64,2,0.3,False,32,75,0.0,0.1,10,5,0.5,True,42
batch_size,32,82,82,13,0.6252293449008104,0.7626877943674724,0.001,64,2,0.3,False,32,75,0.0,0.1,10,5,0.5,True,42
batch_size,32,83,83,1,0.6940946547370969,0.6939904491106669,0.001,64,2,0.3,False,32,75,0.0,0.1,10,5,0.5,True,42
batch_size,32,83,83,2,0.6930677114111005,0.6926177660624186,0.001,64,2,0.3,False,32,75,0.0,0.1,10,5,0.5,True,42
batch_size,32,83,83,3,0.6907107577179418,0.6956714272499085,0.001,64,2,0.3,False,32,75,0.0,0.1,10,5,0.5,True,42
batch_size,32,83,83,4,0.6895203545238032,0.6911647121111552,0.001,64,2,0.3,False,32,75,0.0,0.1,10,5,0.5,True,42
batch_size,32,83,83,5,0.686135011640462,0.692021119594574,0.001,64,2,0.3,False,32,75,0.0,0.1,10,5,0.5,True,42
batch_size,32,83,83,6,0.683766066124945,0.6943991144498189,0.001,64,2,0.3,False,32,75,0.0,0.1,10,5,0.5,True,42
batch_size,32,83,83,7,0.6777361965540684,0.6992884278297424,0.001,64,2,0.3,False,32,75,0.0,0.1,10,5,0.5,True,42
batch_size,32,83,83,8,0.6713450722622148,0.7121028145154317,0.001,64,2,0.3,False,32,75,0.0,0.1,10,5,0.5,True,42
batch_size,32,83,83,9,0.6626644631226858,0.7156946738560994,0.001,64,2,0.3,False,32,75,0.0,0.1,10,5,0.5,True,42
batch_size,32,83,83,10,0.6538713271870757,0.6975757479667664,0.001,64,2,0.3,False,32,75,0.0,0.1,10,5,0.5,True,42
batch_size,32,83,83,11,0.6354871595447714,0.7277476787567139,0.001,64,2,0.3,False,32,75,0.0,0.1,10,5,0.5,True,42
batch_size,32,83,83,12,0.6215979174682589,0.7425334254900614,0.001,64,2,0.3,False,32,75,0.0,0.1,10,5,0.5,True,42
batch_size,32,83,83,13,0.6126652217724107,0.7532382806142172,0.001,64,2,0.3,False,32,75,0.0,0.1,10,5,0.5,True,42
batch_size,32,83,83,14,0.5981140168327274,0.7701350371042888,0.001,64,2,0.3,False,32,75,0.0,0.1,10,5,0.5,True,42
batch_size,32,84,84,1,0.6941898912191391,0.6942647695541382,0.001,64,2,0.3,False,32,75,0.0,0.1,10,5,0.5,True,42
batch_size,32,84,84,2,0.6922871276284709,0.6937875231107076,0.001,64,2,0.3,False,32,75,0.0,0.1,10,5,0.5,True,42
batch_size,32,84,84,3,0.6908591330954523,0.6936859091122946,0.001,64,2,0.3,False,32,75,0.0,0.1,10,5,0.5,True,42
batch_size,32,84,84,4,0.6884488738847502,0.6957605163256327,0.001,64,2,0.3,False,32,75,0.0,0.1,10,5,0.5,True,42
batch_size,32,84,84,5,0.6859339087298422,0.6940051476160686,0.001,64,2,0.3,False,32,75,0.0,0.1,10,5,0.5,True,42
batch_size,32,84,84,6,0.6825923445549879,0.6984133919080099,0.001,64,2,0.3,False,32,75,0.0,0.1,10,5,0.5,True,42
batch_size,32,84,84,7,0.6789733076637442,0.6984917680422466,0.001,64,2,0.3,False,32,75,0.0,0.1,10,5,0.5,True,42
batch_size,32,84,84,8,0.6731935879497817,0.7147672851880391,0.001,64,2,0.3,False,32,75,0.0,0.1,10,5,0.5,True,42
batch_size,32,84,84,9,0.6674048169092699,0.7197029789288839,0.001,64,2,0.3,False,32,75,0.0,0.1,10,5,0.5,True,42
batch_size,32,84,84,10,0.6514104541504022,0.7324382185935974,0.001,64,2,0.3,False,32,75,0.0,0.1,10,5,0.5,True,42
batch_size,32,84,84,11,0.6426721987399188,0.7430757681528727,0.001,64,2,0.3,False,32,75,0.0,0.1,10,5,0.5,True,42
batch_size,32,84,84,12,0.6322351757324103,0.7514061689376831,0.001,64,2,0.3,False,32,75,0.0,0.1,10,5,0.5,True,42
batch_size,32,84,84,13,0.6187055639245294,0.7756290396054586,0.001,64,2,0.3,False,32,75,0.0,0.1,10,5,0.5,True,42
batch_size,32,85,85,1,0.6941442616058119,0.6932235836982727,0.001,64,2,0.3,False,32,75,0.0,0.1,10,5,0.5,True,42
batch_size,32,85,85,2,0.6924021149223502,0.6930595318476359,0.001,64,2,0.3,False,32,75,0.0,0.1,10,5,0.5,True,42
batch_size,32,85,85,3,0.6918382346630096,0.6934994538625081,0.001,64,2,0.3,False,32,75,0.0,0.1,10,5,0.5,True,42
batch_size,32,85,85,4,0.6887990909092354,0.6926602522532145,0.001,64,2,0.3,False,32,75,0.0,0.1,10,5,0.5,True,42
batch_size,32,85,85,5,0.6860103137565382,0.693206803003947,0.001,64,2,0.3,False,32,75,0.0,0.1,10,5,0.5,True,42
batch_size,32,85,85,6,0.6818266768347133,0.7030528585116068,0.001,64,2,0.3,False,32,75,0.0,0.1,10,5,0.5,True,42
batch_size,32,85,85,7,0.676587241617116,0.7054620862007142,0.001,64,2,0.3,False,32,75,0.0,0.1,10,5,0.5,True,42
batch_size,32,85,85,8,0.6678943196029374,0.7099756201108297,0.001,64,2,0.3,False,32,75,0.0,0.1,10,5,0.5,True,42
batch_size,32,85,85,9,0.6578765574729804,0.7197164972623189,0.001,64,2,0.3,False,32,75,0.0,0.1,10,5,0.5,True,42
batch_size,32,85,85,10,0.6521919536771197,0.7401250958442688,0.001,64,2,0.3,False,32,75,0.0,0.1,10,5,0.5,True,42
batch_size,32,85,85,11,0.6293695307139194,0.7538451870282491,0.001,64,2,0.3,False,32,75,0.0,0.1,10,5,0.5,True,42
batch_size,32,85,85,12,0.612546377335534,0.766555122534434,0.001,64,2,0.3,False,32,75,0.0,0.1,10,5,0.5,True,42
batch_size,32,85,85,13,0.6042916941823382,0.7732146859169007,0.001,64,2,0.3,False,32,75,0.0,0.1,10,5,0.5,True,42
batch_size,32,85,85,14,0.5918866348537531,0.8285109122594198,0.001,64,2,0.3,False,32,75,0.0,0.1,10,5,0.5,True,42
batch_size,32,86,86,1,0.6937508434057236,0.6933223446210225,0.001,64,2,0.3,False,32,75,0.0,0.1,10,5,0.5,True,42
batch_size,32,86,86,2,0.6931895713011423,0.6920787175496419,0.001,64,2,0.3,False,32,75,0.0,0.1,10,5,0.5,True,42
batch_size,32,86,86,3,0.6908214597991018,0.6914765954017639,0.001,64,2,0.3,False,32,75,0.0,0.1,10,5,0.5,True,42
batch_size,32,86,86,4,0.6903932460329749,0.6899689912796021,0.001,64,2,0.3,False,32,75,0.0,0.1,10,5,0.5,True,42
batch_size,32,86,86,5,0.6863181369774269,0.6935781836509705,0.001,64,2,0.3,False,32,75,0.0,0.1,10,5,0.5,True,42
batch_size,32,86,86,6,0.6823142649549426,0.6952800313631694,0.001,64,2,0.3,False,32,75,0.0,0.1,10,5,0.5,True,42
batch_size,32,86,86,7,0.6748540694966461,0.6974243561426798,0.001,64,2,0.3,False,32,75,0.0,0.1,10,5,0.5,True,42
batch_size,32,86,86,8,0.6691867126659914,0.6992720206578572,0.001,64,2,0.3,False,32,75,0.0,0.1,10,5,0.5,True,42
batch_size,32,86,86,9,0.6593640080907128,0.7357887486616771,0.001,64,2,0.3,False,32,75,0.0,0.1,10,5,0.5,True,42
batch_size,32,86,86,10,0.6543550597447337,0.7268341898918151,0.001,64,2,0.3,False,32,75,0.0,0.1,10,5,0.5,True,42
batch_size,32,86,86,11,0.6377884727535825,0.738604478041331,0.001,64,2,0.3,False,32,75,0.0,0.1,10,5,0.5,True,42
batch_size,32,86,86,12,0.6214501214298335,0.7553296367327372,0.001,64,2,0.3,False,32,75,0.0,0.1,10,5,0.5,True,42
batch_size,32,86,86,13,0.6066775635787935,0.7886651635169983,0.001,64,2,0.3,False,32,75,0.0,0.1,10,5,0.5,True,42
batch_size,32,86,86,14,0.6006126209641948,0.8077767531077067,0.001,64,2,0.3,False,32,75,0.0,0.1,10,5,0.5,True,42
batch_size,32,87,87,1,0.6932433333360788,0.6939479152361552,0.001,64,2,0.3,False,32,75,0.0,0.1,10,5,0.5,True,42
batch_size,32,87,87,2,0.6933775860251803,0.6938853820164999,0.001,64,2,0.3,False,32,75,0.0,0.1,10,5,0.5,True,42
batch_size,32,87,87,3,0.6919631804480697,0.6915397246678671,0.001,64,2,0.3,False,32,75,0.0,0.1,10,5,0.5,True,42
batch_size,32,87,87,4,0.6918679561578867,0.6896893819173177,0.001,64,2,0.3,False,32,75,0.0,0.1,10,5,0.5,True,42
batch_size,32,87,87,5,0.6906488438447317,0.6908843278884887,0.001,64,2,0.3,False,32,75,0.0,0.1,10,5,0.5,True,42
batch_size,32,87,87,6,0.6889609053279414,0.6860457579294841,0.001,64,2,0.3,False,32,75,0.0,0.1,10,5,0.5,True,42
batch_size,32,87,87,7,0.6850121260592432,0.6900444149971008,0.001,64,2,0.3,False,32,75,0.0,0.1,10,5,0.5,True,42
batch_size,32,87,87,8,0.6822416990092306,0.6887685378392537,0.001,64,2,0.3,False,32,75,0.0,0.1,10,5,0.5,True,42
batch_size,32,87,87,9,0.6750193053122723,0.6936999519666036,0.001,64,2,0.3,False,32,75,0.0,0.1,10,5,0.5,True,42
batch_size,32,87,87,10,0.6696793378302546,0.6999610781669616,0.001,64,2,0.3,False,32,75,0.0,0.1,10,5,0.5,True,42
batch_size,32,87,87,11,0.6599176706689777,0.7226295630137126,0.001,64,2,0.3,False,32,75,0.0,0.1,10,5,0.5,True,42
batch_size,32,87,87,12,0.6480550867590037,0.7071923216183981,0.001,64,2,0.3,False,32,75,0.0,0.1,10,5,0.5,True,42
batch_size,32,87,87,13,0.6243999577832945,0.7201717853546142,0.001,64,2,0.3,False,32,75,0.0,0.1,10,5,0.5,True,42
batch_size,32,87,87,14,0.6095892852454474,0.7464890360832215,0.001,64,2,0.3,False,32,75,0.0,0.1,10,5,0.5,True,42
batch_size,32,87,87,15,0.5973380336707289,0.7600237488746643,0.001,64,2,0.3,False,32,75,0.0,0.1,10,5,0.5,True,42
batch_size,32,87,87,16,0.5863248355912439,0.7635382612546285,0.001,64,2,0.3,False,32,75,0.0,0.1,10,5,0.5,True,42
batch_size,32,88,88,1,0.694594862334656,0.69297776222229,0.001,64,2,0.3,False,32,75,0.0,0.1,10,5,0.5,True,42
batch_size,32,88,88,2,0.6928148703141646,0.6933285077412923,0.001,64,2,0.3,False,32,75,0.0,0.1,10,5,0.5,True,42
batch_size,32,88,88,3,0.6916649946660707,0.6925448973973592,0.001,64,2,0.3,False,32,75,0.0,0.1,10,5,0.5,True,42
batch_size,32,88,88,4,0.690476091522159,0.6979091246922811,0.001,64,2,0.3,False,32,75,0.0,0.1,10,5,0.5,True,42
batch_size,32,88,88,5,0.6892325214364312,0.693823778629303,0.001,64,2,0.3,False,32,75,0.0,0.1,10,5,0.5,True,42
batch_size,32,88,88,6,0.6861944248278936,0.6984953204790751,0.001,64,2,0.3,False,32,75,0.0,0.1,10,5,0.5,True,42
batch_size,32,88,88,7,0.6815588483304689,0.7004818439483642,0.001,64,2,0.3,False,32,75,0.0,0.1,10,5,0.5,True,42
batch_size,32,88,88,8,0.6753229381460132,0.7001903891563416,0.001,64,2,0.3,False,32,75,0.0,0.1,10,5,0.5,True,42
batch_size,32,88,88,9,0.6665554823297443,0.7200157880783081,0.001,64,2,0.3,False,32,75,0.0,0.1,10,5,0.5,True,42
batch_size,32,88,88,10,0.6525813440481821,0.721851921081543,0.001,64,2,0.3,False,32,75,0.0,0.1,10,5,0.5,True,42
batch_size,32,88,88,11,0.6387617375814554,0.7353524764378866,0.001,64,2,0.3,False,32,75,0.0,0.1,10,5,0.5,True,42
batch_size,32,88,88,12,0.6275172994443865,0.7832620700200399,0.001,64,2,0.3,False,32,75,0.0,0.1,10,5,0.5,True,42
batch_size,32,88,88,13,0.6164592091332782,0.7861268639564514,0.001,64,2,0.3,False,32,75,0.0,0.1,10,5,0.5,True,42
batch_size,32,89,89,1,0.6937370304808472,0.6934987068176269,0.001,64,2,0.3,False,32,75,0.0,0.1,10,5,0.5,True,42
batch_size,32,89,89,2,0.6921384411327767,0.6945904334386189,0.001,64,2,0.3,False,32,75,0.0,0.1,10,5,0.5,True,42
batch_size,32,89,89,3,0.6916979704842423,0.6937196691830952,0.001,64,2,0.3,False,32,75,0.0,0.1,10,5,0.5,True,42
batch_size,32,89,89,4,0.6890453786560984,0.6941346923510233,0.001,64,2,0.3,False,32,75,0.0,0.1,10,5,0.5,True,42
batch_size,32,89,89,5,0.6867022500796751,0.6966017524401347,0.001,64,2,0.3,False,32,75,0.0,0.1,10,5,0.5,True,42
batch_size,32,89,89,6,0.6834212663498792,0.6968881805737813,0.001,64,2,0.3,False,32,75,0.0,0.1,10,5,0.5,True,42
batch_size,32,89,89,7,0.677689276861422,0.7037438790003459,0.001,64,2,0.3,False,32,75,0.0,0.1,10,5,0.5,True,42
batch_size,32,89,89,8,0.6665713014927778,0.717821729183197,0.001,64,2,0.3,False,32,75,0.0,0.1,10,5,0.5,True,42
batch_size,32,89,89,9,0.6558072395396956,0.7106563687324524,0.001,64,2,0.3,False,32,75,0.0,0.1,10,5,0.5,True,42
batch_size,32,89,89,10,0.6479713370402654,0.7228658676147461,0.001,64,2,0.3,False,32,75,0.0,0.1,10,5,0.5,True,42
batch_size,32,89,89,11,0.6400725297404058,0.7351980566978454,0.001,64,2,0.3,False,32,75,0.0,0.1,10,5,0.5,True,42
batch_size,32,90,90,1,0.6941480049581239,0.6944157799084981,0.001,64,2,0.3,False,32,75,0.0,0.1,10,5,0.5,True,42
batch_size,32,90,90,2,0.6931110900459867,0.6933591802914937,0.001,64,2,0.3,False,32,75,0.0,0.1,10,5,0.5,True,42
batch_size,32,90,90,3,0.6917579160495237,0.6907666722933451,0.001,64,2,0.3,False,32,75,0.0,0.1,10,5,0.5,True,42
batch_size,32,90,90,4,0.6909773151079813,0.691731858253479,0.001,64,2,0.3,False,32,75,0.0,0.1,10,5,0.5,True,42
batch_size,32,90,90,5,0.6887108850659747,0.6904858430226644,0.001,64,2,0.3,False,32,75,0.0,0.1,10,5,0.5,True,42
batch_size,32,90,90,6,0.6852655884894457,0.6979193925857544,0.001,64,2,0.3,False,32,75,0.0,0.1,10,5,0.5,True,42
batch_size,32,90,90,7,0.679467238260038,0.6882863283157349,0.001,64,2,0.3,False,32,75,0.0,0.1,10,5,0.5,True,42
batch_size,32,90,90,8,0.6742547023476977,0.6884416818618775,0.001,64,2,0.3,False,32,75,0.0,0.1,10,5,0.5,True,42
batch_size,32,90,90,9,0.6668923939719344,0.6941683371861775,0.001,64,2,0.3,False,32,75,0.0,0.1,10,5,0.5,True,42
batch_size,32,90,90,10,0.6572315006545095,0.6971373279889425,0.001,64,2,0.3,False,32,75,0.0,0.1,10,5,0.5,True,42
batch_size,32,90,90,11,0.6492077062527338,0.7079204479853313,0.001,64,2,0.3,False,32,75,0.0,0.1,10,5,0.5,True,42
batch_size,32,90,90,12,0.6384512317000013,0.734722912311554,0.001,64,2,0.3,False,32,75,0.0,0.1,10,5,0.5,True,42
batch_size,32,90,90,13,0.6285489458929409,0.7398651321729024,0.001,64,2,0.3,False,32,75,0.0,0.1,10,5,0.5,True,42
batch_size,32,90,90,14,0.601568719202822,0.7604191184043885,0.001,64,2,0.3,False,32,75,0.0,0.1,10,5,0.5,True,42
batch_size,32,90,90,15,0.5823615583958048,0.7801644047101338,0.001,64,2,0.3,False,32,75,0.0,0.1,10,5,0.5,True,42
batch_size,32,90,90,16,0.5697486831834822,0.7974859674771627,0.001,64,2,0.3,False,32,75,0.0,0.1,10,5,0.5,True,42
batch_size,32,90,90,17,0.5542130687020042,0.8349901000658672,0.001,64,2,0.3,False,32,75,0.0,0.1,10,5,0.5,True,42
batch_size,32,91,91,1,0.6945367378718925,0.6931696375211079,0.001,64,2,0.3,False,32,75,0.0,0.1,10,5,0.5,True,42
batch_size,32,91,91,2,0.6924635713750665,0.6935612281163533,0.001,64,2,0.3,False,32,75,0.0,0.1,10,5,0.5,True,42
batch_size,32,91,91,3,0.6912021912408598,0.6925479888916015,0.001,64,2,0.3,False,32,75,0.0,0.1,10,5,0.5,True,42
batch_size,32,91,91,4,0.6911026907689644,0.6900797883669535,0.001,64,2,0.3,False,32,75,0.0,0.1,10,5,0.5,True,42
batch_size,32,91,91,5,0.6883374384858392,0.6885977427164713,0.001,64,2,0.3,False,32,75,0.0,0.1,10,5,0.5,True,42
batch_size,32,91,91,6,0.6840026965647032,0.6924571553866069,0.001,64,2,0.3,False,32,75,0.0,0.1,10,5,0.5,True,42
batch_size,32,91,91,7,0.6787689346255679,0.7002216815948487,0.001,64,2,0.3,False,32,75,0.0,0.1,10,5,0.5,True,42
batch_size,32,91,91,8,0.6855467408895493,0.6894037922223409,0.001,64,2,0.3,False,32,75,0.0,0.1,10,5,0.5,True,42
batch_size,32,91,91,9,0.6789030107584867,0.69282120068868,0.001,64,2,0.3,False,32,75,0.0,0.1,10,5,0.5,True,42
batch_size,32,91,91,10,0.6681874584067952,0.7023376822471619,0.001,64,2,0.3,False,32,75,0.0,0.1,10,5,0.5,True,42
batch_size,32,91,91,11,0.6585374077161154,0.7178236524264018,0.001,64,2,0.3,False,32,75,0.0,0.1,10,5,0.5,True,42
batch_size,32,91,91,12,0.6439691885854258,0.7350811739762624,0.001,64,2,0.3,False,32,75,0.0,0.1,10,5,0.5,True,42
batch_size,32,91,91,13,0.6332257837057114,0.7215330044428507,0.001,64,2,0.3,False,32,75,0.0,0.1,10,5,0.5,True,42
batch_size,32,91,91,14,0.6272836966496526,0.7339464982350667,0.001,64,2,0.3,False,32,75,0.0,0.1,10,5,0.5,True,42
batch_size,32,91,91,15,0.6205391538414088,0.7301197608311971,0.001,64,2,0.3,False,32,75,0.0,0.1,10,5,0.5,True,42
batch_size,32,92,92,1,0.6937755540464864,0.6933577140172322,0.001,64,2,0.3,False,32,75,0.0,0.1,10,5,0.5,True,42
batch_size,32,92,92,2,0.6926920341722893,0.6945435881614686,0.001,64,2,0.3,False,32,75,0.0,0.1,10,5,0.5,True,42
batch_size,32,92,92,3,0.6908256696029142,0.697410790125529,0.001,64,2,0.3,False,32,75,0.0,0.1,10,5,0.5,True,42
batch_size,32,92,92,4,0.6884071921760385,0.7008124430974324,0.001,64,2,0.3,False,32,75,0.0,0.1,10,5,0.5,True,42
batch_size,32,92,92,5,0.6870353248986331,0.7017090757687886,0.001,64,2,0.3,False,32,75,0.0,0.1,10,5,0.5,True,42
batch_size,32,92,92,6,0.6838924631927953,0.6986489176750184,0.001,64,2,0.3,False,32,75,0.0,0.1,10,5,0.5,True,42
batch_size,32,92,92,7,0.6783968544367588,0.7102289438247681,0.001,64,2,0.3,False,32,75,0.0,0.1,10,5,0.5,True,42
batch_size,32,92,92,8,0.6692426290475961,0.7089457313219706,0.001,64,2,0.3,False,32,75,0.0,0.1,10,5,0.5,True,42
batch_size,32,92,92,9,0.6600603705102747,0.7204713145891826,0.001,64,2,0.3,False,32,75,0.0,0.1,10,5,0.5,True,42
batch_size,32,92,92,10,0.651491160194079,0.7332432548205058,0.001,64,2,0.3,False,32,75,0.0,0.1,10,5,0.5,True,42
batch_size,32,92,92,11,0.6448546824130145,0.73770170211792,0.001,64,2,0.3,False,32,75,0.0,0.1,10,5,0.5,True,42
batch_size,32,93,93,1,0.6934761942336054,0.6936827898025513,0.001,64,2,0.3,False,32,75,0.0,0.1,10,5,0.5,True,42
batch_size,32,93,93,2,0.6920723869945063,0.6937895894050599,0.001,64,2,0.3,False,32,75,0.0,0.1,10,5,0.5,True,42
batch_size,32,93,93,3,0.6904947545492288,0.6916810512542725,0.001,64,2,0.3,False,32,75,0.0,0.1,10,5,0.5,True,42
batch_size,32,93,93,4,0.6887401825550831,0.6956210573514302,0.001,64,2,0.3,False,32,75,0.0,0.1,10,5,0.5,True,42
batch_size,32,93,93,5,0.6856748981006218,0.6984012603759766,0.001,64,2,0.3,False,32,75,0.0,0.1,10,5,0.5,True,42
batch_size,32,93,93,6,0.6820218445676746,0.6980151851971944,0.001,64,2,0.3,False,32,75,0.0,0.1,10,5,0.5,True,42
batch_size,32,93,93,7,0.6746476726098494,0.7069723089536031,0.001,64,2,0.3,False,32,75,0.0,0.1,10,5,0.5,True,42
batch_size,32,93,93,8,0.6685724226814328,0.7155720671017964,0.001,64,2,0.3,False,32,75,0.0,0.1,10,5,0.5,True,42
batch_size,32,93,93,9,0.6619903761329073,0.7488376259803772,0.001,64,2,0.3,False,32,75,0.0,0.1,10,5,0.5,True,42
batch_size,32,93,93,10,0.6470737520492438,0.7525147358576457,0.001,64,2,0.3,False,32,75,0.0,0.1,10,5,0.5,True,42
batch_size,32,93,93,11,0.637593842365525,0.7606420278549194,0.001,64,2,0.3,False,32,75,0.0,0.1,10,5,0.5,True,42
batch_size,32,93,93,12,0.6249938647855412,0.7623230854670207,0.001,64,2,0.3,False,32,75,0.0,0.1,10,5,0.5,True,42
batch_size,32,93,93,13,0.6168583277048487,0.7849239428838094,0.001,64,2,0.3,False,32,75,0.0,0.1,10,5,0.5,True,42
batch_size,32,94,94,1,0.6944666852553686,0.6926767031351725,0.001,64,2,0.3,False,32,75,0.0,0.1,10,5,0.5,True,42
batch_size,32,94,94,2,0.6929032043977217,0.692350979646047,0.001,64,2,0.3,False,32,75,0.0,0.1,10,5,0.5,True,42
batch_size,32,94,94,3,0.6915886375037107,0.692605996131897,0.001,64,2,0.3,False,32,75,0.0,0.1,10,5,0.5,True,42
batch_size,32,94,94,4,0.6901386678218842,0.6915539820988973,0.001,64,2,0.3,False,32,75,0.0,0.1,10,5,0.5,True,42
batch_size,32,94,94,5,0.6870532347397371,0.6925437410672506,0.001,64,2,0.3,False,32,75,0.0,0.1,10,5,0.5,True,42
batch_size,32,94,94,6,0.6813265166499398,0.7033493161201477,0.001,64,2,0.3,False,32,75,0.0,0.1,10,5,0.5,True,42
batch_size,32,94,94,7,0.6785405047915198,0.6997738003730773,0.001,64,2,0.3,False,32,75,0.0,0.1,10,5,0.5,True,42
batch_size,32,94,94,8,0.6699568353819124,0.7059815764427185,0.001,64,2,0.3,False,32,75,0.0,0.1,10,5,0.5,True,42
batch_size,32,94,94,9,0.6624752707553633,0.7177589217821757,0.001,64,2,0.3,False,32,75,0.0,0.1,10,5,0.5,True,42
batch_size,32,94,94,10,0.6535229326197596,0.7312774856885275,0.001,64,2,0.3,False,32,75,0.0,0.1,10,5,0.5,True,42
batch_size,32,94,94,11,0.6306910343242415,0.7458028356234233,0.001,64,2,0.3,False,32,75,0.0,0.1,10,5,0.5,True,42
batch_size,32,94,94,12,0.6136331910436804,0.7932096600532532,0.001,64,2,0.3,False,32,75,0.0,0.1,10,5,0.5,True,42
batch_size,32,94,94,13,0.6018511853886374,0.7829193433125814,0.001,64,2,0.3,False,32,75,0.0,0.1,10,5,0.5,True,42
batch_size,32,94,94,14,0.5921007369955381,0.8370503505071004,0.001,64,2,0.3,False,32,75,0.0,0.1,10,5,0.5,True,42
batch_size,32,95,95,1,0.6937356166767351,0.6920601050059001,0.001,64,2,0.3,False,32,75,0.0,0.1,10,5,0.5,True,42
batch_size,32,95,95,2,0.6917249777100303,0.6917987704277039,0.001,64,2,0.3,False,32,75,0.0,0.1,10,5,0.5,True,42
batch_size,32,95,95,3,0.6909497140934973,0.6927099307378133,0.001,64,2,0.3,False,32,75,0.0,0.1,10,5,0.5,True,42
batch_size,32,95,95,4,0.6880088507226019,0.6940388878186544,0.001,64,2,0.3,False,32,75,0.0,0.1,10,5,0.5,True,42
batch_size,32,95,95,5,0.6835287132046439,0.7018454432487488,0.001,64,2,0.3,False,32,75,0.0,0.1,10,5,0.5,True,42
batch_size,32,95,95,6,0.6792476610703901,0.7101819396018982,0.001,64,2,0.3,False,32,75,0.0,0.1,10,5,0.5,True,42
batch_size,32,95,95,7,0.6770396033922831,0.7089586059252421,0.001,64,2,0.3,False,32,75,0.0,0.1,10,5,0.5,True,42
batch_size,32,95,95,8,0.670105084325328,0.7116690238316854,0.001,64,2,0.3,False,32,75,0.0,0.1,10,5,0.5,True,42
batch_size,32,95,95,9,0.6576261886141517,0.7119129419326782,0.001,64,2,0.3,False,32,75,0.0,0.1,10,5,0.5,True,42
batch_size,32,95,95,10,0.6483825418082151,0.7334686279296875,0.001,64,2,0.3,False,32,75,0.0,0.1,10,5,0.5,True,42
batch_size,32,95,95,11,0.6418385076703448,0.7469667792320251,0.001,64,2,0.3,False,32,75,0.0,0.1,10,5,0.5,True,42
batch_size,32,95,95,12,0.6351225439346198,0.7479172348976135,0.001,64,2,0.3,False,32,75,0.0,0.1,10,5,0.5,True,42
batch_size,32,96,96,1,0.6943045362378611,0.6953300317128499,0.001,64,2,0.3,False,32,75,0.0,0.1,10,5,0.5,True,42
batch_size,32,96,96,2,0.6926394773252083,0.6955264170964559,0.001,64,2,0.3,False,32,75,0.0,0.1,10,5,0.5,True,42
batch_size,32,96,96,3,0.6900247285763422,0.6977996826171875,0.001,64,2,0.3,False,32,75,0.0,0.1,10,5,0.5,True,42
batch_size,32,96,96,4,0.6893724022489606,0.6944210608800252,0.001,64,2,0.3,False,32,75,0.0,0.1,10,5,0.5,True,42
batch_size,32,96,96,5,0.6868553897648146,0.6937889099121094,0.001,64,2,0.3,False,32,75,0.0,0.1,10,5,0.5,True,42
batch_size,32,96,96,6,0.6844811660773826,0.6954373081525167,0.001,64,2,0.3,False,32,75,0.0,0.1,10,5,0.5,True,42
batch_size,32,96,96,7,0.6791769342892098,0.696822174390157,0.001,64,2,0.3,False,32,75,0.0,0.1,10,5,0.5,True,42
batch_size,32,96,96,8,0.6754490800879218,0.7047935883204143,0.001,64,2,0.3,False,32,75,0.0,0.1,10,5,0.5,True,42
batch_size,32,96,96,9,0.6669002947482195,0.7063941518465678,0.001,64,2,0.3,False,32,75,0.0,0.1,10,5,0.5,True,42
batch_size,32,96,96,10,0.6573765128850937,0.7200715661048889,0.001,64,2,0.3,False,32,75,0.0,0.1,10,5,0.5,True,42
batch_size,32,96,96,11,0.6429553786010453,0.7423914909362793,0.001,64,2,0.3,False,32,75,0.0,0.1,10,5,0.5,True,42
batch_size,32,96,96,12,0.6191891596624346,0.7698353330294291,0.001,64,2,0.3,False,32,75,0.0,0.1,10,5,0.5,True,42
batch_size,32,96,96,13,0.6046720192287908,0.7817368110020956,0.001,64,2,0.3,False,32,75,0.0,0.1,10,5,0.5,True,42
batch_size,32,96,96,14,0.5879660318746711,0.804349708557129,0.001,64,2,0.3,False,32,75,0.0,0.1,10,5,0.5,True,42
batch_size,32,96,96,15,0.5719723708250306,0.8270691076914469,0.001,64,2,0.3,False,32,75,0.0,0.1,10,5,0.5,True,42
batch_size,32,97,97,1,0.693563364220388,0.6936719497044881,0.001,64,2,0.3,False,32,75,0.0,0.1,10,5,0.5,True,42
batch_size,32,97,97,2,0.6926023634997281,0.6928912361462911,0.001,64,2,0.3,False,32,75,0.0,0.1,10,5,0.5,True,42
batch_size,32,97,97,3,0.6917754018848593,0.691926908493042,0.001,64,2,0.3,False,32,75,0.0,0.1,10,5,0.5,True,42
batch_size,32,97,97,4,0.6901390737656391,0.6915465474128724,0.001,64,2,0.3,False,32,75,0.0,0.1,10,5,0.5,True,42
batch_size,32,97,97,5,0.6887098361145366,0.6910937269528706,0.001,64,2,0.3,False,32,75,0.0,0.1,10,5,0.5,True,42
batch_size,32,97,97,6,0.6844675437067494,0.6903850913047791,0.001,64,2,0.3,False,32,75,0.0,0.1,10,5,0.5,True,42
batch_size,32,97,97,7,0.6810530157703342,0.6911449591318767,0.001,64,2,0.3,False,32,75,0.0,0.1,10,5,0.5,True,42
batch_size,32,97,97,8,0.6748917071205197,0.6948007464408874,0.001,64,2,0.3,False,32,75,0.0,0.1,10,5,0.5,True,42
batch_size,32,97,97,9,0.6720039460695151,0.7094456156094869,0.001,64,2,0.3,False,32,75,0.0,0.1,10,5,0.5,True,42
batch_size,32,97,97,10,0.6599697700955651,0.707123605410258,0.001,64,2,0.3,False,32,75,0.0,0.1,10,5,0.5,True,42
batch_size,32,97,97,11,0.6513258521303986,0.7183301051457723,0.001,64,2,0.3,False,32,75,0.0,0.1,10,5,0.5,True,42
batch_size,32,97,97,12,0.6384941998756293,0.7221005320549011,0.001,64,2,0.3,False,32,75,0.0,0.1,10,5,0.5,True,42
batch_size,32,97,97,13,0.6090962182391774,0.7429661154747009,0.001,64,2,0.3,False,32,75,0.0,0.1,10,5,0.5,True,42
batch_size,32,97,97,14,0.591112310913476,0.7906051953633626,0.001,64,2,0.3,False,32,75,0.0,0.1,10,5,0.5,True,42
batch_size,32,97,97,15,0.5786894318280797,0.7810513933499654,0.001,64,2,0.3,False,32,75,0.0,0.1,10,5,0.5,True,42
batch_size,32,97,97,16,0.5646431875048261,0.816519021987915,0.001,64,2,0.3,False,32,75,0.0,0.1,10,5,0.5,True,42
batch_size,32,98,98,1,0.6939386296452899,0.6932455380757649,0.001,64,2,0.3,False,32,75,0.0,0.1,10,5,0.5,True,42
batch_size,32,98,98,2,0.6919559014566017,0.6952333887418111,0.001,64,2,0.3,False,32,75,0.0,0.1,10,5,0.5,True,42
batch_size,32,98,98,3,0.6928871436552568,0.6931260426839193,0.001,64,2,0.3,False,32,75,0.0,0.1,10,5,0.5,True,42
batch_size,32,98,98,4,0.6914723045898207,0.6932589928309123,0.001,64,2,0.3,False,32,75,0.0,0.1,10,5,0.5,True,42
batch_size,32,98,98,5,0.6891479970830859,0.6930071115493774,0.001,64,2,0.3,False,32,75,0.0,0.1,10,5,0.5,True,42
batch_size,32,98,98,6,0.6850693451635765,0.6941343625386556,0.001,64,2,0.3,False,32,75,0.0,0.1,10,5,0.5,True,42
batch_size,32,98,98,7,0.679520336967526,0.6955736716588338,0.001,64,2,0.3,False,32,75,0.0,0.1,10,5,0.5,True,42
batch_size,32,98,98,8,0.6739739856936715,0.7086702307065328,0.001,64,2,0.3,False,32,75,0.0,0.1,10,5,0.5,True,42
batch_size,32,98,98,9,0.6646771318081653,0.710034704208374,0.001,64,2,0.3,False,32,75,0.0,0.1,10,5,0.5,True,42
batch_size,32,98,98,10,0.6586042507128282,0.7068671782811483,0.001,64,2,0.3,False,32,75,0.0,0.1,10,5,0.5,True,42
batch_size,32,98,98,11,0.6470465488506086,0.7114922483762105,0.001,64,2,0.3,False,32,75,0.0,0.1,10,5,0.5,True,42
batch_size,32,98,98,12,0.6258836454062751,0.7235111435254414,0.001,64,2,0.3,False,32,75,0.0,0.1,10,5,0.5,True,42
batch_size,32,98,98,13,0.6065536509409095,0.7595839897791544,0.001,64,2,0.3,False,32,75,0.0,0.1,10,5,0.5,True,42
batch_size,32,98,98,14,0.595823549863064,0.7778061270713806,0.001,64,2,0.3,False,32,75,0.0,0.1,10,5,0.5,True,42
batch_size,32,98,98,15,0.5781078056404085,0.8048718770345052,0.001,64,2,0.3,False,32,75,0.0,0.1,10,5,0.5,True,42
batch_size,32,99,99,1,0.6935277915362156,0.6930898427963257,0.001,64,2,0.3,False,32,75,0.0,0.1,10,5,0.5,True,42
batch_size,32,99,99,2,0.6926976898402879,0.6933069348335266,0.001,64,2,0.3,False,32,75,0.0,0.1,10,5,0.5,True,42
batch_size,32,99,99,3,0.6899525681228349,0.6957529981931051,0.001,64,2,0.3,False,32,75,0.0,0.1,10,5,0.5,True,42
batch_size,32,99,99,4,0.6895624214049542,0.6925145745277405,0.001,64,2,0.3,False,32,75,0.0,0.1,10,5,0.5,True,42
batch_size,32,99,99,5,0.6857218986207788,0.6921983440717061,0.001,64,2,0.3,False,32,75,0.0,0.1,10,5,0.5,True,42
batch_size,32,99,99,6,0.6812665701815577,0.6933484315872193,0.001,64,2,0.3,False,32,75,0.0,0.1,10,5,0.5,True,42
batch_size,32,99,99,7,0.6770703760963498,0.7032641847928365,0.001,64,2,0.3,False,32,75,0.0,0.1,10,5,0.5,True,42
batch_size,32,99,99,8,0.6725729229775342,0.6971328457196554,0.001,64,2,0.3,False,32,75,0.0,0.1,10,5,0.5,True,42
batch_size,32,99,99,9,0.6653987742734678,0.7063997030258179,0.001,64,2,0.3,False,32,75,0.0,0.1,10,5,0.5,True,42
batch_size,32,99,99,10,0.654926002928705,0.7396996180216472,0.001,64,2,0.3,False,32,75,0.0,0.1,10,5,0.5,True,42
batch_size,32,99,99,11,0.6440827702030991,0.767003615697225,0.001,64,2,0.3,False,32,75,0.0,0.1,10,5,0.5,True,42
batch_size,32,99,99,12,0.6198763705112718,0.7578572591145833,0.001,64,2,0.3,False,32,75,0.0,0.1,10,5,0.5,True,42
batch_size,32,99,99,13,0.6072771099932266,0.7917905569076538,0.001,64,2,0.3,False,32,75,0.0,0.1,10,5,0.5,True,42
batch_size,32,99,99,14,0.5920881231625875,0.7896421114603679,0.001,64,2,0.3,False,32,75,0.0,0.1,10,5,0.5,True,42
batch_size,32,99,99,15,0.5770523229783232,0.832942541440328,0.001,64,2,0.3,False,32,75,0.0,0.1,10,5,0.5,True,42
batch_size,32,100,100,1,0.6938126610987114,0.6941457430521647,0.001,64,2,0.3,False,32,75,0.0,0.1,10,5,0.5,True,42
batch_size,32,100,100,2,0.6921112718004169,0.693876318136851,0.001,64,2,0.3,False,32,75,0.0,0.1,10,5,0.5,True,42
batch_size,32,100,100,3,0.6919579826521151,0.6968310435612997,0.001,64,2,0.3,False,32,75,0.0,0.1,10,5,0.5,True,42
batch_size,32,100,100,4,0.6889451945369894,0.6969811956087748,0.001,64,2,0.3,False,32,75,0.0,0.1,10,5,0.5,True,42
batch_size,32,100,100,5,0.6869060555190751,0.6953994075457255,0.001,64,2,0.3,False,32,75,0.0,0.1,10,5,0.5,True,42
batch_size,32,100,100,6,0.6863175224174153,0.6963254451751709,0.001,64,2,0.3,False,32,75,0.0,0.1,10,5,0.5,True,42
batch_size,32,100,100,7,0.6796682955640735,0.7037101785341898,0.001,64,2,0.3,False,32,75,0.0,0.1,10,5,0.5,True,42
batch_size,32,100,100,8,0.6736124866839611,0.7072513898213705,0.001,64,2,0.3,False,32,75,0.0,0.1,10,5,0.5,True,42
batch_size,32,100,100,9,0.6613189289064119,0.7187301794687907,0.001,64,2,0.3,False,32,75,0.0,0.1,10,5,0.5,True,42
batch_size,32,100,100,10,0.6496018821542914,0.721451469262441,0.001,64,2,0.3,False,32,75,0.0,0.1,10,5,0.5,True,42
batch_size,32,100,100,11,0.639055842703039,0.7575540701548259,0.001,64,2,0.3,False,32,75,0.0,0.1,10,5,0.5,True,42
batch_size,32,100,100,12,0.629930314692584,0.7426990667978922,0.001,64,2,0.3,False,32,75,0.0,0.1,10,5,0.5,True,42
batch_size,32,101,101,1,0.6941638187025533,0.6929564317067464,0.001,64,2,0.3,False,32,75,0.0,0.1,10,5,0.5,True,42
batch_size,32,101,101,2,0.6928280072681832,0.6912695169448853,0.001,64,2,0.3,False,32,75,0.0,0.1,10,5,0.5,True,42
batch_size,32,101,101,3,0.6913419844526233,0.6920894384384155,0.001,64,2,0.3,False,32,75,0.0,0.1,10,5,0.5,True,42
batch_size,32,101,101,4,0.6906531967900016,0.6898954272270202,0.001,64,2,0.3,False,32,75,0.0,0.1,10,5,0.5,True,42
batch_size,32,101,101,5,0.6896739556933894,0.6926367362340291,0.001,64,2,0.3,False,32,75,0.0,0.1,10,5,0.5,True,42
batch_size,32,101,101,6,0.6862511815446796,0.6899415453275045,0.001,64,2,0.3,False,32,75,0.0,0.1,10,5,0.5,True,42
batch_size,32,101,101,7,0.6830851223432657,0.6906005501747131,0.001,64,2,0.3,False,32,75,0.0,0.1,10,5,0.5,True,42
batch_size,32,101,101,8,0.6780448704957962,0.6933033347129822,0.001,64,2,0.3,False,32,75,0.0,0.1,10,5,0.5,True,42
batch_size,32,101,101,9,0.6701282276348635,0.6939616600672404,0.001,64,2,0.3,False,32,75,0.0,0.1,10,5,0.5,True,42
batch_size,32,101,101,10,0.662807591936805,0.7004385232925415,0.001,64,2,0.3,False,32,75,0.0,0.1,10,5,0.5,True,42
batch_size,32,101,101,11,0.6450477703051134,0.70441232919693,0.001,64,2,0.3,False,32,75,0.0,0.1,10,5,0.5,True,42
batch_size,32,101,101,12,0.6316535450292357,0.7171579639116923,0.001,64,2,0.3,False,32,75,0.0,0.1,10,5,0.5,True,42
batch_size,32,101,101,13,0.6236171535018719,0.7347517569859823,0.001,64,2,0.3,False,32,75,0.0,0.1,10,5,0.5,True,42
batch_size,32,101,101,14,0.6069804908651294,0.7433887283007304,0.001,64,2,0.3,False,32,75,0.0,0.1,10,5,0.5,True,42
batch_size,32,102,102,1,0.6936507477904811,0.693212886651357,0.001,64,2,0.3,False,32,75,0.0,0.1,10,5,0.5,True,42
batch_size,32,102,102,2,0.6921682904163996,0.6919427275657654,0.001,64,2,0.3,False,32,75,0.0,0.1,10,5,0.5,True,42
batch_size,32,102,102,3,0.6917192502455278,0.690618360042572,0.001,64,2,0.3,False,32,75,0.0,0.1,10,5,0.5,True,42
batch_size,32,102,102,4,0.6885987547310916,0.6908417065938314,0.001,64,2,0.3,False,32,75,0.0,0.1,10,5,0.5,True,42
batch_size,32,102,102,5,0.6853987908724583,0.6916708707809448,0.001,64,2,0.3,False,32,75,0.0,0.1,10,5,0.5,True,42
batch_size,32,102,102,6,0.681269677750992,0.688685937722524,0.001,64,2,0.3,False,32,75,0.0,0.1,10,5,0.5,True,42
batch_size,32,102,102,7,0.680685405478333,0.6936660170555115,0.001,64,2,0.3,False,32,75,0.0,0.1,10,5,0.5,True,42
batch_size,32,102,102,8,0.6751593482313734,0.6967793583869935,0.001,64,2,0.3,False,32,75,0.0,0.1,10,5,0.5,True,42
batch_size,32,102,102,9,0.671631776473739,0.6994431455930074,0.001,64,2,0.3,False,32,75,0.0,0.1,10,5,0.5,True,42
batch_size,32,102,102,10,0.6644242351705377,0.7014415740966797,0.001,64,2,0.3,False,32,75,0.0,0.1,10,5,0.5,True,42
batch_size,32,102,102,11,0.6533362937696052,0.7281526247660319,0.001,64,2,0.3,False,32,75,0.0,0.1,10,5,0.5,True,42
batch_size,32,102,102,12,0.6481103757114122,0.7366084655125936,0.001,64,2,0.3,False,32,75,0.0,0.1,10,5,0.5,True,42
batch_size,32,102,102,13,0.6321527962431763,0.7327623685201009,0.001,64,2,0.3,False,32,75,0.0,0.1,10,5,0.5,True,42
batch_size,32,102,102,14,0.6143074401400306,0.7589161554972331,0.001,64,2,0.3,False,32,75,0.0,0.1,10,5,0.5,True,42
batch_size,32,102,102,15,0.6096644430901065,0.7595887899398803,0.001,64,2,0.3,False,32,75,0.0,0.1,10,5,0.5,True,42
batch_size,32,102,102,16,0.5942375901522059,0.8118330518404643,0.001,64,2,0.3,False,32,75,0.0,0.1,10,5,0.5,True,42
batch_size,32,103,103,1,0.6939881164016146,0.694378141562144,0.001,64,2,0.3,False,32,75,0.0,0.1,10,5,0.5,True,42
batch_size,32,103,103,2,0.6922714899886738,0.69265296459198,0.001,64,2,0.3,False,32,75,0.0,0.1,10,5,0.5,True,42
batch_size,32,103,103,3,0.6903288721135168,0.6918380498886109,0.001,64,2,0.3,False,32,75,0.0,0.1,10,5,0.5,True,42
batch_size,32,103,103,4,0.6871613200866815,0.6935216347376506,0.001,64,2,0.3,False,32,75,0.0,0.1,10,5,0.5,True,42
batch_size,32,103,103,5,0.685859480138981,0.6954032778739929,0.001,64,2,0.3,False,32,75,0.0,0.1,10,5,0.5,True,42
batch_size,32,103,103,6,0.6821137698310794,0.6979498863220215,0.001,64,2,0.3,False,32,75,0.0,0.1,10,5,0.5,True,42
batch_size,32,103,103,7,0.6791285637653235,0.6965655446052551,0.001,64,2,0.3,False,32,75,0.0,0.1,10,5,0.5,True,42
batch_size,32,103,103,8,0.6710492517008926,0.7011396765708924,0.001,64,2,0.3,False,32,75,0.0,0.1,10,5,0.5,True,42
batch_size,32,103,103,9,0.6654875152038805,0.7051482876141866,0.001,64,2,0.3,False,32,75,0.0,0.1,10,5,0.5,True,42
batch_size,32,103,103,10,0.6532352738308184,0.7113391757011414,0.001,64,2,0.3,False,32,75,0.0,0.1,10,5,0.5,True,42
batch_size,32,103,103,11,0.6384215982574405,0.731182328859965,0.001,64,2,0.3,False,32,75,0.0,0.1,10,5,0.5,True,42
batch_size,32,103,103,12,0.6316626080960939,0.7209219654401143,0.001,64,2,0.3,False,32,75,0.0,0.1,10,5,0.5,True,42
batch_size,32,103,103,13,0.6221734768513477,0.7344356775283813,0.001,64,2,0.3,False,32,75,0.0,0.1,10,5,0.5,True,42
batch_size,32,104,104,1,0.6935282746950785,0.6936959981918335,0.001,64,2,0.3,False,32,75,0.0,0.1,10,5,0.5,True,42
batch_size,32,104,104,2,0.6923411858804298,0.6938539902369182,0.001,64,2,0.3,False,32,75,0.0,0.1,10,5,0.5,True,42
batch_size,32,104,104,3,0.6915503564206037,0.6932383378346761,0.001,64,2,0.3,False,32,75,0.0,0.1,10,5,0.5,True,42
batch_size,32,104,104,4,0.6893864612687718,0.6937199274698893,0.001,64,2,0.3,False,32,75,0.0,0.1,10,5,0.5,True,42
batch_size,32,104,104,5,0.6892648348302552,0.6930691758791606,0.001,64,2,0.3,False,32,75,0.0,0.1,10,5,0.5,True,42
batch_size,32,104,104,6,0.6841400667573466,0.6915911793708801,0.001,64,2,0.3,False,32,75,0.0,0.1,10,5,0.5,True,42
batch_size,32,104,104,7,0.6815309944477949,0.6946727514266968,0.001,64,2,0.3,False,32,75,0.0,0.1,10,5,0.5,True,42
batch_size,32,104,104,8,0.6741151498122648,0.7014232675234476,0.001,64,2,0.3,False,32,75,0.0,0.1,10,5,0.5,True,42
batch_size,32,104,104,9,0.6673187071626837,0.7122987310091654,0.001,64,2,0.3,False,32,75,0.0,0.1,10,5,0.5,True,42
batch_size,32,104,104,10,0.6578160248922579,0.7016358455022176,0.001,64,2,0.3,False,32,75,0.0,0.1,10,5,0.5,True,42
batch_size,32,104,104,11,0.6446148378379417,0.7291925231615702,0.001,64,2,0.3,False,32,75,0.0,0.1,10,5,0.5,True,42
batch_size,32,104,104,12,0.629168232507778,0.7311447302500407,0.001,64,2,0.3,False,32,75,0.0,0.1,10,5,0.5,True,42
batch_size,32,104,104,13,0.6012222091808463,0.7655353585879008,0.001,64,2,0.3,False,32,75,0.0,0.1,10,5,0.5,True,42
batch_size,32,104,104,14,0.58420047412316,0.7789719978968302,0.001,64,2,0.3,False,32,75,0.0,0.1,10,5,0.5,True,42
batch_size,32,104,104,15,0.5667681298924215,0.8248528321584065,0.001,64,2,0.3,False,32,75,0.0,0.1,10,5,0.5,True,42
batch_size,32,104,104,16,0.5499821752309799,0.8727894147237142,0.001,64,2,0.3,False,32,75,0.0,0.1,10,5,0.5,True,42
batch_size,32,105,105,1,0.6944520572821299,0.6934438387552897,0.001,64,2,0.3,False,32,75,0.0,0.1,10,5,0.5,True,42
batch_size,32,105,105,2,0.6922060093193343,0.6931209246317546,0.001,64,2,0.3,False,32,75,0.0,0.1,10,5,0.5,True,42
batch_size,32,105,105,3,0.6921784006284945,0.6949324051539103,0.001,64,2,0.3,False,32,75,0.0,0.1,10,5,0.5,True,42
batch_size,32,105,105,4,0.6905240348794244,0.6947760899861654,0.001,64,2,0.3,False,32,75,0.0,0.1,10,5,0.5,True,42
batch_size,32,105,105,5,0.6847922585227273,0.6950515747070313,0.001,64,2,0.3,False,32,75,0.0,0.1,10,5,0.5,True,42
batch_size,32,105,105,6,0.6812441728331826,0.6974547664324443,0.001,64,2,0.3,False,32,75,0.0,0.1,10,5,0.5,True,42
batch_size,32,105,105,7,0.6787591964909525,0.7003161072731018,0.001,64,2,0.3,False,32,75,0.0,0.1,10,5,0.5,True,42
batch_size,32,105,105,8,0.6739454025571997,0.7143555164337159,0.001,64,2,0.3,False,32,75,0.0,0.1,10,5,0.5,True,42
batch_size,32,105,105,9,0.6633854869640234,0.7229635715484619,0.001,64,2,0.3,False,32,75,0.0,0.1,10,5,0.5,True,42
batch_size,32,105,105,10,0.6565086593230566,0.7450989127159119,0.001,64,2,0.3,False,32,75,0.0,0.1,10,5,0.5,True,42
batch_size,32,105,105,11,0.6502846371043812,0.7350302139918009,0.001,64,2,0.3,False,32,75,0.0,0.1,10,5,0.5,True,42
batch_size,32,105,105,12,0.6450805442802834,0.7458340605099996,0.001,64,2,0.3,False,32,75,0.0,0.1,10,5,0.5,True,42
batch_size,32,106,106,1,0.6935750422152606,0.6934395670890808,0.001,64,2,0.3,False,32,75,0.0,0.1,10,5,0.5,True,42
batch_size,32,106,106,2,0.6919251517816023,0.6942328890164693,0.001,64,2,0.3,False,32,75,0.0,0.1,10,5,0.5,True,42
batch_size,32,106,106,3,0.690537466244264,0.6916356007258098,0.001,64,2,0.3,False,32,75,0.0,0.1,10,5,0.5,True,42
batch_size,32,106,106,4,0.6873877423279213,0.693757967154185,0.001,64,2,0.3,False,32,75,0.0,0.1,10,5,0.5,True,42
batch_size,32,106,106,5,0.6851121087869009,0.691493837038676,0.001,64,2,0.3,False,32,75,0.0,0.1,10,5,0.5,True,42
batch_size,32,106,106,6,0.6811408134120883,0.6942484418551127,0.001,64,2,0.3,False,32,75,0.0,0.1,10,5,0.5,True,42
batch_size,32,106,106,7,0.6739852780645544,0.6934884031613667,0.001,64,2,0.3,False,32,75,0.0,0.1,10,5,0.5,True,42
batch_size,32,106,106,8,0.6689411939093561,0.7014041980107625,0.001,64,2,0.3,False,32,75,0.0,0.1,10,5,0.5,True,42
batch_size,32,106,106,9,0.6623061972134041,0.7055739164352417,0.001,64,2,0.3,False,32,75,0.0,0.1,10,5,0.5,True,42
batch_size,32,106,106,10,0.6549461967114246,0.7160463809967041,0.001,64,2,0.3,False,32,75,0.0,0.1,10,5,0.5,True,42
batch_size,32,106,106,11,0.6418799672162894,0.7397845427195231,0.001,64,2,0.3,False,32,75,0.0,0.1,10,5,0.5,True,42
batch_size,32,106,106,12,0.6170922014297862,0.7474457144737243,0.001,64,2,0.3,False,32,75,0.0,0.1,10,5,0.5,True,42
batch_size,32,106,106,13,0.6044612077601028,0.8054929614067078,0.001,64,2,0.3,False,32,75,0.0,0.1,10,5,0.5,True,42
batch_size,32,106,106,14,0.5936486991969022,0.823574944337209,0.001,64,2,0.3,False,32,75,0.0,0.1,10,5,0.5,True,42
batch_size,32,106,106,15,0.5801677907055075,0.7963997403780619,0.001,64,2,0.3,False,32,75,0.0,0.1,10,5,0.5,True,42
batch_size,32,107,107,1,0.6941540783101862,0.693953545888265,0.001,64,2,0.3,False,32,75,0.0,0.1,10,5,0.5,True,42
batch_size,32,107,107,2,0.6927514058170896,0.6939469655354817,0.001,64,2,0.3,False,32,75,0.0,0.1,10,5,0.5,True,42
batch_size,32,107,107,3,0.6911329040021608,0.6944924314816793,0.001,64,2,0.3,False,32,75,0.0,0.1,10,5,0.5,True,42
batch_size,32,107,107,4,0.689693954857913,0.6947344024976094,0.001,64,2,0.3,False,32,75,0.0,0.1,10,5,0.5,True,42
batch_size,32,107,107,5,0.6881481756766638,0.6926521341005961,0.001,64,2,0.3,False,32,75,0.0,0.1,10,5,0.5,True,42
batch_size,32,107,107,6,0.6830756709431157,0.695008146762848,0.001,64,2,0.3,False,32,75,0.0,0.1,10,5,0.5,True,42
batch_size,32,107,107,7,0.6792308051477779,0.6971289157867432,0.001,64,2,0.3,False,32,75,0.0,0.1,10,5,0.5,True,42
batch_size,32,107,107,8,0.6741497494054564,0.6987349271774292,0.001,64,2,0.3,False,32,75,0.0,0.1,10,5,0.5,True,42
batch_size,32,107,107,9,0.6673475982564868,0.7081539789835612,0.001,64,2,0.3,False,32,75,0.0,0.1,10,5,0.5,True,42
batch_size,32,107,107,10,0.6580399319981084,0.7102994441986084,0.001,64,2,0.3,False,32,75,0.0,0.1,10,5,0.5,True,42
batch_size,32,107,107,11,0.6519648672053309,0.7247888843218485,0.001,64,2,0.3,False,32,75,0.0,0.1,10,5,0.5,True,42
batch_size,32,107,107,12,0.6253325607288968,0.7497954726219177,0.001,64,2,0.3,False,32,75,0.0,0.1,10,5,0.5,True,42
batch_size,32,107,107,13,0.6103998372952143,0.7851461847623189,0.001,64,2,0.3,False,32,75,0.0,0.1,10,5,0.5,True,42
batch_size,32,107,107,14,0.6008288056561442,0.7957642674446106,0.001,64,2,0.3,False,32,75,0.0,0.1,10,5,0.5,True,42
batch_size,32,107,107,15,0.601691303379608,0.7843137423197428,0.001,64,2,0.3,False,32,75,0.0,0.1,10,5,0.5,True,42
batch_size,32,108,108,1,0.6940691561409922,0.6930949767430623,0.001,64,2,0.3,False,32,75,0.0,0.1,10,5,0.5,True,42
batch_size,32,108,108,2,0.6928169054515434,0.6922647555669149,0.001,64,2,0.3,False,32,75,0.0,0.1,10,5,0.5,True,42
batch_size,32,108,108,3,0.6921024060610569,0.692460278669993,0.001,64,2,0.3,False,32,75,0.0,0.1,10,5,0.5,True,42
batch_size,32,108,108,4,0.6909508357445399,0.6913322528203328,0.001,64,2,0.3,False,32,75,0.0,0.1,10,5,0.5,True,42
batch_size,32,108,108,5,0.6879908492167791,0.6932488918304444,0.001,64,2,0.3,False,32,75,0.0,0.1,10,5,0.5,True,42
batch_size,32,108,108,6,0.6849980092409885,0.6937155604362488,0.001,64,2,0.3,False,32,75,0.0,0.1,10,5,0.5,True,42
batch_size,32,108,108,7,0.6793513970844673,0.6987088123957316,0.001,64,2,0.3,False,32,75,0.0,0.1,10,5,0.5,True,42
batch_size,32,108,108,8,0.6772607384306012,0.703062911828359,0.001,64,2,0.3,False,32,75,0.0,0.1,10,5,0.5,True,42
batch_size,32,108,108,9,0.6719445450739427,0.7053715387980143,0.001,64,2,0.3,False,32,75,0.0,0.1,10,5,0.5,True,42
batch_size,32,108,108,10,0.6644133297782956,0.6929257233937581,0.001,64,2,0.3,False,32,75,0.0,0.1,10,5,0.5,True,42
batch_size,32,108,108,11,0.6592557516061899,0.7065604647000631,0.001,64,2,0.3,False,32,75,0.0,0.1,10,5,0.5,True,42
batch_size,32,108,108,12,0.6405912983146581,0.7170974055926005,0.001,64,2,0.3,False,32,75,0.0,0.1,10,5,0.5,True,42
batch_size,32,108,108,13,0.628160226074132,0.7430817246437073,0.001,64,2,0.3,False,32,75,0.0,0.1,10,5,0.5,True,42
batch_size,32,108,108,14,0.6236054163539049,0.7277437408765157,0.001,64,2,0.3,False,32,75,0.0,0.1,10,5,0.5,True,42
batch_size,64,1,1,1,0.6937127113342285,0.6901015639305115,0.001,64,2,0.3,False,64,75,0.0,0.1,10,5,0.5,True,42
batch_size,64,1,1,2,0.6924761876915441,0.6912999823689461,0.001,64,2,0.3,False,64,75,0.0,0.1,10,5,0.5,True,42
batch_size,64,1,1,3,0.6904936992760861,0.6923622265458107,0.001,64,2,0.3,False,64,75,0.0,0.1,10,5,0.5,True,42
batch_size,64,1,1,4,0.6894839451168523,0.6924903392791748,0.001,64,2,0.3,False,64,75,0.0,0.1,10,5,0.5,True,42
batch_size,64,1,1,5,0.6849963276675253,0.6953862756490707,0.001,64,2,0.3,False,64,75,0.0,0.1,10,5,0.5,True,42
batch_size,64,1,1,6,0.6815971849542676,0.6967677474021912,0.001,64,2,0.3,False,64,75,0.0,0.1,10,5,0.5,True,42
batch_size,64,1,1,7,0.6758785870942202,0.7018007934093475,0.001,64,2,0.3,False,64,75,0.0,0.1,10,5,0.5,True,42
batch_size,64,1,1,8,0.6685503170345769,0.7036905437707901,0.001,64,2,0.3,False,64,75,0.0,0.1,10,5,0.5,True,42
batch_size,64,1,1,9,0.6624706459767891,0.7147865146398544,0.001,64,2,0.3,False,64,75,0.0,0.1,10,5,0.5,True,42
batch_size,64,1,1,10,0.6550633076465491,0.7222897782921791,0.001,64,2,0.3,False,64,75,0.0,0.1,10,5,0.5,True,42
batch_size,64,1,1,11,0.6487403295256875,0.7243974879384041,0.001,64,2,0.3,False,64,75,0.0,0.1,10,5,0.5,True,42
batch_size,64,2,2,1,0.6938979147058545,0.6934284046292305,0.001,64,2,0.3,False,64,75,0.0,0.1,10,5,0.5,True,42
batch_size,64,2,2,2,0.692382840496121,0.6938527151942253,0.001,64,2,0.3,False,64,75,0.0,0.1,10,5,0.5,True,42
batch_size,64,2,2,3,0.6901674360939951,0.6969757527112961,0.001,64,2,0.3,False,64,75,0.0,0.1,10,5,0.5,True,42
batch_size,64,2,2,4,0.6886516321789135,0.6924882754683495,0.001,64,2,0.3,False,64,75,0.0,0.1,10,5,0.5,True,42
batch_size,64,2,2,5,0.6861349705493811,0.6919325366616249,0.001,64,2,0.3,False,64,75,0.0,0.1,10,5,0.5,True,42
batch_size,64,2,2,6,0.6833226454980446,0.6977691501379013,0.001,64,2,0.3,False,64,75,0.0,0.1,10,5,0.5,True,42
batch_size,64,2,2,7,0.6781123876571655,0.7000330090522766,0.001,64,2,0.3,False,64,75,0.0,0.1,10,5,0.5,True,42
batch_size,64,2,2,8,0.6696269846323765,0.7112564295530319,0.001,64,2,0.3,False,64,75,0.0,0.1,10,5,0.5,True,42
batch_size,64,2,2,9,0.6652865509192148,0.7367919906973839,0.001,64,2,0.3,False,64,75,0.0,0.1,10,5,0.5,True,42
batch_size,64,2,2,10,0.6539406162319761,0.7273219674825668,0.001,64,2,0.3,False,64,75,0.0,0.1,10,5,0.5,True,42
batch_size,64,2,2,11,0.6457575071941722,0.7928369045257568,0.001,64,2,0.3,False,64,75,0.0,0.1,10,5,0.5,True,42
batch_size,64,2,2,12,0.6342493503382711,0.7543110847473145,0.001,64,2,0.3,False,64,75,0.0,0.1,10,5,0.5,True,42
batch_size,64,2,2,13,0.6225490831967556,0.7845166251063347,0.001,64,2,0.3,False,64,75,0.0,0.1,10,5,0.5,True,42
batch_size,64,2,2,14,0.6143779754638672,0.784150205552578,0.001,64,2,0.3,False,64,75,0.0,0.1,10,5,0.5,True,42
batch_size,64,2,2,15,0.6063171408393166,0.7899067774415016,0.001,64,2,0.3,False,64,75,0.0,0.1,10,5,0.5,True,42
batch_size,64,3,3,1,0.6938794508124843,0.6931396946310997,0.001,64,2,0.3,False,64,75,0.0,0.1,10,5,0.5,True,42
batch_size,64,3,3,2,0.6937029488158949,0.6948474869132042,0.001,64,2,0.3,False,64,75,0.0,0.1,10,5,0.5,True,42
batch_size,64,3,3,3,0.6916567872871052,0.6902385726571083,0.001,64,2,0.3,False,64,75,0.0,0.1,10,5,0.5,True,42
batch_size,64,3,3,4,0.6910503335071333,0.6969663873314857,0.001,64,2,0.3,False,64,75,0.0,0.1,10,5,0.5,True,42
batch_size,64,3,3,5,0.6883376611001564,0.6932234466075897,0.001,64,2,0.3,False,64,75,0.0,0.1,10,5,0.5,True,42
batch_size,64,3,3,6,0.6869901292251818,0.6983145400881767,0.001,64,2,0.3,False,64,75,0.0,0.1,10,5,0.5,True,42
batch_size,64,3,3,7,0.6827092035250231,0.7048714384436607,0.001,64,2,0.3,False,64,75,0.0,0.1,10,5,0.5,True,42
batch_size,64,3,3,8,0.6795136332511902,0.7061907052993774,0.001,64,2,0.3,False,64,75,0.0,0.1,10,5,0.5,True,42
batch_size,64,3,3,9,0.6719295120600498,0.7109916135668755,0.001,64,2,0.3,False,64,75,0.0,0.1,10,5,0.5,True,42
batch_size,64,3,3,10,0.6621194671500813,0.7195898070931435,0.001,64,2,0.3,False,64,75,0.0,0.1,10,5,0.5,True,42
batch_size,64,3,3,11,0.6555195441751769,0.7234470620751381,0.001,64,2,0.3,False,64,75,0.0,0.1,10,5,0.5,True,42
batch_size,64,3,3,12,0.6491384903589884,0.7445027381181717,0.001,64,2,0.3,False,64,75,0.0,0.1,10,5,0.5,True,42
batch_size,64,3,3,13,0.6407872068159508,0.769964762032032,0.001,64,2,0.3,False,64,75,0.0,0.1,10,5,0.5,True,42
batch_size,64,4,4,1,0.6932230149254655,0.692593976855278,0.001,64,2,0.3,False,64,75,0.0,0.1,10,5,0.5,True,42
batch_size,64,4,4,2,0.6916669327201266,0.6958418041467667,0.001,64,2,0.3,False,64,75,0.0,0.1,10,5,0.5,True,42
batch_size,64,4,4,3,0.6901430975307118,0.6913042888045311,0.001,64,2,0.3,False,64,75,0.0,0.1,10,5,0.5,True,42
batch_size,64,4,4,4,0.6869008279207981,0.6937193349003792,0.001,64,2,0.3,False,64,75,0.0,0.1,10,5,0.5,True,42
batch_size,64,4,4,5,0.6841902534166971,0.6960477530956268,0.001,64,2,0.3,False,64,75,0.0,0.1,10,5,0.5,True,42
batch_size,64,4,4,6,0.6817172377398519,0.714413471519947,0.001,64,2,0.3,False,64,75,0.0,0.1,10,5,0.5,True,42
batch_size,64,4,4,7,0.6774064437909559,0.71741983294487,0.001,64,2,0.3,False,64,75,0.0,0.1,10,5,0.5,True,42
batch_size,64,4,4,8,0.6742610813993396,0.703543908894062,0.001,64,2,0.3,False,64,75,0.0,0.1,10,5,0.5,True,42
batch_size,64,4,4,9,0.6710357837604753,0.7220138907432556,0.001,64,2,0.3,False,64,75,0.0,0.1,10,5,0.5,True,42
batch_size,64,4,4,10,0.6592230056271409,0.7262467965483665,0.001,64,2,0.3,False,64,75,0.0,0.1,10,5,0.5,True,42
batch_size,64,4,4,11,0.6549613295179425,0.7231206074357033,0.001,64,2,0.3,False,64,75,0.0,0.1,10,5,0.5,True,42
batch_size,64,4,4,12,0.6466285956628395,0.7514082491397858,0.001,64,2,0.3,False,64,75,0.0,0.1,10,5,0.5,True,42
batch_size,64,4,4,13,0.6450176943432201,0.7536371871829033,0.001,64,2,0.3,False,64,75,0.0,0.1,10,5,0.5,True,42
batch_size,64,5,5,1,0.694047622608416,0.6916715428233147,0.001,64,2,0.3,False,64,75,0.0,0.1,10,5,0.5,True,42
batch_size,64,5,5,2,0.6926405520150156,0.69150460511446,0.001,64,2,0.3,False,64,75,0.0,0.1,10,5,0.5,True,42
batch_size,64,5,5,3,0.6922237277030945,0.6880289018154144,0.001,64,2,0.3,False,64,75,0.0,0.1,10,5,0.5,True,42
batch_size,64,5,5,4,0.6908685456622731,0.6860296279191971,0.001,64,2,0.3,False,64,75,0.0,0.1,10,5,0.5,True,42
batch_size,64,5,5,5,0.6875169223005121,0.6877974569797516,0.001,64,2,0.3,False,64,75,0.0,0.1,10,5,0.5,True,42
batch_size,64,5,5,6,0.6865052635019476,0.6884129866957664,0.001,64,2,0.3,False,64,75,0.0,0.1,10,5,0.5,True,42
batch_size,64,5,5,7,0.6821055674191677,0.6876860186457634,0.001,64,2,0.3,False,64,75,0.0,0.1,10,5,0.5,True,42
batch_size,64,5,5,8,0.6781876863855304,0.7114035040140152,0.001,64,2,0.3,False,64,75,0.0,0.1,10,5,0.5,True,42
batch_size,64,5,5,9,0.6677862857327317,0.7169763073325157,0.001,64,2,0.3,False,64,75,0.0,0.1,10,5,0.5,True,42
batch_size,64,5,5,10,0.6622572640577952,0.7216523960232735,0.001,64,2,0.3,False,64,75,0.0,0.1,10,5,0.5,True,42
batch_size,64,5,5,11,0.6524911757671472,0.7270369902253151,0.001,64,2,0.3,False,64,75,0.0,0.1,10,5,0.5,True,42
batch_size,64,5,5,12,0.6395833537434087,0.7499266713857651,0.001,64,2,0.3,False,64,75,0.0,0.1,10,5,0.5,True,42
batch_size,64,5,5,13,0.6366563430338195,0.7294762209057808,0.001,64,2,0.3,False,64,75,0.0,0.1,10,5,0.5,True,42
batch_size,64,5,5,14,0.6284995024854486,0.7615714222192764,0.001,64,2,0.3,False,64,75,0.0,0.1,10,5,0.5,True,42
batch_size,64,6,6,1,0.6946322737318097,0.6924992501735687,0.001,64,2,0.3,False,64,75,0.0,0.1,10,5,0.5,True,42
batch_size,64,6,6,2,0.6922926839553949,0.6945263743400574,0.001,64,2,0.3,False,64,75,0.0,0.1,10,5,0.5,True,42
batch_size,64,6,6,3,0.6914792611743464,0.6909862086176872,0.001,64,2,0.3,False,64,75,0.0,0.1,10,5,0.5,True,42
batch_size,64,6,6,4,0.689925261519172,0.69219159334898,0.001,64,2,0.3,False,64,75,0.0,0.1,10,5,0.5,True,42
batch_size,64,6,6,5,0.6875193064863031,0.6996254771947861,0.001,64,2,0.3,False,64,75,0.0,0.1,10,5,0.5,True,42
batch_size,64,6,6,6,0.6861256848682057,0.6913532987236977,0.001,64,2,0.3,False,64,75,0.0,0.1,10,5,0.5,True,42
batch_size,64,6,6,7,0.682075481523167,0.7150909453630447,0.001,64,2,0.3,False,64,75,0.0,0.1,10,5,0.5,True,42
batch_size,64,6,6,8,0.6748034457365671,0.707111045718193,0.001,64,2,0.3,False,64,75,0.0,0.1,10,5,0.5,True,42
batch_size,64,6,6,9,0.6719963722156755,0.6988630145788193,0.001,64,2,0.3,False,64,75,0.0,0.1,10,5,0.5,True,42
batch_size,64,6,6,10,0.6604369607838717,0.7081508859992027,0.001,64,2,0.3,False,64,75,0.0,0.1,10,5,0.5,True,42
batch_size,64,6,6,11,0.6506670063192194,0.7225541844964027,0.001,64,2,0.3,False,64,75,0.0,0.1,10,5,0.5,True,42
batch_size,64,6,6,12,0.6493559190721223,0.7373693063855171,0.001,64,2,0.3,False,64,75,0.0,0.1,10,5,0.5,True,42
batch_size,64,6,6,13,0.6419836499474265,0.7397846281528473,0.001,64,2,0.3,False,64,75,0.0,0.1,10,5,0.5,True,42
batch_size,64,7,7,1,0.6937749765136025,0.693163700401783,0.001,64,2,0.3,False,64,75,0.0,0.1,10,5,0.5,True,42
batch_size,64,7,7,2,0.6927227558511676,0.6924097761511803,0.001,64,2,0.3,False,64,75,0.0,0.1,10,5,0.5,True,42
batch_size,64,7,7,3,0.6905181552424575,0.6895630210638046,0.001,64,2,0.3,False,64,75,0.0,0.1,10,5,0.5,True,42
batch_size,64,7,7,4,0.6884947075988307,0.6982095837593079,0.001,64,2,0.3,False,64,75,0.0,0.1,10,5,0.5,True,42
batch_size,64,7,7,5,0.6873471420822721,0.6980679109692574,0.001,64,2,0.3,False,64,75,0.0,0.1,10,5,0.5,True,42
batch_size,64,7,7,6,0.6836104365912351,0.6946754828095436,0.001,64,2,0.3,False,64,75,0.0,0.1,10,5,0.5,True,42
batch_size,64,7,7,7,0.6808672411875292,0.7084849178791046,0.001,64,2,0.3,False,64,75,0.0,0.1,10,5,0.5,True,42
batch_size,64,7,7,8,0.6744586978897904,0.7092495486140251,0.001,64,2,0.3,False,64,75,0.0,0.1,10,5,0.5,True,42
batch_size,64,7,7,9,0.6680596525018866,0.7268012091517448,0.001,64,2,0.3,False,64,75,0.0,0.1,10,5,0.5,True,42
batch_size,64,7,7,10,0.6577257387565844,0.7274504601955414,0.001,64,2,0.3,False,64,75,0.0,0.1,10,5,0.5,True,42
batch_size,64,7,7,11,0.647953417265054,0.748753197491169,0.001,64,2,0.3,False,64,75,0.0,0.1,10,5,0.5,True,42
batch_size,64,7,7,12,0.6420114735762278,0.7369012609124184,0.001,64,2,0.3,False,64,75,0.0,0.1,10,5,0.5,True,42
batch_size,64,7,7,13,0.6345138965231,0.7364230379462242,0.001,64,2,0.3,False,64,75,0.0,0.1,10,5,0.5,True,42
batch_size,64,8,8,1,0.6945016194473613,0.6942769959568977,0.001,64,2,0.3,False,64,75,0.0,0.1,10,5,0.5,True,42
batch_size,64,8,8,2,0.6924858878959309,0.6934398636221886,0.001,64,2,0.3,False,64,75,0.0,0.1,10,5,0.5,True,42
batch_size,64,8,8,3,0.6915169105385289,0.6933510601520538,0.001,64,2,0.3,False,64,75,0.0,0.1,10,5,0.5,True,42
batch_size,64,8,8,4,0.6903179107290326,0.6924386620521545,0.001,64,2,0.3,False,64,75,0.0,0.1,10,5,0.5,True,42
batch_size,64,8,8,5,0.6872692523580609,0.698059007525444,0.001,64,2,0.3,False,64,75,0.0,0.1,10,5,0.5,True,42
batch_size,64,8,8,6,0.6863915956381595,0.6866792812943459,0.001,64,2,0.3,False,64,75,0.0,0.1,10,5,0.5,True,42
batch_size,64,8,8,7,0.682106282674905,0.6858553811907768,0.001,64,2,0.3,False,64,75,0.0,0.1,10,5,0.5,True,42
batch_size,64,8,8,8,0.6778996433272506,0.6910909563302994,0.001,64,2,0.3,False,64,75,0.0,0.1,10,5,0.5,True,42
batch_size,64,8,8,9,0.6690164921861707,0.6920356899499893,0.001,64,2,0.3,False,64,75,0.0,0.1,10,5,0.5,True,42
batch_size,64,8,8,10,0.6646206559556903,0.715918242931366,0.001,64,2,0.3,False,64,75,0.0,0.1,10,5,0.5,True,42
batch_size,64,8,8,11,0.6568967221361218,0.7175751700997353,0.001,64,2,0.3,False,64,75,0.0,0.1,10,5,0.5,True,42
batch_size,64,8,8,12,0.6490668844092976,0.7583754360675812,0.001,64,2,0.3,False,64,75,0.0,0.1,10,5,0.5,True,42
batch_size,64,8,8,13,0.6396095228917671,0.763667568564415,0.001,64,2,0.3,False,64,75,0.0,0.1,10,5,0.5,True,42
batch_size,64,8,8,14,0.6177490091685093,0.7631548717617989,0.001,64,2,0.3,False,64,75,0.0,0.1,10,5,0.5,True,42
batch_size,64,8,8,15,0.6106318714040698,0.7724111676216125,0.001,64,2,0.3,False,64,75,0.0,0.1,10,5,0.5,True,42
batch_size,64,8,8,16,0.5960965662291555,0.8186176419258118,0.001,64,2,0.3,False,64,75,0.0,0.1,10,5,0.5,True,42
batch_size,64,8,8,17,0.5931902934204448,0.8107535764575005,0.001,64,2,0.3,False,64,75,0.0,0.1,10,5,0.5,True,42
batch_size,64,9,9,1,0.6937042095444419,0.7003410533070564,0.001,64,2,0.3,False,64,75,0.0,0.1,10,5,0.5,True,42
batch_size,64,9,9,2,0.6926867934790525,0.6943423971533775,0.001,64,2,0.3,False,64,75,0.0,0.1,10,5,0.5,True,42
batch_size,64,9,9,3,0.6908554588303422,0.6963446885347366,0.001,64,2,0.3,False,64,75,0.0,0.1,10,5,0.5,True,42
batch_size,64,9,9,4,0.6898863062714086,0.6958053335547447,0.001,64,2,0.3,False,64,75,0.0,0.1,10,5,0.5,True,42
batch_size,64,9,9,5,0.6862694350155917,0.7037084102630615,0.001,64,2,0.3,False,64,75,0.0,0.1,10,5,0.5,True,42
batch_size,64,9,9,6,0.6824966750361703,0.6992538422346115,0.001,64,2,0.3,False,64,75,0.0,0.1,10,5,0.5,True,42
batch_size,64,9,9,7,0.6805795548540173,0.7042557522654533,0.001,64,2,0.3,False,64,75,0.0,0.1,10,5,0.5,True,42
batch_size,64,9,9,8,0.6736279798276497,0.7045232579112053,0.001,64,2,0.3,False,64,75,0.0,0.1,10,5,0.5,True,42
batch_size,64,9,9,9,0.664730474804387,0.7364467009902,0.001,64,2,0.3,False,64,75,0.0,0.1,10,5,0.5,True,42
batch_size,64,9,9,10,0.6601441927028425,0.7247942015528679,0.001,64,2,0.3,False,64,75,0.0,0.1,10,5,0.5,True,42
batch_size,64,9,9,11,0.654556767507033,0.7489039152860641,0.001,64,2,0.3,False,64,75,0.0,0.1,10,5,0.5,True,42
batch_size,64,9,9,12,0.6477502042596991,0.7562033385038376,0.001,64,2,0.3,False,64,75,0.0,0.1,10,5,0.5,True,42
batch_size,64,10,10,1,0.6936557581930449,0.6904516965150833,0.001,64,2,0.3,False,64,75,0.0,0.1,10,5,0.5,True,42
batch_size,64,10,10,2,0.6925979518529141,0.6917650997638702,0.001,64,2,0.3,False,64,75,0.0,0.1,10,5,0.5,True,42
batch_size,64,10,10,3,0.6912464075016252,0.6956238150596619,0.001,64,2,0.3,False,64,75,0.0,0.1,10,5,0.5,True,42
batch_size,64,10,10,4,0.6899900517680428,0.6920641958713531,0.001,64,2,0.3,False,64,75,0.0,0.1,10,5,0.5,True,42
batch_size,64,10,10,5,0.6852694524056984,0.6915190741419792,0.001,64,2,0.3,False,64,75,0.0,0.1,10,5,0.5,True,42
batch_size,64,10,10,6,0.6814464565479394,0.6907417699694633,0.001,64,2,0.3,False,64,75,0.0,0.1,10,5,0.5,True,42
batch_size,64,10,10,7,0.6766504193797256,0.6937184855341911,0.001,64,2,0.3,False,64,75,0.0,0.1,10,5,0.5,True,42
batch_size,64,10,10,8,0.6708751609831145,0.702534131705761,0.001,64,2,0.3,False,64,75,0.0,0.1,10,5,0.5,True,42
batch_size,64,10,10,9,0.6609727803504828,0.7198121473193169,0.001,64,2,0.3,False,64,75,0.0,0.1,10,5,0.5,True,42
batch_size,64,10,10,10,0.659439635999275,0.7148110046982765,0.001,64,2,0.3,False,64,75,0.0,0.1,10,5,0.5,True,42
batch_size,64,10,10,11,0.653994265830878,0.7257929146289825,0.001,64,2,0.3,False,64,75,0.0,0.1,10,5,0.5,True,42
batch_size,64,11,11,1,0.693930758671327,0.6930579245090485,0.001,64,2,0.3,False,64,75,0.0,0.1,10,5,0.5,True,42
batch_size,64,11,11,2,0.692245653181365,0.6941729933023453,0.001,64,2,0.3,False,64,75,0.0,0.1,10,5,0.5,True,42
batch_size,64,11,11,3,0.6915187916972421,0.6945881471037865,0.001,64,2,0.3,False,64,75,0.0,0.1,10,5,0.5,True,42
batch_size,64,11,11,4,0.6896956219817653,0.6950230821967125,0.001,64,2,0.3,False,64,75,0.0,0.1,10,5,0.5,True,42
batch_size,64,11,11,5,0.6882234251860416,0.6982626467943192,0.001,64,2,0.3,False,64,75,0.0,0.1,10,5,0.5,True,42
batch_size,64,11,11,6,0.682767694646662,0.7033432573080063,0.001,64,2,0.3,False,64,75,0.0,0.1,10,5,0.5,True,42
batch_size,64,11,11,7,0.6788459853692488,0.7065791040658951,0.001,64,2,0.3,False,64,75,0.0,0.1,10,5,0.5,True,42
batch_size,64,11,11,8,0.6691627926898726,0.712468333542347,0.001,64,2,0.3,False,64,75,0.0,0.1,10,5,0.5,True,42
batch_size,64,11,11,9,0.6653705428947102,0.7224680185317993,0.001,64,2,0.3,False,64,75,0.0,0.1,10,5,0.5,True,42
batch_size,64,11,11,10,0.6605154104305037,0.7236242964863777,0.001,64,2,0.3,False,64,75,0.0,0.1,10,5,0.5,True,42
batch_size,64,11,11,11,0.6569630512685487,0.7388883754611015,0.001,64,2,0.3,False,64,75,0.0,0.1,10,5,0.5,True,42
batch_size,64,12,12,1,0.6934176963387113,0.6933326497673988,0.001,64,2,0.3,False,64,75,0.0,0.1,10,5,0.5,True,42
batch_size,64,12,12,2,0.6927579460722028,0.6911001279950142,0.001,64,2,0.3,False,64,75,0.0,0.1,10,5,0.5,True,42
batch_size,64,12,12,3,0.6906254788239797,0.6887404024600983,0.001,64,2,0.3,False,64,75,0.0,0.1,10,5,0.5,True,42
batch_size,64,12,12,4,0.6896448794639471,0.6904184818267822,0.001,64,2,0.3,False,64,75,0.0,0.1,10,5,0.5,True,42
batch_size,64,12,12,5,0.6872520690614526,0.6897609010338783,0.001,64,2,0.3,False,64,75,0.0,0.1,10,5,0.5,True,42
batch_size,64,12,12,6,0.6837845778826511,0.6967035457491875,0.001,64,2,0.3,False,64,75,0.0,0.1,10,5,0.5,True,42
batch_size,64,12,12,7,0.6813165617711616,0.6967263519763947,0.001,64,2,0.3,False,64,75,0.0,0.1,10,5,0.5,True,42
batch_size,64,12,12,8,0.6724700701959205,0.7016963958740234,0.001,64,2,0.3,False,64,75,0.0,0.1,10,5,0.5,True,42
batch_size,64,12,12,9,0.6729556872989192,0.6944435089826584,0.001,64,2,0.3,False,64,75,0.0,0.1,10,5,0.5,True,42
batch_size,64,12,12,10,0.672484840407516,0.7020077779889107,0.001,64,2,0.3,False,64,75,0.0,0.1,10,5,0.5,True,42
batch_size,64,12,12,11,0.657679891947544,0.7198788225650787,0.001,64,2,0.3,False,64,75,0.0,0.1,10,5,0.5,True,42
batch_size,64,12,12,12,0.6523975612539233,0.7281122580170631,0.001,64,2,0.3,False,64,75,0.0,0.1,10,5,0.5,True,42
batch_size,64,12,12,13,0.6473872896396753,0.727086566388607,0.001,64,2,0.3,False,64,75,0.0,0.1,10,5,0.5,True,42
batch_size,64,13,13,1,0.6925544440746307,0.6938832029700279,0.001,64,2,0.3,False,64,75,0.0,0.1,10,5,0.5,True,42
batch_size,64,13,13,2,0.6927427252133688,0.6940724924206734,0.001,64,2,0.3,False,64,75,0.0,0.1,10,5,0.5,True,42
batch_size,64,13,13,3,0.6907677551110586,0.6918323189020157,0.001,64,2,0.3,False,64,75,0.0,0.1,10,5,0.5,True,42
batch_size,64,13,13,4,0.6896679392366698,0.6922241300344467,0.001,64,2,0.3,False,64,75,0.0,0.1,10,5,0.5,True,42
batch_size,64,13,13,5,0.6868232967275562,0.6916666701436043,0.001,64,2,0.3,False,64,75,0.0,0.1,10,5,0.5,True,42
batch_size,64,13,13,6,0.6848515434698625,0.6920275464653969,0.001,64,2,0.3,False,64,75,0.0,0.1,10,5,0.5,True,42
batch_size,64,13,13,7,0.6797434245095109,0.7080262526869774,0.001,64,2,0.3,False,64,75,0.0,0.1,10,5,0.5,True,42
batch_size,64,13,13,8,0.6771371274283438,0.695346049964428,0.001,64,2,0.3,False,64,75,0.0,0.1,10,5,0.5,True,42
batch_size,64,13,13,9,0.6684314671790961,0.7084001898765564,0.001,64,2,0.3,False,64,75,0.0,0.1,10,5,0.5,True,42
batch_size,64,13,13,10,0.6632173278115012,0.7298519238829613,0.001,64,2,0.3,False,64,75,0.0,0.1,10,5,0.5,True,42
batch_size,64,13,13,11,0.6534310886354158,0.7111438140273094,0.001,64,2,0.3,False,64,75,0.0,0.1,10,5,0.5,True,42
batch_size,64,13,13,12,0.6436447347655441,0.7380831465125084,0.001,64,2,0.3,False,64,75,0.0,0.1,10,5,0.5,True,42
batch_size,64,13,13,13,0.6330703406622915,0.7703701183199883,0.001,64,2,0.3,False,64,75,0.0,0.1,10,5,0.5,True,42
batch_size,64,13,13,14,0.6233182197267358,0.7648540288209915,0.001,64,2,0.3,False,64,75,0.0,0.1,10,5,0.5,True,42
batch_size,64,13,13,15,0.6151463971896605,0.7672460675239563,0.001,64,2,0.3,False,64,75,0.0,0.1,10,5,0.5,True,42
batch_size,64,14,14,1,0.6946259348681478,0.6912136375904083,0.001,64,2,0.3,False,64,75,0.0,0.1,10,5,0.5,True,42
batch_size,64,14,14,2,0.6928832043300975,0.6919357180595398,0.001,64,2,0.3,False,64,75,0.0,0.1,10,5,0.5,True,42
batch_size,64,14,14,3,0.6914309362570444,0.6932835057377815,0.001,64,2,0.3,False,64,75,0.0,0.1,10,5,0.5,True,42
batch_size,64,14,14,4,0.6904100008083113,0.690097987651825,0.001,64,2,0.3,False,64,75,0.0,0.1,10,5,0.5,True,42
batch_size,64,14,14,5,0.6885957889484636,0.6940276548266411,0.001,64,2,0.3,False,64,75,0.0,0.1,10,5,0.5,True,42
batch_size,64,14,14,6,0.6864178063291492,0.6829134076833725,0.001,64,2,0.3,False,64,75,0.0,0.1,10,5,0.5,True,42
batch_size,64,14,14,7,0.6835005798123099,0.6941182613372803,0.001,64,2,0.3,False,64,75,0.0,0.1,10,5,0.5,True,42
batch_size,64,14,14,8,0.6783370158889077,0.7035600692033768,0.001,64,2,0.3,False,64,75,0.0,0.1,10,5,0.5,True,42
batch_size,64,14,14,9,0.6747678969845627,0.7157713249325752,0.001,64,2,0.3,False,64,75,0.0,0.1,10,5,0.5,True,42
batch_size,64,14,14,10,0.6656984000494985,0.7044290900230408,0.001,64,2,0.3,False,64,75,0.0,0.1,10,5,0.5,True,42
batch_size,64,14,14,11,0.6602232221401099,0.7333110868930817,0.001,64,2,0.3,False,64,75,0.0,0.1,10,5,0.5,True,42
batch_size,64,14,14,12,0.6511665420098738,0.7445410490036011,0.001,64,2,0.3,False,64,75,0.0,0.1,10,5,0.5,True,42
batch_size,64,14,14,13,0.6354443250280438,0.7589763253927231,0.001,64,2,0.3,False,64,75,0.0,0.1,10,5,0.5,True,42
batch_size,64,14,14,14,0.6288373262593241,0.8001493439078331,0.001,64,2,0.3,False,64,75,0.0,0.1,10,5,0.5,True,42
batch_size,64,14,14,15,0.6143939386714589,0.8335908055305481,0.001,64,2,0.3,False,64,75,0.0,0.1,10,5,0.5,True,42
batch_size,64,14,14,16,0.6059293629545154,0.8686561360955238,0.001,64,2,0.3,False,64,75,0.0,0.1,10,5,0.5,True,42
batch_size,64,15,15,1,0.6939344044887659,0.6917186602950096,0.001,64,2,0.3,False,64,75,0.0,0.1,10,5,0.5,True,42
batch_size,64,15,15,2,0.6930582306601785,0.6924745067954063,0.001,64,2,0.3,False,64,75,0.0,0.1,10,5,0.5,True,42
batch_size,64,15,15,3,0.691554153507406,0.6914367228746414,0.001,64,2,0.3,False,64,75,0.0,0.1,10,5,0.5,True,42
batch_size,64,15,15,4,0.6897392345197273,0.6955405473709106,0.001,64,2,0.3,False,64,75,0.0,0.1,10,5,0.5,True,42
batch_size,64,15,15,5,0.6865396436416742,0.6965711340308189,0.001,64,2,0.3,False,64,75,0.0,0.1,10,5,0.5,True,42
batch_size,64,15,15,6,0.6814717388514316,0.7023190334439278,0.001,64,2,0.3,False,64,75,0.0,0.1,10,5,0.5,True,42
batch_size,64,15,15,7,0.6758146484692892,0.7174361944198608,0.001,64,2,0.3,False,64,75,0.0,0.1,10,5,0.5,True,42
batch_size,64,15,15,8,0.6733302257277749,0.7186580896377563,0.001,64,2,0.3,False,64,75,0.0,0.1,10,5,0.5,True,42
batch_size,64,15,15,9,0.6681789259115855,0.7267267182469368,0.001,64,2,0.3,False,64,75,0.0,0.1,10,5,0.5,True,42
batch_size,64,15,15,10,0.6541158213759913,0.735960528254509,0.001,64,2,0.3,False,64,75,0.0,0.1,10,5,0.5,True,42
batch_size,64,15,15,11,0.6471306004307487,0.7476641610264778,0.001,64,2,0.3,False,64,75,0.0,0.1,10,5,0.5,True,42
batch_size,64,15,15,12,0.6412615270325632,0.7809927240014076,0.001,64,2,0.3,False,64,75,0.0,0.1,10,5,0.5,True,42
batch_size,64,15,15,13,0.632442568287705,0.7653612866997719,0.001,64,2,0.3,False,64,75,0.0,0.1,10,5,0.5,True,42
batch_size,64,16,16,1,0.6940599390954683,0.6920685172080994,0.001,64,2,0.3,False,64,75,0.0,0.1,10,5,0.5,True,42
batch_size,64,16,16,2,0.6921125415599707,0.6927084401249886,0.001,64,2,0.3,False,64,75,0.0,0.1,10,5,0.5,True,42
batch_size,64,16,16,3,0.6914426160581184,0.6891447529196739,0.001,64,2,0.3,False,64,75,0.0,0.1,10,5,0.5,True,42
batch_size,64,16,16,4,0.6898047797607653,0.6924082413315773,0.001,64,2,0.3,False,64,75,0.0,0.1,10,5,0.5,True,42
batch_size,64,16,16,5,0.6885657021493623,0.6878373399376869,0.001,64,2,0.3,False,64,75,0.0,0.1,10,5,0.5,True,42
batch_size,64,16,16,6,0.6861348450183868,0.6964370086789131,0.001,64,2,0.3,False,64,75,0.0,0.1,10,5,0.5,True,42
batch_size,64,16,16,7,0.6810124877727393,0.6902806386351585,0.001,64,2,0.3,False,64,75,0.0,0.1,10,5,0.5,True,42
batch_size,64,16,16,8,0.6783295625990088,0.7002718150615692,0.001,64,2,0.3,False,64,75,0.0,0.1,10,5,0.5,True,42
batch_size,64,16,16,9,0.6721021063400038,0.7015972435474396,0.001,64,2,0.3,False,64,75,0.0,0.1,10,5,0.5,True,42
batch_size,64,16,16,10,0.6646818356080488,0.6972660571336746,0.001,64,2,0.3,False,64,75,0.0,0.1,10,5,0.5,True,42
batch_size,64,16,16,11,0.6622729662692908,0.7166102826595306,0.001,64,2,0.3,False,64,75,0.0,0.1,10,5,0.5,True,42
batch_size,64,16,16,12,0.647758522720048,0.7377763092517853,0.001,64,2,0.3,False,64,75,0.0,0.1,10,5,0.5,True,42
batch_size,64,16,16,13,0.6375595213788928,0.7461579442024231,0.001,64,2,0.3,False,64,75,0.0,0.1,10,5,0.5,True,42
batch_size,64,16,16,14,0.6321586858142506,0.7451833412051201,0.001,64,2,0.3,False,64,75,0.0,0.1,10,5,0.5,True,42
batch_size,64,16,16,15,0.6203604340553284,0.7530336529016495,0.001,64,2,0.3,False,64,75,0.0,0.1,10,5,0.5,True,42
batch_size,64,17,17,1,0.6943385754570817,0.6923814564943314,0.001,64,2,0.3,False,64,75,0.0,0.1,10,5,0.5,True,42
batch_size,64,17,17,2,0.6932978350104708,0.6917129382491112,0.001,64,2,0.3,False,64,75,0.0,0.1,10,5,0.5,True,42
batch_size,64,17,17,3,0.6918818309451594,0.6901420280337334,0.001,64,2,0.3,False,64,75,0.0,0.1,10,5,0.5,True,42
batch_size,64,17,17,4,0.6909196449048591,0.6859055459499359,0.001,64,2,0.3,False,64,75,0.0,0.1,10,5,0.5,True,42
batch_size,64,17,17,5,0.6880860057744113,0.685605838894844,0.001,64,2,0.3,False,64,75,0.0,0.1,10,5,0.5,True,42
batch_size,64,17,17,6,0.6862660312291348,0.6761381849646568,0.001,64,2,0.3,False,64,75,0.0,0.1,10,5,0.5,True,42
batch_size,64,17,17,7,0.680552340818174,0.6820226982235909,0.001,64,2,0.3,False,64,75,0.0,0.1,10,5,0.5,True,42
batch_size,64,17,17,8,0.6793454424901442,0.6812422648072243,0.001,64,2,0.3,False,64,75,0.0,0.1,10,5,0.5,True,42
batch_size,64,17,17,9,0.6722917367111553,0.6773688569664955,0.001,64,2,0.3,False,64,75,0.0,0.1,10,5,0.5,True,42
batch_size,64,17,17,10,0.6674188908302423,0.6847205013036728,0.001,64,2,0.3,False,64,75,0.0,0.1,10,5,0.5,True,42
batch_size,64,17,17,11,0.6616000831127167,0.6870418265461922,0.001,64,2,0.3,False,64,75,0.0,0.1,10,5,0.5,True,42
batch_size,64,17,17,12,0.6522340937094255,0.7003845646977425,0.001,64,2,0.3,False,64,75,0.0,0.1,10,5,0.5,True,42
batch_size,64,17,17,13,0.6351335129954598,0.6959349140524864,0.001,64,2,0.3,False,64,75,0.0,0.1,10,5,0.5,True,42
batch_size,64,17,17,14,0.6249874378695632,0.6993934884667397,0.001,64,2,0.3,False,64,75,0.0,0.1,10,5,0.5,True,42
batch_size,64,17,17,15,0.6133287368398724,0.7090472429990768,0.001,64,2,0.3,False,64,75,0.0,0.1,10,5,0.5,True,42
batch_size,64,17,17,16,0.6049822677265514,0.7027939334511757,0.001,64,2,0.3,False,64,75,0.0,0.1,10,5,0.5,True,42
batch_size,64,18,18,1,0.693520545056372,0.6922929659485817,0.001,64,2,0.3,False,64,75,0.0,0.1,10,5,0.5,True,42
batch_size,64,18,18,2,0.6925503539316582,0.6954823657870293,0.001,64,2,0.3,False,64,75,0.0,0.1,10,5,0.5,True,42
batch_size,64,18,18,3,0.6915696037538124,0.6931266114115715,0.001,64,2,0.3,False,64,75,0.0,0.1,10,5,0.5,True,42
batch_size,64,18,18,4,0.6900553360129847,0.6933590099215508,0.001,64,2,0.3,False,64,75,0.0,0.1,10,5,0.5,True,42
batch_size,64,18,18,5,0.6888271010283268,0.6908747851848602,0.001,64,2,0.3,False,64,75,0.0,0.1,10,5,0.5,True,42
batch_size,64,18,18,6,0.6861100964473955,0.6918915286660194,0.001,64,2,0.3,False,64,75,0.0,0.1,10,5,0.5,True,42
batch_size,64,18,18,7,0.6823715070883433,0.6950182840228081,0.001,64,2,0.3,False,64,75,0.0,0.1,10,5,0.5,True,42
batch_size,64,18,18,8,0.675878596125227,0.7079093903303146,0.001,64,2,0.3,False,64,75,0.0,0.1,10,5,0.5,True,42
batch_size,64,18,18,9,0.669032534866622,0.6941364109516144,0.001,64,2,0.3,False,64,75,0.0,0.1,10,5,0.5,True,42
batch_size,64,18,18,10,0.6613917206272935,0.7182381600141525,0.001,64,2,0.3,False,64,75,0.0,0.1,10,5,0.5,True,42
batch_size,64,18,18,11,0.6557571797659902,0.714431419968605,0.001,64,2,0.3,False,64,75,0.0,0.1,10,5,0.5,True,42
batch_size,64,18,18,12,0.6402339691465552,0.7526650875806808,0.001,64,2,0.3,False,64,75,0.0,0.1,10,5,0.5,True,42
batch_size,64,18,18,13,0.633443913676522,0.747524157166481,0.001,64,2,0.3,False,64,75,0.0,0.1,10,5,0.5,True,42
batch_size,64,18,18,14,0.6323337211753383,0.7434068247675896,0.001,64,2,0.3,False,64,75,0.0,0.1,10,5,0.5,True,42
batch_size,64,18,18,15,0.6209711838852275,0.7556839510798454,0.001,64,2,0.3,False,64,75,0.0,0.1,10,5,0.5,True,42
batch_size,64,19,19,1,0.6937365170681116,0.6958588361740112,0.001,64,2,0.3,False,64,75,0.0,0.1,10,5,0.5,True,42
batch_size,64,19,19,2,0.6922612434083765,0.6958053037524223,0.001,64,2,0.3,False,64,75,0.0,0.1,10,5,0.5,True,42
batch_size,64,19,19,3,0.6914471243367051,0.6928522288799286,0.001,64,2,0.3,False,64,75,0.0,0.1,10,5,0.5,True,42
batch_size,64,19,19,4,0.6891592181090153,0.6956987380981445,0.001,64,2,0.3,False,64,75,0.0,0.1,10,5,0.5,True,42
batch_size,64,19,19,5,0.6864174794067036,0.6995197981595993,0.001,64,2,0.3,False,64,75,0.0,0.1,10,5,0.5,True,42
batch_size,64,19,19,6,0.6851736289082151,0.7010478228330612,0.001,64,2,0.3,False,64,75,0.0,0.1,10,5,0.5,True,42
batch_size,64,19,19,7,0.6807949497844233,0.7138280421495438,0.001,64,2,0.3,False,64,75,0.0,0.1,10,5,0.5,True,42
batch_size,64,19,19,8,0.6751371143442212,0.7093945145606995,0.001,64,2,0.3,False,64,75,0.0,0.1,10,5,0.5,True,42
batch_size,64,19,19,9,0.6681199805303053,0.7117582336068153,0.001,64,2,0.3,False,64,75,0.0,0.1,10,5,0.5,True,42
batch_size,64,19,19,10,0.653754323720932,0.7273334488272667,0.001,64,2,0.3,False,64,75,0.0,0.1,10,5,0.5,True,42
batch_size,64,19,19,11,0.6454544988545504,0.7374482676386833,0.001,64,2,0.3,False,64,75,0.0,0.1,10,5,0.5,True,42
batch_size,64,19,19,12,0.638540043072267,0.7506212517619133,0.001,64,2,0.3,False,64,75,0.0,0.1,10,5,0.5,True,42
batch_size,64,19,19,13,0.6339130329363274,0.7612160444259644,0.001,64,2,0.3,False,64,75,0.0,0.1,10,5,0.5,True,42
batch_size,64,20,20,1,0.6934453998551224,0.6971629559993744,0.001,64,2,0.3,False,64,75,0.0,0.1,10,5,0.5,True,42
batch_size,64,20,20,2,0.6929075446995822,0.6925752907991409,0.001,64,2,0.3,False,64,75,0.0,0.1,10,5,0.5,True,42
batch_size,64,20,20,3,0.691618617736932,0.693227581679821,0.001,64,2,0.3,False,64,75,0.0,0.1,10,5,0.5,True,42
batch_size,64,20,20,4,0.6910551235531316,0.6918227076530457,0.001,64,2,0.3,False,64,75,0.0,0.1,10,5,0.5,True,42
batch_size,64,20,20,5,0.6882748730254896,0.6938987150788307,0.001,64,2,0.3,False,64,75,0.0,0.1,10,5,0.5,True,42
batch_size,64,20,20,6,0.6846142754410253,0.7068572044372559,0.001,64,2,0.3,False,64,75,0.0,0.1,10,5,0.5,True,42
batch_size,64,20,20,7,0.6825004599311135,0.6976242512464523,0.001,64,2,0.3,False,64,75,0.0,0.1,10,5,0.5,True,42
batch_size,64,20,20,8,0.6767938669883844,0.6992444694042206,0.001,64,2,0.3,False,64,75,0.0,0.1,10,5,0.5,True,42
batch_size,64,20,20,9,0.6731003983454271,0.6979224756360054,0.001,64,2,0.3,False,64,75,0.0,0.1,10,5,0.5,True,42
batch_size,64,20,20,10,0.6653120418389639,0.7422436401247978,0.001,64,2,0.3,False,64,75,0.0,0.1,10,5,0.5,True,42
batch_size,64,20,20,11,0.6538242128762332,0.7118033766746521,0.001,64,2,0.3,False,64,75,0.0,0.1,10,5,0.5,True,42
batch_size,64,20,20,12,0.6448769894513217,0.7498586624860764,0.001,64,2,0.3,False,64,75,0.0,0.1,10,5,0.5,True,42
batch_size,64,20,20,13,0.6401176886125044,0.729024849832058,0.001,64,2,0.3,False,64,75,0.0,0.1,10,5,0.5,True,42
batch_size,64,20,20,14,0.635122046326146,0.7338692918419838,0.001,64,2,0.3,False,64,75,0.0,0.1,10,5,0.5,True,42
batch_size,64,21,21,1,0.6938325211857305,0.6932593062520027,0.001,64,2,0.3,False,64,75,0.0,0.1,10,5,0.5,True,42
batch_size,64,21,21,2,0.6923336666641813,0.6941612139344215,0.001,64,2,0.3,False,64,75,0.0,0.1,10,5,0.5,True,42
batch_size,64,21,21,3,0.6917005452242765,0.6918437853455544,0.001,64,2,0.3,False,64,75,0.0,0.1,10,5,0.5,True,42
batch_size,64,21,21,4,0.688999621254025,0.6892169192433357,0.001,64,2,0.3,False,64,75,0.0,0.1,10,5,0.5,True,42
batch_size,64,21,21,5,0.687462231426528,0.6997887119650841,0.001,64,2,0.3,False,64,75,0.0,0.1,10,5,0.5,True,42
batch_size,64,21,21,6,0.6819382644060886,0.6917624324560165,0.001,64,2,0.3,False,64,75,0.0,0.1,10,5,0.5,True,42
batch_size,64,21,21,7,0.6764576426058104,0.7065798789262772,0.001,64,2,0.3,False,64,75,0.0,0.1,10,5,0.5,True,42
batch_size,64,21,21,8,0.6699675429951061,0.6985683888196945,0.001,64,2,0.3,False,64,75,0.0,0.1,10,5,0.5,True,42
batch_size,64,21,21,9,0.6665174473415721,0.7144236266613007,0.001,64,2,0.3,False,64,75,0.0,0.1,10,5,0.5,True,42
batch_size,64,21,21,10,0.6570671507806489,0.7346429824829102,0.001,64,2,0.3,False,64,75,0.0,0.1,10,5,0.5,True,42
batch_size,64,21,21,11,0.6413795695160375,0.7529006600379944,0.001,64,2,0.3,False,64,75,0.0,0.1,10,5,0.5,True,42
batch_size,64,21,21,12,0.6358199679490292,0.7422036081552505,0.001,64,2,0.3,False,64,75,0.0,0.1,10,5,0.5,True,42
batch_size,64,21,21,13,0.6289752676631465,0.7753852531313896,0.001,64,2,0.3,False,64,75,0.0,0.1,10,5,0.5,True,42
batch_size,64,21,21,14,0.6220343501278849,0.7690727040171623,0.001,64,2,0.3,False,64,75,0.0,0.1,10,5,0.5,True,42
batch_size,64,22,22,1,0.6935153567429745,0.6960509642958641,0.001,64,2,0.3,False,64,75,0.0,0.1,10,5,0.5,True,42
batch_size,64,22,22,2,0.692885775457729,0.697308748960495,0.001,64,2,0.3,False,64,75,0.0,0.1,10,5,0.5,True,42
batch_size,64,22,22,3,0.6913847011147123,0.6937431246042252,0.001,64,2,0.3,False,64,75,0.0,0.1,10,5,0.5,True,42
batch_size,64,22,22,4,0.6903479776599191,0.6929863095283508,0.001,64,2,0.3,False,64,75,0.0,0.1,10,5,0.5,True,42
batch_size,64,22,22,5,0.6872485280036926,0.6897794306278229,0.001,64,2,0.3,False,64,75,0.0,0.1,10,5,0.5,True,42
batch_size,64,22,22,6,0.6856140277602456,0.6913515850901604,0.001,64,2,0.3,False,64,75,0.0,0.1,10,5,0.5,True,42
batch_size,64,22,22,7,0.6819389074137716,0.6974486410617828,0.001,64,2,0.3,False,64,75,0.0,0.1,10,5,0.5,True,42
batch_size,64,22,22,8,0.6750609287709901,0.7062124684453011,0.001,64,2,0.3,False,64,75,0.0,0.1,10,5,0.5,True,42
batch_size,64,22,22,9,0.6664497743953358,0.7154507115483284,0.001,64,2,0.3,False,64,75,0.0,0.1,10,5,0.5,True,42
batch_size,64,22,22,10,0.6626304586728414,0.709752194583416,0.001,64,2,0.3,False,64,75,0.0,0.1,10,5,0.5,True,42
batch_size,64,22,22,11,0.6553713859933795,0.743132472038269,0.001,64,2,0.3,False,64,75,0.0,0.1,10,5,0.5,True,42
batch_size,64,22,22,12,0.6370433605078495,0.7528039887547493,0.001,64,2,0.3,False,64,75,0.0,0.1,10,5,0.5,True,42
batch_size,64,22,22,13,0.6269401962106879,0.7648538202047348,0.001,64,2,0.3,False,64,75,0.0,0.1,10,5,0.5,True,42
batch_size,64,22,22,14,0.625739821881959,0.7833230569958687,0.001,64,2,0.3,False,64,75,0.0,0.1,10,5,0.5,True,42
batch_size,64,22,22,15,0.6110762267401724,0.8186464607715607,0.001,64,2,0.3,False,64,75,0.0,0.1,10,5,0.5,True,42
batch_size,64,23,23,1,0.6933980882167816,0.6933462470769882,0.001,64,2,0.3,False,64,75,0.0,0.1,10,5,0.5,True,42
batch_size,64,23,23,2,0.6926505394054182,0.6901023536920547,0.001,64,2,0.3,False,64,75,0.0,0.1,10,5,0.5,True,42
batch_size,64,23,23,3,0.6910309367107622,0.6895667091012001,0.001,64,2,0.3,False,64,75,0.0,0.1,10,5,0.5,True,42
batch_size,64,23,23,4,0.6902076755509232,0.6912957206368446,0.001,64,2,0.3,False,64,75,0.0,0.1,10,5,0.5,True,42
batch_size,64,23,23,5,0.6865077732187329,0.6866863816976547,0.001,64,2,0.3,False,64,75,0.0,0.1,10,5,0.5,True,42
batch_size,64,23,23,6,0.6853571416753711,0.6890755146741867,0.001,64,2,0.3,False,64,75,0.0,0.1,10,5,0.5,True,42
batch_size,64,23,23,7,0.6809559608950759,0.6899401471018791,0.001,64,2,0.3,False,64,75,0.0,0.1,10,5,0.5,True,42
batch_size,64,23,23,8,0.6750917768839634,0.7073238268494606,0.001,64,2,0.3,False,64,75,0.0,0.1,10,5,0.5,True,42
batch_size,64,23,23,9,0.6702402387604569,0.6967826932668686,0.001,64,2,0.3,False,64,75,0.0,0.1,10,5,0.5,True,42
batch_size,64,23,23,10,0.6599802961855223,0.7103312611579895,0.001,64,2,0.3,False,64,75,0.0,0.1,10,5,0.5,True,42
batch_size,64,23,23,11,0.6581210746909633,0.7038034647703171,0.001,64,2,0.3,False,64,75,0.0,0.1,10,5,0.5,True,42
batch_size,64,23,23,12,0.6383128771276185,0.7137197554111481,0.001,64,2,0.3,False,64,75,0.0,0.1,10,5,0.5,True,42
batch_size,64,23,23,13,0.6317987442016602,0.7188928425312042,0.001,64,2,0.3,False,64,75,0.0,0.1,10,5,0.5,True,42
batch_size,64,23,23,14,0.6249059032310139,0.7151918783783913,0.001,64,2,0.3,False,64,75,0.0,0.1,10,5,0.5,True,42
batch_size,64,23,23,15,0.6137734642534545,0.7406395748257637,0.001,64,2,0.3,False,64,75,0.0,0.1,10,5,0.5,True,42
batch_size,64,24,24,1,0.6938428398388535,0.6909992322325706,0.001,64,2,0.3,False,64,75,0.0,0.1,10,5,0.5,True,42
batch_size,64,24,24,2,0.6930495740762398,0.6900525987148285,0.001,64,2,0.3,False,64,75,0.0,0.1,10,5,0.5,True,42
batch_size,64,24,24,3,0.6909167197213244,0.6915172412991524,0.001,64,2,0.3,False,64,75,0.0,0.1,10,5,0.5,True,42
batch_size,64,24,24,4,0.6905753372320488,0.6913218721747398,0.001,64,2,0.3,False,64,75,0.0,0.1,10,5,0.5,True,42
batch_size,64,24,24,5,0.6871286879724531,0.6934349611401558,0.001,64,2,0.3,False,64,75,0.0,0.1,10,5,0.5,True,42
batch_size,64,24,24,6,0.6842440126547172,0.6985394954681396,0.001,64,2,0.3,False,64,75,0.0,0.1,10,5,0.5,True,42
batch_size,64,24,24,7,0.681709216601813,0.6981286853551865,0.001,64,2,0.3,False,64,75,0.0,0.1,10,5,0.5,True,42
batch_size,64,24,24,8,0.6769936031370021,0.706333577632904,0.001,64,2,0.3,False,64,75,0.0,0.1,10,5,0.5,True,42
batch_size,64,24,24,9,0.662329773404705,0.7048861235380173,0.001,64,2,0.3,False,64,75,0.0,0.1,10,5,0.5,True,42
batch_size,64,24,24,10,0.6584913570489457,0.7102702930569649,0.001,64,2,0.3,False,64,75,0.0,0.1,10,5,0.5,True,42
batch_size,64,24,24,11,0.6513816589739785,0.7201973646879196,0.001,64,2,0.3,False,64,75,0.0,0.1,10,5,0.5,True,42
batch_size,64,24,24,12,0.6467074138015064,0.7354798167943954,0.001,64,2,0.3,False,64,75,0.0,0.1,10,5,0.5,True,42
batch_size,64,25,25,1,0.693532612287637,0.692723736166954,0.001,64,2,0.3,False,64,75,0.0,0.1,10,5,0.5,True,42
batch_size,64,25,25,2,0.6927708703460116,0.695624016225338,0.001,64,2,0.3,False,64,75,0.0,0.1,10,5,0.5,True,42
batch_size,64,25,25,3,0.6915386951330936,0.6929748952388763,0.001,64,2,0.3,False,64,75,0.0,0.1,10,5,0.5,True,42
batch_size,64,25,25,4,0.6886433760325114,0.6915258914232254,0.001,64,2,0.3,False,64,75,0.0,0.1,10,5,0.5,True,42
batch_size,64,25,25,5,0.6871748033798102,0.7040859907865524,0.001,64,2,0.3,False,64,75,0.0,0.1,10,5,0.5,True,42
batch_size,64,25,25,6,0.6823760614250646,0.7001520991325378,0.001,64,2,0.3,False,64,75,0.0,0.1,10,5,0.5,True,42
batch_size,64,25,25,7,0.6776655334414858,0.7064476236701012,0.001,64,2,0.3,False,64,75,0.0,0.1,10,5,0.5,True,42
batch_size,64,25,25,8,0.6736160372242783,0.6936948373913765,0.001,64,2,0.3,False,64,75,0.0,0.1,10,5,0.5,True,42
batch_size,64,25,25,9,0.6654459328362436,0.7248460203409195,0.001,64,2,0.3,False,64,75,0.0,0.1,10,5,0.5,True,42
batch_size,64,25,25,10,0.6558361559203176,0.7121866941452026,0.001,64,2,0.3,False,64,75,0.0,0.1,10,5,0.5,True,42
batch_size,64,25,25,11,0.6473172072208289,0.7267579883337021,0.001,64,2,0.3,False,64,75,0.0,0.1,10,5,0.5,True,42
batch_size,64,25,25,12,0.6354972873673295,0.7720272019505501,0.001,64,2,0.3,False,64,75,0.0,0.1,10,5,0.5,True,42
batch_size,64,25,25,13,0.6285625569748156,0.7624352127313614,0.001,64,2,0.3,False,64,75,0.0,0.1,10,5,0.5,True,42
batch_size,64,25,25,14,0.620172993703322,0.777161717414856,0.001,64,2,0.3,False,64,75,0.0,0.1,10,5,0.5,True,42
batch_size,64,26,26,1,0.6938843356840538,0.6954667344689369,0.001,64,2,0.3,False,64,75,0.0,0.1,10,5,0.5,True,42
batch_size,64,26,26,2,0.6925212244192759,0.6924963220953941,0.001,64,2,0.3,False,64,75,0.0,0.1,10,5,0.5,True,42
batch_size,64,26,26,3,0.692165631236452,0.6990231871604919,0.001,64,2,0.3,False,64,75,0.0,0.1,10,5,0.5,True,42
batch_size,64,26,26,4,0.6905981356447394,0.6925261169672012,0.001,64,2,0.3,False,64,75,0.0,0.1,10,5,0.5,True,42
batch_size,64,26,26,5,0.6892407789374843,0.6950989812612534,0.001,64,2,0.3,False,64,75,0.0,0.1,10,5,0.5,True,42
batch_size,64,26,26,6,0.6867398493217699,0.6959565505385399,0.001,64,2,0.3,False,64,75,0.0,0.1,10,5,0.5,True,42
batch_size,64,26,26,7,0.68130618965987,0.7058030366897583,0.001,64,2,0.3,False,64,75,0.0,0.1,10,5,0.5,True,42
batch_size,64,26,26,8,0.6763100768580581,0.716417208313942,0.001,64,2,0.3,False,64,75,0.0,0.1,10,5,0.5,True,42
batch_size,64,26,26,9,0.6663178991187703,0.7087918445467949,0.001,64,2,0.3,False,64,75,0.0,0.1,10,5,0.5,True,42
batch_size,64,26,26,10,0.6608460997090195,0.7195059508085251,0.001,64,2,0.3,False,64,75,0.0,0.1,10,5,0.5,True,42
batch_size,64,26,26,11,0.653440489913478,0.718034453690052,0.001,64,2,0.3,False,64,75,0.0,0.1,10,5,0.5,True,42
batch_size,64,26,26,12,0.6505684121088549,0.7209181040525436,0.001,64,2,0.3,False,64,75,0.0,0.1,10,5,0.5,True,42
batch_size,64,27,27,1,0.693687533790415,0.692929595708847,0.001,64,2,0.3,False,64,75,0.0,0.1,10,5,0.5,True,42
batch_size,64,27,27,2,0.6922158526651787,0.691227413713932,0.001,64,2,0.3,False,64,75,0.0,0.1,10,5,0.5,True,42
batch_size,64,27,27,3,0.6915303017153884,0.6905126124620438,0.001,64,2,0.3,False,64,75,0.0,0.1,10,5,0.5,True,42
batch_size,64,27,27,4,0.6905297916946989,0.6900222599506378,0.001,64,2,0.3,False,64,75,0.0,0.1,10,5,0.5,True,42
batch_size,64,27,27,5,0.6872312851024397,0.695244126021862,0.001,64,2,0.3,False,64,75,0.0,0.1,10,5,0.5,True,42
batch_size,64,27,27,6,0.6849496400717533,0.6951039880514145,0.001,64,2,0.3,False,64,75,0.0,0.1,10,5,0.5,True,42
batch_size,64,27,27,7,0.6777477734016649,0.7220957279205322,0.001,64,2,0.3,False,64,75,0.0,0.1,10,5,0.5,True,42
batch_size,64,27,27,8,0.6776684134295492,0.7019436880946159,0.001,64,2,0.3,False,64,75,0.0,0.1,10,5,0.5,True,42
batch_size,64,27,27,9,0.6715328765637947,0.7029175981879234,0.001,64,2,0.3,False,64,75,0.0,0.1,10,5,0.5,True,42
batch_size,64,27,27,10,0.6623515586058298,0.7375948950648308,0.001,64,2,0.3,False,64,75,0.0,0.1,10,5,0.5,True,42
batch_size,64,27,27,11,0.6505000717712172,0.7356789484620094,0.001,64,2,0.3,False,64,75,0.0,0.1,10,5,0.5,True,42
batch_size,64,27,27,12,0.6448430427999208,0.7430330812931061,0.001,64,2,0.3,False,64,75,0.0,0.1,10,5,0.5,True,42
batch_size,64,27,27,13,0.6352022398601879,0.7684931606054306,0.001,64,2,0.3,False,64,75,0.0,0.1,10,5,0.5,True,42
batch_size,64,27,27,14,0.6274203685196963,0.7712926790118217,0.001,64,2,0.3,False,64,75,0.0,0.1,10,5,0.5,True,42
batch_size,64,28,28,1,0.6926153437657789,0.6955467835068703,0.001,64,2,0.3,False,64,75,0.0,0.1,10,5,0.5,True,42
batch_size,64,28,28,2,0.6926810262781201,0.6942222118377686,0.001,64,2,0.3,False,64,75,0.0,0.1,10,5,0.5,True,42
batch_size,64,28,28,3,0.6915455803726659,0.6910405904054642,0.001,64,2,0.3,False,64,75,0.0,0.1,10,5,0.5,True,42
batch_size,64,28,28,4,0.6903203192985419,0.6919187754392624,0.001,64,2,0.3,False,64,75,0.0,0.1,10,5,0.5,True,42
batch_size,64,28,28,5,0.6877587979490106,0.6978705674409866,0.001,64,2,0.3,False,64,75,0.0,0.1,10,5,0.5,True,42
batch_size,64,28,28,6,0.6864306664828098,0.6936208084225655,0.001,64,2,0.3,False,64,75,0.0,0.1,10,5,0.5,True,42
batch_size,64,28,28,7,0.6825171221386303,0.6893039718270302,0.001,64,2,0.3,False,64,75,0.0,0.1,10,5,0.5,True,42
batch_size,64,28,28,8,0.6782940382307227,0.6935717239975929,0.001,64,2,0.3,False,64,75,0.0,0.1,10,5,0.5,True,42
batch_size,64,28,28,9,0.6716637087590767,0.7077783495187759,0.001,64,2,0.3,False,64,75,0.0,0.1,10,5,0.5,True,42
batch_size,64,28,28,10,0.6663406093915304,0.7303441390395164,0.001,64,2,0.3,False,64,75,0.0,0.1,10,5,0.5,True,42
batch_size,64,28,28,11,0.6579637708085956,0.7240585014224052,0.001,64,2,0.3,False,64,75,0.0,0.1,10,5,0.5,True,42
batch_size,64,28,28,12,0.6549821396668752,0.711355172097683,0.001,64,2,0.3,False,64,75,0.0,0.1,10,5,0.5,True,42
batch_size,64,28,28,13,0.640061431761944,0.7388476952910423,0.001,64,2,0.3,False,64,75,0.0,0.1,10,5,0.5,True,42
batch_size,64,28,28,14,0.6258226533730825,0.7530613094568253,0.001,64,2,0.3,False,64,75,0.0,0.1,10,5,0.5,True,42
batch_size,64,28,28,15,0.6097226756991763,0.7996080070734024,0.001,64,2,0.3,False,64,75,0.0,0.1,10,5,0.5,True,42
batch_size,64,28,28,16,0.6030244195100033,0.761775329709053,0.001,64,2,0.3,False,64,75,0.0,0.1,10,5,0.5,True,42
batch_size,64,28,28,17,0.5942428455208287,0.8338085040450096,0.001,64,2,0.3,False,64,75,0.0,0.1,10,5,0.5,True,42
batch_size,64,29,29,1,0.6934817090178981,0.6936113014817238,0.001,64,2,0.3,False,64,75,0.0,0.1,10,5,0.5,True,42
batch_size,64,29,29,2,0.6920964121818542,0.69459068775177,0.001,64,2,0.3,False,64,75,0.0,0.1,10,5,0.5,True,42
batch_size,64,29,29,3,0.691381983684771,0.694910503923893,0.001,64,2,0.3,False,64,75,0.0,0.1,10,5,0.5,True,42
batch_size,64,29,29,4,0.6889712738268303,0.6949117332696915,0.001,64,2,0.3,False,64,75,0.0,0.1,10,5,0.5,True,42
batch_size,64,29,29,5,0.6869651341077053,0.6946225836873055,0.001,64,2,0.3,False,64,75,0.0,0.1,10,5,0.5,True,42
batch_size,64,29,29,6,0.6823936285394611,0.6986711546778679,0.001,64,2,0.3,False,64,75,0.0,0.1,10,5,0.5,True,42
batch_size,64,29,29,7,0.6765259088891925,0.7040900513529778,0.001,64,2,0.3,False,64,75,0.0,0.1,10,5,0.5,True,42
batch_size,64,29,29,8,0.6698888179027673,0.7014665603637695,0.001,64,2,0.3,False,64,75,0.0,0.1,10,5,0.5,True,42
batch_size,64,29,29,9,0.6625703491947867,0.7122751027345657,0.001,64,2,0.3,False,64,75,0.0,0.1,10,5,0.5,True,42
batch_size,64,29,29,10,0.6565260182727467,0.7216809913516045,0.001,64,2,0.3,False,64,75,0.0,0.1,10,5,0.5,True,42
batch_size,64,29,29,11,0.6530352252902407,0.7237237617373466,0.001,64,2,0.3,False,64,75,0.0,0.1,10,5,0.5,True,42
batch_size,64,30,30,1,0.694333968740521,0.6925848796963692,0.001,64,2,0.3,False,64,75,0.0,0.1,10,5,0.5,True,42
batch_size,64,30,30,2,0.6931253590367057,0.6945690885186195,0.001,64,2,0.3,False,64,75,0.0,0.1,10,5,0.5,True,42
batch_size,64,30,30,3,0.6923829082286719,0.6970229968428612,0.001,64,2,0.3,False,64,75,0.0,0.1,10,5,0.5,True,42
batch_size,64,30,30,4,0.6904697571740006,0.6963335797190666,0.001,64,2,0.3,False,64,75,0.0,0.1,10,5,0.5,True,42
batch_size,64,30,30,5,0.6889362714507363,0.6959958374500275,0.001,64,2,0.3,False,64,75,0.0,0.1,10,5,0.5,True,42
batch_size,64,30,30,6,0.6848694040919795,0.697728656232357,0.001,64,2,0.3,False,64,75,0.0,0.1,10,5,0.5,True,42
batch_size,64,30,30,7,0.6800474732211141,0.7083112001419067,0.001,64,2,0.3,False,64,75,0.0,0.1,10,5,0.5,True,42
batch_size,64,30,30,8,0.6708100790327246,0.7153056189417839,0.001,64,2,0.3,False,64,75,0.0,0.1,10,5,0.5,True,42
batch_size,64,30,30,9,0.6650808914141222,0.713715486228466,0.001,64,2,0.3,False,64,75,0.0,0.1,10,5,0.5,True,42
batch_size,64,30,30,10,0.6610857437957417,0.7127396762371063,0.001,64,2,0.3,False,64,75,0.0,0.1,10,5,0.5,True,42
batch_size,64,30,30,11,0.654269794623057,0.7319228276610374,0.001,64,2,0.3,False,64,75,0.0,0.1,10,5,0.5,True,42
batch_size,64,31,31,1,0.6938022817626144,0.6913460269570351,0.001,64,2,0.3,False,64,75,0.0,0.1,10,5,0.5,True,42
batch_size,64,31,31,2,0.6926706857753523,0.6956255212426186,0.001,64,2,0.3,False,64,75,0.0,0.1,10,5,0.5,True,42
batch_size,64,31,31,3,0.6918936362772277,0.6944825351238251,0.001,64,2,0.3,False,64,75,0.0,0.1,10,5,0.5,True,42
batch_size,64,31,31,4,0.6908924995046674,0.6959715858101845,0.001,64,2,0.3,False,64,75,0.0,0.1,10,5,0.5,True,42
batch_size,64,31,31,5,0.6893168904564597,0.6883179321885109,0.001,64,2,0.3,False,64,75,0.0,0.1,10,5,0.5,True,42
batch_size,64,31,31,6,0.6880040539033485,0.6928739175200462,0.001,64,2,0.3,False,64,75,0.0,0.1,10,5,0.5,True,42
batch_size,64,31,31,7,0.6841570843349803,0.7027540728449821,0.001,64,2,0.3,False,64,75,0.0,0.1,10,5,0.5,True,42
batch_size,64,31,31,8,0.6813953022162119,0.7121763005852699,0.001,64,2,0.3,False,64,75,0.0,0.1,10,5,0.5,True,42
batch_size,64,31,31,9,0.6743696341008851,0.7078082859516144,0.001,64,2,0.3,False,64,75,0.0,0.1,10,5,0.5,True,42
batch_size,64,31,31,10,0.6720494844696738,0.6994307115674019,0.001,64,2,0.3,False,64,75,0.0,0.1,10,5,0.5,True,42
batch_size,64,31,31,11,0.6622703779827465,0.7264129891991615,0.001,64,2,0.3,False,64,75,0.0,0.1,10,5,0.5,True,42
batch_size,64,31,31,12,0.6486613055070242,0.7551807165145874,0.001,64,2,0.3,False,64,75,0.0,0.1,10,5,0.5,True,42
batch_size,64,31,31,13,0.6451413613377195,0.754284031689167,0.001,64,2,0.3,False,64,75,0.0,0.1,10,5,0.5,True,42
batch_size,64,31,31,14,0.6418471462798842,0.7477629482746124,0.001,64,2,0.3,False,64,75,0.0,0.1,10,5,0.5,True,42
batch_size,64,31,31,15,0.6313280707055872,0.7691666558384895,0.001,64,2,0.3,False,64,75,0.0,0.1,10,5,0.5,True,42
batch_size,64,32,32,1,0.694135586420695,0.6933576315641403,0.001,64,2,0.3,False,64,75,0.0,0.1,10,5,0.5,True,42
batch_size,64,32,32,2,0.6917759622588302,0.6970917284488678,0.001,64,2,0.3,False,64,75,0.0,0.1,10,5,0.5,True,42
batch_size,64,32,32,3,0.6908812134554891,0.7028849944472313,0.001,64,2,0.3,False,64,75,0.0,0.1,10,5,0.5,True,42
batch_size,64,32,32,4,0.6902299098896257,0.696940504014492,0.001,64,2,0.3,False,64,75,0.0,0.1,10,5,0.5,True,42
batch_size,64,32,32,5,0.687541071212653,0.6956478357315063,0.001,64,2,0.3,False,64,75,0.0,0.1,10,5,0.5,True,42
batch_size,64,32,32,6,0.6868956423167026,0.6999042928218842,0.001,64,2,0.3,False,64,75,0.0,0.1,10,5,0.5,True,42
batch_size,64,32,32,7,0.6814695280609708,0.7074021846055984,0.001,64,2,0.3,False,64,75,0.0,0.1,10,5,0.5,True,42
batch_size,64,32,32,8,0.6742120367107969,0.7029992267489433,0.001,64,2,0.3,False,64,75,0.0,0.1,10,5,0.5,True,42
batch_size,64,32,32,9,0.6698369275439869,0.713328093290329,0.001,64,2,0.3,False,64,75,0.0,0.1,10,5,0.5,True,42
batch_size,64,32,32,10,0.6643217440807458,0.7391393259167671,0.001,64,2,0.3,False,64,75,0.0,0.1,10,5,0.5,True,42
batch_size,64,32,32,11,0.6608074614495942,0.7155120894312859,0.001,64,2,0.3,False,64,75,0.0,0.1,10,5,0.5,True,42
batch_size,64,33,33,1,0.6939899325370789,0.6904696002602577,0.001,64,2,0.3,False,64,75,0.0,0.1,10,5,0.5,True,42
batch_size,64,33,33,2,0.6928823283224395,0.6920808404684067,0.001,64,2,0.3,False,64,75,0.0,0.1,10,5,0.5,True,42
batch_size,64,33,33,3,0.6915969505454554,0.6903489232063293,0.001,64,2,0.3,False,64,75,0.0,0.1,10,5,0.5,True,42
batch_size,64,33,33,4,0.6895043949286143,0.6947422474622726,0.001,64,2,0.3,False,64,75,0.0,0.1,10,5,0.5,True,42
batch_size,64,33,33,5,0.6881293311263575,0.6958090215921402,0.001,64,2,0.3,False,64,75,0.0,0.1,10,5,0.5,True,42
batch_size,64,33,33,6,0.685942834073847,0.692330464720726,0.001,64,2,0.3,False,64,75,0.0,0.1,10,5,0.5,True,42
batch_size,64,33,33,7,0.6831167141596476,0.6985040083527565,0.001,64,2,0.3,False,64,75,0.0,0.1,10,5,0.5,True,42
batch_size,64,33,33,8,0.6776153165282626,0.7082214131951332,0.001,64,2,0.3,False,64,75,0.0,0.1,10,5,0.5,True,42
batch_size,64,33,33,9,0.6712709502740339,0.7081325128674507,0.001,64,2,0.3,False,64,75,0.0,0.1,10,5,0.5,True,42
batch_size,64,33,33,10,0.6640127924355593,0.7326133102178574,0.001,64,2,0.3,False,64,75,0.0,0.1,10,5,0.5,True,42
batch_size,64,33,33,11,0.6543668038917311,0.7406023889780045,0.001,64,2,0.3,False,64,75,0.0,0.1,10,5,0.5,True,42
batch_size,64,33,33,12,0.6487490363193281,0.7354566678404808,0.001,64,2,0.3,False,64,75,0.0,0.1,10,5,0.5,True,42
batch_size,64,33,33,13,0.6441368514841254,0.7351902052760124,0.001,64,2,0.3,False,64,75,0.0,0.1,10,5,0.5,True,42
batch_size,64,34,34,1,0.693748181516474,0.6892908588051796,0.001,64,2,0.3,False,64,75,0.0,0.1,10,5,0.5,True,42
batch_size,64,34,34,2,0.6926634176210924,0.6905248910188675,0.001,64,2,0.3,False,64,75,0.0,0.1,10,5,0.5,True,42
batch_size,64,34,34,3,0.6923203414136713,0.688258484005928,0.001,64,2,0.3,False,64,75,0.0,0.1,10,5,0.5,True,42
batch_size,64,34,34,4,0.6901966893311703,0.6897839233279228,0.001,64,2,0.3,False,64,75,0.0,0.1,10,5,0.5,True,42
batch_size,64,34,34,5,0.689354827006658,0.6896123439073563,0.001,64,2,0.3,False,64,75,0.0,0.1,10,5,0.5,True,42
batch_size,64,34,34,6,0.6858224859743407,0.6891779601573944,0.001,64,2,0.3,False,64,75,0.0,0.1,10,5,0.5,True,42
batch_size,64,34,34,7,0.6804971731070316,0.7020882293581963,0.001,64,2,0.3,False,64,75,0.0,0.1,10,5,0.5,True,42
batch_size,64,34,34,8,0.6740990028236852,0.6923645660281181,0.001,64,2,0.3,False,64,75,0.0,0.1,10,5,0.5,True,42
batch_size,64,34,34,9,0.6728483763608065,0.695633091032505,0.001,64,2,0.3,False,64,75,0.0,0.1,10,5,0.5,True,42
batch_size,64,34,34,10,0.6599646192608457,0.7336434870958328,0.001,64,2,0.3,False,64,75,0.0,0.1,10,5,0.5,True,42
batch_size,64,34,34,11,0.6515777743223942,0.7128538191318512,0.001,64,2,0.3,False,64,75,0.0,0.1,10,5,0.5,True,42
batch_size,64,34,34,12,0.6475662589073181,0.7428803518414497,0.001,64,2,0.3,False,64,75,0.0,0.1,10,5,0.5,True,42
batch_size,64,34,34,13,0.6417105839107976,0.742033027112484,0.001,64,2,0.3,False,64,75,0.0,0.1,10,5,0.5,True,42
batch_size,64,35,35,1,0.6942307958097169,0.6915458142757416,0.001,64,2,0.3,False,64,75,0.0,0.1,10,5,0.5,True,42
batch_size,64,35,35,2,0.6927001991055228,0.6918483078479767,0.001,64,2,0.3,False,64,75,0.0,0.1,10,5,0.5,True,42
batch_size,64,35,35,3,0.691691646973292,0.6926998347043991,0.001,64,2,0.3,False,64,75,0.0,0.1,10,5,0.5,True,42
batch_size,64,35,35,4,0.6899439457691077,0.6915016695857048,0.001,64,2,0.3,False,64,75,0.0,0.1,10,5,0.5,True,42
batch_size,64,35,35,5,0.6885590535221677,0.6936939507722855,0.001,64,2,0.3,False,64,75,0.0,0.1,10,5,0.5,True,42
batch_size,64,35,35,6,0.6881116836360006,0.6922749951481819,0.001,64,2,0.3,False,64,75,0.0,0.1,10,5,0.5,True,42
batch_size,64,35,35,7,0.6853788296381632,0.6939174458384514,0.001,64,2,0.3,False,64,75,0.0,0.1,10,5,0.5,True,42
batch_size,64,35,35,8,0.6787641662539858,0.6962580308318138,0.001,64,2,0.3,False,64,75,0.0,0.1,10,5,0.5,True,42
batch_size,64,35,35,9,0.6735565942345243,0.7003562152385712,0.001,64,2,0.3,False,64,75,0.0,0.1,10,5,0.5,True,42
batch_size,64,35,35,10,0.6674558881557349,0.7066808640956879,0.001,64,2,0.3,False,64,75,0.0,0.1,10,5,0.5,True,42
batch_size,64,35,35,11,0.6611792219407631,0.705573558807373,0.001,64,2,0.3,False,64,75,0.0,0.1,10,5,0.5,True,42
batch_size,64,35,35,12,0.6543170177575314,0.7415259256958961,0.001,64,2,0.3,False,64,75,0.0,0.1,10,5,0.5,True,42
batch_size,64,35,35,13,0.6515670653545496,0.7161435484886169,0.001,64,2,0.3,False,64,75,0.0,0.1,10,5,0.5,True,42
batch_size,64,35,35,14,0.6406619584921635,0.7313391417264938,0.001,64,2,0.3,False,64,75,0.0,0.1,10,5,0.5,True,42
batch_size,64,36,36,1,0.6939148279753599,0.6932374835014343,0.001,64,2,0.3,False,64,75,0.0,0.1,10,5,0.5,True,42
batch_size,64,36,36,2,0.6930903376954974,0.6918591931462288,0.001,64,2,0.3,False,64,75,0.0,0.1,10,5,0.5,True,42
batch_size,64,36,36,3,0.6918850351463665,0.6900545433163643,0.001,64,2,0.3,False,64,75,0.0,0.1,10,5,0.5,True,42
batch_size,64,36,36,4,0.6898012323813005,0.6870110854506493,0.001,64,2,0.3,False,64,75,0.0,0.1,10,5,0.5,True,42
batch_size,64,36,36,5,0.688734357104157,0.6883805990219116,0.001,64,2,0.3,False,64,75,0.0,0.1,10,5,0.5,True,42
batch_size,64,36,36,6,0.6839335894945896,0.7038602977991104,0.001,64,2,0.3,False,64,75,0.0,0.1,10,5,0.5,True,42
batch_size,64,36,36,7,0.6833939516183102,0.695087805390358,0.001,64,2,0.3,False,64,75,0.0,0.1,10,5,0.5,True,42
batch_size,64,36,36,8,0.6774534420533613,0.7096613049507141,0.001,64,2,0.3,False,64,75,0.0,0.1,10,5,0.5,True,42
batch_size,64,36,36,9,0.6810085448351774,0.6913290917873383,0.001,64,2,0.3,False,64,75,0.0,0.1,10,5,0.5,True,42
batch_size,64,36,36,10,0.6784109789313693,0.6936064288020134,0.001,64,2,0.3,False,64,75,0.0,0.1,10,5,0.5,True,42
batch_size,64,36,36,11,0.6686226292089983,0.7068413496017456,0.001,64,2,0.3,False,64,75,0.0,0.1,10,5,0.5,True,42
batch_size,64,36,36,12,0.6650014330040325,0.7130448743700981,0.001,64,2,0.3,False,64,75,0.0,0.1,10,5,0.5,True,42
batch_size,64,36,36,13,0.6591079207983884,0.7104794234037399,0.001,64,2,0.3,False,64,75,0.0,0.1,10,5,0.5,True,42
batch_size,64,36,36,14,0.6527433386354735,0.7122616842389107,0.001,64,2,0.3,False,64,75,0.0,0.1,10,5,0.5,True,42
batch_size,64,37,37,1,0.6944529847665266,0.6890581101179123,0.001,64,2,0.3,False,64,75,0.0,0.1,10,5,0.5,True,42
batch_size,64,37,37,2,0.6926661133766174,0.6925098225474358,0.001,64,2,0.3,False,64,75,0.0,0.1,10,5,0.5,True,42
batch_size,64,37,37,3,0.6917892866062395,0.6916835531592369,0.001,64,2,0.3,False,64,75,0.0,0.1,10,5,0.5,True,42
batch_size,64,37,37,4,0.6895661137320779,0.6927961111068726,0.001,64,2,0.3,False,64,75,0.0,0.1,10,5,0.5,True,42
batch_size,64,37,37,5,0.687008904688286,0.6942421495914459,0.001,64,2,0.3,False,64,75,0.0,0.1,10,5,0.5,True,42
batch_size,64,37,37,6,0.6822609097668619,0.6970793232321739,0.001,64,2,0.3,False,64,75,0.0,0.1,10,5,0.5,True,42
batch_size,64,37,37,7,0.678618977467219,0.7111241817474365,0.001,64,2,0.3,False,64,75,0.0,0.1,10,5,0.5,True,42
batch_size,64,37,37,8,0.6687403637351412,0.7096991315484047,0.001,64,2,0.3,False,64,75,0.0,0.1,10,5,0.5,True,42
batch_size,64,37,37,9,0.6631035560911352,0.7265877798199654,0.001,64,2,0.3,False,64,75,0.0,0.1,10,5,0.5,True,42
batch_size,64,37,37,10,0.6546524167060852,0.7580339685082436,0.001,64,2,0.3,False,64,75,0.0,0.1,10,5,0.5,True,42
batch_size,64,37,37,11,0.651098760691556,0.7287253066897392,0.001,64,2,0.3,False,64,75,0.0,0.1,10,5,0.5,True,42
batch_size,64,38,38,1,0.6944453616937002,0.691311314702034,0.001,64,2,0.3,False,64,75,0.0,0.1,10,5,0.5,True,42
batch_size,64,38,38,2,0.6925056396108685,0.6949043646454811,0.001,64,2,0.3,False,64,75,0.0,0.1,10,5,0.5,True,42
batch_size,64,38,38,3,0.6918610063466158,0.6890847533941269,0.001,64,2,0.3,False,64,75,0.0,0.1,10,5,0.5,True,42
batch_size,64,38,38,4,0.6902753855242874,0.6936896443367004,0.001,64,2,0.3,False,64,75,0.0,0.1,10,5,0.5,True,42
batch_size,64,38,38,5,0.6874652983564319,0.692338190972805,0.001,64,2,0.3,False,64,75,0.0,0.1,10,5,0.5,True,42
batch_size,64,38,38,6,0.6829763551553091,0.7104200422763824,0.001,64,2,0.3,False,64,75,0.0,0.1,10,5,0.5,True,42
batch_size,64,38,38,7,0.6775015917691317,0.6923898607492447,0.001,64,2,0.3,False,64,75,0.0,0.1,10,5,0.5,True,42
batch_size,64,38,38,8,0.672788502592029,0.7023248001933098,0.001,64,2,0.3,False,64,75,0.0,0.1,10,5,0.5,True,42
batch_size,64,38,38,9,0.6685413176363165,0.720298670232296,0.001,64,2,0.3,False,64,75,0.0,0.1,10,5,0.5,True,42
batch_size,64,38,38,10,0.6555246024420767,0.7129649594426155,0.001,64,2,0.3,False,64,75,0.0,0.1,10,5,0.5,True,42
batch_size,64,38,38,11,0.6499379141764208,0.739620104432106,0.001,64,2,0.3,False,64,75,0.0,0.1,10,5,0.5,True,42
batch_size,64,38,38,12,0.6441746453444163,0.7324632182717323,0.001,64,2,0.3,False,64,75,0.0,0.1,10,5,0.5,True,42
batch_size,64,38,38,13,0.6455417428955887,0.7553983554244041,0.001,64,2,0.3,False,64,75,0.0,0.1,10,5,0.5,True,42
batch_size,64,39,39,1,0.6935930450757345,0.6921653673052788,0.001,64,2,0.3,False,64,75,0.0,0.1,10,5,0.5,True,42
batch_size,64,39,39,2,0.6929994658990339,0.6905788108706474,0.001,64,2,0.3,False,64,75,0.0,0.1,10,5,0.5,True,42
batch_size,64,39,39,3,0.6924004870833773,0.6917302682995796,0.001,64,2,0.3,False,64,75,0.0,0.1,10,5,0.5,True,42
batch_size,64,39,39,4,0.6902855282480066,0.6887300312519073,0.001,64,2,0.3,False,64,75,0.0,0.1,10,5,0.5,True,42
batch_size,64,39,39,5,0.6876717905203501,0.6924968138337135,0.001,64,2,0.3,False,64,75,0.0,0.1,10,5,0.5,True,42
batch_size,64,39,39,6,0.6833465885032307,0.6943923532962799,0.001,64,2,0.3,False,64,75,0.0,0.1,10,5,0.5,True,42
batch_size,64,39,39,7,0.6783569238402627,0.6954988315701485,0.001,64,2,0.3,False,64,75,0.0,0.1,10,5,0.5,True,42
batch_size,64,39,39,8,0.671163974386273,0.7142991423606873,0.001,64,2,0.3,False,64,75,0.0,0.1,10,5,0.5,True,42
batch_size,64,39,39,9,0.6656516356901689,0.7138234525918961,0.001,64,2,0.3,False,64,75,0.0,0.1,10,5,0.5,True,42
batch_size,64,39,39,10,0.6623814476258827,0.7283925712108612,0.001,64,2,0.3,False,64,75,0.0,0.1,10,5,0.5,True,42
batch_size,64,39,39,11,0.6449659873138774,0.7590797692537308,0.001,64,2,0.3,False,64,75,0.0,0.1,10,5,0.5,True,42
batch_size,64,39,39,12,0.6352048281467322,0.7711731120944023,0.001,64,2,0.3,False,64,75,0.0,0.1,10,5,0.5,True,42
batch_size,64,39,39,13,0.6266244180274733,0.8018709793686867,0.001,64,2,0.3,False,64,75,0.0,0.1,10,5,0.5,True,42
batch_size,64,39,39,14,0.6210396497538595,0.8036114275455475,0.001,64,2,0.3,False,64,75,0.0,0.1,10,5,0.5,True,42
batch_size,64,40,40,1,0.6944620961492712,0.6911487132310867,0.001,64,2,0.3,False,64,75,0.0,0.1,10,5,0.5,True,42
batch_size,64,40,40,2,0.6926627276521741,0.6930340379476547,0.001,64,2,0.3,False,64,75,0.0,0.1,10,5,0.5,True,42
batch_size,64,40,40,3,0.6927716280474807,0.6879588887095451,0.001,64,2,0.3,False,64,75,0.0,0.1,10,5,0.5,True,42
batch_size,64,40,40,4,0.6901245279745623,0.6915058270096779,0.001,64,2,0.3,False,64,75,0.0,0.1,10,5,0.5,True,42
batch_size,64,40,40,5,0.6883588342955618,0.691824808716774,0.001,64,2,0.3,False,64,75,0.0,0.1,10,5,0.5,True,42
batch_size,64,40,40,6,0.6866767939293024,0.7071428745985031,0.001,64,2,0.3,False,64,75,0.0,0.1,10,5,0.5,True,42
batch_size,64,40,40,7,0.6832048152432297,0.7039128318428993,0.001,64,2,0.3,False,64,75,0.0,0.1,10,5,0.5,True,42
batch_size,64,40,40,8,0.6778905933553522,0.7170443311333656,0.001,64,2,0.3,False,64,75,0.0,0.1,10,5,0.5,True,42
batch_size,64,40,40,9,0.6726347361550187,0.7224841937422752,0.001,64,2,0.3,False,64,75,0.0,0.1,10,5,0.5,True,42
batch_size,64,40,40,10,0.6619078291184974,0.735093854367733,0.001,64,2,0.3,False,64,75,0.0,0.1,10,5,0.5,True,42
batch_size,64,40,40,11,0.6564957788496306,0.7263957932591438,0.001,64,2,0.3,False,64,75,0.0,0.1,10,5,0.5,True,42
batch_size,64,40,40,12,0.6545199471892733,0.7522277608513832,0.001,64,2,0.3,False,64,75,0.0,0.1,10,5,0.5,True,42
batch_size,64,40,40,13,0.6442219344052401,0.749019168317318,0.001,64,2,0.3,False,64,75,0.0,0.1,10,5,0.5,True,42
batch_size,64,41,41,1,0.6937200688954556,0.696632444858551,0.001,64,2,0.3,False,64,75,0.0,0.1,10,5,0.5,True,42
batch_size,64,41,41,2,0.6926627520358923,0.6938889026641846,0.001,64,2,0.3,False,64,75,0.0,0.1,10,5,0.5,True,42
batch_size,64,41,41,3,0.6908628371628848,0.691904105246067,0.001,64,2,0.3,False,64,75,0.0,0.1,10,5,0.5,True,42
batch_size,64,41,41,4,0.690811428156766,0.6873601526021957,0.001,64,2,0.3,False,64,75,0.0,0.1,10,5,0.5,True,42
batch_size,64,41,41,5,0.687941950378996,0.6862882971763611,0.001,64,2,0.3,False,64,75,0.0,0.1,10,5,0.5,True,42
batch_size,64,41,41,6,0.6841951843464014,0.6888497546315193,0.001,64,2,0.3,False,64,75,0.0,0.1,10,5,0.5,True,42
batch_size,64,41,41,7,0.6799127224719885,0.6885604709386826,0.001,64,2,0.3,False,64,75,0.0,0.1,10,5,0.5,True,42
batch_size,64,41,41,8,0.6754692901264537,0.6957433223724365,0.001,64,2,0.3,False,64,75,0.0,0.1,10,5,0.5,True,42
batch_size,64,41,41,9,0.6697202984130743,0.7224258556962013,0.001,64,2,0.3,False,64,75,0.0,0.1,10,5,0.5,True,42
batch_size,64,41,41,10,0.6634126170115038,0.6908759027719498,0.001,64,2,0.3,False,64,75,0.0,0.1,10,5,0.5,True,42
batch_size,64,41,41,11,0.6565777253020894,0.7298796698451042,0.001,64,2,0.3,False,64,75,0.0,0.1,10,5,0.5,True,42
batch_size,64,41,41,12,0.6429602801799774,0.7421102374792099,0.001,64,2,0.3,False,64,75,0.0,0.1,10,5,0.5,True,42
batch_size,64,41,41,13,0.6379296084245046,0.7553068026900291,0.001,64,2,0.3,False,64,75,0.0,0.1,10,5,0.5,True,42
batch_size,64,41,41,14,0.6332826226046591,0.7261885702610016,0.001,64,2,0.3,False,64,75,0.0,0.1,10,5,0.5,True,42
batch_size,64,41,41,15,0.6272678257841052,0.7495694234967232,0.001,64,2,0.3,False,64,75,0.0,0.1,10,5,0.5,True,42
batch_size,64,42,42,1,0.6947992326635303,0.6959107890725136,0.001,64,2,0.3,False,64,75,0.0,0.1,10,5,0.5,True,42
batch_size,64,42,42,2,0.6922991095167218,0.6928384155035019,0.001,64,2,0.3,False,64,75,0.0,0.1,10,5,0.5,True,42
batch_size,64,42,42,3,0.6910797447869272,0.6921810954809189,0.001,64,2,0.3,False,64,75,0.0,0.1,10,5,0.5,True,42
batch_size,64,42,42,4,0.6908673174453505,0.6899464279413223,0.001,64,2,0.3,False,64,75,0.0,0.1,10,5,0.5,True,42
batch_size,64,42,42,5,0.6892311166633259,0.6909145936369896,0.001,64,2,0.3,False,64,75,0.0,0.1,10,5,0.5,True,42
batch_size,64,42,42,6,0.6855137194647933,0.6922785490751266,0.001,64,2,0.3,False,64,75,0.0,0.1,10,5,0.5,True,42
batch_size,64,42,42,7,0.6842151284217834,0.6983693316578865,0.001,64,2,0.3,False,64,75,0.0,0.1,10,5,0.5,True,42
batch_size,64,42,42,8,0.6750142547217283,0.6994445323944092,0.001,64,2,0.3,False,64,75,0.0,0.1,10,5,0.5,True,42
batch_size,64,42,42,9,0.6706351168227919,0.7006967887282372,0.001,64,2,0.3,False,64,75,0.0,0.1,10,5,0.5,True,42
batch_size,64,42,42,10,0.6654154432542396,0.7079433426260948,0.001,64,2,0.3,False,64,75,0.0,0.1,10,5,0.5,True,42
batch_size,64,42,42,11,0.6461878238302289,0.7304183766245842,0.001,64,2,0.3,False,64,75,0.0,0.1,10,5,0.5,True,42
batch_size,64,42,42,12,0.6439165734883511,0.7529067695140839,0.001,64,2,0.3,False,64,75,0.0,0.1,10,5,0.5,True,42
batch_size,64,42,42,13,0.63596665317362,0.758044108748436,0.001,64,2,0.3,False,64,75,0.0,0.1,10,5,0.5,True,42
batch_size,64,42,42,14,0.6304095622264978,0.7496261820197105,0.001,64,2,0.3,False,64,75,0.0,0.1,10,5,0.5,True,42
batch_size,64,43,43,1,0.6941621113907207,0.6914941072463989,0.001,64,2,0.3,False,64,75,0.0,0.1,10,5,0.5,True,42
batch_size,64,43,43,2,0.6930051111813748,0.6936368048191071,0.001,64,2,0.3,False,64,75,0.0,0.1,10,5,0.5,True,42
batch_size,64,43,43,3,0.692013700803121,0.6909189671278,0.001,64,2,0.3,False,64,75,0.0,0.1,10,5,0.5,True,42
batch_size,64,43,43,4,0.6906955594366248,0.6977209374308586,0.001,64,2,0.3,False,64,75,0.0,0.1,10,5,0.5,True,42
batch_size,64,43,43,5,0.6865039178819368,0.6959337517619133,0.001,64,2,0.3,False,64,75,0.0,0.1,10,5,0.5,True,42
batch_size,64,43,43,6,0.6844138168927395,0.6958276033401489,0.001,64,2,0.3,False,64,75,0.0,0.1,10,5,0.5,True,42
batch_size,64,43,43,7,0.6759941948182655,0.7131886035203934,0.001,64,2,0.3,False,64,75,0.0,0.1,10,5,0.5,True,42
batch_size,64,43,43,8,0.6715224249796434,0.7234100997447968,0.001,64,2,0.3,False,64,75,0.0,0.1,10,5,0.5,True,42
batch_size,64,43,43,9,0.6648028176842313,0.726026751101017,0.001,64,2,0.3,False,64,75,0.0,0.1,10,5,0.5,True,42
batch_size,64,43,43,10,0.6498368653384122,0.7593201622366905,0.001,64,2,0.3,False,64,75,0.0,0.1,10,5,0.5,True,42
batch_size,64,43,43,11,0.6441588645631616,0.7398878410458565,0.001,64,2,0.3,False,64,75,0.0,0.1,10,5,0.5,True,42
batch_size,64,43,43,12,0.6381197075049082,0.7875371053814888,0.001,64,2,0.3,False,64,75,0.0,0.1,10,5,0.5,True,42
batch_size,64,43,43,13,0.6304319094527852,0.7705378979444504,0.001,64,2,0.3,False,64,75,0.0,0.1,10,5,0.5,True,42
batch_size,64,44,44,1,0.6935523649056753,0.6961759328842163,0.001,64,2,0.3,False,64,75,0.0,0.1,10,5,0.5,True,42
batch_size,64,44,44,2,0.6930018121545966,0.6928693056106567,0.001,64,2,0.3,False,64,75,0.0,0.1,10,5,0.5,True,42
batch_size,64,44,44,3,0.6916976914261327,0.695384219288826,0.001,64,2,0.3,False,64,75,0.0,0.1,10,5,0.5,True,42
batch_size,64,44,44,4,0.689292005517266,0.6961711496114731,0.001,64,2,0.3,False,64,75,0.0,0.1,10,5,0.5,True,42
batch_size,64,44,44,5,0.6885649688316114,0.7006964087486267,0.001,64,2,0.3,False,64,75,0.0,0.1,10,5,0.5,True,42
batch_size,64,44,44,6,0.6850731851476611,0.7119690328836441,0.001,64,2,0.3,False,64,75,0.0,0.1,10,5,0.5,True,42
batch_size,64,44,44,7,0.680395655559771,0.7117730304598808,0.001,64,2,0.3,False,64,75,0.0,0.1,10,5,0.5,True,42
batch_size,64,44,44,8,0.6743159781802784,0.7189523279666901,0.001,64,2,0.3,False,64,75,0.0,0.1,10,5,0.5,True,42
batch_size,64,44,44,9,0.6610147230552904,0.7232049480080605,0.001,64,2,0.3,False,64,75,0.0,0.1,10,5,0.5,True,42
batch_size,64,44,44,10,0.6564673962015094,0.7256770879030228,0.001,64,2,0.3,False,64,75,0.0,0.1,10,5,0.5,True,42
batch_size,64,44,44,11,0.6493545490683932,0.754905641078949,0.001,64,2,0.3,False,64,75,0.0,0.1,10,5,0.5,True,42
batch_size,64,44,44,12,0.6433533439130494,0.7444627061486244,0.001,64,2,0.3,False,64,75,0.0,0.1,10,5,0.5,True,42
batch_size,64,45,45,1,0.6942979061242306,0.6928310096263885,0.001,64,2,0.3,False,64,75,0.0,0.1,10,5,0.5,True,42
batch_size,64,45,45,2,0.6925238560546528,0.693643219769001,0.001,64,2,0.3,False,64,75,0.0,0.1,10,5,0.5,True,42
batch_size,64,45,45,3,0.6923365990320841,0.6948325261473656,0.001,64,2,0.3,False,64,75,0.0,0.1,10,5,0.5,True,42
batch_size,64,45,45,4,0.6907651848865278,0.6940962821245193,0.001,64,2,0.3,False,64,75,0.0,0.1,10,5,0.5,True,42
batch_size,64,45,45,5,0.6887899131485911,0.6947316229343414,0.001,64,2,0.3,False,64,75,0.0,0.1,10,5,0.5,True,42
batch_size,64,45,45,6,0.685196471936775,0.6981433480978012,0.001,64,2,0.3,False,64,75,0.0,0.1,10,5,0.5,True,42
batch_size,64,45,45,7,0.6829638210209933,0.7007790207862854,0.001,64,2,0.3,False,64,75,0.0,0.1,10,5,0.5,True,42
batch_size,64,45,45,8,0.6719684104124705,0.7131681442260742,0.001,64,2,0.3,False,64,75,0.0,0.1,10,5,0.5,True,42
batch_size,64,45,45,9,0.6631560145002423,0.7162914872169495,0.001,64,2,0.3,False,64,75,0.0,0.1,10,5,0.5,True,42
batch_size,64,45,45,10,0.6566133146936243,0.7371738106012344,0.001,64,2,0.3,False,64,75,0.0,0.1,10,5,0.5,True,42
batch_size,64,45,45,11,0.652426074851643,0.7201288342475891,0.001,64,2,0.3,False,64,75,0.0,0.1,10,5,0.5,True,42
batch_size,64,46,46,1,0.6941858674540664,0.69232989102602,0.001,64,2,0.3,False,64,75,0.0,0.1,10,5,0.5,True,42
batch_size,64,46,46,2,0.6929075094786558,0.6920903623104095,0.001,64,2,0.3,False,64,75,0.0,0.1,10,5,0.5,True,42
batch_size,64,46,46,3,0.6911776228384539,0.6884536370635033,0.001,64,2,0.3,False,64,75,0.0,0.1,10,5,0.5,True,42
batch_size,64,46,46,4,0.6896708625735659,0.6889859363436699,0.001,64,2,0.3,False,64,75,0.0,0.1,10,5,0.5,True,42
batch_size,64,46,46,5,0.6873455779118971,0.6943864822387695,0.001,64,2,0.3,False,64,75,0.0,0.1,10,5,0.5,True,42
batch_size,64,46,46,6,0.6823436229517965,0.6974356696009636,0.001,64,2,0.3,False,64,75,0.0,0.1,10,5,0.5,True,42
batch_size,64,46,46,7,0.6771547451163783,0.7257718145847321,0.001,64,2,0.3,False,64,75,0.0,0.1,10,5,0.5,True,42
batch_size,64,46,46,8,0.6753311130133542,0.693767786026001,0.001,64,2,0.3,False,64,75,0.0,0.1,10,5,0.5,True,42
batch_size,64,46,46,9,0.6674834607225476,0.7431845292448997,0.001,64,2,0.3,False,64,75,0.0,0.1,10,5,0.5,True,42
batch_size,64,46,46,10,0.6523340245087942,0.7383527681231499,0.001,64,2,0.3,False,64,75,0.0,0.1,10,5,0.5,True,42
batch_size,64,46,46,11,0.6448446855400548,0.7439985498785973,0.001,64,2,0.3,False,64,75,0.0,0.1,10,5,0.5,True,42
batch_size,64,46,46,12,0.6388801047296235,0.7677651196718216,0.001,64,2,0.3,False,64,75,0.0,0.1,10,5,0.5,True,42
batch_size,64,46,46,13,0.6355149176987734,0.7727141827344894,0.001,64,2,0.3,False,64,75,0.0,0.1,10,5,0.5,True,42
batch_size,64,47,47,1,0.6935264025673722,0.6956415474414825,0.001,64,2,0.3,False,64,75,0.0,0.1,10,5,0.5,True,42
batch_size,64,47,47,2,0.6924575449842395,0.6939914673566818,0.001,64,2,0.3,False,64,75,0.0,0.1,10,5,0.5,True,42
batch_size,64,47,47,3,0.6913398639722304,0.6938913762569427,0.001,64,2,0.3,False,64,75,0.0,0.1,10,5,0.5,True,42
batch_size,64,47,47,4,0.691546540368687,0.6968841999769211,0.001,64,2,0.3,False,64,75,0.0,0.1,10,5,0.5,True,42
batch_size,64,47,47,5,0.689243447599989,0.6920444443821907,0.001,64,2,0.3,False,64,75,0.0,0.1,10,5,0.5,True,42
batch_size,64,47,47,6,0.6864137703722174,0.6978930160403252,0.001,64,2,0.3,False,64,75,0.0,0.1,10,5,0.5,True,42
batch_size,64,47,47,7,0.6825530339371074,0.702742874622345,0.001,64,2,0.3,False,64,75,0.0,0.1,10,5,0.5,True,42
batch_size,64,47,47,8,0.6756134746652661,0.7045085430145264,0.001,64,2,0.3,False,64,75,0.0,0.1,10,5,0.5,True,42
batch_size,64,47,47,9,0.6698341821179246,0.7282576411962509,0.001,64,2,0.3,False,64,75,0.0,0.1,10,5,0.5,True,42
batch_size,64,47,47,10,0.6643712457382318,0.7337238490581512,0.001,64,2,0.3,False,64,75,0.0,0.1,10,5,0.5,True,42
batch_size,64,47,47,11,0.6582726863297549,0.7299468517303467,0.001,64,2,0.3,False,64,75,0.0,0.1,10,5,0.5,True,42
batch_size,64,47,47,12,0.6469108137217435,0.7474465221166611,0.001,64,2,0.3,False,64,75,0.0,0.1,10,5,0.5,True,42
batch_size,64,47,47,13,0.6352902695988164,0.7586634680628777,0.001,64,2,0.3,False,64,75,0.0,0.1,10,5,0.5,True,42
batch_size,64,47,47,14,0.626781965747024,0.7872559875249863,0.001,64,2,0.3,False,64,75,0.0,0.1,10,5,0.5,True,42
batch_size,64,47,47,15,0.620324328993306,0.7885361686348915,0.001,64,2,0.3,False,64,75,0.0,0.1,10,5,0.5,True,42
batch_size,64,48,48,1,0.6943003179422066,0.6928677409887314,0.001,64,2,0.3,False,64,75,0.0,0.1,10,5,0.5,True,42
batch_size,64,48,48,2,0.6925602332869573,0.6907011643052101,0.001,64,2,0.3,False,64,75,0.0,0.1,10,5,0.5,True,42
batch_size,64,48,48,3,0.6908458800458196,0.6900299489498138,0.001,64,2,0.3,False,64,75,0.0,0.1,10,5,0.5,True,42
batch_size,64,48,48,4,0.6904445112641178,0.6898353323340416,0.001,64,2,0.3,False,64,75,0.0,0.1,10,5,0.5,True,42
batch_size,64,48,48,5,0.6885766511532798,0.6879477873444557,0.001,64,2,0.3,False,64,75,0.0,0.1,10,5,0.5,True,42
batch_size,64,48,48,6,0.6849715754167357,0.6881078109145164,0.001,64,2,0.3,False,64,75,0.0,0.1,10,5,0.5,True,42
batch_size,64,48,48,7,0.6808502798649803,0.6990989074110985,0.001,64,2,0.3,False,64,75,0.0,0.1,10,5,0.5,True,42
batch_size,64,48,48,8,0.6772727307988636,0.7027905359864235,0.001,64,2,0.3,False,64,75,0.0,0.1,10,5,0.5,True,42
batch_size,64,48,48,9,0.6688288485825952,0.6926854103803635,0.001,64,2,0.3,False,64,75,0.0,0.1,10,5,0.5,True,42
batch_size,64,48,48,10,0.6670549511909485,0.7061705142259598,0.001,64,2,0.3,False,64,75,0.0,0.1,10,5,0.5,True,42
batch_size,64,48,48,11,0.6591026898640305,0.7107325345277786,0.001,64,2,0.3,False,64,75,0.0,0.1,10,5,0.5,True,42
batch_size,64,48,48,12,0.6478614816025122,0.7210752964019775,0.001,64,2,0.3,False,64,75,0.0,0.1,10,5,0.5,True,42
batch_size,64,48,48,13,0.6393940484345849,0.7372402846813202,0.001,64,2,0.3,False,64,75,0.0,0.1,10,5,0.5,True,42
batch_size,64,48,48,14,0.638832096733264,0.7546429261565208,0.001,64,2,0.3,False,64,75,0.0,0.1,10,5,0.5,True,42
batch_size,64,48,48,15,0.62657481965734,0.754611611366272,0.001,64,2,0.3,False,64,75,0.0,0.1,10,5,0.5,True,42
batch_size,64,49,49,1,0.6934305203683448,0.6888666599988937,0.001,64,2,0.3,False,64,75,0.0,0.1,10,5,0.5,True,42
batch_size,64,49,49,2,0.6927961147192753,0.6911261528730392,0.001,64,2,0.3,False,64,75,0.0,0.1,10,5,0.5,True,42
batch_size,64,49,49,3,0.6901513157468854,0.6903502494096756,0.001,64,2,0.3,False,64,75,0.0,0.1,10,5,0.5,True,42
batch_size,64,49,49,4,0.6876080270969507,0.6928575858473778,0.001,64,2,0.3,False,64,75,0.0,0.1,10,5,0.5,True,42
batch_size,64,49,49,5,0.6853295745271625,0.6962876245379448,0.001,64,2,0.3,False,64,75,0.0,0.1,10,5,0.5,True,42
batch_size,64,49,49,6,0.6789233314268517,0.7015633806586266,0.001,64,2,0.3,False,64,75,0.0,0.1,10,5,0.5,True,42
batch_size,64,49,49,7,0.6781610981984572,0.7141127437353134,0.001,64,2,0.3,False,64,75,0.0,0.1,10,5,0.5,True,42
batch_size,64,49,49,8,0.6685619038162809,0.7280882373452187,0.001,64,2,0.3,False,64,75,0.0,0.1,10,5,0.5,True,42
batch_size,64,49,49,9,0.6648243611509149,0.717804305255413,0.001,64,2,0.3,False,64,75,0.0,0.1,10,5,0.5,True,42
batch_size,64,49,49,10,0.6575710520599828,0.7185040637850761,0.001,64,2,0.3,False,64,75,0.0,0.1,10,5,0.5,True,42
batch_size,64,49,49,11,0.6539380613601569,0.7228647023439407,0.001,64,2,0.3,False,64,75,0.0,0.1,10,5,0.5,True,42
batch_size,64,50,50,1,0.6934916557687701,0.690674751996994,0.001,64,2,0.3,False,64,75,0.0,0.1,10,5,0.5,True,42
batch_size,64,50,50,2,0.6928746131333438,0.6897746995091438,0.001,64,2,0.3,False,64,75,0.0,0.1,10,5,0.5,True,42
batch_size,64,50,50,3,0.6911103671247308,0.6875585243105888,0.001,64,2,0.3,False,64,75,0.0,0.1,10,5,0.5,True,42
batch_size,64,50,50,4,0.6910386220975355,0.6906119212508202,0.001,64,2,0.3,False,64,75,0.0,0.1,10,5,0.5,True,42
batch_size,64,50,50,5,0.6871315981402542,0.6911498978734016,0.001,64,2,0.3,False,64,75,0.0,0.1,10,5,0.5,True,42
batch_size,64,50,50,6,0.6820341980818546,0.6926529407501221,0.001,64,2,0.3,False,64,75,0.0,0.1,10,5,0.5,True,42
batch_size,64,50,50,7,0.6794436510765192,0.7041478082537651,0.001,64,2,0.3,False,64,75,0.0,0.1,10,5,0.5,True,42
batch_size,64,50,50,8,0.6718180874983469,0.7030923515558243,0.001,64,2,0.3,False,64,75,0.0,0.1,10,5,0.5,True,42
batch_size,64,50,50,9,0.6653329224297495,0.7240579649806023,0.001,64,2,0.3,False,64,75,0.0,0.1,10,5,0.5,True,42
batch_size,64,50,50,10,0.6569280127684275,0.7337781712412834,0.001,64,2,0.3,False,64,75,0.0,0.1,10,5,0.5,True,42
batch_size,64,50,50,11,0.6445960799853007,0.7552371472120285,0.001,64,2,0.3,False,64,75,0.0,0.1,10,5,0.5,True,42
batch_size,64,50,50,12,0.6443641691496877,0.7535944655537605,0.001,64,2,0.3,False,64,75,0.0,0.1,10,5,0.5,True,42
batch_size,64,50,50,13,0.6386972376794526,0.764702707529068,0.001,64,2,0.3,False,64,75,0.0,0.1,10,5,0.5,True,42
batch_size,64,51,51,1,0.6943746769067013,0.6944364830851555,0.001,64,2,0.3,False,64,75,0.0,0.1,10,5,0.5,True,42
batch_size,64,51,51,2,0.6921205096172564,0.6946530118584633,0.001,64,2,0.3,False,64,75,0.0,0.1,10,5,0.5,True,42
batch_size,64,51,51,3,0.691998569351254,0.6922862231731415,0.001,64,2,0.3,False,64,75,0.0,0.1,10,5,0.5,True,42
batch_size,64,51,51,4,0.6895742705374053,0.6884426549077034,0.001,64,2,0.3,False,64,75,0.0,0.1,10,5,0.5,True,42
batch_size,64,51,51,5,0.6875365511937575,0.6997222751379013,0.001,64,2,0.3,False,64,75,0.0,0.1,10,5,0.5,True,42
batch_size,64,51,51,6,0.6853701282631267,0.6947072595357895,0.001,64,2,0.3,False,64,75,0.0,0.1,10,5,0.5,True,42
batch_size,64,51,51,7,0.6797370919675538,0.6932436525821686,0.001,64,2,0.3,False,64,75,0.0,0.1,10,5,0.5,True,42
batch_size,64,51,51,8,0.6760123399170962,0.7016495019197464,0.001,64,2,0.3,False,64,75,0.0,0.1,10,5,0.5,True,42
batch_size,64,51,51,9,0.6688042951352668,0.7097474336624146,0.001,64,2,0.3,False,64,75,0.0,0.1,10,5,0.5,True,42
batch_size,64,51,51,10,0.6652992367744446,0.7021759524941444,0.001,64,2,0.3,False,64,75,0.0,0.1,10,5,0.5,True,42
batch_size,64,51,51,11,0.6585280127597578,0.7281865552067757,0.001,64,2,0.3,False,64,75,0.0,0.1,10,5,0.5,True,42
batch_size,64,51,51,12,0.648539151206161,0.7452806532382965,0.001,64,2,0.3,False,64,75,0.0,0.1,10,5,0.5,True,42
batch_size,64,51,51,13,0.6387679342067603,0.7508816495537758,0.001,64,2,0.3,False,64,75,0.0,0.1,10,5,0.5,True,42
batch_size,64,51,51,14,0.6337866837328131,0.7650553211569786,0.001,64,2,0.3,False,64,75,0.0,0.1,10,5,0.5,True,42
batch_size,64,52,52,1,0.693790176601121,0.6965376883745193,0.001,64,2,0.3,False,64,75,0.0,0.1,10,5,0.5,True,42
batch_size,64,52,52,2,0.6918922382773776,0.6947020143270493,0.001,64,2,0.3,False,64,75,0.0,0.1,10,5,0.5,True,42
batch_size,64,52,52,3,0.6919356232339685,0.6986238583922386,0.001,64,2,0.3,False,64,75,0.0,0.1,10,5,0.5,True,42
batch_size,64,52,52,4,0.6895632788990483,0.6930761784315109,0.001,64,2,0.3,False,64,75,0.0,0.1,10,5,0.5,True,42
batch_size,64,52,52,5,0.6889720911329443,0.6928054690361023,0.001,64,2,0.3,False,64,75,0.0,0.1,10,5,0.5,True,42
batch_size,64,52,52,6,0.6857900809157979,0.6875590980052948,0.001,64,2,0.3,False,64,75,0.0,0.1,10,5,0.5,True,42
batch_size,64,52,52,7,0.6849237915241357,0.6900842562317848,0.001,64,2,0.3,False,64,75,0.0,0.1,10,5,0.5,True,42
batch_size,64,52,52,8,0.6798304120699564,0.6892213597893715,0.001,64,2,0.3,False,64,75,0.0,0.1,10,5,0.5,True,42
batch_size,64,52,52,9,0.6760452714833346,0.6971881687641144,0.001,64,2,0.3,False,64,75,0.0,0.1,10,5,0.5,True,42
batch_size,64,52,52,10,0.669020026922226,0.7060315385460854,0.001,64,2,0.3,False,64,75,0.0,0.1,10,5,0.5,True,42
batch_size,64,52,52,11,0.6643453664851912,0.7121573984622955,0.001,64,2,0.3,False,64,75,0.0,0.1,10,5,0.5,True,42
batch_size,64,52,52,12,0.6547280775778221,0.728773720562458,0.001,64,2,0.3,False,64,75,0.0,0.1,10,5,0.5,True,42
batch_size,64,52,52,13,0.6402641471588251,0.7224220037460327,0.001,64,2,0.3,False,64,75,0.0,0.1,10,5,0.5,True,42
batch_size,64,52,52,14,0.6288365396586332,0.7527083456516266,0.001,64,2,0.3,False,64,75,0.0,0.1,10,5,0.5,True,42
batch_size,64,52,52,15,0.618806475942785,0.7553802579641342,0.001,64,2,0.3,False,64,75,0.0,0.1,10,5,0.5,True,42
batch_size,64,52,52,16,0.6080375702092142,0.7859923169016838,0.001,64,2,0.3,False,64,75,0.0,0.1,10,5,0.5,True,42
batch_size,64,53,53,1,0.6946228796785529,0.6921482980251312,0.001,64,2,0.3,False,64,75,0.0,0.1,10,5,0.5,True,42
batch_size,64,53,53,2,0.6930844449635708,0.6934657171368599,0.001,64,2,0.3,False,64,75,0.0,0.1,10,5,0.5,True,42
batch_size,64,53,53,3,0.6920480267568068,0.6892057731747627,0.001,64,2,0.3,False,64,75,0.0,0.1,10,5,0.5,True,42
batch_size,64,53,53,4,0.6913980010784033,0.6900722160935402,0.001,64,2,0.3,False,64,75,0.0,0.1,10,5,0.5,True,42
batch_size,64,53,53,5,0.6884546279907227,0.6909719035029411,0.001,64,2,0.3,False,64,75,0.0,0.1,10,5,0.5,True,42
batch_size,64,53,53,6,0.6865439785249305,0.6924120560288429,0.001,64,2,0.3,False,64,75,0.0,0.1,10,5,0.5,True,42
batch_size,64,53,53,7,0.682378402262023,0.6971498727798462,0.001,64,2,0.3,False,64,75,0.0,0.1,10,5,0.5,True,42
batch_size,64,53,53,8,0.6771589716275533,0.7146948501467705,0.001,64,2,0.3,False,64,75,0.0,0.1,10,5,0.5,True,42
batch_size,64,53,53,9,0.673370569041281,0.7103386968374252,0.001,64,2,0.3,False,64,75,0.0,0.1,10,5,0.5,True,42
batch_size,64,53,53,10,0.6626527923526186,0.7097122743725777,0.001,64,2,0.3,False,64,75,0.0,0.1,10,5,0.5,True,42
batch_size,64,53,53,11,0.6541572547320164,0.7654046565294266,0.001,64,2,0.3,False,64,75,0.0,0.1,10,5,0.5,True,42
batch_size,64,53,53,12,0.7131232113549204,0.6948307603597641,0.001,64,2,0.3,False,64,75,0.0,0.1,10,5,0.5,True,42
batch_size,64,53,53,13,0.6785635605002894,0.6990413963794708,0.001,64,2,0.3,False,64,75,0.0,0.1,10,5,0.5,True,42
batch_size,64,54,54,1,0.693474059755152,0.6934371441602707,0.001,64,2,0.3,False,64,75,0.0,0.1,10,5,0.5,True,42
batch_size,64,54,54,2,0.692203652678114,0.6946887299418449,0.001,64,2,0.3,False,64,75,0.0,0.1,10,5,0.5,True,42
batch_size,64,54,54,3,0.6916860811638109,0.6958006396889687,0.001,64,2,0.3,False,64,75,0.0,0.1,10,5,0.5,True,42
batch_size,64,54,54,4,0.6881724460558458,0.7021211609244347,0.001,64,2,0.3,False,64,75,0.0,0.1,10,5,0.5,True,42
batch_size,64,54,54,5,0.685965480226459,0.6991797015070915,0.001,64,2,0.3,False,64,75,0.0,0.1,10,5,0.5,True,42
batch_size,64,54,54,6,0.680489468755144,0.698781207203865,0.001,64,2,0.3,False,64,75,0.0,0.1,10,5,0.5,True,42
batch_size,64,54,54,7,0.6785162904045798,0.7013418301939964,0.001,64,2,0.3,False,64,75,0.0,0.1,10,5,0.5,True,42
batch_size,64,54,54,8,0.6698535464026711,0.730842836201191,0.001,64,2,0.3,False,64,75,0.0,0.1,10,5,0.5,True,42
batch_size,64,54,54,9,0.6638923061616493,0.7353429570794106,0.001,64,2,0.3,False,64,75,0.0,0.1,10,5,0.5,True,42
batch_size,64,54,54,10,0.6599729241746844,0.7366873174905777,0.001,64,2,0.3,False,64,75,0.0,0.1,10,5,0.5,True,42
batch_size,64,54,54,11,0.6543101000063347,0.7399016842246056,0.001,64,2,0.3,False,64,75,0.0,0.1,10,5,0.5,True,42
batch_size,64,55,55,1,0.6941059863928593,0.6923675984144211,0.001,64,2,0.3,False,64,75,0.0,0.1,10,5,0.5,True,42
batch_size,64,55,55,2,0.69319759535067,0.692706786096096,0.001,64,2,0.3,False,64,75,0.0,0.1,10,5,0.5,True,42
batch_size,64,55,55,3,0.6915115614732107,0.6921163871884346,0.001,64,2,0.3,False,64,75,0.0,0.1,10,5,0.5,True,42
batch_size,64,55,55,4,0.6889321822108645,0.6953967660665512,0.001,64,2,0.3,False,64,75,0.0,0.1,10,5,0.5,True,42
batch_size,64,55,55,5,0.6873663483244,0.6989141553640366,0.001,64,2,0.3,False,64,75,0.0,0.1,10,5,0.5,True,42
batch_size,64,55,55,6,0.6842507972861781,0.702916830778122,0.001,64,2,0.3,False,64,75,0.0,0.1,10,5,0.5,True,42
batch_size,64,55,55,7,0.6796282295024756,0.715892493724823,0.001,64,2,0.3,False,64,75,0.0,0.1,10,5,0.5,True,42
batch_size,64,55,55,8,0.6736152226274664,0.7346373125910759,0.001,64,2,0.3,False,64,75,0.0,0.1,10,5,0.5,True,42
batch_size,64,55,55,9,0.6694911366159265,0.7137884497642517,0.001,64,2,0.3,False,64,75,0.0,0.1,10,5,0.5,True,42
batch_size,64,55,55,10,0.6569825049602624,0.7303611934185028,0.001,64,2,0.3,False,64,75,0.0,0.1,10,5,0.5,True,42
batch_size,64,55,55,11,0.6514019731319312,0.7359069213271141,0.001,64,2,0.3,False,64,75,0.0,0.1,10,5,0.5,True,42
batch_size,64,55,55,12,0.6446003733259259,0.7513830959796906,0.001,64,2,0.3,False,64,75,0.0,0.1,10,5,0.5,True,42
batch_size,64,55,55,13,0.6350897099032546,0.752087339758873,0.001,64,2,0.3,False,64,75,0.0,0.1,10,5,0.5,True,42
batch_size,64,56,56,1,0.6934179338541898,0.6930167376995087,0.001,64,2,0.3,False,64,75,0.0,0.1,10,5,0.5,True,42
batch_size,64,56,56,2,0.6921942938457836,0.6929006800055504,0.001,64,2,0.3,False,64,75,0.0,0.1,10,5,0.5,True,42
batch_size,64,56,56,3,0.6915675844206954,0.6933030933141708,0.001,64,2,0.3,False,64,75,0.0,0.1,10,5,0.5,True,42
batch_size,64,56,56,4,0.6904310620192325,0.6880773976445198,0.001,64,2,0.3,False,64,75,0.0,0.1,10,5,0.5,True,42
batch_size,64,56,56,5,0.6886455371524348,0.6945473998785019,0.001,64,2,0.3,False,64,75,0.0,0.1,10,5,0.5,True,42
batch_size,64,56,56,6,0.686078844648419,0.6899845972657204,0.001,64,2,0.3,False,64,75,0.0,0.1,10,5,0.5,True,42
batch_size,64,56,56,7,0.6821344512881655,0.6963491439819336,0.001,64,2,0.3,False,64,75,0.0,0.1,10,5,0.5,True,42
batch_size,64,56,56,8,0.6787914046735475,0.6970244869589806,0.001,64,2,0.3,False,64,75,0.0,0.1,10,5,0.5,True,42
batch_size,64,56,56,9,0.6741281657507925,0.7039545029401779,0.001,64,2,0.3,False,64,75,0.0,0.1,10,5,0.5,True,42
batch_size,64,56,56,10,0.6667395143797903,0.6980826035141945,0.001,64,2,0.3,False,64,75,0.0,0.1,10,5,0.5,True,42
batch_size,64,56,56,11,0.6534161143230669,0.7286049202084541,0.001,64,2,0.3,False,64,75,0.0,0.1,10,5,0.5,True,42
batch_size,64,56,56,12,0.6447148187593981,0.7272472828626633,0.001,64,2,0.3,False,64,75,0.0,0.1,10,5,0.5,True,42
batch_size,64,56,56,13,0.6361451627630176,0.730167917907238,0.001,64,2,0.3,False,64,75,0.0,0.1,10,5,0.5,True,42
batch_size,64,56,56,14,0.6312671809485464,0.7447573989629745,0.001,64,2,0.3,False,64,75,0.0,0.1,10,5,0.5,True,42
batch_size,64,57,57,1,0.6940167464993217,0.6950347870588303,0.001,64,2,0.3,False,64,75,0.0,0.1,10,5,0.5,True,42
batch_size,64,57,57,2,0.6925993290814486,0.6941781044006348,0.001,64,2,0.3,False,64,75,0.0,0.1,10,5,0.5,True,42
batch_size,64,57,57,3,0.6918020627715371,0.6993240565061569,0.001,64,2,0.3,False,64,75,0.0,0.1,10,5,0.5,True,42
batch_size,64,57,57,4,0.6906202733516693,0.6923063844442368,0.001,64,2,0.3,False,64,75,0.0,0.1,10,5,0.5,True,42
batch_size,64,57,57,5,0.6867911544713107,0.6951157599687576,0.001,64,2,0.3,False,64,75,0.0,0.1,10,5,0.5,True,42
batch_size,64,57,57,6,0.6839448908964793,0.7032406628131866,0.001,64,2,0.3,False,64,75,0.0,0.1,10,5,0.5,True,42
batch_size,64,57,57,7,0.6763121350245043,0.6922981813549995,0.001,64,2,0.3,False,64,75,0.0,0.1,10,5,0.5,True,42
batch_size,64,57,57,8,0.6746304170651869,0.6981824636459351,0.001,64,2,0.3,False,64,75,0.0,0.1,10,5,0.5,True,42
batch_size,64,57,57,9,0.6684770855036649,0.7053509280085564,0.001,64,2,0.3,False,64,75,0.0,0.1,10,5,0.5,True,42
batch_size,64,57,57,10,0.6581200966329286,0.7133301421999931,0.001,64,2,0.3,False,64,75,0.0,0.1,10,5,0.5,True,42
batch_size,64,57,57,11,0.647128451051134,0.7319265082478523,0.001,64,2,0.3,False,64,75,0.0,0.1,10,5,0.5,True,42
batch_size,64,57,57,12,0.6376288650613843,0.7361839339137077,0.001,64,2,0.3,False,64,75,0.0,0.1,10,5,0.5,True,42
batch_size,64,57,57,13,0.6301804907394178,0.7446709349751472,0.001,64,2,0.3,False,64,75,0.0,0.1,10,5,0.5,True,42
batch_size,64,57,57,14,0.6239870488643646,0.7617857158184052,0.001,64,2,0.3,False,64,75,0.0,0.1,10,5,0.5,True,42
batch_size,64,57,57,15,0.6171973943710327,0.7766446992754936,0.001,64,2,0.3,False,64,75,0.0,0.1,10,5,0.5,True,42
batch_size,64,57,57,16,0.6098724400455301,0.7917629182338715,0.001,64,2,0.3,False,64,75,0.0,0.1,10,5,0.5,True,42
batch_size,64,57,57,17,0.5932790433818643,0.7995466589927673,0.001,64,2,0.3,False,64,75,0.0,0.1,10,5,0.5,True,42
batch_size,64,58,58,1,0.6943745026082704,0.6919536665081978,0.001,64,2,0.3,False,64,75,0.0,0.1,10,5,0.5,True,42
batch_size,64,58,58,2,0.6921653774651614,0.6955877915024757,0.001,64,2,0.3,False,64,75,0.0,0.1,10,5,0.5,True,42
batch_size,64,58,58,3,0.6914751845778841,0.6959042698144913,0.001,64,2,0.3,False,64,75,0.0,0.1,10,5,0.5,True,42
batch_size,64,58,58,4,0.6896855262192813,0.6967002600431442,0.001,64,2,0.3,False,64,75,0.0,0.1,10,5,0.5,True,42
batch_size,64,58,58,5,0.6866593740203164,0.6960141509771347,0.001,64,2,0.3,False,64,75,0.0,0.1,10,5,0.5,True,42
batch_size,64,58,58,6,0.6808997419747439,0.6981389746069908,0.001,64,2,0.3,False,64,75,0.0,0.1,10,5,0.5,True,42
batch_size,64,58,58,7,0.6780037545796597,0.7149228900671005,0.001,64,2,0.3,False,64,75,0.0,0.1,10,5,0.5,True,42
batch_size,64,58,58,8,0.6676233383742246,0.7122904732823372,0.001,64,2,0.3,False,64,75,0.0,0.1,10,5,0.5,True,42
batch_size,64,58,58,9,0.6606995183410067,0.7238313481211662,0.001,64,2,0.3,False,64,75,0.0,0.1,10,5,0.5,True,42
batch_size,64,58,58,10,0.6528508121317084,0.7373354211449623,0.001,64,2,0.3,False,64,75,0.0,0.1,10,5,0.5,True,42
batch_size,64,58,58,11,0.6476533738049594,0.7398421093821526,0.001,64,2,0.3,False,64,75,0.0,0.1,10,5,0.5,True,42
batch_size,64,59,59,1,0.694255401690801,0.6953973770141602,0.001,64,2,0.3,False,64,75,0.0,0.1,10,5,0.5,True,42
batch_size,64,59,59,2,0.6920655812277938,0.6937716081738472,0.001,64,2,0.3,False,64,75,0.0,0.1,10,5,0.5,True,42
batch_size,64,59,59,3,0.6915060227567499,0.6929066702723503,0.001,64,2,0.3,False,64,75,0.0,0.1,10,5,0.5,True,42
batch_size,64,59,59,4,0.6896661610314341,0.6959817185997963,0.001,64,2,0.3,False,64,75,0.0,0.1,10,5,0.5,True,42
batch_size,64,59,59,5,0.6870641925118186,0.69281917065382,0.001,64,2,0.3,False,64,75,0.0,0.1,10,5,0.5,True,42
batch_size,64,59,59,6,0.6848560264616301,0.6943579688668251,0.001,64,2,0.3,False,64,75,0.0,0.1,10,5,0.5,True,42
batch_size,64,59,59,7,0.6804926016113975,0.7077470198273659,0.001,64,2,0.3,False,64,75,0.0,0.1,10,5,0.5,True,42
batch_size,64,59,59,8,0.6760757926738623,0.7049969807267189,0.001,64,2,0.3,False,64,75,0.0,0.1,10,5,0.5,True,42
batch_size,64,59,59,9,0.6659019264307889,0.703592449426651,0.001,64,2,0.3,False,64,75,0.0,0.1,10,5,0.5,True,42
batch_size,64,59,59,10,0.6619066388318033,0.7512437924742699,0.001,64,2,0.3,False,64,75,0.0,0.1,10,5,0.5,True,42
batch_size,64,59,59,11,0.6490637750336619,0.7559225559234619,0.001,64,2,0.3,False,64,75,0.0,0.1,10,5,0.5,True,42
batch_size,64,59,59,12,0.6372637631315173,0.7748172804713249,0.001,64,2,0.3,False,64,75,0.0,0.1,10,5,0.5,True,42
batch_size,64,59,59,13,0.6285191557624124,0.765010729432106,0.001,64,2,0.3,False,64,75,0.0,0.1,10,5,0.5,True,42
batch_size,64,59,59,14,0.6213122850114648,0.7568165063858032,0.001,64,2,0.3,False,64,75,0.0,0.1,10,5,0.5,True,42
batch_size,64,59,59,15,0.6107980794075764,0.8299047276377678,0.001,64,2,0.3,False,64,75,0.0,0.1,10,5,0.5,True,42
batch_size,64,60,60,1,0.6939617521835096,0.6918497905135155,0.001,64,2,0.3,False,64,75,0.0,0.1,10,5,0.5,True,42
batch_size,64,60,60,2,0.6917796667778131,0.6919839754700661,0.001,64,2,0.3,False,64,75,0.0,0.1,10,5,0.5,True,42
batch_size,64,60,60,3,0.6917246137604569,0.6925978884100914,0.001,64,2,0.3,False,64,75,0.0,0.1,10,5,0.5,True,42
batch_size,64,60,60,4,0.6897413838993419,0.6912612244486809,0.001,64,2,0.3,False,64,75,0.0,0.1,10,5,0.5,True,42
batch_size,64,60,60,5,0.6886526851943044,0.6918117627501488,0.001,64,2,0.3,False,64,75,0.0,0.1,10,5,0.5,True,42
batch_size,64,60,60,6,0.6843855796438275,0.7039850875735283,0.001,64,2,0.3,False,64,75,0.0,0.1,10,5,0.5,True,42
batch_size,64,60,60,7,0.6829589948509679,0.6969885528087616,0.001,64,2,0.3,False,64,75,0.0,0.1,10,5,0.5,True,42
batch_size,64,60,60,8,0.6772202939698191,0.6920780092477798,0.001,64,2,0.3,False,64,75,0.0,0.1,10,5,0.5,True,42
batch_size,64,60,60,9,0.6728843956282644,0.6955677270889282,0.001,64,2,0.3,False,64,75,0.0,0.1,10,5,0.5,True,42
batch_size,64,60,60,10,0.6643918391430017,0.7015542313456535,0.001,64,2,0.3,False,64,75,0.0,0.1,10,5,0.5,True,42
batch_size,64,60,60,11,0.6511214637395107,0.7109488248825073,0.001,64,2,0.3,False,64,75,0.0,0.1,10,5,0.5,True,42
batch_size,64,60,60,12,0.6431005804827719,0.7204166278243065,0.001,64,2,0.3,False,64,75,0.0,0.1,10,5,0.5,True,42
batch_size,64,60,60,13,0.6322244992761901,0.7257854640483856,0.001,64,2,0.3,False,64,75,0.0,0.1,10,5,0.5,True,42
batch_size,64,60,60,14,0.6234403523531827,0.7427946925163269,0.001,64,2,0.3,False,64,75,0.0,0.1,10,5,0.5,True,42
batch_size,64,61,61,1,0.6935239705172452,0.6918010413646698,0.001,64,2,0.3,False,64,75,0.0,0.1,10,5,0.5,True,42
batch_size,64,61,61,2,0.6924120341286515,0.6977023482322693,0.001,64,2,0.3,False,64,75,0.0,0.1,10,5,0.5,True,42
batch_size,64,61,61,3,0.6915111893957312,0.6940404772758484,0.001,64,2,0.3,False,64,75,0.0,0.1,10,5,0.5,True,42
batch_size,64,61,61,4,0.6901428518873273,0.6937340274453163,0.001,64,2,0.3,False,64,75,0.0,0.1,10,5,0.5,True,42
batch_size,64,61,61,5,0.6868766474001335,0.6933013871312141,0.001,64,2,0.3,False,64,75,0.0,0.1,10,5,0.5,True,42
batch_size,64,61,61,6,0.683869789947163,0.7038734629750252,0.001,64,2,0.3,False,64,75,0.0,0.1,10,5,0.5,True,42
batch_size,64,61,61,7,0.6808190110957983,0.6948477625846863,0.001,64,2,0.3,False,64,75,0.0,0.1,10,5,0.5,True,42
batch_size,64,61,61,8,0.6757276780677565,0.6987250298261642,0.001,64,2,0.3,False,64,75,0.0,0.1,10,5,0.5,True,42
batch_size,64,61,61,9,0.6657390892505646,0.711356908082962,0.001,64,2,0.3,False,64,75,0.0,0.1,10,5,0.5,True,42
batch_size,64,61,61,10,0.6586981587337725,0.7142002135515213,0.001,64,2,0.3,False,64,75,0.0,0.1,10,5,0.5,True,42
batch_size,64,61,61,11,0.6550698578357697,0.7276961877942085,0.001,64,2,0.3,False,64,75,0.0,0.1,10,5,0.5,True,42
batch_size,64,62,62,1,0.6948336615706935,0.6918545737862587,0.001,64,2,0.3,False,64,75,0.0,0.1,10,5,0.5,True,42
batch_size,64,62,62,2,0.6932075935782809,0.6910048425197601,0.001,64,2,0.3,False,64,75,0.0,0.1,10,5,0.5,True,42
batch_size,64,62,62,3,0.6917361373251135,0.6900132298469543,0.001,64,2,0.3,False,64,75,0.0,0.1,10,5,0.5,True,42
batch_size,64,62,62,4,0.6902619943474279,0.6888779550790787,0.001,64,2,0.3,False,64,75,0.0,0.1,10,5,0.5,True,42
batch_size,64,62,62,5,0.6890099247296652,0.6915097013115883,0.001,64,2,0.3,False,64,75,0.0,0.1,10,5,0.5,True,42
batch_size,64,62,62,6,0.6837969548774488,0.6944138631224632,0.001,64,2,0.3,False,64,75,0.0,0.1,10,5,0.5,True,42
batch_size,64,62,62,7,0.679271916548411,0.7052125632762909,0.001,64,2,0.3,False,64,75,0.0,0.1,10,5,0.5,True,42
batch_size,64,62,62,8,0.672655440641172,0.69773930311203,0.001,64,2,0.3,False,64,75,0.0,0.1,10,5,0.5,True,42
batch_size,64,62,62,9,0.6633920154788278,0.7056659087538719,0.001,64,2,0.3,False,64,75,0.0,0.1,10,5,0.5,True,42
batch_size,64,62,62,10,0.6597260390267228,0.7202338427305222,0.001,64,2,0.3,False,64,75,0.0,0.1,10,5,0.5,True,42
batch_size,64,62,62,11,0.6450157806728826,0.749025858938694,0.001,64,2,0.3,False,64,75,0.0,0.1,10,5,0.5,True,42
batch_size,64,62,62,12,0.6357339972799475,0.7566348910331726,0.001,64,2,0.3,False,64,75,0.0,0.1,10,5,0.5,True,42
batch_size,64,62,62,13,0.6282034028660167,0.7656995877623558,0.001,64,2,0.3,False,64,75,0.0,0.1,10,5,0.5,True,42
batch_size,64,62,62,14,0.6236040637348638,0.756334125995636,0.001,64,2,0.3,False,64,75,0.0,0.1,10,5,0.5,True,42
batch_size,64,63,63,1,0.6933112126408201,0.6951146349310875,0.001,64,2,0.3,False,64,75,0.0,0.1,10,5,0.5,True,42
batch_size,64,63,63,2,0.6922873484365868,0.6926411986351013,0.001,64,2,0.3,False,64,75,0.0,0.1,10,5,0.5,True,42
batch_size,64,63,63,3,0.69050732254982,0.6909016519784927,0.001,64,2,0.3,False,64,75,0.0,0.1,10,5,0.5,True,42
batch_size,64,63,63,4,0.6887355979644891,0.689881794154644,0.001,64,2,0.3,False,64,75,0.0,0.1,10,5,0.5,True,42
batch_size,64,63,63,5,0.6858829332120491,0.6964257135987282,0.001,64,2,0.3,False,64,75,0.0,0.1,10,5,0.5,True,42
batch_size,64,63,63,6,0.68133785869136,0.6932616457343102,0.001,64,2,0.3,False,64,75,0.0,0.1,10,5,0.5,True,42
batch_size,64,63,63,7,0.677833027008808,0.6985320821404457,0.001,64,2,0.3,False,64,75,0.0,0.1,10,5,0.5,True,42
batch_size,64,63,63,8,0.6745537203369718,0.7055506110191345,0.001,64,2,0.3,False,64,75,0.0,0.1,10,5,0.5,True,42
batch_size,64,63,63,9,0.6690465139620232,0.7078773528337479,0.001,64,2,0.3,False,64,75,0.0,0.1,10,5,0.5,True,42
batch_size,64,63,63,10,0.661247806115584,0.7076027318835258,0.001,64,2,0.3,False,64,75,0.0,0.1,10,5,0.5,True,42
batch_size,64,63,63,11,0.6473783597801671,0.7152345106005669,0.001,64,2,0.3,False,64,75,0.0,0.1,10,5,0.5,True,42
batch_size,64,63,63,12,0.6377317318410585,0.7551444694399834,0.001,64,2,0.3,False,64,75,0.0,0.1,10,5,0.5,True,42
batch_size,64,63,63,13,0.6313413842157884,0.762022502720356,0.001,64,2,0.3,False,64,75,0.0,0.1,10,5,0.5,True,42
batch_size,64,63,63,14,0.62835349910187,0.767706461250782,0.001,64,2,0.3,False,64,75,0.0,0.1,10,5,0.5,True,42
batch_size,64,64,64,1,0.6938289421977419,0.6947473436594009,0.001,64,2,0.3,False,64,75,0.0,0.1,10,5,0.5,True,42
batch_size,64,64,64,2,0.6926964611718149,0.6918332278728485,0.001,64,2,0.3,False,64,75,0.0,0.1,10,5,0.5,True,42
batch_size,64,64,64,3,0.6912837480053757,0.6895960420370102,0.001,64,2,0.3,False,64,75,0.0,0.1,10,5,0.5,True,42
batch_size,64,64,64,4,0.6897960341337955,0.6889739781618118,0.001,64,2,0.3,False,64,75,0.0,0.1,10,5,0.5,True,42
batch_size,64,64,64,5,0.6877894220930157,0.6967304646968842,0.001,64,2,0.3,False,64,75,0.0,0.1,10,5,0.5,True,42
batch_size,64,64,64,6,0.6853589849038557,0.7046410217881203,0.001,64,2,0.3,False,64,75,0.0,0.1,10,5,0.5,True,42
batch_size,64,64,64,7,0.6811322145389788,0.7060188129544258,0.001,64,2,0.3,False,64,75,0.0,0.1,10,5,0.5,True,42
batch_size,64,64,64,8,0.6740683163657333,0.7121418863534927,0.001,64,2,0.3,False,64,75,0.0,0.1,10,5,0.5,True,42
batch_size,64,64,64,9,0.6690461491093491,0.7217592895030975,0.001,64,2,0.3,False,64,75,0.0,0.1,10,5,0.5,True,42
batch_size,64,64,64,10,0.6620375044418104,0.733254499733448,0.001,64,2,0.3,False,64,75,0.0,0.1,10,5,0.5,True,42
batch_size,64,64,64,11,0.6521907629388751,0.7518787682056427,0.001,64,2,0.3,False,64,75,0.0,0.1,10,5,0.5,True,42
batch_size,64,64,64,12,0.6417466627829003,0.7655110135674477,0.001,64,2,0.3,False,64,75,0.0,0.1,10,5,0.5,True,42
batch_size,64,64,64,13,0.6391655224742312,0.7490074932575226,0.001,64,2,0.3,False,64,75,0.0,0.1,10,5,0.5,True,42
batch_size,64,64,64,14,0.6313946355472911,0.7608170732855797,0.001,64,2,0.3,False,64,75,0.0,0.1,10,5,0.5,True,42
batch_size,64,65,65,1,0.6944309843308998,0.6936858370900154,0.001,64,2,0.3,False,64,75,0.0,0.1,10,5,0.5,True,42
batch_size,64,65,65,2,0.6931065745425947,0.6924738138914108,0.001,64,2,0.3,False,64,75,0.0,0.1,10,5,0.5,True,42
batch_size,64,65,65,3,0.6919062282099868,0.6934005543589592,0.001,64,2,0.3,False,64,75,0.0,0.1,10,5,0.5,True,42
batch_size,64,65,65,4,0.691120035720594,0.6916244626045227,0.001,64,2,0.3,False,64,75,0.0,0.1,10,5,0.5,True,42
batch_size,64,65,65,5,0.6888978553540779,0.6949817389249802,0.001,64,2,0.3,False,64,75,0.0,0.1,10,5,0.5,True,42
batch_size,64,65,65,6,0.6846881328207074,0.6881093755364418,0.001,64,2,0.3,False,64,75,0.0,0.1,10,5,0.5,True,42
batch_size,64,65,65,7,0.6827358477043383,0.6926171332597733,0.001,64,2,0.3,False,64,75,0.0,0.1,10,5,0.5,True,42
batch_size,64,65,65,8,0.6763259660113942,0.6996055245399475,0.001,64,2,0.3,False,64,75,0.0,0.1,10,5,0.5,True,42
batch_size,64,65,65,9,0.6737437329509042,0.7079053521156311,0.001,64,2,0.3,False,64,75,0.0,0.1,10,5,0.5,True,42
batch_size,64,65,65,10,0.6636926152489402,0.6977556422352791,0.001,64,2,0.3,False,64,75,0.0,0.1,10,5,0.5,True,42
batch_size,64,65,65,11,0.6584172745545706,0.7283704206347466,0.001,64,2,0.3,False,64,75,0.0,0.1,10,5,0.5,True,42
batch_size,64,65,65,12,0.6470367222121267,0.7245533093810081,0.001,64,2,0.3,False,64,75,0.0,0.1,10,5,0.5,True,42
batch_size,64,65,65,13,0.6345867668137406,0.7413232177495956,0.001,64,2,0.3,False,64,75,0.0,0.1,10,5,0.5,True,42
batch_size,64,65,65,14,0.6233501669132349,0.7279108539223671,0.001,64,2,0.3,False,64,75,0.0,0.1,10,5,0.5,True,42
batch_size,64,65,65,15,0.6163521246476606,0.7698895782232285,0.001,64,2,0.3,False,64,75,0.0,0.1,10,5,0.5,True,42
batch_size,64,65,65,16,0.6057640801776539,0.7672304585576057,0.001,64,2,0.3,False,64,75,0.0,0.1,10,5,0.5,True,42
batch_size,64,66,66,1,0.6938765988205419,0.6916697174310684,0.001,64,2,0.3,False,64,75,0.0,0.1,10,5,0.5,True,42
batch_size,64,66,66,2,0.6923399432138964,0.6958935558795929,0.001,64,2,0.3,False,64,75,0.0,0.1,10,5,0.5,True,42
batch_size,64,66,66,3,0.6904358764489492,0.6949428468942642,0.001,64,2,0.3,False,64,75,0.0,0.1,10,5,0.5,True,42
batch_size,64,66,66,4,0.6898950248053579,0.6919682919979095,0.001,64,2,0.3,False,64,75,0.0,0.1,10,5,0.5,True,42
batch_size,64,66,66,5,0.6870943145318464,0.6968209818005562,0.001,64,2,0.3,False,64,75,0.0,0.1,10,5,0.5,True,42
batch_size,64,66,66,6,0.6839393883040457,0.7135557532310486,0.001,64,2,0.3,False,64,75,0.0,0.1,10,5,0.5,True,42
batch_size,64,66,66,7,0.6809958616892496,0.7060444727540016,0.001,64,2,0.3,False,64,75,0.0,0.1,10,5,0.5,True,42
batch_size,64,66,66,8,0.6718785455732634,0.7037054821848869,0.001,64,2,0.3,False,64,75,0.0,0.1,10,5,0.5,True,42
batch_size,64,66,66,9,0.6652172352328445,0.7037379071116447,0.001,64,2,0.3,False,64,75,0.0,0.1,10,5,0.5,True,42
batch_size,64,66,66,10,0.6614471764275522,0.7284279838204384,0.001,64,2,0.3,False,64,75,0.0,0.1,10,5,0.5,True,42
batch_size,64,66,66,11,0.6514042128216136,0.7299228757619858,0.001,64,2,0.3,False,64,75,0.0,0.1,10,5,0.5,True,42
batch_size,64,67,67,1,0.6939823419758768,0.6917764022946358,0.001,64,2,0.3,False,64,75,0.0,0.1,10,5,0.5,True,42
batch_size,64,67,67,2,0.692693908106197,0.696393184363842,0.001,64,2,0.3,False,64,75,0.0,0.1,10,5,0.5,True,42
batch_size,64,67,67,3,0.691703200340271,0.6942797899246216,0.001,64,2,0.3,False,64,75,0.0,0.1,10,5,0.5,True,42
batch_size,64,67,67,4,0.6912845508618788,0.6921174973249435,0.001,64,2,0.3,False,64,75,0.0,0.1,10,5,0.5,True,42
batch_size,64,67,67,5,0.6895182791984442,0.6951282024383545,0.001,64,2,0.3,False,64,75,0.0,0.1,10,5,0.5,True,42
batch_size,64,67,67,6,0.6877586751273184,0.6905010119080544,0.001,64,2,0.3,False,64,75,0.0,0.1,10,5,0.5,True,42
batch_size,64,67,67,7,0.6851735395012479,0.6900091990828514,0.001,64,2,0.3,False,64,75,0.0,0.1,10,5,0.5,True,42
batch_size,64,67,67,8,0.6807273725668589,0.6944762989878654,0.001,64,2,0.3,False,64,75,0.0,0.1,10,5,0.5,True,42
batch_size,64,67,67,9,0.6754568589456154,0.6951053217053413,0.001,64,2,0.3,False,64,75,0.0,0.1,10,5,0.5,True,42
batch_size,64,67,67,10,0.6688955417185118,0.7172854319214821,0.001,64,2,0.3,False,64,75,0.0,0.1,10,5,0.5,True,42
batch_size,64,67,67,11,0.6655688014897433,0.7250514626502991,0.001,64,2,0.3,False,64,75,0.0,0.1,10,5,0.5,True,42
batch_size,64,67,67,12,0.652720778277426,0.709070235490799,0.001,64,2,0.3,False,64,75,0.0,0.1,10,5,0.5,True,42
batch_size,64,67,67,13,0.6448891831166816,0.7399928644299507,0.001,64,2,0.3,False,64,75,0.0,0.1,10,5,0.5,True,42
batch_size,64,67,67,14,0.6303823518030571,0.7382137477397919,0.001,64,2,0.3,False,64,75,0.0,0.1,10,5,0.5,True,42
batch_size,64,67,67,15,0.6196766739541834,0.7656234353780746,0.001,64,2,0.3,False,64,75,0.0,0.1,10,5,0.5,True,42
batch_size,64,67,67,16,0.6072986419453765,0.7923778370022774,0.001,64,2,0.3,False,64,75,0.0,0.1,10,5,0.5,True,42
batch_size,64,67,67,17,0.5964098590793032,0.8298178166151047,0.001,64,2,0.3,False,64,75,0.0,0.1,10,5,0.5,True,42
batch_size,64,68,68,1,0.6935761345155311,0.6925142705440521,0.001,64,2,0.3,False,64,75,0.0,0.1,10,5,0.5,True,42
batch_size,64,68,68,2,0.6926561359203223,0.6963235065340996,0.001,64,2,0.3,False,64,75,0.0,0.1,10,5,0.5,True,42
batch_size,64,68,68,3,0.6913434384447156,0.6976573541760445,0.001,64,2,0.3,False,64,75,0.0,0.1,10,5,0.5,True,42
batch_size,64,68,68,4,0.6898156043254968,0.6954671069979668,0.001,64,2,0.3,False,64,75,0.0,0.1,10,5,0.5,True,42
batch_size,64,68,68,5,0.6881065648613554,0.688075415790081,0.001,64,2,0.3,False,64,75,0.0,0.1,10,5,0.5,True,42
batch_size,64,68,68,6,0.6858405100576805,0.6937473937869072,0.001,64,2,0.3,False,64,75,0.0,0.1,10,5,0.5,True,42
batch_size,64,68,68,7,0.6839992900689443,0.6968349814414978,0.001,64,2,0.3,False,64,75,0.0,0.1,10,5,0.5,True,42
batch_size,64,68,68,8,0.678602111158949,0.6933430507779121,0.001,64,2,0.3,False,64,75,0.0,0.1,10,5,0.5,True,42
batch_size,64,68,68,9,0.6751008422085734,0.6959148570895195,0.001,64,2,0.3,False,64,75,0.0,0.1,10,5,0.5,True,42
batch_size,64,68,68,10,0.6687341359528628,0.6951196119189262,0.001,64,2,0.3,False,64,75,0.0,0.1,10,5,0.5,True,42
batch_size,64,68,68,11,0.6613899505499637,0.7134047150611877,0.001,64,2,0.3,False,64,75,0.0,0.1,10,5,0.5,True,42
batch_size,64,68,68,12,0.6469701790448391,0.7295840233564377,0.001,64,2,0.3,False,64,75,0.0,0.1,10,5,0.5,True,42
batch_size,64,68,68,13,0.6377030457511093,0.7554158866405487,0.001,64,2,0.3,False,64,75,0.0,0.1,10,5,0.5,True,42
batch_size,64,68,68,14,0.6320346223585533,0.7467005103826523,0.001,64,2,0.3,False,64,75,0.0,0.1,10,5,0.5,True,42
batch_size,64,68,68,15,0.6230797632174059,0.7933084443211555,0.001,64,2,0.3,False,64,75,0.0,0.1,10,5,0.5,True,42
batch_size,64,69,69,1,0.6936751197684895,0.6916763707995415,0.001,64,2,0.3,False,64,75,0.0,0.1,10,5,0.5,True,42
batch_size,64,69,69,2,0.6933006292039697,0.6906687319278717,0.001,64,2,0.3,False,64,75,0.0,0.1,10,5,0.5,True,42
batch_size,64,69,69,3,0.6926632234544465,0.6902778670191765,0.001,64,2,0.3,False,64,75,0.0,0.1,10,5,0.5,True,42
batch_size,64,69,69,4,0.6908503969510397,0.688555896282196,0.001,64,2,0.3,False,64,75,0.0,0.1,10,5,0.5,True,42
batch_size,64,69,69,5,0.6878737825335879,0.704235389828682,0.001,64,2,0.3,False,64,75,0.0,0.1,10,5,0.5,True,42
batch_size,64,69,69,6,0.6852135712450201,0.6925047263503075,0.001,64,2,0.3,False,64,75,0.0,0.1,10,5,0.5,True,42
batch_size,64,69,69,7,0.6867409754883159,0.6932941451668739,0.001,64,2,0.3,False,64,75,0.0,0.1,10,5,0.5,True,42
batch_size,64,69,69,8,0.6808926255413981,0.6959538385272026,0.001,64,2,0.3,False,64,75,0.0,0.1,10,5,0.5,True,42
batch_size,64,69,69,9,0.6739855020335226,0.7065820172429085,0.001,64,2,0.3,False,64,75,0.0,0.1,10,5,0.5,True,42
batch_size,64,69,69,10,0.6711796323458353,0.707781620323658,0.001,64,2,0.3,False,64,75,0.0,0.1,10,5,0.5,True,42
batch_size,64,69,69,11,0.661629086191004,0.7177792116999626,0.001,64,2,0.3,False,64,75,0.0,0.1,10,5,0.5,True,42
batch_size,64,69,69,12,0.6556232598694888,0.7288211286067963,0.001,64,2,0.3,False,64,75,0.0,0.1,10,5,0.5,True,42
batch_size,64,69,69,13,0.6498913430806362,0.7271341159939766,0.001,64,2,0.3,False,64,75,0.0,0.1,10,5,0.5,True,42
batch_size,64,69,69,14,0.6467163048007272,0.7383189722895622,0.001,64,2,0.3,False,64,75,0.0,0.1,10,5,0.5,True,42
batch_size,64,70,70,1,0.6937404166568409,0.6963828578591347,0.001,64,2,0.3,False,64,75,0.0,0.1,10,5,0.5,True,42
batch_size,64,70,70,2,0.6926229388424845,0.6967626884579659,0.001,64,2,0.3,False,64,75,0.0,0.1,10,5,0.5,True,42
batch_size,64,70,70,3,0.6913886404398716,0.6931151673197746,0.001,64,2,0.3,False,64,75,0.0,0.1,10,5,0.5,True,42
batch_size,64,70,70,4,0.6898989858049335,0.6995899006724358,0.001,64,2,0.3,False,64,75,0.0,0.1,10,5,0.5,True,42
batch_size,64,70,70,5,0.6884933267578934,0.6945185288786888,0.001,64,2,0.3,False,64,75,0.0,0.1,10,5,0.5,True,42
batch_size,64,70,70,6,0.6875818769137064,0.690214030444622,0.001,64,2,0.3,False,64,75,0.0,0.1,10,5,0.5,True,42
batch_size,64,70,70,7,0.6854416899608843,0.6955919489264488,0.001,64,2,0.3,False,64,75,0.0,0.1,10,5,0.5,True,42
batch_size,64,70,70,8,0.6793029272195065,0.7060578614473343,0.001,64,2,0.3,False,64,75,0.0,0.1,10,5,0.5,True,42
batch_size,64,70,70,9,0.6758182220386736,0.6982288733124733,0.001,64,2,0.3,False,64,75,0.0,0.1,10,5,0.5,True,42
batch_size,64,70,70,10,0.6735245368697427,0.7039671838283539,0.001,64,2,0.3,False,64,75,0.0,0.1,10,5,0.5,True,42
batch_size,64,70,70,11,0.6653777875683524,0.7079271003603935,0.001,64,2,0.3,False,64,75,0.0,0.1,10,5,0.5,True,42
batch_size,64,70,70,12,0.6570554818167831,0.7319028750061989,0.001,64,2,0.3,False,64,75,0.0,0.1,10,5,0.5,True,42
batch_size,64,70,70,13,0.6448177794615427,0.7489239796996117,0.001,64,2,0.3,False,64,75,0.0,0.1,10,5,0.5,True,42
batch_size,64,70,70,14,0.6332559856501493,0.7456383556127548,0.001,64,2,0.3,False,64,75,0.0,0.1,10,5,0.5,True,42
batch_size,64,70,70,15,0.6319213807582855,0.7733011767268181,0.001,64,2,0.3,False,64,75,0.0,0.1,10,5,0.5,True,42
batch_size,64,70,70,16,0.6222560685692411,0.7881580963730812,0.001,64,2,0.3,False,64,75,0.0,0.1,10,5,0.5,True,42
batch_size,64,71,71,1,0.6941952353174036,0.6933596059679985,0.001,64,2,0.3,False,64,75,0.0,0.1,10,5,0.5,True,42
batch_size,64,71,71,2,0.6929131917881243,0.6940548494458199,0.001,64,2,0.3,False,64,75,0.0,0.1,10,5,0.5,True,42
batch_size,64,71,71,3,0.6910617089632786,0.6951846182346344,0.001,64,2,0.3,False,64,75,0.0,0.1,10,5,0.5,True,42
batch_size,64,71,71,4,0.6900836969866897,0.6923350021243095,0.001,64,2,0.3,False,64,75,0.0,0.1,10,5,0.5,True,42
batch_size,64,71,71,5,0.6889471258177902,0.6929400265216827,0.001,64,2,0.3,False,64,75,0.0,0.1,10,5,0.5,True,42
batch_size,64,71,71,6,0.6857578519618872,0.7007603943347931,0.001,64,2,0.3,False,64,75,0.0,0.1,10,5,0.5,True,42
batch_size,64,71,71,7,0.6839159925778707,0.694009967148304,0.001,64,2,0.3,False,64,75,0.0,0.1,10,5,0.5,True,42
batch_size,64,71,71,8,0.6790063254760973,0.7042548283934593,0.001,64,2,0.3,False,64,75,0.0,0.1,10,5,0.5,True,42
batch_size,64,71,71,9,0.6722969801136942,0.6988918110728264,0.001,64,2,0.3,False,64,75,0.0,0.1,10,5,0.5,True,42
batch_size,64,71,71,10,0.6689889846426068,0.6996746137738228,0.001,64,2,0.3,False,64,75,0.0,0.1,10,5,0.5,True,42
batch_size,64,71,71,11,0.6633690694967905,0.7159129679203033,0.001,64,2,0.3,False,64,75,0.0,0.1,10,5,0.5,True,42
batch_size,64,71,71,12,0.650520052873727,0.7375122755765915,0.001,64,2,0.3,False,64,75,0.0,0.1,10,5,0.5,True,42
batch_size,64,71,71,13,0.6426395087531118,0.7380194962024689,0.001,64,2,0.3,False,64,75,0.0,0.1,10,5,0.5,True,42
batch_size,64,71,71,14,0.637091501192613,0.7618394643068314,0.001,64,2,0.3,False,64,75,0.0,0.1,10,5,0.5,True,42
batch_size,64,72,72,1,0.6934550079432401,0.6931819841265678,0.001,64,2,0.3,False,64,75,0.0,0.1,10,5,0.5,True,42
batch_size,64,72,72,2,0.6914068668177633,0.6899388954043388,0.001,64,2,0.3,False,64,75,0.0,0.1,10,5,0.5,True,42
batch_size,64,72,72,3,0.6897731486595038,0.6949880197644234,0.001,64,2,0.3,False,64,75,0.0,0.1,10,5,0.5,True,42
batch_size,64,72,72,4,0.6886603750965812,0.6899380758404732,0.001,64,2,0.3,False,64,75,0.0,0.1,10,5,0.5,True,42
batch_size,64,72,72,5,0.6860577166080475,0.6989010125398636,0.001,64,2,0.3,False,64,75,0.0,0.1,10,5,0.5,True,42
batch_size,64,72,72,6,0.6833450423948693,0.6959832906723022,0.001,64,2,0.3,False,64,75,0.0,0.1,10,5,0.5,True,42
batch_size,64,72,72,7,0.6781560417377588,0.6930783912539482,0.001,64,2,0.3,False,64,75,0.0,0.1,10,5,0.5,True,42
batch_size,64,72,72,8,0.676782592679515,0.7021789252758026,0.001,64,2,0.3,False,64,75,0.0,0.1,10,5,0.5,True,42
batch_size,64,72,72,9,0.6642491284644965,0.7020011991262436,0.001,64,2,0.3,False,64,75,0.0,0.1,10,5,0.5,True,42
batch_size,64,72,72,10,0.6578823617010405,0.7084584534168243,0.001,64,2,0.3,False,64,75,0.0,0.1,10,5,0.5,True,42
batch_size,64,72,72,11,0.6529531027331497,0.7277103886008263,0.001,64,2,0.3,False,64,75,0.0,0.1,10,5,0.5,True,42
batch_size,64,72,72,12,0.6495679382121924,0.7274603173136711,0.001,64,2,0.3,False,64,75,0.0,0.1,10,5,0.5,True,42
batch_size,64,72,72,13,0.643343982371417,0.7260823547840118,0.001,64,2,0.3,False,64,75,0.0,0.1,10,5,0.5,True,42
batch_size,64,72,72,14,0.6393110237338326,0.7614668011665344,0.001,64,2,0.3,False,64,75,0.0,0.1,10,5,0.5,True,42
batch_size,64,73,73,1,0.6941408749782678,0.6914020255208015,0.001,64,2,0.3,False,64,75,0.0,0.1,10,5,0.5,True,42
batch_size,64,73,73,2,0.6923566090338158,0.6895134970545769,0.001,64,2,0.3,False,64,75,0.0,0.1,10,5,0.5,True,42
batch_size,64,73,73,3,0.692117197043968,0.6936018317937851,0.001,64,2,0.3,False,64,75,0.0,0.1,10,5,0.5,True,42
batch_size,64,73,73,4,0.6891987197326891,0.6983436420559883,0.001,64,2,0.3,False,64,75,0.0,0.1,10,5,0.5,True,42
batch_size,64,73,73,5,0.6867632504665491,0.6935095116496086,0.001,64,2,0.3,False,64,75,0.0,0.1,10,5,0.5,True,42
batch_size,64,73,73,6,0.6841431801969354,0.6977765336632729,0.001,64,2,0.3,False,64,75,0.0,0.1,10,5,0.5,True,42
batch_size,64,73,73,7,0.6808885191426133,0.6956938058137894,0.001,64,2,0.3,False,64,75,0.0,0.1,10,5,0.5,True,42
batch_size,64,73,73,8,0.6767211393876509,0.6966864839196205,0.001,64,2,0.3,False,64,75,0.0,0.1,10,5,0.5,True,42
batch_size,64,73,73,9,0.6664200750264254,0.7229412719607353,0.001,64,2,0.3,False,64,75,0.0,0.1,10,5,0.5,True,42
batch_size,64,73,73,10,0.6600754658381144,0.7060026749968529,0.001,64,2,0.3,False,64,75,0.0,0.1,10,5,0.5,True,42
batch_size,64,73,73,11,0.6555094998894315,0.7106236666440964,0.001,64,2,0.3,False,64,75,0.0,0.1,10,5,0.5,True,42
batch_size,64,73,73,12,0.6514692423921643,0.7350485175848007,0.001,64,2,0.3,False,64,75,0.0,0.1,10,5,0.5,True,42
batch_size,64,74,74,1,0.6951588988304138,0.6937664076685905,0.001,64,2,0.3,False,64,75,0.0,0.1,10,5,0.5,True,42
batch_size,64,74,74,2,0.6932846325816531,0.6917124912142754,0.001,64,2,0.3,False,64,75,0.0,0.1,10,5,0.5,True,42
batch_size,64,74,74,3,0.6921738964138608,0.6907057464122772,0.001,64,2,0.3,False,64,75,0.0,0.1,10,5,0.5,True,42
batch_size,64,74,74,4,0.6906384617993326,0.6881455257534981,0.001,64,2,0.3,False,64,75,0.0,0.1,10,5,0.5,True,42
batch_size,64,74,74,5,0.6884350830858404,0.6907711252570152,0.001,64,2,0.3,False,64,75,0.0,0.1,10,5,0.5,True,42
batch_size,64,74,74,6,0.6849487893509142,0.6945008635520935,0.001,64,2,0.3,False,64,75,0.0,0.1,10,5,0.5,True,42
batch_size,64,74,74,7,0.6810800938895254,0.6885888576507568,0.001,64,2,0.3,False,64,75,0.0,0.1,10,5,0.5,True,42
batch_size,64,74,74,8,0.6748366292678949,0.7038759738206863,0.001,64,2,0.3,False,64,75,0.0,0.1,10,5,0.5,True,42
batch_size,64,74,74,9,0.6690471560666056,0.7092126309871674,0.001,64,2,0.3,False,64,75,0.0,0.1,10,5,0.5,True,42
batch_size,64,74,74,10,0.6608141561349233,0.7039197981357574,0.001,64,2,0.3,False,64,75,0.0,0.1,10,5,0.5,True,42
batch_size,64,74,74,11,0.6526664107134847,0.7144256383180618,0.001,64,2,0.3,False,64,75,0.0,0.1,10,5,0.5,True,42
batch_size,64,74,74,12,0.6451290611064795,0.7178565338253975,0.001,64,2,0.3,False,64,75,0.0,0.1,10,5,0.5,True,42
batch_size,64,74,74,13,0.6366987038742412,0.7352713420987129,0.001,64,2,0.3,False,64,75,0.0,0.1,10,5,0.5,True,42
batch_size,64,74,74,14,0.6306905457467744,0.7380526438355446,0.001,64,2,0.3,False,64,75,0.0,0.1,10,5,0.5,True,42
batch_size,64,75,75,1,0.6936642003781868,0.6926524862647057,0.001,64,2,0.3,False,64,75,0.0,0.1,10,5,0.5,True,42
batch_size,64,75,75,2,0.6920254492398464,0.6959122940897942,0.001,64,2,0.3,False,64,75,0.0,0.1,10,5,0.5,True,42
batch_size,64,75,75,3,0.6911305631652023,0.6977091208100319,0.001,64,2,0.3,False,64,75,0.0,0.1,10,5,0.5,True,42
batch_size,64,75,75,4,0.6907001878276016,0.6936938613653183,0.001,64,2,0.3,False,64,75,0.0,0.1,10,5,0.5,True,42
batch_size,64,75,75,5,0.6876293592380754,0.6951633766293526,0.001,64,2,0.3,False,64,75,0.0,0.1,10,5,0.5,True,42
batch_size,64,75,75,6,0.6851209528518446,0.7007852494716644,0.001,64,2,0.3,False,64,75,0.0,0.1,10,5,0.5,True,42
batch_size,64,75,75,7,0.6819247305393219,0.6971889436244965,0.001,64,2,0.3,False,64,75,0.0,0.1,10,5,0.5,True,42
batch_size,64,75,75,8,0.6742636651703806,0.7116287052631378,0.001,64,2,0.3,False,64,75,0.0,0.1,10,5,0.5,True,42
batch_size,64,75,75,9,0.666817105177677,0.7138719782233238,0.001,64,2,0.3,False,64,75,0.0,0.1,10,5,0.5,True,42
batch_size,64,75,75,10,0.663477049632506,0.7169655933976173,0.001,64,2,0.3,False,64,75,0.0,0.1,10,5,0.5,True,42
batch_size,64,75,75,11,0.6557899343244957,0.7282854914665222,0.001,64,2,0.3,False,64,75,0.0,0.1,10,5,0.5,True,42
batch_size,64,76,76,1,0.6937841095707633,0.6937821581959724,0.001,64,2,0.3,False,64,75,0.0,0.1,10,5,0.5,True,42
batch_size,64,76,76,2,0.6927997415715997,0.6917290315032005,0.001,64,2,0.3,False,64,75,0.0,0.1,10,5,0.5,True,42
batch_size,64,76,76,3,0.6913799228090228,0.6937288790941238,0.001,64,2,0.3,False,64,75,0.0,0.1,10,5,0.5,True,42
batch_size,64,76,76,4,0.6885919868946075,0.6920656859874725,0.001,64,2,0.3,False,64,75,0.0,0.1,10,5,0.5,True,42
batch_size,64,76,76,5,0.687412724350438,0.693127766251564,0.001,64,2,0.3,False,64,75,0.0,0.1,10,5,0.5,True,42
batch_size,64,76,76,6,0.6846877164912947,0.6956452876329422,0.001,64,2,0.3,False,64,75,0.0,0.1,10,5,0.5,True,42
batch_size,64,76,76,7,0.6812982839165311,0.6996489390730858,0.001,64,2,0.3,False,64,75,0.0,0.1,10,5,0.5,True,42
batch_size,64,76,76,8,0.6763381678046603,0.711702473461628,0.001,64,2,0.3,False,64,75,0.0,0.1,10,5,0.5,True,42
batch_size,64,76,76,9,0.6660594190611984,0.7323880046606064,0.001,64,2,0.3,False,64,75,0.0,0.1,10,5,0.5,True,42
batch_size,64,76,76,10,0.6620590813232191,0.7208244502544403,0.001,64,2,0.3,False,64,75,0.0,0.1,10,5,0.5,True,42
batch_size,64,76,76,11,0.6548604035016262,0.7203300595283508,0.001,64,2,0.3,False,64,75,0.0,0.1,10,5,0.5,True,42
batch_size,64,76,76,12,0.6485524168520262,0.7546398788690567,0.001,64,2,0.3,False,64,75,0.0,0.1,10,5,0.5,True,42
batch_size,64,77,77,1,0.6943667476827448,0.693944975733757,0.001,64,2,0.3,False,64,75,0.0,0.1,10,5,0.5,True,42
batch_size,64,77,77,2,0.6923756382682107,0.691363237798214,0.001,64,2,0.3,False,64,75,0.0,0.1,10,5,0.5,True,42
batch_size,64,77,77,3,0.691122605042024,0.6917929276823997,0.001,64,2,0.3,False,64,75,0.0,0.1,10,5,0.5,True,42
batch_size,64,77,77,4,0.6895928906671929,0.6921644136309624,0.001,64,2,0.3,False,64,75,0.0,0.1,10,5,0.5,True,42
batch_size,64,77,77,5,0.6878673894838854,0.694218784570694,0.001,64,2,0.3,False,64,75,0.0,0.1,10,5,0.5,True,42
batch_size,64,77,77,6,0.6848573775002451,0.6965570896863937,0.001,64,2,0.3,False,64,75,0.0,0.1,10,5,0.5,True,42
batch_size,64,77,77,7,0.6809682755759268,0.7032971754670143,0.001,64,2,0.3,False,64,75,0.0,0.1,10,5,0.5,True,42
batch_size,64,77,77,8,0.6753008112762914,0.7074995115399361,0.001,64,2,0.3,False,64,75,0.0,0.1,10,5,0.5,True,42
batch_size,64,77,77,9,0.6670470481569116,0.7210186943411827,0.001,64,2,0.3,False,64,75,0.0,0.1,10,5,0.5,True,42
batch_size,64,77,77,10,0.659432129426436,0.7312022522091866,0.001,64,2,0.3,False,64,75,0.0,0.1,10,5,0.5,True,42
batch_size,64,77,77,11,0.6552630283615806,0.7453228384256363,0.001,64,2,0.3,False,64,75,0.0,0.1,10,5,0.5,True,42
batch_size,64,77,77,12,0.6483872659278639,0.7512729465961456,0.001,64,2,0.3,False,64,75,0.0,0.1,10,5,0.5,True,42
batch_size,64,78,78,1,0.6933926352948854,0.6918913722038269,0.001,64,2,0.3,False,64,75,0.0,0.1,10,5,0.5,True,42
batch_size,64,78,78,2,0.6925542110746558,0.6906331703066826,0.001,64,2,0.3,False,64,75,0.0,0.1,10,5,0.5,True,42
batch_size,64,78,78,3,0.6920605094143839,0.6919871419668198,0.001,64,2,0.3,False,64,75,0.0,0.1,10,5,0.5,True,42
batch_size,64,78,78,4,0.6899770931764082,0.6926486790180206,0.001,64,2,0.3,False,64,75,0.0,0.1,10,5,0.5,True,42
batch_size,64,78,78,5,0.6873445086406939,0.6935982257127762,0.001,64,2,0.3,False,64,75,0.0,0.1,10,5,0.5,True,42
batch_size,64,78,78,6,0.6836513127341415,0.7013072818517685,0.001,64,2,0.3,False,64,75,0.0,0.1,10,5,0.5,True,42
batch_size,64,78,78,7,0.680457665161653,0.7008193880319595,0.001,64,2,0.3,False,64,75,0.0,0.1,10,5,0.5,True,42
batch_size,64,78,78,8,0.6765816175576412,0.707368865609169,0.001,64,2,0.3,False,64,75,0.0,0.1,10,5,0.5,True,42
batch_size,64,78,78,9,0.6664993898435072,0.711837001144886,0.001,64,2,0.3,False,64,75,0.0,0.1,10,5,0.5,True,42
batch_size,64,78,78,10,0.6586971138462876,0.7201518416404724,0.001,64,2,0.3,False,64,75,0.0,0.1,10,5,0.5,True,42
batch_size,64,78,78,11,0.6556114400878097,0.7120413705706596,0.001,64,2,0.3,False,64,75,0.0,0.1,10,5,0.5,True,42
batch_size,64,78,78,12,0.6493268202651631,0.7332039028406143,0.001,64,2,0.3,False,64,75,0.0,0.1,10,5,0.5,True,42
batch_size,64,79,79,1,0.6940063608415199,0.6960606947541237,0.001,64,2,0.3,False,64,75,0.0,0.1,10,5,0.5,True,42
batch_size,64,79,79,2,0.6930993840549932,0.693875327706337,0.001,64,2,0.3,False,64,75,0.0,0.1,10,5,0.5,True,42
batch_size,64,79,79,3,0.6915724313620365,0.6934383139014244,0.001,64,2,0.3,False,64,75,0.0,0.1,10,5,0.5,True,42
batch_size,64,79,79,4,0.6908064538782294,0.6941072046756744,0.001,64,2,0.3,False,64,75,0.0,0.1,10,5,0.5,True,42
batch_size,64,79,79,5,0.6879591192259933,0.7073961421847343,0.001,64,2,0.3,False,64,75,0.0,0.1,10,5,0.5,True,42
batch_size,64,79,79,6,0.6822408591255997,0.6965824663639069,0.001,64,2,0.3,False,64,75,0.0,0.1,10,5,0.5,True,42
batch_size,64,79,79,7,0.6843794521057245,0.702440619468689,0.001,64,2,0.3,False,64,75,0.0,0.1,10,5,0.5,True,42
batch_size,64,79,79,8,0.6779928315769542,0.7117147743701935,0.001,64,2,0.3,False,64,75,0.0,0.1,10,5,0.5,True,42
batch_size,64,79,79,9,0.6729612025347623,0.7055219635367393,0.001,64,2,0.3,False,64,75,0.0,0.1,10,5,0.5,True,42
batch_size,64,79,79,10,0.6599480256889806,0.7181137278676033,0.001,64,2,0.3,False,64,75,0.0,0.1,10,5,0.5,True,42
batch_size,64,79,79,11,0.6564011844721708,0.7262500822544098,0.001,64,2,0.3,False,64,75,0.0,0.1,10,5,0.5,True,42
batch_size,64,79,79,12,0.6468124290307363,0.7492491975426674,0.001,64,2,0.3,False,64,75,0.0,0.1,10,5,0.5,True,42
batch_size,64,79,79,13,0.642869031790531,0.7419775798916817,0.001,64,2,0.3,False,64,75,0.0,0.1,10,5,0.5,True,42
batch_size,64,80,80,1,0.6942571067448818,0.6949140876531601,0.001,64,2,0.3,False,64,75,0.0,0.1,10,5,0.5,True,42
batch_size,64,80,80,2,0.6924027981180133,0.6895925179123878,0.001,64,2,0.3,False,64,75,0.0,0.1,10,5,0.5,True,42
batch_size,64,80,80,3,0.6908090313275655,0.6956229135394096,0.001,64,2,0.3,False,64,75,0.0,0.1,10,5,0.5,True,42
batch_size,64,80,80,4,0.6894694060990305,0.6899574995040894,0.001,64,2,0.3,False,64,75,0.0,0.1,10,5,0.5,True,42
batch_size,64,80,80,5,0.6877055493268099,0.694049745798111,0.001,64,2,0.3,False,64,75,0.0,0.1,10,5,0.5,True,42
batch_size,64,80,80,6,0.683300231442307,0.6986144036054611,0.001,64,2,0.3,False,64,75,0.0,0.1,10,5,0.5,True,42
batch_size,64,80,80,7,0.6772110561529795,0.7016724869608879,0.001,64,2,0.3,False,64,75,0.0,0.1,10,5,0.5,True,42
batch_size,64,80,80,8,0.6751094162464142,0.709553025662899,0.001,64,2,0.3,False,64,75,0.0,0.1,10,5,0.5,True,42
batch_size,64,80,80,9,0.6770680284861362,0.7337183952331543,0.001,64,2,0.3,False,64,75,0.0,0.1,10,5,0.5,True,42
batch_size,64,80,80,10,0.6734058378320752,0.7096071839332581,0.001,64,2,0.3,False,64,75,0.0,0.1,10,5,0.5,True,42
batch_size,64,80,80,11,0.6613739557338484,0.7208647355437279,0.001,64,2,0.3,False,64,75,0.0,0.1,10,5,0.5,True,42
batch_size,64,80,80,12,0.6552806117317893,0.7246685028076172,0.001,64,2,0.3,False,64,75,0.0,0.1,10,5,0.5,True,42
batch_size,64,81,81,1,0.6937044786684441,0.6926359012722969,0.001,64,2,0.3,False,64,75,0.0,0.1,10,5,0.5,True,42
batch_size,64,81,81,2,0.6928910306005767,0.692956380546093,0.001,64,2,0.3,False,64,75,0.0,0.1,10,5,0.5,True,42
batch_size,64,81,81,3,0.692171413790096,0.6900686100125313,0.001,64,2,0.3,False,64,75,0.0,0.1,10,5,0.5,True,42
batch_size,64,81,81,4,0.689947022633119,0.6881514713168144,0.001,64,2,0.3,False,64,75,0.0,0.1,10,5,0.5,True,42
batch_size,64,81,81,5,0.687892428853295,0.6874754130840302,0.001,64,2,0.3,False,64,75,0.0,0.1,10,5,0.5,True,42
batch_size,64,81,81,6,0.6859316717494618,0.690937876701355,0.001,64,2,0.3,False,64,75,0.0,0.1,10,5,0.5,True,42
batch_size,64,81,81,7,0.6817737935167371,0.6934236064553261,0.001,64,2,0.3,False,64,75,0.0,0.1,10,5,0.5,True,42
batch_size,64,81,81,8,0.6767776211102804,0.6885708495974541,0.001,64,2,0.3,False,64,75,0.0,0.1,10,5,0.5,True,42
batch_size,64,81,81,9,0.6686506966749827,0.7119336798787117,0.001,64,2,0.3,False,64,75,0.0,0.1,10,5,0.5,True,42
batch_size,64,81,81,10,0.6578968095056938,0.723221130669117,0.001,64,2,0.3,False,64,75,0.0,0.1,10,5,0.5,True,42
batch_size,64,81,81,11,0.6522181097305182,0.7398338168859482,0.001,64,2,0.3,False,64,75,0.0,0.1,10,5,0.5,True,42
batch_size,64,81,81,12,0.6359690382625117,0.7592773288488388,0.001,64,2,0.3,False,64,75,0.0,0.1,10,5,0.5,True,42
batch_size,64,81,81,13,0.6257115259315028,0.7735289260745049,0.001,64,2,0.3,False,64,75,0.0,0.1,10,5,0.5,True,42
batch_size,64,81,81,14,0.6160634449034026,0.835430771112442,0.001,64,2,0.3,False,64,75,0.0,0.1,10,5,0.5,True,42
batch_size,64,81,81,15,0.607447421911991,0.8231329172849655,0.001,64,2,0.3,False,64,75,0.0,0.1,10,5,0.5,True,42
batch_size,64,82,82,1,0.6931862316348336,0.6938266232609749,0.001,64,2,0.3,False,64,75,0.0,0.1,10,5,0.5,True,42
batch_size,64,82,82,2,0.6924383495793198,0.6907937973737717,0.001,64,2,0.3,False,64,75,0.0,0.1,10,5,0.5,True,42
batch_size,64,82,82,3,0.6922820716193228,0.6901092007756233,0.001,64,2,0.3,False,64,75,0.0,0.1,10,5,0.5,True,42
batch_size,64,82,82,4,0.6891646954146299,0.6915691941976547,0.001,64,2,0.3,False,64,75,0.0,0.1,10,5,0.5,True,42
batch_size,64,82,82,5,0.6864336783235724,0.6972504481673241,0.001,64,2,0.3,False,64,75,0.0,0.1,10,5,0.5,True,42
batch_size,64,82,82,6,0.6833148038748539,0.7095227465033531,0.001,64,2,0.3,False,64,75,0.0,0.1,10,5,0.5,True,42
batch_size,64,82,82,7,0.6777652465935909,0.7269880101084709,0.001,64,2,0.3,False,64,75,0.0,0.1,10,5,0.5,True,42
batch_size,64,82,82,8,0.6713206018462325,0.7097164839506149,0.001,64,2,0.3,False,64,75,0.0,0.1,10,5,0.5,True,42
batch_size,64,82,82,9,0.6673487208106301,0.7123085185885429,0.001,64,2,0.3,False,64,75,0.0,0.1,10,5,0.5,True,42
batch_size,64,82,82,10,0.6552165909246965,0.731231264770031,0.001,64,2,0.3,False,64,75,0.0,0.1,10,5,0.5,True,42
batch_size,64,82,82,11,0.6517764293786251,0.7264139577746391,0.001,64,2,0.3,False,64,75,0.0,0.1,10,5,0.5,True,42
batch_size,64,82,82,12,0.6414748746337313,0.7591053918004036,0.001,64,2,0.3,False,64,75,0.0,0.1,10,5,0.5,True,42
batch_size,64,82,82,13,0.6366878793095098,0.7696959525346756,0.001,64,2,0.3,False,64,75,0.0,0.1,10,5,0.5,True,42
batch_size,64,83,83,1,0.6939496027700829,0.6907597556710243,0.001,64,2,0.3,False,64,75,0.0,0.1,10,5,0.5,True,42
batch_size,64,83,83,2,0.6930725619648442,0.6953319609165192,0.001,64,2,0.3,False,64,75,0.0,0.1,10,5,0.5,True,42
batch_size,64,83,83,3,0.6920271732590415,0.6888119131326675,0.001,64,2,0.3,False,64,75,0.0,0.1,10,5,0.5,True,42
batch_size,64,83,83,4,0.6896640008146112,0.6998069286346436,0.001,64,2,0.3,False,64,75,0.0,0.1,10,5,0.5,True,42
batch_size,64,83,83,5,0.6883109121611624,0.6935499683022499,0.001,64,2,0.3,False,64,75,0.0,0.1,10,5,0.5,True,42
batch_size,64,83,83,6,0.6854901088006569,0.6883181780576706,0.001,64,2,0.3,False,64,75,0.0,0.1,10,5,0.5,True,42
batch_size,64,83,83,7,0.6851155225074652,0.6859497576951981,0.001,64,2,0.3,False,64,75,0.0,0.1,10,5,0.5,True,42
batch_size,64,83,83,8,0.6812469453522654,0.6887370720505714,0.001,64,2,0.3,False,64,75,0.0,0.1,10,5,0.5,True,42
batch_size,64,83,83,9,0.6714689523884745,0.6954918280243874,0.001,64,2,0.3,False,64,75,0.0,0.1,10,5,0.5,True,42
batch_size,64,83,83,10,0.6675343405116688,0.6991526111960411,0.001,64,2,0.3,False,64,75,0.0,0.1,10,5,0.5,True,42
batch_size,64,83,83,11,0.6590404429218986,0.6970777735114098,0.001,64,2,0.3,False,64,75,0.0,0.1,10,5,0.5,True,42
batch_size,64,83,83,12,0.6464625019015688,0.7139061912894249,0.001,64,2,0.3,False,64,75,0.0,0.1,10,5,0.5,True,42
batch_size,64,83,83,13,0.6394855587771444,0.7239488884806633,0.001,64,2,0.3,False,64,75,0.0,0.1,10,5,0.5,True,42
batch_size,64,83,83,14,0.6164524374586163,0.7450637444853783,0.001,64,2,0.3,False,64,75,0.0,0.1,10,5,0.5,True,42
batch_size,64,83,83,15,0.6008161193493641,0.7522168047726154,0.001,64,2,0.3,False,64,75,0.0,0.1,10,5,0.5,True,42
batch_size,64,83,83,16,0.5929007439902334,0.7509635239839554,0.001,64,2,0.3,False,64,75,0.0,0.1,10,5,0.5,True,42
batch_size,64,83,83,17,0.5761231617494063,0.7680228427052498,0.001,64,2,0.3,False,64,75,0.0,0.1,10,5,0.5,True,42
batch_size,64,84,84,1,0.6937211643565785,0.6949765235185623,0.001,64,2,0.3,False,64,75,0.0,0.1,10,5,0.5,True,42
batch_size,64,84,84,2,0.6921351768753745,0.6920210793614388,0.001,64,2,0.3,False,64,75,0.0,0.1,10,5,0.5,True,42
batch_size,64,84,84,3,0.691268596685294,0.6920006424188614,0.001,64,2,0.3,False,64,75,0.0,0.1,10,5,0.5,True,42
batch_size,64,84,84,4,0.6898535002361644,0.6904362589120865,0.001,64,2,0.3,False,64,75,0.0,0.1,10,5,0.5,True,42
batch_size,64,84,84,5,0.6867094699180487,0.6971146017313004,0.001,64,2,0.3,False,64,75,0.0,0.1,10,5,0.5,True,42
batch_size,64,84,84,6,0.68185350931052,0.6949977725744247,0.001,64,2,0.3,False,64,75,0.0,0.1,10,5,0.5,True,42
batch_size,64,84,84,7,0.6763954975388267,0.6978955864906311,0.001,64,2,0.3,False,64,75,0.0,0.1,10,5,0.5,True,42
batch_size,64,84,84,8,0.6735668101093986,0.7043873593211174,0.001,64,2,0.3,False,64,75,0.0,0.1,10,5,0.5,True,42
batch_size,64,84,84,9,0.6671492195490635,0.7093782275915146,0.001,64,2,0.3,False,64,75,0.0,0.1,10,5,0.5,True,42
batch_size,64,84,84,10,0.6632618994423838,0.721335805952549,0.001,64,2,0.3,False,64,75,0.0,0.1,10,5,0.5,True,42
batch_size,64,84,84,11,0.6508663856621945,0.7158768326044083,0.001,64,2,0.3,False,64,75,0.0,0.1,10,5,0.5,True,42
batch_size,64,84,84,12,0.6450799143675602,0.740111693739891,0.001,64,2,0.3,False,64,75,0.0,0.1,10,5,0.5,True,42
batch_size,64,84,84,13,0.6378013455506527,0.7251354977488518,0.001,64,2,0.3,False,64,75,0.0,0.1,10,5,0.5,True,42
batch_size,64,84,84,14,0.62822220361594,0.7583038955926895,0.001,64,2,0.3,False,64,75,0.0,0.1,10,5,0.5,True,42
batch_size,64,85,85,1,0.6934674553798906,0.6952496245503426,0.001,64,2,0.3,False,64,75,0.0,0.1,10,5,0.5,True,42
batch_size,64,85,85,2,0.6931249092925679,0.6911230087280273,0.001,64,2,0.3,False,64,75,0.0,0.1,10,5,0.5,True,42
batch_size,64,85,85,3,0.6923437588142626,0.690503217279911,0.001,64,2,0.3,False,64,75,0.0,0.1,10,5,0.5,True,42
batch_size,64,85,85,4,0.6900163076140664,0.68962262570858,0.001,64,2,0.3,False,64,75,0.0,0.1,10,5,0.5,True,42
batch_size,64,85,85,5,0.6877143626863306,0.689231351017952,0.001,64,2,0.3,False,64,75,0.0,0.1,10,5,0.5,True,42
batch_size,64,85,85,6,0.685182025938323,0.6983809992671013,0.001,64,2,0.3,False,64,75,0.0,0.1,10,5,0.5,True,42
batch_size,64,85,85,7,0.679170801784053,0.7004540413618088,0.001,64,2,0.3,False,64,75,0.0,0.1,10,5,0.5,True,42
batch_size,64,85,85,8,0.6743971434506503,0.7032166719436646,0.001,64,2,0.3,False,64,75,0.0,0.1,10,5,0.5,True,42
batch_size,64,85,85,9,0.6661630715384628,0.7137771025300026,0.001,64,2,0.3,False,64,75,0.0,0.1,10,5,0.5,True,42
batch_size,64,85,85,10,0.6635880479306886,0.722576767206192,0.001,64,2,0.3,False,64,75,0.0,0.1,10,5,0.5,True,42
batch_size,64,85,85,11,0.6514794826507568,0.7245496809482574,0.001,64,2,0.3,False,64,75,0.0,0.1,10,5,0.5,True,42
batch_size,64,85,85,12,0.6380057082031713,0.7373672425746918,0.001,64,2,0.3,False,64,75,0.0,0.1,10,5,0.5,True,42
batch_size,64,85,85,13,0.6302707421057152,0.7425851672887802,0.001,64,2,0.3,False,64,75,0.0,0.1,10,5,0.5,True,42
batch_size,64,85,85,14,0.6222733168890981,0.7746516466140747,0.001,64,2,0.3,False,64,75,0.0,0.1,10,5,0.5,True,42
batch_size,64,85,85,15,0.610382947957877,0.7679223418235779,0.001,64,2,0.3,False,64,75,0.0,0.1,10,5,0.5,True,42
batch_size,64,86,86,1,0.6938658681782809,0.6930259317159653,0.001,64,2,0.3,False,64,75,0.0,0.1,10,5,0.5,True,42
batch_size,64,86,86,2,0.6928202564066107,0.6913631930947304,0.001,64,2,0.3,False,64,75,0.0,0.1,10,5,0.5,True,42
batch_size,64,86,86,3,0.6923164029916128,0.6908996179699898,0.001,64,2,0.3,False,64,75,0.0,0.1,10,5,0.5,True,42
batch_size,64,86,86,4,0.690204353946628,0.6965439468622208,0.001,64,2,0.3,False,64,75,0.0,0.1,10,5,0.5,True,42
batch_size,64,86,86,5,0.6889795119112189,0.6940546557307243,0.001,64,2,0.3,False,64,75,0.0,0.1,10,5,0.5,True,42
batch_size,64,86,86,6,0.6872149543328718,0.6915936172008514,0.001,64,2,0.3,False,64,75,0.0,0.1,10,5,0.5,True,42
batch_size,64,86,86,7,0.682868710973046,0.6912631243467331,0.001,64,2,0.3,False,64,75,0.0,0.1,10,5,0.5,True,42
batch_size,64,86,86,8,0.6774544950687524,0.7034052982926369,0.001,64,2,0.3,False,64,75,0.0,0.1,10,5,0.5,True,42
batch_size,64,86,86,9,0.671673219312321,0.6990470290184021,0.001,64,2,0.3,False,64,75,0.0,0.1,10,5,0.5,True,42
batch_size,64,86,86,10,0.6646927152619218,0.7233330681920052,0.001,64,2,0.3,False,64,75,0.0,0.1,10,5,0.5,True,42
batch_size,64,86,86,11,0.6621984333703013,0.7129161432385445,0.001,64,2,0.3,False,64,75,0.0,0.1,10,5,0.5,True,42
batch_size,64,86,86,12,0.6541095457293771,0.7230232879519463,0.001,64,2,0.3,False,64,75,0.0,0.1,10,5,0.5,True,42
batch_size,64,86,86,13,0.645321477543224,0.7358844205737114,0.001,64,2,0.3,False,64,75,0.0,0.1,10,5,0.5,True,42
batch_size,64,87,87,1,0.6932349593350382,0.6923059225082397,0.001,64,2,0.3,False,64,75,0.0,0.1,10,5,0.5,True,42
batch_size,64,87,87,2,0.6926371021704241,0.6904894113540649,0.001,64,2,0.3,False,64,75,0.0,0.1,10,5,0.5,True,42
batch_size,64,87,87,3,0.6915935485651998,0.6892837360501289,0.001,64,2,0.3,False,64,75,0.0,0.1,10,5,0.5,True,42
batch_size,64,87,87,4,0.6903980880072622,0.6890999153256416,0.001,64,2,0.3,False,64,75,0.0,0.1,10,5,0.5,True,42
batch_size,64,87,87,5,0.6901505625609196,0.6887875124812126,0.001,64,2,0.3,False,64,75,0.0,0.1,10,5,0.5,True,42
batch_size,64,87,87,6,0.6870704473871173,0.6874105036258698,0.001,64,2,0.3,False,64,75,0.0,0.1,10,5,0.5,True,42
batch_size,64,87,87,7,0.6846685147646702,0.6866580843925476,0.001,64,2,0.3,False,64,75,0.0,0.1,10,5,0.5,True,42
batch_size,64,87,87,8,0.6804371132995143,0.687629334628582,0.001,64,2,0.3,False,64,75,0.0,0.1,10,5,0.5,True,42
batch_size,64,87,87,9,0.6737995301232194,0.6948314383625984,0.001,64,2,0.3,False,64,75,0.0,0.1,10,5,0.5,True,42
batch_size,64,87,87,10,0.6667324765162035,0.6987927407026291,0.001,64,2,0.3,False,64,75,0.0,0.1,10,5,0.5,True,42
batch_size,64,87,87,11,0.6576820810635885,0.7661336585879326,0.001,64,2,0.3,False,64,75,0.0,0.1,10,5,0.5,True,42
batch_size,64,87,87,12,0.656056310191299,0.7347747683525085,0.001,64,2,0.3,False,64,75,0.0,0.1,10,5,0.5,True,42
batch_size,64,87,87,13,0.6425516469912096,0.7420096173882484,0.001,64,2,0.3,False,64,75,0.0,0.1,10,5,0.5,True,42
batch_size,64,87,87,14,0.6212415063019955,0.7531403079628944,0.001,64,2,0.3,False,64,75,0.0,0.1,10,5,0.5,True,42
batch_size,64,87,87,15,0.6129217504551916,0.7450819835066795,0.001,64,2,0.3,False,64,75,0.0,0.1,10,5,0.5,True,42
batch_size,64,87,87,16,0.5991058990810857,0.7785507962107658,0.001,64,2,0.3,False,64,75,0.0,0.1,10,5,0.5,True,42
batch_size,64,87,87,17,0.5880343317985535,0.7997001186013222,0.001,64,2,0.3,False,64,75,0.0,0.1,10,5,0.5,True,42
batch_size,64,88,88,1,0.6942969578685183,0.6953880861401558,0.001,64,2,0.3,False,64,75,0.0,0.1,10,5,0.5,True,42
batch_size,64,88,88,2,0.6924552592364225,0.6916729360818863,0.001,64,2,0.3,False,64,75,0.0,0.1,10,5,0.5,True,42
batch_size,64,88,88,3,0.691795758225701,0.6891523450613022,0.001,64,2,0.3,False,64,75,0.0,0.1,10,5,0.5,True,42
batch_size,64,88,88,4,0.689751760526137,0.691079318523407,0.001,64,2,0.3,False,64,75,0.0,0.1,10,5,0.5,True,42
batch_size,64,88,88,5,0.6872988550951986,0.6869846284389496,0.001,64,2,0.3,False,64,75,0.0,0.1,10,5,0.5,True,42
batch_size,64,88,88,6,0.6842858466235074,0.6887591555714607,0.001,64,2,0.3,False,64,75,0.0,0.1,10,5,0.5,True,42
batch_size,64,88,88,7,0.6791491887786172,0.6990750506520271,0.001,64,2,0.3,False,64,75,0.0,0.1,10,5,0.5,True,42
batch_size,64,88,88,8,0.6737721499168512,0.7009437158703804,0.001,64,2,0.3,False,64,75,0.0,0.1,10,5,0.5,True,42
batch_size,64,88,88,9,0.6657452944553259,0.7082512825727463,0.001,64,2,0.3,False,64,75,0.0,0.1,10,5,0.5,True,42
batch_size,64,88,88,10,0.66469448353305,0.709959551692009,0.001,64,2,0.3,False,64,75,0.0,0.1,10,5,0.5,True,42
batch_size,64,88,88,11,0.6526606480280558,0.7397023290395737,0.001,64,2,0.3,False,64,75,0.0,0.1,10,5,0.5,True,42
batch_size,64,88,88,12,0.6388310717813896,0.7330182641744614,0.001,64,2,0.3,False,64,75,0.0,0.1,10,5,0.5,True,42
batch_size,64,88,88,13,0.6279708815343452,0.7559186741709709,0.001,64,2,0.3,False,64,75,0.0,0.1,10,5,0.5,True,42
batch_size,64,88,88,14,0.6210462360671072,0.7867771089076996,0.001,64,2,0.3,False,64,75,0.0,0.1,10,5,0.5,True,42
batch_size,64,88,88,15,0.6177354897513534,0.7602530270814896,0.001,64,2,0.3,False,64,75,0.0,0.1,10,5,0.5,True,42
batch_size,64,89,89,1,0.6940987760370428,0.692687064409256,0.001,64,2,0.3,False,64,75,0.0,0.1,10,5,0.5,True,42
batch_size,64,89,89,2,0.6931442067478643,0.6930041313171387,0.001,64,2,0.3,False,64,75,0.0,0.1,10,5,0.5,True,42
batch_size,64,89,89,3,0.691705486088088,0.6962348446249962,0.001,64,2,0.3,False,64,75,0.0,0.1,10,5,0.5,True,42
batch_size,64,89,89,4,0.6903258724646135,0.691938616335392,0.001,64,2,0.3,False,64,75,0.0,0.1,10,5,0.5,True,42
batch_size,64,89,89,5,0.6879006308136564,0.6933603137731552,0.001,64,2,0.3,False,64,75,0.0,0.1,10,5,0.5,True,42
batch_size,64,89,89,6,0.6864692568778992,0.6971086487174034,0.001,64,2,0.3,False,64,75,0.0,0.1,10,5,0.5,True,42
batch_size,64,89,89,7,0.6811205148696899,0.7077833935618401,0.001,64,2,0.3,False,64,75,0.0,0.1,10,5,0.5,True,42
batch_size,64,89,89,8,0.675885102965615,0.7237309515476227,0.001,64,2,0.3,False,64,75,0.0,0.1,10,5,0.5,True,42
batch_size,64,89,89,9,0.6711187886469292,0.7087739333510399,0.001,64,2,0.3,False,64,75,0.0,0.1,10,5,0.5,True,42
batch_size,64,89,89,10,0.6676112106352141,0.7282493412494659,0.001,64,2,0.3,False,64,75,0.0,0.1,10,5,0.5,True,42
batch_size,64,89,89,11,0.6599478811928721,0.7231058031320572,0.001,64,2,0.3,False,64,75,0.0,0.1,10,5,0.5,True,42
batch_size,64,89,89,12,0.654395959594033,0.732129693031311,0.001,64,2,0.3,False,64,75,0.0,0.1,10,5,0.5,True,42
batch_size,64,89,89,13,0.6482927401860555,0.749610185623169,0.001,64,2,0.3,False,64,75,0.0,0.1,10,5,0.5,True,42
batch_size,64,89,89,14,0.6459355823921434,0.7409733757376671,0.001,64,2,0.3,False,64,75,0.0,0.1,10,5,0.5,True,42
batch_size,64,90,90,1,0.6939372953140375,0.6909096464514732,0.001,64,2,0.3,False,64,75,0.0,0.1,10,5,0.5,True,42
batch_size,64,90,90,2,0.6924378149437181,0.6915458515286446,0.001,64,2,0.3,False,64,75,0.0,0.1,10,5,0.5,True,42
batch_size,64,90,90,3,0.6914536546577107,0.6911242827773094,0.001,64,2,0.3,False,64,75,0.0,0.1,10,5,0.5,True,42
batch_size,64,90,90,4,0.6904813033161741,0.691787600517273,0.001,64,2,0.3,False,64,75,0.0,0.1,10,5,0.5,True,42
batch_size,64,90,90,5,0.6875418388482296,0.6901417523622513,0.001,64,2,0.3,False,64,75,0.0,0.1,10,5,0.5,True,42
batch_size,64,90,90,6,0.6851210964448524,0.6865556463599205,0.001,64,2,0.3,False,64,75,0.0,0.1,10,5,0.5,True,42
batch_size,64,90,90,7,0.6869485649195585,0.6919512003660202,0.001,64,2,0.3,False,64,75,0.0,0.1,10,5,0.5,True,42
batch_size,64,90,90,8,0.6827126867843397,0.6910127624869347,0.001,64,2,0.3,False,64,75,0.0,0.1,10,5,0.5,True,42
batch_size,64,90,90,9,0.6793537446946809,0.6880986988544464,0.001,64,2,0.3,False,64,75,0.0,0.1,10,5,0.5,True,42
batch_size,64,90,90,10,0.6750286745302605,0.6957573369145393,0.001,64,2,0.3,False,64,75,0.0,0.1,10,5,0.5,True,42
batch_size,64,90,90,11,0.6687718837550192,0.7013916224241257,0.001,64,2,0.3,False,64,75,0.0,0.1,10,5,0.5,True,42
batch_size,64,90,90,12,0.6585343723947351,0.7026313617825508,0.001,64,2,0.3,False,64,75,0.0,0.1,10,5,0.5,True,42
batch_size,64,90,90,13,0.6473268189213492,0.7123985663056374,0.001,64,2,0.3,False,64,75,0.0,0.1,10,5,0.5,True,42
batch_size,64,90,90,14,0.6368222272757328,0.7204195559024811,0.001,64,2,0.3,False,64,75,0.0,0.1,10,5,0.5,True,42
batch_size,64,90,90,15,0.6278373626145449,0.7214423418045044,0.001,64,2,0.3,False,64,75,0.0,0.1,10,5,0.5,True,42
batch_size,64,90,90,16,0.6228479155988405,0.7543477639555931,0.001,64,2,0.3,False,64,75,0.0,0.1,10,5,0.5,True,42
batch_size,64,91,91,1,0.6933750474091732,0.6933626160025597,0.001,64,2,0.3,False,64,75,0.0,0.1,10,5,0.5,True,42
batch_size,64,91,91,2,0.6920795413580808,0.6914595812559128,0.001,64,2,0.3,False,64,75,0.0,0.1,10,5,0.5,True,42
batch_size,64,91,91,3,0.6905015147093571,0.6902878507971764,0.001,64,2,0.3,False,64,75,0.0,0.1,10,5,0.5,True,42
batch_size,64,91,91,4,0.6890962494142128,0.6864476576447487,0.001,64,2,0.3,False,64,75,0.0,0.1,10,5,0.5,True,42
batch_size,64,91,91,5,0.6866276480934836,0.6885676309466362,0.001,64,2,0.3,False,64,75,0.0,0.1,10,5,0.5,True,42
batch_size,64,91,91,6,0.6821943060918287,0.6886264905333519,0.001,64,2,0.3,False,64,75,0.0,0.1,10,5,0.5,True,42
batch_size,64,91,91,7,0.675026246995637,0.6881776973605156,0.001,64,2,0.3,False,64,75,0.0,0.1,10,5,0.5,True,42
batch_size,64,91,91,8,0.668620335333275,0.700311578810215,0.001,64,2,0.3,False,64,75,0.0,0.1,10,5,0.5,True,42
batch_size,64,91,91,9,0.6664012751796029,0.6927867829799652,0.001,64,2,0.3,False,64,75,0.0,0.1,10,5,0.5,True,42
batch_size,64,91,91,10,0.658441345800053,0.7035933136940002,0.001,64,2,0.3,False,64,75,0.0,0.1,10,5,0.5,True,42
batch_size,64,91,91,11,0.6436853824239789,0.7083462551236153,0.001,64,2,0.3,False,64,75,0.0,0.1,10,5,0.5,True,42
batch_size,64,91,91,12,0.6360515771490155,0.7140629962086678,0.001,64,2,0.3,False,64,75,0.0,0.1,10,5,0.5,True,42
batch_size,64,91,91,13,0.6340070728099707,0.793187789618969,0.001,64,2,0.3,False,64,75,0.0,0.1,10,5,0.5,True,42
batch_size,64,91,91,14,0.6312572486472853,0.7212779819965363,0.001,64,2,0.3,False,64,75,0.0,0.1,10,5,0.5,True,42
batch_size,64,92,92,1,0.6935120188828671,0.6949046105146408,0.001,64,2,0.3,False,64,75,0.0,0.1,10,5,0.5,True,42
batch_size,64,92,92,2,0.6913570328192278,0.6987050473690033,0.001,64,2,0.3,False,64,75,0.0,0.1,10,5,0.5,True,42
batch_size,64,92,92,3,0.690618662220059,0.6997387781739235,0.001,64,2,0.3,False,64,75,0.0,0.1,10,5,0.5,True,42
batch_size,64,92,92,4,0.6877474730665033,0.697132296860218,0.001,64,2,0.3,False,64,75,0.0,0.1,10,5,0.5,True,42
batch_size,64,92,92,5,0.6851257022583124,0.7056734710931778,0.001,64,2,0.3,False,64,75,0.0,0.1,10,5,0.5,True,42
batch_size,64,92,92,6,0.6806507237029799,0.7043394669890404,0.001,64,2,0.3,False,64,75,0.0,0.1,10,5,0.5,True,42
batch_size,64,92,92,7,0.6780532986828776,0.7162498831748962,0.001,64,2,0.3,False,64,75,0.0,0.1,10,5,0.5,True,42
batch_size,64,92,92,8,0.6703226512128656,0.7153629660606384,0.001,64,2,0.3,False,64,75,0.0,0.1,10,5,0.5,True,42
batch_size,64,92,92,9,0.6595795886083082,0.7327266931533813,0.001,64,2,0.3,False,64,75,0.0,0.1,10,5,0.5,True,42
batch_size,64,92,92,10,0.6592145390582808,0.7387949749827385,0.001,64,2,0.3,False,64,75,0.0,0.1,10,5,0.5,True,42
batch_size,64,92,92,11,0.6529858311017355,0.7358372211456299,0.001,64,2,0.3,False,64,75,0.0,0.1,10,5,0.5,True,42
batch_size,64,93,93,1,0.6938757020415682,0.6955317035317421,0.001,64,2,0.3,False,64,75,0.0,0.1,10,5,0.5,True,42
batch_size,64,93,93,2,0.6936587257818743,0.6931951642036438,0.001,64,2,0.3,False,64,75,0.0,0.1,10,5,0.5,True,42
batch_size,64,93,93,3,0.6917273971167478,0.6901895254850388,0.001,64,2,0.3,False,64,75,0.0,0.1,10,5,0.5,True,42
batch_size,64,93,93,4,0.6900926747105338,0.6963928118348122,0.001,64,2,0.3,False,64,75,0.0,0.1,10,5,0.5,True,42
batch_size,64,93,93,5,0.6866172633387826,0.6941093131899834,0.001,64,2,0.3,False,64,75,0.0,0.1,10,5,0.5,True,42
batch_size,64,93,93,6,0.6826830244425571,0.693225309252739,0.001,64,2,0.3,False,64,75,0.0,0.1,10,5,0.5,True,42
batch_size,64,93,93,7,0.6789597200624871,0.6983012929558754,0.001,64,2,0.3,False,64,75,0.0,0.1,10,5,0.5,True,42
batch_size,64,93,93,8,0.6747946757258791,0.7069633230566978,0.001,64,2,0.3,False,64,75,0.0,0.1,10,5,0.5,True,42
batch_size,64,93,93,9,0.6704229540897139,0.71759133040905,0.001,64,2,0.3,False,64,75,0.0,0.1,10,5,0.5,True,42
batch_size,64,93,93,10,0.6573343403411634,0.7266769632697105,0.001,64,2,0.3,False,64,75,0.0,0.1,10,5,0.5,True,42
batch_size,64,93,93,11,0.6501645500009711,0.735633447766304,0.001,64,2,0.3,False,64,75,0.0,0.1,10,5,0.5,True,42
batch_size,64,93,93,12,0.6460011511137991,0.7363409474492073,0.001,64,2,0.3,False,64,75,0.0,0.1,10,5,0.5,True,42
batch_size,64,93,93,13,0.6364335733832736,0.7431941330432892,0.001,64,2,0.3,False,64,75,0.0,0.1,10,5,0.5,True,42
batch_size,64,94,94,1,0.6935812298095587,0.6920239552855492,0.001,64,2,0.3,False,64,75,0.0,0.1,10,5,0.5,True,42
batch_size,64,94,94,2,0.6921632913025942,0.6904426068067551,0.001,64,2,0.3,False,64,75,0.0,0.1,10,5,0.5,True,42
batch_size,64,94,94,3,0.6912241406512983,0.6931015700101852,0.001,64,2,0.3,False,64,75,0.0,0.1,10,5,0.5,True,42
batch_size,64,94,94,4,0.6894535810658426,0.702669084072113,0.001,64,2,0.3,False,64,75,0.0,0.1,10,5,0.5,True,42
batch_size,64,94,94,5,0.6868757045630253,0.6940842717885971,0.001,64,2,0.3,False,64,75,0.0,0.1,10,5,0.5,True,42
batch_size,64,94,94,6,0.685287432237105,0.6958834752440453,0.001,64,2,0.3,False,64,75,0.0,0.1,10,5,0.5,True,42
batch_size,64,94,94,7,0.6778244999322024,0.6962343752384186,0.001,64,2,0.3,False,64,75,0.0,0.1,10,5,0.5,True,42
batch_size,64,94,94,8,0.6748897252660809,0.7215558215975761,0.001,64,2,0.3,False,64,75,0.0,0.1,10,5,0.5,True,42
batch_size,64,94,94,9,0.6610382172194395,0.7477132007479668,0.001,64,2,0.3,False,64,75,0.0,0.1,10,5,0.5,True,42
batch_size,64,94,94,10,0.6589849293231964,0.7202813401818275,0.001,64,2,0.3,False,64,75,0.0,0.1,10,5,0.5,True,42
batch_size,64,94,94,11,0.6544912511652167,0.7195708155632019,0.001,64,2,0.3,False,64,75,0.0,0.1,10,5,0.5,True,42
batch_size,64,94,94,12,0.644404778877894,0.7610770389437675,0.001,64,2,0.3,False,64,75,0.0,0.1,10,5,0.5,True,42
batch_size,64,95,95,1,0.6934303433606119,0.6931270509958267,0.001,64,2,0.3,False,64,75,0.0,0.1,10,5,0.5,True,42
batch_size,64,95,95,2,0.6930369861198195,0.692276768386364,0.001,64,2,0.3,False,64,75,0.0,0.1,10,5,0.5,True,42
batch_size,64,95,95,3,0.6918778943293022,0.6940494552254677,0.001,64,2,0.3,False,64,75,0.0,0.1,10,5,0.5,True,42
batch_size,64,95,95,4,0.690419878020431,0.6971167773008347,0.001,64,2,0.3,False,64,75,0.0,0.1,10,5,0.5,True,42
batch_size,64,95,95,5,0.6890046713930188,0.6941220760345459,0.001,64,2,0.3,False,64,75,0.0,0.1,10,5,0.5,True,42
batch_size,64,95,95,6,0.6871716569770466,0.6952764391899109,0.001,64,2,0.3,False,64,75,0.0,0.1,10,5,0.5,True,42
batch_size,64,95,95,7,0.6831194532640052,0.7010448053479195,0.001,64,2,0.3,False,64,75,0.0,0.1,10,5,0.5,True,42
batch_size,64,95,95,8,0.679888620521083,0.7075523883104324,0.001,64,2,0.3,False,64,75,0.0,0.1,10,5,0.5,True,42
batch_size,64,95,95,9,0.6709567696759196,0.7200849801301956,0.001,64,2,0.3,False,64,75,0.0,0.1,10,5,0.5,True,42
batch_size,64,95,95,10,0.6650346111167561,0.7267673686146736,0.001,64,2,0.3,False,64,75,0.0,0.1,10,5,0.5,True,42
batch_size,64,95,95,11,0.6583730533267512,0.7294640094041824,0.001,64,2,0.3,False,64,75,0.0,0.1,10,5,0.5,True,42
batch_size,64,95,95,12,0.650967254783168,0.7361959740519524,0.001,64,2,0.3,False,64,75,0.0,0.1,10,5,0.5,True,42
batch_size,64,96,96,1,0.6939606657533934,0.6953352242708206,0.001,64,2,0.3,False,64,75,0.0,0.1,10,5,0.5,True,42
batch_size,64,96,96,2,0.6926173260717681,0.6923474594950676,0.001,64,2,0.3,False,64,75,0.0,0.1,10,5,0.5,True,42
batch_size,64,96,96,3,0.6913033976699366,0.6931361109018326,0.001,64,2,0.3,False,64,75,0.0,0.1,10,5,0.5,True,42
batch_size,64,96,96,4,0.6905339595043298,0.6942666843533516,0.001,64,2,0.3,False,64,75,0.0,0.1,10,5,0.5,True,42
batch_size,64,96,96,5,0.6867051756743229,0.6953800693154335,0.001,64,2,0.3,False,64,75,0.0,0.1,10,5,0.5,True,42
batch_size,64,96,96,6,0.6849470328200947,0.6948667839169502,0.001,64,2,0.3,False,64,75,0.0,0.1,10,5,0.5,True,42
batch_size,64,96,96,7,0.6819369503946016,0.6996473968029022,0.001,64,2,0.3,False,64,75,0.0,0.1,10,5,0.5,True,42
batch_size,64,96,96,8,0.6763295224218657,0.6940463855862617,0.001,64,2,0.3,False,64,75,0.0,0.1,10,5,0.5,True,42
batch_size,64,96,96,9,0.6687722052588607,0.6989811882376671,0.001,64,2,0.3,False,64,75,0.0,0.1,10,5,0.5,True,42
batch_size,64,96,96,10,0.6632685507788803,0.6987123936414719,0.001,64,2,0.3,False,64,75,0.0,0.1,10,5,0.5,True,42
batch_size,64,96,96,11,0.6576521622412133,0.7031752541661263,0.001,64,2,0.3,False,64,75,0.0,0.1,10,5,0.5,True,42
batch_size,64,96,96,12,0.6495302807201039,0.7177180424332619,0.001,64,2,0.3,False,64,75,0.0,0.1,10,5,0.5,True,42
batch_size,64,97,97,1,0.6941055881254601,0.6911152601242065,0.001,64,2,0.3,False,64,75,0.0,0.1,10,5,0.5,True,42
batch_size,64,97,97,2,0.6931060552597046,0.6911166831851006,0.001,64,2,0.3,False,64,75,0.0,0.1,10,5,0.5,True,42
batch_size,64,97,97,3,0.6906376146908962,0.6903738901019096,0.001,64,2,0.3,False,64,75,0.0,0.1,10,5,0.5,True,42
batch_size,64,97,97,4,0.6901560498006416,0.6895864456892014,0.001,64,2,0.3,False,64,75,0.0,0.1,10,5,0.5,True,42
batch_size,64,97,97,5,0.6886287286426082,0.6895836368203163,0.001,64,2,0.3,False,64,75,0.0,0.1,10,5,0.5,True,42
batch_size,64,97,97,6,0.6864429089156064,0.6842642351984978,0.001,64,2,0.3,False,64,75,0.0,0.1,10,5,0.5,True,42
batch_size,64,97,97,7,0.6814514236016707,0.6844964325428009,0.001,64,2,0.3,False,64,75,0.0,0.1,10,5,0.5,True,42
batch_size,64,97,97,8,0.6766085994966102,0.7023055106401443,0.001,64,2,0.3,False,64,75,0.0,0.1,10,5,0.5,True,42
batch_size,64,97,97,9,0.6747951326948224,0.6893108859658241,0.001,64,2,0.3,False,64,75,0.0,0.1,10,5,0.5,True,42
batch_size,64,97,97,10,0.6704433876456637,0.6975106000900269,0.001,64,2,0.3,False,64,75,0.0,0.1,10,5,0.5,True,42
batch_size,64,97,97,11,0.6646934160680482,0.7067312151193619,0.001,64,2,0.3,False,64,75,0.0,0.1,10,5,0.5,True,42
batch_size,64,97,97,12,0.6554213455229094,0.6924285590648651,0.001,64,2,0.3,False,64,75,0.0,0.1,10,5,0.5,True,42
batch_size,64,97,97,13,0.6391236565329812,0.7183671742677689,0.001,64,2,0.3,False,64,75,0.0,0.1,10,5,0.5,True,42
batch_size,64,97,97,14,0.6310031901706349,0.7129077613353729,0.001,64,2,0.3,False,64,75,0.0,0.1,10,5,0.5,True,42
batch_size,64,97,97,15,0.6218135754267374,0.7168781459331512,0.001,64,2,0.3,False,64,75,0.0,0.1,10,5,0.5,True,42
batch_size,64,97,97,16,0.6140867155609708,0.7310610041022301,0.001,64,2,0.3,False,64,75,0.0,0.1,10,5,0.5,True,42
batch_size,64,98,98,1,0.6936023316600106,0.6899488195776939,0.001,64,2,0.3,False,64,75,0.0,0.1,10,5,0.5,True,42
batch_size,64,98,98,2,0.6923987757075917,0.6984929293394089,0.001,64,2,0.3,False,64,75,0.0,0.1,10,5,0.5,True,42
batch_size,64,98,98,3,0.691416011615233,0.6886603608727455,0.001,64,2,0.3,False,64,75,0.0,0.1,10,5,0.5,True,42
batch_size,64,98,98,4,0.6895145232027228,0.687250129878521,0.001,64,2,0.3,False,64,75,0.0,0.1,10,5,0.5,True,42
batch_size,64,98,98,5,0.6863976075793757,0.6902280524373055,0.001,64,2,0.3,False,64,75,0.0,0.1,10,5,0.5,True,42
batch_size,64,98,98,6,0.6807509931651029,0.690940760076046,0.001,64,2,0.3,False,64,75,0.0,0.1,10,5,0.5,True,42
batch_size,64,98,98,7,0.675275054844943,0.6999470815062523,0.001,64,2,0.3,False,64,75,0.0,0.1,10,5,0.5,True,42
batch_size,64,98,98,8,0.6668005549546444,0.6941375508904457,0.001,64,2,0.3,False,64,75,0.0,0.1,10,5,0.5,True,42
batch_size,64,98,98,9,0.6668267195874994,0.7023087590932846,0.001,64,2,0.3,False,64,75,0.0,0.1,10,5,0.5,True,42
batch_size,64,98,98,10,0.6631075441837311,0.7227709144353867,0.001,64,2,0.3,False,64,75,0.0,0.1,10,5,0.5,True,42
batch_size,64,98,98,11,0.6474711678244851,0.7183564975857735,0.001,64,2,0.3,False,64,75,0.0,0.1,10,5,0.5,True,42
batch_size,64,98,98,12,0.637159911069003,0.7223940119147301,0.001,64,2,0.3,False,64,75,0.0,0.1,10,5,0.5,True,42
batch_size,64,98,98,13,0.6331644130475593,0.7600578740239143,0.001,64,2,0.3,False,64,75,0.0,0.1,10,5,0.5,True,42
batch_size,64,98,98,14,0.6302793721357981,0.7251822426915169,0.001,64,2,0.3,False,64,75,0.0,0.1,10,5,0.5,True,42
batch_size,64,99,99,1,0.6935423197168292,0.6922052130103111,0.001,64,2,0.3,False,64,75,0.0,0.1,10,5,0.5,True,42
batch_size,64,99,99,2,0.6924069478656306,0.6914801150560379,0.001,64,2,0.3,False,64,75,0.0,0.1,10,5,0.5,True,42
batch_size,64,99,99,3,0.6913628975550333,0.6940683498978615,0.001,64,2,0.3,False,64,75,0.0,0.1,10,5,0.5,True,42
batch_size,64,99,99,4,0.6887694615306277,0.6961811259388924,0.001,64,2,0.3,False,64,75,0.0,0.1,10,5,0.5,True,42
batch_size,64,99,99,5,0.6866278332291227,0.6919685676693916,0.001,64,2,0.3,False,64,75,0.0,0.1,10,5,0.5,True,42
batch_size,64,99,99,6,0.6835214459534847,0.6901786848902702,0.001,64,2,0.3,False,64,75,0.0,0.1,10,5,0.5,True,42
batch_size,64,99,99,7,0.6794912851218021,0.6945755630731583,0.001,64,2,0.3,False,64,75,0.0,0.1,10,5,0.5,True,42
batch_size,64,99,99,8,0.681388183073564,0.6935255378484726,0.001,64,2,0.3,False,64,75,0.0,0.1,10,5,0.5,True,42
batch_size,64,99,99,9,0.6680782943060903,0.7156383022665977,0.001,64,2,0.3,False,64,75,0.0,0.1,10,5,0.5,True,42
batch_size,64,99,99,10,0.6634105254303325,0.7112989947199821,0.001,64,2,0.3,False,64,75,0.0,0.1,10,5,0.5,True,42
batch_size,64,99,99,11,0.6541387285246993,0.7141239419579506,0.001,64,2,0.3,False,64,75,0.0,0.1,10,5,0.5,True,42
batch_size,64,99,99,12,0.6484394335385525,0.7103107050061226,0.001,64,2,0.3,False,64,75,0.0,0.1,10,5,0.5,True,42
batch_size,64,99,99,13,0.6321219133608269,0.7193673104047775,0.001,64,2,0.3,False,64,75,0.0,0.1,10,5,0.5,True,42
batch_size,64,99,99,14,0.6226855137131431,0.7393423318862915,0.001,64,2,0.3,False,64,75,0.0,0.1,10,5,0.5,True,42
batch_size,64,99,99,15,0.6120411735592466,0.734467513859272,0.001,64,2,0.3,False,64,75,0.0,0.1,10,5,0.5,True,42
batch_size,64,99,99,16,0.6069477521108858,0.7490843012928963,0.001,64,2,0.3,False,64,75,0.0,0.1,10,5,0.5,True,42
batch_size,64,100,100,1,0.6938447943239501,0.6985190734267235,0.001,64,2,0.3,False,64,75,0.0,0.1,10,5,0.5,True,42
batch_size,64,100,100,2,0.6921639469536868,0.6984599605202675,0.001,64,2,0.3,False,64,75,0.0,0.1,10,5,0.5,True,42
batch_size,64,100,100,3,0.6896236295049841,0.6943828165531158,0.001,64,2,0.3,False,64,75,0.0,0.1,10,5,0.5,True,42
batch_size,64,100,100,4,0.6894186735153198,0.6949232891201973,0.001,64,2,0.3,False,64,75,0.0,0.1,10,5,0.5,True,42
batch_size,64,100,100,5,0.6872959760102358,0.6943054869771004,0.001,64,2,0.3,False,64,75,0.0,0.1,10,5,0.5,True,42
batch_size,64,100,100,6,0.6854287584622701,0.6982990205287933,0.001,64,2,0.3,False,64,75,0.0,0.1,10,5,0.5,True,42
batch_size,64,100,100,7,0.6817120042714205,0.7004666402935982,0.001,64,2,0.3,False,64,75,0.0,0.1,10,5,0.5,True,42
batch_size,64,100,100,8,0.6773675770470591,0.6966563016176224,0.001,64,2,0.3,False,64,75,0.0,0.1,10,5,0.5,True,42
batch_size,64,100,100,9,0.670949295614705,0.6961214691400528,0.001,64,2,0.3,False,64,75,0.0,0.1,10,5,0.5,True,42
batch_size,64,100,100,10,0.6669070919354757,0.6952976733446121,0.001,64,2,0.3,False,64,75,0.0,0.1,10,5,0.5,True,42
batch_size,64,100,100,11,0.6562530362244808,0.7122982069849968,0.001,64,2,0.3,False,64,75,0.0,0.1,10,5,0.5,True,42
batch_size,64,100,100,12,0.6415512760480245,0.7254430875182152,0.001,64,2,0.3,False,64,75,0.0,0.1,10,5,0.5,True,42
batch_size,64,100,100,13,0.6272277515946012,0.7353392168879509,0.001,64,2,0.3,False,64,75,0.0,0.1,10,5,0.5,True,42
batch_size,64,100,100,14,0.6248342584479939,0.734113410115242,0.001,64,2,0.3,False,64,75,0.0,0.1,10,5,0.5,True,42
batch_size,64,100,100,15,0.6124724253560557,0.7530091851949692,0.001,64,2,0.3,False,64,75,0.0,0.1,10,5,0.5,True,42
batch_size,64,101,101,1,0.6941593316468325,0.6938457638025284,0.001,64,2,0.3,False,64,75,0.0,0.1,10,5,0.5,True,42
batch_size,64,101,101,2,0.6926869370720603,0.6908102780580521,0.001,64,2,0.3,False,64,75,0.0,0.1,10,5,0.5,True,42
batch_size,64,101,101,3,0.6923233279676149,0.6991690024733543,0.001,64,2,0.3,False,64,75,0.0,0.1,10,5,0.5,True,42
batch_size,64,101,101,4,0.6912662675886443,0.694300003349781,0.001,64,2,0.3,False,64,75,0.0,0.1,10,5,0.5,True,42
batch_size,64,101,101,5,0.688627813801621,0.6912123262882233,0.001,64,2,0.3,False,64,75,0.0,0.1,10,5,0.5,True,42
batch_size,64,101,101,6,0.686754354021766,0.6869324147701263,0.001,64,2,0.3,False,64,75,0.0,0.1,10,5,0.5,True,42
batch_size,64,101,101,7,0.6837929929747726,0.6880509257316589,0.001,64,2,0.3,False,64,75,0.0,0.1,10,5,0.5,True,42
batch_size,64,101,101,8,0.6799837910767758,0.6897488832473755,0.001,64,2,0.3,False,64,75,0.0,0.1,10,5,0.5,True,42
batch_size,64,101,101,9,0.6728390942920338,0.6986187025904655,0.001,64,2,0.3,False,64,75,0.0,0.1,10,5,0.5,True,42
batch_size,64,101,101,10,0.6690766730091788,0.693724125623703,0.001,64,2,0.3,False,64,75,0.0,0.1,10,5,0.5,True,42
batch_size,64,101,101,11,0.6576453844706217,0.7003170102834702,0.001,64,2,0.3,False,64,75,0.0,0.1,10,5,0.5,True,42
batch_size,64,101,101,12,0.6485731935862339,0.7000080794095993,0.001,64,2,0.3,False,64,75,0.0,0.1,10,5,0.5,True,42
batch_size,64,101,101,13,0.630812504977891,0.7338403016328812,0.001,64,2,0.3,False,64,75,0.0,0.1,10,5,0.5,True,42
batch_size,64,101,101,14,0.6217409146554542,0.7249469831585884,0.001,64,2,0.3,False,64,75,0.0,0.1,10,5,0.5,True,42
batch_size,64,101,101,15,0.6083136417649009,0.7561378329992294,0.001,64,2,0.3,False,64,75,0.0,0.1,10,5,0.5,True,42
batch_size,64,101,101,16,0.597283966161988,0.7795833274722099,0.001,64,2,0.3,False,64,75,0.0,0.1,10,5,0.5,True,42
batch_size,64,102,102,1,0.6935711214036653,0.6921343356370926,0.001,64,2,0.3,False,64,75,0.0,0.1,10,5,0.5,True,42
batch_size,64,102,102,2,0.6927626114903074,0.6956676542758942,0.001,64,2,0.3,False,64,75,0.0,0.1,10,5,0.5,True,42
batch_size,64,102,102,3,0.69143761288036,0.6906067803502083,0.001,64,2,0.3,False,64,75,0.0,0.1,10,5,0.5,True,42
batch_size,64,102,102,4,0.690074830344229,0.6934332400560379,0.001,64,2,0.3,False,64,75,0.0,0.1,10,5,0.5,True,42
batch_size,64,102,102,5,0.6886673109097914,0.6853102445602417,0.001,64,2,0.3,False,64,75,0.0,0.1,10,5,0.5,True,42
batch_size,64,102,102,6,0.6868255282893325,0.6903032809495926,0.001,64,2,0.3,False,64,75,0.0,0.1,10,5,0.5,True,42
batch_size,64,102,102,7,0.6856696533434319,0.6887101978063583,0.001,64,2,0.3,False,64,75,0.0,0.1,10,5,0.5,True,42
batch_size,64,102,102,8,0.679317214272239,0.6837604939937592,0.001,64,2,0.3,False,64,75,0.0,0.1,10,5,0.5,True,42
batch_size,64,102,102,9,0.6765555044015249,0.6939781457185745,0.001,64,2,0.3,False,64,75,0.0,0.1,10,5,0.5,True,42
batch_size,64,102,102,10,0.6695571261824984,0.7137592434883118,0.001,64,2,0.3,False,64,75,0.0,0.1,10,5,0.5,True,42
batch_size,64,102,102,11,0.6620190035213124,0.6871021166443825,0.001,64,2,0.3,False,64,75,0.0,0.1,10,5,0.5,True,42
batch_size,64,102,102,12,0.6522197967225855,0.6982648372650146,0.001,64,2,0.3,False,64,75,0.0,0.1,10,5,0.5,True,42
batch_size,64,102,102,13,0.6469774047533671,0.7006432488560677,0.001,64,2,0.3,False,64,75,0.0,0.1,10,5,0.5,True,42
batch_size,64,102,102,14,0.6336941710024169,0.7016046643257141,0.001,64,2,0.3,False,64,75,0.0,0.1,10,5,0.5,True,42
batch_size,64,102,102,15,0.6106227654399294,0.7495178207755089,0.001,64,2,0.3,False,64,75,0.0,0.1,10,5,0.5,True,42
batch_size,64,102,102,16,0.6015195146654592,0.7586615160107613,0.001,64,2,0.3,False,64,75,0.0,0.1,10,5,0.5,True,42
batch_size,64,102,102,17,0.5879603114091989,0.808918185532093,0.001,64,2,0.3,False,64,75,0.0,0.1,10,5,0.5,True,42
batch_size,64,102,102,18,0.5795823489174698,0.7826660796999931,0.001,64,2,0.3,False,64,75,0.0,0.1,10,5,0.5,True,42
batch_size,64,103,103,1,0.693667055982532,0.6942678466439247,0.001,64,2,0.3,False,64,75,0.0,0.1,10,5,0.5,True,42
batch_size,64,103,103,2,0.6920373810060096,0.6949926093220711,0.001,64,2,0.3,False,64,75,0.0,0.1,10,5,0.5,True,42
batch_size,64,103,103,3,0.6917947837800691,0.6905419752001762,0.001,64,2,0.3,False,64,75,0.0,0.1,10,5,0.5,True,42
batch_size,64,103,103,4,0.6904132357149413,0.6915433928370476,0.001,64,2,0.3,False,64,75,0.0,0.1,10,5,0.5,True,42
batch_size,64,103,103,5,0.6886749863624573,0.6900135949254036,0.001,64,2,0.3,False,64,75,0.0,0.1,10,5,0.5,True,42
batch_size,64,103,103,6,0.6873826962528806,0.6887522414326668,0.001,64,2,0.3,False,64,75,0.0,0.1,10,5,0.5,True,42
batch_size,64,103,103,7,0.6827471852302551,0.6943622678518295,0.001,64,2,0.3,False,64,75,0.0,0.1,10,5,0.5,True,42
batch_size,64,103,103,8,0.6808123922709263,0.6895043179392815,0.001,64,2,0.3,False,64,75,0.0,0.1,10,5,0.5,True,42
batch_size,64,103,103,9,0.6720827872102911,0.6961845830082893,0.001,64,2,0.3,False,64,75,0.0,0.1,10,5,0.5,True,42
batch_size,64,103,103,10,0.6657439948934497,0.7014683932065964,0.001,64,2,0.3,False,64,75,0.0,0.1,10,5,0.5,True,42
batch_size,64,103,103,11,0.6647048664815498,0.7089727371931076,0.001,64,2,0.3,False,64,75,0.0,0.1,10,5,0.5,True,42
batch_size,64,103,103,12,0.6520855824152628,0.7281798869371414,0.001,64,2,0.3,False,64,75,0.0,0.1,10,5,0.5,True,42
batch_size,64,103,103,13,0.636187838785576,0.7143927291035652,0.001,64,2,0.3,False,64,75,0.0,0.1,10,5,0.5,True,42
batch_size,64,103,103,14,0.625789997252551,0.7304791063070297,0.001,64,2,0.3,False,64,75,0.0,0.1,10,5,0.5,True,42
batch_size,64,103,103,15,0.6185077618468892,0.7547252252697945,0.001,64,2,0.3,False,64,75,0.0,0.1,10,5,0.5,True,42
batch_size,64,103,103,16,0.6121809563853524,0.7339298203587532,0.001,64,2,0.3,False,64,75,0.0,0.1,10,5,0.5,True,42
batch_size,64,104,104,1,0.6940628118587263,0.693357951939106,0.001,64,2,0.3,False,64,75,0.0,0.1,10,5,0.5,True,42
batch_size,64,104,104,2,0.6919529040654501,0.6929821893572807,0.001,64,2,0.3,False,64,75,0.0,0.1,10,5,0.5,True,42
batch_size,64,104,104,3,0.6917960201248978,0.6916851326823235,0.001,64,2,0.3,False,64,75,0.0,0.1,10,5,0.5,True,42
batch_size,64,104,104,4,0.6896964293537717,0.6976954713463783,0.001,64,2,0.3,False,64,75,0.0,0.1,10,5,0.5,True,42
batch_size,64,104,104,5,0.6883976811712439,0.6969171166419983,0.001,64,2,0.3,False,64,75,0.0,0.1,10,5,0.5,True,42
batch_size,64,104,104,6,0.6870398160183069,0.6891324296593666,0.001,64,2,0.3,False,64,75,0.0,0.1,10,5,0.5,True,42
batch_size,64,104,104,7,0.6826694336804476,0.6903979703783989,0.001,64,2,0.3,False,64,75,0.0,0.1,10,5,0.5,True,42
batch_size,64,104,104,8,0.6789932548999786,0.6946301311254501,0.001,64,2,0.3,False,64,75,0.0,0.1,10,5,0.5,True,42
batch_size,64,104,104,9,0.6726368575385122,0.7001077234745026,0.001,64,2,0.3,False,64,75,0.0,0.1,10,5,0.5,True,42
batch_size,64,104,104,10,0.6735470096270243,0.7027330845594406,0.001,64,2,0.3,False,64,75,0.0,0.1,10,5,0.5,True,42
batch_size,64,104,104,11,0.661852498849233,0.7057903185486794,0.001,64,2,0.3,False,64,75,0.0,0.1,10,5,0.5,True,42
batch_size,64,104,104,12,0.6578244973312725,0.7001110464334488,0.001,64,2,0.3,False,64,75,0.0,0.1,10,5,0.5,True,42
batch_size,64,104,104,13,0.6439332835602037,0.7225151062011719,0.001,64,2,0.3,False,64,75,0.0,0.1,10,5,0.5,True,42
batch_size,64,104,104,14,0.6329916083451473,0.7320962846279144,0.001,64,2,0.3,False,64,75,0.0,0.1,10,5,0.5,True,42
batch_size,64,104,104,15,0.6282241850188284,0.7397953942418098,0.001,64,2,0.3,False,64,75,0.0,0.1,10,5,0.5,True,42
batch_size,64,104,104,16,0.618298941489422,0.7582202479243279,0.001,64,2,0.3,False,64,75,0.0,0.1,10,5,0.5,True,42
batch_size,64,105,105,1,0.693097118175391,0.6975520998239517,0.001,64,2,0.3,False,64,75,0.0,0.1,10,5,0.5,True,42
batch_size,64,105,105,2,0.6925183137257894,0.69600710272789,0.001,64,2,0.3,False,64,75,0.0,0.1,10,5,0.5,True,42
batch_size,64,105,105,3,0.6905870807893348,0.6954278126358986,0.001,64,2,0.3,False,64,75,0.0,0.1,10,5,0.5,True,42
batch_size,64,105,105,4,0.6882282856738928,0.6921704784035683,0.001,64,2,0.3,False,64,75,0.0,0.1,10,5,0.5,True,42
batch_size,64,105,105,5,0.6861295185305856,0.6965781301259995,0.001,64,2,0.3,False,64,75,0.0,0.1,10,5,0.5,True,42
batch_size,64,105,105,6,0.6834206572084716,0.6992197260260582,0.001,64,2,0.3,False,64,75,0.0,0.1,10,5,0.5,True,42
batch_size,64,105,105,7,0.6805134822021831,0.704074501991272,0.001,64,2,0.3,False,64,75,0.0,0.1,10,5,0.5,True,42
batch_size,64,105,105,8,0.6734082400798798,0.6989415660500526,0.001,64,2,0.3,False,64,75,0.0,0.1,10,5,0.5,True,42
batch_size,64,105,105,9,0.6695125491330118,0.6929289326071739,0.001,64,2,0.3,False,64,75,0.0,0.1,10,5,0.5,True,42
batch_size,64,105,105,10,0.6668324073155721,0.7280983030796051,0.001,64,2,0.3,False,64,75,0.0,0.1,10,5,0.5,True,42
batch_size,64,105,105,11,0.6548205596027952,0.7160245850682259,0.001,64,2,0.3,False,64,75,0.0,0.1,10,5,0.5,True,42
batch_size,64,105,105,12,0.6458589795863989,0.7375183999538422,0.001,64,2,0.3,False,64,75,0.0,0.1,10,5,0.5,True,42
batch_size,64,105,105,13,0.6390620135899746,0.7359577119350433,0.001,64,2,0.3,False,64,75,0.0,0.1,10,5,0.5,True,42
batch_size,64,105,105,14,0.6325744742696936,0.7413643151521683,0.001,64,2,0.3,False,64,75,0.0,0.1,10,5,0.5,True,42
batch_size,64,106,106,1,0.6937848428885142,0.6915053948760033,0.001,64,2,0.3,False,64,75,0.0,0.1,10,5,0.5,True,42
batch_size,64,106,106,2,0.6930223296989094,0.6909284070134163,0.001,64,2,0.3,False,64,75,0.0,0.1,10,5,0.5,True,42
batch_size,64,106,106,3,0.6914765961242445,0.6927247196435928,0.001,64,2,0.3,False,64,75,0.0,0.1,10,5,0.5,True,42
batch_size,64,106,106,4,0.6894018776489027,0.6892649605870247,0.001,64,2,0.3,False,64,75,0.0,0.1,10,5,0.5,True,42
batch_size,64,106,106,5,0.6863508089022203,0.6973559409379959,0.001,64,2,0.3,False,64,75,0.0,0.1,10,5,0.5,True,42
batch_size,64,106,106,6,0.6822815067840345,0.6901880204677582,0.001,64,2,0.3,False,64,75,0.0,0.1,10,5,0.5,True,42
batch_size,64,106,106,7,0.676494811520432,0.6990331262350082,0.001,64,2,0.3,False,64,75,0.0,0.1,10,5,0.5,True,42
batch_size,64,106,106,8,0.6702210848981683,0.708319365978241,0.001,64,2,0.3,False,64,75,0.0,0.1,10,5,0.5,True,42
batch_size,64,106,106,9,0.6664667644283988,0.7110786065459251,0.001,64,2,0.3,False,64,75,0.0,0.1,10,5,0.5,True,42
batch_size,64,106,106,10,0.6592092414697012,0.7231136113405228,0.001,64,2,0.3,False,64,75,0.0,0.1,10,5,0.5,True,42
batch_size,64,106,106,11,0.6451547597393845,0.7331771925091743,0.001,64,2,0.3,False,64,75,0.0,0.1,10,5,0.5,True,42
batch_size,64,106,106,12,0.6337622476346565,0.7426950708031654,0.001,64,2,0.3,False,64,75,0.0,0.1,10,5,0.5,True,42
batch_size,64,106,106,13,0.6289151897936156,0.7614131271839142,0.001,64,2,0.3,False,64,75,0.0,0.1,10,5,0.5,True,42
batch_size,64,106,106,14,0.6213513486313097,0.7650222852826118,0.001,64,2,0.3,False,64,75,0.0,0.1,10,5,0.5,True,42
batch_size,64,107,107,1,0.6944523011193131,0.6935790926218033,0.001,64,2,0.3,False,64,75,0.0,0.1,10,5,0.5,True,42
batch_size,64,107,107,2,0.6930512524012363,0.6952415034174919,0.001,64,2,0.3,False,64,75,0.0,0.1,10,5,0.5,True,42
batch_size,64,107,107,3,0.6913106613086931,0.6934296414256096,0.001,64,2,0.3,False,64,75,0.0,0.1,10,5,0.5,True,42
batch_size,64,107,107,4,0.6891963030352737,0.6919417083263397,0.001,64,2,0.3,False,64,75,0.0,0.1,10,5,0.5,True,42
batch_size,64,107,107,5,0.6874564127488569,0.6911581978201866,0.001,64,2,0.3,False,64,75,0.0,0.1,10,5,0.5,True,42
batch_size,64,107,107,6,0.6853782850684542,0.6954374462366104,0.001,64,2,0.3,False,64,75,0.0,0.1,10,5,0.5,True,42
batch_size,64,107,107,7,0.6798370733405604,0.6930008009076118,0.001,64,2,0.3,False,64,75,0.0,0.1,10,5,0.5,True,42
batch_size,64,107,107,8,0.677961320588083,0.6936992555856705,0.001,64,2,0.3,False,64,75,0.0,0.1,10,5,0.5,True,42
batch_size,64,107,107,9,0.6697091026739641,0.7171116098761559,0.001,64,2,0.3,False,64,75,0.0,0.1,10,5,0.5,True,42
batch_size,64,107,107,10,0.6692886244166981,0.70346949249506,0.001,64,2,0.3,False,64,75,0.0,0.1,10,5,0.5,True,42
batch_size,64,107,107,11,0.6626162926355997,0.7205102443695068,0.001,64,2,0.3,False,64,75,0.0,0.1,10,5,0.5,True,42
batch_size,64,107,107,12,0.6488400580305042,0.7426652908325195,0.001,64,2,0.3,False,64,75,0.0,0.1,10,5,0.5,True,42
batch_size,64,107,107,13,0.6428625050819281,0.7177248075604439,0.001,64,2,0.3,False,64,75,0.0,0.1,10,5,0.5,True,42
batch_size,64,107,107,14,0.635166349736127,0.7357598021626472,0.001,64,2,0.3,False,64,75,0.0,0.1,10,5,0.5,True,42
batch_size,64,107,107,15,0.6304900284969446,0.7446691021323204,0.001,64,2,0.3,False,64,75,0.0,0.1,10,5,0.5,True,42
batch_size,64,108,108,1,0.6937591975385492,0.696961835026741,0.001,64,2,0.3,False,64,75,0.0,0.1,10,5,0.5,True,42
batch_size,64,108,108,2,0.6925211431402148,0.6923649832606316,0.001,64,2,0.3,False,64,75,0.0,0.1,10,5,0.5,True,42
batch_size,64,108,108,3,0.6911287741227583,0.6922626420855522,0.001,64,2,0.3,False,64,75,0.0,0.1,10,5,0.5,True,42
batch_size,64,108,108,4,0.6907002311764341,0.6983488500118256,0.001,64,2,0.3,False,64,75,0.0,0.1,10,5,0.5,True,42
batch_size,64,108,108,5,0.6882959486860217,0.6908728256821632,0.001,64,2,0.3,False,64,75,0.0,0.1,10,5,0.5,True,42
batch_size,64,108,108,6,0.6864839412949302,0.6902102530002594,0.001,64,2,0.3,False,64,75,0.0,0.1,10,5,0.5,True,42
batch_size,64,108,108,7,0.6809781690438589,0.7028877213597298,0.001,64,2,0.3,False,64,75,0.0,0.1,10,5,0.5,True,42
batch_size,64,108,108,8,0.6771024239785743,0.705089658498764,0.001,64,2,0.3,False,64,75,0.0,0.1,10,5,0.5,True,42
batch_size,64,108,108,9,0.6688225197069573,0.7055015116930008,0.001,64,2,0.3,False,64,75,0.0,0.1,10,5,0.5,True,42
batch_size,64,108,108,10,0.6719672824397231,0.6942625194787979,0.001,64,2,0.3,False,64,75,0.0,0.1,10,5,0.5,True,42
batch_size,64,108,108,11,0.6662611735589576,0.7061611190438271,0.001,64,2,0.3,False,64,75,0.0,0.1,10,5,0.5,True,42
batch_size,64,108,108,12,0.6534134899124955,0.699894405901432,0.001,64,2,0.3,False,64,75,0.0,0.1,10,5,0.5,True,42
batch_size,64,108,108,13,0.64041242184061,0.7190473303198814,0.001,64,2,0.3,False,64,75,0.0,0.1,10,5,0.5,True,42
batch_size,64,108,108,14,0.633181140278325,0.7264233976602554,0.001,64,2,0.3,False,64,75,0.0,0.1,10,5,0.5,True,42
batch_size,64,108,108,15,0.62571438424515,0.731714092195034,0.001,64,2,0.3,False,64,75,0.0,0.1,10,5,0.5,True,42
batch_size,64,108,108,16,0.6201903052402266,0.7385121136903763,0.001,64,2,0.3,False,64,75,0.0,0.1,10,5,0.5,True,42
